"country","iso_code","year","month","week","date_start","date_stop","cases","deaths"
"Angola","AGO",2017,4,15,2017-04-10,2017-04-16,0,0
"Angola","AGO",2017,4,16,2017-04-17,2017-04-23,0,0
"Angola","AGO",2017,4,17,2017-04-24,2017-04-30,0,0
"Angola","AGO",2017,5,18,2017-05-01,2017-05-07,0,0
"Angola","AGO",2017,5,19,2017-05-08,2017-05-14,0,0
"Angola","AGO",2017,5,20,2017-05-15,2017-05-21,0,0
"Angola","AGO",2017,5,21,2017-05-22,2017-05-28,0,0
"Angola","AGO",2017,5,22,2017-05-29,2017-06-04,0,0
"Angola","AGO",2017,6,23,2017-06-05,2017-06-11,5,0
"Angola","AGO",2017,6,24,2017-06-12,2017-06-18,4,0
"Angola","AGO",2017,6,25,2017-06-19,2017-06-25,2,0
"Angola","AGO",2017,6,26,2017-06-26,2017-07-02,0,0
"Angola","AGO",2017,7,27,2017-07-03,2017-07-09,0,0
"Angola","AGO",2017,7,28,2017-07-10,2017-07-16,0,0
"Angola","AGO",2017,7,29,2017-07-17,2017-07-23,0,0
"Angola","AGO",2017,7,30,2017-07-24,2017-07-30,0,0
"Angola","AGO",2017,7,31,2017-07-31,2017-08-06,0,0
"Angola","AGO",2017,8,32,2017-08-07,2017-08-13,0,0
"Angola","AGO",2017,8,33,2017-08-14,2017-08-20,0,0
"Angola","AGO",2017,8,34,2017-08-21,2017-08-27,0,0
"Angola","AGO",2017,8,35,2017-08-28,2017-09-03,0,0
"Angola","AGO",2017,9,36,2017-09-04,2017-09-10,0,0
"Angola","AGO",2017,9,37,2017-09-11,2017-09-17,0,0
"Angola","AGO",2017,9,38,2017-09-18,2017-09-24,0,0
"Angola","AGO",2017,9,39,2017-09-25,2017-10-01,0,0
"Angola","AGO",2017,10,40,2017-10-02,2017-10-08,0,0
"Angola","AGO",2017,10,41,2017-10-09,2017-10-15,0,0
"Angola","AGO",2017,10,42,2017-10-16,2017-10-22,0,0
"Angola","AGO",2017,10,43,2017-10-23,2017-10-29,0,0
"Angola","AGO",2017,10,44,2017-10-30,2017-11-05,0,0
"Angola","AGO",2017,11,45,2017-11-06,2017-11-12,0,0
"Angola","AGO",2017,11,46,2017-11-13,2017-11-19,0,0
"Angola","AGO",2017,11,47,2017-11-20,2017-11-26,0,0
"Angola","AGO",2017,11,48,2017-11-27,2017-12-03,0,0
"Angola","AGO",2017,12,49,2017-12-04,2017-12-10,0,0
"Angola","AGO",2017,12,50,2017-12-11,2017-12-17,0,0
"Angola","AGO",2017,12,51,2017-12-18,2017-12-24,0,0
"Angola","AGO",2017,12,52,2017-12-25,2017-12-31,0,0
"Angola","AGO",2018,1,1,2018-01-01,2018-01-07,162,5
"Angola","AGO",2018,1,2,2018-01-08,2018-01-14,106.5,0
"Angola","AGO",2018,1,3,2018-01-15,2018-01-21,55,0
"Angola","AGO",2018,1,4,2018-01-22,2018-01-28,79.6666666666667,1.5
"Angola","AGO",2018,1,5,2018-01-29,2018-02-04,42,0
"Angola","AGO",2018,2,6,2018-02-05,2018-02-11,39,0
"Angola","AGO",2018,2,7,2018-02-12,2018-02-18,48,1
"Angola","AGO",2018,2,8,2018-02-19,2018-02-25,24,0
"Angola","AGO",2018,2,9,2018-02-26,2018-03-04,61.6666666666667,1.5
"Angola","AGO",2018,3,10,2018-03-05,2018-03-11,53.5,1
"Angola","AGO",2018,3,11,2018-03-12,2018-03-18,40,0
"Angola","AGO",2018,3,12,2018-03-19,2018-03-25,23,0
"Angola","AGO",2018,3,13,2018-03-26,2018-04-01,26,0
"Angola","AGO",2018,4,14,2018-04-02,2018-04-08,12.5,0
"Angola","AGO",2018,4,15,2018-04-09,2018-04-15,17,0
"Angola","AGO",2018,4,16,2018-04-16,2018-04-22,11,0
"Angola","AGO",2018,4,17,2018-04-23,2018-04-29,4,0
"Angola","AGO",2018,4,18,2018-04-30,2018-05-06,6,0
"Angola","AGO",2018,5,19,2018-05-07,2018-05-13,7,0
"Angola","AGO",2018,5,20,2018-05-14,2018-05-20,0,0
"Angola","AGO",2018,5,21,2018-05-21,2018-05-27,0,0
"Angola","AGO",2018,5,22,2018-05-28,2018-06-03,3,0
"Angola","AGO",2018,6,23,2018-06-04,2018-06-10,7,0
"Angola","AGO",2018,6,24,2018-06-11,2018-06-17,11,0
"Angola","AGO",2018,6,25,2018-06-18,2018-06-24,6,1
"Angola","AGO",2018,6,26,2018-06-25,2018-07-01,10,0
"Angola","AGO",2018,7,27,2018-07-02,2018-07-08,5,0
"Angola","AGO",2018,7,28,2018-07-09,2018-07-15,9,0
"Angola","AGO",2018,7,29,2018-07-16,2018-07-22,5,0
"Angola","AGO",2018,7,30,2018-07-23,2018-07-29,3,1
"Angola","AGO",2018,7,31,2018-07-30,2018-08-05,13.6666666666667,0
"Angola","AGO",2018,8,32,2018-08-06,2018-08-12,8,0
"Angola","AGO",2018,8,33,2018-08-13,2018-08-19,6.5,0
"Angola","AGO",2018,8,34,2018-08-20,2018-08-26,0.5,0
"Angola","AGO",2018,8,35,2018-08-27,2018-09-02,2,0
"Angola","AGO",2018,9,36,2018-09-03,2018-09-09,0,0
"Angola","AGO",2018,9,37,2018-09-10,2018-09-16,0,0
"Angola","AGO",2018,9,38,2018-09-17,2018-09-23,0.5,0
"Angola","AGO",2018,9,39,2018-09-24,2018-09-30,0.5,0
"Angola","AGO",2018,10,40,2018-10-01,2018-10-07,0,0
"Angola","AGO",2018,10,41,2018-10-08,2018-10-14,11,0
"Angola","AGO",2018,10,42,2018-10-15,2018-10-21,7,0
"Angola","AGO",2018,10,43,2018-10-22,2018-10-28,24,0.5
"Angola","AGO",2018,10,44,2018-10-29,2018-11-04,45.3333333333333,1
"Angola","AGO",2018,11,45,2018-11-05,2018-11-11,20,0
"Angola","AGO",2018,11,46,2018-11-12,2018-11-18,13.6666666666667,0.5
"Angola","AGO",2018,11,47,2018-11-19,2018-11-25,41,1
"Angola","AGO",2018,11,48,2018-11-26,2018-12-02,33,0
"Angola","AGO",2018,12,49,2018-12-03,2018-12-09,19,0
"Angola","AGO",2018,12,50,2018-12-10,2018-12-16,26,0
"Angola","AGO",2018,12,51,2018-12-17,2018-12-23,10,0
"Angola","AGO",2018,12,52,2018-12-24,2018-12-30,20,0
"Angola","AGO",2019,12,1,2018-12-31,2019-01-06,8,0
"Angola","AGO",2019,1,2,2019-01-07,2019-01-13,7,0
"Angola","AGO",2019,1,3,2019-01-14,2019-01-20,4,0
"Angola","AGO",2019,1,4,2019-01-21,2019-01-27,0,0
"Angola","AGO",2019,1,5,2019-01-28,2019-02-03,0,0
"Angola","AGO",2019,2,6,2019-02-04,2019-02-10,0,0
"Angola","AGO",2019,2,7,2019-02-11,2019-02-17,0,0
"Angola","AGO",2019,2,8,2019-02-18,2019-02-24,0,0
"Angola","AGO",2019,2,9,2019-02-25,2019-03-03,0,0
"Angola","AGO",2019,3,10,2019-03-04,2019-03-10,0,0
"Angola","AGO",2019,3,11,2019-03-11,2019-03-17,0,0
"Angola","AGO",2019,3,12,2019-03-18,2019-03-24,0,0
"Angola","AGO",2019,3,13,2019-03-25,2019-03-31,0,0
"Angola","AGO",2019,4,14,2019-04-01,2019-04-07,0,0
"Angola","AGO",2019,4,15,2019-04-08,2019-04-14,0,0
"Angola","AGO",2019,4,16,2019-04-15,2019-04-21,0,0
"Angola","AGO",2019,4,17,2019-04-22,2019-04-28,0,0
"Angola","AGO",2019,4,18,2019-04-29,2019-05-05,0,0
"Angola","AGO",2019,5,19,2019-05-06,2019-05-12,0,0
"Angola","AGO",2019,5,20,2019-05-13,2019-05-19,0,0
"Angola","AGO",2019,5,21,2019-05-20,2019-05-26,0,0
"Angola","AGO",2019,5,22,2019-05-27,2019-06-02,0,0
"Angola","AGO",2019,6,23,2019-06-03,2019-06-09,0,0
"Angola","AGO",2019,6,24,2019-06-10,2019-06-16,0,0
"Angola","AGO",2019,6,25,2019-06-17,2019-06-23,0,0
"Angola","AGO",2019,6,26,2019-06-24,2019-06-30,0,0
"Angola","AGO",2019,7,27,2019-07-01,2019-07-07,0,0
"Angola","AGO",2019,7,28,2019-07-08,2019-07-14,0,0
"Angola","AGO",2019,7,29,2019-07-15,2019-07-21,0,0
"Angola","AGO",2019,7,30,2019-07-22,2019-07-28,0,0
"Angola","AGO",2019,7,31,2019-07-29,2019-08-04,0,0
"Angola","AGO",2019,8,32,2019-08-05,2019-08-11,0,0
"Angola","AGO",2019,8,33,2019-08-12,2019-08-18,0,0
"Angola","AGO",2019,8,34,2019-08-19,2019-08-25,0,0
"Angola","AGO",2019,8,35,2019-08-26,2019-09-01,0,0
"Angola","AGO",2019,9,36,2019-09-02,2019-09-08,0,0
"Angola","AGO",2019,9,37,2019-09-09,2019-09-15,0,0
"Angola","AGO",2019,9,38,2019-09-16,2019-09-22,0,0
"Angola","AGO",2019,9,39,2019-09-23,2019-09-29,0,0
"Angola","AGO",2019,9,40,2019-09-30,2019-10-06,0,0
"Angola","AGO",2019,10,41,2019-10-07,2019-10-13,0,0
"Angola","AGO",2019,10,42,2019-10-14,2019-10-20,0,0
"Angola","AGO",2019,10,43,2019-10-21,2019-10-27,0,0
"Angola","AGO",2019,10,44,2019-10-28,2019-11-03,0,0
"Angola","AGO",2019,11,45,2019-11-04,2019-11-10,0,0
"Angola","AGO",2019,11,46,2019-11-11,2019-11-17,0,0
"Angola","AGO",2019,11,47,2019-11-18,2019-11-24,0,0
"Angola","AGO",2019,11,48,2019-11-25,2019-12-01,0,0
"Angola","AGO",2019,12,49,2019-12-02,2019-12-08,0,0
"Angola","AGO",2019,12,50,2019-12-09,2019-12-15,0,0
"Angola","AGO",2019,12,51,2019-12-16,2019-12-22,0,0
"Angola","AGO",2019,12,52,2019-12-23,2019-12-29,0,0
"Angola","AGO",2020,12,1,2019-12-30,2020-01-05,0,0
"Angola","AGO",2020,1,2,2020-01-06,2020-01-12,0,0
"Angola","AGO",2020,1,3,2020-01-13,2020-01-19,0,0
"Angola","AGO",2020,1,4,2020-01-20,2020-01-26,0,0
"Angola","AGO",2020,1,5,2020-01-27,2020-02-02,0,0
"Angola","AGO",2020,2,6,2020-02-03,2020-02-09,0,0
"Angola","AGO",2020,2,7,2020-02-10,2020-02-16,0,0
"Angola","AGO",2020,2,8,2020-02-17,2020-02-23,0,0
"Angola","AGO",2020,2,9,2020-02-24,2020-03-01,0,0
"Angola","AGO",2020,3,10,2020-03-02,2020-03-08,0,0
"Angola","AGO",2020,3,11,2020-03-09,2020-03-15,0,0
"Angola","AGO",2020,3,12,2020-03-16,2020-03-22,0,0
"Angola","AGO",2020,3,13,2020-03-23,2020-03-29,0,0
"Angola","AGO",2020,3,14,2020-03-30,2020-04-05,0,0
"Angola","AGO",2020,4,15,2020-04-06,2020-04-12,0,0
"Angola","AGO",2020,4,16,2020-04-13,2020-04-19,0,0
"Angola","AGO",2020,4,17,2020-04-20,2020-04-26,0,0
"Angola","AGO",2020,4,18,2020-04-27,2020-05-03,0,0
"Angola","AGO",2020,5,19,2020-05-04,2020-05-10,0,0
"Angola","AGO",2020,5,20,2020-05-11,2020-05-17,0,0
"Angola","AGO",2020,5,21,2020-05-18,2020-05-24,0,0
"Angola","AGO",2020,5,22,2020-05-25,2020-05-31,0,0
"Angola","AGO",2020,6,23,2020-06-01,2020-06-07,0,0
"Angola","AGO",2020,6,24,2020-06-08,2020-06-14,0,0
"Angola","AGO",2020,6,25,2020-06-15,2020-06-21,0,0
"Angola","AGO",2020,6,26,2020-06-22,2020-06-28,0,0
"Angola","AGO",2020,6,27,2020-06-29,2020-07-05,0,0
"Angola","AGO",2020,7,28,2020-07-06,2020-07-12,0,0
"Angola","AGO",2020,7,29,2020-07-13,2020-07-19,0,0
"Angola","AGO",2020,7,30,2020-07-20,2020-07-26,0,0
"Angola","AGO",2020,7,31,2020-07-27,2020-08-02,0,0
"Angola","AGO",2020,8,32,2020-08-03,2020-08-09,0,0
"Angola","AGO",2020,8,33,2020-08-10,2020-08-16,0,0
"Angola","AGO",2020,8,34,2020-08-17,2020-08-23,0,0
"Angola","AGO",2020,8,35,2020-08-24,2020-08-30,0,0
"Angola","AGO",2020,8,36,2020-08-31,2020-09-06,0,0
"Angola","AGO",2020,9,37,2020-09-07,2020-09-13,0,0
"Angola","AGO",2020,9,38,2020-09-14,2020-09-20,0,0
"Angola","AGO",2020,9,39,2020-09-21,2020-09-27,0,0
"Angola","AGO",2020,9,40,2020-09-28,2020-10-04,0,0
"Angola","AGO",2020,10,41,2020-10-05,2020-10-11,0,0
"Angola","AGO",2020,10,42,2020-10-12,2020-10-18,0,0
"Angola","AGO",2020,10,43,2020-10-19,2020-10-25,0,0
"Angola","AGO",2020,10,44,2020-10-26,2020-11-01,0,0
"Angola","AGO",2020,11,45,2020-11-02,2020-11-08,0,0
"Angola","AGO",2020,11,46,2020-11-09,2020-11-15,0,0
"Angola","AGO",2020,11,47,2020-11-16,2020-11-22,0,0
"Angola","AGO",2020,11,48,2020-11-23,2020-11-29,0,0
"Angola","AGO",2020,11,49,2020-11-30,2020-12-06,0,0
"Angola","AGO",2020,12,50,2020-12-07,2020-12-13,0,0
"Angola","AGO",2020,12,51,2020-12-14,2020-12-20,0,0
"Angola","AGO",2020,12,52,2020-12-21,2020-12-27,0,0
"Angola","AGO",2020,12,53,2020-12-28,2021-01-03,0,0
"Angola","AGO",2021,1,1,2021-01-04,2021-01-10,0,0
"Angola","AGO",2021,1,2,2021-01-11,2021-01-17,0,0
"Angola","AGO",2021,1,3,2021-01-18,2021-01-24,0,0
"Angola","AGO",2021,1,4,2021-01-25,2021-01-31,0,0
"Angola","AGO",2021,2,5,2021-02-01,2021-02-07,0,0
"Angola","AGO",2021,2,6,2021-02-08,2021-02-14,0,0
"Angola","AGO",2021,2,7,2021-02-15,2021-02-21,0,0
"Angola","AGO",2021,2,8,2021-02-22,2021-02-28,0,0
"Angola","AGO",2021,3,9,2021-03-01,2021-03-07,0,0
"Angola","AGO",2021,3,10,2021-03-08,2021-03-14,0,0
"Angola","AGO",2021,3,11,2021-03-15,2021-03-21,0,0
"Angola","AGO",2021,3,12,2021-03-22,2021-03-28,0,0
"Angola","AGO",2021,3,13,2021-03-29,2021-04-04,0,0
"Angola","AGO",2021,4,14,2021-04-05,2021-04-11,0,0
"Angola","AGO",2021,4,15,2021-04-12,2021-04-18,0,0
"Angola","AGO",2021,4,16,2021-04-19,2021-04-25,0,0
"Angola","AGO",2021,4,17,2021-04-26,2021-05-02,0,0
"Angola","AGO",2021,5,18,2021-05-03,2021-05-09,0,0
"Angola","AGO",2021,5,19,2021-05-10,2021-05-16,0,0
"Angola","AGO",2021,5,20,2021-05-17,2021-05-23,0,0
"Angola","AGO",2021,5,21,2021-05-24,2021-05-30,0,0
"Angola","AGO",2021,5,22,2021-05-31,2021-06-06,0,0
"Angola","AGO",2021,6,23,2021-06-07,2021-06-13,0,0
"Angola","AGO",2021,6,24,2021-06-14,2021-06-20,0,0
"Angola","AGO",2021,6,25,2021-06-21,2021-06-27,0,0
"Angola","AGO",2021,6,26,2021-06-28,2021-07-04,0,0
"Angola","AGO",2021,7,27,2021-07-05,2021-07-11,0,0
"Angola","AGO",2021,7,28,2021-07-12,2021-07-18,0,0
"Angola","AGO",2021,7,29,2021-07-19,2021-07-25,0,0
"Angola","AGO",2021,7,30,2021-07-26,2021-08-01,0,0
"Angola","AGO",2021,8,31,2021-08-02,2021-08-08,0,0
"Angola","AGO",2021,8,32,2021-08-09,2021-08-15,0,0
"Angola","AGO",2021,8,33,2021-08-16,2021-08-22,0,0
"Angola","AGO",2021,8,34,2021-08-23,2021-08-29,0,0
"Angola","AGO",2021,8,35,2021-08-30,2021-09-05,0,0
"Angola","AGO",2021,9,36,2021-09-06,2021-09-12,0,0
"Angola","AGO",2021,9,37,2021-09-13,2021-09-19,0,0
"Angola","AGO",2021,9,38,2021-09-20,2021-09-26,0,0
"Angola","AGO",2021,9,39,2021-09-27,2021-10-03,0,0
"Angola","AGO",2021,10,40,2021-10-04,2021-10-10,0,0
"Angola","AGO",2021,10,41,2021-10-11,2021-10-17,0,0
"Angola","AGO",2021,10,42,2021-10-18,2021-10-24,0,0
"Angola","AGO",2021,10,43,2021-10-25,2021-10-31,0,0
"Angola","AGO",2021,11,44,2021-11-01,2021-11-07,0,0
"Angola","AGO",2021,11,45,2021-11-08,2021-11-14,0,0
"Angola","AGO",2021,11,46,2021-11-15,2021-11-21,0,0
"Angola","AGO",2021,11,47,2021-11-22,2021-11-28,0,0
"Angola","AGO",2021,11,48,2021-11-29,2021-12-05,0,0
"Angola","AGO",2021,12,49,2021-12-06,2021-12-12,0,0
"Angola","AGO",2021,12,50,2021-12-13,2021-12-19,0,0
"Angola","AGO",2021,12,51,2021-12-20,2021-12-26,0,0
"Angola","AGO",2021,12,52,2021-12-27,2022-01-02,0,0
"Angola","AGO",2022,1,1,2022-01-03,2022-01-09,0,0
"Angola","AGO",2022,1,2,2022-01-10,2022-01-16,0,0
"Angola","AGO",2022,1,3,2022-01-17,2022-01-23,0,0
"Angola","AGO",2022,1,4,2022-01-24,2022-01-30,0,0
"Angola","AGO",2022,1,5,2022-01-31,2022-02-06,0,0
"Angola","AGO",2022,2,6,2022-02-07,2022-02-13,0,0
"Angola","AGO",2022,2,7,2022-02-14,2022-02-20,0,0
"Angola","AGO",2022,2,8,2022-02-21,2022-02-27,0,0
"Angola","AGO",2022,2,9,2022-02-28,2022-03-06,0,0
"Angola","AGO",2022,3,10,2022-03-07,2022-03-13,0,0
"Angola","AGO",2022,3,11,2022-03-14,2022-03-20,0,0
"Angola","AGO",2022,3,12,2022-03-21,2022-03-27,0,0
"Angola","AGO",2022,3,13,2022-03-28,2022-04-03,0,0
"Angola","AGO",2022,4,14,2022-04-04,2022-04-10,0,0
"Angola","AGO",2022,4,15,2022-04-11,2022-04-17,0,0
"Angola","AGO",2022,4,16,2022-04-18,2022-04-24,0,0
"Angola","AGO",2022,4,17,2022-04-25,2022-05-01,0,0
"Angola","AGO",2022,5,18,2022-05-02,2022-05-08,0,0
"Angola","AGO",2022,5,19,2022-05-09,2022-05-15,0,0
"Angola","AGO",2022,5,20,2022-05-16,2022-05-22,0,0
"Angola","AGO",2022,5,21,2022-05-23,2022-05-29,0,0
"Angola","AGO",2022,5,22,2022-05-30,2022-06-05,0,0
"Angola","AGO",2022,6,23,2022-06-06,2022-06-12,0,0
"Angola","AGO",2022,6,24,2022-06-13,2022-06-19,0,0
"Angola","AGO",2022,6,25,2022-06-20,2022-06-26,0,0
"Angola","AGO",2022,6,26,2022-06-27,2022-07-03,0,0
"Angola","AGO",2022,7,27,2022-07-04,2022-07-10,0,0
"Angola","AGO",2022,7,28,2022-07-11,2022-07-17,0,0
"Angola","AGO",2022,7,29,2022-07-18,2022-07-24,0,0
"Angola","AGO",2022,7,30,2022-07-25,2022-07-31,0,0
"Angola","AGO",2022,8,31,2022-08-01,2022-08-07,0,0
"Angola","AGO",2022,8,32,2022-08-08,2022-08-14,0,0
"Angola","AGO",2022,8,33,2022-08-15,2022-08-21,0,0
"Angola","AGO",2022,8,34,2022-08-22,2022-08-28,0,0
"Angola","AGO",2022,8,35,2022-08-29,2022-09-04,0,0
"Angola","AGO",2022,9,36,2022-09-05,2022-09-11,0,0
"Angola","AGO",2022,9,37,2022-09-12,2022-09-18,0,0
"Angola","AGO",2022,9,38,2022-09-19,2022-09-25,0,0
"Angola","AGO",2022,9,39,2022-09-26,2022-10-02,0,0
"Angola","AGO",2022,10,40,2022-10-03,2022-10-09,0,0
"Angola","AGO",2022,10,41,2022-10-10,2022-10-16,0,0
"Angola","AGO",2022,10,42,2022-10-17,2022-10-23,0,0
"Angola","AGO",2022,10,43,2022-10-24,2022-10-30,0,0
"Angola","AGO",2022,10,44,2022-10-31,2022-11-06,0,0
"Angola","AGO",2022,11,45,2022-11-07,2022-11-13,0,0
"Angola","AGO",2022,11,46,2022-11-14,2022-11-20,0,0
"Angola","AGO",2022,11,47,2022-11-21,2022-11-27,0,0
"Angola","AGO",2022,11,48,2022-11-28,2022-12-04,0,0
"Angola","AGO",2022,12,49,2022-12-05,2022-12-11,0,0
"Angola","AGO",2022,12,50,2022-12-12,2022-12-18,0,0
"Angola","AGO",2022,12,51,2022-12-19,2022-12-25,0,0
"Angola","AGO",2022,12,52,2022-12-26,2023-01-01,0,0
"Angola","AGO",2023,1,1,2023-01-02,2023-01-08,0,0
"Angola","AGO",2023,1,2,2023-01-09,2023-01-15,0,0
"Angola","AGO",2023,1,3,2023-01-16,2023-01-22,0,0
"Angola","AGO",2023,1,4,2023-01-23,2023-01-29,0,0
"Angola","AGO",2023,1,5,2023-01-30,2023-02-05,0,0
"Angola","AGO",2023,2,6,2023-02-06,2023-02-12,0,0
"Angola","AGO",2023,2,7,2023-02-13,2023-02-19,0,0
"Angola","AGO",2023,2,8,2023-02-20,2023-02-26,0,0
"Angola","AGO",2023,2,9,2023-02-27,2023-03-05,0,0
"Angola","AGO",2023,3,10,2023-03-06,2023-03-12,0,0
"Angola","AGO",2023,3,11,2023-03-13,2023-03-19,0,0
"Angola","AGO",2023,3,12,2023-03-20,2023-03-26,0,0
"Angola","AGO",2023,3,13,2023-03-27,2023-04-02,0,0
"Angola","AGO",2023,4,14,2023-04-03,2023-04-09,0,0
"Angola","AGO",2023,4,15,2023-04-10,2023-04-16,0,0
"Angola","AGO",2023,4,16,2023-04-17,2023-04-23,0,0
"Angola","AGO",2023,4,17,2023-04-24,2023-04-30,0,0
"Angola","AGO",2023,5,18,2023-05-01,2023-05-07,0,0
"Angola","AGO",2023,5,19,2023-05-08,2023-05-14,0,0
"Angola","AGO",2023,5,20,2023-05-15,2023-05-21,0,0
"Angola","AGO",2023,5,21,2023-05-22,2023-05-28,0,0
"Angola","AGO",2023,5,22,2023-05-29,2023-06-04,0,0
"Angola","AGO",2023,6,23,2023-06-05,2023-06-11,0,0
"Angola","AGO",2023,6,24,2023-06-12,2023-06-18,0,0
"Burundi","BDI",2016,5,22,2016-05-30,2016-06-05,0,0
"Burundi","BDI",2016,6,23,2016-06-06,2016-06-12,0,0
"Burundi","BDI",2016,6,24,2016-06-13,2016-06-19,0,0
"Burundi","BDI",2016,6,25,2016-06-20,2016-06-26,0,0
"Burundi","BDI",2016,6,26,2016-06-27,2016-07-03,0,0
"Burundi","BDI",2016,7,27,2016-07-04,2016-07-10,0,0
"Burundi","BDI",2016,7,28,2016-07-11,2016-07-17,0,0
"Burundi","BDI",2016,7,29,2016-07-18,2016-07-24,0,0
"Burundi","BDI",2016,7,30,2016-07-25,2016-07-31,5,0
"Burundi","BDI",2016,8,31,2016-08-01,2016-08-07,21,0
"Burundi","BDI",2016,8,32,2016-08-08,2016-08-14,30,0
"Burundi","BDI",2016,8,33,2016-08-15,2016-08-21,63,0
"Burundi","BDI",2016,8,34,2016-08-22,2016-08-28,43,0
"Burundi","BDI",2016,8,35,2016-08-29,2016-09-04,43,0
"Burundi","BDI",2016,9,36,2016-09-05,2016-09-11,34,0
"Burundi","BDI",2016,9,37,2016-09-12,2016-09-18,4,0
"Burundi","BDI",2016,9,38,2016-09-19,2016-09-25,8,0
"Burundi","BDI",2016,9,39,2016-09-26,2016-10-02,16,0
"Burundi","BDI",2016,10,40,2016-10-03,2016-10-09,21,0
"Burundi","BDI",2016,10,41,2016-10-10,2016-10-16,19,0
"Burundi","BDI",2016,10,42,2016-10-17,2016-10-23,19,0
"Burundi","BDI",2016,10,43,2016-10-24,2016-10-30,16,0
"Burundi","BDI",2016,10,44,2016-10-31,2016-11-06,4,0
"Burundi","BDI",2016,11,45,2016-11-07,2016-11-13,2,0
"Burundi","BDI",2016,11,46,2016-11-14,2016-11-20,0,0
"Burundi","BDI",2016,11,47,2016-11-21,2016-11-27,0,0
"Burundi","BDI",2016,11,48,2016-11-28,2016-12-04,0,0
"Burundi","BDI",2016,12,49,2016-12-05,2016-12-11,0,0
"Burundi","BDI",2016,12,50,2016-12-12,2016-12-18,0,0
"Burundi","BDI",2016,12,51,2016-12-19,2016-12-25,0,0
"Burundi","BDI",2016,12,52,2016-12-26,2017-01-01,0,0
"Burundi","BDI",2017,1,1,2017-01-02,2017-01-08,0,0
"Burundi","BDI",2017,1,2,2017-01-09,2017-01-15,0,0
"Burundi","BDI",2017,1,3,2017-01-16,2017-01-22,0,0
"Burundi","BDI",2017,1,4,2017-01-23,2017-01-29,0,0
"Burundi","BDI",2017,1,5,2017-01-30,2017-02-05,5,0
"Burundi","BDI",2017,2,6,2017-02-06,2017-02-12,0,0
"Burundi","BDI",2017,2,7,2017-02-13,2017-02-19,0,0
"Burundi","BDI",2017,2,8,2017-02-20,2017-02-26,0,0
"Burundi","BDI",2017,2,9,2017-02-27,2017-03-05,0,0
"Burundi","BDI",2017,3,10,2017-03-06,2017-03-12,0,0
"Burundi","BDI",2017,3,11,2017-03-13,2017-03-19,0,0
"Burundi","BDI",2017,3,12,2017-03-20,2017-03-26,0,0
"Burundi","BDI",2017,3,13,2017-03-27,2017-04-02,0,0
"Burundi","BDI",2017,4,14,2017-04-03,2017-04-09,0,0
"Burundi","BDI",2017,4,15,2017-04-10,2017-04-16,0,0
"Burundi","BDI",2017,4,16,2017-04-17,2017-04-23,0,0
"Burundi","BDI",2017,4,17,2017-04-24,2017-04-30,0,0
"Burundi","BDI",2017,5,18,2017-05-01,2017-05-07,0,0
"Burundi","BDI",2017,5,19,2017-05-08,2017-05-14,0,0
"Burundi","BDI",2017,5,20,2017-05-15,2017-05-21,0,0
"Burundi","BDI",2017,5,21,2017-05-22,2017-05-28,0,0
"Burundi","BDI",2017,5,22,2017-05-29,2017-06-04,0,0
"Burundi","BDI",2017,6,23,2017-06-05,2017-06-11,0,0
"Burundi","BDI",2017,6,24,2017-06-12,2017-06-18,0,0
"Burundi","BDI",2017,6,25,2017-06-19,2017-06-25,0,0
"Burundi","BDI",2017,6,26,2017-06-26,2017-07-02,0,0
"Burundi","BDI",2017,7,27,2017-07-03,2017-07-09,0,0
"Burundi","BDI",2017,7,28,2017-07-10,2017-07-16,3.33333333333333,0
"Burundi","BDI",2017,7,29,2017-07-17,2017-07-23,0,0
"Burundi","BDI",2017,7,30,2017-07-24,2017-07-30,0,0
"Burundi","BDI",2017,7,31,2017-07-31,2017-08-06,0,0
"Burundi","BDI",2017,8,32,2017-08-07,2017-08-13,0,0
"Burundi","BDI",2017,8,33,2017-08-14,2017-08-20,13,0
"Burundi","BDI",2017,8,34,2017-08-21,2017-08-27,24,0
"Burundi","BDI",2017,8,35,2017-08-28,2017-09-03,0,0
"Burundi","BDI",2017,9,36,2017-09-04,2017-09-10,5,0
"Burundi","BDI",2017,9,37,2017-09-11,2017-09-17,4,0
"Burundi","BDI",2017,9,38,2017-09-18,2017-09-24,3,0
"Burundi","BDI",2017,9,39,2017-09-25,2017-10-01,6,0
"Burundi","BDI",2017,10,40,2017-10-02,2017-10-08,6,0
"Burundi","BDI",2017,10,41,2017-10-09,2017-10-15,27,0
"Burundi","BDI",2017,10,42,2017-10-16,2017-10-22,40,0
"Burundi","BDI",2017,10,43,2017-10-23,2017-10-29,10,0
"Burundi","BDI",2017,10,44,2017-10-30,2017-11-05,10,0
"Burundi","BDI",2017,11,45,2017-11-06,2017-11-12,14,0
"Burundi","BDI",2017,11,46,2017-11-13,2017-11-19,0,0
"Burundi","BDI",2017,11,47,2017-11-20,2017-11-26,0,0
"Burundi","BDI",2017,11,48,2017-11-27,2017-12-03,3,0
"Burundi","BDI",2017,12,49,2017-12-04,2017-12-10,0,0
"Burundi","BDI",2017,12,50,2017-12-11,2017-12-17,0,0
"Burundi","BDI",2017,12,51,2017-12-18,2017-12-24,0,0
"Burundi","BDI",2017,12,52,2017-12-25,2017-12-31,0,0
"Burundi","BDI",2018,1,1,2018-01-01,2018-01-07,0,0
"Burundi","BDI",2018,1,2,2018-01-08,2018-01-14,0,0
"Burundi","BDI",2018,1,3,2018-01-15,2018-01-21,0,0
"Burundi","BDI",2018,1,4,2018-01-22,2018-01-28,0,0
"Burundi","BDI",2018,1,5,2018-01-29,2018-02-04,0,0
"Burundi","BDI",2018,2,6,2018-02-05,2018-02-11,0,0
"Burundi","BDI",2018,2,7,2018-02-12,2018-02-18,0,0
"Burundi","BDI",2018,2,8,2018-02-19,2018-02-25,0,0
"Burundi","BDI",2018,2,9,2018-02-26,2018-03-04,0,0
"Burundi","BDI",2018,3,10,2018-03-05,2018-03-11,0,0
"Burundi","BDI",2018,3,11,2018-03-12,2018-03-18,0,0
"Burundi","BDI",2018,3,12,2018-03-19,2018-03-25,0,0
"Burundi","BDI",2018,3,13,2018-03-26,2018-04-01,0,0
"Burundi","BDI",2018,4,14,2018-04-02,2018-04-08,0,0
"Burundi","BDI",2018,4,15,2018-04-09,2018-04-15,0,0
"Burundi","BDI",2018,4,16,2018-04-16,2018-04-22,0,0
"Burundi","BDI",2018,4,17,2018-04-23,2018-04-29,0,0
"Burundi","BDI",2018,4,18,2018-04-30,2018-05-06,0,0
"Burundi","BDI",2018,5,19,2018-05-07,2018-05-13,0,0
"Burundi","BDI",2018,5,20,2018-05-14,2018-05-20,0,0
"Burundi","BDI",2018,5,21,2018-05-21,2018-05-27,0,0
"Burundi","BDI",2018,5,22,2018-05-28,2018-06-03,0,0
"Burundi","BDI",2018,6,23,2018-06-04,2018-06-10,0,0
"Burundi","BDI",2018,6,24,2018-06-11,2018-06-17,0,0
"Burundi","BDI",2018,6,25,2018-06-18,2018-06-24,0,0
"Burundi","BDI",2018,6,26,2018-06-25,2018-07-01,0,0
"Burundi","BDI",2018,7,27,2018-07-02,2018-07-08,0,0
"Burundi","BDI",2018,7,28,2018-07-09,2018-07-15,0,0
"Burundi","BDI",2018,7,29,2018-07-16,2018-07-22,0,0
"Burundi","BDI",2018,7,30,2018-07-23,2018-07-29,0,0
"Burundi","BDI",2018,7,31,2018-07-30,2018-08-05,0,0
"Burundi","BDI",2018,8,32,2018-08-06,2018-08-12,0,0
"Burundi","BDI",2018,8,33,2018-08-13,2018-08-19,0,0
"Burundi","BDI",2018,8,34,2018-08-20,2018-08-26,0,0
"Burundi","BDI",2018,8,35,2018-08-27,2018-09-02,0,0
"Burundi","BDI",2018,9,36,2018-09-03,2018-09-09,0,0
"Burundi","BDI",2018,9,37,2018-09-10,2018-09-16,0,0
"Burundi","BDI",2018,9,38,2018-09-17,2018-09-23,0,0
"Burundi","BDI",2018,9,39,2018-09-24,2018-09-30,0,0
"Burundi","BDI",2018,10,40,2018-10-01,2018-10-07,0,0
"Burundi","BDI",2018,10,41,2018-10-08,2018-10-14,0,0
"Burundi","BDI",2018,10,42,2018-10-15,2018-10-21,0,0
"Burundi","BDI",2018,10,43,2018-10-22,2018-10-28,0,0
"Burundi","BDI",2018,10,44,2018-10-29,2018-11-04,0,0
"Burundi","BDI",2018,11,45,2018-11-05,2018-11-11,0,0
"Burundi","BDI",2018,11,46,2018-11-12,2018-11-18,0,0
"Burundi","BDI",2018,11,47,2018-11-19,2018-11-25,0,0
"Burundi","BDI",2018,11,48,2018-11-26,2018-12-02,0,0
"Burundi","BDI",2018,12,49,2018-12-03,2018-12-09,0,0
"Burundi","BDI",2018,12,50,2018-12-10,2018-12-16,0,0
"Burundi","BDI",2018,12,51,2018-12-17,2018-12-23,0,0
"Burundi","BDI",2018,12,52,2018-12-24,2018-12-30,0,0
"Burundi","BDI",2019,12,1,2018-12-31,2019-01-06,23,0
"Burundi","BDI",2019,1,2,2019-01-07,2019-01-13,14,0
"Burundi","BDI",2019,1,3,2019-01-14,2019-01-20,8,0
"Burundi","BDI",2019,1,4,2019-01-21,2019-01-27,10,0
"Burundi","BDI",2019,1,5,2019-01-28,2019-02-03,12,0
"Burundi","BDI",2019,2,6,2019-02-04,2019-02-10,7,0
"Burundi","BDI",2019,2,7,2019-02-11,2019-02-17,2,0
"Burundi","BDI",2019,2,8,2019-02-18,2019-02-24,1,0
"Burundi","BDI",2019,2,9,2019-02-25,2019-03-03,8,0
"Burundi","BDI",2019,3,10,2019-03-04,2019-03-10,2,0
"Burundi","BDI",2019,3,11,2019-03-11,2019-03-17,3,0
"Burundi","BDI",2019,3,12,2019-03-18,2019-03-24,4,0
"Burundi","BDI",2019,3,13,2019-03-25,2019-03-31,0,0
"Burundi","BDI",2019,4,14,2019-04-01,2019-04-07,0,0
"Burundi","BDI",2019,4,15,2019-04-08,2019-04-14,0,0
"Burundi","BDI",2019,4,16,2019-04-15,2019-04-21,0,0
"Burundi","BDI",2019,4,17,2019-04-22,2019-04-28,0,0
"Burundi","BDI",2019,4,18,2019-04-29,2019-05-05,0,0
"Burundi","BDI",2019,5,19,2019-05-06,2019-05-12,0,0
"Burundi","BDI",2019,5,20,2019-05-13,2019-05-19,0,0
"Burundi","BDI",2019,5,21,2019-05-20,2019-05-26,0,0
"Burundi","BDI",2019,5,22,2019-05-27,2019-06-02,0,0
"Burundi","BDI",2019,6,23,2019-06-03,2019-06-09,0,0
"Burundi","BDI",2019,6,24,2019-06-10,2019-06-16,0,0
"Burundi","BDI",2019,6,25,2019-06-17,2019-06-23,0,0
"Burundi","BDI",2019,6,26,2019-06-24,2019-06-30,0,0
"Burundi","BDI",2019,7,27,2019-07-01,2019-07-07,0,0
"Burundi","BDI",2019,7,28,2019-07-08,2019-07-14,0,0
"Burundi","BDI",2019,7,29,2019-07-15,2019-07-21,0,0
"Burundi","BDI",2019,7,30,2019-07-22,2019-07-28,0,0
"Benin","BEN",2013,7,27,2013-07-01,2013-07-07,0,0
"Benin","BEN",2013,7,28,2013-07-08,2013-07-14,0,0
"Benin","BEN",2013,7,29,2013-07-15,2013-07-21,0,0
"Benin","BEN",2013,7,30,2013-07-22,2013-07-28,0,0
"Benin","BEN",2013,7,31,2013-07-29,2013-08-04,0,0
"Benin","BEN",2013,8,32,2013-08-05,2013-08-11,0,0
"Benin","BEN",2013,8,33,2013-08-12,2013-08-18,0,0
"Benin","BEN",2013,8,34,2013-08-19,2013-08-25,0,0
"Benin","BEN",2013,8,35,2013-08-26,2013-09-01,8,0
"Benin","BEN",2013,9,36,2013-09-02,2013-09-08,40,0
"Benin","BEN",2013,9,37,2013-09-09,2013-09-15,52,2
"Benin","BEN",2013,9,38,2013-09-16,2013-09-22,61,0
"Benin","BEN",2013,9,39,2013-09-23,2013-09-29,57,0
"Benin","BEN",2013,9,40,2013-09-30,2013-10-06,54,0
"Benin","BEN",2013,10,41,2013-10-07,2013-10-13,46,0
"Benin","BEN",2013,10,42,2013-10-14,2013-10-20,53,1
"Benin","BEN",2013,10,43,2013-10-21,2013-10-27,37,1
"Benin","BEN",2013,10,44,2013-10-28,2013-11-03,33,0
"Benin","BEN",2013,11,45,2013-11-04,2013-11-10,19,2
"Benin","BEN",2013,11,46,2013-11-11,2013-11-17,18,0
"Benin","BEN",2013,11,47,2013-11-18,2013-11-24,24,0
"Benin","BEN",2013,11,48,2013-11-25,2013-12-01,20,0
"Benin","BEN",2013,12,49,2013-12-02,2013-12-08,4,0
"Benin","BEN",2013,12,50,2013-12-09,2013-12-15,0,0
"Benin","BEN",2013,12,51,2013-12-16,2013-12-22,0,0
"Benin","BEN",2013,12,52,2013-12-23,2013-12-29,0,0
"Benin","BEN",2014,12,1,2013-12-30,2014-01-05,0,0
"Benin","BEN",2014,1,2,2014-01-06,2014-01-12,3,0
"Benin","BEN",2014,1,3,2014-01-13,2014-01-19,20,0
"Benin","BEN",2014,1,4,2014-01-20,2014-01-26,0,0
"Benin","BEN",2014,1,5,2014-01-27,2014-02-02,0,0
"Benin","BEN",2014,2,6,2014-02-03,2014-02-09,0,0
"Benin","BEN",2014,2,7,2014-02-10,2014-02-16,0,0
"Benin","BEN",2014,2,8,2014-02-17,2014-02-23,0,0
"Benin","BEN",2014,2,9,2014-02-24,2014-03-02,0,0
"Benin","BEN",2014,3,10,2014-03-03,2014-03-09,0,0
"Benin","BEN",2014,3,11,2014-03-10,2014-03-16,8,0
"Benin","BEN",2014,3,12,2014-03-17,2014-03-23,6,0
"Benin","BEN",2014,3,13,2014-03-24,2014-03-30,2,0
"Benin","BEN",2014,3,14,2014-03-31,2014-04-06,1,0
"Benin","BEN",2014,4,15,2014-04-07,2014-04-13,0,0
"Benin","BEN",2014,4,16,2014-04-14,2014-04-20,0,0
"Benin","BEN",2014,4,17,2014-04-21,2014-04-27,0,0
"Benin","BEN",2014,4,18,2014-04-28,2014-05-04,0,0
"Benin","BEN",2014,5,19,2014-05-05,2014-05-11,0,0
"Benin","BEN",2014,5,20,2014-05-12,2014-05-18,0,0
"Benin","BEN",2014,5,21,2014-05-19,2014-05-25,0,0
"Benin","BEN",2014,5,22,2014-05-26,2014-06-01,0,0
"Benin","BEN",2014,6,23,2014-06-02,2014-06-08,0,0
"Benin","BEN",2014,6,24,2014-06-09,2014-06-15,0,0
"Benin","BEN",2014,6,25,2014-06-16,2014-06-22,1,0
"Benin","BEN",2014,6,26,2014-06-23,2014-06-29,1,0
"Benin","BEN",2014,6,27,2014-06-30,2014-07-06,81,0
"Benin","BEN",2014,7,28,2014-07-07,2014-07-13,85,0
"Benin","BEN",2014,7,29,2014-07-14,2014-07-20,35,0
"Benin","BEN",2014,7,30,2014-07-21,2014-07-27,2,0
"Benin","BEN",2014,7,31,2014-07-28,2014-08-03,0,0
"Benin","BEN",2014,8,32,2014-08-04,2014-08-10,3,0
"Benin","BEN",2014,8,33,2014-08-11,2014-08-17,0,0
"Benin","BEN",2014,8,34,2014-08-18,2014-08-24,3,0
"Benin","BEN",2014,8,35,2014-08-25,2014-08-31,12,0
"Benin","BEN",2014,9,36,2014-09-01,2014-09-07,5,0
"Benin","BEN",2014,9,37,2014-09-08,2014-09-14,7,0
"Benin","BEN",2014,9,38,2014-09-15,2014-09-21,0,0
"Benin","BEN",2014,9,39,2014-09-22,2014-09-28,18,0
"Benin","BEN",2014,9,40,2014-09-29,2014-10-05,66,0
"Benin","BEN",2014,10,41,2014-10-06,2014-10-12,76,0
"Benin","BEN",2014,10,42,2014-10-13,2014-10-19,27,0
"Benin","BEN",2014,10,43,2014-10-20,2014-10-26,13,0
"Benin","BEN",2014,10,44,2014-10-27,2014-11-02,115,0
"Benin","BEN",2014,11,45,2014-11-03,2014-11-09,108,0
"Benin","BEN",2014,11,46,2014-11-10,2014-11-16,53,0
"Benin","BEN",2014,11,47,2014-11-17,2014-11-23,36,0
"Benin","BEN",2014,11,48,2014-11-24,2014-11-30,11,0
"Benin","BEN",2014,12,49,2014-12-01,2014-12-07,1,0
"Benin","BEN",2014,12,50,2014-12-08,2014-12-14,0,0
"Benin","BEN",2014,12,51,2014-12-15,2014-12-21,0,0
"Benin","BEN",2014,12,52,2014-12-22,2014-12-28,0,0
"Benin","BEN",2015,12,1,2014-12-29,2015-01-04,0,0
"Benin","BEN",2015,1,2,2015-01-05,2015-01-11,0,0
"Benin","BEN",2015,1,3,2015-01-12,2015-01-18,0,0
"Benin","BEN",2015,1,4,2015-01-19,2015-01-25,0,0
"Benin","BEN",2015,1,5,2015-01-26,2015-02-01,0,0
"Benin","BEN",2015,2,6,2015-02-02,2015-02-08,0,0
"Benin","BEN",2015,2,7,2015-02-09,2015-02-15,0,0
"Benin","BEN",2015,2,8,2015-02-16,2015-02-22,0,0
"Benin","BEN",2015,2,9,2015-02-23,2015-03-01,0,0
"Benin","BEN",2015,3,10,2015-03-02,2015-03-08,0,0
"Benin","BEN",2015,3,11,2015-03-09,2015-03-15,0,0
"Benin","BEN",2015,3,12,2015-03-16,2015-03-22,0,0
"Benin","BEN",2015,3,13,2015-03-23,2015-03-29,0,0
"Benin","BEN",2015,3,14,2015-03-30,2015-04-05,0,0
"Benin","BEN",2015,4,15,2015-04-06,2015-04-12,0,0
"Benin","BEN",2015,4,16,2015-04-13,2015-04-19,0,0
"Benin","BEN",2015,4,17,2015-04-20,2015-04-26,0,0
"Benin","BEN",2015,4,18,2015-04-27,2015-05-03,0,0
"Benin","BEN",2015,5,19,2015-05-04,2015-05-10,0,0
"Benin","BEN",2015,5,20,2015-05-11,2015-05-17,0,0
"Benin","BEN",2015,5,21,2015-05-18,2015-05-24,0,0
"Benin","BEN",2015,5,22,2015-05-25,2015-05-31,0,0
"Benin","BEN",2015,6,23,2015-06-01,2015-06-07,0,0
"Benin","BEN",2015,6,24,2015-06-08,2015-06-14,0,0
"Benin","BEN",2015,6,25,2015-06-15,2015-06-21,0,0
"Benin","BEN",2015,6,26,2015-06-22,2015-06-28,0,0
"Benin","BEN",2015,6,27,2015-06-29,2015-07-05,0,0
"Benin","BEN",2015,7,28,2015-07-06,2015-07-12,0,0
"Benin","BEN",2015,7,29,2015-07-13,2015-07-19,0,0
"Benin","BEN",2015,7,30,2015-07-20,2015-07-26,0,0
"Benin","BEN",2015,7,31,2015-07-27,2015-08-02,0,0
"Benin","BEN",2015,8,32,2015-08-03,2015-08-09,0,0
"Benin","BEN",2015,8,33,2015-08-10,2015-08-16,0,0
"Benin","BEN",2015,8,34,2015-08-17,2015-08-23,0,0
"Benin","BEN",2015,8,35,2015-08-24,2015-08-30,0,0
"Benin","BEN",2015,8,36,2015-08-31,2015-09-06,0,0
"Benin","BEN",2015,9,37,2015-09-07,2015-09-13,0,0
"Benin","BEN",2015,9,38,2015-09-14,2015-09-20,0,0
"Benin","BEN",2015,9,39,2015-09-21,2015-09-27,0,0
"Benin","BEN",2015,9,40,2015-09-28,2015-10-04,0,0
"Benin","BEN",2015,10,41,2015-10-05,2015-10-11,0,0
"Benin","BEN",2015,10,42,2015-10-12,2015-10-18,0,0
"Benin","BEN",2015,10,43,2015-10-19,2015-10-25,0,0
"Benin","BEN",2015,10,44,2015-10-26,2015-11-01,0,0
"Benin","BEN",2015,11,45,2015-11-02,2015-11-08,0,0
"Benin","BEN",2015,11,46,2015-11-09,2015-11-15,0,0
"Benin","BEN",2015,11,47,2015-11-16,2015-11-22,0,0
"Benin","BEN",2015,11,48,2015-11-23,2015-11-29,0,0
"Benin","BEN",2015,11,49,2015-11-30,2015-12-06,0,0
"Benin","BEN",2015,12,50,2015-12-07,2015-12-13,0,0
"Benin","BEN",2015,12,51,2015-12-14,2015-12-20,0,0
"Benin","BEN",2015,12,52,2015-12-21,2015-12-27,0,0
"Benin","BEN",2015,12,53,2015-12-28,2016-01-03,0,0
"Benin","BEN",2016,1,1,2016-01-04,2016-01-10,0,0
"Benin","BEN",2016,1,2,2016-01-11,2016-01-17,0,0
"Benin","BEN",2016,1,3,2016-01-18,2016-01-24,0,0
"Benin","BEN",2016,1,4,2016-01-25,2016-01-31,0,0
"Benin","BEN",2016,2,5,2016-02-01,2016-02-07,0,0
"Benin","BEN",2016,2,6,2016-02-08,2016-02-14,0,0
"Benin","BEN",2016,2,7,2016-02-15,2016-02-21,0,0
"Benin","BEN",2016,2,8,2016-02-22,2016-02-28,0,0
"Benin","BEN",2016,2,9,2016-02-29,2016-03-06,0,0
"Benin","BEN",2016,3,10,2016-03-07,2016-03-13,0,0
"Benin","BEN",2016,3,11,2016-03-14,2016-03-20,0,0
"Benin","BEN",2016,3,12,2016-03-21,2016-03-27,0,0
"Benin","BEN",2016,3,13,2016-03-28,2016-04-03,0,0
"Benin","BEN",2016,4,14,2016-04-04,2016-04-10,0,0
"Benin","BEN",2016,4,15,2016-04-11,2016-04-17,0,0
"Benin","BEN",2016,4,16,2016-04-18,2016-04-24,0,0
"Benin","BEN",2016,4,17,2016-04-25,2016-05-01,0,0
"Benin","BEN",2016,5,18,2016-05-02,2016-05-08,0,0
"Benin","BEN",2016,5,19,2016-05-09,2016-05-15,0,0
"Benin","BEN",2016,5,20,2016-05-16,2016-05-22,0,0
"Benin","BEN",2016,5,21,2016-05-23,2016-05-29,0,0
"Benin","BEN",2016,5,22,2016-05-30,2016-06-05,0,0
"Benin","BEN",2016,6,23,2016-06-06,2016-06-12,0,0
"Benin","BEN",2016,6,24,2016-06-13,2016-06-19,0,0
"Benin","BEN",2016,6,25,2016-06-20,2016-06-26,0,0
"Benin","BEN",2016,6,26,2016-06-27,2016-07-03,0,0
"Benin","BEN",2016,7,27,2016-07-04,2016-07-10,0,0
"Benin","BEN",2016,7,28,2016-07-11,2016-07-17,0,0
"Benin","BEN",2016,7,29,2016-07-18,2016-07-24,0,0
"Benin","BEN",2016,7,30,2016-07-25,2016-07-31,0,0
"Benin","BEN",2016,8,31,2016-08-01,2016-08-07,0,0
"Benin","BEN",2016,8,32,2016-08-08,2016-08-14,0,0
"Benin","BEN",2016,8,33,2016-08-15,2016-08-21,0,0
"Benin","BEN",2016,8,34,2016-08-22,2016-08-28,0,0
"Benin","BEN",2016,8,35,2016-08-29,2016-09-04,0,0
"Benin","BEN",2016,9,36,2016-09-05,2016-09-11,0,0
"Benin","BEN",2016,9,37,2016-09-12,2016-09-18,0,0
"Benin","BEN",2016,9,38,2016-09-19,2016-09-25,63,0
"Benin","BEN",2016,9,39,2016-09-26,2016-10-02,63,0
"Benin","BEN",2016,10,40,2016-10-03,2016-10-09,35,0
"Benin","BEN",2016,10,41,2016-10-10,2016-10-16,24,0
"Benin","BEN",2016,10,42,2016-10-17,2016-10-23,4,0
"Benin","BEN",2016,10,43,2016-10-24,2016-10-30,2,0
"Benin","BEN",2016,10,44,2016-10-31,2016-11-06,7,0
"Benin","BEN",2016,11,45,2016-11-07,2016-11-13,6,0
"Benin","BEN",2016,11,46,2016-11-14,2016-11-20,1,0
"Benin","BEN",2016,11,47,2016-11-21,2016-11-27,0,0
"Benin","BEN",2016,11,48,2016-11-28,2016-12-04,0,0
"Benin","BEN",2016,12,49,2016-12-05,2016-12-11,0,0
"Benin","BEN",2016,12,50,2016-12-12,2016-12-18,0,0
"Benin","BEN",2016,12,51,2016-12-19,2016-12-25,0,0
"Benin","BEN",2016,12,52,2016-12-26,2017-01-01,0,0
"Benin","BEN",2017,1,1,2017-01-02,2017-01-08,0,0
"Benin","BEN",2017,1,2,2017-01-09,2017-01-15,0,0
"Benin","BEN",2017,1,3,2017-01-16,2017-01-22,0,0
"Benin","BEN",2017,1,4,2017-01-23,2017-01-29,0,0
"Benin","BEN",2017,1,5,2017-01-30,2017-02-05,0,0
"Benin","BEN",2017,2,6,2017-02-06,2017-02-12,0,0
"Benin","BEN",2017,2,7,2017-02-13,2017-02-19,0,0
"Benin","BEN",2017,2,8,2017-02-20,2017-02-26,0,0
"Benin","BEN",2017,2,9,2017-02-27,2017-03-05,0,0
"Benin","BEN",2017,3,10,2017-03-06,2017-03-12,0,0
"Benin","BEN",2017,3,11,2017-03-13,2017-03-19,0,0
"Benin","BEN",2017,3,12,2017-03-20,2017-03-26,0,0
"Benin","BEN",2017,3,13,2017-03-27,2017-04-02,0,0
"Benin","BEN",2017,4,14,2017-04-03,2017-04-09,0,0
"Benin","BEN",2017,4,15,2017-04-10,2017-04-16,0,0
"Benin","BEN",2017,4,16,2017-04-17,2017-04-23,0,0
"Benin","BEN",2017,4,17,2017-04-24,2017-04-30,0,0
"Benin","BEN",2017,5,18,2017-05-01,2017-05-07,0,0
"Benin","BEN",2017,5,19,2017-05-08,2017-05-14,0,0
"Benin","BEN",2017,5,20,2017-05-15,2017-05-21,0,0
"Benin","BEN",2017,5,21,2017-05-22,2017-05-28,0,0
"Benin","BEN",2017,5,22,2017-05-29,2017-06-04,0,0
"Benin","BEN",2017,6,23,2017-06-05,2017-06-11,0,0
"Benin","BEN",2017,6,24,2017-06-12,2017-06-18,0,0
"Benin","BEN",2017,6,25,2017-06-19,2017-06-25,0,0
"Benin","BEN",2017,6,26,2017-06-26,2017-07-02,0,0
"Benin","BEN",2017,7,27,2017-07-03,2017-07-09,0,0
"Benin","BEN",2017,7,28,2017-07-10,2017-07-16,0,0
"Benin","BEN",2017,7,29,2017-07-17,2017-07-23,0,0
"Benin","BEN",2017,7,30,2017-07-24,2017-07-30,0,0
"Benin","BEN",2017,7,31,2017-07-31,2017-08-06,0,0
"Benin","BEN",2017,8,32,2017-08-07,2017-08-13,0,0
"Benin","BEN",2017,8,33,2017-08-14,2017-08-20,0,0
"Benin","BEN",2017,8,34,2017-08-21,2017-08-27,0,0
"Benin","BEN",2017,8,35,2017-08-28,2017-09-03,0,0
"Benin","BEN",2017,9,36,2017-09-04,2017-09-10,0,0
"Benin","BEN",2017,9,37,2017-09-11,2017-09-17,0,0
"Benin","BEN",2017,9,38,2017-09-18,2017-09-24,0,0
"Benin","BEN",2017,9,39,2017-09-25,2017-10-01,0,0
"Benin","BEN",2017,10,40,2017-10-02,2017-10-08,0,0
"Benin","BEN",2017,10,41,2017-10-09,2017-10-15,0,0
"Benin","BEN",2017,10,42,2017-10-16,2017-10-22,0,0
"Benin","BEN",2017,10,43,2017-10-23,2017-10-29,0,0
"Benin","BEN",2017,10,44,2017-10-30,2017-11-05,0,0
"Benin","BEN",2017,11,45,2017-11-06,2017-11-12,0,0
"Benin","BEN",2017,11,46,2017-11-13,2017-11-19,0,0
"Benin","BEN",2017,11,47,2017-11-20,2017-11-26,0,0
"Benin","BEN",2017,11,48,2017-11-27,2017-12-03,0,0
"Benin","BEN",2017,12,49,2017-12-04,2017-12-10,0,0
"Benin","BEN",2017,12,50,2017-12-11,2017-12-17,0,0
"Benin","BEN",2017,12,51,2017-12-18,2017-12-24,0,0
"Benin","BEN",2017,12,52,2017-12-25,2017-12-31,0,0
"Benin","BEN",2018,1,1,2018-01-01,2018-01-07,0,0
"Benin","BEN",2018,1,2,2018-01-08,2018-01-14,0,0
"Benin","BEN",2018,1,3,2018-01-15,2018-01-21,0,0
"Benin","BEN",2018,1,4,2018-01-22,2018-01-28,0,0
"Benin","BEN",2018,1,5,2018-01-29,2018-02-04,0,0
"Benin","BEN",2018,2,6,2018-02-05,2018-02-11,0,0
"Benin","BEN",2018,2,7,2018-02-12,2018-02-18,0,0
"Benin","BEN",2018,2,8,2018-02-19,2018-02-25,0,0
"Benin","BEN",2018,2,9,2018-02-26,2018-03-04,0,0
"Benin","BEN",2018,3,10,2018-03-05,2018-03-11,0,0
"Benin","BEN",2018,3,11,2018-03-12,2018-03-18,0,0
"Benin","BEN",2018,3,12,2018-03-19,2018-03-25,0,0
"Benin","BEN",2018,3,13,2018-03-26,2018-04-01,0,0
"Benin","BEN",2018,4,14,2018-04-02,2018-04-08,0,0
"Benin","BEN",2018,4,15,2018-04-09,2018-04-15,0,0
"Benin","BEN",2018,4,16,2018-04-16,2018-04-22,0,0
"Benin","BEN",2018,4,17,2018-04-23,2018-04-29,0,0
"Benin","BEN",2018,4,18,2018-04-30,2018-05-06,0,0
"Benin","BEN",2018,5,19,2018-05-07,2018-05-13,0,0
"Benin","BEN",2018,5,20,2018-05-14,2018-05-20,0,0
"Benin","BEN",2018,5,21,2018-05-21,2018-05-27,0,0
"Benin","BEN",2018,5,22,2018-05-28,2018-06-03,0,0
"Benin","BEN",2018,6,23,2018-06-04,2018-06-10,0,0
"Benin","BEN",2018,6,24,2018-06-11,2018-06-17,0,0
"Benin","BEN",2018,6,25,2018-06-18,2018-06-24,0,0
"Benin","BEN",2018,6,26,2018-06-25,2018-07-01,0,0
"Benin","BEN",2018,7,27,2018-07-02,2018-07-08,0,0
"Benin","BEN",2018,7,28,2018-07-09,2018-07-15,0,0
"Benin","BEN",2018,7,29,2018-07-16,2018-07-22,0,0
"Benin","BEN",2018,7,30,2018-07-23,2018-07-29,0,0
"Benin","BEN",2018,7,31,2018-07-30,2018-08-05,0,0
"Benin","BEN",2018,8,32,2018-08-06,2018-08-12,0,0
"Benin","BEN",2018,8,33,2018-08-13,2018-08-19,0,0
"Benin","BEN",2018,8,34,2018-08-20,2018-08-26,0,0
"Benin","BEN",2018,8,35,2018-08-27,2018-09-02,0,0
"Benin","BEN",2018,9,36,2018-09-03,2018-09-09,0,0
"Benin","BEN",2018,9,37,2018-09-10,2018-09-16,0,0
"Benin","BEN",2018,9,38,2018-09-17,2018-09-23,0,0
"Benin","BEN",2018,9,39,2018-09-24,2018-09-30,0,0
"Benin","BEN",2018,10,40,2018-10-01,2018-10-07,0,0
"Benin","BEN",2018,10,41,2018-10-08,2018-10-14,0,0
"Benin","BEN",2018,10,42,2018-10-15,2018-10-21,0,0
"Benin","BEN",2018,10,43,2018-10-22,2018-10-28,0,0
"Benin","BEN",2018,10,44,2018-10-29,2018-11-04,0,0
"Benin","BEN",2018,11,45,2018-11-05,2018-11-11,0,0
"Benin","BEN",2018,11,46,2018-11-12,2018-11-18,0,0
"Benin","BEN",2018,11,47,2018-11-19,2018-11-25,0,0
"Benin","BEN",2018,11,48,2018-11-26,2018-12-02,0,0
"Benin","BEN",2018,12,49,2018-12-03,2018-12-09,0,0
"Benin","BEN",2018,12,50,2018-12-10,2018-12-16,0,0
"Benin","BEN",2018,12,51,2018-12-17,2018-12-23,0,0
"Benin","BEN",2018,12,52,2018-12-24,2018-12-30,0,0
"Benin","BEN",2019,12,1,2018-12-31,2019-01-06,0,0
"Benin","BEN",2019,1,2,2019-01-07,2019-01-13,0,0
"Benin","BEN",2019,1,3,2019-01-14,2019-01-20,0,0
"Benin","BEN",2019,1,4,2019-01-21,2019-01-27,0,0
"Benin","BEN",2019,1,5,2019-01-28,2019-02-03,0,0
"Benin","BEN",2019,2,6,2019-02-04,2019-02-10,0,0
"Benin","BEN",2019,2,7,2019-02-11,2019-02-17,0,0
"Benin","BEN",2019,2,8,2019-02-18,2019-02-24,0,0
"Benin","BEN",2019,2,9,2019-02-25,2019-03-03,0,0
"Benin","BEN",2019,3,10,2019-03-04,2019-03-10,0,0
"Benin","BEN",2019,3,11,2019-03-11,2019-03-17,0,0
"Benin","BEN",2019,3,12,2019-03-18,2019-03-24,0,0
"Benin","BEN",2019,3,13,2019-03-25,2019-03-31,0,0
"Benin","BEN",2019,4,14,2019-04-01,2019-04-07,0,0
"Benin","BEN",2019,4,15,2019-04-08,2019-04-14,0,0
"Benin","BEN",2019,4,16,2019-04-15,2019-04-21,0,0
"Benin","BEN",2019,4,17,2019-04-22,2019-04-28,0,0
"Benin","BEN",2019,4,18,2019-04-29,2019-05-05,0,0
"Benin","BEN",2019,5,19,2019-05-06,2019-05-12,0,0
"Benin","BEN",2019,5,20,2019-05-13,2019-05-19,0,0
"Benin","BEN",2019,5,21,2019-05-20,2019-05-26,0,0
"Benin","BEN",2019,5,22,2019-05-27,2019-06-02,0,0
"Benin","BEN",2019,6,23,2019-06-03,2019-06-09,0,0
"Benin","BEN",2019,6,24,2019-06-10,2019-06-16,0,0
"Benin","BEN",2019,6,25,2019-06-17,2019-06-23,0,0
"Benin","BEN",2019,6,26,2019-06-24,2019-06-30,0,0
"Benin","BEN",2019,7,27,2019-07-01,2019-07-07,8,0
"Benin","BEN",2019,7,28,2019-07-08,2019-07-14,1,0
"Benin","BEN",2019,7,29,2019-07-15,2019-07-21,3,0
"Benin","BEN",2019,7,30,2019-07-22,2019-07-28,7,0
"Benin","BEN",2019,7,31,2019-07-29,2019-08-04,7,0
"Benin","BEN",2019,8,32,2019-08-05,2019-08-11,8,0
"Benin","BEN",2019,8,33,2019-08-12,2019-08-18,6,0
"Benin","BEN",2019,8,34,2019-08-19,2019-08-25,2,0
"Benin","BEN",2019,8,35,2019-08-26,2019-09-01,1,0
"Benin","BEN",2019,9,36,2019-09-02,2019-09-08,1,0
"Benin","BEN",2019,9,37,2019-09-09,2019-09-15,1,0
"Benin","BEN",2019,9,38,2019-09-16,2019-09-22,0,0
"Benin","BEN",2019,9,39,2019-09-23,2019-09-29,0,0
"Benin","BEN",2019,9,40,2019-09-30,2019-10-06,0,0
"Benin","BEN",2019,10,41,2019-10-07,2019-10-13,0,0
"Benin","BEN",2019,10,42,2019-10-14,2019-10-20,0,0
"Benin","BEN",2019,10,43,2019-10-21,2019-10-27,0,0
"Benin","BEN",2019,10,44,2019-10-28,2019-11-03,0,0
"Benin","BEN",2019,11,45,2019-11-04,2019-11-10,0,0
"Benin","BEN",2019,11,46,2019-11-11,2019-11-17,0,0
"Benin","BEN",2019,11,47,2019-11-18,2019-11-24,0,0
"Benin","BEN",2019,11,48,2019-11-25,2019-12-01,0,0
"Benin","BEN",2019,12,49,2019-12-02,2019-12-08,0,0
"Benin","BEN",2019,12,50,2019-12-09,2019-12-15,0,0
"Benin","BEN",2019,12,51,2019-12-16,2019-12-22,0,0
"Benin","BEN",2019,12,52,2019-12-23,2019-12-29,0,0
"Benin","BEN",2020,12,1,2019-12-30,2020-01-05,0,0
"Benin","BEN",2020,1,2,2020-01-06,2020-01-12,1,0
"Benin","BEN",2020,1,3,2020-01-13,2020-01-19,1.5,0
"Benin","BEN",2020,1,4,2020-01-20,2020-01-26,2,0
"Benin","BEN",2020,1,5,2020-01-27,2020-02-02,1,0
"Benin","BEN",2020,2,6,2020-02-03,2020-02-09,1,0
"Benin","BEN",2020,2,7,2020-02-10,2020-02-16,0.5,0
"Benin","BEN",2020,2,8,2020-02-17,2020-02-23,1.5,0
"Benin","BEN",2020,2,9,2020-02-24,2020-03-01,1,0
"Benin","BEN",2020,3,10,2020-03-02,2020-03-08,1,0
"Benin","BEN",2020,3,11,2020-03-09,2020-03-15,0.5,0
"Benin","BEN",2020,3,12,2020-03-16,2020-03-22,1.5,0
"Benin","BEN",2020,3,13,2020-03-23,2020-03-29,4,0
"Benin","BEN",2020,3,14,2020-03-30,2020-04-05,0,0
"Benin","BEN",2020,4,15,2020-04-06,2020-04-12,0.5,0
"Benin","BEN",2020,4,16,2020-04-13,2020-04-19,0,0
"Benin","BEN",2020,4,17,2020-04-20,2020-04-26,1,0
"Benin","BEN",2020,4,18,2020-04-27,2020-05-03,0,0
"Benin","BEN",2020,5,19,2020-05-04,2020-05-10,0.5,0
"Benin","BEN",2020,5,20,2020-05-11,2020-05-17,0.5,0
"Benin","BEN",2020,5,21,2020-05-18,2020-05-24,0.5,0
"Benin","BEN",2020,5,22,2020-05-25,2020-05-31,0,0
"Benin","BEN",2020,6,23,2020-06-01,2020-06-07,0.5,0
"Benin","BEN",2020,6,24,2020-06-08,2020-06-14,1.5,0
"Benin","BEN",2020,6,25,2020-06-15,2020-06-21,0.5,0
"Benin","BEN",2020,6,26,2020-06-22,2020-06-28,0,0
"Benin","BEN",2020,6,27,2020-06-29,2020-07-05,0,0
"Benin","BEN",2020,7,28,2020-07-06,2020-07-12,2.5,0
"Benin","BEN",2020,7,29,2020-07-13,2020-07-19,1,0
"Benin","BEN",2020,7,30,2020-07-20,2020-07-26,0,0
"Benin","BEN",2020,7,31,2020-07-27,2020-08-02,0.5,0
"Benin","BEN",2020,8,32,2020-08-03,2020-08-09,2,0
"Benin","BEN",2020,8,33,2020-08-10,2020-08-16,0.5,0
"Benin","BEN",2020,8,34,2020-08-17,2020-08-23,2,0
"Benin","BEN",2020,8,35,2020-08-24,2020-08-30,0.5,0
"Benin","BEN",2020,8,36,2020-08-31,2020-09-06,0,0
"Benin","BEN",2020,9,37,2020-09-07,2020-09-13,0,0
"Benin","BEN",2020,9,38,2020-09-14,2020-09-20,0,0
"Benin","BEN",2020,9,39,2020-09-21,2020-09-27,0,0
"Benin","BEN",2020,9,40,2020-09-28,2020-10-04,0,0
"Benin","BEN",2020,10,41,2020-10-05,2020-10-11,0,0
"Benin","BEN",2020,10,42,2020-10-12,2020-10-18,0,0
"Benin","BEN",2020,10,43,2020-10-19,2020-10-25,0,0
"Benin","BEN",2020,10,44,2020-10-26,2020-11-01,0,0
"Benin","BEN",2020,11,45,2020-11-02,2020-11-08,0,0
"Benin","BEN",2020,11,46,2020-11-09,2020-11-15,0,0
"Benin","BEN",2020,11,47,2020-11-16,2020-11-22,0,0
"Benin","BEN",2020,11,48,2020-11-23,2020-11-29,0,0
"Benin","BEN",2020,11,49,2020-11-30,2020-12-06,0,0
"Benin","BEN",2020,12,50,2020-12-07,2020-12-13,0,0
"Benin","BEN",2020,12,51,2020-12-14,2020-12-20,0,0
"Benin","BEN",2020,12,52,2020-12-21,2020-12-27,0,0
"Benin","BEN",2020,12,53,2020-12-28,2021-01-03,0,0
"Benin","BEN",2021,1,1,2021-01-04,2021-01-10,62,0
"Benin","BEN",2021,1,2,2021-01-11,2021-01-17,0,0
"Benin","BEN",2021,1,3,2021-01-18,2021-01-24,0,0
"Benin","BEN",2021,1,4,2021-01-25,2021-01-31,0,0
"Benin","BEN",2021,2,5,2021-02-01,2021-02-07,0,0
"Benin","BEN",2021,2,6,2021-02-08,2021-02-14,0,0
"Benin","BEN",2021,2,7,2021-02-15,2021-02-21,0,0
"Benin","BEN",2021,2,8,2021-02-22,2021-02-28,0,0
"Benin","BEN",2021,3,9,2021-03-01,2021-03-07,0,0
"Benin","BEN",2021,3,10,2021-03-08,2021-03-14,0,0
"Benin","BEN",2021,3,11,2021-03-15,2021-03-21,0,0
"Benin","BEN",2021,3,12,2021-03-22,2021-03-28,0,0
"Benin","BEN",2021,3,13,2021-03-29,2021-04-04,0,0
"Benin","BEN",2021,4,14,2021-04-05,2021-04-11,0,0
"Benin","BEN",2021,4,15,2021-04-12,2021-04-18,0,0
"Benin","BEN",2021,4,16,2021-04-19,2021-04-25,0,0
"Benin","BEN",2021,4,17,2021-04-26,2021-05-02,0,0
"Benin","BEN",2021,5,18,2021-05-03,2021-05-09,0,0
"Benin","BEN",2021,5,19,2021-05-10,2021-05-16,0,0
"Benin","BEN",2021,5,20,2021-05-17,2021-05-23,0,0
"Benin","BEN",2021,5,21,2021-05-24,2021-05-30,0,0
"Benin","BEN",2021,5,22,2021-05-31,2021-06-06,0,0
"Benin","BEN",2021,6,23,2021-06-07,2021-06-13,0,0
"Benin","BEN",2021,6,24,2021-06-14,2021-06-20,0,0
"Benin","BEN",2021,6,25,2021-06-21,2021-06-27,0,0
"Benin","BEN",2021,6,26,2021-06-28,2021-07-04,0,0
"Benin","BEN",2021,7,27,2021-07-05,2021-07-11,0,0
"Benin","BEN",2021,7,28,2021-07-12,2021-07-18,0,0
"Benin","BEN",2021,7,29,2021-07-19,2021-07-25,0,0
"Benin","BEN",2021,7,30,2021-07-26,2021-08-01,0,0
"Benin","BEN",2021,8,31,2021-08-02,2021-08-08,0,0
"Benin","BEN",2021,8,32,2021-08-09,2021-08-15,0,0
"Benin","BEN",2021,8,33,2021-08-16,2021-08-22,0,0
"Benin","BEN",2021,8,34,2021-08-23,2021-08-29,0,0
"Benin","BEN",2021,8,35,2021-08-30,2021-09-05,0,0
"Benin","BEN",2021,9,36,2021-09-06,2021-09-12,0,0
"Benin","BEN",2021,9,37,2021-09-13,2021-09-19,0,0
"Benin","BEN",2021,9,38,2021-09-20,2021-09-26,0,0
"Benin","BEN",2021,9,39,2021-09-27,2021-10-03,0,0
"Benin","BEN",2021,10,40,2021-10-04,2021-10-10,0,0
"Benin","BEN",2021,10,41,2021-10-11,2021-10-17,0,0
"Benin","BEN",2021,10,42,2021-10-18,2021-10-24,0,0
"Benin","BEN",2021,10,43,2021-10-25,2021-10-31,0,0
"Benin","BEN",2021,11,44,2021-11-01,2021-11-07,0,0
"Benin","BEN",2021,11,45,2021-11-08,2021-11-14,0,0
"Benin","BEN",2021,11,46,2021-11-15,2021-11-21,0,0
"Benin","BEN",2021,11,47,2021-11-22,2021-11-28,0,0
"Benin","BEN",2021,11,48,2021-11-29,2021-12-05,0,0
"Benin","BEN",2021,12,49,2021-12-06,2021-12-12,0,0
"Benin","BEN",2021,12,50,2021-12-13,2021-12-19,0,0
"Benin","BEN",2021,12,51,2021-12-20,2021-12-26,0,0
"Benin","BEN",2021,12,52,2021-12-27,2022-01-02,0,0
"Benin","BEN",2022,1,1,2022-01-03,2022-01-09,0,0
"Benin","BEN",2022,1,2,2022-01-10,2022-01-16,0,0
"Benin","BEN",2022,1,3,2022-01-17,2022-01-23,0,0
"Benin","BEN",2022,1,4,2022-01-24,2022-01-30,0,0
"Benin","BEN",2022,1,5,2022-01-31,2022-02-06,0,0
"Benin","BEN",2022,2,6,2022-02-07,2022-02-13,0,0
"Benin","BEN",2022,2,7,2022-02-14,2022-02-20,0,0
"Benin","BEN",2022,2,8,2022-02-21,2022-02-27,0,0
"Benin","BEN",2022,2,9,2022-02-28,2022-03-06,0,0
"Benin","BEN",2022,3,10,2022-03-07,2022-03-13,0,0
"Benin","BEN",2022,3,11,2022-03-14,2022-03-20,0,0
"Benin","BEN",2022,3,12,2022-03-21,2022-03-27,0,0
"Benin","BEN",2022,3,13,2022-03-28,2022-04-03,0,0
"Benin","BEN",2022,4,14,2022-04-04,2022-04-10,0,0
"Benin","BEN",2022,4,15,2022-04-11,2022-04-17,0,0
"Benin","BEN",2022,4,16,2022-04-18,2022-04-24,7,0
"Benin","BEN",2022,4,17,2022-04-25,2022-05-01,0,0
"Benin","BEN",2022,5,18,2022-05-02,2022-05-08,0,0
"Benin","BEN",2022,5,19,2022-05-09,2022-05-15,1,0
"Benin","BEN",2022,5,20,2022-05-16,2022-05-22,0,0
"Benin","BEN",2022,5,21,2022-05-23,2022-05-29,1,0
"Benin","BEN",2022,5,22,2022-05-30,2022-06-05,0,0
"Benin","BEN",2022,6,23,2022-06-06,2022-06-12,1,0
"Benin","BEN",2022,6,24,2022-06-13,2022-06-19,1,0
"Benin","BEN",2022,6,25,2022-06-20,2022-06-26,0,0
"Benin","BEN",2022,6,26,2022-06-27,2022-07-03,1,0
"Benin","BEN",2022,7,27,2022-07-04,2022-07-10,0,0
"Benin","BEN",2022,7,28,2022-07-11,2022-07-17,0,0
"Benin","BEN",2022,7,29,2022-07-18,2022-07-24,0,0
"Benin","BEN",2022,7,30,2022-07-25,2022-07-31,0,0
"Benin","BEN",2022,8,31,2022-08-01,2022-08-07,0,0
"Benin","BEN",2022,8,32,2022-08-08,2022-08-14,0,0
"Benin","BEN",2022,8,33,2022-08-15,2022-08-21,0,0
"Benin","BEN",2022,8,34,2022-08-22,2022-08-28,0,0
"Benin","BEN",2022,8,35,2022-08-29,2022-09-04,0,0
"Benin","BEN",2022,9,36,2022-09-05,2022-09-11,0,0
"Benin","BEN",2022,9,37,2022-09-12,2022-09-18,0,0
"Benin","BEN",2022,9,38,2022-09-19,2022-09-25,0,0
"Benin","BEN",2022,9,39,2022-09-26,2022-10-02,0,0
"Benin","BEN",2022,10,40,2022-10-03,2022-10-09,0,0
"Benin","BEN",2022,10,41,2022-10-10,2022-10-16,0,0
"Benin","BEN",2022,10,42,2022-10-17,2022-10-23,0,0
"Benin","BEN",2022,10,43,2022-10-24,2022-10-30,0,0
"Benin","BEN",2022,10,44,2022-10-31,2022-11-06,0,0
"Benin","BEN",2022,11,45,2022-11-07,2022-11-13,0,0
"Benin","BEN",2022,11,46,2022-11-14,2022-11-20,0,0
"Benin","BEN",2022,11,47,2022-11-21,2022-11-27,0,0
"Benin","BEN",2022,11,48,2022-11-28,2022-12-04,0,0
"Benin","BEN",2022,12,49,2022-12-05,2022-12-11,0,0
"Benin","BEN",2022,12,50,2022-12-12,2022-12-18,0,0
"Benin","BEN",2022,12,51,2022-12-19,2022-12-25,0,0
"Benin","BEN",2022,12,52,2022-12-26,2023-01-01,0,0
"Benin","BEN",2023,1,1,2023-01-02,2023-01-08,0,0
"Benin","BEN",2023,1,2,2023-01-09,2023-01-15,0,0
"Benin","BEN",2023,1,3,2023-01-16,2023-01-22,0,0
"Benin","BEN",2023,1,4,2023-01-23,2023-01-29,1,0
"Benin","BEN",2023,1,5,2023-01-30,2023-02-05,0,0
"Benin","BEN",2023,2,6,2023-02-06,2023-02-12,0,0
"Benin","BEN",2023,2,7,2023-02-13,2023-02-19,1,0
"Benin","BEN",2023,2,8,2023-02-20,2023-02-26,0,0
"Benin","BEN",2023,2,9,2023-02-27,2023-03-05,0,0
"Benin","BEN",2023,3,10,2023-03-06,2023-03-12,0,0
"Benin","BEN",2023,3,11,2023-03-13,2023-03-19,0,0
"Benin","BEN",2023,3,12,2023-03-20,2023-03-26,0,0
"Benin","BEN",2023,3,13,2023-03-27,2023-04-02,0,0
"Benin","BEN",2023,4,14,2023-04-03,2023-04-09,0,0
"Benin","BEN",2023,4,15,2023-04-10,2023-04-16,0,0
"Benin","BEN",2023,4,16,2023-04-17,2023-04-23,0,0
"Benin","BEN",2023,4,17,2023-04-24,2023-04-30,0,0
"Benin","BEN",2023,5,18,2023-05-01,2023-05-07,0,0
"Benin","BEN",2023,5,19,2023-05-08,2023-05-14,0,0
"Benin","BEN",2023,5,20,2023-05-15,2023-05-21,0,0
"Benin","BEN",2023,5,21,2023-05-22,2023-05-28,0,0
"Benin","BEN",2023,5,22,2023-05-29,2023-06-04,0,0
"Benin","BEN",2023,6,23,2023-06-05,2023-06-11,0,0
"Benin","BEN",2023,6,24,2023-06-12,2023-06-18,0,0
"Benin","BEN",2023,6,25,2023-06-19,2023-06-25,0,0
"Benin","BEN",2023,6,26,2023-06-26,2023-07-02,0,0
"Benin","BEN",2023,7,27,2023-07-03,2023-07-09,0,0
"Benin","BEN",2023,7,28,2023-07-10,2023-07-16,0,0
"Benin","BEN",2023,7,29,2023-07-17,2023-07-23,0,0
"Benin","BEN",2023,7,30,2023-07-24,2023-07-30,0,0
"Benin","BEN",2023,7,31,2023-07-31,2023-08-06,0,0
"Benin","BEN",2023,8,32,2023-08-07,2023-08-13,0,0
"Benin","BEN",2023,8,33,2023-08-14,2023-08-20,0,0
"Benin","BEN",2023,8,34,2023-08-21,2023-08-27,2,0
"Benin","BEN",2023,8,35,2023-08-28,2023-09-03,0,0
"Benin","BEN",2023,9,36,2023-09-04,2023-09-10,0,0
"Benin","BEN",2023,9,37,2023-09-11,2023-09-17,0,0
"Benin","BEN",2023,9,38,2023-09-18,2023-09-24,0,0
"Benin","BEN",2023,9,39,2023-09-25,2023-10-01,0,0
"Benin","BEN",2023,10,40,2023-10-02,2023-10-08,0,0
"Benin","BEN",2023,10,41,2023-10-09,2023-10-15,0,0
"Benin","BEN",2023,10,42,2023-10-16,2023-10-22,0,0
"Benin","BEN",2023,10,43,2023-10-23,2023-10-29,0,0
"Benin","BEN",2023,10,44,2023-10-30,2023-11-05,0,0
"Benin","BEN",2023,11,45,2023-11-06,2023-11-12,0,0
"Benin","BEN",2023,11,46,2023-11-13,2023-11-19,0,0
"Burkina Faso","BFA",2013,11,45,2013-11-04,2013-11-10,0,0
"Burkina Faso","BFA",2013,11,46,2013-11-11,2013-11-17,0,0
"Burkina Faso","BFA",2013,11,47,2013-11-18,2013-11-24,0,0
"Burkina Faso","BFA",2013,11,48,2013-11-25,2013-12-01,0,0
"Burkina Faso","BFA",2013,12,49,2013-12-02,2013-12-08,0,0
"Burkina Faso","BFA",2013,12,50,2013-12-09,2013-12-15,0,0
"Burkina Faso","BFA",2013,12,51,2013-12-16,2013-12-22,0,0
"Burkina Faso","BFA",2013,12,52,2013-12-23,2013-12-29,0,0
"Burkina Faso","BFA",2014,12,1,2013-12-30,2014-01-05,0,0
"Burkina Faso","BFA",2014,1,2,2014-01-06,2014-01-12,0,0
"Burkina Faso","BFA",2014,1,3,2014-01-13,2014-01-19,0,0
"Burkina Faso","BFA",2014,1,4,2014-01-20,2014-01-26,0,0
"Burkina Faso","BFA",2014,1,5,2014-01-27,2014-02-02,0,0
"Burkina Faso","BFA",2014,2,6,2014-02-03,2014-02-09,0,0
"Burkina Faso","BFA",2014,2,7,2014-02-10,2014-02-16,0,0
"Burkina Faso","BFA",2014,2,8,2014-02-17,2014-02-23,0,0
"Burkina Faso","BFA",2014,2,9,2014-02-24,2014-03-02,0,0
"Burkina Faso","BFA",2014,3,10,2014-03-03,2014-03-09,0,0
"Burkina Faso","BFA",2014,3,11,2014-03-10,2014-03-16,0,0
"Burkina Faso","BFA",2014,3,12,2014-03-17,2014-03-23,0,0
"Burkina Faso","BFA",2014,3,13,2014-03-24,2014-03-30,0,0
"Burkina Faso","BFA",2014,3,14,2014-03-31,2014-04-06,0,0
"Burkina Faso","BFA",2014,4,15,2014-04-07,2014-04-13,0,0
"Burkina Faso","BFA",2014,4,16,2014-04-14,2014-04-20,0,0
"Burkina Faso","BFA",2014,4,17,2014-04-21,2014-04-27,0,0
"Burkina Faso","BFA",2014,4,18,2014-04-28,2014-05-04,0,0
"Burkina Faso","BFA",2014,5,19,2014-05-05,2014-05-11,0,0
"Burkina Faso","BFA",2014,5,20,2014-05-12,2014-05-18,0,0
"Burkina Faso","BFA",2014,5,21,2014-05-19,2014-05-25,0,0
"Burkina Faso","BFA",2014,5,22,2014-05-26,2014-06-01,0,0
"Burkina Faso","BFA",2014,6,23,2014-06-02,2014-06-08,0,0
"Burkina Faso","BFA",2014,6,24,2014-06-09,2014-06-15,0,0
"Burkina Faso","BFA",2014,6,25,2014-06-16,2014-06-22,0,0
"Burkina Faso","BFA",2014,6,26,2014-06-23,2014-06-29,0,0
"Burkina Faso","BFA",2014,6,27,2014-06-30,2014-07-06,0,0
"Burkina Faso","BFA",2014,7,28,2014-07-07,2014-07-13,0,0
"Burkina Faso","BFA",2014,7,29,2014-07-14,2014-07-20,0,0
"Burkina Faso","BFA",2014,7,30,2014-07-21,2014-07-27,0,0
"Burkina Faso","BFA",2014,7,31,2014-07-28,2014-08-03,0,0
"Burkina Faso","BFA",2014,8,32,2014-08-04,2014-08-10,0,0
"Burkina Faso","BFA",2014,8,33,2014-08-11,2014-08-17,0,0
"Burkina Faso","BFA",2014,8,34,2014-08-18,2014-08-24,0,0
"Burkina Faso","BFA",2014,8,35,2014-08-25,2014-08-31,0,0
"Burkina Faso","BFA",2014,9,36,2014-09-01,2014-09-07,0,0
"Burkina Faso","BFA",2014,9,37,2014-09-08,2014-09-14,0,0
"Burkina Faso","BFA",2014,9,38,2014-09-15,2014-09-21,0,0
"Burkina Faso","BFA",2014,9,39,2014-09-22,2014-09-28,0,0
"Burkina Faso","BFA",2014,9,40,2014-09-29,2014-10-05,0,0
"Burkina Faso","BFA",2014,10,41,2014-10-06,2014-10-12,0,0
"Burkina Faso","BFA",2014,10,42,2014-10-13,2014-10-19,0,0
"Burkina Faso","BFA",2014,10,43,2014-10-20,2014-10-26,0,0
"Burkina Faso","BFA",2014,10,44,2014-10-27,2014-11-02,0,0
"Burkina Faso","BFA",2014,11,45,2014-11-03,2014-11-09,0,0
"Burkina Faso","BFA",2014,11,46,2014-11-10,2014-11-16,0,0
"Burkina Faso","BFA",2014,11,47,2014-11-17,2014-11-23,0,0
"Burkina Faso","BFA",2014,11,48,2014-11-24,2014-11-30,0,0
"Burkina Faso","BFA",2014,12,49,2014-12-01,2014-12-07,0,0
"Burkina Faso","BFA",2014,12,50,2014-12-08,2014-12-14,0,0
"Burkina Faso","BFA",2014,12,51,2014-12-15,2014-12-21,0,0
"Burkina Faso","BFA",2014,12,52,2014-12-22,2014-12-28,0,0
"Burkina Faso","BFA",2015,12,1,2014-12-29,2015-01-04,0,0
"Burkina Faso","BFA",2015,1,2,2015-01-05,2015-01-11,0,0
"Burkina Faso","BFA",2015,1,3,2015-01-12,2015-01-18,0,0
"Burkina Faso","BFA",2015,1,4,2015-01-19,2015-01-25,0,0
"Burkina Faso","BFA",2015,1,5,2015-01-26,2015-02-01,0,0
"Burkina Faso","BFA",2015,2,6,2015-02-02,2015-02-08,0,0
"Burkina Faso","BFA",2015,2,7,2015-02-09,2015-02-15,0,0
"Burkina Faso","BFA",2015,2,8,2015-02-16,2015-02-22,0,0
"Burkina Faso","BFA",2015,2,9,2015-02-23,2015-03-01,0,0
"Burkina Faso","BFA",2015,3,10,2015-03-02,2015-03-08,0,0
"Burkina Faso","BFA",2015,3,11,2015-03-09,2015-03-15,0,0
"Burkina Faso","BFA",2015,3,12,2015-03-16,2015-03-22,0,0
"Burkina Faso","BFA",2015,3,13,2015-03-23,2015-03-29,0,0
"Burkina Faso","BFA",2015,3,14,2015-03-30,2015-04-05,0,0
"Burkina Faso","BFA",2015,4,15,2015-04-06,2015-04-12,0,0
"Burkina Faso","BFA",2015,4,16,2015-04-13,2015-04-19,0,0
"Burkina Faso","BFA",2015,4,17,2015-04-20,2015-04-26,0,0
"Burkina Faso","BFA",2015,4,18,2015-04-27,2015-05-03,0,0
"Burkina Faso","BFA",2015,5,19,2015-05-04,2015-05-10,0,0
"Burkina Faso","BFA",2015,5,20,2015-05-11,2015-05-17,0,0
"Burkina Faso","BFA",2015,5,21,2015-05-18,2015-05-24,0,0
"Burkina Faso","BFA",2015,5,22,2015-05-25,2015-05-31,0,0
"Burkina Faso","BFA",2015,6,23,2015-06-01,2015-06-07,0,0
"Burkina Faso","BFA",2015,6,24,2015-06-08,2015-06-14,0,0
"Burkina Faso","BFA",2015,6,25,2015-06-15,2015-06-21,0,0
"Burkina Faso","BFA",2015,6,26,2015-06-22,2015-06-28,0,0
"Burkina Faso","BFA",2015,6,27,2015-06-29,2015-07-05,0,0
"Burkina Faso","BFA",2015,7,28,2015-07-06,2015-07-12,0,0
"Burkina Faso","BFA",2015,7,29,2015-07-13,2015-07-19,0,0
"Burkina Faso","BFA",2015,7,30,2015-07-20,2015-07-26,0,0
"Burkina Faso","BFA",2015,7,31,2015-07-27,2015-08-02,0,0
"Burkina Faso","BFA",2015,8,32,2015-08-03,2015-08-09,0,0
"Burkina Faso","BFA",2015,8,33,2015-08-10,2015-08-16,0,0
"Burkina Faso","BFA",2015,8,34,2015-08-17,2015-08-23,0,0
"Burkina Faso","BFA",2015,8,35,2015-08-24,2015-08-30,0,0
"Burkina Faso","BFA",2015,8,36,2015-08-31,2015-09-06,0,0
"Burkina Faso","BFA",2015,9,37,2015-09-07,2015-09-13,0,0
"Burkina Faso","BFA",2015,9,38,2015-09-14,2015-09-20,0,0
"Burkina Faso","BFA",2015,9,39,2015-09-21,2015-09-27,0,0
"Burkina Faso","BFA",2015,9,40,2015-09-28,2015-10-04,0,0
"Burkina Faso","BFA",2015,10,41,2015-10-05,2015-10-11,0,0
"Burkina Faso","BFA",2015,10,42,2015-10-12,2015-10-18,0,0
"Burkina Faso","BFA",2015,10,43,2015-10-19,2015-10-25,0,0
"Burkina Faso","BFA",2015,10,44,2015-10-26,2015-11-01,0,0
"Burkina Faso","BFA",2015,11,45,2015-11-02,2015-11-08,0,0
"Burkina Faso","BFA",2015,11,46,2015-11-09,2015-11-15,0,0
"Burkina Faso","BFA",2015,11,47,2015-11-16,2015-11-22,0,0
"Burkina Faso","BFA",2015,11,48,2015-11-23,2015-11-29,0,0
"Burkina Faso","BFA",2015,11,49,2015-11-30,2015-12-06,0,0
"Burkina Faso","BFA",2015,12,50,2015-12-07,2015-12-13,0,0
"Burkina Faso","BFA",2015,12,51,2015-12-14,2015-12-20,0,0
"Burkina Faso","BFA",2015,12,52,2015-12-21,2015-12-27,0,0
"Burkina Faso","BFA",2015,12,53,2015-12-28,2016-01-03,0,0
"Burkina Faso","BFA",2016,1,1,2016-01-04,2016-01-10,0,0
"Burkina Faso","BFA",2016,1,2,2016-01-11,2016-01-17,0,0
"Burkina Faso","BFA",2016,1,3,2016-01-18,2016-01-24,0,0
"Burkina Faso","BFA",2016,1,4,2016-01-25,2016-01-31,0,0
"Burkina Faso","BFA",2016,2,5,2016-02-01,2016-02-07,0,0
"Burkina Faso","BFA",2016,2,6,2016-02-08,2016-02-14,0,0
"Burkina Faso","BFA",2016,2,7,2016-02-15,2016-02-21,0,0
"Burkina Faso","BFA",2016,2,8,2016-02-22,2016-02-28,0,0
"Burkina Faso","BFA",2016,2,9,2016-02-29,2016-03-06,0,0
"Burkina Faso","BFA",2016,3,10,2016-03-07,2016-03-13,0,0
"Burkina Faso","BFA",2016,3,11,2016-03-14,2016-03-20,0,0
"Burkina Faso","BFA",2016,3,12,2016-03-21,2016-03-27,0,0
"Burkina Faso","BFA",2016,3,13,2016-03-28,2016-04-03,0,0
"Burkina Faso","BFA",2016,4,14,2016-04-04,2016-04-10,0,0
"Burkina Faso","BFA",2016,4,15,2016-04-11,2016-04-17,0,0
"Burkina Faso","BFA",2016,4,16,2016-04-18,2016-04-24,0,0
"Burkina Faso","BFA",2016,4,17,2016-04-25,2016-05-01,0,0
"Burkina Faso","BFA",2016,5,18,2016-05-02,2016-05-08,0,0
"Burkina Faso","BFA",2016,5,19,2016-05-09,2016-05-15,0,0
"Burkina Faso","BFA",2016,5,20,2016-05-16,2016-05-22,0,0
"Burkina Faso","BFA",2016,5,21,2016-05-23,2016-05-29,0,0
"Burkina Faso","BFA",2016,5,22,2016-05-30,2016-06-05,0,0
"Burkina Faso","BFA",2016,6,23,2016-06-06,2016-06-12,0,0
"Burkina Faso","BFA",2016,6,24,2016-06-13,2016-06-19,0,0
"Burkina Faso","BFA",2016,6,25,2016-06-20,2016-06-26,0,0
"Burkina Faso","BFA",2016,6,26,2016-06-27,2016-07-03,0,0
"Burkina Faso","BFA",2016,7,27,2016-07-04,2016-07-10,0,0
"Burkina Faso","BFA",2016,7,28,2016-07-11,2016-07-17,0,0
"Burkina Faso","BFA",2016,7,29,2016-07-18,2016-07-24,0,0
"Burkina Faso","BFA",2016,7,30,2016-07-25,2016-07-31,0,0
"Burkina Faso","BFA",2016,8,31,2016-08-01,2016-08-07,0,0
"Burkina Faso","BFA",2016,8,32,2016-08-08,2016-08-14,0,0
"Burkina Faso","BFA",2016,8,33,2016-08-15,2016-08-21,0,0
"Burkina Faso","BFA",2016,8,34,2016-08-22,2016-08-28,0,0
"Burkina Faso","BFA",2016,8,35,2016-08-29,2016-09-04,0,0
"Burkina Faso","BFA",2016,9,36,2016-09-05,2016-09-11,0,0
"Burkina Faso","BFA",2016,9,37,2016-09-12,2016-09-18,0,0
"Burkina Faso","BFA",2016,9,38,2016-09-19,2016-09-25,0,0
"Burkina Faso","BFA",2016,9,39,2016-09-26,2016-10-02,0,0
"Burkina Faso","BFA",2016,10,40,2016-10-03,2016-10-09,0,0
"Burkina Faso","BFA",2016,10,41,2016-10-10,2016-10-16,0,0
"Burkina Faso","BFA",2016,10,42,2016-10-17,2016-10-23,0,0
"Burkina Faso","BFA",2016,10,43,2016-10-24,2016-10-30,0,0
"Burkina Faso","BFA",2016,10,44,2016-10-31,2016-11-06,0,0
"Burkina Faso","BFA",2016,11,45,2016-11-07,2016-11-13,0,0
"Burkina Faso","BFA",2016,11,46,2016-11-14,2016-11-20,0,0
"Burkina Faso","BFA",2016,11,47,2016-11-21,2016-11-27,0,0
"Burkina Faso","BFA",2016,11,48,2016-11-28,2016-12-04,0,0
"Burkina Faso","BFA",2016,12,49,2016-12-05,2016-12-11,0,0
"Burkina Faso","BFA",2016,12,50,2016-12-12,2016-12-18,0,0
"Burkina Faso","BFA",2016,12,51,2016-12-19,2016-12-25,0,0
"Burkina Faso","BFA",2016,12,52,2016-12-26,2017-01-01,0,0
"Burkina Faso","BFA",2017,1,1,2017-01-02,2017-01-08,0,0
"Burkina Faso","BFA",2017,1,2,2017-01-09,2017-01-15,0,0
"Burkina Faso","BFA",2017,1,3,2017-01-16,2017-01-22,0,0
"Burkina Faso","BFA",2017,1,4,2017-01-23,2017-01-29,0,0
"Burkina Faso","BFA",2017,1,5,2017-01-30,2017-02-05,0,0
"Burkina Faso","BFA",2017,2,6,2017-02-06,2017-02-12,0,0
"Burkina Faso","BFA",2017,2,7,2017-02-13,2017-02-19,0,0
"Burkina Faso","BFA",2017,2,8,2017-02-20,2017-02-26,0,0
"Burkina Faso","BFA",2017,2,9,2017-02-27,2017-03-05,0,0
"Burkina Faso","BFA",2017,3,10,2017-03-06,2017-03-12,0,0
"Burkina Faso","BFA",2017,3,11,2017-03-13,2017-03-19,0,0
"Burkina Faso","BFA",2017,3,12,2017-03-20,2017-03-26,0,0
"Burkina Faso","BFA",2017,3,13,2017-03-27,2017-04-02,0,0
"Burkina Faso","BFA",2017,4,14,2017-04-03,2017-04-09,0,0
"Burkina Faso","BFA",2017,4,15,2017-04-10,2017-04-16,0,0
"Burkina Faso","BFA",2017,4,16,2017-04-17,2017-04-23,0,0
"Burkina Faso","BFA",2017,4,17,2017-04-24,2017-04-30,0,0
"Burkina Faso","BFA",2017,5,18,2017-05-01,2017-05-07,0,0
"Burkina Faso","BFA",2017,5,19,2017-05-08,2017-05-14,0,0
"Burkina Faso","BFA",2017,5,20,2017-05-15,2017-05-21,0,0
"Burkina Faso","BFA",2017,5,21,2017-05-22,2017-05-28,0,0
"Burkina Faso","BFA",2017,5,22,2017-05-29,2017-06-04,0,0
"Burkina Faso","BFA",2017,6,23,2017-06-05,2017-06-11,0,0
"Burkina Faso","BFA",2017,6,24,2017-06-12,2017-06-18,0,0
"Burkina Faso","BFA",2017,6,25,2017-06-19,2017-06-25,0,0
"Burkina Faso","BFA",2017,6,26,2017-06-26,2017-07-02,0,0
"Burkina Faso","BFA",2017,7,27,2017-07-03,2017-07-09,0,0
"Burkina Faso","BFA",2017,7,28,2017-07-10,2017-07-16,0,0
"Burkina Faso","BFA",2017,7,29,2017-07-17,2017-07-23,0,0
"Burkina Faso","BFA",2017,7,30,2017-07-24,2017-07-30,0,0
"Burkina Faso","BFA",2017,7,31,2017-07-31,2017-08-06,0,0
"Burkina Faso","BFA",2017,8,32,2017-08-07,2017-08-13,0,0
"Burkina Faso","BFA",2017,8,33,2017-08-14,2017-08-20,0,0
"Burkina Faso","BFA",2017,8,34,2017-08-21,2017-08-27,0,0
"Burkina Faso","BFA",2017,8,35,2017-08-28,2017-09-03,0,0
"Burkina Faso","BFA",2017,9,36,2017-09-04,2017-09-10,0,0
"Burkina Faso","BFA",2017,9,37,2017-09-11,2017-09-17,0,0
"Burkina Faso","BFA",2017,9,38,2017-09-18,2017-09-24,0,0
"Burkina Faso","BFA",2017,9,39,2017-09-25,2017-10-01,0,0
"Burkina Faso","BFA",2017,10,40,2017-10-02,2017-10-08,0,0
"Burkina Faso","BFA",2017,10,41,2017-10-09,2017-10-15,0,0
"Burkina Faso","BFA",2017,10,42,2017-10-16,2017-10-22,0,0
"Burkina Faso","BFA",2017,10,43,2017-10-23,2017-10-29,0,0
"Burkina Faso","BFA",2017,10,44,2017-10-30,2017-11-05,0,0
"Burkina Faso","BFA",2017,11,45,2017-11-06,2017-11-12,0,0
"Burkina Faso","BFA",2017,11,46,2017-11-13,2017-11-19,0,0
"Burkina Faso","BFA",2017,11,47,2017-11-20,2017-11-26,0,0
"Burkina Faso","BFA",2017,11,48,2017-11-27,2017-12-03,0,0
"Burkina Faso","BFA",2017,12,49,2017-12-04,2017-12-10,0,0
"Burkina Faso","BFA",2017,12,50,2017-12-11,2017-12-17,0,0
"Burkina Faso","BFA",2017,12,51,2017-12-18,2017-12-24,0,0
"Burkina Faso","BFA",2017,12,52,2017-12-25,2017-12-31,0,0
"Burkina Faso","BFA",2018,1,1,2018-01-01,2018-01-07,0,0
"Burkina Faso","BFA",2018,1,2,2018-01-08,2018-01-14,0,0
"Burkina Faso","BFA",2018,1,3,2018-01-15,2018-01-21,0,0
"Burkina Faso","BFA",2018,1,4,2018-01-22,2018-01-28,0,0
"Burkina Faso","BFA",2018,1,5,2018-01-29,2018-02-04,0,0
"Burkina Faso","BFA",2018,2,6,2018-02-05,2018-02-11,0,0
"Burkina Faso","BFA",2018,2,7,2018-02-12,2018-02-18,0,0
"Burkina Faso","BFA",2018,2,8,2018-02-19,2018-02-25,0,0
"Burkina Faso","BFA",2018,2,9,2018-02-26,2018-03-04,0,0
"Burkina Faso","BFA",2018,3,10,2018-03-05,2018-03-11,0,0
"Burkina Faso","BFA",2018,3,11,2018-03-12,2018-03-18,0,0
"Burkina Faso","BFA",2018,3,12,2018-03-19,2018-03-25,0,0
"Burkina Faso","BFA",2018,3,13,2018-03-26,2018-04-01,0,0
"Burkina Faso","BFA",2018,4,14,2018-04-02,2018-04-08,0,0
"Burkina Faso","BFA",2018,4,15,2018-04-09,2018-04-15,0,0
"Burkina Faso","BFA",2018,4,16,2018-04-16,2018-04-22,0,0
"Burkina Faso","BFA",2018,4,17,2018-04-23,2018-04-29,0,0
"Burkina Faso","BFA",2018,4,18,2018-04-30,2018-05-06,0,0
"Burkina Faso","BFA",2018,5,19,2018-05-07,2018-05-13,0,0
"Burkina Faso","BFA",2018,5,20,2018-05-14,2018-05-20,0,0
"Burkina Faso","BFA",2018,5,21,2018-05-21,2018-05-27,0,0
"Burkina Faso","BFA",2018,5,22,2018-05-28,2018-06-03,0,0
"Burkina Faso","BFA",2018,6,23,2018-06-04,2018-06-10,0,0
"Burkina Faso","BFA",2018,6,24,2018-06-11,2018-06-17,0,0
"Burkina Faso","BFA",2018,6,25,2018-06-18,2018-06-24,0,0
"Burkina Faso","BFA",2018,6,26,2018-06-25,2018-07-01,0,0
"Burkina Faso","BFA",2018,7,27,2018-07-02,2018-07-08,0,0
"Burkina Faso","BFA",2018,7,28,2018-07-09,2018-07-15,0,0
"Burkina Faso","BFA",2018,7,29,2018-07-16,2018-07-22,0,0
"Burkina Faso","BFA",2018,7,30,2018-07-23,2018-07-29,0,0
"Burkina Faso","BFA",2018,7,31,2018-07-30,2018-08-05,0,0
"Burkina Faso","BFA",2018,8,32,2018-08-06,2018-08-12,0,0
"Burkina Faso","BFA",2018,8,33,2018-08-13,2018-08-19,0,0
"Burkina Faso","BFA",2018,8,34,2018-08-20,2018-08-26,0,0
"Burkina Faso","BFA",2018,8,35,2018-08-27,2018-09-02,0,0
"Burkina Faso","BFA",2018,9,36,2018-09-03,2018-09-09,0,0
"Burkina Faso","BFA",2018,9,37,2018-09-10,2018-09-16,0,0
"Burkina Faso","BFA",2018,9,38,2018-09-17,2018-09-23,0,0
"Burkina Faso","BFA",2018,9,39,2018-09-24,2018-09-30,0,0
"Burkina Faso","BFA",2018,10,40,2018-10-01,2018-10-07,0,0
"Burkina Faso","BFA",2018,10,41,2018-10-08,2018-10-14,0,0
"Burkina Faso","BFA",2018,10,42,2018-10-15,2018-10-21,0,0
"Burkina Faso","BFA",2018,10,43,2018-10-22,2018-10-28,0,0
"Burkina Faso","BFA",2018,10,44,2018-10-29,2018-11-04,0,0
"Burkina Faso","BFA",2018,11,45,2018-11-05,2018-11-11,0,0
"Burkina Faso","BFA",2018,11,46,2018-11-12,2018-11-18,0,0
"Burkina Faso","BFA",2018,11,47,2018-11-19,2018-11-25,0,0
"Burkina Faso","BFA",2018,11,48,2018-11-26,2018-12-02,0,0
"Burkina Faso","BFA",2018,12,49,2018-12-03,2018-12-09,0,0
"Burkina Faso","BFA",2018,12,50,2018-12-10,2018-12-16,0,0
"Burkina Faso","BFA",2018,12,51,2018-12-17,2018-12-23,0,0
"Burkina Faso","BFA",2018,12,52,2018-12-24,2018-12-30,0,0
"Burkina Faso","BFA",2019,12,1,2018-12-31,2019-01-06,0,0
"Burkina Faso","BFA",2019,1,2,2019-01-07,2019-01-13,0,0
"Burkina Faso","BFA",2019,1,3,2019-01-14,2019-01-20,0,0
"Burkina Faso","BFA",2019,1,4,2019-01-21,2019-01-27,0,0
"Burkina Faso","BFA",2019,1,5,2019-01-28,2019-02-03,0,0
"Burkina Faso","BFA",2019,2,6,2019-02-04,2019-02-10,0,0
"Burkina Faso","BFA",2019,2,7,2019-02-11,2019-02-17,0,0
"Burkina Faso","BFA",2019,2,8,2019-02-18,2019-02-24,0,0
"Burkina Faso","BFA",2019,2,9,2019-02-25,2019-03-03,0,0
"Burkina Faso","BFA",2019,3,10,2019-03-04,2019-03-10,0,0
"Burkina Faso","BFA",2019,3,11,2019-03-11,2019-03-17,0,0
"Burkina Faso","BFA",2019,3,12,2019-03-18,2019-03-24,0,0
"Burkina Faso","BFA",2019,3,13,2019-03-25,2019-03-31,0,0
"Burkina Faso","BFA",2019,4,14,2019-04-01,2019-04-07,0,0
"Burkina Faso","BFA",2019,4,15,2019-04-08,2019-04-14,0,0
"Burkina Faso","BFA",2019,4,16,2019-04-15,2019-04-21,0,0
"Burkina Faso","BFA",2019,4,17,2019-04-22,2019-04-28,0,0
"Burkina Faso","BFA",2019,4,18,2019-04-29,2019-05-05,0,0
"Burkina Faso","BFA",2019,5,19,2019-05-06,2019-05-12,0,0
"Burkina Faso","BFA",2019,5,20,2019-05-13,2019-05-19,0,0
"Burkina Faso","BFA",2019,5,21,2019-05-20,2019-05-26,0,0
"Burkina Faso","BFA",2019,5,22,2019-05-27,2019-06-02,0,0
"Burkina Faso","BFA",2019,6,23,2019-06-03,2019-06-09,0,0
"Burkina Faso","BFA",2019,6,24,2019-06-10,2019-06-16,0,0
"Burkina Faso","BFA",2019,6,25,2019-06-17,2019-06-23,0,0
"Burkina Faso","BFA",2019,6,26,2019-06-24,2019-06-30,0,0
"Burkina Faso","BFA",2019,7,27,2019-07-01,2019-07-07,0,0
"Burkina Faso","BFA",2019,7,28,2019-07-08,2019-07-14,0,0
"Burkina Faso","BFA",2019,7,29,2019-07-15,2019-07-21,0,0
"Burkina Faso","BFA",2019,7,30,2019-07-22,2019-07-28,0,0
"Burkina Faso","BFA",2019,7,31,2019-07-29,2019-08-04,0,0
"Burkina Faso","BFA",2019,8,32,2019-08-05,2019-08-11,0,0
"Burkina Faso","BFA",2019,8,33,2019-08-12,2019-08-18,0,0
"Burkina Faso","BFA",2019,8,34,2019-08-19,2019-08-25,0,0
"Burkina Faso","BFA",2019,8,35,2019-08-26,2019-09-01,0,0
"Burkina Faso","BFA",2019,9,36,2019-09-02,2019-09-08,0,0
"Burkina Faso","BFA",2019,9,37,2019-09-09,2019-09-15,0,0
"Burkina Faso","BFA",2019,9,38,2019-09-16,2019-09-22,0,0
"Burkina Faso","BFA",2019,9,39,2019-09-23,2019-09-29,0,0
"Burkina Faso","BFA",2019,9,40,2019-09-30,2019-10-06,0,0
"Burkina Faso","BFA",2019,10,41,2019-10-07,2019-10-13,0,0
"Burkina Faso","BFA",2019,10,42,2019-10-14,2019-10-20,0,0
"Burkina Faso","BFA",2019,10,43,2019-10-21,2019-10-27,0,0
"Burkina Faso","BFA",2019,10,44,2019-10-28,2019-11-03,0,0
"Burkina Faso","BFA",2019,11,45,2019-11-04,2019-11-10,0,0
"Burkina Faso","BFA",2019,11,46,2019-11-11,2019-11-17,0,0
"Burkina Faso","BFA",2019,11,47,2019-11-18,2019-11-24,0,0
"Burkina Faso","BFA",2019,11,48,2019-11-25,2019-12-01,0,0
"Burkina Faso","BFA",2019,12,49,2019-12-02,2019-12-08,0,0
"Burkina Faso","BFA",2019,12,50,2019-12-09,2019-12-15,0,0
"Burkina Faso","BFA",2019,12,51,2019-12-16,2019-12-22,0,0
"Burkina Faso","BFA",2019,12,52,2019-12-23,2019-12-29,0,0
"Burkina Faso","BFA",2020,12,1,2019-12-30,2020-01-05,0,0
"Burkina Faso","BFA",2020,1,2,2020-01-06,2020-01-12,0,0
"Burkina Faso","BFA",2020,1,3,2020-01-13,2020-01-19,0,0
"Burkina Faso","BFA",2020,1,4,2020-01-20,2020-01-26,0,0
"Burkina Faso","BFA",2020,1,5,2020-01-27,2020-02-02,0,0
"Burkina Faso","BFA",2020,2,6,2020-02-03,2020-02-09,0,0
"Burkina Faso","BFA",2020,2,7,2020-02-10,2020-02-16,0,0
"Burkina Faso","BFA",2020,2,8,2020-02-17,2020-02-23,0,0
"Burkina Faso","BFA",2020,2,9,2020-02-24,2020-03-01,0,0
"Burkina Faso","BFA",2020,3,10,2020-03-02,2020-03-08,0,0
"Burkina Faso","BFA",2020,3,11,2020-03-09,2020-03-15,0,0
"Burkina Faso","BFA",2020,3,12,2020-03-16,2020-03-22,0,0
"Burkina Faso","BFA",2020,3,13,2020-03-23,2020-03-29,0,0
"Burkina Faso","BFA",2020,3,14,2020-03-30,2020-04-05,0,0
"Burkina Faso","BFA",2020,4,15,2020-04-06,2020-04-12,0,0
"Burkina Faso","BFA",2020,4,16,2020-04-13,2020-04-19,0,0
"Burkina Faso","BFA",2020,4,17,2020-04-20,2020-04-26,0,0
"Burkina Faso","BFA",2020,4,18,2020-04-27,2020-05-03,0,0
"Burkina Faso","BFA",2020,5,19,2020-05-04,2020-05-10,0,0
"Burkina Faso","BFA",2020,5,20,2020-05-11,2020-05-17,0,0
"Burkina Faso","BFA",2020,5,21,2020-05-18,2020-05-24,0,0
"Burkina Faso","BFA",2020,5,22,2020-05-25,2020-05-31,0,0
"Burkina Faso","BFA",2020,6,23,2020-06-01,2020-06-07,0,0
"Burkina Faso","BFA",2020,6,24,2020-06-08,2020-06-14,0,0
"Burkina Faso","BFA",2020,6,25,2020-06-15,2020-06-21,0,0
"Burkina Faso","BFA",2020,6,26,2020-06-22,2020-06-28,0,0
"Burkina Faso","BFA",2020,6,27,2020-06-29,2020-07-05,0,0
"Burkina Faso","BFA",2020,7,28,2020-07-06,2020-07-12,0,0
"Burkina Faso","BFA",2020,7,29,2020-07-13,2020-07-19,0,0
"Burkina Faso","BFA",2020,7,30,2020-07-20,2020-07-26,0,0
"Burkina Faso","BFA",2020,7,31,2020-07-27,2020-08-02,0,0
"Burkina Faso","BFA",2020,8,32,2020-08-03,2020-08-09,0,0
"Burkina Faso","BFA",2020,8,33,2020-08-10,2020-08-16,0,0
"Burkina Faso","BFA",2020,8,34,2020-08-17,2020-08-23,0,0
"Burkina Faso","BFA",2020,8,35,2020-08-24,2020-08-30,0,0
"Burkina Faso","BFA",2020,8,36,2020-08-31,2020-09-06,0,0
"Burkina Faso","BFA",2020,9,37,2020-09-07,2020-09-13,0,0
"Burkina Faso","BFA",2020,9,38,2020-09-14,2020-09-20,0,0
"Burkina Faso","BFA",2020,9,39,2020-09-21,2020-09-27,0,0
"Burkina Faso","BFA",2020,9,40,2020-09-28,2020-10-04,0,0
"Burkina Faso","BFA",2020,10,41,2020-10-05,2020-10-11,0,0
"Burkina Faso","BFA",2020,10,42,2020-10-12,2020-10-18,0,0
"Burkina Faso","BFA",2020,10,43,2020-10-19,2020-10-25,0,0
"Burkina Faso","BFA",2020,10,44,2020-10-26,2020-11-01,0,0
"Burkina Faso","BFA",2020,11,45,2020-11-02,2020-11-08,0,0
"Burkina Faso","BFA",2020,11,46,2020-11-09,2020-11-15,0,0
"Burkina Faso","BFA",2020,11,47,2020-11-16,2020-11-22,0,0
"Burkina Faso","BFA",2020,11,48,2020-11-23,2020-11-29,0,0
"Burkina Faso","BFA",2020,11,49,2020-11-30,2020-12-06,0,0
"Burkina Faso","BFA",2020,12,50,2020-12-07,2020-12-13,0,0
"Burkina Faso","BFA",2020,12,51,2020-12-14,2020-12-20,0,0
"Burkina Faso","BFA",2020,12,52,2020-12-21,2020-12-27,0,0
"Burkina Faso","BFA",2020,12,53,2020-12-28,2021-01-03,0,0
"Burkina Faso","BFA",2021,1,1,2021-01-04,2021-01-10,0,0
"Burkina Faso","BFA",2021,1,2,2021-01-11,2021-01-17,0,0
"Burkina Faso","BFA",2021,1,3,2021-01-18,2021-01-24,0,0
"Burkina Faso","BFA",2021,1,4,2021-01-25,2021-01-31,0,0
"Burkina Faso","BFA",2021,2,5,2021-02-01,2021-02-07,0,0
"Burkina Faso","BFA",2021,2,6,2021-02-08,2021-02-14,0,0
"Burkina Faso","BFA",2021,2,7,2021-02-15,2021-02-21,0,0
"Burkina Faso","BFA",2021,2,8,2021-02-22,2021-02-28,0,0
"Burkina Faso","BFA",2021,3,9,2021-03-01,2021-03-07,0,0
"Burkina Faso","BFA",2021,3,10,2021-03-08,2021-03-14,0,0
"Burkina Faso","BFA",2021,3,11,2021-03-15,2021-03-21,0,0
"Burkina Faso","BFA",2021,3,12,2021-03-22,2021-03-28,0,0
"Burkina Faso","BFA",2021,3,13,2021-03-29,2021-04-04,0,0
"Burkina Faso","BFA",2021,4,14,2021-04-05,2021-04-11,0,0
"Burkina Faso","BFA",2021,4,15,2021-04-12,2021-04-18,0,0
"Burkina Faso","BFA",2021,4,16,2021-04-19,2021-04-25,0,0
"Burkina Faso","BFA",2021,4,17,2021-04-26,2021-05-02,0,0
"Burkina Faso","BFA",2021,5,18,2021-05-03,2021-05-09,0,0
"Burkina Faso","BFA",2021,5,19,2021-05-10,2021-05-16,0,0
"Burkina Faso","BFA",2021,5,20,2021-05-17,2021-05-23,0,0
"Burkina Faso","BFA",2021,5,21,2021-05-24,2021-05-30,0,0
"Burkina Faso","BFA",2021,5,22,2021-05-31,2021-06-06,0,0
"Burkina Faso","BFA",2021,6,23,2021-06-07,2021-06-13,0,0
"Burkina Faso","BFA",2021,6,24,2021-06-14,2021-06-20,0,0
"Burkina Faso","BFA",2021,6,25,2021-06-21,2021-06-27,0,0
"Burkina Faso","BFA",2021,6,26,2021-06-28,2021-07-04,0,0
"Burkina Faso","BFA",2021,7,27,2021-07-05,2021-07-11,0,0
"Burkina Faso","BFA",2021,7,28,2021-07-12,2021-07-18,0,0
"Burkina Faso","BFA",2021,7,29,2021-07-19,2021-07-25,0,0
"Burkina Faso","BFA",2021,7,30,2021-07-26,2021-08-01,0,0
"Burkina Faso","BFA",2021,8,31,2021-08-02,2021-08-08,0,0
"Burkina Faso","BFA",2021,8,32,2021-08-09,2021-08-15,1,0
"Burkina Faso","BFA",2021,8,33,2021-08-16,2021-08-22,0,0
"Burkina Faso","BFA",2021,8,34,2021-08-23,2021-08-29,1,0
"Burkina Faso","BFA",2021,8,35,2021-08-30,2021-09-05,0,0
"Burkina Faso","BFA",2021,9,36,2021-09-06,2021-09-12,0,0
"Burkina Faso","BFA",2021,9,37,2021-09-13,2021-09-19,1,0
"Burkina Faso","BFA",2021,9,38,2021-09-20,2021-09-26,0,0
"Burkina Faso","BFA",2021,9,39,2021-09-27,2021-10-03,0,0
"Burkina Faso","BFA",2021,10,40,2021-10-04,2021-10-10,0,0
"Burkina Faso","BFA",2021,10,41,2021-10-11,2021-10-17,0,0
"Burkina Faso","BFA",2021,10,42,2021-10-18,2021-10-24,0,0
"Burkina Faso","BFA",2021,10,43,2021-10-25,2021-10-31,0,0
"Burkina Faso","BFA",2021,11,44,2021-11-01,2021-11-07,0,0
"Burkina Faso","BFA",2021,11,45,2021-11-08,2021-11-14,0,0
"Burkina Faso","BFA",2021,11,46,2021-11-15,2021-11-21,0,0
"Burkina Faso","BFA",2021,11,47,2021-11-22,2021-11-28,0,0
"Burkina Faso","BFA",2021,11,48,2021-11-29,2021-12-05,0,0
"Burkina Faso","BFA",2021,12,49,2021-12-06,2021-12-12,0,0
"Burkina Faso","BFA",2021,12,50,2021-12-13,2021-12-19,0,0
"Burkina Faso","BFA",2021,12,51,2021-12-20,2021-12-26,0,0
"Burkina Faso","BFA",2021,12,52,2021-12-27,2022-01-02,0,0
"Burkina Faso","BFA",2022,1,1,2022-01-03,2022-01-09,0,0
"Burkina Faso","BFA",2022,1,2,2022-01-10,2022-01-16,0,0
"Burkina Faso","BFA",2022,1,3,2022-01-17,2022-01-23,0,0
"Burkina Faso","BFA",2022,1,4,2022-01-24,2022-01-30,0,0
"Burkina Faso","BFA",2022,1,5,2022-01-31,2022-02-06,0,0
"Burkina Faso","BFA",2022,2,6,2022-02-07,2022-02-13,0,0
"Burkina Faso","BFA",2022,2,7,2022-02-14,2022-02-20,0,0
"Burkina Faso","BFA",2022,2,8,2022-02-21,2022-02-27,0,0
"Burkina Faso","BFA",2022,2,9,2022-02-28,2022-03-06,0,0
"Burkina Faso","BFA",2022,3,10,2022-03-07,2022-03-13,0,0
"Burkina Faso","BFA",2022,3,11,2022-03-14,2022-03-20,0,0
"Burkina Faso","BFA",2022,3,12,2022-03-21,2022-03-27,0,0
"Burkina Faso","BFA",2022,3,13,2022-03-28,2022-04-03,0,0
"Burkina Faso","BFA",2022,4,14,2022-04-04,2022-04-10,0,0
"Burkina Faso","BFA",2022,4,15,2022-04-11,2022-04-17,0,0
"Burkina Faso","BFA",2022,4,16,2022-04-18,2022-04-24,0,0
"Burkina Faso","BFA",2022,4,17,2022-04-25,2022-05-01,0,0
"Burkina Faso","BFA",2022,5,18,2022-05-02,2022-05-08,0,0
"Burkina Faso","BFA",2022,5,19,2022-05-09,2022-05-15,0,0
"Burkina Faso","BFA",2022,5,20,2022-05-16,2022-05-22,0,0
"Burkina Faso","BFA",2022,5,21,2022-05-23,2022-05-29,0,0
"Burkina Faso","BFA",2022,5,22,2022-05-30,2022-06-05,0,0
"Burkina Faso","BFA",2022,6,23,2022-06-06,2022-06-12,0,0
"Burkina Faso","BFA",2022,6,24,2022-06-13,2022-06-19,0,0
"Burkina Faso","BFA",2022,6,25,2022-06-20,2022-06-26,0,0
"Burkina Faso","BFA",2022,6,26,2022-06-27,2022-07-03,1,0
"Burkina Faso","BFA",2022,7,27,2022-07-04,2022-07-10,2,0
"Burkina Faso","BFA",2022,7,28,2022-07-11,2022-07-17,1,0
"Burkina Faso","BFA",2022,7,29,2022-07-18,2022-07-24,0,0
"Burkina Faso","BFA",2022,7,30,2022-07-25,2022-07-31,0,0
"Burkina Faso","BFA",2022,8,31,2022-08-01,2022-08-07,0,0
"Burkina Faso","BFA",2022,8,32,2022-08-08,2022-08-14,0,0
"Burkina Faso","BFA",2022,8,33,2022-08-15,2022-08-21,0,0
"Burkina Faso","BFA",2022,8,34,2022-08-22,2022-08-28,0,0
"Burkina Faso","BFA",2022,8,35,2022-08-29,2022-09-04,0,0
"Burkina Faso","BFA",2022,9,36,2022-09-05,2022-09-11,0,0
"Burkina Faso","BFA",2022,9,37,2022-09-12,2022-09-18,0,0
"Burkina Faso","BFA",2022,9,38,2022-09-19,2022-09-25,0,0
"Burkina Faso","BFA",2022,9,39,2022-09-26,2022-10-02,0,0
"Burkina Faso","BFA",2022,10,40,2022-10-03,2022-10-09,0,0
"Burkina Faso","BFA",2022,10,41,2022-10-10,2022-10-16,0,0
"Burkina Faso","BFA",2022,10,42,2022-10-17,2022-10-23,0,0
"Burkina Faso","BFA",2022,10,43,2022-10-24,2022-10-30,0,0
"Burkina Faso","BFA",2022,10,44,2022-10-31,2022-11-06,0,0
"Burkina Faso","BFA",2022,11,45,2022-11-07,2022-11-13,0,0
"Burkina Faso","BFA",2022,11,46,2022-11-14,2022-11-20,0,0
"Burkina Faso","BFA",2022,11,47,2022-11-21,2022-11-27,0,0
"Burkina Faso","BFA",2022,11,48,2022-11-28,2022-12-04,0,0
"Burkina Faso","BFA",2022,12,49,2022-12-05,2022-12-11,0,0
"Burkina Faso","BFA",2022,12,50,2022-12-12,2022-12-18,0,0
"Burkina Faso","BFA",2022,12,51,2022-12-19,2022-12-25,0,0
"Burkina Faso","BFA",2022,12,52,2022-12-26,2023-01-01,0,0
"Burkina Faso","BFA",2023,1,1,2023-01-02,2023-01-08,0,0
"Burkina Faso","BFA",2023,1,2,2023-01-09,2023-01-15,0,0
"Burkina Faso","BFA",2023,1,3,2023-01-16,2023-01-22,0,0
"Burkina Faso","BFA",2023,1,4,2023-01-23,2023-01-29,0,0
"Burkina Faso","BFA",2023,1,5,2023-01-30,2023-02-05,0,0
"Burkina Faso","BFA",2023,2,6,2023-02-06,2023-02-12,0,0
"Burkina Faso","BFA",2023,2,7,2023-02-13,2023-02-19,0,0
"Burkina Faso","BFA",2023,2,8,2023-02-20,2023-02-26,0,0
"Central African Republic","CAF",2013,11,45,2013-11-04,2013-11-10,0,0
"Central African Republic","CAF",2013,11,46,2013-11-11,2013-11-17,0,0
"Central African Republic","CAF",2013,11,47,2013-11-18,2013-11-24,0,0
"Central African Republic","CAF",2013,11,48,2013-11-25,2013-12-01,0,0
"Central African Republic","CAF",2013,12,49,2013-12-02,2013-12-08,0,0
"Central African Republic","CAF",2013,12,50,2013-12-09,2013-12-15,0,0
"Central African Republic","CAF",2013,12,51,2013-12-16,2013-12-22,0,0
"Central African Republic","CAF",2013,12,52,2013-12-23,2013-12-29,0,0
"Central African Republic","CAF",2014,12,1,2013-12-30,2014-01-05,0,0
"Central African Republic","CAF",2014,1,2,2014-01-06,2014-01-12,0,0
"Central African Republic","CAF",2014,1,3,2014-01-13,2014-01-19,0,0
"Central African Republic","CAF",2014,1,4,2014-01-20,2014-01-26,0,0
"Central African Republic","CAF",2014,1,5,2014-01-27,2014-02-02,0,0
"Central African Republic","CAF",2014,2,6,2014-02-03,2014-02-09,0,0
"Central African Republic","CAF",2014,2,7,2014-02-10,2014-02-16,0,0
"Central African Republic","CAF",2014,2,8,2014-02-17,2014-02-23,0,0
"Central African Republic","CAF",2014,2,9,2014-02-24,2014-03-02,0,0
"Central African Republic","CAF",2014,3,10,2014-03-03,2014-03-09,0,0
"Central African Republic","CAF",2014,3,11,2014-03-10,2014-03-16,0,0
"Central African Republic","CAF",2014,3,12,2014-03-17,2014-03-23,0,0
"Central African Republic","CAF",2014,3,13,2014-03-24,2014-03-30,0,0
"Central African Republic","CAF",2014,3,14,2014-03-31,2014-04-06,0,0
"Central African Republic","CAF",2014,4,15,2014-04-07,2014-04-13,0,0
"Central African Republic","CAF",2014,4,16,2014-04-14,2014-04-20,0,0
"Central African Republic","CAF",2014,4,17,2014-04-21,2014-04-27,0,0
"Central African Republic","CAF",2014,4,18,2014-04-28,2014-05-04,0,0
"Central African Republic","CAF",2014,5,19,2014-05-05,2014-05-11,0,0
"Central African Republic","CAF",2014,5,20,2014-05-12,2014-05-18,0,0
"Central African Republic","CAF",2014,5,21,2014-05-19,2014-05-25,0,0
"Central African Republic","CAF",2014,5,22,2014-05-26,2014-06-01,0,0
"Central African Republic","CAF",2014,6,23,2014-06-02,2014-06-08,0,0
"Central African Republic","CAF",2014,6,24,2014-06-09,2014-06-15,0,0
"Central African Republic","CAF",2014,6,25,2014-06-16,2014-06-22,0,0
"Central African Republic","CAF",2014,6,26,2014-06-23,2014-06-29,0,0
"Central African Republic","CAF",2014,6,27,2014-06-30,2014-07-06,0,0
"Central African Republic","CAF",2014,7,28,2014-07-07,2014-07-13,0,0
"Central African Republic","CAF",2014,7,29,2014-07-14,2014-07-20,0,0
"Central African Republic","CAF",2014,7,30,2014-07-21,2014-07-27,0,0
"Central African Republic","CAF",2014,7,31,2014-07-28,2014-08-03,0,0
"Central African Republic","CAF",2014,8,32,2014-08-04,2014-08-10,0,0
"Central African Republic","CAF",2014,8,33,2014-08-11,2014-08-17,0,0
"Central African Republic","CAF",2014,8,34,2014-08-18,2014-08-24,0,0
"Central African Republic","CAF",2014,8,35,2014-08-25,2014-08-31,0,0
"Central African Republic","CAF",2014,9,36,2014-09-01,2014-09-07,0,0
"Central African Republic","CAF",2014,9,37,2014-09-08,2014-09-14,0,0
"Central African Republic","CAF",2014,9,38,2014-09-15,2014-09-21,0,0
"Central African Republic","CAF",2014,9,39,2014-09-22,2014-09-28,0,0
"Central African Republic","CAF",2014,9,40,2014-09-29,2014-10-05,0,0
"Central African Republic","CAF",2014,10,41,2014-10-06,2014-10-12,0,0
"Central African Republic","CAF",2014,10,42,2014-10-13,2014-10-19,0,0
"Central African Republic","CAF",2014,10,43,2014-10-20,2014-10-26,0,0
"Central African Republic","CAF",2014,10,44,2014-10-27,2014-11-02,0,0
"Central African Republic","CAF",2014,11,45,2014-11-03,2014-11-09,0,0
"Central African Republic","CAF",2014,11,46,2014-11-10,2014-11-16,0,0
"Central African Republic","CAF",2014,11,47,2014-11-17,2014-11-23,0,0
"Central African Republic","CAF",2014,11,48,2014-11-24,2014-11-30,0,0
"Central African Republic","CAF",2014,12,49,2014-12-01,2014-12-07,0,0
"Central African Republic","CAF",2014,12,50,2014-12-08,2014-12-14,0,0
"Central African Republic","CAF",2014,12,51,2014-12-15,2014-12-21,0,0
"Central African Republic","CAF",2014,12,52,2014-12-22,2014-12-28,0,0
"Central African Republic","CAF",2015,12,1,2014-12-29,2015-01-04,0,0
"Central African Republic","CAF",2015,1,2,2015-01-05,2015-01-11,0,0
"Central African Republic","CAF",2015,1,3,2015-01-12,2015-01-18,0,0
"Central African Republic","CAF",2015,1,4,2015-01-19,2015-01-25,0,0
"Central African Republic","CAF",2015,1,5,2015-01-26,2015-02-01,0,0
"Central African Republic","CAF",2015,2,6,2015-02-02,2015-02-08,0,0
"Central African Republic","CAF",2015,2,7,2015-02-09,2015-02-15,0,0
"Central African Republic","CAF",2015,2,8,2015-02-16,2015-02-22,0,0
"Central African Republic","CAF",2015,2,9,2015-02-23,2015-03-01,0,0
"Central African Republic","CAF",2015,3,10,2015-03-02,2015-03-08,0,0
"Central African Republic","CAF",2015,3,11,2015-03-09,2015-03-15,0,0
"Central African Republic","CAF",2015,3,12,2015-03-16,2015-03-22,0,0
"Central African Republic","CAF",2015,3,13,2015-03-23,2015-03-29,0,0
"Central African Republic","CAF",2015,3,14,2015-03-30,2015-04-05,0,0
"Central African Republic","CAF",2015,4,15,2015-04-06,2015-04-12,0,0
"Central African Republic","CAF",2015,4,16,2015-04-13,2015-04-19,0,0
"Central African Republic","CAF",2015,4,17,2015-04-20,2015-04-26,0,0
"Central African Republic","CAF",2015,4,18,2015-04-27,2015-05-03,0,0
"Central African Republic","CAF",2015,5,19,2015-05-04,2015-05-10,0,0
"Central African Republic","CAF",2015,5,20,2015-05-11,2015-05-17,0,0
"Central African Republic","CAF",2015,5,21,2015-05-18,2015-05-24,0,0
"Central African Republic","CAF",2015,5,22,2015-05-25,2015-05-31,0,0
"Central African Republic","CAF",2015,6,23,2015-06-01,2015-06-07,0,0
"Central African Republic","CAF",2015,6,24,2015-06-08,2015-06-14,0,0
"Central African Republic","CAF",2015,6,25,2015-06-15,2015-06-21,0,0
"Central African Republic","CAF",2015,6,26,2015-06-22,2015-06-28,0,0
"Central African Republic","CAF",2015,6,27,2015-06-29,2015-07-05,0,0
"Central African Republic","CAF",2015,7,28,2015-07-06,2015-07-12,0,0
"Central African Republic","CAF",2015,7,29,2015-07-13,2015-07-19,0,0
"Central African Republic","CAF",2015,7,30,2015-07-20,2015-07-26,0,0
"Central African Republic","CAF",2015,7,31,2015-07-27,2015-08-02,0,0
"Central African Republic","CAF",2015,8,32,2015-08-03,2015-08-09,0,0
"Central African Republic","CAF",2015,8,33,2015-08-10,2015-08-16,0,0
"Central African Republic","CAF",2015,8,34,2015-08-17,2015-08-23,0,0
"Central African Republic","CAF",2015,8,35,2015-08-24,2015-08-30,0,0
"Central African Republic","CAF",2015,8,36,2015-08-31,2015-09-06,0,0
"Central African Republic","CAF",2015,9,37,2015-09-07,2015-09-13,0,0
"Central African Republic","CAF",2015,9,38,2015-09-14,2015-09-20,0,0
"Central African Republic","CAF",2015,9,39,2015-09-21,2015-09-27,0,0
"Central African Republic","CAF",2015,9,40,2015-09-28,2015-10-04,0,0
"Central African Republic","CAF",2015,10,41,2015-10-05,2015-10-11,0,0
"Central African Republic","CAF",2015,10,42,2015-10-12,2015-10-18,0,0
"Central African Republic","CAF",2015,10,43,2015-10-19,2015-10-25,0,0
"Central African Republic","CAF",2015,10,44,2015-10-26,2015-11-01,0,0
"Central African Republic","CAF",2015,11,45,2015-11-02,2015-11-08,0,0
"Central African Republic","CAF",2015,11,46,2015-11-09,2015-11-15,0,0
"Central African Republic","CAF",2015,11,47,2015-11-16,2015-11-22,0,0
"Central African Republic","CAF",2015,11,48,2015-11-23,2015-11-29,0,0
"Central African Republic","CAF",2015,11,49,2015-11-30,2015-12-06,0,0
"Central African Republic","CAF",2015,12,50,2015-12-07,2015-12-13,0,0
"Central African Republic","CAF",2015,12,51,2015-12-14,2015-12-20,0,0
"Central African Republic","CAF",2015,12,52,2015-12-21,2015-12-27,0,0
"Central African Republic","CAF",2015,12,53,2015-12-28,2016-01-03,0,0
"Central African Republic","CAF",2016,1,1,2016-01-04,2016-01-10,0,0
"Central African Republic","CAF",2016,1,2,2016-01-11,2016-01-17,0,0
"Central African Republic","CAF",2016,1,3,2016-01-18,2016-01-24,0,0
"Central African Republic","CAF",2016,1,4,2016-01-25,2016-01-31,0,0
"Central African Republic","CAF",2016,2,5,2016-02-01,2016-02-07,0,0
"Central African Republic","CAF",2016,2,6,2016-02-08,2016-02-14,0,0
"Central African Republic","CAF",2016,2,7,2016-02-15,2016-02-21,0,0
"Central African Republic","CAF",2016,2,8,2016-02-22,2016-02-28,0,0
"Central African Republic","CAF",2016,2,9,2016-02-29,2016-03-06,0,0
"Central African Republic","CAF",2016,3,10,2016-03-07,2016-03-13,0,0
"Central African Republic","CAF",2016,3,11,2016-03-14,2016-03-20,0,0
"Central African Republic","CAF",2016,3,12,2016-03-21,2016-03-27,0,0
"Central African Republic","CAF",2016,3,13,2016-03-28,2016-04-03,0,0
"Central African Republic","CAF",2016,4,14,2016-04-04,2016-04-10,0,0
"Central African Republic","CAF",2016,4,15,2016-04-11,2016-04-17,0,0
"Central African Republic","CAF",2016,4,16,2016-04-18,2016-04-24,0,0
"Central African Republic","CAF",2016,4,17,2016-04-25,2016-05-01,0,0
"Central African Republic","CAF",2016,5,18,2016-05-02,2016-05-08,0,0
"Central African Republic","CAF",2016,5,19,2016-05-09,2016-05-15,0,0
"Central African Republic","CAF",2016,5,20,2016-05-16,2016-05-22,0,0
"Central African Republic","CAF",2016,5,21,2016-05-23,2016-05-29,0,0
"Central African Republic","CAF",2016,5,22,2016-05-30,2016-06-05,0,0
"Central African Republic","CAF",2016,6,23,2016-06-06,2016-06-12,0,0
"Central African Republic","CAF",2016,6,24,2016-06-13,2016-06-19,0,0
"Central African Republic","CAF",2016,6,25,2016-06-20,2016-06-26,0,0
"Central African Republic","CAF",2016,6,26,2016-06-27,2016-07-03,3,0
"Central African Republic","CAF",2016,7,27,2016-07-04,2016-07-10,9,1
"Central African Republic","CAF",2016,7,28,2016-07-11,2016-07-17,9,3
"Central African Republic","CAF",2016,7,29,2016-07-18,2016-07-24,17,0
"Central African Republic","CAF",2016,7,30,2016-07-25,2016-07-31,31.5,6
"Central African Republic","CAF",2016,8,31,2016-08-01,2016-08-07,41,3
"Central African Republic","CAF",2016,8,32,2016-08-08,2016-08-14,68,4
"Central African Republic","CAF",2016,8,33,2016-08-15,2016-08-21,55,2
"Central African Republic","CAF",2016,8,34,2016-08-22,2016-08-28,22,0
"Central African Republic","CAF",2016,8,35,2016-08-29,2016-09-04,10.5,1
"Central African Republic","CAF",2016,9,36,2016-09-05,2016-09-11,0.5,0
"Central African Republic","CAF",2016,9,37,2016-09-12,2016-09-18,0.5,1
"Central African Republic","CAF",2016,9,38,2016-09-19,2016-09-25,0,0
"Central African Republic","CAF",2016,9,39,2016-09-26,2016-10-02,0,0
"Central African Republic","CAF",2016,10,40,2016-10-03,2016-10-09,0,0
"Central African Republic","CAF",2016,10,41,2016-10-10,2016-10-16,0,0
"Central African Republic","CAF",2016,10,42,2016-10-17,2016-10-23,0,0
"Central African Republic","CAF",2016,10,43,2016-10-24,2016-10-30,0,0
"Central African Republic","CAF",2016,10,44,2016-10-31,2016-11-06,0,0
"Central African Republic","CAF",2016,11,45,2016-11-07,2016-11-13,0,0
"Central African Republic","CAF",2016,11,46,2016-11-14,2016-11-20,0,0
"Central African Republic","CAF",2016,11,47,2016-11-21,2016-11-27,0,0
"Central African Republic","CAF",2016,11,48,2016-11-28,2016-12-04,0,0
"Central African Republic","CAF",2016,12,49,2016-12-05,2016-12-11,0,0
"Central African Republic","CAF",2016,12,50,2016-12-12,2016-12-18,0,0
"Central African Republic","CAF",2016,12,51,2016-12-19,2016-12-25,0,0
"Central African Republic","CAF",2016,12,52,2016-12-26,2017-01-01,0,0
"Central African Republic","CAF",2017,1,1,2017-01-02,2017-01-08,0,0
"Central African Republic","CAF",2017,1,2,2017-01-09,2017-01-15,0,0
"Central African Republic","CAF",2017,1,3,2017-01-16,2017-01-22,0,0
"Central African Republic","CAF",2017,1,4,2017-01-23,2017-01-29,0,0
"Central African Republic","CAF",2017,1,5,2017-01-30,2017-02-05,0,0
"Central African Republic","CAF",2017,2,6,2017-02-06,2017-02-12,0,0
"Central African Republic","CAF",2017,2,7,2017-02-13,2017-02-19,0,0
"Central African Republic","CAF",2017,2,8,2017-02-20,2017-02-26,0,0
"Central African Republic","CAF",2017,2,9,2017-02-27,2017-03-05,0,0
"Central African Republic","CAF",2017,3,10,2017-03-06,2017-03-12,0,0
"Central African Republic","CAF",2017,3,11,2017-03-13,2017-03-19,0,0
"Central African Republic","CAF",2017,3,12,2017-03-20,2017-03-26,0,0
"Central African Republic","CAF",2017,3,13,2017-03-27,2017-04-02,0,0
"Central African Republic","CAF",2017,4,14,2017-04-03,2017-04-09,0,0
"Central African Republic","CAF",2017,4,15,2017-04-10,2017-04-16,0,0
"Central African Republic","CAF",2017,4,16,2017-04-17,2017-04-23,0,0
"Central African Republic","CAF",2017,4,17,2017-04-24,2017-04-30,0,0
"Central African Republic","CAF",2017,5,18,2017-05-01,2017-05-07,0,0
"Central African Republic","CAF",2017,5,19,2017-05-08,2017-05-14,0,0
"Central African Republic","CAF",2017,5,20,2017-05-15,2017-05-21,0,0
"Central African Republic","CAF",2017,5,21,2017-05-22,2017-05-28,0,0
"Central African Republic","CAF",2017,5,22,2017-05-29,2017-06-04,0,0
"Central African Republic","CAF",2017,6,23,2017-06-05,2017-06-11,0,0
"Central African Republic","CAF",2017,6,24,2017-06-12,2017-06-18,0,0
"Central African Republic","CAF",2017,6,25,2017-06-19,2017-06-25,0,0
"Central African Republic","CAF",2017,6,26,2017-06-26,2017-07-02,0,0
"Central African Republic","CAF",2017,7,27,2017-07-03,2017-07-09,0,0
"Central African Republic","CAF",2017,7,28,2017-07-10,2017-07-16,0,0
"Central African Republic","CAF",2017,7,29,2017-07-17,2017-07-23,0,0
"Central African Republic","CAF",2017,7,30,2017-07-24,2017-07-30,0,0
"Central African Republic","CAF",2017,7,31,2017-07-31,2017-08-06,0,0
"Central African Republic","CAF",2017,8,32,2017-08-07,2017-08-13,0,0
"Central African Republic","CAF",2017,8,33,2017-08-14,2017-08-20,0,0
"Central African Republic","CAF",2017,8,34,2017-08-21,2017-08-27,0,0
"Central African Republic","CAF",2017,8,35,2017-08-28,2017-09-03,0,0
"Central African Republic","CAF",2017,9,36,2017-09-04,2017-09-10,0,0
"Central African Republic","CAF",2017,9,37,2017-09-11,2017-09-17,0,0
"Central African Republic","CAF",2017,9,38,2017-09-18,2017-09-24,0,0
"Central African Republic","CAF",2017,9,39,2017-09-25,2017-10-01,0,0
"Central African Republic","CAF",2017,10,40,2017-10-02,2017-10-08,0,0
"Central African Republic","CAF",2017,10,41,2017-10-09,2017-10-15,0,0
"Central African Republic","CAF",2017,10,42,2017-10-16,2017-10-22,0,0
"Central African Republic","CAF",2017,10,43,2017-10-23,2017-10-29,0,0
"Central African Republic","CAF",2017,10,44,2017-10-30,2017-11-05,0,0
"Central African Republic","CAF",2017,11,45,2017-11-06,2017-11-12,0,0
"Central African Republic","CAF",2017,11,46,2017-11-13,2017-11-19,0,0
"Central African Republic","CAF",2017,11,47,2017-11-20,2017-11-26,0,0
"Central African Republic","CAF",2017,11,48,2017-11-27,2017-12-03,0,0
"Central African Republic","CAF",2017,12,49,2017-12-04,2017-12-10,0,0
"Central African Republic","CAF",2017,12,50,2017-12-11,2017-12-17,0,0
"Central African Republic","CAF",2017,12,51,2017-12-18,2017-12-24,0,0
"Central African Republic","CAF",2017,12,52,2017-12-25,2017-12-31,0,0
"Central African Republic","CAF",2018,1,1,2018-01-01,2018-01-07,0,0
"Central African Republic","CAF",2018,1,2,2018-01-08,2018-01-14,0,0
"Central African Republic","CAF",2018,1,3,2018-01-15,2018-01-21,0,0
"Central African Republic","CAF",2018,1,4,2018-01-22,2018-01-28,0,0
"Central African Republic","CAF",2018,1,5,2018-01-29,2018-02-04,0,0
"Central African Republic","CAF",2018,2,6,2018-02-05,2018-02-11,0,0
"Central African Republic","CAF",2018,2,7,2018-02-12,2018-02-18,1,0
"Central African Republic","CAF",2018,2,8,2018-02-19,2018-02-25,0,0
"Central African Republic","CAF",2018,2,9,2018-02-26,2018-03-04,0,0
"Central African Republic","CAF",2018,3,10,2018-03-05,2018-03-11,0,0
"Central African Republic","CAF",2018,3,11,2018-03-12,2018-03-18,0,0
"Central African Republic","CAF",2018,3,12,2018-03-19,2018-03-25,0,0
"Central African Republic","CAF",2018,3,13,2018-03-26,2018-04-01,0,0
"Central African Republic","CAF",2018,4,14,2018-04-02,2018-04-08,0,0
"Central African Republic","CAF",2018,4,15,2018-04-09,2018-04-15,0,0
"Central African Republic","CAF",2018,4,16,2018-04-16,2018-04-22,0,0
"Central African Republic","CAF",2018,4,17,2018-04-23,2018-04-29,0,0
"Central African Republic","CAF",2018,4,18,2018-04-30,2018-05-06,0,0
"Central African Republic","CAF",2018,5,19,2018-05-07,2018-05-13,0,0
"Central African Republic","CAF",2018,5,20,2018-05-14,2018-05-20,0,0
"Central African Republic","CAF",2018,5,21,2018-05-21,2018-05-27,0,0
"Central African Republic","CAF",2018,5,22,2018-05-28,2018-06-03,0,0
"Central African Republic","CAF",2018,6,23,2018-06-04,2018-06-10,0,0
"Central African Republic","CAF",2018,6,24,2018-06-11,2018-06-17,0,0
"Central African Republic","CAF",2018,6,25,2018-06-18,2018-06-24,0,0
"Central African Republic","CAF",2018,6,26,2018-06-25,2018-07-01,0,0
"Central African Republic","CAF",2018,7,27,2018-07-02,2018-07-08,0,0
"Central African Republic","CAF",2018,7,28,2018-07-09,2018-07-15,0,0
"Central African Republic","CAF",2018,7,29,2018-07-16,2018-07-22,0,0
"Central African Republic","CAF",2018,7,30,2018-07-23,2018-07-29,0,0
"Central African Republic","CAF",2018,7,31,2018-07-30,2018-08-05,0,0
"Central African Republic","CAF",2018,8,32,2018-08-06,2018-08-12,0,0
"Central African Republic","CAF",2018,8,33,2018-08-13,2018-08-19,0,0
"Central African Republic","CAF",2018,8,34,2018-08-20,2018-08-26,0,0
"Central African Republic","CAF",2018,8,35,2018-08-27,2018-09-02,0,0
"Central African Republic","CAF",2018,9,36,2018-09-03,2018-09-09,0,0
"Central African Republic","CAF",2018,9,37,2018-09-10,2018-09-16,0,0
"Central African Republic","CAF",2018,9,38,2018-09-17,2018-09-23,0,0
"Central African Republic","CAF",2018,9,39,2018-09-24,2018-09-30,0,0
"Central African Republic","CAF",2018,10,40,2018-10-01,2018-10-07,0,0
"Central African Republic","CAF",2018,10,41,2018-10-08,2018-10-14,0,0
"Central African Republic","CAF",2018,10,42,2018-10-15,2018-10-21,0,0
"Central African Republic","CAF",2018,10,43,2018-10-22,2018-10-28,0,0
"Central African Republic","CAF",2018,10,44,2018-10-29,2018-11-04,0,0
"Central African Republic","CAF",2018,11,45,2018-11-05,2018-11-11,0,0
"Central African Republic","CAF",2018,11,46,2018-11-12,2018-11-18,0,0
"Central African Republic","CAF",2018,11,47,2018-11-19,2018-11-25,0,0
"Central African Republic","CAF",2018,11,48,2018-11-26,2018-12-02,0,0
"Central African Republic","CAF",2018,12,49,2018-12-03,2018-12-09,0,0
"Central African Republic","CAF",2018,12,50,2018-12-10,2018-12-16,0,0
"Central African Republic","CAF",2018,12,51,2018-12-17,2018-12-23,0,0
"Central African Republic","CAF",2018,12,52,2018-12-24,2018-12-30,0,0
"Central African Republic","CAF",2019,12,1,2018-12-31,2019-01-06,0,0
"Central African Republic","CAF",2019,1,2,2019-01-07,2019-01-13,0,0
"Central African Republic","CAF",2019,1,3,2019-01-14,2019-01-20,0,0
"Central African Republic","CAF",2019,1,4,2019-01-21,2019-01-27,0,0
"Central African Republic","CAF",2019,1,5,2019-01-28,2019-02-03,0,0
"Central African Republic","CAF",2019,2,6,2019-02-04,2019-02-10,0,0
"Central African Republic","CAF",2019,2,7,2019-02-11,2019-02-17,0,0
"Central African Republic","CAF",2019,2,8,2019-02-18,2019-02-24,0,0
"Central African Republic","CAF",2019,2,9,2019-02-25,2019-03-03,0,0
"Central African Republic","CAF",2019,3,10,2019-03-04,2019-03-10,0,0
"Central African Republic","CAF",2019,3,11,2019-03-11,2019-03-17,0,0
"Central African Republic","CAF",2019,3,12,2019-03-18,2019-03-24,0,0
"Central African Republic","CAF",2019,3,13,2019-03-25,2019-03-31,0,0
"Central African Republic","CAF",2019,4,14,2019-04-01,2019-04-07,0,0
"Central African Republic","CAF",2019,4,15,2019-04-08,2019-04-14,0,0
"Central African Republic","CAF",2019,4,16,2019-04-15,2019-04-21,0,0
"Central African Republic","CAF",2019,4,17,2019-04-22,2019-04-28,0,0
"Central African Republic","CAF",2019,4,18,2019-04-29,2019-05-05,0,0
"Central African Republic","CAF",2019,5,19,2019-05-06,2019-05-12,0,0
"Central African Republic","CAF",2019,5,20,2019-05-13,2019-05-19,0,0
"Central African Republic","CAF",2019,5,21,2019-05-20,2019-05-26,0,0
"Central African Republic","CAF",2019,5,22,2019-05-27,2019-06-02,0,0
"Central African Republic","CAF",2019,6,23,2019-06-03,2019-06-09,0,0
"Central African Republic","CAF",2019,6,24,2019-06-10,2019-06-16,0,0
"Central African Republic","CAF",2019,6,25,2019-06-17,2019-06-23,0,0
"Central African Republic","CAF",2019,6,26,2019-06-24,2019-06-30,0,0
"Central African Republic","CAF",2019,7,27,2019-07-01,2019-07-07,0,0
"Central African Republic","CAF",2019,7,28,2019-07-08,2019-07-14,0,0
"Central African Republic","CAF",2019,7,29,2019-07-15,2019-07-21,0,0
"Central African Republic","CAF",2019,7,30,2019-07-22,2019-07-28,0,0
"Central African Republic","CAF",2019,7,31,2019-07-29,2019-08-04,0,0
"Central African Republic","CAF",2019,8,32,2019-08-05,2019-08-11,0,0
"Central African Republic","CAF",2019,8,33,2019-08-12,2019-08-18,0,0
"Central African Republic","CAF",2019,8,34,2019-08-19,2019-08-25,0,0
"Central African Republic","CAF",2019,8,35,2019-08-26,2019-09-01,0,0
"Central African Republic","CAF",2019,9,36,2019-09-02,2019-09-08,0,0
"Central African Republic","CAF",2019,9,37,2019-09-09,2019-09-15,0,0
"Central African Republic","CAF",2019,9,38,2019-09-16,2019-09-22,0,0
"Central African Republic","CAF",2019,9,39,2019-09-23,2019-09-29,0,0
"Central African Republic","CAF",2019,9,40,2019-09-30,2019-10-06,0,0
"Central African Republic","CAF",2019,10,41,2019-10-07,2019-10-13,0,0
"Central African Republic","CAF",2019,10,42,2019-10-14,2019-10-20,0,0
"Central African Republic","CAF",2019,10,43,2019-10-21,2019-10-27,0,0
"Central African Republic","CAF",2019,10,44,2019-10-28,2019-11-03,0,0
"Central African Republic","CAF",2019,11,45,2019-11-04,2019-11-10,0,0
"Central African Republic","CAF",2019,11,46,2019-11-11,2019-11-17,0,0
"Central African Republic","CAF",2019,11,47,2019-11-18,2019-11-24,0,0
"Central African Republic","CAF",2019,11,48,2019-11-25,2019-12-01,0,0
"Central African Republic","CAF",2019,12,49,2019-12-02,2019-12-08,0,0
"Central African Republic","CAF",2019,12,50,2019-12-09,2019-12-15,0,0
"Central African Republic","CAF",2019,12,51,2019-12-16,2019-12-22,0,0
"Central African Republic","CAF",2019,12,52,2019-12-23,2019-12-29,0,0
"Central African Republic","CAF",2020,12,1,2019-12-30,2020-01-05,0,0
"Central African Republic","CAF",2020,1,2,2020-01-06,2020-01-12,0,0
"Central African Republic","CAF",2020,1,3,2020-01-13,2020-01-19,0,0
"Central African Republic","CAF",2020,1,4,2020-01-20,2020-01-26,0,0
"Central African Republic","CAF",2020,1,5,2020-01-27,2020-02-02,0,0
"Central African Republic","CAF",2020,2,6,2020-02-03,2020-02-09,0,0
"Central African Republic","CAF",2020,2,7,2020-02-10,2020-02-16,0,0
"Central African Republic","CAF",2020,2,8,2020-02-17,2020-02-23,0,0
"Central African Republic","CAF",2020,2,9,2020-02-24,2020-03-01,0,0
"Central African Republic","CAF",2020,3,10,2020-03-02,2020-03-08,0,0
"Central African Republic","CAF",2020,3,11,2020-03-09,2020-03-15,0,0
"Central African Republic","CAF",2020,3,12,2020-03-16,2020-03-22,0,0
"Central African Republic","CAF",2020,3,13,2020-03-23,2020-03-29,0,0
"Central African Republic","CAF",2020,3,14,2020-03-30,2020-04-05,0,0
"Central African Republic","CAF",2020,4,15,2020-04-06,2020-04-12,0,0
"Central African Republic","CAF",2020,4,16,2020-04-13,2020-04-19,0,0
"Central African Republic","CAF",2020,4,17,2020-04-20,2020-04-26,0,0
"Central African Republic","CAF",2020,4,18,2020-04-27,2020-05-03,0,0
"Central African Republic","CAF",2020,5,19,2020-05-04,2020-05-10,0,0
"Central African Republic","CAF",2020,5,20,2020-05-11,2020-05-17,0,0
"Central African Republic","CAF",2020,5,21,2020-05-18,2020-05-24,0,0
"Central African Republic","CAF",2020,5,22,2020-05-25,2020-05-31,0,0
"Central African Republic","CAF",2020,6,23,2020-06-01,2020-06-07,0,0
"Central African Republic","CAF",2020,6,24,2020-06-08,2020-06-14,0,0
"Central African Republic","CAF",2020,6,25,2020-06-15,2020-06-21,0,0
"Central African Republic","CAF",2020,6,26,2020-06-22,2020-06-28,0,0
"Central African Republic","CAF",2020,6,27,2020-06-29,2020-07-05,0,0
"Central African Republic","CAF",2020,7,28,2020-07-06,2020-07-12,0,0
"Central African Republic","CAF",2020,7,29,2020-07-13,2020-07-19,0,0
"Central African Republic","CAF",2020,7,30,2020-07-20,2020-07-26,0,0
"Central African Republic","CAF",2020,7,31,2020-07-27,2020-08-02,0,0
"Central African Republic","CAF",2020,8,32,2020-08-03,2020-08-09,0,0
"Central African Republic","CAF",2020,8,33,2020-08-10,2020-08-16,0,0
"Central African Republic","CAF",2020,8,34,2020-08-17,2020-08-23,0,0
"Central African Republic","CAF",2020,8,35,2020-08-24,2020-08-30,0,0
"Central African Republic","CAF",2020,8,36,2020-08-31,2020-09-06,0,0
"Central African Republic","CAF",2020,9,37,2020-09-07,2020-09-13,0,0
"Central African Republic","CAF",2020,9,38,2020-09-14,2020-09-20,0,0
"Central African Republic","CAF",2020,9,39,2020-09-21,2020-09-27,0,0
"Central African Republic","CAF",2020,9,40,2020-09-28,2020-10-04,0,0
"Central African Republic","CAF",2020,10,41,2020-10-05,2020-10-11,0,0
"Central African Republic","CAF",2020,10,42,2020-10-12,2020-10-18,0,0
"Central African Republic","CAF",2020,10,43,2020-10-19,2020-10-25,0,0
"Central African Republic","CAF",2020,10,44,2020-10-26,2020-11-01,0,0
"Central African Republic","CAF",2020,11,45,2020-11-02,2020-11-08,0,0
"Central African Republic","CAF",2020,11,46,2020-11-09,2020-11-15,0,0
"Central African Republic","CAF",2020,11,47,2020-11-16,2020-11-22,0,0
"Central African Republic","CAF",2020,11,48,2020-11-23,2020-11-29,0,0
"Central African Republic","CAF",2020,11,49,2020-11-30,2020-12-06,0,0
"Central African Republic","CAF",2020,12,50,2020-12-07,2020-12-13,0,0
"Central African Republic","CAF",2020,12,51,2020-12-14,2020-12-20,0,0
"Central African Republic","CAF",2020,12,52,2020-12-21,2020-12-27,0,0
"Central African Republic","CAF",2020,12,53,2020-12-28,2021-01-03,0,0
"Central African Republic","CAF",2021,1,1,2021-01-04,2021-01-10,0,0
"Central African Republic","CAF",2021,1,2,2021-01-11,2021-01-17,0,0
"Central African Republic","CAF",2021,1,3,2021-01-18,2021-01-24,0,0
"Central African Republic","CAF",2021,1,4,2021-01-25,2021-01-31,0,0
"Central African Republic","CAF",2021,2,5,2021-02-01,2021-02-07,0,0
"Central African Republic","CAF",2021,2,6,2021-02-08,2021-02-14,0,0
"Central African Republic","CAF",2021,2,7,2021-02-15,2021-02-21,0,0
"Central African Republic","CAF",2021,2,8,2021-02-22,2021-02-28,0,0
"Central African Republic","CAF",2021,3,9,2021-03-01,2021-03-07,0,0
"Central African Republic","CAF",2021,3,10,2021-03-08,2021-03-14,0,0
"Central African Republic","CAF",2021,3,11,2021-03-15,2021-03-21,0,0
"Central African Republic","CAF",2021,3,12,2021-03-22,2021-03-28,0,0
"Central African Republic","CAF",2021,3,13,2021-03-29,2021-04-04,0,0
"Central African Republic","CAF",2021,4,14,2021-04-05,2021-04-11,0,0
"Central African Republic","CAF",2021,4,15,2021-04-12,2021-04-18,0,0
"Central African Republic","CAF",2021,4,16,2021-04-19,2021-04-25,0,0
"Central African Republic","CAF",2021,4,17,2021-04-26,2021-05-02,0,0
"Central African Republic","CAF",2021,5,18,2021-05-03,2021-05-09,0,0
"Central African Republic","CAF",2021,5,19,2021-05-10,2021-05-16,0,0
"Central African Republic","CAF",2021,5,20,2021-05-17,2021-05-23,0,0
"Central African Republic","CAF",2021,5,21,2021-05-24,2021-05-30,0,0
"Central African Republic","CAF",2021,5,22,2021-05-31,2021-06-06,0,0
"Central African Republic","CAF",2021,6,23,2021-06-07,2021-06-13,0,0
"Central African Republic","CAF",2021,6,24,2021-06-14,2021-06-20,0,0
"Central African Republic","CAF",2021,6,25,2021-06-21,2021-06-27,0,0
"Central African Republic","CAF",2021,6,26,2021-06-28,2021-07-04,0,0
"Central African Republic","CAF",2021,7,27,2021-07-05,2021-07-11,0,0
"Central African Republic","CAF",2021,7,28,2021-07-12,2021-07-18,0,0
"Central African Republic","CAF",2021,7,29,2021-07-19,2021-07-25,0,0
"Central African Republic","CAF",2021,7,30,2021-07-26,2021-08-01,0,0
"Central African Republic","CAF",2021,8,31,2021-08-02,2021-08-08,0,0
"Central African Republic","CAF",2021,8,32,2021-08-09,2021-08-15,0,0
"Central African Republic","CAF",2021,8,33,2021-08-16,2021-08-22,0,0
"Central African Republic","CAF",2021,8,34,2021-08-23,2021-08-29,0,0
"Central African Republic","CAF",2021,8,35,2021-08-30,2021-09-05,0,0
"Central African Republic","CAF",2021,9,36,2021-09-06,2021-09-12,0,0
"Central African Republic","CAF",2021,9,37,2021-09-13,2021-09-19,0,0
"Central African Republic","CAF",2021,9,38,2021-09-20,2021-09-26,0,0
"Central African Republic","CAF",2021,9,39,2021-09-27,2021-10-03,0,0
"Central African Republic","CAF",2021,10,40,2021-10-04,2021-10-10,0,0
"Central African Republic","CAF",2021,10,41,2021-10-11,2021-10-17,0,0
"Central African Republic","CAF",2021,10,42,2021-10-18,2021-10-24,0,0
"Central African Republic","CAF",2021,10,43,2021-10-25,2021-10-31,0,0
"Central African Republic","CAF",2021,11,44,2021-11-01,2021-11-07,0,0
"Central African Republic","CAF",2021,11,45,2021-11-08,2021-11-14,0,0
"Central African Republic","CAF",2021,11,46,2021-11-15,2021-11-21,0,0
"Central African Republic","CAF",2021,11,47,2021-11-22,2021-11-28,0,0
"Central African Republic","CAF",2021,11,48,2021-11-29,2021-12-05,0,0
"Central African Republic","CAF",2021,12,49,2021-12-06,2021-12-12,0,0
"Central African Republic","CAF",2021,12,50,2021-12-13,2021-12-19,0,0
"Central African Republic","CAF",2021,12,51,2021-12-20,2021-12-26,0,0
"Central African Republic","CAF",2021,12,52,2021-12-27,2022-01-02,0,0
"Central African Republic","CAF",2022,1,1,2022-01-03,2022-01-09,0,0
"Central African Republic","CAF",2022,1,2,2022-01-10,2022-01-16,0,0
"Central African Republic","CAF",2022,1,3,2022-01-17,2022-01-23,0,0
"Central African Republic","CAF",2022,1,4,2022-01-24,2022-01-30,0,0
"Central African Republic","CAF",2022,1,5,2022-01-31,2022-02-06,0,0
"Central African Republic","CAF",2022,2,6,2022-02-07,2022-02-13,0,0
"Central African Republic","CAF",2022,2,7,2022-02-14,2022-02-20,0,0
"Central African Republic","CAF",2022,2,8,2022-02-21,2022-02-27,0,0
"Central African Republic","CAF",2022,2,9,2022-02-28,2022-03-06,0,0
"Central African Republic","CAF",2022,3,10,2022-03-07,2022-03-13,0,0
"Central African Republic","CAF",2022,3,11,2022-03-14,2022-03-20,0,0
"Central African Republic","CAF",2022,3,12,2022-03-21,2022-03-27,0,0
"Central African Republic","CAF",2022,3,13,2022-03-28,2022-04-03,0,0
"Central African Republic","CAF",2022,4,14,2022-04-04,2022-04-10,0,0
"Central African Republic","CAF",2022,4,15,2022-04-11,2022-04-17,0,0
"Central African Republic","CAF",2022,4,16,2022-04-18,2022-04-24,0,0
"Central African Republic","CAF",2022,4,17,2022-04-25,2022-05-01,0,0
"Central African Republic","CAF",2022,5,18,2022-05-02,2022-05-08,0,0
"Central African Republic","CAF",2022,5,19,2022-05-09,2022-05-15,0,0
"Central African Republic","CAF",2022,5,20,2022-05-16,2022-05-22,0,0
"Central African Republic","CAF",2022,5,21,2022-05-23,2022-05-29,0,0
"Central African Republic","CAF",2022,5,22,2022-05-30,2022-06-05,0,0
"Central African Republic","CAF",2022,6,23,2022-06-06,2022-06-12,0,0
"Central African Republic","CAF",2022,6,24,2022-06-13,2022-06-19,0,0
"Central African Republic","CAF",2022,6,25,2022-06-20,2022-06-26,0,0
"Central African Republic","CAF",2022,6,26,2022-06-27,2022-07-03,0,0
"Central African Republic","CAF",2022,7,27,2022-07-04,2022-07-10,0,0
"Central African Republic","CAF",2022,7,28,2022-07-11,2022-07-17,0,0
"Central African Republic","CAF",2022,7,29,2022-07-18,2022-07-24,0,0
"Central African Republic","CAF",2022,7,30,2022-07-25,2022-07-31,0,0
"Central African Republic","CAF",2022,8,31,2022-08-01,2022-08-07,0,0
"Central African Republic","CAF",2022,8,32,2022-08-08,2022-08-14,0,0
"Central African Republic","CAF",2022,8,33,2022-08-15,2022-08-21,0,0
"Central African Republic","CAF",2022,8,34,2022-08-22,2022-08-28,0,0
"Central African Republic","CAF",2022,8,35,2022-08-29,2022-09-04,0,0
"Central African Republic","CAF",2022,9,36,2022-09-05,2022-09-11,0,0
"Central African Republic","CAF",2022,9,37,2022-09-12,2022-09-18,0,0
"Central African Republic","CAF",2022,9,38,2022-09-19,2022-09-25,0,0
"Central African Republic","CAF",2022,9,39,2022-09-26,2022-10-02,0,0
"Central African Republic","CAF",2022,10,40,2022-10-03,2022-10-09,0,0
"Central African Republic","CAF",2022,10,41,2022-10-10,2022-10-16,0,0
"Central African Republic","CAF",2022,10,42,2022-10-17,2022-10-23,0,0
"Central African Republic","CAF",2022,10,43,2022-10-24,2022-10-30,0,0
"Central African Republic","CAF",2022,10,44,2022-10-31,2022-11-06,0,0
"Central African Republic","CAF",2022,11,45,2022-11-07,2022-11-13,0,0
"Central African Republic","CAF",2022,11,46,2022-11-14,2022-11-20,0,0
"Central African Republic","CAF",2022,11,47,2022-11-21,2022-11-27,0,0
"Central African Republic","CAF",2022,11,48,2022-11-28,2022-12-04,0,0
"Central African Republic","CAF",2022,12,49,2022-12-05,2022-12-11,0,0
"Central African Republic","CAF",2022,12,50,2022-12-12,2022-12-18,0,0
"Central African Republic","CAF",2022,12,51,2022-12-19,2022-12-25,0,0
"Central African Republic","CAF",2022,12,52,2022-12-26,2023-01-01,0,0
"Central African Republic","CAF",2023,1,1,2023-01-02,2023-01-08,0,0
"Central African Republic","CAF",2023,1,2,2023-01-09,2023-01-15,0,0
"Central African Republic","CAF",2023,1,3,2023-01-16,2023-01-22,0,0
"Central African Republic","CAF",2023,1,4,2023-01-23,2023-01-29,0,0
"Central African Republic","CAF",2023,1,5,2023-01-30,2023-02-05,0,0
"Central African Republic","CAF",2023,2,6,2023-02-06,2023-02-12,0,0
"Central African Republic","CAF",2023,2,7,2023-02-13,2023-02-19,0,0
"Central African Republic","CAF",2023,2,8,2023-02-20,2023-02-26,0,0
"Côte d’Ivoire","CIV",2014,11,45,2014-11-03,2014-11-09,0,0
"Côte d’Ivoire","CIV",2014,11,46,2014-11-10,2014-11-16,0,0
"Côte d’Ivoire","CIV",2014,11,47,2014-11-17,2014-11-23,0,0
"Côte d’Ivoire","CIV",2014,11,48,2014-11-24,2014-11-30,0,0
"Côte d’Ivoire","CIV",2014,12,49,2014-12-01,2014-12-07,0,0
"Côte d’Ivoire","CIV",2014,12,50,2014-12-08,2014-12-14,0,0
"Côte d’Ivoire","CIV",2014,12,51,2014-12-15,2014-12-21,0,0
"Côte d’Ivoire","CIV",2014,12,52,2014-12-22,2014-12-28,0,0
"Côte d’Ivoire","CIV",2015,12,1,2014-12-29,2015-01-04,18,0
"Côte d’Ivoire","CIV",2015,1,2,2015-01-05,2015-01-11,48,0
"Côte d’Ivoire","CIV",2015,1,3,2015-01-12,2015-01-18,28,0
"Côte d’Ivoire","CIV",2015,1,4,2015-01-19,2015-01-25,9,0
"Côte d’Ivoire","CIV",2015,1,5,2015-01-26,2015-02-01,7,0
"Côte d’Ivoire","CIV",2015,2,6,2015-02-02,2015-02-08,4,0
"Côte d’Ivoire","CIV",2015,2,7,2015-02-09,2015-02-15,2,0
"Côte d’Ivoire","CIV",2015,2,8,2015-02-16,2015-02-22,10,0
"Côte d’Ivoire","CIV",2015,2,9,2015-02-23,2015-03-01,0,0
"Côte d’Ivoire","CIV",2015,3,10,2015-03-02,2015-03-08,0,0
"Côte d’Ivoire","CIV",2015,3,11,2015-03-09,2015-03-15,0,0
"Côte d’Ivoire","CIV",2015,3,12,2015-03-16,2015-03-22,0,0
"Côte d’Ivoire","CIV",2015,3,13,2015-03-23,2015-03-29,0,0
"Côte d’Ivoire","CIV",2015,3,14,2015-03-30,2015-04-05,0,0
"Côte d’Ivoire","CIV",2015,4,15,2015-04-06,2015-04-12,0,0
"Côte d’Ivoire","CIV",2015,4,16,2015-04-13,2015-04-19,0,0
"Côte d’Ivoire","CIV",2015,4,17,2015-04-20,2015-04-26,0,0
"Côte d’Ivoire","CIV",2015,4,18,2015-04-27,2015-05-03,0,0
"Côte d’Ivoire","CIV",2015,5,19,2015-05-04,2015-05-10,0,0
"Côte d’Ivoire","CIV",2015,5,20,2015-05-11,2015-05-17,0,0
"Côte d’Ivoire","CIV",2015,5,21,2015-05-18,2015-05-24,0,0
"Côte d’Ivoire","CIV",2015,5,22,2015-05-25,2015-05-31,0,0
"Côte d’Ivoire","CIV",2015,6,23,2015-06-01,2015-06-07,0,0
"Côte d’Ivoire","CIV",2015,6,24,2015-06-08,2015-06-14,0,0
"Côte d’Ivoire","CIV",2015,6,25,2015-06-15,2015-06-21,0,0
"Côte d’Ivoire","CIV",2015,6,26,2015-06-22,2015-06-28,0,0
"Côte d’Ivoire","CIV",2015,6,27,2015-06-29,2015-07-05,0,0
"Côte d’Ivoire","CIV",2015,7,28,2015-07-06,2015-07-12,0,0
"Côte d’Ivoire","CIV",2015,7,29,2015-07-13,2015-07-19,0,0
"Côte d’Ivoire","CIV",2015,7,30,2015-07-20,2015-07-26,0,0
"Côte d’Ivoire","CIV",2015,7,31,2015-07-27,2015-08-02,0,0
"Côte d’Ivoire","CIV",2015,8,32,2015-08-03,2015-08-09,0,0
"Côte d’Ivoire","CIV",2015,8,33,2015-08-10,2015-08-16,1,0
"Côte d’Ivoire","CIV",2015,8,34,2015-08-17,2015-08-23,1,0
"Côte d’Ivoire","CIV",2015,8,35,2015-08-24,2015-08-30,0,0
"Côte d’Ivoire","CIV",2015,8,36,2015-08-31,2015-09-06,1,0
"Côte d’Ivoire","CIV",2015,9,37,2015-09-07,2015-09-13,0,0
"Côte d’Ivoire","CIV",2015,9,38,2015-09-14,2015-09-20,0,0
"Côte d’Ivoire","CIV",2015,9,39,2015-09-21,2015-09-27,0,0
"Côte d’Ivoire","CIV",2015,9,40,2015-09-28,2015-10-04,0,0
"Côte d’Ivoire","CIV",2015,10,41,2015-10-05,2015-10-11,1,0
"Côte d’Ivoire","CIV",2015,10,42,2015-10-12,2015-10-18,0,0
"Côte d’Ivoire","CIV",2015,10,43,2015-10-19,2015-10-25,0,0
"Côte d’Ivoire","CIV",2015,10,44,2015-10-26,2015-11-01,0,0
"Côte d’Ivoire","CIV",2015,11,45,2015-11-02,2015-11-08,0,0
"Côte d’Ivoire","CIV",2015,11,46,2015-11-09,2015-11-15,1,0
"Côte d’Ivoire","CIV",2015,11,47,2015-11-16,2015-11-22,0,0
"Côte d’Ivoire","CIV",2015,11,48,2015-11-23,2015-11-29,0,0
"Côte d’Ivoire","CIV",2015,11,49,2015-11-30,2015-12-06,0,0
"Côte d’Ivoire","CIV",2015,12,50,2015-12-07,2015-12-13,0,0
"Côte d’Ivoire","CIV",2015,12,51,2015-12-14,2015-12-20,0,0
"Côte d’Ivoire","CIV",2015,12,52,2015-12-21,2015-12-27,0,0
"Côte d’Ivoire","CIV",2015,12,53,2015-12-28,2016-01-03,0,0
"Côte d’Ivoire","CIV",2016,1,1,2016-01-04,2016-01-10,0,0
"Côte d’Ivoire","CIV",2016,1,2,2016-01-11,2016-01-17,0,0
"Côte d’Ivoire","CIV",2016,1,3,2016-01-18,2016-01-24,0,0
"Côte d’Ivoire","CIV",2016,1,4,2016-01-25,2016-01-31,0,0
"Côte d’Ivoire","CIV",2016,2,5,2016-02-01,2016-02-07,0,0
"Côte d’Ivoire","CIV",2016,2,6,2016-02-08,2016-02-14,0,0
"Côte d’Ivoire","CIV",2016,2,7,2016-02-15,2016-02-21,0,0
"Côte d’Ivoire","CIV",2016,2,8,2016-02-22,2016-02-28,0,0
"Côte d’Ivoire","CIV",2016,2,9,2016-02-29,2016-03-06,1,0
"Côte d’Ivoire","CIV",2016,3,10,2016-03-07,2016-03-13,0,0
"Côte d’Ivoire","CIV",2016,3,11,2016-03-14,2016-03-20,0,0
"Côte d’Ivoire","CIV",2016,3,12,2016-03-21,2016-03-27,0,0
"Côte d’Ivoire","CIV",2016,3,13,2016-03-28,2016-04-03,0,0
"Côte d’Ivoire","CIV",2016,4,14,2016-04-04,2016-04-10,2,0
"Côte d’Ivoire","CIV",2016,4,15,2016-04-11,2016-04-17,0,0
"Côte d’Ivoire","CIV",2016,4,16,2016-04-18,2016-04-24,1,0
"Côte d’Ivoire","CIV",2016,4,17,2016-04-25,2016-05-01,0,0
"Côte d’Ivoire","CIV",2016,5,18,2016-05-02,2016-05-08,0,0
"Côte d’Ivoire","CIV",2016,5,19,2016-05-09,2016-05-15,0,0
"Côte d’Ivoire","CIV",2016,5,20,2016-05-16,2016-05-22,0,0
"Côte d’Ivoire","CIV",2016,5,21,2016-05-23,2016-05-29,0,0
"Côte d’Ivoire","CIV",2016,5,22,2016-05-30,2016-06-05,0,0
"Côte d’Ivoire","CIV",2016,6,23,2016-06-06,2016-06-12,0,0
"Côte d’Ivoire","CIV",2016,6,24,2016-06-13,2016-06-19,0,0
"Côte d’Ivoire","CIV",2016,6,25,2016-06-20,2016-06-26,0,0
"Côte d’Ivoire","CIV",2016,6,26,2016-06-27,2016-07-03,0,0
"Côte d’Ivoire","CIV",2016,7,27,2016-07-04,2016-07-10,1,0
"Côte d’Ivoire","CIV",2016,7,28,2016-07-11,2016-07-17,1,0
"Côte d’Ivoire","CIV",2016,7,29,2016-07-18,2016-07-24,1,0
"Côte d’Ivoire","CIV",2016,7,30,2016-07-25,2016-07-31,0,0
"Côte d’Ivoire","CIV",2016,8,31,2016-08-01,2016-08-07,0,0
"Côte d’Ivoire","CIV",2016,8,32,2016-08-08,2016-08-14,3,0
"Côte d’Ivoire","CIV",2016,8,33,2016-08-15,2016-08-21,0,0
"Côte d’Ivoire","CIV",2016,8,34,2016-08-22,2016-08-28,0,0
"Côte d’Ivoire","CIV",2016,8,35,2016-08-29,2016-09-04,0,0
"Côte d’Ivoire","CIV",2016,9,36,2016-09-05,2016-09-11,0,0
"Côte d’Ivoire","CIV",2016,9,37,2016-09-12,2016-09-18,0,0
"Côte d’Ivoire","CIV",2016,9,38,2016-09-19,2016-09-25,0,0
"Côte d’Ivoire","CIV",2016,9,39,2016-09-26,2016-10-02,2,0
"Côte d’Ivoire","CIV",2016,10,40,2016-10-03,2016-10-09,1,0
"Côte d’Ivoire","CIV",2016,10,41,2016-10-10,2016-10-16,2,0
"Côte d’Ivoire","CIV",2016,10,42,2016-10-17,2016-10-23,0,0
"Côte d’Ivoire","CIV",2016,10,43,2016-10-24,2016-10-30,1,0
"Côte d’Ivoire","CIV",2016,10,44,2016-10-31,2016-11-06,0,0
"Côte d’Ivoire","CIV",2016,11,45,2016-11-07,2016-11-13,0,0
"Côte d’Ivoire","CIV",2016,11,46,2016-11-14,2016-11-20,0,0
"Côte d’Ivoire","CIV",2016,11,47,2016-11-21,2016-11-27,0,0
"Côte d’Ivoire","CIV",2016,11,48,2016-11-28,2016-12-04,0,0
"Côte d’Ivoire","CIV",2016,12,49,2016-12-05,2016-12-11,0,0
"Côte d’Ivoire","CIV",2016,12,50,2016-12-12,2016-12-18,0,0
"Côte d’Ivoire","CIV",2016,12,51,2016-12-19,2016-12-25,0,0
"Côte d’Ivoire","CIV",2016,12,52,2016-12-26,2017-01-01,0,0
"Côte d’Ivoire","CIV",2017,1,1,2017-01-02,2017-01-08,0,0
"Côte d’Ivoire","CIV",2017,1,2,2017-01-09,2017-01-15,0,0
"Côte d’Ivoire","CIV",2017,1,3,2017-01-16,2017-01-22,1,0
"Côte d’Ivoire","CIV",2017,1,4,2017-01-23,2017-01-29,0,0
"Côte d’Ivoire","CIV",2017,1,5,2017-01-30,2017-02-05,3,0
"Côte d’Ivoire","CIV",2017,2,6,2017-02-06,2017-02-12,0,0
"Côte d’Ivoire","CIV",2017,2,7,2017-02-13,2017-02-19,1,0
"Côte d’Ivoire","CIV",2017,2,8,2017-02-20,2017-02-26,0,0
"Côte d’Ivoire","CIV",2017,2,9,2017-02-27,2017-03-05,2,0
"Côte d’Ivoire","CIV",2017,3,10,2017-03-06,2017-03-12,0,0
"Côte d’Ivoire","CIV",2017,3,11,2017-03-13,2017-03-19,4,0
"Côte d’Ivoire","CIV",2017,3,12,2017-03-20,2017-03-26,2,0
"Côte d’Ivoire","CIV",2017,3,13,2017-03-27,2017-04-02,1,0
"Côte d’Ivoire","CIV",2017,4,14,2017-04-03,2017-04-09,2,0
"Côte d’Ivoire","CIV",2017,4,15,2017-04-10,2017-04-16,0,0
"Côte d’Ivoire","CIV",2017,4,16,2017-04-17,2017-04-23,0,0
"Côte d’Ivoire","CIV",2017,4,17,2017-04-24,2017-04-30,0,0
"Côte d’Ivoire","CIV",2017,5,18,2017-05-01,2017-05-07,0,0
"Côte d’Ivoire","CIV",2017,5,19,2017-05-08,2017-05-14,0,0
"Côte d’Ivoire","CIV",2017,5,20,2017-05-15,2017-05-21,0,0
"Côte d’Ivoire","CIV",2017,5,21,2017-05-22,2017-05-28,0,0
"Côte d’Ivoire","CIV",2017,5,22,2017-05-29,2017-06-04,3,0
"Côte d’Ivoire","CIV",2017,6,23,2017-06-05,2017-06-11,0,0
"Côte d’Ivoire","CIV",2017,6,24,2017-06-12,2017-06-18,0,0
"Côte d’Ivoire","CIV",2017,6,25,2017-06-19,2017-06-25,0,0
"Côte d’Ivoire","CIV",2017,6,26,2017-06-26,2017-07-02,1,0
"Côte d’Ivoire","CIV",2017,7,27,2017-07-03,2017-07-09,1,0
"Côte d’Ivoire","CIV",2017,7,28,2017-07-10,2017-07-16,1,0
"Côte d’Ivoire","CIV",2017,7,29,2017-07-17,2017-07-23,0,0
"Côte d’Ivoire","CIV",2017,7,30,2017-07-24,2017-07-30,0,0
"Côte d’Ivoire","CIV",2017,7,31,2017-07-31,2017-08-06,0,0
"Côte d’Ivoire","CIV",2017,8,32,2017-08-07,2017-08-13,0,0
"Côte d’Ivoire","CIV",2017,8,33,2017-08-14,2017-08-20,1,0
"Côte d’Ivoire","CIV",2017,8,34,2017-08-21,2017-08-27,0,0
"Côte d’Ivoire","CIV",2017,8,35,2017-08-28,2017-09-03,0,0
"Côte d’Ivoire","CIV",2017,9,36,2017-09-04,2017-09-10,0,0
"Côte d’Ivoire","CIV",2017,9,37,2017-09-11,2017-09-17,0,0
"Côte d’Ivoire","CIV",2017,9,38,2017-09-18,2017-09-24,0,0
"Côte d’Ivoire","CIV",2017,9,39,2017-09-25,2017-10-01,0,0
"Côte d’Ivoire","CIV",2017,10,40,2017-10-02,2017-10-08,0,0
"Côte d’Ivoire","CIV",2017,10,41,2017-10-09,2017-10-15,0,0
"Côte d’Ivoire","CIV",2017,10,42,2017-10-16,2017-10-22,0,0
"Côte d’Ivoire","CIV",2017,10,43,2017-10-23,2017-10-29,0,0
"Côte d’Ivoire","CIV",2017,10,44,2017-10-30,2017-11-05,0,0
"Côte d’Ivoire","CIV",2017,11,45,2017-11-06,2017-11-12,0,0
"Côte d’Ivoire","CIV",2017,11,46,2017-11-13,2017-11-19,0,0
"Côte d’Ivoire","CIV",2017,11,47,2017-11-20,2017-11-26,0,0
"Côte d’Ivoire","CIV",2017,11,48,2017-11-27,2017-12-03,0,0
"Côte d’Ivoire","CIV",2017,12,49,2017-12-04,2017-12-10,1,0
"Côte d’Ivoire","CIV",2017,12,50,2017-12-11,2017-12-17,0,0
"Côte d’Ivoire","CIV",2017,12,51,2017-12-18,2017-12-24,0,0
"Côte d’Ivoire","CIV",2017,12,52,2017-12-25,2017-12-31,0,0
"Côte d’Ivoire","CIV",2018,1,1,2018-01-01,2018-01-07,0,0
"Côte d’Ivoire","CIV",2018,1,2,2018-01-08,2018-01-14,0,0
"Côte d’Ivoire","CIV",2018,1,3,2018-01-15,2018-01-21,0,0
"Côte d’Ivoire","CIV",2018,1,4,2018-01-22,2018-01-28,0,0
"Côte d’Ivoire","CIV",2018,1,5,2018-01-29,2018-02-04,0,0
"Côte d’Ivoire","CIV",2018,2,6,2018-02-05,2018-02-11,0,0
"Côte d’Ivoire","CIV",2018,2,7,2018-02-12,2018-02-18,0,0
"Côte d’Ivoire","CIV",2018,2,8,2018-02-19,2018-02-25,0,0
"Côte d’Ivoire","CIV",2018,2,9,2018-02-26,2018-03-04,0,0
"Côte d’Ivoire","CIV",2018,3,10,2018-03-05,2018-03-11,1,0
"Côte d’Ivoire","CIV",2018,3,11,2018-03-12,2018-03-18,0,0
"Côte d’Ivoire","CIV",2018,3,12,2018-03-19,2018-03-25,0,0
"Côte d’Ivoire","CIV",2018,3,13,2018-03-26,2018-04-01,0,0
"Côte d’Ivoire","CIV",2018,4,14,2018-04-02,2018-04-08,0,0
"Côte d’Ivoire","CIV",2018,4,15,2018-04-09,2018-04-15,0,0
"Côte d’Ivoire","CIV",2018,4,16,2018-04-16,2018-04-22,1,0
"Côte d’Ivoire","CIV",2018,4,17,2018-04-23,2018-04-29,0,0
"Côte d’Ivoire","CIV",2018,4,18,2018-04-30,2018-05-06,1,0
"Côte d’Ivoire","CIV",2018,5,19,2018-05-07,2018-05-13,1,0
"Côte d’Ivoire","CIV",2018,5,20,2018-05-14,2018-05-20,0,0
"Côte d’Ivoire","CIV",2018,5,21,2018-05-21,2018-05-27,0,0
"Côte d’Ivoire","CIV",2018,5,22,2018-05-28,2018-06-03,0,0
"Côte d’Ivoire","CIV",2018,6,23,2018-06-04,2018-06-10,0,0
"Côte d’Ivoire","CIV",2018,6,24,2018-06-11,2018-06-17,0,0
"Côte d’Ivoire","CIV",2018,6,25,2018-06-18,2018-06-24,0,0
"Côte d’Ivoire","CIV",2018,6,26,2018-06-25,2018-07-01,0,0
"Côte d’Ivoire","CIV",2018,7,27,2018-07-02,2018-07-08,0,0
"Côte d’Ivoire","CIV",2018,7,28,2018-07-09,2018-07-15,0,0
"Côte d’Ivoire","CIV",2018,7,29,2018-07-16,2018-07-22,0,0
"Côte d’Ivoire","CIV",2018,7,30,2018-07-23,2018-07-29,0,0
"Côte d’Ivoire","CIV",2018,7,31,2018-07-30,2018-08-05,0,0
"Côte d’Ivoire","CIV",2018,8,32,2018-08-06,2018-08-12,0,0
"Côte d’Ivoire","CIV",2018,8,33,2018-08-13,2018-08-19,0,0
"Côte d’Ivoire","CIV",2018,8,34,2018-08-20,2018-08-26,0,0
"Côte d’Ivoire","CIV",2018,8,35,2018-08-27,2018-09-02,0,0
"Côte d’Ivoire","CIV",2018,9,36,2018-09-03,2018-09-09,0,0
"Côte d’Ivoire","CIV",2018,9,37,2018-09-10,2018-09-16,0,0
"Côte d’Ivoire","CIV",2018,9,38,2018-09-17,2018-09-23,0,0
"Côte d’Ivoire","CIV",2018,9,39,2018-09-24,2018-09-30,0,0
"Côte d’Ivoire","CIV",2018,10,40,2018-10-01,2018-10-07,1,0
"Côte d’Ivoire","CIV",2018,10,41,2018-10-08,2018-10-14,0,0
"Côte d’Ivoire","CIV",2018,10,42,2018-10-15,2018-10-21,0,0
"Côte d’Ivoire","CIV",2018,10,43,2018-10-22,2018-10-28,0,0
"Côte d’Ivoire","CIV",2018,10,44,2018-10-29,2018-11-04,0,0
"Côte d’Ivoire","CIV",2018,11,45,2018-11-05,2018-11-11,1,0
"Côte d’Ivoire","CIV",2018,11,46,2018-11-12,2018-11-18,0,0
"Côte d’Ivoire","CIV",2018,11,47,2018-11-19,2018-11-25,0,0
"Côte d’Ivoire","CIV",2018,11,48,2018-11-26,2018-12-02,1,0
"Côte d’Ivoire","CIV",2018,12,49,2018-12-03,2018-12-09,2,0
"Côte d’Ivoire","CIV",2018,12,50,2018-12-10,2018-12-16,1,0
"Côte d’Ivoire","CIV",2018,12,51,2018-12-17,2018-12-23,0,0
"Côte d’Ivoire","CIV",2018,12,52,2018-12-24,2018-12-30,0,0
"Côte d’Ivoire","CIV",2019,12,1,2018-12-31,2019-01-06,0,0
"Côte d’Ivoire","CIV",2019,1,2,2019-01-07,2019-01-13,0,0
"Côte d’Ivoire","CIV",2019,1,3,2019-01-14,2019-01-20,0,0
"Côte d’Ivoire","CIV",2019,1,4,2019-01-21,2019-01-27,1,0
"Côte d’Ivoire","CIV",2019,1,5,2019-01-28,2019-02-03,1,0
"Côte d’Ivoire","CIV",2019,2,6,2019-02-04,2019-02-10,0,0
"Côte d’Ivoire","CIV",2019,2,7,2019-02-11,2019-02-17,0,0
"Côte d’Ivoire","CIV",2019,2,8,2019-02-18,2019-02-24,1,0
"Côte d’Ivoire","CIV",2019,2,9,2019-02-25,2019-03-03,0,0
"Côte d’Ivoire","CIV",2019,3,10,2019-03-04,2019-03-10,0,0
"Côte d’Ivoire","CIV",2019,3,11,2019-03-11,2019-03-17,0,0
"Côte d’Ivoire","CIV",2019,3,12,2019-03-18,2019-03-24,0,0
"Côte d’Ivoire","CIV",2019,3,13,2019-03-25,2019-03-31,0,0
"Côte d’Ivoire","CIV",2019,4,14,2019-04-01,2019-04-07,0,0
"Côte d’Ivoire","CIV",2019,4,15,2019-04-08,2019-04-14,0,0
"Côte d’Ivoire","CIV",2019,4,16,2019-04-15,2019-04-21,0,0
"Côte d’Ivoire","CIV",2019,4,17,2019-04-22,2019-04-28,0,0
"Côte d’Ivoire","CIV",2019,4,18,2019-04-29,2019-05-05,0,0
"Côte d’Ivoire","CIV",2019,5,19,2019-05-06,2019-05-12,0,0
"Côte d’Ivoire","CIV",2019,5,20,2019-05-13,2019-05-19,0,0
"Côte d’Ivoire","CIV",2019,5,21,2019-05-20,2019-05-26,1,0
"Côte d’Ivoire","CIV",2019,5,22,2019-05-27,2019-06-02,0,0
"Côte d’Ivoire","CIV",2019,6,23,2019-06-03,2019-06-09,0,0
"Côte d’Ivoire","CIV",2019,6,24,2019-06-10,2019-06-16,0,0
"Côte d’Ivoire","CIV",2019,6,25,2019-06-17,2019-06-23,0,0
"Côte d’Ivoire","CIV",2019,6,26,2019-06-24,2019-06-30,0,0
"Côte d’Ivoire","CIV",2019,7,27,2019-07-01,2019-07-07,0,0
"Côte d’Ivoire","CIV",2019,7,28,2019-07-08,2019-07-14,0,0
"Côte d’Ivoire","CIV",2019,7,29,2019-07-15,2019-07-21,0,0
"Côte d’Ivoire","CIV",2019,7,30,2019-07-22,2019-07-28,0,0
"Côte d’Ivoire","CIV",2019,7,31,2019-07-29,2019-08-04,0,0
"Côte d’Ivoire","CIV",2019,8,32,2019-08-05,2019-08-11,0,0
"Côte d’Ivoire","CIV",2019,8,33,2019-08-12,2019-08-18,0,0
"Côte d’Ivoire","CIV",2019,8,34,2019-08-19,2019-08-25,0,0
"Côte d’Ivoire","CIV",2019,8,35,2019-08-26,2019-09-01,0,0
"Côte d’Ivoire","CIV",2019,9,36,2019-09-02,2019-09-08,0,0
"Côte d’Ivoire","CIV",2019,9,37,2019-09-09,2019-09-15,0,0
"Côte d’Ivoire","CIV",2019,9,38,2019-09-16,2019-09-22,0,0
"Côte d’Ivoire","CIV",2019,9,39,2019-09-23,2019-09-29,0,0
"Côte d’Ivoire","CIV",2019,9,40,2019-09-30,2019-10-06,0,0
"Côte d’Ivoire","CIV",2019,10,41,2019-10-07,2019-10-13,0,0
"Côte d’Ivoire","CIV",2019,10,42,2019-10-14,2019-10-20,0,0
"Côte d’Ivoire","CIV",2019,10,43,2019-10-21,2019-10-27,0,0
"Côte d’Ivoire","CIV",2019,10,44,2019-10-28,2019-11-03,0,0
"Côte d’Ivoire","CIV",2019,11,45,2019-11-04,2019-11-10,0,0
"Côte d’Ivoire","CIV",2019,11,46,2019-11-11,2019-11-17,0,0
"Côte d’Ivoire","CIV",2019,11,47,2019-11-18,2019-11-24,0,0
"Côte d’Ivoire","CIV",2019,11,48,2019-11-25,2019-12-01,0,0
"Côte d’Ivoire","CIV",2019,12,49,2019-12-02,2019-12-08,0,0
"Côte d’Ivoire","CIV",2019,12,50,2019-12-09,2019-12-15,0,0
"Côte d’Ivoire","CIV",2019,12,51,2019-12-16,2019-12-22,0,0
"Côte d’Ivoire","CIV",2019,12,52,2019-12-23,2019-12-29,0,0
"Côte d’Ivoire","CIV",2020,12,1,2019-12-30,2020-01-05,0,0
"Côte d’Ivoire","CIV",2020,1,2,2020-01-06,2020-01-12,0,0
"Côte d’Ivoire","CIV",2020,1,3,2020-01-13,2020-01-19,0,0
"Côte d’Ivoire","CIV",2020,1,4,2020-01-20,2020-01-26,0,0
"Côte d’Ivoire","CIV",2020,1,5,2020-01-27,2020-02-02,0,0
"Côte d’Ivoire","CIV",2020,2,6,2020-02-03,2020-02-09,0,0
"Côte d’Ivoire","CIV",2020,2,7,2020-02-10,2020-02-16,0,0
"Côte d’Ivoire","CIV",2020,2,8,2020-02-17,2020-02-23,0,0
"Côte d’Ivoire","CIV",2020,2,9,2020-02-24,2020-03-01,0,0
"Côte d’Ivoire","CIV",2020,3,10,2020-03-02,2020-03-08,0,0
"Côte d’Ivoire","CIV",2020,3,11,2020-03-09,2020-03-15,0,0
"Côte d’Ivoire","CIV",2020,3,12,2020-03-16,2020-03-22,0,0
"Côte d’Ivoire","CIV",2020,3,13,2020-03-23,2020-03-29,0,0
"Côte d’Ivoire","CIV",2020,3,14,2020-03-30,2020-04-05,0,0
"Côte d’Ivoire","CIV",2020,4,15,2020-04-06,2020-04-12,0,0
"Côte d’Ivoire","CIV",2020,4,16,2020-04-13,2020-04-19,0,0
"Côte d’Ivoire","CIV",2020,4,17,2020-04-20,2020-04-26,0,0
"Côte d’Ivoire","CIV",2020,4,18,2020-04-27,2020-05-03,0,0
"Côte d’Ivoire","CIV",2020,5,19,2020-05-04,2020-05-10,0,0
"Côte d’Ivoire","CIV",2020,5,20,2020-05-11,2020-05-17,0,0
"Côte d’Ivoire","CIV",2020,5,21,2020-05-18,2020-05-24,0,0
"Côte d’Ivoire","CIV",2020,5,22,2020-05-25,2020-05-31,0,0
"Côte d’Ivoire","CIV",2020,6,23,2020-06-01,2020-06-07,0,0
"Côte d’Ivoire","CIV",2020,6,24,2020-06-08,2020-06-14,0,0
"Côte d’Ivoire","CIV",2020,6,25,2020-06-15,2020-06-21,0,0
"Côte d’Ivoire","CIV",2020,6,26,2020-06-22,2020-06-28,0,0
"Côte d’Ivoire","CIV",2020,6,27,2020-06-29,2020-07-05,0,0
"Côte d’Ivoire","CIV",2020,7,28,2020-07-06,2020-07-12,0,0
"Côte d’Ivoire","CIV",2020,7,29,2020-07-13,2020-07-19,0,0
"Côte d’Ivoire","CIV",2020,7,30,2020-07-20,2020-07-26,0,0
"Côte d’Ivoire","CIV",2020,7,31,2020-07-27,2020-08-02,0,0
"Côte d’Ivoire","CIV",2020,8,32,2020-08-03,2020-08-09,0,0
"Côte d’Ivoire","CIV",2020,8,33,2020-08-10,2020-08-16,0,0
"Côte d’Ivoire","CIV",2020,8,34,2020-08-17,2020-08-23,0,0
"Côte d’Ivoire","CIV",2020,8,35,2020-08-24,2020-08-30,0,0
"Côte d’Ivoire","CIV",2020,8,36,2020-08-31,2020-09-06,0,0
"Côte d’Ivoire","CIV",2020,9,37,2020-09-07,2020-09-13,0,0
"Côte d’Ivoire","CIV",2020,9,38,2020-09-14,2020-09-20,0,0
"Côte d’Ivoire","CIV",2020,9,39,2020-09-21,2020-09-27,0,0
"Côte d’Ivoire","CIV",2020,9,40,2020-09-28,2020-10-04,0,0
"Côte d’Ivoire","CIV",2020,10,41,2020-10-05,2020-10-11,0,0
"Côte d’Ivoire","CIV",2020,10,42,2020-10-12,2020-10-18,0,0
"Côte d’Ivoire","CIV",2020,10,43,2020-10-19,2020-10-25,0,0
"Côte d’Ivoire","CIV",2020,10,44,2020-10-26,2020-11-01,0,0
"Côte d’Ivoire","CIV",2020,11,45,2020-11-02,2020-11-08,0,0
"Côte d’Ivoire","CIV",2020,11,46,2020-11-09,2020-11-15,0,0
"Côte d’Ivoire","CIV",2020,11,47,2020-11-16,2020-11-22,0,0
"Côte d’Ivoire","CIV",2020,11,48,2020-11-23,2020-11-29,0,0
"Côte d’Ivoire","CIV",2020,11,49,2020-11-30,2020-12-06,0,0
"Côte d’Ivoire","CIV",2020,12,50,2020-12-07,2020-12-13,0,0
"Côte d’Ivoire","CIV",2020,12,51,2020-12-14,2020-12-20,0,0
"Côte d’Ivoire","CIV",2020,12,52,2020-12-21,2020-12-27,0,0
"Côte d’Ivoire","CIV",2020,12,53,2020-12-28,2021-01-03,0,0
"Côte d’Ivoire","CIV",2021,1,1,2021-01-04,2021-01-10,0,0
"Côte d’Ivoire","CIV",2021,1,2,2021-01-11,2021-01-17,0,0
"Côte d’Ivoire","CIV",2021,1,3,2021-01-18,2021-01-24,0,0
"Côte d’Ivoire","CIV",2021,1,4,2021-01-25,2021-01-31,3,0
"Côte d’Ivoire","CIV",2021,2,5,2021-02-01,2021-02-07,1,0
"Côte d’Ivoire","CIV",2021,2,6,2021-02-08,2021-02-14,0,0
"Côte d’Ivoire","CIV",2021,2,7,2021-02-15,2021-02-21,0,0
"Côte d’Ivoire","CIV",2021,2,8,2021-02-22,2021-02-28,0,0
"Côte d’Ivoire","CIV",2021,3,9,2021-03-01,2021-03-07,0,0
"Côte d’Ivoire","CIV",2021,3,10,2021-03-08,2021-03-14,0,0
"Côte d’Ivoire","CIV",2021,3,11,2021-03-15,2021-03-21,0,0
"Côte d’Ivoire","CIV",2021,3,12,2021-03-22,2021-03-28,0,0
"Côte d’Ivoire","CIV",2021,3,13,2021-03-29,2021-04-04,1,0
"Côte d’Ivoire","CIV",2021,4,14,2021-04-05,2021-04-11,0,0
"Côte d’Ivoire","CIV",2021,4,15,2021-04-12,2021-04-18,0,0
"Côte d’Ivoire","CIV",2021,4,16,2021-04-19,2021-04-25,0,0
"Côte d’Ivoire","CIV",2021,4,17,2021-04-26,2021-05-02,0,0
"Côte d’Ivoire","CIV",2021,5,18,2021-05-03,2021-05-09,0,0
"Côte d’Ivoire","CIV",2021,5,19,2021-05-10,2021-05-16,0,0
"Côte d’Ivoire","CIV",2021,5,20,2021-05-17,2021-05-23,0,0
"Côte d’Ivoire","CIV",2021,5,21,2021-05-24,2021-05-30,1,0
"Côte d’Ivoire","CIV",2021,5,22,2021-05-31,2021-06-06,1,0
"Côte d’Ivoire","CIV",2021,6,23,2021-06-07,2021-06-13,0,0
"Côte d’Ivoire","CIV",2021,6,24,2021-06-14,2021-06-20,0,0
"Côte d’Ivoire","CIV",2021,6,25,2021-06-21,2021-06-27,0,0
"Côte d’Ivoire","CIV",2021,6,26,2021-06-28,2021-07-04,0,0
"Côte d’Ivoire","CIV",2021,7,27,2021-07-05,2021-07-11,0,0
"Côte d’Ivoire","CIV",2021,7,28,2021-07-12,2021-07-18,0,0
"Côte d’Ivoire","CIV",2021,7,29,2021-07-19,2021-07-25,0,0
"Côte d’Ivoire","CIV",2021,7,30,2021-07-26,2021-08-01,0,0
"Côte d’Ivoire","CIV",2021,8,31,2021-08-02,2021-08-08,0,0
"Côte d’Ivoire","CIV",2021,8,32,2021-08-09,2021-08-15,0,0
"Côte d’Ivoire","CIV",2021,8,33,2021-08-16,2021-08-22,0,0
"Côte d’Ivoire","CIV",2021,8,34,2021-08-23,2021-08-29,1,0
"Côte d’Ivoire","CIV",2021,8,35,2021-08-30,2021-09-05,0,0
"Côte d’Ivoire","CIV",2021,9,36,2021-09-06,2021-09-12,0,0
"Côte d’Ivoire","CIV",2021,9,37,2021-09-13,2021-09-19,0,0
"Côte d’Ivoire","CIV",2021,9,38,2021-09-20,2021-09-26,0,0
"Côte d’Ivoire","CIV",2021,9,39,2021-09-27,2021-10-03,0,0
"Côte d’Ivoire","CIV",2021,10,40,2021-10-04,2021-10-10,0,0
"Côte d’Ivoire","CIV",2021,10,41,2021-10-11,2021-10-17,1,0
"Côte d’Ivoire","CIV",2021,10,42,2021-10-18,2021-10-24,0,0
"Côte d’Ivoire","CIV",2021,10,43,2021-10-25,2021-10-31,0,0
"Côte d’Ivoire","CIV",2021,11,44,2021-11-01,2021-11-07,0,0
"Côte d’Ivoire","CIV",2021,11,45,2021-11-08,2021-11-14,0,0
"Côte d’Ivoire","CIV",2021,11,46,2021-11-15,2021-11-21,3,0
"Côte d’Ivoire","CIV",2021,11,47,2021-11-22,2021-11-28,0,0
"Côte d’Ivoire","CIV",2021,11,48,2021-11-29,2021-12-05,0,0
"Côte d’Ivoire","CIV",2021,12,49,2021-12-06,2021-12-12,0,0
"Côte d’Ivoire","CIV",2021,12,50,2021-12-13,2021-12-19,0,0
"Côte d’Ivoire","CIV",2021,12,51,2021-12-20,2021-12-26,0,0
"Côte d’Ivoire","CIV",2021,12,52,2021-12-27,2022-01-02,0,0
"Côte d’Ivoire","CIV",2022,1,1,2022-01-03,2022-01-09,0,0
"Côte d’Ivoire","CIV",2022,1,2,2022-01-10,2022-01-16,0,0
"Côte d’Ivoire","CIV",2022,1,3,2022-01-17,2022-01-23,0,0
"Côte d’Ivoire","CIV",2022,1,4,2022-01-24,2022-01-30,0,0
"Côte d’Ivoire","CIV",2022,1,5,2022-01-31,2022-02-06,0,0
"Côte d’Ivoire","CIV",2022,2,6,2022-02-07,2022-02-13,1,0
"Côte d’Ivoire","CIV",2022,2,7,2022-02-14,2022-02-20,0,0
"Côte d’Ivoire","CIV",2022,2,8,2022-02-21,2022-02-27,0,0
"Côte d’Ivoire","CIV",2022,2,9,2022-02-28,2022-03-06,0,0
"Côte d’Ivoire","CIV",2022,3,10,2022-03-07,2022-03-13,0,0
"Côte d’Ivoire","CIV",2022,3,11,2022-03-14,2022-03-20,0,0
"Côte d’Ivoire","CIV",2022,3,12,2022-03-21,2022-03-27,0,0
"Côte d’Ivoire","CIV",2022,3,13,2022-03-28,2022-04-03,0,0
"Côte d’Ivoire","CIV",2022,4,14,2022-04-04,2022-04-10,3,0
"Côte d’Ivoire","CIV",2022,4,15,2022-04-11,2022-04-17,0,0
"Côte d’Ivoire","CIV",2022,4,16,2022-04-18,2022-04-24,0,0
"Côte d’Ivoire","CIV",2022,4,17,2022-04-25,2022-05-01,0,0
"Côte d’Ivoire","CIV",2022,5,18,2022-05-02,2022-05-08,0,0
"Côte d’Ivoire","CIV",2022,5,19,2022-05-09,2022-05-15,0,0
"Côte d’Ivoire","CIV",2022,5,20,2022-05-16,2022-05-22,0,0
"Côte d’Ivoire","CIV",2022,5,21,2022-05-23,2022-05-29,0,0
"Côte d’Ivoire","CIV",2022,5,22,2022-05-30,2022-06-05,2,0
"Côte d’Ivoire","CIV",2022,6,23,2022-06-06,2022-06-12,0,0
"Côte d’Ivoire","CIV",2022,6,24,2022-06-13,2022-06-19,0,0
"Côte d’Ivoire","CIV",2022,6,25,2022-06-20,2022-06-26,0,0
"Côte d’Ivoire","CIV",2022,6,26,2022-06-27,2022-07-03,0,0
"Côte d’Ivoire","CIV",2022,7,27,2022-07-04,2022-07-10,0,0
"Côte d’Ivoire","CIV",2022,7,28,2022-07-11,2022-07-17,0,0
"Côte d’Ivoire","CIV",2022,7,29,2022-07-18,2022-07-24,0,0
"Côte d’Ivoire","CIV",2022,7,30,2022-07-25,2022-07-31,0,0
"Côte d’Ivoire","CIV",2022,8,31,2022-08-01,2022-08-07,0,0
"Côte d’Ivoire","CIV",2022,8,32,2022-08-08,2022-08-14,0,0
"Côte d’Ivoire","CIV",2022,8,33,2022-08-15,2022-08-21,0,0
"Côte d’Ivoire","CIV",2022,8,34,2022-08-22,2022-08-28,0,0
"Côte d’Ivoire","CIV",2022,8,35,2022-08-29,2022-09-04,0,0
"Côte d’Ivoire","CIV",2022,9,36,2022-09-05,2022-09-11,0,0
"Côte d’Ivoire","CIV",2022,9,37,2022-09-12,2022-09-18,0,0
"Côte d’Ivoire","CIV",2022,9,38,2022-09-19,2022-09-25,0,0
"Côte d’Ivoire","CIV",2022,9,39,2022-09-26,2022-10-02,0,0
"Côte d’Ivoire","CIV",2022,10,40,2022-10-03,2022-10-09,0,0
"Côte d’Ivoire","CIV",2022,10,41,2022-10-10,2022-10-16,0,0
"Côte d’Ivoire","CIV",2022,10,42,2022-10-17,2022-10-23,0,0
"Côte d’Ivoire","CIV",2022,10,43,2022-10-24,2022-10-30,0,0
"Côte d’Ivoire","CIV",2022,10,44,2022-10-31,2022-11-06,0,0
"Côte d’Ivoire","CIV",2022,11,45,2022-11-07,2022-11-13,0,0
"Côte d’Ivoire","CIV",2022,11,46,2022-11-14,2022-11-20,0,0
"Côte d’Ivoire","CIV",2022,11,47,2022-11-21,2022-11-27,0,0
"Côte d’Ivoire","CIV",2022,11,48,2022-11-28,2022-12-04,0,0
"Côte d’Ivoire","CIV",2022,12,49,2022-12-05,2022-12-11,0,0
"Côte d’Ivoire","CIV",2022,12,50,2022-12-12,2022-12-18,0,0
"Côte d’Ivoire","CIV",2022,12,51,2022-12-19,2022-12-25,0,0
"Côte d’Ivoire","CIV",2022,12,52,2022-12-26,2023-01-01,0,0
"Côte d’Ivoire","CIV",2023,1,1,2023-01-02,2023-01-08,0,0
"Côte d’Ivoire","CIV",2023,1,2,2023-01-09,2023-01-15,0,0
"Côte d’Ivoire","CIV",2023,1,3,2023-01-16,2023-01-22,0,0
"Côte d’Ivoire","CIV",2023,1,4,2023-01-23,2023-01-29,0,0
"Côte d’Ivoire","CIV",2023,1,5,2023-01-30,2023-02-05,0,0
"Côte d’Ivoire","CIV",2023,2,6,2023-02-06,2023-02-12,0,0
"Côte d’Ivoire","CIV",2023,2,7,2023-02-13,2023-02-19,0,0
"Côte d’Ivoire","CIV",2023,2,8,2023-02-20,2023-02-26,0,0
"Côte d’Ivoire","CIV",2023,2,9,2023-02-27,2023-03-05,0,0
"Côte d’Ivoire","CIV",2023,3,10,2023-03-06,2023-03-12,0,0
"Côte d’Ivoire","CIV",2023,3,11,2023-03-13,2023-03-19,0,0
"Côte d’Ivoire","CIV",2023,3,12,2023-03-20,2023-03-26,2,0
"Côte d’Ivoire","CIV",2023,3,13,2023-03-27,2023-04-02,0,0
"Côte d’Ivoire","CIV",2023,4,14,2023-04-03,2023-04-09,0,0
"Côte d’Ivoire","CIV",2023,4,15,2023-04-10,2023-04-16,0,0
"Côte d’Ivoire","CIV",2023,4,16,2023-04-17,2023-04-23,0,0
"Côte d’Ivoire","CIV",2023,4,17,2023-04-24,2023-04-30,0,0
"Côte d’Ivoire","CIV",2023,5,18,2023-05-01,2023-05-07,0,0
"Côte d’Ivoire","CIV",2023,5,19,2023-05-08,2023-05-14,0,0
"Côte d’Ivoire","CIV",2023,5,20,2023-05-15,2023-05-21,0,0
"Côte d’Ivoire","CIV",2023,5,21,2023-05-22,2023-05-28,0,0
"Côte d’Ivoire","CIV",2023,5,22,2023-05-29,2023-06-04,0,0
"Côte d’Ivoire","CIV",2023,6,23,2023-06-05,2023-06-11,0,0
"Côte d’Ivoire","CIV",2023,6,24,2023-06-12,2023-06-18,0,0
"Côte d’Ivoire","CIV",2023,6,25,2023-06-19,2023-06-25,0,0
"Côte d’Ivoire","CIV",2023,6,26,2023-06-26,2023-07-02,0,0
"Côte d’Ivoire","CIV",2023,7,27,2023-07-03,2023-07-09,0,0
"Côte d’Ivoire","CIV",2023,7,28,2023-07-10,2023-07-16,0,0
"Côte d’Ivoire","CIV",2023,7,29,2023-07-17,2023-07-23,0,0
"Côte d’Ivoire","CIV",2023,7,30,2023-07-24,2023-07-30,0,0
"Côte d’Ivoire","CIV",2023,7,31,2023-07-31,2023-08-06,0,0
"Côte d’Ivoire","CIV",2023,8,32,2023-08-07,2023-08-13,0,0
"Côte d’Ivoire","CIV",2023,8,33,2023-08-14,2023-08-20,0,0
"Côte d’Ivoire","CIV",2023,8,34,2023-08-21,2023-08-27,0,0
"Côte d’Ivoire","CIV",2023,8,35,2023-08-28,2023-09-03,0,0
"Côte d’Ivoire","CIV",2023,9,36,2023-09-04,2023-09-10,0,0
"Côte d’Ivoire","CIV",2023,9,37,2023-09-11,2023-09-17,0,0
"Côte d’Ivoire","CIV",2023,9,38,2023-09-18,2023-09-24,0,0
"Côte d’Ivoire","CIV",2023,9,39,2023-09-25,2023-10-01,0,0
"Côte d’Ivoire","CIV",2023,10,40,2023-10-02,2023-10-08,0,0
"Côte d’Ivoire","CIV",2023,10,41,2023-10-09,2023-10-15,0,0
"Côte d’Ivoire","CIV",2023,10,42,2023-10-16,2023-10-22,0,0
"Côte d’Ivoire","CIV",2023,10,43,2023-10-23,2023-10-29,0,0
"Côte d’Ivoire","CIV",2023,10,44,2023-10-30,2023-11-05,0,0
"Côte d’Ivoire","CIV",2023,11,45,2023-11-06,2023-11-12,0,0
"Côte d’Ivoire","CIV",2023,11,46,2023-11-13,2023-11-19,0,0
"Cameroon","CMR",2010,3,10,2010-03-08,2010-03-14,0,0
"Cameroon","CMR",2010,3,11,2010-03-15,2010-03-21,0,0
"Cameroon","CMR",2010,3,12,2010-03-22,2010-03-28,0,0
"Cameroon","CMR",2010,3,13,2010-03-29,2010-04-04,0,0
"Cameroon","CMR",2010,4,14,2010-04-05,2010-04-11,0,0
"Cameroon","CMR",2010,4,15,2010-04-12,2010-04-18,0,0
"Cameroon","CMR",2010,4,16,2010-04-19,2010-04-25,0,0
"Cameroon","CMR",2010,4,17,2010-04-26,2010-05-02,0,0
"Cameroon","CMR",2010,5,18,2010-05-03,2010-05-09,23,3
"Cameroon","CMR",2010,5,19,2010-05-10,2010-05-16,31,0
"Cameroon","CMR",2010,5,20,2010-05-17,2010-05-23,11,0
"Cameroon","CMR",2010,5,21,2010-05-24,2010-05-30,11,5
"Cameroon","CMR",2010,5,22,2010-05-31,2010-06-06,23,2
"Cameroon","CMR",2010,6,23,2010-06-07,2010-06-13,23,8
"Cameroon","CMR",2010,6,24,2010-06-14,2010-06-20,54,2
"Cameroon","CMR",2010,6,25,2010-06-21,2010-06-27,123,5
"Cameroon","CMR",2010,6,26,2010-06-28,2010-07-04,189,11
"Cameroon","CMR",2010,7,27,2010-07-05,2010-07-11,170,18
"Cameroon","CMR",2010,7,28,2010-07-12,2010-07-18,286,18
"Cameroon","CMR",2010,7,29,2010-07-19,2010-07-25,297,22
"Cameroon","CMR",2010,7,30,2010-07-26,2010-08-01,440,27
"Cameroon","CMR",2010,8,31,2010-08-02,2010-08-08,588,48
"Cameroon","CMR",2010,8,32,2010-08-09,2010-08-15,742,51
"Cameroon","CMR",2010,8,33,2010-08-16,2010-08-22,785,45
"Cameroon","CMR",2010,8,34,2010-08-23,2010-08-29,939,56
"Cameroon","CMR",2010,8,35,2010-08-30,2010-09-05,916,57
"Cameroon","CMR",2010,9,36,2010-09-06,2010-09-12,789,43
"Cameroon","CMR",2010,9,37,2010-09-13,2010-09-19,730,42
"Cameroon","CMR",2010,9,38,2010-09-20,2010-09-26,576,39
"Cameroon","CMR",2010,9,39,2010-09-27,2010-10-03,394,16
"Cameroon","CMR",2010,10,40,2010-10-04,2010-10-10,336,20
"Cameroon","CMR",2010,10,41,2010-10-11,2010-10-17,251,21
"Cameroon","CMR",2010,10,42,2010-10-18,2010-10-24,239,12
"Cameroon","CMR",2010,10,43,2010-10-25,2010-10-31,255,11
"Cameroon","CMR",2010,11,44,2010-11-01,2010-11-07,147,8
"Cameroon","CMR",2010,11,45,2010-11-08,2010-11-14,193,10
"Cameroon","CMR",2010,11,46,2010-11-15,2010-11-21,185,7
"Cameroon","CMR",2010,11,47,2010-11-22,2010-11-28,193,6
"Cameroon","CMR",2010,11,48,2010-11-29,2010-12-05,174,5
"Cameroon","CMR",2010,12,49,2010-12-06,2010-12-12,135,6
"Cameroon","CMR",2010,12,50,2010-12-13,2010-12-19,123,3
"Cameroon","CMR",2010,12,51,2010-12-20,2010-12-26,135,9
"Cameroon","CMR",2010,12,52,2010-12-27,2011-01-02,185,7
"Cameroon","CMR",2011,1,1,2011-01-03,2011-01-09,135,3
"Cameroon","CMR",2011,1,2,2011-01-10,2011-01-16,100,4
"Cameroon","CMR",2011,1,3,2011-01-17,2011-01-23,143,4
"Cameroon","CMR",2011,1,4,2011-01-24,2011-01-30,131,4
"Cameroon","CMR",2011,1,5,2011-01-31,2011-02-06,154,2
"Cameroon","CMR",2011,2,6,2011-02-07,2011-02-13,166,5
"Cameroon","CMR",2011,2,7,2011-02-14,2011-02-20,178,4
"Cameroon","CMR",2011,2,8,2011-02-21,2011-02-27,178,4
"Cameroon","CMR",2011,2,9,2011-02-28,2011-03-06,197,6
"Cameroon","CMR",2011,3,10,2011-03-07,2011-03-13,197,15
"Cameroon","CMR",2011,3,11,2011-03-14,2011-03-20,297,20
"Cameroon","CMR",2011,3,12,2011-03-21,2011-03-27,495,16
"Cameroon","CMR",2011,3,13,2011-03-28,2011-04-03,406,14
"Cameroon","CMR",2011,4,14,2011-04-04,2011-04-10,429,11
"Cameroon","CMR",2011,4,15,2011-04-11,2011-04-17,375,5
"Cameroon","CMR",2011,4,16,2011-04-18,2011-04-24,537,15
"Cameroon","CMR",2011,4,17,2011-04-25,2011-05-01,557,16
"Cameroon","CMR",2011,5,18,2011-05-02,2011-05-08,545,19
"Cameroon","CMR",2011,5,19,2011-05-09,2011-05-15,669,22
"Cameroon","CMR",2011,5,20,2011-05-16,2011-05-22,444,9
"Cameroon","CMR",2011,5,21,2011-05-23,2011-05-29,522,19
"Cameroon","CMR",2011,5,22,2011-05-30,2011-06-05,464,23
"Cameroon","CMR",2011,6,23,2011-06-06,2011-06-12,375,12
"Cameroon","CMR",2011,6,24,2011-06-13,2011-06-19,460,21
"Cameroon","CMR",2011,6,25,2011-06-20,2011-06-26,394,21
"Cameroon","CMR",2011,6,26,2011-06-27,2011-07-03,255,7
"Cameroon","CMR",2011,7,27,2011-07-04,2011-07-10,580,18
"Cameroon","CMR",2011,7,28,2011-07-11,2011-07-17,665,26
"Cameroon","CMR",2011,7,29,2011-07-18,2011-07-24,580,33
"Cameroon","CMR",2011,7,30,2011-07-25,2011-07-31,595,25
"Cameroon","CMR",2011,8,31,2011-08-01,2011-08-07,715,54
"Cameroon","CMR",2011,8,32,2011-08-08,2011-08-14,518,21
"Cameroon","CMR",2011,8,33,2011-08-15,2011-08-21,816,31
"Cameroon","CMR",2011,8,34,2011-08-22,2011-08-28,909,25
"Cameroon","CMR",2011,8,35,2011-08-29,2011-09-04,731,41
"Cameroon","CMR",2011,9,36,2011-09-05,2011-09-11,487,14
"Cameroon","CMR",2011,9,37,2011-09-12,2011-09-18,541,19
"Cameroon","CMR",2011,9,38,2011-09-19,2011-09-25,696,15
"Cameroon","CMR",2011,9,39,2011-09-26,2011-10-02,0,0
"Cameroon","CMR",2011,10,40,2011-10-03,2011-10-09,0,0
"Cameroon","CMR",2011,10,41,2011-10-10,2011-10-16,0,0
"Cameroon","CMR",2011,10,42,2011-10-17,2011-10-23,0,0
"Cameroon","CMR",2011,10,43,2011-10-24,2011-10-30,0,0
"Cameroon","CMR",2011,10,44,2011-10-31,2011-11-06,0,0
"Cameroon","CMR",2011,11,45,2011-11-07,2011-11-13,0,0
"Cameroon","CMR",2011,11,46,2011-11-14,2011-11-20,0,0
"Cameroon","CMR",2011,11,47,2011-11-21,2011-11-27,0,0
"Cameroon","CMR",2011,11,48,2011-11-28,2011-12-04,0,0
"Cameroon","CMR",2011,12,49,2011-12-05,2011-12-11,0,0
"Cameroon","CMR",2011,12,50,2011-12-12,2011-12-18,0,0
"Cameroon","CMR",2011,12,51,2011-12-19,2011-12-25,0,0
"Cameroon","CMR",2011,12,52,2011-12-26,2012-01-01,0,0
"Cameroon","CMR",2012,1,1,2012-01-02,2012-01-08,0,0
"Cameroon","CMR",2012,1,2,2012-01-09,2012-01-15,0,0
"Cameroon","CMR",2012,1,3,2012-01-16,2012-01-22,0,0
"Cameroon","CMR",2012,1,4,2012-01-23,2012-01-29,0,0
"Cameroon","CMR",2012,1,5,2012-01-30,2012-02-05,0,0
"Cameroon","CMR",2012,2,6,2012-02-06,2012-02-12,0,0
"Cameroon","CMR",2012,2,7,2012-02-13,2012-02-19,0,0
"Cameroon","CMR",2012,2,8,2012-02-20,2012-02-26,0,0
"Cameroon","CMR",2012,2,9,2012-02-27,2012-03-04,0,0
"Cameroon","CMR",2012,3,10,2012-03-05,2012-03-11,0,0
"Cameroon","CMR",2012,3,11,2012-03-12,2012-03-18,0,0
"Cameroon","CMR",2012,3,12,2012-03-19,2012-03-25,0,0
"Cameroon","CMR",2012,3,13,2012-03-26,2012-04-01,0,0
"Cameroon","CMR",2012,4,14,2012-04-02,2012-04-08,0,0
"Cameroon","CMR",2012,4,15,2012-04-09,2012-04-15,0,0
"Cameroon","CMR",2012,4,16,2012-04-16,2012-04-22,0,0
"Cameroon","CMR",2012,4,17,2012-04-23,2012-04-29,0,0
"Cameroon","CMR",2012,4,18,2012-04-30,2012-05-06,0,0
"Cameroon","CMR",2012,5,19,2012-05-07,2012-05-13,0,0
"Cameroon","CMR",2012,5,20,2012-05-14,2012-05-20,0,0
"Cameroon","CMR",2012,5,21,2012-05-21,2012-05-27,0,0
"Cameroon","CMR",2012,5,22,2012-05-28,2012-06-03,0,0
"Cameroon","CMR",2012,6,23,2012-06-04,2012-06-10,0,0
"Cameroon","CMR",2012,6,24,2012-06-11,2012-06-17,0,0
"Cameroon","CMR",2012,6,25,2012-06-18,2012-06-24,0,0
"Cameroon","CMR",2012,6,26,2012-06-25,2012-07-01,0,0
"Cameroon","CMR",2012,7,27,2012-07-02,2012-07-08,0,0
"Cameroon","CMR",2012,7,28,2012-07-09,2012-07-15,0,0
"Cameroon","CMR",2012,7,29,2012-07-16,2012-07-22,0,0
"Cameroon","CMR",2012,7,30,2012-07-23,2012-07-29,0,0
"Cameroon","CMR",2012,7,31,2012-07-30,2012-08-05,0,0
"Cameroon","CMR",2012,8,32,2012-08-06,2012-08-12,0,0
"Cameroon","CMR",2012,8,33,2012-08-13,2012-08-19,0,0
"Cameroon","CMR",2012,8,34,2012-08-20,2012-08-26,0,0
"Cameroon","CMR",2012,8,35,2012-08-27,2012-09-02,0,0
"Cameroon","CMR",2012,9,36,2012-09-03,2012-09-09,0,0
"Cameroon","CMR",2012,9,37,2012-09-10,2012-09-16,0,0
"Cameroon","CMR",2012,9,38,2012-09-17,2012-09-23,0,0
"Cameroon","CMR",2012,9,39,2012-09-24,2012-09-30,0,0
"Cameroon","CMR",2012,10,40,2012-10-01,2012-10-07,0,0
"Cameroon","CMR",2012,10,41,2012-10-08,2012-10-14,0,0
"Cameroon","CMR",2012,10,42,2012-10-15,2012-10-21,0,0
"Cameroon","CMR",2012,10,43,2012-10-22,2012-10-28,0,0
"Cameroon","CMR",2012,10,44,2012-10-29,2012-11-04,0,0
"Cameroon","CMR",2012,11,45,2012-11-05,2012-11-11,0,0
"Cameroon","CMR",2012,11,46,2012-11-12,2012-11-18,0,0
"Cameroon","CMR",2012,11,47,2012-11-19,2012-11-25,0,0
"Cameroon","CMR",2012,11,48,2012-11-26,2012-12-02,0,0
"Cameroon","CMR",2012,12,49,2012-12-03,2012-12-09,0,0
"Cameroon","CMR",2012,12,50,2012-12-10,2012-12-16,0,0
"Cameroon","CMR",2012,12,51,2012-12-17,2012-12-23,0,0
"Cameroon","CMR",2012,12,52,2012-12-24,2012-12-30,0,0
"Cameroon","CMR",2013,12,1,2012-12-31,2013-01-06,0,0
"Cameroon","CMR",2013,1,2,2013-01-07,2013-01-13,0,0
"Cameroon","CMR",2013,1,3,2013-01-14,2013-01-20,0,0
"Cameroon","CMR",2013,1,4,2013-01-21,2013-01-27,0,0
"Cameroon","CMR",2013,1,5,2013-01-28,2013-02-03,0,0
"Cameroon","CMR",2013,2,6,2013-02-04,2013-02-10,0,0
"Cameroon","CMR",2013,2,7,2013-02-11,2013-02-17,0,0
"Cameroon","CMR",2013,2,8,2013-02-18,2013-02-24,0,0
"Cameroon","CMR",2013,2,9,2013-02-25,2013-03-03,0,0
"Cameroon","CMR",2013,3,10,2013-03-04,2013-03-10,0,0
"Cameroon","CMR",2013,3,11,2013-03-11,2013-03-17,0,0
"Cameroon","CMR",2013,3,12,2013-03-18,2013-03-24,0,0
"Cameroon","CMR",2013,3,13,2013-03-25,2013-03-31,0,0
"Cameroon","CMR",2013,4,14,2013-04-01,2013-04-07,0,0
"Cameroon","CMR",2013,4,15,2013-04-08,2013-04-14,0,0
"Cameroon","CMR",2013,4,16,2013-04-15,2013-04-21,0,0
"Cameroon","CMR",2013,4,17,2013-04-22,2013-04-28,0,0
"Cameroon","CMR",2013,4,18,2013-04-29,2013-05-05,0,0
"Cameroon","CMR",2013,5,19,2013-05-06,2013-05-12,0,0
"Cameroon","CMR",2013,5,20,2013-05-13,2013-05-19,0,0
"Cameroon","CMR",2013,5,21,2013-05-20,2013-05-26,0,0
"Cameroon","CMR",2013,5,22,2013-05-27,2013-06-02,0,0
"Cameroon","CMR",2013,6,23,2013-06-03,2013-06-09,0,0
"Cameroon","CMR",2013,6,24,2013-06-10,2013-06-16,0,0
"Cameroon","CMR",2013,6,25,2013-06-17,2013-06-23,0,0
"Cameroon","CMR",2013,6,26,2013-06-24,2013-06-30,0,0
"Cameroon","CMR",2013,7,27,2013-07-01,2013-07-07,0,0
"Cameroon","CMR",2013,7,28,2013-07-08,2013-07-14,0,0
"Cameroon","CMR",2013,7,29,2013-07-15,2013-07-21,0,0
"Cameroon","CMR",2013,7,30,2013-07-22,2013-07-28,0,0
"Cameroon","CMR",2013,7,31,2013-07-29,2013-08-04,0,0
"Cameroon","CMR",2013,8,32,2013-08-05,2013-08-11,0,0
"Cameroon","CMR",2013,8,33,2013-08-12,2013-08-18,0,0
"Cameroon","CMR",2013,8,34,2013-08-19,2013-08-25,0,0
"Cameroon","CMR",2013,8,35,2013-08-26,2013-09-01,0,0
"Cameroon","CMR",2013,9,36,2013-09-02,2013-09-08,0,0
"Cameroon","CMR",2013,9,37,2013-09-09,2013-09-15,0,0
"Cameroon","CMR",2013,9,38,2013-09-16,2013-09-22,0,0
"Cameroon","CMR",2013,9,39,2013-09-23,2013-09-29,0,0
"Cameroon","CMR",2013,9,40,2013-09-30,2013-10-06,0,0
"Cameroon","CMR",2013,10,41,2013-10-07,2013-10-13,0,0
"Cameroon","CMR",2013,10,42,2013-10-14,2013-10-20,0,0
"Cameroon","CMR",2013,10,43,2013-10-21,2013-10-27,0,0
"Cameroon","CMR",2013,10,44,2013-10-28,2013-11-03,0,0
"Cameroon","CMR",2013,11,45,2013-11-04,2013-11-10,0,0
"Cameroon","CMR",2013,11,46,2013-11-11,2013-11-17,0,0
"Cameroon","CMR",2013,11,47,2013-11-18,2013-11-24,0,0
"Cameroon","CMR",2013,11,48,2013-11-25,2013-12-01,0,0
"Cameroon","CMR",2013,12,49,2013-12-02,2013-12-08,0,0
"Cameroon","CMR",2013,12,50,2013-12-09,2013-12-15,0,0
"Cameroon","CMR",2013,12,51,2013-12-16,2013-12-22,0,0
"Cameroon","CMR",2013,12,52,2013-12-23,2013-12-29,0,0
"Cameroon","CMR",2014,12,1,2013-12-30,2014-01-05,0,0
"Cameroon","CMR",2014,1,2,2014-01-06,2014-01-12,0,0
"Cameroon","CMR",2014,1,3,2014-01-13,2014-01-19,0,0
"Cameroon","CMR",2014,1,4,2014-01-20,2014-01-26,0,0
"Cameroon","CMR",2014,1,5,2014-01-27,2014-02-02,0,0
"Cameroon","CMR",2014,2,6,2014-02-03,2014-02-09,0,0
"Cameroon","CMR",2014,2,7,2014-02-10,2014-02-16,0,0
"Cameroon","CMR",2014,2,8,2014-02-17,2014-02-23,0,0
"Cameroon","CMR",2014,2,9,2014-02-24,2014-03-02,0,0
"Cameroon","CMR",2014,3,10,2014-03-03,2014-03-09,0,0
"Cameroon","CMR",2014,3,11,2014-03-10,2014-03-16,0,0
"Cameroon","CMR",2014,3,12,2014-03-17,2014-03-23,0,0
"Cameroon","CMR",2014,3,13,2014-03-24,2014-03-30,0,0
"Cameroon","CMR",2014,3,14,2014-03-31,2014-04-06,0,0
"Cameroon","CMR",2014,4,15,2014-04-07,2014-04-13,0,0
"Cameroon","CMR",2014,4,16,2014-04-14,2014-04-20,0,0
"Cameroon","CMR",2014,4,17,2014-04-21,2014-04-27,0,0
"Cameroon","CMR",2014,4,18,2014-04-28,2014-05-04,0,0
"Cameroon","CMR",2014,5,19,2014-05-05,2014-05-11,0,0
"Cameroon","CMR",2014,5,20,2014-05-12,2014-05-18,0,0
"Cameroon","CMR",2014,5,21,2014-05-19,2014-05-25,0,0
"Cameroon","CMR",2014,5,22,2014-05-26,2014-06-01,0,0
"Cameroon","CMR",2014,6,23,2014-06-02,2014-06-08,0,0
"Cameroon","CMR",2014,6,24,2014-06-09,2014-06-15,0,0
"Cameroon","CMR",2014,6,25,2014-06-16,2014-06-22,0,0
"Cameroon","CMR",2014,6,26,2014-06-23,2014-06-29,0,0
"Cameroon","CMR",2014,6,27,2014-06-30,2014-07-06,0,0
"Cameroon","CMR",2014,7,28,2014-07-07,2014-07-13,0,0
"Cameroon","CMR",2014,7,29,2014-07-14,2014-07-20,0,0
"Cameroon","CMR",2014,7,30,2014-07-21,2014-07-27,0,0
"Cameroon","CMR",2014,7,31,2014-07-28,2014-08-03,0,0
"Cameroon","CMR",2014,8,32,2014-08-04,2014-08-10,0,0
"Cameroon","CMR",2014,8,33,2014-08-11,2014-08-17,0,0
"Cameroon","CMR",2014,8,34,2014-08-18,2014-08-24,0,0
"Cameroon","CMR",2014,8,35,2014-08-25,2014-08-31,0,0
"Cameroon","CMR",2014,9,36,2014-09-01,2014-09-07,0,0
"Cameroon","CMR",2014,9,37,2014-09-08,2014-09-14,0,0
"Cameroon","CMR",2014,9,38,2014-09-15,2014-09-21,0,0
"Cameroon","CMR",2014,9,39,2014-09-22,2014-09-28,0,0
"Cameroon","CMR",2014,9,40,2014-09-29,2014-10-05,0,0
"Cameroon","CMR",2014,10,41,2014-10-06,2014-10-12,0,0
"Cameroon","CMR",2014,10,42,2014-10-13,2014-10-19,0,0
"Cameroon","CMR",2014,10,43,2014-10-20,2014-10-26,0,0
"Cameroon","CMR",2014,10,44,2014-10-27,2014-11-02,0,0
"Cameroon","CMR",2014,11,45,2014-11-03,2014-11-09,0,0
"Cameroon","CMR",2014,11,46,2014-11-10,2014-11-16,0,0
"Cameroon","CMR",2014,11,47,2014-11-17,2014-11-23,0,0
"Cameroon","CMR",2014,11,48,2014-11-24,2014-11-30,0,0
"Cameroon","CMR",2014,12,49,2014-12-01,2014-12-07,0,0
"Cameroon","CMR",2014,12,50,2014-12-08,2014-12-14,0,0
"Cameroon","CMR",2014,12,51,2014-12-15,2014-12-21,0,0
"Cameroon","CMR",2014,12,52,2014-12-22,2014-12-28,0,0
"Cameroon","CMR",2015,12,1,2014-12-29,2015-01-04,0,0
"Cameroon","CMR",2015,1,2,2015-01-05,2015-01-11,0,0
"Cameroon","CMR",2015,1,3,2015-01-12,2015-01-18,0,0
"Cameroon","CMR",2015,1,4,2015-01-19,2015-01-25,0,0
"Cameroon","CMR",2015,1,5,2015-01-26,2015-02-01,0,0
"Cameroon","CMR",2015,2,6,2015-02-02,2015-02-08,0,0
"Cameroon","CMR",2015,2,7,2015-02-09,2015-02-15,0,0
"Cameroon","CMR",2015,2,8,2015-02-16,2015-02-22,0,0
"Cameroon","CMR",2015,2,9,2015-02-23,2015-03-01,0,0
"Cameroon","CMR",2015,3,10,2015-03-02,2015-03-08,0,0
"Cameroon","CMR",2015,3,11,2015-03-09,2015-03-15,0,0
"Cameroon","CMR",2015,3,12,2015-03-16,2015-03-22,1,0
"Cameroon","CMR",2015,3,13,2015-03-23,2015-03-29,0,0
"Cameroon","CMR",2015,3,14,2015-03-30,2015-04-05,1,0
"Cameroon","CMR",2015,4,15,2015-04-06,2015-04-12,0,0
"Cameroon","CMR",2015,4,16,2015-04-13,2015-04-19,0,0
"Cameroon","CMR",2015,4,17,2015-04-20,2015-04-26,0,0
"Cameroon","CMR",2015,4,18,2015-04-27,2015-05-03,0,0
"Cameroon","CMR",2015,5,19,2015-05-04,2015-05-10,0,0
"Cameroon","CMR",2015,5,20,2015-05-11,2015-05-17,0,0
"Cameroon","CMR",2015,5,21,2015-05-18,2015-05-24,0,0
"Cameroon","CMR",2015,5,22,2015-05-25,2015-05-31,0,0
"Cameroon","CMR",2015,6,23,2015-06-01,2015-06-07,0,0
"Cameroon","CMR",2015,6,24,2015-06-08,2015-06-14,0,0
"Cameroon","CMR",2015,6,25,2015-06-15,2015-06-21,1,0
"Cameroon","CMR",2015,6,26,2015-06-22,2015-06-28,0,0
"Cameroon","CMR",2015,6,27,2015-06-29,2015-07-05,0,0
"Cameroon","CMR",2015,7,28,2015-07-06,2015-07-12,3,0
"Cameroon","CMR",2015,7,29,2015-07-13,2015-07-19,0,0
"Cameroon","CMR",2015,7,30,2015-07-20,2015-07-26,0,0
"Cameroon","CMR",2015,7,31,2015-07-27,2015-08-02,1,0
"Cameroon","CMR",2015,8,32,2015-08-03,2015-08-09,0,0
"Cameroon","CMR",2015,8,33,2015-08-10,2015-08-16,2,0
"Cameroon","CMR",2015,8,34,2015-08-17,2015-08-23,3,0
"Cameroon","CMR",2015,8,35,2015-08-24,2015-08-30,1,0
"Cameroon","CMR",2015,8,36,2015-08-31,2015-09-06,0,0
"Cameroon","CMR",2015,9,37,2015-09-07,2015-09-13,4,0
"Cameroon","CMR",2015,9,38,2015-09-14,2015-09-20,3,0
"Cameroon","CMR",2015,9,39,2015-09-21,2015-09-27,3,0
"Cameroon","CMR",2015,9,40,2015-09-28,2015-10-04,2,0
"Cameroon","CMR",2015,10,41,2015-10-05,2015-10-11,0,0
"Cameroon","CMR",2015,10,42,2015-10-12,2015-10-18,1,0
"Cameroon","CMR",2015,10,43,2015-10-19,2015-10-25,17,0
"Cameroon","CMR",2015,10,44,2015-10-26,2015-11-01,11,0
"Cameroon","CMR",2015,11,45,2015-11-02,2015-11-08,7,0
"Cameroon","CMR",2015,11,46,2015-11-09,2015-11-15,5,0
"Cameroon","CMR",2015,11,47,2015-11-16,2015-11-22,10,0
"Cameroon","CMR",2015,11,48,2015-11-23,2015-11-29,2,0
"Cameroon","CMR",2015,11,49,2015-11-30,2015-12-06,5,0
"Cameroon","CMR",2015,12,50,2015-12-07,2015-12-13,30,0
"Cameroon","CMR",2015,12,51,2015-12-14,2015-12-20,3,0
"Cameroon","CMR",2015,12,52,2015-12-21,2015-12-27,4,0
"Cameroon","CMR",2015,12,53,2015-12-28,2016-01-03,0,0
"Cameroon","CMR",2016,1,1,2016-01-04,2016-01-10,0,0
"Cameroon","CMR",2016,1,2,2016-01-11,2016-01-17,0,0
"Cameroon","CMR",2016,1,3,2016-01-18,2016-01-24,0,0
"Cameroon","CMR",2016,1,4,2016-01-25,2016-01-31,0,0
"Cameroon","CMR",2016,2,5,2016-02-01,2016-02-07,0,0
"Cameroon","CMR",2016,2,6,2016-02-08,2016-02-14,0,0
"Cameroon","CMR",2016,2,7,2016-02-15,2016-02-21,0,0
"Cameroon","CMR",2016,2,8,2016-02-22,2016-02-28,0,0
"Cameroon","CMR",2016,2,9,2016-02-29,2016-03-06,0,0
"Cameroon","CMR",2016,3,10,2016-03-07,2016-03-13,0,0
"Cameroon","CMR",2016,3,11,2016-03-14,2016-03-20,0,0
"Cameroon","CMR",2016,3,12,2016-03-21,2016-03-27,0,0
"Cameroon","CMR",2016,3,13,2016-03-28,2016-04-03,0,0
"Cameroon","CMR",2016,4,14,2016-04-04,2016-04-10,0,0
"Cameroon","CMR",2016,4,15,2016-04-11,2016-04-17,0,0
"Cameroon","CMR",2016,4,16,2016-04-18,2016-04-24,0,0
"Cameroon","CMR",2016,4,17,2016-04-25,2016-05-01,1,0
"Cameroon","CMR",2016,5,18,2016-05-02,2016-05-08,0,0
"Cameroon","CMR",2016,5,19,2016-05-09,2016-05-15,0,0
"Cameroon","CMR",2016,5,20,2016-05-16,2016-05-22,0,0
"Cameroon","CMR",2016,5,21,2016-05-23,2016-05-29,0,0
"Cameroon","CMR",2016,5,22,2016-05-30,2016-06-05,0,0
"Cameroon","CMR",2016,6,23,2016-06-06,2016-06-12,0,0
"Cameroon","CMR",2016,6,24,2016-06-13,2016-06-19,0,0
"Cameroon","CMR",2016,6,25,2016-06-20,2016-06-26,0,0
"Cameroon","CMR",2016,6,26,2016-06-27,2016-07-03,0,0
"Cameroon","CMR",2016,7,27,2016-07-04,2016-07-10,0,0
"Cameroon","CMR",2016,7,28,2016-07-11,2016-07-17,1,0
"Cameroon","CMR",2016,7,29,2016-07-18,2016-07-24,0,0
"Cameroon","CMR",2016,7,30,2016-07-25,2016-07-31,2,0
"Cameroon","CMR",2016,8,31,2016-08-01,2016-08-07,2,0
"Cameroon","CMR",2016,8,32,2016-08-08,2016-08-14,0,0
"Cameroon","CMR",2016,8,33,2016-08-15,2016-08-21,5,0
"Cameroon","CMR",2016,8,34,2016-08-22,2016-08-28,0,0
"Cameroon","CMR",2016,8,35,2016-08-29,2016-09-04,0,0
"Cameroon","CMR",2016,9,36,2016-09-05,2016-09-11,0,0
"Cameroon","CMR",2016,9,37,2016-09-12,2016-09-18,1,0
"Cameroon","CMR",2016,9,38,2016-09-19,2016-09-25,0,0
"Cameroon","CMR",2016,9,39,2016-09-26,2016-10-02,0,0
"Cameroon","CMR",2016,10,40,2016-10-03,2016-10-09,0,0
"Cameroon","CMR",2016,10,41,2016-10-10,2016-10-16,0,0
"Cameroon","CMR",2016,10,42,2016-10-17,2016-10-23,1,0
"Cameroon","CMR",2016,10,43,2016-10-24,2016-10-30,0,0
"Cameroon","CMR",2016,10,44,2016-10-31,2016-11-06,0,0
"Cameroon","CMR",2016,11,45,2016-11-07,2016-11-13,2,0
"Cameroon","CMR",2016,11,46,2016-11-14,2016-11-20,0,0
"Cameroon","CMR",2016,11,47,2016-11-21,2016-11-27,32,0
"Cameroon","CMR",2016,11,48,2016-11-28,2016-12-04,27,0
"Cameroon","CMR",2016,12,49,2016-12-05,2016-12-11,0,0
"Cameroon","CMR",2016,12,50,2016-12-12,2016-12-18,0,0
"Cameroon","CMR",2016,12,51,2016-12-19,2016-12-25,0,0
"Cameroon","CMR",2016,12,52,2016-12-26,2017-01-01,0,0
"Cameroon","CMR",2017,1,1,2017-01-02,2017-01-08,0,0
"Cameroon","CMR",2017,1,2,2017-01-09,2017-01-15,0,0
"Cameroon","CMR",2017,1,3,2017-01-16,2017-01-22,0,0
"Cameroon","CMR",2017,1,4,2017-01-23,2017-01-29,0,0
"Cameroon","CMR",2017,1,5,2017-01-30,2017-02-05,0,0
"Cameroon","CMR",2017,2,6,2017-02-06,2017-02-12,0,0
"Cameroon","CMR",2017,2,7,2017-02-13,2017-02-19,0,0
"Cameroon","CMR",2017,2,8,2017-02-20,2017-02-26,0,0
"Cameroon","CMR",2017,2,9,2017-02-27,2017-03-05,0,0
"Cameroon","CMR",2017,3,10,2017-03-06,2017-03-12,0,0
"Cameroon","CMR",2017,3,11,2017-03-13,2017-03-19,0,0
"Cameroon","CMR",2017,3,12,2017-03-20,2017-03-26,0,0
"Cameroon","CMR",2017,3,13,2017-03-27,2017-04-02,0,0
"Cameroon","CMR",2017,4,14,2017-04-03,2017-04-09,0,0
"Cameroon","CMR",2017,4,15,2017-04-10,2017-04-16,0,0
"Cameroon","CMR",2017,4,16,2017-04-17,2017-04-23,0,0
"Cameroon","CMR",2017,4,17,2017-04-24,2017-04-30,0,0
"Cameroon","CMR",2017,5,18,2017-05-01,2017-05-07,0,0
"Cameroon","CMR",2017,5,19,2017-05-08,2017-05-14,0,0
"Cameroon","CMR",2017,5,20,2017-05-15,2017-05-21,0,0
"Cameroon","CMR",2017,5,21,2017-05-22,2017-05-28,0,0
"Cameroon","CMR",2017,5,22,2017-05-29,2017-06-04,0,0
"Cameroon","CMR",2017,6,23,2017-06-05,2017-06-11,0,0
"Cameroon","CMR",2017,6,24,2017-06-12,2017-06-18,0,0
"Cameroon","CMR",2017,6,25,2017-06-19,2017-06-25,0,0
"Cameroon","CMR",2017,6,26,2017-06-26,2017-07-02,0,0
"Cameroon","CMR",2017,7,27,2017-07-03,2017-07-09,0,0
"Cameroon","CMR",2017,7,28,2017-07-10,2017-07-16,0,0
"Cameroon","CMR",2017,7,29,2017-07-17,2017-07-23,0,0
"Cameroon","CMR",2017,7,30,2017-07-24,2017-07-30,0,0
"Cameroon","CMR",2017,7,31,2017-07-31,2017-08-06,0,0
"Cameroon","CMR",2017,8,32,2017-08-07,2017-08-13,0,0
"Cameroon","CMR",2017,8,33,2017-08-14,2017-08-20,0,0
"Cameroon","CMR",2017,8,34,2017-08-21,2017-08-27,0,0
"Cameroon","CMR",2017,8,35,2017-08-28,2017-09-03,0,0
"Cameroon","CMR",2017,9,36,2017-09-04,2017-09-10,0,0
"Cameroon","CMR",2017,9,37,2017-09-11,2017-09-17,0,0
"Cameroon","CMR",2017,9,38,2017-09-18,2017-09-24,0,0
"Cameroon","CMR",2017,9,39,2017-09-25,2017-10-01,0,0
"Cameroon","CMR",2017,10,40,2017-10-02,2017-10-08,0,0
"Cameroon","CMR",2017,10,41,2017-10-09,2017-10-15,0,0
"Cameroon","CMR",2017,10,42,2017-10-16,2017-10-22,0,0
"Cameroon","CMR",2017,10,43,2017-10-23,2017-10-29,0,0
"Cameroon","CMR",2017,10,44,2017-10-30,2017-11-05,0,0
"Cameroon","CMR",2017,11,45,2017-11-06,2017-11-12,0,0
"Cameroon","CMR",2017,11,46,2017-11-13,2017-11-19,0,0
"Cameroon","CMR",2017,11,47,2017-11-20,2017-11-26,0,0
"Cameroon","CMR",2017,11,48,2017-11-27,2017-12-03,0,0
"Cameroon","CMR",2017,12,49,2017-12-04,2017-12-10,0,0
"Cameroon","CMR",2017,12,50,2017-12-11,2017-12-17,0,0
"Cameroon","CMR",2017,12,51,2017-12-18,2017-12-24,0,0
"Cameroon","CMR",2017,12,52,2017-12-25,2017-12-31,0,0
"Cameroon","CMR",2018,1,1,2018-01-01,2018-01-07,0,0
"Cameroon","CMR",2018,1,2,2018-01-08,2018-01-14,0,0
"Cameroon","CMR",2018,1,3,2018-01-15,2018-01-21,0,0
"Cameroon","CMR",2018,1,4,2018-01-22,2018-01-28,2,0
"Cameroon","CMR",2018,1,5,2018-01-29,2018-02-04,0,0
"Cameroon","CMR",2018,2,6,2018-02-05,2018-02-11,0,0
"Cameroon","CMR",2018,2,7,2018-02-12,2018-02-18,0,0
"Cameroon","CMR",2018,2,8,2018-02-19,2018-02-25,0,0
"Cameroon","CMR",2018,2,9,2018-02-26,2018-03-04,0,0
"Cameroon","CMR",2018,3,10,2018-03-05,2018-03-11,0,0
"Cameroon","CMR",2018,3,11,2018-03-12,2018-03-18,1,0
"Cameroon","CMR",2018,3,12,2018-03-19,2018-03-25,0,0
"Cameroon","CMR",2018,3,13,2018-03-26,2018-04-01,4,0
"Cameroon","CMR",2018,4,14,2018-04-02,2018-04-08,3,0
"Cameroon","CMR",2018,4,15,2018-04-09,2018-04-15,0,0
"Cameroon","CMR",2018,4,16,2018-04-16,2018-04-22,1,0
"Cameroon","CMR",2018,4,17,2018-04-23,2018-04-29,0,0
"Cameroon","CMR",2018,4,18,2018-04-30,2018-05-06,0,0
"Cameroon","CMR",2018,5,19,2018-05-07,2018-05-13,0.5,0
"Cameroon","CMR",2018,5,20,2018-05-14,2018-05-20,2.5,0
"Cameroon","CMR",2018,5,21,2018-05-21,2018-05-27,1,0
"Cameroon","CMR",2018,5,22,2018-05-28,2018-06-03,0,0
"Cameroon","CMR",2018,6,23,2018-06-04,2018-06-10,1,0
"Cameroon","CMR",2018,6,24,2018-06-11,2018-06-17,0,0
"Cameroon","CMR",2018,6,25,2018-06-18,2018-06-24,0.111111111111111,0
"Cameroon","CMR",2018,6,26,2018-06-25,2018-07-01,17.4,3.66666666666667
"Cameroon","CMR",2018,7,27,2018-07-02,2018-07-08,16.2,1
"Cameroon","CMR",2018,7,28,2018-07-09,2018-07-15,9.5,1
"Cameroon","CMR",2018,7,29,2018-07-16,2018-07-22,23.625,3
"Cameroon","CMR",2018,7,30,2018-07-23,2018-07-29,22.875,1
"Cameroon","CMR",2018,7,31,2018-07-30,2018-08-05,15.5,0
"Cameroon","CMR",2018,8,32,2018-08-06,2018-08-12,16,2
"Cameroon","CMR",2018,8,33,2018-08-13,2018-08-19,23.75,1
"Cameroon","CMR",2018,8,34,2018-08-20,2018-08-26,22,2
"Cameroon","CMR",2018,8,35,2018-08-27,2018-09-02,19.5,5
"Cameroon","CMR",2018,9,36,2018-09-03,2018-09-09,21.875,1
"Cameroon","CMR",2018,9,37,2018-09-10,2018-09-16,46.625,4
"Cameroon","CMR",2018,9,38,2018-09-17,2018-09-23,38.375,4
"Cameroon","CMR",2018,9,39,2018-09-24,2018-09-30,49.375,0
"Cameroon","CMR",2018,10,40,2018-10-01,2018-10-07,40.5,1
"Cameroon","CMR",2018,10,41,2018-10-08,2018-10-14,44.625,3
"Cameroon","CMR",2018,10,42,2018-10-15,2018-10-21,78,1
"Cameroon","CMR",2018,10,43,2018-10-22,2018-10-28,48.6666666666667,1.5
"Cameroon","CMR",2018,10,44,2018-10-29,2018-11-04,101,0
"Cameroon","CMR",2018,11,45,2018-11-05,2018-11-11,91,0
"Cameroon","CMR",2018,11,46,2018-11-12,2018-11-18,51,0
"Cameroon","CMR",2018,11,47,2018-11-19,2018-11-25,30,0
"Cameroon","CMR",2018,11,48,2018-11-26,2018-12-02,11,0
"Cameroon","CMR",2018,12,49,2018-12-03,2018-12-09,2,0
"Cameroon","CMR",2018,12,50,2018-12-10,2018-12-16,0,0
"Cameroon","CMR",2018,12,51,2018-12-17,2018-12-23,1,0
"Cameroon","CMR",2018,12,52,2018-12-24,2018-12-30,0,0
"Cameroon","CMR",2019,12,1,2018-12-31,2019-01-06,2,0
"Cameroon","CMR",2019,1,2,2019-01-07,2019-01-13,2,0
"Cameroon","CMR",2019,1,3,2019-01-14,2019-01-20,1,0
"Cameroon","CMR",2019,1,4,2019-01-21,2019-01-27,1,0
"Cameroon","CMR",2019,1,5,2019-01-28,2019-02-03,1,0
"Cameroon","CMR",2019,2,6,2019-02-04,2019-02-10,0,0
"Cameroon","CMR",2019,2,7,2019-02-11,2019-02-17,0,0
"Cameroon","CMR",2019,2,8,2019-02-18,2019-02-24,2,0
"Cameroon","CMR",2019,2,9,2019-02-25,2019-03-03,4,0
"Cameroon","CMR",2019,3,10,2019-03-04,2019-03-10,8,0
"Cameroon","CMR",2019,3,11,2019-03-11,2019-03-17,18,0
"Cameroon","CMR",2019,3,12,2019-03-18,2019-03-24,5,1
"Cameroon","CMR",2019,3,13,2019-03-25,2019-03-31,8,0
"Cameroon","CMR",2019,4,14,2019-04-01,2019-04-07,1,0
"Cameroon","CMR",2019,4,15,2019-04-08,2019-04-14,3,0
"Cameroon","CMR",2019,4,16,2019-04-15,2019-04-21,1,0
"Cameroon","CMR",2019,4,17,2019-04-22,2019-04-28,7,0
"Cameroon","CMR",2019,4,18,2019-04-29,2019-05-05,5,0
"Cameroon","CMR",2019,5,19,2019-05-06,2019-05-12,2,0
"Cameroon","CMR",2019,5,20,2019-05-13,2019-05-19,0,0
"Cameroon","CMR",2019,5,21,2019-05-20,2019-05-26,3,0
"Cameroon","CMR",2019,5,22,2019-05-27,2019-06-02,6,0
"Cameroon","CMR",2019,6,23,2019-06-03,2019-06-09,6,0
"Cameroon","CMR",2019,6,24,2019-06-10,2019-06-16,0,0
"Cameroon","CMR",2019,6,25,2019-06-17,2019-06-23,7,7
"Cameroon","CMR",2019,6,26,2019-06-24,2019-06-30,26,0
"Cameroon","CMR",2019,7,27,2019-07-01,2019-07-07,23,6
"Cameroon","CMR",2019,7,28,2019-07-08,2019-07-14,21,0
"Cameroon","CMR",2019,7,29,2019-07-15,2019-07-21,29,0
"Cameroon","CMR",2019,7,30,2019-07-22,2019-07-28,43,1
"Cameroon","CMR",2019,7,31,2019-07-29,2019-08-04,35,1
"Cameroon","CMR",2019,8,32,2019-08-05,2019-08-11,33,1
"Cameroon","CMR",2019,8,33,2019-08-12,2019-08-18,28,0
"Cameroon","CMR",2019,8,34,2019-08-19,2019-08-25,10,0
"Cameroon","CMR",2019,8,35,2019-08-26,2019-09-01,32,0
"Cameroon","CMR",2019,9,36,2019-09-02,2019-09-08,32,2.5
"Cameroon","CMR",2019,9,37,2019-09-09,2019-09-15,16,0
"Cameroon","CMR",2019,9,38,2019-09-16,2019-09-22,20,0
"Cameroon","CMR",2019,9,39,2019-09-23,2019-09-29,28,2
"Cameroon","CMR",2019,9,40,2019-09-30,2019-10-06,10,0
"Cameroon","CMR",2019,10,41,2019-10-07,2019-10-13,42,0
"Cameroon","CMR",2019,10,42,2019-10-14,2019-10-20,6,0
"Cameroon","CMR",2019,10,43,2019-10-21,2019-10-27,31,0
"Cameroon","CMR",2019,10,44,2019-10-28,2019-11-03,17,0
"Cameroon","CMR",2019,11,45,2019-11-04,2019-11-10,3,0.5
"Cameroon","CMR",2019,11,46,2019-11-11,2019-11-17,50.5,2.5
"Cameroon","CMR",2019,11,47,2019-11-18,2019-11-24,18.5,2.5
"Cameroon","CMR",2019,11,48,2019-11-25,2019-12-01,35,1.5
"Cameroon","CMR",2019,12,49,2019-12-02,2019-12-08,14.5,0
"Cameroon","CMR",2019,12,50,2019-12-09,2019-12-15,62.5,0
"Cameroon","CMR",2019,12,51,2019-12-16,2019-12-22,30,1
"Cameroon","CMR",2019,12,52,2019-12-23,2019-12-29,23.5,0
"Cameroon","CMR",2020,12,1,2019-12-30,2020-01-05,0,0
"Cameroon","CMR",2020,1,2,2020-01-06,2020-01-12,0,0
"Cameroon","CMR",2020,1,3,2020-01-13,2020-01-19,0,0
"Cameroon","CMR",2020,1,4,2020-01-20,2020-01-26,0,0
"Cameroon","CMR",2020,1,5,2020-01-27,2020-02-02,0,0
"Cameroon","CMR",2020,2,6,2020-02-03,2020-02-09,0,0
"Cameroon","CMR",2020,2,7,2020-02-10,2020-02-16,0,0
"Cameroon","CMR",2020,2,8,2020-02-17,2020-02-23,0,0
"Cameroon","CMR",2020,2,9,2020-02-24,2020-03-01,0,0
"Cameroon","CMR",2020,3,10,2020-03-02,2020-03-08,0,0
"Cameroon","CMR",2020,3,11,2020-03-09,2020-03-15,0,0
"Cameroon","CMR",2020,3,12,2020-03-16,2020-03-22,0,0
"Cameroon","CMR",2020,3,13,2020-03-23,2020-03-29,0,0
"Cameroon","CMR",2020,3,14,2020-03-30,2020-04-05,0,0
"Cameroon","CMR",2020,4,15,2020-04-06,2020-04-12,0,0
"Cameroon","CMR",2020,4,16,2020-04-13,2020-04-19,0,0
"Cameroon","CMR",2020,4,17,2020-04-20,2020-04-26,0,0
"Cameroon","CMR",2020,4,18,2020-04-27,2020-05-03,0,0
"Cameroon","CMR",2020,5,19,2020-05-04,2020-05-10,0,0
"Cameroon","CMR",2020,5,20,2020-05-11,2020-05-17,0,0
"Cameroon","CMR",2020,5,21,2020-05-18,2020-05-24,0,0
"Cameroon","CMR",2020,5,22,2020-05-25,2020-05-31,0,0
"Cameroon","CMR",2020,6,23,2020-06-01,2020-06-07,0,0
"Cameroon","CMR",2020,6,24,2020-06-08,2020-06-14,0,0
"Cameroon","CMR",2020,6,25,2020-06-15,2020-06-21,0,0
"Cameroon","CMR",2020,6,26,2020-06-22,2020-06-28,0,0
"Cameroon","CMR",2020,6,27,2020-06-29,2020-07-05,0,0
"Cameroon","CMR",2020,7,28,2020-07-06,2020-07-12,0,0
"Cameroon","CMR",2020,7,29,2020-07-13,2020-07-19,0,0
"Cameroon","CMR",2020,7,30,2020-07-20,2020-07-26,0,0
"Cameroon","CMR",2020,7,31,2020-07-27,2020-08-02,0,0
"Cameroon","CMR",2020,8,32,2020-08-03,2020-08-09,0,0
"Cameroon","CMR",2020,8,33,2020-08-10,2020-08-16,0,0
"Cameroon","CMR",2020,8,34,2020-08-17,2020-08-23,0,0
"Cameroon","CMR",2020,8,35,2020-08-24,2020-08-30,0,0
"Cameroon","CMR",2020,8,36,2020-08-31,2020-09-06,0,0
"Cameroon","CMR",2020,9,37,2020-09-07,2020-09-13,0,0
"Cameroon","CMR",2020,9,38,2020-09-14,2020-09-20,0,0
"Cameroon","CMR",2020,9,39,2020-09-21,2020-09-27,0,0
"Cameroon","CMR",2020,9,40,2020-09-28,2020-10-04,0,0
"Cameroon","CMR",2020,10,41,2020-10-05,2020-10-11,0,0
"Cameroon","CMR",2020,10,42,2020-10-12,2020-10-18,0,0
"Cameroon","CMR",2020,10,43,2020-10-19,2020-10-25,0,0
"Cameroon","CMR",2020,10,44,2020-10-26,2020-11-01,0,0
"Cameroon","CMR",2020,11,45,2020-11-02,2020-11-08,0,0
"Cameroon","CMR",2020,11,46,2020-11-09,2020-11-15,0,0
"Cameroon","CMR",2020,11,47,2020-11-16,2020-11-22,0,0
"Cameroon","CMR",2020,11,48,2020-11-23,2020-11-29,0,0
"Cameroon","CMR",2020,11,49,2020-11-30,2020-12-06,0,0
"Cameroon","CMR",2020,12,50,2020-12-07,2020-12-13,0,0
"Cameroon","CMR",2020,12,51,2020-12-14,2020-12-20,0,0
"Cameroon","CMR",2020,12,52,2020-12-21,2020-12-27,0,0
"Cameroon","CMR",2020,12,53,2020-12-28,2021-01-03,0,0
"Cameroon","CMR",2021,1,1,2021-01-04,2021-01-10,0,0
"Cameroon","CMR",2021,1,2,2021-01-11,2021-01-17,0,0
"Cameroon","CMR",2021,1,3,2021-01-18,2021-01-24,0,0
"Cameroon","CMR",2021,1,4,2021-01-25,2021-01-31,10,0
"Cameroon","CMR",2021,2,5,2021-02-01,2021-02-07,0,0
"Cameroon","CMR",2021,2,6,2021-02-08,2021-02-14,0,0
"Cameroon","CMR",2021,2,7,2021-02-15,2021-02-21,10,0
"Cameroon","CMR",2021,2,8,2021-02-22,2021-02-28,10,0
"Cameroon","CMR",2021,3,9,2021-03-01,2021-03-07,0,0
"Cameroon","CMR",2021,3,10,2021-03-08,2021-03-14,0,0
"Cameroon","CMR",2021,3,11,2021-03-15,2021-03-21,0,0
"Cameroon","CMR",2021,3,12,2021-03-22,2021-03-28,0,0
"Cameroon","CMR",2021,3,13,2021-03-29,2021-04-04,0,0
"Cameroon","CMR",2021,4,14,2021-04-05,2021-04-11,0,0
"Cameroon","CMR",2021,4,15,2021-04-12,2021-04-18,0,0
"Cameroon","CMR",2021,4,16,2021-04-19,2021-04-25,0,0
"Cameroon","CMR",2021,4,17,2021-04-26,2021-05-02,0,0
"Cameroon","CMR",2021,5,18,2021-05-03,2021-05-09,0,0
"Cameroon","CMR",2021,5,19,2021-05-10,2021-05-16,0,0
"Cameroon","CMR",2021,5,20,2021-05-17,2021-05-23,0,0
"Cameroon","CMR",2021,5,21,2021-05-24,2021-05-30,0,0
"Cameroon","CMR",2021,5,22,2021-05-31,2021-06-06,0,0
"Cameroon","CMR",2021,6,23,2021-06-07,2021-06-13,0,0
"Cameroon","CMR",2021,6,24,2021-06-14,2021-06-20,0,0
"Cameroon","CMR",2021,6,25,2021-06-21,2021-06-27,0,0
"Cameroon","CMR",2021,6,26,2021-06-28,2021-07-04,0,0
"Cameroon","CMR",2021,7,27,2021-07-05,2021-07-11,0,0
"Cameroon","CMR",2021,7,28,2021-07-12,2021-07-18,10,0
"Cameroon","CMR",2021,7,29,2021-07-19,2021-07-25,0,0
"Cameroon","CMR",2021,7,30,2021-07-26,2021-08-01,0,0
"Cameroon","CMR",2021,8,31,2021-08-02,2021-08-08,0,0
"Cameroon","CMR",2021,8,32,2021-08-09,2021-08-15,0,0
"Cameroon","CMR",2021,8,33,2021-08-16,2021-08-22,0,0
"Cameroon","CMR",2021,8,34,2021-08-23,2021-08-29,0,0
"Cameroon","CMR",2021,8,35,2021-08-30,2021-09-05,0,0
"Cameroon","CMR",2021,9,36,2021-09-06,2021-09-12,2,0
"Cameroon","CMR",2021,9,37,2021-09-13,2021-09-19,10,0
"Cameroon","CMR",2021,9,38,2021-09-20,2021-09-26,0,0
"Cameroon","CMR",2021,9,39,2021-09-27,2021-10-03,0,0
"Cameroon","CMR",2021,10,40,2021-10-04,2021-10-10,0,0
"Cameroon","CMR",2021,10,41,2021-10-11,2021-10-17,10,0
"Cameroon","CMR",2021,10,42,2021-10-18,2021-10-24,10,0
"Cameroon","CMR",2021,10,43,2021-10-25,2021-10-31,10,0
"Cameroon","CMR",2021,11,44,2021-11-01,2021-11-07,84,0
"Cameroon","CMR",2021,11,45,2021-11-08,2021-11-14,34,0
"Cameroon","CMR",2021,11,46,2021-11-15,2021-11-21,30,0
"Cameroon","CMR",2021,11,47,2021-11-22,2021-11-28,20,0
"Cameroon","CMR",2021,11,48,2021-11-29,2021-12-05,30,0
"Cameroon","CMR",2021,12,49,2021-12-06,2021-12-12,108,0
"Cameroon","CMR",2021,12,50,2021-12-13,2021-12-19,64,0
"Cameroon","CMR",2021,12,51,2021-12-20,2021-12-26,230,0
"Cameroon","CMR",2021,12,52,2021-12-27,2022-01-02,192,0
"Cameroon","CMR",2022,1,1,2022-01-03,2022-01-09,94,0
"Cameroon","CMR",2022,1,2,2022-01-10,2022-01-16,128,0
"Cameroon","CMR",2022,1,3,2022-01-17,2022-01-23,128,0
"Cameroon","CMR",2022,1,4,2022-01-24,2022-01-30,182,0
"Cameroon","CMR",2022,1,5,2022-01-31,2022-02-06,236,0
"Cameroon","CMR",2022,2,6,2022-02-07,2022-02-13,128,0
"Cameroon","CMR",2022,2,7,2022-02-14,2022-02-20,148,0
"Cameroon","CMR",2022,2,8,2022-02-21,2022-02-27,231,0
"Cameroon","CMR",2022,2,9,2022-02-28,2022-03-06,192,0
"Cameroon","CMR",2022,3,10,2022-03-07,2022-03-13,212,0
"Cameroon","CMR",2022,3,11,2022-03-14,2022-03-20,556,0
"Cameroon","CMR",2022,3,12,2022-03-21,2022-03-27,1403,0
"Cameroon","CMR",2022,3,13,2022-03-28,2022-04-03,994,0
"Cameroon","CMR",2022,4,14,2022-04-04,2022-04-10,665,0
"Cameroon","CMR",2022,4,15,2022-04-11,2022-04-17,610,0
"Cameroon","CMR",2022,4,16,2022-04-18,2022-04-24,492,0
"Cameroon","CMR",2022,4,17,2022-04-25,2022-05-01,458,0
"Cameroon","CMR",2022,5,18,2022-05-02,2022-05-08,409,0
"Cameroon","CMR",2022,5,19,2022-05-09,2022-05-15,320,0
"Cameroon","CMR",2022,5,20,2022-05-16,2022-05-22,271,0
"Cameroon","CMR",2022,5,21,2022-05-23,2022-05-29,463,0
"Cameroon","CMR",2022,5,22,2022-05-30,2022-06-05,330,0
"Cameroon","CMR",2022,6,23,2022-06-06,2022-06-12,266,0
"Cameroon","CMR",2022,6,24,2022-06-13,2022-06-19,217,0
"Cameroon","CMR",2022,6,25,2022-06-20,2022-06-26,236,0
"Cameroon","CMR",2022,6,26,2022-06-27,2022-07-03,310,0
"Cameroon","CMR",2022,7,27,2022-07-04,2022-07-10,158,0
"Cameroon","CMR",2022,7,28,2022-07-11,2022-07-17,158,0
"Cameroon","CMR",2022,7,29,2022-07-18,2022-07-24,182,0
"Cameroon","CMR",2022,7,30,2022-07-25,2022-07-31,246,0
"Cameroon","CMR",2022,8,31,2022-08-01,2022-08-07,226,0
"Cameroon","CMR",2022,8,32,2022-08-08,2022-08-14,172,0
"Cameroon","CMR",2022,8,33,2022-08-15,2022-08-21,340,0
"Cameroon","CMR",2022,8,34,2022-08-22,2022-08-28,399,0
"Cameroon","CMR",2022,8,35,2022-08-29,2022-09-04,276,0
"Cameroon","CMR",2022,9,36,2022-09-05,2022-09-11,300,0
"Cameroon","CMR",2022,9,37,2022-09-12,2022-09-18,256,0
"Cameroon","CMR",2022,9,38,2022-09-19,2022-09-25,271,0
"Cameroon","CMR",2022,9,39,2022-09-26,2022-10-02,207,0
"Cameroon","CMR",2022,10,40,2022-10-03,2022-10-09,290,0
"Cameroon","CMR",2022,10,41,2022-10-10,2022-10-16,225,0
"Cameroon","CMR",2022,10,42,2022-10-17,2022-10-23,161,0
"Cameroon","CMR",2022,10,43,2022-10-24,2022-10-30,128,0
"Cameroon","CMR",2022,10,44,2022-10-31,2022-11-06,165,0
"Cameroon","CMR",2022,11,45,2022-11-07,2022-11-13,98,0
"Cameroon","CMR",2022,11,46,2022-11-14,2022-11-20,73,0
"Cameroon","CMR",2022,11,47,2022-11-21,2022-11-27,83,0
"Cameroon","CMR",2022,11,48,2022-11-28,2022-12-04,14,0
"Cameroon","CMR",2022,12,49,2022-12-05,2022-12-11,22,0
"Cameroon","CMR",2022,12,50,2022-12-12,2022-12-18,10,0
"Cameroon","CMR",2022,12,51,2022-12-19,2022-12-25,54,0
"Cameroon","CMR",2022,12,52,2022-12-26,2023-01-01,26,0
"Cameroon","CMR",2023,1,1,2023-01-02,2023-01-08,0,0
"Cameroon","CMR",2023,1,2,2023-01-09,2023-01-15,0,0
"Cameroon","CMR",2023,1,3,2023-01-16,2023-01-22,0,0
"Cameroon","CMR",2023,1,4,2023-01-23,2023-01-29,0,0
"Cameroon","CMR",2023,1,5,2023-01-30,2023-02-05,0,0
"Cameroon","CMR",2023,2,6,2023-02-06,2023-02-12,0,0
"Cameroon","CMR",2023,2,7,2023-02-13,2023-02-19,0,0
"Cameroon","CMR",2023,2,8,2023-02-20,2023-02-26,0,0
"Democratic Republic of Congo","COD",2011,12,52,2011-12-26,2012-01-01,0,0
"Democratic Republic of Congo","COD",2012,1,1,2012-01-02,2012-01-08,0,0
"Democratic Republic of Congo","COD",2012,1,2,2012-01-09,2012-01-15,0,0
"Democratic Republic of Congo","COD",2012,1,3,2012-01-16,2012-01-22,0,0
"Democratic Republic of Congo","COD",2012,1,4,2012-01-23,2012-01-29,0,0
"Democratic Republic of Congo","COD",2012,1,5,2012-01-30,2012-02-05,0,0
"Democratic Republic of Congo","COD",2012,2,6,2012-02-06,2012-02-12,0,0
"Democratic Republic of Congo","COD",2012,2,7,2012-02-13,2012-02-19,0,0
"Democratic Republic of Congo","COD",2012,2,8,2012-02-20,2012-02-26,1726,0
"Democratic Republic of Congo","COD",2012,2,9,2012-02-27,2012-03-04,0,0
"Democratic Republic of Congo","COD",2012,3,10,2012-03-05,2012-03-11,0,0
"Democratic Republic of Congo","COD",2012,3,11,2012-03-12,2012-03-18,0,0
"Democratic Republic of Congo","COD",2012,3,12,2012-03-19,2012-03-25,0,0
"Democratic Republic of Congo","COD",2012,3,13,2012-03-26,2012-04-01,0,0
"Democratic Republic of Congo","COD",2012,4,14,2012-04-02,2012-04-08,0,0
"Democratic Republic of Congo","COD",2012,4,15,2012-04-09,2012-04-15,0,0
"Democratic Republic of Congo","COD",2012,4,16,2012-04-16,2012-04-22,0,0
"Democratic Republic of Congo","COD",2012,4,17,2012-04-23,2012-04-29,0,0
"Democratic Republic of Congo","COD",2012,4,18,2012-04-30,2012-05-06,0,0
"Democratic Republic of Congo","COD",2012,5,19,2012-05-07,2012-05-13,0,0
"Democratic Republic of Congo","COD",2012,5,20,2012-05-14,2012-05-20,0,0
"Democratic Republic of Congo","COD",2012,5,21,2012-05-21,2012-05-27,0,0
"Democratic Republic of Congo","COD",2012,5,22,2012-05-28,2012-06-03,0,0
"Democratic Republic of Congo","COD",2012,6,23,2012-06-04,2012-06-10,0,0
"Democratic Republic of Congo","COD",2012,6,24,2012-06-11,2012-06-17,0,0
"Democratic Republic of Congo","COD",2012,6,25,2012-06-18,2012-06-24,0,0
"Democratic Republic of Congo","COD",2012,6,26,2012-06-25,2012-07-01,0,0
"Democratic Republic of Congo","COD",2012,7,27,2012-07-02,2012-07-08,0,0
"Democratic Republic of Congo","COD",2012,7,28,2012-07-09,2012-07-15,0,0
"Democratic Republic of Congo","COD",2012,7,29,2012-07-16,2012-07-22,0,0
"Democratic Republic of Congo","COD",2012,7,30,2012-07-23,2012-07-29,0,0
"Democratic Republic of Congo","COD",2012,7,31,2012-07-30,2012-08-05,0,0
"Democratic Republic of Congo","COD",2012,8,32,2012-08-06,2012-08-12,0,0
"Democratic Republic of Congo","COD",2012,8,33,2012-08-13,2012-08-19,0,0
"Democratic Republic of Congo","COD",2012,8,34,2012-08-20,2012-08-26,0,0
"Democratic Republic of Congo","COD",2012,8,35,2012-08-27,2012-09-02,0,0
"Democratic Republic of Congo","COD",2012,9,36,2012-09-03,2012-09-09,0,0
"Democratic Republic of Congo","COD",2012,9,37,2012-09-10,2012-09-16,0,0
"Democratic Republic of Congo","COD",2012,9,38,2012-09-17,2012-09-23,0,0
"Democratic Republic of Congo","COD",2012,9,39,2012-09-24,2012-09-30,0,0
"Democratic Republic of Congo","COD",2012,10,40,2012-10-01,2012-10-07,0,0
"Democratic Republic of Congo","COD",2012,10,41,2012-10-08,2012-10-14,0,0
"Democratic Republic of Congo","COD",2012,10,42,2012-10-15,2012-10-21,0,0
"Democratic Republic of Congo","COD",2012,10,43,2012-10-22,2012-10-28,0,0
"Democratic Republic of Congo","COD",2012,10,44,2012-10-29,2012-11-04,0,0
"Democratic Republic of Congo","COD",2012,11,45,2012-11-05,2012-11-11,0,0
"Democratic Republic of Congo","COD",2012,11,46,2012-11-12,2012-11-18,0,0
"Democratic Republic of Congo","COD",2012,11,47,2012-11-19,2012-11-25,0,0
"Democratic Republic of Congo","COD",2012,11,48,2012-11-26,2012-12-02,0,0
"Democratic Republic of Congo","COD",2012,12,49,2012-12-03,2012-12-09,0,0
"Democratic Republic of Congo","COD",2012,12,50,2012-12-10,2012-12-16,0,0
"Democratic Republic of Congo","COD",2012,12,51,2012-12-17,2012-12-23,0,0
"Democratic Republic of Congo","COD",2012,12,52,2012-12-24,2012-12-30,0,0
"Democratic Republic of Congo","COD",2013,12,1,2012-12-31,2013-01-06,0,0
"Democratic Republic of Congo","COD",2013,1,2,2013-01-07,2013-01-13,0,0
"Democratic Republic of Congo","COD",2013,1,3,2013-01-14,2013-01-20,0,0
"Democratic Republic of Congo","COD",2013,1,4,2013-01-21,2013-01-27,0,0
"Democratic Republic of Congo","COD",2013,1,5,2013-01-28,2013-02-03,0,0
"Democratic Republic of Congo","COD",2013,2,6,2013-02-04,2013-02-10,0,0
"Democratic Republic of Congo","COD",2013,2,7,2013-02-11,2013-02-17,0,0
"Democratic Republic of Congo","COD",2013,2,8,2013-02-18,2013-02-24,0,0
"Democratic Republic of Congo","COD",2013,2,9,2013-02-25,2013-03-03,0,0
"Democratic Republic of Congo","COD",2013,3,10,2013-03-04,2013-03-10,0,0
"Democratic Republic of Congo","COD",2013,3,11,2013-03-11,2013-03-17,0,0
"Democratic Republic of Congo","COD",2013,3,12,2013-03-18,2013-03-24,0,0
"Democratic Republic of Congo","COD",2013,3,13,2013-03-25,2013-03-31,0,0
"Democratic Republic of Congo","COD",2013,4,14,2013-04-01,2013-04-07,0,0
"Democratic Republic of Congo","COD",2013,4,15,2013-04-08,2013-04-14,0,0
"Democratic Republic of Congo","COD",2013,4,16,2013-04-15,2013-04-21,0,0
"Democratic Republic of Congo","COD",2013,4,17,2013-04-22,2013-04-28,0,0
"Democratic Republic of Congo","COD",2013,4,18,2013-04-29,2013-05-05,0,0
"Democratic Republic of Congo","COD",2013,5,19,2013-05-06,2013-05-12,0,0
"Democratic Republic of Congo","COD",2013,5,20,2013-05-13,2013-05-19,0,0
"Democratic Republic of Congo","COD",2013,5,21,2013-05-20,2013-05-26,0,0
"Democratic Republic of Congo","COD",2013,5,22,2013-05-27,2013-06-02,0,0
"Democratic Republic of Congo","COD",2013,6,23,2013-06-03,2013-06-09,0,0
"Democratic Republic of Congo","COD",2013,6,24,2013-06-10,2013-06-16,0,0
"Democratic Republic of Congo","COD",2013,6,25,2013-06-17,2013-06-23,0,0
"Democratic Republic of Congo","COD",2013,6,26,2013-06-24,2013-06-30,0,0
"Democratic Republic of Congo","COD",2013,7,27,2013-07-01,2013-07-07,0,0
"Democratic Republic of Congo","COD",2013,7,28,2013-07-08,2013-07-14,0,0
"Democratic Republic of Congo","COD",2013,7,29,2013-07-15,2013-07-21,0,0
"Democratic Republic of Congo","COD",2013,7,30,2013-07-22,2013-07-28,0,0
"Democratic Republic of Congo","COD",2013,7,31,2013-07-29,2013-08-04,0,0
"Democratic Republic of Congo","COD",2013,8,32,2013-08-05,2013-08-11,0,0
"Democratic Republic of Congo","COD",2013,8,33,2013-08-12,2013-08-18,0,0
"Democratic Republic of Congo","COD",2013,8,34,2013-08-19,2013-08-25,0,0
"Democratic Republic of Congo","COD",2013,8,35,2013-08-26,2013-09-01,0,0
"Democratic Republic of Congo","COD",2013,9,36,2013-09-02,2013-09-08,0,0
"Democratic Republic of Congo","COD",2013,9,37,2013-09-09,2013-09-15,0,0
"Democratic Republic of Congo","COD",2013,9,38,2013-09-16,2013-09-22,0,0
"Democratic Republic of Congo","COD",2013,9,39,2013-09-23,2013-09-29,0,0
"Democratic Republic of Congo","COD",2013,9,40,2013-09-30,2013-10-06,0,0
"Democratic Republic of Congo","COD",2013,10,41,2013-10-07,2013-10-13,0,0
"Democratic Republic of Congo","COD",2013,10,42,2013-10-14,2013-10-20,0,0
"Democratic Republic of Congo","COD",2013,10,43,2013-10-21,2013-10-27,0,0
"Democratic Republic of Congo","COD",2013,10,44,2013-10-28,2013-11-03,0,0
"Democratic Republic of Congo","COD",2013,11,45,2013-11-04,2013-11-10,0,0
"Democratic Republic of Congo","COD",2013,11,46,2013-11-11,2013-11-17,0,0
"Democratic Republic of Congo","COD",2013,11,47,2013-11-18,2013-11-24,0,0
"Democratic Republic of Congo","COD",2013,11,48,2013-11-25,2013-12-01,0,0
"Democratic Republic of Congo","COD",2013,12,49,2013-12-02,2013-12-08,0,0
"Democratic Republic of Congo","COD",2013,12,50,2013-12-09,2013-12-15,0,0
"Democratic Republic of Congo","COD",2013,12,51,2013-12-16,2013-12-22,0,0
"Democratic Republic of Congo","COD",2013,12,52,2013-12-23,2013-12-29,0,0
"Democratic Republic of Congo","COD",2014,12,1,2013-12-30,2014-01-05,0,0
"Democratic Republic of Congo","COD",2014,1,2,2014-01-06,2014-01-12,0,0
"Democratic Republic of Congo","COD",2014,1,3,2014-01-13,2014-01-19,0,0
"Democratic Republic of Congo","COD",2014,1,4,2014-01-20,2014-01-26,0,0
"Democratic Republic of Congo","COD",2014,1,5,2014-01-27,2014-02-02,0,0
"Democratic Republic of Congo","COD",2014,2,6,2014-02-03,2014-02-09,0,0
"Democratic Republic of Congo","COD",2014,2,7,2014-02-10,2014-02-16,0,0
"Democratic Republic of Congo","COD",2014,2,8,2014-02-17,2014-02-23,0,0
"Democratic Republic of Congo","COD",2014,2,9,2014-02-24,2014-03-02,0,0
"Democratic Republic of Congo","COD",2014,3,10,2014-03-03,2014-03-09,0,0
"Democratic Republic of Congo","COD",2014,3,11,2014-03-10,2014-03-16,0,0
"Democratic Republic of Congo","COD",2014,3,12,2014-03-17,2014-03-23,0,0
"Democratic Republic of Congo","COD",2014,3,13,2014-03-24,2014-03-30,0,0
"Democratic Republic of Congo","COD",2014,3,14,2014-03-31,2014-04-06,0,0
"Democratic Republic of Congo","COD",2014,4,15,2014-04-07,2014-04-13,0,0
"Democratic Republic of Congo","COD",2014,4,16,2014-04-14,2014-04-20,0,0
"Democratic Republic of Congo","COD",2014,4,17,2014-04-21,2014-04-27,0,0
"Democratic Republic of Congo","COD",2014,4,18,2014-04-28,2014-05-04,0,0
"Democratic Republic of Congo","COD",2014,5,19,2014-05-05,2014-05-11,0,0
"Democratic Republic of Congo","COD",2014,5,20,2014-05-12,2014-05-18,0,0
"Democratic Republic of Congo","COD",2014,5,21,2014-05-19,2014-05-25,0,0
"Democratic Republic of Congo","COD",2014,5,22,2014-05-26,2014-06-01,0,0
"Democratic Republic of Congo","COD",2014,6,23,2014-06-02,2014-06-08,0,0
"Democratic Republic of Congo","COD",2014,6,24,2014-06-09,2014-06-15,0,0
"Democratic Republic of Congo","COD",2014,6,25,2014-06-16,2014-06-22,0,0
"Democratic Republic of Congo","COD",2014,6,26,2014-06-23,2014-06-29,0,0
"Democratic Republic of Congo","COD",2014,6,27,2014-06-30,2014-07-06,0,0
"Democratic Republic of Congo","COD",2014,7,28,2014-07-07,2014-07-13,0,0
"Democratic Republic of Congo","COD",2014,7,29,2014-07-14,2014-07-20,0,0
"Democratic Republic of Congo","COD",2014,7,30,2014-07-21,2014-07-27,0,0
"Democratic Republic of Congo","COD",2014,7,31,2014-07-28,2014-08-03,0,0
"Democratic Republic of Congo","COD",2014,8,32,2014-08-04,2014-08-10,0,0
"Democratic Republic of Congo","COD",2014,8,33,2014-08-11,2014-08-17,0,0
"Democratic Republic of Congo","COD",2014,8,34,2014-08-18,2014-08-24,0,0
"Democratic Republic of Congo","COD",2014,8,35,2014-08-25,2014-08-31,0,0
"Democratic Republic of Congo","COD",2014,9,36,2014-09-01,2014-09-07,0,0
"Democratic Republic of Congo","COD",2014,9,37,2014-09-08,2014-09-14,0,0
"Democratic Republic of Congo","COD",2014,9,38,2014-09-15,2014-09-21,0,0
"Democratic Republic of Congo","COD",2014,9,39,2014-09-22,2014-09-28,0,0
"Democratic Republic of Congo","COD",2014,9,40,2014-09-29,2014-10-05,0,0
"Democratic Republic of Congo","COD",2014,10,41,2014-10-06,2014-10-12,0,0
"Democratic Republic of Congo","COD",2014,10,42,2014-10-13,2014-10-19,0,0
"Democratic Republic of Congo","COD",2014,10,43,2014-10-20,2014-10-26,0,0
"Democratic Republic of Congo","COD",2014,10,44,2014-10-27,2014-11-02,0,0
"Democratic Republic of Congo","COD",2014,11,45,2014-11-03,2014-11-09,0,0
"Democratic Republic of Congo","COD",2014,11,46,2014-11-10,2014-11-16,0,0
"Democratic Republic of Congo","COD",2014,11,47,2014-11-17,2014-11-23,0,0
"Democratic Republic of Congo","COD",2014,11,48,2014-11-24,2014-11-30,0,0
"Democratic Republic of Congo","COD",2014,12,49,2014-12-01,2014-12-07,0,0
"Democratic Republic of Congo","COD",2014,12,50,2014-12-08,2014-12-14,0,0
"Democratic Republic of Congo","COD",2014,12,51,2014-12-15,2014-12-21,0,0
"Democratic Republic of Congo","COD",2014,12,52,2014-12-22,2014-12-28,0,0
"Democratic Republic of Congo","COD",2015,12,1,2014-12-29,2015-01-04,570.25,75.5
"Democratic Republic of Congo","COD",2015,1,2,2015-01-05,2015-01-11,531.25,133
"Democratic Republic of Congo","COD",2015,1,3,2015-01-12,2015-01-18,495.25,194.5
"Democratic Republic of Congo","COD",2015,1,4,2015-01-19,2015-01-25,581.75,124
"Democratic Republic of Congo","COD",2015,1,5,2015-01-26,2015-02-01,453,97.5
"Democratic Republic of Congo","COD",2015,2,6,2015-02-02,2015-02-08,378,101.5
"Democratic Republic of Congo","COD",2015,2,7,2015-02-09,2015-02-15,353.25,146
"Democratic Republic of Congo","COD",2015,2,8,2015-02-16,2015-02-22,369,0
"Democratic Republic of Congo","COD",2015,2,9,2015-02-23,2015-03-01,252.5,71
"Democratic Republic of Congo","COD",2015,3,10,2015-03-02,2015-03-08,213.25,120.5
"Democratic Republic of Congo","COD",2015,3,11,2015-03-09,2015-03-15,204.75,0
"Democratic Republic of Congo","COD",2015,3,12,2015-03-16,2015-03-22,239.75,6.5
"Democratic Republic of Congo","COD",2015,3,13,2015-03-23,2015-03-29,217.5,162
"Democratic Republic of Congo","COD",2015,3,14,2015-03-30,2015-04-05,184.25,51
"Democratic Republic of Congo","COD",2015,4,15,2015-04-06,2015-04-12,142,62.5
"Democratic Republic of Congo","COD",2015,4,16,2015-04-13,2015-04-19,126.5,0
"Democratic Republic of Congo","COD",2015,4,17,2015-04-20,2015-04-26,188,0
"Democratic Republic of Congo","COD",2015,4,18,2015-04-27,2015-05-03,144,40
"Democratic Republic of Congo","COD",2015,5,19,2015-05-04,2015-05-10,143.25,0
"Democratic Republic of Congo","COD",2015,5,20,2015-05-11,2015-05-17,187,0
"Democratic Republic of Congo","COD",2015,5,21,2015-05-18,2015-05-24,186.5,51.5
"Democratic Republic of Congo","COD",2015,5,22,2015-05-25,2015-05-31,171.25,0
"Democratic Republic of Congo","COD",2015,6,23,2015-06-01,2015-06-07,139.25,64.5
"Democratic Republic of Congo","COD",2015,6,24,2015-06-08,2015-06-14,184,0
"Democratic Republic of Congo","COD",2015,6,25,2015-06-15,2015-06-21,145,61.5
"Democratic Republic of Congo","COD",2015,6,26,2015-06-22,2015-06-28,145,417.5
"Democratic Republic of Congo","COD",2015,6,27,2015-06-29,2015-07-05,132.75,6.5
"Democratic Republic of Congo","COD",2015,7,28,2015-07-06,2015-07-12,155.75,0
"Democratic Republic of Congo","COD",2015,7,29,2015-07-13,2015-07-19,159.5,38.6666666666667
"Democratic Republic of Congo","COD",2015,7,30,2015-07-20,2015-07-26,130.5,0
"Democratic Republic of Congo","COD",2015,7,31,2015-07-27,2015-08-02,133,0
"Democratic Republic of Congo","COD",2015,8,32,2015-08-03,2015-08-09,200.25,0
"Democratic Republic of Congo","COD",2015,8,33,2015-08-10,2015-08-16,267.25,38
"Democratic Republic of Congo","COD",2015,8,34,2015-08-17,2015-08-23,228.25,0
"Democratic Republic of Congo","COD",2015,8,35,2015-08-24,2015-08-30,177.75,199
"Democratic Republic of Congo","COD",2015,8,36,2015-08-31,2015-09-06,541,255.5
"Democratic Republic of Congo","COD",2015,9,37,2015-09-07,2015-09-13,883.5,406.5
"Democratic Republic of Congo","COD",2015,9,38,2015-09-14,2015-09-20,1173.25,286
"Democratic Republic of Congo","COD",2015,9,39,2015-09-21,2015-09-27,1216.5,137
"Democratic Republic of Congo","COD",2015,9,40,2015-09-28,2015-10-04,838.5,151
"Democratic Republic of Congo","COD",2015,10,41,2015-10-05,2015-10-11,544.75,68
"Democratic Republic of Congo","COD",2015,10,42,2015-10-12,2015-10-18,564,46.5
"Democratic Republic of Congo","COD",2015,10,43,2015-10-19,2015-10-25,497,124
"Democratic Republic of Congo","COD",2015,10,44,2015-10-26,2015-11-01,638,83
"Democratic Republic of Congo","COD",2015,11,45,2015-11-02,2015-11-08,562.5,100.5
"Democratic Republic of Congo","COD",2015,11,46,2015-11-09,2015-11-15,429.25,83
"Democratic Republic of Congo","COD",2015,11,47,2015-11-16,2015-11-22,457.25,133
"Democratic Republic of Congo","COD",2015,11,48,2015-11-23,2015-11-29,293,57.5
"Democratic Republic of Congo","COD",2015,11,49,2015-11-30,2015-12-06,401.75,185.666666666667
"Democratic Republic of Congo","COD",2015,12,50,2015-12-07,2015-12-13,441.25,91.3333333333333
"Democratic Republic of Congo","COD",2015,12,51,2015-12-14,2015-12-20,306.5,77
"Democratic Republic of Congo","COD",2015,12,52,2015-12-21,2015-12-27,441.5,93.5
"Democratic Republic of Congo","COD",2015,12,53,2015-12-28,2016-01-03,520,70.5
"Democratic Republic of Congo","COD",2016,1,1,2016-01-04,2016-01-10,583.75,164
"Democratic Republic of Congo","COD",2016,1,2,2016-01-11,2016-01-17,457.75,172
"Democratic Republic of Congo","COD",2016,1,3,2016-01-18,2016-01-24,455.5,63
"Democratic Republic of Congo","COD",2016,1,4,2016-01-25,2016-01-31,501.25,90
"Democratic Republic of Congo","COD",2016,2,5,2016-02-01,2016-02-07,531.5,189.5
"Democratic Republic of Congo","COD",2016,2,6,2016-02-08,2016-02-14,514.25,206.5
"Democratic Republic of Congo","COD",2016,2,7,2016-02-15,2016-02-21,509.75,138.5
"Democratic Republic of Congo","COD",2016,2,8,2016-02-22,2016-02-28,559,188
"Democratic Republic of Congo","COD",2016,2,9,2016-02-29,2016-03-06,487.75,194.5
"Democratic Republic of Congo","COD",2016,3,10,2016-03-07,2016-03-13,527.25,107
"Democratic Republic of Congo","COD",2016,3,11,2016-03-14,2016-03-20,568.5,130
"Democratic Republic of Congo","COD",2016,3,12,2016-03-21,2016-03-27,599,241
"Democratic Republic of Congo","COD",2016,3,13,2016-03-28,2016-04-03,669.5,262.5
"Democratic Republic of Congo","COD",2016,4,14,2016-04-04,2016-04-10,699.25,226.5
"Democratic Republic of Congo","COD",2016,4,15,2016-04-11,2016-04-17,620,244.5
"Democratic Republic of Congo","COD",2016,4,16,2016-04-18,2016-04-24,451.5,287
"Democratic Republic of Congo","COD",2016,4,17,2016-04-25,2016-05-01,518.25,214.5
"Democratic Republic of Congo","COD",2016,5,18,2016-05-02,2016-05-08,411.5,183
"Democratic Republic of Congo","COD",2016,5,19,2016-05-09,2016-05-15,506.75,227.5
"Democratic Republic of Congo","COD",2016,5,20,2016-05-16,2016-05-22,429.75,229
"Democratic Republic of Congo","COD",2016,5,21,2016-05-23,2016-05-29,420.25,237.5
"Democratic Republic of Congo","COD",2016,5,22,2016-05-30,2016-06-05,358.25,190.5
"Democratic Republic of Congo","COD",2016,6,23,2016-06-06,2016-06-12,348.75,396.5
"Democratic Republic of Congo","COD",2016,6,24,2016-06-13,2016-06-19,334,324.333333333333
"Democratic Republic of Congo","COD",2016,6,25,2016-06-20,2016-06-26,362.25,327.5
"Democratic Republic of Congo","COD",2016,6,26,2016-06-27,2016-07-03,468.25,297
"Democratic Republic of Congo","COD",2016,7,27,2016-07-04,2016-07-10,532.75,226
"Democratic Republic of Congo","COD",2016,7,28,2016-07-11,2016-07-17,757,252
"Democratic Republic of Congo","COD",2016,7,29,2016-07-18,2016-07-24,807.25,347
"Democratic Republic of Congo","COD",2016,7,30,2016-07-25,2016-07-31,747,352
"Democratic Republic of Congo","COD",2016,8,31,2016-08-01,2016-08-07,811.5,388.5
"Democratic Republic of Congo","COD",2016,8,32,2016-08-08,2016-08-14,721,296.5
"Democratic Republic of Congo","COD",2016,8,33,2016-08-15,2016-08-21,736.25,247
"Democratic Republic of Congo","COD",2016,8,34,2016-08-22,2016-08-28,577.5,252
"Democratic Republic of Congo","COD",2016,8,35,2016-08-29,2016-09-04,676.75,310
"Democratic Republic of Congo","COD",2016,9,36,2016-09-05,2016-09-11,769.75,287
"Democratic Republic of Congo","COD",2016,9,37,2016-09-12,2016-09-18,865.5,289
"Democratic Republic of Congo","COD",2016,9,38,2016-09-19,2016-09-25,580,308.5
"Democratic Republic of Congo","COD",2016,9,39,2016-09-26,2016-10-02,702.25,308
"Democratic Republic of Congo","COD",2016,10,40,2016-10-03,2016-10-09,647.25,328.5
"Democratic Republic of Congo","COD",2016,10,41,2016-10-10,2016-10-16,608.75,200
"Democratic Republic of Congo","COD",2016,10,42,2016-10-17,2016-10-23,518.75,47.3333333333333
"Democratic Republic of Congo","COD",2016,10,43,2016-10-24,2016-10-30,567.5,218
"Democratic Republic of Congo","COD",2016,10,44,2016-10-31,2016-11-06,540.25,202
"Democratic Republic of Congo","COD",2016,11,45,2016-11-07,2016-11-13,544.5,133
"Democratic Republic of Congo","COD",2016,11,46,2016-11-14,2016-11-20,400,58.6666666666667
"Democratic Republic of Congo","COD",2016,11,47,2016-11-21,2016-11-27,329,75
"Democratic Republic of Congo","COD",2016,11,48,2016-11-28,2016-12-04,343,52.6666666666667
"Democratic Republic of Congo","COD",2016,12,49,2016-12-05,2016-12-11,354.75,33.6666666666667
"Democratic Republic of Congo","COD",2016,12,50,2016-12-12,2016-12-18,453.25,84
"Democratic Republic of Congo","COD",2016,12,51,2016-12-19,2016-12-25,545.25,126.333333333333
"Democratic Republic of Congo","COD",2016,12,52,2016-12-26,2017-01-01,598.8,142.333333333333
"Democratic Republic of Congo","COD",2017,1,1,2017-01-02,2017-01-08,930.875,189
"Democratic Republic of Congo","COD",2017,1,2,2017-01-09,2017-01-15,762.375,162
"Democratic Republic of Congo","COD",2017,1,3,2017-01-16,2017-01-22,601.5,156
"Democratic Republic of Congo","COD",2017,1,4,2017-01-23,2017-01-29,600.75,437
"Democratic Republic of Congo","COD",2017,1,5,2017-01-30,2017-02-05,575.5,495.5
"Democratic Republic of Congo","COD",2017,2,6,2017-02-06,2017-02-12,593,501
"Democratic Republic of Congo","COD",2017,2,7,2017-02-13,2017-02-19,578.875,138
"Democratic Republic of Congo","COD",2017,2,8,2017-02-20,2017-02-26,695.375,484.5
"Democratic Republic of Congo","COD",2017,2,9,2017-02-27,2017-03-05,817.111111111111,131.333333333333
"Democratic Republic of Congo","COD",2017,3,10,2017-03-06,2017-03-12,699.444444444444,90.6666666666667
"Democratic Republic of Congo","COD",2017,3,11,2017-03-13,2017-03-19,603.142857142857,302
"Democratic Republic of Congo","COD",2017,3,12,2017-03-20,2017-03-26,679,437
"Democratic Republic of Congo","COD",2017,3,13,2017-03-27,2017-04-02,475.5,202
"Democratic Republic of Congo","COD",2017,4,14,2017-04-03,2017-04-09,336.75,162.5
"Democratic Republic of Congo","COD",2017,4,15,2017-04-10,2017-04-16,330,270
"Democratic Republic of Congo","COD",2017,4,16,2017-04-17,2017-04-23,378.857142857143,109
"Democratic Republic of Congo","COD",2017,4,17,2017-04-24,2017-04-30,334,225
"Democratic Republic of Congo","COD",2017,5,18,2017-05-01,2017-05-07,385.428571428571,309
"Democratic Republic of Congo","COD",2017,5,19,2017-05-08,2017-05-14,463.428571428571,251
"Democratic Republic of Congo","COD",2017,5,20,2017-05-15,2017-05-21,513.444444444444,34
"Democratic Republic of Congo","COD",2017,5,21,2017-05-22,2017-05-28,632.142857142857,84
"Democratic Republic of Congo","COD",2017,5,22,2017-05-29,2017-06-04,482,244
"Democratic Republic of Congo","COD",2017,6,23,2017-06-05,2017-06-11,527,180
"Democratic Republic of Congo","COD",2017,6,24,2017-06-12,2017-06-18,571.25,78.5
"Democratic Republic of Congo","COD",2017,6,25,2017-06-19,2017-06-25,558.571428571429,97.5
"Democratic Republic of Congo","COD",2017,6,26,2017-06-26,2017-07-02,610.142857142857,137.5
"Democratic Republic of Congo","COD",2017,7,27,2017-07-03,2017-07-09,823.666666666667,161
"Democratic Republic of Congo","COD",2017,7,28,2017-07-10,2017-07-16,943.333333333333,206
"Democratic Republic of Congo","COD",2017,7,29,2017-07-17,2017-07-23,1026.71428571429,91.5
"Democratic Republic of Congo","COD",2017,7,30,2017-07-24,2017-07-30,1098.71428571429,76
"Democratic Republic of Congo","COD",2017,7,31,2017-07-31,2017-08-06,1084,28
"Democratic Republic of Congo","COD",2017,8,32,2017-08-07,2017-08-13,1231.42857142857,57
"Democratic Republic of Congo","COD",2017,8,33,2017-08-14,2017-08-20,1502.85714285714,66
"Democratic Republic of Congo","COD",2017,8,34,2017-08-21,2017-08-27,1676.85714285714,41.5
"Democratic Republic of Congo","COD",2017,8,35,2017-08-28,2017-09-03,1876,64
"Democratic Republic of Congo","COD",2017,9,36,2017-09-04,2017-09-10,1722.33333333333,129
"Democratic Republic of Congo","COD",2017,9,37,2017-09-11,2017-09-17,2067.33333333333,0
"Democratic Republic of Congo","COD",2017,9,38,2017-09-18,2017-09-24,2214.16666666667,25
"Democratic Republic of Congo","COD",2017,9,39,2017-09-25,2017-10-01,2467.66666666667,28
"Democratic Republic of Congo","COD",2017,10,40,2017-10-02,2017-10-08,2082.83333333333,27
"Democratic Republic of Congo","COD",2017,10,41,2017-10-09,2017-10-15,1870.75,26
"Democratic Republic of Congo","COD",2017,10,42,2017-10-16,2017-10-22,1996,67
"Democratic Republic of Congo","COD",2017,10,43,2017-10-23,2017-10-29,1880.6,44
"Democratic Republic of Congo","COD",2017,10,44,2017-10-30,2017-11-05,1946.75,44
"Democratic Republic of Congo","COD",2017,11,45,2017-11-06,2017-11-12,1861.2,48
"Democratic Republic of Congo","COD",2017,11,46,2017-11-13,2017-11-19,1819.4,55.5
"Democratic Republic of Congo","COD",2017,11,47,2017-11-20,2017-11-26,1682,37
"Democratic Republic of Congo","COD",2017,11,48,2017-11-27,2017-12-03,906.4,29
"Democratic Republic of Congo","COD",2017,12,49,2017-12-04,2017-12-10,925.6,26
"Democratic Republic of Congo","COD",2017,12,50,2017-12-11,2017-12-17,810.666666666667,16
"Democratic Republic of Congo","COD",2017,12,51,2017-12-18,2017-12-24,648.75,0
"Democratic Republic of Congo","COD",2017,12,52,2017-12-25,2017-12-31,925.4,19
"Democratic Republic of Congo","COD",2018,1,1,2018-01-01,2018-01-07,935.375,36
"Democratic Republic of Congo","COD",2018,1,2,2018-01-08,2018-01-14,763.285714285714,14
"Democratic Republic of Congo","COD",2018,1,3,2018-01-15,2018-01-21,639.75,16
"Democratic Republic of Congo","COD",2018,1,4,2018-01-22,2018-01-28,588.142857142857,4
"Democratic Republic of Congo","COD",2018,1,5,2018-01-29,2018-02-04,605.428571428571,8
"Democratic Republic of Congo","COD",2018,2,6,2018-02-05,2018-02-11,528.833333333333,7
"Democratic Republic of Congo","COD",2018,2,7,2018-02-12,2018-02-18,501.666666666667,13
"Democratic Republic of Congo","COD",2018,2,8,2018-02-19,2018-02-25,589.666666666667,22
"Democratic Republic of Congo","COD",2018,2,9,2018-02-26,2018-03-04,576.4,0
"Democratic Republic of Congo","COD",2018,3,10,2018-03-05,2018-03-11,628.8,0
"Democratic Republic of Congo","COD",2018,3,11,2018-03-12,2018-03-18,546,18
"Democratic Republic of Congo","COD",2018,3,12,2018-03-19,2018-03-25,512.857142857143,10
"Democratic Republic of Congo","COD",2018,3,13,2018-03-26,2018-04-01,563,12
"Democratic Republic of Congo","COD",2018,4,14,2018-04-02,2018-04-08,482.75,0
"Democratic Republic of Congo","COD",2018,4,15,2018-04-09,2018-04-15,447.6,12
"Democratic Republic of Congo","COD",2018,4,16,2018-04-16,2018-04-22,370,0
"Democratic Republic of Congo","COD",2018,4,17,2018-04-23,2018-04-29,267,0
"Democratic Republic of Congo","COD",2018,4,18,2018-04-30,2018-05-06,319.8,0
"Democratic Republic of Congo","COD",2018,5,19,2018-05-07,2018-05-13,276.6,0
"Democratic Republic of Congo","COD",2018,5,20,2018-05-14,2018-05-20,244.4,0
"Democratic Republic of Congo","COD",2018,5,21,2018-05-21,2018-05-27,248.8,14
"Democratic Republic of Congo","COD",2018,5,22,2018-05-28,2018-06-03,306.8,14
"Democratic Republic of Congo","COD",2018,6,23,2018-06-04,2018-06-10,414.2,30
"Democratic Republic of Congo","COD",2018,6,24,2018-06-11,2018-06-17,649.2,34
"Democratic Republic of Congo","COD",2018,6,25,2018-06-18,2018-06-24,592.8,44
"Democratic Republic of Congo","COD",2018,6,26,2018-06-25,2018-07-01,538.6,38
"Democratic Republic of Congo","COD",2018,7,27,2018-07-02,2018-07-08,541.4,24
"Democratic Republic of Congo","COD",2018,7,28,2018-07-09,2018-07-15,461.25,0
"Democratic Republic of Congo","COD",2018,7,29,2018-07-16,2018-07-22,467.4,18
"Democratic Republic of Congo","COD",2018,7,30,2018-07-23,2018-07-29,426,0
"Democratic Republic of Congo","COD",2018,7,31,2018-07-30,2018-08-05,475.833333333333,20
"Democratic Republic of Congo","COD",2018,8,32,2018-08-06,2018-08-12,523.166666666667,16
"Democratic Republic of Congo","COD",2018,8,33,2018-08-13,2018-08-19,694.8,32
"Democratic Republic of Congo","COD",2018,8,34,2018-08-20,2018-08-26,772.75,37
"Democratic Republic of Congo","COD",2018,8,35,2018-08-27,2018-09-02,910,26
"Democratic Republic of Congo","COD",2018,9,36,2018-09-03,2018-09-09,913,0
"Democratic Republic of Congo","COD",2018,9,37,2018-09-10,2018-09-16,817.25,0
"Democratic Republic of Congo","COD",2018,9,38,2018-09-17,2018-09-23,840,18
"Democratic Republic of Congo","COD",2018,9,39,2018-09-24,2018-09-30,640.2,21
"Democratic Republic of Congo","COD",2018,10,40,2018-10-01,2018-10-07,611.75,0
"Democratic Republic of Congo","COD",2018,10,41,2018-10-08,2018-10-14,593.333333333333,7
"Democratic Republic of Congo","COD",2018,10,42,2018-10-15,2018-10-21,745.333333333333,23
"Democratic Republic of Congo","COD",2018,10,43,2018-10-22,2018-10-28,814.333333333333,33
"Democratic Republic of Congo","COD",2018,10,44,2018-10-29,2018-11-04,843.5,20
"Democratic Republic of Congo","COD",2018,11,45,2018-11-05,2018-11-11,680.75,18
"Democratic Republic of Congo","COD",2018,11,46,2018-11-12,2018-11-18,643.333333333333,0
"Democratic Republic of Congo","COD",2018,11,47,2018-11-19,2018-11-25,596,0
"Democratic Republic of Congo","COD",2018,11,48,2018-11-26,2018-12-02,486.666666666667,0
"Democratic Republic of Congo","COD",2018,12,49,2018-12-03,2018-12-09,459.4,12.5
"Democratic Republic of Congo","COD",2018,12,50,2018-12-10,2018-12-16,478.2,8.5
"Democratic Republic of Congo","COD",2018,12,51,2018-12-17,2018-12-23,456,0
"Democratic Republic of Congo","COD",2018,12,52,2018-12-24,2018-12-30,447,9
"Democratic Republic of Congo","COD",2019,12,1,2018-12-31,2019-01-06,796.666666666667,17
"Democratic Republic of Congo","COD",2019,1,2,2019-01-07,2019-01-13,605,19
"Democratic Republic of Congo","COD",2019,1,3,2019-01-14,2019-01-20,704,18
"Democratic Republic of Congo","COD",2019,1,4,2019-01-21,2019-01-27,736,19
"Democratic Republic of Congo","COD",2019,1,5,2019-01-28,2019-02-03,664.333333333333,14
"Democratic Republic of Congo","COD",2019,2,6,2019-02-04,2019-02-10,578.666666666667,26
"Democratic Republic of Congo","COD",2019,2,7,2019-02-11,2019-02-17,603.333333333333,7
"Democratic Republic of Congo","COD",2019,2,8,2019-02-18,2019-02-24,524,15
"Democratic Republic of Congo","COD",2019,2,9,2019-02-25,2019-03-03,549.333333333333,14
"Democratic Republic of Congo","COD",2019,3,10,2019-03-04,2019-03-10,488.333333333333,28
"Democratic Republic of Congo","COD",2019,3,11,2019-03-11,2019-03-17,512.666666666667,5
"Democratic Republic of Congo","COD",2019,3,12,2019-03-18,2019-03-24,610,14
"Democratic Republic of Congo","COD",2019,3,13,2019-03-25,2019-03-31,598.666666666667,5
"Democratic Republic of Congo","COD",2019,4,14,2019-04-01,2019-04-07,452.666666666667,9
"Democratic Republic of Congo","COD",2019,4,15,2019-04-08,2019-04-14,381.666666666667,3
"Democratic Republic of Congo","COD",2019,4,16,2019-04-15,2019-04-21,322.666666666667,6
"Democratic Republic of Congo","COD",2019,4,17,2019-04-22,2019-04-28,354.666666666667,5
"Democratic Republic of Congo","COD",2019,4,18,2019-04-29,2019-05-05,451.666666666667,8
"Democratic Republic of Congo","COD",2019,5,19,2019-05-06,2019-05-12,406,9
"Democratic Republic of Congo","COD",2019,5,20,2019-05-13,2019-05-19,456,4
"Democratic Republic of Congo","COD",2019,5,21,2019-05-20,2019-05-26,446,7
"Democratic Republic of Congo","COD",2019,5,22,2019-05-27,2019-06-02,456.666666666667,7
"Democratic Republic of Congo","COD",2019,6,23,2019-06-03,2019-06-09,435.666666666667,8
"Democratic Republic of Congo","COD",2019,6,24,2019-06-10,2019-06-16,423.666666666667,4
"Democratic Republic of Congo","COD",2019,6,25,2019-06-17,2019-06-23,410.333333333333,3
"Democratic Republic of Congo","COD",2019,6,26,2019-06-24,2019-06-30,285,0
"Democratic Republic of Congo","COD",2019,7,27,2019-07-01,2019-07-07,345.666666666667,0
"Democratic Republic of Congo","COD",2019,7,28,2019-07-08,2019-07-14,366.666666666667,2
"Democratic Republic of Congo","COD",2019,7,29,2019-07-15,2019-07-21,332,1
"Democratic Republic of Congo","COD",2019,7,30,2019-07-22,2019-07-28,479.25,0
"Democratic Republic of Congo","COD",2019,7,31,2019-07-29,2019-08-04,418.5,4
"Democratic Republic of Congo","COD",2019,8,32,2019-08-05,2019-08-11,629.5,8
"Democratic Republic of Congo","COD",2019,8,33,2019-08-12,2019-08-18,558,8.33333333333333
"Democratic Republic of Congo","COD",2019,8,34,2019-08-19,2019-08-25,701.2,6
"Democratic Republic of Congo","COD",2019,8,35,2019-08-26,2019-09-01,848.75,11.5
"Democratic Republic of Congo","COD",2019,9,36,2019-09-02,2019-09-08,810.5,20
"Democratic Republic of Congo","COD",2019,9,37,2019-09-09,2019-09-15,964.4,17
"Democratic Republic of Congo","COD",2019,9,38,2019-09-16,2019-09-22,934,17
"Democratic Republic of Congo","COD",2019,9,39,2019-09-23,2019-09-29,807.2,9
"Democratic Republic of Congo","COD",2019,9,40,2019-09-30,2019-10-06,745.5,5
"Democratic Republic of Congo","COD",2019,10,41,2019-10-07,2019-10-13,824.25,22
"Democratic Republic of Congo","COD",2019,10,42,2019-10-14,2019-10-20,650,18
"Democratic Republic of Congo","COD",2019,10,43,2019-10-21,2019-10-27,576.5,6
"Democratic Republic of Congo","COD",2019,10,44,2019-10-28,2019-11-03,608.333333333333,8
"Democratic Republic of Congo","COD",2019,11,45,2019-11-04,2019-11-10,806.666666666667,10
"Democratic Republic of Congo","COD",2019,11,46,2019-11-11,2019-11-17,700.5,10.5
"Democratic Republic of Congo","COD",2019,11,47,2019-11-18,2019-11-24,645.25,9.5
"Democratic Republic of Congo","COD",2019,11,48,2019-11-25,2019-12-01,729.75,12
"Democratic Republic of Congo","COD",2019,12,49,2019-12-02,2019-12-08,620.666666666667,8
"Democratic Republic of Congo","COD",2019,12,50,2019-12-09,2019-12-15,588.666666666667,6.5
"Democratic Republic of Congo","COD",2019,12,51,2019-12-16,2019-12-22,589.5,6
"Democratic Republic of Congo","COD",2019,12,52,2019-12-23,2019-12-29,619.5,3.33333333333333
"Democratic Republic of Congo","COD",2020,12,1,2019-12-30,2020-01-05,767,0
"Democratic Republic of Congo","COD",2020,1,2,2020-01-06,2020-01-12,684.666666666667,0
"Democratic Republic of Congo","COD",2020,1,3,2020-01-13,2020-01-19,661,8
"Democratic Republic of Congo","COD",2020,1,4,2020-01-20,2020-01-26,535,0
"Democratic Republic of Congo","COD",2020,1,5,2020-01-27,2020-02-02,526.5,0
"Democratic Republic of Congo","COD",2020,2,6,2020-02-03,2020-02-09,409.333333333333,7
"Democratic Republic of Congo","COD",2020,2,7,2020-02-10,2020-02-16,480.5,0
"Democratic Republic of Congo","COD",2020,2,8,2020-02-17,2020-02-23,463,3
"Democratic Republic of Congo","COD",2020,2,9,2020-02-24,2020-03-01,462,0
"Democratic Republic of Congo","COD",2020,3,10,2020-03-02,2020-03-08,518.5,0
"Democratic Republic of Congo","COD",2020,3,11,2020-03-09,2020-03-15,427.5,0
"Democratic Republic of Congo","COD",2020,3,12,2020-03-16,2020-03-22,350.666666666667,4
"Democratic Republic of Congo","COD",2020,3,13,2020-03-23,2020-03-29,490,0
"Democratic Republic of Congo","COD",2020,3,14,2020-03-30,2020-04-05,408,0
"Democratic Republic of Congo","COD",2020,4,15,2020-04-06,2020-04-12,496,0
"Democratic Republic of Congo","COD",2020,4,16,2020-04-13,2020-04-19,508,0
"Democratic Republic of Congo","COD",2020,4,17,2020-04-20,2020-04-26,423.5,0
"Democratic Republic of Congo","COD",2020,4,18,2020-04-27,2020-05-03,374.5,0
"Democratic Republic of Congo","COD",2020,5,19,2020-05-04,2020-05-10,321.333333333333,116
"Democratic Republic of Congo","COD",2020,5,20,2020-05-11,2020-05-17,279.5,0
"Democratic Republic of Congo","COD",2020,5,21,2020-05-18,2020-05-24,447,0
"Democratic Republic of Congo","COD",2020,5,22,2020-05-25,2020-05-31,470.5,0
"Democratic Republic of Congo","COD",2020,6,23,2020-06-01,2020-06-07,402,0
"Democratic Republic of Congo","COD",2020,6,24,2020-06-08,2020-06-14,485,0
"Democratic Republic of Congo","COD",2020,6,25,2020-06-15,2020-06-21,335.5,0
"Democratic Republic of Congo","COD",2020,6,26,2020-06-22,2020-06-28,246.666666666667,2
"Democratic Republic of Congo","COD",2020,6,27,2020-06-29,2020-07-05,250,6
"Democratic Republic of Congo","COD",2020,7,28,2020-07-06,2020-07-12,235.666666666667,2
"Democratic Republic of Congo","COD",2020,7,29,2020-07-13,2020-07-19,173.333333333333,2
"Democratic Republic of Congo","COD",2020,7,30,2020-07-20,2020-07-26,258,0
"Democratic Republic of Congo","COD",2020,7,31,2020-07-27,2020-08-02,201,0
"Democratic Republic of Congo","COD",2020,8,32,2020-08-03,2020-08-09,258,0
"Democratic Republic of Congo","COD",2020,8,33,2020-08-10,2020-08-16,201,0
"Democratic Republic of Congo","COD",2020,8,34,2020-08-17,2020-08-23,237,0
"Democratic Republic of Congo","COD",2020,8,35,2020-08-24,2020-08-30,246,0
"Democratic Republic of Congo","COD",2020,8,36,2020-08-31,2020-09-06,278,0
"Democratic Republic of Congo","COD",2020,9,37,2020-09-07,2020-09-13,344.5,0
"Democratic Republic of Congo","COD",2020,9,38,2020-09-14,2020-09-20,457,0
"Democratic Republic of Congo","COD",2020,9,39,2020-09-21,2020-09-27,426,0
"Democratic Republic of Congo","COD",2020,9,40,2020-09-28,2020-10-04,355,0
"Democratic Republic of Congo","COD",2020,10,41,2020-10-05,2020-10-11,404.5,0
"Democratic Republic of Congo","COD",2020,10,42,2020-10-12,2020-10-18,397.5,0
"Democratic Republic of Congo","COD",2020,10,43,2020-10-19,2020-10-25,274.5,0
"Democratic Republic of Congo","COD",2020,10,44,2020-10-26,2020-11-01,224.5,0
"Democratic Republic of Congo","COD",2020,11,45,2020-11-02,2020-11-08,245.666666666667,6
"Democratic Republic of Congo","COD",2020,11,46,2020-11-09,2020-11-15,206,1
"Democratic Republic of Congo","COD",2020,11,47,2020-11-16,2020-11-22,259.666666666667,8
"Democratic Republic of Congo","COD",2020,11,48,2020-11-23,2020-11-29,4904,156
"Democratic Republic of Congo","COD",2020,11,49,2020-11-30,2020-12-06,337.5,0
"Democratic Republic of Congo","COD",2020,12,50,2020-12-07,2020-12-13,287.666666666667,6
"Democratic Republic of Congo","COD",2020,12,51,2020-12-14,2020-12-20,203.666666666667,5
"Democratic Republic of Congo","COD",2020,12,52,2020-12-21,2020-12-27,138.666666666667,2
"Democratic Republic of Congo","COD",2020,12,53,2020-12-28,2021-01-03,159.5,2
"Democratic Republic of Congo","COD",2021,1,1,2021-01-04,2021-01-10,162,0
"Democratic Republic of Congo","COD",2021,1,2,2021-01-11,2021-01-17,134,6
"Democratic Republic of Congo","COD",2021,1,3,2021-01-18,2021-01-24,142,0
"Democratic Republic of Congo","COD",2021,1,4,2021-01-25,2021-01-31,170,0
"Democratic Republic of Congo","COD",2021,2,5,2021-02-01,2021-02-07,189,0
"Democratic Republic of Congo","COD",2021,2,6,2021-02-08,2021-02-14,204,0
"Democratic Republic of Congo","COD",2021,2,7,2021-02-15,2021-02-21,197,0
"Democratic Republic of Congo","COD",2021,2,8,2021-02-22,2021-02-28,145,2
"Democratic Republic of Congo","COD",2021,3,9,2021-03-01,2021-03-07,100.5,0
"Democratic Republic of Congo","COD",2021,3,10,2021-03-08,2021-03-14,165,0
"Democratic Republic of Congo","COD",2021,3,11,2021-03-15,2021-03-21,221,0
"Democratic Republic of Congo","COD",2021,3,12,2021-03-22,2021-03-28,163,9
"Democratic Republic of Congo","COD",2021,3,13,2021-03-29,2021-04-04,0,0
"Democratic Republic of Congo","COD",2021,4,14,2021-04-05,2021-04-11,0,0
"Democratic Republic of Congo","COD",2021,4,15,2021-04-12,2021-04-18,163,2
"Democratic Republic of Congo","COD",2021,4,16,2021-04-19,2021-04-25,166,1
"Democratic Republic of Congo","COD",2021,4,17,2021-04-26,2021-05-02,119,2
"Democratic Republic of Congo","COD",2021,5,18,2021-05-03,2021-05-09,116,1
"Democratic Republic of Congo","COD",2021,5,19,2021-05-10,2021-05-16,86,0
"Democratic Republic of Congo","COD",2021,5,20,2021-05-17,2021-05-23,94,0
"Democratic Republic of Congo","COD",2021,5,21,2021-05-24,2021-05-30,104,0
"Democratic Republic of Congo","COD",2021,5,22,2021-05-31,2021-06-06,106,4
"Democratic Republic of Congo","COD",2021,6,23,2021-06-07,2021-06-13,279,7
"Democratic Republic of Congo","COD",2021,6,24,2021-06-14,2021-06-20,52,0
"Democratic Republic of Congo","COD",2021,6,25,2021-06-21,2021-06-27,0,0
"Democratic Republic of Congo","COD",2021,6,26,2021-06-28,2021-07-04,0,0
"Democratic Republic of Congo","COD",2021,7,27,2021-07-05,2021-07-11,58,1
"Democratic Republic of Congo","COD",2021,7,28,2021-07-12,2021-07-18,0,0
"Democratic Republic of Congo","COD",2021,7,29,2021-07-19,2021-07-25,0,0
"Democratic Republic of Congo","COD",2021,7,30,2021-07-26,2021-08-01,0,0
"Democratic Republic of Congo","COD",2021,8,31,2021-08-02,2021-08-08,0,0
"Democratic Republic of Congo","COD",2021,8,32,2021-08-09,2021-08-15,0,0
"Democratic Republic of Congo","COD",2021,8,33,2021-08-16,2021-08-22,0,0
"Democratic Republic of Congo","COD",2021,8,34,2021-08-23,2021-08-29,0,0
"Democratic Republic of Congo","COD",2021,8,35,2021-08-30,2021-09-05,0,0
"Democratic Republic of Congo","COD",2021,9,36,2021-09-06,2021-09-12,0,0
"Democratic Republic of Congo","COD",2021,9,37,2021-09-13,2021-09-19,0,0
"Democratic Republic of Congo","COD",2021,9,38,2021-09-20,2021-09-26,270,0
"Democratic Republic of Congo","COD",2021,9,39,2021-09-27,2021-10-03,200,0
"Democratic Republic of Congo","COD",2021,10,40,2021-10-04,2021-10-10,228,3
"Democratic Republic of Congo","COD",2021,10,41,2021-10-11,2021-10-17,298,8
"Democratic Republic of Congo","COD",2021,10,42,2021-10-18,2021-10-24,0,0
"Democratic Republic of Congo","COD",2021,10,43,2021-10-25,2021-10-31,0,0
"Democratic Republic of Congo","COD",2021,11,44,2021-11-01,2021-11-07,0,0
"Democratic Republic of Congo","COD",2021,11,45,2021-11-08,2021-11-14,0,0
"Democratic Republic of Congo","COD",2021,11,46,2021-11-15,2021-11-21,0,0
"Democratic Republic of Congo","COD",2021,11,47,2021-11-22,2021-11-28,0,0
"Democratic Republic of Congo","COD",2021,11,48,2021-11-29,2021-12-05,0,0
"Democratic Republic of Congo","COD",2021,12,49,2021-12-06,2021-12-12,0,0
"Democratic Republic of Congo","COD",2021,12,50,2021-12-13,2021-12-19,0,0
"Democratic Republic of Congo","COD",2021,12,51,2021-12-20,2021-12-26,0,0
"Democratic Republic of Congo","COD",2021,12,52,2021-12-27,2022-01-02,0,0
"Democratic Republic of Congo","COD",2022,1,1,2022-01-03,2022-01-09,0,0
"Democratic Republic of Congo","COD",2022,1,2,2022-01-10,2022-01-16,0,0
"Democratic Republic of Congo","COD",2022,1,3,2022-01-17,2022-01-23,0,0
"Democratic Republic of Congo","COD",2022,1,4,2022-01-24,2022-01-30,0,0
"Democratic Republic of Congo","COD",2022,1,5,2022-01-31,2022-02-06,0,0
"Democratic Republic of Congo","COD",2022,2,6,2022-02-07,2022-02-13,0,0
"Democratic Republic of Congo","COD",2022,2,7,2022-02-14,2022-02-20,0,0
"Democratic Republic of Congo","COD",2022,2,8,2022-02-21,2022-02-27,0,0
"Democratic Republic of Congo","COD",2022,2,9,2022-02-28,2022-03-06,0,0
"Democratic Republic of Congo","COD",2022,3,10,2022-03-07,2022-03-13,0,0
"Democratic Republic of Congo","COD",2022,3,11,2022-03-14,2022-03-20,0,0
"Democratic Republic of Congo","COD",2022,3,12,2022-03-21,2022-03-27,0,0
"Democratic Republic of Congo","COD",2022,3,13,2022-03-28,2022-04-03,0,0
"Democratic Republic of Congo","COD",2022,4,14,2022-04-04,2022-04-10,0,0
"Democratic Republic of Congo","COD",2022,4,15,2022-04-11,2022-04-17,0,0
"Democratic Republic of Congo","COD",2022,4,16,2022-04-18,2022-04-24,0,0
"Democratic Republic of Congo","COD",2022,4,17,2022-04-25,2022-05-01,380,3
"Democratic Republic of Congo","COD",2022,5,18,2022-05-02,2022-05-08,0,0
"Democratic Republic of Congo","COD",2022,5,19,2022-05-09,2022-05-15,298,0
"Democratic Republic of Congo","COD",2022,5,20,2022-05-16,2022-05-22,0,0
"Democratic Republic of Congo","COD",2022,5,21,2022-05-23,2022-05-29,237,0
"Democratic Republic of Congo","COD",2022,5,22,2022-05-30,2022-06-05,290,0
"Democratic Republic of Congo","COD",2022,6,23,2022-06-06,2022-06-12,204,0
"Democratic Republic of Congo","COD",2022,6,24,2022-06-13,2022-06-19,217,3
"Democratic Republic of Congo","COD",2022,6,25,2022-06-20,2022-06-26,160,0
"Democratic Republic of Congo","COD",2022,6,26,2022-06-27,2022-07-03,124,0
"Democratic Republic of Congo","COD",2022,7,27,2022-07-04,2022-07-10,88,1
"Democratic Republic of Congo","COD",2022,7,28,2022-07-11,2022-07-17,0,0
"Democratic Republic of Congo","COD",2022,7,29,2022-07-18,2022-07-24,0,0
"Democratic Republic of Congo","COD",2022,7,30,2022-07-25,2022-07-31,0,0
"Democratic Republic of Congo","COD",2022,8,31,2022-08-01,2022-08-07,0,0
"Democratic Republic of Congo","COD",2022,8,32,2022-08-08,2022-08-14,0,0
"Democratic Republic of Congo","COD",2022,8,33,2022-08-15,2022-08-21,0,0
"Democratic Republic of Congo","COD",2022,8,34,2022-08-22,2022-08-28,0,0
"Democratic Republic of Congo","COD",2022,8,35,2022-08-29,2022-09-04,0,0
"Congo","COG",2013,11,45,2013-11-04,2013-11-10,0,0
"Congo","COG",2013,11,46,2013-11-11,2013-11-17,0,0
"Congo","COG",2013,11,47,2013-11-18,2013-11-24,0,0
"Congo","COG",2013,11,48,2013-11-25,2013-12-01,0,0
"Congo","COG",2013,12,49,2013-12-02,2013-12-08,0,0
"Congo","COG",2013,12,50,2013-12-09,2013-12-15,0,0
"Congo","COG",2013,12,51,2013-12-16,2013-12-22,0,0
"Congo","COG",2013,12,52,2013-12-23,2013-12-29,0,0
"Congo","COG",2014,12,1,2013-12-30,2014-01-05,0,0
"Congo","COG",2014,1,2,2014-01-06,2014-01-12,0,0
"Congo","COG",2014,1,3,2014-01-13,2014-01-19,0,0
"Congo","COG",2014,1,4,2014-01-20,2014-01-26,0,0
"Congo","COG",2014,1,5,2014-01-27,2014-02-02,0,0
"Congo","COG",2014,2,6,2014-02-03,2014-02-09,0,0
"Congo","COG",2014,2,7,2014-02-10,2014-02-16,0,0
"Congo","COG",2014,2,8,2014-02-17,2014-02-23,0,0
"Congo","COG",2014,2,9,2014-02-24,2014-03-02,0,0
"Congo","COG",2014,3,10,2014-03-03,2014-03-09,0,0
"Congo","COG",2014,3,11,2014-03-10,2014-03-16,0,0
"Congo","COG",2014,3,12,2014-03-17,2014-03-23,0,0
"Congo","COG",2014,3,13,2014-03-24,2014-03-30,0,0
"Congo","COG",2014,3,14,2014-03-31,2014-04-06,0,0
"Congo","COG",2014,4,15,2014-04-07,2014-04-13,0,0
"Congo","COG",2014,4,16,2014-04-14,2014-04-20,0,0
"Congo","COG",2014,4,17,2014-04-21,2014-04-27,0,0
"Congo","COG",2014,4,18,2014-04-28,2014-05-04,0,0
"Congo","COG",2014,5,19,2014-05-05,2014-05-11,0,0
"Congo","COG",2014,5,20,2014-05-12,2014-05-18,0,0
"Congo","COG",2014,5,21,2014-05-19,2014-05-25,0,0
"Congo","COG",2014,5,22,2014-05-26,2014-06-01,0,0
"Congo","COG",2014,6,23,2014-06-02,2014-06-08,0,0
"Congo","COG",2014,6,24,2014-06-09,2014-06-15,0,0
"Congo","COG",2014,6,25,2014-06-16,2014-06-22,0,0
"Congo","COG",2014,6,26,2014-06-23,2014-06-29,0,0
"Congo","COG",2014,6,27,2014-06-30,2014-07-06,0,0
"Congo","COG",2014,7,28,2014-07-07,2014-07-13,0,0
"Congo","COG",2014,7,29,2014-07-14,2014-07-20,0,0
"Congo","COG",2014,7,30,2014-07-21,2014-07-27,0,0
"Congo","COG",2014,7,31,2014-07-28,2014-08-03,0,0
"Congo","COG",2014,8,32,2014-08-04,2014-08-10,0,0
"Congo","COG",2014,8,33,2014-08-11,2014-08-17,0,0
"Congo","COG",2014,8,34,2014-08-18,2014-08-24,0,0
"Congo","COG",2014,8,35,2014-08-25,2014-08-31,0,0
"Congo","COG",2014,9,36,2014-09-01,2014-09-07,0,0
"Congo","COG",2014,9,37,2014-09-08,2014-09-14,0,0
"Congo","COG",2014,9,38,2014-09-15,2014-09-21,0,0
"Congo","COG",2014,9,39,2014-09-22,2014-09-28,0,0
"Congo","COG",2014,9,40,2014-09-29,2014-10-05,0,0
"Congo","COG",2014,10,41,2014-10-06,2014-10-12,0,0
"Congo","COG",2014,10,42,2014-10-13,2014-10-19,0,0
"Congo","COG",2014,10,43,2014-10-20,2014-10-26,0,0
"Congo","COG",2014,10,44,2014-10-27,2014-11-02,0,0
"Congo","COG",2014,11,45,2014-11-03,2014-11-09,0,0
"Congo","COG",2014,11,46,2014-11-10,2014-11-16,0,0
"Congo","COG",2014,11,47,2014-11-17,2014-11-23,0,0
"Congo","COG",2014,11,48,2014-11-24,2014-11-30,0,0
"Congo","COG",2014,12,49,2014-12-01,2014-12-07,0,0
"Congo","COG",2014,12,50,2014-12-08,2014-12-14,0,0
"Congo","COG",2014,12,51,2014-12-15,2014-12-21,0,0
"Congo","COG",2014,12,52,2014-12-22,2014-12-28,0,0
"Congo","COG",2015,12,1,2014-12-29,2015-01-04,0,0
"Congo","COG",2015,1,2,2015-01-05,2015-01-11,0,0
"Congo","COG",2015,1,3,2015-01-12,2015-01-18,0,0
"Congo","COG",2015,1,4,2015-01-19,2015-01-25,0,0
"Congo","COG",2015,1,5,2015-01-26,2015-02-01,0,0
"Congo","COG",2015,2,6,2015-02-02,2015-02-08,0,0
"Congo","COG",2015,2,7,2015-02-09,2015-02-15,0,0
"Congo","COG",2015,2,8,2015-02-16,2015-02-22,0,0
"Congo","COG",2015,2,9,2015-02-23,2015-03-01,0,0
"Congo","COG",2015,3,10,2015-03-02,2015-03-08,0,0
"Congo","COG",2015,3,11,2015-03-09,2015-03-15,0,0
"Congo","COG",2015,3,12,2015-03-16,2015-03-22,0,0
"Congo","COG",2015,3,13,2015-03-23,2015-03-29,0,0
"Congo","COG",2015,3,14,2015-03-30,2015-04-05,0,0
"Congo","COG",2015,4,15,2015-04-06,2015-04-12,0,0
"Congo","COG",2015,4,16,2015-04-13,2015-04-19,0,0
"Congo","COG",2015,4,17,2015-04-20,2015-04-26,0,0
"Congo","COG",2015,4,18,2015-04-27,2015-05-03,0,0
"Congo","COG",2015,5,19,2015-05-04,2015-05-10,0,0
"Congo","COG",2015,5,20,2015-05-11,2015-05-17,0,0
"Congo","COG",2015,5,21,2015-05-18,2015-05-24,0,0
"Congo","COG",2015,5,22,2015-05-25,2015-05-31,0,0
"Congo","COG",2015,6,23,2015-06-01,2015-06-07,0,0
"Congo","COG",2015,6,24,2015-06-08,2015-06-14,0,0
"Congo","COG",2015,6,25,2015-06-15,2015-06-21,0,0
"Congo","COG",2015,6,26,2015-06-22,2015-06-28,0,0
"Congo","COG",2015,6,27,2015-06-29,2015-07-05,0,0
"Congo","COG",2015,7,28,2015-07-06,2015-07-12,0,0
"Congo","COG",2015,7,29,2015-07-13,2015-07-19,0,0
"Congo","COG",2015,7,30,2015-07-20,2015-07-26,0,0
"Congo","COG",2015,7,31,2015-07-27,2015-08-02,0,0
"Congo","COG",2015,8,32,2015-08-03,2015-08-09,0,0
"Congo","COG",2015,8,33,2015-08-10,2015-08-16,0,0
"Congo","COG",2015,8,34,2015-08-17,2015-08-23,0,0
"Congo","COG",2015,8,35,2015-08-24,2015-08-30,0,0
"Congo","COG",2015,8,36,2015-08-31,2015-09-06,0,0
"Congo","COG",2015,9,37,2015-09-07,2015-09-13,0,0
"Congo","COG",2015,9,38,2015-09-14,2015-09-20,0,0
"Congo","COG",2015,9,39,2015-09-21,2015-09-27,0,0
"Congo","COG",2015,9,40,2015-09-28,2015-10-04,0,0
"Congo","COG",2015,10,41,2015-10-05,2015-10-11,0,0
"Congo","COG",2015,10,42,2015-10-12,2015-10-18,0,0
"Congo","COG",2015,10,43,2015-10-19,2015-10-25,0,0
"Congo","COG",2015,10,44,2015-10-26,2015-11-01,0,0
"Congo","COG",2015,11,45,2015-11-02,2015-11-08,0,0
"Congo","COG",2015,11,46,2015-11-09,2015-11-15,0,0
"Congo","COG",2015,11,47,2015-11-16,2015-11-22,0,0
"Congo","COG",2015,11,48,2015-11-23,2015-11-29,0,0
"Congo","COG",2015,11,49,2015-11-30,2015-12-06,0,0
"Congo","COG",2015,12,50,2015-12-07,2015-12-13,0,0
"Congo","COG",2015,12,51,2015-12-14,2015-12-20,0,0
"Congo","COG",2015,12,52,2015-12-21,2015-12-27,0,0
"Congo","COG",2015,12,53,2015-12-28,2016-01-03,0,0
"Congo","COG",2016,1,1,2016-01-04,2016-01-10,0,0
"Congo","COG",2016,1,2,2016-01-11,2016-01-17,0,0
"Congo","COG",2016,1,3,2016-01-18,2016-01-24,0,0
"Congo","COG",2016,1,4,2016-01-25,2016-01-31,0,0
"Congo","COG",2016,2,5,2016-02-01,2016-02-07,0,0
"Congo","COG",2016,2,6,2016-02-08,2016-02-14,0,0
"Congo","COG",2016,2,7,2016-02-15,2016-02-21,0,0
"Congo","COG",2016,2,8,2016-02-22,2016-02-28,0,0
"Congo","COG",2016,2,9,2016-02-29,2016-03-06,0,0
"Congo","COG",2016,3,10,2016-03-07,2016-03-13,0,0
"Congo","COG",2016,3,11,2016-03-14,2016-03-20,0,0
"Congo","COG",2016,3,12,2016-03-21,2016-03-27,0,0
"Congo","COG",2016,3,13,2016-03-28,2016-04-03,0,0
"Congo","COG",2016,4,14,2016-04-04,2016-04-10,0,0
"Congo","COG",2016,4,15,2016-04-11,2016-04-17,0,0
"Congo","COG",2016,4,16,2016-04-18,2016-04-24,0,0
"Congo","COG",2016,4,17,2016-04-25,2016-05-01,0,0
"Congo","COG",2016,5,18,2016-05-02,2016-05-08,0,0
"Congo","COG",2016,5,19,2016-05-09,2016-05-15,0,0
"Congo","COG",2016,5,20,2016-05-16,2016-05-22,0,0
"Congo","COG",2016,5,21,2016-05-23,2016-05-29,0,0
"Congo","COG",2016,5,22,2016-05-30,2016-06-05,0,0
"Congo","COG",2016,6,23,2016-06-06,2016-06-12,0,0
"Congo","COG",2016,6,24,2016-06-13,2016-06-19,0,0
"Congo","COG",2016,6,25,2016-06-20,2016-06-26,0,0
"Congo","COG",2016,6,26,2016-06-27,2016-07-03,0,0
"Congo","COG",2016,7,27,2016-07-04,2016-07-10,0,0
"Congo","COG",2016,7,28,2016-07-11,2016-07-17,0,0
"Congo","COG",2016,7,29,2016-07-18,2016-07-24,0,0
"Congo","COG",2016,7,30,2016-07-25,2016-07-31,0,0
"Congo","COG",2016,8,31,2016-08-01,2016-08-07,0,0
"Congo","COG",2016,8,32,2016-08-08,2016-08-14,0,0
"Congo","COG",2016,8,33,2016-08-15,2016-08-21,0,0
"Congo","COG",2016,8,34,2016-08-22,2016-08-28,0,0
"Congo","COG",2016,8,35,2016-08-29,2016-09-04,7,0
"Congo","COG",2016,9,36,2016-09-05,2016-09-11,2,0
"Congo","COG",2016,9,37,2016-09-12,2016-09-18,3,0
"Congo","COG",2016,9,38,2016-09-19,2016-09-25,1,0
"Congo","COG",2016,9,39,2016-09-26,2016-10-02,3,0
"Congo","COG",2016,10,40,2016-10-03,2016-10-09,2,0
"Congo","COG",2016,10,41,2016-10-10,2016-10-16,0,0
"Congo","COG",2016,10,42,2016-10-17,2016-10-23,0,0
"Congo","COG",2016,10,43,2016-10-24,2016-10-30,0,0
"Congo","COG",2016,10,44,2016-10-31,2016-11-06,0,0
"Congo","COG",2016,11,45,2016-11-07,2016-11-13,0,0
"Congo","COG",2016,11,46,2016-11-14,2016-11-20,0,0
"Congo","COG",2016,11,47,2016-11-21,2016-11-27,0,0
"Congo","COG",2016,11,48,2016-11-28,2016-12-04,0,0
"Congo","COG",2016,12,49,2016-12-05,2016-12-11,0,0
"Congo","COG",2016,12,50,2016-12-12,2016-12-18,0,0
"Congo","COG",2016,12,51,2016-12-19,2016-12-25,0,0
"Congo","COG",2016,12,52,2016-12-26,2017-01-01,0,0
"Congo","COG",2017,1,1,2017-01-02,2017-01-08,0,0
"Congo","COG",2017,1,2,2017-01-09,2017-01-15,0,0
"Congo","COG",2017,1,3,2017-01-16,2017-01-22,0,0
"Congo","COG",2017,1,4,2017-01-23,2017-01-29,0,0
"Congo","COG",2017,1,5,2017-01-30,2017-02-05,0,0
"Congo","COG",2017,2,6,2017-02-06,2017-02-12,0,0
"Congo","COG",2017,2,7,2017-02-13,2017-02-19,0,0
"Congo","COG",2017,2,8,2017-02-20,2017-02-26,0,0
"Congo","COG",2017,2,9,2017-02-27,2017-03-05,0,0
"Congo","COG",2017,3,10,2017-03-06,2017-03-12,0,0
"Congo","COG",2017,3,11,2017-03-13,2017-03-19,0,0
"Congo","COG",2017,3,12,2017-03-20,2017-03-26,0,0
"Congo","COG",2017,3,13,2017-03-27,2017-04-02,0,0
"Congo","COG",2017,4,14,2017-04-03,2017-04-09,0,0
"Congo","COG",2017,4,15,2017-04-10,2017-04-16,0,0
"Congo","COG",2017,4,16,2017-04-17,2017-04-23,0,0
"Congo","COG",2017,4,17,2017-04-24,2017-04-30,0,0
"Congo","COG",2017,5,18,2017-05-01,2017-05-07,0,0
"Congo","COG",2017,5,19,2017-05-08,2017-05-14,0,0
"Congo","COG",2017,5,20,2017-05-15,2017-05-21,0,0
"Congo","COG",2017,5,21,2017-05-22,2017-05-28,0,0
"Congo","COG",2017,5,22,2017-05-29,2017-06-04,0,0
"Congo","COG",2017,6,23,2017-06-05,2017-06-11,0,0
"Congo","COG",2017,6,24,2017-06-12,2017-06-18,0,0
"Congo","COG",2017,6,25,2017-06-19,2017-06-25,0,0
"Congo","COG",2017,6,26,2017-06-26,2017-07-02,0,0
"Congo","COG",2017,7,27,2017-07-03,2017-07-09,0,0
"Congo","COG",2017,7,28,2017-07-10,2017-07-16,0,0
"Congo","COG",2017,7,29,2017-07-17,2017-07-23,0,0
"Congo","COG",2017,7,30,2017-07-24,2017-07-30,0,0
"Congo","COG",2017,7,31,2017-07-31,2017-08-06,0,0
"Congo","COG",2017,8,32,2017-08-07,2017-08-13,0,0
"Congo","COG",2017,8,33,2017-08-14,2017-08-20,0,0
"Congo","COG",2017,8,34,2017-08-21,2017-08-27,0,0
"Congo","COG",2017,8,35,2017-08-28,2017-09-03,0,0
"Congo","COG",2017,9,36,2017-09-04,2017-09-10,0,0
"Congo","COG",2017,9,37,2017-09-11,2017-09-17,0,0
"Congo","COG",2017,9,38,2017-09-18,2017-09-24,0,0
"Congo","COG",2017,9,39,2017-09-25,2017-10-01,0,0
"Congo","COG",2017,10,40,2017-10-02,2017-10-08,0,0
"Congo","COG",2017,10,41,2017-10-09,2017-10-15,0,0
"Congo","COG",2017,10,42,2017-10-16,2017-10-22,0,0
"Congo","COG",2017,10,43,2017-10-23,2017-10-29,0,0
"Congo","COG",2017,10,44,2017-10-30,2017-11-05,0,0
"Congo","COG",2017,11,45,2017-11-06,2017-11-12,0,0
"Congo","COG",2017,11,46,2017-11-13,2017-11-19,0,0
"Congo","COG",2017,11,47,2017-11-20,2017-11-26,0,0
"Congo","COG",2017,11,48,2017-11-27,2017-12-03,0,0
"Congo","COG",2017,12,49,2017-12-04,2017-12-10,0,0
"Congo","COG",2017,12,50,2017-12-11,2017-12-17,0,0
"Congo","COG",2017,12,51,2017-12-18,2017-12-24,0,0
"Congo","COG",2017,12,52,2017-12-25,2017-12-31,0,0
"Congo","COG",2018,1,1,2018-01-01,2018-01-07,6,0
"Congo","COG",2018,1,2,2018-01-08,2018-01-14,11,0
"Congo","COG",2018,1,3,2018-01-15,2018-01-21,3,0
"Congo","COG",2018,1,4,2018-01-22,2018-01-28,3.5,0
"Congo","COG",2018,1,5,2018-01-29,2018-02-04,0.5,0
"Congo","COG",2018,2,6,2018-02-05,2018-02-11,0.5,0
"Congo","COG",2018,2,7,2018-02-12,2018-02-18,1.5,0
"Congo","COG",2018,2,8,2018-02-19,2018-02-25,0,0
"Congo","COG",2018,2,9,2018-02-26,2018-03-04,0,0
"Congo","COG",2018,3,10,2018-03-05,2018-03-11,0,0
"Congo","COG",2018,3,11,2018-03-12,2018-03-18,6,0
"Congo","COG",2018,3,12,2018-03-19,2018-03-25,11,0
"Congo","COG",2018,3,13,2018-03-26,2018-04-01,3,0
"Congo","COG",2018,4,14,2018-04-02,2018-04-08,3.5,0
"Congo","COG",2018,4,15,2018-04-09,2018-04-15,1,0
"Congo","COG",2018,4,16,2018-04-16,2018-04-22,3,0
"Congo","COG",2018,4,17,2018-04-23,2018-04-29,1.5,0
"Congo","COG",2018,4,18,2018-04-30,2018-05-06,0.5,0
"Congo","COG",2018,5,19,2018-05-07,2018-05-13,2,0
"Congo","COG",2018,5,20,2018-05-14,2018-05-20,0,0
"Congo","COG",2018,5,21,2018-05-21,2018-05-27,0,0
"Congo","COG",2018,5,22,2018-05-28,2018-06-03,0,0
"Congo","COG",2018,6,23,2018-06-04,2018-06-10,0,0
"Congo","COG",2018,6,24,2018-06-11,2018-06-17,0,0
"Congo","COG",2018,6,25,2018-06-18,2018-06-24,0.5,0
"Congo","COG",2018,6,26,2018-06-25,2018-07-01,2.5,0
"Congo","COG",2018,7,27,2018-07-02,2018-07-08,0,0
"Congo","COG",2018,7,28,2018-07-09,2018-07-15,1,0
"Congo","COG",2018,7,29,2018-07-16,2018-07-22,3.5,0
"Congo","COG",2018,7,30,2018-07-23,2018-07-29,0,0
"Congo","COG",2018,7,31,2018-07-30,2018-08-05,0,0
"Congo","COG",2018,8,32,2018-08-06,2018-08-12,0,0
"Congo","COG",2018,8,33,2018-08-13,2018-08-19,0,0
"Congo","COG",2018,8,34,2018-08-20,2018-08-26,0,0
"Congo","COG",2018,8,35,2018-08-27,2018-09-02,0,0
"Congo","COG",2018,9,36,2018-09-03,2018-09-09,0,0
"Congo","COG",2018,9,37,2018-09-10,2018-09-16,0,0
"Congo","COG",2018,9,38,2018-09-17,2018-09-23,1,0
"Congo","COG",2018,9,39,2018-09-24,2018-09-30,3,0
"Congo","COG",2018,10,40,2018-10-01,2018-10-07,0,0
"Congo","COG",2018,10,41,2018-10-08,2018-10-14,0,0
"Congo","COG",2018,10,42,2018-10-15,2018-10-21,0,0
"Congo","COG",2018,10,43,2018-10-22,2018-10-28,0,0
"Congo","COG",2018,10,44,2018-10-29,2018-11-04,0,0
"Congo","COG",2018,11,45,2018-11-05,2018-11-11,0,0
"Congo","COG",2018,11,46,2018-11-12,2018-11-18,0,0
"Congo","COG",2018,11,47,2018-11-19,2018-11-25,0,0
"Congo","COG",2018,11,48,2018-11-26,2018-12-02,0,0
"Congo","COG",2018,12,49,2018-12-03,2018-12-09,0,0
"Congo","COG",2018,12,50,2018-12-10,2018-12-16,0,0
"Congo","COG",2018,12,51,2018-12-17,2018-12-23,0,0
"Congo","COG",2018,12,52,2018-12-24,2018-12-30,0,0
"Congo","COG",2019,12,1,2018-12-31,2019-01-06,0,0
"Congo","COG",2019,1,2,2019-01-07,2019-01-13,0,0
"Congo","COG",2019,1,3,2019-01-14,2019-01-20,0,0
"Congo","COG",2019,1,4,2019-01-21,2019-01-27,0,0
"Congo","COG",2019,1,5,2019-01-28,2019-02-03,0,0
"Congo","COG",2019,2,6,2019-02-04,2019-02-10,0,0
"Congo","COG",2019,2,7,2019-02-11,2019-02-17,0,0
"Congo","COG",2019,2,8,2019-02-18,2019-02-24,0,0
"Congo","COG",2019,2,9,2019-02-25,2019-03-03,0,0
"Congo","COG",2019,3,10,2019-03-04,2019-03-10,0,0
"Congo","COG",2019,3,11,2019-03-11,2019-03-17,0,0
"Congo","COG",2019,3,12,2019-03-18,2019-03-24,0,0
"Congo","COG",2019,3,13,2019-03-25,2019-03-31,0,0
"Congo","COG",2019,4,14,2019-04-01,2019-04-07,0,0
"Congo","COG",2019,4,15,2019-04-08,2019-04-14,0,0
"Congo","COG",2019,4,16,2019-04-15,2019-04-21,0,0
"Congo","COG",2019,4,17,2019-04-22,2019-04-28,0,0
"Congo","COG",2019,4,18,2019-04-29,2019-05-05,0,0
"Congo","COG",2019,5,19,2019-05-06,2019-05-12,0,0
"Congo","COG",2019,5,20,2019-05-13,2019-05-19,0,0
"Congo","COG",2019,5,21,2019-05-20,2019-05-26,0,0
"Congo","COG",2019,5,22,2019-05-27,2019-06-02,0,0
"Congo","COG",2019,6,23,2019-06-03,2019-06-09,0,0
"Congo","COG",2019,6,24,2019-06-10,2019-06-16,0,0
"Congo","COG",2019,6,25,2019-06-17,2019-06-23,0,0
"Congo","COG",2019,6,26,2019-06-24,2019-06-30,0,0
"Congo","COG",2019,7,27,2019-07-01,2019-07-07,0,0
"Congo","COG",2019,7,28,2019-07-08,2019-07-14,0,0
"Congo","COG",2019,7,29,2019-07-15,2019-07-21,0,0
"Congo","COG",2019,7,30,2019-07-22,2019-07-28,0,0
"Congo","COG",2019,7,31,2019-07-29,2019-08-04,0,0
"Congo","COG",2019,8,32,2019-08-05,2019-08-11,0,0
"Congo","COG",2019,8,33,2019-08-12,2019-08-18,0,0
"Congo","COG",2019,8,34,2019-08-19,2019-08-25,0,0
"Congo","COG",2019,8,35,2019-08-26,2019-09-01,0,0
"Congo","COG",2019,9,36,2019-09-02,2019-09-08,0,0
"Congo","COG",2019,9,37,2019-09-09,2019-09-15,0,0
"Congo","COG",2019,9,38,2019-09-16,2019-09-22,0,0
"Congo","COG",2019,9,39,2019-09-23,2019-09-29,0,0
"Congo","COG",2019,9,40,2019-09-30,2019-10-06,0,0
"Congo","COG",2019,10,41,2019-10-07,2019-10-13,0,0
"Congo","COG",2019,10,42,2019-10-14,2019-10-20,0,0
"Congo","COG",2019,10,43,2019-10-21,2019-10-27,33.5,0
"Congo","COG",2019,10,44,2019-10-28,2019-11-03,0,0
"Congo","COG",2019,11,45,2019-11-04,2019-11-10,0,0
"Congo","COG",2019,11,46,2019-11-11,2019-11-17,0,0
"Congo","COG",2019,11,47,2019-11-18,2019-11-24,0,0
"Congo","COG",2019,11,48,2019-11-25,2019-12-01,0,0
"Congo","COG",2019,12,49,2019-12-02,2019-12-08,0,0
"Congo","COG",2019,12,50,2019-12-09,2019-12-15,0,0
"Congo","COG",2019,12,51,2019-12-16,2019-12-22,0,0
"Congo","COG",2019,12,52,2019-12-23,2019-12-29,0,0
"Congo","COG",2020,12,1,2019-12-30,2020-01-05,0,0
"Congo","COG",2020,1,2,2020-01-06,2020-01-12,0,0
"Congo","COG",2020,1,3,2020-01-13,2020-01-19,0,0
"Congo","COG",2020,1,4,2020-01-20,2020-01-26,0,0
"Congo","COG",2020,1,5,2020-01-27,2020-02-02,0,0
"Congo","COG",2020,2,6,2020-02-03,2020-02-09,0,0
"Congo","COG",2020,2,7,2020-02-10,2020-02-16,0,0
"Congo","COG",2020,2,8,2020-02-17,2020-02-23,0,0
"Congo","COG",2020,2,9,2020-02-24,2020-03-01,0,0
"Congo","COG",2020,3,10,2020-03-02,2020-03-08,0,0
"Congo","COG",2020,3,11,2020-03-09,2020-03-15,0,0
"Congo","COG",2020,3,12,2020-03-16,2020-03-22,0,0
"Congo","COG",2020,3,13,2020-03-23,2020-03-29,0,0
"Congo","COG",2020,3,14,2020-03-30,2020-04-05,0,0
"Congo","COG",2020,4,15,2020-04-06,2020-04-12,0,0
"Congo","COG",2020,4,16,2020-04-13,2020-04-19,0,0
"Congo","COG",2020,4,17,2020-04-20,2020-04-26,0,0
"Congo","COG",2020,4,18,2020-04-27,2020-05-03,0,0
"Congo","COG",2020,5,19,2020-05-04,2020-05-10,0,0
"Congo","COG",2020,5,20,2020-05-11,2020-05-17,0,0
"Congo","COG",2020,5,21,2020-05-18,2020-05-24,0,0
"Congo","COG",2020,5,22,2020-05-25,2020-05-31,0,0
"Congo","COG",2020,6,23,2020-06-01,2020-06-07,0,0
"Congo","COG",2020,6,24,2020-06-08,2020-06-14,0,0
"Congo","COG",2020,6,25,2020-06-15,2020-06-21,0,0
"Congo","COG",2020,6,26,2020-06-22,2020-06-28,0,0
"Congo","COG",2020,6,27,2020-06-29,2020-07-05,0,0
"Congo","COG",2020,7,28,2020-07-06,2020-07-12,0,0
"Congo","COG",2020,7,29,2020-07-13,2020-07-19,0,0
"Congo","COG",2020,7,30,2020-07-20,2020-07-26,0,0
"Congo","COG",2020,7,31,2020-07-27,2020-08-02,0,0
"Congo","COG",2020,8,32,2020-08-03,2020-08-09,0,0
"Congo","COG",2020,8,33,2020-08-10,2020-08-16,0,0
"Congo","COG",2020,8,34,2020-08-17,2020-08-23,0,0
"Congo","COG",2020,8,35,2020-08-24,2020-08-30,0,0
"Congo","COG",2020,8,36,2020-08-31,2020-09-06,0,0
"Congo","COG",2020,9,37,2020-09-07,2020-09-13,0,0
"Congo","COG",2020,9,38,2020-09-14,2020-09-20,0,0
"Congo","COG",2020,9,39,2020-09-21,2020-09-27,0,0
"Congo","COG",2020,9,40,2020-09-28,2020-10-04,0,0
"Congo","COG",2020,10,41,2020-10-05,2020-10-11,0,0
"Congo","COG",2020,10,42,2020-10-12,2020-10-18,0,0
"Congo","COG",2020,10,43,2020-10-19,2020-10-25,0,0
"Congo","COG",2020,10,44,2020-10-26,2020-11-01,0,0
"Congo","COG",2020,11,45,2020-11-02,2020-11-08,0,0
"Congo","COG",2020,11,46,2020-11-09,2020-11-15,0,0
"Congo","COG",2020,11,47,2020-11-16,2020-11-22,0,0
"Congo","COG",2020,11,48,2020-11-23,2020-11-29,0,0
"Congo","COG",2020,11,49,2020-11-30,2020-12-06,0,0
"Congo","COG",2020,12,50,2020-12-07,2020-12-13,0,0
"Congo","COG",2020,12,51,2020-12-14,2020-12-20,0,0
"Congo","COG",2020,12,52,2020-12-21,2020-12-27,0,0
"Congo","COG",2020,12,53,2020-12-28,2021-01-03,0,0
"Congo","COG",2021,1,1,2021-01-04,2021-01-10,0,0
"Congo","COG",2021,1,2,2021-01-11,2021-01-17,0,0
"Congo","COG",2021,1,3,2021-01-18,2021-01-24,0,0
"Congo","COG",2021,1,4,2021-01-25,2021-01-31,0,0
"Congo","COG",2021,2,5,2021-02-01,2021-02-07,0,0
"Congo","COG",2021,2,6,2021-02-08,2021-02-14,0,0
"Congo","COG",2021,2,7,2021-02-15,2021-02-21,0,0
"Congo","COG",2021,2,8,2021-02-22,2021-02-28,0,0
"Ethiopia","ETH",2015,6,27,2015-06-29,2015-07-05,0,0
"Ethiopia","ETH",2015,7,28,2015-07-06,2015-07-12,0,0
"Ethiopia","ETH",2015,7,29,2015-07-13,2015-07-19,0,0
"Ethiopia","ETH",2015,7,30,2015-07-20,2015-07-26,0,0
"Ethiopia","ETH",2015,7,31,2015-07-27,2015-08-02,0,0
"Ethiopia","ETH",2015,8,32,2015-08-03,2015-08-09,0,0
"Ethiopia","ETH",2015,8,33,2015-08-10,2015-08-16,0,0
"Ethiopia","ETH",2015,8,34,2015-08-17,2015-08-23,0,0
"Ethiopia","ETH",2015,8,35,2015-08-24,2015-08-30,3,0
"Ethiopia","ETH",2015,8,36,2015-08-31,2015-09-06,0,0
"Ethiopia","ETH",2015,9,37,2015-09-07,2015-09-13,0,0
"Ethiopia","ETH",2015,9,38,2015-09-14,2015-09-20,0,0
"Ethiopia","ETH",2015,9,39,2015-09-21,2015-09-27,0,0
"Ethiopia","ETH",2015,9,40,2015-09-28,2015-10-04,0,0
"Ethiopia","ETH",2015,10,41,2015-10-05,2015-10-11,0,0
"Ethiopia","ETH",2015,10,42,2015-10-12,2015-10-18,0,0
"Ethiopia","ETH",2015,10,43,2015-10-19,2015-10-25,0,0
"Ethiopia","ETH",2015,10,44,2015-10-26,2015-11-01,0,0
"Ethiopia","ETH",2015,11,45,2015-11-02,2015-11-08,0,0
"Ethiopia","ETH",2015,11,46,2015-11-09,2015-11-15,0,0
"Ethiopia","ETH",2015,11,47,2015-11-16,2015-11-22,25,0
"Ethiopia","ETH",2015,11,48,2015-11-23,2015-11-29,38,0
"Ethiopia","ETH",2015,11,49,2015-11-30,2015-12-06,88,0
"Ethiopia","ETH",2015,12,50,2015-12-07,2015-12-13,38,0
"Ethiopia","ETH",2015,12,51,2015-12-14,2015-12-20,0,0
"Ethiopia","ETH",2015,12,52,2015-12-21,2015-12-27,0,0
"Ethiopia","ETH",2015,12,53,2015-12-28,2016-01-03,0,0
"Ethiopia","ETH",2016,1,1,2016-01-04,2016-01-10,13,0
"Ethiopia","ETH",2016,1,2,2016-01-11,2016-01-17,13,0
"Ethiopia","ETH",2016,1,3,2016-01-18,2016-01-24,13,0
"Ethiopia","ETH",2016,1,4,2016-01-25,2016-01-31,13,0
"Ethiopia","ETH",2016,2,5,2016-02-01,2016-02-07,63,0
"Ethiopia","ETH",2016,2,6,2016-02-08,2016-02-14,38,0
"Ethiopia","ETH",2016,2,7,2016-02-15,2016-02-21,25,0
"Ethiopia","ETH",2016,2,8,2016-02-22,2016-02-28,50,0
"Ethiopia","ETH",2016,2,9,2016-02-29,2016-03-06,126,0
"Ethiopia","ETH",2016,3,10,2016-03-07,2016-03-13,327,0
"Ethiopia","ETH",2016,3,11,2016-03-14,2016-03-20,138,0
"Ethiopia","ETH",2016,3,12,2016-03-21,2016-03-27,126,0
"Ethiopia","ETH",2016,3,13,2016-03-28,2016-04-03,75,0
"Ethiopia","ETH",2016,4,14,2016-04-04,2016-04-10,88,0
"Ethiopia","ETH",2016,4,15,2016-04-11,2016-04-17,50,0
"Ethiopia","ETH",2016,4,16,2016-04-18,2016-04-24,63,0
"Ethiopia","ETH",2016,4,17,2016-04-25,2016-05-01,38,0
"Ethiopia","ETH",2016,5,18,2016-05-02,2016-05-08,113,0
"Ethiopia","ETH",2016,5,19,2016-05-09,2016-05-15,176,0
"Ethiopia","ETH",2016,5,20,2016-05-16,2016-05-22,327,0
"Ethiopia","ETH",2016,5,21,2016-05-23,2016-05-29,151,0
"Ethiopia","ETH",2016,5,22,2016-05-30,2016-06-05,88,0
"Ethiopia","ETH",2016,6,23,2016-06-06,2016-06-12,101,0
"Ethiopia","ETH",2016,6,24,2016-06-13,2016-06-19,314,0
"Ethiopia","ETH",2016,6,25,2016-06-20,2016-06-26,779,0
"Ethiopia","ETH",2016,6,26,2016-06-27,2016-07-03,666,0
"Ethiopia","ETH",2016,7,27,2016-07-04,2016-07-10,1206,0
"Ethiopia","ETH",2016,7,28,2016-07-11,2016-07-17,1131,0
"Ethiopia","ETH",2016,7,29,2016-07-18,2016-07-24,1669,0
"Ethiopia","ETH",2016,7,30,2016-07-25,2016-07-31,1445,0
"Ethiopia","ETH",2016,8,31,2016-08-01,2016-08-07,1450,0
"Ethiopia","ETH",2016,8,32,2016-08-08,2016-08-14,1570,0
"Ethiopia","ETH",2016,8,33,2016-08-15,2016-08-21,2203,0
"Ethiopia","ETH",2016,8,34,2016-08-22,2016-08-28,1269,0
"Ethiopia","ETH",2016,8,35,2016-08-29,2016-09-04,1143,0
"Ethiopia","ETH",2016,9,36,2016-09-05,2016-09-11,1525,0
"Ethiopia","ETH",2016,9,37,2016-09-12,2016-09-18,1344,0
"Ethiopia","ETH",2016,9,38,2016-09-19,2016-09-25,1231,0
"Ethiopia","ETH",2016,9,39,2016-09-26,2016-10-02,1030,0
"Ethiopia","ETH",2016,10,40,2016-10-03,2016-10-09,955,0
"Ethiopia","ETH",2016,10,41,2016-10-10,2016-10-16,992,0
"Ethiopia","ETH",2016,10,42,2016-10-17,2016-10-23,1055,0
"Ethiopia","ETH",2016,10,43,2016-10-24,2016-10-30,1080,0
"Ethiopia","ETH",2016,10,44,2016-10-31,2016-11-06,704,0
"Ethiopia","ETH",2016,11,45,2016-11-07,2016-11-13,477,0
"Ethiopia","ETH",2016,11,46,2016-11-14,2016-11-20,226,0
"Ethiopia","ETH",2016,11,47,2016-11-21,2016-11-27,264,0
"Ethiopia","ETH",2016,11,48,2016-11-28,2016-12-04,214,0
"Ethiopia","ETH",2016,12,49,2016-12-05,2016-12-11,264,0
"Ethiopia","ETH",2016,12,50,2016-12-12,2016-12-18,339,0
"Ethiopia","ETH",2016,12,51,2016-12-19,2016-12-25,251,0
"Ethiopia","ETH",2016,12,52,2016-12-26,2017-01-01,151,0
"Ethiopia","ETH",2017,1,1,2017-01-02,2017-01-08,314,0
"Ethiopia","ETH",2017,1,2,2017-01-09,2017-01-15,176,0
"Ethiopia","ETH",2017,1,3,2017-01-16,2017-01-22,151,0
"Ethiopia","ETH",2017,1,4,2017-01-23,2017-01-29,126,0
"Ethiopia","ETH",2017,1,5,2017-01-30,2017-02-05,339,0
"Ethiopia","ETH",2017,2,6,2017-02-06,2017-02-12,239,0
"Ethiopia","ETH",2017,2,7,2017-02-13,2017-02-19,503,0
"Ethiopia","ETH",2017,2,8,2017-02-20,2017-02-26,440,0
"Ethiopia","ETH",2017,2,9,2017-02-27,2017-03-05,503,0
"Ethiopia","ETH",2017,3,10,2017-03-06,2017-03-12,515,0
"Ethiopia","ETH",2017,3,11,2017-03-13,2017-03-19,678,0
"Ethiopia","ETH",2017,3,12,2017-03-20,2017-03-26,3177.66666666667,0
"Ethiopia","ETH",2017,3,13,2017-03-27,2017-04-02,2907.66666666667,0
"Ethiopia","ETH",2017,4,14,2017-04-03,2017-04-09,2213,0
"Ethiopia","ETH",2017,4,15,2017-04-10,2017-04-16,113,0
"Ethiopia","ETH",2017,4,16,2017-04-17,2017-04-23,50,0
"Ethiopia","ETH",2017,4,17,2017-04-24,2017-04-30,13,0
"Ethiopia","ETH",2017,5,18,2017-05-01,2017-05-07,63,0
"Ethiopia","ETH",2017,5,19,2017-05-08,2017-05-14,50,0
"Ethiopia","ETH",2017,5,20,2017-05-15,2017-05-21,63,0
"Ethiopia","ETH",2017,5,21,2017-05-22,2017-05-28,38,0
"Ethiopia","ETH",2017,5,22,2017-05-29,2017-06-04,239,0
"Ethiopia","ETH",2017,6,23,2017-06-05,2017-06-11,251,0
"Ethiopia","ETH",2017,6,24,2017-06-12,2017-06-18,63,0
"Ethiopia","ETH",2017,6,25,2017-06-19,2017-06-25,528,0
"Ethiopia","ETH",2017,6,26,2017-06-26,2017-07-02,265.5,0
"Ethiopia","ETH",2017,7,27,2017-07-03,2017-07-09,275,0
"Ethiopia","ETH",2017,7,28,2017-07-10,2017-07-16,331,0
"Ethiopia","ETH",2017,7,29,2017-07-17,2017-07-23,190,0
"Ethiopia","ETH",2017,7,30,2017-07-24,2017-07-30,0,0
"Ethiopia","ETH",2017,7,31,2017-07-31,2017-08-06,491,0
"Ethiopia","ETH",2017,8,32,2017-08-07,2017-08-13,0,0
"Ethiopia","ETH",2017,8,33,2017-08-14,2017-08-20,0,0
"Ethiopia","ETH",2017,8,34,2017-08-21,2017-08-27,803,0
"Ethiopia","ETH",2017,8,35,2017-08-28,2017-09-03,0,0
"Ethiopia","ETH",2017,9,36,2017-09-04,2017-09-10,0,0
"Ethiopia","ETH",2017,9,37,2017-09-11,2017-09-17,576,0
"Ethiopia","ETH",2017,9,38,2017-09-18,2017-09-24,405,0
"Ethiopia","ETH",2017,9,39,2017-09-25,2017-10-01,0,0
"Ethiopia","ETH",2017,10,40,2017-10-02,2017-10-08,0,0
"Ethiopia","ETH",2017,10,41,2017-10-09,2017-10-15,521,0
"Ethiopia","ETH",2017,10,42,2017-10-16,2017-10-22,333.5,0
"Ethiopia","ETH",2017,10,43,2017-10-23,2017-10-29,0,0
"Ethiopia","ETH",2017,10,44,2017-10-30,2017-11-05,285,0
"Ethiopia","ETH",2017,11,45,2017-11-06,2017-11-12,0,0
"Ethiopia","ETH",2017,11,46,2017-11-13,2017-11-19,0,0
"Ethiopia","ETH",2017,11,47,2017-11-20,2017-11-26,0,0
"Ethiopia","ETH",2017,11,48,2017-11-27,2017-12-03,61,0
"Ethiopia","ETH",2017,12,49,2017-12-04,2017-12-10,0,0
"Ethiopia","ETH",2017,12,50,2017-12-11,2017-12-17,0,0
"Ethiopia","ETH",2017,12,51,2017-12-18,2017-12-24,0,0
"Ethiopia","ETH",2017,12,52,2017-12-25,2017-12-31,0,0
"Ethiopia","ETH",2018,1,1,2018-01-01,2018-01-07,0,0
"Ethiopia","ETH",2018,1,2,2018-01-08,2018-01-14,0,0
"Ethiopia","ETH",2018,1,3,2018-01-15,2018-01-21,0,0
"Ethiopia","ETH",2018,1,4,2018-01-22,2018-01-28,0,0
"Ethiopia","ETH",2018,1,5,2018-01-29,2018-02-04,0,0
"Ethiopia","ETH",2018,2,6,2018-02-05,2018-02-11,0,0
"Ethiopia","ETH",2018,2,7,2018-02-12,2018-02-18,0,0
"Ethiopia","ETH",2018,2,8,2018-02-19,2018-02-25,0,0
"Ethiopia","ETH",2018,2,9,2018-02-26,2018-03-04,0,0
"Ethiopia","ETH",2018,3,10,2018-03-05,2018-03-11,0,0
"Ethiopia","ETH",2018,3,11,2018-03-12,2018-03-18,0,0
"Ethiopia","ETH",2018,3,12,2018-03-19,2018-03-25,13,0
"Ethiopia","ETH",2018,3,13,2018-03-26,2018-04-01,4,0
"Ethiopia","ETH",2018,4,14,2018-04-02,2018-04-08,0,0
"Ethiopia","ETH",2018,4,15,2018-04-09,2018-04-15,0,0
"Ethiopia","ETH",2018,4,16,2018-04-16,2018-04-22,0,0
"Ethiopia","ETH",2018,4,17,2018-04-23,2018-04-29,0,0
"Ethiopia","ETH",2018,4,18,2018-04-30,2018-05-06,0,0
"Ethiopia","ETH",2018,5,19,2018-05-07,2018-05-13,0,0
"Ethiopia","ETH",2018,5,20,2018-05-14,2018-05-20,0,0
"Ethiopia","ETH",2018,5,21,2018-05-21,2018-05-27,28,0
"Ethiopia","ETH",2018,5,22,2018-05-28,2018-06-03,0,0
"Ethiopia","ETH",2018,6,23,2018-06-04,2018-06-10,0,0
"Ethiopia","ETH",2018,6,24,2018-06-11,2018-06-17,0,0
"Ethiopia","ETH",2018,6,25,2018-06-18,2018-06-24,0,0
"Ethiopia","ETH",2018,6,26,2018-06-25,2018-07-01,0,0
"Ethiopia","ETH",2018,7,27,2018-07-02,2018-07-08,0,0
"Ethiopia","ETH",2018,7,28,2018-07-09,2018-07-15,0,0
"Ethiopia","ETH",2018,7,29,2018-07-16,2018-07-22,0,0
"Ethiopia","ETH",2018,7,30,2018-07-23,2018-07-29,46,0
"Ethiopia","ETH",2018,7,31,2018-07-30,2018-08-05,0,0
"Ethiopia","ETH",2018,8,32,2018-08-06,2018-08-12,0,0
"Ethiopia","ETH",2018,8,33,2018-08-13,2018-08-19,0,0
"Ethiopia","ETH",2018,8,34,2018-08-20,2018-08-26,0,0
"Ethiopia","ETH",2018,8,35,2018-08-27,2018-09-02,0,0
"Ethiopia","ETH",2018,9,36,2018-09-03,2018-09-09,0,0
"Ethiopia","ETH",2018,9,37,2018-09-10,2018-09-16,0,0
"Ethiopia","ETH",2018,9,38,2018-09-17,2018-09-23,0,0
"Ethiopia","ETH",2018,9,39,2018-09-24,2018-09-30,0,0
"Ethiopia","ETH",2018,10,40,2018-10-01,2018-10-07,0,0
"Ethiopia","ETH",2018,10,41,2018-10-08,2018-10-14,48,0
"Ethiopia","ETH",2018,10,42,2018-10-15,2018-10-21,0,0
"Ethiopia","ETH",2018,10,43,2018-10-22,2018-10-28,0,0
"Ethiopia","ETH",2018,10,44,2018-10-29,2018-11-04,0,0
"Ethiopia","ETH",2018,11,45,2018-11-05,2018-11-11,0,0
"Ethiopia","ETH",2018,11,46,2018-11-12,2018-11-18,0,0
"Ethiopia","ETH",2018,11,47,2018-11-19,2018-11-25,0,0
"Ethiopia","ETH",2018,11,48,2018-11-26,2018-12-02,0,0
"Ethiopia","ETH",2018,12,49,2018-12-03,2018-12-09,0,0
"Ghana","GHA",2014,1,3,2014-01-13,2014-01-19,0,0
"Ghana","GHA",2014,1,4,2014-01-20,2014-01-26,0,0
"Ghana","GHA",2014,1,5,2014-01-27,2014-02-02,0,0
"Ghana","GHA",2014,2,6,2014-02-03,2014-02-09,0,0
"Ghana","GHA",2014,2,7,2014-02-10,2014-02-16,0,0
"Ghana","GHA",2014,2,8,2014-02-17,2014-02-23,0,0
"Ghana","GHA",2014,2,9,2014-02-24,2014-03-02,0,0
"Ghana","GHA",2014,3,10,2014-03-03,2014-03-09,0,0
"Ghana","GHA",2014,3,11,2014-03-10,2014-03-16,0,0
"Ghana","GHA",2014,3,12,2014-03-17,2014-03-23,0,0
"Ghana","GHA",2014,3,13,2014-03-24,2014-03-30,0,0
"Ghana","GHA",2014,3,14,2014-03-31,2014-04-06,0,0
"Ghana","GHA",2014,4,15,2014-04-07,2014-04-13,0,0
"Ghana","GHA",2014,4,16,2014-04-14,2014-04-20,0,0
"Ghana","GHA",2014,4,17,2014-04-21,2014-04-27,0,0
"Ghana","GHA",2014,4,18,2014-04-28,2014-05-04,0,0
"Ghana","GHA",2014,5,19,2014-05-05,2014-05-11,2,0
"Ghana","GHA",2014,5,20,2014-05-12,2014-05-18,0,0
"Ghana","GHA",2014,5,21,2014-05-19,2014-05-25,0,0
"Ghana","GHA",2014,5,22,2014-05-26,2014-06-01,0,0
"Ghana","GHA",2014,6,23,2014-06-02,2014-06-08,0,0
"Ghana","GHA",2014,6,24,2014-06-09,2014-06-15,6,0
"Ghana","GHA",2014,6,25,2014-06-16,2014-06-22,3,0
"Ghana","GHA",2014,6,26,2014-06-23,2014-06-29,17,0
"Ghana","GHA",2014,6,27,2014-06-30,2014-07-06,36,0
"Ghana","GHA",2014,7,28,2014-07-07,2014-07-13,35,0
"Ghana","GHA",2014,7,29,2014-07-14,2014-07-20,273,0
"Ghana","GHA",2014,7,30,2014-07-21,2014-07-27,491,0
"Ghana","GHA",2014,7,31,2014-07-28,2014-08-03,1100,0
"Ghana","GHA",2014,8,32,2014-08-04,2014-08-10,2150,0
"Ghana","GHA",2014,8,33,2014-08-11,2014-08-17,2013,0
"Ghana","GHA",2014,8,34,2014-08-18,2014-08-24,2558,0
"Ghana","GHA",2014,8,35,2014-08-25,2014-08-31,2897,0
"Ghana","GHA",2014,9,36,2014-09-01,2014-09-07,2647,0
"Ghana","GHA",2014,9,37,2014-09-08,2014-09-14,2488,0
"Ghana","GHA",2014,9,38,2014-09-15,2014-09-21,1877,0
"Ghana","GHA",2014,9,39,2014-09-22,2014-09-28,1952,0
"Ghana","GHA",2014,9,40,2014-09-29,2014-10-05,1965,0
"Ghana","GHA",2014,10,41,2014-10-06,2014-10-12,1557,0
"Ghana","GHA",2014,10,42,2014-10-13,2014-10-19,1254,0
"Ghana","GHA",2014,10,43,2014-10-20,2014-10-26,1456,0
"Ghana","GHA",2014,10,44,2014-10-27,2014-11-02,1009,0
"Ghana","GHA",2014,11,45,2014-11-03,2014-11-09,661,0
"Ghana","GHA",2014,11,46,2014-11-10,2014-11-16,426,0
"Ghana","GHA",2014,11,47,2014-11-17,2014-11-23,414,0
"Ghana","GHA",2014,11,48,2014-11-24,2014-11-30,318,0
"Ghana","GHA",2014,12,49,2014-12-01,2014-12-07,104,0
"Ghana","GHA",2014,12,50,2014-12-08,2014-12-14,0,0
"Ghana","GHA",2014,12,51,2014-12-15,2014-12-21,0,0
"Ghana","GHA",2014,12,52,2014-12-22,2014-12-28,0,0
"Ghana","GHA",2015,12,1,2014-12-29,2015-01-04,0,0
"Ghana","GHA",2015,1,2,2015-01-05,2015-01-11,0,0
"Ghana","GHA",2015,1,3,2015-01-12,2015-01-18,0,0
"Ghana","GHA",2015,1,4,2015-01-19,2015-01-25,0,0
"Ghana","GHA",2015,1,5,2015-01-26,2015-02-01,0,0
"Ghana","GHA",2015,2,6,2015-02-02,2015-02-08,0,0
"Ghana","GHA",2015,2,7,2015-02-09,2015-02-15,0,0
"Ghana","GHA",2015,2,8,2015-02-16,2015-02-22,0,0
"Ghana","GHA",2015,2,9,2015-02-23,2015-03-01,0,0
"Ghana","GHA",2015,3,10,2015-03-02,2015-03-08,0,0
"Ghana","GHA",2015,3,11,2015-03-09,2015-03-15,0,0
"Ghana","GHA",2015,3,12,2015-03-16,2015-03-22,0,0
"Ghana","GHA",2015,3,13,2015-03-23,2015-03-29,0,0
"Ghana","GHA",2015,3,14,2015-03-30,2015-04-05,0,0
"Ghana","GHA",2015,4,15,2015-04-06,2015-04-12,0,0
"Ghana","GHA",2015,4,16,2015-04-13,2015-04-19,0,0
"Ghana","GHA",2015,4,17,2015-04-20,2015-04-26,0,0
"Ghana","GHA",2015,4,18,2015-04-27,2015-05-03,0,0
"Ghana","GHA",2015,5,19,2015-05-04,2015-05-10,0,0
"Ghana","GHA",2015,5,20,2015-05-11,2015-05-17,0,0
"Ghana","GHA",2015,5,21,2015-05-18,2015-05-24,0,0
"Ghana","GHA",2015,5,22,2015-05-25,2015-05-31,0,0
"Ghana","GHA",2015,6,23,2015-06-01,2015-06-07,0,0
"Ghana","GHA",2015,6,24,2015-06-08,2015-06-14,0,0
"Ghana","GHA",2015,6,25,2015-06-15,2015-06-21,0,0
"Ghana","GHA",2015,6,26,2015-06-22,2015-06-28,0,0
"Ghana","GHA",2015,6,27,2015-06-29,2015-07-05,0,0
"Ghana","GHA",2015,7,28,2015-07-06,2015-07-12,0,0
"Ghana","GHA",2015,7,29,2015-07-13,2015-07-19,0,0
"Ghana","GHA",2015,7,30,2015-07-20,2015-07-26,0,0
"Ghana","GHA",2015,7,31,2015-07-27,2015-08-02,9,0
"Ghana","GHA",2015,8,32,2015-08-03,2015-08-09,0,0
"Ghana","GHA",2015,8,33,2015-08-10,2015-08-16,0,0
"Ghana","GHA",2015,8,34,2015-08-17,2015-08-23,0,0
"Ghana","GHA",2015,8,35,2015-08-24,2015-08-30,8,0
"Ghana","GHA",2015,8,36,2015-08-31,2015-09-06,6,0
"Ghana","GHA",2015,9,37,2015-09-07,2015-09-13,2,0
"Ghana","GHA",2015,9,38,2015-09-14,2015-09-20,2,0
"Ghana","GHA",2015,9,39,2015-09-21,2015-09-27,1,0
"Ghana","GHA",2015,9,40,2015-09-28,2015-10-04,1,0
"Ghana","GHA",2015,10,41,2015-10-05,2015-10-11,0,0
"Ghana","GHA",2015,10,42,2015-10-12,2015-10-18,0,0
"Ghana","GHA",2015,10,43,2015-10-19,2015-10-25,2,0
"Ghana","GHA",2015,10,44,2015-10-26,2015-11-01,0,0
"Ghana","GHA",2015,11,45,2015-11-02,2015-11-08,0,0
"Ghana","GHA",2015,11,46,2015-11-09,2015-11-15,0,0
"Ghana","GHA",2015,11,47,2015-11-16,2015-11-22,0,0
"Ghana","GHA",2015,11,48,2015-11-23,2015-11-29,0,0
"Ghana","GHA",2015,11,49,2015-11-30,2015-12-06,0,0
"Ghana","GHA",2015,12,50,2015-12-07,2015-12-13,0,0
"Ghana","GHA",2015,12,51,2015-12-14,2015-12-20,0,0
"Ghana","GHA",2015,12,52,2015-12-21,2015-12-27,0,0
"Ghana","GHA",2015,12,53,2015-12-28,2016-01-03,0,0
"Ghana","GHA",2016,1,1,2016-01-04,2016-01-10,0,0
"Ghana","GHA",2016,1,2,2016-01-11,2016-01-17,0,0
"Ghana","GHA",2016,1,3,2016-01-18,2016-01-24,0,0
"Ghana","GHA",2016,1,4,2016-01-25,2016-01-31,0,0
"Ghana","GHA",2016,2,5,2016-02-01,2016-02-07,0,0
"Ghana","GHA",2016,2,6,2016-02-08,2016-02-14,0,0
"Ghana","GHA",2016,2,7,2016-02-15,2016-02-21,0,0
"Ghana","GHA",2016,2,8,2016-02-22,2016-02-28,0,0
"Ghana","GHA",2016,2,9,2016-02-29,2016-03-06,0,0
"Ghana","GHA",2016,3,10,2016-03-07,2016-03-13,0,0
"Ghana","GHA",2016,3,11,2016-03-14,2016-03-20,0,0
"Ghana","GHA",2016,3,12,2016-03-21,2016-03-27,0,0
"Ghana","GHA",2016,3,13,2016-03-28,2016-04-03,0.5,0
"Ghana","GHA",2016,4,14,2016-04-04,2016-04-10,0,0
"Ghana","GHA",2016,4,15,2016-04-11,2016-04-17,0,0
"Ghana","GHA",2016,4,16,2016-04-18,2016-04-24,0,0
"Ghana","GHA",2016,4,17,2016-04-25,2016-05-01,0,0
"Ghana","GHA",2016,5,18,2016-05-02,2016-05-08,0,0
"Ghana","GHA",2016,5,19,2016-05-09,2016-05-15,0,0
"Ghana","GHA",2016,5,20,2016-05-16,2016-05-22,0,0
"Ghana","GHA",2016,5,21,2016-05-23,2016-05-29,0,0
"Ghana","GHA",2016,5,22,2016-05-30,2016-06-05,0,0
"Ghana","GHA",2016,6,23,2016-06-06,2016-06-12,0,0
"Ghana","GHA",2016,6,24,2016-06-13,2016-06-19,0,0
"Ghana","GHA",2016,6,25,2016-06-20,2016-06-26,0,0
"Ghana","GHA",2016,6,26,2016-06-27,2016-07-03,0,0
"Ghana","GHA",2016,7,27,2016-07-04,2016-07-10,0,0
"Ghana","GHA",2016,7,28,2016-07-11,2016-07-17,0,0
"Ghana","GHA",2016,7,29,2016-07-18,2016-07-24,0,0
"Ghana","GHA",2016,7,30,2016-07-25,2016-07-31,0,0
"Ghana","GHA",2016,8,31,2016-08-01,2016-08-07,0,0
"Ghana","GHA",2016,8,32,2016-08-08,2016-08-14,1,0
"Ghana","GHA",2016,8,33,2016-08-15,2016-08-21,0,0
"Ghana","GHA",2016,8,34,2016-08-22,2016-08-28,0,0
"Ghana","GHA",2016,8,35,2016-08-29,2016-09-04,0,0
"Ghana","GHA",2016,9,36,2016-09-05,2016-09-11,2,0
"Ghana","GHA",2016,9,37,2016-09-12,2016-09-18,0,0
"Ghana","GHA",2016,9,38,2016-09-19,2016-09-25,0,0
"Ghana","GHA",2016,9,39,2016-09-26,2016-10-02,0,0
"Ghana","GHA",2016,10,40,2016-10-03,2016-10-09,0,0
"Ghana","GHA",2016,10,41,2016-10-10,2016-10-16,3,0
"Ghana","GHA",2016,10,42,2016-10-17,2016-10-23,114,0
"Ghana","GHA",2016,10,43,2016-10-24,2016-10-30,112,0
"Ghana","GHA",2016,10,44,2016-10-31,2016-11-06,128,0
"Ghana","GHA",2016,11,45,2016-11-07,2016-11-13,151,0
"Ghana","GHA",2016,11,46,2016-11-14,2016-11-20,61,0
"Ghana","GHA",2016,11,47,2016-11-21,2016-11-27,26,0
"Ghana","GHA",2016,11,48,2016-11-28,2016-12-04,0,0
"Ghana","GHA",2016,12,49,2016-12-05,2016-12-11,0,0
"Ghana","GHA",2016,12,50,2016-12-12,2016-12-18,16,0
"Ghana","GHA",2016,12,51,2016-12-19,2016-12-25,3,0
"Ghana","GHA",2016,12,52,2016-12-26,2017-01-01,2,0
"Ghana","GHA",2017,1,1,2017-01-02,2017-01-08,4,0
"Ghana","GHA",2017,1,2,2017-01-09,2017-01-15,0,0
"Ghana","GHA",2017,1,3,2017-01-16,2017-01-22,0,0
"Ghana","GHA",2017,1,4,2017-01-23,2017-01-29,0,0
"Ghana","GHA",2017,1,5,2017-01-30,2017-02-05,0,0
"Ghana","GHA",2017,2,6,2017-02-06,2017-02-12,0,0
"Ghana","GHA",2017,2,7,2017-02-13,2017-02-19,0,0
"Ghana","GHA",2017,2,8,2017-02-20,2017-02-26,2,0
"Ghana","GHA",2017,2,9,2017-02-27,2017-03-05,0,0
"Ghana","GHA",2017,3,10,2017-03-06,2017-03-12,0,0
"Ghana","GHA",2017,3,11,2017-03-13,2017-03-19,0,0
"Ghana","GHA",2017,3,12,2017-03-20,2017-03-26,0,0
"Ghana","GHA",2017,3,13,2017-03-27,2017-04-02,0,0
"Ghana","GHA",2017,4,14,2017-04-03,2017-04-09,0,0
"Ghana","GHA",2017,4,15,2017-04-10,2017-04-16,0,0
"Ghana","GHA",2017,4,16,2017-04-17,2017-04-23,0,0
"Ghana","GHA",2017,4,17,2017-04-24,2017-04-30,2,0
"Ghana","GHA",2017,5,18,2017-05-01,2017-05-07,0,0
"Ghana","GHA",2017,5,19,2017-05-08,2017-05-14,0,0
"Ghana","GHA",2017,5,20,2017-05-15,2017-05-21,2,0
"Ghana","GHA",2017,5,21,2017-05-22,2017-05-28,0,0
"Ghana","GHA",2017,5,22,2017-05-29,2017-06-04,0,0
"Ghana","GHA",2017,6,23,2017-06-05,2017-06-11,0,0
"Ghana","GHA",2017,6,24,2017-06-12,2017-06-18,0,0
"Ghana","GHA",2017,6,25,2017-06-19,2017-06-25,0,0
"Ghana","GHA",2017,6,26,2017-06-26,2017-07-02,0,0
"Ghana","GHA",2017,7,27,2017-07-03,2017-07-09,0,0
"Ghana","GHA",2017,7,28,2017-07-10,2017-07-16,0,0
"Ghana","GHA",2017,7,29,2017-07-17,2017-07-23,0,0
"Ghana","GHA",2017,7,30,2017-07-24,2017-07-30,0,0
"Ghana","GHA",2017,7,31,2017-07-31,2017-08-06,0,0
"Ghana","GHA",2017,8,32,2017-08-07,2017-08-13,0,0
"Ghana","GHA",2017,8,33,2017-08-14,2017-08-20,0,0
"Ghana","GHA",2017,8,34,2017-08-21,2017-08-27,0,0
"Ghana","GHA",2017,8,35,2017-08-28,2017-09-03,0,0
"Ghana","GHA",2017,9,36,2017-09-04,2017-09-10,1,0
"Ghana","GHA",2017,9,37,2017-09-11,2017-09-17,0,0
"Ghana","GHA",2017,9,38,2017-09-18,2017-09-24,0,0
"Ghana","GHA",2017,9,39,2017-09-25,2017-10-01,0,0
"Ghana","GHA",2017,10,40,2017-10-02,2017-10-08,0,0
"Ghana","GHA",2017,10,41,2017-10-09,2017-10-15,0,0
"Ghana","GHA",2017,10,42,2017-10-16,2017-10-22,0,0
"Ghana","GHA",2017,10,43,2017-10-23,2017-10-29,0,0
"Ghana","GHA",2017,10,44,2017-10-30,2017-11-05,0,0
"Ghana","GHA",2017,11,45,2017-11-06,2017-11-12,0,0
"Ghana","GHA",2017,11,46,2017-11-13,2017-11-19,0,0
"Ghana","GHA",2017,11,47,2017-11-20,2017-11-26,0,0
"Ghana","GHA",2017,11,48,2017-11-27,2017-12-03,0,0
"Ghana","GHA",2017,12,49,2017-12-04,2017-12-10,0,0
"Ghana","GHA",2017,12,50,2017-12-11,2017-12-17,0,0
"Ghana","GHA",2017,12,51,2017-12-18,2017-12-24,0,0
"Ghana","GHA",2017,12,52,2017-12-25,2017-12-31,0,0
"Ghana","GHA",2018,1,1,2018-01-01,2018-01-07,0,0
"Ghana","GHA",2018,1,2,2018-01-08,2018-01-14,0,0
"Ghana","GHA",2018,1,3,2018-01-15,2018-01-21,0,0
"Ghana","GHA",2018,1,4,2018-01-22,2018-01-28,0,0
"Ghana","GHA",2018,1,5,2018-01-29,2018-02-04,0,0
"Ghana","GHA",2018,2,6,2018-02-05,2018-02-11,0,0
"Ghana","GHA",2018,2,7,2018-02-12,2018-02-18,0,0
"Ghana","GHA",2018,2,8,2018-02-19,2018-02-25,0,0
"Ghana","GHA",2018,2,9,2018-02-26,2018-03-04,0,0
"Ghana","GHA",2018,3,10,2018-03-05,2018-03-11,0,0
"Ghana","GHA",2018,3,11,2018-03-12,2018-03-18,0,0
"Ghana","GHA",2018,3,12,2018-03-19,2018-03-25,0,0
"Ghana","GHA",2018,3,13,2018-03-26,2018-04-01,0,0
"Ghana","GHA",2018,4,14,2018-04-02,2018-04-08,0,0
"Ghana","GHA",2018,4,15,2018-04-09,2018-04-15,0,0
"Ghana","GHA",2018,4,16,2018-04-16,2018-04-22,0,0
"Ghana","GHA",2018,4,17,2018-04-23,2018-04-29,0,0
"Ghana","GHA",2018,4,18,2018-04-30,2018-05-06,0,0
"Ghana","GHA",2018,5,19,2018-05-07,2018-05-13,0,0
"Ghana","GHA",2018,5,20,2018-05-14,2018-05-20,0,0
"Ghana","GHA",2018,5,21,2018-05-21,2018-05-27,0,0
"Ghana","GHA",2018,5,22,2018-05-28,2018-06-03,0,0
"Ghana","GHA",2018,6,23,2018-06-04,2018-06-10,0,0
"Ghana","GHA",2018,6,24,2018-06-11,2018-06-17,0,0
"Ghana","GHA",2018,6,25,2018-06-18,2018-06-24,0,0
"Ghana","GHA",2018,6,26,2018-06-25,2018-07-01,0,0
"Ghana","GHA",2018,7,27,2018-07-02,2018-07-08,0,0
"Ghana","GHA",2018,7,28,2018-07-09,2018-07-15,0,0
"Ghana","GHA",2018,7,29,2018-07-16,2018-07-22,0,0
"Ghana","GHA",2018,7,30,2018-07-23,2018-07-29,0,0
"Ghana","GHA",2018,7,31,2018-07-30,2018-08-05,0,0
"Ghana","GHA",2018,8,32,2018-08-06,2018-08-12,0,0
"Ghana","GHA",2018,8,33,2018-08-13,2018-08-19,0,0
"Ghana","GHA",2018,8,34,2018-08-20,2018-08-26,0,0
"Ghana","GHA",2018,8,35,2018-08-27,2018-09-02,0,0
"Ghana","GHA",2018,9,36,2018-09-03,2018-09-09,0,0
"Ghana","GHA",2018,9,37,2018-09-10,2018-09-16,0,0
"Ghana","GHA",2018,9,38,2018-09-17,2018-09-23,0,0
"Ghana","GHA",2018,9,39,2018-09-24,2018-09-30,0,0
"Ghana","GHA",2018,10,40,2018-10-01,2018-10-07,0,0
"Ghana","GHA",2018,10,41,2018-10-08,2018-10-14,0,0
"Ghana","GHA",2018,10,42,2018-10-15,2018-10-21,2,0
"Ghana","GHA",2018,10,43,2018-10-22,2018-10-28,0,0
"Ghana","GHA",2018,10,44,2018-10-29,2018-11-04,0,0
"Ghana","GHA",2018,11,45,2018-11-05,2018-11-11,0,0
"Ghana","GHA",2018,11,46,2018-11-12,2018-11-18,0,0
"Ghana","GHA",2018,11,47,2018-11-19,2018-11-25,0,0
"Ghana","GHA",2018,11,48,2018-11-26,2018-12-02,0,0
"Ghana","GHA",2018,12,49,2018-12-03,2018-12-09,0,0
"Ghana","GHA",2018,12,50,2018-12-10,2018-12-16,0,0
"Ghana","GHA",2018,12,51,2018-12-17,2018-12-23,0,0
"Ghana","GHA",2018,12,52,2018-12-24,2018-12-30,0,0
"Ghana","GHA",2019,12,1,2018-12-31,2019-01-06,0,0
"Ghana","GHA",2019,1,2,2019-01-07,2019-01-13,0,0
"Ghana","GHA",2019,1,3,2019-01-14,2019-01-20,0,0
"Ghana","GHA",2019,1,4,2019-01-21,2019-01-27,0,0
"Ghana","GHA",2019,1,5,2019-01-28,2019-02-03,0,0
"Ghana","GHA",2019,2,6,2019-02-04,2019-02-10,0,0
"Ghana","GHA",2019,2,7,2019-02-11,2019-02-17,0,0
"Ghana","GHA",2019,2,8,2019-02-18,2019-02-24,0,0
"Ghana","GHA",2019,2,9,2019-02-25,2019-03-03,0,0
"Ghana","GHA",2019,3,10,2019-03-04,2019-03-10,0,0
"Ghana","GHA",2019,3,11,2019-03-11,2019-03-17,0,0
"Ghana","GHA",2019,3,12,2019-03-18,2019-03-24,0,0
"Ghana","GHA",2019,3,13,2019-03-25,2019-03-31,0,0
"Ghana","GHA",2019,4,14,2019-04-01,2019-04-07,0,0
"Ghana","GHA",2019,4,15,2019-04-08,2019-04-14,0,0
"Ghana","GHA",2019,4,16,2019-04-15,2019-04-21,0,0
"Ghana","GHA",2019,4,17,2019-04-22,2019-04-28,0,0
"Ghana","GHA",2019,4,18,2019-04-29,2019-05-05,0,0
"Ghana","GHA",2019,5,19,2019-05-06,2019-05-12,0,0
"Ghana","GHA",2019,5,20,2019-05-13,2019-05-19,0,0
"Ghana","GHA",2019,5,21,2019-05-20,2019-05-26,0,0
"Ghana","GHA",2019,5,22,2019-05-27,2019-06-02,0,0
"Ghana","GHA",2019,6,23,2019-06-03,2019-06-09,0,0
"Ghana","GHA",2019,6,24,2019-06-10,2019-06-16,0,0
"Ghana","GHA",2019,6,25,2019-06-17,2019-06-23,0,0
"Ghana","GHA",2019,6,26,2019-06-24,2019-06-30,0,0
"Ghana","GHA",2019,7,27,2019-07-01,2019-07-07,0,0
"Ghana","GHA",2019,7,28,2019-07-08,2019-07-14,0,0
"Ghana","GHA",2019,7,29,2019-07-15,2019-07-21,0,0
"Ghana","GHA",2019,7,30,2019-07-22,2019-07-28,0,0
"Ghana","GHA",2019,7,31,2019-07-29,2019-08-04,0,0
"Ghana","GHA",2019,8,32,2019-08-05,2019-08-11,0,0
"Ghana","GHA",2019,8,33,2019-08-12,2019-08-18,0,0
"Ghana","GHA",2019,8,34,2019-08-19,2019-08-25,0,0
"Ghana","GHA",2019,8,35,2019-08-26,2019-09-01,0,0
"Ghana","GHA",2019,9,36,2019-09-02,2019-09-08,0,0
"Ghana","GHA",2019,9,37,2019-09-09,2019-09-15,0,0
"Ghana","GHA",2019,9,38,2019-09-16,2019-09-22,0,0
"Ghana","GHA",2019,9,39,2019-09-23,2019-09-29,0,0
"Ghana","GHA",2019,9,40,2019-09-30,2019-10-06,0,0
"Ghana","GHA",2019,10,41,2019-10-07,2019-10-13,0,0
"Ghana","GHA",2019,10,42,2019-10-14,2019-10-20,0,0
"Ghana","GHA",2019,10,43,2019-10-21,2019-10-27,0,0
"Ghana","GHA",2019,10,44,2019-10-28,2019-11-03,0,0
"Ghana","GHA",2019,11,45,2019-11-04,2019-11-10,0,0
"Ghana","GHA",2019,11,46,2019-11-11,2019-11-17,0,0
"Ghana","GHA",2019,11,47,2019-11-18,2019-11-24,0,0
"Ghana","GHA",2019,11,48,2019-11-25,2019-12-01,0,0
"Ghana","GHA",2019,12,49,2019-12-02,2019-12-08,0,0
"Ghana","GHA",2019,12,50,2019-12-09,2019-12-15,0,0
"Ghana","GHA",2019,12,51,2019-12-16,2019-12-22,0,0
"Ghana","GHA",2019,12,52,2019-12-23,2019-12-29,0,0
"Ghana","GHA",2020,12,1,2019-12-30,2020-01-05,0,0
"Ghana","GHA",2020,1,2,2020-01-06,2020-01-12,0,0
"Ghana","GHA",2020,1,3,2020-01-13,2020-01-19,0,0
"Ghana","GHA",2020,1,4,2020-01-20,2020-01-26,0,0
"Ghana","GHA",2020,1,5,2020-01-27,2020-02-02,0,0
"Ghana","GHA",2020,2,6,2020-02-03,2020-02-09,0,0
"Ghana","GHA",2020,2,7,2020-02-10,2020-02-16,0,0
"Ghana","GHA",2020,2,8,2020-02-17,2020-02-23,0,0
"Ghana","GHA",2020,2,9,2020-02-24,2020-03-01,0,0
"Ghana","GHA",2020,3,10,2020-03-02,2020-03-08,0,0
"Ghana","GHA",2020,3,11,2020-03-09,2020-03-15,0,0
"Ghana","GHA",2020,3,12,2020-03-16,2020-03-22,0,0
"Ghana","GHA",2020,3,13,2020-03-23,2020-03-29,0,0
"Ghana","GHA",2020,3,14,2020-03-30,2020-04-05,0,0
"Ghana","GHA",2020,4,15,2020-04-06,2020-04-12,0,0
"Ghana","GHA",2020,4,16,2020-04-13,2020-04-19,0,0
"Ghana","GHA",2020,4,17,2020-04-20,2020-04-26,0,0
"Ghana","GHA",2020,4,18,2020-04-27,2020-05-03,0,0
"Ghana","GHA",2020,5,19,2020-05-04,2020-05-10,0,0
"Ghana","GHA",2020,5,20,2020-05-11,2020-05-17,0,0
"Ghana","GHA",2020,5,21,2020-05-18,2020-05-24,0,0
"Ghana","GHA",2020,5,22,2020-05-25,2020-05-31,0,0
"Ghana","GHA",2020,6,23,2020-06-01,2020-06-07,0,0
"Ghana","GHA",2020,6,24,2020-06-08,2020-06-14,0,0
"Ghana","GHA",2020,6,25,2020-06-15,2020-06-21,0,0
"Ghana","GHA",2020,6,26,2020-06-22,2020-06-28,0,0
"Ghana","GHA",2020,6,27,2020-06-29,2020-07-05,0,0
"Ghana","GHA",2020,7,28,2020-07-06,2020-07-12,0,0
"Ghana","GHA",2020,7,29,2020-07-13,2020-07-19,0,0
"Ghana","GHA",2020,7,30,2020-07-20,2020-07-26,0,0
"Ghana","GHA",2020,7,31,2020-07-27,2020-08-02,0,0
"Ghana","GHA",2020,8,32,2020-08-03,2020-08-09,0,0
"Ghana","GHA",2020,8,33,2020-08-10,2020-08-16,0,0
"Ghana","GHA",2020,8,34,2020-08-17,2020-08-23,0,0
"Ghana","GHA",2020,8,35,2020-08-24,2020-08-30,0,0
"Ghana","GHA",2020,8,36,2020-08-31,2020-09-06,0,0
"Ghana","GHA",2020,9,37,2020-09-07,2020-09-13,0,0
"Ghana","GHA",2020,9,38,2020-09-14,2020-09-20,0,0
"Ghana","GHA",2020,9,39,2020-09-21,2020-09-27,0,0
"Ghana","GHA",2020,9,40,2020-09-28,2020-10-04,0,0
"Ghana","GHA",2020,10,41,2020-10-05,2020-10-11,0,0
"Ghana","GHA",2020,10,42,2020-10-12,2020-10-18,0,0
"Ghana","GHA",2020,10,43,2020-10-19,2020-10-25,0,0
"Ghana","GHA",2020,10,44,2020-10-26,2020-11-01,0,0
"Ghana","GHA",2020,11,45,2020-11-02,2020-11-08,0,0
"Ghana","GHA",2020,11,46,2020-11-09,2020-11-15,0,0
"Ghana","GHA",2020,11,47,2020-11-16,2020-11-22,0,0
"Ghana","GHA",2020,11,48,2020-11-23,2020-11-29,0,0
"Ghana","GHA",2020,11,49,2020-11-30,2020-12-06,0,0
"Ghana","GHA",2020,12,50,2020-12-07,2020-12-13,0,0
"Ghana","GHA",2020,12,51,2020-12-14,2020-12-20,0,0
"Ghana","GHA",2020,12,52,2020-12-21,2020-12-27,0,0
"Ghana","GHA",2020,12,53,2020-12-28,2021-01-03,0,0
"Ghana","GHA",2021,1,1,2021-01-04,2021-01-10,0,0
"Ghana","GHA",2021,1,2,2021-01-11,2021-01-17,0,0
"Ghana","GHA",2021,1,3,2021-01-18,2021-01-24,0,0
"Ghana","GHA",2021,1,4,2021-01-25,2021-01-31,0,0
"Ghana","GHA",2021,2,5,2021-02-01,2021-02-07,0,0
"Ghana","GHA",2021,2,6,2021-02-08,2021-02-14,0,0
"Ghana","GHA",2021,2,7,2021-02-15,2021-02-21,0,0
"Ghana","GHA",2021,2,8,2021-02-22,2021-02-28,0,0
"Ghana","GHA",2021,3,9,2021-03-01,2021-03-07,0,0
"Ghana","GHA",2021,3,10,2021-03-08,2021-03-14,0,0
"Ghana","GHA",2021,3,11,2021-03-15,2021-03-21,0,0
"Ghana","GHA",2021,3,12,2021-03-22,2021-03-28,0,0
"Ghana","GHA",2021,3,13,2021-03-29,2021-04-04,0,0
"Ghana","GHA",2021,4,14,2021-04-05,2021-04-11,0,0
"Ghana","GHA",2021,4,15,2021-04-12,2021-04-18,0,0
"Ghana","GHA",2021,4,16,2021-04-19,2021-04-25,0,0
"Ghana","GHA",2021,4,17,2021-04-26,2021-05-02,0,0
"Ghana","GHA",2021,5,18,2021-05-03,2021-05-09,0,0
"Ghana","GHA",2021,5,19,2021-05-10,2021-05-16,0,0
"Ghana","GHA",2021,5,20,2021-05-17,2021-05-23,0,0
"Ghana","GHA",2021,5,21,2021-05-24,2021-05-30,0,0
"Ghana","GHA",2021,5,22,2021-05-31,2021-06-06,0,0
"Ghana","GHA",2021,6,23,2021-06-07,2021-06-13,0,0
"Ghana","GHA",2021,6,24,2021-06-14,2021-06-20,0,0
"Ghana","GHA",2021,6,25,2021-06-21,2021-06-27,0,0
"Ghana","GHA",2021,6,26,2021-06-28,2021-07-04,0,0
"Ghana","GHA",2021,7,27,2021-07-05,2021-07-11,0,0
"Ghana","GHA",2021,7,28,2021-07-12,2021-07-18,0,0
"Ghana","GHA",2021,7,29,2021-07-19,2021-07-25,0,0
"Ghana","GHA",2021,7,30,2021-07-26,2021-08-01,0,0
"Ghana","GHA",2021,8,31,2021-08-02,2021-08-08,0,0
"Ghana","GHA",2021,8,32,2021-08-09,2021-08-15,0,0
"Ghana","GHA",2021,8,33,2021-08-16,2021-08-22,0,0
"Ghana","GHA",2021,8,34,2021-08-23,2021-08-29,0,0
"Ghana","GHA",2021,8,35,2021-08-30,2021-09-05,0,0
"Ghana","GHA",2021,9,36,2021-09-06,2021-09-12,0,0
"Ghana","GHA",2021,9,37,2021-09-13,2021-09-19,0,0
"Ghana","GHA",2021,9,38,2021-09-20,2021-09-26,0,0
"Ghana","GHA",2021,9,39,2021-09-27,2021-10-03,0,0
"Ghana","GHA",2021,10,40,2021-10-04,2021-10-10,0,0
"Ghana","GHA",2021,10,41,2021-10-11,2021-10-17,0,0
"Ghana","GHA",2021,10,42,2021-10-18,2021-10-24,0,0
"Ghana","GHA",2021,10,43,2021-10-25,2021-10-31,0,0
"Ghana","GHA",2021,11,44,2021-11-01,2021-11-07,0,0
"Ghana","GHA",2021,11,45,2021-11-08,2021-11-14,0,0
"Ghana","GHA",2021,11,46,2021-11-15,2021-11-21,0,0
"Ghana","GHA",2021,11,47,2021-11-22,2021-11-28,0,0
"Ghana","GHA",2021,11,48,2021-11-29,2021-12-05,0,0
"Ghana","GHA",2021,12,49,2021-12-06,2021-12-12,0,0
"Ghana","GHA",2021,12,50,2021-12-13,2021-12-19,0,0
"Ghana","GHA",2021,12,51,2021-12-20,2021-12-26,0,0
"Ghana","GHA",2021,12,52,2021-12-27,2022-01-02,0,0
"Ghana","GHA",2022,1,1,2022-01-03,2022-01-09,0,0
"Ghana","GHA",2022,1,2,2022-01-10,2022-01-16,0,0
"Ghana","GHA",2022,1,3,2022-01-17,2022-01-23,0,0
"Ghana","GHA",2022,1,4,2022-01-24,2022-01-30,0,0
"Ghana","GHA",2022,1,5,2022-01-31,2022-02-06,0,0
"Ghana","GHA",2022,2,6,2022-02-07,2022-02-13,0,0
"Ghana","GHA",2022,2,7,2022-02-14,2022-02-20,0,0
"Ghana","GHA",2022,2,8,2022-02-21,2022-02-27,0,0
"Ghana","GHA",2022,2,9,2022-02-28,2022-03-06,0,0
"Ghana","GHA",2022,3,10,2022-03-07,2022-03-13,0,0
"Ghana","GHA",2022,3,11,2022-03-14,2022-03-20,0,0
"Ghana","GHA",2022,3,12,2022-03-21,2022-03-27,0,0
"Ghana","GHA",2022,3,13,2022-03-28,2022-04-03,0,0
"Ghana","GHA",2022,4,14,2022-04-04,2022-04-10,0,0
"Ghana","GHA",2022,4,15,2022-04-11,2022-04-17,0,0
"Ghana","GHA",2022,4,16,2022-04-18,2022-04-24,0,0
"Ghana","GHA",2022,4,17,2022-04-25,2022-05-01,0,0
"Ghana","GHA",2022,5,18,2022-05-02,2022-05-08,0,0
"Ghana","GHA",2022,5,19,2022-05-09,2022-05-15,0,0
"Ghana","GHA",2022,5,20,2022-05-16,2022-05-22,0,0
"Ghana","GHA",2022,5,21,2022-05-23,2022-05-29,0,0
"Ghana","GHA",2022,5,22,2022-05-30,2022-06-05,0,0
"Ghana","GHA",2022,6,23,2022-06-06,2022-06-12,0,0
"Ghana","GHA",2022,6,24,2022-06-13,2022-06-19,0,0
"Ghana","GHA",2022,6,25,2022-06-20,2022-06-26,0,0
"Ghana","GHA",2022,6,26,2022-06-27,2022-07-03,0,0
"Ghana","GHA",2022,7,27,2022-07-04,2022-07-10,0,0
"Ghana","GHA",2022,7,28,2022-07-11,2022-07-17,0,0
"Ghana","GHA",2022,7,29,2022-07-18,2022-07-24,0,0
"Ghana","GHA",2022,7,30,2022-07-25,2022-07-31,0,0
"Ghana","GHA",2022,8,31,2022-08-01,2022-08-07,0,0
"Ghana","GHA",2022,8,32,2022-08-08,2022-08-14,0,0
"Ghana","GHA",2022,8,33,2022-08-15,2022-08-21,0,0
"Ghana","GHA",2022,8,34,2022-08-22,2022-08-28,0,0
"Ghana","GHA",2022,8,35,2022-08-29,2022-09-04,0,0
"Ghana","GHA",2022,9,36,2022-09-05,2022-09-11,0,0
"Ghana","GHA",2022,9,37,2022-09-12,2022-09-18,0,0
"Ghana","GHA",2022,9,38,2022-09-19,2022-09-25,0,0
"Ghana","GHA",2022,9,39,2022-09-26,2022-10-02,0,0
"Ghana","GHA",2022,10,40,2022-10-03,2022-10-09,0,0
"Ghana","GHA",2022,10,41,2022-10-10,2022-10-16,0,0
"Ghana","GHA",2022,10,42,2022-10-17,2022-10-23,0,0
"Ghana","GHA",2022,10,43,2022-10-24,2022-10-30,0,0
"Ghana","GHA",2022,10,44,2022-10-31,2022-11-06,0,0
"Ghana","GHA",2022,11,45,2022-11-07,2022-11-13,0,0
"Ghana","GHA",2022,11,46,2022-11-14,2022-11-20,0,0
"Ghana","GHA",2022,11,47,2022-11-21,2022-11-27,0,0
"Ghana","GHA",2022,11,48,2022-11-28,2022-12-04,0,0
"Ghana","GHA",2022,12,49,2022-12-05,2022-12-11,0,0
"Ghana","GHA",2022,12,50,2022-12-12,2022-12-18,0,0
"Ghana","GHA",2022,12,51,2022-12-19,2022-12-25,0,0
"Ghana","GHA",2022,12,52,2022-12-26,2023-01-01,0,0
"Ghana","GHA",2023,1,1,2023-01-02,2023-01-08,0,0
"Ghana","GHA",2023,1,2,2023-01-09,2023-01-15,0,0
"Ghana","GHA",2023,1,3,2023-01-16,2023-01-22,0,0
"Ghana","GHA",2023,1,4,2023-01-23,2023-01-29,0,0
"Ghana","GHA",2023,1,5,2023-01-30,2023-02-05,0,0
"Ghana","GHA",2023,2,6,2023-02-06,2023-02-12,0,0
"Ghana","GHA",2023,2,7,2023-02-13,2023-02-19,0,0
"Ghana","GHA",2023,2,8,2023-02-20,2023-02-26,0,0
"Ghana","GHA",2023,2,9,2023-02-27,2023-03-05,0,0
"Ghana","GHA",2023,3,10,2023-03-06,2023-03-12,0,0
"Ghana","GHA",2023,3,11,2023-03-13,2023-03-19,0,0
"Ghana","GHA",2023,3,12,2023-03-20,2023-03-26,0,0
"Ghana","GHA",2023,3,13,2023-03-27,2023-04-02,0,0
"Ghana","GHA",2023,4,14,2023-04-03,2023-04-09,0,0
"Ghana","GHA",2023,4,15,2023-04-10,2023-04-16,0,0
"Ghana","GHA",2023,4,16,2023-04-17,2023-04-23,0,0
"Ghana","GHA",2023,4,17,2023-04-24,2023-04-30,0,0
"Ghana","GHA",2023,5,18,2023-05-01,2023-05-07,0,0
"Ghana","GHA",2023,5,19,2023-05-08,2023-05-14,0,0
"Ghana","GHA",2023,5,20,2023-05-15,2023-05-21,0,0
"Ghana","GHA",2023,5,21,2023-05-22,2023-05-28,0,0
"Ghana","GHA",2023,5,22,2023-05-29,2023-06-04,0,0
"Ghana","GHA",2023,6,23,2023-06-05,2023-06-11,0,0
"Ghana","GHA",2023,6,24,2023-06-12,2023-06-18,0,0
"Ghana","GHA",2023,6,25,2023-06-19,2023-06-25,0,0
"Ghana","GHA",2023,6,26,2023-06-26,2023-07-02,0,0
"Ghana","GHA",2023,7,27,2023-07-03,2023-07-09,0,0
"Ghana","GHA",2023,7,28,2023-07-10,2023-07-16,0,0
"Ghana","GHA",2023,7,29,2023-07-17,2023-07-23,0,0
"Ghana","GHA",2023,7,30,2023-07-24,2023-07-30,0,0
"Ghana","GHA",2023,7,31,2023-07-31,2023-08-06,0,0
"Ghana","GHA",2023,8,32,2023-08-07,2023-08-13,0,0
"Ghana","GHA",2023,8,33,2023-08-14,2023-08-20,0,0
"Ghana","GHA",2023,8,34,2023-08-21,2023-08-27,0,0
"Ghana","GHA",2023,8,35,2023-08-28,2023-09-03,0,0
"Ghana","GHA",2023,9,36,2023-09-04,2023-09-10,0,0
"Ghana","GHA",2023,9,37,2023-09-11,2023-09-17,0,0
"Ghana","GHA",2023,9,38,2023-09-18,2023-09-24,0,0
"Ghana","GHA",2023,9,39,2023-09-25,2023-10-01,0,0
"Ghana","GHA",2023,10,40,2023-10-02,2023-10-08,0,0
"Ghana","GHA",2023,10,41,2023-10-09,2023-10-15,0,0
"Ghana","GHA",2023,10,42,2023-10-16,2023-10-22,0,0
"Ghana","GHA",2023,10,43,2023-10-23,2023-10-29,0,0
"Ghana","GHA",2023,10,44,2023-10-30,2023-11-05,0,0
"Ghana","GHA",2023,11,45,2023-11-06,2023-11-12,0,0
"Ghana","GHA",2023,11,46,2023-11-13,2023-11-19,0,0
"Guinea","GIN",2011,11,45,2011-11-07,2011-11-13,0,0
"Guinea","GIN",2011,11,46,2011-11-14,2011-11-20,0,0
"Guinea","GIN",2011,11,47,2011-11-21,2011-11-27,0,0
"Guinea","GIN",2011,11,48,2011-11-28,2011-12-04,0,0
"Guinea","GIN",2011,12,49,2011-12-05,2011-12-11,0,0
"Guinea","GIN",2011,12,50,2011-12-12,2011-12-18,0,0
"Guinea","GIN",2011,12,51,2011-12-19,2011-12-25,0,0
"Guinea","GIN",2011,12,52,2011-12-26,2012-01-01,0,0
"Guinea","GIN",2012,1,1,2012-01-02,2012-01-08,0,0
"Guinea","GIN",2012,1,2,2012-01-09,2012-01-15,0,0
"Guinea","GIN",2012,1,3,2012-01-16,2012-01-22,0,0
"Guinea","GIN",2012,1,4,2012-01-23,2012-01-29,0,0
"Guinea","GIN",2012,1,5,2012-01-30,2012-02-05,9,0
"Guinea","GIN",2012,2,6,2012-02-06,2012-02-12,71,0
"Guinea","GIN",2012,2,7,2012-02-13,2012-02-19,28,0
"Guinea","GIN",2012,2,8,2012-02-20,2012-02-26,17,0
"Guinea","GIN",2012,2,9,2012-02-27,2012-03-04,48,0
"Guinea","GIN",2012,3,10,2012-03-05,2012-03-11,31,0
"Guinea","GIN",2012,3,11,2012-03-12,2012-03-18,55,0
"Guinea","GIN",2012,3,12,2012-03-19,2012-03-25,31,0
"Guinea","GIN",2012,3,13,2012-03-26,2012-04-01,10,0
"Guinea","GIN",2012,4,14,2012-04-02,2012-04-08,10,0
"Guinea","GIN",2012,4,15,2012-04-09,2012-04-15,10,0
"Guinea","GIN",2012,4,16,2012-04-16,2012-04-22,12,0
"Guinea","GIN",2012,4,17,2012-04-23,2012-04-29,31,0
"Guinea","GIN",2012,4,18,2012-04-30,2012-05-06,3,0
"Guinea","GIN",2012,5,19,2012-05-07,2012-05-13,3,0
"Guinea","GIN",2012,5,20,2012-05-14,2012-05-20,28,0
"Guinea","GIN",2012,5,21,2012-05-21,2012-05-27,10,0
"Guinea","GIN",2012,5,22,2012-05-28,2012-06-03,42,0
"Guinea","GIN",2012,6,23,2012-06-04,2012-06-10,29,0
"Guinea","GIN",2012,6,24,2012-06-11,2012-06-17,16,0
"Guinea","GIN",2012,6,25,2012-06-18,2012-06-24,19,0
"Guinea","GIN",2012,6,26,2012-06-25,2012-07-01,14,0
"Guinea","GIN",2012,7,27,2012-07-02,2012-07-08,69,0
"Guinea","GIN",2012,7,28,2012-07-09,2012-07-15,62,0
"Guinea","GIN",2012,7,29,2012-07-16,2012-07-22,142,0
"Guinea","GIN",2012,7,30,2012-07-23,2012-07-29,367,0
"Guinea","GIN",2012,7,31,2012-07-30,2012-08-05,710,0
"Guinea","GIN",2012,8,32,2012-08-06,2012-08-12,952,0
"Guinea","GIN",2012,8,33,2012-08-13,2012-08-19,1035,0
"Guinea","GIN",2012,8,34,2012-08-20,2012-08-26,1152,0
"Guinea","GIN",2012,8,35,2012-08-27,2012-09-02,651,0
"Guinea","GIN",2012,9,36,2012-09-03,2012-09-09,440,0
"Guinea","GIN",2012,9,37,2012-09-10,2012-09-16,454,0
"Guinea","GIN",2012,9,38,2012-09-17,2012-09-23,230,0
"Guinea","GIN",2012,9,39,2012-09-24,2012-09-30,145,0
"Guinea","GIN",2012,10,40,2012-10-01,2012-10-07,107,0
"Guinea","GIN",2012,10,41,2012-10-08,2012-10-14,61,0
"Guinea","GIN",2012,10,42,2012-10-15,2012-10-21,50,0
"Guinea","GIN",2012,10,43,2012-10-22,2012-10-28,10,0
"Guinea","GIN",2012,10,44,2012-10-29,2012-11-04,3,0
"Guinea","GIN",2012,11,45,2012-11-05,2012-11-11,2,0
"Guinea","GIN",2012,11,46,2012-11-12,2012-11-18,16,0
"Guinea","GIN",2012,11,47,2012-11-19,2012-11-25,59,0
"Guinea","GIN",2012,11,48,2012-11-26,2012-12-02,26,0
"Guinea","GIN",2012,12,49,2012-12-03,2012-12-09,3,0
"Guinea","GIN",2012,12,50,2012-12-10,2012-12-16,3,0
"Guinea","GIN",2012,12,51,2012-12-17,2012-12-23,0,0
"Guinea","GIN",2012,12,52,2012-12-24,2012-12-30,0,0
"Guinea","GIN",2013,12,1,2012-12-31,2013-01-06,0,0
"Guinea","GIN",2013,1,2,2013-01-07,2013-01-13,0,0
"Guinea","GIN",2013,1,3,2013-01-14,2013-01-20,0,0
"Guinea","GIN",2013,1,4,2013-01-21,2013-01-27,0,0
"Guinea","GIN",2013,1,5,2013-01-28,2013-02-03,0,0
"Guinea","GIN",2013,2,6,2013-02-04,2013-02-10,0,0
"Guinea","GIN",2013,2,7,2013-02-11,2013-02-17,0,0
"Guinea","GIN",2013,2,8,2013-02-18,2013-02-24,0,0
"Guinea","GIN",2013,2,9,2013-02-25,2013-03-03,0,0
"Guinea","GIN",2013,3,10,2013-03-04,2013-03-10,0,0
"Guinea","GIN",2013,3,11,2013-03-11,2013-03-17,0,0
"Guinea","GIN",2013,3,12,2013-03-18,2013-03-24,0,0
"Guinea","GIN",2013,3,13,2013-03-25,2013-03-31,0,0
"Guinea","GIN",2013,4,14,2013-04-01,2013-04-07,0,0
"Guinea","GIN",2013,4,15,2013-04-08,2013-04-14,0,0
"Guinea","GIN",2013,4,16,2013-04-15,2013-04-21,0,0
"Guinea","GIN",2013,4,17,2013-04-22,2013-04-28,0,0
"Guinea","GIN",2013,4,18,2013-04-29,2013-05-05,0,0
"Guinea","GIN",2013,5,19,2013-05-06,2013-05-12,0,0
"Guinea","GIN",2013,5,20,2013-05-13,2013-05-19,0,0
"Guinea","GIN",2013,5,21,2013-05-20,2013-05-26,0,0
"Guinea","GIN",2013,5,22,2013-05-27,2013-06-02,0,0
"Guinea","GIN",2013,6,23,2013-06-03,2013-06-09,0,0
"Guinea","GIN",2013,6,24,2013-06-10,2013-06-16,0,0
"Guinea","GIN",2013,6,25,2013-06-17,2013-06-23,0,0
"Guinea","GIN",2013,6,26,2013-06-24,2013-06-30,0,0
"Guinea","GIN",2013,7,27,2013-07-01,2013-07-07,0,0
"Guinea","GIN",2013,7,28,2013-07-08,2013-07-14,0,0
"Guinea","GIN",2013,7,29,2013-07-15,2013-07-21,0,0
"Guinea","GIN",2013,7,30,2013-07-22,2013-07-28,0,0
"Guinea","GIN",2013,7,31,2013-07-29,2013-08-04,0,0
"Guinea","GIN",2013,8,32,2013-08-05,2013-08-11,0,0
"Guinea","GIN",2013,8,33,2013-08-12,2013-08-18,0,0
"Guinea","GIN",2013,8,34,2013-08-19,2013-08-25,0,0
"Guinea","GIN",2013,8,35,2013-08-26,2013-09-01,0,0
"Guinea","GIN",2013,9,36,2013-09-02,2013-09-08,0,0
"Guinea","GIN",2013,9,37,2013-09-09,2013-09-15,0,0
"Guinea","GIN",2013,9,38,2013-09-16,2013-09-22,0,0
"Guinea","GIN",2013,9,39,2013-09-23,2013-09-29,0,0
"Guinea","GIN",2013,9,40,2013-09-30,2013-10-06,0,0
"Guinea","GIN",2013,10,41,2013-10-07,2013-10-13,0,0
"Guinea","GIN",2013,10,42,2013-10-14,2013-10-20,0,0
"Guinea","GIN",2013,10,43,2013-10-21,2013-10-27,0,0
"Guinea","GIN",2013,10,44,2013-10-28,2013-11-03,0,0
"Guinea","GIN",2013,11,45,2013-11-04,2013-11-10,0,0
"Guinea","GIN",2013,11,46,2013-11-11,2013-11-17,0,0
"Guinea","GIN",2013,11,47,2013-11-18,2013-11-24,0,0
"Guinea","GIN",2013,11,48,2013-11-25,2013-12-01,0,0
"Guinea","GIN",2013,12,49,2013-12-02,2013-12-08,0,0
"Guinea","GIN",2013,12,50,2013-12-09,2013-12-15,0,0
"Guinea","GIN",2013,12,51,2013-12-16,2013-12-22,0,0
"Guinea","GIN",2013,12,52,2013-12-23,2013-12-29,0,0
"Guinea","GIN",2014,12,1,2013-12-30,2014-01-05,0,0
"Guinea","GIN",2014,1,2,2014-01-06,2014-01-12,0,0
"Guinea","GIN",2014,1,3,2014-01-13,2014-01-19,0,0
"Guinea","GIN",2014,1,4,2014-01-20,2014-01-26,0,0
"Guinea","GIN",2014,1,5,2014-01-27,2014-02-02,0,0
"Guinea","GIN",2014,2,6,2014-02-03,2014-02-09,0,0
"Guinea","GIN",2014,2,7,2014-02-10,2014-02-16,0,0
"Guinea","GIN",2014,2,8,2014-02-17,2014-02-23,0,0
"Guinea","GIN",2014,2,9,2014-02-24,2014-03-02,0,0
"Guinea","GIN",2014,3,10,2014-03-03,2014-03-09,0,0
"Guinea","GIN",2014,3,11,2014-03-10,2014-03-16,0,0
"Guinea","GIN",2014,3,12,2014-03-17,2014-03-23,0,0
"Guinea","GIN",2014,3,13,2014-03-24,2014-03-30,0,0
"Guinea","GIN",2014,3,14,2014-03-31,2014-04-06,0,0
"Guinea","GIN",2014,4,15,2014-04-07,2014-04-13,0,0
"Guinea","GIN",2014,4,16,2014-04-14,2014-04-20,0,0
"Guinea","GIN",2014,4,17,2014-04-21,2014-04-27,0,0
"Guinea","GIN",2014,4,18,2014-04-28,2014-05-04,0,0
"Guinea","GIN",2014,5,19,2014-05-05,2014-05-11,0,0
"Guinea","GIN",2014,5,20,2014-05-12,2014-05-18,0,0
"Guinea","GIN",2014,5,21,2014-05-19,2014-05-25,0,0
"Guinea","GIN",2014,5,22,2014-05-26,2014-06-01,0,0
"Guinea","GIN",2014,6,23,2014-06-02,2014-06-08,0,0
"Guinea","GIN",2014,6,24,2014-06-09,2014-06-15,0,0
"Guinea","GIN",2014,6,25,2014-06-16,2014-06-22,0,0
"Guinea","GIN",2014,6,26,2014-06-23,2014-06-29,0,0
"Guinea","GIN",2014,6,27,2014-06-30,2014-07-06,0,0
"Guinea","GIN",2014,7,28,2014-07-07,2014-07-13,0,0
"Guinea","GIN",2014,7,29,2014-07-14,2014-07-20,0,0
"Guinea","GIN",2014,7,30,2014-07-21,2014-07-27,0,0
"Guinea","GIN",2014,7,31,2014-07-28,2014-08-03,0,0
"Guinea","GIN",2014,8,32,2014-08-04,2014-08-10,0,0
"Guinea","GIN",2014,8,33,2014-08-11,2014-08-17,0,0
"Guinea","GIN",2014,8,34,2014-08-18,2014-08-24,0,0
"Guinea","GIN",2014,8,35,2014-08-25,2014-08-31,0,0
"Guinea","GIN",2014,9,36,2014-09-01,2014-09-07,0,0
"Guinea","GIN",2014,9,37,2014-09-08,2014-09-14,0,0
"Guinea","GIN",2014,9,38,2014-09-15,2014-09-21,0,0
"Guinea","GIN",2014,9,39,2014-09-22,2014-09-28,0,0
"Guinea","GIN",2014,9,40,2014-09-29,2014-10-05,0,0
"Guinea","GIN",2014,10,41,2014-10-06,2014-10-12,0,0
"Guinea","GIN",2014,10,42,2014-10-13,2014-10-19,0,0
"Guinea","GIN",2014,10,43,2014-10-20,2014-10-26,0,0
"Guinea","GIN",2014,10,44,2014-10-27,2014-11-02,0,0
"Guinea","GIN",2014,11,45,2014-11-03,2014-11-09,0,0
"Guinea","GIN",2014,11,46,2014-11-10,2014-11-16,0,0
"Guinea","GIN",2014,11,47,2014-11-17,2014-11-23,0,0
"Guinea","GIN",2014,11,48,2014-11-24,2014-11-30,0,0
"Guinea","GIN",2014,12,49,2014-12-01,2014-12-07,0,0
"Guinea","GIN",2014,12,50,2014-12-08,2014-12-14,0,0
"Guinea","GIN",2014,12,51,2014-12-15,2014-12-21,0,0
"Guinea","GIN",2014,12,52,2014-12-22,2014-12-28,0,0
"Guinea","GIN",2015,12,1,2014-12-29,2015-01-04,0,0
"Guinea","GIN",2015,1,2,2015-01-05,2015-01-11,0,0
"Guinea","GIN",2015,1,3,2015-01-12,2015-01-18,0,0
"Guinea","GIN",2015,1,4,2015-01-19,2015-01-25,0,0
"Guinea","GIN",2015,1,5,2015-01-26,2015-02-01,0,0
"Guinea","GIN",2015,2,6,2015-02-02,2015-02-08,0,0
"Guinea","GIN",2015,2,7,2015-02-09,2015-02-15,0,0
"Guinea","GIN",2015,2,8,2015-02-16,2015-02-22,0,0
"Guinea","GIN",2015,2,9,2015-02-23,2015-03-01,0,0
"Guinea","GIN",2015,3,10,2015-03-02,2015-03-08,0,0
"Guinea","GIN",2015,3,11,2015-03-09,2015-03-15,0,0
"Guinea","GIN",2015,3,12,2015-03-16,2015-03-22,0,0
"Guinea","GIN",2015,3,13,2015-03-23,2015-03-29,0,0
"Guinea","GIN",2015,3,14,2015-03-30,2015-04-05,0,0
"Guinea","GIN",2015,4,15,2015-04-06,2015-04-12,0,0
"Guinea","GIN",2015,4,16,2015-04-13,2015-04-19,0,0
"Guinea","GIN",2015,4,17,2015-04-20,2015-04-26,0,0
"Guinea","GIN",2015,4,18,2015-04-27,2015-05-03,0,0
"Guinea","GIN",2015,5,19,2015-05-04,2015-05-10,0,0
"Guinea","GIN",2015,5,20,2015-05-11,2015-05-17,0,0
"Guinea","GIN",2015,5,21,2015-05-18,2015-05-24,0,0
"Guinea","GIN",2015,5,22,2015-05-25,2015-05-31,0,0
"Guinea","GIN",2015,6,23,2015-06-01,2015-06-07,0,0
"Guinea","GIN",2015,6,24,2015-06-08,2015-06-14,0,0
"Guinea","GIN",2015,6,25,2015-06-15,2015-06-21,0,0
"Guinea","GIN",2015,6,26,2015-06-22,2015-06-28,0,0
"Guinea","GIN",2015,6,27,2015-06-29,2015-07-05,0,0
"Guinea","GIN",2015,7,28,2015-07-06,2015-07-12,0,0
"Guinea","GIN",2015,7,29,2015-07-13,2015-07-19,0,0
"Guinea","GIN",2015,7,30,2015-07-20,2015-07-26,0,0
"Guinea","GIN",2015,7,31,2015-07-27,2015-08-02,0,0
"Guinea","GIN",2015,8,32,2015-08-03,2015-08-09,0,0
"Guinea","GIN",2015,8,33,2015-08-10,2015-08-16,0,0
"Guinea","GIN",2015,8,34,2015-08-17,2015-08-23,0,0
"Guinea","GIN",2015,8,35,2015-08-24,2015-08-30,0,0
"Guinea","GIN",2015,8,36,2015-08-31,2015-09-06,0,0
"Guinea","GIN",2015,9,37,2015-09-07,2015-09-13,0,0
"Guinea","GIN",2015,9,38,2015-09-14,2015-09-20,0,0
"Guinea","GIN",2015,9,39,2015-09-21,2015-09-27,0,0
"Guinea","GIN",2015,9,40,2015-09-28,2015-10-04,0,0
"Guinea","GIN",2015,10,41,2015-10-05,2015-10-11,0,0
"Guinea","GIN",2015,10,42,2015-10-12,2015-10-18,0,0
"Guinea","GIN",2015,10,43,2015-10-19,2015-10-25,0,0
"Guinea","GIN",2015,10,44,2015-10-26,2015-11-01,0,0
"Guinea","GIN",2015,11,45,2015-11-02,2015-11-08,0,0
"Guinea","GIN",2015,11,46,2015-11-09,2015-11-15,0,0
"Guinea","GIN",2015,11,47,2015-11-16,2015-11-22,0,0
"Guinea","GIN",2015,11,48,2015-11-23,2015-11-29,0,0
"Guinea","GIN",2015,11,49,2015-11-30,2015-12-06,0,0
"Guinea","GIN",2015,12,50,2015-12-07,2015-12-13,0,0
"Guinea","GIN",2015,12,51,2015-12-14,2015-12-20,0,0
"Guinea","GIN",2015,12,52,2015-12-21,2015-12-27,0,0
"Guinea","GIN",2015,12,53,2015-12-28,2016-01-03,0,0
"Guinea","GIN",2016,1,1,2016-01-04,2016-01-10,0,0
"Guinea","GIN",2016,1,2,2016-01-11,2016-01-17,0,0
"Guinea","GIN",2016,1,3,2016-01-18,2016-01-24,0,0
"Guinea","GIN",2016,1,4,2016-01-25,2016-01-31,0,0
"Guinea","GIN",2016,2,5,2016-02-01,2016-02-07,0,0
"Guinea","GIN",2016,2,6,2016-02-08,2016-02-14,0,0
"Guinea","GIN",2016,2,7,2016-02-15,2016-02-21,0,0
"Guinea","GIN",2016,2,8,2016-02-22,2016-02-28,0,0
"Guinea","GIN",2016,2,9,2016-02-29,2016-03-06,0,0
"Guinea","GIN",2016,3,10,2016-03-07,2016-03-13,0,0
"Guinea","GIN",2016,3,11,2016-03-14,2016-03-20,0,0
"Guinea","GIN",2016,3,12,2016-03-21,2016-03-27,0,0
"Guinea","GIN",2016,3,13,2016-03-28,2016-04-03,0,0
"Guinea","GIN",2016,4,14,2016-04-04,2016-04-10,0,0
"Guinea","GIN",2016,4,15,2016-04-11,2016-04-17,0,0
"Guinea","GIN",2016,4,16,2016-04-18,2016-04-24,0,0
"Guinea","GIN",2016,4,17,2016-04-25,2016-05-01,0,0
"Guinea","GIN",2016,5,18,2016-05-02,2016-05-08,0,0
"Guinea","GIN",2016,5,19,2016-05-09,2016-05-15,0,0
"Guinea","GIN",2016,5,20,2016-05-16,2016-05-22,0,0
"Guinea","GIN",2016,5,21,2016-05-23,2016-05-29,0,0
"Guinea","GIN",2016,5,22,2016-05-30,2016-06-05,0,0
"Guinea","GIN",2016,6,23,2016-06-06,2016-06-12,0,0
"Guinea","GIN",2016,6,24,2016-06-13,2016-06-19,0,0
"Guinea","GIN",2016,6,25,2016-06-20,2016-06-26,0,0
"Guinea","GIN",2016,6,26,2016-06-27,2016-07-03,0,0
"Guinea","GIN",2016,7,27,2016-07-04,2016-07-10,0,0
"Guinea","GIN",2016,7,28,2016-07-11,2016-07-17,0,0
"Guinea","GIN",2016,7,29,2016-07-18,2016-07-24,0,0
"Guinea","GIN",2016,7,30,2016-07-25,2016-07-31,0,0
"Guinea","GIN",2016,8,31,2016-08-01,2016-08-07,0,0
"Guinea","GIN",2016,8,32,2016-08-08,2016-08-14,0,0
"Guinea","GIN",2016,8,33,2016-08-15,2016-08-21,0,0
"Guinea","GIN",2016,8,34,2016-08-22,2016-08-28,0,0
"Guinea","GIN",2016,8,35,2016-08-29,2016-09-04,0,0
"Guinea","GIN",2016,9,36,2016-09-05,2016-09-11,0,0
"Guinea","GIN",2016,9,37,2016-09-12,2016-09-18,0,0
"Guinea","GIN",2016,9,38,2016-09-19,2016-09-25,0,0
"Guinea","GIN",2016,9,39,2016-09-26,2016-10-02,0,0
"Guinea","GIN",2016,10,40,2016-10-03,2016-10-09,0,0
"Guinea","GIN",2016,10,41,2016-10-10,2016-10-16,0,0
"Guinea","GIN",2016,10,42,2016-10-17,2016-10-23,0,0
"Guinea","GIN",2016,10,43,2016-10-24,2016-10-30,0,0
"Guinea","GIN",2016,10,44,2016-10-31,2016-11-06,0,0
"Guinea","GIN",2016,11,45,2016-11-07,2016-11-13,0,0
"Guinea","GIN",2016,11,46,2016-11-14,2016-11-20,0,0
"Guinea","GIN",2016,11,47,2016-11-21,2016-11-27,0,0
"Guinea","GIN",2016,11,48,2016-11-28,2016-12-04,0,0
"Guinea","GIN",2016,12,49,2016-12-05,2016-12-11,0,0
"Guinea","GIN",2016,12,50,2016-12-12,2016-12-18,0,0
"Guinea","GIN",2016,12,51,2016-12-19,2016-12-25,0,0
"Guinea","GIN",2016,12,52,2016-12-26,2017-01-01,0,0
"Guinea","GIN",2017,1,1,2017-01-02,2017-01-08,0,0
"Guinea","GIN",2017,1,2,2017-01-09,2017-01-15,0,0
"Guinea","GIN",2017,1,3,2017-01-16,2017-01-22,0,0
"Guinea","GIN",2017,1,4,2017-01-23,2017-01-29,0,0
"Guinea","GIN",2017,1,5,2017-01-30,2017-02-05,0,0
"Guinea","GIN",2017,2,6,2017-02-06,2017-02-12,0,0
"Guinea","GIN",2017,2,7,2017-02-13,2017-02-19,0,0
"Guinea","GIN",2017,2,8,2017-02-20,2017-02-26,0,0
"Guinea","GIN",2017,2,9,2017-02-27,2017-03-05,0,0
"Guinea","GIN",2017,3,10,2017-03-06,2017-03-12,0,0
"Guinea","GIN",2017,3,11,2017-03-13,2017-03-19,0,0
"Guinea","GIN",2017,3,12,2017-03-20,2017-03-26,0,0
"Guinea","GIN",2017,3,13,2017-03-27,2017-04-02,0,0
"Guinea","GIN",2017,4,14,2017-04-03,2017-04-09,0,0
"Guinea","GIN",2017,4,15,2017-04-10,2017-04-16,0,0
"Guinea","GIN",2017,4,16,2017-04-17,2017-04-23,0,0
"Guinea","GIN",2017,4,17,2017-04-24,2017-04-30,0,0
"Guinea","GIN",2017,5,18,2017-05-01,2017-05-07,0,0
"Guinea","GIN",2017,5,19,2017-05-08,2017-05-14,0,0
"Guinea","GIN",2017,5,20,2017-05-15,2017-05-21,0,0
"Guinea","GIN",2017,5,21,2017-05-22,2017-05-28,1,0
"Guinea","GIN",2017,5,22,2017-05-29,2017-06-04,0,0
"Guinea","GIN",2017,6,23,2017-06-05,2017-06-11,0,0
"Guinea","GIN",2017,6,24,2017-06-12,2017-06-18,0,0
"Guinea","GIN",2017,6,25,2017-06-19,2017-06-25,0,0
"Guinea","GIN",2017,6,26,2017-06-26,2017-07-02,0,0
"Guinea","GIN",2017,7,27,2017-07-03,2017-07-09,0,0
"Guinea","GIN",2017,7,28,2017-07-10,2017-07-16,0,0
"Guinea","GIN",2017,7,29,2017-07-17,2017-07-23,0,0
"Guinea","GIN",2017,7,30,2017-07-24,2017-07-30,0,0
"Guinea","GIN",2017,7,31,2017-07-31,2017-08-06,0,0
"Guinea","GIN",2017,8,32,2017-08-07,2017-08-13,0,0
"Guinea","GIN",2017,8,33,2017-08-14,2017-08-20,0,0
"Guinea","GIN",2017,8,34,2017-08-21,2017-08-27,0,0
"Guinea","GIN",2017,8,35,2017-08-28,2017-09-03,0,0
"Guinea","GIN",2017,9,36,2017-09-04,2017-09-10,0,0
"Guinea","GIN",2017,9,37,2017-09-11,2017-09-17,0,0
"Guinea","GIN",2017,9,38,2017-09-18,2017-09-24,0,0
"Guinea","GIN",2017,9,39,2017-09-25,2017-10-01,0,0
"Guinea","GIN",2017,10,40,2017-10-02,2017-10-08,0,0
"Guinea","GIN",2017,10,41,2017-10-09,2017-10-15,0,0
"Guinea","GIN",2017,10,42,2017-10-16,2017-10-22,0,0
"Guinea","GIN",2017,10,43,2017-10-23,2017-10-29,0,0
"Guinea","GIN",2017,10,44,2017-10-30,2017-11-05,0,0
"Guinea","GIN",2017,11,45,2017-11-06,2017-11-12,0,0
"Guinea","GIN",2017,11,46,2017-11-13,2017-11-19,0,0
"Guinea","GIN",2017,11,47,2017-11-20,2017-11-26,0,0
"Guinea","GIN",2017,11,48,2017-11-27,2017-12-03,0,0
"Guinea","GIN",2017,12,49,2017-12-04,2017-12-10,0,0
"Guinea","GIN",2017,12,50,2017-12-11,2017-12-17,0,0
"Guinea","GIN",2017,12,51,2017-12-18,2017-12-24,0,0
"Guinea","GIN",2017,12,52,2017-12-25,2017-12-31,0,0
"Guinea","GIN",2018,1,1,2018-01-01,2018-01-07,0,0
"Guinea","GIN",2018,1,2,2018-01-08,2018-01-14,0,0
"Guinea","GIN",2018,1,3,2018-01-15,2018-01-21,0,0
"Guinea","GIN",2018,1,4,2018-01-22,2018-01-28,0,0
"Guinea","GIN",2018,1,5,2018-01-29,2018-02-04,0,0
"Guinea","GIN",2018,2,6,2018-02-05,2018-02-11,1,0
"Guinea","GIN",2018,2,7,2018-02-12,2018-02-18,0,0
"Guinea","GIN",2018,2,8,2018-02-19,2018-02-25,0,0
"Guinea","GIN",2018,2,9,2018-02-26,2018-03-04,0,0
"Guinea","GIN",2018,3,10,2018-03-05,2018-03-11,0,0
"Guinea","GIN",2018,3,11,2018-03-12,2018-03-18,0,0
"Guinea","GIN",2018,3,12,2018-03-19,2018-03-25,0,0
"Guinea","GIN",2018,3,13,2018-03-26,2018-04-01,0,0
"Guinea","GIN",2018,4,14,2018-04-02,2018-04-08,0,0
"Guinea","GIN",2018,4,15,2018-04-09,2018-04-15,0,0
"Guinea","GIN",2018,4,16,2018-04-16,2018-04-22,0,0
"Guinea","GIN",2018,4,17,2018-04-23,2018-04-29,1,0
"Guinea","GIN",2018,4,18,2018-04-30,2018-05-06,0,0
"Guinea","GIN",2018,5,19,2018-05-07,2018-05-13,0,0
"Guinea","GIN",2018,5,20,2018-05-14,2018-05-20,0,0
"Guinea","GIN",2018,5,21,2018-05-21,2018-05-27,0,0
"Guinea","GIN",2018,5,22,2018-05-28,2018-06-03,0,0
"Guinea","GIN",2018,6,23,2018-06-04,2018-06-10,0,0
"Guinea","GIN",2018,6,24,2018-06-11,2018-06-17,0,0
"Guinea","GIN",2018,6,25,2018-06-18,2018-06-24,0,0
"Guinea","GIN",2018,6,26,2018-06-25,2018-07-01,1,0
"Guinea","GIN",2018,7,27,2018-07-02,2018-07-08,1,0
"Guinea","GIN",2018,7,28,2018-07-09,2018-07-15,0,0
"Guinea","GIN",2018,7,29,2018-07-16,2018-07-22,0,0
"Guinea","GIN",2018,7,30,2018-07-23,2018-07-29,0,0
"Guinea","GIN",2018,7,31,2018-07-30,2018-08-05,0,0
"Guinea","GIN",2018,8,32,2018-08-06,2018-08-12,0,0
"Guinea","GIN",2018,8,33,2018-08-13,2018-08-19,0,0
"Guinea","GIN",2018,8,34,2018-08-20,2018-08-26,0,0
"Guinea","GIN",2018,8,35,2018-08-27,2018-09-02,0,0
"Guinea","GIN",2018,9,36,2018-09-03,2018-09-09,0,0
"Guinea","GIN",2018,9,37,2018-09-10,2018-09-16,0,0
"Guinea","GIN",2018,9,38,2018-09-17,2018-09-23,0,0
"Guinea","GIN",2018,9,39,2018-09-24,2018-09-30,0,0
"Guinea","GIN",2018,10,40,2018-10-01,2018-10-07,0,0
"Guinea","GIN",2018,10,41,2018-10-08,2018-10-14,0,0
"Guinea","GIN",2018,10,42,2018-10-15,2018-10-21,0,0
"Guinea","GIN",2018,10,43,2018-10-22,2018-10-28,0,0
"Guinea","GIN",2018,10,44,2018-10-29,2018-11-04,0,0
"Guinea","GIN",2018,11,45,2018-11-05,2018-11-11,0,0
"Guinea","GIN",2018,11,46,2018-11-12,2018-11-18,0,0
"Guinea","GIN",2018,11,47,2018-11-19,2018-11-25,2,0
"Guinea","GIN",2018,11,48,2018-11-26,2018-12-02,0,0
"Guinea","GIN",2018,12,49,2018-12-03,2018-12-09,0,0
"Guinea","GIN",2018,12,50,2018-12-10,2018-12-16,0,0
"Guinea","GIN",2018,12,51,2018-12-17,2018-12-23,0,0
"Guinea","GIN",2018,12,52,2018-12-24,2018-12-30,0,0
"Guinea","GIN",2019,12,1,2018-12-31,2019-01-06,0,0
"Guinea","GIN",2019,1,2,2019-01-07,2019-01-13,0,0
"Guinea","GIN",2019,1,3,2019-01-14,2019-01-20,0,0
"Guinea","GIN",2019,1,4,2019-01-21,2019-01-27,0,0
"Guinea","GIN",2019,1,5,2019-01-28,2019-02-03,0,0
"Guinea","GIN",2019,2,6,2019-02-04,2019-02-10,0,0
"Guinea","GIN",2019,2,7,2019-02-11,2019-02-17,0,0
"Guinea","GIN",2019,2,8,2019-02-18,2019-02-24,0,0
"Guinea","GIN",2019,2,9,2019-02-25,2019-03-03,0,0
"Guinea","GIN",2019,3,10,2019-03-04,2019-03-10,0,0
"Guinea","GIN",2019,3,11,2019-03-11,2019-03-17,0,0
"Guinea","GIN",2019,3,12,2019-03-18,2019-03-24,0,0
"Guinea","GIN",2019,3,13,2019-03-25,2019-03-31,0,0
"Guinea","GIN",2019,4,14,2019-04-01,2019-04-07,0,0
"Guinea","GIN",2019,4,15,2019-04-08,2019-04-14,0,0
"Guinea","GIN",2019,4,16,2019-04-15,2019-04-21,0,0
"Guinea","GIN",2019,4,17,2019-04-22,2019-04-28,0,0
"Guinea","GIN",2019,4,18,2019-04-29,2019-05-05,0,0
"Guinea","GIN",2019,5,19,2019-05-06,2019-05-12,0,0
"Guinea","GIN",2019,5,20,2019-05-13,2019-05-19,0,0
"Guinea","GIN",2019,5,21,2019-05-20,2019-05-26,0,0
"Guinea","GIN",2019,5,22,2019-05-27,2019-06-02,0,0
"Guinea","GIN",2019,6,23,2019-06-03,2019-06-09,0,0
"Guinea","GIN",2019,6,24,2019-06-10,2019-06-16,0,0
"Guinea","GIN",2019,6,25,2019-06-17,2019-06-23,0,0
"Guinea","GIN",2019,6,26,2019-06-24,2019-06-30,0,0
"Guinea","GIN",2019,7,27,2019-07-01,2019-07-07,0,0
"Guinea","GIN",2019,7,28,2019-07-08,2019-07-14,0,0
"Guinea","GIN",2019,7,29,2019-07-15,2019-07-21,0,0
"Guinea","GIN",2019,7,30,2019-07-22,2019-07-28,0,0
"Guinea","GIN",2019,7,31,2019-07-29,2019-08-04,0,0
"Guinea","GIN",2019,8,32,2019-08-05,2019-08-11,0,0
"Guinea","GIN",2019,8,33,2019-08-12,2019-08-18,0,0
"Guinea","GIN",2019,8,34,2019-08-19,2019-08-25,0,0
"Guinea","GIN",2019,8,35,2019-08-26,2019-09-01,0,0
"Guinea","GIN",2019,9,36,2019-09-02,2019-09-08,0,0
"Guinea","GIN",2019,9,37,2019-09-09,2019-09-15,0,0
"Guinea","GIN",2019,9,38,2019-09-16,2019-09-22,0,0
"Guinea","GIN",2019,9,39,2019-09-23,2019-09-29,0,0
"Guinea","GIN",2019,9,40,2019-09-30,2019-10-06,0,0
"Guinea","GIN",2019,10,41,2019-10-07,2019-10-13,0,0
"Guinea","GIN",2019,10,42,2019-10-14,2019-10-20,0,0
"Guinea","GIN",2019,10,43,2019-10-21,2019-10-27,0,0
"Guinea","GIN",2019,10,44,2019-10-28,2019-11-03,0,0
"Guinea","GIN",2019,11,45,2019-11-04,2019-11-10,0,0
"Guinea","GIN",2019,11,46,2019-11-11,2019-11-17,0,0
"Guinea","GIN",2019,11,47,2019-11-18,2019-11-24,0,0
"Guinea","GIN",2019,11,48,2019-11-25,2019-12-01,0,0
"Guinea","GIN",2019,12,49,2019-12-02,2019-12-08,0,0
"Guinea","GIN",2019,12,50,2019-12-09,2019-12-15,0,0
"Guinea","GIN",2019,12,51,2019-12-16,2019-12-22,0,0
"Guinea","GIN",2019,12,52,2019-12-23,2019-12-29,0,0
"Guinea","GIN",2020,12,1,2019-12-30,2020-01-05,0,0
"Guinea","GIN",2020,1,2,2020-01-06,2020-01-12,0,0
"Guinea","GIN",2020,1,3,2020-01-13,2020-01-19,0,0
"Guinea","GIN",2020,1,4,2020-01-20,2020-01-26,0,0
"Guinea","GIN",2020,1,5,2020-01-27,2020-02-02,0,0
"Guinea","GIN",2020,2,6,2020-02-03,2020-02-09,0,0
"Guinea","GIN",2020,2,7,2020-02-10,2020-02-16,0,0
"Guinea","GIN",2020,2,8,2020-02-17,2020-02-23,0,0
"Guinea","GIN",2020,2,9,2020-02-24,2020-03-01,0,0
"Guinea","GIN",2020,3,10,2020-03-02,2020-03-08,0,0
"Guinea","GIN",2020,3,11,2020-03-09,2020-03-15,0,0
"Guinea","GIN",2020,3,12,2020-03-16,2020-03-22,0,0
"Guinea","GIN",2020,3,13,2020-03-23,2020-03-29,0,0
"Guinea","GIN",2020,3,14,2020-03-30,2020-04-05,0,0
"Guinea","GIN",2020,4,15,2020-04-06,2020-04-12,0,0
"Guinea","GIN",2020,4,16,2020-04-13,2020-04-19,0,0
"Guinea","GIN",2020,4,17,2020-04-20,2020-04-26,0,0
"Guinea","GIN",2020,4,18,2020-04-27,2020-05-03,0,0
"Guinea","GIN",2020,5,19,2020-05-04,2020-05-10,0,0
"Guinea","GIN",2020,5,20,2020-05-11,2020-05-17,0,0
"Guinea","GIN",2020,5,21,2020-05-18,2020-05-24,0,0
"Guinea","GIN",2020,5,22,2020-05-25,2020-05-31,0,0
"Guinea","GIN",2020,6,23,2020-06-01,2020-06-07,0,0
"Guinea","GIN",2020,6,24,2020-06-08,2020-06-14,0,0
"Guinea","GIN",2020,6,25,2020-06-15,2020-06-21,0,0
"Guinea","GIN",2020,6,26,2020-06-22,2020-06-28,0,0
"Guinea","GIN",2020,6,27,2020-06-29,2020-07-05,0,0
"Guinea","GIN",2020,7,28,2020-07-06,2020-07-12,0,0
"Guinea","GIN",2020,7,29,2020-07-13,2020-07-19,0,0
"Guinea","GIN",2020,7,30,2020-07-20,2020-07-26,0,0
"Guinea","GIN",2020,7,31,2020-07-27,2020-08-02,0,0
"Guinea","GIN",2020,8,32,2020-08-03,2020-08-09,0,0
"Guinea","GIN",2020,8,33,2020-08-10,2020-08-16,0,0
"Guinea","GIN",2020,8,34,2020-08-17,2020-08-23,0,0
"Guinea","GIN",2020,8,35,2020-08-24,2020-08-30,0,0
"Guinea","GIN",2020,8,36,2020-08-31,2020-09-06,0,0
"Guinea","GIN",2020,9,37,2020-09-07,2020-09-13,0,0
"Guinea","GIN",2020,9,38,2020-09-14,2020-09-20,0,0
"Guinea","GIN",2020,9,39,2020-09-21,2020-09-27,0,0
"Guinea","GIN",2020,9,40,2020-09-28,2020-10-04,0,0
"Guinea","GIN",2020,10,41,2020-10-05,2020-10-11,0,0
"Guinea","GIN",2020,10,42,2020-10-12,2020-10-18,0,0
"Guinea","GIN",2020,10,43,2020-10-19,2020-10-25,0,0
"Guinea","GIN",2020,10,44,2020-10-26,2020-11-01,0,0
"Guinea","GIN",2020,11,45,2020-11-02,2020-11-08,0,0
"Guinea","GIN",2020,11,46,2020-11-09,2020-11-15,0,0
"Guinea","GIN",2020,11,47,2020-11-16,2020-11-22,0,0
"Guinea","GIN",2020,11,48,2020-11-23,2020-11-29,0,0
"Guinea","GIN",2020,11,49,2020-11-30,2020-12-06,0,0
"Guinea","GIN",2020,12,50,2020-12-07,2020-12-13,0,0
"Guinea","GIN",2020,12,51,2020-12-14,2020-12-20,0,0
"Guinea","GIN",2020,12,52,2020-12-21,2020-12-27,0,0
"Guinea","GIN",2020,12,53,2020-12-28,2021-01-03,0,0
"Guinea","GIN",2021,1,1,2021-01-04,2021-01-10,0,0
"Guinea","GIN",2021,1,2,2021-01-11,2021-01-17,0,0
"Guinea","GIN",2021,1,3,2021-01-18,2021-01-24,0,0
"Guinea","GIN",2021,1,4,2021-01-25,2021-01-31,0,0
"Guinea","GIN",2021,2,5,2021-02-01,2021-02-07,0,0
"Guinea","GIN",2021,2,6,2021-02-08,2021-02-14,0,0
"Guinea","GIN",2021,2,7,2021-02-15,2021-02-21,0,0
"Guinea","GIN",2021,2,8,2021-02-22,2021-02-28,0,0
"Guinea","GIN",2021,3,9,2021-03-01,2021-03-07,0,0
"Guinea","GIN",2021,3,10,2021-03-08,2021-03-14,0,0
"Guinea","GIN",2021,3,11,2021-03-15,2021-03-21,0,0
"Guinea","GIN",2021,3,12,2021-03-22,2021-03-28,0,0
"Guinea","GIN",2021,3,13,2021-03-29,2021-04-04,0,0
"Guinea","GIN",2021,4,14,2021-04-05,2021-04-11,0,0
"Guinea","GIN",2021,4,15,2021-04-12,2021-04-18,0,0
"Guinea","GIN",2021,4,16,2021-04-19,2021-04-25,0,0
"Guinea","GIN",2021,4,17,2021-04-26,2021-05-02,0,0
"Guinea","GIN",2021,5,18,2021-05-03,2021-05-09,0,0
"Guinea","GIN",2021,5,19,2021-05-10,2021-05-16,0,0
"Guinea","GIN",2021,5,20,2021-05-17,2021-05-23,0,0
"Guinea","GIN",2021,5,21,2021-05-24,2021-05-30,0,0
"Guinea","GIN",2021,5,22,2021-05-31,2021-06-06,0,0
"Guinea","GIN",2021,6,23,2021-06-07,2021-06-13,0,0
"Guinea","GIN",2021,6,24,2021-06-14,2021-06-20,0,0
"Guinea","GIN",2021,6,25,2021-06-21,2021-06-27,0,0
"Guinea","GIN",2021,6,26,2021-06-28,2021-07-04,0,0
"Guinea","GIN",2021,7,27,2021-07-05,2021-07-11,0,0
"Guinea","GIN",2021,7,28,2021-07-12,2021-07-18,0,0
"Guinea","GIN",2021,7,29,2021-07-19,2021-07-25,0,0
"Guinea","GIN",2021,7,30,2021-07-26,2021-08-01,0,0
"Guinea","GIN",2021,8,31,2021-08-02,2021-08-08,0,0
"Guinea","GIN",2021,8,32,2021-08-09,2021-08-15,0,0
"Guinea","GIN",2021,8,33,2021-08-16,2021-08-22,0,0
"Guinea","GIN",2021,8,34,2021-08-23,2021-08-29,0,0
"Guinea","GIN",2021,8,35,2021-08-30,2021-09-05,0,0
"Guinea","GIN",2021,9,36,2021-09-06,2021-09-12,0,0
"Guinea","GIN",2021,9,37,2021-09-13,2021-09-19,0,0
"Guinea","GIN",2021,9,38,2021-09-20,2021-09-26,0,0
"Guinea","GIN",2021,9,39,2021-09-27,2021-10-03,0,0
"Guinea","GIN",2021,10,40,2021-10-04,2021-10-10,0,0
"Guinea","GIN",2021,10,41,2021-10-11,2021-10-17,0,0
"Guinea","GIN",2021,10,42,2021-10-18,2021-10-24,0,0
"Guinea","GIN",2021,10,43,2021-10-25,2021-10-31,0,0
"Guinea","GIN",2021,11,44,2021-11-01,2021-11-07,0,0
"Guinea","GIN",2021,11,45,2021-11-08,2021-11-14,0,0
"Guinea","GIN",2021,11,46,2021-11-15,2021-11-21,0,0
"Guinea","GIN",2021,11,47,2021-11-22,2021-11-28,0,0
"Guinea","GIN",2021,11,48,2021-11-29,2021-12-05,0,0
"Guinea","GIN",2021,12,49,2021-12-06,2021-12-12,0,0
"Guinea","GIN",2021,12,50,2021-12-13,2021-12-19,0,0
"Guinea","GIN",2021,12,51,2021-12-20,2021-12-26,0,0
"Guinea","GIN",2021,12,52,2021-12-27,2022-01-02,0,0
"Guinea","GIN",2022,1,1,2022-01-03,2022-01-09,0,0
"Guinea","GIN",2022,1,2,2022-01-10,2022-01-16,0,0
"Guinea","GIN",2022,1,3,2022-01-17,2022-01-23,0,0
"Guinea","GIN",2022,1,4,2022-01-24,2022-01-30,0,0
"Guinea","GIN",2022,1,5,2022-01-31,2022-02-06,0,0
"Guinea","GIN",2022,2,6,2022-02-07,2022-02-13,0,0
"Guinea","GIN",2022,2,7,2022-02-14,2022-02-20,0,0
"Guinea","GIN",2022,2,8,2022-02-21,2022-02-27,0,0
"Guinea","GIN",2022,2,9,2022-02-28,2022-03-06,0,0
"Guinea","GIN",2022,3,10,2022-03-07,2022-03-13,0,0
"Guinea","GIN",2022,3,11,2022-03-14,2022-03-20,0,0
"Guinea","GIN",2022,3,12,2022-03-21,2022-03-27,0,0
"Guinea","GIN",2022,3,13,2022-03-28,2022-04-03,0,0
"Guinea","GIN",2022,4,14,2022-04-04,2022-04-10,0,0
"Guinea","GIN",2022,4,15,2022-04-11,2022-04-17,0,0
"Guinea","GIN",2022,4,16,2022-04-18,2022-04-24,0,0
"Guinea","GIN",2022,4,17,2022-04-25,2022-05-01,0,0
"Guinea","GIN",2022,5,18,2022-05-02,2022-05-08,0,0
"Guinea","GIN",2022,5,19,2022-05-09,2022-05-15,0,0
"Guinea","GIN",2022,5,20,2022-05-16,2022-05-22,0,0
"Guinea","GIN",2022,5,21,2022-05-23,2022-05-29,0,0
"Guinea","GIN",2022,5,22,2022-05-30,2022-06-05,0,0
"Guinea","GIN",2022,6,23,2022-06-06,2022-06-12,0,0
"Guinea","GIN",2022,6,24,2022-06-13,2022-06-19,0,0
"Guinea","GIN",2022,6,25,2022-06-20,2022-06-26,0,0
"Guinea","GIN",2022,6,26,2022-06-27,2022-07-03,0,0
"Guinea","GIN",2022,7,27,2022-07-04,2022-07-10,0,0
"Guinea","GIN",2022,7,28,2022-07-11,2022-07-17,0,0
"Guinea","GIN",2022,7,29,2022-07-18,2022-07-24,0,0
"Guinea","GIN",2022,7,30,2022-07-25,2022-07-31,0,0
"Guinea","GIN",2022,8,31,2022-08-01,2022-08-07,0,0
"Guinea","GIN",2022,8,32,2022-08-08,2022-08-14,0,0
"Guinea","GIN",2022,8,33,2022-08-15,2022-08-21,0,0
"Guinea","GIN",2022,8,34,2022-08-22,2022-08-28,0,0
"Guinea","GIN",2022,8,35,2022-08-29,2022-09-04,0,0
"Guinea","GIN",2022,9,36,2022-09-05,2022-09-11,0,0
"Guinea","GIN",2022,9,37,2022-09-12,2022-09-18,0,0
"Guinea","GIN",2022,9,38,2022-09-19,2022-09-25,0,0
"Guinea","GIN",2022,9,39,2022-09-26,2022-10-02,0,0
"Guinea","GIN",2022,10,40,2022-10-03,2022-10-09,0,0
"Guinea","GIN",2022,10,41,2022-10-10,2022-10-16,0,0
"Guinea","GIN",2022,10,42,2022-10-17,2022-10-23,0,0
"Guinea","GIN",2022,10,43,2022-10-24,2022-10-30,0,0
"Guinea","GIN",2022,10,44,2022-10-31,2022-11-06,0,0
"Guinea","GIN",2022,11,45,2022-11-07,2022-11-13,0,0
"Guinea","GIN",2022,11,46,2022-11-14,2022-11-20,0,0
"Guinea","GIN",2022,11,47,2022-11-21,2022-11-27,0,0
"Guinea","GIN",2022,11,48,2022-11-28,2022-12-04,0,0
"Guinea","GIN",2022,12,49,2022-12-05,2022-12-11,0,0
"Guinea","GIN",2022,12,50,2022-12-12,2022-12-18,0,0
"Guinea","GIN",2022,12,51,2022-12-19,2022-12-25,0,0
"Guinea","GIN",2022,12,52,2022-12-26,2023-01-01,0,0
"Guinea","GIN",2023,1,1,2023-01-02,2023-01-08,0,0
"Guinea","GIN",2023,1,2,2023-01-09,2023-01-15,0,0
"Guinea","GIN",2023,1,3,2023-01-16,2023-01-22,0,0
"Guinea","GIN",2023,1,4,2023-01-23,2023-01-29,0,0
"Guinea","GIN",2023,1,5,2023-01-30,2023-02-05,0,0
"Guinea","GIN",2023,2,6,2023-02-06,2023-02-12,0,0
"Guinea","GIN",2023,2,7,2023-02-13,2023-02-19,0,0
"Guinea","GIN",2023,2,8,2023-02-20,2023-02-26,0,0
"Guinea","GIN",2023,2,9,2023-02-27,2023-03-05,0,0
"Guinea","GIN",2023,3,10,2023-03-06,2023-03-12,0,0
"Guinea","GIN",2023,3,11,2023-03-13,2023-03-19,0,0
"Guinea","GIN",2023,3,12,2023-03-20,2023-03-26,0,0
"Guinea","GIN",2023,3,13,2023-03-27,2023-04-02,0,0
"Guinea","GIN",2023,4,14,2023-04-03,2023-04-09,0,0
"Guinea","GIN",2023,4,15,2023-04-10,2023-04-16,0,0
"Guinea","GIN",2023,4,16,2023-04-17,2023-04-23,0,0
"Guinea","GIN",2023,4,17,2023-04-24,2023-04-30,0,0
"Guinea","GIN",2023,5,18,2023-05-01,2023-05-07,0,0
"Guinea","GIN",2023,5,19,2023-05-08,2023-05-14,0,0
"Guinea","GIN",2023,5,20,2023-05-15,2023-05-21,0,0
"Guinea","GIN",2023,5,21,2023-05-22,2023-05-28,0,0
"Guinea","GIN",2023,5,22,2023-05-29,2023-06-04,0,0
"Guinea","GIN",2023,6,23,2023-06-05,2023-06-11,0,0
"Guinea","GIN",2023,6,24,2023-06-12,2023-06-18,0,0
"Guinea","GIN",2023,6,25,2023-06-19,2023-06-25,0,0
"Guinea","GIN",2023,6,26,2023-06-26,2023-07-02,0,0
"Guinea","GIN",2023,7,27,2023-07-03,2023-07-09,0,0
"Guinea","GIN",2023,7,28,2023-07-10,2023-07-16,0,0
"Guinea","GIN",2023,7,29,2023-07-17,2023-07-23,0,0
"Guinea","GIN",2023,7,30,2023-07-24,2023-07-30,0,0
"Guinea","GIN",2023,7,31,2023-07-31,2023-08-06,0,0
"Guinea","GIN",2023,8,32,2023-08-07,2023-08-13,0,0
"Guinea","GIN",2023,8,33,2023-08-14,2023-08-20,0,0
"Guinea","GIN",2023,8,34,2023-08-21,2023-08-27,0,0
"Guinea","GIN",2023,8,35,2023-08-28,2023-09-03,0,0
"Guinea","GIN",2023,9,36,2023-09-04,2023-09-10,0,0
"Guinea","GIN",2023,9,37,2023-09-11,2023-09-17,0,0
"Guinea","GIN",2023,9,38,2023-09-18,2023-09-24,0,0
"Guinea","GIN",2023,9,39,2023-09-25,2023-10-01,0,0
"Guinea","GIN",2023,10,40,2023-10-02,2023-10-08,0,0
"Guinea","GIN",2023,10,41,2023-10-09,2023-10-15,0,0
"Guinea","GIN",2023,10,42,2023-10-16,2023-10-22,0,0
"Guinea","GIN",2023,10,43,2023-10-23,2023-10-29,0,0
"Guinea","GIN",2023,10,44,2023-10-30,2023-11-05,0,0
"Guinea","GIN",2023,11,45,2023-11-06,2023-11-12,0,0
"Guinea","GIN",2023,11,46,2023-11-13,2023-11-19,0,0
"Guinea-Bissau","GNB",2014,11,45,2014-11-03,2014-11-09,0,0
"Guinea-Bissau","GNB",2014,11,46,2014-11-10,2014-11-16,0,0
"Guinea-Bissau","GNB",2014,11,47,2014-11-17,2014-11-23,0,0
"Guinea-Bissau","GNB",2014,11,48,2014-11-24,2014-11-30,0,0
"Guinea-Bissau","GNB",2014,12,49,2014-12-01,2014-12-07,0,0
"Guinea-Bissau","GNB",2014,12,50,2014-12-08,2014-12-14,0,0
"Guinea-Bissau","GNB",2014,12,51,2014-12-15,2014-12-21,0,0
"Guinea-Bissau","GNB",2014,12,52,2014-12-22,2014-12-28,0,0
"Guinea-Bissau","GNB",2015,12,1,2014-12-29,2015-01-04,0,0
"Guinea-Bissau","GNB",2015,1,2,2015-01-05,2015-01-11,0,0
"Guinea-Bissau","GNB",2015,1,3,2015-01-12,2015-01-18,0,0
"Guinea-Bissau","GNB",2015,1,4,2015-01-19,2015-01-25,0,0
"Guinea-Bissau","GNB",2015,1,5,2015-01-26,2015-02-01,0,0
"Guinea-Bissau","GNB",2015,2,6,2015-02-02,2015-02-08,0,0
"Guinea-Bissau","GNB",2015,2,7,2015-02-09,2015-02-15,0,0
"Guinea-Bissau","GNB",2015,2,8,2015-02-16,2015-02-22,0,0
"Guinea-Bissau","GNB",2015,2,9,2015-02-23,2015-03-01,0,0
"Guinea-Bissau","GNB",2015,3,10,2015-03-02,2015-03-08,0,0
"Guinea-Bissau","GNB",2015,3,11,2015-03-09,2015-03-15,0,0
"Guinea-Bissau","GNB",2015,3,12,2015-03-16,2015-03-22,0,0
"Guinea-Bissau","GNB",2015,3,13,2015-03-23,2015-03-29,0,0
"Guinea-Bissau","GNB",2015,3,14,2015-03-30,2015-04-05,0,0
"Guinea-Bissau","GNB",2015,4,15,2015-04-06,2015-04-12,0,0
"Guinea-Bissau","GNB",2015,4,16,2015-04-13,2015-04-19,0,0
"Guinea-Bissau","GNB",2015,4,17,2015-04-20,2015-04-26,0,0
"Guinea-Bissau","GNB",2015,4,18,2015-04-27,2015-05-03,0,0
"Guinea-Bissau","GNB",2015,5,19,2015-05-04,2015-05-10,0,0
"Guinea-Bissau","GNB",2015,5,20,2015-05-11,2015-05-17,0,0
"Guinea-Bissau","GNB",2015,5,21,2015-05-18,2015-05-24,0,0
"Guinea-Bissau","GNB",2015,5,22,2015-05-25,2015-05-31,0,0
"Guinea-Bissau","GNB",2015,6,23,2015-06-01,2015-06-07,0,0
"Guinea-Bissau","GNB",2015,6,24,2015-06-08,2015-06-14,0,0
"Guinea-Bissau","GNB",2015,6,25,2015-06-15,2015-06-21,0,0
"Guinea-Bissau","GNB",2015,6,26,2015-06-22,2015-06-28,0,0
"Guinea-Bissau","GNB",2015,6,27,2015-06-29,2015-07-05,0,0
"Guinea-Bissau","GNB",2015,7,28,2015-07-06,2015-07-12,0,0
"Guinea-Bissau","GNB",2015,7,29,2015-07-13,2015-07-19,0,0
"Guinea-Bissau","GNB",2015,7,30,2015-07-20,2015-07-26,0,0
"Guinea-Bissau","GNB",2015,7,31,2015-07-27,2015-08-02,0,0
"Guinea-Bissau","GNB",2015,8,32,2015-08-03,2015-08-09,0,0
"Guinea-Bissau","GNB",2015,8,33,2015-08-10,2015-08-16,0,0
"Guinea-Bissau","GNB",2015,8,34,2015-08-17,2015-08-23,0,0
"Guinea-Bissau","GNB",2015,8,35,2015-08-24,2015-08-30,0,0
"Guinea-Bissau","GNB",2015,8,36,2015-08-31,2015-09-06,0,0
"Guinea-Bissau","GNB",2015,9,37,2015-09-07,2015-09-13,0,0
"Guinea-Bissau","GNB",2015,9,38,2015-09-14,2015-09-20,0,0
"Guinea-Bissau","GNB",2015,9,39,2015-09-21,2015-09-27,0,0
"Guinea-Bissau","GNB",2015,9,40,2015-09-28,2015-10-04,0,0
"Guinea-Bissau","GNB",2015,10,41,2015-10-05,2015-10-11,0,0
"Guinea-Bissau","GNB",2015,10,42,2015-10-12,2015-10-18,0,0
"Guinea-Bissau","GNB",2015,10,43,2015-10-19,2015-10-25,0,0
"Guinea-Bissau","GNB",2015,10,44,2015-10-26,2015-11-01,0,0
"Guinea-Bissau","GNB",2015,11,45,2015-11-02,2015-11-08,0,0
"Guinea-Bissau","GNB",2015,11,46,2015-11-09,2015-11-15,0,0
"Guinea-Bissau","GNB",2015,11,47,2015-11-16,2015-11-22,0,0
"Guinea-Bissau","GNB",2015,11,48,2015-11-23,2015-11-29,0,0
"Guinea-Bissau","GNB",2015,11,49,2015-11-30,2015-12-06,0,0
"Guinea-Bissau","GNB",2015,12,50,2015-12-07,2015-12-13,0,0
"Guinea-Bissau","GNB",2015,12,51,2015-12-14,2015-12-20,0,0
"Guinea-Bissau","GNB",2015,12,52,2015-12-21,2015-12-27,0,0
"Guinea-Bissau","GNB",2015,12,53,2015-12-28,2016-01-03,0,0
"Guinea-Bissau","GNB",2016,1,1,2016-01-04,2016-01-10,0,0
"Guinea-Bissau","GNB",2016,1,2,2016-01-11,2016-01-17,0,0
"Guinea-Bissau","GNB",2016,1,3,2016-01-18,2016-01-24,0,0
"Guinea-Bissau","GNB",2016,1,4,2016-01-25,2016-01-31,0,0
"Guinea-Bissau","GNB",2016,2,5,2016-02-01,2016-02-07,0,0
"Guinea-Bissau","GNB",2016,2,6,2016-02-08,2016-02-14,0,0
"Guinea-Bissau","GNB",2016,2,7,2016-02-15,2016-02-21,0,0
"Guinea-Bissau","GNB",2016,2,8,2016-02-22,2016-02-28,0,0
"Guinea-Bissau","GNB",2016,2,9,2016-02-29,2016-03-06,0,0
"Guinea-Bissau","GNB",2016,3,10,2016-03-07,2016-03-13,0,0
"Guinea-Bissau","GNB",2016,3,11,2016-03-14,2016-03-20,0,0
"Guinea-Bissau","GNB",2016,3,12,2016-03-21,2016-03-27,0,0
"Guinea-Bissau","GNB",2016,3,13,2016-03-28,2016-04-03,0,0
"Guinea-Bissau","GNB",2016,4,14,2016-04-04,2016-04-10,0,0
"Guinea-Bissau","GNB",2016,4,15,2016-04-11,2016-04-17,0,0
"Guinea-Bissau","GNB",2016,4,16,2016-04-18,2016-04-24,0,0
"Guinea-Bissau","GNB",2016,4,17,2016-04-25,2016-05-01,0,0
"Guinea-Bissau","GNB",2016,5,18,2016-05-02,2016-05-08,0,0
"Guinea-Bissau","GNB",2016,5,19,2016-05-09,2016-05-15,0,0
"Guinea-Bissau","GNB",2016,5,20,2016-05-16,2016-05-22,0,0
"Guinea-Bissau","GNB",2016,5,21,2016-05-23,2016-05-29,0,0
"Guinea-Bissau","GNB",2016,5,22,2016-05-30,2016-06-05,0,0
"Guinea-Bissau","GNB",2016,6,23,2016-06-06,2016-06-12,0,0
"Guinea-Bissau","GNB",2016,6,24,2016-06-13,2016-06-19,0,0
"Guinea-Bissau","GNB",2016,6,25,2016-06-20,2016-06-26,0,0
"Guinea-Bissau","GNB",2016,6,26,2016-06-27,2016-07-03,0,0
"Guinea-Bissau","GNB",2016,7,27,2016-07-04,2016-07-10,0,0
"Guinea-Bissau","GNB",2016,7,28,2016-07-11,2016-07-17,0,0
"Guinea-Bissau","GNB",2016,7,29,2016-07-18,2016-07-24,0,0
"Guinea-Bissau","GNB",2016,7,30,2016-07-25,2016-07-31,0,0
"Guinea-Bissau","GNB",2016,8,31,2016-08-01,2016-08-07,0,0
"Guinea-Bissau","GNB",2016,8,32,2016-08-08,2016-08-14,0,0
"Guinea-Bissau","GNB",2016,8,33,2016-08-15,2016-08-21,0,0
"Guinea-Bissau","GNB",2016,8,34,2016-08-22,2016-08-28,0,0
"Guinea-Bissau","GNB",2016,8,35,2016-08-29,2016-09-04,0,0
"Guinea-Bissau","GNB",2016,9,36,2016-09-05,2016-09-11,0,0
"Guinea-Bissau","GNB",2016,9,37,2016-09-12,2016-09-18,0,0
"Guinea-Bissau","GNB",2016,9,38,2016-09-19,2016-09-25,0,0
"Guinea-Bissau","GNB",2016,9,39,2016-09-26,2016-10-02,0,0
"Guinea-Bissau","GNB",2016,10,40,2016-10-03,2016-10-09,0,0
"Guinea-Bissau","GNB",2016,10,41,2016-10-10,2016-10-16,0,0
"Guinea-Bissau","GNB",2016,10,42,2016-10-17,2016-10-23,0,0
"Guinea-Bissau","GNB",2016,10,43,2016-10-24,2016-10-30,0,0
"Guinea-Bissau","GNB",2016,10,44,2016-10-31,2016-11-06,0,0
"Guinea-Bissau","GNB",2016,11,45,2016-11-07,2016-11-13,0,0
"Guinea-Bissau","GNB",2016,11,46,2016-11-14,2016-11-20,0,0
"Guinea-Bissau","GNB",2016,11,47,2016-11-21,2016-11-27,0,0
"Guinea-Bissau","GNB",2016,11,48,2016-11-28,2016-12-04,0,0
"Guinea-Bissau","GNB",2016,12,49,2016-12-05,2016-12-11,0,0
"Guinea-Bissau","GNB",2016,12,50,2016-12-12,2016-12-18,0,0
"Guinea-Bissau","GNB",2016,12,51,2016-12-19,2016-12-25,0,0
"Guinea-Bissau","GNB",2016,12,52,2016-12-26,2017-01-01,0,0
"Guinea-Bissau","GNB",2017,1,1,2017-01-02,2017-01-08,0,0
"Guinea-Bissau","GNB",2017,1,2,2017-01-09,2017-01-15,0,0
"Guinea-Bissau","GNB",2017,1,3,2017-01-16,2017-01-22,0,0
"Guinea-Bissau","GNB",2017,1,4,2017-01-23,2017-01-29,0,0
"Guinea-Bissau","GNB",2017,1,5,2017-01-30,2017-02-05,0,0
"Guinea-Bissau","GNB",2017,2,6,2017-02-06,2017-02-12,0,0
"Guinea-Bissau","GNB",2017,2,7,2017-02-13,2017-02-19,0,0
"Guinea-Bissau","GNB",2017,2,8,2017-02-20,2017-02-26,0,0
"Guinea-Bissau","GNB",2017,2,9,2017-02-27,2017-03-05,0,0
"Guinea-Bissau","GNB",2017,3,10,2017-03-06,2017-03-12,0,0
"Guinea-Bissau","GNB",2017,3,11,2017-03-13,2017-03-19,0,0
"Guinea-Bissau","GNB",2017,3,12,2017-03-20,2017-03-26,0,0
"Guinea-Bissau","GNB",2017,3,13,2017-03-27,2017-04-02,0,0
"Guinea-Bissau","GNB",2017,4,14,2017-04-03,2017-04-09,0,0
"Guinea-Bissau","GNB",2017,4,15,2017-04-10,2017-04-16,0,0
"Guinea-Bissau","GNB",2017,4,16,2017-04-17,2017-04-23,0,0
"Guinea-Bissau","GNB",2017,4,17,2017-04-24,2017-04-30,0,0
"Guinea-Bissau","GNB",2017,5,18,2017-05-01,2017-05-07,0,0
"Guinea-Bissau","GNB",2017,5,19,2017-05-08,2017-05-14,0,0
"Guinea-Bissau","GNB",2017,5,20,2017-05-15,2017-05-21,0,0
"Guinea-Bissau","GNB",2017,5,21,2017-05-22,2017-05-28,0,0
"Guinea-Bissau","GNB",2017,5,22,2017-05-29,2017-06-04,0,0
"Guinea-Bissau","GNB",2017,6,23,2017-06-05,2017-06-11,0,0
"Guinea-Bissau","GNB",2017,6,24,2017-06-12,2017-06-18,0,0
"Guinea-Bissau","GNB",2017,6,25,2017-06-19,2017-06-25,0,0
"Guinea-Bissau","GNB",2017,6,26,2017-06-26,2017-07-02,0,0
"Guinea-Bissau","GNB",2017,7,27,2017-07-03,2017-07-09,0,0
"Guinea-Bissau","GNB",2017,7,28,2017-07-10,2017-07-16,0,0
"Guinea-Bissau","GNB",2017,7,29,2017-07-17,2017-07-23,0,0
"Guinea-Bissau","GNB",2017,7,30,2017-07-24,2017-07-30,0,0
"Guinea-Bissau","GNB",2017,7,31,2017-07-31,2017-08-06,0,0
"Guinea-Bissau","GNB",2017,8,32,2017-08-07,2017-08-13,0,0
"Guinea-Bissau","GNB",2017,8,33,2017-08-14,2017-08-20,0,0
"Guinea-Bissau","GNB",2017,8,34,2017-08-21,2017-08-27,0,0
"Guinea-Bissau","GNB",2017,8,35,2017-08-28,2017-09-03,0,0
"Guinea-Bissau","GNB",2017,9,36,2017-09-04,2017-09-10,0,0
"Guinea-Bissau","GNB",2017,9,37,2017-09-11,2017-09-17,0,0
"Guinea-Bissau","GNB",2017,9,38,2017-09-18,2017-09-24,0,0
"Guinea-Bissau","GNB",2017,9,39,2017-09-25,2017-10-01,0,0
"Guinea-Bissau","GNB",2017,10,40,2017-10-02,2017-10-08,0,0
"Guinea-Bissau","GNB",2017,10,41,2017-10-09,2017-10-15,0,0
"Guinea-Bissau","GNB",2017,10,42,2017-10-16,2017-10-22,0,0
"Guinea-Bissau","GNB",2017,10,43,2017-10-23,2017-10-29,0,0
"Guinea-Bissau","GNB",2017,10,44,2017-10-30,2017-11-05,0,0
"Guinea-Bissau","GNB",2017,11,45,2017-11-06,2017-11-12,0,0
"Guinea-Bissau","GNB",2017,11,46,2017-11-13,2017-11-19,0,0
"Guinea-Bissau","GNB",2017,11,47,2017-11-20,2017-11-26,0,0
"Guinea-Bissau","GNB",2017,11,48,2017-11-27,2017-12-03,0,0
"Guinea-Bissau","GNB",2017,12,49,2017-12-04,2017-12-10,0,0
"Guinea-Bissau","GNB",2017,12,50,2017-12-11,2017-12-17,0,0
"Guinea-Bissau","GNB",2017,12,51,2017-12-18,2017-12-24,0,0
"Guinea-Bissau","GNB",2017,12,52,2017-12-25,2017-12-31,0,0
"Guinea-Bissau","GNB",2018,1,1,2018-01-01,2018-01-07,0,0
"Guinea-Bissau","GNB",2018,1,2,2018-01-08,2018-01-14,0,0
"Guinea-Bissau","GNB",2018,1,3,2018-01-15,2018-01-21,0,0
"Guinea-Bissau","GNB",2018,1,4,2018-01-22,2018-01-28,0,0
"Guinea-Bissau","GNB",2018,1,5,2018-01-29,2018-02-04,0,0
"Guinea-Bissau","GNB",2018,2,6,2018-02-05,2018-02-11,0,0
"Guinea-Bissau","GNB",2018,2,7,2018-02-12,2018-02-18,0,0
"Guinea-Bissau","GNB",2018,2,8,2018-02-19,2018-02-25,0,0
"Guinea-Bissau","GNB",2018,2,9,2018-02-26,2018-03-04,0,0
"Guinea-Bissau","GNB",2018,3,10,2018-03-05,2018-03-11,0,0
"Guinea-Bissau","GNB",2018,3,11,2018-03-12,2018-03-18,0,0
"Guinea-Bissau","GNB",2018,3,12,2018-03-19,2018-03-25,0,0
"Guinea-Bissau","GNB",2018,3,13,2018-03-26,2018-04-01,0,0
"Guinea-Bissau","GNB",2018,4,14,2018-04-02,2018-04-08,0,0
"Guinea-Bissau","GNB",2018,4,15,2018-04-09,2018-04-15,0,0
"Guinea-Bissau","GNB",2018,4,16,2018-04-16,2018-04-22,0,0
"Guinea-Bissau","GNB",2018,4,17,2018-04-23,2018-04-29,0,0
"Guinea-Bissau","GNB",2018,4,18,2018-04-30,2018-05-06,0,0
"Guinea-Bissau","GNB",2018,5,19,2018-05-07,2018-05-13,0,0
"Guinea-Bissau","GNB",2018,5,20,2018-05-14,2018-05-20,0,0
"Guinea-Bissau","GNB",2018,5,21,2018-05-21,2018-05-27,0,0
"Guinea-Bissau","GNB",2018,5,22,2018-05-28,2018-06-03,0,0
"Guinea-Bissau","GNB",2018,6,23,2018-06-04,2018-06-10,0,0
"Guinea-Bissau","GNB",2018,6,24,2018-06-11,2018-06-17,0,0
"Guinea-Bissau","GNB",2018,6,25,2018-06-18,2018-06-24,0,0
"Guinea-Bissau","GNB",2018,6,26,2018-06-25,2018-07-01,0,0
"Guinea-Bissau","GNB",2018,7,27,2018-07-02,2018-07-08,0,0
"Guinea-Bissau","GNB",2018,7,28,2018-07-09,2018-07-15,0,0
"Guinea-Bissau","GNB",2018,7,29,2018-07-16,2018-07-22,0,0
"Guinea-Bissau","GNB",2018,7,30,2018-07-23,2018-07-29,0,0
"Guinea-Bissau","GNB",2018,7,31,2018-07-30,2018-08-05,0,0
"Guinea-Bissau","GNB",2018,8,32,2018-08-06,2018-08-12,0,0
"Guinea-Bissau","GNB",2018,8,33,2018-08-13,2018-08-19,0,0
"Guinea-Bissau","GNB",2018,8,34,2018-08-20,2018-08-26,0,0
"Guinea-Bissau","GNB",2018,8,35,2018-08-27,2018-09-02,0,0
"Guinea-Bissau","GNB",2018,9,36,2018-09-03,2018-09-09,0,0
"Guinea-Bissau","GNB",2018,9,37,2018-09-10,2018-09-16,0,0
"Guinea-Bissau","GNB",2018,9,38,2018-09-17,2018-09-23,0,0
"Guinea-Bissau","GNB",2018,9,39,2018-09-24,2018-09-30,0,0
"Guinea-Bissau","GNB",2018,10,40,2018-10-01,2018-10-07,0,0
"Guinea-Bissau","GNB",2018,10,41,2018-10-08,2018-10-14,0,0
"Guinea-Bissau","GNB",2018,10,42,2018-10-15,2018-10-21,0,0
"Guinea-Bissau","GNB",2018,10,43,2018-10-22,2018-10-28,0,0
"Guinea-Bissau","GNB",2018,10,44,2018-10-29,2018-11-04,0,0
"Guinea-Bissau","GNB",2018,11,45,2018-11-05,2018-11-11,0,0
"Guinea-Bissau","GNB",2018,11,46,2018-11-12,2018-11-18,0,0
"Guinea-Bissau","GNB",2018,11,47,2018-11-19,2018-11-25,0,0
"Guinea-Bissau","GNB",2018,11,48,2018-11-26,2018-12-02,0,0
"Guinea-Bissau","GNB",2018,12,49,2018-12-03,2018-12-09,0,0
"Guinea-Bissau","GNB",2018,12,50,2018-12-10,2018-12-16,0,0
"Guinea-Bissau","GNB",2018,12,51,2018-12-17,2018-12-23,0,0
"Guinea-Bissau","GNB",2018,12,52,2018-12-24,2018-12-30,0,0
"Guinea-Bissau","GNB",2019,12,1,2018-12-31,2019-01-06,0,0
"Guinea-Bissau","GNB",2019,1,2,2019-01-07,2019-01-13,0,0
"Guinea-Bissau","GNB",2019,1,3,2019-01-14,2019-01-20,0,0
"Guinea-Bissau","GNB",2019,1,4,2019-01-21,2019-01-27,0,0
"Guinea-Bissau","GNB",2019,1,5,2019-01-28,2019-02-03,0,0
"Guinea-Bissau","GNB",2019,2,6,2019-02-04,2019-02-10,0,0
"Guinea-Bissau","GNB",2019,2,7,2019-02-11,2019-02-17,0,0
"Guinea-Bissau","GNB",2019,2,8,2019-02-18,2019-02-24,0,0
"Guinea-Bissau","GNB",2019,2,9,2019-02-25,2019-03-03,0,0
"Guinea-Bissau","GNB",2019,3,10,2019-03-04,2019-03-10,0,0
"Guinea-Bissau","GNB",2019,3,11,2019-03-11,2019-03-17,0,0
"Guinea-Bissau","GNB",2019,3,12,2019-03-18,2019-03-24,0,0
"Guinea-Bissau","GNB",2019,3,13,2019-03-25,2019-03-31,0,0
"Guinea-Bissau","GNB",2019,4,14,2019-04-01,2019-04-07,0,0
"Guinea-Bissau","GNB",2019,4,15,2019-04-08,2019-04-14,0,0
"Guinea-Bissau","GNB",2019,4,16,2019-04-15,2019-04-21,0,0
"Guinea-Bissau","GNB",2019,4,17,2019-04-22,2019-04-28,0,0
"Guinea-Bissau","GNB",2019,4,18,2019-04-29,2019-05-05,0,0
"Guinea-Bissau","GNB",2019,5,19,2019-05-06,2019-05-12,0,0
"Guinea-Bissau","GNB",2019,5,20,2019-05-13,2019-05-19,0,0
"Guinea-Bissau","GNB",2019,5,21,2019-05-20,2019-05-26,0,0
"Guinea-Bissau","GNB",2019,5,22,2019-05-27,2019-06-02,0,0
"Guinea-Bissau","GNB",2019,6,23,2019-06-03,2019-06-09,0,0
"Guinea-Bissau","GNB",2019,6,24,2019-06-10,2019-06-16,0,0
"Guinea-Bissau","GNB",2019,6,25,2019-06-17,2019-06-23,0,0
"Guinea-Bissau","GNB",2019,6,26,2019-06-24,2019-06-30,0,0
"Guinea-Bissau","GNB",2019,7,27,2019-07-01,2019-07-07,0,0
"Guinea-Bissau","GNB",2019,7,28,2019-07-08,2019-07-14,0,0
"Guinea-Bissau","GNB",2019,7,29,2019-07-15,2019-07-21,0,0
"Guinea-Bissau","GNB",2019,7,30,2019-07-22,2019-07-28,0,0
"Guinea-Bissau","GNB",2019,7,31,2019-07-29,2019-08-04,0,0
"Guinea-Bissau","GNB",2019,8,32,2019-08-05,2019-08-11,0,0
"Guinea-Bissau","GNB",2019,8,33,2019-08-12,2019-08-18,0,0
"Guinea-Bissau","GNB",2019,8,34,2019-08-19,2019-08-25,0,0
"Guinea-Bissau","GNB",2019,8,35,2019-08-26,2019-09-01,0,0
"Guinea-Bissau","GNB",2019,9,36,2019-09-02,2019-09-08,0,0
"Guinea-Bissau","GNB",2019,9,37,2019-09-09,2019-09-15,0,0
"Guinea-Bissau","GNB",2019,9,38,2019-09-16,2019-09-22,0,0
"Guinea-Bissau","GNB",2019,9,39,2019-09-23,2019-09-29,0,0
"Guinea-Bissau","GNB",2019,9,40,2019-09-30,2019-10-06,0,0
"Guinea-Bissau","GNB",2019,10,41,2019-10-07,2019-10-13,0,0
"Guinea-Bissau","GNB",2019,10,42,2019-10-14,2019-10-20,0,0
"Guinea-Bissau","GNB",2019,10,43,2019-10-21,2019-10-27,0,0
"Guinea-Bissau","GNB",2019,10,44,2019-10-28,2019-11-03,0,0
"Guinea-Bissau","GNB",2019,11,45,2019-11-04,2019-11-10,0,0
"Guinea-Bissau","GNB",2019,11,46,2019-11-11,2019-11-17,0,0
"Guinea-Bissau","GNB",2019,11,47,2019-11-18,2019-11-24,0,0
"Guinea-Bissau","GNB",2019,11,48,2019-11-25,2019-12-01,0,0
"Guinea-Bissau","GNB",2019,12,49,2019-12-02,2019-12-08,0,0
"Guinea-Bissau","GNB",2019,12,50,2019-12-09,2019-12-15,0,0
"Guinea-Bissau","GNB",2019,12,51,2019-12-16,2019-12-22,0,0
"Guinea-Bissau","GNB",2019,12,52,2019-12-23,2019-12-29,0,0
"Guinea-Bissau","GNB",2020,12,1,2019-12-30,2020-01-05,0,0
"Guinea-Bissau","GNB",2020,1,2,2020-01-06,2020-01-12,0,0
"Guinea-Bissau","GNB",2020,1,3,2020-01-13,2020-01-19,0,0
"Guinea-Bissau","GNB",2020,1,4,2020-01-20,2020-01-26,0,0
"Guinea-Bissau","GNB",2020,1,5,2020-01-27,2020-02-02,0,0
"Guinea-Bissau","GNB",2020,2,6,2020-02-03,2020-02-09,0,0
"Guinea-Bissau","GNB",2020,2,7,2020-02-10,2020-02-16,0,0
"Guinea-Bissau","GNB",2020,2,8,2020-02-17,2020-02-23,0,0
"Guinea-Bissau","GNB",2020,2,9,2020-02-24,2020-03-01,0,0
"Guinea-Bissau","GNB",2020,3,10,2020-03-02,2020-03-08,0,0
"Guinea-Bissau","GNB",2020,3,11,2020-03-09,2020-03-15,0,0
"Guinea-Bissau","GNB",2020,3,12,2020-03-16,2020-03-22,0,0
"Guinea-Bissau","GNB",2020,3,13,2020-03-23,2020-03-29,0,0
"Guinea-Bissau","GNB",2020,3,14,2020-03-30,2020-04-05,0,0
"Guinea-Bissau","GNB",2020,4,15,2020-04-06,2020-04-12,0,0
"Guinea-Bissau","GNB",2020,4,16,2020-04-13,2020-04-19,0,0
"Guinea-Bissau","GNB",2020,4,17,2020-04-20,2020-04-26,0,0
"Guinea-Bissau","GNB",2020,4,18,2020-04-27,2020-05-03,0,0
"Guinea-Bissau","GNB",2020,5,19,2020-05-04,2020-05-10,0,0
"Guinea-Bissau","GNB",2020,5,20,2020-05-11,2020-05-17,0,0
"Guinea-Bissau","GNB",2020,5,21,2020-05-18,2020-05-24,0,0
"Guinea-Bissau","GNB",2020,5,22,2020-05-25,2020-05-31,0,0
"Guinea-Bissau","GNB",2020,6,23,2020-06-01,2020-06-07,0,0
"Guinea-Bissau","GNB",2020,6,24,2020-06-08,2020-06-14,0,0
"Guinea-Bissau","GNB",2020,6,25,2020-06-15,2020-06-21,0,0
"Guinea-Bissau","GNB",2020,6,26,2020-06-22,2020-06-28,0,0
"Guinea-Bissau","GNB",2020,6,27,2020-06-29,2020-07-05,0,0
"Guinea-Bissau","GNB",2020,7,28,2020-07-06,2020-07-12,0,0
"Guinea-Bissau","GNB",2020,7,29,2020-07-13,2020-07-19,0,0
"Guinea-Bissau","GNB",2020,7,30,2020-07-20,2020-07-26,0,0
"Guinea-Bissau","GNB",2020,7,31,2020-07-27,2020-08-02,0,0
"Guinea-Bissau","GNB",2020,8,32,2020-08-03,2020-08-09,0,0
"Guinea-Bissau","GNB",2020,8,33,2020-08-10,2020-08-16,0,0
"Guinea-Bissau","GNB",2020,8,34,2020-08-17,2020-08-23,0,0
"Guinea-Bissau","GNB",2020,8,35,2020-08-24,2020-08-30,0,0
"Guinea-Bissau","GNB",2020,8,36,2020-08-31,2020-09-06,0,0
"Guinea-Bissau","GNB",2020,9,37,2020-09-07,2020-09-13,0,0
"Guinea-Bissau","GNB",2020,9,38,2020-09-14,2020-09-20,0,0
"Guinea-Bissau","GNB",2020,9,39,2020-09-21,2020-09-27,0,0
"Guinea-Bissau","GNB",2020,9,40,2020-09-28,2020-10-04,0,0
"Guinea-Bissau","GNB",2020,10,41,2020-10-05,2020-10-11,0,0
"Guinea-Bissau","GNB",2020,10,42,2020-10-12,2020-10-18,0,0
"Guinea-Bissau","GNB",2020,10,43,2020-10-19,2020-10-25,0,0
"Guinea-Bissau","GNB",2020,10,44,2020-10-26,2020-11-01,0,0
"Guinea-Bissau","GNB",2020,11,45,2020-11-02,2020-11-08,0,0
"Guinea-Bissau","GNB",2020,11,46,2020-11-09,2020-11-15,0,0
"Guinea-Bissau","GNB",2020,11,47,2020-11-16,2020-11-22,0,0
"Guinea-Bissau","GNB",2020,11,48,2020-11-23,2020-11-29,0,0
"Guinea-Bissau","GNB",2020,11,49,2020-11-30,2020-12-06,0,0
"Guinea-Bissau","GNB",2020,12,50,2020-12-07,2020-12-13,0,0
"Guinea-Bissau","GNB",2020,12,51,2020-12-14,2020-12-20,0,0
"Guinea-Bissau","GNB",2020,12,52,2020-12-21,2020-12-27,0,0
"Guinea-Bissau","GNB",2020,12,53,2020-12-28,2021-01-03,0,0
"Guinea-Bissau","GNB",2021,1,1,2021-01-04,2021-01-10,0,0
"Guinea-Bissau","GNB",2021,1,2,2021-01-11,2021-01-17,0,0
"Guinea-Bissau","GNB",2021,1,3,2021-01-18,2021-01-24,0,0
"Guinea-Bissau","GNB",2021,1,4,2021-01-25,2021-01-31,0,0
"Guinea-Bissau","GNB",2021,2,5,2021-02-01,2021-02-07,0,0
"Guinea-Bissau","GNB",2021,2,6,2021-02-08,2021-02-14,0,0
"Guinea-Bissau","GNB",2021,2,7,2021-02-15,2021-02-21,0,0
"Guinea-Bissau","GNB",2021,2,8,2021-02-22,2021-02-28,0,0
"Kenya","KEN",2016,10,44,2016-10-31,2016-11-06,0,0
"Kenya","KEN",2016,11,45,2016-11-07,2016-11-13,0,0
"Kenya","KEN",2016,11,46,2016-11-14,2016-11-20,0,0
"Kenya","KEN",2016,11,47,2016-11-21,2016-11-27,0,0
"Kenya","KEN",2016,11,48,2016-11-28,2016-12-04,0,0
"Kenya","KEN",2016,12,49,2016-12-05,2016-12-11,0,0
"Kenya","KEN",2016,12,50,2016-12-12,2016-12-18,0,0
"Kenya","KEN",2016,12,51,2016-12-19,2016-12-25,0,0
"Kenya","KEN",2016,12,52,2016-12-26,2017-01-01,11,0
"Kenya","KEN",2017,1,1,2017-01-02,2017-01-08,10,0
"Kenya","KEN",2017,1,2,2017-01-09,2017-01-15,4.5,0
"Kenya","KEN",2017,1,3,2017-01-16,2017-01-22,8.5,0
"Kenya","KEN",2017,1,4,2017-01-23,2017-01-29,8.75,0
"Kenya","KEN",2017,1,5,2017-01-30,2017-02-05,4.25,0
"Kenya","KEN",2017,2,6,2017-02-06,2017-02-12,6.5,0
"Kenya","KEN",2017,2,7,2017-02-13,2017-02-19,5.5,0
"Kenya","KEN",2017,2,8,2017-02-20,2017-02-26,6.25,0
"Kenya","KEN",2017,2,9,2017-02-27,2017-03-05,5,0
"Kenya","KEN",2017,3,10,2017-03-06,2017-03-12,10,0
"Kenya","KEN",2017,3,11,2017-03-13,2017-03-19,11,0
"Kenya","KEN",2017,3,12,2017-03-20,2017-03-26,25.75,0
"Kenya","KEN",2017,3,13,2017-03-27,2017-04-02,13.25,0
"Kenya","KEN",2017,4,14,2017-04-03,2017-04-09,15.5,0
"Kenya","KEN",2017,4,15,2017-04-10,2017-04-16,20.75,0
"Kenya","KEN",2017,4,16,2017-04-17,2017-04-23,28.5,0
"Kenya","KEN",2017,4,17,2017-04-24,2017-04-30,30.75,0
"Kenya","KEN",2017,5,18,2017-05-01,2017-05-07,34.25,0
"Kenya","KEN",2017,5,19,2017-05-08,2017-05-14,53.5,0
"Kenya","KEN",2017,5,20,2017-05-15,2017-05-21,59.25,0
"Kenya","KEN",2017,5,21,2017-05-22,2017-05-28,80.75,0
"Kenya","KEN",2017,5,22,2017-05-29,2017-06-04,70.75,0
"Kenya","KEN",2017,6,23,2017-06-05,2017-06-11,126.75,0
"Kenya","KEN",2017,6,24,2017-06-12,2017-06-18,89,0
"Kenya","KEN",2017,6,25,2017-06-19,2017-06-25,87.25,0
"Kenya","KEN",2017,6,26,2017-06-26,2017-07-02,82.6,0
"Kenya","KEN",2017,7,27,2017-07-03,2017-07-09,103.2,0
"Kenya","KEN",2017,7,28,2017-07-10,2017-07-16,165.8,0
"Kenya","KEN",2017,7,29,2017-07-17,2017-07-23,218.6,0
"Kenya","KEN",2017,7,30,2017-07-24,2017-07-30,168.333333333333,0
"Kenya","KEN",2017,7,31,2017-07-31,2017-08-06,112,2
"Kenya","KEN",2017,8,32,2017-08-07,2017-08-13,96.6666666666667,0
"Kenya","KEN",2017,8,33,2017-08-14,2017-08-20,74.5,0
"Kenya","KEN",2017,8,34,2017-08-21,2017-08-27,196.5,1
"Kenya","KEN",2017,8,35,2017-08-28,2017-09-03,156,0
"Kenya","KEN",2017,9,36,2017-09-04,2017-09-10,74,3
"Kenya","KEN",2017,9,37,2017-09-11,2017-09-17,54.5,1
"Kenya","KEN",2017,9,38,2017-09-18,2017-09-24,54,1
"Kenya","KEN",2017,9,39,2017-09-25,2017-10-01,89,0
"Kenya","KEN",2017,10,40,2017-10-02,2017-10-08,71.5,1
"Kenya","KEN",2017,10,41,2017-10-09,2017-10-15,78.5,2
"Kenya","KEN",2017,10,42,2017-10-16,2017-10-22,100.5,0
"Kenya","KEN",2017,10,43,2017-10-23,2017-10-29,104,4
"Kenya","KEN",2017,10,44,2017-10-30,2017-11-05,107,0
"Kenya","KEN",2017,11,45,2017-11-06,2017-11-12,93,3
"Kenya","KEN",2017,11,46,2017-11-13,2017-11-19,70.5,3
"Kenya","KEN",2017,11,47,2017-11-20,2017-11-26,0,0
"Kenya","KEN",2017,11,48,2017-11-27,2017-12-03,50,0
"Kenya","KEN",2017,12,49,2017-12-04,2017-12-10,44,0
"Kenya","KEN",2017,12,50,2017-12-11,2017-12-17,0,0
"Kenya","KEN",2017,12,51,2017-12-18,2017-12-24,0,0
"Kenya","KEN",2017,12,52,2017-12-25,2017-12-31,0,0
"Kenya","KEN",2018,1,1,2018-01-01,2018-01-07,101,1
"Kenya","KEN",2018,1,2,2018-01-08,2018-01-14,199,0
"Kenya","KEN",2018,1,3,2018-01-15,2018-01-21,194,0
"Kenya","KEN",2018,1,4,2018-01-22,2018-01-28,73,1
"Kenya","KEN",2018,1,5,2018-01-29,2018-02-04,66,0
"Kenya","KEN",2018,2,6,2018-02-05,2018-02-11,115,0
"Kenya","KEN",2018,2,7,2018-02-12,2018-02-18,79,0
"Kenya","KEN",2018,2,8,2018-02-19,2018-02-25,88,5
"Kenya","KEN",2018,2,9,2018-02-26,2018-03-04,181,1
"Kenya","KEN",2018,3,10,2018-03-05,2018-03-11,0,0
"Kenya","KEN",2018,3,11,2018-03-12,2018-03-18,0,0
"Kenya","KEN",2018,3,12,2018-03-19,2018-03-25,183,0
"Kenya","KEN",2018,3,13,2018-03-26,2018-04-01,37,0
"Kenya","KEN",2018,4,14,2018-04-02,2018-04-08,24,0
"Kenya","KEN",2018,4,15,2018-04-09,2018-04-15,63,0
"Kenya","KEN",2018,4,16,2018-04-16,2018-04-22,87,0
"Kenya","KEN",2018,4,17,2018-04-23,2018-04-29,24,0
"Kenya","KEN",2018,4,18,2018-04-30,2018-05-06,58,0
"Kenya","KEN",2018,5,19,2018-05-07,2018-05-13,302,0
"Kenya","KEN",2018,5,20,2018-05-14,2018-05-20,250,0
"Kenya","KEN",2018,5,21,2018-05-21,2018-05-27,261,0
"Kenya","KEN",2018,5,22,2018-05-28,2018-06-03,52,0
"Kenya","KEN",2018,6,23,2018-06-04,2018-06-10,0,0
"Kenya","KEN",2018,6,24,2018-06-11,2018-06-17,97,0
"Kenya","KEN",2018,6,25,2018-06-18,2018-06-24,75,0
"Kenya","KEN",2018,6,26,2018-06-25,2018-07-01,18,0
"Kenya","KEN",2018,7,27,2018-07-02,2018-07-08,0,0
"Kenya","KEN",2018,7,28,2018-07-09,2018-07-15,12,0
"Kenya","KEN",2018,7,29,2018-07-16,2018-07-22,18,0
"Kenya","KEN",2018,7,30,2018-07-23,2018-07-29,11,0
"Kenya","KEN",2018,7,31,2018-07-30,2018-08-05,8,0
"Kenya","KEN",2018,8,32,2018-08-06,2018-08-12,2,0
"Kenya","KEN",2018,8,33,2018-08-13,2018-08-19,6,0
"Kenya","KEN",2018,8,34,2018-08-20,2018-08-26,0,0
"Kenya","KEN",2018,8,35,2018-08-27,2018-09-02,0,0
"Kenya","KEN",2018,9,36,2018-09-03,2018-09-09,0,0
"Kenya","KEN",2018,9,37,2018-09-10,2018-09-16,1,0
"Kenya","KEN",2018,9,38,2018-09-17,2018-09-23,3,0
"Kenya","KEN",2018,9,39,2018-09-24,2018-09-30,2,0
"Kenya","KEN",2018,10,40,2018-10-01,2018-10-07,3,0
"Kenya","KEN",2018,10,41,2018-10-08,2018-10-14,7,0
"Kenya","KEN",2018,10,42,2018-10-15,2018-10-21,7,0
"Kenya","KEN",2018,10,43,2018-10-22,2018-10-28,1,0
"Kenya","KEN",2018,10,44,2018-10-29,2018-11-04,0,0
"Kenya","KEN",2018,11,45,2018-11-05,2018-11-11,0,0
"Kenya","KEN",2018,11,46,2018-11-12,2018-11-18,0,0
"Kenya","KEN",2018,11,47,2018-11-19,2018-11-25,0,0
"Kenya","KEN",2018,11,48,2018-11-26,2018-12-02,0,0
"Kenya","KEN",2018,12,49,2018-12-03,2018-12-09,0,0
"Kenya","KEN",2018,12,50,2018-12-10,2018-12-16,0,0
"Kenya","KEN",2018,12,51,2018-12-17,2018-12-23,0,0
"Kenya","KEN",2018,12,52,2018-12-24,2018-12-30,0,0
"Kenya","KEN",2019,12,1,2018-12-31,2019-01-06,0,0
"Kenya","KEN",2019,1,2,2019-01-07,2019-01-13,115,2
"Kenya","KEN",2019,1,3,2019-01-14,2019-01-20,50,0
"Kenya","KEN",2019,1,4,2019-01-21,2019-01-27,60,0
"Kenya","KEN",2019,1,5,2019-01-28,2019-02-03,101,0
"Kenya","KEN",2019,2,6,2019-02-04,2019-02-10,149,0
"Kenya","KEN",2019,2,7,2019-02-11,2019-02-17,42,1
"Kenya","KEN",2019,2,8,2019-02-18,2019-02-24,19,0
"Kenya","KEN",2019,2,9,2019-02-25,2019-03-03,10,0
"Kenya","KEN",2019,3,10,2019-03-04,2019-03-10,7,0
"Kenya","KEN",2019,3,11,2019-03-11,2019-03-17,2,0
"Kenya","KEN",2019,3,12,2019-03-18,2019-03-24,0,0
"Kenya","KEN",2019,3,13,2019-03-25,2019-03-31,26,0
"Kenya","KEN",2019,4,14,2019-04-01,2019-04-07,14,0
"Kenya","KEN",2019,4,15,2019-04-08,2019-04-14,132,1
"Kenya","KEN",2019,4,16,2019-04-15,2019-04-21,112,2
"Kenya","KEN",2019,4,17,2019-04-22,2019-04-28,272,0
"Kenya","KEN",2019,4,18,2019-04-29,2019-05-05,155,0
"Kenya","KEN",2019,5,19,2019-05-06,2019-05-12,130,1
"Kenya","KEN",2019,5,20,2019-05-13,2019-05-19,117,0
"Kenya","KEN",2019,5,21,2019-05-20,2019-05-26,174,0
"Kenya","KEN",2019,5,22,2019-05-27,2019-06-02,284,3
"Kenya","KEN",2019,6,23,2019-06-03,2019-06-09,188,2
"Kenya","KEN",2019,6,24,2019-06-10,2019-06-16,0,0
"Kenya","KEN",2019,6,25,2019-06-17,2019-06-23,0,0
"Kenya","KEN",2019,6,26,2019-06-24,2019-06-30,0,0
"Kenya","KEN",2019,7,27,2019-07-01,2019-07-07,0,0
"Kenya","KEN",2019,7,28,2019-07-08,2019-07-14,0,0
"Kenya","KEN",2019,7,29,2019-07-15,2019-07-21,0,0
"Kenya","KEN",2019,7,30,2019-07-22,2019-07-28,0,0
"Kenya","KEN",2019,7,31,2019-07-29,2019-08-04,0,0
"Kenya","KEN",2019,8,32,2019-08-05,2019-08-11,0,0
"Kenya","KEN",2019,8,33,2019-08-12,2019-08-18,0,0
"Kenya","KEN",2019,8,34,2019-08-19,2019-08-25,0,0
"Kenya","KEN",2019,8,35,2019-08-26,2019-09-01,0,0
"Kenya","KEN",2019,9,36,2019-09-02,2019-09-08,0,0
"Kenya","KEN",2019,9,37,2019-09-09,2019-09-15,0,0
"Kenya","KEN",2019,9,38,2019-09-16,2019-09-22,0,0
"Kenya","KEN",2019,9,39,2019-09-23,2019-09-29,0,0
"Kenya","KEN",2019,9,40,2019-09-30,2019-10-06,0,0
"Kenya","KEN",2019,10,41,2019-10-07,2019-10-13,0,0
"Kenya","KEN",2019,10,42,2019-10-14,2019-10-20,0,0
"Kenya","KEN",2019,10,43,2019-10-21,2019-10-27,0,0
"Kenya","KEN",2019,10,44,2019-10-28,2019-11-03,0,0
"Kenya","KEN",2019,11,45,2019-11-04,2019-11-10,0,0
"Kenya","KEN",2019,11,46,2019-11-11,2019-11-17,0,0
"Kenya","KEN",2019,11,47,2019-11-18,2019-11-24,0,0
"Kenya","KEN",2019,11,48,2019-11-25,2019-12-01,0,0
"Kenya","KEN",2019,12,49,2019-12-02,2019-12-08,0,0
"Kenya","KEN",2019,12,50,2019-12-09,2019-12-15,0,0
"Kenya","KEN",2019,12,51,2019-12-16,2019-12-22,0,0
"Kenya","KEN",2019,12,52,2019-12-23,2019-12-29,0,0
"Kenya","KEN",2020,12,1,2019-12-30,2020-01-05,0,0
"Kenya","KEN",2020,1,2,2020-01-06,2020-01-12,0,0
"Kenya","KEN",2020,1,3,2020-01-13,2020-01-19,0,0
"Kenya","KEN",2020,1,4,2020-01-20,2020-01-26,0,0
"Kenya","KEN",2020,1,5,2020-01-27,2020-02-02,0,0
"Kenya","KEN",2020,2,6,2020-02-03,2020-02-09,0,0
"Kenya","KEN",2020,2,7,2020-02-10,2020-02-16,0,0
"Kenya","KEN",2020,2,8,2020-02-17,2020-02-23,0,0
"Kenya","KEN",2020,2,9,2020-02-24,2020-03-01,0,0
"Kenya","KEN",2020,3,10,2020-03-02,2020-03-08,0,0
"Kenya","KEN",2020,3,11,2020-03-09,2020-03-15,0,0
"Kenya","KEN",2020,3,12,2020-03-16,2020-03-22,0,0
"Kenya","KEN",2020,3,13,2020-03-23,2020-03-29,0,0
"Kenya","KEN",2020,3,14,2020-03-30,2020-04-05,0,0
"Kenya","KEN",2020,4,15,2020-04-06,2020-04-12,0,0
"Kenya","KEN",2020,4,16,2020-04-13,2020-04-19,0,0
"Kenya","KEN",2020,4,17,2020-04-20,2020-04-26,0,0
"Kenya","KEN",2020,4,18,2020-04-27,2020-05-03,0,0
"Kenya","KEN",2020,5,19,2020-05-04,2020-05-10,0,0
"Kenya","KEN",2020,5,20,2020-05-11,2020-05-17,0,0
"Kenya","KEN",2020,5,21,2020-05-18,2020-05-24,0,0
"Kenya","KEN",2020,5,22,2020-05-25,2020-05-31,0,0
"Kenya","KEN",2020,6,23,2020-06-01,2020-06-07,0,0
"Kenya","KEN",2020,6,24,2020-06-08,2020-06-14,0,0
"Kenya","KEN",2020,6,25,2020-06-15,2020-06-21,0,0
"Kenya","KEN",2020,6,26,2020-06-22,2020-06-28,0,0
"Kenya","KEN",2020,6,27,2020-06-29,2020-07-05,0,0
"Kenya","KEN",2020,7,28,2020-07-06,2020-07-12,0,0
"Kenya","KEN",2020,7,29,2020-07-13,2020-07-19,0,0
"Kenya","KEN",2020,7,30,2020-07-20,2020-07-26,0,0
"Kenya","KEN",2020,7,31,2020-07-27,2020-08-02,0,0
"Kenya","KEN",2020,8,32,2020-08-03,2020-08-09,0,0
"Kenya","KEN",2020,8,33,2020-08-10,2020-08-16,0,0
"Kenya","KEN",2020,8,34,2020-08-17,2020-08-23,0,0
"Kenya","KEN",2020,8,35,2020-08-24,2020-08-30,0,0
"Kenya","KEN",2020,8,36,2020-08-31,2020-09-06,0,0
"Kenya","KEN",2020,9,37,2020-09-07,2020-09-13,0,0
"Kenya","KEN",2020,9,38,2020-09-14,2020-09-20,0,0
"Kenya","KEN",2020,9,39,2020-09-21,2020-09-27,0,0
"Kenya","KEN",2020,9,40,2020-09-28,2020-10-04,0,0
"Kenya","KEN",2020,10,41,2020-10-05,2020-10-11,0,0
"Kenya","KEN",2020,10,42,2020-10-12,2020-10-18,0,0
"Kenya","KEN",2020,10,43,2020-10-19,2020-10-25,0,0
"Kenya","KEN",2020,10,44,2020-10-26,2020-11-01,0,0
"Kenya","KEN",2020,11,45,2020-11-02,2020-11-08,0,0
"Kenya","KEN",2020,11,46,2020-11-09,2020-11-15,0,0
"Kenya","KEN",2020,11,47,2020-11-16,2020-11-22,0,0
"Kenya","KEN",2020,11,48,2020-11-23,2020-11-29,0,0
"Kenya","KEN",2020,11,49,2020-11-30,2020-12-06,0,0
"Kenya","KEN",2020,12,50,2020-12-07,2020-12-13,0,0
"Kenya","KEN",2020,12,51,2020-12-14,2020-12-20,0,0
"Kenya","KEN",2020,12,52,2020-12-21,2020-12-27,0,0
"Kenya","KEN",2020,12,53,2020-12-28,2021-01-03,0,0
"Kenya","KEN",2021,1,1,2021-01-04,2021-01-10,0,0
"Kenya","KEN",2021,1,2,2021-01-11,2021-01-17,0,0
"Kenya","KEN",2021,1,3,2021-01-18,2021-01-24,0,0
"Kenya","KEN",2021,1,4,2021-01-25,2021-01-31,0,0
"Kenya","KEN",2021,2,5,2021-02-01,2021-02-07,0,0
"Kenya","KEN",2021,2,6,2021-02-08,2021-02-14,0,0
"Kenya","KEN",2021,2,7,2021-02-15,2021-02-21,0,0
"Kenya","KEN",2021,2,8,2021-02-22,2021-02-28,0,0
"Kenya","KEN",2021,3,9,2021-03-01,2021-03-07,0,0
"Kenya","KEN",2021,3,10,2021-03-08,2021-03-14,0,0
"Kenya","KEN",2021,3,11,2021-03-15,2021-03-21,0,0
"Kenya","KEN",2021,3,12,2021-03-22,2021-03-28,0,0
"Kenya","KEN",2021,3,13,2021-03-29,2021-04-04,0,0
"Kenya","KEN",2021,4,14,2021-04-05,2021-04-11,0,0
"Kenya","KEN",2021,4,15,2021-04-12,2021-04-18,0,0
"Kenya","KEN",2021,4,16,2021-04-19,2021-04-25,0,0
"Kenya","KEN",2021,4,17,2021-04-26,2021-05-02,0,0
"Kenya","KEN",2021,5,18,2021-05-03,2021-05-09,0,0
"Kenya","KEN",2021,5,19,2021-05-10,2021-05-16,0,0
"Kenya","KEN",2021,5,20,2021-05-17,2021-05-23,0,0
"Kenya","KEN",2021,5,21,2021-05-24,2021-05-30,0,0
"Kenya","KEN",2021,5,22,2021-05-31,2021-06-06,0,0
"Kenya","KEN",2021,6,23,2021-06-07,2021-06-13,0,0
"Kenya","KEN",2021,6,24,2021-06-14,2021-06-20,0,0
"Kenya","KEN",2021,6,25,2021-06-21,2021-06-27,0,0
"Kenya","KEN",2021,6,26,2021-06-28,2021-07-04,0,0
"Kenya","KEN",2021,7,27,2021-07-05,2021-07-11,0,0
"Kenya","KEN",2021,7,28,2021-07-12,2021-07-18,0,0
"Kenya","KEN",2021,7,29,2021-07-19,2021-07-25,0,0
"Kenya","KEN",2021,7,30,2021-07-26,2021-08-01,0,0
"Kenya","KEN",2021,8,31,2021-08-02,2021-08-08,0,0
"Kenya","KEN",2021,8,32,2021-08-09,2021-08-15,0,0
"Kenya","KEN",2021,8,33,2021-08-16,2021-08-22,0,0
"Kenya","KEN",2021,8,34,2021-08-23,2021-08-29,0,0
"Kenya","KEN",2021,8,35,2021-08-30,2021-09-05,0,0
"Kenya","KEN",2021,9,36,2021-09-06,2021-09-12,0,0
"Kenya","KEN",2021,9,37,2021-09-13,2021-09-19,0,0
"Kenya","KEN",2021,9,38,2021-09-20,2021-09-26,0,0
"Kenya","KEN",2021,9,39,2021-09-27,2021-10-03,0,0
"Kenya","KEN",2021,10,40,2021-10-04,2021-10-10,0,0
"Kenya","KEN",2021,10,41,2021-10-11,2021-10-17,0,0
"Kenya","KEN",2021,10,42,2021-10-18,2021-10-24,0,0
"Kenya","KEN",2021,10,43,2021-10-25,2021-10-31,0,0
"Kenya","KEN",2021,11,44,2021-11-01,2021-11-07,0,0
"Kenya","KEN",2021,11,45,2021-11-08,2021-11-14,0,0
"Kenya","KEN",2021,11,46,2021-11-15,2021-11-21,0,0
"Kenya","KEN",2021,11,47,2021-11-22,2021-11-28,0,0
"Kenya","KEN",2021,11,48,2021-11-29,2021-12-05,0,0
"Kenya","KEN",2021,12,49,2021-12-06,2021-12-12,0,0
"Kenya","KEN",2021,12,50,2021-12-13,2021-12-19,0,0
"Kenya","KEN",2021,12,51,2021-12-20,2021-12-26,0,0
"Kenya","KEN",2021,12,52,2021-12-27,2022-01-02,0,0
"Kenya","KEN",2022,1,1,2022-01-03,2022-01-09,0,0
"Kenya","KEN",2022,1,2,2022-01-10,2022-01-16,0,0
"Kenya","KEN",2022,1,3,2022-01-17,2022-01-23,0,0
"Kenya","KEN",2022,1,4,2022-01-24,2022-01-30,0,0
"Kenya","KEN",2022,1,5,2022-01-31,2022-02-06,0,0
"Kenya","KEN",2022,2,6,2022-02-07,2022-02-13,0,0
"Kenya","KEN",2022,2,7,2022-02-14,2022-02-20,0,0
"Kenya","KEN",2022,2,8,2022-02-21,2022-02-27,0,0
"Kenya","KEN",2022,2,9,2022-02-28,2022-03-06,0,0
"Kenya","KEN",2022,3,10,2022-03-07,2022-03-13,0,0
"Kenya","KEN",2022,3,11,2022-03-14,2022-03-20,0,0
"Kenya","KEN",2022,3,12,2022-03-21,2022-03-27,0,0
"Kenya","KEN",2022,3,13,2022-03-28,2022-04-03,0,0
"Kenya","KEN",2022,4,14,2022-04-04,2022-04-10,0,0
"Kenya","KEN",2022,4,15,2022-04-11,2022-04-17,0,0
"Kenya","KEN",2022,4,16,2022-04-18,2022-04-24,0,0
"Kenya","KEN",2022,4,17,2022-04-25,2022-05-01,0,0
"Kenya","KEN",2022,5,18,2022-05-02,2022-05-08,0,0
"Kenya","KEN",2022,5,19,2022-05-09,2022-05-15,4,0
"Kenya","KEN",2022,5,20,2022-05-16,2022-05-22,312,0
"Kenya","KEN",2022,5,21,2022-05-23,2022-05-29,0,0
"Kenya","KEN",2022,5,22,2022-05-30,2022-06-05,0,0
"Kenya","KEN",2022,6,23,2022-06-06,2022-06-12,0,0
"Kenya","KEN",2022,6,24,2022-06-13,2022-06-19,0,0
"Kenya","KEN",2022,6,25,2022-06-20,2022-06-26,0,0
"Kenya","KEN",2022,6,26,2022-06-27,2022-07-03,0,0
"Kenya","KEN",2022,7,27,2022-07-04,2022-07-10,0,0
"Kenya","KEN",2022,7,28,2022-07-11,2022-07-17,0,0
"Kenya","KEN",2022,7,29,2022-07-18,2022-07-24,0,0
"Kenya","KEN",2022,7,30,2022-07-25,2022-07-31,0,0
"Kenya","KEN",2022,8,31,2022-08-01,2022-08-07,0,0
"Kenya","KEN",2022,8,32,2022-08-08,2022-08-14,0,0
"Kenya","KEN",2022,8,33,2022-08-15,2022-08-21,0,0
"Kenya","KEN",2022,8,34,2022-08-22,2022-08-28,0,0
"Kenya","KEN",2022,8,35,2022-08-29,2022-09-04,0,0
"Kenya","KEN",2022,9,36,2022-09-05,2022-09-11,0,0
"Kenya","KEN",2022,9,37,2022-09-12,2022-09-18,0,0
"Kenya","KEN",2022,9,38,2022-09-19,2022-09-25,0,0
"Kenya","KEN",2022,9,39,2022-09-26,2022-10-02,0,0
"Kenya","KEN",2022,10,40,2022-10-03,2022-10-09,40,0
"Kenya","KEN",2022,10,41,2022-10-10,2022-10-16,40,0
"Kenya","KEN",2022,10,42,2022-10-17,2022-10-23,36,0
"Kenya","KEN",2022,10,43,2022-10-24,2022-10-30,70,0
"Kenya","KEN",2022,10,44,2022-10-31,2022-11-06,113,0
"Kenya","KEN",2022,11,45,2022-11-07,2022-11-13,301,0
"Kenya","KEN",2022,11,46,2022-11-14,2022-11-20,314,0
"Kenya","KEN",2022,11,47,2022-11-21,2022-11-27,410,0
"Kenya","KEN",2022,11,48,2022-11-28,2022-12-04,399,0
"Kenya","KEN",2022,12,49,2022-12-05,2022-12-11,471,0
"Kenya","KEN",2022,12,50,2022-12-12,2022-12-18,503,0
"Kenya","KEN",2022,12,51,2022-12-19,2022-12-25,414,0
"Kenya","KEN",2022,12,52,2022-12-26,2023-01-01,376,0
"Kenya","KEN",2023,1,1,2023-01-02,2023-01-08,340,0
"Kenya","KEN",2023,1,2,2023-01-09,2023-01-15,229,0
"Kenya","KEN",2023,1,3,2023-01-16,2023-01-22,204,0
"Kenya","KEN",2023,1,4,2023-01-23,2023-01-29,170,0
"Kenya","KEN",2023,1,5,2023-01-30,2023-02-05,155,0
"Kenya","KEN",2023,2,6,2023-02-06,2023-02-12,308,0
"Kenya","KEN",2023,2,7,2023-02-13,2023-02-19,386,0
"Kenya","KEN",2023,2,8,2023-02-20,2023-02-26,380,0
"Kenya","KEN",2023,2,9,2023-02-27,2023-03-05,389,0
"Kenya","KEN",2023,3,10,2023-03-06,2023-03-12,338,0
"Kenya","KEN",2023,3,11,2023-03-13,2023-03-19,875,0
"Kenya","KEN",2023,3,12,2023-03-20,2023-03-26,386,0
"Kenya","KEN",2023,3,13,2023-03-27,2023-04-02,503,0
"Kenya","KEN",2023,4,14,2023-04-03,2023-04-09,382,0
"Kenya","KEN",2023,4,15,2023-04-10,2023-04-16,376,0
"Kenya","KEN",2023,4,16,2023-04-17,2023-04-23,206,0
"Kenya","KEN",2023,4,17,2023-04-24,2023-04-30,669,0
"Kenya","KEN",2023,5,18,2023-05-01,2023-05-07,310,0
"Kenya","KEN",2023,5,19,2023-05-08,2023-05-14,229,0
"Kenya","KEN",2023,5,20,2023-05-15,2023-05-21,274,0
"Kenya","KEN",2023,5,21,2023-05-22,2023-05-28,253,0
"Kenya","KEN",2023,5,22,2023-05-29,2023-06-04,202,0
"Kenya","KEN",2023,6,23,2023-06-05,2023-06-11,170,0
"Kenya","KEN",2023,6,24,2023-06-12,2023-06-18,200,0
"Kenya","KEN",2023,6,25,2023-06-19,2023-06-25,143,0
"Kenya","KEN",2023,6,26,2023-06-26,2023-07-02,63,0
"Kenya","KEN",2023,7,27,2023-07-03,2023-07-09,0,0
"Kenya","KEN",2023,7,28,2023-07-10,2023-07-16,0,0
"Kenya","KEN",2023,7,29,2023-07-17,2023-07-23,0,0
"Kenya","KEN",2023,7,30,2023-07-24,2023-07-30,0,0
"Kenya","KEN",2023,7,31,2023-07-31,2023-08-06,0,0
"Kenya","KEN",2023,8,32,2023-08-07,2023-08-13,0,0
"Kenya","KEN",2023,8,33,2023-08-14,2023-08-20,0,0
"Kenya","KEN",2023,8,34,2023-08-21,2023-08-27,0,0
"Liberia","LBR",2014,11,45,2014-11-03,2014-11-09,0,0
"Liberia","LBR",2014,11,46,2014-11-10,2014-11-16,0,0
"Liberia","LBR",2014,11,47,2014-11-17,2014-11-23,0,0
"Liberia","LBR",2014,11,48,2014-11-24,2014-11-30,0,0
"Liberia","LBR",2014,12,49,2014-12-01,2014-12-07,0,0
"Liberia","LBR",2014,12,50,2014-12-08,2014-12-14,0,0
"Liberia","LBR",2014,12,51,2014-12-15,2014-12-21,0,0
"Liberia","LBR",2014,12,52,2014-12-22,2014-12-28,0,0
"Liberia","LBR",2015,12,1,2014-12-29,2015-01-04,0,0
"Liberia","LBR",2015,1,2,2015-01-05,2015-01-11,0,0
"Liberia","LBR",2015,1,3,2015-01-12,2015-01-18,0,0
"Liberia","LBR",2015,1,4,2015-01-19,2015-01-25,0,0
"Liberia","LBR",2015,1,5,2015-01-26,2015-02-01,0,0
"Liberia","LBR",2015,2,6,2015-02-02,2015-02-08,0,0
"Liberia","LBR",2015,2,7,2015-02-09,2015-02-15,0,0
"Liberia","LBR",2015,2,8,2015-02-16,2015-02-22,0,0
"Liberia","LBR",2015,2,9,2015-02-23,2015-03-01,0,0
"Liberia","LBR",2015,3,10,2015-03-02,2015-03-08,0,0
"Liberia","LBR",2015,3,11,2015-03-09,2015-03-15,0,0
"Liberia","LBR",2015,3,12,2015-03-16,2015-03-22,0,0
"Liberia","LBR",2015,3,13,2015-03-23,2015-03-29,0,0
"Liberia","LBR",2015,3,14,2015-03-30,2015-04-05,0,0
"Liberia","LBR",2015,4,15,2015-04-06,2015-04-12,0,0
"Liberia","LBR",2015,4,16,2015-04-13,2015-04-19,0,0
"Liberia","LBR",2015,4,17,2015-04-20,2015-04-26,0,0
"Liberia","LBR",2015,4,18,2015-04-27,2015-05-03,0,0
"Liberia","LBR",2015,5,19,2015-05-04,2015-05-10,0,0
"Liberia","LBR",2015,5,20,2015-05-11,2015-05-17,0,0
"Liberia","LBR",2015,5,21,2015-05-18,2015-05-24,0,0
"Liberia","LBR",2015,5,22,2015-05-25,2015-05-31,0,0
"Liberia","LBR",2015,6,23,2015-06-01,2015-06-07,0,0
"Liberia","LBR",2015,6,24,2015-06-08,2015-06-14,0,0
"Liberia","LBR",2015,6,25,2015-06-15,2015-06-21,0,0
"Liberia","LBR",2015,6,26,2015-06-22,2015-06-28,0,0
"Liberia","LBR",2015,6,27,2015-06-29,2015-07-05,0,0
"Liberia","LBR",2015,7,28,2015-07-06,2015-07-12,0,0
"Liberia","LBR",2015,7,29,2015-07-13,2015-07-19,0,0
"Liberia","LBR",2015,7,30,2015-07-20,2015-07-26,0,0
"Liberia","LBR",2015,7,31,2015-07-27,2015-08-02,0,0
"Liberia","LBR",2015,8,32,2015-08-03,2015-08-09,0,0
"Liberia","LBR",2015,8,33,2015-08-10,2015-08-16,0,0
"Liberia","LBR",2015,8,34,2015-08-17,2015-08-23,0,0
"Liberia","LBR",2015,8,35,2015-08-24,2015-08-30,0,0
"Liberia","LBR",2015,8,36,2015-08-31,2015-09-06,0,0
"Liberia","LBR",2015,9,37,2015-09-07,2015-09-13,0,0
"Liberia","LBR",2015,9,38,2015-09-14,2015-09-20,0,0
"Liberia","LBR",2015,9,39,2015-09-21,2015-09-27,0,0
"Liberia","LBR",2015,9,40,2015-09-28,2015-10-04,0,0
"Liberia","LBR",2015,10,41,2015-10-05,2015-10-11,0,0
"Liberia","LBR",2015,10,42,2015-10-12,2015-10-18,0,0
"Liberia","LBR",2015,10,43,2015-10-19,2015-10-25,0,0
"Liberia","LBR",2015,10,44,2015-10-26,2015-11-01,0,0
"Liberia","LBR",2015,11,45,2015-11-02,2015-11-08,0,0
"Liberia","LBR",2015,11,46,2015-11-09,2015-11-15,0,0
"Liberia","LBR",2015,11,47,2015-11-16,2015-11-22,0,0
"Liberia","LBR",2015,11,48,2015-11-23,2015-11-29,0,0
"Liberia","LBR",2015,11,49,2015-11-30,2015-12-06,0,0
"Liberia","LBR",2015,12,50,2015-12-07,2015-12-13,0,0
"Liberia","LBR",2015,12,51,2015-12-14,2015-12-20,0,0
"Liberia","LBR",2015,12,52,2015-12-21,2015-12-27,0,0
"Liberia","LBR",2015,12,53,2015-12-28,2016-01-03,0,0
"Liberia","LBR",2016,1,1,2016-01-04,2016-01-10,0,0
"Liberia","LBR",2016,1,2,2016-01-11,2016-01-17,0,0
"Liberia","LBR",2016,1,3,2016-01-18,2016-01-24,0,0
"Liberia","LBR",2016,1,4,2016-01-25,2016-01-31,0,0
"Liberia","LBR",2016,2,5,2016-02-01,2016-02-07,9,0
"Liberia","LBR",2016,2,6,2016-02-08,2016-02-14,1,0
"Liberia","LBR",2016,2,7,2016-02-15,2016-02-21,23,0
"Liberia","LBR",2016,2,8,2016-02-22,2016-02-28,3,0
"Liberia","LBR",2016,2,9,2016-02-29,2016-03-06,3,0
"Liberia","LBR",2016,3,10,2016-03-07,2016-03-13,5,0
"Liberia","LBR",2016,3,11,2016-03-14,2016-03-20,0,0
"Liberia","LBR",2016,3,12,2016-03-21,2016-03-27,1,0
"Liberia","LBR",2016,3,13,2016-03-28,2016-04-03,3,0
"Liberia","LBR",2016,4,14,2016-04-04,2016-04-10,2,0
"Liberia","LBR",2016,4,15,2016-04-11,2016-04-17,0,0
"Liberia","LBR",2016,4,16,2016-04-18,2016-04-24,0,0
"Liberia","LBR",2016,4,17,2016-04-25,2016-05-01,0,0
"Liberia","LBR",2016,5,18,2016-05-02,2016-05-08,5,0
"Liberia","LBR",2016,5,19,2016-05-09,2016-05-15,2,0
"Liberia","LBR",2016,5,20,2016-05-16,2016-05-22,0,0
"Liberia","LBR",2016,5,21,2016-05-23,2016-05-29,0,0
"Liberia","LBR",2016,5,22,2016-05-30,2016-06-05,2,0
"Liberia","LBR",2016,6,23,2016-06-06,2016-06-12,0,0
"Liberia","LBR",2016,6,24,2016-06-13,2016-06-19,0,0
"Liberia","LBR",2016,6,25,2016-06-20,2016-06-26,0,0
"Liberia","LBR",2016,6,26,2016-06-27,2016-07-03,0,0
"Liberia","LBR",2016,7,27,2016-07-04,2016-07-10,0,0
"Liberia","LBR",2016,7,28,2016-07-11,2016-07-17,5,0
"Liberia","LBR",2016,7,29,2016-07-18,2016-07-24,2,0
"Liberia","LBR",2016,7,30,2016-07-25,2016-07-31,0,0
"Liberia","LBR",2016,8,31,2016-08-01,2016-08-07,3,0
"Liberia","LBR",2016,8,32,2016-08-08,2016-08-14,3,0
"Liberia","LBR",2016,8,33,2016-08-15,2016-08-21,0,0
"Liberia","LBR",2016,8,34,2016-08-22,2016-08-28,0,0
"Liberia","LBR",2016,8,35,2016-08-29,2016-09-04,1,0
"Liberia","LBR",2016,9,36,2016-09-05,2016-09-11,4,0
"Liberia","LBR",2016,9,37,2016-09-12,2016-09-18,0,0
"Liberia","LBR",2016,9,38,2016-09-19,2016-09-25,2,0
"Liberia","LBR",2016,9,39,2016-09-26,2016-10-02,0,0
"Liberia","LBR",2016,10,40,2016-10-03,2016-10-09,1,0
"Liberia","LBR",2016,10,41,2016-10-10,2016-10-16,0,0
"Liberia","LBR",2016,10,42,2016-10-17,2016-10-23,2,0
"Liberia","LBR",2016,10,43,2016-10-24,2016-10-30,0,0
"Liberia","LBR",2016,10,44,2016-10-31,2016-11-06,0,0
"Liberia","LBR",2016,11,45,2016-11-07,2016-11-13,0,0
"Liberia","LBR",2016,11,46,2016-11-14,2016-11-20,3,0
"Liberia","LBR",2016,11,47,2016-11-21,2016-11-27,2,0
"Liberia","LBR",2016,11,48,2016-11-28,2016-12-04,0,0
"Liberia","LBR",2016,12,49,2016-12-05,2016-12-11,2,0
"Liberia","LBR",2016,12,50,2016-12-12,2016-12-18,1,0
"Liberia","LBR",2016,12,51,2016-12-19,2016-12-25,0,0
"Liberia","LBR",2016,12,52,2016-12-26,2017-01-01,0,0
"Liberia","LBR",2017,1,1,2017-01-02,2017-01-08,1,0
"Liberia","LBR",2017,1,2,2017-01-09,2017-01-15,0,0
"Liberia","LBR",2017,1,3,2017-01-16,2017-01-22,0,0
"Liberia","LBR",2017,1,4,2017-01-23,2017-01-29,0,0
"Liberia","LBR",2017,1,5,2017-01-30,2017-02-05,4,0
"Liberia","LBR",2017,2,6,2017-02-06,2017-02-12,1,0
"Liberia","LBR",2017,2,7,2017-02-13,2017-02-19,6,0
"Liberia","LBR",2017,2,8,2017-02-20,2017-02-26,3,0
"Liberia","LBR",2017,2,9,2017-02-27,2017-03-05,3,0
"Liberia","LBR",2017,3,10,2017-03-06,2017-03-12,2,0
"Liberia","LBR",2017,3,11,2017-03-13,2017-03-19,2,0
"Liberia","LBR",2017,3,12,2017-03-20,2017-03-26,7,0
"Liberia","LBR",2017,3,13,2017-03-27,2017-04-02,8,0
"Liberia","LBR",2017,4,14,2017-04-03,2017-04-09,2,0
"Liberia","LBR",2017,4,15,2017-04-10,2017-04-16,2,0
"Liberia","LBR",2017,4,16,2017-04-17,2017-04-23,68,0
"Liberia","LBR",2017,4,17,2017-04-24,2017-04-30,2,0
"Liberia","LBR",2017,5,18,2017-05-01,2017-05-07,7,0
"Liberia","LBR",2017,5,19,2017-05-08,2017-05-14,0,0
"Liberia","LBR",2017,5,20,2017-05-15,2017-05-21,0,0
"Liberia","LBR",2017,5,21,2017-05-22,2017-05-28,4,0
"Liberia","LBR",2017,5,22,2017-05-29,2017-06-04,1,0
"Liberia","LBR",2017,6,23,2017-06-05,2017-06-11,0,0
"Liberia","LBR",2017,6,24,2017-06-12,2017-06-18,0,0
"Liberia","LBR",2017,6,25,2017-06-19,2017-06-25,0,0
"Liberia","LBR",2017,6,26,2017-06-26,2017-07-02,2,0
"Liberia","LBR",2017,7,27,2017-07-03,2017-07-09,1,0
"Liberia","LBR",2017,7,28,2017-07-10,2017-07-16,0,0
"Liberia","LBR",2017,7,29,2017-07-17,2017-07-23,0,0
"Liberia","LBR",2017,7,30,2017-07-24,2017-07-30,1,0
"Liberia","LBR",2017,7,31,2017-07-31,2017-08-06,2,0
"Liberia","LBR",2017,8,32,2017-08-07,2017-08-13,0,0
"Liberia","LBR",2017,8,33,2017-08-14,2017-08-20,0,0
"Liberia","LBR",2017,8,34,2017-08-21,2017-08-27,2,0
"Liberia","LBR",2017,8,35,2017-08-28,2017-09-03,0,0
"Liberia","LBR",2017,9,36,2017-09-04,2017-09-10,2,0
"Liberia","LBR",2017,9,37,2017-09-11,2017-09-17,2,0
"Liberia","LBR",2017,9,38,2017-09-18,2017-09-24,2,0
"Liberia","LBR",2017,9,39,2017-09-25,2017-10-01,6,0
"Liberia","LBR",2017,10,40,2017-10-02,2017-10-08,3,0
"Liberia","LBR",2017,10,41,2017-10-09,2017-10-15,1,0
"Liberia","LBR",2017,10,42,2017-10-16,2017-10-22,0,0
"Liberia","LBR",2017,10,43,2017-10-23,2017-10-29,1,0
"Liberia","LBR",2017,10,44,2017-10-30,2017-11-05,0,0
"Liberia","LBR",2017,11,45,2017-11-06,2017-11-12,0,0
"Liberia","LBR",2017,11,46,2017-11-13,2017-11-19,1,0
"Liberia","LBR",2017,11,47,2017-11-20,2017-11-26,1,0
"Liberia","LBR",2017,11,48,2017-11-27,2017-12-03,1,0
"Liberia","LBR",2017,12,49,2017-12-04,2017-12-10,1,0
"Liberia","LBR",2017,12,50,2017-12-11,2017-12-17,6,0
"Liberia","LBR",2017,12,51,2017-12-18,2017-12-24,0,0
"Liberia","LBR",2017,12,52,2017-12-25,2017-12-31,0,0
"Liberia","LBR",2018,1,1,2018-01-01,2018-01-07,1,0
"Liberia","LBR",2018,1,2,2018-01-08,2018-01-14,2,0
"Liberia","LBR",2018,1,3,2018-01-15,2018-01-21,4,0
"Liberia","LBR",2018,1,4,2018-01-22,2018-01-28,0,0
"Liberia","LBR",2018,1,5,2018-01-29,2018-02-04,6,0
"Liberia","LBR",2018,2,6,2018-02-05,2018-02-11,1,0
"Liberia","LBR",2018,2,7,2018-02-12,2018-02-18,0,0
"Liberia","LBR",2018,2,8,2018-02-19,2018-02-25,5,0
"Liberia","LBR",2018,2,9,2018-02-26,2018-03-04,1,0
"Liberia","LBR",2018,3,10,2018-03-05,2018-03-11,1,0
"Liberia","LBR",2018,3,11,2018-03-12,2018-03-18,2,0
"Liberia","LBR",2018,3,12,2018-03-19,2018-03-25,7,0
"Liberia","LBR",2018,3,13,2018-03-26,2018-04-01,0,0
"Liberia","LBR",2018,4,14,2018-04-02,2018-04-08,1,0
"Liberia","LBR",2018,4,15,2018-04-09,2018-04-15,0,0
"Liberia","LBR",2018,4,16,2018-04-16,2018-04-22,1,0
"Liberia","LBR",2018,4,17,2018-04-23,2018-04-29,2,0
"Liberia","LBR",2018,4,18,2018-04-30,2018-05-06,3,0
"Liberia","LBR",2018,5,19,2018-05-07,2018-05-13,1,0
"Liberia","LBR",2018,5,20,2018-05-14,2018-05-20,7,0
"Liberia","LBR",2018,5,21,2018-05-21,2018-05-27,3,0
"Liberia","LBR",2018,5,22,2018-05-28,2018-06-03,1,0
"Liberia","LBR",2018,6,23,2018-06-04,2018-06-10,2,0
"Liberia","LBR",2018,6,24,2018-06-11,2018-06-17,2,0
"Liberia","LBR",2018,6,25,2018-06-18,2018-06-24,1,0
"Liberia","LBR",2018,6,26,2018-06-25,2018-07-01,0,0
"Liberia","LBR",2018,7,27,2018-07-02,2018-07-08,0,0
"Liberia","LBR",2018,7,28,2018-07-09,2018-07-15,3,0
"Liberia","LBR",2018,7,29,2018-07-16,2018-07-22,2,0
"Liberia","LBR",2018,7,30,2018-07-23,2018-07-29,2,0
"Liberia","LBR",2018,7,31,2018-07-30,2018-08-05,0,0
"Liberia","LBR",2018,8,32,2018-08-06,2018-08-12,0,0
"Liberia","LBR",2018,8,33,2018-08-13,2018-08-19,0,0
"Liberia","LBR",2018,8,34,2018-08-20,2018-08-26,0,0
"Liberia","LBR",2018,8,35,2018-08-27,2018-09-02,0,0
"Liberia","LBR",2018,9,36,2018-09-03,2018-09-09,1,0
"Liberia","LBR",2018,9,37,2018-09-10,2018-09-16,0,0
"Liberia","LBR",2018,9,38,2018-09-17,2018-09-23,2,0
"Liberia","LBR",2018,9,39,2018-09-24,2018-09-30,1,0
"Liberia","LBR",2018,10,40,2018-10-01,2018-10-07,3,0
"Liberia","LBR",2018,10,41,2018-10-08,2018-10-14,2,0
"Liberia","LBR",2018,10,42,2018-10-15,2018-10-21,0,0
"Liberia","LBR",2018,10,43,2018-10-22,2018-10-28,0,0
"Liberia","LBR",2018,10,44,2018-10-29,2018-11-04,0,0
"Liberia","LBR",2018,11,45,2018-11-05,2018-11-11,0,0
"Liberia","LBR",2018,11,46,2018-11-12,2018-11-18,0,0
"Liberia","LBR",2018,11,47,2018-11-19,2018-11-25,0,0
"Liberia","LBR",2018,11,48,2018-11-26,2018-12-02,0,0
"Liberia","LBR",2018,12,49,2018-12-03,2018-12-09,0,0
"Liberia","LBR",2018,12,50,2018-12-10,2018-12-16,0,0
"Liberia","LBR",2018,12,51,2018-12-17,2018-12-23,0,0
"Liberia","LBR",2018,12,52,2018-12-24,2018-12-30,0,0
"Liberia","LBR",2019,12,1,2018-12-31,2019-01-06,0,0
"Liberia","LBR",2019,1,2,2019-01-07,2019-01-13,6,0
"Liberia","LBR",2019,1,3,2019-01-14,2019-01-20,3,0
"Liberia","LBR",2019,1,4,2019-01-21,2019-01-27,0,0
"Liberia","LBR",2019,1,5,2019-01-28,2019-02-03,0,0
"Liberia","LBR",2019,2,6,2019-02-04,2019-02-10,2,0
"Liberia","LBR",2019,2,7,2019-02-11,2019-02-17,2,0
"Liberia","LBR",2019,2,8,2019-02-18,2019-02-24,0,0
"Liberia","LBR",2019,2,9,2019-02-25,2019-03-03,4,0
"Liberia","LBR",2019,3,10,2019-03-04,2019-03-10,2,0
"Liberia","LBR",2019,3,11,2019-03-11,2019-03-17,5,0
"Liberia","LBR",2019,3,12,2019-03-18,2019-03-24,4.5,0
"Liberia","LBR",2019,3,13,2019-03-25,2019-03-31,2,0
"Liberia","LBR",2019,4,14,2019-04-01,2019-04-07,3,0
"Liberia","LBR",2019,4,15,2019-04-08,2019-04-14,2.5,1
"Liberia","LBR",2019,4,16,2019-04-15,2019-04-21,3,0
"Liberia","LBR",2019,4,17,2019-04-22,2019-04-28,4,0
"Liberia","LBR",2019,4,18,2019-04-29,2019-05-05,3,0
"Liberia","LBR",2019,5,19,2019-05-06,2019-05-12,3,0
"Liberia","LBR",2019,5,20,2019-05-13,2019-05-19,3,0
"Liberia","LBR",2019,5,21,2019-05-20,2019-05-26,0,0
"Liberia","LBR",2019,5,22,2019-05-27,2019-06-02,2,0
"Liberia","LBR",2019,6,23,2019-06-03,2019-06-09,8,0
"Liberia","LBR",2019,6,24,2019-06-10,2019-06-16,0,0
"Liberia","LBR",2019,6,25,2019-06-17,2019-06-23,1,0
"Liberia","LBR",2019,6,26,2019-06-24,2019-06-30,3,0
"Liberia","LBR",2019,7,27,2019-07-01,2019-07-07,2,0
"Liberia","LBR",2019,7,28,2019-07-08,2019-07-14,3,0
"Liberia","LBR",2019,7,29,2019-07-15,2019-07-21,6,0
"Liberia","LBR",2019,7,30,2019-07-22,2019-07-28,1,0
"Liberia","LBR",2019,7,31,2019-07-29,2019-08-04,2,0
"Liberia","LBR",2019,8,32,2019-08-05,2019-08-11,2,0
"Liberia","LBR",2019,8,33,2019-08-12,2019-08-18,3,0
"Liberia","LBR",2019,8,34,2019-08-19,2019-08-25,2,0
"Liberia","LBR",2019,8,35,2019-08-26,2019-09-01,0,0
"Liberia","LBR",2019,9,36,2019-09-02,2019-09-08,1,0
"Liberia","LBR",2019,9,37,2019-09-09,2019-09-15,0,0
"Liberia","LBR",2019,9,38,2019-09-16,2019-09-22,4,0
"Liberia","LBR",2019,9,39,2019-09-23,2019-09-29,2,0
"Liberia","LBR",2019,9,40,2019-09-30,2019-10-06,4,0
"Liberia","LBR",2019,10,41,2019-10-07,2019-10-13,2,0
"Liberia","LBR",2019,10,42,2019-10-14,2019-10-20,2,0
"Liberia","LBR",2019,10,43,2019-10-21,2019-10-27,3,0
"Liberia","LBR",2019,10,44,2019-10-28,2019-11-03,0,0
"Liberia","LBR",2019,11,45,2019-11-04,2019-11-10,1,0
"Liberia","LBR",2019,11,46,2019-11-11,2019-11-17,1,0
"Liberia","LBR",2019,11,47,2019-11-18,2019-11-24,2,0
"Liberia","LBR",2019,11,48,2019-11-25,2019-12-01,4,0
"Liberia","LBR",2019,12,49,2019-12-02,2019-12-08,1,0
"Liberia","LBR",2019,12,50,2019-12-09,2019-12-15,2,0
"Liberia","LBR",2019,12,51,2019-12-16,2019-12-22,0,0
"Liberia","LBR",2019,12,52,2019-12-23,2019-12-29,0,0
"Liberia","LBR",2020,12,1,2019-12-30,2020-01-05,0,0
"Liberia","LBR",2020,1,2,2020-01-06,2020-01-12,0,0
"Liberia","LBR",2020,1,3,2020-01-13,2020-01-19,0,0
"Liberia","LBR",2020,1,4,2020-01-20,2020-01-26,8,0
"Liberia","LBR",2020,1,5,2020-01-27,2020-02-02,1,0
"Liberia","LBR",2020,2,6,2020-02-03,2020-02-09,0,0
"Liberia","LBR",2020,2,7,2020-02-10,2020-02-16,1,0
"Liberia","LBR",2020,2,8,2020-02-17,2020-02-23,0,0
"Liberia","LBR",2020,2,9,2020-02-24,2020-03-01,0,0
"Liberia","LBR",2020,3,10,2020-03-02,2020-03-08,0,0
"Liberia","LBR",2020,3,11,2020-03-09,2020-03-15,0,0
"Liberia","LBR",2020,3,12,2020-03-16,2020-03-22,0,0
"Liberia","LBR",2020,3,13,2020-03-23,2020-03-29,0,0
"Liberia","LBR",2020,3,14,2020-03-30,2020-04-05,0,0
"Liberia","LBR",2020,4,15,2020-04-06,2020-04-12,0,0
"Liberia","LBR",2020,4,16,2020-04-13,2020-04-19,24,0
"Liberia","LBR",2020,4,17,2020-04-20,2020-04-26,1,0
"Liberia","LBR",2020,4,18,2020-04-27,2020-05-03,2,0
"Liberia","LBR",2020,5,19,2020-05-04,2020-05-10,0,0
"Liberia","LBR",2020,5,20,2020-05-11,2020-05-17,1,0
"Liberia","LBR",2020,5,21,2020-05-18,2020-05-24,4,0
"Liberia","LBR",2020,5,22,2020-05-25,2020-05-31,1,0
"Liberia","LBR",2020,6,23,2020-06-01,2020-06-07,1,0
"Liberia","LBR",2020,6,24,2020-06-08,2020-06-14,1,0
"Liberia","LBR",2020,6,25,2020-06-15,2020-06-21,2,0
"Liberia","LBR",2020,6,26,2020-06-22,2020-06-28,0,0
"Liberia","LBR",2020,6,27,2020-06-29,2020-07-05,1,0
"Liberia","LBR",2020,7,28,2020-07-06,2020-07-12,1,0
"Liberia","LBR",2020,7,29,2020-07-13,2020-07-19,4,0
"Liberia","LBR",2020,7,30,2020-07-20,2020-07-26,1,0
"Liberia","LBR",2020,7,31,2020-07-27,2020-08-02,1,0
"Liberia","LBR",2020,8,32,2020-08-03,2020-08-09,3,0
"Liberia","LBR",2020,8,33,2020-08-10,2020-08-16,2,0
"Liberia","LBR",2020,8,34,2020-08-17,2020-08-23,3,0
"Liberia","LBR",2020,8,35,2020-08-24,2020-08-30,3,0
"Liberia","LBR",2020,8,36,2020-08-31,2020-09-06,5,0
"Liberia","LBR",2020,9,37,2020-09-07,2020-09-13,3,0
"Liberia","LBR",2020,9,38,2020-09-14,2020-09-20,0,0
"Liberia","LBR",2020,9,39,2020-09-21,2020-09-27,0,0
"Liberia","LBR",2020,9,40,2020-09-28,2020-10-04,2,0
"Liberia","LBR",2020,10,41,2020-10-05,2020-10-11,1,0
"Liberia","LBR",2020,10,42,2020-10-12,2020-10-18,2,0
"Liberia","LBR",2020,10,43,2020-10-19,2020-10-25,6,0
"Liberia","LBR",2020,10,44,2020-10-26,2020-11-01,7,0
"Liberia","LBR",2020,11,45,2020-11-02,2020-11-08,3,0
"Liberia","LBR",2020,11,46,2020-11-09,2020-11-15,1,0
"Liberia","LBR",2020,11,47,2020-11-16,2020-11-22,0,0
"Liberia","LBR",2020,11,48,2020-11-23,2020-11-29,0,0
"Liberia","LBR",2020,11,49,2020-11-30,2020-12-06,0,0
"Liberia","LBR",2020,12,50,2020-12-07,2020-12-13,1,0
"Liberia","LBR",2020,12,51,2020-12-14,2020-12-20,0,0
"Liberia","LBR",2020,12,52,2020-12-21,2020-12-27,2,0
"Liberia","LBR",2020,12,53,2020-12-28,2021-01-03,3,0
"Liberia","LBR",2021,1,1,2021-01-04,2021-01-10,3,0
"Liberia","LBR",2021,1,2,2021-01-11,2021-01-17,2.5,0
"Liberia","LBR",2021,1,3,2021-01-18,2021-01-24,2.5,0
"Liberia","LBR",2021,1,4,2021-01-25,2021-01-31,2.5,0
"Liberia","LBR",2021,2,5,2021-02-01,2021-02-07,1,0
"Liberia","LBR",2021,2,6,2021-02-08,2021-02-14,1,0
"Liberia","LBR",2021,2,7,2021-02-15,2021-02-21,1.5,0
"Liberia","LBR",2021,2,8,2021-02-22,2021-02-28,1,0
"Liberia","LBR",2021,3,9,2021-03-01,2021-03-07,1.5,0
"Liberia","LBR",2021,3,10,2021-03-08,2021-03-14,1.5,0
"Liberia","LBR",2021,3,11,2021-03-15,2021-03-21,4,0
"Liberia","LBR",2021,3,12,2021-03-22,2021-03-28,4.5,0
"Liberia","LBR",2021,3,13,2021-03-29,2021-04-04,4.5,0
"Liberia","LBR",2021,4,14,2021-04-05,2021-04-11,5,0
"Liberia","LBR",2021,4,15,2021-04-12,2021-04-18,3,0
"Liberia","LBR",2021,4,16,2021-04-19,2021-04-25,3,0
"Liberia","LBR",2021,4,17,2021-04-26,2021-05-02,3,0
"Liberia","LBR",2021,5,18,2021-05-03,2021-05-09,2,0
"Liberia","LBR",2021,5,19,2021-05-10,2021-05-16,4,0
"Liberia","LBR",2021,5,20,2021-05-17,2021-05-23,4.5,0
"Liberia","LBR",2021,5,21,2021-05-24,2021-05-30,5,0
"Liberia","LBR",2021,5,22,2021-05-31,2021-06-06,0,0
"Liberia","LBR",2021,6,23,2021-06-07,2021-06-13,0,0
"Liberia","LBR",2021,6,24,2021-06-14,2021-06-20,0,0
"Liberia","LBR",2021,6,25,2021-06-21,2021-06-27,0,0
"Liberia","LBR",2021,6,26,2021-06-28,2021-07-04,0,0
"Liberia","LBR",2021,7,27,2021-07-05,2021-07-11,0,0
"Liberia","LBR",2021,7,28,2021-07-12,2021-07-18,0,0
"Liberia","LBR",2021,7,29,2021-07-19,2021-07-25,0,0
"Liberia","LBR",2021,7,30,2021-07-26,2021-08-01,0,0
"Liberia","LBR",2021,8,31,2021-08-02,2021-08-08,0,0
"Liberia","LBR",2021,8,32,2021-08-09,2021-08-15,0,0
"Liberia","LBR",2021,8,33,2021-08-16,2021-08-22,0,0
"Liberia","LBR",2021,8,34,2021-08-23,2021-08-29,0,0
"Liberia","LBR",2021,8,35,2021-08-30,2021-09-05,0,0
"Liberia","LBR",2021,9,36,2021-09-06,2021-09-12,0,0
"Liberia","LBR",2021,9,37,2021-09-13,2021-09-19,0,0
"Liberia","LBR",2021,9,38,2021-09-20,2021-09-26,0,0
"Liberia","LBR",2021,9,39,2021-09-27,2021-10-03,0,0
"Liberia","LBR",2021,10,40,2021-10-04,2021-10-10,0,0
"Liberia","LBR",2021,10,41,2021-10-11,2021-10-17,0,0
"Liberia","LBR",2021,10,42,2021-10-18,2021-10-24,0,0
"Liberia","LBR",2021,10,43,2021-10-25,2021-10-31,15,0
"Liberia","LBR",2021,11,44,2021-11-01,2021-11-07,13.5,0
"Liberia","LBR",2021,11,45,2021-11-08,2021-11-14,8,0
"Liberia","LBR",2021,11,46,2021-11-15,2021-11-21,12,0
"Liberia","LBR",2021,11,47,2021-11-22,2021-11-28,9.5,0
"Liberia","LBR",2021,11,48,2021-11-29,2021-12-05,9,0
"Liberia","LBR",2021,12,49,2021-12-06,2021-12-12,8,0
"Liberia","LBR",2021,12,50,2021-12-13,2021-12-19,0,0
"Liberia","LBR",2021,12,51,2021-12-20,2021-12-26,0,0
"Liberia","LBR",2021,12,52,2021-12-27,2022-01-02,0,0
"Liberia","LBR",2022,1,1,2022-01-03,2022-01-09,4,0
"Liberia","LBR",2022,1,2,2022-01-10,2022-01-16,6,0
"Liberia","LBR",2022,1,3,2022-01-17,2022-01-23,13,0
"Liberia","LBR",2022,1,4,2022-01-24,2022-01-30,9,0
"Liberia","LBR",2022,1,5,2022-01-31,2022-02-06,10,0
"Liberia","LBR",2022,2,6,2022-02-07,2022-02-13,12,0
"Liberia","LBR",2022,2,7,2022-02-14,2022-02-20,7,0
"Liberia","LBR",2022,2,8,2022-02-21,2022-02-27,7,0
"Liberia","LBR",2022,2,9,2022-02-28,2022-03-06,8,0
"Liberia","LBR",2022,3,10,2022-03-07,2022-03-13,10,0
"Liberia","LBR",2022,3,11,2022-03-14,2022-03-20,2,0
"Liberia","LBR",2022,3,12,2022-03-21,2022-03-27,8,0
"Liberia","LBR",2022,3,13,2022-03-28,2022-04-03,4.5,0
"Liberia","LBR",2022,4,14,2022-04-04,2022-04-10,6,0
"Liberia","LBR",2022,4,15,2022-04-11,2022-04-17,14,0
"Liberia","LBR",2022,4,16,2022-04-18,2022-04-24,13,0
"Liberia","LBR",2022,4,17,2022-04-25,2022-05-01,13,0
"Liberia","LBR",2022,5,18,2022-05-02,2022-05-08,6,0
"Liberia","LBR",2022,5,19,2022-05-09,2022-05-15,8,0
"Liberia","LBR",2022,5,20,2022-05-16,2022-05-22,2,0
"Liberia","LBR",2022,5,21,2022-05-23,2022-05-29,2,0
"Liberia","LBR",2022,5,22,2022-05-30,2022-06-05,5,0
"Liberia","LBR",2022,6,23,2022-06-06,2022-06-12,8,0
"Liberia","LBR",2022,6,24,2022-06-13,2022-06-19,5,0
"Liberia","LBR",2022,6,25,2022-06-20,2022-06-26,4,0
"Liberia","LBR",2022,6,26,2022-06-27,2022-07-03,2.5,0
"Liberia","LBR",2022,7,27,2022-07-04,2022-07-10,8,0
"Liberia","LBR",2022,7,28,2022-07-11,2022-07-17,5,0
"Liberia","LBR",2022,7,29,2022-07-18,2022-07-24,2,0
"Liberia","LBR",2022,7,30,2022-07-25,2022-07-31,7,0
"Liberia","LBR",2022,8,31,2022-08-01,2022-08-07,8,0
"Liberia","LBR",2022,8,32,2022-08-08,2022-08-14,6,0
"Liberia","LBR",2022,8,33,2022-08-15,2022-08-21,6,0
"Liberia","LBR",2022,8,34,2022-08-22,2022-08-28,4,0
"Liberia","LBR",2022,8,35,2022-08-29,2022-09-04,4,0
"Liberia","LBR",2022,9,36,2022-09-05,2022-09-11,4,0
"Liberia","LBR",2022,9,37,2022-09-12,2022-09-18,5,0
"Liberia","LBR",2022,9,38,2022-09-19,2022-09-25,7,0
"Liberia","LBR",2022,9,39,2022-09-26,2022-10-02,4,0
"Liberia","LBR",2022,10,40,2022-10-03,2022-10-09,7.5,0
"Liberia","LBR",2022,10,41,2022-10-10,2022-10-16,16,0
"Liberia","LBR",2022,10,42,2022-10-17,2022-10-23,10,0
"Liberia","LBR",2022,10,43,2022-10-24,2022-10-30,7,0
"Liberia","LBR",2022,10,44,2022-10-31,2022-11-06,8,0
"Liberia","LBR",2022,11,45,2022-11-07,2022-11-13,9,0
"Liberia","LBR",2022,11,46,2022-11-14,2022-11-20,8,0
"Liberia","LBR",2022,11,47,2022-11-21,2022-11-27,11,0
"Liberia","LBR",2022,11,48,2022-11-28,2022-12-04,3.5,0
"Liberia","LBR",2022,12,49,2022-12-05,2022-12-11,9,0
"Liberia","LBR",2022,12,50,2022-12-12,2022-12-18,5,0
"Liberia","LBR",2022,12,51,2022-12-19,2022-12-25,2,0
"Liberia","LBR",2022,12,52,2022-12-26,2023-01-01,3,0
"Liberia","LBR",2023,1,1,2023-01-02,2023-01-08,0,0
"Liberia","LBR",2023,1,2,2023-01-09,2023-01-15,0,0
"Liberia","LBR",2023,1,3,2023-01-16,2023-01-22,0,0
"Liberia","LBR",2023,1,4,2023-01-23,2023-01-29,0,0
"Liberia","LBR",2023,1,5,2023-01-30,2023-02-05,0,0
"Liberia","LBR",2023,2,6,2023-02-06,2023-02-12,0,0
"Liberia","LBR",2023,2,7,2023-02-13,2023-02-19,0,0
"Liberia","LBR",2023,2,8,2023-02-20,2023-02-26,0,0
"Madagascar","MDG",2017,5,18,2017-05-01,2017-05-07,0,0
"Madagascar","MDG",2017,5,19,2017-05-08,2017-05-14,0,0
"Madagascar","MDG",2017,5,20,2017-05-15,2017-05-21,0,0
"Madagascar","MDG",2017,5,21,2017-05-22,2017-05-28,0,0
"Madagascar","MDG",2017,5,22,2017-05-29,2017-06-04,0,0
"Madagascar","MDG",2017,6,23,2017-06-05,2017-06-11,0,0
"Madagascar","MDG",2017,6,24,2017-06-12,2017-06-18,0,0
"Madagascar","MDG",2017,6,25,2017-06-19,2017-06-25,0,0
"Madagascar","MDG",2017,6,26,2017-06-26,2017-07-02,0,0
"Madagascar","MDG",2017,7,27,2017-07-03,2017-07-09,0,0
"Madagascar","MDG",2017,7,28,2017-07-10,2017-07-16,0,0
"Madagascar","MDG",2017,7,29,2017-07-17,2017-07-23,0,0
"Madagascar","MDG",2017,7,30,2017-07-24,2017-07-30,0,0
"Madagascar","MDG",2017,7,31,2017-07-31,2017-08-06,0,0
"Madagascar","MDG",2017,8,32,2017-08-07,2017-08-13,0,0
"Madagascar","MDG",2017,8,33,2017-08-14,2017-08-20,0,0
"Madagascar","MDG",2017,8,34,2017-08-21,2017-08-27,0,0
"Madagascar","MDG",2017,8,35,2017-08-28,2017-09-03,0,0
"Madagascar","MDG",2017,9,36,2017-09-04,2017-09-10,0,0
"Madagascar","MDG",2017,9,37,2017-09-11,2017-09-17,0,0
"Madagascar","MDG",2017,9,38,2017-09-18,2017-09-24,0,0
"Madagascar","MDG",2017,9,39,2017-09-25,2017-10-01,0,0
"Madagascar","MDG",2017,10,40,2017-10-02,2017-10-08,0,0
"Madagascar","MDG",2017,10,41,2017-10-09,2017-10-15,0,0
"Madagascar","MDG",2017,10,42,2017-10-16,2017-10-22,0,0
"Madagascar","MDG",2017,10,43,2017-10-23,2017-10-29,0,0
"Madagascar","MDG",2017,10,44,2017-10-30,2017-11-05,0,0
"Madagascar","MDG",2017,11,45,2017-11-06,2017-11-12,0,0
"Madagascar","MDG",2017,11,46,2017-11-13,2017-11-19,0,0
"Madagascar","MDG",2017,11,47,2017-11-20,2017-11-26,0,0
"Madagascar","MDG",2017,11,48,2017-11-27,2017-12-03,0,0
"Madagascar","MDG",2017,12,49,2017-12-04,2017-12-10,0,0
"Madagascar","MDG",2017,12,50,2017-12-11,2017-12-17,0,0
"Madagascar","MDG",2017,12,51,2017-12-18,2017-12-24,0,0
"Madagascar","MDG",2017,12,52,2017-12-25,2017-12-31,0,0
"Madagascar","MDG",2018,1,1,2018-01-01,2018-01-07,0,0
"Madagascar","MDG",2018,1,2,2018-01-08,2018-01-14,0,0
"Madagascar","MDG",2018,1,3,2018-01-15,2018-01-21,0,0
"Madagascar","MDG",2018,1,4,2018-01-22,2018-01-28,0,0
"Mali","MLI",2013,11,45,2013-11-04,2013-11-10,0,0
"Mali","MLI",2013,11,46,2013-11-11,2013-11-17,0,0
"Mali","MLI",2013,11,47,2013-11-18,2013-11-24,0,0
"Mali","MLI",2013,11,48,2013-11-25,2013-12-01,0,0
"Mali","MLI",2013,12,49,2013-12-02,2013-12-08,0,0
"Mali","MLI",2013,12,50,2013-12-09,2013-12-15,0,0
"Mali","MLI",2013,12,51,2013-12-16,2013-12-22,0,0
"Mali","MLI",2013,12,52,2013-12-23,2013-12-29,0,0
"Mali","MLI",2014,12,1,2013-12-30,2014-01-05,0,0
"Mali","MLI",2014,1,2,2014-01-06,2014-01-12,0,0
"Mali","MLI",2014,1,3,2014-01-13,2014-01-19,0,0
"Mali","MLI",2014,1,4,2014-01-20,2014-01-26,0,0
"Mali","MLI",2014,1,5,2014-01-27,2014-02-02,0,0
"Mali","MLI",2014,2,6,2014-02-03,2014-02-09,0,0
"Mali","MLI",2014,2,7,2014-02-10,2014-02-16,0,0
"Mali","MLI",2014,2,8,2014-02-17,2014-02-23,0,0
"Mali","MLI",2014,2,9,2014-02-24,2014-03-02,0,0
"Mali","MLI",2014,3,10,2014-03-03,2014-03-09,0,0
"Mali","MLI",2014,3,11,2014-03-10,2014-03-16,0,0
"Mali","MLI",2014,3,12,2014-03-17,2014-03-23,0,0
"Mali","MLI",2014,3,13,2014-03-24,2014-03-30,0,0
"Mali","MLI",2014,3,14,2014-03-31,2014-04-06,0,0
"Mali","MLI",2014,4,15,2014-04-07,2014-04-13,0,0
"Mali","MLI",2014,4,16,2014-04-14,2014-04-20,0,0
"Mali","MLI",2014,4,17,2014-04-21,2014-04-27,0,0
"Mali","MLI",2014,4,18,2014-04-28,2014-05-04,0,0
"Mali","MLI",2014,5,19,2014-05-05,2014-05-11,0,0
"Mali","MLI",2014,5,20,2014-05-12,2014-05-18,0,0
"Mali","MLI",2014,5,21,2014-05-19,2014-05-25,0,0
"Mali","MLI",2014,5,22,2014-05-26,2014-06-01,0,0
"Mali","MLI",2014,6,23,2014-06-02,2014-06-08,0,0
"Mali","MLI",2014,6,24,2014-06-09,2014-06-15,0,0
"Mali","MLI",2014,6,25,2014-06-16,2014-06-22,0,0
"Mali","MLI",2014,6,26,2014-06-23,2014-06-29,0,0
"Mali","MLI",2014,6,27,2014-06-30,2014-07-06,0,0
"Mali","MLI",2014,7,28,2014-07-07,2014-07-13,0,0
"Mali","MLI",2014,7,29,2014-07-14,2014-07-20,0,0
"Mali","MLI",2014,7,30,2014-07-21,2014-07-27,0,0
"Mali","MLI",2014,7,31,2014-07-28,2014-08-03,0,0
"Mali","MLI",2014,8,32,2014-08-04,2014-08-10,0,0
"Mali","MLI",2014,8,33,2014-08-11,2014-08-17,0,0
"Mali","MLI",2014,8,34,2014-08-18,2014-08-24,0,0
"Mali","MLI",2014,8,35,2014-08-25,2014-08-31,0,0
"Mali","MLI",2014,9,36,2014-09-01,2014-09-07,0,0
"Mali","MLI",2014,9,37,2014-09-08,2014-09-14,0,0
"Mali","MLI",2014,9,38,2014-09-15,2014-09-21,0,0
"Mali","MLI",2014,9,39,2014-09-22,2014-09-28,0,0
"Mali","MLI",2014,9,40,2014-09-29,2014-10-05,0,0
"Mali","MLI",2014,10,41,2014-10-06,2014-10-12,0,0
"Mali","MLI",2014,10,42,2014-10-13,2014-10-19,0,0
"Mali","MLI",2014,10,43,2014-10-20,2014-10-26,0,0
"Mali","MLI",2014,10,44,2014-10-27,2014-11-02,0,0
"Mali","MLI",2014,11,45,2014-11-03,2014-11-09,0,0
"Mali","MLI",2014,11,46,2014-11-10,2014-11-16,0,0
"Mali","MLI",2014,11,47,2014-11-17,2014-11-23,0,0
"Mali","MLI",2014,11,48,2014-11-24,2014-11-30,0,0
"Mali","MLI",2014,12,49,2014-12-01,2014-12-07,0,0
"Mali","MLI",2014,12,50,2014-12-08,2014-12-14,0,0
"Mali","MLI",2014,12,51,2014-12-15,2014-12-21,0,0
"Mali","MLI",2014,12,52,2014-12-22,2014-12-28,0,0
"Mali","MLI",2015,12,1,2014-12-29,2015-01-04,0,0
"Mali","MLI",2015,1,2,2015-01-05,2015-01-11,0,0
"Mali","MLI",2015,1,3,2015-01-12,2015-01-18,0,0
"Mali","MLI",2015,1,4,2015-01-19,2015-01-25,0,0
"Mali","MLI",2015,1,5,2015-01-26,2015-02-01,0,0
"Mali","MLI",2015,2,6,2015-02-02,2015-02-08,0,0
"Mali","MLI",2015,2,7,2015-02-09,2015-02-15,0,0
"Mali","MLI",2015,2,8,2015-02-16,2015-02-22,0,0
"Mali","MLI",2015,2,9,2015-02-23,2015-03-01,0,0
"Mali","MLI",2015,3,10,2015-03-02,2015-03-08,0,0
"Mali","MLI",2015,3,11,2015-03-09,2015-03-15,0,0
"Mali","MLI",2015,3,12,2015-03-16,2015-03-22,0,0
"Mali","MLI",2015,3,13,2015-03-23,2015-03-29,0,0
"Mali","MLI",2015,3,14,2015-03-30,2015-04-05,0,0
"Mali","MLI",2015,4,15,2015-04-06,2015-04-12,0,0
"Mali","MLI",2015,4,16,2015-04-13,2015-04-19,0,0
"Mali","MLI",2015,4,17,2015-04-20,2015-04-26,0,0
"Mali","MLI",2015,4,18,2015-04-27,2015-05-03,0,0
"Mali","MLI",2015,5,19,2015-05-04,2015-05-10,0,0
"Mali","MLI",2015,5,20,2015-05-11,2015-05-17,0,0
"Mali","MLI",2015,5,21,2015-05-18,2015-05-24,0,0
"Mali","MLI",2015,5,22,2015-05-25,2015-05-31,0,0
"Mali","MLI",2015,6,23,2015-06-01,2015-06-07,0,0
"Mali","MLI",2015,6,24,2015-06-08,2015-06-14,0,0
"Mali","MLI",2015,6,25,2015-06-15,2015-06-21,0,0
"Mali","MLI",2015,6,26,2015-06-22,2015-06-28,0,0
"Mali","MLI",2015,6,27,2015-06-29,2015-07-05,0,0
"Mali","MLI",2015,7,28,2015-07-06,2015-07-12,0,0
"Mali","MLI",2015,7,29,2015-07-13,2015-07-19,0,0
"Mali","MLI",2015,7,30,2015-07-20,2015-07-26,0,0
"Mali","MLI",2015,7,31,2015-07-27,2015-08-02,0,0
"Mali","MLI",2015,8,32,2015-08-03,2015-08-09,0,0
"Mali","MLI",2015,8,33,2015-08-10,2015-08-16,0,0
"Mali","MLI",2015,8,34,2015-08-17,2015-08-23,0,0
"Mali","MLI",2015,8,35,2015-08-24,2015-08-30,0,0
"Mali","MLI",2015,8,36,2015-08-31,2015-09-06,0,0
"Mali","MLI",2015,9,37,2015-09-07,2015-09-13,0,0
"Mali","MLI",2015,9,38,2015-09-14,2015-09-20,0,0
"Mali","MLI",2015,9,39,2015-09-21,2015-09-27,0,0
"Mali","MLI",2015,9,40,2015-09-28,2015-10-04,0,0
"Mali","MLI",2015,10,41,2015-10-05,2015-10-11,0,0
"Mali","MLI",2015,10,42,2015-10-12,2015-10-18,0,0
"Mali","MLI",2015,10,43,2015-10-19,2015-10-25,0,0
"Mali","MLI",2015,10,44,2015-10-26,2015-11-01,0,0
"Mali","MLI",2015,11,45,2015-11-02,2015-11-08,0,0
"Mali","MLI",2015,11,46,2015-11-09,2015-11-15,0,0
"Mali","MLI",2015,11,47,2015-11-16,2015-11-22,0,0
"Mali","MLI",2015,11,48,2015-11-23,2015-11-29,0,0
"Mali","MLI",2015,11,49,2015-11-30,2015-12-06,0,0
"Mali","MLI",2015,12,50,2015-12-07,2015-12-13,0,0
"Mali","MLI",2015,12,51,2015-12-14,2015-12-20,0,0
"Mali","MLI",2015,12,52,2015-12-21,2015-12-27,0,0
"Mali","MLI",2015,12,53,2015-12-28,2016-01-03,0,0
"Mali","MLI",2016,1,1,2016-01-04,2016-01-10,0,0
"Mali","MLI",2016,1,2,2016-01-11,2016-01-17,0,0
"Mali","MLI",2016,1,3,2016-01-18,2016-01-24,0,0
"Mali","MLI",2016,1,4,2016-01-25,2016-01-31,0,0
"Mali","MLI",2016,2,5,2016-02-01,2016-02-07,0,0
"Mali","MLI",2016,2,6,2016-02-08,2016-02-14,0,0
"Mali","MLI",2016,2,7,2016-02-15,2016-02-21,0,0
"Mali","MLI",2016,2,8,2016-02-22,2016-02-28,0,0
"Mali","MLI",2016,2,9,2016-02-29,2016-03-06,0,0
"Mali","MLI",2016,3,10,2016-03-07,2016-03-13,0,0
"Mali","MLI",2016,3,11,2016-03-14,2016-03-20,0,0
"Mali","MLI",2016,3,12,2016-03-21,2016-03-27,0,0
"Mali","MLI",2016,3,13,2016-03-28,2016-04-03,0,0
"Mali","MLI",2016,4,14,2016-04-04,2016-04-10,0,0
"Mali","MLI",2016,4,15,2016-04-11,2016-04-17,0,0
"Mali","MLI",2016,4,16,2016-04-18,2016-04-24,0,0
"Mali","MLI",2016,4,17,2016-04-25,2016-05-01,0,0
"Mali","MLI",2016,5,18,2016-05-02,2016-05-08,0,0
"Mali","MLI",2016,5,19,2016-05-09,2016-05-15,0,0
"Mali","MLI",2016,5,20,2016-05-16,2016-05-22,0,0
"Mali","MLI",2016,5,21,2016-05-23,2016-05-29,0,0
"Mali","MLI",2016,5,22,2016-05-30,2016-06-05,0,0
"Mali","MLI",2016,6,23,2016-06-06,2016-06-12,0,0
"Mali","MLI",2016,6,24,2016-06-13,2016-06-19,0,0
"Mali","MLI",2016,6,25,2016-06-20,2016-06-26,0,0
"Mali","MLI",2016,6,26,2016-06-27,2016-07-03,0,0
"Mali","MLI",2016,7,27,2016-07-04,2016-07-10,0,0
"Mali","MLI",2016,7,28,2016-07-11,2016-07-17,0,0
"Mali","MLI",2016,7,29,2016-07-18,2016-07-24,0,0
"Mali","MLI",2016,7,30,2016-07-25,2016-07-31,0,0
"Mali","MLI",2016,8,31,2016-08-01,2016-08-07,0,0
"Mali","MLI",2016,8,32,2016-08-08,2016-08-14,0,0
"Mali","MLI",2016,8,33,2016-08-15,2016-08-21,0,0
"Mali","MLI",2016,8,34,2016-08-22,2016-08-28,0,0
"Mali","MLI",2016,8,35,2016-08-29,2016-09-04,0,0
"Mali","MLI",2016,9,36,2016-09-05,2016-09-11,0,0
"Mali","MLI",2016,9,37,2016-09-12,2016-09-18,0,0
"Mali","MLI",2016,9,38,2016-09-19,2016-09-25,0,0
"Mali","MLI",2016,9,39,2016-09-26,2016-10-02,0,0
"Mali","MLI",2016,10,40,2016-10-03,2016-10-09,0,0
"Mali","MLI",2016,10,41,2016-10-10,2016-10-16,0,0
"Mali","MLI",2016,10,42,2016-10-17,2016-10-23,0,0
"Mali","MLI",2016,10,43,2016-10-24,2016-10-30,0,0
"Mali","MLI",2016,10,44,2016-10-31,2016-11-06,0,0
"Mali","MLI",2016,11,45,2016-11-07,2016-11-13,0,0
"Mali","MLI",2016,11,46,2016-11-14,2016-11-20,0,0
"Mali","MLI",2016,11,47,2016-11-21,2016-11-27,0,0
"Mali","MLI",2016,11,48,2016-11-28,2016-12-04,0,0
"Mali","MLI",2016,12,49,2016-12-05,2016-12-11,0,0
"Mali","MLI",2016,12,50,2016-12-12,2016-12-18,0,0
"Mali","MLI",2016,12,51,2016-12-19,2016-12-25,0,0
"Mali","MLI",2016,12,52,2016-12-26,2017-01-01,0,0
"Mali","MLI",2017,1,1,2017-01-02,2017-01-08,0,0
"Mali","MLI",2017,1,2,2017-01-09,2017-01-15,0,0
"Mali","MLI",2017,1,3,2017-01-16,2017-01-22,0,0
"Mali","MLI",2017,1,4,2017-01-23,2017-01-29,0,0
"Mali","MLI",2017,1,5,2017-01-30,2017-02-05,0,0
"Mali","MLI",2017,2,6,2017-02-06,2017-02-12,0,0
"Mali","MLI",2017,2,7,2017-02-13,2017-02-19,0,0
"Mali","MLI",2017,2,8,2017-02-20,2017-02-26,0,0
"Mali","MLI",2017,2,9,2017-02-27,2017-03-05,0,0
"Mali","MLI",2017,3,10,2017-03-06,2017-03-12,0,0
"Mali","MLI",2017,3,11,2017-03-13,2017-03-19,0,0
"Mali","MLI",2017,3,12,2017-03-20,2017-03-26,0,0
"Mali","MLI",2017,3,13,2017-03-27,2017-04-02,0,0
"Mali","MLI",2017,4,14,2017-04-03,2017-04-09,0,0
"Mali","MLI",2017,4,15,2017-04-10,2017-04-16,0,0
"Mali","MLI",2017,4,16,2017-04-17,2017-04-23,0,0
"Mali","MLI",2017,4,17,2017-04-24,2017-04-30,0,0
"Mali","MLI",2017,5,18,2017-05-01,2017-05-07,0,0
"Mali","MLI",2017,5,19,2017-05-08,2017-05-14,0,0
"Mali","MLI",2017,5,20,2017-05-15,2017-05-21,0,0
"Mali","MLI",2017,5,21,2017-05-22,2017-05-28,0,0
"Mali","MLI",2017,5,22,2017-05-29,2017-06-04,0,0
"Mali","MLI",2017,6,23,2017-06-05,2017-06-11,0,0
"Mali","MLI",2017,6,24,2017-06-12,2017-06-18,0,0
"Mali","MLI",2017,6,25,2017-06-19,2017-06-25,0,0
"Mali","MLI",2017,6,26,2017-06-26,2017-07-02,0,0
"Mali","MLI",2017,7,27,2017-07-03,2017-07-09,0,0
"Mali","MLI",2017,7,28,2017-07-10,2017-07-16,0,0
"Mali","MLI",2017,7,29,2017-07-17,2017-07-23,0,0
"Mali","MLI",2017,7,30,2017-07-24,2017-07-30,0,0
"Mali","MLI",2017,7,31,2017-07-31,2017-08-06,0,0
"Mali","MLI",2017,8,32,2017-08-07,2017-08-13,0,0
"Mali","MLI",2017,8,33,2017-08-14,2017-08-20,0,0
"Mali","MLI",2017,8,34,2017-08-21,2017-08-27,0,0
"Mali","MLI",2017,8,35,2017-08-28,2017-09-03,0,0
"Mali","MLI",2017,9,36,2017-09-04,2017-09-10,0,0
"Mali","MLI",2017,9,37,2017-09-11,2017-09-17,0,0
"Mali","MLI",2017,9,38,2017-09-18,2017-09-24,0,0
"Mali","MLI",2017,9,39,2017-09-25,2017-10-01,0,0
"Mali","MLI",2017,10,40,2017-10-02,2017-10-08,0,0
"Mali","MLI",2017,10,41,2017-10-09,2017-10-15,0,0
"Mali","MLI",2017,10,42,2017-10-16,2017-10-22,0,0
"Mali","MLI",2017,10,43,2017-10-23,2017-10-29,0,0
"Mali","MLI",2017,10,44,2017-10-30,2017-11-05,0,0
"Mali","MLI",2017,11,45,2017-11-06,2017-11-12,0,0
"Mali","MLI",2017,11,46,2017-11-13,2017-11-19,0,0
"Mali","MLI",2017,11,47,2017-11-20,2017-11-26,0,0
"Mali","MLI",2017,11,48,2017-11-27,2017-12-03,0,0
"Mali","MLI",2017,12,49,2017-12-04,2017-12-10,0,0
"Mali","MLI",2017,12,50,2017-12-11,2017-12-17,0,0
"Mali","MLI",2017,12,51,2017-12-18,2017-12-24,0,0
"Mali","MLI",2017,12,52,2017-12-25,2017-12-31,0,0
"Mali","MLI",2018,1,1,2018-01-01,2018-01-07,0,0
"Mali","MLI",2018,1,2,2018-01-08,2018-01-14,0,0
"Mali","MLI",2018,1,3,2018-01-15,2018-01-21,0,0
"Mali","MLI",2018,1,4,2018-01-22,2018-01-28,0,0
"Mali","MLI",2018,1,5,2018-01-29,2018-02-04,0,0
"Mali","MLI",2018,2,6,2018-02-05,2018-02-11,0,0
"Mali","MLI",2018,2,7,2018-02-12,2018-02-18,0,0
"Mali","MLI",2018,2,8,2018-02-19,2018-02-25,0,0
"Mali","MLI",2018,2,9,2018-02-26,2018-03-04,0,0
"Mali","MLI",2018,3,10,2018-03-05,2018-03-11,0,0
"Mali","MLI",2018,3,11,2018-03-12,2018-03-18,0,0
"Mali","MLI",2018,3,12,2018-03-19,2018-03-25,0,0
"Mali","MLI",2018,3,13,2018-03-26,2018-04-01,0,0
"Mali","MLI",2018,4,14,2018-04-02,2018-04-08,0,0
"Mali","MLI",2018,4,15,2018-04-09,2018-04-15,0,0
"Mali","MLI",2018,4,16,2018-04-16,2018-04-22,0,0
"Mali","MLI",2018,4,17,2018-04-23,2018-04-29,0,0
"Mali","MLI",2018,4,18,2018-04-30,2018-05-06,0,0
"Mali","MLI",2018,5,19,2018-05-07,2018-05-13,0,0
"Mali","MLI",2018,5,20,2018-05-14,2018-05-20,0,0
"Mali","MLI",2018,5,21,2018-05-21,2018-05-27,0,0
"Mali","MLI",2018,5,22,2018-05-28,2018-06-03,0,0
"Mali","MLI",2018,6,23,2018-06-04,2018-06-10,0,0
"Mali","MLI",2018,6,24,2018-06-11,2018-06-17,0,0
"Mali","MLI",2018,6,25,2018-06-18,2018-06-24,0,0
"Mali","MLI",2018,6,26,2018-06-25,2018-07-01,0,0
"Mali","MLI",2018,7,27,2018-07-02,2018-07-08,0,0
"Mali","MLI",2018,7,28,2018-07-09,2018-07-15,0,0
"Mali","MLI",2018,7,29,2018-07-16,2018-07-22,0,0
"Mali","MLI",2018,7,30,2018-07-23,2018-07-29,0,0
"Mali","MLI",2018,7,31,2018-07-30,2018-08-05,0,0
"Mali","MLI",2018,8,32,2018-08-06,2018-08-12,0,0
"Mali","MLI",2018,8,33,2018-08-13,2018-08-19,0,0
"Mali","MLI",2018,8,34,2018-08-20,2018-08-26,0,0
"Mali","MLI",2018,8,35,2018-08-27,2018-09-02,0,0
"Mali","MLI",2018,9,36,2018-09-03,2018-09-09,0,0
"Mali","MLI",2018,9,37,2018-09-10,2018-09-16,0,0
"Mali","MLI",2018,9,38,2018-09-17,2018-09-23,0,0
"Mali","MLI",2018,9,39,2018-09-24,2018-09-30,0,0
"Mali","MLI",2018,10,40,2018-10-01,2018-10-07,0,0
"Mali","MLI",2018,10,41,2018-10-08,2018-10-14,0,0
"Mali","MLI",2018,10,42,2018-10-15,2018-10-21,0,0
"Mali","MLI",2018,10,43,2018-10-22,2018-10-28,0,0
"Mali","MLI",2018,10,44,2018-10-29,2018-11-04,0,0
"Mali","MLI",2018,11,45,2018-11-05,2018-11-11,0,0
"Mali","MLI",2018,11,46,2018-11-12,2018-11-18,0,0
"Mali","MLI",2018,11,47,2018-11-19,2018-11-25,0,0
"Mali","MLI",2018,11,48,2018-11-26,2018-12-02,0,0
"Mali","MLI",2018,12,49,2018-12-03,2018-12-09,0,0
"Mali","MLI",2018,12,50,2018-12-10,2018-12-16,0,0
"Mali","MLI",2018,12,51,2018-12-17,2018-12-23,0,0
"Mali","MLI",2018,12,52,2018-12-24,2018-12-30,0,0
"Mali","MLI",2019,12,1,2018-12-31,2019-01-06,0,0
"Mali","MLI",2019,1,2,2019-01-07,2019-01-13,0,0
"Mali","MLI",2019,1,3,2019-01-14,2019-01-20,0,0
"Mali","MLI",2019,1,4,2019-01-21,2019-01-27,0,0
"Mali","MLI",2019,1,5,2019-01-28,2019-02-03,0,0
"Mali","MLI",2019,2,6,2019-02-04,2019-02-10,0,0
"Mali","MLI",2019,2,7,2019-02-11,2019-02-17,0,0
"Mali","MLI",2019,2,8,2019-02-18,2019-02-24,0,0
"Mali","MLI",2019,2,9,2019-02-25,2019-03-03,0,0
"Mali","MLI",2019,3,10,2019-03-04,2019-03-10,0,0
"Mali","MLI",2019,3,11,2019-03-11,2019-03-17,0,0
"Mali","MLI",2019,3,12,2019-03-18,2019-03-24,0,0
"Mali","MLI",2019,3,13,2019-03-25,2019-03-31,0,0
"Mali","MLI",2019,4,14,2019-04-01,2019-04-07,0,0
"Mali","MLI",2019,4,15,2019-04-08,2019-04-14,0,0
"Mali","MLI",2019,4,16,2019-04-15,2019-04-21,0,0
"Mali","MLI",2019,4,17,2019-04-22,2019-04-28,0,0
"Mali","MLI",2019,4,18,2019-04-29,2019-05-05,0,0
"Mali","MLI",2019,5,19,2019-05-06,2019-05-12,0,0
"Mali","MLI",2019,5,20,2019-05-13,2019-05-19,0,0
"Mali","MLI",2019,5,21,2019-05-20,2019-05-26,0,0
"Mali","MLI",2019,5,22,2019-05-27,2019-06-02,0,0
"Mali","MLI",2019,6,23,2019-06-03,2019-06-09,0,0
"Mali","MLI",2019,6,24,2019-06-10,2019-06-16,0,0
"Mali","MLI",2019,6,25,2019-06-17,2019-06-23,0,0
"Mali","MLI",2019,6,26,2019-06-24,2019-06-30,0,0
"Mali","MLI",2019,7,27,2019-07-01,2019-07-07,0,0
"Mali","MLI",2019,7,28,2019-07-08,2019-07-14,0,0
"Mali","MLI",2019,7,29,2019-07-15,2019-07-21,0,0
"Mali","MLI",2019,7,30,2019-07-22,2019-07-28,0,0
"Mali","MLI",2019,7,31,2019-07-29,2019-08-04,0,0
"Mali","MLI",2019,8,32,2019-08-05,2019-08-11,0,0
"Mali","MLI",2019,8,33,2019-08-12,2019-08-18,0,0
"Mali","MLI",2019,8,34,2019-08-19,2019-08-25,0,0
"Mali","MLI",2019,8,35,2019-08-26,2019-09-01,0,0
"Mali","MLI",2019,9,36,2019-09-02,2019-09-08,0,0
"Mali","MLI",2019,9,37,2019-09-09,2019-09-15,0,0
"Mali","MLI",2019,9,38,2019-09-16,2019-09-22,0,0
"Mali","MLI",2019,9,39,2019-09-23,2019-09-29,0,0
"Mali","MLI",2019,9,40,2019-09-30,2019-10-06,0,0
"Mali","MLI",2019,10,41,2019-10-07,2019-10-13,0,0
"Mali","MLI",2019,10,42,2019-10-14,2019-10-20,0,0
"Mali","MLI",2019,10,43,2019-10-21,2019-10-27,0,0
"Mali","MLI",2019,10,44,2019-10-28,2019-11-03,0,0
"Mali","MLI",2019,11,45,2019-11-04,2019-11-10,0,0
"Mali","MLI",2019,11,46,2019-11-11,2019-11-17,0,0
"Mali","MLI",2019,11,47,2019-11-18,2019-11-24,0,0
"Mali","MLI",2019,11,48,2019-11-25,2019-12-01,0,0
"Mali","MLI",2019,12,49,2019-12-02,2019-12-08,0,0
"Mali","MLI",2019,12,50,2019-12-09,2019-12-15,0,0
"Mali","MLI",2019,12,51,2019-12-16,2019-12-22,0,0
"Mali","MLI",2019,12,52,2019-12-23,2019-12-29,0,0
"Mali","MLI",2020,12,1,2019-12-30,2020-01-05,0,0
"Mali","MLI",2020,1,2,2020-01-06,2020-01-12,0,0
"Mali","MLI",2020,1,3,2020-01-13,2020-01-19,0,0
"Mali","MLI",2020,1,4,2020-01-20,2020-01-26,0,0
"Mali","MLI",2020,1,5,2020-01-27,2020-02-02,0,0
"Mali","MLI",2020,2,6,2020-02-03,2020-02-09,0,0
"Mali","MLI",2020,2,7,2020-02-10,2020-02-16,0,0
"Mali","MLI",2020,2,8,2020-02-17,2020-02-23,0,0
"Mali","MLI",2020,2,9,2020-02-24,2020-03-01,0,0
"Mali","MLI",2020,3,10,2020-03-02,2020-03-08,0,0
"Mali","MLI",2020,3,11,2020-03-09,2020-03-15,0,0
"Mali","MLI",2020,3,12,2020-03-16,2020-03-22,0,0
"Mali","MLI",2020,3,13,2020-03-23,2020-03-29,0,0
"Mali","MLI",2020,3,14,2020-03-30,2020-04-05,0,0
"Mali","MLI",2020,4,15,2020-04-06,2020-04-12,0,0
"Mali","MLI",2020,4,16,2020-04-13,2020-04-19,0,0
"Mali","MLI",2020,4,17,2020-04-20,2020-04-26,0,0
"Mali","MLI",2020,4,18,2020-04-27,2020-05-03,0,0
"Mali","MLI",2020,5,19,2020-05-04,2020-05-10,0,0
"Mali","MLI",2020,5,20,2020-05-11,2020-05-17,0,0
"Mali","MLI",2020,5,21,2020-05-18,2020-05-24,0,0
"Mali","MLI",2020,5,22,2020-05-25,2020-05-31,0,0
"Mali","MLI",2020,6,23,2020-06-01,2020-06-07,0,0
"Mali","MLI",2020,6,24,2020-06-08,2020-06-14,0,0
"Mali","MLI",2020,6,25,2020-06-15,2020-06-21,0,0
"Mali","MLI",2020,6,26,2020-06-22,2020-06-28,0,0
"Mali","MLI",2020,6,27,2020-06-29,2020-07-05,0,0
"Mali","MLI",2020,7,28,2020-07-06,2020-07-12,0,0
"Mali","MLI",2020,7,29,2020-07-13,2020-07-19,0,0
"Mali","MLI",2020,7,30,2020-07-20,2020-07-26,0,0
"Mali","MLI",2020,7,31,2020-07-27,2020-08-02,0,0
"Mali","MLI",2020,8,32,2020-08-03,2020-08-09,0,0
"Mali","MLI",2020,8,33,2020-08-10,2020-08-16,0,0
"Mali","MLI",2020,8,34,2020-08-17,2020-08-23,0,0
"Mali","MLI",2020,8,35,2020-08-24,2020-08-30,0,0
"Mali","MLI",2020,8,36,2020-08-31,2020-09-06,0,0
"Mali","MLI",2020,9,37,2020-09-07,2020-09-13,0,0
"Mali","MLI",2020,9,38,2020-09-14,2020-09-20,0,0
"Mali","MLI",2020,9,39,2020-09-21,2020-09-27,0,0
"Mali","MLI",2020,9,40,2020-09-28,2020-10-04,0,0
"Mali","MLI",2020,10,41,2020-10-05,2020-10-11,0,0
"Mali","MLI",2020,10,42,2020-10-12,2020-10-18,0,0
"Mali","MLI",2020,10,43,2020-10-19,2020-10-25,0,0
"Mali","MLI",2020,10,44,2020-10-26,2020-11-01,0,0
"Mali","MLI",2020,11,45,2020-11-02,2020-11-08,0,0
"Mali","MLI",2020,11,46,2020-11-09,2020-11-15,0,0
"Mali","MLI",2020,11,47,2020-11-16,2020-11-22,0,0
"Mali","MLI",2020,11,48,2020-11-23,2020-11-29,0,0
"Mali","MLI",2020,11,49,2020-11-30,2020-12-06,0,0
"Mali","MLI",2020,12,50,2020-12-07,2020-12-13,0,0
"Mali","MLI",2020,12,51,2020-12-14,2020-12-20,0,0
"Mali","MLI",2020,12,52,2020-12-21,2020-12-27,0,0
"Mali","MLI",2020,12,53,2020-12-28,2021-01-03,0,0
"Mali","MLI",2021,1,1,2021-01-04,2021-01-10,0,0
"Mali","MLI",2021,1,2,2021-01-11,2021-01-17,0,0
"Mali","MLI",2021,1,3,2021-01-18,2021-01-24,0,0
"Mali","MLI",2021,1,4,2021-01-25,2021-01-31,0,0
"Mali","MLI",2021,2,5,2021-02-01,2021-02-07,0,0
"Mali","MLI",2021,2,6,2021-02-08,2021-02-14,0,0
"Mali","MLI",2021,2,7,2021-02-15,2021-02-21,0,0
"Mali","MLI",2021,2,8,2021-02-22,2021-02-28,0,0
"Mozambique","MOZ",2017,6,25,2017-06-19,2017-06-25,0,0
"Mozambique","MOZ",2017,6,26,2017-06-26,2017-07-02,0,0
"Mozambique","MOZ",2017,7,27,2017-07-03,2017-07-09,0,0
"Mozambique","MOZ",2017,7,28,2017-07-10,2017-07-16,0,0
"Mozambique","MOZ",2017,7,29,2017-07-17,2017-07-23,0,0
"Mozambique","MOZ",2017,7,30,2017-07-24,2017-07-30,0,0
"Mozambique","MOZ",2017,7,31,2017-07-31,2017-08-06,0,0
"Mozambique","MOZ",2017,8,32,2017-08-07,2017-08-13,0,0
"Mozambique","MOZ",2017,8,33,2017-08-14,2017-08-20,5,0
"Mozambique","MOZ",2017,8,34,2017-08-21,2017-08-27,6.5,0
"Mozambique","MOZ",2017,8,35,2017-08-28,2017-09-03,15,0
"Mozambique","MOZ",2017,9,36,2017-09-04,2017-09-10,17.3333333333333,0.5
"Mozambique","MOZ",2017,9,37,2017-09-11,2017-09-17,6.66666666666667,0
"Mozambique","MOZ",2017,9,38,2017-09-18,2017-09-24,20.6666666666667,0
"Mozambique","MOZ",2017,9,39,2017-09-25,2017-10-01,22.6666666666667,0
"Mozambique","MOZ",2017,10,40,2017-10-02,2017-10-08,32,0
"Mozambique","MOZ",2017,10,41,2017-10-09,2017-10-15,59,0
"Mozambique","MOZ",2017,10,42,2017-10-16,2017-10-22,88.3333333333333,0
"Mozambique","MOZ",2017,10,43,2017-10-23,2017-10-29,57,0
"Mozambique","MOZ",2017,10,44,2017-10-30,2017-11-05,91.6666666666667,0
"Mozambique","MOZ",2017,11,45,2017-11-06,2017-11-12,77.3333333333333,0
"Mozambique","MOZ",2017,11,46,2017-11-13,2017-11-19,85.3333333333333,0
"Mozambique","MOZ",2017,11,47,2017-11-20,2017-11-26,143.666666666667,0
"Mozambique","MOZ",2017,11,48,2017-11-27,2017-12-03,79.6666666666667,0
"Mozambique","MOZ",2017,12,49,2017-12-04,2017-12-10,53,0
"Mozambique","MOZ",2017,12,50,2017-12-11,2017-12-17,62.5,0
"Mozambique","MOZ",2017,12,51,2017-12-18,2017-12-24,30.5,0
"Mozambique","MOZ",2017,12,52,2017-12-25,2017-12-31,27,0
"Mozambique","MOZ",2018,1,1,2018-01-01,2018-01-07,33.3333333333333,0
"Mozambique","MOZ",2018,1,2,2018-01-08,2018-01-14,38,0
"Mozambique","MOZ",2018,1,3,2018-01-15,2018-01-21,54.3333333333333,0
"Mozambique","MOZ",2018,1,4,2018-01-22,2018-01-28,47.3333333333333,0
"Mozambique","MOZ",2018,1,5,2018-01-29,2018-02-04,41.6666666666667,0
"Mozambique","MOZ",2018,2,6,2018-02-05,2018-02-11,72.6666666666667,0.5
"Mozambique","MOZ",2018,2,7,2018-02-12,2018-02-18,66,0
"Mozambique","MOZ",2018,2,8,2018-02-19,2018-02-25,109,2
"Mozambique","MOZ",2018,2,9,2018-02-26,2018-03-04,37.5,1
"Mozambique","MOZ",2018,3,10,2018-03-05,2018-03-11,57,0
"Mozambique","MOZ",2018,3,11,2018-03-12,2018-03-18,50,0
"Mozambique","MOZ",2018,3,12,2018-03-19,2018-03-25,15,0
"Mozambique","MOZ",2018,3,13,2018-03-26,2018-04-01,32,0
"Mozambique","MOZ",2018,4,14,2018-04-02,2018-04-08,12,0
"Mozambique","MOZ",2018,4,15,2018-04-09,2018-04-15,0,0
"Mozambique","MOZ",2018,4,16,2018-04-16,2018-04-22,0,0
"Mozambique","MOZ",2018,4,17,2018-04-23,2018-04-29,0,0
"Mozambique","MOZ",2018,4,18,2018-04-30,2018-05-06,0,0
"Mozambique","MOZ",2018,5,19,2018-05-07,2018-05-13,0,0
"Mozambique","MOZ",2018,5,20,2018-05-14,2018-05-20,0,0
"Mozambique","MOZ",2018,5,21,2018-05-21,2018-05-27,0,0
"Mozambique","MOZ",2018,5,22,2018-05-28,2018-06-03,0,0
"Mozambique","MOZ",2018,6,23,2018-06-04,2018-06-10,0,0
"Mozambique","MOZ",2018,6,24,2018-06-11,2018-06-17,0,0
"Mozambique","MOZ",2018,6,25,2018-06-18,2018-06-24,0,0
"Mozambique","MOZ",2018,6,26,2018-06-25,2018-07-01,0,0
"Mozambique","MOZ",2018,7,27,2018-07-02,2018-07-08,0,0
"Mozambique","MOZ",2018,7,28,2018-07-09,2018-07-15,0,0
"Mozambique","MOZ",2018,7,29,2018-07-16,2018-07-22,0,0
"Mozambique","MOZ",2018,7,30,2018-07-23,2018-07-29,0,0
"Mozambique","MOZ",2018,7,31,2018-07-30,2018-08-05,0,0
"Mozambique","MOZ",2018,8,32,2018-08-06,2018-08-12,0,0
"Mozambique","MOZ",2018,8,33,2018-08-13,2018-08-19,0,0
"Mozambique","MOZ",2018,8,34,2018-08-20,2018-08-26,0,0
"Mozambique","MOZ",2018,8,35,2018-08-27,2018-09-02,0,0
"Mozambique","MOZ",2018,9,36,2018-09-03,2018-09-09,0,0
"Mozambique","MOZ",2018,9,37,2018-09-10,2018-09-16,0,0
"Mozambique","MOZ",2018,9,38,2018-09-17,2018-09-23,0,0
"Mozambique","MOZ",2018,9,39,2018-09-24,2018-09-30,0,0
"Mozambique","MOZ",2018,10,40,2018-10-01,2018-10-07,0,0
"Mozambique","MOZ",2018,10,41,2018-10-08,2018-10-14,0,0
"Mozambique","MOZ",2018,10,42,2018-10-15,2018-10-21,0,0
"Mozambique","MOZ",2018,10,43,2018-10-22,2018-10-28,0,0
"Mozambique","MOZ",2018,10,44,2018-10-29,2018-11-04,0,0
"Mozambique","MOZ",2018,11,45,2018-11-05,2018-11-11,0,0
"Mozambique","MOZ",2018,11,46,2018-11-12,2018-11-18,0,0
"Mozambique","MOZ",2018,11,47,2018-11-19,2018-11-25,0,0
"Mozambique","MOZ",2018,11,48,2018-11-26,2018-12-02,0,0
"Mozambique","MOZ",2018,12,49,2018-12-03,2018-12-09,0,0
"Mozambique","MOZ",2018,12,50,2018-12-10,2018-12-16,0,0
"Mozambique","MOZ",2018,12,51,2018-12-17,2018-12-23,0,0
"Mozambique","MOZ",2018,12,52,2018-12-24,2018-12-30,0,0
"Mozambique","MOZ",2019,12,1,2018-12-31,2019-01-06,0,0
"Mozambique","MOZ",2019,1,2,2019-01-07,2019-01-13,0,0
"Mozambique","MOZ",2019,1,3,2019-01-14,2019-01-20,0,0
"Mozambique","MOZ",2019,1,4,2019-01-21,2019-01-27,0,0
"Mozambique","MOZ",2019,1,5,2019-01-28,2019-02-03,0,0
"Mozambique","MOZ",2019,2,6,2019-02-04,2019-02-10,0,0
"Mozambique","MOZ",2019,2,7,2019-02-11,2019-02-17,0,0
"Mozambique","MOZ",2019,2,8,2019-02-18,2019-02-24,0,0
"Mozambique","MOZ",2019,2,9,2019-02-25,2019-03-03,0,0
"Mozambique","MOZ",2019,3,10,2019-03-04,2019-03-10,0,0
"Mozambique","MOZ",2019,3,11,2019-03-11,2019-03-17,0,0
"Mozambique","MOZ",2019,3,12,2019-03-18,2019-03-24,0,0
"Mozambique","MOZ",2019,3,13,2019-03-25,2019-03-31,1048,1
"Mozambique","MOZ",2019,4,14,2019-04-01,2019-04-07,3024,6
"Mozambique","MOZ",2019,4,15,2019-04-08,2019-04-14,2315,2
"Mozambique","MOZ",2019,4,16,2019-04-15,2019-04-21,0,0
"Mozambique","MOZ",2019,4,17,2019-04-22,2019-04-28,122,0
"Mozambique","MOZ",2019,4,18,2019-04-29,2019-05-05,96,0
"Mozambique","MOZ",2019,5,19,2019-05-06,2019-05-12,117,0
"Mozambique","MOZ",2019,5,20,2019-05-13,2019-05-19,0,0
"Mozambique","MOZ",2019,5,21,2019-05-20,2019-05-26,0,0
"Mozambique","MOZ",2019,5,22,2019-05-27,2019-06-02,0,0
"Mozambique","MOZ",2019,6,23,2019-06-03,2019-06-09,0,0
"Mozambique","MOZ",2019,6,24,2019-06-10,2019-06-16,0,0
"Mozambique","MOZ",2019,6,25,2019-06-17,2019-06-23,0,0
"Mozambique","MOZ",2019,6,26,2019-06-24,2019-06-30,0,0
"Mozambique","MOZ",2019,7,27,2019-07-01,2019-07-07,0,0
"Mozambique","MOZ",2019,7,28,2019-07-08,2019-07-14,0,0
"Mozambique","MOZ",2019,7,29,2019-07-15,2019-07-21,0,0
"Mozambique","MOZ",2019,7,30,2019-07-22,2019-07-28,0,0
"Mozambique","MOZ",2019,7,31,2019-07-29,2019-08-04,0,0
"Mozambique","MOZ",2019,8,32,2019-08-05,2019-08-11,0,0
"Mozambique","MOZ",2019,8,33,2019-08-12,2019-08-18,0,0
"Mozambique","MOZ",2019,8,34,2019-08-19,2019-08-25,0,0
"Mozambique","MOZ",2019,8,35,2019-08-26,2019-09-01,0,0
"Mozambique","MOZ",2019,9,36,2019-09-02,2019-09-08,0,0
"Mozambique","MOZ",2019,9,37,2019-09-09,2019-09-15,0,0
"Mozambique","MOZ",2019,9,38,2019-09-16,2019-09-22,0,0
"Mozambique","MOZ",2019,9,39,2019-09-23,2019-09-29,0,0
"Mozambique","MOZ",2019,9,40,2019-09-30,2019-10-06,0,0
"Mozambique","MOZ",2019,10,41,2019-10-07,2019-10-13,0,0
"Mozambique","MOZ",2019,10,42,2019-10-14,2019-10-20,0,0
"Mozambique","MOZ",2019,10,43,2019-10-21,2019-10-27,0,0
"Mozambique","MOZ",2019,10,44,2019-10-28,2019-11-03,0,0
"Mozambique","MOZ",2019,11,45,2019-11-04,2019-11-10,0,0
"Mozambique","MOZ",2019,11,46,2019-11-11,2019-11-17,0,0
"Mozambique","MOZ",2019,11,47,2019-11-18,2019-11-24,0,0
"Mozambique","MOZ",2019,11,48,2019-11-25,2019-12-01,0,0
"Mozambique","MOZ",2019,12,49,2019-12-02,2019-12-08,0,0
"Mozambique","MOZ",2019,12,50,2019-12-09,2019-12-15,0,0
"Mozambique","MOZ",2019,12,51,2019-12-16,2019-12-22,0,0
"Mozambique","MOZ",2019,12,52,2019-12-23,2019-12-29,0,0
"Mozambique","MOZ",2020,12,1,2019-12-30,2020-01-05,0,0
"Mozambique","MOZ",2020,1,2,2020-01-06,2020-01-12,0,0
"Mozambique","MOZ",2020,1,3,2020-01-13,2020-01-19,0,0
"Mozambique","MOZ",2020,1,4,2020-01-20,2020-01-26,0,0
"Mozambique","MOZ",2020,1,5,2020-01-27,2020-02-02,0,0
"Mozambique","MOZ",2020,2,6,2020-02-03,2020-02-09,0,0
"Mozambique","MOZ",2020,2,7,2020-02-10,2020-02-16,0,0
"Mozambique","MOZ",2020,2,8,2020-02-17,2020-02-23,0,0
"Mozambique","MOZ",2020,2,9,2020-02-24,2020-03-01,0,0
"Mozambique","MOZ",2020,3,10,2020-03-02,2020-03-08,0,0
"Mozambique","MOZ",2020,3,11,2020-03-09,2020-03-15,0,0
"Mozambique","MOZ",2020,3,12,2020-03-16,2020-03-22,0,0
"Mozambique","MOZ",2020,3,13,2020-03-23,2020-03-29,0,0
"Mozambique","MOZ",2020,3,14,2020-03-30,2020-04-05,0,0
"Mozambique","MOZ",2020,4,15,2020-04-06,2020-04-12,0,0
"Mozambique","MOZ",2020,4,16,2020-04-13,2020-04-19,0,0
"Mozambique","MOZ",2020,4,17,2020-04-20,2020-04-26,0,0
"Mozambique","MOZ",2020,4,18,2020-04-27,2020-05-03,0,0
"Mozambique","MOZ",2020,5,19,2020-05-04,2020-05-10,0,0
"Mozambique","MOZ",2020,5,20,2020-05-11,2020-05-17,0,0
"Mozambique","MOZ",2020,5,21,2020-05-18,2020-05-24,0,0
"Mozambique","MOZ",2020,5,22,2020-05-25,2020-05-31,0,0
"Mozambique","MOZ",2020,6,23,2020-06-01,2020-06-07,0,0
"Mozambique","MOZ",2020,6,24,2020-06-08,2020-06-14,0,0
"Mozambique","MOZ",2020,6,25,2020-06-15,2020-06-21,0,0
"Mozambique","MOZ",2020,6,26,2020-06-22,2020-06-28,0,0
"Mozambique","MOZ",2020,6,27,2020-06-29,2020-07-05,0,0
"Mozambique","MOZ",2020,7,28,2020-07-06,2020-07-12,0,0
"Mozambique","MOZ",2020,7,29,2020-07-13,2020-07-19,0,0
"Mozambique","MOZ",2020,7,30,2020-07-20,2020-07-26,0,0
"Mozambique","MOZ",2020,7,31,2020-07-27,2020-08-02,0,0
"Mozambique","MOZ",2020,8,32,2020-08-03,2020-08-09,0,0
"Mozambique","MOZ",2020,8,33,2020-08-10,2020-08-16,0,0
"Mozambique","MOZ",2020,8,34,2020-08-17,2020-08-23,0,0
"Mozambique","MOZ",2020,8,35,2020-08-24,2020-08-30,0,0
"Mozambique","MOZ",2020,8,36,2020-08-31,2020-09-06,0,0
"Mozambique","MOZ",2020,9,37,2020-09-07,2020-09-13,0,0
"Mozambique","MOZ",2020,9,38,2020-09-14,2020-09-20,0,0
"Mozambique","MOZ",2020,9,39,2020-09-21,2020-09-27,0,0
"Mozambique","MOZ",2020,9,40,2020-09-28,2020-10-04,0,0
"Mozambique","MOZ",2020,10,41,2020-10-05,2020-10-11,0,0
"Mozambique","MOZ",2020,10,42,2020-10-12,2020-10-18,0,0
"Mozambique","MOZ",2020,10,43,2020-10-19,2020-10-25,0,0
"Mozambique","MOZ",2020,10,44,2020-10-26,2020-11-01,0,0
"Mozambique","MOZ",2020,11,45,2020-11-02,2020-11-08,0,0
"Mozambique","MOZ",2020,11,46,2020-11-09,2020-11-15,0,0
"Mozambique","MOZ",2020,11,47,2020-11-16,2020-11-22,0,0
"Mozambique","MOZ",2020,11,48,2020-11-23,2020-11-29,0,0
"Mozambique","MOZ",2020,11,49,2020-11-30,2020-12-06,0,0
"Mozambique","MOZ",2020,12,50,2020-12-07,2020-12-13,0,0
"Mozambique","MOZ",2020,12,51,2020-12-14,2020-12-20,0,0
"Mozambique","MOZ",2020,12,52,2020-12-21,2020-12-27,0,0
"Mozambique","MOZ",2020,12,53,2020-12-28,2021-01-03,0,0
"Mozambique","MOZ",2021,1,1,2021-01-04,2021-01-10,0,0
"Mozambique","MOZ",2021,1,2,2021-01-11,2021-01-17,0,0
"Mozambique","MOZ",2021,1,3,2021-01-18,2021-01-24,0,0
"Mozambique","MOZ",2021,1,4,2021-01-25,2021-01-31,0,0
"Mozambique","MOZ",2021,2,5,2021-02-01,2021-02-07,0,0
"Mozambique","MOZ",2021,2,6,2021-02-08,2021-02-14,0,0
"Mozambique","MOZ",2021,2,7,2021-02-15,2021-02-21,0,0
"Mozambique","MOZ",2021,2,8,2021-02-22,2021-02-28,0,0
"Mozambique","MOZ",2021,3,9,2021-03-01,2021-03-07,0,0
"Mozambique","MOZ",2021,3,10,2021-03-08,2021-03-14,0,0
"Mozambique","MOZ",2021,3,11,2021-03-15,2021-03-21,0,0
"Mozambique","MOZ",2021,3,12,2021-03-22,2021-03-28,0,0
"Mozambique","MOZ",2021,3,13,2021-03-29,2021-04-04,0,0
"Mozambique","MOZ",2021,4,14,2021-04-05,2021-04-11,0,0
"Mozambique","MOZ",2021,4,15,2021-04-12,2021-04-18,0,0
"Mozambique","MOZ",2021,4,16,2021-04-19,2021-04-25,0,0
"Mozambique","MOZ",2021,4,17,2021-04-26,2021-05-02,0,0
"Mozambique","MOZ",2021,5,18,2021-05-03,2021-05-09,0,0
"Mozambique","MOZ",2021,5,19,2021-05-10,2021-05-16,0,0
"Mozambique","MOZ",2021,5,20,2021-05-17,2021-05-23,0,0
"Mozambique","MOZ",2021,5,21,2021-05-24,2021-05-30,0,0
"Mozambique","MOZ",2021,5,22,2021-05-31,2021-06-06,0,0
"Mozambique","MOZ",2021,6,23,2021-06-07,2021-06-13,0,0
"Mozambique","MOZ",2021,6,24,2021-06-14,2021-06-20,0,0
"Mozambique","MOZ",2021,6,25,2021-06-21,2021-06-27,0,0
"Mozambique","MOZ",2021,6,26,2021-06-28,2021-07-04,0,0
"Mozambique","MOZ",2021,7,27,2021-07-05,2021-07-11,0,0
"Mozambique","MOZ",2021,7,28,2021-07-12,2021-07-18,0,0
"Mozambique","MOZ",2021,7,29,2021-07-19,2021-07-25,0,0
"Mozambique","MOZ",2021,7,30,2021-07-26,2021-08-01,0,0
"Mozambique","MOZ",2021,8,31,2021-08-02,2021-08-08,0,0
"Mozambique","MOZ",2021,8,32,2021-08-09,2021-08-15,0,0
"Mozambique","MOZ",2021,8,33,2021-08-16,2021-08-22,0,0
"Mozambique","MOZ",2021,8,34,2021-08-23,2021-08-29,0,0
"Mozambique","MOZ",2021,8,35,2021-08-30,2021-09-05,0,0
"Mozambique","MOZ",2021,9,36,2021-09-06,2021-09-12,0,0
"Mozambique","MOZ",2021,9,37,2021-09-13,2021-09-19,0,0
"Mozambique","MOZ",2021,9,38,2021-09-20,2021-09-26,0,0
"Mozambique","MOZ",2021,9,39,2021-09-27,2021-10-03,0,0
"Mozambique","MOZ",2021,10,40,2021-10-04,2021-10-10,0,0
"Mozambique","MOZ",2021,10,41,2021-10-11,2021-10-17,0,0
"Mozambique","MOZ",2021,10,42,2021-10-18,2021-10-24,0,0
"Mozambique","MOZ",2021,10,43,2021-10-25,2021-10-31,0,0
"Mozambique","MOZ",2021,11,44,2021-11-01,2021-11-07,0,0
"Mozambique","MOZ",2021,11,45,2021-11-08,2021-11-14,0,0
"Mozambique","MOZ",2021,11,46,2021-11-15,2021-11-21,0,0
"Mozambique","MOZ",2021,11,47,2021-11-22,2021-11-28,0,0
"Mozambique","MOZ",2021,11,48,2021-11-29,2021-12-05,0,0
"Mozambique","MOZ",2021,12,49,2021-12-06,2021-12-12,0,0
"Mozambique","MOZ",2021,12,50,2021-12-13,2021-12-19,0,0
"Mozambique","MOZ",2021,12,51,2021-12-20,2021-12-26,0,0
"Mozambique","MOZ",2021,12,52,2021-12-27,2022-01-02,0,0
"Mozambique","MOZ",2022,1,1,2022-01-03,2022-01-09,0,0
"Mozambique","MOZ",2022,1,2,2022-01-10,2022-01-16,0,0
"Mozambique","MOZ",2022,1,3,2022-01-17,2022-01-23,0,0
"Mozambique","MOZ",2022,1,4,2022-01-24,2022-01-30,0,0
"Mozambique","MOZ",2022,1,5,2022-01-31,2022-02-06,0,0
"Mozambique","MOZ",2022,2,6,2022-02-07,2022-02-13,0,0
"Mozambique","MOZ",2022,2,7,2022-02-14,2022-02-20,0,0
"Mozambique","MOZ",2022,2,8,2022-02-21,2022-02-27,0,0
"Mozambique","MOZ",2022,2,9,2022-02-28,2022-03-06,0,0
"Mozambique","MOZ",2022,3,10,2022-03-07,2022-03-13,0,0
"Mozambique","MOZ",2022,3,11,2022-03-14,2022-03-20,0,0
"Mozambique","MOZ",2022,3,12,2022-03-21,2022-03-27,0,0
"Mozambique","MOZ",2022,3,13,2022-03-28,2022-04-03,0,0
"Mozambique","MOZ",2022,4,14,2022-04-04,2022-04-10,0,0
"Mozambique","MOZ",2022,4,15,2022-04-11,2022-04-17,0,0
"Mozambique","MOZ",2022,4,16,2022-04-18,2022-04-24,0,0
"Mozambique","MOZ",2022,4,17,2022-04-25,2022-05-01,0,0
"Mozambique","MOZ",2022,5,18,2022-05-02,2022-05-08,0,0
"Mozambique","MOZ",2022,5,19,2022-05-09,2022-05-15,0,0
"Mozambique","MOZ",2022,5,20,2022-05-16,2022-05-22,0,0
"Mozambique","MOZ",2022,5,21,2022-05-23,2022-05-29,0,0
"Mozambique","MOZ",2022,5,22,2022-05-30,2022-06-05,0,0
"Mozambique","MOZ",2022,6,23,2022-06-06,2022-06-12,0,0
"Mozambique","MOZ",2022,6,24,2022-06-13,2022-06-19,0,0
"Mozambique","MOZ",2022,6,25,2022-06-20,2022-06-26,0,0
"Mozambique","MOZ",2022,6,26,2022-06-27,2022-07-03,0,0
"Mozambique","MOZ",2022,7,27,2022-07-04,2022-07-10,0,0
"Mozambique","MOZ",2022,7,28,2022-07-11,2022-07-17,0,0
"Mozambique","MOZ",2022,7,29,2022-07-18,2022-07-24,0,0
"Mozambique","MOZ",2022,7,30,2022-07-25,2022-07-31,0,0
"Mozambique","MOZ",2022,8,31,2022-08-01,2022-08-07,0,0
"Mozambique","MOZ",2022,8,32,2022-08-08,2022-08-14,0,0
"Mozambique","MOZ",2022,8,33,2022-08-15,2022-08-21,0,0
"Mozambique","MOZ",2022,8,34,2022-08-22,2022-08-28,0,0
"Mozambique","MOZ",2022,8,35,2022-08-29,2022-09-04,0,0
"Mozambique","MOZ",2022,9,36,2022-09-05,2022-09-11,0,0
"Mozambique","MOZ",2022,9,37,2022-09-12,2022-09-18,125,0
"Mozambique","MOZ",2022,9,38,2022-09-19,2022-09-25,175,2
"Mozambique","MOZ",2022,9,39,2022-09-26,2022-10-02,152,0
"Mozambique","MOZ",2022,10,40,2022-10-03,2022-10-09,128,0
"Mozambique","MOZ",2022,10,41,2022-10-10,2022-10-16,141,0
"Mozambique","MOZ",2022,10,42,2022-10-17,2022-10-23,130,0
"Mozambique","MOZ",2022,10,43,2022-10-24,2022-10-30,130,0
"Mozambique","MOZ",2022,10,44,2022-10-31,2022-11-06,230,2
"Mozambique","MOZ",2022,11,45,2022-11-07,2022-11-13,132,1
"Mozambique","MOZ",2022,11,46,2022-11-14,2022-11-20,158,1
"Mozambique","MOZ",2022,11,47,2022-11-21,2022-11-27,183,0
"Mozambique","MOZ",2022,11,48,2022-11-28,2022-12-04,172,0
"Mozambique","MOZ",2022,12,49,2022-12-05,2022-12-11,210,1
"Mozambique","MOZ",2022,12,50,2022-12-12,2022-12-18,297,0
"Mozambique","MOZ",2022,12,51,2022-12-19,2022-12-25,223,0
"Mozambique","MOZ",2022,12,52,2022-12-26,2023-01-01,274,0
"Mozambique","MOZ",2023,1,1,2023-01-02,2023-01-08,411,6
"Mozambique","MOZ",2023,1,2,2023-01-09,2023-01-15,437,6
"Mozambique","MOZ",2023,1,3,2023-01-16,2023-01-22,499,1
"Mozambique","MOZ",2023,1,4,2023-01-23,2023-01-29,599,5
"Mozambique","MOZ",2023,1,5,2023-01-30,2023-02-05,871,5
"Mozambique","MOZ",2023,2,6,2023-02-06,2023-02-12,798,8
"Mozambique","MOZ",2023,2,7,2023-02-13,2023-02-19,786,4
"Mozambique","MOZ",2023,2,8,2023-02-20,2023-02-26,787,2
"Mozambique","MOZ",2023,2,9,2023-02-27,2023-03-05,912,2
"Mozambique","MOZ",2023,3,10,2023-03-06,2023-03-12,1110,10
"Mozambique","MOZ",2023,3,11,2023-03-13,2023-03-19,2012,0
"Mozambique","MOZ",2023,3,12,2023-03-20,2023-03-26,0,0
"Mozambique","MOZ",2023,3,13,2023-03-27,2023-04-02,0,0
"Mozambique","MOZ",2023,4,14,2023-04-03,2023-04-09,0,0
"Mozambique","MOZ",2023,4,15,2023-04-10,2023-04-16,0,0
"Mozambique","MOZ",2023,4,16,2023-04-17,2023-04-23,0,0
"Mozambique","MOZ",2023,4,17,2023-04-24,2023-04-30,0,0
"Mozambique","MOZ",2023,5,18,2023-05-01,2023-05-07,0,0
"Mozambique","MOZ",2023,5,19,2023-05-08,2023-05-14,0,0
"Mauritania","MRT",2013,11,45,2013-11-04,2013-11-10,0,0
"Mauritania","MRT",2013,11,46,2013-11-11,2013-11-17,0,0
"Mauritania","MRT",2013,11,47,2013-11-18,2013-11-24,0,0
"Mauritania","MRT",2013,11,48,2013-11-25,2013-12-01,0,0
"Mauritania","MRT",2013,12,49,2013-12-02,2013-12-08,0,0
"Mauritania","MRT",2013,12,50,2013-12-09,2013-12-15,0,0
"Mauritania","MRT",2013,12,51,2013-12-16,2013-12-22,0,0
"Mauritania","MRT",2013,12,52,2013-12-23,2013-12-29,0,0
"Mauritania","MRT",2014,12,1,2013-12-30,2014-01-05,0,0
"Mauritania","MRT",2014,1,2,2014-01-06,2014-01-12,0,0
"Mauritania","MRT",2014,1,3,2014-01-13,2014-01-19,0,0
"Mauritania","MRT",2014,1,4,2014-01-20,2014-01-26,0,0
"Mauritania","MRT",2014,1,5,2014-01-27,2014-02-02,0,0
"Mauritania","MRT",2014,2,6,2014-02-03,2014-02-09,0,0
"Mauritania","MRT",2014,2,7,2014-02-10,2014-02-16,0,0
"Mauritania","MRT",2014,2,8,2014-02-17,2014-02-23,0,0
"Mauritania","MRT",2014,2,9,2014-02-24,2014-03-02,0,0
"Mauritania","MRT",2014,3,10,2014-03-03,2014-03-09,0,0
"Mauritania","MRT",2014,3,11,2014-03-10,2014-03-16,0,0
"Mauritania","MRT",2014,3,12,2014-03-17,2014-03-23,0,0
"Mauritania","MRT",2014,3,13,2014-03-24,2014-03-30,0,0
"Mauritania","MRT",2014,3,14,2014-03-31,2014-04-06,0,0
"Mauritania","MRT",2014,4,15,2014-04-07,2014-04-13,0,0
"Mauritania","MRT",2014,4,16,2014-04-14,2014-04-20,0,0
"Mauritania","MRT",2014,4,17,2014-04-21,2014-04-27,0,0
"Mauritania","MRT",2014,4,18,2014-04-28,2014-05-04,0,0
"Mauritania","MRT",2014,5,19,2014-05-05,2014-05-11,0,0
"Mauritania","MRT",2014,5,20,2014-05-12,2014-05-18,0,0
"Mauritania","MRT",2014,5,21,2014-05-19,2014-05-25,0,0
"Mauritania","MRT",2014,5,22,2014-05-26,2014-06-01,0,0
"Mauritania","MRT",2014,6,23,2014-06-02,2014-06-08,0,0
"Mauritania","MRT",2014,6,24,2014-06-09,2014-06-15,0,0
"Mauritania","MRT",2014,6,25,2014-06-16,2014-06-22,0,0
"Mauritania","MRT",2014,6,26,2014-06-23,2014-06-29,0,0
"Mauritania","MRT",2014,6,27,2014-06-30,2014-07-06,0,0
"Mauritania","MRT",2014,7,28,2014-07-07,2014-07-13,0,0
"Mauritania","MRT",2014,7,29,2014-07-14,2014-07-20,0,0
"Mauritania","MRT",2014,7,30,2014-07-21,2014-07-27,0,0
"Mauritania","MRT",2014,7,31,2014-07-28,2014-08-03,0,0
"Mauritania","MRT",2014,8,32,2014-08-04,2014-08-10,0,0
"Mauritania","MRT",2014,8,33,2014-08-11,2014-08-17,0,0
"Mauritania","MRT",2014,8,34,2014-08-18,2014-08-24,0,0
"Mauritania","MRT",2014,8,35,2014-08-25,2014-08-31,0,0
"Mauritania","MRT",2014,9,36,2014-09-01,2014-09-07,0,0
"Mauritania","MRT",2014,9,37,2014-09-08,2014-09-14,0,0
"Mauritania","MRT",2014,9,38,2014-09-15,2014-09-21,0,0
"Mauritania","MRT",2014,9,39,2014-09-22,2014-09-28,0,0
"Mauritania","MRT",2014,9,40,2014-09-29,2014-10-05,0,0
"Mauritania","MRT",2014,10,41,2014-10-06,2014-10-12,0,0
"Mauritania","MRT",2014,10,42,2014-10-13,2014-10-19,0,0
"Mauritania","MRT",2014,10,43,2014-10-20,2014-10-26,0,0
"Mauritania","MRT",2014,10,44,2014-10-27,2014-11-02,0,0
"Mauritania","MRT",2014,11,45,2014-11-03,2014-11-09,0,0
"Mauritania","MRT",2014,11,46,2014-11-10,2014-11-16,0,0
"Mauritania","MRT",2014,11,47,2014-11-17,2014-11-23,0,0
"Mauritania","MRT",2014,11,48,2014-11-24,2014-11-30,0,0
"Mauritania","MRT",2014,12,49,2014-12-01,2014-12-07,0,0
"Mauritania","MRT",2014,12,50,2014-12-08,2014-12-14,0,0
"Mauritania","MRT",2014,12,51,2014-12-15,2014-12-21,0,0
"Mauritania","MRT",2014,12,52,2014-12-22,2014-12-28,0,0
"Mauritania","MRT",2015,12,1,2014-12-29,2015-01-04,0,0
"Mauritania","MRT",2015,1,2,2015-01-05,2015-01-11,0,0
"Mauritania","MRT",2015,1,3,2015-01-12,2015-01-18,0,0
"Mauritania","MRT",2015,1,4,2015-01-19,2015-01-25,0,0
"Mauritania","MRT",2015,1,5,2015-01-26,2015-02-01,0,0
"Mauritania","MRT",2015,2,6,2015-02-02,2015-02-08,0,0
"Mauritania","MRT",2015,2,7,2015-02-09,2015-02-15,0,0
"Mauritania","MRT",2015,2,8,2015-02-16,2015-02-22,0,0
"Mauritania","MRT",2015,2,9,2015-02-23,2015-03-01,0,0
"Mauritania","MRT",2015,3,10,2015-03-02,2015-03-08,0,0
"Mauritania","MRT",2015,3,11,2015-03-09,2015-03-15,0,0
"Mauritania","MRT",2015,3,12,2015-03-16,2015-03-22,0,0
"Mauritania","MRT",2015,3,13,2015-03-23,2015-03-29,0,0
"Mauritania","MRT",2015,3,14,2015-03-30,2015-04-05,0,0
"Mauritania","MRT",2015,4,15,2015-04-06,2015-04-12,0,0
"Mauritania","MRT",2015,4,16,2015-04-13,2015-04-19,0,0
"Mauritania","MRT",2015,4,17,2015-04-20,2015-04-26,0,0
"Mauritania","MRT",2015,4,18,2015-04-27,2015-05-03,0,0
"Mauritania","MRT",2015,5,19,2015-05-04,2015-05-10,0,0
"Mauritania","MRT",2015,5,20,2015-05-11,2015-05-17,0,0
"Mauritania","MRT",2015,5,21,2015-05-18,2015-05-24,0,0
"Mauritania","MRT",2015,5,22,2015-05-25,2015-05-31,0,0
"Mauritania","MRT",2015,6,23,2015-06-01,2015-06-07,0,0
"Mauritania","MRT",2015,6,24,2015-06-08,2015-06-14,0,0
"Mauritania","MRT",2015,6,25,2015-06-15,2015-06-21,0,0
"Mauritania","MRT",2015,6,26,2015-06-22,2015-06-28,0,0
"Mauritania","MRT",2015,6,27,2015-06-29,2015-07-05,0,0
"Mauritania","MRT",2015,7,28,2015-07-06,2015-07-12,0,0
"Mauritania","MRT",2015,7,29,2015-07-13,2015-07-19,0,0
"Mauritania","MRT",2015,7,30,2015-07-20,2015-07-26,0,0
"Mauritania","MRT",2015,7,31,2015-07-27,2015-08-02,0,0
"Mauritania","MRT",2015,8,32,2015-08-03,2015-08-09,0,0
"Mauritania","MRT",2015,8,33,2015-08-10,2015-08-16,0,0
"Mauritania","MRT",2015,8,34,2015-08-17,2015-08-23,0,0
"Mauritania","MRT",2015,8,35,2015-08-24,2015-08-30,0,0
"Mauritania","MRT",2015,8,36,2015-08-31,2015-09-06,0,0
"Mauritania","MRT",2015,9,37,2015-09-07,2015-09-13,0,0
"Mauritania","MRT",2015,9,38,2015-09-14,2015-09-20,0,0
"Mauritania","MRT",2015,9,39,2015-09-21,2015-09-27,0,0
"Mauritania","MRT",2015,9,40,2015-09-28,2015-10-04,0,0
"Mauritania","MRT",2015,10,41,2015-10-05,2015-10-11,0,0
"Mauritania","MRT",2015,10,42,2015-10-12,2015-10-18,0,0
"Mauritania","MRT",2015,10,43,2015-10-19,2015-10-25,0,0
"Mauritania","MRT",2015,10,44,2015-10-26,2015-11-01,0,0
"Mauritania","MRT",2015,11,45,2015-11-02,2015-11-08,0,0
"Mauritania","MRT",2015,11,46,2015-11-09,2015-11-15,0,0
"Mauritania","MRT",2015,11,47,2015-11-16,2015-11-22,0,0
"Mauritania","MRT",2015,11,48,2015-11-23,2015-11-29,0,0
"Mauritania","MRT",2015,11,49,2015-11-30,2015-12-06,0,0
"Mauritania","MRT",2015,12,50,2015-12-07,2015-12-13,0,0
"Mauritania","MRT",2015,12,51,2015-12-14,2015-12-20,0,0
"Mauritania","MRT",2015,12,52,2015-12-21,2015-12-27,0,0
"Mauritania","MRT",2015,12,53,2015-12-28,2016-01-03,0,0
"Mauritania","MRT",2016,1,1,2016-01-04,2016-01-10,0,0
"Mauritania","MRT",2016,1,2,2016-01-11,2016-01-17,0,0
"Mauritania","MRT",2016,1,3,2016-01-18,2016-01-24,0,0
"Mauritania","MRT",2016,1,4,2016-01-25,2016-01-31,0,0
"Mauritania","MRT",2016,2,5,2016-02-01,2016-02-07,0,0
"Mauritania","MRT",2016,2,6,2016-02-08,2016-02-14,0,0
"Mauritania","MRT",2016,2,7,2016-02-15,2016-02-21,0,0
"Mauritania","MRT",2016,2,8,2016-02-22,2016-02-28,0,0
"Mauritania","MRT",2016,2,9,2016-02-29,2016-03-06,0,0
"Mauritania","MRT",2016,3,10,2016-03-07,2016-03-13,0,0
"Mauritania","MRT",2016,3,11,2016-03-14,2016-03-20,0,0
"Mauritania","MRT",2016,3,12,2016-03-21,2016-03-27,0,0
"Mauritania","MRT",2016,3,13,2016-03-28,2016-04-03,0,0
"Mauritania","MRT",2016,4,14,2016-04-04,2016-04-10,0,0
"Mauritania","MRT",2016,4,15,2016-04-11,2016-04-17,0,0
"Mauritania","MRT",2016,4,16,2016-04-18,2016-04-24,0,0
"Mauritania","MRT",2016,4,17,2016-04-25,2016-05-01,0,0
"Mauritania","MRT",2016,5,18,2016-05-02,2016-05-08,0,0
"Mauritania","MRT",2016,5,19,2016-05-09,2016-05-15,0,0
"Mauritania","MRT",2016,5,20,2016-05-16,2016-05-22,0,0
"Mauritania","MRT",2016,5,21,2016-05-23,2016-05-29,0,0
"Mauritania","MRT",2016,5,22,2016-05-30,2016-06-05,0,0
"Mauritania","MRT",2016,6,23,2016-06-06,2016-06-12,0,0
"Mauritania","MRT",2016,6,24,2016-06-13,2016-06-19,0,0
"Mauritania","MRT",2016,6,25,2016-06-20,2016-06-26,0,0
"Mauritania","MRT",2016,6,26,2016-06-27,2016-07-03,0,0
"Mauritania","MRT",2016,7,27,2016-07-04,2016-07-10,0,0
"Mauritania","MRT",2016,7,28,2016-07-11,2016-07-17,0,0
"Mauritania","MRT",2016,7,29,2016-07-18,2016-07-24,0,0
"Mauritania","MRT",2016,7,30,2016-07-25,2016-07-31,0,0
"Mauritania","MRT",2016,8,31,2016-08-01,2016-08-07,0,0
"Mauritania","MRT",2016,8,32,2016-08-08,2016-08-14,0,0
"Mauritania","MRT",2016,8,33,2016-08-15,2016-08-21,0,0
"Mauritania","MRT",2016,8,34,2016-08-22,2016-08-28,0,0
"Mauritania","MRT",2016,8,35,2016-08-29,2016-09-04,0,0
"Mauritania","MRT",2016,9,36,2016-09-05,2016-09-11,0,0
"Mauritania","MRT",2016,9,37,2016-09-12,2016-09-18,0,0
"Mauritania","MRT",2016,9,38,2016-09-19,2016-09-25,0,0
"Mauritania","MRT",2016,9,39,2016-09-26,2016-10-02,0,0
"Mauritania","MRT",2016,10,40,2016-10-03,2016-10-09,0,0
"Mauritania","MRT",2016,10,41,2016-10-10,2016-10-16,0,0
"Mauritania","MRT",2016,10,42,2016-10-17,2016-10-23,0,0
"Mauritania","MRT",2016,10,43,2016-10-24,2016-10-30,0,0
"Mauritania","MRT",2016,10,44,2016-10-31,2016-11-06,0,0
"Mauritania","MRT",2016,11,45,2016-11-07,2016-11-13,0,0
"Mauritania","MRT",2016,11,46,2016-11-14,2016-11-20,0,0
"Mauritania","MRT",2016,11,47,2016-11-21,2016-11-27,0,0
"Mauritania","MRT",2016,11,48,2016-11-28,2016-12-04,0,0
"Mauritania","MRT",2016,12,49,2016-12-05,2016-12-11,0,0
"Mauritania","MRT",2016,12,50,2016-12-12,2016-12-18,0,0
"Mauritania","MRT",2016,12,51,2016-12-19,2016-12-25,0,0
"Mauritania","MRT",2016,12,52,2016-12-26,2017-01-01,0,0
"Mauritania","MRT",2017,1,1,2017-01-02,2017-01-08,0,0
"Mauritania","MRT",2017,1,2,2017-01-09,2017-01-15,0,0
"Mauritania","MRT",2017,1,3,2017-01-16,2017-01-22,0,0
"Mauritania","MRT",2017,1,4,2017-01-23,2017-01-29,0,0
"Mauritania","MRT",2017,1,5,2017-01-30,2017-02-05,0,0
"Mauritania","MRT",2017,2,6,2017-02-06,2017-02-12,0,0
"Mauritania","MRT",2017,2,7,2017-02-13,2017-02-19,0,0
"Mauritania","MRT",2017,2,8,2017-02-20,2017-02-26,0,0
"Malawi","MWI",2016,12,50,2016-12-12,2016-12-18,0,0
"Malawi","MWI",2016,12,51,2016-12-19,2016-12-25,0,0
"Malawi","MWI",2016,12,52,2016-12-26,2017-01-01,0,0
"Malawi","MWI",2017,1,1,2017-01-02,2017-01-08,0,0
"Malawi","MWI",2017,1,2,2017-01-09,2017-01-15,0,0
"Malawi","MWI",2017,1,3,2017-01-16,2017-01-22,0,0
"Malawi","MWI",2017,1,4,2017-01-23,2017-01-29,0,0
"Malawi","MWI",2017,1,5,2017-01-30,2017-02-05,0,0
"Malawi","MWI",2017,2,6,2017-02-06,2017-02-12,91,4
"Malawi","MWI",2017,2,7,2017-02-13,2017-02-19,0,0
"Malawi","MWI",2017,2,8,2017-02-20,2017-02-26,0,0
"Malawi","MWI",2017,2,9,2017-02-27,2017-03-05,0,0
"Malawi","MWI",2017,3,10,2017-03-06,2017-03-12,0,0
"Malawi","MWI",2017,3,11,2017-03-13,2017-03-19,0,0
"Malawi","MWI",2017,3,12,2017-03-20,2017-03-26,0,0
"Malawi","MWI",2017,3,13,2017-03-27,2017-04-02,1,0
"Malawi","MWI",2017,4,14,2017-04-03,2017-04-09,0,0
"Malawi","MWI",2017,4,15,2017-04-10,2017-04-16,0,0
"Malawi","MWI",2017,4,16,2017-04-17,2017-04-23,0,0
"Malawi","MWI",2017,4,17,2017-04-24,2017-04-30,0,0
"Malawi","MWI",2017,5,18,2017-05-01,2017-05-07,0,0
"Malawi","MWI",2017,5,19,2017-05-08,2017-05-14,0,0
"Malawi","MWI",2017,5,20,2017-05-15,2017-05-21,0,0
"Malawi","MWI",2017,5,21,2017-05-22,2017-05-28,0,0
"Malawi","MWI",2017,5,22,2017-05-29,2017-06-04,0,0
"Malawi","MWI",2017,6,23,2017-06-05,2017-06-11,7,0
"Malawi","MWI",2017,6,24,2017-06-12,2017-06-18,5,0
"Malawi","MWI",2017,6,25,2017-06-19,2017-06-25,0,0
"Malawi","MWI",2017,6,26,2017-06-26,2017-07-02,0,0
"Malawi","MWI",2017,7,27,2017-07-03,2017-07-09,0,0
"Malawi","MWI",2017,7,28,2017-07-10,2017-07-16,0,0
"Malawi","MWI",2017,7,29,2017-07-17,2017-07-23,0,0
"Malawi","MWI",2017,7,30,2017-07-24,2017-07-30,0,0
"Malawi","MWI",2017,7,31,2017-07-31,2017-08-06,0,0
"Malawi","MWI",2017,8,32,2017-08-07,2017-08-13,0,0
"Malawi","MWI",2017,8,33,2017-08-14,2017-08-20,2,0
"Malawi","MWI",2017,8,34,2017-08-21,2017-08-27,11,0
"Malawi","MWI",2017,8,35,2017-08-28,2017-09-03,2,0
"Malawi","MWI",2017,9,36,2017-09-04,2017-09-10,2,0
"Malawi","MWI",2017,9,37,2017-09-11,2017-09-17,2,0
"Malawi","MWI",2017,9,38,2017-09-18,2017-09-24,12,0
"Malawi","MWI",2017,9,39,2017-09-25,2017-10-01,7,0
"Malawi","MWI",2017,10,40,2017-10-02,2017-10-08,6,0
"Malawi","MWI",2017,10,41,2017-10-09,2017-10-15,6,0
"Malawi","MWI",2017,10,42,2017-10-16,2017-10-22,1,0
"Malawi","MWI",2017,10,43,2017-10-23,2017-10-29,0,0
"Malawi","MWI",2017,10,44,2017-10-30,2017-11-05,0,0
"Malawi","MWI",2017,11,45,2017-11-06,2017-11-12,0,0
"Malawi","MWI",2017,11,46,2017-11-13,2017-11-19,0,0
"Malawi","MWI",2017,11,47,2017-11-20,2017-11-26,3.33333333333333,1
"Malawi","MWI",2017,11,48,2017-11-27,2017-12-03,3.33333333333333,0
"Malawi","MWI",2017,12,49,2017-12-04,2017-12-10,5.83333333333333,0
"Malawi","MWI",2017,12,50,2017-12-11,2017-12-17,40.2,1
"Malawi","MWI",2017,12,51,2017-12-18,2017-12-24,32,0
"Malawi","MWI",2017,12,52,2017-12-25,2017-12-31,60.6,2
"Malawi","MWI",2018,1,1,2018-01-01,2018-01-07,40.8333333333333,0
"Malawi","MWI",2018,1,2,2018-01-08,2018-01-14,66.1666666666667,0
"Malawi","MWI",2018,1,3,2018-01-15,2018-01-21,27.8,0
"Malawi","MWI",2018,1,4,2018-01-22,2018-01-28,23.1666666666667,0
"Malawi","MWI",2018,1,5,2018-01-29,2018-02-04,66.5,1
"Malawi","MWI",2018,2,6,2018-02-05,2018-02-11,68,1
"Malawi","MWI",2018,2,7,2018-02-12,2018-02-18,90,4
"Malawi","MWI",2018,2,8,2018-02-19,2018-02-25,97.5,3.66666666666667
"Malawi","MWI",2018,2,9,2018-02-26,2018-03-04,80.8,6
"Malawi","MWI",2018,3,10,2018-03-05,2018-03-11,49.8,4
"Malawi","MWI",2018,3,11,2018-03-12,2018-03-18,54.5,2
"Malawi","MWI",2018,3,12,2018-03-19,2018-03-25,31,1
"Malawi","MWI",2018,3,13,2018-03-26,2018-04-01,30.1666666666667,0.8
"Malawi","MWI",2018,4,14,2018-04-02,2018-04-08,15,3
"Malawi","MWI",2018,4,15,2018-04-09,2018-04-15,15,0
"Malawi","MWI",2018,4,16,2018-04-16,2018-04-22,14.3333333333333,0
"Malawi","MWI",2018,4,17,2018-04-23,2018-04-29,11,0
"Malawi","MWI",2018,4,18,2018-04-30,2018-05-06,0,0
"Malawi","MWI",2018,5,19,2018-05-07,2018-05-13,0,0
"Malawi","MWI",2018,5,20,2018-05-14,2018-05-20,0,0
"Malawi","MWI",2018,5,21,2018-05-21,2018-05-27,0,0
"Malawi","MWI",2018,5,22,2018-05-28,2018-06-03,0,0
"Malawi","MWI",2018,6,23,2018-06-04,2018-06-10,1,1
"Malawi","MWI",2018,6,24,2018-06-11,2018-06-17,4,0
"Malawi","MWI",2018,6,25,2018-06-18,2018-06-24,1.5,1
"Malawi","MWI",2018,6,26,2018-06-25,2018-07-01,2.5,0
"Malawi","MWI",2018,7,27,2018-07-02,2018-07-08,0.5,0
"Malawi","MWI",2018,7,28,2018-07-09,2018-07-15,0.5,0
"Malawi","MWI",2018,7,29,2018-07-16,2018-07-22,0,0
"Malawi","MWI",2018,7,30,2018-07-23,2018-07-29,0,0
"Malawi","MWI",2018,7,31,2018-07-30,2018-08-05,0,0
"Malawi","MWI",2018,8,32,2018-08-06,2018-08-12,0,0
"Malawi","MWI",2018,8,33,2018-08-13,2018-08-19,0,0
"Malawi","MWI",2018,8,34,2018-08-20,2018-08-26,0,0
"Malawi","MWI",2018,8,35,2018-08-27,2018-09-02,0,0
"Malawi","MWI",2018,9,36,2018-09-03,2018-09-09,0,0
"Malawi","MWI",2018,9,37,2018-09-10,2018-09-16,0,0
"Malawi","MWI",2018,9,38,2018-09-17,2018-09-23,0,0
"Malawi","MWI",2018,9,39,2018-09-24,2018-09-30,0,0
"Malawi","MWI",2018,10,40,2018-10-01,2018-10-07,0,0
"Malawi","MWI",2018,10,41,2018-10-08,2018-10-14,0,0
"Malawi","MWI",2018,10,42,2018-10-15,2018-10-21,0,0
"Malawi","MWI",2018,10,43,2018-10-22,2018-10-28,0,0
"Malawi","MWI",2018,10,44,2018-10-29,2018-11-04,0,0
"Malawi","MWI",2018,11,45,2018-11-05,2018-11-11,0,0
"Malawi","MWI",2018,11,46,2018-11-12,2018-11-18,0,0
"Malawi","MWI",2018,11,47,2018-11-19,2018-11-25,0,0
"Malawi","MWI",2018,11,48,2018-11-26,2018-12-02,0,0
"Malawi","MWI",2018,12,49,2018-12-03,2018-12-09,1,0
"Malawi","MWI",2018,12,50,2018-12-10,2018-12-16,0,0
"Malawi","MWI",2018,12,51,2018-12-17,2018-12-23,0,0
"Malawi","MWI",2018,12,52,2018-12-24,2018-12-30,0,0
"Malawi","MWI",2019,12,1,2018-12-31,2019-01-06,0,0
"Malawi","MWI",2019,1,2,2019-01-07,2019-01-13,0,0
"Malawi","MWI",2019,1,3,2019-01-14,2019-01-20,0,0
"Malawi","MWI",2019,1,4,2019-01-21,2019-01-27,0,0
"Malawi","MWI",2019,1,5,2019-01-28,2019-02-03,0,0
"Malawi","MWI",2019,2,6,2019-02-04,2019-02-10,1,0
"Malawi","MWI",2019,2,7,2019-02-11,2019-02-17,0,0
"Malawi","MWI",2019,2,8,2019-02-18,2019-02-24,0,0
"Malawi","MWI",2019,2,9,2019-02-25,2019-03-03,6,0
"Malawi","MWI",2019,3,10,2019-03-04,2019-03-10,0,0
"Malawi","MWI",2019,3,11,2019-03-11,2019-03-17,0,0
"Malawi","MWI",2019,3,12,2019-03-18,2019-03-24,0,0
"Malawi","MWI",2019,3,13,2019-03-25,2019-03-31,3,0
"Malawi","MWI",2019,4,14,2019-04-01,2019-04-07,1,0
"Malawi","MWI",2019,4,15,2019-04-08,2019-04-14,1,0
"Malawi","MWI",2019,4,16,2019-04-15,2019-04-21,1,0
"Malawi","MWI",2019,4,17,2019-04-22,2019-04-28,8,0
"Malawi","MWI",2019,4,18,2019-04-29,2019-05-05,1,0
"Malawi","MWI",2019,5,19,2019-05-06,2019-05-12,1,0
"Malawi","MWI",2019,5,20,2019-05-13,2019-05-19,0,0
"Malawi","MWI",2019,5,21,2019-05-20,2019-05-26,0,0
"Malawi","MWI",2019,5,22,2019-05-27,2019-06-02,0,0
"Malawi","MWI",2019,6,23,2019-06-03,2019-06-09,0,0
"Malawi","MWI",2019,6,24,2019-06-10,2019-06-16,0,0
"Malawi","MWI",2019,6,25,2019-06-17,2019-06-23,0,0
"Malawi","MWI",2019,6,26,2019-06-24,2019-06-30,0,0
"Malawi","MWI",2019,7,27,2019-07-01,2019-07-07,0,0
"Malawi","MWI",2019,7,28,2019-07-08,2019-07-14,0,0
"Malawi","MWI",2019,7,29,2019-07-15,2019-07-21,0,0
"Malawi","MWI",2019,7,30,2019-07-22,2019-07-28,0,0
"Malawi","MWI",2019,7,31,2019-07-29,2019-08-04,0,0
"Malawi","MWI",2019,8,32,2019-08-05,2019-08-11,0,0
"Malawi","MWI",2019,8,33,2019-08-12,2019-08-18,0,0
"Malawi","MWI",2019,8,34,2019-08-19,2019-08-25,0,0
"Malawi","MWI",2019,8,35,2019-08-26,2019-09-01,0,0
"Malawi","MWI",2019,9,36,2019-09-02,2019-09-08,0,0
"Malawi","MWI",2019,9,37,2019-09-09,2019-09-15,0,0
"Malawi","MWI",2019,9,38,2019-09-16,2019-09-22,0,0
"Malawi","MWI",2019,9,39,2019-09-23,2019-09-29,0,0
"Malawi","MWI",2019,9,40,2019-09-30,2019-10-06,0,0
"Malawi","MWI",2019,10,41,2019-10-07,2019-10-13,0,0
"Malawi","MWI",2019,10,42,2019-10-14,2019-10-20,0,0
"Malawi","MWI",2019,10,43,2019-10-21,2019-10-27,0,0
"Malawi","MWI",2019,10,44,2019-10-28,2019-11-03,0,0
"Malawi","MWI",2019,11,45,2019-11-04,2019-11-10,0,0
"Malawi","MWI",2019,11,46,2019-11-11,2019-11-17,0,0
"Malawi","MWI",2019,11,47,2019-11-18,2019-11-24,0,0
"Malawi","MWI",2019,11,48,2019-11-25,2019-12-01,0,0
"Malawi","MWI",2019,12,49,2019-12-02,2019-12-08,0,0
"Malawi","MWI",2019,12,50,2019-12-09,2019-12-15,0,0
"Malawi","MWI",2019,12,51,2019-12-16,2019-12-22,0,0
"Malawi","MWI",2019,12,52,2019-12-23,2019-12-29,0,0
"Niger","NER",2012,5,22,2012-05-28,2012-06-03,0,0
"Niger","NER",2012,6,23,2012-06-04,2012-06-10,0,0
"Niger","NER",2012,6,24,2012-06-11,2012-06-17,0,0
"Niger","NER",2012,6,25,2012-06-18,2012-06-24,0,0
"Niger","NER",2012,6,26,2012-06-25,2012-07-01,0,0
"Niger","NER",2012,7,27,2012-07-02,2012-07-08,0,0
"Niger","NER",2012,7,28,2012-07-09,2012-07-15,0,0
"Niger","NER",2012,7,29,2012-07-16,2012-07-22,0,0
"Niger","NER",2012,7,30,2012-07-23,2012-07-29,87,2
"Niger","NER",2012,7,31,2012-07-30,2012-08-05,0,0
"Niger","NER",2012,8,32,2012-08-06,2012-08-12,0,0
"Niger","NER",2012,8,33,2012-08-13,2012-08-19,0,0
"Niger","NER",2012,8,34,2012-08-20,2012-08-26,0,0
"Niger","NER",2012,8,35,2012-08-27,2012-09-02,0,0
"Niger","NER",2012,9,36,2012-09-03,2012-09-09,0,0
"Niger","NER",2012,9,37,2012-09-10,2012-09-16,0,0
"Niger","NER",2012,9,38,2012-09-17,2012-09-23,0,0
"Niger","NER",2012,9,39,2012-09-24,2012-09-30,0,0
"Niger","NER",2012,10,40,2012-10-01,2012-10-07,0,0
"Niger","NER",2012,10,41,2012-10-08,2012-10-14,0,0
"Niger","NER",2012,10,42,2012-10-15,2012-10-21,0,0
"Niger","NER",2012,10,43,2012-10-22,2012-10-28,0,0
"Niger","NER",2012,10,44,2012-10-29,2012-11-04,0,0
"Niger","NER",2012,11,45,2012-11-05,2012-11-11,0,0
"Niger","NER",2012,11,46,2012-11-12,2012-11-18,0,0
"Niger","NER",2012,11,47,2012-11-19,2012-11-25,0,0
"Niger","NER",2012,11,48,2012-11-26,2012-12-02,0,0
"Niger","NER",2012,12,49,2012-12-03,2012-12-09,0,0
"Niger","NER",2012,12,50,2012-12-10,2012-12-16,0,0
"Niger","NER",2012,12,51,2012-12-17,2012-12-23,0,0
"Niger","NER",2012,12,52,2012-12-24,2012-12-30,0,0
"Niger","NER",2013,12,1,2012-12-31,2013-01-06,0,0
"Niger","NER",2013,1,2,2013-01-07,2013-01-13,0,0
"Niger","NER",2013,1,3,2013-01-14,2013-01-20,0,0
"Niger","NER",2013,1,4,2013-01-21,2013-01-27,0,0
"Niger","NER",2013,1,5,2013-01-28,2013-02-03,0,0
"Niger","NER",2013,2,6,2013-02-04,2013-02-10,0,0
"Niger","NER",2013,2,7,2013-02-11,2013-02-17,0,0
"Niger","NER",2013,2,8,2013-02-18,2013-02-24,0,0
"Niger","NER",2013,2,9,2013-02-25,2013-03-03,0,0
"Niger","NER",2013,3,10,2013-03-04,2013-03-10,0,0
"Niger","NER",2013,3,11,2013-03-11,2013-03-17,0,0
"Niger","NER",2013,3,12,2013-03-18,2013-03-24,0,0
"Niger","NER",2013,3,13,2013-03-25,2013-03-31,0,0
"Niger","NER",2013,4,14,2013-04-01,2013-04-07,0,0
"Niger","NER",2013,4,15,2013-04-08,2013-04-14,0,0
"Niger","NER",2013,4,16,2013-04-15,2013-04-21,0,0
"Niger","NER",2013,4,17,2013-04-22,2013-04-28,0,0
"Niger","NER",2013,4,18,2013-04-29,2013-05-05,0,0
"Niger","NER",2013,5,19,2013-05-06,2013-05-12,169,5
"Niger","NER",2013,5,20,2013-05-13,2013-05-19,78,2
"Niger","NER",2013,5,21,2013-05-20,2013-05-26,35,1
"Niger","NER",2013,5,22,2013-05-27,2013-06-02,19,1
"Niger","NER",2013,6,23,2013-06-03,2013-06-09,25,1
"Niger","NER",2013,6,24,2013-06-10,2013-06-16,1,0
"Niger","NER",2013,6,25,2013-06-17,2013-06-23,14,0
"Niger","NER",2013,6,26,2013-06-24,2013-06-30,17,0
"Niger","NER",2013,7,27,2013-07-01,2013-07-07,43,0
"Niger","NER",2013,7,28,2013-07-08,2013-07-14,3,0
"Niger","NER",2013,7,29,2013-07-15,2013-07-21,14,0
"Niger","NER",2013,7,30,2013-07-22,2013-07-28,5,0
"Niger","NER",2013,7,31,2013-07-29,2013-08-04,1,0
"Niger","NER",2013,8,32,2013-08-05,2013-08-11,3,0
"Niger","NER",2013,8,33,2013-08-12,2013-08-18,8,0
"Niger","NER",2013,8,34,2013-08-19,2013-08-25,12,0
"Niger","NER",2013,8,35,2013-08-26,2013-09-01,4,0
"Niger","NER",2013,9,36,2013-09-02,2013-09-08,8,1
"Niger","NER",2013,9,37,2013-09-09,2013-09-15,16,0
"Niger","NER",2013,9,38,2013-09-16,2013-09-22,28,0
"Niger","NER",2013,9,39,2013-09-23,2013-09-29,32,0
"Niger","NER",2013,9,40,2013-09-30,2013-10-06,12,0
"Niger","NER",2013,10,41,2013-10-07,2013-10-13,5,0
"Niger","NER",2013,10,42,2013-10-14,2013-10-20,11,1
"Niger","NER",2013,10,43,2013-10-21,2013-10-27,5,0
"Niger","NER",2013,10,44,2013-10-28,2013-11-03,6,2
"Niger","NER",2013,11,45,2013-11-04,2013-11-10,4,0
"Niger","NER",2013,11,46,2013-11-11,2013-11-17,4,0
"Niger","NER",2013,11,47,2013-11-18,2013-11-24,2,0
"Niger","NER",2013,11,48,2013-11-25,2013-12-01,1,0
"Niger","NER",2013,12,49,2013-12-02,2013-12-08,0,0
"Niger","NER",2013,12,50,2013-12-09,2013-12-15,0,0
"Niger","NER",2013,12,51,2013-12-16,2013-12-22,0,0
"Niger","NER",2013,12,52,2013-12-23,2013-12-29,8,1
"Niger","NER",2014,12,1,2013-12-30,2014-01-05,4,0
"Niger","NER",2014,1,2,2014-01-06,2014-01-12,1,0
"Niger","NER",2014,1,3,2014-01-13,2014-01-19,4,0
"Niger","NER",2014,1,4,2014-01-20,2014-01-26,3,0
"Niger","NER",2014,1,5,2014-01-27,2014-02-02,0,0
"Niger","NER",2014,2,6,2014-02-03,2014-02-09,2,1
"Niger","NER",2014,2,7,2014-02-10,2014-02-16,28,0
"Niger","NER",2014,2,8,2014-02-17,2014-02-23,20,0
"Niger","NER",2014,2,9,2014-02-24,2014-03-02,11,0
"Niger","NER",2014,3,10,2014-03-03,2014-03-09,4,0
"Niger","NER",2014,3,11,2014-03-10,2014-03-16,12.5,1
"Niger","NER",2014,3,12,2014-03-17,2014-03-23,12,0
"Niger","NER",2014,3,13,2014-03-24,2014-03-30,8,0
"Niger","NER",2014,3,14,2014-03-31,2014-04-06,1,0
"Niger","NER",2014,4,15,2014-04-07,2014-04-13,1,0
"Niger","NER",2014,4,16,2014-04-14,2014-04-20,1,0
"Niger","NER",2014,4,17,2014-04-21,2014-04-27,2,0
"Niger","NER",2014,4,18,2014-04-28,2014-05-04,0,0
"Niger","NER",2014,5,19,2014-05-05,2014-05-11,0,0
"Niger","NER",2014,5,20,2014-05-12,2014-05-18,0,0
"Niger","NER",2014,5,21,2014-05-19,2014-05-25,1,0
"Niger","NER",2014,5,22,2014-05-26,2014-06-01,17,0
"Niger","NER",2014,6,23,2014-06-02,2014-06-08,41,0
"Niger","NER",2014,6,24,2014-06-09,2014-06-15,9,0
"Niger","NER",2014,6,25,2014-06-16,2014-06-22,1,0
"Niger","NER",2014,6,26,2014-06-23,2014-06-29,1,0
"Niger","NER",2014,6,27,2014-06-30,2014-07-06,36,0
"Niger","NER",2014,7,28,2014-07-07,2014-07-13,23,0
"Niger","NER",2014,7,29,2014-07-14,2014-07-20,18,0
"Niger","NER",2014,7,30,2014-07-21,2014-07-27,6,0
"Niger","NER",2014,7,31,2014-07-28,2014-08-03,13,0
"Niger","NER",2014,8,32,2014-08-04,2014-08-10,4,0
"Niger","NER",2014,8,33,2014-08-11,2014-08-17,6,0
"Niger","NER",2014,8,34,2014-08-18,2014-08-24,29,0
"Niger","NER",2014,8,35,2014-08-25,2014-08-31,44,0
"Niger","NER",2014,9,36,2014-09-01,2014-09-07,151,0
"Niger","NER",2014,9,37,2014-09-08,2014-09-14,251,0
"Niger","NER",2014,9,38,2014-09-15,2014-09-21,237,0
"Niger","NER",2014,9,39,2014-09-22,2014-09-28,230,0
"Niger","NER",2014,9,40,2014-09-29,2014-10-05,121,0
"Niger","NER",2014,10,41,2014-10-06,2014-10-12,154,0
"Niger","NER",2014,10,42,2014-10-13,2014-10-19,111,0
"Niger","NER",2014,10,43,2014-10-20,2014-10-26,36,0
"Niger","NER",2014,10,44,2014-10-27,2014-11-02,17,0
"Niger","NER",2014,11,45,2014-11-03,2014-11-09,46,0
"Niger","NER",2014,11,46,2014-11-10,2014-11-16,27,0
"Niger","NER",2014,11,47,2014-11-17,2014-11-23,31,0
"Niger","NER",2014,11,48,2014-11-24,2014-11-30,2,0
"Niger","NER",2014,12,49,2014-12-01,2014-12-07,0,0
"Niger","NER",2014,12,50,2014-12-08,2014-12-14,0,0
"Niger","NER",2014,12,51,2014-12-15,2014-12-21,0,0
"Niger","NER",2014,12,52,2014-12-22,2014-12-28,0,0
"Niger","NER",2015,12,1,2014-12-29,2015-01-04,16,0
"Niger","NER",2015,1,2,2015-01-05,2015-01-11,6,0
"Niger","NER",2015,1,3,2015-01-12,2015-01-18,3,0
"Niger","NER",2015,1,4,2015-01-19,2015-01-25,14,0
"Niger","NER",2015,1,5,2015-01-26,2015-02-01,12,0
"Niger","NER",2015,2,6,2015-02-02,2015-02-08,0,0
"Niger","NER",2015,2,7,2015-02-09,2015-02-15,0,0
"Niger","NER",2015,2,8,2015-02-16,2015-02-22,0,0
"Niger","NER",2015,2,9,2015-02-23,2015-03-01,0,0
"Niger","NER",2015,3,10,2015-03-02,2015-03-08,0,0
"Niger","NER",2015,3,11,2015-03-09,2015-03-15,0,0
"Niger","NER",2015,3,12,2015-03-16,2015-03-22,0,0
"Niger","NER",2015,3,13,2015-03-23,2015-03-29,0,0
"Niger","NER",2015,3,14,2015-03-30,2015-04-05,0,0
"Niger","NER",2015,4,15,2015-04-06,2015-04-12,0,0
"Niger","NER",2015,4,16,2015-04-13,2015-04-19,0,0
"Niger","NER",2015,4,17,2015-04-20,2015-04-26,0,0
"Niger","NER",2015,4,18,2015-04-27,2015-05-03,0,0
"Niger","NER",2015,5,19,2015-05-04,2015-05-10,0,0
"Niger","NER",2015,5,20,2015-05-11,2015-05-17,0,0
"Niger","NER",2015,5,21,2015-05-18,2015-05-24,0,0
"Niger","NER",2015,5,22,2015-05-25,2015-05-31,0,0
"Niger","NER",2015,6,23,2015-06-01,2015-06-07,0,0
"Niger","NER",2015,6,24,2015-06-08,2015-06-14,0,0
"Niger","NER",2015,6,25,2015-06-15,2015-06-21,0,0
"Niger","NER",2015,6,26,2015-06-22,2015-06-28,0,0
"Niger","NER",2015,6,27,2015-06-29,2015-07-05,0,0
"Niger","NER",2015,7,28,2015-07-06,2015-07-12,0,0
"Niger","NER",2015,7,29,2015-07-13,2015-07-19,0,0
"Niger","NER",2015,7,30,2015-07-20,2015-07-26,0,0
"Niger","NER",2015,7,31,2015-07-27,2015-08-02,0,0
"Niger","NER",2015,8,32,2015-08-03,2015-08-09,0,0
"Niger","NER",2015,8,33,2015-08-10,2015-08-16,0,0
"Niger","NER",2015,8,34,2015-08-17,2015-08-23,0,0
"Niger","NER",2015,8,35,2015-08-24,2015-08-30,0,0
"Niger","NER",2015,8,36,2015-08-31,2015-09-06,0,0
"Niger","NER",2015,9,37,2015-09-07,2015-09-13,0,0
"Niger","NER",2015,9,38,2015-09-14,2015-09-20,0,0
"Niger","NER",2015,9,39,2015-09-21,2015-09-27,0,0
"Niger","NER",2015,9,40,2015-09-28,2015-10-04,0,0
"Niger","NER",2015,10,41,2015-10-05,2015-10-11,0,0
"Niger","NER",2015,10,42,2015-10-12,2015-10-18,0,0
"Niger","NER",2015,10,43,2015-10-19,2015-10-25,0,0
"Niger","NER",2015,10,44,2015-10-26,2015-11-01,0,0
"Niger","NER",2015,11,45,2015-11-02,2015-11-08,0,0
"Niger","NER",2015,11,46,2015-11-09,2015-11-15,0,0
"Niger","NER",2015,11,47,2015-11-16,2015-11-22,0,0
"Niger","NER",2015,11,48,2015-11-23,2015-11-29,0,0
"Niger","NER",2015,11,49,2015-11-30,2015-12-06,0,0
"Niger","NER",2015,12,50,2015-12-07,2015-12-13,0,0
"Niger","NER",2015,12,51,2015-12-14,2015-12-20,0,0
"Niger","NER",2015,12,52,2015-12-21,2015-12-27,0,0
"Niger","NER",2015,12,53,2015-12-28,2016-01-03,0,0
"Niger","NER",2016,1,1,2016-01-04,2016-01-10,0,0
"Niger","NER",2016,1,2,2016-01-11,2016-01-17,0,0
"Niger","NER",2016,1,3,2016-01-18,2016-01-24,0,0
"Niger","NER",2016,1,4,2016-01-25,2016-01-31,0,0
"Niger","NER",2016,2,5,2016-02-01,2016-02-07,0,0
"Niger","NER",2016,2,6,2016-02-08,2016-02-14,0,0
"Niger","NER",2016,2,7,2016-02-15,2016-02-21,0,0
"Niger","NER",2016,2,8,2016-02-22,2016-02-28,0,0
"Niger","NER",2016,2,9,2016-02-29,2016-03-06,0,0
"Niger","NER",2016,3,10,2016-03-07,2016-03-13,0,0
"Niger","NER",2016,3,11,2016-03-14,2016-03-20,0,0
"Niger","NER",2016,3,12,2016-03-21,2016-03-27,0,0
"Niger","NER",2016,3,13,2016-03-28,2016-04-03,0,0
"Niger","NER",2016,4,14,2016-04-04,2016-04-10,0,0
"Niger","NER",2016,4,15,2016-04-11,2016-04-17,0,0
"Niger","NER",2016,4,16,2016-04-18,2016-04-24,0,0
"Niger","NER",2016,4,17,2016-04-25,2016-05-01,0,0
"Niger","NER",2016,5,18,2016-05-02,2016-05-08,0,0
"Niger","NER",2016,5,19,2016-05-09,2016-05-15,0,0
"Niger","NER",2016,5,20,2016-05-16,2016-05-22,0,0
"Niger","NER",2016,5,21,2016-05-23,2016-05-29,0,0
"Niger","NER",2016,5,22,2016-05-30,2016-06-05,0,0
"Niger","NER",2016,6,23,2016-06-06,2016-06-12,0,0
"Niger","NER",2016,6,24,2016-06-13,2016-06-19,0,0
"Niger","NER",2016,6,25,2016-06-20,2016-06-26,0,0
"Niger","NER",2016,6,26,2016-06-27,2016-07-03,0,0
"Niger","NER",2016,7,27,2016-07-04,2016-07-10,0,0
"Niger","NER",2016,7,28,2016-07-11,2016-07-17,0,0
"Niger","NER",2016,7,29,2016-07-18,2016-07-24,0,0
"Niger","NER",2016,7,30,2016-07-25,2016-07-31,0,0
"Niger","NER",2016,8,31,2016-08-01,2016-08-07,0,0
"Niger","NER",2016,8,32,2016-08-08,2016-08-14,0,0
"Niger","NER",2016,8,33,2016-08-15,2016-08-21,0,0
"Niger","NER",2016,8,34,2016-08-22,2016-08-28,0,0
"Niger","NER",2016,8,35,2016-08-29,2016-09-04,0,0
"Niger","NER",2016,9,36,2016-09-05,2016-09-11,0,0
"Niger","NER",2016,9,37,2016-09-12,2016-09-18,0,0
"Niger","NER",2016,9,38,2016-09-19,2016-09-25,0,0
"Niger","NER",2016,9,39,2016-09-26,2016-10-02,0,0
"Niger","NER",2016,10,40,2016-10-03,2016-10-09,0,0
"Niger","NER",2016,10,41,2016-10-10,2016-10-16,0,0
"Niger","NER",2016,10,42,2016-10-17,2016-10-23,18,0
"Niger","NER",2016,10,43,2016-10-24,2016-10-30,12,0
"Niger","NER",2016,10,44,2016-10-31,2016-11-06,8,0
"Niger","NER",2016,11,45,2016-11-07,2016-11-13,0,0
"Niger","NER",2016,11,46,2016-11-14,2016-11-20,0,0
"Niger","NER",2016,11,47,2016-11-21,2016-11-27,0,0
"Niger","NER",2016,11,48,2016-11-28,2016-12-04,0,0
"Niger","NER",2016,12,49,2016-12-05,2016-12-11,0,0
"Niger","NER",2016,12,50,2016-12-12,2016-12-18,0,0
"Niger","NER",2016,12,51,2016-12-19,2016-12-25,0,0
"Niger","NER",2016,12,52,2016-12-26,2017-01-01,0,0
"Niger","NER",2017,1,1,2017-01-02,2017-01-08,0,0
"Niger","NER",2017,1,2,2017-01-09,2017-01-15,0,0
"Niger","NER",2017,1,3,2017-01-16,2017-01-22,0,0
"Niger","NER",2017,1,4,2017-01-23,2017-01-29,0,0
"Niger","NER",2017,1,5,2017-01-30,2017-02-05,0,0
"Niger","NER",2017,2,6,2017-02-06,2017-02-12,0,0
"Niger","NER",2017,2,7,2017-02-13,2017-02-19,0,0
"Niger","NER",2017,2,8,2017-02-20,2017-02-26,0,0
"Niger","NER",2017,2,9,2017-02-27,2017-03-05,0,0
"Niger","NER",2017,3,10,2017-03-06,2017-03-12,0,0
"Niger","NER",2017,3,11,2017-03-13,2017-03-19,0,0
"Niger","NER",2017,3,12,2017-03-20,2017-03-26,0,0
"Niger","NER",2017,3,13,2017-03-27,2017-04-02,0,0
"Niger","NER",2017,4,14,2017-04-03,2017-04-09,0,0
"Niger","NER",2017,4,15,2017-04-10,2017-04-16,0,0
"Niger","NER",2017,4,16,2017-04-17,2017-04-23,0,0
"Niger","NER",2017,4,17,2017-04-24,2017-04-30,0,0
"Niger","NER",2017,5,18,2017-05-01,2017-05-07,0,0
"Niger","NER",2017,5,19,2017-05-08,2017-05-14,0,0
"Niger","NER",2017,5,20,2017-05-15,2017-05-21,0,0
"Niger","NER",2017,5,21,2017-05-22,2017-05-28,0,0
"Niger","NER",2017,5,22,2017-05-29,2017-06-04,0,0
"Niger","NER",2017,6,23,2017-06-05,2017-06-11,0,0
"Niger","NER",2017,6,24,2017-06-12,2017-06-18,0,0
"Niger","NER",2017,6,25,2017-06-19,2017-06-25,0,0
"Niger","NER",2017,6,26,2017-06-26,2017-07-02,0,0
"Niger","NER",2017,7,27,2017-07-03,2017-07-09,0,0
"Niger","NER",2017,7,28,2017-07-10,2017-07-16,0,0
"Niger","NER",2017,7,29,2017-07-17,2017-07-23,0,0
"Niger","NER",2017,7,30,2017-07-24,2017-07-30,0,0
"Niger","NER",2017,7,31,2017-07-31,2017-08-06,0,0
"Niger","NER",2017,8,32,2017-08-07,2017-08-13,0,0
"Niger","NER",2017,8,33,2017-08-14,2017-08-20,0,0
"Niger","NER",2017,8,34,2017-08-21,2017-08-27,0,0
"Niger","NER",2017,8,35,2017-08-28,2017-09-03,0,0
"Niger","NER",2017,9,36,2017-09-04,2017-09-10,1,0
"Niger","NER",2017,9,37,2017-09-11,2017-09-17,0,0
"Niger","NER",2017,9,38,2017-09-18,2017-09-24,0,0
"Niger","NER",2017,9,39,2017-09-25,2017-10-01,0,0
"Niger","NER",2017,10,40,2017-10-02,2017-10-08,0,0
"Niger","NER",2017,10,41,2017-10-09,2017-10-15,0,0
"Niger","NER",2017,10,42,2017-10-16,2017-10-22,0,0
"Niger","NER",2017,10,43,2017-10-23,2017-10-29,0,0
"Niger","NER",2017,10,44,2017-10-30,2017-11-05,0,0
"Niger","NER",2017,11,45,2017-11-06,2017-11-12,0,0
"Niger","NER",2017,11,46,2017-11-13,2017-11-19,0,0
"Niger","NER",2017,11,47,2017-11-20,2017-11-26,0,0
"Niger","NER",2017,11,48,2017-11-27,2017-12-03,0,0
"Niger","NER",2017,12,49,2017-12-04,2017-12-10,0,0
"Niger","NER",2017,12,50,2017-12-11,2017-12-17,0,0
"Niger","NER",2017,12,51,2017-12-18,2017-12-24,0,0
"Niger","NER",2017,12,52,2017-12-25,2017-12-31,0,0
"Niger","NER",2018,1,1,2018-01-01,2018-01-07,0,0
"Niger","NER",2018,1,2,2018-01-08,2018-01-14,0,0
"Niger","NER",2018,1,3,2018-01-15,2018-01-21,0,0
"Niger","NER",2018,1,4,2018-01-22,2018-01-28,0,0
"Niger","NER",2018,1,5,2018-01-29,2018-02-04,0,0
"Niger","NER",2018,2,6,2018-02-05,2018-02-11,0,0
"Niger","NER",2018,2,7,2018-02-12,2018-02-18,0,0
"Niger","NER",2018,2,8,2018-02-19,2018-02-25,0,0
"Niger","NER",2018,2,9,2018-02-26,2018-03-04,0,0
"Niger","NER",2018,3,10,2018-03-05,2018-03-11,0,0
"Niger","NER",2018,3,11,2018-03-12,2018-03-18,0,0
"Niger","NER",2018,3,12,2018-03-19,2018-03-25,0,0
"Niger","NER",2018,3,13,2018-03-26,2018-04-01,0,0
"Niger","NER",2018,4,14,2018-04-02,2018-04-08,0,0
"Niger","NER",2018,4,15,2018-04-09,2018-04-15,0,0
"Niger","NER",2018,4,16,2018-04-16,2018-04-22,0,0
"Niger","NER",2018,4,17,2018-04-23,2018-04-29,0,0
"Niger","NER",2018,4,18,2018-04-30,2018-05-06,0,0
"Niger","NER",2018,5,19,2018-05-07,2018-05-13,0,0
"Niger","NER",2018,5,20,2018-05-14,2018-05-20,0,0
"Niger","NER",2018,5,21,2018-05-21,2018-05-27,0,0
"Niger","NER",2018,5,22,2018-05-28,2018-06-03,0,0
"Niger","NER",2018,6,23,2018-06-04,2018-06-10,0,0
"Niger","NER",2018,6,24,2018-06-11,2018-06-17,0,0
"Niger","NER",2018,6,25,2018-06-18,2018-06-24,0,0
"Niger","NER",2018,6,26,2018-06-25,2018-07-01,0,0
"Niger","NER",2018,7,27,2018-07-02,2018-07-08,13.8571428571429,1
"Niger","NER",2018,7,28,2018-07-09,2018-07-15,83.0454545454545,2.875
"Niger","NER",2018,7,29,2018-07-16,2018-07-22,182.090909090909,5.875
"Niger","NER",2018,7,30,2018-07-23,2018-07-29,352.636363636364,5.125
"Niger","NER",2018,7,31,2018-07-30,2018-08-05,299.090909090909,5
"Niger","NER",2018,8,32,2018-08-06,2018-08-12,362.230769230769,8.8
"Niger","NER",2018,8,33,2018-08-13,2018-08-19,402.090909090909,8.75
"Niger","NER",2018,8,34,2018-08-20,2018-08-26,480.933333333333,7.11111111111111
"Niger","NER",2018,8,35,2018-08-27,2018-09-02,421.833333333333,11.4444444444444
"Niger","NER",2018,9,36,2018-09-03,2018-09-09,398.333333333333,4.66666666666667
"Niger","NER",2018,9,37,2018-09-10,2018-09-16,427.25,8.22222222222222
"Niger","NER",2018,9,38,2018-09-17,2018-09-23,196.25,1.6
"Niger","NER",2018,9,39,2018-09-24,2018-09-30,115.2,3.5
"Niger","NER",2018,10,40,2018-10-01,2018-10-07,43.25,5
"Niger","NER",2018,10,41,2018-10-08,2018-10-14,17.3333333333333,1
"Niger","NER",2018,10,42,2018-10-15,2018-10-21,20.6,1
"Niger","NER",2018,10,43,2018-10-22,2018-10-28,24,2
"Niger","NER",2018,10,44,2018-10-29,2018-11-04,4.33333333333333,0
"Niger","NER",2018,11,45,2018-11-05,2018-11-11,0,0
"Niger","NER",2018,11,46,2018-11-12,2018-11-18,0,0
"Niger","NER",2018,11,47,2018-11-19,2018-11-25,1,0
"Niger","NER",2018,11,48,2018-11-26,2018-12-02,0,0
"Niger","NER",2018,12,49,2018-12-03,2018-12-09,0,0
"Niger","NER",2018,12,50,2018-12-10,2018-12-16,0,0
"Niger","NER",2018,12,51,2018-12-17,2018-12-23,0,0
"Niger","NER",2018,12,52,2018-12-24,2018-12-30,0,0
"Niger","NER",2019,12,1,2018-12-31,2019-01-06,0,0
"Niger","NER",2019,1,2,2019-01-07,2019-01-13,0,0
"Niger","NER",2019,1,3,2019-01-14,2019-01-20,0,0
"Niger","NER",2019,1,4,2019-01-21,2019-01-27,0,0
"Niger","NER",2019,1,5,2019-01-28,2019-02-03,0,0
"Niger","NER",2019,2,6,2019-02-04,2019-02-10,0,0
"Niger","NER",2019,2,7,2019-02-11,2019-02-17,0,0
"Niger","NER",2019,2,8,2019-02-18,2019-02-24,0,0
"Niger","NER",2019,2,9,2019-02-25,2019-03-03,0,0
"Niger","NER",2019,3,10,2019-03-04,2019-03-10,0,0
"Niger","NER",2019,3,11,2019-03-11,2019-03-17,0,0
"Niger","NER",2019,3,12,2019-03-18,2019-03-24,0,0
"Niger","NER",2019,3,13,2019-03-25,2019-03-31,0,0
"Niger","NER",2019,4,14,2019-04-01,2019-04-07,0,0
"Niger","NER",2019,4,15,2019-04-08,2019-04-14,0,0
"Niger","NER",2019,4,16,2019-04-15,2019-04-21,0,0
"Niger","NER",2019,4,17,2019-04-22,2019-04-28,0,0
"Niger","NER",2019,4,18,2019-04-29,2019-05-05,0,0
"Niger","NER",2019,5,19,2019-05-06,2019-05-12,0,0
"Niger","NER",2019,5,20,2019-05-13,2019-05-19,0,0
"Niger","NER",2019,5,21,2019-05-20,2019-05-26,0,0
"Niger","NER",2019,5,22,2019-05-27,2019-06-02,0,0
"Niger","NER",2019,6,23,2019-06-03,2019-06-09,0,0
"Niger","NER",2019,6,24,2019-06-10,2019-06-16,0,0
"Niger","NER",2019,6,25,2019-06-17,2019-06-23,0,0
"Niger","NER",2019,6,26,2019-06-24,2019-06-30,0,0
"Niger","NER",2019,7,27,2019-07-01,2019-07-07,0,0
"Niger","NER",2019,7,28,2019-07-08,2019-07-14,0,0
"Niger","NER",2019,7,29,2019-07-15,2019-07-21,0,0
"Niger","NER",2019,7,30,2019-07-22,2019-07-28,0,0
"Niger","NER",2019,7,31,2019-07-29,2019-08-04,0,0
"Niger","NER",2019,8,32,2019-08-05,2019-08-11,0,0
"Niger","NER",2019,8,33,2019-08-12,2019-08-18,0,0
"Niger","NER",2019,8,34,2019-08-19,2019-08-25,0,0
"Niger","NER",2019,8,35,2019-08-26,2019-09-01,0,0
"Niger","NER",2019,9,36,2019-09-02,2019-09-08,0,0
"Niger","NER",2019,9,37,2019-09-09,2019-09-15,0,0
"Niger","NER",2019,9,38,2019-09-16,2019-09-22,0,0
"Niger","NER",2019,9,39,2019-09-23,2019-09-29,0,0
"Niger","NER",2019,9,40,2019-09-30,2019-10-06,0,0
"Niger","NER",2019,10,41,2019-10-07,2019-10-13,0,0
"Niger","NER",2019,10,42,2019-10-14,2019-10-20,0,0
"Niger","NER",2019,10,43,2019-10-21,2019-10-27,0,0
"Niger","NER",2019,10,44,2019-10-28,2019-11-03,0,0
"Niger","NER",2019,11,45,2019-11-04,2019-11-10,0,0
"Niger","NER",2019,11,46,2019-11-11,2019-11-17,0,0
"Niger","NER",2019,11,47,2019-11-18,2019-11-24,0,0
"Niger","NER",2019,11,48,2019-11-25,2019-12-01,0,0
"Niger","NER",2019,12,49,2019-12-02,2019-12-08,0,0
"Niger","NER",2019,12,50,2019-12-09,2019-12-15,0,0
"Niger","NER",2019,12,51,2019-12-16,2019-12-22,0,0
"Niger","NER",2019,12,52,2019-12-23,2019-12-29,0,0
"Niger","NER",2020,12,1,2019-12-30,2020-01-05,0,0
"Niger","NER",2020,1,2,2020-01-06,2020-01-12,0,0
"Niger","NER",2020,1,3,2020-01-13,2020-01-19,0,0
"Niger","NER",2020,1,4,2020-01-20,2020-01-26,0,0
"Niger","NER",2020,1,5,2020-01-27,2020-02-02,0,0
"Niger","NER",2020,2,6,2020-02-03,2020-02-09,0,0
"Niger","NER",2020,2,7,2020-02-10,2020-02-16,0,0
"Niger","NER",2020,2,8,2020-02-17,2020-02-23,0,0
"Nigeria","NGA",2014,1,3,2014-01-13,2014-01-19,0,0
"Nigeria","NGA",2014,1,4,2014-01-20,2014-01-26,0,0
"Nigeria","NGA",2014,1,5,2014-01-27,2014-02-02,0,0
"Nigeria","NGA",2014,2,6,2014-02-03,2014-02-09,0,0
"Nigeria","NGA",2014,2,7,2014-02-10,2014-02-16,0,0
"Nigeria","NGA",2014,2,8,2014-02-17,2014-02-23,0,0
"Nigeria","NGA",2014,2,9,2014-02-24,2014-03-02,0,0
"Nigeria","NGA",2014,3,10,2014-03-03,2014-03-09,0,0
"Nigeria","NGA",2014,3,11,2014-03-10,2014-03-16,1395,0
"Nigeria","NGA",2014,3,12,2014-03-17,2014-03-23,1584,0
"Nigeria","NGA",2014,3,13,2014-03-24,2014-03-30,1892,0
"Nigeria","NGA",2014,3,14,2014-03-31,2014-04-06,1792,0
"Nigeria","NGA",2014,4,15,2014-04-07,2014-04-13,1727,0
"Nigeria","NGA",2014,4,16,2014-04-14,2014-04-20,1500,0
"Nigeria","NGA",2014,4,17,2014-04-21,2014-04-27,1155,0
"Nigeria","NGA",2014,4,18,2014-04-28,2014-05-04,773,0
"Nigeria","NGA",2014,5,19,2014-05-05,2014-05-11,613,0
"Nigeria","NGA",2014,5,20,2014-05-12,2014-05-18,840,0
"Nigeria","NGA",2014,5,21,2014-05-19,2014-05-25,1040,0
"Nigeria","NGA",2014,5,22,2014-05-26,2014-06-01,620,0
"Nigeria","NGA",2014,6,23,2014-06-02,2014-06-08,525,5
"Nigeria","NGA",2014,6,24,2014-06-09,2014-06-15,434,7
"Nigeria","NGA",2014,6,25,2014-06-16,2014-06-22,445,10
"Nigeria","NGA",2014,6,26,2014-06-23,2014-06-29,426,23
"Nigeria","NGA",2014,6,27,2014-06-30,2014-07-06,489,33
"Nigeria","NGA",2014,7,28,2014-07-07,2014-07-13,696,22
"Nigeria","NGA",2014,7,29,2014-07-14,2014-07-20,886,17
"Nigeria","NGA",2014,7,30,2014-07-21,2014-07-27,682,18
"Nigeria","NGA",2014,7,31,2014-07-28,2014-08-03,1244,46
"Nigeria","NGA",2014,8,32,2014-08-04,2014-08-10,787,24
"Nigeria","NGA",2014,8,33,2014-08-11,2014-08-17,926,28
"Nigeria","NGA",2014,8,34,2014-08-18,2014-08-24,672,0
"Nigeria","NGA",2014,8,35,2014-08-25,2014-08-31,611,13
"Nigeria","NGA",2014,9,36,2014-09-01,2014-09-07,615,35
"Nigeria","NGA",2014,9,37,2014-09-08,2014-09-14,746,36
"Nigeria","NGA",2014,9,38,2014-09-15,2014-09-21,497,14
"Nigeria","NGA",2014,9,39,2014-09-22,2014-09-28,350,4
"Nigeria","NGA",2014,9,40,2014-09-29,2014-10-05,516,28
"Nigeria","NGA",2014,10,41,2014-10-06,2014-10-12,792,48
"Nigeria","NGA",2014,10,42,2014-10-13,2014-10-19,339,6
"Nigeria","NGA",2014,10,43,2014-10-20,2014-10-26,289,9
"Nigeria","NGA",2014,10,44,2014-10-27,2014-11-02,236,4
"Nigeria","NGA",2014,11,45,2014-11-03,2014-11-09,156,6
"Nigeria","NGA",2014,11,46,2014-11-10,2014-11-16,64,0
"Nigeria","NGA",2014,11,47,2014-11-17,2014-11-23,50,3
"Nigeria","NGA",2014,11,48,2014-11-24,2014-11-30,28,0
"Nigeria","NGA",2014,12,49,2014-12-01,2014-12-07,35,0
"Nigeria","NGA",2014,12,50,2014-12-08,2014-12-14,0,0
"Nigeria","NGA",2014,12,51,2014-12-15,2014-12-21,0,0
"Nigeria","NGA",2014,12,52,2014-12-22,2014-12-28,0,0
"Nigeria","NGA",2015,12,1,2014-12-29,2015-01-04,15,0
"Nigeria","NGA",2015,1,2,2015-01-05,2015-01-11,218,0
"Nigeria","NGA",2015,1,3,2015-01-12,2015-01-18,55,0
"Nigeria","NGA",2015,1,4,2015-01-19,2015-01-25,295,0
"Nigeria","NGA",2015,1,5,2015-01-26,2015-02-01,120,0
"Nigeria","NGA",2015,2,6,2015-02-02,2015-02-08,110,0
"Nigeria","NGA",2015,2,7,2015-02-09,2015-02-15,27,0
"Nigeria","NGA",2015,2,8,2015-02-16,2015-02-22,21,0
"Nigeria","NGA",2015,2,9,2015-02-23,2015-03-01,22,0
"Nigeria","NGA",2015,3,10,2015-03-02,2015-03-08,945,0
"Nigeria","NGA",2015,3,11,2015-03-09,2015-03-15,23,0
"Nigeria","NGA",2015,3,12,2015-03-16,2015-03-22,42,0
"Nigeria","NGA",2015,3,13,2015-03-23,2015-03-29,0,0
"Nigeria","NGA",2015,3,14,2015-03-30,2015-04-05,7,0
"Nigeria","NGA",2015,4,15,2015-04-06,2015-04-12,59,0
"Nigeria","NGA",2015,4,16,2015-04-13,2015-04-19,22,0
"Nigeria","NGA",2015,4,17,2015-04-20,2015-04-26,16,0
"Nigeria","NGA",2015,4,18,2015-04-27,2015-05-03,21,1
"Nigeria","NGA",2015,5,19,2015-05-04,2015-05-10,47,3
"Nigeria","NGA",2015,5,20,2015-05-11,2015-05-17,0,0
"Nigeria","NGA",2015,5,21,2015-05-18,2015-05-24,59,0
"Nigeria","NGA",2015,5,22,2015-05-25,2015-05-31,9,0
"Nigeria","NGA",2015,6,23,2015-06-01,2015-06-07,28,6
"Nigeria","NGA",2015,6,24,2015-06-08,2015-06-14,7,0
"Nigeria","NGA",2015,6,25,2015-06-15,2015-06-21,48,3
"Nigeria","NGA",2015,6,26,2015-06-22,2015-06-28,100,9
"Nigeria","NGA",2015,6,27,2015-06-29,2015-07-05,160,10
"Nigeria","NGA",2015,7,28,2015-07-06,2015-07-12,278,13
"Nigeria","NGA",2015,7,29,2015-07-13,2015-07-19,188,2
"Nigeria","NGA",2015,7,30,2015-07-20,2015-07-26,198,1
"Nigeria","NGA",2015,7,31,2015-07-27,2015-08-02,73,0
"Nigeria","NGA",2015,8,32,2015-08-03,2015-08-09,107,0
"Nigeria","NGA",2015,8,33,2015-08-10,2015-08-16,74,0
"Nigeria","NGA",2015,8,34,2015-08-17,2015-08-23,140,0
"Nigeria","NGA",2015,8,35,2015-08-24,2015-08-30,62,0
"Nigeria","NGA",2015,8,36,2015-08-31,2015-09-06,167,0
"Nigeria","NGA",2015,9,37,2015-09-07,2015-09-13,491,0
"Nigeria","NGA",2015,9,38,2015-09-14,2015-09-20,213,0
"Nigeria","NGA",2015,9,39,2015-09-21,2015-09-27,66,0
"Nigeria","NGA",2015,9,40,2015-09-28,2015-10-04,231,0
"Nigeria","NGA",2015,10,41,2015-10-05,2015-10-11,168,0
"Nigeria","NGA",2015,10,42,2015-10-12,2015-10-18,214,0
"Nigeria","NGA",2015,10,43,2015-10-19,2015-10-25,60,0
"Nigeria","NGA",2015,10,44,2015-10-26,2015-11-01,52,0
"Nigeria","NGA",2015,11,45,2015-11-02,2015-11-08,48,0
"Nigeria","NGA",2015,11,46,2015-11-09,2015-11-15,53,0
"Nigeria","NGA",2015,11,47,2015-11-16,2015-11-22,68,0
"Nigeria","NGA",2015,11,48,2015-11-23,2015-11-29,55,0
"Nigeria","NGA",2015,11,49,2015-11-30,2015-12-06,48,0
"Nigeria","NGA",2015,12,50,2015-12-07,2015-12-13,45,0
"Nigeria","NGA",2015,12,51,2015-12-14,2015-12-20,20,0
"Nigeria","NGA",2015,12,52,2015-12-21,2015-12-27,87,0
"Nigeria","NGA",2015,12,53,2015-12-28,2016-01-03,0,0
"Nigeria","NGA",2016,1,1,2016-01-04,2016-01-10,15,0
"Nigeria","NGA",2016,1,2,2016-01-11,2016-01-17,27,0
"Nigeria","NGA",2016,1,3,2016-01-18,2016-01-24,33,0
"Nigeria","NGA",2016,1,4,2016-01-25,2016-01-31,4,0
"Nigeria","NGA",2016,2,5,2016-02-01,2016-02-07,5,0
"Nigeria","NGA",2016,2,6,2016-02-08,2016-02-14,10,0
"Nigeria","NGA",2016,2,7,2016-02-15,2016-02-21,0,0
"Nigeria","NGA",2016,2,8,2016-02-22,2016-02-28,21,1
"Nigeria","NGA",2016,2,9,2016-02-29,2016-03-06,33,0
"Nigeria","NGA",2016,3,10,2016-03-07,2016-03-13,26,0
"Nigeria","NGA",2016,3,11,2016-03-14,2016-03-20,12,0
"Nigeria","NGA",2016,3,12,2016-03-21,2016-03-27,9,0
"Nigeria","NGA",2016,3,13,2016-03-28,2016-04-03,1,0
"Nigeria","NGA",2016,4,14,2016-04-04,2016-04-10,0,0
"Nigeria","NGA",2016,4,15,2016-04-11,2016-04-17,0,0
"Nigeria","NGA",2016,4,16,2016-04-18,2016-04-24,8,0
"Nigeria","NGA",2016,4,17,2016-04-25,2016-05-01,0,0
"Nigeria","NGA",2016,5,18,2016-05-02,2016-05-08,0,0
"Nigeria","NGA",2016,5,19,2016-05-09,2016-05-15,11,0
"Nigeria","NGA",2016,5,20,2016-05-16,2016-05-22,0,0
"Nigeria","NGA",2016,5,21,2016-05-23,2016-05-29,2,0
"Nigeria","NGA",2016,5,22,2016-05-30,2016-06-05,0,0
"Nigeria","NGA",2016,6,23,2016-06-06,2016-06-12,0,0
"Nigeria","NGA",2016,6,24,2016-06-13,2016-06-19,29,1
"Nigeria","NGA",2016,6,25,2016-06-20,2016-06-26,34,2
"Nigeria","NGA",2016,6,26,2016-06-27,2016-07-03,1,0
"Nigeria","NGA",2016,7,27,2016-07-04,2016-07-10,34,0
"Nigeria","NGA",2016,7,28,2016-07-11,2016-07-17,8,0
"Nigeria","NGA",2016,7,29,2016-07-18,2016-07-24,7,0
"Nigeria","NGA",2016,7,30,2016-07-25,2016-07-31,0,0
"Nigeria","NGA",2016,8,31,2016-08-01,2016-08-07,42,0
"Nigeria","NGA",2016,8,32,2016-08-08,2016-08-14,0,0
"Nigeria","NGA",2016,8,33,2016-08-15,2016-08-21,29,0
"Nigeria","NGA",2016,8,34,2016-08-22,2016-08-28,0,0
"Nigeria","NGA",2016,8,35,2016-08-29,2016-09-04,8,0
"Nigeria","NGA",2016,9,36,2016-09-05,2016-09-11,68,0
"Nigeria","NGA",2016,9,37,2016-09-12,2016-09-18,60,0
"Nigeria","NGA",2016,9,38,2016-09-19,2016-09-25,53,0
"Nigeria","NGA",2016,9,39,2016-09-26,2016-10-02,45,0
"Nigeria","NGA",2016,10,40,2016-10-03,2016-10-09,55,0
"Nigeria","NGA",2016,10,41,2016-10-10,2016-10-16,19,0
"Nigeria","NGA",2016,10,42,2016-10-17,2016-10-23,1,0
"Nigeria","NGA",2016,10,43,2016-10-24,2016-10-30,0,0
"Nigeria","NGA",2016,10,44,2016-10-31,2016-11-06,2,0
"Nigeria","NGA",2016,11,45,2016-11-07,2016-11-13,0,0
"Nigeria","NGA",2016,11,46,2016-11-14,2016-11-20,1,0
"Nigeria","NGA",2016,11,47,2016-11-21,2016-11-27,7,0
"Nigeria","NGA",2016,11,48,2016-11-28,2016-12-04,2,0
"Nigeria","NGA",2016,12,49,2016-12-05,2016-12-11,44,0
"Nigeria","NGA",2016,12,50,2016-12-12,2016-12-18,0,0
"Nigeria","NGA",2016,12,51,2016-12-19,2016-12-25,0,0
"Nigeria","NGA",2016,12,52,2016-12-26,2017-01-01,0,0
"Nigeria","NGA",2017,1,1,2017-01-02,2017-01-08,0,0
"Nigeria","NGA",2017,1,2,2017-01-09,2017-01-15,24,4
"Nigeria","NGA",2017,1,3,2017-01-16,2017-01-22,1,0
"Nigeria","NGA",2017,1,4,2017-01-23,2017-01-29,7,0
"Nigeria","NGA",2017,1,5,2017-01-30,2017-02-05,5,0
"Nigeria","NGA",2017,2,6,2017-02-06,2017-02-12,0,0
"Nigeria","NGA",2017,2,7,2017-02-13,2017-02-19,1,0
"Nigeria","NGA",2017,2,8,2017-02-20,2017-02-26,0,0
"Nigeria","NGA",2017,2,9,2017-02-27,2017-03-05,7,0
"Nigeria","NGA",2017,3,10,2017-03-06,2017-03-12,1,0
"Nigeria","NGA",2017,3,11,2017-03-13,2017-03-19,0,0
"Nigeria","NGA",2017,3,12,2017-03-20,2017-03-26,1,0
"Nigeria","NGA",2017,3,13,2017-03-27,2017-04-02,20,0
"Nigeria","NGA",2017,4,14,2017-04-03,2017-04-09,0,0
"Nigeria","NGA",2017,4,15,2017-04-10,2017-04-16,7,0
"Nigeria","NGA",2017,4,16,2017-04-17,2017-04-23,1,0
"Nigeria","NGA",2017,4,17,2017-04-24,2017-04-30,0,0
"Nigeria","NGA",2017,5,18,2017-05-01,2017-05-07,258,0
"Nigeria","NGA",2017,5,19,2017-05-08,2017-05-14,290,0
"Nigeria","NGA",2017,5,20,2017-05-15,2017-05-21,290,0
"Nigeria","NGA",2017,5,21,2017-05-22,2017-05-28,2,0
"Nigeria","NGA",2017,5,22,2017-05-29,2017-06-04,77,1
"Nigeria","NGA",2017,6,23,2017-06-05,2017-06-11,126,10
"Nigeria","NGA",2017,6,24,2017-06-12,2017-06-18,108,0
"Nigeria","NGA",2017,6,25,2017-06-19,2017-06-25,82,1
"Nigeria","NGA",2017,6,26,2017-06-26,2017-07-02,186,10
"Nigeria","NGA",2017,7,27,2017-07-03,2017-07-09,109,1
"Nigeria","NGA",2017,7,28,2017-07-10,2017-07-16,36,2
"Nigeria","NGA",2017,7,29,2017-07-17,2017-07-23,80,3
"Nigeria","NGA",2017,7,30,2017-07-24,2017-07-30,4.5,0
"Nigeria","NGA",2017,7,31,2017-07-31,2017-08-06,23,0
"Nigeria","NGA",2017,8,32,2017-08-07,2017-08-13,92,4
"Nigeria","NGA",2017,8,33,2017-08-14,2017-08-20,22,0
"Nigeria","NGA",2017,8,34,2017-08-21,2017-08-27,91,0
"Nigeria","NGA",2017,8,35,2017-08-28,2017-09-03,604,0
"Nigeria","NGA",2017,9,36,2017-09-04,2017-09-10,992,0
"Nigeria","NGA",2017,9,37,2017-09-11,2017-09-17,1612,0
"Nigeria","NGA",2017,9,38,2017-09-18,2017-09-24,876,0
"Nigeria","NGA",2017,9,39,2017-09-25,2017-10-01,579,8
"Nigeria","NGA",2017,10,40,2017-10-02,2017-10-08,348,0
"Nigeria","NGA",2017,10,41,2017-10-09,2017-10-15,204.5,0
"Nigeria","NGA",2017,10,42,2017-10-16,2017-10-22,162,0
"Nigeria","NGA",2017,10,43,2017-10-23,2017-10-29,177,0
"Nigeria","NGA",2017,10,44,2017-10-30,2017-11-05,57,0
"Nigeria","NGA",2017,11,45,2017-11-06,2017-11-12,34,0
"Nigeria","NGA",2017,11,46,2017-11-13,2017-11-19,13,0
"Nigeria","NGA",2017,11,47,2017-11-20,2017-11-26,14,0
"Nigeria","NGA",2017,11,48,2017-11-27,2017-12-03,31,0
"Nigeria","NGA",2017,12,49,2017-12-04,2017-12-10,239,0
"Nigeria","NGA",2017,12,50,2017-12-11,2017-12-17,374,0
"Nigeria","NGA",2017,12,51,2017-12-18,2017-12-24,465,0
"Nigeria","NGA",2017,12,52,2017-12-25,2017-12-31,255,0
"Nigeria","NGA",2018,1,1,2018-01-01,2018-01-07,73.6666666666667,9
"Nigeria","NGA",2018,1,2,2018-01-08,2018-01-14,38,0
"Nigeria","NGA",2018,1,3,2018-01-15,2018-01-21,26.3333333333333,4
"Nigeria","NGA",2018,1,4,2018-01-22,2018-01-28,21.3333333333333,0
"Nigeria","NGA",2018,1,5,2018-01-29,2018-02-04,58,1
"Nigeria","NGA",2018,2,6,2018-02-05,2018-02-11,72,0
"Nigeria","NGA",2018,2,7,2018-02-12,2018-02-18,62.6666666666667,0
"Nigeria","NGA",2018,2,8,2018-02-19,2018-02-25,69.6666666666667,0.5
"Nigeria","NGA",2018,2,9,2018-02-26,2018-03-04,52.6666666666667,6
"Nigeria","NGA",2018,3,10,2018-03-05,2018-03-11,199.666666666667,4
"Nigeria","NGA",2018,3,11,2018-03-12,2018-03-18,215.666666666667,7.5
"Nigeria","NGA",2018,3,12,2018-03-19,2018-03-25,352.333333333333,4.5
"Nigeria","NGA",2018,3,13,2018-03-26,2018-04-01,405.333333333333,13.5
"Nigeria","NGA",2018,4,14,2018-04-02,2018-04-08,588.333333333333,6.5
"Nigeria","NGA",2018,4,15,2018-04-09,2018-04-15,664,9
"Nigeria","NGA",2018,4,16,2018-04-16,2018-04-22,728.666666666667,6
"Nigeria","NGA",2018,4,17,2018-04-23,2018-04-29,719,9
"Nigeria","NGA",2018,4,18,2018-04-30,2018-05-06,508,10
"Nigeria","NGA",2018,5,19,2018-05-07,2018-05-13,846.666666666667,7
"Nigeria","NGA",2018,5,20,2018-05-14,2018-05-20,436.666666666667,15.5
"Nigeria","NGA",2018,5,21,2018-05-21,2018-05-27,1003.66666666667,10
"Nigeria","NGA",2018,5,22,2018-05-28,2018-06-03,1009.33333333333,10
"Nigeria","NGA",2018,6,23,2018-06-04,2018-06-10,941,13
"Nigeria","NGA",2018,6,24,2018-06-11,2018-06-17,865.333333333333,19
"Nigeria","NGA",2018,6,25,2018-06-18,2018-06-24,878,21.5
"Nigeria","NGA",2018,6,26,2018-06-25,2018-07-01,841.333333333333,28
"Nigeria","NGA",2018,7,27,2018-07-02,2018-07-08,462.75,10
"Nigeria","NGA",2018,7,28,2018-07-09,2018-07-15,569.666666666667,4
"Nigeria","NGA",2018,7,29,2018-07-16,2018-07-22,191,0
"Nigeria","NGA",2018,7,30,2018-07-23,2018-07-29,533,0
"Nigeria","NGA",2018,7,31,2018-07-30,2018-08-05,522.333333333333,12
"Nigeria","NGA",2018,8,32,2018-08-06,2018-08-12,940.666666666667,22
"Nigeria","NGA",2018,8,33,2018-08-13,2018-08-19,395.333333333333,9
"Nigeria","NGA",2018,8,34,2018-08-20,2018-08-26,340,9
"Nigeria","NGA",2018,8,35,2018-08-27,2018-09-02,1446,27
"Nigeria","NGA",2018,9,36,2018-09-03,2018-09-09,1578.66666666667,24
"Nigeria","NGA",2018,9,37,2018-09-10,2018-09-16,2126,0
"Nigeria","NGA",2018,9,38,2018-09-17,2018-09-23,2492,0
"Nigeria","NGA",2018,9,39,2018-09-24,2018-09-30,2052,37
"Nigeria","NGA",2018,10,40,2018-10-01,2018-10-07,1764.66666666667,23
"Nigeria","NGA",2018,10,41,2018-10-08,2018-10-14,1224,11
"Nigeria","NGA",2018,10,42,2018-10-15,2018-10-21,954,6
"Nigeria","NGA",2018,10,43,2018-10-22,2018-10-28,360.333333333333,1.5
"Nigeria","NGA",2018,10,44,2018-10-29,2018-11-04,342,3
"Nigeria","NGA",2018,11,45,2018-11-05,2018-11-11,175,0
"Nigeria","NGA",2018,11,46,2018-11-12,2018-11-18,47,0
"Nigeria","NGA",2018,11,47,2018-11-19,2018-11-25,61,0
"Nigeria","NGA",2018,11,48,2018-11-26,2018-12-02,62,0
"Nigeria","NGA",2018,12,49,2018-12-03,2018-12-09,37,0
"Nigeria","NGA",2018,12,50,2018-12-10,2018-12-16,0,0
"Nigeria","NGA",2018,12,51,2018-12-17,2018-12-23,6,1
"Nigeria","NGA",2018,12,52,2018-12-24,2018-12-30,0,0
"Nigeria","NGA",2019,12,1,2018-12-31,2019-01-06,4,0.5
"Nigeria","NGA",2019,1,2,2019-01-07,2019-01-13,18.5,1.5
"Nigeria","NGA",2019,1,3,2019-01-14,2019-01-20,27,1
"Nigeria","NGA",2019,1,4,2019-01-21,2019-01-27,17.5,1.5
"Nigeria","NGA",2019,1,5,2019-01-28,2019-02-03,15.5,0.5
"Nigeria","NGA",2019,2,6,2019-02-04,2019-02-10,14,0
"Nigeria","NGA",2019,2,7,2019-02-11,2019-02-17,47.5,2
"Nigeria","NGA",2019,2,8,2019-02-18,2019-02-24,57.5,4
"Nigeria","NGA",2019,2,9,2019-02-25,2019-03-03,28.5,1
"Nigeria","NGA",2019,3,10,2019-03-04,2019-03-10,11,1
"Nigeria","NGA",2019,3,11,2019-03-11,2019-03-17,16,1.5
"Nigeria","NGA",2019,3,12,2019-03-18,2019-03-24,24,2
"Nigeria","NGA",2019,3,13,2019-03-25,2019-03-31,23.5,0
"Nigeria","NGA",2019,4,14,2019-04-01,2019-04-07,41,2
"Nigeria","NGA",2019,4,15,2019-04-08,2019-04-14,84.5,0
"Nigeria","NGA",2019,4,16,2019-04-15,2019-04-21,74.5,1
"Nigeria","NGA",2019,4,17,2019-04-22,2019-04-28,65,0
"Nigeria","NGA",2019,4,18,2019-04-29,2019-05-05,32.5,0
"Nigeria","NGA",2019,5,19,2019-05-06,2019-05-12,15,0
"Nigeria","NGA",2019,5,20,2019-05-13,2019-05-19,21,0
"Nigeria","NGA",2019,5,21,2019-05-20,2019-05-26,19.5,0
"Nigeria","NGA",2019,5,22,2019-05-27,2019-06-02,18.5,1
"Nigeria","NGA",2019,6,23,2019-06-03,2019-06-09,32,0
"Nigeria","NGA",2019,6,24,2019-06-10,2019-06-16,90.5,1
"Nigeria","NGA",2019,6,25,2019-06-17,2019-06-23,68,0
"Nigeria","NGA",2019,6,26,2019-06-24,2019-06-30,72.5,1
"Nigeria","NGA",2019,7,27,2019-07-01,2019-07-07,80.5,1
"Nigeria","NGA",2019,7,28,2019-07-08,2019-07-14,79,0
"Nigeria","NGA",2019,7,29,2019-07-15,2019-07-21,142,1
"Nigeria","NGA",2019,7,30,2019-07-22,2019-07-28,153,0
"Nigeria","NGA",2019,7,31,2019-07-29,2019-08-04,79,0
"Nigeria","NGA",2019,8,32,2019-08-05,2019-08-11,70,0
"Nigeria","NGA",2019,8,33,2019-08-12,2019-08-18,56,0
"Nigeria","NGA",2019,8,34,2019-08-19,2019-08-25,38,0
"Nigeria","NGA",2019,8,35,2019-08-26,2019-09-01,28.5,0
"Nigeria","NGA",2019,9,36,2019-09-02,2019-09-08,29.5,0
"Nigeria","NGA",2019,9,37,2019-09-09,2019-09-15,19,0
"Nigeria","NGA",2019,9,38,2019-09-16,2019-09-22,25.5,0
"Nigeria","NGA",2019,9,39,2019-09-23,2019-09-29,20.5,0
"Nigeria","NGA",2019,9,40,2019-09-30,2019-10-06,17.5,0
"Nigeria","NGA",2019,10,41,2019-10-07,2019-10-13,11,0
"Nigeria","NGA",2019,10,42,2019-10-14,2019-10-20,17,0
"Nigeria","NGA",2019,10,43,2019-10-21,2019-10-27,19.5,0
"Nigeria","NGA",2019,10,44,2019-10-28,2019-11-03,6.5,0
"Nigeria","NGA",2019,11,45,2019-11-04,2019-11-10,33,0
"Nigeria","NGA",2019,11,46,2019-11-11,2019-11-17,34,0
"Nigeria","NGA",2019,11,47,2019-11-18,2019-11-24,6,0
"Nigeria","NGA",2019,11,48,2019-11-25,2019-12-01,17,0
"Nigeria","NGA",2019,12,49,2019-12-02,2019-12-08,61,11
"Nigeria","NGA",2019,12,50,2019-12-09,2019-12-15,5,0
"Nigeria","NGA",2019,12,51,2019-12-16,2019-12-22,0,0
"Nigeria","NGA",2019,12,52,2019-12-23,2019-12-29,9,0
"Nigeria","NGA",2020,12,1,2019-12-30,2020-01-05,0,0
"Nigeria","NGA",2020,1,2,2020-01-06,2020-01-12,0,0
"Nigeria","NGA",2020,1,3,2020-01-13,2020-01-19,0,0
"Nigeria","NGA",2020,1,4,2020-01-20,2020-01-26,0,0
"Nigeria","NGA",2020,1,5,2020-01-27,2020-02-02,0,0
"Nigeria","NGA",2020,2,6,2020-02-03,2020-02-09,0,0
"Nigeria","NGA",2020,2,7,2020-02-10,2020-02-16,0,0
"Nigeria","NGA",2020,2,8,2020-02-17,2020-02-23,0,0
"Nigeria","NGA",2020,2,9,2020-02-24,2020-03-01,0,0
"Nigeria","NGA",2020,3,10,2020-03-02,2020-03-08,0,0
"Nigeria","NGA",2020,3,11,2020-03-09,2020-03-15,0,0
"Nigeria","NGA",2020,3,12,2020-03-16,2020-03-22,0,0
"Nigeria","NGA",2020,3,13,2020-03-23,2020-03-29,0,0
"Nigeria","NGA",2020,3,14,2020-03-30,2020-04-05,0,0
"Nigeria","NGA",2020,4,15,2020-04-06,2020-04-12,0,0
"Nigeria","NGA",2020,4,16,2020-04-13,2020-04-19,0,0
"Nigeria","NGA",2020,4,17,2020-04-20,2020-04-26,0,0
"Nigeria","NGA",2020,4,18,2020-04-27,2020-05-03,0,0
"Nigeria","NGA",2020,5,19,2020-05-04,2020-05-10,0,0
"Nigeria","NGA",2020,5,20,2020-05-11,2020-05-17,0,0
"Nigeria","NGA",2020,5,21,2020-05-18,2020-05-24,0,0
"Nigeria","NGA",2020,5,22,2020-05-25,2020-05-31,0,0
"Nigeria","NGA",2020,6,23,2020-06-01,2020-06-07,0,0
"Nigeria","NGA",2020,6,24,2020-06-08,2020-06-14,0,0
"Nigeria","NGA",2020,6,25,2020-06-15,2020-06-21,0,0
"Nigeria","NGA",2020,6,26,2020-06-22,2020-06-28,0,0
"Nigeria","NGA",2020,6,27,2020-06-29,2020-07-05,0,0
"Nigeria","NGA",2020,7,28,2020-07-06,2020-07-12,0,0
"Nigeria","NGA",2020,7,29,2020-07-13,2020-07-19,0,0
"Nigeria","NGA",2020,7,30,2020-07-20,2020-07-26,0,0
"Nigeria","NGA",2020,7,31,2020-07-27,2020-08-02,0,0
"Nigeria","NGA",2020,8,32,2020-08-03,2020-08-09,0,0
"Nigeria","NGA",2020,8,33,2020-08-10,2020-08-16,0,0
"Nigeria","NGA",2020,8,34,2020-08-17,2020-08-23,0,0
"Nigeria","NGA",2020,8,35,2020-08-24,2020-08-30,0,0
"Nigeria","NGA",2020,8,36,2020-08-31,2020-09-06,0,0
"Nigeria","NGA",2020,9,37,2020-09-07,2020-09-13,0,0
"Nigeria","NGA",2020,9,38,2020-09-14,2020-09-20,0,0
"Nigeria","NGA",2020,9,39,2020-09-21,2020-09-27,0,0
"Nigeria","NGA",2020,9,40,2020-09-28,2020-10-04,0,0
"Nigeria","NGA",2020,10,41,2020-10-05,2020-10-11,0,0
"Nigeria","NGA",2020,10,42,2020-10-12,2020-10-18,0,0
"Nigeria","NGA",2020,10,43,2020-10-19,2020-10-25,0,0
"Nigeria","NGA",2020,10,44,2020-10-26,2020-11-01,0,0
"Nigeria","NGA",2020,11,45,2020-11-02,2020-11-08,0,0
"Nigeria","NGA",2020,11,46,2020-11-09,2020-11-15,0,0
"Nigeria","NGA",2020,11,47,2020-11-16,2020-11-22,0,0
"Nigeria","NGA",2020,11,48,2020-11-23,2020-11-29,0,0
"Nigeria","NGA",2020,11,49,2020-11-30,2020-12-06,0,0
"Nigeria","NGA",2020,12,50,2020-12-07,2020-12-13,0,0
"Nigeria","NGA",2020,12,51,2020-12-14,2020-12-20,0,0
"Nigeria","NGA",2020,12,52,2020-12-21,2020-12-27,0,0
"Nigeria","NGA",2020,12,53,2020-12-28,2021-01-03,0,0
"Nigeria","NGA",2021,1,1,2021-01-04,2021-01-10,682,37
"Nigeria","NGA",2021,1,2,2021-01-11,2021-01-17,178,0
"Nigeria","NGA",2021,1,3,2021-01-18,2021-01-24,208,8
"Nigeria","NGA",2021,1,4,2021-01-25,2021-01-31,504,9
"Nigeria","NGA",2021,2,5,2021-02-01,2021-02-07,445,15
"Nigeria","NGA",2021,2,6,2021-02-08,2021-02-14,653,22
"Nigeria","NGA",2021,2,7,2021-02-15,2021-02-21,237,9
"Nigeria","NGA",2021,2,8,2021-02-22,2021-02-28,178,7
"Nigeria","NGA",2021,3,9,2021-03-01,2021-03-07,326,8
"Nigeria","NGA",2021,3,10,2021-03-08,2021-03-14,772,37
"Nigeria","NGA",2021,3,11,2021-03-15,2021-03-21,504,18
"Nigeria","NGA",2021,3,12,2021-03-22,2021-03-28,593,24
"Nigeria","NGA",2021,3,13,2021-03-29,2021-04-04,297,11
"Nigeria","NGA",2021,4,14,2021-04-05,2021-04-11,861,54
"Nigeria","NGA",2021,4,15,2021-04-12,2021-04-18,445,17
"Nigeria","NGA",2021,4,16,2021-04-19,2021-04-25,593,25
"Nigeria","NGA",2021,4,17,2021-04-26,2021-05-02,712,28
"Nigeria","NGA",2021,5,18,2021-05-03,2021-05-09,1395,55
"Nigeria","NGA",2021,5,19,2021-05-10,2021-05-16,772,30
"Nigeria","NGA",2021,5,20,2021-05-17,2021-05-23,1128,52
"Nigeria","NGA",2021,5,21,2021-05-24,2021-05-30,1246,37
"Nigeria","NGA",2021,5,22,2021-05-31,2021-06-06,1513,39
"Nigeria","NGA",2021,6,23,2021-06-07,2021-06-13,2938,56
"Nigeria","NGA",2021,6,24,2021-06-14,2021-06-20,3234,62
"Nigeria","NGA",2021,6,25,2021-06-21,2021-06-27,2671,84
"Nigeria","NGA",2021,6,26,2021-06-28,2021-07-04,3145,79
"Nigeria","NGA",2021,7,27,2021-07-05,2021-07-11,4629,118
"Nigeria","NGA",2021,7,28,2021-07-12,2021-07-18,4006,173
"Nigeria","NGA",2021,7,29,2021-07-19,2021-07-25,5341,208
"Nigeria","NGA",2021,7,30,2021-07-26,2021-08-01,7359,385
"Nigeria","NGA",2021,8,31,2021-08-02,2021-08-08,6113,264
"Nigeria","NGA",2021,8,32,2021-08-09,2021-08-15,7537,307
"Nigeria","NGA",2021,8,33,2021-08-16,2021-08-22,9318,338
"Nigeria","NGA",2021,8,34,2021-08-23,2021-08-29,7774,246
"Nigeria","NGA",2021,8,35,2021-08-30,2021-09-05,5163,155
"Nigeria","NGA",2021,9,36,2021-09-06,2021-09-12,5015,162
"Nigeria","NGA",2021,9,37,2021-09-13,2021-09-19,4421,110
"Nigeria","NGA",2021,9,38,2021-09-20,2021-09-26,3086,83
"Nigeria","NGA",2021,9,39,2021-09-27,2021-10-03,2433,46
"Nigeria","NGA",2021,10,40,2021-10-04,2021-10-10,2671,37
"Nigeria","NGA",2021,10,41,2021-10-11,2021-10-17,1543,36
"Nigeria","NGA",2021,10,42,2021-10-18,2021-10-24,1098,16
"Nigeria","NGA",2021,10,43,2021-10-25,2021-10-31,861,15
"Nigeria","NGA",2021,11,44,2021-11-01,2021-11-07,831,28
"Nigeria","NGA",2021,11,45,2021-11-08,2021-11-14,861,17
"Nigeria","NGA",2021,11,46,2021-11-15,2021-11-21,534,11
"Nigeria","NGA",2021,11,47,2021-11-22,2021-11-28,475,15
"Nigeria","NGA",2021,11,48,2021-11-29,2021-12-05,267,7
"Nigeria","NGA",2021,12,49,2021-12-06,2021-12-12,63,0
"Nigeria","NGA",2021,12,50,2021-12-13,2021-12-19,280,0
"Nigeria","NGA",2021,12,51,2021-12-20,2021-12-26,46,0
"Nigeria","NGA",2021,12,52,2021-12-27,2022-01-02,0,0
"Nigeria","NGA",2022,1,1,2022-01-03,2022-01-09,119,6
"Nigeria","NGA",2022,1,2,2022-01-10,2022-01-16,82,1
"Nigeria","NGA",2022,1,3,2022-01-17,2022-01-23,67,6
"Nigeria","NGA",2022,1,4,2022-01-24,2022-01-30,78.5,4
"Nigeria","NGA",2022,1,5,2022-01-31,2022-02-06,94.5,4
"Nigeria","NGA",2022,2,6,2022-02-07,2022-02-13,90,1
"Nigeria","NGA",2022,2,7,2022-02-14,2022-02-20,47.3333333333333,2
"Nigeria","NGA",2022,2,8,2022-02-21,2022-02-27,69.5,2
"Nigeria","NGA",2022,2,9,2022-02-28,2022-03-06,56,2
"Nigeria","NGA",2022,3,10,2022-03-07,2022-03-13,37.5,2
"Nigeria","NGA",2022,3,11,2022-03-14,2022-03-20,21,3
"Nigeria","NGA",2022,3,12,2022-03-21,2022-03-27,30,5
"Nigeria","NGA",2022,3,13,2022-03-28,2022-04-03,15.5,3
"Nigeria","NGA",2022,4,14,2022-04-04,2022-04-10,18.5,6
"Nigeria","NGA",2022,4,15,2022-04-11,2022-04-17,83.5,11
"Nigeria","NGA",2022,4,16,2022-04-18,2022-04-24,39.5,1
"Nigeria","NGA",2022,4,17,2022-04-25,2022-05-01,74.6666666666667,0
"Nigeria","NGA",2022,5,18,2022-05-02,2022-05-08,20.5,1
"Nigeria","NGA",2022,5,19,2022-05-09,2022-05-15,7.5,0
"Nigeria","NGA",2022,5,20,2022-05-16,2022-05-22,24.5,2
"Nigeria","NGA",2022,5,21,2022-05-23,2022-05-29,19,1
"Nigeria","NGA",2022,5,22,2022-05-30,2022-06-05,29,1
"Nigeria","NGA",2022,6,23,2022-06-06,2022-06-12,9,0
"Nigeria","NGA",2022,6,24,2022-06-13,2022-06-19,23.5,2
"Nigeria","NGA",2022,6,25,2022-06-20,2022-06-26,11,0
"Nigeria","NGA",2022,6,26,2022-06-27,2022-07-03,0,0
"Nigeria","NGA",2022,7,27,2022-07-04,2022-07-10,0,0
"Nigeria","NGA",2022,7,28,2022-07-11,2022-07-17,0,0
"Nigeria","NGA",2022,7,29,2022-07-18,2022-07-24,0,0
"Nigeria","NGA",2022,7,30,2022-07-25,2022-07-31,0,0
"Nigeria","NGA",2022,8,31,2022-08-01,2022-08-07,0,0
"Nigeria","NGA",2022,8,32,2022-08-08,2022-08-14,0,0
"Nigeria","NGA",2022,8,33,2022-08-15,2022-08-21,0,0
"Senegal","SEN",2015,11,46,2015-11-09,2015-11-15,0,0
"Senegal","SEN",2015,11,47,2015-11-16,2015-11-22,0,0
"Senegal","SEN",2015,11,48,2015-11-23,2015-11-29,0,0
"Senegal","SEN",2015,11,49,2015-11-30,2015-12-06,0,0
"Senegal","SEN",2015,12,50,2015-12-07,2015-12-13,0,0
"Senegal","SEN",2015,12,51,2015-12-14,2015-12-20,0,0
"Senegal","SEN",2015,12,52,2015-12-21,2015-12-27,0,0
"Senegal","SEN",2015,12,53,2015-12-28,2016-01-03,0,0
"Senegal","SEN",2016,1,1,2016-01-04,2016-01-10,0,0
"Senegal","SEN",2016,1,2,2016-01-11,2016-01-17,0,0
"Senegal","SEN",2016,1,3,2016-01-18,2016-01-24,0,0
"Senegal","SEN",2016,1,4,2016-01-25,2016-01-31,0,0
"Senegal","SEN",2016,2,5,2016-02-01,2016-02-07,0,0
"Senegal","SEN",2016,2,6,2016-02-08,2016-02-14,0,0
"Senegal","SEN",2016,2,7,2016-02-15,2016-02-21,0,0
"Senegal","SEN",2016,2,8,2016-02-22,2016-02-28,0,0
"Senegal","SEN",2016,2,9,2016-02-29,2016-03-06,0,0
"Senegal","SEN",2016,3,10,2016-03-07,2016-03-13,0,0
"Senegal","SEN",2016,3,11,2016-03-14,2016-03-20,0,0
"Senegal","SEN",2016,3,12,2016-03-21,2016-03-27,0,0
"Senegal","SEN",2016,3,13,2016-03-28,2016-04-03,0,0
"Senegal","SEN",2016,4,14,2016-04-04,2016-04-10,0,0
"Senegal","SEN",2016,4,15,2016-04-11,2016-04-17,0,0
"Senegal","SEN",2016,4,16,2016-04-18,2016-04-24,0,0
"Senegal","SEN",2016,4,17,2016-04-25,2016-05-01,0,0
"Senegal","SEN",2016,5,18,2016-05-02,2016-05-08,0,0
"Senegal","SEN",2016,5,19,2016-05-09,2016-05-15,0,0
"Senegal","SEN",2016,5,20,2016-05-16,2016-05-22,0,0
"Senegal","SEN",2016,5,21,2016-05-23,2016-05-29,0,0
"Senegal","SEN",2016,5,22,2016-05-30,2016-06-05,0,0
"Senegal","SEN",2016,6,23,2016-06-06,2016-06-12,0,0
"Senegal","SEN",2016,6,24,2016-06-13,2016-06-19,0,0
"Senegal","SEN",2016,6,25,2016-06-20,2016-06-26,0,0
"Senegal","SEN",2016,6,26,2016-06-27,2016-07-03,0,0
"Senegal","SEN",2016,7,27,2016-07-04,2016-07-10,0,0
"Senegal","SEN",2016,7,28,2016-07-11,2016-07-17,0,0
"Senegal","SEN",2016,7,29,2016-07-18,2016-07-24,0,0
"Senegal","SEN",2016,7,30,2016-07-25,2016-07-31,0,0
"Senegal","SEN",2016,8,31,2016-08-01,2016-08-07,0,0
"Senegal","SEN",2016,8,32,2016-08-08,2016-08-14,0,0
"Senegal","SEN",2016,8,33,2016-08-15,2016-08-21,0,0
"Senegal","SEN",2016,8,34,2016-08-22,2016-08-28,0,0
"Senegal","SEN",2016,8,35,2016-08-29,2016-09-04,0,0
"Senegal","SEN",2016,9,36,2016-09-05,2016-09-11,0,0
"Senegal","SEN",2016,9,37,2016-09-12,2016-09-18,0,0
"Senegal","SEN",2016,9,38,2016-09-19,2016-09-25,0,0
"Senegal","SEN",2016,9,39,2016-09-26,2016-10-02,0,0
"Senegal","SEN",2016,10,40,2016-10-03,2016-10-09,0,0
"Senegal","SEN",2016,10,41,2016-10-10,2016-10-16,0,0
"Senegal","SEN",2016,10,42,2016-10-17,2016-10-23,0,0
"Senegal","SEN",2016,10,43,2016-10-24,2016-10-30,0,0
"Senegal","SEN",2016,10,44,2016-10-31,2016-11-06,0,0
"Senegal","SEN",2016,11,45,2016-11-07,2016-11-13,0,0
"Senegal","SEN",2016,11,46,2016-11-14,2016-11-20,0,0
"Senegal","SEN",2016,11,47,2016-11-21,2016-11-27,0,0
"Senegal","SEN",2016,11,48,2016-11-28,2016-12-04,0,0
"Senegal","SEN",2016,12,49,2016-12-05,2016-12-11,0,0
"Senegal","SEN",2016,12,50,2016-12-12,2016-12-18,0,0
"Senegal","SEN",2016,12,51,2016-12-19,2016-12-25,0,0
"Senegal","SEN",2016,12,52,2016-12-26,2017-01-01,0,0
"Senegal","SEN",2017,1,1,2017-01-02,2017-01-08,0,0
"Senegal","SEN",2017,1,2,2017-01-09,2017-01-15,0,0
"Senegal","SEN",2017,1,3,2017-01-16,2017-01-22,0,0
"Senegal","SEN",2017,1,4,2017-01-23,2017-01-29,0,0
"Senegal","SEN",2017,1,5,2017-01-30,2017-02-05,0,0
"Senegal","SEN",2017,2,6,2017-02-06,2017-02-12,0,0
"Senegal","SEN",2017,2,7,2017-02-13,2017-02-19,0,0
"Senegal","SEN",2017,2,8,2017-02-20,2017-02-26,0,0
"Senegal","SEN",2017,2,9,2017-02-27,2017-03-05,0,0
"Senegal","SEN",2017,3,10,2017-03-06,2017-03-12,0,0
"Senegal","SEN",2017,3,11,2017-03-13,2017-03-19,0,0
"Senegal","SEN",2017,3,12,2017-03-20,2017-03-26,0,0
"Senegal","SEN",2017,3,13,2017-03-27,2017-04-02,0,0
"Senegal","SEN",2017,4,14,2017-04-03,2017-04-09,0,0
"Senegal","SEN",2017,4,15,2017-04-10,2017-04-16,0,0
"Senegal","SEN",2017,4,16,2017-04-17,2017-04-23,0,0
"Senegal","SEN",2017,4,17,2017-04-24,2017-04-30,0,0
"Senegal","SEN",2017,5,18,2017-05-01,2017-05-07,0,0
"Senegal","SEN",2017,5,19,2017-05-08,2017-05-14,0,0
"Senegal","SEN",2017,5,20,2017-05-15,2017-05-21,0,0
"Senegal","SEN",2017,5,21,2017-05-22,2017-05-28,0,0
"Senegal","SEN",2017,5,22,2017-05-29,2017-06-04,0,0
"Senegal","SEN",2017,6,23,2017-06-05,2017-06-11,0,0
"Senegal","SEN",2017,6,24,2017-06-12,2017-06-18,0,0
"Senegal","SEN",2017,6,25,2017-06-19,2017-06-25,0,0
"Senegal","SEN",2017,6,26,2017-06-26,2017-07-02,0,0
"Senegal","SEN",2017,7,27,2017-07-03,2017-07-09,0,0
"Senegal","SEN",2017,7,28,2017-07-10,2017-07-16,0,0
"Senegal","SEN",2017,7,29,2017-07-17,2017-07-23,0,0
"Senegal","SEN",2017,7,30,2017-07-24,2017-07-30,0,0
"Senegal","SEN",2017,7,31,2017-07-31,2017-08-06,0,0
"Senegal","SEN",2017,8,32,2017-08-07,2017-08-13,0,0
"Senegal","SEN",2017,8,33,2017-08-14,2017-08-20,0,0
"Senegal","SEN",2017,8,34,2017-08-21,2017-08-27,0,0
"Senegal","SEN",2017,8,35,2017-08-28,2017-09-03,0,0
"Senegal","SEN",2017,9,36,2017-09-04,2017-09-10,0,0
"Senegal","SEN",2017,9,37,2017-09-11,2017-09-17,0,0
"Senegal","SEN",2017,9,38,2017-09-18,2017-09-24,0,0
"Senegal","SEN",2017,9,39,2017-09-25,2017-10-01,0,0
"Senegal","SEN",2017,10,40,2017-10-02,2017-10-08,0,0
"Senegal","SEN",2017,10,41,2017-10-09,2017-10-15,0,0
"Senegal","SEN",2017,10,42,2017-10-16,2017-10-22,0,0
"Senegal","SEN",2017,10,43,2017-10-23,2017-10-29,0,0
"Senegal","SEN",2017,10,44,2017-10-30,2017-11-05,0,0
"Senegal","SEN",2017,11,45,2017-11-06,2017-11-12,0,0
"Senegal","SEN",2017,11,46,2017-11-13,2017-11-19,0,0
"Senegal","SEN",2017,11,47,2017-11-20,2017-11-26,0,0
"Senegal","SEN",2017,11,48,2017-11-27,2017-12-03,0,0
"Senegal","SEN",2017,12,49,2017-12-04,2017-12-10,0,0
"Senegal","SEN",2017,12,50,2017-12-11,2017-12-17,0,0
"Senegal","SEN",2017,12,51,2017-12-18,2017-12-24,0,0
"Senegal","SEN",2017,12,52,2017-12-25,2017-12-31,0,0
"Senegal","SEN",2018,1,1,2018-01-01,2018-01-07,0,0
"Senegal","SEN",2018,1,2,2018-01-08,2018-01-14,0,0
"Senegal","SEN",2018,1,3,2018-01-15,2018-01-21,0,0
"Senegal","SEN",2018,1,4,2018-01-22,2018-01-28,0,0
"Senegal","SEN",2018,1,5,2018-01-29,2018-02-04,0,0
"Senegal","SEN",2018,2,6,2018-02-05,2018-02-11,0,0
"Senegal","SEN",2018,2,7,2018-02-12,2018-02-18,0,0
"Senegal","SEN",2018,2,8,2018-02-19,2018-02-25,0,0
"Senegal","SEN",2018,2,9,2018-02-26,2018-03-04,0,0
"Senegal","SEN",2018,3,10,2018-03-05,2018-03-11,0,0
"Senegal","SEN",2018,3,11,2018-03-12,2018-03-18,0,0
"Senegal","SEN",2018,3,12,2018-03-19,2018-03-25,0,0
"Senegal","SEN",2018,3,13,2018-03-26,2018-04-01,0,0
"Senegal","SEN",2018,4,14,2018-04-02,2018-04-08,0,0
"Senegal","SEN",2018,4,15,2018-04-09,2018-04-15,0,0
"Senegal","SEN",2018,4,16,2018-04-16,2018-04-22,0,0
"Senegal","SEN",2018,4,17,2018-04-23,2018-04-29,0,0
"Senegal","SEN",2018,4,18,2018-04-30,2018-05-06,0,0
"Senegal","SEN",2018,5,19,2018-05-07,2018-05-13,0,0
"Senegal","SEN",2018,5,20,2018-05-14,2018-05-20,0,0
"Senegal","SEN",2018,5,21,2018-05-21,2018-05-27,0,0
"Senegal","SEN",2018,5,22,2018-05-28,2018-06-03,0,0
"Senegal","SEN",2018,6,23,2018-06-04,2018-06-10,0,0
"Senegal","SEN",2018,6,24,2018-06-11,2018-06-17,0,0
"Senegal","SEN",2018,6,25,2018-06-18,2018-06-24,0,0
"Senegal","SEN",2018,6,26,2018-06-25,2018-07-01,0,0
"Senegal","SEN",2018,7,27,2018-07-02,2018-07-08,0,0
"Senegal","SEN",2018,7,28,2018-07-09,2018-07-15,0,0
"Senegal","SEN",2018,7,29,2018-07-16,2018-07-22,0,0
"Senegal","SEN",2018,7,30,2018-07-23,2018-07-29,0,0
"Senegal","SEN",2018,7,31,2018-07-30,2018-08-05,0,0
"Senegal","SEN",2018,8,32,2018-08-06,2018-08-12,0,0
"Senegal","SEN",2018,8,33,2018-08-13,2018-08-19,0,0
"Senegal","SEN",2018,8,34,2018-08-20,2018-08-26,0,0
"Senegal","SEN",2018,8,35,2018-08-27,2018-09-02,0,0
"Senegal","SEN",2018,9,36,2018-09-03,2018-09-09,0,0
"Senegal","SEN",2018,9,37,2018-09-10,2018-09-16,0,0
"Senegal","SEN",2018,9,38,2018-09-17,2018-09-23,0,0
"Senegal","SEN",2018,9,39,2018-09-24,2018-09-30,0,0
"Senegal","SEN",2018,10,40,2018-10-01,2018-10-07,0,0
"Senegal","SEN",2018,10,41,2018-10-08,2018-10-14,0,0
"Senegal","SEN",2018,10,42,2018-10-15,2018-10-21,0,0
"Senegal","SEN",2018,10,43,2018-10-22,2018-10-28,0,0
"Senegal","SEN",2018,10,44,2018-10-29,2018-11-04,0,0
"Senegal","SEN",2018,11,45,2018-11-05,2018-11-11,0,0
"Senegal","SEN",2018,11,46,2018-11-12,2018-11-18,0,0
"Senegal","SEN",2018,11,47,2018-11-19,2018-11-25,0,0
"Senegal","SEN",2018,11,48,2018-11-26,2018-12-02,0,0
"Senegal","SEN",2018,12,49,2018-12-03,2018-12-09,0,0
"Senegal","SEN",2018,12,50,2018-12-10,2018-12-16,0,0
"Senegal","SEN",2018,12,51,2018-12-17,2018-12-23,0,0
"Senegal","SEN",2018,12,52,2018-12-24,2018-12-30,0,0
"Senegal","SEN",2019,12,1,2018-12-31,2019-01-06,0,0
"Senegal","SEN",2019,1,2,2019-01-07,2019-01-13,0,0
"Senegal","SEN",2019,1,3,2019-01-14,2019-01-20,0,0
"Senegal","SEN",2019,1,4,2019-01-21,2019-01-27,0,0
"Senegal","SEN",2019,1,5,2019-01-28,2019-02-03,0,0
"Senegal","SEN",2019,2,6,2019-02-04,2019-02-10,0,0
"Senegal","SEN",2019,2,7,2019-02-11,2019-02-17,0,0
"Senegal","SEN",2019,2,8,2019-02-18,2019-02-24,0,0
"Senegal","SEN",2019,2,9,2019-02-25,2019-03-03,0,0
"Senegal","SEN",2019,3,10,2019-03-04,2019-03-10,0,0
"Senegal","SEN",2019,3,11,2019-03-11,2019-03-17,0,0
"Senegal","SEN",2019,3,12,2019-03-18,2019-03-24,0,0
"Senegal","SEN",2019,3,13,2019-03-25,2019-03-31,0,0
"Senegal","SEN",2019,4,14,2019-04-01,2019-04-07,0,0
"Senegal","SEN",2019,4,15,2019-04-08,2019-04-14,0,0
"Senegal","SEN",2019,4,16,2019-04-15,2019-04-21,0,0
"Senegal","SEN",2019,4,17,2019-04-22,2019-04-28,0,0
"Senegal","SEN",2019,4,18,2019-04-29,2019-05-05,0,0
"Senegal","SEN",2019,5,19,2019-05-06,2019-05-12,0,0
"Senegal","SEN",2019,5,20,2019-05-13,2019-05-19,0,0
"Senegal","SEN",2019,5,21,2019-05-20,2019-05-26,0,0
"Senegal","SEN",2019,5,22,2019-05-27,2019-06-02,0,0
"Senegal","SEN",2019,6,23,2019-06-03,2019-06-09,0,0
"Senegal","SEN",2019,6,24,2019-06-10,2019-06-16,0,0
"Senegal","SEN",2019,6,25,2019-06-17,2019-06-23,0,0
"Senegal","SEN",2019,6,26,2019-06-24,2019-06-30,0,0
"Senegal","SEN",2019,7,27,2019-07-01,2019-07-07,0,0
"Senegal","SEN",2019,7,28,2019-07-08,2019-07-14,0,0
"Senegal","SEN",2019,7,29,2019-07-15,2019-07-21,0,0
"Senegal","SEN",2019,7,30,2019-07-22,2019-07-28,0,0
"Senegal","SEN",2019,7,31,2019-07-29,2019-08-04,0,0
"Senegal","SEN",2019,8,32,2019-08-05,2019-08-11,0,0
"Senegal","SEN",2019,8,33,2019-08-12,2019-08-18,0,0
"Senegal","SEN",2019,8,34,2019-08-19,2019-08-25,0,0
"Senegal","SEN",2019,8,35,2019-08-26,2019-09-01,0,0
"Senegal","SEN",2019,9,36,2019-09-02,2019-09-08,0,0
"Senegal","SEN",2019,9,37,2019-09-09,2019-09-15,0,0
"Senegal","SEN",2019,9,38,2019-09-16,2019-09-22,0,0
"Senegal","SEN",2019,9,39,2019-09-23,2019-09-29,0,0
"Senegal","SEN",2019,9,40,2019-09-30,2019-10-06,0,0
"Senegal","SEN",2019,10,41,2019-10-07,2019-10-13,0,0
"Senegal","SEN",2019,10,42,2019-10-14,2019-10-20,0,0
"Senegal","SEN",2019,10,43,2019-10-21,2019-10-27,0,0
"Senegal","SEN",2019,10,44,2019-10-28,2019-11-03,0,0
"Senegal","SEN",2019,11,45,2019-11-04,2019-11-10,0,0
"Senegal","SEN",2019,11,46,2019-11-11,2019-11-17,0,0
"Senegal","SEN",2019,11,47,2019-11-18,2019-11-24,0,0
"Senegal","SEN",2019,11,48,2019-11-25,2019-12-01,0,0
"Senegal","SEN",2019,12,49,2019-12-02,2019-12-08,0,0
"Senegal","SEN",2019,12,50,2019-12-09,2019-12-15,0,0
"Senegal","SEN",2019,12,51,2019-12-16,2019-12-22,0,0
"Senegal","SEN",2019,12,52,2019-12-23,2019-12-29,0,0
"Senegal","SEN",2020,12,1,2019-12-30,2020-01-05,0,0
"Senegal","SEN",2020,1,2,2020-01-06,2020-01-12,0,0
"Senegal","SEN",2020,1,3,2020-01-13,2020-01-19,0,0
"Senegal","SEN",2020,1,4,2020-01-20,2020-01-26,0,0
"Senegal","SEN",2020,1,5,2020-01-27,2020-02-02,0,0
"Senegal","SEN",2020,2,6,2020-02-03,2020-02-09,0,0
"Senegal","SEN",2020,2,7,2020-02-10,2020-02-16,0,0
"Senegal","SEN",2020,2,8,2020-02-17,2020-02-23,0,0
"Senegal","SEN",2020,2,9,2020-02-24,2020-03-01,0,0
"Senegal","SEN",2020,3,10,2020-03-02,2020-03-08,0,0
"Senegal","SEN",2020,3,11,2020-03-09,2020-03-15,0,0
"Senegal","SEN",2020,3,12,2020-03-16,2020-03-22,0,0
"Senegal","SEN",2020,3,13,2020-03-23,2020-03-29,0,0
"Senegal","SEN",2020,3,14,2020-03-30,2020-04-05,0,0
"Senegal","SEN",2020,4,15,2020-04-06,2020-04-12,0,0
"Senegal","SEN",2020,4,16,2020-04-13,2020-04-19,0,0
"Senegal","SEN",2020,4,17,2020-04-20,2020-04-26,0,0
"Senegal","SEN",2020,4,18,2020-04-27,2020-05-03,0,0
"Senegal","SEN",2020,5,19,2020-05-04,2020-05-10,0,0
"Senegal","SEN",2020,5,20,2020-05-11,2020-05-17,0,0
"Senegal","SEN",2020,5,21,2020-05-18,2020-05-24,0,0
"Senegal","SEN",2020,5,22,2020-05-25,2020-05-31,0,0
"Senegal","SEN",2020,6,23,2020-06-01,2020-06-07,0,0
"Senegal","SEN",2020,6,24,2020-06-08,2020-06-14,0,0
"Senegal","SEN",2020,6,25,2020-06-15,2020-06-21,0,0
"Senegal","SEN",2020,6,26,2020-06-22,2020-06-28,0,0
"Senegal","SEN",2020,6,27,2020-06-29,2020-07-05,0,0
"Senegal","SEN",2020,7,28,2020-07-06,2020-07-12,0,0
"Senegal","SEN",2020,7,29,2020-07-13,2020-07-19,0,0
"Senegal","SEN",2020,7,30,2020-07-20,2020-07-26,0,0
"Senegal","SEN",2020,7,31,2020-07-27,2020-08-02,0,0
"Senegal","SEN",2020,8,32,2020-08-03,2020-08-09,0,0
"Senegal","SEN",2020,8,33,2020-08-10,2020-08-16,0,0
"Senegal","SEN",2020,8,34,2020-08-17,2020-08-23,0,0
"Senegal","SEN",2020,8,35,2020-08-24,2020-08-30,0,0
"Senegal","SEN",2020,8,36,2020-08-31,2020-09-06,0,0
"Senegal","SEN",2020,9,37,2020-09-07,2020-09-13,0,0
"Senegal","SEN",2020,9,38,2020-09-14,2020-09-20,0,0
"Senegal","SEN",2020,9,39,2020-09-21,2020-09-27,0,0
"Senegal","SEN",2020,9,40,2020-09-28,2020-10-04,0,0
"Senegal","SEN",2020,10,41,2020-10-05,2020-10-11,0,0
"Senegal","SEN",2020,10,42,2020-10-12,2020-10-18,0,0
"Senegal","SEN",2020,10,43,2020-10-19,2020-10-25,0,0
"Senegal","SEN",2020,10,44,2020-10-26,2020-11-01,0,0
"Senegal","SEN",2020,11,45,2020-11-02,2020-11-08,0,0
"Senegal","SEN",2020,11,46,2020-11-09,2020-11-15,0,0
"Senegal","SEN",2020,11,47,2020-11-16,2020-11-22,0,0
"Senegal","SEN",2020,11,48,2020-11-23,2020-11-29,0,0
"Senegal","SEN",2020,11,49,2020-11-30,2020-12-06,0,0
"Senegal","SEN",2020,12,50,2020-12-07,2020-12-13,0,0
"Senegal","SEN",2020,12,51,2020-12-14,2020-12-20,0,0
"Senegal","SEN",2020,12,52,2020-12-21,2020-12-27,0,0
"Senegal","SEN",2020,12,53,2020-12-28,2021-01-03,0,0
"Senegal","SEN",2021,1,1,2021-01-04,2021-01-10,0,0
"Senegal","SEN",2021,1,2,2021-01-11,2021-01-17,0,0
"Senegal","SEN",2021,1,3,2021-01-18,2021-01-24,0,0
"Senegal","SEN",2021,1,4,2021-01-25,2021-01-31,0,0
"Senegal","SEN",2021,2,5,2021-02-01,2021-02-07,0,0
"Senegal","SEN",2021,2,6,2021-02-08,2021-02-14,0,0
"Senegal","SEN",2021,2,7,2021-02-15,2021-02-21,0,0
"Senegal","SEN",2021,2,8,2021-02-22,2021-02-28,0,0
"Senegal","SEN",2021,3,9,2021-03-01,2021-03-07,0,0
"Senegal","SEN",2021,3,10,2021-03-08,2021-03-14,0,0
"Senegal","SEN",2021,3,11,2021-03-15,2021-03-21,0,0
"Senegal","SEN",2021,3,12,2021-03-22,2021-03-28,0,0
"Senegal","SEN",2021,3,13,2021-03-29,2021-04-04,0,0
"Senegal","SEN",2021,4,14,2021-04-05,2021-04-11,0,0
"Senegal","SEN",2021,4,15,2021-04-12,2021-04-18,0,0
"Senegal","SEN",2021,4,16,2021-04-19,2021-04-25,0,0
"Senegal","SEN",2021,4,17,2021-04-26,2021-05-02,0,0
"Senegal","SEN",2021,5,18,2021-05-03,2021-05-09,0,0
"Senegal","SEN",2021,5,19,2021-05-10,2021-05-16,0,0
"Senegal","SEN",2021,5,20,2021-05-17,2021-05-23,0,0
"Senegal","SEN",2021,5,21,2021-05-24,2021-05-30,0,0
"Senegal","SEN",2021,5,22,2021-05-31,2021-06-06,0,0
"Senegal","SEN",2021,6,23,2021-06-07,2021-06-13,0,0
"Senegal","SEN",2021,6,24,2021-06-14,2021-06-20,0,0
"Senegal","SEN",2021,6,25,2021-06-21,2021-06-27,0,0
"Senegal","SEN",2021,6,26,2021-06-28,2021-07-04,0,0
"Senegal","SEN",2021,7,27,2021-07-05,2021-07-11,0,0
"Senegal","SEN",2021,7,28,2021-07-12,2021-07-18,0,0
"Senegal","SEN",2021,7,29,2021-07-19,2021-07-25,0,0
"Senegal","SEN",2021,7,30,2021-07-26,2021-08-01,0,0
"Senegal","SEN",2021,8,31,2021-08-02,2021-08-08,0,0
"Senegal","SEN",2021,8,32,2021-08-09,2021-08-15,0,0
"Senegal","SEN",2021,8,33,2021-08-16,2021-08-22,0,0
"Senegal","SEN",2021,8,34,2021-08-23,2021-08-29,0,0
"Senegal","SEN",2021,8,35,2021-08-30,2021-09-05,0,0
"Senegal","SEN",2021,9,36,2021-09-06,2021-09-12,0,0
"Senegal","SEN",2021,9,37,2021-09-13,2021-09-19,0,0
"Senegal","SEN",2021,9,38,2021-09-20,2021-09-26,0,0
"Senegal","SEN",2021,9,39,2021-09-27,2021-10-03,0,0
"Senegal","SEN",2021,10,40,2021-10-04,2021-10-10,0,0
"Senegal","SEN",2021,10,41,2021-10-11,2021-10-17,0,0
"Senegal","SEN",2021,10,42,2021-10-18,2021-10-24,0,0
"Senegal","SEN",2021,10,43,2021-10-25,2021-10-31,0,0
"Senegal","SEN",2021,11,44,2021-11-01,2021-11-07,0,0
"Senegal","SEN",2021,11,45,2021-11-08,2021-11-14,0,0
"Senegal","SEN",2021,11,46,2021-11-15,2021-11-21,0,0
"Senegal","SEN",2021,11,47,2021-11-22,2021-11-28,0,0
"Senegal","SEN",2021,11,48,2021-11-29,2021-12-05,0,0
"Senegal","SEN",2021,12,49,2021-12-06,2021-12-12,0,0
"Senegal","SEN",2021,12,50,2021-12-13,2021-12-19,0,0
"Senegal","SEN",2021,12,51,2021-12-20,2021-12-26,0,0
"Senegal","SEN",2021,12,52,2021-12-27,2022-01-02,0,0
"Senegal","SEN",2022,1,1,2022-01-03,2022-01-09,0,0
"Senegal","SEN",2022,1,2,2022-01-10,2022-01-16,0,0
"Senegal","SEN",2022,1,3,2022-01-17,2022-01-23,0,0
"Senegal","SEN",2022,1,4,2022-01-24,2022-01-30,0,0
"Senegal","SEN",2022,1,5,2022-01-31,2022-02-06,0,0
"Senegal","SEN",2022,2,6,2022-02-07,2022-02-13,0,0
"Senegal","SEN",2022,2,7,2022-02-14,2022-02-20,0,0
"Senegal","SEN",2022,2,8,2022-02-21,2022-02-27,0,0
"Senegal","SEN",2022,2,9,2022-02-28,2022-03-06,0,0
"Senegal","SEN",2022,3,10,2022-03-07,2022-03-13,0,0
"Senegal","SEN",2022,3,11,2022-03-14,2022-03-20,0,0
"Senegal","SEN",2022,3,12,2022-03-21,2022-03-27,0,0
"Senegal","SEN",2022,3,13,2022-03-28,2022-04-03,0,0
"Senegal","SEN",2022,4,14,2022-04-04,2022-04-10,0,0
"Senegal","SEN",2022,4,15,2022-04-11,2022-04-17,0,0
"Senegal","SEN",2022,4,16,2022-04-18,2022-04-24,0,0
"Senegal","SEN",2022,4,17,2022-04-25,2022-05-01,0,0
"Senegal","SEN",2022,5,18,2022-05-02,2022-05-08,0,0
"Senegal","SEN",2022,5,19,2022-05-09,2022-05-15,0,0
"Senegal","SEN",2022,5,20,2022-05-16,2022-05-22,0,0
"Senegal","SEN",2022,5,21,2022-05-23,2022-05-29,0,0
"Senegal","SEN",2022,5,22,2022-05-30,2022-06-05,0,0
"Senegal","SEN",2022,6,23,2022-06-06,2022-06-12,0,0
"Senegal","SEN",2022,6,24,2022-06-13,2022-06-19,0,0
"Senegal","SEN",2022,6,25,2022-06-20,2022-06-26,0,0
"Senegal","SEN",2022,6,26,2022-06-27,2022-07-03,0,0
"Senegal","SEN",2022,7,27,2022-07-04,2022-07-10,0,0
"Senegal","SEN",2022,7,28,2022-07-11,2022-07-17,0,0
"Senegal","SEN",2022,7,29,2022-07-18,2022-07-24,0,0
"Senegal","SEN",2022,7,30,2022-07-25,2022-07-31,0,0
"Senegal","SEN",2022,8,31,2022-08-01,2022-08-07,0,0
"Senegal","SEN",2022,8,32,2022-08-08,2022-08-14,0,0
"Senegal","SEN",2022,8,33,2022-08-15,2022-08-21,0,0
"Senegal","SEN",2022,8,34,2022-08-22,2022-08-28,0,0
"Senegal","SEN",2022,8,35,2022-08-29,2022-09-04,0,0
"Senegal","SEN",2022,9,36,2022-09-05,2022-09-11,0,0
"Senegal","SEN",2022,9,37,2022-09-12,2022-09-18,0,0
"Senegal","SEN",2022,9,38,2022-09-19,2022-09-25,0,0
"Senegal","SEN",2022,9,39,2022-09-26,2022-10-02,0,0
"Senegal","SEN",2022,10,40,2022-10-03,2022-10-09,0,0
"Senegal","SEN",2022,10,41,2022-10-10,2022-10-16,0,0
"Senegal","SEN",2022,10,42,2022-10-17,2022-10-23,0,0
"Senegal","SEN",2022,10,43,2022-10-24,2022-10-30,0,0
"Senegal","SEN",2022,10,44,2022-10-31,2022-11-06,0,0
"Senegal","SEN",2022,11,45,2022-11-07,2022-11-13,0,0
"Senegal","SEN",2022,11,46,2022-11-14,2022-11-20,0,0
"Senegal","SEN",2022,11,47,2022-11-21,2022-11-27,0,0
"Senegal","SEN",2022,11,48,2022-11-28,2022-12-04,0,0
"Senegal","SEN",2022,12,49,2022-12-05,2022-12-11,0,0
"Senegal","SEN",2022,12,50,2022-12-12,2022-12-18,0,0
"Senegal","SEN",2022,12,51,2022-12-19,2022-12-25,0,0
"Senegal","SEN",2022,12,52,2022-12-26,2023-01-01,0,0
"Senegal","SEN",2023,1,1,2023-01-02,2023-01-08,0,0
"Senegal","SEN",2023,1,2,2023-01-09,2023-01-15,0,0
"Senegal","SEN",2023,1,3,2023-01-16,2023-01-22,0,0
"Senegal","SEN",2023,1,4,2023-01-23,2023-01-29,0,0
"Senegal","SEN",2023,1,5,2023-01-30,2023-02-05,0,0
"Senegal","SEN",2023,2,6,2023-02-06,2023-02-12,0,0
"Senegal","SEN",2023,2,7,2023-02-13,2023-02-19,0,0
"Senegal","SEN",2023,2,8,2023-02-20,2023-02-26,0,0
"Senegal","SEN",2023,2,9,2023-02-27,2023-03-05,0,0
"Senegal","SEN",2023,3,10,2023-03-06,2023-03-12,0,0
"Senegal","SEN",2023,3,11,2023-03-13,2023-03-19,0,0
"Senegal","SEN",2023,3,12,2023-03-20,2023-03-26,0,0
"Senegal","SEN",2023,3,13,2023-03-27,2023-04-02,0,0
"Senegal","SEN",2023,4,14,2023-04-03,2023-04-09,0,0
"Senegal","SEN",2023,4,15,2023-04-10,2023-04-16,0,0
"Senegal","SEN",2023,4,16,2023-04-17,2023-04-23,0,0
"Senegal","SEN",2023,4,17,2023-04-24,2023-04-30,0,0
"Senegal","SEN",2023,5,18,2023-05-01,2023-05-07,0,0
"Senegal","SEN",2023,5,19,2023-05-08,2023-05-14,0,0
"Senegal","SEN",2023,5,20,2023-05-15,2023-05-21,0,0
"Senegal","SEN",2023,5,21,2023-05-22,2023-05-28,0,0
"Senegal","SEN",2023,5,22,2023-05-29,2023-06-04,0,0
"Senegal","SEN",2023,6,23,2023-06-05,2023-06-11,0,0
"Senegal","SEN",2023,6,24,2023-06-12,2023-06-18,0,0
"Senegal","SEN",2023,6,25,2023-06-19,2023-06-25,0,0
"Senegal","SEN",2023,6,26,2023-06-26,2023-07-02,0,0
"Senegal","SEN",2023,7,27,2023-07-03,2023-07-09,0,0
"Senegal","SEN",2023,7,28,2023-07-10,2023-07-16,0,0
"Senegal","SEN",2023,7,29,2023-07-17,2023-07-23,0,0
"Senegal","SEN",2023,7,30,2023-07-24,2023-07-30,0,0
"Senegal","SEN",2023,7,31,2023-07-31,2023-08-06,0,0
"Senegal","SEN",2023,8,32,2023-08-07,2023-08-13,0,0
"Senegal","SEN",2023,8,33,2023-08-14,2023-08-20,0,0
"Senegal","SEN",2023,8,34,2023-08-21,2023-08-27,0,0
"Senegal","SEN",2023,8,35,2023-08-28,2023-09-03,0,0
"Senegal","SEN",2023,9,36,2023-09-04,2023-09-10,0,0
"Senegal","SEN",2023,9,37,2023-09-11,2023-09-17,0,0
"Senegal","SEN",2023,9,38,2023-09-18,2023-09-24,0,0
"Senegal","SEN",2023,9,39,2023-09-25,2023-10-01,0,0
"Senegal","SEN",2023,10,40,2023-10-02,2023-10-08,0,0
"Senegal","SEN",2023,10,41,2023-10-09,2023-10-15,0,0
"Senegal","SEN",2023,10,42,2023-10-16,2023-10-22,0,0
"Senegal","SEN",2023,10,43,2023-10-23,2023-10-29,0,0
"Senegal","SEN",2023,10,44,2023-10-30,2023-11-05,0,0
"Senegal","SEN",2023,11,45,2023-11-06,2023-11-12,0,0
"Senegal","SEN",2023,11,46,2023-11-13,2023-11-19,0,0
"Sierra Leone","SLE",2011,11,45,2011-11-07,2011-11-13,0,0
"Sierra Leone","SLE",2011,11,46,2011-11-14,2011-11-20,0,0
"Sierra Leone","SLE",2011,11,47,2011-11-21,2011-11-27,0,0
"Sierra Leone","SLE",2011,11,48,2011-11-28,2011-12-04,0,0
"Sierra Leone","SLE",2011,12,49,2011-12-05,2011-12-11,0,0
"Sierra Leone","SLE",2011,12,50,2011-12-12,2011-12-18,0,0
"Sierra Leone","SLE",2011,12,51,2011-12-19,2011-12-25,0,0
"Sierra Leone","SLE",2011,12,52,2011-12-26,2012-01-01,0,0
"Sierra Leone","SLE",2012,1,1,2012-01-02,2012-01-08,233,0
"Sierra Leone","SLE",2012,1,2,2012-01-09,2012-01-15,188,0
"Sierra Leone","SLE",2012,1,3,2012-01-16,2012-01-22,210,0
"Sierra Leone","SLE",2012,1,4,2012-01-23,2012-01-29,210,0
"Sierra Leone","SLE",2012,1,5,2012-01-30,2012-02-05,143,0
"Sierra Leone","SLE",2012,2,6,2012-02-06,2012-02-12,143,0
"Sierra Leone","SLE",2012,2,7,2012-02-13,2012-02-19,218,0
"Sierra Leone","SLE",2012,2,8,2012-02-20,2012-02-26,458,0
"Sierra Leone","SLE",2012,2,9,2012-02-27,2012-03-04,278,0
"Sierra Leone","SLE",2012,3,10,2012-03-05,2012-03-11,195,0
"Sierra Leone","SLE",2012,3,11,2012-03-12,2012-03-18,98,0
"Sierra Leone","SLE",2012,3,12,2012-03-19,2012-03-25,68,0
"Sierra Leone","SLE",2012,3,13,2012-03-26,2012-04-01,30,0
"Sierra Leone","SLE",2012,4,14,2012-04-02,2012-04-08,60,0
"Sierra Leone","SLE",2012,4,15,2012-04-09,2012-04-15,68,0
"Sierra Leone","SLE",2012,4,16,2012-04-16,2012-04-22,38,0
"Sierra Leone","SLE",2012,4,17,2012-04-23,2012-04-29,30,0
"Sierra Leone","SLE",2012,4,18,2012-04-30,2012-05-06,38,0
"Sierra Leone","SLE",2012,5,19,2012-05-07,2012-05-13,105,0
"Sierra Leone","SLE",2012,5,20,2012-05-14,2012-05-20,105,0
"Sierra Leone","SLE",2012,5,21,2012-05-21,2012-05-27,8,0
"Sierra Leone","SLE",2012,5,22,2012-05-28,2012-06-03,45,0
"Sierra Leone","SLE",2012,6,23,2012-06-04,2012-06-10,68,0
"Sierra Leone","SLE",2012,6,24,2012-06-11,2012-06-17,23,0
"Sierra Leone","SLE",2012,6,25,2012-06-18,2012-06-24,105,0
"Sierra Leone","SLE",2012,6,26,2012-06-25,2012-07-01,90,0
"Sierra Leone","SLE",2012,7,27,2012-07-02,2012-07-08,68,0
"Sierra Leone","SLE",2012,7,28,2012-07-09,2012-07-15,300,0
"Sierra Leone","SLE",2012,7,29,2012-07-16,2012-07-22,841,0
"Sierra Leone","SLE",2012,7,30,2012-07-23,2012-07-29,1336,0
"Sierra Leone","SLE",2012,7,31,2012-07-30,2012-08-05,1712,0
"Sierra Leone","SLE",2012,8,32,2012-08-06,2012-08-12,2132,0
"Sierra Leone","SLE",2012,8,33,2012-08-13,2012-08-19,2027,0
"Sierra Leone","SLE",2012,8,34,2012-08-20,2012-08-26,2117,0
"Sierra Leone","SLE",2012,8,35,2012-08-27,2012-09-02,1817,0
"Sierra Leone","SLE",2012,9,36,2012-09-03,2012-09-09,1299,0
"Sierra Leone","SLE",2012,9,37,2012-09-10,2012-09-16,1366,0
"Sierra Leone","SLE",2012,9,38,2012-09-17,2012-09-23,1051,0
"Sierra Leone","SLE",2012,9,39,2012-09-24,2012-09-30,788,0
"Sierra Leone","SLE",2012,10,40,2012-10-01,2012-10-07,571,0
"Sierra Leone","SLE",2012,10,41,2012-10-08,2012-10-14,345,0
"Sierra Leone","SLE",2012,10,42,2012-10-15,2012-10-21,293,0
"Sierra Leone","SLE",2012,10,43,2012-10-22,2012-10-28,68,0
"Sierra Leone","SLE",2012,10,44,2012-10-29,2012-11-04,0,0
"Sierra Leone","SLE",2012,11,45,2012-11-05,2012-11-11,0,0
"Sierra Leone","SLE",2012,11,46,2012-11-12,2012-11-18,0,0
"Sierra Leone","SLE",2012,11,47,2012-11-19,2012-11-25,0,0
"Sierra Leone","SLE",2012,11,48,2012-11-26,2012-12-02,0,0
"Sierra Leone","SLE",2012,12,49,2012-12-03,2012-12-09,0,0
"Sierra Leone","SLE",2012,12,50,2012-12-10,2012-12-16,0,0
"Sierra Leone","SLE",2012,12,51,2012-12-17,2012-12-23,0,0
"Sierra Leone","SLE",2012,12,52,2012-12-24,2012-12-30,0,0
"Sierra Leone","SLE",2013,12,1,2012-12-31,2013-01-06,0,0
"Sierra Leone","SLE",2013,1,2,2013-01-07,2013-01-13,0,0
"Sierra Leone","SLE",2013,1,3,2013-01-14,2013-01-20,0,0
"Sierra Leone","SLE",2013,1,4,2013-01-21,2013-01-27,0,0
"Sierra Leone","SLE",2013,1,5,2013-01-28,2013-02-03,0,0
"Sierra Leone","SLE",2013,2,6,2013-02-04,2013-02-10,0,0
"Sierra Leone","SLE",2013,2,7,2013-02-11,2013-02-17,0,0
"Sierra Leone","SLE",2013,2,8,2013-02-18,2013-02-24,0,0
"Sierra Leone","SLE",2013,2,9,2013-02-25,2013-03-03,0,0
"Sierra Leone","SLE",2013,3,10,2013-03-04,2013-03-10,0,0
"Sierra Leone","SLE",2013,3,11,2013-03-11,2013-03-17,0,0
"Sierra Leone","SLE",2013,3,12,2013-03-18,2013-03-24,0,0
"Sierra Leone","SLE",2013,3,13,2013-03-25,2013-03-31,0,0
"Sierra Leone","SLE",2013,4,14,2013-04-01,2013-04-07,0,0
"Sierra Leone","SLE",2013,4,15,2013-04-08,2013-04-14,0,0
"Sierra Leone","SLE",2013,4,16,2013-04-15,2013-04-21,0,0
"Sierra Leone","SLE",2013,4,17,2013-04-22,2013-04-28,0,0
"Sierra Leone","SLE",2013,4,18,2013-04-29,2013-05-05,0,0
"Sierra Leone","SLE",2013,5,19,2013-05-06,2013-05-12,0,0
"Sierra Leone","SLE",2013,5,20,2013-05-13,2013-05-19,0,0
"Sierra Leone","SLE",2013,5,21,2013-05-20,2013-05-26,0,0
"Sierra Leone","SLE",2013,5,22,2013-05-27,2013-06-02,0,0
"Sierra Leone","SLE",2013,6,23,2013-06-03,2013-06-09,0,0
"Sierra Leone","SLE",2013,6,24,2013-06-10,2013-06-16,0,0
"Sierra Leone","SLE",2013,6,25,2013-06-17,2013-06-23,0,0
"Sierra Leone","SLE",2013,6,26,2013-06-24,2013-06-30,0,0
"Sierra Leone","SLE",2013,7,27,2013-07-01,2013-07-07,0,0
"Sierra Leone","SLE",2013,7,28,2013-07-08,2013-07-14,0,0
"Sierra Leone","SLE",2013,7,29,2013-07-15,2013-07-21,0,0
"Sierra Leone","SLE",2013,7,30,2013-07-22,2013-07-28,0,0
"Sierra Leone","SLE",2013,7,31,2013-07-29,2013-08-04,0,0
"Sierra Leone","SLE",2013,8,32,2013-08-05,2013-08-11,0,0
"Sierra Leone","SLE",2013,8,33,2013-08-12,2013-08-18,0,0
"Sierra Leone","SLE",2013,8,34,2013-08-19,2013-08-25,0,0
"Sierra Leone","SLE",2013,8,35,2013-08-26,2013-09-01,0,0
"Sierra Leone","SLE",2013,9,36,2013-09-02,2013-09-08,0,0
"Sierra Leone","SLE",2013,9,37,2013-09-09,2013-09-15,0,0
"Sierra Leone","SLE",2013,9,38,2013-09-16,2013-09-22,0,0
"Sierra Leone","SLE",2013,9,39,2013-09-23,2013-09-29,0,0
"Sierra Leone","SLE",2013,9,40,2013-09-30,2013-10-06,0,0
"Sierra Leone","SLE",2013,10,41,2013-10-07,2013-10-13,0,0
"Sierra Leone","SLE",2013,10,42,2013-10-14,2013-10-20,0,0
"Sierra Leone","SLE",2013,10,43,2013-10-21,2013-10-27,0,0
"Sierra Leone","SLE",2013,10,44,2013-10-28,2013-11-03,0,0
"Sierra Leone","SLE",2013,11,45,2013-11-04,2013-11-10,0,0
"Sierra Leone","SLE",2013,11,46,2013-11-11,2013-11-17,0,0
"Sierra Leone","SLE",2013,11,47,2013-11-18,2013-11-24,0,0
"Sierra Leone","SLE",2013,11,48,2013-11-25,2013-12-01,0,0
"Sierra Leone","SLE",2013,12,49,2013-12-02,2013-12-08,0,0
"Sierra Leone","SLE",2013,12,50,2013-12-09,2013-12-15,0,0
"Sierra Leone","SLE",2013,12,51,2013-12-16,2013-12-22,0,0
"Sierra Leone","SLE",2013,12,52,2013-12-23,2013-12-29,0,0
"Sierra Leone","SLE",2014,12,1,2013-12-30,2014-01-05,0,0
"Sierra Leone","SLE",2014,1,2,2014-01-06,2014-01-12,0,0
"Sierra Leone","SLE",2014,1,3,2014-01-13,2014-01-19,0,0
"Sierra Leone","SLE",2014,1,4,2014-01-20,2014-01-26,0,0
"Sierra Leone","SLE",2014,1,5,2014-01-27,2014-02-02,0,0
"Sierra Leone","SLE",2014,2,6,2014-02-03,2014-02-09,0,0
"Sierra Leone","SLE",2014,2,7,2014-02-10,2014-02-16,0,0
"Sierra Leone","SLE",2014,2,8,2014-02-17,2014-02-23,0,0
"Sierra Leone","SLE",2014,2,9,2014-02-24,2014-03-02,0,0
"Sierra Leone","SLE",2014,3,10,2014-03-03,2014-03-09,0,0
"Sierra Leone","SLE",2014,3,11,2014-03-10,2014-03-16,0,0
"Sierra Leone","SLE",2014,3,12,2014-03-17,2014-03-23,0,0
"Sierra Leone","SLE",2014,3,13,2014-03-24,2014-03-30,0,0
"Sierra Leone","SLE",2014,3,14,2014-03-31,2014-04-06,0,0
"Sierra Leone","SLE",2014,4,15,2014-04-07,2014-04-13,0,0
"Sierra Leone","SLE",2014,4,16,2014-04-14,2014-04-20,0,0
"Sierra Leone","SLE",2014,4,17,2014-04-21,2014-04-27,0,0
"Sierra Leone","SLE",2014,4,18,2014-04-28,2014-05-04,0,0
"Sierra Leone","SLE",2014,5,19,2014-05-05,2014-05-11,0,0
"Sierra Leone","SLE",2014,5,20,2014-05-12,2014-05-18,0,0
"Sierra Leone","SLE",2014,5,21,2014-05-19,2014-05-25,0,0
"Sierra Leone","SLE",2014,5,22,2014-05-26,2014-06-01,0,0
"Sierra Leone","SLE",2014,6,23,2014-06-02,2014-06-08,0,0
"Sierra Leone","SLE",2014,6,24,2014-06-09,2014-06-15,0,0
"Sierra Leone","SLE",2014,6,25,2014-06-16,2014-06-22,0,0
"Sierra Leone","SLE",2014,6,26,2014-06-23,2014-06-29,0,0
"Sierra Leone","SLE",2014,6,27,2014-06-30,2014-07-06,0,0
"Sierra Leone","SLE",2014,7,28,2014-07-07,2014-07-13,0,0
"Sierra Leone","SLE",2014,7,29,2014-07-14,2014-07-20,0,0
"Sierra Leone","SLE",2014,7,30,2014-07-21,2014-07-27,0,0
"Sierra Leone","SLE",2014,7,31,2014-07-28,2014-08-03,0,0
"Sierra Leone","SLE",2014,8,32,2014-08-04,2014-08-10,0,0
"Sierra Leone","SLE",2014,8,33,2014-08-11,2014-08-17,0,0
"Sierra Leone","SLE",2014,8,34,2014-08-18,2014-08-24,0,0
"Sierra Leone","SLE",2014,8,35,2014-08-25,2014-08-31,0,0
"Sierra Leone","SLE",2014,9,36,2014-09-01,2014-09-07,0,0
"Sierra Leone","SLE",2014,9,37,2014-09-08,2014-09-14,0,0
"Sierra Leone","SLE",2014,9,38,2014-09-15,2014-09-21,0,0
"Sierra Leone","SLE",2014,9,39,2014-09-22,2014-09-28,0,0
"Sierra Leone","SLE",2014,9,40,2014-09-29,2014-10-05,0,0
"Sierra Leone","SLE",2014,10,41,2014-10-06,2014-10-12,0,0
"Sierra Leone","SLE",2014,10,42,2014-10-13,2014-10-19,0,0
"Sierra Leone","SLE",2014,10,43,2014-10-20,2014-10-26,0,0
"Sierra Leone","SLE",2014,10,44,2014-10-27,2014-11-02,0,0
"Sierra Leone","SLE",2014,11,45,2014-11-03,2014-11-09,0,0
"Sierra Leone","SLE",2014,11,46,2014-11-10,2014-11-16,0,0
"Sierra Leone","SLE",2014,11,47,2014-11-17,2014-11-23,0,0
"Sierra Leone","SLE",2014,11,48,2014-11-24,2014-11-30,0,0
"Sierra Leone","SLE",2014,12,49,2014-12-01,2014-12-07,0,0
"Sierra Leone","SLE",2014,12,50,2014-12-08,2014-12-14,0,0
"Sierra Leone","SLE",2014,12,51,2014-12-15,2014-12-21,0,0
"Sierra Leone","SLE",2014,12,52,2014-12-22,2014-12-28,0,0
"Sierra Leone","SLE",2015,12,1,2014-12-29,2015-01-04,0,0
"Sierra Leone","SLE",2015,1,2,2015-01-05,2015-01-11,0,0
"Sierra Leone","SLE",2015,1,3,2015-01-12,2015-01-18,0,0
"Sierra Leone","SLE",2015,1,4,2015-01-19,2015-01-25,0,0
"Sierra Leone","SLE",2015,1,5,2015-01-26,2015-02-01,0,0
"Sierra Leone","SLE",2015,2,6,2015-02-02,2015-02-08,0,0
"Sierra Leone","SLE",2015,2,7,2015-02-09,2015-02-15,0,0
"Sierra Leone","SLE",2015,2,8,2015-02-16,2015-02-22,0,0
"Sierra Leone","SLE",2015,2,9,2015-02-23,2015-03-01,0,0
"Sierra Leone","SLE",2015,3,10,2015-03-02,2015-03-08,0,0
"Sierra Leone","SLE",2015,3,11,2015-03-09,2015-03-15,0,0
"Sierra Leone","SLE",2015,3,12,2015-03-16,2015-03-22,0,0
"Sierra Leone","SLE",2015,3,13,2015-03-23,2015-03-29,0,0
"Sierra Leone","SLE",2015,3,14,2015-03-30,2015-04-05,0,0
"Sierra Leone","SLE",2015,4,15,2015-04-06,2015-04-12,0,0
"Sierra Leone","SLE",2015,4,16,2015-04-13,2015-04-19,0,0
"Sierra Leone","SLE",2015,4,17,2015-04-20,2015-04-26,0,0
"Sierra Leone","SLE",2015,4,18,2015-04-27,2015-05-03,0,0
"Sierra Leone","SLE",2015,5,19,2015-05-04,2015-05-10,0,0
"Sierra Leone","SLE",2015,5,20,2015-05-11,2015-05-17,0,0
"Sierra Leone","SLE",2015,5,21,2015-05-18,2015-05-24,0,0
"Sierra Leone","SLE",2015,5,22,2015-05-25,2015-05-31,0,0
"Sierra Leone","SLE",2015,6,23,2015-06-01,2015-06-07,0,0
"Sierra Leone","SLE",2015,6,24,2015-06-08,2015-06-14,0,0
"Sierra Leone","SLE",2015,6,25,2015-06-15,2015-06-21,0,0
"Sierra Leone","SLE",2015,6,26,2015-06-22,2015-06-28,0,0
"Sierra Leone","SLE",2015,6,27,2015-06-29,2015-07-05,0,0
"Sierra Leone","SLE",2015,7,28,2015-07-06,2015-07-12,0,0
"Sierra Leone","SLE",2015,7,29,2015-07-13,2015-07-19,0,0
"Sierra Leone","SLE",2015,7,30,2015-07-20,2015-07-26,0,0
"Sierra Leone","SLE",2015,7,31,2015-07-27,2015-08-02,0,0
"Sierra Leone","SLE",2015,8,32,2015-08-03,2015-08-09,0,0
"Sierra Leone","SLE",2015,8,33,2015-08-10,2015-08-16,0,0
"Sierra Leone","SLE",2015,8,34,2015-08-17,2015-08-23,0,0
"Sierra Leone","SLE",2015,8,35,2015-08-24,2015-08-30,0,0
"Sierra Leone","SLE",2015,8,36,2015-08-31,2015-09-06,0,0
"Sierra Leone","SLE",2015,9,37,2015-09-07,2015-09-13,0,0
"Sierra Leone","SLE",2015,9,38,2015-09-14,2015-09-20,0,0
"Sierra Leone","SLE",2015,9,39,2015-09-21,2015-09-27,0,0
"Sierra Leone","SLE",2015,9,40,2015-09-28,2015-10-04,0,0
"Sierra Leone","SLE",2015,10,41,2015-10-05,2015-10-11,0,0
"Sierra Leone","SLE",2015,10,42,2015-10-12,2015-10-18,0,0
"Sierra Leone","SLE",2015,10,43,2015-10-19,2015-10-25,0,0
"Sierra Leone","SLE",2015,10,44,2015-10-26,2015-11-01,0,0
"Sierra Leone","SLE",2015,11,45,2015-11-02,2015-11-08,0,0
"Sierra Leone","SLE",2015,11,46,2015-11-09,2015-11-15,0,0
"Sierra Leone","SLE",2015,11,47,2015-11-16,2015-11-22,0,0
"Sierra Leone","SLE",2015,11,48,2015-11-23,2015-11-29,0,0
"Sierra Leone","SLE",2015,11,49,2015-11-30,2015-12-06,0,0
"Sierra Leone","SLE",2015,12,50,2015-12-07,2015-12-13,0,0
"Sierra Leone","SLE",2015,12,51,2015-12-14,2015-12-20,0,0
"Sierra Leone","SLE",2015,12,52,2015-12-21,2015-12-27,0,0
"Sierra Leone","SLE",2015,12,53,2015-12-28,2016-01-03,0,0
"Sierra Leone","SLE",2016,1,1,2016-01-04,2016-01-10,0,0
"Sierra Leone","SLE",2016,1,2,2016-01-11,2016-01-17,0,0
"Sierra Leone","SLE",2016,1,3,2016-01-18,2016-01-24,0,0
"Sierra Leone","SLE",2016,1,4,2016-01-25,2016-01-31,0,0
"Sierra Leone","SLE",2016,2,5,2016-02-01,2016-02-07,0,0
"Sierra Leone","SLE",2016,2,6,2016-02-08,2016-02-14,0,0
"Sierra Leone","SLE",2016,2,7,2016-02-15,2016-02-21,0,0
"Sierra Leone","SLE",2016,2,8,2016-02-22,2016-02-28,0,0
"Sierra Leone","SLE",2016,2,9,2016-02-29,2016-03-06,0,0
"Sierra Leone","SLE",2016,3,10,2016-03-07,2016-03-13,0,0
"Sierra Leone","SLE",2016,3,11,2016-03-14,2016-03-20,0,0
"Sierra Leone","SLE",2016,3,12,2016-03-21,2016-03-27,0,0
"Sierra Leone","SLE",2016,3,13,2016-03-28,2016-04-03,0,0
"Sierra Leone","SLE",2016,4,14,2016-04-04,2016-04-10,0,0
"Sierra Leone","SLE",2016,4,15,2016-04-11,2016-04-17,0,0
"Sierra Leone","SLE",2016,4,16,2016-04-18,2016-04-24,0,0
"Sierra Leone","SLE",2016,4,17,2016-04-25,2016-05-01,0,0
"Sierra Leone","SLE",2016,5,18,2016-05-02,2016-05-08,0,0
"Sierra Leone","SLE",2016,5,19,2016-05-09,2016-05-15,0,0
"Sierra Leone","SLE",2016,5,20,2016-05-16,2016-05-22,0,0
"Sierra Leone","SLE",2016,5,21,2016-05-23,2016-05-29,0,0
"Sierra Leone","SLE",2016,5,22,2016-05-30,2016-06-05,0,0
"Sierra Leone","SLE",2016,6,23,2016-06-06,2016-06-12,0,0
"Sierra Leone","SLE",2016,6,24,2016-06-13,2016-06-19,0,0
"Sierra Leone","SLE",2016,6,25,2016-06-20,2016-06-26,0,0
"Sierra Leone","SLE",2016,6,26,2016-06-27,2016-07-03,0,0
"Sierra Leone","SLE",2016,7,27,2016-07-04,2016-07-10,0,0
"Sierra Leone","SLE",2016,7,28,2016-07-11,2016-07-17,0,0
"Sierra Leone","SLE",2016,7,29,2016-07-18,2016-07-24,0,0
"Sierra Leone","SLE",2016,7,30,2016-07-25,2016-07-31,0,0
"Sierra Leone","SLE",2016,8,31,2016-08-01,2016-08-07,0,0
"Sierra Leone","SLE",2016,8,32,2016-08-08,2016-08-14,0,0
"Sierra Leone","SLE",2016,8,33,2016-08-15,2016-08-21,0,0
"Sierra Leone","SLE",2016,8,34,2016-08-22,2016-08-28,0,0
"Sierra Leone","SLE",2016,8,35,2016-08-29,2016-09-04,0,0
"Sierra Leone","SLE",2016,9,36,2016-09-05,2016-09-11,0,0
"Sierra Leone","SLE",2016,9,37,2016-09-12,2016-09-18,0,0
"Sierra Leone","SLE",2016,9,38,2016-09-19,2016-09-25,0,0
"Sierra Leone","SLE",2016,9,39,2016-09-26,2016-10-02,0,0
"Sierra Leone","SLE",2016,10,40,2016-10-03,2016-10-09,0,0
"Sierra Leone","SLE",2016,10,41,2016-10-10,2016-10-16,0,0
"Sierra Leone","SLE",2016,10,42,2016-10-17,2016-10-23,0,0
"Sierra Leone","SLE",2016,10,43,2016-10-24,2016-10-30,0,0
"Sierra Leone","SLE",2016,10,44,2016-10-31,2016-11-06,0,0
"Sierra Leone","SLE",2016,11,45,2016-11-07,2016-11-13,0,0
"Sierra Leone","SLE",2016,11,46,2016-11-14,2016-11-20,0,0
"Sierra Leone","SLE",2016,11,47,2016-11-21,2016-11-27,0,0
"Sierra Leone","SLE",2016,11,48,2016-11-28,2016-12-04,0,0
"Sierra Leone","SLE",2016,12,49,2016-12-05,2016-12-11,0,0
"Sierra Leone","SLE",2016,12,50,2016-12-12,2016-12-18,0,0
"Sierra Leone","SLE",2016,12,51,2016-12-19,2016-12-25,0,0
"Sierra Leone","SLE",2016,12,52,2016-12-26,2017-01-01,0,0
"Sierra Leone","SLE",2017,1,1,2017-01-02,2017-01-08,0,0
"Sierra Leone","SLE",2017,1,2,2017-01-09,2017-01-15,0,0
"Sierra Leone","SLE",2017,1,3,2017-01-16,2017-01-22,0,0
"Sierra Leone","SLE",2017,1,4,2017-01-23,2017-01-29,0,0
"Sierra Leone","SLE",2017,1,5,2017-01-30,2017-02-05,0,0
"Sierra Leone","SLE",2017,2,6,2017-02-06,2017-02-12,0,0
"Sierra Leone","SLE",2017,2,7,2017-02-13,2017-02-19,0,0
"Sierra Leone","SLE",2017,2,8,2017-02-20,2017-02-26,0,0
"Sierra Leone","SLE",2017,2,9,2017-02-27,2017-03-05,0,0
"Sierra Leone","SLE",2017,3,10,2017-03-06,2017-03-12,0,0
"Sierra Leone","SLE",2017,3,11,2017-03-13,2017-03-19,0,0
"Sierra Leone","SLE",2017,3,12,2017-03-20,2017-03-26,0,0
"Sierra Leone","SLE",2017,3,13,2017-03-27,2017-04-02,0,0
"Sierra Leone","SLE",2017,4,14,2017-04-03,2017-04-09,0,0
"Sierra Leone","SLE",2017,4,15,2017-04-10,2017-04-16,0,0
"Sierra Leone","SLE",2017,4,16,2017-04-17,2017-04-23,0,0
"Sierra Leone","SLE",2017,4,17,2017-04-24,2017-04-30,0,0
"Sierra Leone","SLE",2017,5,18,2017-05-01,2017-05-07,0,0
"Sierra Leone","SLE",2017,5,19,2017-05-08,2017-05-14,0,0
"Sierra Leone","SLE",2017,5,20,2017-05-15,2017-05-21,0,0
"Sierra Leone","SLE",2017,5,21,2017-05-22,2017-05-28,0,0
"Sierra Leone","SLE",2017,5,22,2017-05-29,2017-06-04,0,0
"Sierra Leone","SLE",2017,6,23,2017-06-05,2017-06-11,0,0
"Sierra Leone","SLE",2017,6,24,2017-06-12,2017-06-18,0,0
"Sierra Leone","SLE",2017,6,25,2017-06-19,2017-06-25,0,0
"Sierra Leone","SLE",2017,6,26,2017-06-26,2017-07-02,0,0
"Sierra Leone","SLE",2017,7,27,2017-07-03,2017-07-09,0,0
"Sierra Leone","SLE",2017,7,28,2017-07-10,2017-07-16,0,0
"Sierra Leone","SLE",2017,7,29,2017-07-17,2017-07-23,0,0
"Sierra Leone","SLE",2017,7,30,2017-07-24,2017-07-30,0,0
"Sierra Leone","SLE",2017,7,31,2017-07-31,2017-08-06,0,0
"Sierra Leone","SLE",2017,8,32,2017-08-07,2017-08-13,0,0
"Sierra Leone","SLE",2017,8,33,2017-08-14,2017-08-20,0,0
"Sierra Leone","SLE",2017,8,34,2017-08-21,2017-08-27,0,0
"Sierra Leone","SLE",2017,8,35,2017-08-28,2017-09-03,0,0
"Sierra Leone","SLE",2017,9,36,2017-09-04,2017-09-10,0,0
"Sierra Leone","SLE",2017,9,37,2017-09-11,2017-09-17,0,0
"Sierra Leone","SLE",2017,9,38,2017-09-18,2017-09-24,0,0
"Sierra Leone","SLE",2017,9,39,2017-09-25,2017-10-01,0,0
"Sierra Leone","SLE",2017,10,40,2017-10-02,2017-10-08,0,0
"Sierra Leone","SLE",2017,10,41,2017-10-09,2017-10-15,0,0
"Sierra Leone","SLE",2017,10,42,2017-10-16,2017-10-22,0,0
"Sierra Leone","SLE",2017,10,43,2017-10-23,2017-10-29,0,0
"Sierra Leone","SLE",2017,10,44,2017-10-30,2017-11-05,0,0
"Sierra Leone","SLE",2017,11,45,2017-11-06,2017-11-12,0,0
"Sierra Leone","SLE",2017,11,46,2017-11-13,2017-11-19,0,0
"Sierra Leone","SLE",2017,11,47,2017-11-20,2017-11-26,0,0
"Sierra Leone","SLE",2017,11,48,2017-11-27,2017-12-03,0,0
"Sierra Leone","SLE",2017,12,49,2017-12-04,2017-12-10,0,0
"Sierra Leone","SLE",2017,12,50,2017-12-11,2017-12-17,0,0
"Sierra Leone","SLE",2017,12,51,2017-12-18,2017-12-24,0,0
"Sierra Leone","SLE",2017,12,52,2017-12-25,2017-12-31,0,0
"Sierra Leone","SLE",2018,1,1,2018-01-01,2018-01-07,5,0
"Sierra Leone","SLE",2018,1,2,2018-01-08,2018-01-14,11,0
"Sierra Leone","SLE",2018,1,3,2018-01-15,2018-01-21,2,0
"Sierra Leone","SLE",2018,1,4,2018-01-22,2018-01-28,0,0
"Sierra Leone","SLE",2018,1,5,2018-01-29,2018-02-04,1,0
"Sierra Leone","SLE",2018,2,6,2018-02-05,2018-02-11,13,0
"Sierra Leone","SLE",2018,2,7,2018-02-12,2018-02-18,0,0
"Sierra Leone","SLE",2018,2,8,2018-02-19,2018-02-25,0,0
"Sierra Leone","SLE",2018,2,9,2018-02-26,2018-03-04,0,0
"Sierra Leone","SLE",2018,3,10,2018-03-05,2018-03-11,0,0
"Sierra Leone","SLE",2018,3,11,2018-03-12,2018-03-18,0,0
"Sierra Leone","SLE",2018,3,12,2018-03-19,2018-03-25,0,0
"Sierra Leone","SLE",2018,3,13,2018-03-26,2018-04-01,0,0
"Sierra Leone","SLE",2018,4,14,2018-04-02,2018-04-08,0,0
"Sierra Leone","SLE",2018,4,15,2018-04-09,2018-04-15,0,0
"Sierra Leone","SLE",2018,4,16,2018-04-16,2018-04-22,0,0
"Sierra Leone","SLE",2018,4,17,2018-04-23,2018-04-29,0,0
"Sierra Leone","SLE",2018,4,18,2018-04-30,2018-05-06,0,0
"Sierra Leone","SLE",2018,5,19,2018-05-07,2018-05-13,4,0
"Sierra Leone","SLE",2018,5,20,2018-05-14,2018-05-20,0,0
"Sierra Leone","SLE",2018,5,21,2018-05-21,2018-05-27,0,0
"Sierra Leone","SLE",2018,5,22,2018-05-28,2018-06-03,0,0
"Sierra Leone","SLE",2018,6,23,2018-06-04,2018-06-10,0,0
"Sierra Leone","SLE",2018,6,24,2018-06-11,2018-06-17,1,0
"Sierra Leone","SLE",2018,6,25,2018-06-18,2018-06-24,0,0
"Sierra Leone","SLE",2018,6,26,2018-06-25,2018-07-01,0,0
"Sierra Leone","SLE",2018,7,27,2018-07-02,2018-07-08,0,0
"Sierra Leone","SLE",2018,7,28,2018-07-09,2018-07-15,0,0
"Sierra Leone","SLE",2018,7,29,2018-07-16,2018-07-22,0,0
"Sierra Leone","SLE",2018,7,30,2018-07-23,2018-07-29,0,0
"Sierra Leone","SLE",2018,7,31,2018-07-30,2018-08-05,0,0
"Sierra Leone","SLE",2018,8,32,2018-08-06,2018-08-12,0,0
"Sierra Leone","SLE",2018,8,33,2018-08-13,2018-08-19,0,0
"Sierra Leone","SLE",2018,8,34,2018-08-20,2018-08-26,0,0
"Sierra Leone","SLE",2018,8,35,2018-08-27,2018-09-02,0,0
"Sierra Leone","SLE",2018,9,36,2018-09-03,2018-09-09,0,0
"Sierra Leone","SLE",2018,9,37,2018-09-10,2018-09-16,0,0
"Sierra Leone","SLE",2018,9,38,2018-09-17,2018-09-23,0,0
"Sierra Leone","SLE",2018,9,39,2018-09-24,2018-09-30,0,0
"Sierra Leone","SLE",2018,10,40,2018-10-01,2018-10-07,0,0
"Sierra Leone","SLE",2018,10,41,2018-10-08,2018-10-14,0,0
"Sierra Leone","SLE",2018,10,42,2018-10-15,2018-10-21,0,0
"Sierra Leone","SLE",2018,10,43,2018-10-22,2018-10-28,0,0
"Sierra Leone","SLE",2018,10,44,2018-10-29,2018-11-04,0,0
"Sierra Leone","SLE",2018,11,45,2018-11-05,2018-11-11,0,0
"Sierra Leone","SLE",2018,11,46,2018-11-12,2018-11-18,0,0
"Sierra Leone","SLE",2018,11,47,2018-11-19,2018-11-25,0,0
"Sierra Leone","SLE",2018,11,48,2018-11-26,2018-12-02,0,0
"Sierra Leone","SLE",2018,12,49,2018-12-03,2018-12-09,0,0
"Sierra Leone","SLE",2018,12,50,2018-12-10,2018-12-16,0,0
"Sierra Leone","SLE",2018,12,51,2018-12-17,2018-12-23,0,0
"Sierra Leone","SLE",2018,12,52,2018-12-24,2018-12-30,0,0
"Sierra Leone","SLE",2019,12,1,2018-12-31,2019-01-06,0,0
"Sierra Leone","SLE",2019,1,2,2019-01-07,2019-01-13,0,0
"Sierra Leone","SLE",2019,1,3,2019-01-14,2019-01-20,0,0
"Sierra Leone","SLE",2019,1,4,2019-01-21,2019-01-27,0,0
"Sierra Leone","SLE",2019,1,5,2019-01-28,2019-02-03,0,0
"Sierra Leone","SLE",2019,2,6,2019-02-04,2019-02-10,0,0
"Sierra Leone","SLE",2019,2,7,2019-02-11,2019-02-17,0,0
"Sierra Leone","SLE",2019,2,8,2019-02-18,2019-02-24,0,0
"Sierra Leone","SLE",2019,2,9,2019-02-25,2019-03-03,0,0
"Sierra Leone","SLE",2019,3,10,2019-03-04,2019-03-10,0,0
"Sierra Leone","SLE",2019,3,11,2019-03-11,2019-03-17,0,0
"Sierra Leone","SLE",2019,3,12,2019-03-18,2019-03-24,0,0
"Sierra Leone","SLE",2019,3,13,2019-03-25,2019-03-31,0,0
"Sierra Leone","SLE",2019,4,14,2019-04-01,2019-04-07,0,0
"Sierra Leone","SLE",2019,4,15,2019-04-08,2019-04-14,0,0
"Sierra Leone","SLE",2019,4,16,2019-04-15,2019-04-21,0,0
"Sierra Leone","SLE",2019,4,17,2019-04-22,2019-04-28,0,0
"Sierra Leone","SLE",2019,4,18,2019-04-29,2019-05-05,0,0
"South Sudan","SSD",2016,4,15,2016-04-11,2016-04-17,0,0
"South Sudan","SSD",2016,4,16,2016-04-18,2016-04-24,0,0
"South Sudan","SSD",2016,4,17,2016-04-25,2016-05-01,0,0
"South Sudan","SSD",2016,5,18,2016-05-02,2016-05-08,0,0
"South Sudan","SSD",2016,5,19,2016-05-09,2016-05-15,0,0
"South Sudan","SSD",2016,5,20,2016-05-16,2016-05-22,0,0
"South Sudan","SSD",2016,5,21,2016-05-23,2016-05-29,0,0
"South Sudan","SSD",2016,5,22,2016-05-30,2016-06-05,0,0
"South Sudan","SSD",2016,6,23,2016-06-06,2016-06-12,4.33333333333333,4.66666666666667
"South Sudan","SSD",2016,6,24,2016-06-13,2016-06-19,0,3.25
"South Sudan","SSD",2016,6,25,2016-06-20,2016-06-26,4.33333333333333,13.6666666666667
"South Sudan","SSD",2016,6,26,2016-06-27,2016-07-03,17,24.25
"South Sudan","SSD",2016,7,27,2016-07-04,2016-07-10,67.25,68
"South Sudan","SSD",2016,7,28,2016-07-11,2016-07-17,121.75,100
"South Sudan","SSD",2016,7,29,2016-07-18,2016-07-24,218.5,94
"South Sudan","SSD",2016,7,30,2016-07-25,2016-07-31,296.75,129.25
"South Sudan","SSD",2016,8,31,2016-08-01,2016-08-07,257,145.25
"South Sudan","SSD",2016,8,32,2016-08-08,2016-08-14,224.75,126
"South Sudan","SSD",2016,8,33,2016-08-15,2016-08-21,196.25,126.75
"South Sudan","SSD",2016,8,34,2016-08-22,2016-08-28,183.75,94
"South Sudan","SSD",2016,8,35,2016-08-29,2016-09-04,189.75,117.75
"South Sudan","SSD",2016,9,36,2016-09-05,2016-09-11,165,103.5
"South Sudan","SSD",2016,9,37,2016-09-12,2016-09-18,204.5,78.75
"South Sudan","SSD",2016,9,38,2016-09-19,2016-09-25,140.5,80.25
"South Sudan","SSD",2016,9,39,2016-09-26,2016-10-02,102.5,87.25
"South Sudan","SSD",2016,10,40,2016-10-03,2016-10-09,79.25,72.75
"South Sudan","SSD",2016,10,41,2016-10-10,2016-10-16,142,54
"South Sudan","SSD",2016,10,42,2016-10-17,2016-10-23,129.5,89.75
"South Sudan","SSD",2016,10,43,2016-10-24,2016-10-30,129.75,70.25
"South Sudan","SSD",2016,10,44,2016-10-31,2016-11-06,144.25,75.25
"South Sudan","SSD",2016,11,45,2016-11-07,2016-11-13,109.5,99.75
"South Sudan","SSD",2016,11,46,2016-11-14,2016-11-20,154.75,74
"South Sudan","SSD",2016,11,47,2016-11-21,2016-11-27,160,91.25
"South Sudan","SSD",2016,11,48,2016-11-28,2016-12-04,154.25,94
"South Sudan","SSD",2016,12,49,2016-12-05,2016-12-11,151,86.25
"South Sudan","SSD",2016,12,50,2016-12-12,2016-12-18,161,86.75
"South Sudan","SSD",2016,12,51,2016-12-19,2016-12-25,133.75,94.75
"South Sudan","SSD",2016,12,52,2016-12-26,2017-01-01,1119.2,84
"South Sudan","SSD",2017,1,1,2017-01-02,2017-01-08,170.75,76
"South Sudan","SSD",2017,1,2,2017-01-09,2017-01-15,80.5,77.5
"South Sudan","SSD",2017,1,3,2017-01-16,2017-01-22,86.75,88.5
"South Sudan","SSD",2017,1,4,2017-01-23,2017-01-29,87.25,93.75
"South Sudan","SSD",2017,1,5,2017-01-30,2017-02-05,164.75,62.5
"South Sudan","SSD",2017,2,6,2017-02-06,2017-02-12,225,107.5
"South Sudan","SSD",2017,2,7,2017-02-13,2017-02-19,142.5,98.75
"South Sudan","SSD",2017,2,8,2017-02-20,2017-02-26,140.75,60.75
"South Sudan","SSD",2017,2,9,2017-02-27,2017-03-05,128,69.75
"South Sudan","SSD",2017,3,10,2017-03-06,2017-03-12,97.5,42
"South Sudan","SSD",2017,3,11,2017-03-13,2017-03-19,56.8333333333333,149.75
"South Sudan","SSD",2017,3,12,2017-03-20,2017-03-26,69.5,79
"South Sudan","SSD",2017,3,13,2017-03-27,2017-04-02,314.75,202.5
"South Sudan","SSD",2017,4,14,2017-04-03,2017-04-09,240.75,562.75
"South Sudan","SSD",2017,4,15,2017-04-10,2017-04-16,349.8,383
"South Sudan","SSD",2017,4,16,2017-04-17,2017-04-23,1106.25,291.5
"South Sudan","SSD",2017,4,17,2017-04-24,2017-04-30,1099,610
"South Sudan","SSD",2017,5,18,2017-05-01,2017-05-07,579.4,655.5
"South Sudan","SSD",2017,5,19,2017-05-08,2017-05-14,492.5,507
"South Sudan","SSD",2017,5,20,2017-05-15,2017-05-21,651.25,353.75
"South Sudan","SSD",2017,5,21,2017-05-22,2017-05-28,1220,827
"South Sudan","SSD",2017,5,22,2017-05-29,2017-06-04,879.666666666667,633.333333333333
"South Sudan","SSD",2017,6,23,2017-06-05,2017-06-11,1159,335.75
"South Sudan","SSD",2017,6,24,2017-06-12,2017-06-18,888.5,539.75
"South Sudan","SSD",2017,6,25,2017-06-19,2017-06-25,683.333333333333,408.666666666667
"South Sudan","SSD",2017,6,26,2017-06-26,2017-07-02,422.4,205.8
"South Sudan","SSD",2017,7,27,2017-07-03,2017-07-09,356.2,170.4
"South Sudan","SSD",2017,7,28,2017-07-10,2017-07-16,325.75,165.5
"South Sudan","SSD",2017,7,29,2017-07-17,2017-07-23,267.666666666667,184.333333333333
"South Sudan","SSD",2017,7,30,2017-07-24,2017-07-30,193,97.25
"South Sudan","SSD",2017,7,31,2017-07-31,2017-08-06,154,98
"South Sudan","SSD",2017,8,32,2017-08-07,2017-08-13,89,93.25
"South Sudan","SSD",2017,8,33,2017-08-14,2017-08-20,86.6,51.4
"South Sudan","SSD",2017,8,34,2017-08-21,2017-08-27,103.5,37
"South Sudan","SSD",2017,8,35,2017-08-28,2017-09-03,94.8,64.5
"South Sudan","SSD",2017,9,36,2017-09-04,2017-09-10,62.5,60.75
"South Sudan","SSD",2017,9,37,2017-09-11,2017-09-17,69.3333333333333,65.6666666666667
"South Sudan","SSD",2017,9,38,2017-09-18,2017-09-24,57,58
"South Sudan","SSD",2017,9,39,2017-09-25,2017-10-01,64.6,27
"South Sudan","SSD",2017,10,40,2017-10-02,2017-10-08,46.6666666666667,26
"South Sudan","SSD",2017,10,41,2017-10-09,2017-10-15,46,44
"South Sudan","SSD",2017,10,42,2017-10-16,2017-10-22,41,18
"South Sudan","SSD",2017,10,43,2017-10-23,2017-10-29,38.25,15
"South Sudan","SSD",2017,10,44,2017-10-30,2017-11-05,26,21.75
"South Sudan","SSD",2017,11,45,2017-11-06,2017-11-12,47.6666666666667,9
"South Sudan","SSD",2017,11,46,2017-11-13,2017-11-19,29,15.3333333333333
"South Sudan","SSD",2017,11,47,2017-11-20,2017-11-26,20.3333333333333,12
"South Sudan","SSD",2017,11,48,2017-11-27,2017-12-03,13.5,13.5
"South Sudan","SSD",2017,12,49,2017-12-04,2017-12-10,0,0
"South Sudan","SSD",2017,12,50,2017-12-11,2017-12-17,0,0
"South Sudan","SSD",2017,12,51,2017-12-18,2017-12-24,0,0
"South Sudan","SSD",2017,12,52,2017-12-25,2017-12-31,0,0
"South Sudan","SSD",2018,1,1,2018-01-01,2018-01-07,0,0
"South Sudan","SSD",2018,1,2,2018-01-08,2018-01-14,0,0
"South Sudan","SSD",2018,1,3,2018-01-15,2018-01-21,0,0
"South Sudan","SSD",2018,1,4,2018-01-22,2018-01-28,0,0
"South Sudan","SSD",2018,1,5,2018-01-29,2018-02-04,0,0
"South Sudan","SSD",2018,2,6,2018-02-05,2018-02-11,0,0
"South Sudan","SSD",2018,2,7,2018-02-12,2018-02-18,0,0
"South Sudan","SSD",2018,2,8,2018-02-19,2018-02-25,0,0
"South Sudan","SSD",2018,2,9,2018-02-26,2018-03-04,0,0
"South Sudan","SSD",2018,3,10,2018-03-05,2018-03-11,0,0
"South Sudan","SSD",2018,3,11,2018-03-12,2018-03-18,0,0
"South Sudan","SSD",2018,3,12,2018-03-19,2018-03-25,0,0
"South Sudan","SSD",2018,3,13,2018-03-26,2018-04-01,0,0
"South Sudan","SSD",2018,4,14,2018-04-02,2018-04-08,0,0
"South Sudan","SSD",2018,4,15,2018-04-09,2018-04-15,0,0
"South Sudan","SSD",2018,4,16,2018-04-16,2018-04-22,0,0
"South Sudan","SSD",2018,4,17,2018-04-23,2018-04-29,0,0
"South Sudan","SSD",2018,4,18,2018-04-30,2018-05-06,0,0
"South Sudan","SSD",2018,5,19,2018-05-07,2018-05-13,0,0
"South Sudan","SSD",2018,5,20,2018-05-14,2018-05-20,0,0
"South Sudan","SSD",2018,5,21,2018-05-21,2018-05-27,0,0
"South Sudan","SSD",2018,5,22,2018-05-28,2018-06-03,0,0
"South Sudan","SSD",2018,6,23,2018-06-04,2018-06-10,0,0
"South Sudan","SSD",2018,6,24,2018-06-11,2018-06-17,0,0
"South Sudan","SSD",2018,6,25,2018-06-18,2018-06-24,0,0
"South Sudan","SSD",2018,6,26,2018-06-25,2018-07-01,0,0
"South Sudan","SSD",2018,7,27,2018-07-02,2018-07-08,0,0
"South Sudan","SSD",2018,7,28,2018-07-09,2018-07-15,0,0
"South Sudan","SSD",2018,7,29,2018-07-16,2018-07-22,0,0
"South Sudan","SSD",2018,7,30,2018-07-23,2018-07-29,0,0
"South Sudan","SSD",2018,7,31,2018-07-30,2018-08-05,0,0
"South Sudan","SSD",2018,8,32,2018-08-06,2018-08-12,0,0
"South Sudan","SSD",2018,8,33,2018-08-13,2018-08-19,0,0
"South Sudan","SSD",2018,8,34,2018-08-20,2018-08-26,0,0
"South Sudan","SSD",2018,8,35,2018-08-27,2018-09-02,0,0
"South Sudan","SSD",2018,9,36,2018-09-03,2018-09-09,0,0
"South Sudan","SSD",2018,9,37,2018-09-10,2018-09-16,0,0
"South Sudan","SSD",2018,9,38,2018-09-17,2018-09-23,0,0
"South Sudan","SSD",2018,9,39,2018-09-24,2018-09-30,0,0
"South Sudan","SSD",2018,10,40,2018-10-01,2018-10-07,0,0
"South Sudan","SSD",2018,10,41,2018-10-08,2018-10-14,0,0
"South Sudan","SSD",2018,10,42,2018-10-15,2018-10-21,0,0
"South Sudan","SSD",2018,10,43,2018-10-22,2018-10-28,0,0
"South Sudan","SSD",2018,10,44,2018-10-29,2018-11-04,0,0
"South Sudan","SSD",2018,11,45,2018-11-05,2018-11-11,0,0
"South Sudan","SSD",2018,11,46,2018-11-12,2018-11-18,0,0
"South Sudan","SSD",2018,11,47,2018-11-19,2018-11-25,0,0
"South Sudan","SSD",2018,11,48,2018-11-26,2018-12-02,0,0
"South Sudan","SSD",2018,12,49,2018-12-03,2018-12-09,0,0
"South Sudan","SSD",2018,12,50,2018-12-10,2018-12-16,0,0
"South Sudan","SSD",2018,12,51,2018-12-17,2018-12-23,0,0
"South Sudan","SSD",2018,12,52,2018-12-24,2018-12-30,0,0
"South Sudan","SSD",2019,12,1,2018-12-31,2019-01-06,0,0
"South Sudan","SSD",2019,1,2,2019-01-07,2019-01-13,0,0
"South Sudan","SSD",2019,1,3,2019-01-14,2019-01-20,0,0
"South Sudan","SSD",2019,1,4,2019-01-21,2019-01-27,0,0
"South Sudan","SSD",2019,1,5,2019-01-28,2019-02-03,0,0
"South Sudan","SSD",2019,2,6,2019-02-04,2019-02-10,0,0
"South Sudan","SSD",2019,2,7,2019-02-11,2019-02-17,0,0
"South Sudan","SSD",2019,2,8,2019-02-18,2019-02-24,0,0
"South Sudan","SSD",2019,2,9,2019-02-25,2019-03-03,0,0
"South Sudan","SSD",2019,3,10,2019-03-04,2019-03-10,0,0
"South Sudan","SSD",2019,3,11,2019-03-11,2019-03-17,0,0
"South Sudan","SSD",2019,3,12,2019-03-18,2019-03-24,0,0
"South Sudan","SSD",2019,3,13,2019-03-25,2019-03-31,0,0
"South Sudan","SSD",2019,4,14,2019-04-01,2019-04-07,0,0
"South Sudan","SSD",2019,4,15,2019-04-08,2019-04-14,0,0
"South Sudan","SSD",2019,4,16,2019-04-15,2019-04-21,0,0
"South Sudan","SSD",2019,4,17,2019-04-22,2019-04-28,0,0
"South Sudan","SSD",2019,4,18,2019-04-29,2019-05-05,0,0
"South Sudan","SSD",2019,5,19,2019-05-06,2019-05-12,0,0
"South Sudan","SSD",2019,5,20,2019-05-13,2019-05-19,0,0
"South Sudan","SSD",2019,5,21,2019-05-20,2019-05-26,0,0
"South Sudan","SSD",2019,5,22,2019-05-27,2019-06-02,0,0
"South Sudan","SSD",2019,6,23,2019-06-03,2019-06-09,0,0
"South Sudan","SSD",2019,6,24,2019-06-10,2019-06-16,0,0
"South Sudan","SSD",2019,6,25,2019-06-17,2019-06-23,0,0
"South Sudan","SSD",2019,6,26,2019-06-24,2019-06-30,0,0
"South Sudan","SSD",2019,7,27,2019-07-01,2019-07-07,0,0
"South Sudan","SSD",2019,7,28,2019-07-08,2019-07-14,0,0
"South Sudan","SSD",2019,7,29,2019-07-15,2019-07-21,0,0
"South Sudan","SSD",2019,7,30,2019-07-22,2019-07-28,0,0
"South Sudan","SSD",2019,7,31,2019-07-29,2019-08-04,0,0
"South Sudan","SSD",2019,8,32,2019-08-05,2019-08-11,0,0
"South Sudan","SSD",2019,8,33,2019-08-12,2019-08-18,0,0
"South Sudan","SSD",2019,8,34,2019-08-19,2019-08-25,0,0
"South Sudan","SSD",2019,8,35,2019-08-26,2019-09-01,0,0
"South Sudan","SSD",2019,9,36,2019-09-02,2019-09-08,0,0
"South Sudan","SSD",2019,9,37,2019-09-09,2019-09-15,0,0
"South Sudan","SSD",2019,9,38,2019-09-16,2019-09-22,0,0
"South Sudan","SSD",2019,9,39,2019-09-23,2019-09-29,0,0
"South Sudan","SSD",2019,9,40,2019-09-30,2019-10-06,0,0
"South Sudan","SSD",2019,10,41,2019-10-07,2019-10-13,0,0
"South Sudan","SSD",2019,10,42,2019-10-14,2019-10-20,0,0
"South Sudan","SSD",2019,10,43,2019-10-21,2019-10-27,0,0
"South Sudan","SSD",2019,10,44,2019-10-28,2019-11-03,0,0
"South Sudan","SSD",2019,11,45,2019-11-04,2019-11-10,0,0
"South Sudan","SSD",2019,11,46,2019-11-11,2019-11-17,0,0
"South Sudan","SSD",2019,11,47,2019-11-18,2019-11-24,0,0
"South Sudan","SSD",2019,11,48,2019-11-25,2019-12-01,0,0
"South Sudan","SSD",2019,12,49,2019-12-02,2019-12-08,0,0
"South Sudan","SSD",2019,12,50,2019-12-09,2019-12-15,0,0
"South Sudan","SSD",2019,12,51,2019-12-16,2019-12-22,0,0
"South Sudan","SSD",2019,12,52,2019-12-23,2019-12-29,0,0
"South Sudan","SSD",2020,12,1,2019-12-30,2020-01-05,0,0
"South Sudan","SSD",2020,1,2,2020-01-06,2020-01-12,0,0
"South Sudan","SSD",2020,1,3,2020-01-13,2020-01-19,0,0
"South Sudan","SSD",2020,1,4,2020-01-20,2020-01-26,0,0
"South Sudan","SSD",2020,1,5,2020-01-27,2020-02-02,0,0
"South Sudan","SSD",2020,2,6,2020-02-03,2020-02-09,0,0
"South Sudan","SSD",2020,2,7,2020-02-10,2020-02-16,0,0
"South Sudan","SSD",2020,2,8,2020-02-17,2020-02-23,0,0
"South Sudan","SSD",2020,2,9,2020-02-24,2020-03-01,0,0
"South Sudan","SSD",2020,3,10,2020-03-02,2020-03-08,0,0
"South Sudan","SSD",2020,3,11,2020-03-09,2020-03-15,0,0
"South Sudan","SSD",2020,3,12,2020-03-16,2020-03-22,0,0
"South Sudan","SSD",2020,3,13,2020-03-23,2020-03-29,0,0
"South Sudan","SSD",2020,3,14,2020-03-30,2020-04-05,0,0
"South Sudan","SSD",2020,4,15,2020-04-06,2020-04-12,0,0
"South Sudan","SSD",2020,4,16,2020-04-13,2020-04-19,0,0
"South Sudan","SSD",2020,4,17,2020-04-20,2020-04-26,0,0
"South Sudan","SSD",2020,4,18,2020-04-27,2020-05-03,0,0
"South Sudan","SSD",2020,5,19,2020-05-04,2020-05-10,0,0
"South Sudan","SSD",2020,5,20,2020-05-11,2020-05-17,0,0
"South Sudan","SSD",2020,5,21,2020-05-18,2020-05-24,0,0
"South Sudan","SSD",2020,5,22,2020-05-25,2020-05-31,0,0
"South Sudan","SSD",2020,6,23,2020-06-01,2020-06-07,0,0
"South Sudan","SSD",2020,6,24,2020-06-08,2020-06-14,0,0
"South Sudan","SSD",2020,6,25,2020-06-15,2020-06-21,0,0
"South Sudan","SSD",2020,6,26,2020-06-22,2020-06-28,0,0
"South Sudan","SSD",2020,6,27,2020-06-29,2020-07-05,0,0
"South Sudan","SSD",2020,7,28,2020-07-06,2020-07-12,0,0
"South Sudan","SSD",2020,7,29,2020-07-13,2020-07-19,0,0
"South Sudan","SSD",2020,7,30,2020-07-20,2020-07-26,0,0
"South Sudan","SSD",2020,7,31,2020-07-27,2020-08-02,0,0
"South Sudan","SSD",2020,8,32,2020-08-03,2020-08-09,0,0
"South Sudan","SSD",2020,8,33,2020-08-10,2020-08-16,0,0
"South Sudan","SSD",2020,8,34,2020-08-17,2020-08-23,0,0
"South Sudan","SSD",2020,8,35,2020-08-24,2020-08-30,0,0
"South Sudan","SSD",2020,8,36,2020-08-31,2020-09-06,0,0
"South Sudan","SSD",2020,9,37,2020-09-07,2020-09-13,0,0
"South Sudan","SSD",2020,9,38,2020-09-14,2020-09-20,0,0
"South Sudan","SSD",2020,9,39,2020-09-21,2020-09-27,0,0
"South Sudan","SSD",2020,9,40,2020-09-28,2020-10-04,0,0
"South Sudan","SSD",2020,10,41,2020-10-05,2020-10-11,0,0
"South Sudan","SSD",2020,10,42,2020-10-12,2020-10-18,0,0
"South Sudan","SSD",2020,10,43,2020-10-19,2020-10-25,0,0
"South Sudan","SSD",2020,10,44,2020-10-26,2020-11-01,0,0
"South Sudan","SSD",2020,11,45,2020-11-02,2020-11-08,0,0
"South Sudan","SSD",2020,11,46,2020-11-09,2020-11-15,0,0
"South Sudan","SSD",2020,11,47,2020-11-16,2020-11-22,0,0
"South Sudan","SSD",2020,11,48,2020-11-23,2020-11-29,0,0
"South Sudan","SSD",2020,11,49,2020-11-30,2020-12-06,0,0
"South Sudan","SSD",2020,12,50,2020-12-07,2020-12-13,0,0
"South Sudan","SSD",2020,12,51,2020-12-14,2020-12-20,0,0
"South Sudan","SSD",2020,12,52,2020-12-21,2020-12-27,0,0
"South Sudan","SSD",2020,12,53,2020-12-28,2021-01-03,0,0
"South Sudan","SSD",2021,1,1,2021-01-04,2021-01-10,0,0
"South Sudan","SSD",2021,1,2,2021-01-11,2021-01-17,0,0
"South Sudan","SSD",2021,1,3,2021-01-18,2021-01-24,0,0
"South Sudan","SSD",2021,1,4,2021-01-25,2021-01-31,0,0
"South Sudan","SSD",2021,2,5,2021-02-01,2021-02-07,0,0
"South Sudan","SSD",2021,2,6,2021-02-08,2021-02-14,0,0
"South Sudan","SSD",2021,2,7,2021-02-15,2021-02-21,0,0
"South Sudan","SSD",2021,2,8,2021-02-22,2021-02-28,0,0
"South Sudan","SSD",2021,3,9,2021-03-01,2021-03-07,0,0
"South Sudan","SSD",2021,3,10,2021-03-08,2021-03-14,0,0
"South Sudan","SSD",2021,3,11,2021-03-15,2021-03-21,0,0
"South Sudan","SSD",2021,3,12,2021-03-22,2021-03-28,0,0
"South Sudan","SSD",2021,3,13,2021-03-29,2021-04-04,0,0
"South Sudan","SSD",2021,4,14,2021-04-05,2021-04-11,0,0
"South Sudan","SSD",2021,4,15,2021-04-12,2021-04-18,0,0
"South Sudan","SSD",2021,4,16,2021-04-19,2021-04-25,0,0
"South Sudan","SSD",2021,4,17,2021-04-26,2021-05-02,0,0
"South Sudan","SSD",2021,5,18,2021-05-03,2021-05-09,0,0
"South Sudan","SSD",2021,5,19,2021-05-10,2021-05-16,0,0
"South Sudan","SSD",2021,5,20,2021-05-17,2021-05-23,0,0
"South Sudan","SSD",2021,5,21,2021-05-24,2021-05-30,0,0
"South Sudan","SSD",2021,5,22,2021-05-31,2021-06-06,0,0
"South Sudan","SSD",2021,6,23,2021-06-07,2021-06-13,0,0
"South Sudan","SSD",2021,6,24,2021-06-14,2021-06-20,0,0
"South Sudan","SSD",2021,6,25,2021-06-21,2021-06-27,0,0
"South Sudan","SSD",2021,6,26,2021-06-28,2021-07-04,0,0
"South Sudan","SSD",2021,7,27,2021-07-05,2021-07-11,0,0
"South Sudan","SSD",2021,7,28,2021-07-12,2021-07-18,0,0
"South Sudan","SSD",2021,7,29,2021-07-19,2021-07-25,0,0
"South Sudan","SSD",2021,7,30,2021-07-26,2021-08-01,0,0
"South Sudan","SSD",2021,8,31,2021-08-02,2021-08-08,0,0
"South Sudan","SSD",2021,8,32,2021-08-09,2021-08-15,0,0
"South Sudan","SSD",2021,8,33,2021-08-16,2021-08-22,0,0
"South Sudan","SSD",2021,8,34,2021-08-23,2021-08-29,0,0
"South Sudan","SSD",2021,8,35,2021-08-30,2021-09-05,0,0
"South Sudan","SSD",2021,9,36,2021-09-06,2021-09-12,0,0
"South Sudan","SSD",2021,9,37,2021-09-13,2021-09-19,0,0
"South Sudan","SSD",2021,9,38,2021-09-20,2021-09-26,0,0
"South Sudan","SSD",2021,9,39,2021-09-27,2021-10-03,0,0
"South Sudan","SSD",2021,10,40,2021-10-04,2021-10-10,0,0
"South Sudan","SSD",2021,10,41,2021-10-11,2021-10-17,0,0
"South Sudan","SSD",2021,10,42,2021-10-18,2021-10-24,0,0
"South Sudan","SSD",2021,10,43,2021-10-25,2021-10-31,0,0
"South Sudan","SSD",2021,11,44,2021-11-01,2021-11-07,0,0
"South Sudan","SSD",2021,11,45,2021-11-08,2021-11-14,0,0
"South Sudan","SSD",2021,11,46,2021-11-15,2021-11-21,0,0
"South Sudan","SSD",2021,11,47,2021-11-22,2021-11-28,0,0
"South Sudan","SSD",2021,11,48,2021-11-29,2021-12-05,0,0
"South Sudan","SSD",2021,12,49,2021-12-06,2021-12-12,0,0
"South Sudan","SSD",2021,12,50,2021-12-13,2021-12-19,0,0
"South Sudan","SSD",2021,12,51,2021-12-20,2021-12-26,0,0
"South Sudan","SSD",2021,12,52,2021-12-27,2022-01-02,0,0
"South Sudan","SSD",2022,1,1,2022-01-03,2022-01-09,0,0
"South Sudan","SSD",2022,1,2,2022-01-10,2022-01-16,0,0
"South Sudan","SSD",2022,1,3,2022-01-17,2022-01-23,0,0
"South Sudan","SSD",2022,1,4,2022-01-24,2022-01-30,0,0
"South Sudan","SSD",2022,1,5,2022-01-31,2022-02-06,0,0
"South Sudan","SSD",2022,2,6,2022-02-07,2022-02-13,0,0
"South Sudan","SSD",2022,2,7,2022-02-14,2022-02-20,0,0
"South Sudan","SSD",2022,2,8,2022-02-21,2022-02-27,0,0
"South Sudan","SSD",2022,2,9,2022-02-28,2022-03-06,0,0
"South Sudan","SSD",2022,3,10,2022-03-07,2022-03-13,0,0
"South Sudan","SSD",2022,3,11,2022-03-14,2022-03-20,2,0
"South Sudan","SSD",2022,3,12,2022-03-21,2022-03-27,5,1
"South Sudan","SSD",2022,3,13,2022-03-28,2022-04-03,3,0
"South Sudan","SSD",2022,4,14,2022-04-04,2022-04-10,0,0
"South Sudan","SSD",2022,4,15,2022-04-11,2022-04-17,3,0
"South Sudan","SSD",2022,4,16,2022-04-18,2022-04-24,17,0
"South Sudan","SSD",2022,4,17,2022-04-25,2022-05-01,17,0
"South Sudan","SSD",2022,5,18,2022-05-02,2022-05-08,16,0
"South Sudan","SSD",2022,5,19,2022-05-09,2022-05-15,37,0
"South Sudan","SSD",2022,5,20,2022-05-16,2022-05-22,12,0
"South Sudan","SSD",2022,5,21,2022-05-23,2022-05-29,32,0
"South Sudan","SSD",2022,5,22,2022-05-30,2022-06-05,16,0
"South Sudan","SSD",2022,6,23,2022-06-06,2022-06-12,37,0
"South Sudan","SSD",2022,6,24,2022-06-13,2022-06-19,33,0
"South Sudan","SSD",2022,6,25,2022-06-20,2022-06-26,23,0
"South Sudan","SSD",2022,6,26,2022-06-27,2022-07-03,18,0
"South Sudan","SSD",2022,7,27,2022-07-04,2022-07-10,14,0
"South Sudan","SSD",2022,7,28,2022-07-11,2022-07-17,24,0
"South Sudan","SSD",2022,7,29,2022-07-18,2022-07-24,7,0
"South Sudan","SSD",2022,7,30,2022-07-25,2022-07-31,9,0
"South Sudan","SSD",2022,8,31,2022-08-01,2022-08-07,3,0
"South Sudan","SSD",2022,8,32,2022-08-08,2022-08-14,0,0
"South Sudan","SSD",2022,8,33,2022-08-15,2022-08-21,0,0
"South Sudan","SSD",2022,8,34,2022-08-22,2022-08-28,2,0
"South Sudan","SSD",2022,8,35,2022-08-29,2022-09-04,1,0
"South Sudan","SSD",2022,9,36,2022-09-05,2022-09-11,27,0
"South Sudan","SSD",2022,9,37,2022-09-12,2022-09-18,4,1
"South Sudan","SSD",2022,9,38,2022-09-19,2022-09-25,28,0
"South Sudan","SSD",2022,9,39,2022-09-26,2022-10-02,20,0
"South Sudan","SSD",2022,10,40,2022-10-03,2022-10-09,9,0
"South Sudan","SSD",2022,10,41,2022-10-10,2022-10-16,5,0
"South Sudan","SSD",2022,10,42,2022-10-17,2022-10-23,0,0
"South Sudan","SSD",2022,10,43,2022-10-24,2022-10-30,0,0
"South Sudan","SSD",2022,10,44,2022-10-31,2022-11-06,0,0
"South Sudan","SSD",2022,11,45,2022-11-07,2022-11-13,0,0
"South Sudan","SSD",2022,11,46,2022-11-14,2022-11-20,0,0
"South Sudan","SSD",2022,11,47,2022-11-21,2022-11-27,0,0
"South Sudan","SSD",2022,11,48,2022-11-28,2022-12-04,0,0
"South Sudan","SSD",2022,12,49,2022-12-05,2022-12-11,0,0
"South Sudan","SSD",2022,12,50,2022-12-12,2022-12-18,0,0
"South Sudan","SSD",2022,12,51,2022-12-19,2022-12-25,0,0
"Chad","TCD",2013,11,45,2013-11-04,2013-11-10,0,0
"Chad","TCD",2013,11,46,2013-11-11,2013-11-17,0,0
"Chad","TCD",2013,11,47,2013-11-18,2013-11-24,0,0
"Chad","TCD",2013,11,48,2013-11-25,2013-12-01,0,0
"Chad","TCD",2013,12,49,2013-12-02,2013-12-08,0,0
"Chad","TCD",2013,12,50,2013-12-09,2013-12-15,0,0
"Chad","TCD",2013,12,51,2013-12-16,2013-12-22,0,0
"Chad","TCD",2013,12,52,2013-12-23,2013-12-29,0,0
"Chad","TCD",2014,12,1,2013-12-30,2014-01-05,0,0
"Chad","TCD",2014,1,2,2014-01-06,2014-01-12,0,0
"Chad","TCD",2014,1,3,2014-01-13,2014-01-19,0,0
"Chad","TCD",2014,1,4,2014-01-20,2014-01-26,0,0
"Chad","TCD",2014,1,5,2014-01-27,2014-02-02,0,0
"Chad","TCD",2014,2,6,2014-02-03,2014-02-09,0,0
"Chad","TCD",2014,2,7,2014-02-10,2014-02-16,0,0
"Chad","TCD",2014,2,8,2014-02-17,2014-02-23,0,0
"Chad","TCD",2014,2,9,2014-02-24,2014-03-02,0,0
"Chad","TCD",2014,3,10,2014-03-03,2014-03-09,0,0
"Chad","TCD",2014,3,11,2014-03-10,2014-03-16,0,0
"Chad","TCD",2014,3,12,2014-03-17,2014-03-23,0,0
"Chad","TCD",2014,3,13,2014-03-24,2014-03-30,0,0
"Chad","TCD",2014,3,14,2014-03-31,2014-04-06,0,0
"Chad","TCD",2014,4,15,2014-04-07,2014-04-13,0,0
"Chad","TCD",2014,4,16,2014-04-14,2014-04-20,0,0
"Chad","TCD",2014,4,17,2014-04-21,2014-04-27,0,0
"Chad","TCD",2014,4,18,2014-04-28,2014-05-04,0,0
"Chad","TCD",2014,5,19,2014-05-05,2014-05-11,0,0
"Chad","TCD",2014,5,20,2014-05-12,2014-05-18,0,0
"Chad","TCD",2014,5,21,2014-05-19,2014-05-25,0,0
"Chad","TCD",2014,5,22,2014-05-26,2014-06-01,0,0
"Chad","TCD",2014,6,23,2014-06-02,2014-06-08,0,0
"Chad","TCD",2014,6,24,2014-06-09,2014-06-15,0,0
"Chad","TCD",2014,6,25,2014-06-16,2014-06-22,0,0
"Chad","TCD",2014,6,26,2014-06-23,2014-06-29,0,0
"Chad","TCD",2014,6,27,2014-06-30,2014-07-06,0,0
"Chad","TCD",2014,7,28,2014-07-07,2014-07-13,0,0
"Chad","TCD",2014,7,29,2014-07-14,2014-07-20,0,0
"Chad","TCD",2014,7,30,2014-07-21,2014-07-27,0,0
"Chad","TCD",2014,7,31,2014-07-28,2014-08-03,0,0
"Chad","TCD",2014,8,32,2014-08-04,2014-08-10,2,0
"Chad","TCD",2014,8,33,2014-08-11,2014-08-17,2,0
"Chad","TCD",2014,8,34,2014-08-18,2014-08-24,21,0
"Chad","TCD",2014,8,35,2014-08-25,2014-08-31,3,0
"Chad","TCD",2014,9,36,2014-09-01,2014-09-07,0,0
"Chad","TCD",2014,9,37,2014-09-08,2014-09-14,0,0
"Chad","TCD",2014,9,38,2014-09-15,2014-09-21,0,0
"Chad","TCD",2014,9,39,2014-09-22,2014-09-28,7,0
"Chad","TCD",2014,9,40,2014-09-29,2014-10-05,61,0
"Chad","TCD",2014,10,41,2014-10-06,2014-10-12,19,0
"Chad","TCD",2014,10,42,2014-10-13,2014-10-19,20,0
"Chad","TCD",2014,10,43,2014-10-20,2014-10-26,3,0
"Chad","TCD",2014,10,44,2014-10-27,2014-11-02,5,0
"Chad","TCD",2014,11,45,2014-11-03,2014-11-09,7,0
"Chad","TCD",2014,11,46,2014-11-10,2014-11-16,2,0
"Chad","TCD",2014,11,47,2014-11-17,2014-11-23,0,0
"Chad","TCD",2014,11,48,2014-11-24,2014-11-30,0,0
"Chad","TCD",2014,12,49,2014-12-01,2014-12-07,1,0
"Chad","TCD",2014,12,50,2014-12-08,2014-12-14,0,0
"Chad","TCD",2014,12,51,2014-12-15,2014-12-21,0,0
"Chad","TCD",2014,12,52,2014-12-22,2014-12-28,0,0
"Chad","TCD",2015,12,1,2014-12-29,2015-01-04,0,0
"Chad","TCD",2015,1,2,2015-01-05,2015-01-11,0,0
"Chad","TCD",2015,1,3,2015-01-12,2015-01-18,0,0
"Chad","TCD",2015,1,4,2015-01-19,2015-01-25,0,0
"Chad","TCD",2015,1,5,2015-01-26,2015-02-01,0,0
"Chad","TCD",2015,2,6,2015-02-02,2015-02-08,0,0
"Chad","TCD",2015,2,7,2015-02-09,2015-02-15,0,0
"Chad","TCD",2015,2,8,2015-02-16,2015-02-22,0,0
"Chad","TCD",2015,2,9,2015-02-23,2015-03-01,0,0
"Chad","TCD",2015,3,10,2015-03-02,2015-03-08,0,0
"Chad","TCD",2015,3,11,2015-03-09,2015-03-15,0,0
"Chad","TCD",2015,3,12,2015-03-16,2015-03-22,0,0
"Chad","TCD",2015,3,13,2015-03-23,2015-03-29,0,0
"Chad","TCD",2015,3,14,2015-03-30,2015-04-05,0,0
"Chad","TCD",2015,4,15,2015-04-06,2015-04-12,0,0
"Chad","TCD",2015,4,16,2015-04-13,2015-04-19,0,0
"Chad","TCD",2015,4,17,2015-04-20,2015-04-26,0,0
"Chad","TCD",2015,4,18,2015-04-27,2015-05-03,0,0
"Chad","TCD",2015,5,19,2015-05-04,2015-05-10,0,0
"Chad","TCD",2015,5,20,2015-05-11,2015-05-17,0,0
"Chad","TCD",2015,5,21,2015-05-18,2015-05-24,0,0
"Chad","TCD",2015,5,22,2015-05-25,2015-05-31,0,0
"Chad","TCD",2015,6,23,2015-06-01,2015-06-07,0,0
"Chad","TCD",2015,6,24,2015-06-08,2015-06-14,0,0
"Chad","TCD",2015,6,25,2015-06-15,2015-06-21,0,0
"Chad","TCD",2015,6,26,2015-06-22,2015-06-28,0,0
"Chad","TCD",2015,6,27,2015-06-29,2015-07-05,0,0
"Chad","TCD",2015,7,28,2015-07-06,2015-07-12,0,0
"Chad","TCD",2015,7,29,2015-07-13,2015-07-19,0,0
"Chad","TCD",2015,7,30,2015-07-20,2015-07-26,0,0
"Chad","TCD",2015,7,31,2015-07-27,2015-08-02,0,0
"Chad","TCD",2015,8,32,2015-08-03,2015-08-09,0,0
"Chad","TCD",2015,8,33,2015-08-10,2015-08-16,0,0
"Chad","TCD",2015,8,34,2015-08-17,2015-08-23,0,0
"Chad","TCD",2015,8,35,2015-08-24,2015-08-30,0,0
"Chad","TCD",2015,8,36,2015-08-31,2015-09-06,0,0
"Chad","TCD",2015,9,37,2015-09-07,2015-09-13,0,0
"Chad","TCD",2015,9,38,2015-09-14,2015-09-20,0,0
"Chad","TCD",2015,9,39,2015-09-21,2015-09-27,0,0
"Chad","TCD",2015,9,40,2015-09-28,2015-10-04,0,0
"Chad","TCD",2015,10,41,2015-10-05,2015-10-11,0,0
"Chad","TCD",2015,10,42,2015-10-12,2015-10-18,0,0
"Chad","TCD",2015,10,43,2015-10-19,2015-10-25,0,0
"Chad","TCD",2015,10,44,2015-10-26,2015-11-01,0,0
"Chad","TCD",2015,11,45,2015-11-02,2015-11-08,0,0
"Chad","TCD",2015,11,46,2015-11-09,2015-11-15,0,0
"Chad","TCD",2015,11,47,2015-11-16,2015-11-22,0,0
"Chad","TCD",2015,11,48,2015-11-23,2015-11-29,0,0
"Chad","TCD",2015,11,49,2015-11-30,2015-12-06,0,0
"Chad","TCD",2015,12,50,2015-12-07,2015-12-13,0,0
"Chad","TCD",2015,12,51,2015-12-14,2015-12-20,0,0
"Chad","TCD",2015,12,52,2015-12-21,2015-12-27,0,0
"Chad","TCD",2015,12,53,2015-12-28,2016-01-03,0,0
"Chad","TCD",2016,1,1,2016-01-04,2016-01-10,0,0
"Chad","TCD",2016,1,2,2016-01-11,2016-01-17,0,0
"Chad","TCD",2016,1,3,2016-01-18,2016-01-24,0,0
"Chad","TCD",2016,1,4,2016-01-25,2016-01-31,0,0
"Chad","TCD",2016,2,5,2016-02-01,2016-02-07,0,0
"Chad","TCD",2016,2,6,2016-02-08,2016-02-14,0,0
"Chad","TCD",2016,2,7,2016-02-15,2016-02-21,0,0
"Chad","TCD",2016,2,8,2016-02-22,2016-02-28,0,0
"Chad","TCD",2016,2,9,2016-02-29,2016-03-06,0,0
"Chad","TCD",2016,3,10,2016-03-07,2016-03-13,0,0
"Chad","TCD",2016,3,11,2016-03-14,2016-03-20,0,0
"Chad","TCD",2016,3,12,2016-03-21,2016-03-27,0,0
"Chad","TCD",2016,3,13,2016-03-28,2016-04-03,0,0
"Chad","TCD",2016,4,14,2016-04-04,2016-04-10,0,0
"Chad","TCD",2016,4,15,2016-04-11,2016-04-17,0,0
"Chad","TCD",2016,4,16,2016-04-18,2016-04-24,0,0
"Chad","TCD",2016,4,17,2016-04-25,2016-05-01,0,0
"Chad","TCD",2016,5,18,2016-05-02,2016-05-08,0,0
"Chad","TCD",2016,5,19,2016-05-09,2016-05-15,0,0
"Chad","TCD",2016,5,20,2016-05-16,2016-05-22,0,0
"Chad","TCD",2016,5,21,2016-05-23,2016-05-29,0,0
"Chad","TCD",2016,5,22,2016-05-30,2016-06-05,0,0
"Chad","TCD",2016,6,23,2016-06-06,2016-06-12,0,0
"Chad","TCD",2016,6,24,2016-06-13,2016-06-19,0,0
"Chad","TCD",2016,6,25,2016-06-20,2016-06-26,0,0
"Chad","TCD",2016,6,26,2016-06-27,2016-07-03,0,0
"Chad","TCD",2016,7,27,2016-07-04,2016-07-10,0,0
"Chad","TCD",2016,7,28,2016-07-11,2016-07-17,0,0
"Chad","TCD",2016,7,29,2016-07-18,2016-07-24,0,0
"Chad","TCD",2016,7,30,2016-07-25,2016-07-31,0,0
"Chad","TCD",2016,8,31,2016-08-01,2016-08-07,0,0
"Chad","TCD",2016,8,32,2016-08-08,2016-08-14,0,0
"Chad","TCD",2016,8,33,2016-08-15,2016-08-21,0,0
"Chad","TCD",2016,8,34,2016-08-22,2016-08-28,0,0
"Chad","TCD",2016,8,35,2016-08-29,2016-09-04,0,0
"Chad","TCD",2016,9,36,2016-09-05,2016-09-11,0,0
"Chad","TCD",2016,9,37,2016-09-12,2016-09-18,0,0
"Chad","TCD",2016,9,38,2016-09-19,2016-09-25,0,0
"Chad","TCD",2016,9,39,2016-09-26,2016-10-02,0,0
"Chad","TCD",2016,10,40,2016-10-03,2016-10-09,0,0
"Chad","TCD",2016,10,41,2016-10-10,2016-10-16,0,0
"Chad","TCD",2016,10,42,2016-10-17,2016-10-23,0,0
"Chad","TCD",2016,10,43,2016-10-24,2016-10-30,0,0
"Chad","TCD",2016,10,44,2016-10-31,2016-11-06,0,0
"Chad","TCD",2016,11,45,2016-11-07,2016-11-13,0,0
"Chad","TCD",2016,11,46,2016-11-14,2016-11-20,0,0
"Chad","TCD",2016,11,47,2016-11-21,2016-11-27,0,0
"Chad","TCD",2016,11,48,2016-11-28,2016-12-04,0,0
"Chad","TCD",2016,12,49,2016-12-05,2016-12-11,0,0
"Chad","TCD",2016,12,50,2016-12-12,2016-12-18,0,0
"Chad","TCD",2016,12,51,2016-12-19,2016-12-25,0,0
"Chad","TCD",2016,12,52,2016-12-26,2017-01-01,0,0
"Chad","TCD",2017,1,1,2017-01-02,2017-01-08,0,0
"Chad","TCD",2017,1,2,2017-01-09,2017-01-15,0,0
"Chad","TCD",2017,1,3,2017-01-16,2017-01-22,0,0
"Chad","TCD",2017,1,4,2017-01-23,2017-01-29,0,0
"Chad","TCD",2017,1,5,2017-01-30,2017-02-05,0,0
"Chad","TCD",2017,2,6,2017-02-06,2017-02-12,0,0
"Chad","TCD",2017,2,7,2017-02-13,2017-02-19,0,0
"Chad","TCD",2017,2,8,2017-02-20,2017-02-26,0,0
"Chad","TCD",2017,2,9,2017-02-27,2017-03-05,0,0
"Chad","TCD",2017,3,10,2017-03-06,2017-03-12,0,0
"Chad","TCD",2017,3,11,2017-03-13,2017-03-19,0,0
"Chad","TCD",2017,3,12,2017-03-20,2017-03-26,0,0
"Chad","TCD",2017,3,13,2017-03-27,2017-04-02,0,0
"Chad","TCD",2017,4,14,2017-04-03,2017-04-09,0,0
"Chad","TCD",2017,4,15,2017-04-10,2017-04-16,0,0
"Chad","TCD",2017,4,16,2017-04-17,2017-04-23,0,0
"Chad","TCD",2017,4,17,2017-04-24,2017-04-30,0,0
"Chad","TCD",2017,5,18,2017-05-01,2017-05-07,0,0
"Chad","TCD",2017,5,19,2017-05-08,2017-05-14,0,0
"Chad","TCD",2017,5,20,2017-05-15,2017-05-21,0,0
"Chad","TCD",2017,5,21,2017-05-22,2017-05-28,0,0
"Chad","TCD",2017,5,22,2017-05-29,2017-06-04,0,0
"Chad","TCD",2017,6,23,2017-06-05,2017-06-11,0,0
"Chad","TCD",2017,6,24,2017-06-12,2017-06-18,0,0
"Chad","TCD",2017,6,25,2017-06-19,2017-06-25,0,0
"Chad","TCD",2017,6,26,2017-06-26,2017-07-02,0,0
"Chad","TCD",2017,7,27,2017-07-03,2017-07-09,0,0
"Chad","TCD",2017,7,28,2017-07-10,2017-07-16,0,0
"Chad","TCD",2017,7,29,2017-07-17,2017-07-23,0,0
"Chad","TCD",2017,7,30,2017-07-24,2017-07-30,0,0
"Chad","TCD",2017,7,31,2017-07-31,2017-08-06,0,0
"Chad","TCD",2017,8,32,2017-08-07,2017-08-13,84,0
"Chad","TCD",2017,8,33,2017-08-14,2017-08-20,55,0
"Chad","TCD",2017,8,34,2017-08-21,2017-08-27,39,0
"Chad","TCD",2017,8,35,2017-08-28,2017-09-03,120,0
"Chad","TCD",2017,9,36,2017-09-04,2017-09-10,90,0
"Chad","TCD",2017,9,37,2017-09-11,2017-09-17,63,0
"Chad","TCD",2017,9,38,2017-09-18,2017-09-24,31,0
"Chad","TCD",2017,9,39,2017-09-25,2017-10-01,71,0
"Chad","TCD",2017,10,40,2017-10-02,2017-10-08,171,0
"Chad","TCD",2017,10,41,2017-10-09,2017-10-15,236,0
"Chad","TCD",2017,10,42,2017-10-16,2017-10-22,152,0
"Chad","TCD",2017,10,43,2017-10-23,2017-10-29,58,0
"Chad","TCD",2017,10,44,2017-10-30,2017-11-05,52,0
"Chad","TCD",2017,11,45,2017-11-06,2017-11-12,18,0
"Chad","TCD",2017,11,46,2017-11-13,2017-11-19,6,0
"Chad","TCD",2017,11,47,2017-11-20,2017-11-26,2,0
"Chad","TCD",2017,11,48,2017-11-27,2017-12-03,0,0
"Chad","TCD",2017,12,49,2017-12-04,2017-12-10,0,0
"Chad","TCD",2017,12,50,2017-12-11,2017-12-17,0,0
"Chad","TCD",2017,12,51,2017-12-18,2017-12-24,0,0
"Chad","TCD",2017,12,52,2017-12-25,2017-12-31,0,0
"Chad","TCD",2018,1,1,2018-01-01,2018-01-07,0,0
"Chad","TCD",2018,1,2,2018-01-08,2018-01-14,0,0
"Chad","TCD",2018,1,3,2018-01-15,2018-01-21,0,0
"Chad","TCD",2018,1,4,2018-01-22,2018-01-28,0,0
"Chad","TCD",2018,1,5,2018-01-29,2018-02-04,0,0
"Chad","TCD",2018,2,6,2018-02-05,2018-02-11,0,0
"Chad","TCD",2018,2,7,2018-02-12,2018-02-18,0,0
"Chad","TCD",2018,2,8,2018-02-19,2018-02-25,0,0
"Chad","TCD",2018,2,9,2018-02-26,2018-03-04,0,0
"Chad","TCD",2018,3,10,2018-03-05,2018-03-11,0,0
"Chad","TCD",2018,3,11,2018-03-12,2018-03-18,0,0
"Chad","TCD",2018,3,12,2018-03-19,2018-03-25,0,0
"Chad","TCD",2018,3,13,2018-03-26,2018-04-01,0,0
"Chad","TCD",2018,4,14,2018-04-02,2018-04-08,0,0
"Chad","TCD",2018,4,15,2018-04-09,2018-04-15,0,0
"Chad","TCD",2018,4,16,2018-04-16,2018-04-22,0,0
"Chad","TCD",2018,4,17,2018-04-23,2018-04-29,0,0
"Chad","TCD",2018,4,18,2018-04-30,2018-05-06,0,0
"Chad","TCD",2018,5,19,2018-05-07,2018-05-13,0,0
"Chad","TCD",2018,5,20,2018-05-14,2018-05-20,0,0
"Chad","TCD",2018,5,21,2018-05-21,2018-05-27,0,0
"Chad","TCD",2018,5,22,2018-05-28,2018-06-03,0,0
"Chad","TCD",2018,6,23,2018-06-04,2018-06-10,0,0
"Chad","TCD",2018,6,24,2018-06-11,2018-06-17,0,0
"Chad","TCD",2018,6,25,2018-06-18,2018-06-24,0,0
"Chad","TCD",2018,6,26,2018-06-25,2018-07-01,0,0
"Chad","TCD",2018,7,27,2018-07-02,2018-07-08,0,0
"Chad","TCD",2018,7,28,2018-07-09,2018-07-15,0,0
"Chad","TCD",2018,7,29,2018-07-16,2018-07-22,0,0
"Chad","TCD",2018,7,30,2018-07-23,2018-07-29,0,0
"Chad","TCD",2018,7,31,2018-07-30,2018-08-05,0,0
"Chad","TCD",2018,8,32,2018-08-06,2018-08-12,0,0
"Chad","TCD",2018,8,33,2018-08-13,2018-08-19,0,0
"Chad","TCD",2018,8,34,2018-08-20,2018-08-26,0,0
"Chad","TCD",2018,8,35,2018-08-27,2018-09-02,0,0
"Chad","TCD",2018,9,36,2018-09-03,2018-09-09,0,0
"Chad","TCD",2018,9,37,2018-09-10,2018-09-16,0,0
"Chad","TCD",2018,9,38,2018-09-17,2018-09-23,0,0
"Chad","TCD",2018,9,39,2018-09-24,2018-09-30,0,0
"Chad","TCD",2018,10,40,2018-10-01,2018-10-07,0,0
"Chad","TCD",2018,10,41,2018-10-08,2018-10-14,0,0
"Chad","TCD",2018,10,42,2018-10-15,2018-10-21,0,0
"Chad","TCD",2018,10,43,2018-10-22,2018-10-28,0,0
"Chad","TCD",2018,10,44,2018-10-29,2018-11-04,0,0
"Chad","TCD",2018,11,45,2018-11-05,2018-11-11,0,0
"Chad","TCD",2018,11,46,2018-11-12,2018-11-18,0,0
"Chad","TCD",2018,11,47,2018-11-19,2018-11-25,0,0
"Chad","TCD",2018,11,48,2018-11-26,2018-12-02,0,0
"Chad","TCD",2018,12,49,2018-12-03,2018-12-09,0,0
"Chad","TCD",2018,12,50,2018-12-10,2018-12-16,0,0
"Chad","TCD",2018,12,51,2018-12-17,2018-12-23,0,0
"Chad","TCD",2018,12,52,2018-12-24,2018-12-30,0,0
"Chad","TCD",2019,12,1,2018-12-31,2019-01-06,0,0
"Chad","TCD",2019,1,2,2019-01-07,2019-01-13,0,0
"Chad","TCD",2019,1,3,2019-01-14,2019-01-20,0,0
"Chad","TCD",2019,1,4,2019-01-21,2019-01-27,0,0
"Chad","TCD",2019,1,5,2019-01-28,2019-02-03,0,0
"Chad","TCD",2019,2,6,2019-02-04,2019-02-10,0,0
"Chad","TCD",2019,2,7,2019-02-11,2019-02-17,0,0
"Chad","TCD",2019,2,8,2019-02-18,2019-02-24,0,0
"Chad","TCD",2019,2,9,2019-02-25,2019-03-03,0,0
"Chad","TCD",2019,3,10,2019-03-04,2019-03-10,0,0
"Chad","TCD",2019,3,11,2019-03-11,2019-03-17,0,0
"Chad","TCD",2019,3,12,2019-03-18,2019-03-24,0,0
"Chad","TCD",2019,3,13,2019-03-25,2019-03-31,0,0
"Chad","TCD",2019,4,14,2019-04-01,2019-04-07,0,0
"Chad","TCD",2019,4,15,2019-04-08,2019-04-14,0,0
"Chad","TCD",2019,4,16,2019-04-15,2019-04-21,0,0
"Chad","TCD",2019,4,17,2019-04-22,2019-04-28,0,0
"Chad","TCD",2019,4,18,2019-04-29,2019-05-05,0,0
"Chad","TCD",2019,5,19,2019-05-06,2019-05-12,0,0
"Chad","TCD",2019,5,20,2019-05-13,2019-05-19,0,0
"Chad","TCD",2019,5,21,2019-05-20,2019-05-26,0,0
"Chad","TCD",2019,5,22,2019-05-27,2019-06-02,0,0
"Chad","TCD",2019,6,23,2019-06-03,2019-06-09,0,0
"Chad","TCD",2019,6,24,2019-06-10,2019-06-16,0,0
"Chad","TCD",2019,6,25,2019-06-17,2019-06-23,0,0
"Chad","TCD",2019,6,26,2019-06-24,2019-06-30,0,0
"Chad","TCD",2019,7,27,2019-07-01,2019-07-07,0,0
"Chad","TCD",2019,7,28,2019-07-08,2019-07-14,0,0
"Chad","TCD",2019,7,29,2019-07-15,2019-07-21,15,1
"Chad","TCD",2019,7,30,2019-07-22,2019-07-28,0,0
"Chad","TCD",2019,7,31,2019-07-29,2019-08-04,2,0
"Chad","TCD",2019,8,32,2019-08-05,2019-08-11,2,0
"Chad","TCD",2019,8,33,2019-08-12,2019-08-18,9,0
"Chad","TCD",2019,8,34,2019-08-19,2019-08-25,15,1
"Chad","TCD",2019,8,35,2019-08-26,2019-09-01,10,0
"Chad","TCD",2019,9,36,2019-09-02,2019-09-08,0,0
"Chad","TCD",2019,9,37,2019-09-09,2019-09-15,1,0
"Chad","TCD",2019,9,38,2019-09-16,2019-09-22,0,0
"Chad","TCD",2019,9,39,2019-09-23,2019-09-29,6,1
"Chad","TCD",2019,9,40,2019-09-30,2019-10-06,6,0
"Chad","TCD",2019,10,41,2019-10-07,2019-10-13,9,0
"Chad","TCD",2019,10,42,2019-10-14,2019-10-20,14,0
"Chad","TCD",2019,10,43,2019-10-21,2019-10-27,4,1
"Chad","TCD",2019,10,44,2019-10-28,2019-11-03,3,0
"Chad","TCD",2019,11,45,2019-11-04,2019-11-10,1,0
"Chad","TCD",2019,11,46,2019-11-11,2019-11-17,1,0
"Chad","TCD",2019,11,47,2019-11-18,2019-11-24,0,0
"Chad","TCD",2019,11,48,2019-11-25,2019-12-01,0,0
"Chad","TCD",2019,12,49,2019-12-02,2019-12-08,0,0
"Chad","TCD",2019,12,50,2019-12-09,2019-12-15,0,0
"Chad","TCD",2019,12,51,2019-12-16,2019-12-22,0,0
"Chad","TCD",2019,12,52,2019-12-23,2019-12-29,0,0
"Chad","TCD",2020,12,1,2019-12-30,2020-01-05,0,0
"Chad","TCD",2020,1,2,2020-01-06,2020-01-12,0,0
"Chad","TCD",2020,1,3,2020-01-13,2020-01-19,0,0
"Chad","TCD",2020,1,4,2020-01-20,2020-01-26,0,0
"Chad","TCD",2020,1,5,2020-01-27,2020-02-02,0,0
"Chad","TCD",2020,2,6,2020-02-03,2020-02-09,0,0
"Chad","TCD",2020,2,7,2020-02-10,2020-02-16,0,0
"Chad","TCD",2020,2,8,2020-02-17,2020-02-23,0,0
"Chad","TCD",2020,2,9,2020-02-24,2020-03-01,0,0
"Chad","TCD",2020,3,10,2020-03-02,2020-03-08,0,0
"Chad","TCD",2020,3,11,2020-03-09,2020-03-15,0,0
"Chad","TCD",2020,3,12,2020-03-16,2020-03-22,0,0
"Chad","TCD",2020,3,13,2020-03-23,2020-03-29,0,0
"Chad","TCD",2020,3,14,2020-03-30,2020-04-05,0,0
"Chad","TCD",2020,4,15,2020-04-06,2020-04-12,0,0
"Chad","TCD",2020,4,16,2020-04-13,2020-04-19,0,0
"Chad","TCD",2020,4,17,2020-04-20,2020-04-26,0,0
"Chad","TCD",2020,4,18,2020-04-27,2020-05-03,0,0
"Chad","TCD",2020,5,19,2020-05-04,2020-05-10,0,0
"Chad","TCD",2020,5,20,2020-05-11,2020-05-17,0,0
"Chad","TCD",2020,5,21,2020-05-18,2020-05-24,0,0
"Chad","TCD",2020,5,22,2020-05-25,2020-05-31,0,0
"Chad","TCD",2020,6,23,2020-06-01,2020-06-07,0,0
"Chad","TCD",2020,6,24,2020-06-08,2020-06-14,0,0
"Chad","TCD",2020,6,25,2020-06-15,2020-06-21,0,0
"Chad","TCD",2020,6,26,2020-06-22,2020-06-28,0,0
"Chad","TCD",2020,6,27,2020-06-29,2020-07-05,0,0
"Chad","TCD",2020,7,28,2020-07-06,2020-07-12,0,0
"Chad","TCD",2020,7,29,2020-07-13,2020-07-19,0,0
"Chad","TCD",2020,7,30,2020-07-20,2020-07-26,0,0
"Chad","TCD",2020,7,31,2020-07-27,2020-08-02,0,0
"Chad","TCD",2020,8,32,2020-08-03,2020-08-09,0,0
"Chad","TCD",2020,8,33,2020-08-10,2020-08-16,0,0
"Chad","TCD",2020,8,34,2020-08-17,2020-08-23,0,0
"Chad","TCD",2020,8,35,2020-08-24,2020-08-30,0,0
"Chad","TCD",2020,8,36,2020-08-31,2020-09-06,0,0
"Chad","TCD",2020,9,37,2020-09-07,2020-09-13,0,0
"Chad","TCD",2020,9,38,2020-09-14,2020-09-20,0,0
"Chad","TCD",2020,9,39,2020-09-21,2020-09-27,0,0
"Chad","TCD",2020,9,40,2020-09-28,2020-10-04,0,0
"Chad","TCD",2020,10,41,2020-10-05,2020-10-11,0,0
"Chad","TCD",2020,10,42,2020-10-12,2020-10-18,0,0
"Chad","TCD",2020,10,43,2020-10-19,2020-10-25,0,0
"Chad","TCD",2020,10,44,2020-10-26,2020-11-01,0,0
"Chad","TCD",2020,11,45,2020-11-02,2020-11-08,0,0
"Chad","TCD",2020,11,46,2020-11-09,2020-11-15,0,0
"Chad","TCD",2020,11,47,2020-11-16,2020-11-22,0,0
"Chad","TCD",2020,11,48,2020-11-23,2020-11-29,0,0
"Chad","TCD",2020,11,49,2020-11-30,2020-12-06,0,0
"Chad","TCD",2020,12,50,2020-12-07,2020-12-13,0,0
"Chad","TCD",2020,12,51,2020-12-14,2020-12-20,0,0
"Chad","TCD",2020,12,52,2020-12-21,2020-12-27,0,0
"Chad","TCD",2020,12,53,2020-12-28,2021-01-03,0,0
"Chad","TCD",2021,1,1,2021-01-04,2021-01-10,0,0
"Chad","TCD",2021,1,2,2021-01-11,2021-01-17,0,0
"Chad","TCD",2021,1,3,2021-01-18,2021-01-24,0,0
"Chad","TCD",2021,1,4,2021-01-25,2021-01-31,0,0
"Chad","TCD",2021,2,5,2021-02-01,2021-02-07,0,0
"Chad","TCD",2021,2,6,2021-02-08,2021-02-14,0,0
"Chad","TCD",2021,2,7,2021-02-15,2021-02-21,0,0
"Chad","TCD",2021,2,8,2021-02-22,2021-02-28,0,0
"Chad","TCD",2021,3,9,2021-03-01,2021-03-07,0,0
"Chad","TCD",2021,3,10,2021-03-08,2021-03-14,0,0
"Chad","TCD",2021,3,11,2021-03-15,2021-03-21,0,0
"Chad","TCD",2021,3,12,2021-03-22,2021-03-28,0,0
"Chad","TCD",2021,3,13,2021-03-29,2021-04-04,0,0
"Chad","TCD",2021,4,14,2021-04-05,2021-04-11,0,0
"Chad","TCD",2021,4,15,2021-04-12,2021-04-18,0,0
"Chad","TCD",2021,4,16,2021-04-19,2021-04-25,0,0
"Chad","TCD",2021,4,17,2021-04-26,2021-05-02,0,0
"Chad","TCD",2021,5,18,2021-05-03,2021-05-09,0,0
"Chad","TCD",2021,5,19,2021-05-10,2021-05-16,0,0
"Chad","TCD",2021,5,20,2021-05-17,2021-05-23,0,0
"Chad","TCD",2021,5,21,2021-05-24,2021-05-30,0,0
"Chad","TCD",2021,5,22,2021-05-31,2021-06-06,0,0
"Chad","TCD",2021,6,23,2021-06-07,2021-06-13,0,0
"Chad","TCD",2021,6,24,2021-06-14,2021-06-20,0,0
"Chad","TCD",2021,6,25,2021-06-21,2021-06-27,0,0
"Chad","TCD",2021,6,26,2021-06-28,2021-07-04,0,0
"Chad","TCD",2021,7,27,2021-07-05,2021-07-11,0,0
"Chad","TCD",2021,7,28,2021-07-12,2021-07-18,0,0
"Chad","TCD",2021,7,29,2021-07-19,2021-07-25,0,0
"Chad","TCD",2021,7,30,2021-07-26,2021-08-01,0,0
"Chad","TCD",2021,8,31,2021-08-02,2021-08-08,0,0
"Chad","TCD",2021,8,32,2021-08-09,2021-08-15,0,0
"Chad","TCD",2021,8,33,2021-08-16,2021-08-22,0,0
"Chad","TCD",2021,8,34,2021-08-23,2021-08-29,0,0
"Chad","TCD",2021,8,35,2021-08-30,2021-09-05,0,0
"Chad","TCD",2021,9,36,2021-09-06,2021-09-12,0,0
"Chad","TCD",2021,9,37,2021-09-13,2021-09-19,0,0
"Chad","TCD",2021,9,38,2021-09-20,2021-09-26,0,0
"Chad","TCD",2021,9,39,2021-09-27,2021-10-03,0,0
"Chad","TCD",2021,10,40,2021-10-04,2021-10-10,0,0
"Chad","TCD",2021,10,41,2021-10-11,2021-10-17,0,0
"Chad","TCD",2021,10,42,2021-10-18,2021-10-24,0,0
"Chad","TCD",2021,10,43,2021-10-25,2021-10-31,0,0
"Chad","TCD",2021,11,44,2021-11-01,2021-11-07,0,0
"Chad","TCD",2021,11,45,2021-11-08,2021-11-14,0,0
"Chad","TCD",2021,11,46,2021-11-15,2021-11-21,0,0
"Chad","TCD",2021,11,47,2021-11-22,2021-11-28,0,0
"Chad","TCD",2021,11,48,2021-11-29,2021-12-05,0,0
"Chad","TCD",2021,12,49,2021-12-06,2021-12-12,0,0
"Chad","TCD",2021,12,50,2021-12-13,2021-12-19,0,0
"Chad","TCD",2021,12,51,2021-12-20,2021-12-26,0,0
"Chad","TCD",2021,12,52,2021-12-27,2022-01-02,0,0
"Chad","TCD",2022,1,1,2022-01-03,2022-01-09,0,0
"Chad","TCD",2022,1,2,2022-01-10,2022-01-16,0,0
"Chad","TCD",2022,1,3,2022-01-17,2022-01-23,0,0
"Chad","TCD",2022,1,4,2022-01-24,2022-01-30,0,0
"Chad","TCD",2022,1,5,2022-01-31,2022-02-06,0,0
"Chad","TCD",2022,2,6,2022-02-07,2022-02-13,0,0
"Chad","TCD",2022,2,7,2022-02-14,2022-02-20,0,0
"Chad","TCD",2022,2,8,2022-02-21,2022-02-27,0,0
"Togo","TGO",2013,7,27,2013-07-01,2013-07-07,0,0
"Togo","TGO",2013,7,28,2013-07-08,2013-07-14,0,0
"Togo","TGO",2013,7,29,2013-07-15,2013-07-21,0,0
"Togo","TGO",2013,7,30,2013-07-22,2013-07-28,0,0
"Togo","TGO",2013,7,31,2013-07-29,2013-08-04,0,0
"Togo","TGO",2013,8,32,2013-08-05,2013-08-11,0,0
"Togo","TGO",2013,8,33,2013-08-12,2013-08-18,0,0
"Togo","TGO",2013,8,34,2013-08-19,2013-08-25,0,0
"Togo","TGO",2013,8,35,2013-08-26,2013-09-01,1,0
"Togo","TGO",2013,9,36,2013-09-02,2013-09-08,1,0
"Togo","TGO",2013,9,37,2013-09-09,2013-09-15,0,0
"Togo","TGO",2013,9,38,2013-09-16,2013-09-22,5.66666666666667,0
"Togo","TGO",2013,9,39,2013-09-23,2013-09-29,24,0
"Togo","TGO",2013,9,40,2013-09-30,2013-10-06,8,0
"Togo","TGO",2013,10,41,2013-10-07,2013-10-13,8,0
"Togo","TGO",2013,10,42,2013-10-14,2013-10-20,26,0
"Togo","TGO",2013,10,43,2013-10-21,2013-10-27,22,0
"Togo","TGO",2013,10,44,2013-10-28,2013-11-03,23,0
"Togo","TGO",2013,11,45,2013-11-04,2013-11-10,8,0
"Togo","TGO",2013,11,46,2013-11-11,2013-11-17,3,0
"Togo","TGO",2013,11,47,2013-11-18,2013-11-24,6,0
"Togo","TGO",2013,11,48,2013-11-25,2013-12-01,14,0
"Togo","TGO",2013,12,49,2013-12-02,2013-12-08,15,0
"Togo","TGO",2013,12,50,2013-12-09,2013-12-15,2,0
"Togo","TGO",2013,12,51,2013-12-16,2013-12-22,1.5,0
"Togo","TGO",2013,12,52,2013-12-23,2013-12-29,0,0
"Togo","TGO",2014,12,1,2013-12-30,2014-01-05,0,0
"Togo","TGO",2014,1,2,2014-01-06,2014-01-12,0,0
"Togo","TGO",2014,1,3,2014-01-13,2014-01-19,0,0
"Togo","TGO",2014,1,4,2014-01-20,2014-01-26,0,0
"Togo","TGO",2014,1,5,2014-01-27,2014-02-02,0,0
"Togo","TGO",2014,2,6,2014-02-03,2014-02-09,0,0
"Togo","TGO",2014,2,7,2014-02-10,2014-02-16,0,0
"Togo","TGO",2014,2,8,2014-02-17,2014-02-23,0,0
"Togo","TGO",2014,2,9,2014-02-24,2014-03-02,0,0
"Togo","TGO",2014,3,10,2014-03-03,2014-03-09,0,0
"Togo","TGO",2014,3,11,2014-03-10,2014-03-16,0,0
"Togo","TGO",2014,3,12,2014-03-17,2014-03-23,0,0
"Togo","TGO",2014,3,13,2014-03-24,2014-03-30,0,0
"Togo","TGO",2014,3,14,2014-03-31,2014-04-06,0,0
"Togo","TGO",2014,4,15,2014-04-07,2014-04-13,0,0
"Togo","TGO",2014,4,16,2014-04-14,2014-04-20,0,0
"Togo","TGO",2014,4,17,2014-04-21,2014-04-27,0,0
"Togo","TGO",2014,4,18,2014-04-28,2014-05-04,0,0
"Togo","TGO",2014,5,19,2014-05-05,2014-05-11,0,0
"Togo","TGO",2014,5,20,2014-05-12,2014-05-18,0,0
"Togo","TGO",2014,5,21,2014-05-19,2014-05-25,0,0
"Togo","TGO",2014,5,22,2014-05-26,2014-06-01,0,0
"Togo","TGO",2014,6,23,2014-06-02,2014-06-08,0,0
"Togo","TGO",2014,6,24,2014-06-09,2014-06-15,0,0
"Togo","TGO",2014,6,25,2014-06-16,2014-06-22,0,0
"Togo","TGO",2014,6,26,2014-06-23,2014-06-29,0,0
"Togo","TGO",2014,6,27,2014-06-30,2014-07-06,0,0
"Togo","TGO",2014,7,28,2014-07-07,2014-07-13,0,0
"Togo","TGO",2014,7,29,2014-07-14,2014-07-20,0,0
"Togo","TGO",2014,7,30,2014-07-21,2014-07-27,0,0
"Togo","TGO",2014,7,31,2014-07-28,2014-08-03,0,0
"Togo","TGO",2014,8,32,2014-08-04,2014-08-10,0,0
"Togo","TGO",2014,8,33,2014-08-11,2014-08-17,0,0
"Togo","TGO",2014,8,34,2014-08-18,2014-08-24,0,0
"Togo","TGO",2014,8,35,2014-08-25,2014-08-31,0,0
"Togo","TGO",2014,9,36,2014-09-01,2014-09-07,0,0
"Togo","TGO",2014,9,37,2014-09-08,2014-09-14,0,0
"Togo","TGO",2014,9,38,2014-09-15,2014-09-21,0,0
"Togo","TGO",2014,9,39,2014-09-22,2014-09-28,0,0
"Togo","TGO",2014,9,40,2014-09-29,2014-10-05,0,0
"Togo","TGO",2014,10,41,2014-10-06,2014-10-12,0,0
"Togo","TGO",2014,10,42,2014-10-13,2014-10-19,0,0
"Togo","TGO",2014,10,43,2014-10-20,2014-10-26,0,0
"Togo","TGO",2014,10,44,2014-10-27,2014-11-02,0,0
"Togo","TGO",2014,11,45,2014-11-03,2014-11-09,0,0
"Togo","TGO",2014,11,46,2014-11-10,2014-11-16,0,0
"Togo","TGO",2014,11,47,2014-11-17,2014-11-23,0,0
"Togo","TGO",2014,11,48,2014-11-24,2014-11-30,0,0
"Togo","TGO",2014,12,49,2014-12-01,2014-12-07,0,0
"Togo","TGO",2014,12,50,2014-12-08,2014-12-14,0,0
"Togo","TGO",2014,12,51,2014-12-15,2014-12-21,0,0
"Togo","TGO",2014,12,52,2014-12-22,2014-12-28,0,0
"Togo","TGO",2015,12,1,2014-12-29,2015-01-04,41,0
"Togo","TGO",2015,1,2,2015-01-05,2015-01-11,6,0
"Togo","TGO",2015,1,3,2015-01-12,2015-01-18,1,0
"Togo","TGO",2015,1,4,2015-01-19,2015-01-25,0,0
"Togo","TGO",2015,1,5,2015-01-26,2015-02-01,2,0
"Togo","TGO",2015,2,6,2015-02-02,2015-02-08,0,0
"Togo","TGO",2015,2,7,2015-02-09,2015-02-15,0,0
"Togo","TGO",2015,2,8,2015-02-16,2015-02-22,0,0
"Togo","TGO",2015,2,9,2015-02-23,2015-03-01,0,0
"Togo","TGO",2015,3,10,2015-03-02,2015-03-08,0,0
"Togo","TGO",2015,3,11,2015-03-09,2015-03-15,0,0
"Togo","TGO",2015,3,12,2015-03-16,2015-03-22,0,0
"Togo","TGO",2015,3,13,2015-03-23,2015-03-29,0,0
"Togo","TGO",2015,3,14,2015-03-30,2015-04-05,0,0
"Togo","TGO",2015,4,15,2015-04-06,2015-04-12,0,0
"Togo","TGO",2015,4,16,2015-04-13,2015-04-19,0,0
"Togo","TGO",2015,4,17,2015-04-20,2015-04-26,0,0
"Togo","TGO",2015,4,18,2015-04-27,2015-05-03,0,0
"Togo","TGO",2015,5,19,2015-05-04,2015-05-10,0,0
"Togo","TGO",2015,5,20,2015-05-11,2015-05-17,0,0
"Togo","TGO",2015,5,21,2015-05-18,2015-05-24,0,0
"Togo","TGO",2015,5,22,2015-05-25,2015-05-31,0,0
"Togo","TGO",2015,6,23,2015-06-01,2015-06-07,0,0
"Togo","TGO",2015,6,24,2015-06-08,2015-06-14,0,0
"Togo","TGO",2015,6,25,2015-06-15,2015-06-21,0,0
"Togo","TGO",2015,6,26,2015-06-22,2015-06-28,0,0
"Togo","TGO",2015,6,27,2015-06-29,2015-07-05,0,0
"Togo","TGO",2015,7,28,2015-07-06,2015-07-12,0,0
"Togo","TGO",2015,7,29,2015-07-13,2015-07-19,0,0
"Togo","TGO",2015,7,30,2015-07-20,2015-07-26,0,0
"Togo","TGO",2015,7,31,2015-07-27,2015-08-02,0,0
"Togo","TGO",2015,8,32,2015-08-03,2015-08-09,0,0
"Togo","TGO",2015,8,33,2015-08-10,2015-08-16,0,0
"Togo","TGO",2015,8,34,2015-08-17,2015-08-23,0,0
"Togo","TGO",2015,8,35,2015-08-24,2015-08-30,0,0
"Togo","TGO",2015,8,36,2015-08-31,2015-09-06,0,0
"Togo","TGO",2015,9,37,2015-09-07,2015-09-13,0,0
"Togo","TGO",2015,9,38,2015-09-14,2015-09-20,0,0
"Togo","TGO",2015,9,39,2015-09-21,2015-09-27,0,0
"Togo","TGO",2015,9,40,2015-09-28,2015-10-04,0,0
"Togo","TGO",2015,10,41,2015-10-05,2015-10-11,0,0
"Togo","TGO",2015,10,42,2015-10-12,2015-10-18,0,0
"Togo","TGO",2015,10,43,2015-10-19,2015-10-25,0,0
"Togo","TGO",2015,10,44,2015-10-26,2015-11-01,0,0
"Togo","TGO",2015,11,45,2015-11-02,2015-11-08,0,0
"Togo","TGO",2015,11,46,2015-11-09,2015-11-15,0,0
"Togo","TGO",2015,11,47,2015-11-16,2015-11-22,0,0
"Togo","TGO",2015,11,48,2015-11-23,2015-11-29,0,0
"Togo","TGO",2015,11,49,2015-11-30,2015-12-06,0,0
"Togo","TGO",2015,12,50,2015-12-07,2015-12-13,0,0
"Togo","TGO",2015,12,51,2015-12-14,2015-12-20,0,0
"Togo","TGO",2015,12,52,2015-12-21,2015-12-27,0,0
"Togo","TGO",2015,12,53,2015-12-28,2016-01-03,0,0
"Togo","TGO",2016,1,1,2016-01-04,2016-01-10,0,0
"Togo","TGO",2016,1,2,2016-01-11,2016-01-17,0,0
"Togo","TGO",2016,1,3,2016-01-18,2016-01-24,0,0
"Togo","TGO",2016,1,4,2016-01-25,2016-01-31,0,0
"Togo","TGO",2016,2,5,2016-02-01,2016-02-07,0,0
"Togo","TGO",2016,2,6,2016-02-08,2016-02-14,0,0
"Togo","TGO",2016,2,7,2016-02-15,2016-02-21,0,0
"Togo","TGO",2016,2,8,2016-02-22,2016-02-28,0,0
"Togo","TGO",2016,2,9,2016-02-29,2016-03-06,0,0
"Togo","TGO",2016,3,10,2016-03-07,2016-03-13,0,0
"Togo","TGO",2016,3,11,2016-03-14,2016-03-20,0,0
"Togo","TGO",2016,3,12,2016-03-21,2016-03-27,0,0
"Togo","TGO",2016,3,13,2016-03-28,2016-04-03,0,0
"Togo","TGO",2016,4,14,2016-04-04,2016-04-10,0,0
"Togo","TGO",2016,4,15,2016-04-11,2016-04-17,0,0
"Togo","TGO",2016,4,16,2016-04-18,2016-04-24,0,0
"Togo","TGO",2016,4,17,2016-04-25,2016-05-01,0,0
"Togo","TGO",2016,5,18,2016-05-02,2016-05-08,0,0
"Togo","TGO",2016,5,19,2016-05-09,2016-05-15,0,0
"Togo","TGO",2016,5,20,2016-05-16,2016-05-22,0,0
"Togo","TGO",2016,5,21,2016-05-23,2016-05-29,0,0
"Togo","TGO",2016,5,22,2016-05-30,2016-06-05,0,0
"Togo","TGO",2016,6,23,2016-06-06,2016-06-12,0,0
"Togo","TGO",2016,6,24,2016-06-13,2016-06-19,0,0
"Togo","TGO",2016,6,25,2016-06-20,2016-06-26,0,0
"Togo","TGO",2016,6,26,2016-06-27,2016-07-03,0,0
"Togo","TGO",2016,7,27,2016-07-04,2016-07-10,0,0
"Togo","TGO",2016,7,28,2016-07-11,2016-07-17,0,0
"Togo","TGO",2016,7,29,2016-07-18,2016-07-24,0,0
"Togo","TGO",2016,7,30,2016-07-25,2016-07-31,0,0
"Togo","TGO",2016,8,31,2016-08-01,2016-08-07,0,0
"Togo","TGO",2016,8,32,2016-08-08,2016-08-14,0,0
"Togo","TGO",2016,8,33,2016-08-15,2016-08-21,0,0
"Togo","TGO",2016,8,34,2016-08-22,2016-08-28,0,0
"Togo","TGO",2016,8,35,2016-08-29,2016-09-04,0,0
"Togo","TGO",2016,9,36,2016-09-05,2016-09-11,1,0
"Togo","TGO",2016,9,37,2016-09-12,2016-09-18,1,0
"Togo","TGO",2016,9,38,2016-09-19,2016-09-25,0,0
"Togo","TGO",2016,9,39,2016-09-26,2016-10-02,0,0
"Togo","TGO",2016,10,40,2016-10-03,2016-10-09,0,0
"Togo","TGO",2016,10,41,2016-10-10,2016-10-16,0,0
"Togo","TGO",2016,10,42,2016-10-17,2016-10-23,0,0
"Togo","TGO",2016,10,43,2016-10-24,2016-10-30,0,0
"Togo","TGO",2016,10,44,2016-10-31,2016-11-06,0,0
"Togo","TGO",2016,11,45,2016-11-07,2016-11-13,0,0
"Togo","TGO",2016,11,46,2016-11-14,2016-11-20,0,0
"Togo","TGO",2016,11,47,2016-11-21,2016-11-27,0,0
"Togo","TGO",2016,11,48,2016-11-28,2016-12-04,0,0
"Togo","TGO",2016,12,49,2016-12-05,2016-12-11,0,0
"Togo","TGO",2016,12,50,2016-12-12,2016-12-18,0,0
"Togo","TGO",2016,12,51,2016-12-19,2016-12-25,0,0
"Togo","TGO",2016,12,52,2016-12-26,2017-01-01,0,0
"Togo","TGO",2017,1,1,2017-01-02,2017-01-08,0,0
"Togo","TGO",2017,1,2,2017-01-09,2017-01-15,0,0
"Togo","TGO",2017,1,3,2017-01-16,2017-01-22,0,0
"Togo","TGO",2017,1,4,2017-01-23,2017-01-29,0,0
"Togo","TGO",2017,1,5,2017-01-30,2017-02-05,0,0
"Togo","TGO",2017,2,6,2017-02-06,2017-02-12,0,0
"Togo","TGO",2017,2,7,2017-02-13,2017-02-19,0,0
"Togo","TGO",2017,2,8,2017-02-20,2017-02-26,0,0
"Togo","TGO",2017,2,9,2017-02-27,2017-03-05,0,0
"Togo","TGO",2017,3,10,2017-03-06,2017-03-12,0,0
"Togo","TGO",2017,3,11,2017-03-13,2017-03-19,0,0
"Togo","TGO",2017,3,12,2017-03-20,2017-03-26,0,0
"Togo","TGO",2017,3,13,2017-03-27,2017-04-02,0,0
"Togo","TGO",2017,4,14,2017-04-03,2017-04-09,0,0
"Togo","TGO",2017,4,15,2017-04-10,2017-04-16,0,0
"Togo","TGO",2017,4,16,2017-04-17,2017-04-23,0,0
"Togo","TGO",2017,4,17,2017-04-24,2017-04-30,0,0
"Togo","TGO",2017,5,18,2017-05-01,2017-05-07,0,0
"Togo","TGO",2017,5,19,2017-05-08,2017-05-14,0,0
"Togo","TGO",2017,5,20,2017-05-15,2017-05-21,0,0
"Togo","TGO",2017,5,21,2017-05-22,2017-05-28,0,0
"Togo","TGO",2017,5,22,2017-05-29,2017-06-04,0,0
"Togo","TGO",2017,6,23,2017-06-05,2017-06-11,0,0
"Togo","TGO",2017,6,24,2017-06-12,2017-06-18,0,0
"Togo","TGO",2017,6,25,2017-06-19,2017-06-25,0,0
"Togo","TGO",2017,6,26,2017-06-26,2017-07-02,0,0
"Togo","TGO",2017,7,27,2017-07-03,2017-07-09,0,0
"Togo","TGO",2017,7,28,2017-07-10,2017-07-16,0,0
"Togo","TGO",2017,7,29,2017-07-17,2017-07-23,0,0
"Togo","TGO",2017,7,30,2017-07-24,2017-07-30,0,0
"Togo","TGO",2017,7,31,2017-07-31,2017-08-06,0,0
"Togo","TGO",2017,8,32,2017-08-07,2017-08-13,0,0
"Togo","TGO",2017,8,33,2017-08-14,2017-08-20,0,0
"Togo","TGO",2017,8,34,2017-08-21,2017-08-27,0,0
"Togo","TGO",2017,8,35,2017-08-28,2017-09-03,0,0
"Togo","TGO",2017,9,36,2017-09-04,2017-09-10,0,0
"Togo","TGO",2017,9,37,2017-09-11,2017-09-17,0,0
"Togo","TGO",2017,9,38,2017-09-18,2017-09-24,0,0
"Togo","TGO",2017,9,39,2017-09-25,2017-10-01,0,0
"Togo","TGO",2017,10,40,2017-10-02,2017-10-08,0,0
"Togo","TGO",2017,10,41,2017-10-09,2017-10-15,0,0
"Togo","TGO",2017,10,42,2017-10-16,2017-10-22,0,0
"Togo","TGO",2017,10,43,2017-10-23,2017-10-29,0,0
"Togo","TGO",2017,10,44,2017-10-30,2017-11-05,0,0
"Togo","TGO",2017,11,45,2017-11-06,2017-11-12,0,0
"Togo","TGO",2017,11,46,2017-11-13,2017-11-19,0,0
"Togo","TGO",2017,11,47,2017-11-20,2017-11-26,0,0
"Togo","TGO",2017,11,48,2017-11-27,2017-12-03,0,0
"Togo","TGO",2017,12,49,2017-12-04,2017-12-10,0,0
"Togo","TGO",2017,12,50,2017-12-11,2017-12-17,0,0
"Togo","TGO",2017,12,51,2017-12-18,2017-12-24,0,0
"Togo","TGO",2017,12,52,2017-12-25,2017-12-31,0,0
"Togo","TGO",2018,1,1,2018-01-01,2018-01-07,0,0
"Togo","TGO",2018,1,2,2018-01-08,2018-01-14,0,0
"Togo","TGO",2018,1,3,2018-01-15,2018-01-21,0,0
"Togo","TGO",2018,1,4,2018-01-22,2018-01-28,0,0
"Togo","TGO",2018,1,5,2018-01-29,2018-02-04,0,0
"Togo","TGO",2018,2,6,2018-02-05,2018-02-11,0,0
"Togo","TGO",2018,2,7,2018-02-12,2018-02-18,0,0
"Togo","TGO",2018,2,8,2018-02-19,2018-02-25,0,0
"Togo","TGO",2018,2,9,2018-02-26,2018-03-04,0,0
"Togo","TGO",2018,3,10,2018-03-05,2018-03-11,0,0
"Togo","TGO",2018,3,11,2018-03-12,2018-03-18,0,0
"Togo","TGO",2018,3,12,2018-03-19,2018-03-25,0,0
"Togo","TGO",2018,3,13,2018-03-26,2018-04-01,0,0
"Togo","TGO",2018,4,14,2018-04-02,2018-04-08,0,0
"Togo","TGO",2018,4,15,2018-04-09,2018-04-15,0,0
"Togo","TGO",2018,4,16,2018-04-16,2018-04-22,0,0
"Togo","TGO",2018,4,17,2018-04-23,2018-04-29,0,0
"Togo","TGO",2018,4,18,2018-04-30,2018-05-06,0,0
"Togo","TGO",2018,5,19,2018-05-07,2018-05-13,0,0
"Togo","TGO",2018,5,20,2018-05-14,2018-05-20,0,0
"Togo","TGO",2018,5,21,2018-05-21,2018-05-27,0,0
"Togo","TGO",2018,5,22,2018-05-28,2018-06-03,0,0
"Togo","TGO",2018,6,23,2018-06-04,2018-06-10,0,0
"Togo","TGO",2018,6,24,2018-06-11,2018-06-17,0,0
"Togo","TGO",2018,6,25,2018-06-18,2018-06-24,0,0
"Togo","TGO",2018,6,26,2018-06-25,2018-07-01,0,0
"Togo","TGO",2018,7,27,2018-07-02,2018-07-08,0,0
"Togo","TGO",2018,7,28,2018-07-09,2018-07-15,0,0
"Togo","TGO",2018,7,29,2018-07-16,2018-07-22,0,0
"Togo","TGO",2018,7,30,2018-07-23,2018-07-29,0,0
"Togo","TGO",2018,7,31,2018-07-30,2018-08-05,0,0
"Togo","TGO",2018,8,32,2018-08-06,2018-08-12,0,0
"Togo","TGO",2018,8,33,2018-08-13,2018-08-19,0,0
"Togo","TGO",2018,8,34,2018-08-20,2018-08-26,0,0
"Togo","TGO",2018,8,35,2018-08-27,2018-09-02,0,0
"Togo","TGO",2018,9,36,2018-09-03,2018-09-09,0,0
"Togo","TGO",2018,9,37,2018-09-10,2018-09-16,0,0
"Togo","TGO",2018,9,38,2018-09-17,2018-09-23,0,0
"Togo","TGO",2018,9,39,2018-09-24,2018-09-30,0,0
"Togo","TGO",2018,10,40,2018-10-01,2018-10-07,0,0
"Togo","TGO",2018,10,41,2018-10-08,2018-10-14,0,0
"Togo","TGO",2018,10,42,2018-10-15,2018-10-21,0,0
"Togo","TGO",2018,10,43,2018-10-22,2018-10-28,0,0
"Togo","TGO",2018,10,44,2018-10-29,2018-11-04,0,0
"Togo","TGO",2018,11,45,2018-11-05,2018-11-11,0,0
"Togo","TGO",2018,11,46,2018-11-12,2018-11-18,0,0
"Togo","TGO",2018,11,47,2018-11-19,2018-11-25,0,0
"Togo","TGO",2018,11,48,2018-11-26,2018-12-02,0,0
"Togo","TGO",2018,12,49,2018-12-03,2018-12-09,0,0
"Togo","TGO",2018,12,50,2018-12-10,2018-12-16,0,0
"Togo","TGO",2018,12,51,2018-12-17,2018-12-23,0,0
"Togo","TGO",2018,12,52,2018-12-24,2018-12-30,0,0
"Togo","TGO",2019,12,1,2018-12-31,2019-01-06,0,0
"Togo","TGO",2019,1,2,2019-01-07,2019-01-13,0,0
"Togo","TGO",2019,1,3,2019-01-14,2019-01-20,0,0
"Togo","TGO",2019,1,4,2019-01-21,2019-01-27,0,0
"Togo","TGO",2019,1,5,2019-01-28,2019-02-03,0,0
"Togo","TGO",2019,2,6,2019-02-04,2019-02-10,0,0
"Togo","TGO",2019,2,7,2019-02-11,2019-02-17,0,0
"Togo","TGO",2019,2,8,2019-02-18,2019-02-24,0,0
"Togo","TGO",2019,2,9,2019-02-25,2019-03-03,0,0
"Togo","TGO",2019,3,10,2019-03-04,2019-03-10,0,0
"Togo","TGO",2019,3,11,2019-03-11,2019-03-17,0,0
"Togo","TGO",2019,3,12,2019-03-18,2019-03-24,0,0
"Togo","TGO",2019,3,13,2019-03-25,2019-03-31,0,0
"Togo","TGO",2019,4,14,2019-04-01,2019-04-07,0,0
"Togo","TGO",2019,4,15,2019-04-08,2019-04-14,0,0
"Togo","TGO",2019,4,16,2019-04-15,2019-04-21,0,0
"Togo","TGO",2019,4,17,2019-04-22,2019-04-28,0,0
"Togo","TGO",2019,4,18,2019-04-29,2019-05-05,0,0
"Togo","TGO",2019,5,19,2019-05-06,2019-05-12,0,0
"Togo","TGO",2019,5,20,2019-05-13,2019-05-19,0,0
"Togo","TGO",2019,5,21,2019-05-20,2019-05-26,0,0
"Togo","TGO",2019,5,22,2019-05-27,2019-06-02,0,0
"Togo","TGO",2019,6,23,2019-06-03,2019-06-09,0,0
"Togo","TGO",2019,6,24,2019-06-10,2019-06-16,0,0
"Togo","TGO",2019,6,25,2019-06-17,2019-06-23,0,0
"Togo","TGO",2019,6,26,2019-06-24,2019-06-30,0,0
"Togo","TGO",2019,7,27,2019-07-01,2019-07-07,0,0
"Togo","TGO",2019,7,28,2019-07-08,2019-07-14,0,0
"Togo","TGO",2019,7,29,2019-07-15,2019-07-21,0,0
"Togo","TGO",2019,7,30,2019-07-22,2019-07-28,0,0
"Togo","TGO",2019,7,31,2019-07-29,2019-08-04,0,0
"Togo","TGO",2019,8,32,2019-08-05,2019-08-11,0,0
"Togo","TGO",2019,8,33,2019-08-12,2019-08-18,0,0
"Togo","TGO",2019,8,34,2019-08-19,2019-08-25,0,0
"Togo","TGO",2019,8,35,2019-08-26,2019-09-01,0,0
"Togo","TGO",2019,9,36,2019-09-02,2019-09-08,0,0
"Togo","TGO",2019,9,37,2019-09-09,2019-09-15,0,0
"Togo","TGO",2019,9,38,2019-09-16,2019-09-22,0,0
"Togo","TGO",2019,9,39,2019-09-23,2019-09-29,0,0
"Togo","TGO",2019,9,40,2019-09-30,2019-10-06,0,0
"Togo","TGO",2019,10,41,2019-10-07,2019-10-13,0,0
"Togo","TGO",2019,10,42,2019-10-14,2019-10-20,0,0
"Togo","TGO",2019,10,43,2019-10-21,2019-10-27,0,0
"Togo","TGO",2019,10,44,2019-10-28,2019-11-03,0,0
"Togo","TGO",2019,11,45,2019-11-04,2019-11-10,0,0
"Togo","TGO",2019,11,46,2019-11-11,2019-11-17,0,0
"Togo","TGO",2019,11,47,2019-11-18,2019-11-24,0,0
"Togo","TGO",2019,11,48,2019-11-25,2019-12-01,0,0
"Togo","TGO",2019,12,49,2019-12-02,2019-12-08,0,0
"Togo","TGO",2019,12,50,2019-12-09,2019-12-15,0,0
"Togo","TGO",2019,12,51,2019-12-16,2019-12-22,0,0
"Togo","TGO",2019,12,52,2019-12-23,2019-12-29,0,0
"Togo","TGO",2020,12,1,2019-12-30,2020-01-05,0,0
"Togo","TGO",2020,1,2,2020-01-06,2020-01-12,0,0
"Togo","TGO",2020,1,3,2020-01-13,2020-01-19,0,0
"Togo","TGO",2020,1,4,2020-01-20,2020-01-26,0,0
"Togo","TGO",2020,1,5,2020-01-27,2020-02-02,0,0
"Togo","TGO",2020,2,6,2020-02-03,2020-02-09,0,0
"Togo","TGO",2020,2,7,2020-02-10,2020-02-16,0,0
"Togo","TGO",2020,2,8,2020-02-17,2020-02-23,0,0
"Tanzania","TZA",2014,11,45,2014-11-03,2014-11-09,0,0
"Tanzania","TZA",2014,11,46,2014-11-10,2014-11-16,0,0
"Tanzania","TZA",2014,11,47,2014-11-17,2014-11-23,0,0
"Tanzania","TZA",2014,11,48,2014-11-24,2014-11-30,0,0
"Tanzania","TZA",2014,12,49,2014-12-01,2014-12-07,0,0
"Tanzania","TZA",2014,12,50,2014-12-08,2014-12-14,0,0
"Tanzania","TZA",2014,12,51,2014-12-15,2014-12-21,0,0
"Tanzania","TZA",2014,12,52,2014-12-22,2014-12-28,0,0
"Tanzania","TZA",2015,12,1,2014-12-29,2015-01-04,0,0
"Tanzania","TZA",2015,1,2,2015-01-05,2015-01-11,0,0
"Tanzania","TZA",2015,1,3,2015-01-12,2015-01-18,120.333333333333,0
"Tanzania","TZA",2015,1,4,2015-01-19,2015-01-25,0,0
"Tanzania","TZA",2015,1,5,2015-01-26,2015-02-01,0,0
"Tanzania","TZA",2015,2,6,2015-02-02,2015-02-08,0,0
"Tanzania","TZA",2015,2,7,2015-02-09,2015-02-15,0,0
"Tanzania","TZA",2015,2,8,2015-02-16,2015-02-22,0,0
"Tanzania","TZA",2015,2,9,2015-02-23,2015-03-01,0,0
"Tanzania","TZA",2015,3,10,2015-03-02,2015-03-08,0,0
"Tanzania","TZA",2015,3,11,2015-03-09,2015-03-15,0,0
"Tanzania","TZA",2015,3,12,2015-03-16,2015-03-22,0,0
"Tanzania","TZA",2015,3,13,2015-03-23,2015-03-29,0,0
"Tanzania","TZA",2015,3,14,2015-03-30,2015-04-05,0,0
"Tanzania","TZA",2015,4,15,2015-04-06,2015-04-12,0,0
"Tanzania","TZA",2015,4,16,2015-04-13,2015-04-19,0,0
"Tanzania","TZA",2015,4,17,2015-04-20,2015-04-26,0,0
"Tanzania","TZA",2015,4,18,2015-04-27,2015-05-03,0,0
"Tanzania","TZA",2015,5,19,2015-05-04,2015-05-10,0,0
"Tanzania","TZA",2015,5,20,2015-05-11,2015-05-17,0,0
"Tanzania","TZA",2015,5,21,2015-05-18,2015-05-24,0,0
"Tanzania","TZA",2015,5,22,2015-05-25,2015-05-31,0,0
"Tanzania","TZA",2015,6,23,2015-06-01,2015-06-07,0,0
"Tanzania","TZA",2015,6,24,2015-06-08,2015-06-14,0,0
"Tanzania","TZA",2015,6,25,2015-06-15,2015-06-21,0,0
"Tanzania","TZA",2015,6,26,2015-06-22,2015-06-28,0,0
"Tanzania","TZA",2015,6,27,2015-06-29,2015-07-05,0,0
"Tanzania","TZA",2015,7,28,2015-07-06,2015-07-12,0,0
"Tanzania","TZA",2015,7,29,2015-07-13,2015-07-19,0,0
"Tanzania","TZA",2015,7,30,2015-07-20,2015-07-26,0,0
"Tanzania","TZA",2015,7,31,2015-07-27,2015-08-02,0,0
"Tanzania","TZA",2015,8,32,2015-08-03,2015-08-09,0,0
"Tanzania","TZA",2015,8,33,2015-08-10,2015-08-16,0,0
"Tanzania","TZA",2015,8,34,2015-08-17,2015-08-23,377.75,0
"Tanzania","TZA",2015,8,35,2015-08-24,2015-08-30,423,0
"Tanzania","TZA",2015,8,36,2015-08-31,2015-09-06,396.75,0
"Tanzania","TZA",2015,9,37,2015-09-07,2015-09-13,428,0
"Tanzania","TZA",2015,9,38,2015-09-14,2015-09-20,653,0
"Tanzania","TZA",2015,9,39,2015-09-21,2015-09-27,670.75,0
"Tanzania","TZA",2015,9,40,2015-09-28,2015-10-04,717.25,0
"Tanzania","TZA",2015,10,41,2015-10-05,2015-10-11,662,0
"Tanzania","TZA",2015,10,42,2015-10-12,2015-10-18,768,0
"Tanzania","TZA",2015,10,43,2015-10-19,2015-10-25,1219,0
"Tanzania","TZA",2015,10,44,2015-10-26,2015-11-01,780.5,0
"Tanzania","TZA",2015,11,45,2015-11-02,2015-11-08,630.25,0
"Tanzania","TZA",2015,11,46,2015-11-09,2015-11-15,582,0
"Tanzania","TZA",2015,11,47,2015-11-16,2015-11-22,507,0
"Tanzania","TZA",2015,11,48,2015-11-23,2015-11-29,580.25,0
"Tanzania","TZA",2015,11,49,2015-11-30,2015-12-06,686.5,0
"Tanzania","TZA",2015,12,50,2015-12-07,2015-12-13,683,0
"Tanzania","TZA",2015,12,51,2015-12-14,2015-12-20,513.75,0
"Tanzania","TZA",2015,12,52,2015-12-21,2015-12-27,583,0
"Tanzania","TZA",2015,12,53,2015-12-28,2016-01-03,594.5,0
"Tanzania","TZA",2016,1,1,2016-01-04,2016-01-10,561,0
"Tanzania","TZA",2016,1,2,2016-01-11,2016-01-17,510,0
"Tanzania","TZA",2016,1,3,2016-01-18,2016-01-24,411.75,0
"Tanzania","TZA",2016,1,4,2016-01-25,2016-01-31,415.75,0
"Tanzania","TZA",2016,2,5,2016-02-01,2016-02-07,377.5,0
"Tanzania","TZA",2016,2,6,2016-02-08,2016-02-14,489.25,0
"Tanzania","TZA",2016,2,7,2016-02-15,2016-02-21,491,0
"Tanzania","TZA",2016,2,8,2016-02-22,2016-02-28,547.25,0
"Tanzania","TZA",2016,2,9,2016-02-29,2016-03-06,636,0
"Tanzania","TZA",2016,3,10,2016-03-07,2016-03-13,716,0
"Tanzania","TZA",2016,3,11,2016-03-14,2016-03-20,651.25,0
"Tanzania","TZA",2016,3,12,2016-03-21,2016-03-27,551.75,0
"Tanzania","TZA",2016,3,13,2016-03-28,2016-04-03,400.25,0
"Tanzania","TZA",2016,4,14,2016-04-04,2016-04-10,254,0
"Tanzania","TZA",2016,4,15,2016-04-11,2016-04-17,161.5,0
"Tanzania","TZA",2016,4,16,2016-04-18,2016-04-24,124,0
"Tanzania","TZA",2016,4,17,2016-04-25,2016-05-01,134,0
"Tanzania","TZA",2016,5,18,2016-05-02,2016-05-08,149.75,0
"Tanzania","TZA",2016,5,19,2016-05-09,2016-05-15,140.5,0
"Tanzania","TZA",2016,5,20,2016-05-16,2016-05-22,79,0
"Tanzania","TZA",2016,5,21,2016-05-23,2016-05-29,61,0
"Tanzania","TZA",2016,5,22,2016-05-30,2016-06-05,59,0
"Tanzania","TZA",2016,6,23,2016-06-06,2016-06-12,54.5,0
"Tanzania","TZA",2016,6,24,2016-06-13,2016-06-19,41.5,0
"Tanzania","TZA",2016,6,25,2016-06-20,2016-06-26,35.25,0
"Tanzania","TZA",2016,6,26,2016-06-27,2016-07-03,30,0
"Tanzania","TZA",2016,7,27,2016-07-04,2016-07-10,43.75,0
"Tanzania","TZA",2016,7,28,2016-07-11,2016-07-17,37.75,0
"Tanzania","TZA",2016,7,29,2016-07-18,2016-07-24,35.75,0
"Tanzania","TZA",2016,7,30,2016-07-25,2016-07-31,23.75,0
"Tanzania","TZA",2016,8,31,2016-08-01,2016-08-07,30.25,0
"Tanzania","TZA",2016,8,32,2016-08-08,2016-08-14,20.75,0
"Tanzania","TZA",2016,8,33,2016-08-15,2016-08-21,16,0
"Tanzania","TZA",2016,8,34,2016-08-22,2016-08-28,23.75,0
"Tanzania","TZA",2016,8,35,2016-08-29,2016-09-04,34.25,0
"Tanzania","TZA",2016,9,36,2016-09-05,2016-09-11,23.75,0
"Tanzania","TZA",2016,9,37,2016-09-12,2016-09-18,25.5,0
"Tanzania","TZA",2016,9,38,2016-09-19,2016-09-25,21.25,0
"Tanzania","TZA",2016,9,39,2016-09-26,2016-10-02,21.5,0
"Tanzania","TZA",2016,10,40,2016-10-03,2016-10-09,37.25,0
"Tanzania","TZA",2016,10,41,2016-10-10,2016-10-16,50.75,0
"Tanzania","TZA",2016,10,42,2016-10-17,2016-10-23,68.25,0
"Tanzania","TZA",2016,10,43,2016-10-24,2016-10-30,125.75,0
"Tanzania","TZA",2016,10,44,2016-10-31,2016-11-06,97.25,0
"Tanzania","TZA",2016,11,45,2016-11-07,2016-11-13,76.75,0
"Tanzania","TZA",2016,11,46,2016-11-14,2016-11-20,120.5,0
"Tanzania","TZA",2016,11,47,2016-11-21,2016-11-27,94.5,0
"Tanzania","TZA",2016,11,48,2016-11-28,2016-12-04,131.75,0
"Tanzania","TZA",2016,12,49,2016-12-05,2016-12-11,171.5,0
"Tanzania","TZA",2016,12,50,2016-12-12,2016-12-18,142.75,0
"Tanzania","TZA",2016,12,51,2016-12-19,2016-12-25,137.75,0
"Tanzania","TZA",2016,12,52,2016-12-26,2017-01-01,208.75,0
"Tanzania","TZA",2017,1,1,2017-01-02,2017-01-08,167,0
"Tanzania","TZA",2017,1,2,2017-01-09,2017-01-15,111.5,0
"Tanzania","TZA",2017,1,3,2017-01-16,2017-01-22,229.25,0
"Tanzania","TZA",2017,1,4,2017-01-23,2017-01-29,184,0
"Tanzania","TZA",2017,1,5,2017-01-30,2017-02-05,39.5,0
"Tanzania","TZA",2017,2,6,2017-02-06,2017-02-12,41.5,0
"Tanzania","TZA",2017,2,7,2017-02-13,2017-02-19,55.5,0
"Tanzania","TZA",2017,2,8,2017-02-20,2017-02-26,34.25,0
"Tanzania","TZA",2017,2,9,2017-02-27,2017-03-05,36,0
"Tanzania","TZA",2017,3,10,2017-03-06,2017-03-12,29.5,0
"Tanzania","TZA",2017,3,11,2017-03-13,2017-03-19,10.75,0
"Tanzania","TZA",2017,3,12,2017-03-20,2017-03-26,6.6,1
"Tanzania","TZA",2017,3,13,2017-03-27,2017-04-02,1.4,0
"Tanzania","TZA",2017,4,14,2017-04-03,2017-04-09,9.75,0
"Tanzania","TZA",2017,4,15,2017-04-10,2017-04-16,9.25,0
"Tanzania","TZA",2017,4,16,2017-04-17,2017-04-23,13,0
"Tanzania","TZA",2017,4,17,2017-04-24,2017-04-30,10,0
"Tanzania","TZA",2017,5,18,2017-05-01,2017-05-07,20,0
"Tanzania","TZA",2017,5,19,2017-05-08,2017-05-14,35.3333333333333,0
"Tanzania","TZA",2017,5,20,2017-05-15,2017-05-21,37.6,5
"Tanzania","TZA",2017,5,21,2017-05-22,2017-05-28,29.25,0
"Tanzania","TZA",2017,5,22,2017-05-29,2017-06-04,28.25,0
"Tanzania","TZA",2017,6,23,2017-06-05,2017-06-11,17.6,0
"Tanzania","TZA",2017,6,24,2017-06-12,2017-06-18,132,0
"Tanzania","TZA",2017,6,25,2017-06-19,2017-06-25,101.5,0
"Tanzania","TZA",2017,6,26,2017-06-26,2017-07-02,21.5,0
"Tanzania","TZA",2017,7,27,2017-07-03,2017-07-09,2.25,0
"Tanzania","TZA",2017,7,28,2017-07-10,2017-07-16,8,0
"Tanzania","TZA",2017,7,29,2017-07-17,2017-07-23,8,0
"Tanzania","TZA",2017,7,30,2017-07-24,2017-07-30,80.3333333333333,0
"Tanzania","TZA",2017,7,31,2017-07-31,2017-08-06,207.75,4
"Tanzania","TZA",2017,8,32,2017-08-07,2017-08-13,169.75,0
"Tanzania","TZA",2017,8,33,2017-08-14,2017-08-20,71.5,0
"Tanzania","TZA",2017,8,34,2017-08-21,2017-08-27,102.6,0
"Tanzania","TZA",2017,8,35,2017-08-28,2017-09-03,125.25,3
"Tanzania","TZA",2017,9,36,2017-09-04,2017-09-10,148.75,1
"Tanzania","TZA",2017,9,37,2017-09-11,2017-09-17,144.4,1
"Tanzania","TZA",2017,9,38,2017-09-18,2017-09-24,83.6666666666667,1
"Tanzania","TZA",2017,9,39,2017-09-25,2017-10-01,92.5,2
"Tanzania","TZA",2017,10,40,2017-10-02,2017-10-08,115.333333333333,1
"Tanzania","TZA",2017,10,41,2017-10-09,2017-10-15,105.25,1
"Tanzania","TZA",2017,10,42,2017-10-16,2017-10-22,96.5,1
"Tanzania","TZA",2017,10,43,2017-10-23,2017-10-29,159.666666666667,7
"Tanzania","TZA",2017,10,44,2017-10-30,2017-11-05,69.5,2
"Tanzania","TZA",2017,11,45,2017-11-06,2017-11-12,125,1
"Tanzania","TZA",2017,11,46,2017-11-13,2017-11-19,66,0
"Tanzania","TZA",2017,11,47,2017-11-20,2017-11-26,109.166666666667,4
"Tanzania","TZA",2017,11,48,2017-11-27,2017-12-03,212.8,8
"Tanzania","TZA",2017,12,49,2017-12-04,2017-12-10,208,5
"Tanzania","TZA",2017,12,50,2017-12-11,2017-12-17,87.5,1
"Tanzania","TZA",2017,12,51,2017-12-18,2017-12-24,166,5
"Tanzania","TZA",2017,12,52,2017-12-25,2017-12-31,185.333333333333,11
"Tanzania","TZA",2018,1,1,2018-01-01,2018-01-07,127,4
"Tanzania","TZA",2018,1,2,2018-01-08,2018-01-14,49,1
"Tanzania","TZA",2018,1,3,2018-01-15,2018-01-21,66,0
"Tanzania","TZA",2018,1,4,2018-01-22,2018-01-28,83,4
"Tanzania","TZA",2018,1,5,2018-01-29,2018-02-04,151,3
"Tanzania","TZA",2018,2,6,2018-02-05,2018-02-11,278,3
"Tanzania","TZA",2018,2,7,2018-02-12,2018-02-18,231,5
"Tanzania","TZA",2018,2,8,2018-02-19,2018-02-25,321,7
"Tanzania","TZA",2018,2,9,2018-02-26,2018-03-04,116,0
"Tanzania","TZA",2018,3,10,2018-03-05,2018-03-11,18,0
"Tanzania","TZA",2018,3,11,2018-03-12,2018-03-18,0,0
"Tanzania","TZA",2018,3,12,2018-03-19,2018-03-25,5,0
"Tanzania","TZA",2018,3,13,2018-03-26,2018-04-01,3,0
"Tanzania","TZA",2018,4,14,2018-04-02,2018-04-08,51,0.5
"Tanzania","TZA",2018,4,15,2018-04-09,2018-04-15,145.5,1
"Tanzania","TZA",2018,4,16,2018-04-16,2018-04-22,115,5
"Tanzania","TZA",2018,4,17,2018-04-23,2018-04-29,12,0
"Tanzania","TZA",2018,4,18,2018-04-30,2018-05-06,89,3
"Tanzania","TZA",2018,5,19,2018-05-07,2018-05-13,44,0
"Tanzania","TZA",2018,5,20,2018-05-14,2018-05-20,250,8
"Tanzania","TZA",2018,5,21,2018-05-21,2018-05-27,239,7
"Tanzania","TZA",2018,5,22,2018-05-28,2018-06-03,116,1
"Tanzania","TZA",2018,6,23,2018-06-04,2018-06-10,77,0
"Tanzania","TZA",2018,6,24,2018-06-11,2018-06-17,88,2
"Tanzania","TZA",2018,6,25,2018-06-18,2018-06-24,115,3
"Tanzania","TZA",2018,6,26,2018-06-25,2018-07-01,144,2
"Tanzania","TZA",2018,7,27,2018-07-02,2018-07-08,109,0
"Tanzania","TZA",2018,7,28,2018-07-09,2018-07-15,189,4
"Tanzania","TZA",2018,7,29,2018-07-16,2018-07-22,104,1
"Tanzania","TZA",2018,7,30,2018-07-23,2018-07-29,75,2
"Tanzania","TZA",2018,7,31,2018-07-30,2018-08-05,60,0
"Tanzania","TZA",2018,8,32,2018-08-06,2018-08-12,64,0
"Tanzania","TZA",2018,8,33,2018-08-13,2018-08-19,58,1
"Tanzania","TZA",2018,8,34,2018-08-20,2018-08-26,86,1
"Tanzania","TZA",2018,8,35,2018-08-27,2018-09-02,54,0
"Tanzania","TZA",2018,9,36,2018-09-03,2018-09-09,69,1
"Tanzania","TZA",2018,9,37,2018-09-10,2018-09-16,118,0
"Tanzania","TZA",2018,9,38,2018-09-17,2018-09-23,150,6
"Tanzania","TZA",2018,9,39,2018-09-24,2018-09-30,96,3
"Tanzania","TZA",2018,10,40,2018-10-01,2018-10-07,98,3
"Tanzania","TZA",2018,10,41,2018-10-08,2018-10-14,35,1
"Tanzania","TZA",2018,10,42,2018-10-15,2018-10-21,28,0
"Tanzania","TZA",2018,10,43,2018-10-22,2018-10-28,40.5,0
"Tanzania","TZA",2018,10,44,2018-10-29,2018-11-04,47,0
"Tanzania","TZA",2018,11,45,2018-11-05,2018-11-11,16,0
"Tanzania","TZA",2018,11,46,2018-11-12,2018-11-18,23,1
"Tanzania","TZA",2018,11,47,2018-11-19,2018-11-25,13,0
"Tanzania","TZA",2018,11,48,2018-11-26,2018-12-02,193,1
"Tanzania","TZA",2018,12,49,2018-12-03,2018-12-09,45,0
"Tanzania","TZA",2018,12,50,2018-12-10,2018-12-16,25,0
"Tanzania","TZA",2018,12,51,2018-12-17,2018-12-23,12,0
"Tanzania","TZA",2018,12,52,2018-12-24,2018-12-30,13,0
"Tanzania","TZA",2019,12,1,2018-12-31,2019-01-06,4,0
"Tanzania","TZA",2019,1,2,2019-01-07,2019-01-13,0,0
"Tanzania","TZA",2019,1,3,2019-01-14,2019-01-20,0,0
"Tanzania","TZA",2019,1,4,2019-01-21,2019-01-27,5,0
"Tanzania","TZA",2019,1,5,2019-01-28,2019-02-03,26,1
"Tanzania","TZA",2019,2,6,2019-02-04,2019-02-10,16,0
"Tanzania","TZA",2019,2,7,2019-02-11,2019-02-17,12,0
"Tanzania","TZA",2019,2,8,2019-02-18,2019-02-24,7,1
"Tanzania","TZA",2019,2,9,2019-02-25,2019-03-03,14,0
"Tanzania","TZA",2019,3,10,2019-03-04,2019-03-10,9,0
"Tanzania","TZA",2019,3,11,2019-03-11,2019-03-17,23,0
"Tanzania","TZA",2019,3,12,2019-03-18,2019-03-24,38,0
"Tanzania","TZA",2019,3,13,2019-03-25,2019-03-31,17,0
"Tanzania","TZA",2019,4,14,2019-04-01,2019-04-07,8,1
"Tanzania","TZA",2019,4,15,2019-04-08,2019-04-14,11,0
"Tanzania","TZA",2019,4,16,2019-04-15,2019-04-21,26,0
"Tanzania","TZA",2019,4,17,2019-04-22,2019-04-28,0,0
"Tanzania","TZA",2019,4,18,2019-04-29,2019-05-05,0,0
"Tanzania","TZA",2019,5,19,2019-05-06,2019-05-12,0,0
"Tanzania","TZA",2019,5,20,2019-05-13,2019-05-19,0,0
"Tanzania","TZA",2019,5,21,2019-05-20,2019-05-26,0,0
"Tanzania","TZA",2019,5,22,2019-05-27,2019-06-02,0,0
"Tanzania","TZA",2019,6,23,2019-06-03,2019-06-09,0,0
"Tanzania","TZA",2019,6,24,2019-06-10,2019-06-16,0,0
"Uganda","UGA",2015,1,2,2015-01-05,2015-01-11,0,0
"Uganda","UGA",2015,1,3,2015-01-12,2015-01-18,0,0
"Uganda","UGA",2015,1,4,2015-01-19,2015-01-25,0,0
"Uganda","UGA",2015,1,5,2015-01-26,2015-02-01,0,0
"Uganda","UGA",2015,2,6,2015-02-02,2015-02-08,0,0
"Uganda","UGA",2015,2,7,2015-02-09,2015-02-15,0,0
"Uganda","UGA",2015,2,8,2015-02-16,2015-02-22,0,0
"Uganda","UGA",2015,2,9,2015-02-23,2015-03-01,0,0
"Uganda","UGA",2015,3,10,2015-03-02,2015-03-08,0,0
"Uganda","UGA",2015,3,11,2015-03-09,2015-03-15,32,0
"Uganda","UGA",2015,3,12,2015-03-16,2015-03-22,0,0
"Uganda","UGA",2015,3,13,2015-03-23,2015-03-29,0,0
"Uganda","UGA",2015,3,14,2015-03-30,2015-04-05,0,0
"Uganda","UGA",2015,4,15,2015-04-06,2015-04-12,0,0
"Uganda","UGA",2015,4,16,2015-04-13,2015-04-19,6,0
"Uganda","UGA",2015,4,17,2015-04-20,2015-04-26,0,0
"Uganda","UGA",2015,4,18,2015-04-27,2015-05-03,37,0
"Uganda","UGA",2015,5,19,2015-05-04,2015-05-10,5,0
"Uganda","UGA",2015,5,20,2015-05-11,2015-05-17,0,0
"Uganda","UGA",2015,5,21,2015-05-18,2015-05-24,0,0
"Uganda","UGA",2015,5,22,2015-05-25,2015-05-31,3,0
"Uganda","UGA",2015,6,23,2015-06-01,2015-06-07,0,0
"Uganda","UGA",2015,6,24,2015-06-08,2015-06-14,0,0
"Uganda","UGA",2015,6,25,2015-06-15,2015-06-21,0,0
"Uganda","UGA",2015,6,26,2015-06-22,2015-06-28,8,0
"Uganda","UGA",2015,6,27,2015-06-29,2015-07-05,10,0
"Uganda","UGA",2015,7,28,2015-07-06,2015-07-12,4,0
"Uganda","UGA",2015,7,29,2015-07-13,2015-07-19,10.5,0
"Uganda","UGA",2015,7,30,2015-07-20,2015-07-26,13,0
"Uganda","UGA",2015,7,31,2015-07-27,2015-08-02,0,0
"Uganda","UGA",2015,8,32,2015-08-03,2015-08-09,0,0
"Uganda","UGA",2015,8,33,2015-08-10,2015-08-16,0,0
"Uganda","UGA",2015,8,34,2015-08-17,2015-08-23,0,0
"Uganda","UGA",2015,8,35,2015-08-24,2015-08-30,0,0
"Uganda","UGA",2015,8,36,2015-08-31,2015-09-06,0,0
"Uganda","UGA",2015,9,37,2015-09-07,2015-09-13,0,0
"Uganda","UGA",2015,9,38,2015-09-14,2015-09-20,0,0
"Uganda","UGA",2015,9,39,2015-09-21,2015-09-27,0,0
"Uganda","UGA",2015,9,40,2015-09-28,2015-10-04,0,0
"Uganda","UGA",2015,10,41,2015-10-05,2015-10-11,0,0
"Uganda","UGA",2015,10,42,2015-10-12,2015-10-18,0,0
"Uganda","UGA",2015,10,43,2015-10-19,2015-10-25,0,0
"Uganda","UGA",2015,10,44,2015-10-26,2015-11-01,0,0
"Uganda","UGA",2015,11,45,2015-11-02,2015-11-08,0,0
"Uganda","UGA",2015,11,46,2015-11-09,2015-11-15,0,0
"Uganda","UGA",2015,11,47,2015-11-16,2015-11-22,0,0
"Uganda","UGA",2015,11,48,2015-11-23,2015-11-29,0,0
"Uganda","UGA",2015,11,49,2015-11-30,2015-12-06,0,0
"Uganda","UGA",2015,12,50,2015-12-07,2015-12-13,0,0
"Uganda","UGA",2015,12,51,2015-12-14,2015-12-20,0,0
"Uganda","UGA",2015,12,52,2015-12-21,2015-12-27,6,0
"Uganda","UGA",2015,12,53,2015-12-28,2016-01-03,0,0
"Uganda","UGA",2016,1,1,2016-01-04,2016-01-10,0,0
"Uganda","UGA",2016,1,2,2016-01-11,2016-01-17,0,0
"Uganda","UGA",2016,1,3,2016-01-18,2016-01-24,0,0
"Uganda","UGA",2016,1,4,2016-01-25,2016-01-31,0,0
"Uganda","UGA",2016,2,5,2016-02-01,2016-02-07,0,0
"Uganda","UGA",2016,2,6,2016-02-08,2016-02-14,0,0
"Uganda","UGA",2016,2,7,2016-02-15,2016-02-21,0,0
"Uganda","UGA",2016,2,8,2016-02-22,2016-02-28,1,0
"Uganda","UGA",2016,2,9,2016-02-29,2016-03-06,0,0
"Uganda","UGA",2016,3,10,2016-03-07,2016-03-13,0,0
"Uganda","UGA",2016,3,11,2016-03-14,2016-03-20,0,0
"Uganda","UGA",2016,3,12,2016-03-21,2016-03-27,0,0
"Uganda","UGA",2016,3,13,2016-03-28,2016-04-03,0,0
"Uganda","UGA",2016,4,14,2016-04-04,2016-04-10,0,0
"Uganda","UGA",2016,4,15,2016-04-11,2016-04-17,24,1
"Uganda","UGA",2016,4,16,2016-04-18,2016-04-24,0,0
"Uganda","UGA",2016,4,17,2016-04-25,2016-05-01,0,0
"Uganda","UGA",2016,5,18,2016-05-02,2016-05-08,0,0
"Uganda","UGA",2016,5,19,2016-05-09,2016-05-15,0,0
"Uganda","UGA",2016,5,20,2016-05-16,2016-05-22,0,0
"Uganda","UGA",2016,5,21,2016-05-23,2016-05-29,0,0
"Uganda","UGA",2016,5,22,2016-05-30,2016-06-05,0,0
"Uganda","UGA",2016,6,23,2016-06-06,2016-06-12,0,0
"Uganda","UGA",2016,6,24,2016-06-13,2016-06-19,0,0
"Uganda","UGA",2016,6,25,2016-06-20,2016-06-26,0,0
"Uganda","UGA",2016,6,26,2016-06-27,2016-07-03,0,0
"Uganda","UGA",2016,7,27,2016-07-04,2016-07-10,0,0
"Uganda","UGA",2016,7,28,2016-07-11,2016-07-17,0,0
"Uganda","UGA",2016,7,29,2016-07-18,2016-07-24,0,0
"Uganda","UGA",2016,7,30,2016-07-25,2016-07-31,0,0
"Uganda","UGA",2016,8,31,2016-08-01,2016-08-07,0,0
"Uganda","UGA",2016,8,32,2016-08-08,2016-08-14,0,0
"Uganda","UGA",2016,8,33,2016-08-15,2016-08-21,0,0
"Uganda","UGA",2016,8,34,2016-08-22,2016-08-28,24,0
"Uganda","UGA",2016,8,35,2016-08-29,2016-09-04,0,0
"Uganda","UGA",2016,9,36,2016-09-05,2016-09-11,0,0
"Uganda","UGA",2016,9,37,2016-09-12,2016-09-18,0,0
"Uganda","UGA",2016,9,38,2016-09-19,2016-09-25,3,1
"Uganda","UGA",2016,9,39,2016-09-26,2016-10-02,0,0
"Uganda","UGA",2016,10,40,2016-10-03,2016-10-09,0,0
"Uganda","UGA",2016,10,41,2016-10-10,2016-10-16,0,0
"Uganda","UGA",2016,10,42,2016-10-17,2016-10-23,0,0
"Uganda","UGA",2016,10,43,2016-10-24,2016-10-30,0,0
"Uganda","UGA",2016,10,44,2016-10-31,2016-11-06,0,0
"Uganda","UGA",2016,11,45,2016-11-07,2016-11-13,0,0
"Uganda","UGA",2016,11,46,2016-11-14,2016-11-20,0,0
"Uganda","UGA",2016,11,47,2016-11-21,2016-11-27,0,0
"Uganda","UGA",2016,11,48,2016-11-28,2016-12-04,0,0
"Uganda","UGA",2016,12,49,2016-12-05,2016-12-11,0,0
"Uganda","UGA",2016,12,50,2016-12-12,2016-12-18,0,0
"Uganda","UGA",2016,12,51,2016-12-19,2016-12-25,0,0
"Uganda","UGA",2016,12,52,2016-12-26,2017-01-01,0,0
"Uganda","UGA",2017,1,1,2017-01-02,2017-01-08,0,0
"Uganda","UGA",2017,1,2,2017-01-09,2017-01-15,0,0
"Uganda","UGA",2017,1,3,2017-01-16,2017-01-22,0,0
"Uganda","UGA",2017,1,4,2017-01-23,2017-01-29,0,0
"Uganda","UGA",2017,1,5,2017-01-30,2017-02-05,0,0
"Uganda","UGA",2017,2,6,2017-02-06,2017-02-12,0,0
"Uganda","UGA",2017,2,7,2017-02-13,2017-02-19,0,0
"Uganda","UGA",2017,2,8,2017-02-20,2017-02-26,0,0
"Uganda","UGA",2017,2,9,2017-02-27,2017-03-05,0,0
"Uganda","UGA",2017,3,10,2017-03-06,2017-03-12,0,0
"Uganda","UGA",2017,3,11,2017-03-13,2017-03-19,0,0
"Uganda","UGA",2017,3,12,2017-03-20,2017-03-26,0,0
"Uganda","UGA",2017,3,13,2017-03-27,2017-04-02,0,0
"Uganda","UGA",2017,4,14,2017-04-03,2017-04-09,0,0
"Uganda","UGA",2017,4,15,2017-04-10,2017-04-16,0,0
"Uganda","UGA",2017,4,16,2017-04-17,2017-04-23,0,0
"Uganda","UGA",2017,4,17,2017-04-24,2017-04-30,0,0
"Uganda","UGA",2017,5,18,2017-05-01,2017-05-07,0,0
"Uganda","UGA",2017,5,19,2017-05-08,2017-05-14,0,0
"Uganda","UGA",2017,5,20,2017-05-15,2017-05-21,0,0
"Uganda","UGA",2017,5,21,2017-05-22,2017-05-28,0,0
"Uganda","UGA",2017,5,22,2017-05-29,2017-06-04,0,0
"Uganda","UGA",2017,6,23,2017-06-05,2017-06-11,0,0
"Uganda","UGA",2017,6,24,2017-06-12,2017-06-18,0,0
"Uganda","UGA",2017,6,25,2017-06-19,2017-06-25,0,0
"Uganda","UGA",2017,6,26,2017-06-26,2017-07-02,1,0
"Uganda","UGA",2017,7,27,2017-07-03,2017-07-09,56,0
"Uganda","UGA",2017,7,28,2017-07-10,2017-07-16,225,0
"Uganda","UGA",2017,7,29,2017-07-17,2017-07-23,0,0
"Uganda","UGA",2017,7,30,2017-07-24,2017-07-30,0,0
"Uganda","UGA",2017,7,31,2017-07-31,2017-08-06,0,0
"Uganda","UGA",2017,8,32,2017-08-07,2017-08-13,0,0
"Uganda","UGA",2017,8,33,2017-08-14,2017-08-20,0,0
"Uganda","UGA",2017,8,34,2017-08-21,2017-08-27,0,0
"Uganda","UGA",2017,8,35,2017-08-28,2017-09-03,0,0
"Uganda","UGA",2017,9,36,2017-09-04,2017-09-10,0,0
"Uganda","UGA",2017,9,37,2017-09-11,2017-09-17,0,0
"Uganda","UGA",2017,9,38,2017-09-18,2017-09-24,0,0
"Uganda","UGA",2017,9,39,2017-09-25,2017-10-01,83,3
"Uganda","UGA",2017,10,40,2017-10-02,2017-10-08,72,0
"Uganda","UGA",2017,10,41,2017-10-09,2017-10-15,23,0
"Uganda","UGA",2017,10,42,2017-10-16,2017-10-22,0,0
"Uganda","UGA",2017,10,43,2017-10-23,2017-10-29,0,0
"Uganda","UGA",2017,10,44,2017-10-30,2017-11-05,48,0
"Uganda","UGA",2017,11,45,2017-11-06,2017-11-12,7,0
"Uganda","UGA",2017,11,46,2017-11-13,2017-11-19,22,1
"Uganda","UGA",2017,11,47,2017-11-20,2017-11-26,12,1
"Uganda","UGA",2017,11,48,2017-11-27,2017-12-03,14,0
"Uganda","UGA",2017,12,49,2017-12-04,2017-12-10,0,0
"Uganda","UGA",2017,12,50,2017-12-11,2017-12-17,0,0
"Uganda","UGA",2017,12,51,2017-12-18,2017-12-24,0,0
"Uganda","UGA",2017,12,52,2017-12-25,2017-12-31,0,0
"Uganda","UGA",2018,1,1,2018-01-01,2018-01-07,0,0
"Uganda","UGA",2018,1,2,2018-01-08,2018-01-14,0,0
"Uganda","UGA",2018,1,3,2018-01-15,2018-01-21,0,0
"Uganda","UGA",2018,1,4,2018-01-22,2018-01-28,0,0
"Uganda","UGA",2018,1,5,2018-01-29,2018-02-04,1,1
"Uganda","UGA",2018,2,6,2018-02-05,2018-02-11,5,0
"Uganda","UGA",2018,2,7,2018-02-12,2018-02-18,433,20
"Uganda","UGA",2018,2,8,2018-02-19,2018-02-25,470,11
"Uganda","UGA",2018,2,9,2018-02-26,2018-03-04,502,5
"Uganda","UGA",2018,3,10,2018-03-05,2018-03-11,175,1
"Uganda","UGA",2018,3,11,2018-03-12,2018-03-18,273,1
"Uganda","UGA",2018,3,12,2018-03-19,2018-03-25,155,3
"Uganda","UGA",2018,3,13,2018-03-26,2018-04-01,117,1
"Uganda","UGA",2018,4,14,2018-04-02,2018-04-08,60,4
"Uganda","UGA",2018,4,15,2018-04-09,2018-04-15,33,0
"Uganda","UGA",2018,4,16,2018-04-16,2018-04-22,110,2
"Uganda","UGA",2018,4,17,2018-04-23,2018-04-29,39,0
"Uganda","UGA",2018,4,18,2018-04-30,2018-05-06,13,0
"Uganda","UGA",2018,5,19,2018-05-07,2018-05-13,14,1
"Uganda","UGA",2018,5,20,2018-05-14,2018-05-20,12,0
"Uganda","UGA",2018,5,21,2018-05-21,2018-05-27,9,0
"Uganda","UGA",2018,5,22,2018-05-28,2018-06-03,20,2
"Uganda","UGA",2018,6,23,2018-06-04,2018-06-10,46,0
"Uganda","UGA",2018,6,24,2018-06-11,2018-06-17,33,1
"Uganda","UGA",2018,6,25,2018-06-18,2018-06-24,33,0
"Uganda","UGA",2018,6,26,2018-06-25,2018-07-01,39,0
"Uganda","UGA",2018,7,27,2018-07-02,2018-07-08,35,0
"Uganda","UGA",2018,7,28,2018-07-09,2018-07-15,13,0
"Uganda","UGA",2018,7,29,2018-07-16,2018-07-22,58,7
"Uganda","UGA",2018,7,30,2018-07-23,2018-07-29,0,0
"Uganda","UGA",2018,7,31,2018-07-30,2018-08-05,0,0
"Uganda","UGA",2018,8,32,2018-08-06,2018-08-12,0,0
"Uganda","UGA",2018,8,33,2018-08-13,2018-08-19,0,0
"Uganda","UGA",2018,8,34,2018-08-20,2018-08-26,0,0
"Uganda","UGA",2018,8,35,2018-08-27,2018-09-02,0,0
"Uganda","UGA",2018,9,36,2018-09-03,2018-09-09,0,0
"Uganda","UGA",2018,9,37,2018-09-10,2018-09-16,0,0
"Uganda","UGA",2018,9,38,2018-09-17,2018-09-23,0,0
"Uganda","UGA",2018,9,39,2018-09-24,2018-09-30,0,0
"Uganda","UGA",2018,10,40,2018-10-01,2018-10-07,0,0
"Uganda","UGA",2018,10,41,2018-10-08,2018-10-14,4,0
"Uganda","UGA",2018,10,42,2018-10-15,2018-10-21,0,0
"Uganda","UGA",2018,10,43,2018-10-22,2018-10-28,0,0
"Uganda","UGA",2018,10,44,2018-10-29,2018-11-04,0,0
"Uganda","UGA",2018,11,45,2018-11-05,2018-11-11,0,0
"Uganda","UGA",2018,11,46,2018-11-12,2018-11-18,0,0
"Uganda","UGA",2018,11,47,2018-11-19,2018-11-25,0,0
"Uganda","UGA",2018,11,48,2018-11-26,2018-12-02,0,0
"Uganda","UGA",2018,12,49,2018-12-03,2018-12-09,0,0
"Uganda","UGA",2018,12,50,2018-12-10,2018-12-16,0,0
"Uganda","UGA",2018,12,51,2018-12-17,2018-12-23,0,0
"Uganda","UGA",2018,12,52,2018-12-24,2018-12-30,0,0
"Uganda","UGA",2019,12,1,2018-12-31,2019-01-06,11,1
"Uganda","UGA",2019,1,2,2019-01-07,2019-01-13,14,0
"Uganda","UGA",2019,1,3,2019-01-14,2019-01-20,8,0
"Uganda","UGA",2019,1,4,2019-01-21,2019-01-27,5,0
"Uganda","UGA",2019,1,5,2019-01-28,2019-02-03,9,1
"Uganda","UGA",2019,2,6,2019-02-04,2019-02-10,6,1
"Uganda","UGA",2019,2,7,2019-02-11,2019-02-17,0,0
"Uganda","UGA",2019,2,8,2019-02-18,2019-02-24,0,0
"Uganda","UGA",2019,2,9,2019-02-25,2019-03-03,0,0
"Uganda","UGA",2019,3,10,2019-03-04,2019-03-10,0,0
"Uganda","UGA",2019,3,11,2019-03-11,2019-03-17,0,0
"Uganda","UGA",2019,3,12,2019-03-18,2019-03-24,0,0
"Uganda","UGA",2019,3,13,2019-03-25,2019-03-31,0,0
"Uganda","UGA",2019,4,14,2019-04-01,2019-04-07,0,0
"Uganda","UGA",2019,4,15,2019-04-08,2019-04-14,0,0
"Uganda","UGA",2019,4,16,2019-04-15,2019-04-21,0,0
"Uganda","UGA",2019,4,17,2019-04-22,2019-04-28,0,0
"Uganda","UGA",2019,4,18,2019-04-29,2019-05-05,0,0
"Uganda","UGA",2019,5,19,2019-05-06,2019-05-12,0,0
"Uganda","UGA",2019,5,20,2019-05-13,2019-05-19,0,0
"Uganda","UGA",2019,5,21,2019-05-20,2019-05-26,0,0
"Uganda","UGA",2019,5,22,2019-05-27,2019-06-02,0,0
"Uganda","UGA",2019,6,23,2019-06-03,2019-06-09,0,0
"Uganda","UGA",2019,6,24,2019-06-10,2019-06-16,0,0
"Uganda","UGA",2019,6,25,2019-06-17,2019-06-23,0,0
"Uganda","UGA",2019,6,26,2019-06-24,2019-06-30,0,0
"Uganda","UGA",2019,7,27,2019-07-01,2019-07-07,0,0
"Uganda","UGA",2019,7,28,2019-07-08,2019-07-14,0,0
"Uganda","UGA",2019,7,29,2019-07-15,2019-07-21,0,0
"Uganda","UGA",2019,7,30,2019-07-22,2019-07-28,0,0
"Uganda","UGA",2019,7,31,2019-07-29,2019-08-04,0,0
"Uganda","UGA",2019,8,32,2019-08-05,2019-08-11,0,0
"Uganda","UGA",2019,8,33,2019-08-12,2019-08-18,0,0
"Uganda","UGA",2019,8,34,2019-08-19,2019-08-25,0,0
"Uganda","UGA",2019,8,35,2019-08-26,2019-09-01,0,0
"Uganda","UGA",2019,9,36,2019-09-02,2019-09-08,0,0
"Uganda","UGA",2019,9,37,2019-09-09,2019-09-15,0,0
"Uganda","UGA",2019,9,38,2019-09-16,2019-09-22,0,0
"Uganda","UGA",2019,9,39,2019-09-23,2019-09-29,0,0
"Uganda","UGA",2019,9,40,2019-09-30,2019-10-06,0,0
"Uganda","UGA",2019,10,41,2019-10-07,2019-10-13,0,0
"Uganda","UGA",2019,10,42,2019-10-14,2019-10-20,0,0
"Uganda","UGA",2019,10,43,2019-10-21,2019-10-27,0,0
"Uganda","UGA",2019,10,44,2019-10-28,2019-11-03,0,0
"Uganda","UGA",2019,11,45,2019-11-04,2019-11-10,0,0
"Uganda","UGA",2019,11,46,2019-11-11,2019-11-17,0,0
"Uganda","UGA",2019,11,47,2019-11-18,2019-11-24,0,0
"Uganda","UGA",2019,11,48,2019-11-25,2019-12-01,0,0
"Uganda","UGA",2019,12,49,2019-12-02,2019-12-08,0,0
"Uganda","UGA",2019,12,50,2019-12-09,2019-12-15,0,0
"Uganda","UGA",2019,12,51,2019-12-16,2019-12-22,0,0
"Uganda","UGA",2019,12,52,2019-12-23,2019-12-29,0,0
"Uganda","UGA",2020,12,1,2019-12-30,2020-01-05,0,0
"Uganda","UGA",2020,1,2,2020-01-06,2020-01-12,0,0
"Uganda","UGA",2020,1,3,2020-01-13,2020-01-19,0,0
"Uganda","UGA",2020,1,4,2020-01-20,2020-01-26,0,0
"Uganda","UGA",2020,1,5,2020-01-27,2020-02-02,0,0
"Uganda","UGA",2020,2,6,2020-02-03,2020-02-09,0,0
"Uganda","UGA",2020,2,7,2020-02-10,2020-02-16,0,0
"Uganda","UGA",2020,2,8,2020-02-17,2020-02-23,0,0
"Uganda","UGA",2020,2,9,2020-02-24,2020-03-01,0,0
"Uganda","UGA",2020,3,10,2020-03-02,2020-03-08,0,0
"Uganda","UGA",2020,3,11,2020-03-09,2020-03-15,0,0
"Uganda","UGA",2020,3,12,2020-03-16,2020-03-22,0,0
"Uganda","UGA",2020,3,13,2020-03-23,2020-03-29,0,0
"Uganda","UGA",2020,3,14,2020-03-30,2020-04-05,0,0
"Uganda","UGA",2020,4,15,2020-04-06,2020-04-12,0,0
"Uganda","UGA",2020,4,16,2020-04-13,2020-04-19,0,0
"Uganda","UGA",2020,4,17,2020-04-20,2020-04-26,0,0
"Uganda","UGA",2020,4,18,2020-04-27,2020-05-03,0,0
"Uganda","UGA",2020,5,19,2020-05-04,2020-05-10,0,0
"Uganda","UGA",2020,5,20,2020-05-11,2020-05-17,0,0
"Uganda","UGA",2020,5,21,2020-05-18,2020-05-24,0,0
"Uganda","UGA",2020,5,22,2020-05-25,2020-05-31,0,0
"Uganda","UGA",2020,6,23,2020-06-01,2020-06-07,0,0
"Uganda","UGA",2020,6,24,2020-06-08,2020-06-14,0,0
"Uganda","UGA",2020,6,25,2020-06-15,2020-06-21,0,0
"Uganda","UGA",2020,6,26,2020-06-22,2020-06-28,0,0
"Uganda","UGA",2020,6,27,2020-06-29,2020-07-05,0,0
"Uganda","UGA",2020,7,28,2020-07-06,2020-07-12,0,0
"Uganda","UGA",2020,7,29,2020-07-13,2020-07-19,0,0
"Uganda","UGA",2020,7,30,2020-07-20,2020-07-26,0,0
"Uganda","UGA",2020,7,31,2020-07-27,2020-08-02,0,0
"Uganda","UGA",2020,8,32,2020-08-03,2020-08-09,0,0
"Uganda","UGA",2020,8,33,2020-08-10,2020-08-16,0,0
"Uganda","UGA",2020,8,34,2020-08-17,2020-08-23,0,0
"Uganda","UGA",2020,8,35,2020-08-24,2020-08-30,0,0
"Uganda","UGA",2020,8,36,2020-08-31,2020-09-06,0,0
"Uganda","UGA",2020,9,37,2020-09-07,2020-09-13,0,0
"Uganda","UGA",2020,9,38,2020-09-14,2020-09-20,0,0
"Uganda","UGA",2020,9,39,2020-09-21,2020-09-27,0,0
"Uganda","UGA",2020,9,40,2020-09-28,2020-10-04,0,0
"Uganda","UGA",2020,10,41,2020-10-05,2020-10-11,0,0
"Uganda","UGA",2020,10,42,2020-10-12,2020-10-18,0,0
"Uganda","UGA",2020,10,43,2020-10-19,2020-10-25,0,0
"Uganda","UGA",2020,10,44,2020-10-26,2020-11-01,0,0
"Uganda","UGA",2020,11,45,2020-11-02,2020-11-08,0,0
"Uganda","UGA",2020,11,46,2020-11-09,2020-11-15,0,0
"Uganda","UGA",2020,11,47,2020-11-16,2020-11-22,0,0
"Uganda","UGA",2020,11,48,2020-11-23,2020-11-29,0,0
"Uganda","UGA",2020,11,49,2020-11-30,2020-12-06,0,0
"Uganda","UGA",2020,12,50,2020-12-07,2020-12-13,0,0
"Uganda","UGA",2020,12,51,2020-12-14,2020-12-20,0,0
"Uganda","UGA",2020,12,52,2020-12-21,2020-12-27,0,0
"Uganda","UGA",2020,12,53,2020-12-28,2021-01-03,173,0
"Uganda","UGA",2021,1,1,2021-01-04,2021-01-10,0,0
"Uganda","UGA",2021,1,2,2021-01-11,2021-01-17,0,0
"Uganda","UGA",2021,1,3,2021-01-18,2021-01-24,0,0
"Uganda","UGA",2021,1,4,2021-01-25,2021-01-31,0,0
"Uganda","UGA",2021,2,5,2021-02-01,2021-02-07,0,0
"Uganda","UGA",2021,2,6,2021-02-08,2021-02-14,0,0
"Uganda","UGA",2021,2,7,2021-02-15,2021-02-21,0,0
"Uganda","UGA",2021,2,8,2021-02-22,2021-02-28,0,0
"Zambia","ZMB",2015,11,45,2015-11-02,2015-11-08,0,0
"Zambia","ZMB",2015,11,46,2015-11-09,2015-11-15,0,0
"Zambia","ZMB",2015,11,47,2015-11-16,2015-11-22,0,0
"Zambia","ZMB",2015,11,48,2015-11-23,2015-11-29,0,0
"Zambia","ZMB",2015,11,49,2015-11-30,2015-12-06,0,0
"Zambia","ZMB",2015,12,50,2015-12-07,2015-12-13,0,0
"Zambia","ZMB",2015,12,51,2015-12-14,2015-12-20,0,0
"Zambia","ZMB",2015,12,52,2015-12-21,2015-12-27,0,0
"Zambia","ZMB",2015,12,53,2015-12-28,2016-01-03,0,0
"Zambia","ZMB",2016,1,1,2016-01-04,2016-01-10,0,0
"Zambia","ZMB",2016,1,2,2016-01-11,2016-01-17,0,0
"Zambia","ZMB",2016,1,3,2016-01-18,2016-01-24,0,0
"Zambia","ZMB",2016,1,4,2016-01-25,2016-01-31,0,0
"Zambia","ZMB",2016,2,5,2016-02-01,2016-02-07,16,0
"Zambia","ZMB",2016,2,6,2016-02-08,2016-02-14,29,0
"Zambia","ZMB",2016,2,7,2016-02-15,2016-02-21,19,0
"Zambia","ZMB",2016,2,8,2016-02-22,2016-02-28,9,0
"Zambia","ZMB",2016,2,9,2016-02-29,2016-03-06,24,0
"Zambia","ZMB",2016,3,10,2016-03-07,2016-03-13,171,0
"Zambia","ZMB",2016,3,11,2016-03-14,2016-03-20,146,0
"Zambia","ZMB",2016,3,12,2016-03-21,2016-03-27,155,0
"Zambia","ZMB",2016,3,13,2016-03-28,2016-04-03,149,0
"Zambia","ZMB",2016,4,14,2016-04-04,2016-04-10,163,0
"Zambia","ZMB",2016,4,15,2016-04-11,2016-04-17,130,0
"Zambia","ZMB",2016,4,16,2016-04-18,2016-04-24,96,0
"Zambia","ZMB",2016,4,17,2016-04-25,2016-05-01,0,0
"Zambia","ZMB",2016,5,18,2016-05-02,2016-05-08,0,0
"Zambia","ZMB",2016,5,19,2016-05-09,2016-05-15,0,0
"Zambia","ZMB",2016,5,20,2016-05-16,2016-05-22,0,0
"Zambia","ZMB",2016,5,21,2016-05-23,2016-05-29,0,0
"Zambia","ZMB",2016,5,22,2016-05-30,2016-06-05,0,0
"Zambia","ZMB",2016,6,23,2016-06-06,2016-06-12,0,0
"Zambia","ZMB",2016,6,24,2016-06-13,2016-06-19,0,0
"Zambia","ZMB",2016,6,25,2016-06-20,2016-06-26,0,0
"Zambia","ZMB",2016,6,26,2016-06-27,2016-07-03,0,0
"Zambia","ZMB",2016,7,27,2016-07-04,2016-07-10,0,0
"Zambia","ZMB",2016,7,28,2016-07-11,2016-07-17,0,0
"Zambia","ZMB",2016,7,29,2016-07-18,2016-07-24,0,0
"Zambia","ZMB",2016,7,30,2016-07-25,2016-07-31,0,0
"Zambia","ZMB",2016,8,31,2016-08-01,2016-08-07,0,0
"Zambia","ZMB",2016,8,32,2016-08-08,2016-08-14,0,0
"Zambia","ZMB",2016,8,33,2016-08-15,2016-08-21,0,0
"Zambia","ZMB",2016,8,34,2016-08-22,2016-08-28,0,0
"Zambia","ZMB",2016,8,35,2016-08-29,2016-09-04,0,0
"Zambia","ZMB",2016,9,36,2016-09-05,2016-09-11,0,0
"Zambia","ZMB",2016,9,37,2016-09-12,2016-09-18,0,0
"Zambia","ZMB",2016,9,38,2016-09-19,2016-09-25,0,0
"Zambia","ZMB",2016,9,39,2016-09-26,2016-10-02,0,0
"Zambia","ZMB",2016,10,40,2016-10-03,2016-10-09,0,0
"Zambia","ZMB",2016,10,41,2016-10-10,2016-10-16,0,0
"Zambia","ZMB",2016,10,42,2016-10-17,2016-10-23,0,0
"Zambia","ZMB",2016,10,43,2016-10-24,2016-10-30,0,0
"Zambia","ZMB",2016,10,44,2016-10-31,2016-11-06,0,0
"Zambia","ZMB",2016,11,45,2016-11-07,2016-11-13,0,0
"Zambia","ZMB",2016,11,46,2016-11-14,2016-11-20,0,0
"Zambia","ZMB",2016,11,47,2016-11-21,2016-11-27,0,0
"Zambia","ZMB",2016,11,48,2016-11-28,2016-12-04,0,0
"Zambia","ZMB",2016,12,49,2016-12-05,2016-12-11,0,0
"Zambia","ZMB",2016,12,50,2016-12-12,2016-12-18,0,0
"Zambia","ZMB",2016,12,51,2016-12-19,2016-12-25,0,0
"Zambia","ZMB",2016,12,52,2016-12-26,2017-01-01,0,0
"Zambia","ZMB",2017,1,1,2017-01-02,2017-01-08,0,0
"Zambia","ZMB",2017,1,2,2017-01-09,2017-01-15,0,0
"Zambia","ZMB",2017,1,3,2017-01-16,2017-01-22,0,0
"Zambia","ZMB",2017,1,4,2017-01-23,2017-01-29,0,0
"Zambia","ZMB",2017,1,5,2017-01-30,2017-02-05,0,0
"Zambia","ZMB",2017,2,6,2017-02-06,2017-02-12,0,0
"Zambia","ZMB",2017,2,7,2017-02-13,2017-02-19,0,0
"Zambia","ZMB",2017,2,8,2017-02-20,2017-02-26,0,0
"Zambia","ZMB",2017,2,9,2017-02-27,2017-03-05,0,0
"Zambia","ZMB",2017,3,10,2017-03-06,2017-03-12,0,0
"Zambia","ZMB",2017,3,11,2017-03-13,2017-03-19,0,0
"Zambia","ZMB",2017,3,12,2017-03-20,2017-03-26,0,0
"Zambia","ZMB",2017,3,13,2017-03-27,2017-04-02,0,0
"Zambia","ZMB",2017,4,14,2017-04-03,2017-04-09,0,0
"Zambia","ZMB",2017,4,15,2017-04-10,2017-04-16,0,0
"Zambia","ZMB",2017,4,16,2017-04-17,2017-04-23,0,0
"Zambia","ZMB",2017,4,17,2017-04-24,2017-04-30,0,0
"Zambia","ZMB",2017,5,18,2017-05-01,2017-05-07,0,0
"Zambia","ZMB",2017,5,19,2017-05-08,2017-05-14,0,0
"Zambia","ZMB",2017,5,20,2017-05-15,2017-05-21,0,0
"Zambia","ZMB",2017,5,21,2017-05-22,2017-05-28,0,0
"Zambia","ZMB",2017,5,22,2017-05-29,2017-06-04,0,0
"Zambia","ZMB",2017,6,23,2017-06-05,2017-06-11,0,0
"Zambia","ZMB",2017,6,24,2017-06-12,2017-06-18,0,0
"Zambia","ZMB",2017,6,25,2017-06-19,2017-06-25,0,0
"Zambia","ZMB",2017,6,26,2017-06-26,2017-07-02,0,0
"Zambia","ZMB",2017,7,27,2017-07-03,2017-07-09,0,0
"Zambia","ZMB",2017,7,28,2017-07-10,2017-07-16,0,0
"Zambia","ZMB",2017,7,29,2017-07-17,2017-07-23,0,0
"Zambia","ZMB",2017,7,30,2017-07-24,2017-07-30,0,0
"Zambia","ZMB",2017,7,31,2017-07-31,2017-08-06,0,0
"Zambia","ZMB",2017,8,32,2017-08-07,2017-08-13,0,0
"Zambia","ZMB",2017,8,33,2017-08-14,2017-08-20,0,0
"Zambia","ZMB",2017,8,34,2017-08-21,2017-08-27,0,0
"Zambia","ZMB",2017,8,35,2017-08-28,2017-09-03,0,0
"Zambia","ZMB",2017,9,36,2017-09-04,2017-09-10,0,0
"Zambia","ZMB",2017,9,37,2017-09-11,2017-09-17,0,0
"Zambia","ZMB",2017,9,38,2017-09-18,2017-09-24,0,0
"Zambia","ZMB",2017,9,39,2017-09-25,2017-10-01,1,0
"Zambia","ZMB",2017,10,40,2017-10-02,2017-10-08,16.8333333333333,0
"Zambia","ZMB",2017,10,41,2017-10-09,2017-10-15,68.8333333333333,0
"Zambia","ZMB",2017,10,42,2017-10-16,2017-10-22,36.3125,0
"Zambia","ZMB",2017,10,43,2017-10-23,2017-10-29,2,0
"Zambia","ZMB",2017,10,44,2017-10-30,2017-11-05,3,0
"Zambia","ZMB",2017,11,45,2017-11-06,2017-11-12,22,0
"Zambia","ZMB",2017,11,46,2017-11-13,2017-11-19,52,0
"Zambia","ZMB",2017,11,47,2017-11-20,2017-11-26,93,0
"Zambia","ZMB",2017,11,48,2017-11-27,2017-12-03,120.285714285714,0.714285714285714
"Zambia","ZMB",2017,12,49,2017-12-04,2017-12-10,0,0
"Zambia","ZMB",2017,12,50,2017-12-11,2017-12-17,41,0
"Zambia","ZMB",2017,12,51,2017-12-18,2017-12-24,0,0
"Zambia","ZMB",2017,12,52,2017-12-25,2017-12-31,0,0
"Zambia","ZMB",2018,1,1,2018-01-01,2018-01-07,613,0
"Zambia","ZMB",2018,1,2,2018-01-08,2018-01-14,107,2
"Zambia","ZMB",2018,1,3,2018-01-15,2018-01-21,0,0
"Zambia","ZMB",2018,1,4,2018-01-22,2018-01-28,0,0
"Zambia","ZMB",2018,1,5,2018-01-29,2018-02-04,140,1
"Zambia","ZMB",2018,2,6,2018-02-05,2018-02-11,110,1
"Zambia","ZMB",2018,2,7,2018-02-12,2018-02-18,0,0
"Zambia","ZMB",2018,2,8,2018-02-19,2018-02-25,0,0
"Zambia","ZMB",2018,2,9,2018-02-26,2018-03-04,0,0
"Zambia","ZMB",2018,3,10,2018-03-05,2018-03-11,0,0
"Zambia","ZMB",2018,3,11,2018-03-12,2018-03-18,291,7
"Zambia","ZMB",2018,3,12,2018-03-19,2018-03-25,210,4
"Zambia","ZMB",2018,3,13,2018-03-26,2018-04-01,0,0
"Zambia","ZMB",2018,4,14,2018-04-02,2018-04-08,0,0
"Zambia","ZMB",2018,4,15,2018-04-09,2018-04-15,0,0
"Zambia","ZMB",2018,4,16,2018-04-16,2018-04-22,0,0
"Zambia","ZMB",2018,4,17,2018-04-23,2018-04-29,0,0
"Zambia","ZMB",2018,4,18,2018-04-30,2018-05-06,0,0
"Zambia","ZMB",2018,5,19,2018-05-07,2018-05-13,0,0
"Zambia","ZMB",2018,5,20,2018-05-14,2018-05-20,0,0
"Zambia","ZMB",2018,5,21,2018-05-21,2018-05-27,0,0
"Zambia","ZMB",2018,5,22,2018-05-28,2018-06-03,0,0
"Zambia","ZMB",2018,6,23,2018-06-04,2018-06-10,0,0
"Zambia","ZMB",2018,6,24,2018-06-11,2018-06-17,0,0
"Zambia","ZMB",2018,6,25,2018-06-18,2018-06-24,0,0
"Zambia","ZMB",2018,6,26,2018-06-25,2018-07-01,0,0
"Zambia","ZMB",2018,7,27,2018-07-02,2018-07-08,0,0
"Zambia","ZMB",2018,7,28,2018-07-09,2018-07-15,0,0
"Zambia","ZMB",2018,7,29,2018-07-16,2018-07-22,0,0
"Zambia","ZMB",2018,7,30,2018-07-23,2018-07-29,0,0
"Zambia","ZMB",2018,7,31,2018-07-30,2018-08-05,0,0
"Zambia","ZMB",2018,8,32,2018-08-06,2018-08-12,0,0
"Zambia","ZMB",2018,8,33,2018-08-13,2018-08-19,0,0
"Zambia","ZMB",2018,8,34,2018-08-20,2018-08-26,0,0
"Zambia","ZMB",2018,8,35,2018-08-27,2018-09-02,0,0
"Zambia","ZMB",2018,9,36,2018-09-03,2018-09-09,0,0
"Zambia","ZMB",2018,9,37,2018-09-10,2018-09-16,0,0
"Zambia","ZMB",2018,9,38,2018-09-17,2018-09-23,0,0
"Zambia","ZMB",2018,9,39,2018-09-24,2018-09-30,0,0
"Zambia","ZMB",2018,10,40,2018-10-01,2018-10-07,0,0
"Zambia","ZMB",2018,10,41,2018-10-08,2018-10-14,0,0
"Zambia","ZMB",2018,10,42,2018-10-15,2018-10-21,0,0
"Zambia","ZMB",2018,10,43,2018-10-22,2018-10-28,0,0
"Zambia","ZMB",2018,10,44,2018-10-29,2018-11-04,0,0
"Zambia","ZMB",2018,11,45,2018-11-05,2018-11-11,0,0
"Zambia","ZMB",2018,11,46,2018-11-12,2018-11-18,0,0
"Zambia","ZMB",2018,11,47,2018-11-19,2018-11-25,0,0
"Zambia","ZMB",2018,11,48,2018-11-26,2018-12-02,0,0
"Zambia","ZMB",2018,12,49,2018-12-03,2018-12-09,0,0
"Zambia","ZMB",2018,12,50,2018-12-10,2018-12-16,0,0
"Zambia","ZMB",2018,12,51,2018-12-17,2018-12-23,0,0
"Zambia","ZMB",2018,12,52,2018-12-24,2018-12-30,0,0
"Zambia","ZMB",2019,12,1,2018-12-31,2019-01-06,0,0
"Zambia","ZMB",2019,1,2,2019-01-07,2019-01-13,0,0
"Zambia","ZMB",2019,1,3,2019-01-14,2019-01-20,0,0
"Zambia","ZMB",2019,1,4,2019-01-21,2019-01-27,0,0
"Zambia","ZMB",2019,1,5,2019-01-28,2019-02-03,0,0
"Zambia","ZMB",2019,2,6,2019-02-04,2019-02-10,0,0
"Zambia","ZMB",2019,2,7,2019-02-11,2019-02-17,0,0
"Zambia","ZMB",2019,2,8,2019-02-18,2019-02-24,0,0
"Zambia","ZMB",2019,2,9,2019-02-25,2019-03-03,0,0
"Zambia","ZMB",2019,3,10,2019-03-04,2019-03-10,0,0
"Zambia","ZMB",2019,3,11,2019-03-11,2019-03-17,0,0
"Zambia","ZMB",2019,3,12,2019-03-18,2019-03-24,0,0
"Zambia","ZMB",2019,3,13,2019-03-25,2019-03-31,0,0
"Zambia","ZMB",2019,4,14,2019-04-01,2019-04-07,0,0
"Zambia","ZMB",2019,4,15,2019-04-08,2019-04-14,0,0
"Zambia","ZMB",2019,4,16,2019-04-15,2019-04-21,0,0
"Zambia","ZMB",2019,4,17,2019-04-22,2019-04-28,0,0
"Zambia","ZMB",2019,4,18,2019-04-29,2019-05-05,0,0
"Zambia","ZMB",2019,5,19,2019-05-06,2019-05-12,0,0
"Zambia","ZMB",2019,5,20,2019-05-13,2019-05-19,0,0
"Zambia","ZMB",2019,5,21,2019-05-20,2019-05-26,0,0
"Zambia","ZMB",2019,5,22,2019-05-27,2019-06-02,0,0
"Zambia","ZMB",2019,6,23,2019-06-03,2019-06-09,0,0
"Zambia","ZMB",2019,6,24,2019-06-10,2019-06-16,0,0
"Zambia","ZMB",2019,6,25,2019-06-17,2019-06-23,0,0
"Zambia","ZMB",2019,6,26,2019-06-24,2019-06-30,0,0
"Zambia","ZMB",2019,7,27,2019-07-01,2019-07-07,0,0
"Zambia","ZMB",2019,7,28,2019-07-08,2019-07-14,0,0
"Zambia","ZMB",2019,7,29,2019-07-15,2019-07-21,0,0
"Zambia","ZMB",2019,7,30,2019-07-22,2019-07-28,0,0
"Zambia","ZMB",2019,7,31,2019-07-29,2019-08-04,0,0
"Zambia","ZMB",2019,8,32,2019-08-05,2019-08-11,0,0
"Zambia","ZMB",2019,8,33,2019-08-12,2019-08-18,0,0
"Zambia","ZMB",2019,8,34,2019-08-19,2019-08-25,0,0
"Zambia","ZMB",2019,8,35,2019-08-26,2019-09-01,0,0
"Zambia","ZMB",2019,9,36,2019-09-02,2019-09-08,0,0
"Zambia","ZMB",2019,9,37,2019-09-09,2019-09-15,0,0
"Zambia","ZMB",2019,9,38,2019-09-16,2019-09-22,0,0
"Zambia","ZMB",2019,9,39,2019-09-23,2019-09-29,0,0
"Zambia","ZMB",2019,9,40,2019-09-30,2019-10-06,0,0
"Zambia","ZMB",2019,10,41,2019-10-07,2019-10-13,0,0
"Zambia","ZMB",2019,10,42,2019-10-14,2019-10-20,0,0
"Zambia","ZMB",2019,10,43,2019-10-21,2019-10-27,0,0
"Zambia","ZMB",2019,10,44,2019-10-28,2019-11-03,0,0
"Zambia","ZMB",2019,11,45,2019-11-04,2019-11-10,0,0
"Zambia","ZMB",2019,11,46,2019-11-11,2019-11-17,0,0
"Zambia","ZMB",2019,11,47,2019-11-18,2019-11-24,0,0
"Zambia","ZMB",2019,11,48,2019-11-25,2019-12-01,0,0
"Zambia","ZMB",2019,12,49,2019-12-02,2019-12-08,0,0
"Zambia","ZMB",2019,12,50,2019-12-09,2019-12-15,0,0
"Zambia","ZMB",2019,12,51,2019-12-16,2019-12-22,0,0
"Zambia","ZMB",2019,12,52,2019-12-23,2019-12-29,0,0
"Zambia","ZMB",2020,12,1,2019-12-30,2020-01-05,0,0
"Zambia","ZMB",2020,1,2,2020-01-06,2020-01-12,0,0
"Zambia","ZMB",2020,1,3,2020-01-13,2020-01-19,0,0
"Zambia","ZMB",2020,1,4,2020-01-20,2020-01-26,0,0
"Zambia","ZMB",2020,1,5,2020-01-27,2020-02-02,0,0
"Zambia","ZMB",2020,2,6,2020-02-03,2020-02-09,0,0
"Zambia","ZMB",2020,2,7,2020-02-10,2020-02-16,0,0
"Zambia","ZMB",2020,2,8,2020-02-17,2020-02-23,0,0
"Zambia","ZMB",2020,2,9,2020-02-24,2020-03-01,0,0
"Zambia","ZMB",2020,3,10,2020-03-02,2020-03-08,0,0
"Zambia","ZMB",2020,3,11,2020-03-09,2020-03-15,0,0
"Zambia","ZMB",2020,3,12,2020-03-16,2020-03-22,0,0
"Zambia","ZMB",2020,3,13,2020-03-23,2020-03-29,0,0
"Zambia","ZMB",2020,3,14,2020-03-30,2020-04-05,0,0
"Zambia","ZMB",2020,4,15,2020-04-06,2020-04-12,0,0
"Zambia","ZMB",2020,4,16,2020-04-13,2020-04-19,0,0
"Zambia","ZMB",2020,4,17,2020-04-20,2020-04-26,0,0
"Zambia","ZMB",2020,4,18,2020-04-27,2020-05-03,0,0
"Zambia","ZMB",2020,5,19,2020-05-04,2020-05-10,0,0
"Zambia","ZMB",2020,5,20,2020-05-11,2020-05-17,0,0
"Zambia","ZMB",2020,5,21,2020-05-18,2020-05-24,0,0
"Zambia","ZMB",2020,5,22,2020-05-25,2020-05-31,0,0
"Zambia","ZMB",2020,6,23,2020-06-01,2020-06-07,0,0
"Zambia","ZMB",2020,6,24,2020-06-08,2020-06-14,0,0
"Zambia","ZMB",2020,6,25,2020-06-15,2020-06-21,0,0
"Zambia","ZMB",2020,6,26,2020-06-22,2020-06-28,0,0
"Zambia","ZMB",2020,6,27,2020-06-29,2020-07-05,0,0
"Zambia","ZMB",2020,7,28,2020-07-06,2020-07-12,0,0
"Zambia","ZMB",2020,7,29,2020-07-13,2020-07-19,0,0
"Zambia","ZMB",2020,7,30,2020-07-20,2020-07-26,0,0
"Zambia","ZMB",2020,7,31,2020-07-27,2020-08-02,0,0
"Zambia","ZMB",2020,8,32,2020-08-03,2020-08-09,0,0
"Zambia","ZMB",2020,8,33,2020-08-10,2020-08-16,0,0
"Zambia","ZMB",2020,8,34,2020-08-17,2020-08-23,0,0
"Zambia","ZMB",2020,8,35,2020-08-24,2020-08-30,0,0
"Zambia","ZMB",2020,8,36,2020-08-31,2020-09-06,0,0
"Zambia","ZMB",2020,9,37,2020-09-07,2020-09-13,0,0
"Zambia","ZMB",2020,9,38,2020-09-14,2020-09-20,0,0
"Zambia","ZMB",2020,9,39,2020-09-21,2020-09-27,0,0
"Zambia","ZMB",2020,9,40,2020-09-28,2020-10-04,0,0
"Zambia","ZMB",2020,10,41,2020-10-05,2020-10-11,0,0
"Zambia","ZMB",2020,10,42,2020-10-12,2020-10-18,0,0
"Zambia","ZMB",2020,10,43,2020-10-19,2020-10-25,0,0
"Zambia","ZMB",2020,10,44,2020-10-26,2020-11-01,0,0
"Zambia","ZMB",2020,11,45,2020-11-02,2020-11-08,0,0
"Zambia","ZMB",2020,11,46,2020-11-09,2020-11-15,0,0
"Zambia","ZMB",2020,11,47,2020-11-16,2020-11-22,0,0
"Zambia","ZMB",2020,11,48,2020-11-23,2020-11-29,0,0
"Zambia","ZMB",2020,11,49,2020-11-30,2020-12-06,0,0
"Zambia","ZMB",2020,12,50,2020-12-07,2020-12-13,0,0
"Zambia","ZMB",2020,12,51,2020-12-14,2020-12-20,0,0
"Zambia","ZMB",2020,12,52,2020-12-21,2020-12-27,0,0
"Zambia","ZMB",2020,12,53,2020-12-28,2021-01-03,0,0
"Zambia","ZMB",2021,1,1,2021-01-04,2021-01-10,0,0
"Zambia","ZMB",2021,1,2,2021-01-11,2021-01-17,0,0
"Zambia","ZMB",2021,1,3,2021-01-18,2021-01-24,0,0
"Zambia","ZMB",2021,1,4,2021-01-25,2021-01-31,0,0
"Zambia","ZMB",2021,2,5,2021-02-01,2021-02-07,0,0
"Zambia","ZMB",2021,2,6,2021-02-08,2021-02-14,0,0
"Zambia","ZMB",2021,2,7,2021-02-15,2021-02-21,0,0
"Zambia","ZMB",2021,2,8,2021-02-22,2021-02-28,0,0
"Zambia","ZMB",2021,3,9,2021-03-01,2021-03-07,0,0
"Zambia","ZMB",2021,3,10,2021-03-08,2021-03-14,0,0
"Zambia","ZMB",2021,3,11,2021-03-15,2021-03-21,0,0
"Zambia","ZMB",2021,3,12,2021-03-22,2021-03-28,0,0
"Zambia","ZMB",2021,3,13,2021-03-29,2021-04-04,0,0
"Zambia","ZMB",2021,4,14,2021-04-05,2021-04-11,0,0
"Zambia","ZMB",2021,4,15,2021-04-12,2021-04-18,0,0
"Zambia","ZMB",2021,4,16,2021-04-19,2021-04-25,0,0
"Zambia","ZMB",2021,4,17,2021-04-26,2021-05-02,0,0
"Zambia","ZMB",2021,5,18,2021-05-03,2021-05-09,0,0
"Zambia","ZMB",2021,5,19,2021-05-10,2021-05-16,0,0
"Zambia","ZMB",2021,5,20,2021-05-17,2021-05-23,0,0
"Zambia","ZMB",2021,5,21,2021-05-24,2021-05-30,0,0
"Zambia","ZMB",2021,5,22,2021-05-31,2021-06-06,0,0
"Zambia","ZMB",2021,6,23,2021-06-07,2021-06-13,0,0
"Zambia","ZMB",2021,6,24,2021-06-14,2021-06-20,0,0
"Zambia","ZMB",2021,6,25,2021-06-21,2021-06-27,0,0
"Zambia","ZMB",2021,6,26,2021-06-28,2021-07-04,0,0
"Zambia","ZMB",2021,7,27,2021-07-05,2021-07-11,0,0
"Zambia","ZMB",2021,7,28,2021-07-12,2021-07-18,0,0
"Zambia","ZMB",2021,7,29,2021-07-19,2021-07-25,0,0
"Zambia","ZMB",2021,7,30,2021-07-26,2021-08-01,0,0
"Zambia","ZMB",2021,8,31,2021-08-02,2021-08-08,0,0
"Zambia","ZMB",2021,8,32,2021-08-09,2021-08-15,0,0
"Zambia","ZMB",2021,8,33,2021-08-16,2021-08-22,0,0
"Zambia","ZMB",2021,8,34,2021-08-23,2021-08-29,0,0
"Zambia","ZMB",2021,8,35,2021-08-30,2021-09-05,0,0
"Zambia","ZMB",2021,9,36,2021-09-06,2021-09-12,0,0
"Zambia","ZMB",2021,9,37,2021-09-13,2021-09-19,0,0
"Zambia","ZMB",2021,9,38,2021-09-20,2021-09-26,0,0
"Zambia","ZMB",2021,9,39,2021-09-27,2021-10-03,0,0
"Zambia","ZMB",2021,10,40,2021-10-04,2021-10-10,0,0
"Zambia","ZMB",2021,10,41,2021-10-11,2021-10-17,0,0
"Zambia","ZMB",2021,10,42,2021-10-18,2021-10-24,0,0
"Zambia","ZMB",2021,10,43,2021-10-25,2021-10-31,0,0
"Zambia","ZMB",2021,11,44,2021-11-01,2021-11-07,0,0
"Zambia","ZMB",2021,11,45,2021-11-08,2021-11-14,0,0
"Zambia","ZMB",2021,11,46,2021-11-15,2021-11-21,0,0
"Zambia","ZMB",2021,11,47,2021-11-22,2021-11-28,0,0
"Zambia","ZMB",2021,11,48,2021-11-29,2021-12-05,0,0
"Zambia","ZMB",2021,12,49,2021-12-06,2021-12-12,0,0
"Zambia","ZMB",2021,12,50,2021-12-13,2021-12-19,0,0
"Zambia","ZMB",2021,12,51,2021-12-20,2021-12-26,0,0
"Zambia","ZMB",2021,12,52,2021-12-27,2022-01-02,0,0
"Zambia","ZMB",2022,1,1,2022-01-03,2022-01-09,0,0
"Zambia","ZMB",2022,1,2,2022-01-10,2022-01-16,0,0
"Zambia","ZMB",2022,1,3,2022-01-17,2022-01-23,0,0
"Zambia","ZMB",2022,1,4,2022-01-24,2022-01-30,0,0
"Zambia","ZMB",2022,1,5,2022-01-31,2022-02-06,0,0
"Zambia","ZMB",2022,2,6,2022-02-07,2022-02-13,0,0
"Zambia","ZMB",2022,2,7,2022-02-14,2022-02-20,0,0
"Zambia","ZMB",2022,2,8,2022-02-21,2022-02-27,0,0
"Zambia","ZMB",2022,2,9,2022-02-28,2022-03-06,0,0
"Zambia","ZMB",2022,3,10,2022-03-07,2022-03-13,0,0
"Zambia","ZMB",2022,3,11,2022-03-14,2022-03-20,0,0
"Zambia","ZMB",2022,3,12,2022-03-21,2022-03-27,0,0
"Zambia","ZMB",2022,3,13,2022-03-28,2022-04-03,0,0
"Zambia","ZMB",2022,4,14,2022-04-04,2022-04-10,0,0
"Zambia","ZMB",2022,4,15,2022-04-11,2022-04-17,0,0
"Zambia","ZMB",2022,4,16,2022-04-18,2022-04-24,0,0
"Zambia","ZMB",2022,4,17,2022-04-25,2022-05-01,0,0
"Zambia","ZMB",2022,5,18,2022-05-02,2022-05-08,0,0
"Zambia","ZMB",2022,5,19,2022-05-09,2022-05-15,0,0
"Zambia","ZMB",2022,5,20,2022-05-16,2022-05-22,0,0
"Zambia","ZMB",2022,5,21,2022-05-23,2022-05-29,0,0
"Zambia","ZMB",2022,5,22,2022-05-30,2022-06-05,0,0
"Zambia","ZMB",2022,6,23,2022-06-06,2022-06-12,0,0
"Zambia","ZMB",2022,6,24,2022-06-13,2022-06-19,0,0
"Zambia","ZMB",2022,6,25,2022-06-20,2022-06-26,0,0
"Zambia","ZMB",2022,6,26,2022-06-27,2022-07-03,0,0
"Zambia","ZMB",2022,7,27,2022-07-04,2022-07-10,0,0
"Zambia","ZMB",2022,7,28,2022-07-11,2022-07-17,0,0
"Zambia","ZMB",2022,7,29,2022-07-18,2022-07-24,0,0
"Zambia","ZMB",2022,7,30,2022-07-25,2022-07-31,0,0
"Zambia","ZMB",2022,8,31,2022-08-01,2022-08-07,0,0
"Zambia","ZMB",2022,8,32,2022-08-08,2022-08-14,0,0
"Zambia","ZMB",2022,8,33,2022-08-15,2022-08-21,0,0
"Zambia","ZMB",2022,8,34,2022-08-22,2022-08-28,0,0
"Zambia","ZMB",2022,8,35,2022-08-29,2022-09-04,0,0
"Zambia","ZMB",2022,9,36,2022-09-05,2022-09-11,0,0
"Zambia","ZMB",2022,9,37,2022-09-12,2022-09-18,0,0
"Zambia","ZMB",2022,9,38,2022-09-19,2022-09-25,0,0
"Zambia","ZMB",2022,9,39,2022-09-26,2022-10-02,0,0
"Zambia","ZMB",2022,10,40,2022-10-03,2022-10-09,0,0
"Zambia","ZMB",2022,10,41,2022-10-10,2022-10-16,0,0
"Zambia","ZMB",2022,10,42,2022-10-17,2022-10-23,0,0
"Zambia","ZMB",2022,10,43,2022-10-24,2022-10-30,0,0
"Zambia","ZMB",2022,10,44,2022-10-31,2022-11-06,0,0
"Zambia","ZMB",2022,11,45,2022-11-07,2022-11-13,0,0
"Zambia","ZMB",2022,11,46,2022-11-14,2022-11-20,0,0
"Zambia","ZMB",2022,11,47,2022-11-21,2022-11-27,0,0
"Zambia","ZMB",2022,11,48,2022-11-28,2022-12-04,0,0
"Zambia","ZMB",2022,12,49,2022-12-05,2022-12-11,0,0
"Zambia","ZMB",2022,12,50,2022-12-12,2022-12-18,4,0
"Zambia","ZMB",2022,12,51,2022-12-19,2022-12-25,5,0
"Zambia","ZMB",2022,12,52,2022-12-26,2023-01-01,15,0
"Zambia","ZMB",2023,1,1,2023-01-02,2023-01-08,0,0
"Zambia","ZMB",2023,1,2,2023-01-09,2023-01-15,0,0
"Zambia","ZMB",2023,1,3,2023-01-16,2023-01-22,0,0
"Zambia","ZMB",2023,1,4,2023-01-23,2023-01-29,0,0
"Zambia","ZMB",2023,1,5,2023-01-30,2023-02-05,0,0
"Zambia","ZMB",2023,2,6,2023-02-06,2023-02-12,0,0
"Zambia","ZMB",2023,2,7,2023-02-13,2023-02-19,0,0
"Zambia","ZMB",2023,2,8,2023-02-20,2023-02-26,0,0
"Zimbabwe","ZWE",2017,5,18,2017-05-01,2017-05-07,0,0
"Zimbabwe","ZWE",2017,5,19,2017-05-08,2017-05-14,0,0
"Zimbabwe","ZWE",2017,5,20,2017-05-15,2017-05-21,0,0
"Zimbabwe","ZWE",2017,5,21,2017-05-22,2017-05-28,0,0
"Zimbabwe","ZWE",2017,5,22,2017-05-29,2017-06-04,0,0
"Zimbabwe","ZWE",2017,6,23,2017-06-05,2017-06-11,0,0
"Zimbabwe","ZWE",2017,6,24,2017-06-12,2017-06-18,0,0
"Zimbabwe","ZWE",2017,6,25,2017-06-19,2017-06-25,0,0
"Zimbabwe","ZWE",2017,6,26,2017-06-26,2017-07-02,0,0
"Zimbabwe","ZWE",2017,7,27,2017-07-03,2017-07-09,0,0
"Zimbabwe","ZWE",2017,7,28,2017-07-10,2017-07-16,0,0
"Zimbabwe","ZWE",2017,7,29,2017-07-17,2017-07-23,0,0
"Zimbabwe","ZWE",2017,7,30,2017-07-24,2017-07-30,0,0
"Zimbabwe","ZWE",2017,7,31,2017-07-31,2017-08-06,0,0
"Zimbabwe","ZWE",2017,8,32,2017-08-07,2017-08-13,0,0
"Zimbabwe","ZWE",2017,8,33,2017-08-14,2017-08-20,0,0
"Zimbabwe","ZWE",2017,8,34,2017-08-21,2017-08-27,0,0
"Zimbabwe","ZWE",2017,8,35,2017-08-28,2017-09-03,0,0
"Zimbabwe","ZWE",2017,9,36,2017-09-04,2017-09-10,0,0
"Zimbabwe","ZWE",2017,9,37,2017-09-11,2017-09-17,0,0
"Zimbabwe","ZWE",2017,9,38,2017-09-18,2017-09-24,0,0
"Zimbabwe","ZWE",2017,9,39,2017-09-25,2017-10-01,0,0
"Zimbabwe","ZWE",2017,10,40,2017-10-02,2017-10-08,0,0
"Zimbabwe","ZWE",2017,10,41,2017-10-09,2017-10-15,3,1.5
"Zimbabwe","ZWE",2017,10,42,2017-10-16,2017-10-22,0,0
"Zimbabwe","ZWE",2017,10,43,2017-10-23,2017-10-29,0,0
"Zimbabwe","ZWE",2017,10,44,2017-10-30,2017-11-05,0,0
"Zimbabwe","ZWE",2017,11,45,2017-11-06,2017-11-12,0,0
"Zimbabwe","ZWE",2017,11,46,2017-11-13,2017-11-19,0,0
"Zimbabwe","ZWE",2017,11,47,2017-11-20,2017-11-26,0,0
"Zimbabwe","ZWE",2017,11,48,2017-11-27,2017-12-03,0,0
"Zimbabwe","ZWE",2017,12,49,2017-12-04,2017-12-10,0,0
"Zimbabwe","ZWE",2017,12,50,2017-12-11,2017-12-17,0,0
"Zimbabwe","ZWE",2017,12,51,2017-12-18,2017-12-24,0,0
"Zimbabwe","ZWE",2017,12,52,2017-12-25,2017-12-31,0,0
"Zimbabwe","ZWE",2018,1,1,2018-01-01,2018-01-07,0,0
"Zimbabwe","ZWE",2018,1,2,2018-01-08,2018-01-14,0.5,0.5
"Zimbabwe","ZWE",2018,1,3,2018-01-15,2018-01-21,28,3.5
"Zimbabwe","ZWE",2018,1,4,2018-01-22,2018-01-28,57,0
"Zimbabwe","ZWE",2018,1,5,2018-01-29,2018-02-04,13,0
"Zimbabwe","ZWE",2018,2,6,2018-02-05,2018-02-11,8,0
"Zimbabwe","ZWE",2018,2,7,2018-02-12,2018-02-18,0,0
"Zimbabwe","ZWE",2018,2,8,2018-02-19,2018-02-25,0,0
"Zimbabwe","ZWE",2018,2,9,2018-02-26,2018-03-04,0,0
"Zimbabwe","ZWE",2018,3,10,2018-03-05,2018-03-11,0,0
"Zimbabwe","ZWE",2018,3,11,2018-03-12,2018-03-18,0,0
"Zimbabwe","ZWE",2018,3,12,2018-03-19,2018-03-25,0,0
"Zimbabwe","ZWE",2018,3,13,2018-03-26,2018-04-01,0,0
"Zimbabwe","ZWE",2018,4,14,2018-04-02,2018-04-08,2.5,2
"Zimbabwe","ZWE",2018,4,15,2018-04-09,2018-04-15,23.5,1
"Zimbabwe","ZWE",2018,4,16,2018-04-16,2018-04-22,12,0
"Zimbabwe","ZWE",2018,4,17,2018-04-23,2018-04-29,13,0
"Zimbabwe","ZWE",2018,4,18,2018-04-30,2018-05-06,4,0
"Zimbabwe","ZWE",2018,5,19,2018-05-07,2018-05-13,9,0
"Zimbabwe","ZWE",2018,5,20,2018-05-14,2018-05-20,0,0
"Zimbabwe","ZWE",2018,5,21,2018-05-21,2018-05-27,0,0
"Zimbabwe","ZWE",2018,5,22,2018-05-28,2018-06-03,0,0
"Zimbabwe","ZWE",2018,6,23,2018-06-04,2018-06-10,0,0
"Zimbabwe","ZWE",2018,6,24,2018-06-11,2018-06-17,0,0
"Zimbabwe","ZWE",2018,6,25,2018-06-18,2018-06-24,0,0
"Zimbabwe","ZWE",2018,6,26,2018-06-25,2018-07-01,0,0
"Zimbabwe","ZWE",2018,7,27,2018-07-02,2018-07-08,0,0
"Zimbabwe","ZWE",2018,7,28,2018-07-09,2018-07-15,0,0
"Zimbabwe","ZWE",2018,7,29,2018-07-16,2018-07-22,0,0
"Zimbabwe","ZWE",2018,7,30,2018-07-23,2018-07-29,0,0
"Zimbabwe","ZWE",2018,7,31,2018-07-30,2018-08-05,0,0
"Zimbabwe","ZWE",2018,8,32,2018-08-06,2018-08-12,0,0
"Zimbabwe","ZWE",2018,8,33,2018-08-13,2018-08-19,0,0
"Zimbabwe","ZWE",2018,8,34,2018-08-20,2018-08-26,0,0
"Zimbabwe","ZWE",2018,8,35,2018-08-27,2018-09-02,11.3333333333333,0
"Zimbabwe","ZWE",2018,9,36,2018-09-03,2018-09-09,1678.80555555556,4
"Zimbabwe","ZWE",2018,9,37,2018-09-10,2018-09-16,2120.51851851852,4.77777777777778
"Zimbabwe","ZWE",2018,9,38,2018-09-17,2018-09-23,2311.16666666667,2
"Zimbabwe","ZWE",2018,9,39,2018-09-24,2018-09-30,1287.6875,0.375
"Zimbabwe","ZWE",2018,10,40,2018-10-01,2018-10-07,523,1.5
"Zimbabwe","ZWE",2018,10,41,2018-10-08,2018-10-14,386,0
"Zimbabwe","ZWE",2018,10,42,2018-10-15,2018-10-21,360.333333333333,1
"Zimbabwe","ZWE",2018,10,43,2018-10-22,2018-10-28,199,0
"Zimbabwe","ZWE",2018,10,44,2018-10-29,2018-11-04,87.5,0
"Zimbabwe","ZWE",2018,11,45,2018-11-05,2018-11-11,94,0
"Zimbabwe","ZWE",2018,11,46,2018-11-12,2018-11-18,99,0
"Zimbabwe","ZWE",2018,11,47,2018-11-19,2018-11-25,31,0
"Zimbabwe","ZWE",2018,11,48,2018-11-26,2018-12-02,220.5,3.5
"Zimbabwe","ZWE",2018,12,49,2018-12-03,2018-12-09,31,0
"Zimbabwe","ZWE",2018,12,50,2018-12-10,2018-12-16,34,0.5
"Zimbabwe","ZWE",2018,12,51,2018-12-17,2018-12-23,17,5
"Zimbabwe","ZWE",2018,12,52,2018-12-24,2018-12-30,0,0
"Zimbabwe","ZWE",2019,12,1,2018-12-31,2019-01-06,0,0
"Zimbabwe","ZWE",2019,1,2,2019-01-07,2019-01-13,0,0
"Zimbabwe","ZWE",2019,1,3,2019-01-14,2019-01-20,4,0
"Zimbabwe","ZWE",2019,1,4,2019-01-21,2019-01-27,11,4
"Zimbabwe","ZWE",2019,1,5,2019-01-28,2019-02-03,4,0
"Zimbabwe","ZWE",2019,2,6,2019-02-04,2019-02-10,20,0
"Zimbabwe","ZWE",2019,2,7,2019-02-11,2019-02-17,3,0
"Zimbabwe","ZWE",2019,2,8,2019-02-18,2019-02-24,3,0
"Zimbabwe","ZWE",2019,2,9,2019-02-25,2019-03-03,4,0
"Zimbabwe","ZWE",2019,3,10,2019-03-04,2019-03-10,4,0
"Zimbabwe","ZWE",2019,3,11,2019-03-11,2019-03-17,0,0
"Zimbabwe","ZWE",2019,3,12,2019-03-18,2019-03-24,0,0
"Zimbabwe","ZWE",2019,3,13,2019-03-25,2019-03-31,0,0
"Zimbabwe","ZWE",2019,4,14,2019-04-01,2019-04-07,0,0
"Zimbabwe","ZWE",2019,4,15,2019-04-08,2019-04-14,0,0
"Zimbabwe","ZWE",2019,4,16,2019-04-15,2019-04-21,0,0
"Zimbabwe","ZWE",2019,4,17,2019-04-22,2019-04-28,0,0
"Zimbabwe","ZWE",2019,4,18,2019-04-29,2019-05-05,0,0
"Zimbabwe","ZWE",2019,5,19,2019-05-06,2019-05-12,0,0
"Zimbabwe","ZWE",2019,5,20,2019-05-13,2019-05-19,0,0
"Zimbabwe","ZWE",2019,5,21,2019-05-20,2019-05-26,0,0
"Zimbabwe","ZWE",2019,5,22,2019-05-27,2019-06-02,0,0
"Zimbabwe","ZWE",2019,6,23,2019-06-03,2019-06-09,0,0
"Zimbabwe","ZWE",2019,6,24,2019-06-10,2019-06-16,0,0
"Zimbabwe","ZWE",2019,6,25,2019-06-17,2019-06-23,0,0
"Zimbabwe","ZWE",2019,6,26,2019-06-24,2019-06-30,0,0
"Zimbabwe","ZWE",2019,7,27,2019-07-01,2019-07-07,0,0
"Zimbabwe","ZWE",2019,7,28,2019-07-08,2019-07-14,0,0
"Zimbabwe","ZWE",2019,7,29,2019-07-15,2019-07-21,0,0
"Zimbabwe","ZWE",2019,7,30,2019-07-22,2019-07-28,0,0
"Zimbabwe","ZWE",2019,7,31,2019-07-29,2019-08-04,0,0
"Zimbabwe","ZWE",2019,8,32,2019-08-05,2019-08-11,0,0
"Zimbabwe","ZWE",2019,8,33,2019-08-12,2019-08-18,0,0
"Zimbabwe","ZWE",2019,8,34,2019-08-19,2019-08-25,0,0
"Zimbabwe","ZWE",2019,8,35,2019-08-26,2019-09-01,0,0
"Zimbabwe","ZWE",2019,9,36,2019-09-02,2019-09-08,0,0
"Zimbabwe","ZWE",2019,9,37,2019-09-09,2019-09-15,0,0
"Zimbabwe","ZWE",2019,9,38,2019-09-16,2019-09-22,0,0
"Zimbabwe","ZWE",2019,9,39,2019-09-23,2019-09-29,0,0
"Zimbabwe","ZWE",2019,9,40,2019-09-30,2019-10-06,0,0
"Zimbabwe","ZWE",2019,10,41,2019-10-07,2019-10-13,0,0
"Zimbabwe","ZWE",2019,10,42,2019-10-14,2019-10-20,0,0
"Zimbabwe","ZWE",2019,10,43,2019-10-21,2019-10-27,0,0
"Zimbabwe","ZWE",2019,10,44,2019-10-28,2019-11-03,0,0
"Zimbabwe","ZWE",2019,11,45,2019-11-04,2019-11-10,0,0
"Zimbabwe","ZWE",2019,11,46,2019-11-11,2019-11-17,0,0
"Zimbabwe","ZWE",2019,11,47,2019-11-18,2019-11-24,0,0
"Zimbabwe","ZWE",2019,11,48,2019-11-25,2019-12-01,0,0
"Zimbabwe","ZWE",2019,12,49,2019-12-02,2019-12-08,0,0
"Zimbabwe","ZWE",2019,12,50,2019-12-09,2019-12-15,0,0
"Zimbabwe","ZWE",2019,12,51,2019-12-16,2019-12-22,0,0
"Zimbabwe","ZWE",2019,12,52,2019-12-23,2019-12-29,0,0
"Zimbabwe","ZWE",2020,12,1,2019-12-30,2020-01-05,0,0
"Zimbabwe","ZWE",2020,1,2,2020-01-06,2020-01-12,0,0
"Zimbabwe","ZWE",2020,1,3,2020-01-13,2020-01-19,0,0
"Zimbabwe","ZWE",2020,1,4,2020-01-20,2020-01-26,0,0
"Zimbabwe","ZWE",2020,1,5,2020-01-27,2020-02-02,0,0
"Zimbabwe","ZWE",2020,2,6,2020-02-03,2020-02-09,0,0
"Zimbabwe","ZWE",2020,2,7,2020-02-10,2020-02-16,0,0
"Zimbabwe","ZWE",2020,2,8,2020-02-17,2020-02-23,0,0
"Zimbabwe","ZWE",2020,2,9,2020-02-24,2020-03-01,0,0
"Zimbabwe","ZWE",2020,3,10,2020-03-02,2020-03-08,0,0
"Zimbabwe","ZWE",2020,3,11,2020-03-09,2020-03-15,0,0
"Zimbabwe","ZWE",2020,3,12,2020-03-16,2020-03-22,0,0
"Zimbabwe","ZWE",2020,3,13,2020-03-23,2020-03-29,0,0
"Zimbabwe","ZWE",2020,3,14,2020-03-30,2020-04-05,0,0
"Zimbabwe","ZWE",2020,4,15,2020-04-06,2020-04-12,0,0
"Zimbabwe","ZWE",2020,4,16,2020-04-13,2020-04-19,0,0
"Zimbabwe","ZWE",2020,4,17,2020-04-20,2020-04-26,0,0
"Zimbabwe","ZWE",2020,4,18,2020-04-27,2020-05-03,0,0
"Zimbabwe","ZWE",2020,5,19,2020-05-04,2020-05-10,0,0
"Zimbabwe","ZWE",2020,5,20,2020-05-11,2020-05-17,0,0
"Zimbabwe","ZWE",2020,5,21,2020-05-18,2020-05-24,0,0
"Zimbabwe","ZWE",2020,5,22,2020-05-25,2020-05-31,0,0
"Zimbabwe","ZWE",2020,6,23,2020-06-01,2020-06-07,0,0
"Zimbabwe","ZWE",2020,6,24,2020-06-08,2020-06-14,0,0
"Zimbabwe","ZWE",2020,6,25,2020-06-15,2020-06-21,0,0
"Zimbabwe","ZWE",2020,6,26,2020-06-22,2020-06-28,0,0
"Zimbabwe","ZWE",2020,6,27,2020-06-29,2020-07-05,0,0
"Zimbabwe","ZWE",2020,7,28,2020-07-06,2020-07-12,0,0
"Zimbabwe","ZWE",2020,7,29,2020-07-13,2020-07-19,0,0
"Zimbabwe","ZWE",2020,7,30,2020-07-20,2020-07-26,0,0
"Zimbabwe","ZWE",2020,7,31,2020-07-27,2020-08-02,0,0
"Zimbabwe","ZWE",2020,8,32,2020-08-03,2020-08-09,0,0
"Zimbabwe","ZWE",2020,8,33,2020-08-10,2020-08-16,0,0
"Zimbabwe","ZWE",2020,8,34,2020-08-17,2020-08-23,0,0
"Zimbabwe","ZWE",2020,8,35,2020-08-24,2020-08-30,0,0
"Zimbabwe","ZWE",2020,8,36,2020-08-31,2020-09-06,0,0
"Zimbabwe","ZWE",2020,9,37,2020-09-07,2020-09-13,0,0
"Zimbabwe","ZWE",2020,9,38,2020-09-14,2020-09-20,0,0
"Zimbabwe","ZWE",2020,9,39,2020-09-21,2020-09-27,0,0
"Zimbabwe","ZWE",2020,9,40,2020-09-28,2020-10-04,0,0
"Zimbabwe","ZWE",2020,10,41,2020-10-05,2020-10-11,0,0
"Zimbabwe","ZWE",2020,10,42,2020-10-12,2020-10-18,0,0
"Zimbabwe","ZWE",2020,10,43,2020-10-19,2020-10-25,0,0
"Zimbabwe","ZWE",2020,10,44,2020-10-26,2020-11-01,0,0
"Zimbabwe","ZWE",2020,11,45,2020-11-02,2020-11-08,0,0
"Zimbabwe","ZWE",2020,11,46,2020-11-09,2020-11-15,0,0
"Zimbabwe","ZWE",2020,11,47,2020-11-16,2020-11-22,0,0
"Zimbabwe","ZWE",2020,11,48,2020-11-23,2020-11-29,0,0
"Zimbabwe","ZWE",2020,11,49,2020-11-30,2020-12-06,0,0
"Zimbabwe","ZWE",2020,12,50,2020-12-07,2020-12-13,0,0
"Zimbabwe","ZWE",2020,12,51,2020-12-14,2020-12-20,0,0
"Zimbabwe","ZWE",2020,12,52,2020-12-21,2020-12-27,0,0
"Zimbabwe","ZWE",2020,12,53,2020-12-28,2021-01-03,0,0
"Zimbabwe","ZWE",2021,1,1,2021-01-04,2021-01-10,0,0
"Zimbabwe","ZWE",2021,1,2,2021-01-11,2021-01-17,0,0
"Zimbabwe","ZWE",2021,1,3,2021-01-18,2021-01-24,0,0
"Zimbabwe","ZWE",2021,1,4,2021-01-25,2021-01-31,0,0
"Zimbabwe","ZWE",2021,2,5,2021-02-01,2021-02-07,0,0
"Zimbabwe","ZWE",2021,2,6,2021-02-08,2021-02-14,0,0
"Zimbabwe","ZWE",2021,2,7,2021-02-15,2021-02-21,0,0
"Zimbabwe","ZWE",2021,2,8,2021-02-22,2021-02-28,0,0
"Zimbabwe","ZWE",2021,3,9,2021-03-01,2021-03-07,0,0
"Zimbabwe","ZWE",2021,3,10,2021-03-08,2021-03-14,0,0
"Zimbabwe","ZWE",2021,3,11,2021-03-15,2021-03-21,0,0
"Zimbabwe","ZWE",2021,3,12,2021-03-22,2021-03-28,0,0
"Zimbabwe","ZWE",2021,3,13,2021-03-29,2021-04-04,0,0
"Zimbabwe","ZWE",2021,4,14,2021-04-05,2021-04-11,0,0
"Zimbabwe","ZWE",2021,4,15,2021-04-12,2021-04-18,0,0
"Zimbabwe","ZWE",2021,4,16,2021-04-19,2021-04-25,0,0
"Zimbabwe","ZWE",2021,4,17,2021-04-26,2021-05-02,0,0
"Zimbabwe","ZWE",2021,5,18,2021-05-03,2021-05-09,0,0
"Zimbabwe","ZWE",2021,5,19,2021-05-10,2021-05-16,0,0
"Zimbabwe","ZWE",2021,5,20,2021-05-17,2021-05-23,0,0
"Zimbabwe","ZWE",2021,5,21,2021-05-24,2021-05-30,0,0
"Zimbabwe","ZWE",2021,5,22,2021-05-31,2021-06-06,0,0
"Zimbabwe","ZWE",2021,6,23,2021-06-07,2021-06-13,0,0
"Zimbabwe","ZWE",2021,6,24,2021-06-14,2021-06-20,0,0
"Zimbabwe","ZWE",2021,6,25,2021-06-21,2021-06-27,0,0
"Zimbabwe","ZWE",2021,6,26,2021-06-28,2021-07-04,0,0
"Zimbabwe","ZWE",2021,7,27,2021-07-05,2021-07-11,0,0
"Zimbabwe","ZWE",2021,7,28,2021-07-12,2021-07-18,0,0
"Zimbabwe","ZWE",2021,7,29,2021-07-19,2021-07-25,0,0
"Zimbabwe","ZWE",2021,7,30,2021-07-26,2021-08-01,0,0
"Zimbabwe","ZWE",2021,8,31,2021-08-02,2021-08-08,0,0
"Zimbabwe","ZWE",2021,8,32,2021-08-09,2021-08-15,0,0
"Zimbabwe","ZWE",2021,8,33,2021-08-16,2021-08-22,0,0
"Zimbabwe","ZWE",2021,8,34,2021-08-23,2021-08-29,0,0
"Zimbabwe","ZWE",2021,8,35,2021-08-30,2021-09-05,0,0
"Zimbabwe","ZWE",2021,9,36,2021-09-06,2021-09-12,0,0
"Zimbabwe","ZWE",2021,9,37,2021-09-13,2021-09-19,0,0
"Zimbabwe","ZWE",2021,9,38,2021-09-20,2021-09-26,0,0
"Zimbabwe","ZWE",2021,9,39,2021-09-27,2021-10-03,0,0
"Zimbabwe","ZWE",2021,10,40,2021-10-04,2021-10-10,0,0
"Zimbabwe","ZWE",2021,10,41,2021-10-11,2021-10-17,0,0
"Zimbabwe","ZWE",2021,10,42,2021-10-18,2021-10-24,0,0
"Zimbabwe","ZWE",2021,10,43,2021-10-25,2021-10-31,0,0
"Zimbabwe","ZWE",2021,11,44,2021-11-01,2021-11-07,0,0
"Zimbabwe","ZWE",2021,11,45,2021-11-08,2021-11-14,0,0
"Zimbabwe","ZWE",2021,11,46,2021-11-15,2021-11-21,0,0
"Zimbabwe","ZWE",2021,11,47,2021-11-22,2021-11-28,0,0
"Zimbabwe","ZWE",2021,11,48,2021-11-29,2021-12-05,0,0
"Zimbabwe","ZWE",2021,12,49,2021-12-06,2021-12-12,0,0
"Zimbabwe","ZWE",2021,12,50,2021-12-13,2021-12-19,0,0
"Zimbabwe","ZWE",2021,12,51,2021-12-20,2021-12-26,0,0
"Zimbabwe","ZWE",2021,12,52,2021-12-27,2022-01-02,0,0
"Zimbabwe","ZWE",2022,1,1,2022-01-03,2022-01-09,0,0
"Zimbabwe","ZWE",2022,1,2,2022-01-10,2022-01-16,0,0
"Zimbabwe","ZWE",2022,1,3,2022-01-17,2022-01-23,1,0
"Zimbabwe","ZWE",2022,1,4,2022-01-24,2022-01-30,0,0
"Zimbabwe","ZWE",2022,1,5,2022-01-31,2022-02-06,0,0
"Zimbabwe","ZWE",2022,2,6,2022-02-07,2022-02-13,0,0
"Zimbabwe","ZWE",2022,2,7,2022-02-14,2022-02-20,0,0
"Zimbabwe","ZWE",2022,2,8,2022-02-21,2022-02-27,0,0
"Zimbabwe","ZWE",2022,2,9,2022-02-28,2022-03-06,0,0
"Zimbabwe","ZWE",2022,3,10,2022-03-07,2022-03-13,0,0
"Zimbabwe","ZWE",2022,3,11,2022-03-14,2022-03-20,0,0
"Zimbabwe","ZWE",2022,3,12,2022-03-21,2022-03-27,0,0
"Zimbabwe","ZWE",2022,3,13,2022-03-28,2022-04-03,0,0
"Zimbabwe","ZWE",2022,4,14,2022-04-04,2022-04-10,0,0
"Zimbabwe","ZWE",2022,4,15,2022-04-11,2022-04-17,0,0
"Zimbabwe","ZWE",2022,4,16,2022-04-18,2022-04-24,0,0
"Zimbabwe","ZWE",2022,4,17,2022-04-25,2022-05-01,0,0
"Zimbabwe","ZWE",2022,5,18,2022-05-02,2022-05-08,0,0
"Zimbabwe","ZWE",2022,5,19,2022-05-09,2022-05-15,0,0
"Zimbabwe","ZWE",2022,5,20,2022-05-16,2022-05-22,0,0
"Zimbabwe","ZWE",2022,5,21,2022-05-23,2022-05-29,0,0
"Zimbabwe","ZWE",2022,5,22,2022-05-30,2022-06-05,0,0
"Zimbabwe","ZWE",2022,6,23,2022-06-06,2022-06-12,0,0
"Zimbabwe","ZWE",2022,6,24,2022-06-13,2022-06-19,0,0
"Zimbabwe","ZWE",2022,6,25,2022-06-20,2022-06-26,0,0
"Zimbabwe","ZWE",2022,6,26,2022-06-27,2022-07-03,0,0
"Somalia","SOM",2016,12,49,2016-12-05,2016-12-11,0,0
"Somalia","SOM",2016,12,50,2016-12-12,2016-12-18,0,0
"Somalia","SOM",2016,12,51,2016-12-19,2016-12-25,0,0
"Somalia","SOM",2016,12,52,2016-12-26,2017-01-01,0,0
"Somalia","SOM",2017,1,1,2017-01-02,2017-01-08,0,0
"Somalia","SOM",2017,1,2,2017-01-09,2017-01-15,0,0
"Somalia","SOM",2017,1,3,2017-01-16,2017-01-22,0,0
"Somalia","SOM",2017,1,4,2017-01-23,2017-01-29,0,0
"Somalia","SOM",2017,1,5,2017-01-30,2017-02-05,882,0
"Somalia","SOM",2017,2,6,2017-02-06,2017-02-12,833,0
"Somalia","SOM",2017,2,7,2017-02-13,2017-02-19,1486,0
"Somalia","SOM",2017,2,8,2017-02-20,2017-02-26,1322,0
"Somalia","SOM",2017,2,9,2017-02-27,2017-03-05,1829,0
"Somalia","SOM",2017,3,10,2017-03-06,2017-03-12,3118,0
"Somalia","SOM",2017,3,11,2017-03-13,2017-03-19,2906,0
"Somalia","SOM",2017,3,12,2017-03-20,2017-03-26,3380,0
"Somalia","SOM",2017,3,13,2017-03-27,2017-04-02,3282,0
"Somalia","SOM",2017,4,14,2017-04-03,2017-04-09,3118,0
"Somalia","SOM",2017,4,15,2017-04-10,2017-04-16,2971,0
"Somalia","SOM",2017,4,16,2017-04-17,2017-04-23,3347,0
"Somalia","SOM",2017,4,17,2017-04-24,2017-04-30,3478,0
"Somalia","SOM",2017,5,18,2017-05-01,2017-05-07,2678,0
"Somalia","SOM",2017,5,19,2017-05-08,2017-05-14,2449,0
"Somalia","SOM",2017,5,20,2017-05-15,2017-05-21,2302,0
"Somalia","SOM",2017,5,21,2017-05-22,2017-05-28,2661,0
"Somalia","SOM",2017,5,22,2017-05-29,2017-06-04,3184,0
"Somalia","SOM",2017,6,23,2017-06-05,2017-06-11,2422.5,19
"Somalia","SOM",2017,6,24,2017-06-12,2017-06-18,1969,13
"Somalia","SOM",2017,6,25,2017-06-19,2017-06-25,1363,22
"Somalia","SOM",2017,6,26,2017-06-26,2017-07-02,1107.5,3
"Somalia","SOM",2017,7,27,2017-07-03,2017-07-09,913,3
"Somalia","SOM",2017,7,28,2017-07-10,2017-07-16,1056.5,3
"Somalia","SOM",2017,7,29,2017-07-17,2017-07-23,848.5,4
"Somalia","SOM",2017,7,30,2017-07-24,2017-07-30,292,2
"Somalia","SOM",2017,7,31,2017-07-31,2017-08-06,266.5,2
"Somalia","SOM",2017,8,32,2017-08-07,2017-08-13,214.5,0
"Somalia","SOM",2017,8,33,2017-08-14,2017-08-20,152,0
"Somalia","SOM",2017,8,34,2017-08-21,2017-08-27,80.5,0
"Somalia","SOM",2017,8,35,2017-08-28,2017-09-03,93,2
"Somalia","SOM",2017,9,36,2017-09-04,2017-09-10,27.5,0
"Somalia","SOM",2017,9,37,2017-09-11,2017-09-17,38.5,0
"Somalia","SOM",2017,9,38,2017-09-18,2017-09-24,70.5,0
"Somalia","SOM",2017,9,39,2017-09-25,2017-10-01,63,0
"Somalia","SOM",2017,10,40,2017-10-02,2017-10-08,74,0
"Somalia","SOM",2017,10,41,2017-10-09,2017-10-15,73.5,0
"Somalia","SOM",2017,10,42,2017-10-16,2017-10-22,43,0
"Somalia","SOM",2017,10,43,2017-10-23,2017-10-29,30.5,0
"Somalia","SOM",2017,10,44,2017-10-30,2017-11-05,39,0
"Somalia","SOM",2017,11,45,2017-11-06,2017-11-12,10,0
"Somalia","SOM",2017,11,46,2017-11-13,2017-11-19,6.5,0
"Somalia","SOM",2017,11,47,2017-11-20,2017-11-26,5,0
"Somalia","SOM",2017,11,48,2017-11-27,2017-12-03,11,0
"Somalia","SOM",2017,12,49,2017-12-04,2017-12-10,22.5,0
"Somalia","SOM",2017,12,50,2017-12-11,2017-12-17,98,0
"Somalia","SOM",2017,12,51,2017-12-18,2017-12-24,82,0
"Somalia","SOM",2017,12,52,2017-12-25,2017-12-31,33,0
"Somalia","SOM",2018,1,1,2018-01-01,2018-01-07,86,1
"Somalia","SOM",2018,1,2,2018-01-08,2018-01-14,75,0
"Somalia","SOM",2018,1,3,2018-01-15,2018-01-21,87.5,0
"Somalia","SOM",2018,1,4,2018-01-22,2018-01-28,57.5,0
"Somalia","SOM",2018,1,5,2018-01-29,2018-02-04,100.5,0
"Somalia","SOM",2018,2,6,2018-02-05,2018-02-11,81.5,1
"Somalia","SOM",2018,2,7,2018-02-12,2018-02-18,128.5,5
"Somalia","SOM",2018,2,8,2018-02-19,2018-02-25,139.5,0
"Somalia","SOM",2018,2,9,2018-02-26,2018-03-04,174,0
"Somalia","SOM",2018,3,10,2018-03-05,2018-03-11,163,1
"Somalia","SOM",2018,3,11,2018-03-12,2018-03-18,136,0
"Somalia","SOM",2018,3,12,2018-03-19,2018-03-25,151,0
"Somalia","SOM",2018,3,13,2018-03-26,2018-04-01,112,0
"Somalia","SOM",2018,4,14,2018-04-02,2018-04-08,214,0
"Somalia","SOM",2018,4,15,2018-04-09,2018-04-15,178,0
"Somalia","SOM",2018,4,16,2018-04-16,2018-04-22,192,0
"Somalia","SOM",2018,4,17,2018-04-23,2018-04-29,212,2
"Somalia","SOM",2018,4,18,2018-04-30,2018-05-06,296,4
"Somalia","SOM",2018,5,19,2018-05-07,2018-05-13,312,4
"Somalia","SOM",2018,5,20,2018-05-14,2018-05-20,267,2
"Somalia","SOM",2018,5,21,2018-05-21,2018-05-27,357,4
"Somalia","SOM",2018,5,22,2018-05-28,2018-06-03,396,1
"Somalia","SOM",2018,6,23,2018-06-04,2018-06-10,343,4
"Somalia","SOM",2018,6,24,2018-06-11,2018-06-17,292,4
"Somalia","SOM",2018,6,25,2018-06-18,2018-06-24,304,3
"Somalia","SOM",2018,6,26,2018-06-25,2018-07-01,344,1
"Somalia","SOM",2018,7,27,2018-07-02,2018-07-08,151,0
"Somalia","SOM",2018,7,28,2018-07-09,2018-07-15,146,0
"Somalia","SOM",2018,7,29,2018-07-16,2018-07-22,88,1
"Somalia","SOM",2018,7,30,2018-07-23,2018-07-29,50,0
"Somalia","SOM",2018,7,31,2018-07-30,2018-08-05,59,1
"Somalia","SOM",2018,8,32,2018-08-06,2018-08-12,53,0
"Somalia","SOM",2018,8,33,2018-08-13,2018-08-19,39,0
"Somalia","SOM",2018,8,34,2018-08-20,2018-08-26,76,1
"Somalia","SOM",2018,8,35,2018-08-27,2018-09-02,49,0
"Somalia","SOM",2018,9,36,2018-09-03,2018-09-09,36,0
"Somalia","SOM",2018,9,37,2018-09-10,2018-09-16,34,0
"Somalia","SOM",2018,9,38,2018-09-17,2018-09-23,30,0
"Somalia","SOM",2018,9,39,2018-09-24,2018-09-30,29,0
"Somalia","SOM",2018,10,40,2018-10-01,2018-10-07,23,1
"Somalia","SOM",2018,10,41,2018-10-08,2018-10-14,20,0
"Somalia","SOM",2018,10,42,2018-10-15,2018-10-21,32,0
"Somalia","SOM",2018,10,43,2018-10-22,2018-10-28,22,0
"Somalia","SOM",2018,10,44,2018-10-29,2018-11-04,19,1
"Somalia","SOM",2018,11,45,2018-11-05,2018-11-11,21,0
"Somalia","SOM",2018,11,46,2018-11-12,2018-11-18,27,1
"Somalia","SOM",2018,11,47,2018-11-19,2018-11-25,18,0
"Somalia","SOM",2018,11,48,2018-11-26,2018-12-02,32,0
"Somalia","SOM",2018,12,49,2018-12-03,2018-12-09,32,0
"Somalia","SOM",2018,12,50,2018-12-10,2018-12-16,36,1
"Somalia","SOM",2018,12,51,2018-12-17,2018-12-23,26,0
"Somalia","SOM",2018,12,52,2018-12-24,2018-12-30,30,0
"Somalia","SOM",2019,12,1,2018-12-31,2019-01-06,87,0
"Somalia","SOM",2019,1,2,2019-01-07,2019-01-13,87,0
"Somalia","SOM",2019,1,3,2019-01-14,2019-01-20,24,0
"Somalia","SOM",2019,1,4,2019-01-21,2019-01-27,54,0
"Somalia","SOM",2019,1,5,2019-01-28,2019-02-03,64,0
"Somalia","SOM",2019,2,6,2019-02-04,2019-02-10,104,0
"Somalia","SOM",2019,2,7,2019-02-11,2019-02-17,43,0
"Somalia","SOM",2019,2,8,2019-02-18,2019-02-24,61,0
"Somalia","SOM",2019,2,9,2019-02-25,2019-03-03,45,0
"Somalia","SOM",2019,3,10,2019-03-04,2019-03-10,32,0
"Somalia","SOM",2019,3,11,2019-03-11,2019-03-17,34,0
"Somalia","SOM",2019,3,12,2019-03-18,2019-03-24,32,0
"Somalia","SOM",2019,3,13,2019-03-25,2019-03-31,40,0
"Somalia","SOM",2019,4,14,2019-04-01,2019-04-07,28,0
"Somalia","SOM",2019,4,15,2019-04-08,2019-04-14,30,0
"Somalia","SOM",2019,4,16,2019-04-15,2019-04-21,41,0
"Somalia","SOM",2019,4,17,2019-04-22,2019-04-28,36,0
"Somalia","SOM",2019,4,18,2019-04-29,2019-05-05,47,0
"Somalia","SOM",2019,5,19,2019-05-06,2019-05-12,48,0
"Somalia","SOM",2019,5,20,2019-05-13,2019-05-19,55,0
"Somalia","SOM",2019,5,21,2019-05-20,2019-05-26,78,0
"Somalia","SOM",2019,5,22,2019-05-27,2019-06-02,133,0
"Somalia","SOM",2019,6,23,2019-06-03,2019-06-09,0,0
"Somalia","SOM",2019,6,24,2019-06-10,2019-06-16,0,0
"Somalia","SOM",2019,6,25,2019-06-17,2019-06-23,0,0
"Somalia","SOM",2019,6,26,2019-06-24,2019-06-30,0,0
"Somalia","SOM",2019,7,27,2019-07-01,2019-07-07,0,0
"Somalia","SOM",2019,7,28,2019-07-08,2019-07-14,0,0
"Somalia","SOM",2019,7,29,2019-07-15,2019-07-21,0,0
"Somalia","SOM",2019,7,30,2019-07-22,2019-07-28,0,0
