"iso_code","date_start","source","disaggregation_method","rule","cases_before","deaths_before","cases_after","deaths_after","detail"
"AGO",2006-01-02,"AI","fourier_country_k2","imputed_scaled_annual_residual",1639.8178,66.3661,384.006578723434,15.5413723428403,"WHO annual total 67257; observed weeks 51507; imputed 67257 -> 15750"
"AGO",2006-01-09,"AI","fourier_country_k2","imputed_scaled_annual_residual",1511.4976,61.1728,353.95702017912,14.3252242041359,"WHO annual total 67257; observed weeks 51507; imputed 67257 -> 15750"
"AGO",2006-01-16,"AI","fourier_country_k2","imputed_scaled_annual_residual",1550.0509,62.7331,362.985291997793,14.6906095931603,"WHO annual total 67257; observed weeks 51507; imputed 67257 -> 15750"
"AGO",2006-01-23,"AI","fourier_country_k2","imputed_scaled_annual_residual",1773.1652,71.7629,415.23338871151,16.805175372698,"WHO annual total 67257; observed weeks 51507; imputed 67257 -> 15750"
"AGO",2006-01-30,"AI","fourier_country_k2","imputed_scaled_annual_residual",2187.6803,88.539,512.303029851033,20.7337415617723,"WHO annual total 67257; observed weeks 51507; imputed 67257 -> 15750"
"AGO",2006-02-06,"AI","fourier_country_k2","imputed_scaled_annual_residual",2788.9016,112.8714,653.094851033029,26.4318146502155,"WHO annual total 67257; observed weeks 51507; imputed 67257 -> 15750"
"AGO",2006-02-13,"AI","fourier_country_k2","imputed_scaled_annual_residual",3560.5906,144.1029,833.806179284563,33.7454939281212,"WHO annual total 67257; observed weeks 51507; imputed 67257 -> 15750"
"AGO",2006-08-07,"AI","fourier_country_k2","imputed_scaled_annual_residual",0,0,0,0,"WHO annual total 67257; observed weeks 51507; imputed 67257 -> 15750"
"AGO",2006-08-14,"AI","fourier_country_k2","imputed_scaled_annual_residual",0,0,0,0,"WHO annual total 67257; observed weeks 51507; imputed 67257 -> 15750"
"AGO",2006-08-21,"AI","fourier_country_k2","imputed_scaled_annual_residual",0,0,0,0,"WHO annual total 67257; observed weeks 51507; imputed 67257 -> 15750"
"AGO",2006-08-28,"AI","fourier_country_k2","imputed_scaled_annual_residual",188.9718,7.648,44.252730024768,1.79098087243401,"WHO annual total 67257; observed weeks 51507; imputed 67257 -> 15750"
"AGO",2006-09-04,"AI","fourier_country_k2","imputed_scaled_annual_residual",659.2498,26.6809,154.380724628131,6.24803629175269,"WHO annual total 67257; observed weeks 51507; imputed 67257 -> 15750"
"AGO",2006-09-11,"AI","fourier_country_k2","imputed_scaled_annual_residual",1228.5992,49.7234,287.70889998532,11.6440452814311,"WHO annual total 67257; observed weeks 51507; imputed 67257 -> 15750"
"AGO",2006-09-18,"AI","fourier_country_k2","imputed_scaled_annual_residual",1852.4505,74.9717,433.800132404657,17.5566005065195,"WHO annual total 67257; observed weeks 51507; imputed 67257 -> 15750"
"AGO",2006-09-25,"AI","fourier_country_k2","imputed_scaled_annual_residual",2485.1138,100.5766,581.954926990298,23.5526630249015,"WHO annual total 67257; observed weeks 51507; imputed 67257 -> 15750"
"AGO",2006-10-02,"AI","fourier_country_k2","imputed_scaled_annual_residual",3082.5719,124.7567,721.865495659331,29.2150710522997,"WHO annual total 67257; observed weeks 51507; imputed 67257 -> 15750"
"AGO",2006-10-09,"AI","fourier_country_k2","imputed_scaled_annual_residual",3605.1442,145.906,844.239579571968,34.1677373396126,"WHO annual total 67257; observed weeks 51507; imputed 67257 -> 15750"
"AGO",2006-10-16,"AI","fourier_country_k2","imputed_scaled_annual_residual",4019.8648,162.6905,941.357343955383,38.098270610189,"WHO annual total 67257; observed weeks 51507; imputed 67257 -> 15750"
"AGO",2006-10-23,"AI","fourier_country_k2","imputed_scaled_annual_residual",4302.4365,174.1266,1007.52895872933,40.776334987182,"WHO annual total 67257; observed weeks 51507; imputed 67257 -> 15750"
"AGO",2006-10-30,"AI","fourier_country_k2","imputed_scaled_annual_residual",4438.6456,179.6392,1039.42591123344,42.0672556406051,"WHO annual total 67257; observed weeks 51507; imputed 67257 -> 15750"
"AGO",2006-11-06,"AI","fourier_country_k2","imputed_scaled_annual_residual",4425.1556,179.0932,1036.26687201154,41.9393953429653,"WHO annual total 67257; observed weeks 51507; imputed 67257 -> 15750"
"AGO",2006-11-13,"AI","fourier_country_k2","imputed_scaled_annual_residual",4269.6347,172.799,999.847552298709,40.4654424392945,"WHO annual total 67257; observed weeks 51507; imputed 67257 -> 15750"
"AGO",2006-11-20,"AI","fourier_country_k2","imputed_scaled_annual_residual",3990.2093,161.4903,934.4127266355,37.8172121317508,"WHO annual total 67257; observed weeks 51507; imputed 67257 -> 15750"
"AGO",2006-11-27,"AI","fourier_country_k2","imputed_scaled_annual_residual",3614.2785,146.2757,846.378616782098,34.2543123433441,"WHO annual total 67257; observed weeks 51507; imputed 67257 -> 15750"
"AGO",2006-12-04,"AI","fourier_country_k2","imputed_scaled_annual_residual",3176.7586,128.5686,743.92179510202,30.1077279544481,"WHO annual total 67257; observed weeks 51507; imputed 67257 -> 15750"
"AGO",2006-12-11,"AI","fourier_country_k2","imputed_scaled_annual_residual",2717.8636,109.9964,636.45943011044,25.7585575884676,"WHO annual total 67257; observed weeks 51507; imputed 67257 -> 15750"
"AGO",2006-12-18,"AI","fourier_country_k2","imputed_scaled_annual_residual",2280.5525,92.2977,534.051504456271,21.6139402810738,"WHO annual total 67257; observed weeks 51507; imputed 67257 -> 15750"
"AGO",2006-12-25,"AI","fourier_country_k2","imputed_scaled_annual_residual",1907.7948,77.2116,446.760459640307,18.0811321561226,"WHO annual total 67257; observed weeks 51507; imputed 67257 -> 15750"
"BDI",2016-01-04,"AI","fourier_country_k2","imputed_scaled_annual_residual",16.9061,0.086,4.54199097820523,0.0231047506004134,"WHO annual total 434; observed weeks 348; imputed 475.8 -> 127.8"
"BDI",2016-01-11,"AI","fourier_country_k2","imputed_scaled_annual_residual",15.1536,0.0771,4.07116451974913,0.0207136775731613,"WHO annual total 434; observed weeks 348; imputed 475.8 -> 127.8"
"BDI",2016-01-18,"AI","fourier_country_k2","imputed_scaled_annual_residual",13.865,0.0706,3.72496938458991,0.0189673882835952,"WHO annual total 434; observed weeks 348; imputed 475.8 -> 127.8"
"BDI",2016-01-25,"AI","fourier_country_k2","imputed_scaled_annual_residual",13.0453,0.0664,3.50474887218108,0.0178390167426448,"WHO annual total 434; observed weeks 348; imputed 475.8 -> 127.8"
"BDI",2016-02-01,"AI","fourier_country_k2","imputed_scaled_annual_residual",12.6724,0.0645,3.40456559893813,0.0173285629503101,"WHO annual total 434; observed weeks 348; imputed 475.8 -> 127.8"
"BDI",2016-02-08,"AI","fourier_country_k2","imputed_scaled_annual_residual",12.6991,0.0646,3.41173881801989,0.0173554289393803,"WHO annual total 434; observed weeks 348; imputed 475.8 -> 127.8"
"BDI",2016-02-15,"AI","fourier_country_k2","imputed_scaled_annual_residual",13.0568,0.0664,3.50783846092416,0.0178390167426448,"WHO annual total 434; observed weeks 348; imputed 475.8 -> 127.8"
"BDI",2016-02-22,"AI","fourier_country_k2","imputed_scaled_annual_residual",13.6608,0.0695,3.67010903490846,0.0186718624038225,"WHO annual total 434; observed weeks 348; imputed 475.8 -> 127.8"
"BDI",2016-02-29,"AI","fourier_country_k2","imputed_scaled_annual_residual",14.4155,0.0734,3.87286665442163,0.0197196359775622,"WHO annual total 434; observed weeks 348; imputed 475.8 -> 127.8"
"BDI",2016-03-07,"AI","fourier_country_k2","imputed_scaled_annual_residual",15.2216,0.0775,4.0894333923169,0.0208211415294423,"WHO annual total 434; observed weeks 348; imputed 475.8 -> 127.8"
"BDI",2016-03-14,"AI","fourier_country_k2","imputed_scaled_annual_residual",15.9823,0.0813,4.29380297117427,0.0218420491141118,"WHO annual total 434; observed weeks 348; imputed 475.8 -> 127.8"
"BDI",2016-03-21,"AI","fourier_country_k2","imputed_scaled_annual_residual",16.6094,0.0845,4.4622795886338,0.0227017607643597,"WHO annual total 434; observed weeks 348; imputed 475.8 -> 127.8"
"BDI",2016-03-28,"AI","fourier_country_k2","imputed_scaled_annual_residual",17.0297,0.0867,4.57519734069605,0.0232928125239052,"WHO annual total 434; observed weeks 348; imputed 475.8 -> 127.8"
"BDI",2016-04-04,"AI","fourier_country_k2","imputed_scaled_annual_residual",17.1893,0.0875,4.61807545925217,0.0235077404364672,"WHO annual total 434; observed weeks 348; imputed 475.8 -> 127.8"
"BDI",2016-04-11,"AI","fourier_country_k2","imputed_scaled_annual_residual",17.0571,0.0868,4.5825586217013,0.0233196785129754,"WHO annual total 434; observed weeks 348; imputed 475.8 -> 127.8"
"BDI",2016-04-18,"AI","fourier_country_k2","imputed_scaled_annual_residual",16.6275,0.0846,4.46714233265552,0.02272862675343,"WHO annual total 434; observed weeks 348; imputed 475.8 -> 127.8"
"BDI",2016-04-25,"AI","fourier_country_k2","imputed_scaled_annual_residual",15.9202,0.081,4.27711919196165,0.021761451146901,"WHO annual total 434; observed weeks 348; imputed 475.8 -> 127.8"
"BDI",2016-05-02,"AI","fourier_country_k2","imputed_scaled_annual_residual",14.9798,0.0762,4.02447143074504,0.0204718836715291,"WHO annual total 434; observed weeks 348; imputed 475.8 -> 127.8"
"BDI",2016-05-09,"AI","fourier_country_k2","imputed_scaled_annual_residual",13.8725,0.0706,3.72698433377018,0.0189673882835952,"WHO annual total 434; observed weeks 348; imputed 475.8 -> 127.8"
"BDI",2016-05-16,"AI","fourier_country_k2","imputed_scaled_annual_residual",12.6827,0.0645,3.40733279581237,0.0173285629503101,"WHO annual total 434; observed weeks 348; imputed 475.8 -> 127.8"
"BDI",2016-05-23,"AI","fourier_country_k2","imputed_scaled_annual_residual",11.5073,0.0586,3.09154996028067,0.0157434695951654,"WHO annual total 434; observed weeks 348; imputed 475.8 -> 127.8"
"BDI",2016-05-30,"AI","fourier_country_k2","imputed_scaled_annual_residual",10.4502,0.0532,2.80754958981907,0.014292706185372,"WHO annual total 434; observed weeks 348; imputed 475.8 -> 127.8"
"BDI",2016-06-06,"AI","fourier_country_k2","imputed_scaled_annual_residual",9.615,0.0489,2.58316484910436,0.0131374686553514,"WHO annual total 434; observed weeks 348; imputed 475.8 -> 127.8"
"BDI",2016-06-13,"AI","fourier_country_k2","imputed_scaled_annual_residual",9.0991,0.0463,2.44456321149095,0.0124389529395249,"WHO annual total 434; observed weeks 348; imputed 475.8 -> 127.8"
"BDI",2016-06-20,"AI","fourier_country_k2","imputed_scaled_annual_residual",8.9869,0.0457,2.41441957175413,0.0122777570051034,"WHO annual total 434; observed weeks 348; imputed 475.8 -> 127.8"
"BDI",2016-06-27,"AI","fourier_country_k2","imputed_scaled_annual_residual",9.3444,0.0476,2.51046548268027,0.0127882107974381,"WHO annual total 434; observed weeks 348; imputed 475.8 -> 127.8"
"BDI",2016-07-04,"AI","fourier_country_k2","imputed_scaled_annual_residual",10.214,0.052,2.74409212363515,0.013970314316529,"WHO annual total 434; observed weeks 348; imputed 475.8 -> 127.8"
"BDI",2016-07-11,"AI","fourier_country_k2","imputed_scaled_annual_residual",11.6117,0.0591,3.11959805287001,0.0158777995405167,"WHO annual total 434; observed weeks 348; imputed 475.8 -> 127.8"
"BDI",2016-07-18,"AI","fourier_country_k2","imputed_scaled_annual_residual",13.5248,0.0688,3.63357128977293,0.0184838004803307,"WHO annual total 434; observed weeks 348; imputed 475.8 -> 127.8"
"BDI",2016-12-05,"AI","fourier_country_k2","imputed_scaled_annual_residual",24.5701,0.2831,6.60100038054905,0.0760576150578726,"WHO annual total 434; observed weeks 348; imputed 475.8 -> 127.8"
"BDI",2016-12-12,"AI","fourier_country_k2","imputed_scaled_annual_residual",21.8738,0.252,5.87661271724795,0.0677022924570254,"WHO annual total 434; observed weeks 348; imputed 475.8 -> 127.8"
"BDI",2016-12-19,"AI","fourier_country_k2","imputed_scaled_annual_residual",19.338,0.2228,5.19534496640459,0.0598574236485129,"WHO annual total 434; observed weeks 348; imputed 475.8 -> 127.8"
"BDI",2016-12-26,"AI","fourier_country_k2","imputed_scaled_annual_residual",17.0568,0.1965,4.58247802373409,0.0527916685230377,"WHO annual total 434; observed weeks 348; imputed 475.8 -> 127.8"
"BDI",2017-01-02,"AI","fourier_country_k2","imputed_scaled_annual_residual",15.0603,0,8.51781591925211,0,"WHO annual total 399; observed weeks 173.3; imputed 399 -> 225.7"
"BDI",2017-01-09,"AI","fourier_country_k2","imputed_scaled_annual_residual",13.4992,0,7.6348877948758,0,"WHO annual total 399; observed weeks 173.3; imputed 399 -> 225.7"
"BDI",2017-01-16,"AI","fourier_country_k2","imputed_scaled_annual_residual",12.3513,0,6.9856576405157,0,"WHO annual total 399; observed weeks 173.3; imputed 399 -> 225.7"
"BDI",2017-01-23,"AI","fourier_country_k2","imputed_scaled_annual_residual",11.6211,0,6.57267056959162,0,"WHO annual total 399; observed weeks 173.3; imputed 399 -> 225.7"
"BDI",2017-02-06,"AI","fourier_country_k2","imputed_scaled_annual_residual",11.3127,0,6.39824546321941,0,"WHO annual total 399; observed weeks 173.3; imputed 399 -> 225.7"
"BDI",2017-02-13,"AI","fourier_country_k2","imputed_scaled_annual_residual",11.6314,0,6.57849605141923,0,"WHO annual total 399; observed weeks 173.3; imputed 399 -> 225.7"
"BDI",2017-02-20,"AI","fourier_country_k2","imputed_scaled_annual_residual",12.1693,0,6.88272194220266,0,"WHO annual total 399; observed weeks 173.3; imputed 399 -> 225.7"
"BDI",2017-02-27,"AI","fourier_country_k2","imputed_scaled_annual_residual",12.8417,0,7.26301844520095,0,"WHO annual total 399; observed weeks 173.3; imputed 399 -> 225.7"
"BDI",2017-03-06,"AI","fourier_country_k2","imputed_scaled_annual_residual",13.5598,0,7.66916198892949,0,"WHO annual total 399; observed weeks 173.3; imputed 399 -> 225.7"
"BDI",2017-03-13,"AI","fourier_country_k2","imputed_scaled_annual_residual",14.2374,0,8.05239951187957,0,"WHO annual total 399; observed weeks 173.3; imputed 399 -> 225.7"
"BDI",2017-03-20,"AI","fourier_country_k2","imputed_scaled_annual_residual",14.7961,0,8.36838948247021,0,"WHO annual total 399; observed weeks 173.3; imputed 399 -> 225.7"
"BDI",2017-03-27,"AI","fourier_country_k2","imputed_scaled_annual_residual",15.1705,0,8.5801429189999,0,"WHO annual total 399; observed weeks 173.3; imputed 399 -> 225.7"
"BDI",2017-04-03,"AI","fourier_country_k2","imputed_scaled_annual_residual",15.3126,0,8.66051194499046,0,"WHO annual total 399; observed weeks 173.3; imputed 399 -> 225.7"
"BDI",2017-04-10,"AI","fourier_country_k2","imputed_scaled_annual_residual",15.1949,0,8.59394308954296,0,"WHO annual total 399; observed weeks 173.3; imputed 399 -> 225.7"
"BDI",2017-04-17,"AI","fourier_country_k2","imputed_scaled_annual_residual",14.8122,0,8.3774953327056,0,"WHO annual total 399; observed weeks 173.3; imputed 399 -> 225.7"
"BDI",2017-04-24,"AI","fourier_country_k2","imputed_scaled_annual_residual",14.1821,0,8.02112289585369,0,"WHO annual total 399; observed weeks 173.3; imputed 399 -> 225.7"
"BDI",2017-05-01,"AI","fourier_country_k2","imputed_scaled_annual_residual",13.3443,0,7.54727933515773,0,"WHO annual total 399; observed weeks 173.3; imputed 399 -> 225.7"
"BDI",2017-05-08,"AI","fourier_country_k2","imputed_scaled_annual_residual",12.358,0,6.98944703160744,0,"WHO annual total 399; observed weeks 173.3; imputed 399 -> 225.7"
"BDI",2017-05-15,"AI","fourier_country_k2","imputed_scaled_annual_residual",11.298,0,6.38993142604798,0,"WHO annual total 399; observed weeks 173.3; imputed 399 -> 225.7"
"BDI",2017-05-22,"AI","fourier_country_k2","imputed_scaled_annual_residual",10.251,0,5.79776837036801,0,"WHO annual total 399; observed weeks 173.3; imputed 399 -> 225.7"
"BDI",2017-05-29,"AI","fourier_country_k2","imputed_scaled_annual_residual",9.3093,0,5.26516096871202,0,"WHO annual total 399; observed weeks 173.3; imputed 399 -> 225.7"
"BDI",2017-06-05,"AI","fourier_country_k2","imputed_scaled_annual_residual",8.5652,0,4.84431232522448,0,"WHO annual total 399; observed weeks 173.3; imputed 399 -> 225.7"
"BDI",2017-06-12,"AI","fourier_country_k2","imputed_scaled_annual_residual",8.1057,0,4.58442796602205,0,"WHO annual total 399; observed weeks 173.3; imputed 399 -> 225.7"
"BDI",2017-06-19,"AI","fourier_country_k2","imputed_scaled_annual_residual",8.0058,0,4.52792644810187,0,"WHO annual total 399; observed weeks 173.3; imputed 399 -> 225.7"
"BDI",2017-06-26,"AI","fourier_country_k2","imputed_scaled_annual_residual",8.3242,0,4.70800736207369,0,"WHO annual total 399; observed weeks 173.3; imputed 399 -> 225.7"
"BDI",2017-07-03,"AI","fourier_country_k2","imputed_scaled_annual_residual",9.0989,0,5.14616277681607,0,"WHO annual total 399; observed weeks 173.3; imputed 399 -> 225.7"
"BDI",2017-12-04,"AI","fourier_country_k2","imputed_scaled_annual_residual",24.4954,0,13.8541269475673,0,"WHO annual total 399; observed weeks 173.3; imputed 399 -> 225.7"
"BDI",2017-12-11,"AI","fourier_country_k2","imputed_scaled_annual_residual",21.8074,0,12.3338458647901,0,"WHO annual total 399; observed weeks 173.3; imputed 399 -> 225.7"
"BDI",2017-12-18,"AI","fourier_country_k2","imputed_scaled_annual_residual",19.2792,0,10.9039445874548,0,"WHO annual total 399; observed weeks 173.3; imputed 399 -> 225.7"
"BDI",2017-12-25,"AI","fourier_country_k2","imputed_scaled_annual_residual",17.0049,0,9.61764426507375,0,"WHO annual total 399; observed weeks 173.3; imputed 399 -> 225.7"
"BDI",2019-06-03,"AI","fourier_country_k2","imputed_scaled_annual_residual",13.2598,0.1042,12.4242076119039,0.0976336319673291,"WHO annual total 1145; observed weeks 94; imputed 1121.7 -> 1051"
"BDI",2019-06-10,"AI","fourier_country_k2","imputed_scaled_annual_residual",12.5484,0.0986,11.7576378827143,0.0923865269863594,"WHO annual total 1145; observed weeks 94; imputed 1121.7 -> 1051"
"BDI",2019-06-17,"AI","fourier_country_k2","imputed_scaled_annual_residual",12.3937,0.0974,11.612686607615,0.0912621473475802,"WHO annual total 1145; observed weeks 94; imputed 1121.7 -> 1051"
"BDI",2019-06-24,"AI","fourier_country_k2","imputed_scaled_annual_residual",12.8867,0.1013,12.0746192425468,0.0949163811736127,"WHO annual total 1145; observed weeks 94; imputed 1121.7 -> 1051"
"BDI",2019-07-01,"AI","fourier_country_k2","imputed_scaled_annual_residual",14.0859,0.1107,13.1982492949002,0.103724021677383,"WHO annual total 1145; observed weeks 94; imputed 1121.7 -> 1051"
"BDI",2019-07-08,"AI","fourier_country_k2","imputed_scaled_annual_residual",16.0134,0.1259,15.0042840896893,0.117966163768587,"WHO annual total 1145; observed weeks 94; imputed 1121.7 -> 1051"
"BDI",2019-07-15,"AI","fourier_country_k2","imputed_scaled_annual_residual",18.6518,0.1466,17.4764201221519,0.137361712537528,"WHO annual total 1145; observed weeks 94; imputed 1121.7 -> 1051"
"BDI",2019-07-22,"AI","fourier_country_k2","imputed_scaled_annual_residual",21.9437,0.1725,20.560874566233,0.161629573074513,"WHO annual total 1145; observed weeks 94; imputed 1121.7 -> 1051"
"BDI",2019-07-29,"AI","fourier_country_k2","imputed_scaled_annual_residual",25.7941,0.2027,24.1686340338626,0.189926460650457,"WHO annual total 1145; observed weeks 94; imputed 1121.7 -> 1051"
"BDI",2019-08-05,"AI","fourier_country_k2","imputed_scaled_annual_residual",30.0743,0.2364,28.1791088087816,0.221502788839507,"WHO annual total 1145; observed weeks 94; imputed 1121.7 -> 1051"
"BDI",2019-08-12,"AI","fourier_country_k2","imputed_scaled_annual_residual",34.6278,0.2722,32.4456610464326,0.25504678139642,"WHO annual total 1145; observed weeks 94; imputed 1121.7 -> 1051"
"BDI",2019-08-19,"AI","fourier_country_k2","imputed_scaled_annual_residual",39.2785,0.3087,36.8032880348247,0.289246662075955,"WHO annual total 1145; observed weeks 94; imputed 1121.7 -> 1051"
"BDI",2019-08-26,"AI","fourier_country_k2","imputed_scaled_annual_residual",43.8392,0.3446,41.0765865503084,0.3228843529361,"WHO annual total 1145; observed weeks 94; imputed 1121.7 -> 1051"
"BDI",2019-09-02,"AI","fourier_country_k2","imputed_scaled_annual_residual",48.1213,0.3782,45.0888415929888,0.354366982821918,"WHO annual total 1145; observed weeks 94; imputed 1121.7 -> 1051"
"BDI",2019-09-09,"AI","fourier_country_k2","imputed_scaled_annual_residual",51.9451,0.4083,48.6716773119588,0.38257017209463,"WHO annual total 1145; observed weeks 94; imputed 1121.7 -> 1051"
"BDI",2019-09-16,"AI","fourier_country_k2","imputed_scaled_annual_residual",55.1487,0.4335,51.6733961542864,0.406182144508994,"WHO annual total 1145; observed weeks 94; imputed 1121.7 -> 1051"
"BDI",2019-09-23,"AI","fourier_country_k2","imputed_scaled_annual_residual",57.5969,0.4527,53.9673180140025,0.424172218729462,"WHO annual total 1145; observed weeks 94; imputed 1121.7 -> 1051"
"BDI",2019-09-30,"AI","fourier_country_k2","imputed_scaled_annual_residual",59.188,0.4652,55.4581517167205,0.435884506633412,"WHO annual total 1145; observed weeks 94; imputed 1121.7 -> 1051"
"BDI",2019-10-07,"AI","fourier_country_k2","imputed_scaled_annual_residual",59.8595,0.4705,56.0873358229207,0.440850516704687,"WHO annual total 1145; observed weeks 94; imputed 1121.7 -> 1051"
"BDI",2019-10-14,"AI","fourier_country_k2","imputed_scaled_annual_residual",59.5908,0.4684,55.8355684821374,0.438882852336823,"WHO annual total 1145; observed weeks 94; imputed 1121.7 -> 1051"
"BDI",2019-10-21,"AI","fourier_country_k2","imputed_scaled_annual_residual",58.4047,0.4591,54.7242129075074,0.430168910136284,"WHO annual total 1145; observed weeks 94; imputed 1121.7 -> 1051"
"BDI",2019-10-28,"AI","fourier_country_k2","imputed_scaled_annual_residual",56.3655,0.443,52.8135171080085,0.415083483315996,"WHO annual total 1145; observed weeks 94; imputed 1121.7 -> 1051"
"BDI",2019-11-04,"AI","fourier_country_k2","imputed_scaled_annual_residual",53.5755,0.4211,50.1993344478469,0.394563554908275,"WHO annual total 1145; observed weeks 94; imputed 1121.7 -> 1051"
"BDI",2019-11-11,"AI","fourier_country_k2","imputed_scaled_annual_residual",50.1695,0.3943,47.0079702397785,0.369452409642206,"WHO annual total 1145; observed weeks 94; imputed 1121.7 -> 1051"
"BDI",2019-11-18,"AI","fourier_country_k2","imputed_scaled_annual_residual",46.3068,0.364,43.3886858808514,0.341061823763031,"WHO annual total 1145; observed weeks 94; imputed 1121.7 -> 1051"
"BDI",2019-11-25,"AI","fourier_country_k2","imputed_scaled_annual_residual",42.1633,0.3314,39.50629668645,0.310516176909529,"WHO annual total 1145; observed weeks 94; imputed 1121.7 -> 1051"
"BDI",2019-12-02,"AI","fourier_country_k2","imputed_scaled_annual_residual",37.9212,0.2981,35.5315209650622,0.279314641933405,"WHO annual total 1145; observed weeks 94; imputed 1121.7 -> 1051"
"BDI",2019-12-09,"AI","fourier_country_k2","imputed_scaled_annual_residual",33.7599,0.2654,31.6324534726856,0.248675296776671,"WHO annual total 1145; observed weeks 94; imputed 1121.7 -> 1051"
"BDI",2019-12-16,"AI","fourier_country_k2","imputed_scaled_annual_residual",29.846,0.2346,27.9651955825039,0.219816219381338,"WHO annual total 1145; observed weeks 94; imputed 1121.7 -> 1051"
"BDI",2019-12-23,"AI","fourier_country_k2","imputed_scaled_annual_residual",26.3252,0.2069,24.6662657223257,0.193861789386184,"WHO annual total 1145; observed weeks 94; imputed 1121.7 -> 1051"
"BDI",2023-01-02,"WHO","who_catchup_uniform","who_catchup_uniform",0,0,24,0,"WHO report of   49 cases /  1 deaths spread over 2 weeks from 2023-01-02 (uniform)"
"BDI",2023-01-09,"WHO","who_catchup_uniform","who_catchup_uniform",49,1,25,1,"WHO report of   49 cases /  1 deaths spread over 2 weeks from 2023-01-02 (uniform)"
"BDI",2023-01-09,"AI","observed","who_copy_dropped",49,1,NA,NA,"repeats the WHO dashboard value of a multi-week report window"
"BDI",2025-01-13,"WHO","who_catchup_uniform","who_catchup_uniform",0,0,7,0,"WHO report of   20 cases /  0 deaths spread over 3 weeks from 2025-01-13 (uniform)"
"BDI",2025-01-20,"WHO","who_catchup_uniform","who_catchup_uniform",0,0,6,0,"WHO report of   20 cases /  0 deaths spread over 3 weeks from 2025-01-13 (uniform)"
"BDI",2025-01-27,"WHO","who_catchup_uniform","who_catchup_uniform",20,0,7,0,"WHO report of   20 cases /  0 deaths spread over 3 weeks from 2025-01-13 (uniform)"
"BDI",2025-01-27,"AI","observed","who_copy_dropped",20,NA,NA,NA,"repeats the WHO dashboard value of a multi-week report window"
"BEN",2012-12-31,"AI","fourier_country_k1","imputed_scaled_annual_residual",19.4198,NA,0.759863819417498,NA,"WHO annual total 528; observed weeks 526; imputed 547.4 -> 21.4"
"BEN",2013-01-07,"AI","fourier_country_k1","imputed_scaled_annual_residual",19.9564,0.2268,0.780860066829903,0.0088742991299544,"WHO annual total 528; observed weeks 526; imputed 547.4 -> 21.4"
"BEN",2013-01-14,"AI","fourier_country_k1","imputed_scaled_annual_residual",19.7117,0.224,0.771285371075495,0.00876473988143645,"WHO annual total 528; observed weeks 526; imputed 547.4 -> 21.4"
"BEN",2013-01-21,"AI","fourier_country_k1","imputed_scaled_annual_residual",19.4311,0.2208,0.760305969241874,0.00863952931170164,"WHO annual total 528; observed weeks 526; imputed 547.4 -> 21.4"
"BEN",2013-01-28,"AI","fourier_country_k1","imputed_scaled_annual_residual",19.1185,0.2173,0.748074461710905,0.0085025802510542,"WHO annual total 528; observed weeks 526; imputed 547.4 -> 21.4"
"BEN",2013-02-04,"AI","fourier_country_k1","imputed_scaled_annual_residual",18.7784,0.2134,0.734766925846278,0.0083499798691899,"WHO annual total 528; observed weeks 526; imputed 547.4 -> 21.4"
"BEN",2013-02-11,"AI","fourier_country_k1","imputed_scaled_annual_residual",18.4159,0.2093,0.720582915993507,0.00818955382671718,"WHO annual total 528; observed weeks 526; imputed 547.4 -> 21.4"
"BEN",2013-02-18,"AI","fourier_country_k1","imputed_scaled_annual_residual",18.0363,0.205,0.705729812158715,0.00802130212363604,"WHO annual total 528; observed weeks 526; imputed 547.4 -> 21.4"
"BEN",2013-02-25,"AI","fourier_country_k1","imputed_scaled_annual_residual",17.645,0.2005,0.690418907178331,0.00784522475994646,"WHO annual total 528; observed weeks 526; imputed 547.4 -> 21.4"
"BEN",2013-03-04,"AI","fourier_country_k1","imputed_scaled_annual_residual",17.2478,0.196,0.674877145209998,0.00766914739625689,"WHO annual total 528; observed weeks 526; imputed 547.4 -> 21.4"
"BEN",2013-03-11,"AI","fourier_country_k1","imputed_scaled_annual_residual",16.8505,0.1915,0.659331470411361,0.00749307003256732,"WHO annual total 528; observed weeks 526; imputed 547.4 -> 21.4"
"BEN",2013-03-18,"AI","fourier_country_k1","imputed_scaled_annual_residual",16.4589,0.187,0.644008826940064,0.00731699266887775,"WHO annual total 528; observed weeks 526; imputed 547.4 -> 21.4"
"BEN",2013-03-25,"AI","fourier_country_k1","imputed_scaled_annual_residual",16.0786,0.1827,0.629128333293143,0.0071487409657966,"WHO annual total 528; observed weeks 526; imputed 547.4 -> 21.4"
"BEN",2013-04-01,"AI","fourier_country_k1","imputed_scaled_annual_residual",15.7153,0.1786,0.614913020797939,0.00698831492332388,"WHO annual total 528; observed weeks 526; imputed 547.4 -> 21.4"
"BEN",2013-04-08,"AI","fourier_country_k1","imputed_scaled_annual_residual",15.3741,0.1747,0.601562443799965,0.00683571454145959,"WHO annual total 528; observed weeks 526; imputed 547.4 -> 21.4"
"BEN",2013-04-15,"AI","fourier_country_k1","imputed_scaled_annual_residual",15.0602,0.1711,0.589280069475041,0.00669485265050793,"WHO annual total 528; observed weeks 526; imputed 547.4 -> 21.4"
"BEN",2013-04-22,"AI","fourier_country_k1","imputed_scaled_annual_residual",14.778,0.1679,0.578238062356553,0.00656964208077312,"WHO annual total 528; observed weeks 526; imputed 547.4 -> 21.4"
"BEN",2013-04-29,"AI","fourier_country_k1","imputed_scaled_annual_residual",14.5317,0.1651,0.568600761317277,0.00646008283225517,"WHO annual total 528; observed weeks 526; imputed 547.4 -> 21.4"
"BEN",2013-05-06,"AI","fourier_country_k1","imputed_scaled_annual_residual",14.3249,0.1628,0.560509028248165,0.00637008773525828,"WHO annual total 528; observed weeks 526; imputed 547.4 -> 21.4"
"BEN",2013-05-13,"AI","fourier_country_k1","imputed_scaled_annual_residual",14.1606,0.1609,0.554080248058344,0.00629574395947824,"WHO annual total 528; observed weeks 526; imputed 547.4 -> 21.4"
"BEN",2013-05-20,"AI","fourier_country_k1","imputed_scaled_annual_residual",14.0412,0.1596,0.549408328675114,0.00624487716552347,"WHO annual total 528; observed weeks 526; imputed 547.4 -> 21.4"
"BEN",2013-05-27,"AI","fourier_country_k1","imputed_scaled_annual_residual",13.9684,0.1587,0.546559788213647,0.00620966169278556,"WHO annual total 528; observed weeks 526; imputed 547.4 -> 21.4"
"BEN",2013-06-03,"AI","fourier_country_k1","imputed_scaled_annual_residual",13.9434,0.1584,0.545581580637594,0.00619792320187292,"WHO annual total 528; observed weeks 526; imputed 547.4 -> 21.4"
"BEN",2013-06-10,"AI","fourier_country_k1","imputed_scaled_annual_residual",13.9663,0.1587,0.546477618777258,0.00620966169278556,"WHO annual total 528; observed weeks 526; imputed 547.4 -> 21.4"
"BEN",2013-06-17,"AI","fourier_country_k1","imputed_scaled_annual_residual",14.037,0.1595,0.549243989802337,0.00624096433521926,"WHO annual total 528; observed weeks 526; imputed 547.4 -> 21.4"
"BEN",2013-06-24,"AI","fourier_country_k1","imputed_scaled_annual_residual",14.1544,0.1608,0.553837652579482,0.00629183112917402,"WHO annual total 528; observed weeks 526; imputed 547.4 -> 21.4"
"BEN",2013-07-01,"AI","fourier_country_k1","imputed_scaled_annual_residual",14.3168,0.1627,0.560192088993524,0.00636617490495406,"WHO annual total 528; observed weeks 526; imputed 547.4 -> 21.4"
"BEN",2013-07-08,"AI","fourier_country_k1","imputed_scaled_annual_residual",14.5217,0.165,0.568209478286856,0.00645617000195096,"WHO annual total 528; observed weeks 526; imputed 547.4 -> 21.4"
"BEN",2013-07-15,"AI","fourier_country_k1","imputed_scaled_annual_residual",14.7664,0.1678,0.577784174041264,0.00656572925046891,"WHO annual total 528; observed weeks 526; imputed 547.4 -> 21.4"
"BEN",2013-07-22,"AI","fourier_country_k1","imputed_scaled_annual_residual",15.047,0.171,0.588763575874885,0.00669093982020372,"WHO annual total 528; observed weeks 526; imputed 547.4 -> 21.4"
"BEN",2013-07-29,"AI","fourier_country_k1","imputed_scaled_annual_residual",15.3596,0.1745,0.600995083405854,0.00682788888085116,"WHO annual total 528; observed weeks 526; imputed 547.4 -> 21.4"
"BEN",2013-08-05,"AI","fourier_country_k1","imputed_scaled_annual_residual",15.6997,0.1784,0.614302619270481,0.00698048926271546,"WHO annual total 528; observed weeks 526; imputed 547.4 -> 21.4"
"BEN",2013-08-12,"AI","fourier_country_k1","imputed_scaled_annual_residual",16.0622,0.1825,0.628486629123252,0.00714091530518818,"WHO annual total 528; observed weeks 526; imputed 547.4 -> 21.4"
"BEN",2013-08-19,"AI","fourier_country_k1","imputed_scaled_annual_residual",16.4418,0.1868,0.643339732958044,0.00730916700826932,"WHO annual total 528; observed weeks 526; imputed 547.4 -> 21.4"
"BEN",2014-01-20,"AI","fourier_country_k1","imputed_scaled_annual_residual",17.0643,NA,4.98337523595112,NA,"WHO annual total 832; observed weeks 799; imputed 113 -> 33"
"BEN",2014-01-27,"AI","fourier_country_k1","imputed_scaled_annual_residual",16.7897,NA,4.90318238656426,NA,"WHO annual total 832; observed weeks 799; imputed 113 -> 33"
"BEN",2014-02-03,"AI","fourier_country_k1","imputed_scaled_annual_residual",16.4911,NA,4.8159806938224,NA,"WHO annual total 832; observed weeks 799; imputed 113 -> 33"
"BEN",2014-02-10,"AI","fourier_country_k1","imputed_scaled_annual_residual",16.1728,NA,4.72302590882663,NA,"WHO annual total 832; observed weeks 799; imputed 113 -> 33"
"BEN",2014-02-17,"AI","fourier_country_k1","imputed_scaled_annual_residual",15.8394,NA,4.62566139322001,NA,"WHO annual total 832; observed weeks 799; imputed 113 -> 33"
"BEN",2014-02-24,"AI","fourier_country_k1","imputed_scaled_annual_residual",15.4958,NA,4.52531811918751,NA,"WHO annual total 832; observed weeks 799; imputed 113 -> 33"
"BEN",2014-03-03,"AI","fourier_country_k1","imputed_scaled_annual_residual",15.147,NA,4.42345626242809,NA,"WHO annual total 832; observed weeks 799; imputed 113 -> 33"
"BEN",2016-01-04,"AI","fourier_country_k1","imputed_scaled_annual_residual",32.9478,0.4901,24.9863602798065,0.371673227746106,"WHO annual total 761; observed weeks 282; imputed 1167 -> 885"
"BEN",2016-01-11,"AI","fourier_country_k1","imputed_scaled_annual_residual",32.6128,0.4851,24.7323090019143,0.367881417628313,"WHO annual total 761; observed weeks 282; imputed 1167 -> 885"
"BEN",2016-01-18,"AI","fourier_country_k1","imputed_scaled_annual_residual",32.2131,0.4791,24.4291917010979,0.363331245486961,"WHO annual total 761; observed weeks 282; imputed 1167 -> 885"
"BEN",2016-01-25,"AI","fourier_country_k1","imputed_scaled_annual_residual",31.7544,0.4723,24.0813310408916,0.358174383726762,"WHO annual total 761; observed weeks 282; imputed 1167 -> 885"
"BEN",2016-02-01,"AI","fourier_country_k1","imputed_scaled_annual_residual",31.2435,0.4647,23.6938838830554,0.352410832347716,"WHO annual total 761; observed weeks 282; imputed 1167 -> 885"
"BEN",2016-02-08,"AI","fourier_country_k1","imputed_scaled_annual_residual",30.6879,0.4565,23.2725379427662,0.346192263754535,"WHO annual total 761; observed weeks 282; imputed 1167 -> 885"
"BEN",2016-02-15,"AI","fourier_country_k1","imputed_scaled_annual_residual",30.0955,0.4476,22.8232842800101,0.339442841744863,"WHO annual total 761; observed weeks 282; imputed 1167 -> 885"
"BEN",2016-02-22,"AI","fourier_country_k1","imputed_scaled_annual_residual",29.4751,0.4384,22.3527964805943,0.332465911128123,"WHO annual total 761; observed weeks 282; imputed 1167 -> 885"
"BEN",2016-02-29,"AI","fourier_country_k1","imputed_scaled_annual_residual",28.8357,0.4289,21.8678998027309,0.325261471904315,"WHO annual total 761; observed weeks 282; imputed 1167 -> 885"
"BEN",2016-03-07,"AI","fourier_country_k1","imputed_scaled_annual_residual",28.1866,0.4193,21.3756470132389,0.317981196478152,"WHO annual total 761; observed weeks 282; imputed 1167 -> 885"
"BEN",2016-03-14,"AI","fourier_country_k1","imputed_scaled_annual_residual",27.5373,0.4096,20.8832425513423,0.310625084849633,"WHO annual total 761; observed weeks 282; imputed 1167 -> 885"
"BEN",2016-03-21,"AI","fourier_country_k1","imputed_scaled_annual_residual",26.8972,0.4001,20.3978150200624,0.303420645625826,"WHO annual total 761; observed weeks 282; imputed 1167 -> 885"
"BEN",2016-03-28,"AI","fourier_country_k1","imputed_scaled_annual_residual",26.2758,0.3908,19.926568858623,0.29636787880673,"WHO annual total 761; observed weeks 282; imputed 1167 -> 885"
"BEN",2016-04-04,"AI","fourier_country_k1","imputed_scaled_annual_residual",25.682,0.382,19.4762534890339,0.289694292999414,"WHO annual total 761; observed weeks 282; imputed 1167 -> 885"
"BEN",2016-04-11,"AI","fourier_country_k1","imputed_scaled_annual_residual",25.1245,0.3737,19.0534666608999,0.283399888203877,"WHO annual total 761; observed weeks 282; imputed 1167 -> 885"
"BEN",2016-04-18,"AI","fourier_country_k1","imputed_scaled_annual_residual",24.6115,0.3661,18.6644269428143,0.277636336824831,"WHO annual total 761; observed weeks 282; imputed 1167 -> 885"
"BEN",2016-04-25,"AI","fourier_country_k1","imputed_scaled_annual_residual",24.1504,0.3592,18.3147462137514,0.272403638862276,"WHO annual total 761; observed weeks 282; imputed 1167 -> 885"
"BEN",2016-05-02,"AI","fourier_country_k1","imputed_scaled_annual_residual",23.7479,0.3532,18.009505499269,0.267853466720924,"WHO annual total 761; observed weeks 282; imputed 1167 -> 885"
"BEN",2016-05-09,"AI","fourier_country_k1","imputed_scaled_annual_residual",23.4099,0.3482,17.7531791353062,0.26406165660313,"WHO annual total 761; observed weeks 282; imputed 1167 -> 885"
"BEN",2016-05-16,"AI","fourier_country_k1","imputed_scaled_annual_residual",23.1414,0.3442,17.5495589319807,0.261028208508896,"WHO annual total 761; observed weeks 282; imputed 1167 -> 885"
"BEN",2016-05-23,"AI","fourier_country_k1","imputed_scaled_annual_residual",22.9463,0.3413,17.4016025011844,0.258828958640576,"WHO annual total 761; observed weeks 282; imputed 1167 -> 885"
"BEN",2016-05-30,"AI","fourier_country_k1","imputed_scaled_annual_residual",22.8273,0.3395,17.3113574203809,0.25746390699817,"WHO annual total 761; observed weeks 282; imputed 1167 -> 885"
"BEN",2016-06-06,"AI","fourier_country_k1","imputed_scaled_annual_residual",22.7863,0.3389,17.280264577415,0.257008889784035,"WHO annual total 761; observed weeks 282; imputed 1167 -> 885"
"BEN",2016-06-13,"AI","fourier_country_k1","imputed_scaled_annual_residual",22.8239,0.3395,17.3087789895008,0.25746390699817,"WHO annual total 761; observed weeks 282; imputed 1167 -> 885"
"BEN",2016-06-20,"AI","fourier_country_k1","imputed_scaled_annual_residual",22.9394,0.3412,17.3963698032219,0.25875312243822,"WHO annual total 761; observed weeks 282; imputed 1167 -> 885"
"BEN",2016-06-27,"AI","fourier_country_k1","imputed_scaled_annual_residual",23.1312,0.3441,17.5418236393404,0.26095237230654,"WHO annual total 761; observed weeks 282; imputed 1167 -> 885"
"BEN",2016-07-04,"AI","fourier_country_k1","imputed_scaled_annual_residual",23.3966,0.348,17.7430929203929,0.263909984198419,"WHO annual total 761; observed weeks 282; imputed 1167 -> 885"
"BEN",2016-07-11,"AI","fourier_country_k1","imputed_scaled_annual_residual",23.7316,0.353,17.997144198285,0.267701794316212,"WHO annual total 761; observed weeks 282; imputed 1167 -> 885"
"BEN",2016-07-18,"AI","fourier_country_k1","imputed_scaled_annual_residual",24.1313,0.3589,18.3002614991014,0.272176130255208,"WHO annual total 761; observed weeks 282; imputed 1167 -> 885"
"BEN",2016-07-25,"AI","fourier_country_k1","imputed_scaled_annual_residual",24.59,0.3658,18.6481221593078,0.277408828217763,"WHO annual total 761; observed weeks 282; imputed 1167 -> 885"
"BEN",2016-08-01,"AI","fourier_country_k1","imputed_scaled_annual_residual",25.1009,0.3734,19.0355693171439,0.283172379596809,"WHO annual total 761; observed weeks 282; imputed 1167 -> 885"
"BEN",2016-09-05,"AI","fourier_country_k1","imputed_scaled_annual_residual",173.0053,NA,131.200649394376,NA,"WHO annual total 761; observed weeks 282; imputed 1167 -> 885"
"BEN",2016-09-12,"AI","fourier_country_k1","imputed_scaled_annual_residual",176.9947,NA,134.22605885116,NA,"WHO annual total 761; observed weeks 282; imputed 1167 -> 885"
"BEN",2021-01-11,"AI","fourier_country_k1","imputed_scaled_annual_residual",29.5609,0.5238,28.680878546553,0.508206589876643,"WHO annual total 1298; observed weeks 62; imputed 2082.6 -> 2020.6"
"BEN",2021-01-18,"AI","fourier_country_k1","imputed_scaled_annual_residual",29.1986,0.5174,28.3293641374039,0.501997116460815,"WHO annual total 1298; observed weeks 62; imputed 2082.6 -> 2020.6"
"BEN",2021-01-25,"AI","fourier_country_k1","imputed_scaled_annual_residual",28.7829,0.51,27.9260394344414,0.494817412823764,"WHO annual total 1298; observed weeks 62; imputed 2082.6 -> 2020.6"
"BEN",2021-02-01,"AI","fourier_country_k1","imputed_scaled_annual_residual",28.3198,0.5018,27.476725818993,0.486861525009735,"WHO annual total 1298; observed weeks 62; imputed 2082.6 -> 2020.6"
"BEN",2021-02-08,"AI","fourier_country_k1","imputed_scaled_annual_residual",27.8161,0.4929,26.988020856563,0.47822647604085,"WHO annual total 1298; observed weeks 62; imputed 2082.6 -> 2020.6"
"BEN",2021-02-15,"AI","fourier_country_k1","imputed_scaled_annual_residual",27.2792,0.4834,26.4671042507883,0.469009288939231,"WHO annual total 1298; observed weeks 62; imputed 2082.6 -> 2020.6"
"BEN",2021-02-22,"AI","fourier_country_k1","imputed_scaled_annual_residual",26.7168,0.4734,25.9214467743724,0.459306986727,"WHO annual total 1298; observed weeks 62; imputed 2082.6 -> 2020.6"
"BEN",2021-03-01,"AI","fourier_country_k1","imputed_scaled_annual_residual",26.1372,0.4631,25.3591013381516,0.449313615448402,"WHO annual total 1298; observed weeks 62; imputed 2082.6 -> 2020.6"
"BEN",2021-03-08,"AI","fourier_country_k1","imputed_scaled_annual_residual",25.5489,0.4527,24.788314899006,0.439223221147683,"WHO annual total 1298; observed weeks 62; imputed 2082.6 -> 2020.6"
"BEN",2021-03-15,"AI","fourier_country_k1","imputed_scaled_annual_residual",24.9603,0.4423,24.2172373907941,0.429132826846963,"WHO annual total 1298; observed weeks 62; imputed 2082.6 -> 2020.6"
"BEN",2021-03-22,"AI","fourier_country_k1","imputed_scaled_annual_residual",24.3802,0.432,23.6544068394626,0.419139455568365,"WHO annual total 1298; observed weeks 62; imputed 2082.6 -> 2020.6"
"BEN",2021-03-29,"AI","fourier_country_k1","imputed_scaled_annual_residual",23.8169,0.422,23.1078761558477,0.409437153356134,"WHO annual total 1298; observed weeks 62; imputed 2082.6 -> 2020.6"
"BEN",2021-04-05,"AI","fourier_country_k1","imputed_scaled_annual_residual",23.2787,0.4125,22.5856982507854,0.400219966254515,"WHO annual total 1298; observed weeks 62; imputed 2082.6 -> 2020.6"
"BEN",2021-04-12,"AI","fourier_country_k1","imputed_scaled_annual_residual",22.7734,0.4035,22.0954409200014,0.391487894263508,"WHO annual total 1298; observed weeks 62; imputed 2082.6 -> 2020.6"
"BEN",2021-04-19,"AI","fourier_country_k1","imputed_scaled_annual_residual",22.3083,0.3953,21.6441868441106,0.383532006449478,"WHO annual total 1298; observed weeks 62; imputed 2082.6 -> 2020.6"
"BEN",2021-04-26,"AI","fourier_country_k1","imputed_scaled_annual_residual",21.8904,0.3879,21.2387276346614,0.376352302812428,"WHO annual total 1298; observed weeks 62; imputed 2082.6 -> 2020.6"
"BEN",2021-05-03,"AI","fourier_country_k1","imputed_scaled_annual_residual",21.5256,0.3814,20.8847876499593,0.370045806374478,"WHO annual total 1298; observed weeks 62; imputed 2082.6 -> 2020.6"
"BEN",2021-05-10,"AI","fourier_country_k1","imputed_scaled_annual_residual",21.2192,0.376,20.5875091101765,0.364806563179873,"WHO annual total 1298; observed weeks 62; imputed 2082.6 -> 2020.6"
"BEN",2021-05-17,"AI","fourier_country_k1","imputed_scaled_annual_residual",20.9759,0.3717,20.3514520973529,0.360634573228614,"WHO annual total 1298; observed weeks 62; imputed 2082.6 -> 2020.6"
"BEN",2021-05-24,"AI","fourier_country_k1","imputed_scaled_annual_residual",20.799,0.3685,20.1798183712186,0.3575298365207,"WHO annual total 1298; observed weeks 62; imputed 2082.6 -> 2020.6"
"BEN",2021-05-31,"AI","fourier_country_k1","imputed_scaled_annual_residual",20.6912,0.3666,20.0752275533707,0.355686399100376,"WHO annual total 1298; observed weeks 62; imputed 2082.6 -> 2020.6"
"BEN",2021-06-07,"AI","fourier_country_k1","imputed_scaled_annual_residual",20.654,0.366,20.0391349891412,0.355104260967643,"WHO annual total 1298; observed weeks 62; imputed 2082.6 -> 2020.6"
"BEN",2021-06-14,"AI","fourier_country_k1","imputed_scaled_annual_residual",20.688,0.3666,20.0721228166628,0.355686399100376,"WHO annual total 1298; observed weeks 62; imputed 2082.6 -> 2020.6"
"BEN",2021-06-21,"AI","fourier_country_k1","imputed_scaled_annual_residual",20.7927,0.3684,20.1737059208249,0.357432813498578,"WHO annual total 1298; observed weeks 62; imputed 2082.6 -> 2020.6"
"BEN",2021-06-28,"AI","fourier_country_k1","imputed_scaled_annual_residual",20.9666,0.3715,20.3424289562956,0.36044052718437,"WHO annual total 1298; observed weeks 62; imputed 2082.6 -> 2020.6"
"BEN",2021-07-05,"AI","fourier_country_k1","imputed_scaled_annual_residual",21.2071,0.3758,20.5757693244997,0.364612517135629,"WHO annual total 1298; observed weeks 62; imputed 2082.6 -> 2020.6"
"BEN",2021-07-12,"AI","fourier_country_k1","imputed_scaled_annual_residual",21.5108,0.3812,20.8704282426852,0.369851760330233,"WHO annual total 1298; observed weeks 62; imputed 2082.6 -> 2020.6"
"BEN",2021-07-19,"AI","fourier_country_k1","imputed_scaled_annual_residual",21.8731,0.3876,21.2219426518343,0.376061233746061,"WHO annual total 1298; observed weeks 62; imputed 2082.6 -> 2020.6"
"BEN",2021-07-26,"AI","fourier_country_k1","imputed_scaled_annual_residual",22.2888,0.3949,21.6252673547967,0.383143914360989,"WHO annual total 1298; observed weeks 62; imputed 2082.6 -> 2020.6"
"BEN",2021-08-02,"AI","fourier_country_k1","imputed_scaled_annual_residual",22.7519,0.4032,22.0745809702451,0.391196825197141,"WHO annual total 1298; observed weeks 62; imputed 2082.6 -> 2020.6"
"BEN",2021-08-09,"AI","fourier_country_k1","imputed_scaled_annual_residual",23.2556,0.4121,22.5632859326752,0.399831874166026,"WHO annual total 1298; observed weeks 62; imputed 2082.6 -> 2020.6"
"BEN",2021-08-16,"AI","fourier_country_k1","imputed_scaled_annual_residual",23.7925,0.4216,23.0842025384498,0.409049061267645,"WHO annual total 1298; observed weeks 62; imputed 2082.6 -> 2020.6"
"BEN",2021-08-23,"AI","fourier_country_k1","imputed_scaled_annual_residual",24.3549,0.4316,23.6298600148657,0.418751363479876,"WHO annual total 1298; observed weeks 62; imputed 2082.6 -> 2020.6"
"BEN",2021-08-30,"AI","fourier_country_k1","imputed_scaled_annual_residual",24.9345,0.4418,24.1922054510866,0.428647711736351,"WHO annual total 1298; observed weeks 62; imputed 2082.6 -> 2020.6"
"BEN",2021-09-06,"AI","fourier_country_k1","imputed_scaled_annual_residual",66.3141,0.9275,64.3399439132086,0.899888530184395,"WHO annual total 1298; observed weeks 62; imputed 2082.6 -> 2020.6"
"BEN",2021-09-13,"AI","fourier_country_k1","imputed_scaled_annual_residual",67.8433,0.9489,65.8236199675029,0.920651456918569,"WHO annual total 1298; observed weeks 62; imputed 2082.6 -> 2020.6"
"BEN",2021-09-20,"AI","fourier_country_k1","imputed_scaled_annual_residual",69.3506,0.9699,67.2860479799525,0.941026291564253,"WHO annual total 1298; observed weeks 62; imputed 2082.6 -> 2020.6"
"BEN",2021-09-27,"AI","fourier_country_k1","imputed_scaled_annual_residual",70.8142,0.9904,68.7060769317345,0.960916011099326,"WHO annual total 1298; observed weeks 62; imputed 2082.6 -> 2020.6"
"BEN",2021-10-04,"AI","fourier_country_k1","imputed_scaled_annual_residual",72.2126,1.01,70.0628468730929,0.979932523435298,"WHO annual total 1298; observed weeks 62; imputed 2082.6 -> 2020.6"
"BEN",2021-10-11,"AI","fourier_country_k1","imputed_scaled_annual_residual",73.5255,1.0283,71.3366621305366,0.99768773648368,"WHO annual total 1298; observed weeks 62; imputed 2082.6 -> 2020.6"
"BEN",2021-10-18,"AI","fourier_country_k1","imputed_scaled_annual_residual",74.7338,1.0452,72.5089913068405,1.01408462722235,"WHO annual total 1298; observed weeks 62; imputed 2082.6 -> 2020.6"
"BEN",2021-10-25,"AI","fourier_country_k1","imputed_scaled_annual_residual",75.8197,1.0604,73.5625643040666,1.02883212658494,"WHO annual total 1298; observed weeks 62; imputed 2082.6 -> 2020.6"
"BEN",2021-11-01,"AI","fourier_country_k1","imputed_scaled_annual_residual",76.7676,1.0737,74.482245530764,1.04173618852721,"WHO annual total 1298; observed weeks 62; imputed 2082.6 -> 2020.6"
"BEN",2021-11-08,"AI","fourier_country_k1","imputed_scaled_annual_residual",77.5635,1.0848,75.2544517638354,1.05250574398278,"WHO annual total 1298; observed weeks 62; imputed 2082.6 -> 2020.6"
"BEN",2021-11-15,"AI","fourier_country_k1","imputed_scaled_annual_residual",78.1958,1.0936,75.8679283327147,1.06104376992955,"WHO annual total 1298; observed weeks 62; imputed 2082.6 -> 2020.6"
"BEN",2021-11-22,"AI","fourier_country_k1","imputed_scaled_annual_residual",78.6554,1.1001,76.3138461423889,1.0673502663675,"WHO annual total 1298; observed weeks 62; imputed 2082.6 -> 2020.6"
"BEN",2021-11-29,"AI","fourier_country_k1","imputed_scaled_annual_residual",78.9356,1.104,76.5857046503755,1.07113416423027,"WHO annual total 1298; observed weeks 62; imputed 2082.6 -> 2020.6"
"BEN",2021-12-06,"AI","fourier_country_k1","imputed_scaled_annual_residual",79.0321,1.1053,76.6793318667236,1.07239546351786,"WHO annual total 1298; observed weeks 62; imputed 2082.6 -> 2020.6"
"BEN",2021-12-13,"AI","fourier_country_k1","imputed_scaled_annual_residual",78.9437,1.1041,76.5935635151675,1.07123118725239,"WHO annual total 1298; observed weeks 62; imputed 2082.6 -> 2020.6"
"BEN",2021-12-20,"AI","fourier_country_k1","imputed_scaled_annual_residual",78.6716,1.1003,76.3295638719727,1.06754431241174,"WHO annual total 1298; observed weeks 62; imputed 2082.6 -> 2020.6"
"BEN",2021-12-27,"AI","fourier_country_k1","imputed_scaled_annual_residual",78.2199,1.094,75.8913108810462,1.06143186201804,"WHO annual total 1298; observed weeks 62; imputed 2082.6 -> 2020.6"
"BEN",2022-01-03,"AI","fourier_country_k1","imputed_scaled_annual_residual",77.595,1.0852,76.7758432351211,1.07374373450291,"WHO annual total 433; observed weeks 12; imputed 1136.7 -> 1124.7"
"BEN",2022-01-10,"AI","fourier_country_k1","imputed_scaled_annual_residual",76.806,1.0742,75.9951725693242,1.06285985956785,"WHO annual total 433; observed weeks 12; imputed 1136.7 -> 1124.7"
"BEN",2022-01-17,"AI","fourier_country_k1","imputed_scaled_annual_residual",39.06,0,38.6476504512383,0,"WHO annual total 433; observed weeks 12; imputed 1136.7 -> 1124.7"
"BEN",2022-01-24,"AI","fourier_country_k1","imputed_scaled_annual_residual",38.5039,0,38.097421101112,0,"WHO annual total 433; observed weeks 12; imputed 1136.7 -> 1124.7"
"BEN",2022-01-31,"AI","fourier_country_k1","imputed_scaled_annual_residual",37.8844,0,37.4844610536326,0,"WHO annual total 433; observed weeks 12; imputed 1136.7 -> 1124.7"
"BEN",2022-02-07,"AI","fourier_country_k1","imputed_scaled_annual_residual",37.2106,0,36.8177742417011,0,"WHO annual total 433; observed weeks 12; imputed 1136.7 -> 1124.7"
"BEN",2022-02-14,"AI","fourier_country_k1","imputed_scaled_annual_residual",36.4923,0,36.1070572084414,0,"WHO annual total 433; observed weeks 12; imputed 1136.7 -> 1124.7"
"BEN",2022-02-21,"AI","fourier_country_k1","imputed_scaled_annual_residual",35.74,0,35.3626991072006,0,"WHO annual total 433; observed weeks 12; imputed 1136.7 -> 1124.7"
"BEN",2022-02-28,"AI","fourier_country_k1","imputed_scaled_annual_residual",34.9647,0,34.5955838129137,0,"WHO annual total 433; observed weeks 12; imputed 1136.7 -> 1124.7"
"BEN",2022-03-07,"AI","fourier_country_k1","imputed_scaled_annual_residual",34.1777,0,33.8168920334687,0,"WHO annual total 433; observed weeks 12; imputed 1136.7 -> 1124.7"
"BEN",2022-03-14,"AI","fourier_country_k1","imputed_scaled_annual_residual",33.3903,0,33.0378044767532,0,"WHO annual total 433; observed weeks 12; imputed 1136.7 -> 1124.7"
"BEN",2022-03-21,"AI","fourier_country_k1","imputed_scaled_annual_residual",32.6143,0,32.2699965722432,0,"WHO annual total 433; observed weeks 12; imputed 1136.7 -> 1124.7"
"BEN",2022-03-28,"AI","fourier_country_k1","imputed_scaled_annual_residual",31.8607,0,31.5243521948737,0,"WHO annual total 433; observed weeks 12; imputed 1136.7 -> 1124.7"
"BEN",2022-04-04,"AI","fourier_country_k1","imputed_scaled_annual_residual",31.1407,0,30.8119531082149,0,"WHO annual total 433; observed weeks 12; imputed 1136.7 -> 1124.7"
"BEN",2022-04-11,"AI","fourier_country_k1","imputed_scaled_annual_residual",30.4647,0,30.1430895212964,0,"WHO annual total 433; observed weeks 12; imputed 1136.7 -> 1124.7"
"BEN",2022-07-04,"AI","fourier_country_k1","imputed_scaled_annual_residual",16.0913,0.1772,15.9214269766004,0.17532933077213,"WHO annual total 433; observed weeks 12; imputed 1136.7 -> 1124.7"
"BEN",2022-07-11,"AI","fourier_country_k1","imputed_scaled_annual_residual",16.3217,0.1798,16.1493946843312,0.177901883029509,"WHO annual total 433; observed weeks 12; imputed 1136.7 -> 1124.7"
"BEN",2022-07-18,"AI","fourier_country_k1","imputed_scaled_annual_residual",16.5966,0.1828,16.4213926133902,0.180870212557254,"WHO annual total 433; observed weeks 12; imputed 1136.7 -> 1124.7"
"BEN",2022-07-25,"AI","fourier_country_k1","imputed_scaled_annual_residual",16.9121,0.1863,16.7335619353914,0.184333263672957,"WHO annual total 433; observed weeks 12; imputed 1136.7 -> 1124.7"
"BEN",2022-08-01,"AI","fourier_country_k1","imputed_scaled_annual_residual",17.2634,0.1901,17.0811533230903,0.188093147741433,"WHO annual total 433; observed weeks 12; imputed 1136.7 -> 1124.7"
"BEN",2022-08-08,"AI","fourier_country_k1","imputed_scaled_annual_residual",17.6456,0.1943,17.459318504925,0.192248809080276,"WHO annual total 433; observed weeks 12; imputed 1136.7 -> 1124.7"
"BEN",2022-08-15,"AI","fourier_country_k1","imputed_scaled_annual_residual",18.053,0.1988,17.8624176547927,0.196701303371894,"WHO annual total 433; observed weeks 12; imputed 1136.7 -> 1124.7"
"BEN",2022-08-22,"AI","fourier_country_k1","imputed_scaled_annual_residual",18.4797,0.2035,18.2846130579556,0.201351686298694,"WHO annual total 433; observed weeks 12; imputed 1136.7 -> 1124.7"
"BEN",2022-08-29,"AI","fourier_country_k1","imputed_scaled_annual_residual",18.9195,0.2084,18.719770166723,0.206199957860677,"WHO annual total 433; observed weeks 12; imputed 1136.7 -> 1124.7"
"BEN",2022-09-05,"AI","fourier_country_k1","imputed_scaled_annual_residual",19.3659,0.2133,19.1614576004515,0.21104822942266,"WHO annual total 433; observed weeks 12; imputed 1136.7 -> 1124.7"
"BEN",2022-09-12,"AI","fourier_country_k1","imputed_scaled_annual_residual",19.8125,0.2182,19.6033429228151,0.215896500984644,"WHO annual total 433; observed weeks 12; imputed 1136.7 -> 1124.7"
"BEN",2022-09-19,"AI","fourier_country_k1","imputed_scaled_annual_residual",20.2527,0.223,20.0388958088529,0.220645828229036,"WHO annual total 433; observed weeks 12; imputed 1136.7 -> 1124.7"
"BEN",2022-09-26,"AI","fourier_country_k1","imputed_scaled_annual_residual",20.6801,0.2278,20.4617838222389,0.225395155473427,"WHO annual total 433; observed weeks 12; imputed 1136.7 -> 1124.7"
"BEN",2022-10-03,"AI","fourier_country_k1","imputed_scaled_annual_residual",21.0885,0.2323,20.8658724152826,0.229847649765045,"WHO annual total 433; observed weeks 12; imputed 1136.7 -> 1124.7"
"BEN",2022-10-10,"AI","fourier_country_k1","imputed_scaled_annual_residual",21.4719,0.2365,21.2452249289284,0.234003311103888,"WHO annual total 433; observed weeks 12; imputed 1136.7 -> 1124.7"
"BEN",2022-10-17,"AI","fourier_country_k1","imputed_scaled_annual_residual",21.8247,0.2404,21.5943004813912,0.237862139489956,"WHO annual total 433; observed weeks 12; imputed 1136.7 -> 1124.7"
"BEN",2022-10-24,"AI","fourier_country_k1","imputed_scaled_annual_residual",22.1419,0.2439,21.9081518567914,0.241325190605658,"WHO annual total 433; observed weeks 12; imputed 1136.7 -> 1124.7"
"BEN",2022-10-31,"AI","fourier_country_k1","imputed_scaled_annual_residual",22.4187,0.2469,22.1820297278847,0.244293520133403,"WHO annual total 433; observed weeks 12; imputed 1136.7 -> 1124.7"
"BEN",2022-11-07,"AI","fourier_country_k1","imputed_scaled_annual_residual",22.6511,0.2495,22.4119763219673,0.246866072390782,"WHO annual total 433; observed weeks 12; imputed 1136.7 -> 1124.7"
"BEN",2022-11-14,"AI","fourier_country_k1","imputed_scaled_annual_residual",22.8358,0.2515,22.5947264765588,0.248844958742612,"WHO annual total 433; observed weeks 12; imputed 1136.7 -> 1124.7"
"BEN",2022-11-21,"AI","fourier_country_k1","imputed_scaled_annual_residual",22.97,0.253,22.7275097507666,0.250329123506484,"WHO annual total 433; observed weeks 12; imputed 1136.7 -> 1124.7"
"BEN",2022-11-28,"AI","fourier_country_k1","imputed_scaled_annual_residual",23.0518,0.2539,22.8084462025564,0.251219622364808,"WHO annual total 433; observed weeks 12; imputed 1136.7 -> 1124.7"
"BEN",2022-12-05,"AI","fourier_country_k1","imputed_scaled_annual_residual",23.08,0.2542,22.8363485001172,0.251516455317582,"WHO annual total 433; observed weeks 12; imputed 1136.7 -> 1124.7"
"BEN",2022-12-12,"AI","fourier_country_k1","imputed_scaled_annual_residual",23.0542,0.2539,22.8108208661786,0.251219622364808,"WHO annual total 433; observed weeks 12; imputed 1136.7 -> 1124.7"
"BEN",2022-12-19,"AI","fourier_country_k1","imputed_scaled_annual_residual",22.9747,0.253,22.7321601336934,0.250329123506484,"WHO annual total 433; observed weeks 12; imputed 1136.7 -> 1124.7"
"BEN",2022-12-26,"AI","fourier_country_k1","imputed_scaled_annual_residual",22.8428,0.2516,22.6016525787902,0.248943903060203,"WHO annual total 433; observed weeks 12; imputed 1136.7 -> 1124.7"
"BWA",2008-12-29,"AI","fourier_regional_Southern Africa_k6","imputed_dropped_annual_accounted",0.3022,0.0378,NA,NA,"WHO annual total 15; observed weeks 50; imputed 15.3 -> 0"
"BWA",2009-01-05,"AI","fourier_regional_Southern Africa_k6","imputed_dropped_annual_accounted",0.7646,0.1019,NA,NA,"WHO annual total 15; observed weeks 50; imputed 15.3 -> 0"
"BWA",2009-01-12,"AI","fourier_regional_Southern Africa_k6","imputed_dropped_annual_accounted",0.8545,0.1139,NA,NA,"WHO annual total 15; observed weeks 50; imputed 15.3 -> 0"
"BWA",2009-01-19,"AI","fourier_regional_Southern Africa_k6","imputed_dropped_annual_accounted",0.8685,0.1158,NA,NA,"WHO annual total 15; observed weeks 50; imputed 15.3 -> 0"
"BWA",2009-01-26,"AI","fourier_regional_Southern Africa_k6","imputed_dropped_annual_accounted",0.8137,0.1085,NA,NA,"WHO annual total 15; observed weeks 50; imputed 15.3 -> 0"
"BWA",2009-02-09,"AI","fourier_regional_Southern Africa_k6","imputed_dropped_annual_accounted",0.6318,0.0842,NA,NA,"WHO annual total 15; observed weeks 50; imputed 15.3 -> 0"
"BWA",2009-02-16,"AI","fourier_regional_Southern Africa_k6","imputed_dropped_annual_accounted",0.5746,0.0766,NA,NA,"WHO annual total 15; observed weeks 50; imputed 15.3 -> 0"
"BWA",2009-03-02,"AI","fourier_regional_Southern Africa_k6","imputed_dropped_annual_accounted",0.5626,0.075,NA,NA,"WHO annual total 15; observed weeks 50; imputed 15.3 -> 0"
"BWA",2009-03-09,"AI","fourier_regional_Southern Africa_k6","imputed_dropped_annual_accounted",0.562,0.0749,NA,NA,"WHO annual total 15; observed weeks 50; imputed 15.3 -> 0"
"BWA",2009-03-16,"AI","fourier_regional_Southern Africa_k6","imputed_dropped_annual_accounted",0.5295,0.0706,NA,NA,"WHO annual total 15; observed weeks 50; imputed 15.3 -> 0"
"BWA",2009-03-23,"AI","fourier_regional_Southern Africa_k6","imputed_dropped_annual_accounted",0.4572,0.061,NA,NA,"WHO annual total 15; observed weeks 50; imputed 15.3 -> 0"
"BWA",2009-03-30,"AI","fourier_regional_Southern Africa_k6","imputed_dropped_annual_accounted",0.3579,0.0477,NA,NA,"WHO annual total 15; observed weeks 50; imputed 15.3 -> 0"
"BWA",2009-04-06,"AI","fourier_regional_Southern Africa_k6","imputed_dropped_annual_accounted",0.2589,0.0345,NA,NA,"WHO annual total 15; observed weeks 50; imputed 15.3 -> 0"
"BWA",2009-04-13,"AI","fourier_regional_Southern Africa_k6","imputed_dropped_annual_accounted",0.187,0.0249,NA,NA,"WHO annual total 15; observed weeks 50; imputed 15.3 -> 0"
"BWA",2009-04-20,"AI","fourier_regional_Southern Africa_k6","imputed_dropped_annual_accounted",0.1552,0.0207,NA,NA,"WHO annual total 15; observed weeks 50; imputed 15.3 -> 0"
"BWA",2009-04-27,"AI","fourier_regional_Southern Africa_k6","imputed_dropped_annual_accounted",0.1573,0.021,NA,NA,"WHO annual total 15; observed weeks 50; imputed 15.3 -> 0"
"BWA",2009-05-04,"AI","fourier_regional_Southern Africa_k6","imputed_dropped_annual_accounted",0.1719,0.0229,NA,NA,"WHO annual total 15; observed weeks 50; imputed 15.3 -> 0"
"BWA",2009-05-11,"AI","fourier_regional_Southern Africa_k6","imputed_dropped_annual_accounted",0.1754,0.0234,NA,NA,"WHO annual total 15; observed weeks 50; imputed 15.3 -> 0"
"BWA",2009-05-18,"AI","fourier_regional_Southern Africa_k6","imputed_dropped_annual_accounted",0.1546,0.0206,NA,NA,"WHO annual total 15; observed weeks 50; imputed 15.3 -> 0"
"BWA",2009-05-25,"AI","fourier_regional_Southern Africa_k6","imputed_dropped_annual_accounted",0.1132,0.0151,NA,NA,"WHO annual total 15; observed weeks 50; imputed 15.3 -> 0"
"BWA",2009-06-01,"AI","fourier_regional_Southern Africa_k6","imputed_dropped_annual_accounted",0.0693,0.0092,NA,NA,"WHO annual total 15; observed weeks 50; imputed 15.3 -> 0"
"BWA",2009-06-08,"AI","fourier_regional_Southern Africa_k6","imputed_dropped_annual_accounted",0.0432,0.0058,NA,NA,"WHO annual total 15; observed weeks 50; imputed 15.3 -> 0"
"BWA",2009-06-15,"AI","fourier_regional_Southern Africa_k6","imputed_dropped_annual_accounted",0.0449,0.006,NA,NA,"WHO annual total 15; observed weeks 50; imputed 15.3 -> 0"
"BWA",2009-06-22,"AI","fourier_regional_Southern Africa_k6","imputed_dropped_annual_accounted",0.067,0.0089,NA,NA,"WHO annual total 15; observed weeks 50; imputed 15.3 -> 0"
"BWA",2009-06-29,"AI","fourier_regional_Southern Africa_k6","imputed_dropped_annual_accounted",0.088,0.0117,NA,NA,"WHO annual total 15; observed weeks 50; imputed 15.3 -> 0"
"BWA",2009-07-06,"AI","fourier_regional_Southern Africa_k6","imputed_dropped_annual_accounted",0.0843,0.0112,NA,NA,"WHO annual total 15; observed weeks 50; imputed 15.3 -> 0"
"BWA",2009-07-13,"AI","fourier_regional_Southern Africa_k6","imputed_dropped_annual_accounted",0.0457,0.0061,NA,NA,"WHO annual total 15; observed weeks 50; imputed 15.3 -> 0"
"BWA",2009-07-20,"AI","fourier_regional_Southern Africa_k6","imputed_dropped_annual_accounted",0,0,NA,NA,"WHO annual total 15; observed weeks 50; imputed 15.3 -> 0"
"BWA",2009-07-27,"AI","fourier_regional_Southern Africa_k6","imputed_dropped_annual_accounted",0,0,NA,NA,"WHO annual total 15; observed weeks 50; imputed 15.3 -> 0"
"BWA",2009-08-03,"AI","fourier_regional_Southern Africa_k6","imputed_dropped_annual_accounted",0,0,NA,NA,"WHO annual total 15; observed weeks 50; imputed 15.3 -> 0"
"BWA",2009-08-10,"AI","fourier_regional_Southern Africa_k6","imputed_dropped_annual_accounted",0.0191,0.0025,NA,NA,"WHO annual total 15; observed weeks 50; imputed 15.3 -> 0"
"BWA",2009-08-17,"AI","fourier_regional_Southern Africa_k6","imputed_dropped_annual_accounted",0.1763,0.0235,NA,NA,"WHO annual total 15; observed weeks 50; imputed 15.3 -> 0"
"BWA",2009-08-24,"AI","fourier_regional_Southern Africa_k6","imputed_dropped_annual_accounted",0.3734,0.0498,NA,NA,"WHO annual total 15; observed weeks 50; imputed 15.3 -> 0"
"BWA",2009-08-31,"AI","fourier_regional_Southern Africa_k6","imputed_dropped_annual_accounted",0.552,0.0736,NA,NA,"WHO annual total 15; observed weeks 50; imputed 15.3 -> 0"
"BWA",2009-09-07,"AI","fourier_regional_Southern Africa_k6","imputed_dropped_annual_accounted",0.6537,0.0872,NA,NA,"WHO annual total 15; observed weeks 50; imputed 15.3 -> 0"
"BWA",2009-09-14,"AI","fourier_regional_Southern Africa_k6","imputed_dropped_annual_accounted",0.6447,0.086,NA,NA,"WHO annual total 15; observed weeks 50; imputed 15.3 -> 0"
"BWA",2009-09-21,"AI","fourier_regional_Southern Africa_k6","imputed_dropped_annual_accounted",0.5299,0.0707,NA,NA,"WHO annual total 15; observed weeks 50; imputed 15.3 -> 0"
"BWA",2009-09-28,"AI","fourier_regional_Southern Africa_k6","imputed_dropped_annual_accounted",0.3518,0.0469,NA,NA,"WHO annual total 15; observed weeks 50; imputed 15.3 -> 0"
"BWA",2009-10-05,"AI","fourier_regional_Southern Africa_k6","imputed_dropped_annual_accounted",0.1727,0.023,NA,NA,"WHO annual total 15; observed weeks 50; imputed 15.3 -> 0"
"BWA",2009-10-12,"AI","fourier_regional_Southern Africa_k6","imputed_dropped_annual_accounted",0.0491,0.0065,NA,NA,"WHO annual total 15; observed weeks 50; imputed 15.3 -> 0"
"BWA",2009-10-19,"AI","fourier_regional_Southern Africa_k6","imputed_dropped_annual_accounted",0.0101,0.0014,NA,NA,"WHO annual total 15; observed weeks 50; imputed 15.3 -> 0"
"BWA",2009-10-26,"AI","fourier_regional_Southern Africa_k6","imputed_dropped_annual_accounted",0.0486,0.0065,NA,NA,"WHO annual total 15; observed weeks 50; imputed 15.3 -> 0"
"BWA",2009-11-02,"AI","fourier_regional_Southern Africa_k6","imputed_dropped_annual_accounted",0.1285,0.0171,NA,NA,"WHO annual total 15; observed weeks 50; imputed 15.3 -> 0"
"BWA",2009-11-09,"AI","fourier_regional_Southern Africa_k6","imputed_dropped_annual_accounted",0.2055,0.0274,NA,NA,"WHO annual total 15; observed weeks 50; imputed 15.3 -> 0"
"BWA",2009-11-16,"AI","fourier_regional_Southern Africa_k6","imputed_dropped_annual_accounted",0.2489,0.0332,NA,NA,"WHO annual total 15; observed weeks 50; imputed 15.3 -> 0"
"BWA",2009-11-23,"AI","fourier_regional_Southern Africa_k6","imputed_dropped_annual_accounted",0.2559,0.0341,NA,NA,"WHO annual total 15; observed weeks 50; imputed 15.3 -> 0"
"BWA",2009-11-30,"AI","fourier_regional_Southern Africa_k6","imputed_dropped_annual_accounted",0.2504,0.0334,NA,NA,"WHO annual total 15; observed weeks 50; imputed 15.3 -> 0"
"BWA",2009-12-07,"AI","fourier_regional_Southern Africa_k6","imputed_dropped_annual_accounted",0.2687,0.0358,NA,NA,"WHO annual total 15; observed weeks 50; imputed 15.3 -> 0"
"BWA",2009-12-14,"AI","fourier_regional_Southern Africa_k6","imputed_dropped_annual_accounted",0.3389,0.0452,NA,NA,"WHO annual total 15; observed weeks 50; imputed 15.3 -> 0"
"BWA",2009-12-21,"AI","fourier_regional_Southern Africa_k6","imputed_dropped_annual_accounted",0.4645,0.0619,NA,NA,"WHO annual total 15; observed weeks 50; imputed 15.3 -> 0"
"BWA",2009-12-28,"AI","fourier_regional_Southern Africa_k6","imputed_dropped_annual_accounted",0.4645,0.0619,NA,NA,"WHO annual total 15; observed weeks 50; imputed 15.3 -> 0"
"CIV",2025-01-06,"AI","fourier_country_k1","imputed_scaled_annual_residual",15.2777,0.6075,0.242355995338754,0.00963700473031236,"WHO annual total 503; observed weeks 503; imputed 511.1 -> 8.1"
"CIV",2025-01-13,"AI","fourier_country_k1","imputed_scaled_annual_residual",15.6303,0.6215,0.247949423927903,0.00985909208212203,"WHO annual total 503; observed weeks 503; imputed 511.1 -> 8.1"
"CIV",2025-01-20,"AI","fourier_country_k1","imputed_scaled_annual_residual",15.9001,0.6322,0.252229364464921,0.0100288302724337,"WHO annual total 503; observed weeks 503; imputed 511.1 -> 8.1"
"CIV",2025-01-27,"AI","fourier_country_k1","imputed_scaled_annual_residual",16.0833,0.6395,0.255135536097173,0.0101446329630202,"WHO annual total 503; observed weeks 503; imputed 511.1 -> 8.1"
"CIV",2025-02-03,"AI","fourier_country_k1","imputed_scaled_annual_residual",16.1771,0.6432,0.256623521354298,0.010203327477427,"WHO annual total 503; observed weeks 503; imputed 511.1 -> 8.1"
"CIV",2025-02-10,"AI","fourier_country_k1","imputed_scaled_annual_residual",16.1803,0.6434,0.256674284177569,0.0102065001538814,"WHO annual total 503; observed weeks 503; imputed 511.1 -> 8.1"
"CIV",2025-02-17,"AI","fourier_country_k1","imputed_scaled_annual_residual",16.0928,0.6399,0.255286238228759,0.010150978315929,"WHO annual total 503; observed weeks 503; imputed 511.1 -> 8.1"
"CIV",2025-02-24,"AI","fourier_country_k1","imputed_scaled_annual_residual",15.9158,0.6328,0.252478419566593,0.010038348301797,"WHO annual total 503; observed weeks 503; imputed 511.1 -> 8.1"
"CIV",2025-03-03,"AI","fourier_country_k1","imputed_scaled_annual_residual",15.6519,0.6223,0.248292072984981,0.00987178278793972,"WHO annual total 503; observed weeks 503; imputed 511.1 -> 8.1"
"CIV",2025-03-10,"AI","fourier_country_k1","imputed_scaled_annual_residual",15.3051,0.6086,0.24279065201301,0.00965445445081169,"WHO annual total 503; observed weeks 503; imputed 511.1 -> 8.1"
"CIV",2025-03-17,"AI","fourier_country_k1","imputed_scaled_annual_residual",14.8802,0.5917,0.236050300885587,0.00938636329041288,"WHO annual total 503; observed weeks 503; imputed 511.1 -> 8.1"
"CIV",2025-03-24,"AI","fourier_country_k1","imputed_scaled_annual_residual",14.3836,0.5719,0.228172545249252,0.00907226832142492,"WHO annual total 503; observed weeks 503; imputed 511.1 -> 8.1"
"CIV",2025-03-31,"AI","fourier_country_k1","imputed_scaled_annual_residual",13.8225,0.5496,0.219271601456366,0.00871851489675667,"WHO annual total 503; observed weeks 503; imputed 511.1 -> 8.1"
"CIV",2025-04-07,"AI","fourier_country_k1","imputed_scaled_annual_residual",13.205,0.525,0.209475962903333,0.00832827569286254,"WHO annual total 503; observed weeks 503; imputed 511.1 -> 8.1"
"CIV",2025-04-14,"AI","fourier_country_k1","imputed_scaled_annual_residual",12.5402,0.4986,0.198929986368828,0.00790948240087859,"WHO annual total 503; observed weeks 503; imputed 511.1 -> 8.1"
"CIV",2025-04-21,"AI","fourier_country_k1","imputed_scaled_annual_residual",11.8377,0.4707,0.187785960322664,0.00746689403548647,"WHO annual total 503; observed weeks 503; imputed 511.1 -> 8.1"
"CIV",2025-04-28,"AI","fourier_country_k1","imputed_scaled_annual_residual",11.1078,0.4417,0.176207277602245,0.00700685594959501,"WHO annual total 503; observed weeks 503; imputed 511.1 -> 8.1"
"CIV",2025-05-05,"AI","fourier_country_k1","imputed_scaled_annual_residual",10.3612,0.412,0.164363676397881,0.00653571349611307,"WHO annual total 503; observed weeks 503; imputed 511.1 -> 8.1"
"CIV",2025-05-12,"AI","fourier_country_k1","imputed_scaled_annual_residual",9.6087,0.3821,0.152426481238111,0.00606139836617671,"WHO annual total 503; observed weeks 503; imputed 511.1 -> 8.1"
"CIV",2025-05-19,"AI","fourier_country_k1","imputed_scaled_annual_residual",8.8613,0.3523,0.140570189327929,0.00558866957446756,"WHO annual total 503; observed weeks 503; imputed 511.1 -> 8.1"
"CIV",2025-05-26,"AI","fourier_country_k1","imputed_scaled_annual_residual",71.452,2.9105,1.13347039010745,0.0461703741030027,"WHO annual total 503; observed weeks 503; imputed 511.1 -> 8.1"
"CIV",2025-07-07,"WHO","who_catchup_uniform","who_catchup_uniform",0,0,140,6,"WHO report of  280 cases / 12 deaths spread over 2 weeks from 2025-07-07 (uniform)"
"CIV",2025-07-14,"WHO","who_catchup_uniform","who_catchup_uniform",280,12,140,6,"WHO report of  280 cases / 12 deaths spread over 2 weeks from 2025-07-07 (uniform)"
"CIV",2025-08-18,"AI","fourier_country_k1","imputed_scaled_annual_residual",3.8244,0.1521,0.0606679191614923,0.00241282044358932,"WHO annual total 503; observed weeks 503; imputed 511.1 -> 8.1"
"CIV",2025-08-25,"AI","fourier_country_k1","imputed_scaled_annual_residual",4.0014,0.1591,0.0634757378236574,0.00252386411949415,"WHO annual total 503; observed weeks 503; imputed 511.1 -> 8.1"
"CIV",2025-09-01,"AI","fourier_country_k1","imputed_scaled_annual_residual",4.2653,0.1696,0.0676620844052697,0.0026904296333514,"WHO annual total 503; observed weeks 503; imputed 511.1 -> 8.1"
"CIV",2025-09-08,"AI","fourier_country_k1","imputed_scaled_annual_residual",4.6121,0.1834,0.0731635053772406,0.00290934430870665,"WHO annual total 503; observed weeks 503; imputed 511.1 -> 8.1"
"CIV",2025-09-15,"AI","fourier_country_k1","imputed_scaled_annual_residual",5.037,0.2003,0.079903856504664,0.00317743546910546,"WHO annual total 503; observed weeks 503; imputed 511.1 -> 8.1"
"CIV",2025-09-22,"AI","fourier_country_k1","imputed_scaled_annual_residual",5.5336,0.22,0.0877816121409983,0.0034899440998662,"WHO annual total 503; observed weeks 503; imputed 511.1 -> 8.1"
"CIV",2025-09-29,"AI","fourier_country_k1","imputed_scaled_annual_residual",6.0947,0.2423,0.0966825559338844,0.00384369752453446,"WHO annual total 503; observed weeks 503; imputed 511.1 -> 8.1"
"CIV",2025-10-06,"AI","fourier_country_k1","imputed_scaled_annual_residual",6.7122,0.2669,0.106478194486918,0.00423393672842859,"WHO annual total 503; observed weeks 503; imputed 511.1 -> 8.1"
"CIV",2025-10-13,"AI","fourier_country_k1","imputed_scaled_annual_residual",7.377,0.2933,0.117024171021423,0.00465273002041254,"WHO annual total 503; observed weeks 503; imputed 511.1 -> 8.1"
"CIV",2025-10-20,"AI","fourier_country_k1","imputed_scaled_annual_residual",8.0795,0.3213,0.128168197067586,0.00509690472403187,"WHO annual total 503; observed weeks 503; imputed 511.1 -> 8.1"
"CIV",2025-10-27,"AI","fourier_country_k1","imputed_scaled_annual_residual",8.8094,0.3503,0.139746879788006,0.00555694280992333,"WHO annual total 503; observed weeks 503; imputed 511.1 -> 8.1"
"CIV",2025-11-03,"AI","fourier_country_k1","imputed_scaled_annual_residual",9.556,0.38,0.15159048099237,0.00602808526340526,"WHO annual total 503; observed weeks 503; imputed 511.1 -> 8.1"
"CIV",2025-11-10,"AI","fourier_country_k1","imputed_scaled_annual_residual",10.3085,0.4099,0.16352767615214,0.00650240039334163,"WHO annual total 503; observed weeks 503; imputed 511.1 -> 8.1"
"CIV",2025-11-17,"AI","fourier_country_k1","imputed_scaled_annual_residual",11.0559,0.4396,0.175383968062322,0.00697354284682356,"WHO annual total 503; observed weeks 503; imputed 511.1 -> 8.1"
"CIV",2025-11-24,"AI","fourier_country_k1","imputed_scaled_annual_residual",11.7873,0.4687,0.18698644585615,0.00743516727094223,"WHO annual total 503; observed weeks 503; imputed 511.1 -> 8.1"
"CIV",2025-12-01,"AI","fourier_country_k1","imputed_scaled_annual_residual",12.492,0.4967,0.198165371343312,0.00787934197456156,"WHO annual total 503; observed weeks 503; imputed 511.1 -> 8.1"
"CIV",2025-12-08,"AI","fourier_country_k1","imputed_scaled_annual_residual",13.1598,0.5233,0.208758938024633,0.00830130794299993,"WHO annual total 503; observed weeks 503; imputed 511.1 -> 8.1"
"CIV",2025-12-15,"AI","fourier_country_k1","imputed_scaled_annual_residual",13.7809,0.5479,0.218611684753846,0.00869154714689406,"WHO annual total 503; observed weeks 503; imputed 511.1 -> 8.1"
"CIV",2025-12-22,"AI","fourier_country_k1","imputed_scaled_annual_residual",14.3463,0.5704,0.227580841090502,0.00904847324801674,"WHO annual total 503; observed weeks 503; imputed 511.1 -> 8.1"
"CMR",2023-12-11,"WHO","who_catchup_uniform","who_catchup_uniform",0,0,16,0,"WHO report of   47 cases /  0 deaths spread over 3 weeks from 2023-12-11 (uniform)"
"CMR",2023-12-18,"WHO","who_catchup_uniform","who_catchup_uniform",0,0,15,0,"WHO report of   47 cases /  0 deaths spread over 3 weeks from 2023-12-11 (uniform)"
"CMR",2023-12-25,"WHO","who_catchup_uniform","who_catchup_uniform",47,0,16,0,"WHO report of   47 cases /  0 deaths spread over 3 weeks from 2023-12-11 (uniform)"
"COD",2012-01-02,"AI","fourier_country_k2","imputed_scaled_annual_residual",765.1651,11.4775,689.82804036808,10.3474417917449,"WHO annual total 33661; observed weeks 3326; imputed 33780.7 -> 30454.7"
"COD",2012-01-16,"AI","fourier_country_k2","imputed_scaled_annual_residual",764.734,11.471,689.439385856521,10.3415817724335,"WHO annual total 33661; observed weeks 3326; imputed 33780.7 -> 30454.7"
"COD",2012-01-23,"AI","fourier_country_k2","imputed_scaled_annual_residual",765.1361,11.477,689.801895666537,10.3469910210286,"WHO annual total 33661; observed weeks 3326; imputed 33780.7 -> 30454.7"
"COD",2012-01-30,"AI","fourier_country_k2","imputed_scaled_annual_residual",764.4256,11.4664,689.161350478732,10.3374346818439,"WHO annual total 33661; observed weeks 3326; imputed 33780.7 -> 30454.7"
"COD",2012-02-06,"AI","fourier_country_k2","imputed_scaled_annual_residual",761.5072,11.4226,686.530291962066,10.2979471670995,"WHO annual total 33661; observed weeks 3326; imputed 33780.7 -> 30454.7"
"COD",2012-02-13,"AI","fourier_country_k2","imputed_scaled_annual_residual",755.4203,11.3313,681.042699416462,10.2156364343105,"WHO annual total 33661; observed weeks 3326; imputed 33780.7 -> 30454.7"
"COD",2012-02-27,"AI","fourier_country_k2","imputed_scaled_annual_residual",730.9959,10.9649,659.023090852028,9.88531165343527,"WHO annual total 33661; observed weeks 3326; imputed 33780.7 -> 30454.7"
"COD",2012-03-05,"AI","fourier_country_k2","imputed_scaled_annual_residual",711.9974,10.68,641.895155946302,9.6284624993104,"WHO annual total 33661; observed weeks 3326; imputed 33780.7 -> 30454.7"
"COD",2012-03-12,"AI","fourier_country_k2","imputed_scaled_annual_residual",688.5775,10.3287,620.781145750834,9.31175099406623,"WHO annual total 33661; observed weeks 3326; imputed 33780.7 -> 30454.7"
"COD",2012-03-19,"AI","fourier_country_k2","imputed_scaled_annual_residual",661.2377,9.9186,596.133183294032,8.9420288525899,"WHO annual total 33661; observed weeks 3326; imputed 33780.7 -> 30454.7"
"COD",2012-03-26,"AI","fourier_country_k2","imputed_scaled_annual_residual",630.8031,9.462,568.695130411868,8.53038503450141,"WHO annual total 33661; observed weeks 3326; imputed 33780.7 -> 30454.7"
"COD",2012-04-02,"AI","fourier_country_k2","imputed_scaled_annual_residual",537.9768,13.0894,485.008374934365,11.8006364268234,"WHO annual total 33661; observed weeks 3326; imputed 33780.7 -> 30454.7"
"COD",2012-04-09,"AI","fourier_country_k2","imputed_scaled_annual_residual",508.258,12.3663,458.215645409598,11.1487318169684,"WHO annual total 33661; observed weeks 3326; imputed 33780.7 -> 30454.7"
"COD",2012-04-16,"AI","fourier_country_k2","imputed_scaled_annual_residual",479.3185,11.6622,432.125487123194,10.5139564943313,"WHO annual total 33661; observed weeks 3326; imputed 33780.7 -> 30454.7"
"COD",2012-04-23,"AI","fourier_country_k2","imputed_scaled_annual_residual",452.5842,11.0117,408.023408003783,9.92750379247719,"WHO annual total 33661; observed weeks 3326; imputed 33780.7 -> 30454.7"
"COD",2012-04-30,"AI","fourier_country_k2","imputed_scaled_annual_residual",429.4737,10.4495,387.188334727536,9.42065719911461,"WHO annual total 33661; observed weeks 3326; imputed 33780.7 -> 30454.7"
"COD",2012-05-07,"AI","fourier_country_k2","imputed_scaled_annual_residual",411.3184,10.0077,370.820579557711,9.02235619422741,"WHO annual total 33661; observed weeks 3326; imputed 33780.7 -> 30454.7"
"COD",2012-05-14,"AI","fourier_country_k2","imputed_scaled_annual_residual",399.2846,9.7149,359.971610267056,8.75838486278564,"WHO annual total 33661; observed weeks 3326; imputed 33780.7 -> 30454.7"
"COD",2012-05-21,"AI","fourier_country_k2","imputed_scaled_annual_residual",394.3049,9.5938,355.482204395537,8.64920819530751,"WHO annual total 33661; observed weeks 3326; imputed 33780.7 -> 30454.7"
"COD",2012-05-28,"AI","fourier_country_k2","imputed_scaled_annual_residual",397.0198,9.6598,357.929799230685,8.70870992985381,"WHO annual total 33661; observed weeks 3326; imputed 33780.7 -> 30454.7"
"COD",2012-06-04,"AI","fourier_country_k2","imputed_scaled_annual_residual",407.7362,9.9206,367.591077838139,8.94383193545494,"WHO annual total 33661; observed weeks 3326; imputed 33780.7 -> 30454.7"
"COD",2012-06-11,"AI","fourier_country_k2","imputed_scaled_annual_residual",426.4019,10.3747,384.418979755122,9.35322189996214,"WHO annual total 33661; observed weeks 3326; imputed 33780.7 -> 30454.7"
"COD",2012-06-18,"AI","fourier_country_k2","imputed_scaled_annual_residual",452.6011,11.0122,408.038644053992,9.92795456319345,"WHO annual total 33661; observed weeks 3326; imputed 33780.7 -> 30454.7"
"COD",2012-06-25,"AI","fourier_country_k2","imputed_scaled_annual_residual",485.5682,11.8143,437.759850614013,10.6510809462175,"WHO annual total 33661; observed weeks 3326; imputed 33780.7 -> 30454.7"
"COD",2012-07-02,"AI","fourier_country_k2","imputed_scaled_annual_residual",524.2216,12.7547,472.60749222177,11.498890509359,"WHO annual total 33661; observed weeks 3326; imputed 33780.7 -> 30454.7"
"COD",2012-07-09,"AI","fourier_country_k2","imputed_scaled_annual_residual",567.2145,13.8008,511.367372875946,12.4419930019179,"WHO annual total 33661; observed weeks 3326; imputed 33780.7 -> 30454.7"
"COD",2012-07-16,"AI","fourier_country_k2","imputed_scaled_annual_residual",612.9996,14.9148,552.644537518004,13.4463101577448,"WHO annual total 33661; observed weeks 3326; imputed 33780.7 -> 30454.7"
"COD",2012-07-23,"AI","fourier_country_k2","imputed_scaled_annual_residual",659.9055,16.056,594.93214979763,14.4751492405363,"WHO annual total 33661; observed weeks 3326; imputed 33780.7 -> 30454.7"
"COD",2012-07-30,"AI","fourier_country_k2","imputed_scaled_annual_residual",706.2194,17.1829,636.686049549204,15.4910962808428,"WHO annual total 33661; observed weeks 3326; imputed 33780.7 -> 30454.7"
"COD",2012-08-06,"AI","fourier_country_k2","imputed_scaled_annual_residual",750.2716,18.2547,676.400933042848,16.4573683882174,"WHO annual total 33661; observed weeks 3326; imputed 33780.7 -> 30454.7"
"COD",2012-08-13,"AI","fourier_country_k2","imputed_scaled_annual_residual",790.5181,19.234,712.684820306752,17.3402479130839,"WHO annual total 33661; observed weeks 3326; imputed 33780.7 -> 30454.7"
"COD",2012-08-20,"AI","fourier_country_k2","imputed_scaled_annual_residual",825.615,20.0879,744.326129809753,18.1100741423125,"WHO annual total 33661; observed weeks 3326; imputed 33780.7 -> 30454.7"
"COD",2012-08-27,"AI","fourier_country_k2","imputed_scaled_annual_residual",854.4824,20.7903,770.351286958872,18.7433168445143,"WHO annual total 33661; observed weeks 3326; imputed 33780.7 -> 30454.7"
"COD",2012-09-03,"AI","fourier_country_k2","imputed_scaled_annual_residual",876.3531,21.3224,790.068629167081,19.2230270407581,"WHO annual total 33661; observed weeks 3326; imputed 33780.7 -> 30454.7"
"COD",2012-09-10,"AI","fourier_country_k2","imputed_scaled_annual_residual",890.804,21.674,803.09671425428,19.540009008432,"WHO annual total 33661; observed weeks 3326; imputed 33780.7 -> 30454.7"
"COD",2012-09-17,"AI","fourier_country_k2","imputed_scaled_annual_residual",897.7681,21.8434,809.37513894449,19.6927301271008,"WHO annual total 33661; observed weeks 3326; imputed 33780.7 -> 30454.7"
"COD",2012-09-24,"AI","fourier_country_k2","imputed_scaled_annual_residual",897.5272,21.8376,809.157957613396,19.6875011867922,"WHO annual total 33661; observed weeks 3326; imputed 33780.7 -> 30454.7"
"COD",2012-10-01,"AI","fourier_country_k2","imputed_scaled_annual_residual",890.6858,21.6711,802.990152056956,19.5373945382777,"WHO annual total 33661; observed weeks 3326; imputed 33780.7 -> 30454.7"
"COD",2012-10-08,"AI","fourier_country_k2","imputed_scaled_annual_residual",878.1268,21.3656,791.667693205941,19.2619736306429,"WHO annual total 33661; observed weeks 3326; imputed 33780.7 -> 30454.7"
"COD",2012-10-15,"AI","fourier_country_k2","imputed_scaled_annual_residual",860.9537,20.9477,776.185432031137,18.8852194659929,"WHO annual total 33661; observed weeks 3326; imputed 33780.7 -> 30454.7"
"COD",2012-10-22,"AI","fourier_country_k2","imputed_scaled_annual_residual",840.4207,20.4481,757.67408179721,18.4348093663061,"WHO annual total 33661; observed weeks 3326; imputed 33780.7 -> 30454.7"
"COD",2012-10-29,"AI","fourier_country_k2","imputed_scaled_annual_residual",817.856,19.8991,737.331069834832,17.9398631198528,"WHO annual total 33661; observed weeks 3326; imputed 33780.7 -> 30454.7"
"COD",2012-11-05,"AI","fourier_country_k2","imputed_scaled_annual_residual",794.583,19.3329,716.349496075801,17.4294103607601,"WHO annual total 33661; observed weeks 3326; imputed 33780.7 -> 30454.7"
"COD",2012-11-12,"AI","fourier_country_k2","imputed_scaled_annual_residual",771.8426,18.7796,695.84808328373,16.930587486147,"WHO annual total 33661; observed weeks 3326; imputed 33780.7 -> 30454.7"
"COD",2012-11-19,"AI","fourier_country_k2","imputed_scaled_annual_residual",750.7235,18.2657,676.808339616204,16.4672853439751,"WHO annual total 33661; observed weeks 3326; imputed 33780.7 -> 30454.7"
"COD",2012-11-26,"AI","fourier_country_k2","imputed_scaled_annual_residual",732.1018,17.8126,660.020105522252,16.0587969209004,"WHO annual total 33661; observed weeks 3326; imputed 33780.7 -> 30454.7"
"COD",2012-12-03,"AI","fourier_country_k2","imputed_scaled_annual_residual",716.5952,17.4354,646.040263144742,15.718735492554,"WHO annual total 33661; observed weeks 3326; imputed 33780.7 -> 30454.7"
"COD",2012-12-10,"AI","fourier_country_k2","imputed_scaled_annual_residual",704.5341,17.1419,635.166681772978,15.4541330821095,"WHO annual total 33661; observed weeks 3326; imputed 33780.7 -> 30454.7"
"COD",2012-12-17,"AI","fourier_country_k2","imputed_scaled_annual_residual",695.9507,16.9331,627.428391041089,15.2658912309993,"WHO annual total 33661; observed weeks 3326; imputed 33780.7 -> 30454.7"
"COD",2012-12-24,"AI","fourier_country_k2","imputed_scaled_annual_residual",690.5866,16.8025,622.59243264291,15.1481499199123,"WHO annual total 33661; observed weeks 3326; imputed 33780.7 -> 30454.7"
"COD",2022-07-11,"AI","fourier_country_k2","imputed_scaled_annual_residual",924.905,10.6716,707.976019773652,8.16866261142118,"WHO annual total 18961; observed weeks 7448; imputed 31755.5 -> 24307.5"
"COD",2022-07-18,"AI","fourier_country_k2","imputed_scaled_annual_residual",999.5626,11.533,765.123284080639,8.82802821484318,"WHO annual total 18961; observed weeks 7448; imputed 31755.5 -> 24307.5"
"COD",2022-07-25,"AI","fourier_country_k2","imputed_scaled_annual_residual",1076.0478,12.4155,823.669499602873,9.50354498407921,"WHO annual total 18961; observed weeks 7448; imputed 31755.5 -> 24307.5"
"COD",2022-08-01,"AI","fourier_country_k2","imputed_scaled_annual_residual",1151.5676,13.2869,881.476741879758,10.1705651684557,"WHO annual total 18961; observed weeks 7448; imputed 31755.5 -> 24307.5"
"COD",2022-08-08,"AI","fourier_country_k2","imputed_scaled_annual_residual",1223.3995,14.1157,936.461051246427,10.804976837966,"WHO annual total 18961; observed weeks 7448; imputed 31755.5 -> 24307.5"
"COD",2022-08-15,"AI","fourier_country_k2","imputed_scaled_annual_residual",1289.0258,14.8729,986.695233855961,11.3845817078419,"WHO annual total 18961; observed weeks 7448; imputed 31755.5 -> 24307.5"
"COD",2022-08-22,"AI","fourier_country_k2","imputed_scaled_annual_residual",1346.2551,15.5332,1030.50186483799,11.8900136882686,"WHO annual total 18961; observed weeks 7448; imputed 31755.5 -> 24307.5"
"COD",2022-08-29,"AI","fourier_country_k2","imputed_scaled_annual_residual",1393.3266,16.0763,1066.53312557804,12.3057339799084,"WHO annual total 18961; observed weeks 7448; imputed 31755.5 -> 24307.5"
"COD",2022-09-05,"AI","fourier_country_k2","imputed_scaled_annual_residual",1428.9892,16.4878,1093.83135145289,12.6207199861867,"WHO annual total 18961; observed weeks 7448; imputed 31755.5 -> 24307.5"
"COD",2022-09-12,"AI","fourier_country_k2","imputed_scaled_annual_residual",1452.5529,16.7597,1111.86837637668,12.82884804234,"WHO annual total 18961; observed weeks 7448; imputed 31755.5 -> 24307.5"
"COD",2022-09-19,"AI","fourier_country_k2","imputed_scaled_annual_residual",1463.9086,16.8907,1120.5606888712,12.9291230528442,"WHO annual total 18961; observed weeks 7448; imputed 31755.5 -> 24307.5"
"COD",2022-09-26,"AI","fourier_country_k2","imputed_scaled_annual_residual",1463.5159,16.8861,1120.26009347712,12.9256019456051,"WHO annual total 18961; observed weeks 7448; imputed 31755.5 -> 24307.5"
"COD",2022-10-03,"AI","fourier_country_k2","imputed_scaled_annual_residual",1452.3601,16.7574,1111.72079605588,12.8270874887205,"WHO annual total 18961; observed weeks 7448; imputed 31755.5 -> 24307.5"
"COD",2022-10-10,"AI","fourier_country_k2","imputed_scaled_annual_residual",1431.8814,16.5211,1096.04520935656,12.6462097407653,"WHO annual total 18961; observed weeks 7448; imputed 31755.5 -> 24307.5"
"COD",2022-10-17,"AI","fourier_country_k2","imputed_scaled_annual_residual",1403.8788,16.1981,1074.61039249286,12.3989667759344,"WHO annual total 18961; observed weeks 7448; imputed 31755.5 -> 24307.5"
"COD",2022-10-24,"AI","fourier_country_k2","imputed_scaled_annual_residual",1370.3975,15.8117,1048.98186036162,12.1031937678519,"WHO annual total 18961; observed weeks 7448; imputed 31755.5 -> 24307.5"
"COD",2022-10-31,"AI","fourier_country_k2","imputed_scaled_annual_residual",1333.6033,15.3872,1020.81744210595,11.7782568063327,"WHO annual total 18961; observed weeks 7448; imputed 31755.5 -> 24307.5"
"COD",2022-11-07,"AI","fourier_country_k2","imputed_scaled_annual_residual",1295.654,14.9493,991.768843204234,11.4430627063344,"WHO annual total 18961; observed weeks 7448; imputed 31755.5 -> 24307.5"
"COD",2022-11-14,"AI","fourier_country_k2","imputed_scaled_annual_residual",1258.5734,14.5215,963.385197750031,11.1155997331003,"WHO annual total 18961; observed weeks 7448; imputed 31755.5 -> 24307.5"
"COD",2022-11-21,"AI","fourier_country_k2","imputed_scaled_annual_residual",1224.1365,14.1242,937.025193862775,10.8114832317773,"WHO annual total 18961; observed weeks 7448; imputed 31755.5 -> 24307.5"
"COD",2022-11-28,"AI","fourier_country_k2","imputed_scaled_annual_residual",1193.7717,13.7738,913.782211886006,10.5432667151311,"WHO annual total 18961; observed weeks 7448; imputed 31755.5 -> 24307.5"
"COD",2022-12-05,"AI","fourier_country_k2","imputed_scaled_annual_residual",1168.4865,13.4821,894.427450850894,10.3199825886879,"WHO annual total 18961; observed weeks 7448; imputed 31755.5 -> 24307.5"
"COD",2022-12-12,"AI","fourier_country_k2","imputed_scaled_annual_residual",1148.8196,13.2552,879.373263033457,10.1463001468299,"WHO annual total 18961; observed weeks 7448; imputed 31755.5 -> 24307.5"
"COD",2022-12-19,"AI","fourier_country_k2","imputed_scaled_annual_residual",1134.8234,13.0937,868.659758437897,10.0226786644145,"WHO annual total 18961; observed weeks 7448; imputed 31755.5 -> 24307.5"
"COD",2022-12-26,"AI","fourier_country_k2","imputed_scaled_annual_residual",1126.0766,12.9928,861.964449568601,9.94544394258341,"WHO annual total 18961; observed weeks 7448; imputed 31755.5 -> 24307.5"
"COG",2023-01-02,"AI","fourier_country_k2","imputed_dropped_annual_accounted",0.3996,0.029,NA,NA,"WHO annual total 69; observed weeks 132; imputed 33.3 -> 0"
"COG",2023-01-09,"AI","fourier_country_k2","imputed_dropped_annual_accounted",0.6566,0.0476,NA,NA,"WHO annual total 69; observed weeks 132; imputed 33.3 -> 0"
"COG",2023-01-16,"AI","fourier_country_k2","imputed_dropped_annual_accounted",0.9306,0.0674,NA,NA,"WHO annual total 69; observed weeks 132; imputed 33.3 -> 0"
"COG",2023-01-23,"AI","fourier_country_k2","imputed_dropped_annual_accounted",1.2045,0.0873,NA,NA,"WHO annual total 69; observed weeks 132; imputed 33.3 -> 0"
"COG",2023-01-30,"AI","fourier_country_k2","imputed_dropped_annual_accounted",1.462,0.1059,NA,NA,"WHO annual total 69; observed weeks 132; imputed 33.3 -> 0"
"COG",2023-02-06,"AI","fourier_country_k2","imputed_dropped_annual_accounted",1.6877,0.1223,NA,NA,"WHO annual total 69; observed weeks 132; imputed 33.3 -> 0"
"COG",2023-02-13,"AI","fourier_country_k2","imputed_dropped_annual_accounted",1.8688,0.1354,NA,NA,"WHO annual total 69; observed weeks 132; imputed 33.3 -> 0"
"COG",2023-02-20,"AI","fourier_country_k2","imputed_dropped_annual_accounted",1.9951,0.1446,NA,NA,"WHO annual total 69; observed weeks 132; imputed 33.3 -> 0"
"COG",2023-02-27,"AI","fourier_country_k2","imputed_dropped_annual_accounted",2.0602,0.1493,NA,NA,"WHO annual total 69; observed weeks 132; imputed 33.3 -> 0"
"COG",2023-03-06,"AI","fourier_country_k2","imputed_dropped_annual_accounted",2.0615,0.1494,NA,NA,"WHO annual total 69; observed weeks 132; imputed 33.3 -> 0"
"COG",2023-03-13,"AI","fourier_country_k2","imputed_dropped_annual_accounted",2.0005,0.145,NA,NA,"WHO annual total 69; observed weeks 132; imputed 33.3 -> 0"
"COG",2023-03-20,"AI","fourier_country_k2","imputed_dropped_annual_accounted",1.8826,0.1364,NA,NA,"WHO annual total 69; observed weeks 132; imputed 33.3 -> 0"
"COG",2023-03-27,"AI","fourier_country_k2","imputed_dropped_annual_accounted",1.7168,0.1244,NA,NA,"WHO annual total 69; observed weeks 132; imputed 33.3 -> 0"
"COG",2023-04-03,"AI","fourier_country_k2","imputed_dropped_annual_accounted",1.5152,0.1098,NA,NA,"WHO annual total 69; observed weeks 132; imputed 33.3 -> 0"
"COG",2023-04-10,"AI","fourier_country_k2","imputed_dropped_annual_accounted",1.292,0.0936,NA,NA,"WHO annual total 69; observed weeks 132; imputed 33.3 -> 0"
"COG",2023-04-17,"AI","fourier_country_k2","imputed_dropped_annual_accounted",1.0631,0.077,NA,NA,"WHO annual total 69; observed weeks 132; imputed 33.3 -> 0"
"COG",2023-04-24,"AI","fourier_country_k2","imputed_dropped_annual_accounted",0.8447,0.0612,NA,NA,"WHO annual total 69; observed weeks 132; imputed 33.3 -> 0"
"COG",2023-05-01,"AI","fourier_country_k2","imputed_dropped_annual_accounted",0.6525,0.0473,NA,NA,"WHO annual total 69; observed weeks 132; imputed 33.3 -> 0"
"COG",2023-05-08,"AI","fourier_country_k2","imputed_dropped_annual_accounted",0.5008,0.0363,NA,NA,"WHO annual total 69; observed weeks 132; imputed 33.3 -> 0"
"COG",2023-05-15,"AI","fourier_country_k2","imputed_dropped_annual_accounted",0.4015,0.0291,NA,NA,"WHO annual total 69; observed weeks 132; imputed 33.3 -> 0"
"COG",2023-05-22,"AI","fourier_country_k2","imputed_dropped_annual_accounted",0.3634,0.0263,NA,NA,"WHO annual total 69; observed weeks 132; imputed 33.3 -> 0"
"COG",2023-05-29,"AI","fourier_country_k2","imputed_dropped_annual_accounted",0.3918,0.0284,NA,NA,"WHO annual total 69; observed weeks 132; imputed 33.3 -> 0"
"COG",2023-06-05,"AI","fourier_country_k2","imputed_dropped_annual_accounted",0.4878,0.0353,NA,NA,"WHO annual total 69; observed weeks 132; imputed 33.3 -> 0"
"COG",2023-06-12,"AI","fourier_country_k2","imputed_dropped_annual_accounted",0.6486,0.047,NA,NA,"WHO annual total 69; observed weeks 132; imputed 33.3 -> 0"
"COG",2023-06-19,"AI","fourier_country_k2","imputed_dropped_annual_accounted",0.8672,0.0628,NA,NA,"WHO annual total 69; observed weeks 132; imputed 33.3 -> 0"
"COG",2023-06-26,"AI","fourier_country_k2","imputed_dropped_annual_accounted",1.1332,0.0821,NA,NA,"WHO annual total 69; observed weeks 132; imputed 33.3 -> 0"
"COG",2023-07-03,"AI","fourier_country_k2","imputed_dropped_annual_accounted",1.4332,0.1039,NA,NA,"WHO annual total 69; observed weeks 132; imputed 33.3 -> 0"
"COG",2023-07-10,"AI","fourier_country_k2","imputed_dropped_annual_accounted",1.7513,0.1269,NA,NA,"WHO annual total 69; observed weeks 132; imputed 33.3 -> 0"
"COG",2023-07-31,"WHO","who_catchup_uniform","who_catchup_uniform",0,0,12,0,"WHO report of   48 cases /  0 deaths spread over 4 weeks from 2023-07-31 (uniform)"
"COG",2023-08-07,"WHO","who_catchup_uniform","who_catchup_uniform",0,0,12,0,"WHO report of   48 cases /  0 deaths spread over 4 weeks from 2023-07-31 (uniform)"
"COG",2023-08-14,"WHO","who_catchup_uniform","who_catchup_uniform",0,0,12,0,"WHO report of   48 cases /  0 deaths spread over 4 weeks from 2023-07-31 (uniform)"
"COG",2023-08-21,"WHO","who_catchup_uniform","who_catchup_uniform",48,0,12,0,"WHO report of   48 cases /  0 deaths spread over 4 weeks from 2023-07-31 (uniform)"
"COG",2023-08-21,"AI","observed","who_copy_dropped",48,NA,NA,NA,"repeats the WHO dashboard value of a multi-week report window"
"COM",2024-06-10,"WHO","who_catchup_uniform","who_catchup_uniform",0,0,457,6,"WHO report of  914 cases / 12 deaths spread over 2 weeks from 2024-06-10 (uniform)"
"COM",2024-06-17,"WHO","who_catchup_uniform","who_catchup_uniform",914,12,457,6,"WHO report of  914 cases / 12 deaths spread over 2 weeks from 2024-06-10 (uniform)"
"COM",2024-07-01,"WHO","who_catchup_uniform","who_catchup_uniform",0,0,73,1,"WHO report of  146 cases /  2 deaths spread over 2 weeks from 2024-07-01 (uniform)"
"COM",2024-07-08,"WHO","who_catchup_uniform","who_catchup_uniform",146,2,73,1,"WHO report of  146 cases /  2 deaths spread over 2 weeks from 2024-07-01 (uniform)"
"COM",2024-09-30,"WHO","who_catchup_uniform","who_catchup_uniform",0,0,58,0,"WHO report of  116 cases /  0 deaths spread over 2 weeks from 2024-09-30 (uniform)"
"COM",2024-10-07,"WHO","who_catchup_uniform","who_catchup_uniform",116,0,58,0,"WHO report of  116 cases /  0 deaths spread over 2 weeks from 2024-09-30 (uniform)"
"COM",2024-10-14,"WHO","who_catchup_uniform","who_catchup_uniform",0,0,65,0,"WHO report of  458 cases /  1 deaths spread over 7 weeks from 2024-10-14 (uniform)"
"COM",2024-10-21,"WHO","who_catchup_uniform","who_catchup_uniform",0,0,66,0,"WHO report of  458 cases /  1 deaths spread over 7 weeks from 2024-10-14 (uniform)"
"COM",2024-10-28,"WHO","who_catchup_uniform","who_catchup_uniform",0,0,65,0,"WHO report of  458 cases /  1 deaths spread over 7 weeks from 2024-10-14 (uniform)"
"COM",2024-11-04,"WHO","who_catchup_uniform","who_catchup_uniform",0,0,66,1,"WHO report of  458 cases /  1 deaths spread over 7 weeks from 2024-10-14 (uniform)"
"COM",2024-11-11,"WHO","who_catchup_uniform","who_catchup_uniform",0,0,65,0,"WHO report of  458 cases /  1 deaths spread over 7 weeks from 2024-10-14 (uniform)"
"COM",2024-11-18,"WHO","who_catchup_uniform","who_catchup_uniform",0,0,66,0,"WHO report of  458 cases /  1 deaths spread over 7 weeks from 2024-10-14 (uniform)"
"COM",2024-11-25,"WHO","who_catchup_uniform","who_catchup_uniform",458,1,65,0,"WHO report of  458 cases /  1 deaths spread over 7 weeks from 2024-10-14 (uniform)"
"GHA",2013-12-30,"AI","fourier_country_k1","imputed_dropped_annual_accounted",1.5526,0,NA,NA,"WHO annual total 28944; observed weeks 29709; imputed 2690.7 -> 0"
"GHA",2014-12-08,"AI","fourier_country_k1","imputed_dropped_annual_accounted",889.7255,7.4617,NA,NA,"WHO annual total 28944; observed weeks 29709; imputed 2690.7 -> 0"
"GHA",2014-12-15,"AI","fourier_country_k1","imputed_dropped_annual_accounted",898.0549,7.5316,NA,NA,"WHO annual total 28944; observed weeks 29709; imputed 2690.7 -> 0"
"GHA",2014-12-22,"AI","fourier_country_k1","imputed_dropped_annual_accounted",901.4142,7.5597,NA,NA,"WHO annual total 28944; observed weeks 29709; imputed 2690.7 -> 0"
"GHA",2014-12-29,"AI","fourier_country_k1","imputed_scaled_annual_residual",899.7542,7.5458,883.214650754092,7.40709086065975,"WHO annual total 692; observed weeks 31; imputed 1686.4 -> 1655.4"
"GHA",2015-01-05,"AI","fourier_country_k1","imputed_scaled_annual_residual",50.8797,NA,49.944414225544,NA,"WHO annual total 692; observed weeks 31; imputed 1686.4 -> 1655.4"
"GHA",2015-01-12,"AI","fourier_country_k1","imputed_scaled_annual_residual",50.2215,NA,49.2983134536595,NA,"WHO annual total 692; observed weeks 31; imputed 1686.4 -> 1655.4"
"GHA",2015-01-19,"AI","fourier_country_k1","imputed_scaled_annual_residual",49.2939,NA,48.3877648726809,NA,"WHO annual total 692; observed weeks 31; imputed 1686.4 -> 1655.4"
"GHA",2015-01-26,"AI","fourier_country_k1","imputed_scaled_annual_residual",48.1104,NA,47.2260203215941,NA,"WHO annual total 692; observed weeks 31; imputed 1686.4 -> 1655.4"
"GHA",2015-02-02,"AI","fourier_country_k1","imputed_scaled_annual_residual",46.6882,NA,45.8299636248847,NA,"WHO annual total 692; observed weeks 31; imputed 1686.4 -> 1655.4"
"GHA",2015-02-09,"AI","fourier_country_k1","imputed_scaled_annual_residual",45.0481,NA,44.2200124307677,NA,"WHO annual total 692; observed weeks 31; imputed 1686.4 -> 1655.4"
"GHA",2015-02-16,"AI","fourier_country_k1","imputed_scaled_annual_residual",43.214,NA,42.4196274023365,NA,"WHO annual total 692; observed weeks 31; imputed 1686.4 -> 1655.4"
"GHA",2015-02-23,"AI","fourier_country_k1","imputed_scaled_annual_residual",41.2126,NA,40.4550177322519,NA,"WHO annual total 692; observed weeks 31; imputed 1686.4 -> 1655.4"
"GHA",2015-03-02,"AI","fourier_country_k1","imputed_scaled_annual_residual",39.0732,NA,38.3549448192015,NA,"WHO annual total 692; observed weeks 31; imputed 1686.4 -> 1655.4"
"GHA",2015-03-09,"AI","fourier_country_k1","imputed_scaled_annual_residual",36.8269,NA,36.1499369737378,NA,"WHO annual total 692; observed weeks 31; imputed 1686.4 -> 1655.4"
"GHA",2015-03-16,"AI","fourier_country_k1","imputed_scaled_annual_residual",34.5065,NA,33.8721912565077,NA,"WHO annual total 692; observed weeks 31; imputed 1686.4 -> 1655.4"
"GHA",2015-03-23,"AI","fourier_country_k1","imputed_scaled_annual_residual",32.1458,NA,31.5548863458608,NA,"WHO annual total 692; observed weeks 31; imputed 1686.4 -> 1655.4"
"GHA",2015-03-30,"AI","fourier_country_k1","imputed_scaled_annual_residual",29.7792,NA,29.2317898907682,NA,"WHO annual total 692; observed weeks 31; imputed 1686.4 -> 1655.4"
"GHA",2015-04-06,"AI","fourier_country_k1","imputed_scaled_annual_residual",25.7434,NA,25.2701771664116,NA,"WHO annual total 692; observed weeks 31; imputed 1686.4 -> 1655.4"
"GHA",2015-04-13,"AI","fourier_country_k1","imputed_scaled_annual_residual",23.609,NA,23.1750123418744,NA,"WHO annual total 692; observed weeks 31; imputed 1686.4 -> 1655.4"
"GHA",2015-04-20,"AI","fourier_country_k1","imputed_scaled_annual_residual",21.5646,NA,21.1681931105759,NA,"WHO annual total 692; observed weeks 31; imputed 1686.4 -> 1655.4"
"GHA",2015-04-27,"AI","fourier_country_k1","imputed_scaled_annual_residual",19.64,NA,19.2789716800548,NA,"WHO annual total 692; observed weeks 31; imputed 1686.4 -> 1655.4"
"GHA",2015-05-04,"AI","fourier_country_k1","imputed_scaled_annual_residual",17.8633,NA,17.5349315077558,NA,"WHO annual total 692; observed weeks 31; imputed 1686.4 -> 1655.4"
"GHA",2015-05-11,"AI","fourier_country_k1","imputed_scaled_annual_residual",16.2604,NA,15.9614964921774,NA,"WHO annual total 692; observed weeks 31; imputed 1686.4 -> 1655.4"
"GHA",2015-05-18,"AI","fourier_country_k1","imputed_scaled_annual_residual",14.8546,NA,14.5815383257914,NA,"WHO annual total 692; observed weeks 31; imputed 1686.4 -> 1655.4"
"GHA",2015-05-25,"AI","fourier_country_k1","imputed_scaled_annual_residual",12.3932,0.1433,12.1653845124875,0.140665816789809,"WHO annual total 692; observed weeks 31; imputed 1686.4 -> 1655.4"
"GHA",2015-06-01,"AI","fourier_country_k1","imputed_scaled_annual_residual",11.5289,0.1333,11.3169723320868,0.130849639763305,"WHO annual total 692; observed weeks 31; imputed 1686.4 -> 1655.4"
"GHA",2015-06-08,"AI","fourier_country_k1","imputed_scaled_annual_residual",10.8902,0.1259,10.6900131054039,0.123585668763691,"WHO annual total 692; observed weeks 31; imputed 1686.4 -> 1655.4"
"GHA",2015-06-15,"AI","fourier_country_k1","imputed_scaled_annual_residual",10.4865,0.1212,10.2937340388439,0.118972065561234,"WHO annual total 692; observed weeks 31; imputed 1686.4 -> 1655.4"
"GHA",2015-06-22,"AI","fourier_country_k1","imputed_scaled_annual_residual",10.3237,0.1193,10.1339266768524,0.117106991926199,"WHO annual total 692; observed weeks 31; imputed 1686.4 -> 1655.4"
"GHA",2015-06-29,"AI","fourier_country_k1","imputed_scaled_annual_residual",10.4041,0.1203,10.2128487401455,0.118088609628849,"WHO annual total 692; observed weeks 31; imputed 1686.4 -> 1655.4"
"GHA",2015-07-06,"AI","fourier_country_k1","imputed_scaled_annual_residual",10.7267,0.124,10.5295186110206,0.121720595128656,"WHO annual total 692; observed weeks 31; imputed 1686.4 -> 1655.4"
"GHA",2015-07-13,"AI","fourier_country_k1","imputed_scaled_annual_residual",11.2866,0.1305,11.0791263627346,0.128101110195884,"WHO annual total 692; observed weeks 31; imputed 1686.4 -> 1655.4"
"GHA",2015-07-20,"AI","fourier_country_k1","imputed_scaled_annual_residual",12.0757,0.1396,11.853720891896,0.137033831290003,"WHO annual total 692; observed weeks 31; imputed 1686.4 -> 1655.4"
"GHA",2016-11-28,"AI","fourier_country_k1","imputed_dropped_annual_accounted",21.3381,0,NA,NA,"WHO annual total 175; observed weeks 619.5; imputed 43.1 -> 0"
"GHA",2016-12-05,"AI","fourier_country_k1","imputed_dropped_annual_accounted",21.7813,0,NA,NA,"WHO annual total 175; observed weeks 619.5; imputed 43.1 -> 0"
"GHA",2024-04-01,"AI","fourier_country_k1","imputed_dropped_annual_accounted",80.496,0.6457,NA,NA,"WHO annual total 4618; observed weeks 4618; imputed 937.5 -> 0"
"GHA",2024-04-08,"AI","fourier_country_k1","imputed_dropped_annual_accounted",74.1765,0.595,NA,NA,"WHO annual total 4618; observed weeks 4618; imputed 937.5 -> 0"
"GHA",2024-04-15,"AI","fourier_country_k1","imputed_dropped_annual_accounted",68.0265,0.5457,NA,NA,"WHO annual total 4618; observed weeks 4618; imputed 937.5 -> 0"
"GHA",2024-04-22,"AI","fourier_country_k1","imputed_dropped_annual_accounted",62.1359,0.4984,NA,NA,"WHO annual total 4618; observed weeks 4618; imputed 937.5 -> 0"
"GHA",2024-04-29,"AI","fourier_country_k1","imputed_dropped_annual_accounted",56.5904,0.4539,NA,NA,"WHO annual total 4618; observed weeks 4618; imputed 937.5 -> 0"
"GHA",2024-05-06,"AI","fourier_country_k1","imputed_dropped_annual_accounted",51.471,0.4129,NA,NA,"WHO annual total 4618; observed weeks 4618; imputed 937.5 -> 0"
"GHA",2024-05-13,"AI","fourier_country_k1","imputed_dropped_annual_accounted",46.8523,0.3758,NA,NA,"WHO annual total 4618; observed weeks 4618; imputed 937.5 -> 0"
"GHA",2024-05-20,"AI","fourier_country_k1","imputed_dropped_annual_accounted",42.8016,0.3433,NA,NA,"WHO annual total 4618; observed weeks 4618; imputed 937.5 -> 0"
"GHA",2024-05-27,"AI","fourier_country_k1","imputed_dropped_annual_accounted",39.3781,0.3159,NA,NA,"WHO annual total 4618; observed weeks 4618; imputed 937.5 -> 0"
"GHA",2024-06-03,"AI","fourier_country_k1","imputed_dropped_annual_accounted",36.6316,0.2938,NA,NA,"WHO annual total 4618; observed weeks 4618; imputed 937.5 -> 0"
"GHA",2024-06-10,"AI","fourier_country_k1","imputed_dropped_annual_accounted",34.6022,0.2776,NA,NA,"WHO annual total 4618; observed weeks 4618; imputed 937.5 -> 0"
"GHA",2024-06-17,"AI","fourier_country_k1","imputed_dropped_annual_accounted",33.3195,0.2673,NA,NA,"WHO annual total 4618; observed weeks 4618; imputed 937.5 -> 0"
"GHA",2024-06-24,"AI","fourier_country_k1","imputed_dropped_annual_accounted",32.8022,0.2631,NA,NA,"WHO annual total 4618; observed weeks 4618; imputed 937.5 -> 0"
"GHA",2024-07-01,"AI","fourier_country_k1","imputed_dropped_annual_accounted",33.0579,0.2652,NA,NA,"WHO annual total 4618; observed weeks 4618; imputed 937.5 -> 0"
"GHA",2024-07-08,"AI","fourier_country_k1","imputed_dropped_annual_accounted",34.0827,0.2734,NA,NA,"WHO annual total 4618; observed weeks 4618; imputed 937.5 -> 0"
"GHA",2024-07-15,"AI","fourier_country_k1","imputed_dropped_annual_accounted",35.8618,0.2877,NA,NA,"WHO annual total 4618; observed weeks 4618; imputed 937.5 -> 0"
"GHA",2024-07-22,"AI","fourier_country_k1","imputed_dropped_annual_accounted",38.3692,0.3078,NA,NA,"WHO annual total 4618; observed weeks 4618; imputed 937.5 -> 0"
"GHA",2024-07-29,"AI","fourier_country_k1","imputed_dropped_annual_accounted",41.5684,0.3334,NA,NA,"WHO annual total 4618; observed weeks 4618; imputed 937.5 -> 0"
"GHA",2024-08-05,"AI","fourier_country_k1","imputed_dropped_annual_accounted",45.4127,0.3643,NA,NA,"WHO annual total 4618; observed weeks 4618; imputed 937.5 -> 0"
"GHA",2024-08-12,"AI","fourier_country_k1","imputed_dropped_annual_accounted",49.8461,0.3998,NA,NA,"WHO annual total 4618; observed weeks 4618; imputed 937.5 -> 0"
"GHA",2024-10-14,"WHO","who_catchup_uniform","who_catchup_uniform",0,0,376,3,"WHO report of 1506 cases / 12 deaths spread over 4 weeks from 2024-10-14 (uniform)"
"GHA",2024-10-21,"WHO","who_catchup_uniform","who_catchup_uniform",0,0,377,3,"WHO report of 1506 cases / 12 deaths spread over 4 weeks from 2024-10-14 (uniform)"
"GHA",2024-10-28,"WHO","who_catchup_uniform","who_catchup_uniform",0,0,377,3,"WHO report of 1506 cases / 12 deaths spread over 4 weeks from 2024-10-14 (uniform)"
"GHA",2024-11-04,"WHO","who_catchup_uniform","who_catchup_uniform",1506,12,376,3,"WHO report of 1506 cases / 12 deaths spread over 4 weeks from 2024-10-14 (uniform)"
"GHA",2024-11-04,"AI","observed","who_copy_dropped",1506,12,NA,NA,"repeats the WHO dashboard value of a multi-week report window"
"GHA",2025-02-10,"WHO","who_catchup_uniform","who_catchup_uniform",0,0,312,2,"WHO report of  624 cases /  3 deaths spread over 2 weeks from 2025-02-10 (uniform)"
"GHA",2025-02-17,"WHO","who_catchup_uniform","who_catchup_uniform",624,3,312,1,"WHO report of  624 cases /  3 deaths spread over 2 weeks from 2025-02-10 (uniform)"
"GHA",2025-02-17,"AI","observed","who_copy_dropped",624,3,NA,NA,"repeats the WHO dashboard value of a multi-week report window"
"GHA",2025-03-10,"WHO","who_catchup_uniform","who_catchup_uniform",0,0,91,1,"WHO report of  182 cases /  2 deaths spread over 2 weeks from 2025-03-10 (uniform)"
"GHA",2025-03-17,"WHO","who_catchup_uniform","who_catchup_uniform",182,2,91,1,"WHO report of  182 cases /  2 deaths spread over 2 weeks from 2025-03-10 (uniform)"
"GHA",2025-03-17,"AI","observed","who_copy_dropped",182,2,NA,NA,"repeats the WHO dashboard value of a multi-week report window"
"GHA",2025-05-05,"WHO","who_catchup_uniform","who_catchup_uniform",0,0,5,0,"WHO report of   59 cases /  0 deaths spread over 13 weeks from 2025-05-05 (uniform)"
"GHA",2025-05-12,"WHO","who_catchup_uniform","who_catchup_uniform",0,0,4,0,"WHO report of   59 cases /  0 deaths spread over 13 weeks from 2025-05-05 (uniform)"
"GHA",2025-05-19,"WHO","who_catchup_uniform","who_catchup_uniform",0,0,5,0,"WHO report of   59 cases /  0 deaths spread over 13 weeks from 2025-05-05 (uniform)"
"GHA",2025-05-26,"WHO","who_catchup_uniform","who_catchup_uniform",0,0,4,0,"WHO report of   59 cases /  0 deaths spread over 13 weeks from 2025-05-05 (uniform)"
"GHA",2025-06-02,"WHO","who_catchup_uniform","who_catchup_uniform",0,0,5,0,"WHO report of   59 cases /  0 deaths spread over 13 weeks from 2025-05-05 (uniform)"
"GHA",2025-06-09,"WHO","who_catchup_uniform","who_catchup_uniform",0,0,4,0,"WHO report of   59 cases /  0 deaths spread over 13 weeks from 2025-05-05 (uniform)"
"GHA",2025-06-16,"WHO","who_catchup_uniform","who_catchup_uniform",0,0,5,0,"WHO report of   59 cases /  0 deaths spread over 13 weeks from 2025-05-05 (uniform)"
"GHA",2025-06-23,"WHO","who_catchup_uniform","who_catchup_uniform",0,0,4,0,"WHO report of   59 cases /  0 deaths spread over 13 weeks from 2025-05-05 (uniform)"
"GHA",2025-06-30,"WHO","who_catchup_uniform","who_catchup_uniform",0,0,5,0,"WHO report of   59 cases /  0 deaths spread over 13 weeks from 2025-05-05 (uniform)"
"GHA",2025-07-07,"WHO","who_catchup_uniform","who_catchup_uniform",0,0,4,0,"WHO report of   59 cases /  0 deaths spread over 13 weeks from 2025-05-05 (uniform)"
"GHA",2025-07-14,"WHO","who_catchup_uniform","who_catchup_uniform",0,0,5,0,"WHO report of   59 cases /  0 deaths spread over 13 weeks from 2025-05-05 (uniform)"
"GHA",2025-07-21,"WHO","who_catchup_uniform","who_catchup_uniform",0,0,4,0,"WHO report of   59 cases /  0 deaths spread over 13 weeks from 2025-05-05 (uniform)"
"GHA",2025-07-28,"WHO","who_catchup_uniform","who_catchup_uniform",59,0,5,0,"WHO report of   59 cases /  0 deaths spread over 13 weeks from 2025-05-05 (uniform)"
"GNB",1996-01-01,"AI","fourier_country_k3","imputed_scaled_annual_residual",136.7969,1.3685,23.3778201947796,0.233868946858853,"WHO annual total 8397; observed weeks 6962; imputed 8397 -> 1435"
"GNB",1996-01-08,"AI","fourier_country_k3","imputed_scaled_annual_residual",154.4921,1.5455,26.4018302703782,0.264117250544653,"WHO annual total 8397; observed weeks 6962; imputed 8397 -> 1435"
"GNB",1996-01-15,"AI","fourier_country_k3","imputed_scaled_annual_residual",169.7995,1.6986,29.0177787666495,0.290281178761014,"WHO annual total 8397; observed weeks 6962; imputed 8397 -> 1435"
"GNB",1996-01-22,"AI","fourier_country_k3","imputed_scaled_annual_residual",180.0198,1.8008,30.7643705076663,0.307746583488069,"WHO annual total 8397; observed weeks 6962; imputed 8397 -> 1435"
"GNB",1996-01-29,"AI","fourier_country_k3","imputed_scaled_annual_residual",183.253,1.8332,31.3169061883269,0.31328356111191,"WHO annual total 8397; observed weeks 6962; imputed 8397 -> 1435"
"GNB",1996-02-05,"AI","fourier_country_k3","imputed_scaled_annual_residual",178.5688,1.7863,30.5164027751912,0.305268615107029,"WHO annual total 8397; observed weeks 6962; imputed 8397 -> 1435"
"GNB",1996-02-12,"AI","fourier_country_k3","imputed_scaled_annual_residual",166.0558,1.6612,28.3780015095392,0.283889729281642,"WHO annual total 8397; observed weeks 6962; imputed 8397 -> 1435"
"GNB",1996-02-19,"AI","fourier_country_k3","imputed_scaled_annual_residual",146.7518,1.468,25.0790565697048,0.250872936783921,"WHO annual total 8397; observed weeks 6962; imputed 8397 -> 1435"
"GNB",1996-02-26,"AI","fourier_country_k3","imputed_scaled_annual_residual",122.466,1.2251,20.9287500518935,0.209362694042222,"WHO annual total 8397; observed weeks 6962; imputed 8397 -> 1435"
"GNB",1996-03-04,"AI","fourier_country_k3","imputed_scaled_annual_residual",95.5218,0.9556,16.3241379379335,0.163306661029098,"WHO annual total 8397; observed weeks 6962; imputed 8397 -> 1435"
"GNB",1996-03-11,"AI","fourier_country_k3","imputed_scaled_annual_residual",68.4553,0.6848,11.6986254423872,0.117028465333535,"WHO annual total 8397; observed weeks 6962; imputed 8397 -> 1435"
"GNB",1996-03-18,"AI","fourier_country_k3","imputed_scaled_annual_residual",43.7086,0.4372,7.46955370893304,0.0747150190476365,"WHO annual total 8397; observed weeks 6962; imputed 8397 -> 1435"
"GNB",1996-03-25,"AI","fourier_country_k3","imputed_scaled_annual_residual",23.3581,0.2337,3.99176780973604,0.0399380145275221,"WHO annual total 8397; observed weeks 6962; imputed 8397 -> 1435"
"GNB",1996-04-01,"AI","fourier_country_k3","imputed_scaled_annual_residual",8.9099,0.0891,1.52265175711925,0.0152266884655636,"WHO annual total 8397; observed weeks 6962; imputed 8397 -> 1435"
"GNB",1996-04-08,"AI","fourier_country_k3","imputed_scaled_annual_residual",1.1856,0.0119,0.202612366383527,0.00203364301616394,"WHO annual total 8397; observed weeks 6962; imputed 8397 -> 1435"
"GNB",1996-04-15,"AI","fourier_country_k3","imputed_scaled_annual_residual",0.3075,0.0031,0.0525500191151606,0.000529772550429262,"WHO annual total 8397; observed weeks 6962; imputed 8397 -> 1435"
"GNB",1996-04-22,"AI","fourier_country_k3","imputed_scaled_annual_residual",5.7807,0.0578,0.987889091053688,0.00987769464993914,"WHO annual total 8397; observed weeks 6962; imputed 8397 -> 1435"
"GNB",1996-04-29,"AI","fourier_country_k3","imputed_scaled_annual_residual",16.6542,0.1666,2.8461090352771,0.0284710022262952,"WHO annual total 8397; observed weeks 6962; imputed 8397 -> 1435"
"GNB",1996-05-06,"AI","fourier_country_k3","imputed_scaled_annual_residual",31.7328,0.3174,5.42295689943925,0.0542418733891121,"WHO annual total 8397; observed weeks 6962; imputed 8397 -> 1435"
"GNB",1996-05-13,"AI","fourier_country_k3","imputed_scaled_annual_residual",49.8085,0.4983,8.51199228324383,0.0851566651222262,"WHO annual total 8397; observed weeks 6962; imputed 8397 -> 1435"
"GNB",1996-05-20,"AI","fourier_country_k3","imputed_scaled_annual_residual",69.8723,0.699,11.9407827662447,0.119455165403243,"WHO annual total 8397; observed weeks 6962; imputed 8397 -> 1435"
"GNB",1996-05-27,"AI","fourier_country_k3","imputed_scaled_annual_residual",91.2772,0.9131,15.5987596903361,0.156043650257083,"WHO annual total 8397; observed weeks 6962; imputed 8397 -> 1435"
"GNB",1996-06-03,"AI","fourier_country_k3","imputed_scaled_annual_residual",113.8259,1.1387,19.4522055960987,0.194597420378645,"WHO annual total 8397; observed weeks 6962; imputed 8397 -> 1435"
"GNB",1996-06-10,"AI","fourier_country_k3","imputed_scaled_annual_residual",137.7708,1.3782,23.5442542227999,0.235526622258583,"WHO annual total 8397; observed weeks 6962; imputed 8397 -> 1435"
"GNB",1996-06-17,"AI","fourier_country_k3","imputed_scaled_annual_residual",163.7256,1.6378,27.9797834459875,0.279890800997756,"WHO annual total 8397; observed weeks 6962; imputed 8397 -> 1435"
"GNB",1996-06-24,"AI","fourier_country_k3","imputed_scaled_annual_residual",192.5012,1.9257,32.8973715111914,0.329091290439235,"WHO annual total 8397; observed weeks 6962; imputed 8397 -> 1435"
"GNB",1996-07-01,"AI","fourier_country_k3","imputed_scaled_annual_residual",224.8908,2.2497,38.4325718335732,0.384461066677648,"WHO annual total 8397; observed weeks 6962; imputed 8397 -> 1435"
"GNB",1996-07-08,"AI","fourier_country_k3","imputed_scaled_annual_residual",261.4361,2.6153,44.6779578939611,0.44694004875408,"WHO annual total 8397; observed weeks 6962; imputed 8397 -> 1435"
"GNB",1996-07-15,"AI","fourier_country_k3","imputed_scaled_annual_residual",302.2101,3.0232,51.6460049814459,0.516647862728305,"WHO annual total 8397; observed weeks 6962; imputed 8397 -> 1435"
"GNB",1996-07-22,"AI","fourier_country_k3","imputed_scaled_annual_residual",346.6529,3.4678,59.2410293376451,0.592627500122127,"WHO annual total 8397; observed weeks 6962; imputed 8397 -> 1435"
"GNB",1996-07-29,"AI","fourier_country_k3","imputed_scaled_annual_residual",393.4876,3.9363,67.2448159400933,0.672691512985388,"WHO annual total 8397; observed weeks 6962; imputed 8397 -> 1435"
"GNB",1996-08-05,"AI","fourier_country_k3","imputed_scaled_annual_residual",440.735,4.4089,75.319130649497,0.753456192770184,"WHO annual total 8397; observed weeks 6962; imputed 8397 -> 1435"
"GNB",1996-08-12,"AI","fourier_country_k3","imputed_scaled_annual_residual",485.8325,4.8601,83.0260395504594,0.830563733013308,"WHO annual total 8397; observed weeks 6962; imputed 8397 -> 1435"
"GNB",1996-08-19,"AI","fourier_country_k3","imputed_scaled_annual_residual",525.8489,5.2604,89.8646170623941,0.898972749767125,"WHO annual total 8397; observed weeks 6962; imputed 8397 -> 1435"
"GNB",1996-08-26,"AI","fourier_country_k3","imputed_scaled_annual_residual",557.7713,5.5797,95.3199755345951,0.953539322461339,"WHO annual total 8397; observed weeks 6962; imputed 8397 -> 1435"
"GNB",1996-09-02,"AI","fourier_country_k3","imputed_scaled_annual_residual",578.8322,5.7904,98.919164795026,0.989546766453418,"WHO annual total 8397; observed weeks 6962; imputed 8397 -> 1435"
"GNB",1996-09-09,"AI","fourier_country_k3","imputed_scaled_annual_residual",586.8377,5.8705,100.287259682917,1.00323540557903,"WHO annual total 8397; observed weeks 6962; imputed 8397 -> 1435"
"GNB",1996-09-16,"AI","fourier_country_k3","imputed_scaled_annual_residual",580.4532,5.8066,99.1961845705891,0.992315255265339,"WHO annual total 8397; observed weeks 6962; imputed 8397 -> 1435"
"GNB",1996-09-23,"AI","fourier_country_k3","imputed_scaled_annual_residual",559.4118,5.5961,95.6003277503949,0.956341990147481,"WHO annual total 8397; observed weeks 6962; imputed 8397 -> 1435"
"GNB",1998-01-12,"AI","fourier_country_k3","imputed_scaled_annual_residual",1.8659,0.0296,1.6289641959465,0.0258413313682493,"WHO annual total 126; observed weeks 16; imputed 126 -> 110"
"GNB",1998-01-19,"AI","fourier_country_k3","imputed_scaled_annual_residual",1.9782,0.0314,1.72700411191455,0.0274127636811834,"WHO annual total 126; observed weeks 16; imputed 126 -> 110"
"GNB",1998-01-26,"AI","fourier_country_k3","imputed_scaled_annual_residual",2.0137,0.032,1.75799624919742,0.0279365744521614,"WHO annual total 126; observed weeks 16; imputed 126 -> 110"
"GNB",1998-02-02,"AI","fourier_country_k3","imputed_scaled_annual_residual",1.9622,0.0311,1.71303582468847,0.0271508582956944,"WHO annual total 126; observed weeks 16; imputed 126 -> 110"
"GNB",1998-02-09,"AI","fourier_country_k3","imputed_scaled_annual_residual",1.8247,0.029,1.59299585633934,0.0253175205972713,"WHO annual total 126; observed weeks 16; imputed 126 -> 110"
"GNB",1998-02-16,"AI","fourier_country_k3","imputed_scaled_annual_residual",1.6126,0.0256,1.40782874879861,0.0223492595617291,"WHO annual total 126; observed weeks 16; imputed 126 -> 110"
"GNB",1998-02-23,"AI","fourier_country_k3","imputed_scaled_annual_residual",1.3457,0.0214,1.17482025750855,0.0186825841648829,"WHO annual total 126; observed weeks 16; imputed 126 -> 110"
"GNB",1998-03-02,"AI","fourier_country_k3","imputed_scaled_annual_residual",1.0497,0.0167,0.916406943826057,0.0145793997922217,"WHO annual total 126; observed weeks 16; imputed 126 -> 110"
"GNB",1998-03-09,"AI","fourier_country_k3","imputed_scaled_annual_residual",0.7522,0.0119,0.656684103216119,0.0103889136243975,"WHO annual total 126; observed weeks 16; imputed 126 -> 110"
"GNB",1998-03-16,"AI","fourier_country_k3","imputed_scaled_annual_residual",0.4803,0.0076,0.41931052216791,0.00663493643238833,"WHO annual total 126; observed weeks 16; imputed 126 -> 110"
"GNB",1998-03-23,"AI","fourier_country_k3","imputed_scaled_annual_residual",0.2567,0.0041,0.224103708183432,0.00357937360168318,"WHO annual total 126; observed weeks 16; imputed 126 -> 110"
"GNB",1998-03-30,"AI","fourier_country_k3","imputed_scaled_annual_residual",0.0979,0.0016,0.0854684574645813,0.00139682872260807,"WHO annual total 126; observed weeks 16; imputed 126 -> 110"
"GNB",1998-04-06,"AI","fourier_country_k3","imputed_scaled_annual_residual",0.013,2e-04,0.0113492333711906,0.000174603590326009,"WHO annual total 126; observed weeks 16; imputed 126 -> 110"
"GNB",1998-04-13,"AI","fourier_country_k3","imputed_scaled_annual_residual",0.0034,1e-04,0.00296826103554215,8.73017951630044e-05,"WHO annual total 126; observed weeks 16; imputed 126 -> 110"
"GNB",1998-04-20,"AI","fourier_country_k3","imputed_scaled_annual_residual",0.0635,0.001,0.0554366399285078,0.000873017951630044,"WHO annual total 126; observed weeks 16; imputed 126 -> 110"
"GNB",1998-04-27,"AI","fourier_country_k3","imputed_scaled_annual_residual",0.183,0.0029,0.159762285148298,0.00253175205972713,"WHO annual total 126; observed weeks 16; imputed 126 -> 110"
"GNB",1998-05-04,"AI","fourier_country_k3","imputed_scaled_annual_residual",0.3487,0.0055,0.304421359733396,0.00480159873396524,"WHO annual total 126; observed weeks 16; imputed 126 -> 110"
"GNB",1998-05-11,"AI","fourier_country_k3","imputed_scaled_annual_residual",0.5473,0.0087,0.477802724927123,0.00759525617918138,"WHO annual total 126; observed weeks 16; imputed 126 -> 110"
"GNB",1998-05-18,"AI","fourier_country_k3","imputed_scaled_annual_residual",0.7678,0.0122,0.670303183261547,0.0106508190098865,"WHO annual total 126; observed weeks 16; imputed 126 -> 110"
"GNB",1998-05-25,"AI","fourier_country_k3","imputed_scaled_annual_residual",1.003,0.0159,0.875637005484934,0.0138809854309177,"WHO annual total 126; observed weeks 16; imputed 126 -> 110"
"GNB",1998-06-01,"AI","fourier_country_k3","imputed_scaled_annual_residual",1.2508,0.0199,1.09197085389886,0.0173730572374379,"WHO annual total 126; observed weeks 16; imputed 126 -> 110"
"GNB",1998-06-08,"AI","fourier_country_k3","imputed_scaled_annual_residual",1.5139,0.024,1.32166187697272,0.020952430839121,"WHO annual total 126; observed weeks 16; imputed 126 -> 110"
"GNB",1998-06-15,"AI","fourier_country_k3","imputed_scaled_annual_residual",1.7991,0.0286,1.57064659677761,0.0249683134166192,"WHO annual total 126; observed weeks 16; imputed 126 -> 110"
"GNB",1998-06-22,"AI","fourier_country_k3","imputed_scaled_annual_residual",2.1153,0.0336,1.84669487308303,0.0293334031747695,"WHO annual total 126; observed weeks 16; imputed 126 -> 110"
"GNB",1998-06-29,"AI","fourier_country_k3","imputed_scaled_annual_residual",2.4712,0.0392,2.15740196206816,0.0342223037038977,"WHO annual total 126; observed weeks 16; imputed 126 -> 110"
"GNB",1998-07-06,"AI","fourier_country_k3","imputed_scaled_annual_residual",2.8728,0.0456,2.50800597144279,0.03980961859433,"WHO annual total 126; observed weeks 16; imputed 126 -> 110"
"GNB",1998-07-13,"AI","fourier_country_k3","imputed_scaled_annual_residual",3.3209,0.0527,2.89920531556821,0.0460080460509033,"WHO annual total 126; observed weeks 16; imputed 126 -> 110"
"GNB",1998-07-20,"AI","fourier_country_k3","imputed_scaled_annual_residual",3.8092,0.0605,3.32549998134916,0.0528175860736176,"WHO annual total 126; observed weeks 16; imputed 126 -> 110"
"GNB",1998-07-27,"AI","fourier_country_k3","imputed_scaled_annual_residual",4.3239,0.0686,3.77484232105315,0.059889031481821,"WHO annual total 126; observed weeks 16; imputed 126 -> 110"
"GNB",1998-08-03,"AI","fourier_country_k3","imputed_scaled_annual_residual",4.8431,0.0769,4.22811324153946,0.0671350804803503,"WHO annual total 126; observed weeks 16; imputed 126 -> 110"
"GNB",1998-08-10,"AI","fourier_country_k3","imputed_scaled_annual_residual",5.3386,0.0847,4.66069363657215,0.0739446205030647,"WHO annual total 126; observed weeks 16; imputed 126 -> 110"
"GNB",1998-08-17,"AI","fourier_country_k3","imputed_scaled_annual_residual",5.7784,0.0917,5.04464693169904,0.080055746164475,"WHO annual total 126; observed weeks 16; imputed 126 -> 110"
"GNB",1998-08-24,"AI","fourier_country_k3","imputed_scaled_annual_residual",6.1291,0.0973,5.3508143273357,0.0849446466936032,"WHO annual total 126; observed weeks 16; imputed 126 -> 110"
"GNB",1998-08-31,"AI","fourier_country_k3","imputed_scaled_annual_residual",6.3606,0.101,5.55291798313806,0.0881748131146344,"WHO annual total 126; observed weeks 16; imputed 126 -> 110"
"GNB",1998-09-07,"AI","fourier_country_k3","imputed_scaled_annual_residual",6.4485,0.1024,5.62965626108634,0.0893970382469165,"WHO annual total 126; observed weeks 16; imputed 126 -> 110"
"GNB",1998-09-14,"AI","fourier_country_k3","imputed_scaled_annual_residual",6.3784,0.1012,5.56845770267707,0.0883494167049604,"WHO annual total 126; observed weeks 16; imputed 126 -> 110"
"GNB",1998-09-21,"AI","fourier_country_k3","imputed_scaled_annual_residual",6.1472,0.0976,5.3666159522602,0.0852065520790923,"WHO annual total 126; observed weeks 16; imputed 126 -> 110"
"GNB",1998-09-28,"AI","fourier_country_k3","imputed_scaled_annual_residual",5.7648,0.0915,5.03277388755688,0.079881142574149,"WHO annual total 126; observed weeks 16; imputed 126 -> 110"
"GNB",1998-10-05,"AI","fourier_country_k3","imputed_scaled_annual_residual",5.2536,0.0834,4.5864871106836,0.0728096971659456,"WHO annual total 126; observed weeks 16; imputed 126 -> 110"
"GNB",1998-10-12,"AI","fourier_country_k3","imputed_scaled_annual_residual",4.647,0.0738,4.05691442122481,0.0644287248302972,"WHO annual total 126; observed weeks 16; imputed 126 -> 110"
"GNB",1998-10-19,"AI","fourier_country_k3","imputed_scaled_annual_residual",3.9862,0.0633,3.48002415878768,0.0552620363381818,"WHO annual total 126; observed weeks 16; imputed 126 -> 110"
"GNB",1998-10-26,"AI","fourier_country_k3","imputed_scaled_annual_residual",3.3165,0.0526,2.89536403658104,0.0459207442557403,"WHO annual total 126; observed weeks 16; imputed 126 -> 110"
"GNB",1998-11-02,"AI","fourier_country_k3","imputed_scaled_annual_residual",2.6831,0.0426,2.34239446601857,0.0371905647394399,"WHO annual total 126; observed weeks 16; imputed 126 -> 110"
"GNB",1998-11-09,"AI","fourier_country_k3","imputed_scaled_annual_residual",2.1265,0.0338,1.85647267414129,0.0295080067650955,"WHO annual total 126; observed weeks 16; imputed 126 -> 110"
"GNB",1998-11-16,"AI","fourier_country_k3","imputed_scaled_annual_residual",1.6784,0.0266,1.46527333001587,0.0232222775133592,"WHO annual total 126; observed weeks 16; imputed 126 -> 110"
"GNB",1998-11-23,"AI","fourier_country_k3","imputed_scaled_annual_residual",1.3592,0.0216,1.18660599985556,0.0188571877552089,"WHO annual total 126; observed weeks 16; imputed 126 -> 110"
"GNB",1998-11-30,"AI","fourier_country_k3","imputed_scaled_annual_residual",1.1761,0.0187,1.02675641291209,0.0163254356954818,"WHO annual total 126; observed weeks 16; imputed 126 -> 110"
"GNB",1998-12-07,"AI","fourier_country_k3","imputed_scaled_annual_residual",1.1225,0.0178,0.979962650704724,0.0155397195390148,"WHO annual total 126; observed weeks 16; imputed 126 -> 110"
"GNB",1998-12-14,"AI","fourier_country_k3","imputed_scaled_annual_residual",1.1793,0.0187,1.02955007035731,0.0163254356954818,"WHO annual total 126; observed weeks 16; imputed 126 -> 110"
"GNB",1998-12-21,"AI","fourier_country_k3","imputed_scaled_annual_residual",1.318,0.0209,1.1506376602484,0.0182460751890679,"WHO annual total 126; observed weeks 16; imputed 126 -> 110"
"GNB",1998-12-28,"AI","fourier_country_k3","imputed_scaled_annual_residual",1.318,0.0209,1.1506376602484,0.0182460751890679,"WHO annual total 126; observed weeks 16; imputed 126 -> 110"
"GNB",2003-12-29,"AI","fourier_country_k3","imputed_dropped_annual_accounted",6.6531,0.047,NA,NA,"WHO annual total 155; observed weeks 227; imputed 161.7 -> 0"
"GNB",2004-01-05,"AI","fourier_country_k3","imputed_dropped_annual_accounted",2.6534,0.0514,NA,NA,"WHO annual total 155; observed weeks 227; imputed 161.7 -> 0"
"GNB",2004-01-12,"AI","fourier_country_k3","imputed_dropped_annual_accounted",2.9163,0.0564,NA,NA,"WHO annual total 155; observed weeks 227; imputed 161.7 -> 0"
"GNB",2004-01-19,"AI","fourier_country_k3","imputed_dropped_annual_accounted",3.0919,0.0598,NA,NA,"WHO annual total 155; observed weeks 227; imputed 161.7 -> 0"
"GNB",2004-01-26,"AI","fourier_country_k3","imputed_dropped_annual_accounted",3.1474,0.0609,NA,NA,"WHO annual total 155; observed weeks 227; imputed 161.7 -> 0"
"GNB",2004-02-02,"AI","fourier_country_k3","imputed_dropped_annual_accounted",3.0669,0.0594,NA,NA,"WHO annual total 155; observed weeks 227; imputed 161.7 -> 0"
"GNB",2004-02-09,"AI","fourier_country_k3","imputed_dropped_annual_accounted",2.852,0.0552,NA,NA,"WHO annual total 155; observed weeks 227; imputed 161.7 -> 0"
"GNB",2004-02-16,"AI","fourier_country_k3","imputed_dropped_annual_accounted",2.5205,0.0488,NA,NA,"WHO annual total 155; observed weeks 227; imputed 161.7 -> 0"
"GNB",2004-02-23,"AI","fourier_country_k3","imputed_dropped_annual_accounted",2.1034,0.0407,NA,NA,"WHO annual total 155; observed weeks 227; imputed 161.7 -> 0"
"GNB",2004-03-01,"AI","fourier_country_k3","imputed_dropped_annual_accounted",1.6406,0.0318,NA,NA,"WHO annual total 155; observed weeks 227; imputed 161.7 -> 0"
"GNB",2004-03-08,"AI","fourier_country_k3","imputed_dropped_annual_accounted",1.1757,0.0228,NA,NA,"WHO annual total 155; observed weeks 227; imputed 161.7 -> 0"
"GNB",2004-03-15,"AI","fourier_country_k3","imputed_dropped_annual_accounted",0.7507,0.0145,NA,NA,"WHO annual total 155; observed weeks 227; imputed 161.7 -> 0"
"GNB",2004-03-22,"AI","fourier_country_k3","imputed_dropped_annual_accounted",0.4012,0.0078,NA,NA,"WHO annual total 155; observed weeks 227; imputed 161.7 -> 0"
"GNB",2004-03-29,"AI","fourier_country_k3","imputed_dropped_annual_accounted",0.153,0.003,NA,NA,"WHO annual total 155; observed weeks 227; imputed 161.7 -> 0"
"GNB",2004-04-05,"AI","fourier_country_k3","imputed_dropped_annual_accounted",0.0204,4e-04,NA,NA,"WHO annual total 155; observed weeks 227; imputed 161.7 -> 0"
"GNB",2004-04-12,"AI","fourier_country_k3","imputed_dropped_annual_accounted",0.0053,1e-04,NA,NA,"WHO annual total 155; observed weeks 227; imputed 161.7 -> 0"
"GNB",2004-04-19,"AI","fourier_country_k3","imputed_dropped_annual_accounted",0.0993,0.0019,NA,NA,"WHO annual total 155; observed weeks 227; imputed 161.7 -> 0"
"GNB",2004-04-26,"AI","fourier_country_k3","imputed_dropped_annual_accounted",0.286,0.0055,NA,NA,"WHO annual total 155; observed weeks 227; imputed 161.7 -> 0"
"GNB",2004-05-03,"AI","fourier_country_k3","imputed_dropped_annual_accounted",0.545,0.0105,NA,NA,"WHO annual total 155; observed weeks 227; imputed 161.7 -> 0"
"GNB",2004-05-10,"AI","fourier_country_k3","imputed_dropped_annual_accounted",0.8555,0.0166,NA,NA,"WHO annual total 155; observed weeks 227; imputed 161.7 -> 0"
"GNB",2004-05-17,"AI","fourier_country_k3","imputed_dropped_annual_accounted",1.2001,0.0232,NA,NA,"WHO annual total 155; observed weeks 227; imputed 161.7 -> 0"
"GNB",2004-05-24,"AI","fourier_country_k3","imputed_dropped_annual_accounted",1.5677,0.0303,NA,NA,"WHO annual total 155; observed weeks 227; imputed 161.7 -> 0"
"GNB",2004-05-31,"AI","fourier_country_k3","imputed_dropped_annual_accounted",1.955,0.0378,NA,NA,"WHO annual total 155; observed weeks 227; imputed 161.7 -> 0"
"GNB",2004-06-07,"AI","fourier_country_k3","imputed_dropped_annual_accounted",2.3662,0.0458,NA,NA,"WHO annual total 155; observed weeks 227; imputed 161.7 -> 0"
"GNB",2004-06-14,"AI","fourier_country_k3","imputed_dropped_annual_accounted",2.812,0.0544,NA,NA,"WHO annual total 155; observed weeks 227; imputed 161.7 -> 0"
"GNB",2004-06-21,"AI","fourier_country_k3","imputed_dropped_annual_accounted",3.3062,0.064,NA,NA,"WHO annual total 155; observed weeks 227; imputed 161.7 -> 0"
"GNB",2004-06-28,"AI","fourier_country_k3","imputed_dropped_annual_accounted",3.8625,0.0748,NA,NA,"WHO annual total 155; observed weeks 227; imputed 161.7 -> 0"
"GNB",2004-07-05,"AI","fourier_country_k3","imputed_dropped_annual_accounted",4.4902,0.0869,NA,NA,"WHO annual total 155; observed weeks 227; imputed 161.7 -> 0"
"GNB",2004-07-12,"AI","fourier_country_k3","imputed_dropped_annual_accounted",5.1905,0.1005,NA,NA,"WHO annual total 155; observed weeks 227; imputed 161.7 -> 0"
"GNB",2004-07-19,"AI","fourier_country_k3","imputed_dropped_annual_accounted",5.9538,0.1152,NA,NA,"WHO annual total 155; observed weeks 227; imputed 161.7 -> 0"
"GNB",2004-07-26,"AI","fourier_country_k3","imputed_dropped_annual_accounted",6.7582,0.1308,NA,NA,"WHO annual total 155; observed weeks 227; imputed 161.7 -> 0"
"GNB",2004-08-02,"AI","fourier_country_k3","imputed_dropped_annual_accounted",7.5697,0.1465,NA,NA,"WHO annual total 155; observed weeks 227; imputed 161.7 -> 0"
"GNB",2004-08-09,"AI","fourier_country_k3","imputed_dropped_annual_accounted",8.3442,0.1615,NA,NA,"WHO annual total 155; observed weeks 227; imputed 161.7 -> 0"
"GNB",2004-08-16,"AI","fourier_country_k3","imputed_dropped_annual_accounted",9.0315,0.1748,NA,NA,"WHO annual total 155; observed weeks 227; imputed 161.7 -> 0"
"GNB",2004-08-23,"AI","fourier_country_k3","imputed_dropped_annual_accounted",9.5798,0.1854,NA,NA,"WHO annual total 155; observed weeks 227; imputed 161.7 -> 0"
"GNB",2004-08-30,"AI","fourier_country_k3","imputed_dropped_annual_accounted",9.9415,0.1924,NA,NA,"WHO annual total 155; observed weeks 227; imputed 161.7 -> 0"
"GNB",2004-09-06,"AI","fourier_country_k3","imputed_dropped_annual_accounted",10.079,0.1951,NA,NA,"WHO annual total 155; observed weeks 227; imputed 161.7 -> 0"
"GNB",2004-09-13,"AI","fourier_country_k3","imputed_dropped_annual_accounted",9.9693,0.193,NA,NA,"WHO annual total 155; observed weeks 227; imputed 161.7 -> 0"
"GNB",2004-09-20,"AI","fourier_country_k3","imputed_dropped_annual_accounted",9.608,0.186,NA,NA,"WHO annual total 155; observed weeks 227; imputed 161.7 -> 0"
"GNB",2004-09-27,"AI","fourier_country_k3","imputed_dropped_annual_accounted",9.0103,0.1744,NA,NA,"WHO annual total 155; observed weeks 227; imputed 161.7 -> 0"
"GNB",2004-12-20,"AI","fourier_country_k3","imputed_dropped_annual_accounted",2.06,0.0399,NA,NA,"WHO annual total 155; observed weeks 227; imputed 161.7 -> 0"
"GNB",2004-12-27,"AI","fourier_country_k3","imputed_dropped_annual_accounted",2.06,0.0399,NA,NA,"WHO annual total 155; observed weeks 227; imputed 161.7 -> 0"
"GNB",2005-01-03,"AI","fourier_country_k3","imputed_dropped_annual_accounted",267.3209,4.2476,NA,NA,"WHO annual total 25111; observed weeks 25240; imputed 3622 -> 0"
"GNB",2005-01-10,"AI","fourier_country_k3","imputed_dropped_annual_accounted",301.8999,4.797,NA,NA,"WHO annual total 25111; observed weeks 25240; imputed 3622 -> 0"
"GNB",2005-01-17,"AI","fourier_country_k3","imputed_dropped_annual_accounted",331.8128,5.2723,NA,NA,"WHO annual total 25111; observed weeks 25240; imputed 3622 -> 0"
"GNB",2005-01-24,"AI","fourier_country_k3","imputed_dropped_annual_accounted",351.7846,5.5897,NA,NA,"WHO annual total 25111; observed weeks 25240; imputed 3622 -> 0"
"GNB",2005-01-31,"AI","fourier_country_k3","imputed_dropped_annual_accounted",358.1029,5.6901,NA,NA,"WHO annual total 25111; observed weeks 25240; imputed 3622 -> 0"
"GNB",2005-02-07,"AI","fourier_country_k3","imputed_dropped_annual_accounted",348.9492,5.5446,NA,NA,"WHO annual total 25111; observed weeks 25240; imputed 3622 -> 0"
"GNB",2005-02-14,"AI","fourier_country_k3","imputed_dropped_annual_accounted",324.4971,5.1561,NA,NA,"WHO annual total 25111; observed weeks 25240; imputed 3622 -> 0"
"GNB",2005-02-21,"AI","fourier_country_k3","imputed_dropped_annual_accounted",286.7742,4.5567,NA,NA,"WHO annual total 25111; observed weeks 25240; imputed 3622 -> 0"
"GNB",2005-02-28,"AI","fourier_country_k3","imputed_dropped_annual_accounted",239.3162,3.8026,NA,NA,"WHO annual total 25111; observed weeks 25240; imputed 3622 -> 0"
"GNB",2005-03-07,"AI","fourier_country_k3","imputed_dropped_annual_accounted",186.6634,2.966,NA,NA,"WHO annual total 25111; observed weeks 25240; imputed 3622 -> 0"
"GNB",2005-03-14,"AI","fourier_country_k3","imputed_dropped_annual_accounted",133.7715,2.1256,NA,NA,"WHO annual total 25111; observed weeks 25240; imputed 3622 -> 0"
"GNB",2005-03-21,"AI","fourier_country_k3","imputed_dropped_annual_accounted",85.4128,1.3572,NA,NA,"WHO annual total 25111; observed weeks 25240; imputed 3622 -> 0"
"GNB",2005-03-28,"AI","fourier_country_k3","imputed_dropped_annual_accounted",45.645,0.7253,NA,NA,"WHO annual total 25111; observed weeks 25240; imputed 3622 -> 0"
"GNB",2005-04-04,"AI","fourier_country_k3","imputed_dropped_annual_accounted",17.4113,0.2767,NA,NA,"WHO annual total 25111; observed weeks 25240; imputed 3622 -> 0"
"GNB",2005-04-11,"AI","fourier_country_k3","imputed_dropped_annual_accounted",2.3169,0.0368,NA,NA,"WHO annual total 25111; observed weeks 25240; imputed 3622 -> 0"
"GNB",2005-04-18,"AI","fourier_country_k3","imputed_dropped_annual_accounted",0.6009,0.0095,NA,NA,"WHO annual total 25111; observed weeks 25240; imputed 3622 -> 0"
"GNB",2005-04-25,"AI","fourier_country_k3","imputed_dropped_annual_accounted",11.2964,0.1795,NA,NA,"WHO annual total 25111; observed weeks 25240; imputed 3622 -> 0"
"GNB",2005-05-02,"AI","fourier_country_k3","imputed_dropped_annual_accounted",32.5447,0.5171,NA,NA,"WHO annual total 25111; observed weeks 25240; imputed 3622 -> 0"
"GNB",2005-05-09,"AI","fourier_country_k3","imputed_dropped_annual_accounted",62.0106,0.9853,NA,NA,"WHO annual total 25111; observed weeks 25240; imputed 3622 -> 0"
"GNB",2005-05-16,"AI","fourier_country_k3","imputed_dropped_annual_accounted",97.3331,1.5466,NA,NA,"WHO annual total 25111; observed weeks 25240; imputed 3622 -> 0"
"GNB",2005-05-23,"AI","fourier_country_k3","imputed_dropped_annual_accounted",136.5406,2.1696,NA,NA,"WHO annual total 25111; observed weeks 25240; imputed 3622 -> 0"
"GNB",2006-01-30,"AI","fourier_country_k3","imputed_scaled_annual_residual",358.1029,5.6901,357.402991909834,5.67897876355133,"WHO annual total 37; observed weeks 42; imputed 21489 -> 21447"
"GNB",2006-02-06,"AI","fourier_country_k3","imputed_scaled_annual_residual",348.9492,5.5446,348.267182713524,5.53376314166476,"WHO annual total 37; observed weeks 42; imputed 21489 -> 21447"
"GNB",2006-02-13,"AI","fourier_country_k3","imputed_scaled_annual_residual",324.4971,5.1561,323.862874067941,5.14602246054498,"WHO annual total 37; observed weeks 42; imputed 21489 -> 21447"
"GNB",2006-02-20,"AI","fourier_country_k3","imputed_scaled_annual_residual",286.7742,4.5567,286.21370305169,4.54779398110303,"WHO annual total 37; observed weeks 42; imputed 21489 -> 21447"
"GNB",2006-02-27,"AI","fourier_country_k3","imputed_scaled_annual_residual",239.3162,3.8026,238.84845917889,3.79516786107103,"WHO annual total 37; observed weeks 42; imputed 21489 -> 21447"
"GNB",2006-03-06,"AI","fourier_country_k3","imputed_scaled_annual_residual",186.6634,2.966,186.29856848426,2.96020298636109,"WHO annual total 37; observed weeks 42; imputed 21489 -> 21447"
"GNB",2006-03-13,"AI","fourier_country_k3","imputed_scaled_annual_residual",133.7715,2.1256,133.51004510789,2.12144553870841,"WHO annual total 37; observed weeks 42; imputed 21489 -> 21447"
"GNB",2006-03-20,"AI","fourier_country_k3","imputed_scaled_annual_residual",85.4128,1.3572,85.2458616431094,1.35454736786557,"WHO annual total 37; observed weeks 42; imputed 21489 -> 21447"
"GNB",2006-03-27,"AI","fourier_country_k3","imputed_scaled_annual_residual",45.645,0.7253,45.5557873609076,0.723882409308057,"WHO annual total 37; observed weeks 42; imputed 21489 -> 21447"
"GNB",2006-04-03,"AI","fourier_country_k3","imputed_scaled_annual_residual",17.4113,0.2767,17.3772698099895,0.276159192962277,"WHO annual total 37; observed weeks 42; imputed 21489 -> 21447"
"GNB",2006-04-10,"AI","fourier_country_k3","imputed_scaled_annual_residual",2.3169,0.0368,2.31237164501012,0.0367280748139205,"WHO annual total 37; observed weeks 42; imputed 21489 -> 21447"
"GNB",2006-04-17,"AI","fourier_country_k3","imputed_scaled_annual_residual",0.6009,0.0095,0.599725547708826,0.00948143235685447,"WHO annual total 37; observed weeks 42; imputed 21489 -> 21447"
"GNB",2006-04-24,"AI","fourier_country_k3","imputed_scaled_annual_residual",11.2964,0.1795,11.2743213132601,0.179149169268987,"WHO annual total 37; observed weeks 42; imputed 21489 -> 21447"
"GNB",2006-05-01,"AI","fourier_country_k3","imputed_scaled_annual_residual",32.5447,0.5171,32.4810917499075,0.516089333866257,"WHO annual total 37; observed weeks 42; imputed 21489 -> 21447"
"GNB",2006-05-08,"AI","fourier_country_k3","imputed_scaled_annual_residual",62.0106,0.9853,61.8894009797852,0.983374242232495,"WHO annual total 37; observed weeks 42; imputed 21489 -> 21447"
"GNB",2006-05-15,"AI","fourier_country_k3","imputed_scaled_annual_residual",97.3331,1.5466,97.142863550837,1.54357718769591,"WHO annual total 37; observed weeks 42; imputed 21489 -> 21447"
"GNB",2006-05-22,"AI","fourier_country_k3","imputed_scaled_annual_residual",136.5406,2.1696,136.273732933087,2.16535954120331,"WHO annual total 37; observed weeks 42; imputed 21489 -> 21447"
"GNB",2006-05-29,"AI","fourier_country_k3","imputed_scaled_annual_residual",178.3689,2.8342,178.020279991215,2.82866058797862,"WHO annual total 37; observed weeks 42; imputed 21489 -> 21447"
"GNB",2006-06-05,"AI","fourier_country_k3","imputed_scaled_annual_residual",222.4323,3.5343,221.997558571533,3.52739225040324,"WHO annual total 37; observed weeks 42; imputed 21489 -> 21447"
"GNB",2006-06-12,"AI","fourier_country_k3","imputed_scaled_annual_residual",269.2241,4.2778,268.697904524739,4.269439088016,"WHO annual total 37; observed weeks 42; imputed 21489 -> 21447"
"GNB",2006-06-19,"AI","fourier_country_k3","imputed_scaled_annual_residual",319.9434,5.0837,319.318074223372,5.07376396553064,"WHO annual total 37; observed weeks 42; imputed 21489 -> 21447"
"GNB",2006-06-26,"AI","fourier_country_k3","imputed_scaled_annual_residual",376.1751,5.9772,375.439869998207,5.96551762983058,"WHO annual total 37; observed weeks 42; imputed 21489 -> 21447"
"GNB",2006-07-03,"AI","fourier_country_k3","imputed_scaled_annual_residual",439.4692,6.9829,438.610262391679,6.96925200049253,"WHO annual total 37; observed weeks 42; imputed 21489 -> 21447"
"GNB",2006-07-10,"AI","fourier_country_k3","imputed_scaled_annual_residual",510.8838,8.1177,509.885283359238,8.10183404665658,"WHO annual total 37; observed weeks 42; imputed 21489 -> 21447"
"GNB",2006-07-17,"AI","fourier_country_k3","imputed_scaled_annual_residual",590.5621,9.3837,589.407853018097,9.36535966389634,"WHO annual total 37; observed weeks 42; imputed 21489 -> 21447"
"GNB",2006-07-24,"AI","fourier_country_k3","imputed_scaled_annual_residual",677.4098,10.7637,676.085810165296,10.7426624694184,"WHO annual total 37; observed weeks 42; imputed 21489 -> 21447"
"GNB",2006-07-31,"AI","fourier_country_k3","imputed_scaled_annual_residual",768.9316,12.2179,767.428731836618,12.194020251875,"WHO annual total 37; observed weeks 42; imputed 21489 -> 21447"
"GNB",2006-08-07,"AI","fourier_country_k3","imputed_scaled_annual_residual",861.2597,13.6849,859.57637760366,13.6581530168755,"WHO annual total 37; observed weeks 42; imputed 21489 -> 21447"
"GNB",2006-08-14,"AI","fourier_country_k3","imputed_scaled_annual_residual",949.3869,15.0852,947.5313339825,15.0557161462759,"WHO annual total 37; observed weeks 42; imputed 21489 -> 21447"
"GNB",2006-08-21,"AI","fourier_country_k3","imputed_scaled_annual_residual",1027.5847,16.3278,1025.57629726196,16.2958874985525,"WHO annual total 37; observed weeks 42; imputed 21489 -> 21447"
"GNB",2006-08-28,"AI","fourier_country_k3","imputed_scaled_annual_residual",1089.9656,17.319,1087.83527449456,17.2851502093013,"WHO annual total 37; observed weeks 42; imputed 21489 -> 21447"
"GNB",2006-09-04,"AI","fourier_country_k3","imputed_scaled_annual_residual",1131.1217,17.9729,1128.91093536002,17.9377721691063,"WHO annual total 37; observed weeks 42; imputed 21489 -> 21447"
"GNB",2006-09-11,"AI","fourier_country_k3","imputed_scaled_annual_residual",1146.7655,18.2215,1144.52415972888,18.1858862832025,"WHO annual total 37; observed weeks 42; imputed 21489 -> 21447"
"GNB",2006-09-18,"AI","fourier_country_k3","imputed_scaled_annual_residual",1134.2894,18.0232,1132.072444126,17.987973858322,"WHO annual total 37; observed weeks 42; imputed 21489 -> 21447"
"GNB",2006-09-25,"AI","fourier_country_k3","imputed_scaled_annual_residual",1093.1714,17.3699,1091.03480879452,17.3359507258238,"WHO annual total 37; observed weeks 42; imputed 21489 -> 21447"
"GNB",2006-10-02,"AI","fourier_country_k3","imputed_scaled_annual_residual",1025.1689,16.2894,1023.16521891588,16.2575625509205,"WHO annual total 37; observed weeks 42; imputed 21489 -> 21447"
"GNB",2006-10-09,"AI","fourier_country_k3","imputed_scaled_annual_residual",934.2697,14.845,932.443680379865,14.8159856144742,"WHO annual total 37; observed weeks 42; imputed 21489 -> 21447"
"GNB",2006-10-16,"AI","fourier_country_k3","imputed_scaled_annual_residual",826.3945,13.131,824.779321244902,13.1053356081954,"WHO annual total 37; observed weeks 42; imputed 21489 -> 21447"
"GNB",2006-10-23,"AI","fourier_country_k3","imputed_scaled_annual_residual",708.8794,11.2637,707.493903186061,11.2416852250423,"WHO annual total 37; observed weeks 42; imputed 21489 -> 21447"
"GNB",2006-10-30,"AI","fourier_country_k3","imputed_scaled_annual_residual",589.7911,9.3715,588.638359928925,9.35318350865912,"WHO annual total 37; observed weeks 42; imputed 21489 -> 21447"
"GNB",2006-11-06,"AI","fourier_country_k3","imputed_scaled_annual_residual",477.1508,7.5817,476.218214128315,7.56688165262774,"WHO annual total 37; observed weeks 42; imputed 21489 -> 21447"
"GNB",2006-11-13,"AI","fourier_country_k3","imputed_scaled_annual_residual",378.1532,6.0086,377.414103824006,5.99685625888376,"WHO annual total 37; observed weeks 42; imputed 21489 -> 21447"
"GNB",2006-11-20,"AI","fourier_country_k3","imputed_scaled_annual_residual",298.4707,4.7425,297.887342374,4.73323083709287,"WHO annual total 37; observed weeks 42; imputed 21489 -> 21447"
"GNB",2006-11-27,"AI","fourier_country_k3","imputed_scaled_annual_residual",241.7196,3.8408,241.247161760623,3.8332931996007,"WHO annual total 37; observed weeks 42; imputed 21489 -> 21447"
"GNB",2006-12-04,"AI","fourier_country_k3","imputed_scaled_annual_residual",209.153,3.3233,208.744212814019,3.31680464752994,"WHO annual total 37; observed weeks 42; imputed 21489 -> 21447"
"GNB",2006-12-11,"AI","fourier_country_k3","imputed_scaled_annual_residual",199.6092,3.1717,199.219066063772,3.16550094802477,"WHO annual total 37; observed weeks 42; imputed 21489 -> 21447"
"GNB",2006-12-18,"AI","fourier_country_k3","imputed_scaled_annual_residual",209.7246,3.3324,209.314695628248,3.3258868616823,"WHO annual total 37; observed weeks 42; imputed 21489 -> 21447"
"GNB",2006-12-25,"AI","fourier_country_k3","imputed_scaled_annual_residual",234.3788,3.7241,233.920709271655,3.71682128843808,"WHO annual total 37; observed weeks 42; imputed 21489 -> 21447"
"GNB",2007-01-01,"AI","fourier_country_k3","imputed_scaled_annual_residual",2.0959,0.1096,1.1111170015374,0.0581031649260457,"WHO annual total 153; observed weeks 73; imputed 150.9 -> 80"
"GNB",2007-01-08,"AI","fourier_country_k3","imputed_scaled_annual_residual",2.367,0.1238,1.25483751259079,0.0656311297248582,"WHO annual total 153; observed weeks 73; imputed 150.9 -> 80"
"GNB",2007-01-15,"AI","fourier_country_k3","imputed_scaled_annual_residual",2.6015,0.136,1.37915495944442,0.0720988177914436,"WHO annual total 153; observed weeks 73; imputed 150.9 -> 80"
"GNB",2007-01-22,"AI","fourier_country_k3","imputed_scaled_annual_residual",2.7581,0.1442,1.4621746275778,0.0764459523935747,"WHO annual total 153; observed weeks 73; imputed 150.9 -> 80"
"GNB",2007-01-29,"AI","fourier_country_k3","imputed_scaled_annual_residual",2.8077,0.1468,1.48846949053703,0.07782431214547,"WHO annual total 153; observed weeks 73; imputed 150.9 -> 80"
"GNB",2007-02-05,"AI","fourier_country_k3","imputed_scaled_annual_residual",2.7359,0.1431,1.45040555585008,0.0758628001908498,"WHO annual total 153; observed weeks 73; imputed 150.9 -> 80"
"GNB",2007-02-12,"AI","fourier_country_k3","imputed_scaled_annual_residual",2.5442,0.133,1.34877803106611,0.0705084026931029,"WHO annual total 153; observed weeks 73; imputed 150.9 -> 80"
"GNB",2007-02-19,"AI","fourier_country_k3","imputed_scaled_annual_residual",2.2484,0.1176,1.19196310236972,0.0623442718549541,"WHO annual total 153; observed weeks 73; imputed 150.9 -> 80"
"GNB",2007-02-26,"AI","fourier_country_k3","imputed_scaled_annual_residual",1.8763,0.0981,0.994698616338865,0.0520065737157398,"WHO annual total 153; observed weeks 73; imputed 150.9 -> 80"
"GNB",2007-03-05,"AI","fourier_country_k3","imputed_scaled_annual_residual",1.4635,0.0765,0.775857498807189,0.040555585007687,"WHO annual total 153; observed weeks 73; imputed 150.9 -> 80"
"GNB",2007-03-12,"AI","fourier_country_k3","imputed_scaled_annual_residual",1.0488,0.0548,0.556009118379897,0.0290515824630229,"WHO annual total 153; observed weeks 73; imputed 150.9 -> 80"
"GNB",2007-03-19,"AI","fourier_country_k3","imputed_scaled_annual_residual",0.6697,0.035,0.355033663786248,0.0185548428139745,"WHO annual total 153; observed weeks 73; imputed 150.9 -> 80"
"GNB",2007-03-26,"AI","fourier_country_k3","imputed_scaled_annual_residual",0.3579,0.0187,0.189736521232042,0.00991358744632349,"WHO annual total 153; observed weeks 73; imputed 150.9 -> 80"
"GNB",2007-04-02,"AI","fourier_country_k3","imputed_scaled_annual_residual",0.1365,0.0071,0.0723638869745004,0.00376398239940625,"WHO annual total 153; observed weeks 73; imputed 150.9 -> 80"
"GNB",2007-04-09,"AI","fourier_country_k3","imputed_scaled_annual_residual",0.0182,9e-04,0.00964851826326671,0.0004771245295022,"WHO annual total 153; observed weeks 73; imputed 150.9 -> 80"
"GNB",2007-04-16,"AI","fourier_country_k3","imputed_scaled_annual_residual",0.0047,2e-04,0.00249165032073371,0.000106027673222711,"WHO annual total 153; observed weeks 73; imputed 150.9 -> 80"
"GNB",2007-04-23,"AI","fourier_country_k3","imputed_scaled_annual_residual",0.0886,0.0046,0.046970259237661,0.00243863648412236,"WHO annual total 153; observed weeks 73; imputed 150.9 -> 80"
"GNB",2007-04-30,"AI","fourier_country_k3","imputed_scaled_annual_residual",0.2552,0.0133,0.135291311032179,0.00705084026931029,"WHO annual total 153; observed weeks 73; imputed 150.9 -> 80"
"GNB",2007-05-07,"AI","fourier_country_k3","imputed_scaled_annual_residual",0.4862,0.0254,0.257753273604411,0.0134655144992843,"WHO annual total 153; observed weeks 73; imputed 150.9 -> 80"
"GNB",2007-05-14,"AI","fourier_country_k3","imputed_scaled_annual_residual",0.7631,0.0399,0.404548587181254,0.0211525208079309,"WHO annual total 153; observed weeks 73; imputed 150.9 -> 80"
"GNB",2007-05-21,"AI","fourier_country_k3","imputed_scaled_annual_residual",1.0705,0.056,0.567513120924561,0.0296877485023591,"WHO annual total 153; observed weeks 73; imputed 150.9 -> 80"
"GNB",2007-05-28,"AI","fourier_country_k3","imputed_scaled_annual_residual",1.3985,0.0731,0.741398505009808,0.0387531145629009,"WHO annual total 153; observed weeks 73; imputed 150.9 -> 80"
"GNB",2007-06-04,"AI","fourier_country_k3","imputed_scaled_annual_residual",1.7439,0.0912,0.92450829666543,0.0483486189895563,"WHO annual total 153; observed weeks 73; imputed 150.9 -> 80"
"GNB",2007-06-11,"AI","fourier_country_k3","imputed_scaled_annual_residual",2.1108,0.1104,1.11901606319249,0.0585272756189365,"WHO annual total 153; observed weeks 73; imputed 150.9 -> 80"
"GNB",2007-06-18,"AI","fourier_country_k3","imputed_scaled_annual_residual",2.5085,0.1312,1.32985209139585,0.0695541536340985,"WHO annual total 153; observed weeks 73; imputed 150.9 -> 80"
"GNB",2007-06-25,"AI","fourier_country_k3","imputed_scaled_annual_residual",2.9493,0.1542,1.56353708317871,0.0817473360547103,"WHO annual total 153; observed weeks 73; imputed 150.9 -> 80"
"GNB",2007-07-02,"AI","fourier_country_k3","imputed_scaled_annual_residual",3.4456,0.1802,1.82664475428087,0.0955309335736627,"WHO annual total 153; observed weeks 73; imputed 150.9 -> 80"
"GNB",2007-07-09,"AI","fourier_country_k3","imputed_scaled_annual_residual",4.0055,0.2094,2.12346922546785,0.111010973864179,"WHO annual total 153; observed weeks 73; imputed 150.9 -> 80"
"GNB",2007-07-16,"AI","fourier_country_k3","imputed_scaled_annual_residual",4.6302,0.2421,2.45464666277899,0.128346498436092,"WHO annual total 153; observed weeks 73; imputed 150.9 -> 80"
"GNB",2007-07-23,"AI","fourier_country_k3","imputed_scaled_annual_residual",5.3111,0.2777,2.81561787626571,0.147219424269734,"WHO annual total 153; observed weeks 73; imputed 150.9 -> 80"
"GNB",2007-07-30,"AI","fourier_country_k3","imputed_scaled_annual_residual",6.0287,0.3152,3.19604516778879,0.167099612998993,"WHO annual total 153; observed weeks 73; imputed 150.9 -> 80"
"GNB",2007-08-06,"AI","fourier_country_k3","imputed_scaled_annual_residual",6.7526,0.3531,3.5798123310184,0.187191857074697,"WHO annual total 153; observed weeks 73; imputed 150.9 -> 80"
"GNB",2007-08-13,"AI","fourier_country_k3","imputed_scaled_annual_residual",7.4435,0.3892,3.94608492816625,0.206329852091396,"WHO annual total 153; observed weeks 73; imputed 150.9 -> 80"
"GNB",2007-08-20,"AI","fourier_country_k3","imputed_scaled_annual_residual",8.0566,0.4213,4.27111276043047,0.223347293643641,"WHO annual total 153; observed weeks 73; imputed 150.9 -> 80"
"GNB",2007-08-27,"AI","fourier_country_k3","imputed_scaled_annual_residual",8.5457,0.4468,4.53040343529661,0.236865821979537,"WHO annual total 153; observed weeks 73; imputed 150.9 -> 80"
"GNB",2007-09-03,"AI","fourier_country_k3","imputed_scaled_annual_residual",8.8684,0.4637,4.70147908604146,0.245825160366856,"WHO annual total 153; observed weeks 73; imputed 150.9 -> 80"
"GNB",2007-09-10,"AI","fourier_country_k3","imputed_scaled_annual_residual",8.991,0.4701,4.76647404972698,0.249218045909983,"WHO annual total 153; observed weeks 73; imputed 150.9 -> 80"
"GNB",2007-09-17,"AI","fourier_country_k3","imputed_scaled_annual_residual",8.8932,0.465,4.71462651752107,0.246514340242803,"WHO annual total 153; observed weeks 73; imputed 150.9 -> 80"
"GNB",2007-09-24,"AI","fourier_country_k3","imputed_scaled_annual_residual",8.5709,0.4481,4.54376292212267,0.237555001855484,"WHO annual total 153; observed weeks 73; imputed 150.9 -> 80"
"GNB",2007-10-29,"AI","fourier_country_k3","imputed_scaled_annual_residual",4.6242,0.2418,2.4514658325823,0.128187456926258,"WHO annual total 153; observed weeks 73; imputed 150.9 -> 80"
"GNB",2007-11-05,"AI","fourier_country_k3","imputed_scaled_annual_residual",3.741,0.1956,1.98324762763081,0.103695064411811,"WHO annual total 153; observed weeks 73; imputed 150.9 -> 80"
"GNB",2007-11-12,"AI","fourier_country_k3","imputed_scaled_annual_residual",2.9649,0.155,1.57180724169008,0.0821714467476011,"WHO annual total 153; observed weeks 73; imputed 150.9 -> 80"
"GNB",2007-11-19,"AI","fourier_country_k3","imputed_scaled_annual_residual",2.3401,0.1224,1.24057679054233,0.0648889360122992,"WHO annual total 153; observed weeks 73; imputed 150.9 -> 80"
"GNB",2007-11-26,"AI","fourier_country_k3","imputed_scaled_annual_residual",1.8952,0.0991,1.00471823145841,0.0525367120818534,"WHO annual total 153; observed weeks 73; imputed 150.9 -> 80"
"GNB",2007-12-03,"AI","fourier_country_k3","imputed_scaled_annual_residual",1.6398,0.0857,0.869320892753009,0.0454328579759317,"WHO annual total 153; observed weeks 73; imputed 150.9 -> 80"
"GNB",2007-12-10,"AI","fourier_country_k3","imputed_scaled_annual_residual",1.565,0.0818,0.829666542967715,0.0433653183480889,"WHO annual total 153; observed weeks 73; imputed 150.9 -> 80"
"GNB",2007-12-17,"AI","fourier_country_k3","imputed_scaled_annual_residual",1.6443,0.086,0.87170651540052,0.0455918994857658,"WHO annual total 153; observed weeks 73; imputed 150.9 -> 80"
"GNB",2007-12-24,"AI","fourier_country_k3","imputed_scaled_annual_residual",1.8376,0.0961,0.97418226157027,0.0509462969835127,"WHO annual total 153; observed weeks 73; imputed 150.9 -> 80"
"GNB",2007-12-31,"AI","fourier_country_k3","imputed_dropped_annual_accounted",2.0959,0.1096,NA,NA,"WHO annual total 14323; observed weeks 15621; imputed 2.1 -> 0"
"GNB",2009-01-05,"AI","fourier_country_k3","imputed_scaled_annual_residual",0.0665,0,0.0266015959361626,0,"WHO annual total 5; observed weeks 3; imputed 5 -> 2"
"GNB",2009-01-12,"AI","fourier_country_k3","imputed_scaled_annual_residual",0.0731,0,0.0292417543298268,0,"WHO annual total 5; observed weeks 3; imputed 5 -> 2"
"GNB",2009-01-19,"AI","fourier_country_k3","imputed_scaled_annual_residual",0.0775,0,0.031001859925603,0,"WHO annual total 5; observed weeks 3; imputed 5 -> 2"
"GNB",2009-01-26,"AI","fourier_country_k3","imputed_scaled_annual_residual",0.0788,0,0.031521891124355,0,"WHO annual total 5; observed weeks 3; imputed 5 -> 2"
"GNB",2009-02-02,"AI","fourier_country_k3","imputed_scaled_annual_residual",0.0768,0,0.030721843126275,0,"WHO annual total 5; observed weeks 3; imputed 5 -> 2"
"GNB",2009-02-09,"AI","fourier_country_k3","imputed_scaled_annual_residual",0.0714,0,0.0285617135314587,0,"WHO annual total 5; observed weeks 3; imputed 5 -> 2"
"GNB",2009-02-16,"AI","fourier_country_k3","imputed_scaled_annual_residual",0.0631,0,0.0252415143394264,0,"WHO annual total 5; observed weeks 3; imputed 5 -> 2"
"GNB",2009-02-23,"AI","fourier_country_k3","imputed_scaled_annual_residual",0.0527,0,0.02108126474941,0,"WHO annual total 5; observed weeks 3; imputed 5 -> 2"
"GNB",2009-03-02,"AI","fourier_country_k3","imputed_scaled_annual_residual",0.0411,0,0.0164409863605456,0,"WHO annual total 5; observed weeks 3; imputed 5 -> 2"
"GNB",2009-03-09,"AI","fourier_country_k3","imputed_scaled_annual_residual",0.0295,0,0.0118007079716811,0,"WHO annual total 5; observed weeks 3; imputed 5 -> 2"
"GNB",2009-03-16,"AI","fourier_country_k3","imputed_scaled_annual_residual",0.0188,0,0.00752045118195272,0,"WHO annual total 5; observed weeks 3; imputed 5 -> 2"
"GNB",2009-03-23,"AI","fourier_country_k3","imputed_scaled_annual_residual",0.0101,0,0.00404024239030439,0,"WHO annual total 5; observed weeks 3; imputed 5 -> 2"
"GNB",2009-03-30,"AI","fourier_country_k3","imputed_scaled_annual_residual",0.0038,0,0.00152009119635215,0,"WHO annual total 5; observed weeks 3; imputed 5 -> 2"
"GNB",2009-04-06,"AI","fourier_country_k3","imputed_scaled_annual_residual",5e-04,0,0.000200011999520019,0,"WHO annual total 5; observed weeks 3; imputed 5 -> 2"
"GNB",2009-04-13,"AI","fourier_country_k3","imputed_scaled_annual_residual",1e-04,0,4.00023999040038e-05,0,"WHO annual total 5; observed weeks 3; imputed 5 -> 2"
"GNB",2009-04-20,"AI","fourier_country_k3","imputed_scaled_annual_residual",0.0025,0,0.0010000599976001,0,"WHO annual total 5; observed weeks 3; imputed 5 -> 2"
"GNB",2009-04-27,"AI","fourier_country_k3","imputed_scaled_annual_residual",0.0072,0,0.00288017279308828,0,"WHO annual total 5; observed weeks 3; imputed 5 -> 2"
"GNB",2009-05-04,"AI","fourier_country_k3","imputed_scaled_annual_residual",0.0137,0,0.00548032878684853,0,"WHO annual total 5; observed weeks 3; imputed 5 -> 2"
"GNB",2009-05-11,"AI","fourier_country_k3","imputed_scaled_annual_residual",0.0214,0,0.00856051357945682,0,"WHO annual total 5; observed weeks 3; imputed 5 -> 2"
"GNB",2009-05-18,"AI","fourier_country_k3","imputed_scaled_annual_residual",0.0301,0,0.0120407223711052,0,"WHO annual total 5; observed weeks 3; imputed 5 -> 2"
"GNB",2009-05-25,"AI","fourier_country_k3","imputed_scaled_annual_residual",0.0393,0,0.0157209431622735,0,"WHO annual total 5; observed weeks 3; imputed 5 -> 2"
"GNB",2009-06-01,"AI","fourier_country_k3","imputed_scaled_annual_residual",0.049,0,0.0196011759529619,0,"WHO annual total 5; observed weeks 3; imputed 5 -> 2"
"GNB",2009-06-08,"AI","fourier_country_k3","imputed_scaled_annual_residual",0.0593,0,0.0237214231430743,0,"WHO annual total 5; observed weeks 3; imputed 5 -> 2"
"GNB",2009-06-15,"AI","fourier_country_k3","imputed_scaled_annual_residual",0.0704,0,0.0281616895324187,0,"WHO annual total 5; observed weeks 3; imputed 5 -> 2"
"GNB",2009-06-22,"AI","fourier_country_k3","imputed_scaled_annual_residual",0.0828,0,0.0331219871205152,0,"WHO annual total 5; observed weeks 3; imputed 5 -> 2"
"GNB",2009-06-29,"AI","fourier_country_k3","imputed_scaled_annual_residual",0.0968,0,0.0387223231070757,0,"WHO annual total 5; observed weeks 3; imputed 5 -> 2"
"GNB",2009-07-06,"AI","fourier_country_k3","imputed_scaled_annual_residual",0.1125,0,0.0450026998920043,0,"WHO annual total 5; observed weeks 3; imputed 5 -> 2"
"GNB",2009-07-13,"AI","fourier_country_k3","imputed_scaled_annual_residual",0.13,0,0.052003119875205,0,"WHO annual total 5; observed weeks 3; imputed 5 -> 2"
"GNB",2009-07-20,"AI","fourier_country_k3","imputed_scaled_annual_residual",0.1492,0,0.0596835806567737,0,"WHO annual total 5; observed weeks 3; imputed 5 -> 2"
"GNB",2009-07-27,"AI","fourier_country_k3","imputed_scaled_annual_residual",0.1693,0,0.0677240630374785,0,"WHO annual total 5; observed weeks 3; imputed 5 -> 2"
"GNB",2009-08-03,"AI","fourier_country_k3","imputed_scaled_annual_residual",0.1896,0,0.0758445502179913,0,"WHO annual total 5; observed weeks 3; imputed 5 -> 2"
"GNB",2009-08-10,"AI","fourier_country_k3","imputed_scaled_annual_residual",0.209,0,0.083605015799368,0,"WHO annual total 5; observed weeks 3; imputed 5 -> 2"
"GNB",2009-08-17,"AI","fourier_country_k3","imputed_scaled_annual_residual",0.2263,0,0.0905254309827607,0,"WHO annual total 5; observed weeks 3; imputed 5 -> 2"
"GNB",2009-08-24,"AI","fourier_country_k3","imputed_scaled_annual_residual",0.24,0,0.0960057597696092,0,"WHO annual total 5; observed weeks 3; imputed 5 -> 2"
"GNB",2009-08-31,"AI","fourier_country_k3","imputed_scaled_annual_residual",0.249,0,0.0996059757609696,0,"WHO annual total 5; observed weeks 3; imputed 5 -> 2"
"GNB",2009-09-07,"AI","fourier_country_k3","imputed_scaled_annual_residual",0.2525,0,0.10100605975761,0,"WHO annual total 5; observed weeks 3; imputed 5 -> 2"
"GNB",2009-09-14,"AI","fourier_country_k3","imputed_scaled_annual_residual",0.2497,0,0.0998859925602976,0,"WHO annual total 5; observed weeks 3; imputed 5 -> 2"
"GNB",2009-09-21,"AI","fourier_country_k3","imputed_scaled_annual_residual",0.2407,0,0.0962857765689372,0,"WHO annual total 5; observed weeks 3; imputed 5 -> 2"
"GNB",2009-09-28,"AI","fourier_country_k3","imputed_scaled_annual_residual",0.2257,0,0.0902854165833367,0,"WHO annual total 5; observed weeks 3; imputed 5 -> 2"
"GNB",2009-10-05,"AI","fourier_country_k3","imputed_scaled_annual_residual",0.2057,0,0.0822849366025359,0,"WHO annual total 5; observed weeks 3; imputed 5 -> 2"
"GNB",2009-10-12,"AI","fourier_country_k3","imputed_scaled_annual_residual",0.182,0,0.072804367825287,0,"WHO annual total 5; observed weeks 3; imputed 5 -> 2"
"GNB",2009-10-19,"AI","fourier_country_k3","imputed_scaled_annual_residual",0.1561,0,0.06244374625015,0,"WHO annual total 5; observed weeks 3; imputed 5 -> 2"
"GNB",2009-10-26,"AI","fourier_country_k3","imputed_scaled_annual_residual",0.1299,0,0.051963117475301,0,"WHO annual total 5; observed weeks 3; imputed 5 -> 2"
"GNB",2009-11-02,"AI","fourier_country_k3","imputed_scaled_annual_residual",0.1051,0,0.042042522299108,0,"WHO annual total 5; observed weeks 3; imputed 5 -> 2"
"GNB",2009-11-09,"AI","fourier_country_k3","imputed_scaled_annual_residual",0.0833,0,0.0333219991200352,0,"WHO annual total 5; observed weeks 3; imputed 5 -> 2"
"GNB",2009-11-16,"AI","fourier_country_k3","imputed_scaled_annual_residual",0.0657,0,0.0262815767369305,0,"WHO annual total 5; observed weeks 3; imputed 5 -> 2"
"GNB",2009-11-23,"AI","fourier_country_k3","imputed_scaled_annual_residual",0.0532,0,0.02128127674893,0,"WHO annual total 5; observed weeks 3; imputed 5 -> 2"
"GNB",2009-11-30,"AI","fourier_country_k3","imputed_scaled_annual_residual",0.0461,0,0.0184411063557458,0,"WHO annual total 5; observed weeks 3; imputed 5 -> 2"
"GNB",2009-12-07,"AI","fourier_country_k3","imputed_scaled_annual_residual",0.0439,0,0.0175610535578577,0,"WHO annual total 5; observed weeks 3; imputed 5 -> 2"
"GNB",2009-12-14,"AI","fourier_country_k3","imputed_scaled_annual_residual",0.0462,0,0.0184811087556498,0,"WHO annual total 5; observed weeks 3; imputed 5 -> 2"
"GNB",2009-12-21,"AI","fourier_country_k3","imputed_scaled_annual_residual",0.0516,0,0.020641238350466,0,"WHO annual total 5; observed weeks 3; imputed 5 -> 2"
"GNB",2009-12-28,"AI","fourier_country_k3","imputed_scaled_annual_residual",0.0516,0,0.020641238350466,0,"WHO annual total 5; observed weeks 3; imputed 5 -> 2"
"KEN",2016-01-04,"AI","fourier_country_k2","imputed_scaled_annual_residual",327.3545,5.5115,326.995306517909,5.50545244337088,"WHO annual total 5866; observed weeks 11; imputed 10025 -> 10014"
"KEN",2016-01-11,"AI","fourier_country_k2","imputed_scaled_annual_residual",319.3515,5.3768,319.001087901507,5.3709002444918,"WHO annual total 5866; observed weeks 11; imputed 10025 -> 10014"
"KEN",2016-01-18,"AI","fourier_country_k2","imputed_scaled_annual_residual",307.3773,5.1752,307.040026729882,5.16952145240552,"WHO annual total 5866; observed weeks 11; imputed 10025 -> 10014"
"KEN",2016-01-25,"AI","fourier_country_k2","imputed_scaled_annual_residual",292.3647,4.9224,292.043899477528,4.91699884010684,"WHO annual total 5866; observed weeks 11; imputed 10025 -> 10014"
"KEN",2016-02-01,"AI","fourier_country_k2","imputed_scaled_annual_residual",275.3757,4.6364,275.073540852756,4.63131265688919,"WHO annual total 5866; observed weeks 11; imputed 10025 -> 10014"
"KEN",2016-02-08,"AI","fourier_country_k2","imputed_scaled_annual_residual",257.5371,4.336,257.254514461336,4.3312422742368,"WHO annual total 5866; observed weeks 11; imputed 10025 -> 10014"
"KEN",2016-02-15,"AI","fourier_country_k2","imputed_scaled_annual_residual",239.9726,4.0403,239.709287310544,4.03586673445548,"WHO annual total 5866; observed weeks 11; imputed 10025 -> 10014"
"KEN",2016-02-22,"AI","fourier_country_k2","imputed_scaled_annual_residual",223.7367,3.767,223.491202338154,3.76286661601708,"WHO annual total 5866; observed weeks 11; imputed 10025 -> 10014"
"KEN",2016-02-29,"AI","fourier_country_k2","imputed_scaled_annual_residual",209.7528,3.5315,209.522646332919,3.52762502109485,"WHO annual total 5866; observed weeks 11; imputed 10025 -> 10014"
"KEN",2016-03-07,"AI","fourier_country_k2","imputed_scaled_annual_residual",198.7593,3.3464,198.541209076964,3.3427281241942,"WHO annual total 5866; observed weeks 11; imputed 10025 -> 10014"
"KEN",2016-03-14,"AI","fourier_country_k2","imputed_scaled_annual_residual",191.2688,3.2203,191.058928114056,3.21676648886642,"WHO annual total 5866; observed weeks 11; imputed 10025 -> 10014"
"KEN",2016-03-21,"AI","fourier_country_k2","imputed_scaled_annual_residual",187.5391,3.1575,187.333320570185,3.15403539688716,"WHO annual total 5866; observed weeks 11; imputed 10025 -> 10014"
"KEN",2016-03-28,"AI","fourier_country_k2","imputed_scaled_annual_residual",187.5615,3.1579,187.355695991528,3.15443495798257,"WHO annual total 5866; observed weeks 11; imputed 10025 -> 10014"
"KEN",2016-04-04,"AI","fourier_country_k2","imputed_scaled_annual_residual",191.0643,3.2169,190.854652504027,3.21337021955544,"WHO annual total 5866; observed weeks 11; imputed 10025 -> 10014"
"KEN",2016-04-11,"AI","fourier_country_k2","imputed_scaled_annual_residual",197.5326,3.3258,197.315855087617,3.32215072778062,"WHO annual total 5866; observed weeks 11; imputed 10025 -> 10014"
"KEN",2016-04-18,"AI","fourier_country_k2","imputed_scaled_annual_residual",206.2428,3.4724,206.016497720703,3.46858986924813,"WHO annual total 5866; observed weeks 11; imputed 10025 -> 10014"
"KEN",2016-04-25,"AI","fourier_country_k2","imputed_scaled_annual_residual",216.3096,3.6419,216.072251808868,3.63790388342782,"WHO annual total 5866; observed weeks 11; imputed 10025 -> 10014"
"KEN",2016-05-02,"AI","fourier_country_k2","imputed_scaled_annual_residual",226.7432,3.8176,226.494403421525,3.81341109458635,"WHO annual total 5866; observed weeks 11; imputed 10025 -> 10014"
"KEN",2016-05-09,"AI","fourier_country_k2","imputed_scaled_annual_residual",236.5124,3.9821,236.252884054706,3.97773059507343,"WHO annual total 5866; observed weeks 11; imputed 10025 -> 10014"
"KEN",2016-05-16,"AI","fourier_country_k2","imputed_scaled_annual_residual",244.6111,4.1184,244.342697663184,4.11388103833415,"WHO annual total 5866; observed weeks 11; imputed 10025 -> 10014"
"KEN",2016-05-23,"AI","fourier_country_k2","imputed_scaled_annual_residual",250.1228,4.2112,249.848349887103,4.2065792124691,"WHO annual total 5866; observed weeks 11; imputed 10025 -> 10014"
"KEN",2016-05-30,"AI","fourier_country_k2","imputed_scaled_annual_residual",252.2807,4.2475,252.003882106562,4.2428393818775,"WHO annual total 5866; observed weeks 11; imputed 10025 -> 10014"
"KEN",2016-06-06,"AI","fourier_country_k2","imputed_scaled_annual_residual",250.5186,4.2179,250.24371559101,4.21327186081721,"WHO annual total 5866; observed weeks 11; imputed 10025 -> 10014"
"KEN",2016-06-13,"AI","fourier_country_k2","imputed_scaled_annual_residual",244.5101,4.1167,244.241808486593,4.11218290367866,"WHO annual total 5866; observed weeks 11; imputed 10025 -> 10014"
"KEN",2016-06-20,"AI","fourier_country_k2","imputed_scaled_annual_residual",234.1941,3.943,233.937127835987,3.93867349799717,"WHO annual total 5866; observed weeks 11; imputed 10025 -> 10014"
"KEN",2016-06-27,"AI","fourier_country_k2","imputed_scaled_annual_residual",219.7843,3.7004,219.543139154415,3.69633969363143,"WHO annual total 5866; observed weeks 11; imputed 10025 -> 10014"
"KEN",2016-07-04,"AI","fourier_country_k2","imputed_scaled_annual_residual",201.7619,3.397,201.540514439654,3.39327260276347,"WHO annual total 5866; observed weeks 11; imputed 10025 -> 10014"
"KEN",2016-07-11,"AI","fourier_country_k2","imputed_scaled_annual_residual",180.8538,3.045,180.655356092336,3.04165883880329,"WHO annual total 5866; observed weeks 11; imputed 10025 -> 10014"
"KEN",2016-07-18,"AI","fourier_country_k2","imputed_scaled_annual_residual",157.9941,2.6601,157.820739160516,2.65718117474569,"WHO annual total 5866; observed weeks 11; imputed 10025 -> 10014"
"KEN",2016-07-25,"AI","fourier_country_k2","imputed_scaled_annual_residual",134.2743,2.2607,134.126965983292,2.25821942097951,"WHO annual total 5866; observed weeks 11; imputed 10025 -> 10014"
"KEN",2016-08-01,"AI","fourier_country_k2","imputed_scaled_annual_residual",110.8835,1.8669,110.761831807043,1.86485152254905,"WHO annual total 5866; observed weeks 11; imputed 10025 -> 10014"
"KEN",2016-08-08,"AI","fourier_country_k2","imputed_scaled_annual_residual",89.0417,1.4992,88.9439979727655,1.49755498559405,"WHO annual total 5866; observed weeks 11; imputed 10025 -> 10014"
"KEN",2016-08-15,"AI","fourier_country_k2","imputed_scaled_annual_residual",69.9311,1.1774,69.8543672979431,1.17610808433727,"WHO annual total 5866; observed weeks 11; imputed 10025 -> 10014"
"KEN",2016-08-22,"AI","fourier_country_k2","imputed_scaled_annual_residual",54.6288,0.9198,54.5688579222388,0.918790738893684,"WHO annual total 5866; observed weeks 11; imputed 10025 -> 10014"
"KEN",2016-08-29,"AI","fourier_country_k2","imputed_scaled_annual_residual",44.0442,0.7416,43.9958719960657,0.740786270888841,"WHO annual total 5866; observed weeks 11; imputed 10025 -> 10014"
"KEN",2016-09-05,"AI","fourier_country_k2","imputed_scaled_annual_residual",38.8666,0.6544,38.8239531770877,0.653681952089614,"WHO annual total 5866; observed weeks 11; imputed 10025 -> 10014"
"KEN",2016-09-12,"AI","fourier_country_k2","imputed_scaled_annual_residual",39.5235,0.6654,39.4801323860236,0.664669882213369,"WHO annual total 5866; observed weeks 11; imputed 10025 -> 10014"
"KEN",2016-09-19,"AI","fourier_country_k2","imputed_scaled_annual_residual",46.1541,0.7771,46.1034568840759,0.776247318106416,"WHO annual total 5866; observed weeks 11; imputed 10025 -> 10014"
"KEN",2016-09-26,"AI","fourier_country_k2","imputed_scaled_annual_residual",58.5984,0.9866,58.5341022330807,0.985517441827037,"WHO annual total 5866; observed weeks 11; imputed 10025 -> 10014"
"KEN",2016-10-03,"AI","fourier_country_k2","imputed_scaled_annual_residual",76.4037,1.2864,76.3198651633087,1.28498848283631,"WHO annual total 5866; observed weeks 11; imputed 10025 -> 10014"
"KEN",2016-10-10,"AI","fourier_country_k2","imputed_scaled_annual_residual",98.8465,1.6642,98.7380395434383,1.66237393745039,"WHO annual total 5866; observed weeks 11; imputed 10025 -> 10014"
"KEN",2016-10-17,"AI","fourier_country_k2","imputed_scaled_annual_residual",124.9703,2.1041,124.833174904072,2.10179125212677,"WHO annual total 5866; observed weeks 11; imputed 10025 -> 10014"
"KEN",2016-10-24,"AI","fourier_country_k2","imputed_scaled_annual_residual",153.6359,2.5867,153.467321245484,2.58386171373809,"WHO annual total 5866; observed weeks 11; imputed 10025 -> 10014"
"KEN",2016-10-31,"AI","fourier_country_k2","imputed_scaled_annual_residual",183.5821,3.0909,183.380662433849,3.08750847450151,"WHO annual total 5866; observed weeks 11; imputed 10025 -> 10014"
"KEN",2016-11-07,"AI","fourier_country_k2","imputed_scaled_annual_residual",213.4933,3.5945,213.259042026365,3.59055589362182,"WHO annual total 5866; observed weeks 11; imputed 10025 -> 10014"
"KEN",2016-11-14,"AI","fourier_country_k2","imputed_scaled_annual_residual",242.0697,4.0756,241.804086243501,4.07112800112535,"WHO annual total 5866; observed weeks 11; imputed 10025 -> 10014"
"KEN",2016-11-21,"AI","fourier_country_k2","imputed_scaled_annual_residual",268.0962,4.5138,267.802028367677,4.50884718114624,"WHO annual total 5866; observed weeks 11; imputed 10025 -> 10014"
"KEN",2016-11-28,"AI","fourier_country_k2","imputed_scaled_annual_residual",290.5068,4.8911,290.188038079626,4.88573318439106,"WHO annual total 5866; observed weeks 11; imputed 10025 -> 10014"
"KEN",2016-12-05,"AI","fourier_country_k2","imputed_scaled_annual_residual",308.4399,5.1931,308.101460779837,5.18740181142508,"WHO annual total 5866; observed weeks 11; imputed 10025 -> 10014"
"KEN",2016-12-12,"AI","fourier_country_k2","imputed_scaled_annual_residual",321.282,5.4093,320.929469638226,5.40336458349381,"WHO annual total 5866; observed weeks 11; imputed 10025 -> 10014"
"KEN",2016-12-19,"AI","fourier_country_k2","imputed_scaled_annual_residual",328.6972,5.5341,328.336533224924,5.52802764526151,"WHO annual total 5866; observed weeks 11; imputed 10025 -> 10014"
"KEN",2017-11-20,"AI","fourier_country_k2","imputed_scaled_annual_residual",268.0962,4.5138,237.680921453939,4.00171335236676,"WHO annual total 4288; observed weeks 3180.9; imputed 1248.7 -> 1107.1"
"KEN",2017-12-11,"AI","fourier_country_k2","imputed_scaled_annual_residual",321.282,5.4093,284.832839132238,4.79561966346703,"WHO annual total 4288; observed weeks 3180.9; imputed 1248.7 -> 1107.1"
"KEN",2017-12-18,"AI","fourier_country_k2","imputed_scaled_annual_residual",328.6972,5.5341,291.406791201552,4.90626121302071,"WHO annual total 4288; observed weeks 3180.9; imputed 1248.7 -> 1107.1"
"KEN",2017-12-25,"AI","fourier_country_k2","imputed_scaled_annual_residual",330.6403,5.5669,293.129448212271,4.93534008181366,"WHO annual total 4288; observed weeks 3180.9; imputed 1248.7 -> 1107.1"
"KEN",2019-03-18,"AI","fourier_country_k2","imputed_scaled_annual_residual",181.5231,4.9145,113.156280069638,3.0635579626077,"WHO annual total 5208; observed weeks 2159; imputed 4891.1 -> 3049"
"KEN",2019-06-10,"AI","fourier_country_k2","imputed_scaled_annual_residual",236.6666,6.4074,147.531152083283,3.9941888879057,"WHO annual total 5208; observed weeks 2159; imputed 4891.1 -> 3049"
"KEN",2019-06-17,"AI","fourier_country_k2","imputed_scaled_annual_residual",226.6815,6.1371,141.306727907388,3.82569164153418,"WHO annual total 5208; observed weeks 2159; imputed 4891.1 -> 3049"
"KEN",2019-06-24,"AI","fourier_country_k2","imputed_scaled_annual_residual",212.7339,5.7595,132.612195190068,3.59030666103145,"WHO annual total 5208; observed weeks 2159; imputed 4891.1 -> 3049"
"KEN",2019-07-01,"AI","fourier_country_k2","imputed_scaled_annual_residual",195.2897,5.2872,121.737982592384,3.29588842403082,"WHO annual total 5208; observed weeks 2159; imputed 4891.1 -> 3049"
"KEN",2019-07-08,"AI","fourier_country_k2","imputed_scaled_annual_residual",175.0523,4.7393,109.122569445069,2.95434332123038,"WHO annual total 5208; observed weeks 2159; imputed 4891.1 -> 3049"
"KEN",2019-07-15,"AI","fourier_country_k2","imputed_scaled_annual_residual",152.9259,4.1403,95.3296080240003,2.58094394802822,"WHO annual total 5208; observed weeks 2159; imputed 4891.1 -> 3049"
"KEN",2019-07-22,"AI","fourier_country_k2","imputed_scaled_annual_residual",129.967,3.5187,81.0176900450168,2.19345638478537,"WHO annual total 5208; observed weeks 2159; imputed 4891.1 -> 3049"
"KEN",2019-07-29,"AI","fourier_country_k2","imputed_scaled_annual_residual",107.3266,2.9057,66.9043158062085,1.81132981421288,"WHO annual total 5208; observed weeks 2159; imputed 4891.1 -> 3049"
"KEN",2019-08-05,"AI","fourier_country_k2","imputed_scaled_annual_residual",86.1854,2.3334,53.7254997315149,1.45457445313843,"WHO annual total 5208; observed weeks 2159; imputed 4891.1 -> 3049"
"KEN",2019-08-12,"AI","fourier_country_k2","imputed_scaled_annual_residual",67.6878,1.8326,42.1946278688366,1.14239013577676,"WHO annual total 5208; observed weeks 2159; imputed 4891.1 -> 3049"
"KEN",2019-08-19,"AI","fourier_country_k2","imputed_scaled_annual_residual",52.8763,1.4316,32.9615647366433,0.892418268240754,"WHO annual total 5208; observed weeks 2159; imputed 4891.1 -> 3049"
"KEN",2019-08-26,"AI","fourier_country_k2","imputed_scaled_annual_residual",42.6313,1.1542,26.5751263752808,0.719495086059988,"WHO annual total 5208; observed weeks 2159; imputed 4891.1 -> 3049"
"KEN",2019-09-02,"AI","fourier_country_k2","imputed_scaled_annual_residual",37.6198,1.0185,23.4511014023215,0.634903608691819,"WHO annual total 5208; observed weeks 2159; imputed 4891.1 -> 3049"
"KEN",2019-09-09,"AI","fourier_country_k2","imputed_scaled_annual_residual",38.2557,1.0357,23.8475031743069,0.645625594032515,"WHO annual total 5208; observed weeks 2159; imputed 4891.1 -> 3049"
"KEN",2019-09-16,"AI","fourier_country_k2","imputed_scaled_annual_residual",44.6735,1.2095,27.8481751231163,0.753967515672808,"WHO annual total 5208; observed weeks 2159; imputed 4891.1 -> 3049"
"KEN",2019-09-23,"AI","fourier_country_k2","imputed_scaled_annual_residual",56.7186,1.5356,35.3567440549316,0.957248877277523,"WHO annual total 5208; observed weeks 2159; imputed 4891.1 -> 3049"
"KEN",2019-09-30,"AI","fourier_country_k2","imputed_scaled_annual_residual",73.9528,2.0022,46.1000486920612,1.24811389820595,"WHO annual total 5208; observed weeks 2159; imputed 4891.1 -> 3049"
"KEN",2019-10-07,"AI","fourier_country_k2","imputed_scaled_annual_residual",95.6757,2.5903,59.6414798174923,1.61471852488406,"WHO annual total 5208; observed weeks 2159; imputed 4891.1 -> 3049"
"KEN",2019-10-14,"AI","fourier_country_k2","imputed_scaled_annual_residual",120.9614,3.2749,75.4038579994252,2.04147847629341,"WHO annual total 5208; observed weeks 2159; imputed 4891.1 -> 3049"
"KEN",2019-10-21,"AI","fourier_country_k2","imputed_scaled_annual_residual",148.7074,4.0261,92.6999164449463,2.50975495233592,"WHO annual total 5208; observed weeks 2159; imputed 4891.1 -> 3049"
"KEN",2019-10-28,"AI","fourier_country_k2","imputed_scaled_annual_residual",177.693,4.8108,110.768705880486,2.99891436494315,"WHO annual total 5208; observed weeks 2159; imputed 4891.1 -> 3049"
"KEN",2019-11-04,"AI","fourier_country_k2","imputed_scaled_annual_residual",206.6447,5.5946,128.816363030965,3.48751274343373,"WHO annual total 5208; observed weeks 2159; imputed 4891.1 -> 3049"
"KEN",2019-11-11,"AI","fourier_country_k2","imputed_scaled_annual_residual",234.3044,6.3435,146.058624538411,3.95435546562254,"WHO annual total 5208; observed weeks 2159; imputed 4891.1 -> 3049"
"KEN",2019-11-18,"AI","fourier_country_k2","imputed_scaled_annual_residual",259.496,7.0255,161.76234348659,4.37949465180596,"WHO annual total 5208; observed weeks 2159; imputed 4891.1 -> 3049"
"KEN",2019-11-25,"AI","fourier_country_k2","imputed_scaled_annual_residual",281.1877,7.6128,175.28432542931,4.74560058149149,"WHO annual total 5208; observed weeks 2159; imputed 4891.1 -> 3049"
"KEN",2019-12-02,"AI","fourier_country_k2","imputed_scaled_annual_residual",298.5456,8.0827,186.104741088919,5.03852272751435,"WHO annual total 5208; observed weeks 2159; imputed 4891.1 -> 3049"
"KEN",2019-12-09,"AI","fourier_country_k2","imputed_scaled_annual_residual",310.9758,8.4193,193.853370285543,5.24834948714682,"WHO annual total 5208; observed weeks 2159; imputed 4891.1 -> 3049"
"KEN",2019-12-16,"AI","fourier_country_k2","imputed_scaled_annual_residual",318.153,8.6136,198.327430354569,5.36947051922224,"WHO annual total 5208; observed weeks 2159; imputed 4891.1 -> 3049"
"KEN",2019-12-23,"AI","fourier_country_k2","imputed_scaled_annual_residual",320.0339,8.6645,199.499929321273,5.40120011537581,"WHO annual total 5208; observed weeks 2159; imputed 4891.1 -> 3049"
"KEN",2022-01-03,"AI","fourier_country_k2","imputed_dropped_annual_accounted",166.42,3.0215,NA,NA,"WHO annual total 3525; observed weeks 3803; imputed 3525 -> 0"
"KEN",2022-01-10,"AI","fourier_country_k2","imputed_dropped_annual_accounted",162.3514,2.9477,NA,NA,"WHO annual total 3525; observed weeks 3803; imputed 3525 -> 0"
"KEN",2022-01-17,"AI","fourier_country_k2","imputed_dropped_annual_accounted",156.264,2.8371,NA,NA,"WHO annual total 3525; observed weeks 3803; imputed 3525 -> 0"
"KEN",2022-01-24,"AI","fourier_country_k2","imputed_dropped_annual_accounted",148.6319,2.6986,NA,NA,"WHO annual total 3525; observed weeks 3803; imputed 3525 -> 0"
"KEN",2022-01-31,"AI","fourier_country_k2","imputed_dropped_annual_accounted",139.9951,2.5418,NA,NA,"WHO annual total 3525; observed weeks 3803; imputed 3525 -> 0"
"KEN",2022-02-07,"AI","fourier_country_k2","imputed_dropped_annual_accounted",130.9263,2.3771,NA,NA,"WHO annual total 3525; observed weeks 3803; imputed 3525 -> 0"
"KEN",2022-02-14,"AI","fourier_country_k2","imputed_dropped_annual_accounted",121.9969,2.215,NA,NA,"WHO annual total 3525; observed weeks 3803; imputed 3525 -> 0"
"KEN",2022-02-21,"AI","fourier_country_k2","imputed_dropped_annual_accounted",113.7429,2.0651,NA,NA,"WHO annual total 3525; observed weeks 3803; imputed 3525 -> 0"
"KEN",2022-02-28,"AI","fourier_country_k2","imputed_dropped_annual_accounted",106.6338,1.936,NA,NA,"WHO annual total 3525; observed weeks 3803; imputed 3525 -> 0"
"KEN",2022-03-07,"AI","fourier_country_k2","imputed_dropped_annual_accounted",101.045,1.8346,NA,NA,"WHO annual total 3525; observed weeks 3803; imputed 3525 -> 0"
"KEN",2022-03-14,"AI","fourier_country_k2","imputed_dropped_annual_accounted",97.2369,1.7654,NA,NA,"WHO annual total 3525; observed weeks 3803; imputed 3525 -> 0"
"KEN",2022-03-21,"AI","fourier_country_k2","imputed_dropped_annual_accounted",95.3408,1.731,NA,NA,"WHO annual total 3525; observed weeks 3803; imputed 3525 -> 0"
"KEN",2022-03-28,"AI","fourier_country_k2","imputed_dropped_annual_accounted",95.3522,1.7312,NA,NA,"WHO annual total 3525; observed weeks 3803; imputed 3525 -> 0"
"KEN",2022-04-04,"AI","fourier_country_k2","imputed_dropped_annual_accounted",97.133,1.7635,NA,NA,"WHO annual total 3525; observed weeks 3803; imputed 3525 -> 0"
"KEN",2022-04-11,"AI","fourier_country_k2","imputed_dropped_annual_accounted",100.4213,1.8233,NA,NA,"WHO annual total 3525; observed weeks 3803; imputed 3525 -> 0"
"KEN",2022-04-18,"AI","fourier_country_k2","imputed_dropped_annual_accounted",104.8494,1.9036,NA,NA,"WHO annual total 3525; observed weeks 3803; imputed 3525 -> 0"
"KEN",2022-04-25,"AI","fourier_country_k2","imputed_dropped_annual_accounted",109.9671,1.9966,NA,NA,"WHO annual total 3525; observed weeks 3803; imputed 3525 -> 0"
"KEN",2022-05-02,"AI","fourier_country_k2","imputed_dropped_annual_accounted",115.2713,2.0929,NA,NA,"WHO annual total 3525; observed weeks 3803; imputed 3525 -> 0"
"KEN",2022-05-23,"AI","fourier_country_k2","imputed_dropped_annual_accounted",127.157,2.3087,NA,NA,"WHO annual total 3525; observed weeks 3803; imputed 3525 -> 0"
"KEN",2022-05-30,"AI","fourier_country_k2","imputed_dropped_annual_accounted",128.2541,2.3286,NA,NA,"WHO annual total 3525; observed weeks 3803; imputed 3525 -> 0"
"KEN",2022-06-06,"AI","fourier_country_k2","imputed_dropped_annual_accounted",127.3583,2.3123,NA,NA,"WHO annual total 3525; observed weeks 3803; imputed 3525 -> 0"
"KEN",2022-06-13,"AI","fourier_country_k2","imputed_dropped_annual_accounted",124.3037,2.2569,NA,NA,"WHO annual total 3525; observed weeks 3803; imputed 3525 -> 0"
"KEN",2022-06-20,"AI","fourier_country_k2","imputed_dropped_annual_accounted",119.0593,2.1616,NA,NA,"WHO annual total 3525; observed weeks 3803; imputed 3525 -> 0"
"KEN",2022-06-27,"AI","fourier_country_k2","imputed_dropped_annual_accounted",111.7336,2.0286,NA,NA,"WHO annual total 3525; observed weeks 3803; imputed 3525 -> 0"
"KEN",2022-07-04,"AI","fourier_country_k2","imputed_dropped_annual_accounted",102.5714,1.8623,NA,NA,"WHO annual total 3525; observed weeks 3803; imputed 3525 -> 0"
"KEN",2022-07-11,"AI","fourier_country_k2","imputed_dropped_annual_accounted",91.9422,1.6693,NA,NA,"WHO annual total 3525; observed weeks 3803; imputed 3525 -> 0"
"KEN",2022-07-18,"AI","fourier_country_k2","imputed_dropped_annual_accounted",80.3208,1.4583,NA,NA,"WHO annual total 3525; observed weeks 3803; imputed 3525 -> 0"
"KEN",2022-07-25,"AI","fourier_country_k2","imputed_dropped_annual_accounted",68.2622,1.2394,NA,NA,"WHO annual total 3525; observed weeks 3803; imputed 3525 -> 0"
"KEN",2022-08-01,"AI","fourier_country_k2","imputed_dropped_annual_accounted",56.3708,1.0235,NA,NA,"WHO annual total 3525; observed weeks 3803; imputed 3525 -> 0"
"KEN",2022-08-08,"AI","fourier_country_k2","imputed_dropped_annual_accounted",45.2669,0.8219,NA,NA,"WHO annual total 3525; observed weeks 3803; imputed 3525 -> 0"
"KEN",2022-08-15,"AI","fourier_country_k2","imputed_dropped_annual_accounted",35.5515,0.6455,NA,NA,"WHO annual total 3525; observed weeks 3803; imputed 3525 -> 0"
"KEN",2022-08-22,"AI","fourier_country_k2","imputed_dropped_annual_accounted",27.7721,0.5042,NA,NA,"WHO annual total 3525; observed weeks 3803; imputed 3525 -> 0"
"KEN",2022-08-29,"AI","fourier_country_k2","imputed_dropped_annual_accounted",22.3911,0.4065,NA,NA,"WHO annual total 3525; observed weeks 3803; imputed 3525 -> 0"
"KEN",2022-09-05,"AI","fourier_country_k2","imputed_dropped_annual_accounted",19.759,0.3587,NA,NA,"WHO annual total 3525; observed weeks 3803; imputed 3525 -> 0"
"KEN",2022-09-12,"AI","fourier_country_k2","imputed_dropped_annual_accounted",20.0929,0.3648,NA,NA,"WHO annual total 3525; observed weeks 3803; imputed 3525 -> 0"
"KEN",2022-09-19,"AI","fourier_country_k2","imputed_dropped_annual_accounted",23.4637,0.426,NA,NA,"WHO annual total 3525; observed weeks 3803; imputed 3525 -> 0"
"KEN",2022-09-26,"AI","fourier_country_k2","imputed_dropped_annual_accounted",29.7902,0.5409,NA,NA,"WHO annual total 3525; observed weeks 3803; imputed 3525 -> 0"
"KEN",2023-01-02,"JHU",NA,"absorbed_by_who_window",340,NA,NA,NA,"week inside a WHO report of 880 cases spread over 3 weeks from 2023-01-02"
"KEN",2023-01-02,"AI","observed","absorbed_by_who_window",340,NA,NA,NA,"week inside a WHO report of 880 cases spread over 3 weeks from 2023-01-02"
"KEN",2023-01-02,"WHO","who_catchup_shaped","who_catchup_shaped",0,0,387,8,"WHO report of  880 cases / 18 deaths spread over 3 weeks from 2023-01-02 in proportion to JHU weekly counts"
"KEN",2023-01-09,"JHU",NA,"absorbed_by_who_window",229,NA,NA,NA,"week inside a WHO report of 880 cases spread over 3 weeks from 2023-01-02"
"KEN",2023-01-09,"AI","observed","absorbed_by_who_window",229,NA,NA,NA,"week inside a WHO report of 880 cases spread over 3 weeks from 2023-01-02"
"KEN",2023-01-09,"WHO","who_catchup_shaped","who_catchup_shaped",0,0,261,5,"WHO report of  880 cases / 18 deaths spread over 3 weeks from 2023-01-02 in proportion to JHU weekly counts"
"KEN",2023-01-16,"JHU",NA,"absorbed_by_who_window",204,NA,NA,NA,"week inside a WHO report of 880 cases spread over 3 weeks from 2023-01-02"
"KEN",2023-01-16,"WHO","who_catchup_shaped","who_catchup_shaped",880,18,232,5,"WHO report of  880 cases / 18 deaths spread over 3 weeks from 2023-01-02 in proportion to JHU weekly counts"
"KEN",2023-01-16,"AI","observed","who_copy_dropped",880,18,NA,NA,"repeats the WHO dashboard value of a multi-week report window"
"KEN",2023-04-17,"JHU",NA,"absorbed_by_who_window",206,NA,NA,NA,"week inside a WHO report of 878 cases spread over 2 weeks from 2023-04-17"
"KEN",2023-04-17,"AI","observed","absorbed_by_who_window",206,NA,NA,NA,"week inside a WHO report of 878 cases spread over 2 weeks from 2023-04-17"
"KEN",2023-04-17,"WHO","who_catchup_shaped","who_catchup_shaped",0,0,207,4,"WHO report of  878 cases / 15 deaths spread over 2 weeks from 2023-04-17 in proportion to JHU weekly counts"
"KEN",2023-04-24,"JHU",NA,"absorbed_by_who_window",669,NA,NA,NA,"week inside a WHO report of 878 cases spread over 2 weeks from 2023-04-17"
"KEN",2023-04-24,"WHO","who_catchup_shaped","who_catchup_shaped",878,15,671,11,"WHO report of  878 cases / 15 deaths spread over 2 weeks from 2023-04-17 in proportion to JHU weekly counts"
"KEN",2023-04-24,"AI","observed","who_copy_dropped",878,15,NA,NA,"repeats the WHO dashboard value of a multi-week report window"
"KEN",2023-08-21,"WHO","who_catchup_uniform","who_catchup_uniform",0,0,27,2,"WHO report of   54 cases /  4 deaths spread over 2 weeks from 2023-08-21 (uniform)"
"KEN",2023-08-28,"WHO","who_catchup_uniform","who_catchup_uniform",54,4,27,2,"WHO report of   54 cases /  4 deaths spread over 2 weeks from 2023-08-21 (uniform)"
"KEN",2023-08-28,"AI","observed","who_copy_dropped",54,4,NA,NA,"repeats the WHO dashboard value of a multi-week report window"
"KEN",2023-11-27,"WHO","who_catchup_uniform","who_catchup_uniform",0,0,30,1,"WHO report of   60 cases /  2 deaths spread over 2 weeks from 2023-11-27 (uniform)"
"KEN",2023-12-04,"WHO","who_catchup_uniform","who_catchup_uniform",60,2,30,1,"WHO report of   60 cases /  2 deaths spread over 2 weeks from 2023-11-27 (uniform)"
"KEN",2023-12-04,"AI","observed","who_copy_dropped",60,2,NA,NA,"repeats the WHO dashboard value of a multi-week report window"
"KEN",2024-01-01,"WHO","who_catchup_uniform","who_catchup_uniform",0,0,66,0,"WHO report of  199 cases /  1 deaths spread over 3 weeks from 2024-01-01 (uniform)"
"KEN",2024-01-08,"WHO","who_catchup_uniform","who_catchup_uniform",0,0,67,1,"WHO report of  199 cases /  1 deaths spread over 3 weeks from 2024-01-01 (uniform)"
"KEN",2024-01-15,"WHO","who_catchup_uniform","who_catchup_uniform",199,1,66,0,"WHO report of  199 cases /  1 deaths spread over 3 weeks from 2024-01-01 (uniform)"
"KEN",2024-01-15,"AI","observed","who_copy_dropped",199,1,NA,NA,"repeats the WHO dashboard value of a multi-week report window"
"KEN",2024-01-22,"WHO","who_catchup_uniform","who_catchup_uniform",0,0,18,0,"WHO report of   89 cases /  0 deaths spread over 5 weeks from 2024-01-22 (uniform)"
"KEN",2024-01-29,"WHO","who_catchup_uniform","who_catchup_uniform",0,0,18,0,"WHO report of   89 cases /  0 deaths spread over 5 weeks from 2024-01-22 (uniform)"
"KEN",2024-02-05,"WHO","who_catchup_uniform","who_catchup_uniform",0,0,17,0,"WHO report of   89 cases /  0 deaths spread over 5 weeks from 2024-01-22 (uniform)"
"KEN",2024-02-12,"WHO","who_catchup_uniform","who_catchup_uniform",0,0,18,0,"WHO report of   89 cases /  0 deaths spread over 5 weeks from 2024-01-22 (uniform)"
"KEN",2024-02-19,"WHO","who_catchup_uniform","who_catchup_uniform",89,0,18,0,"WHO report of   89 cases /  0 deaths spread over 5 weeks from 2024-01-22 (uniform)"
"KEN",2024-02-19,"AI","observed","who_copy_dropped",89,NA,NA,NA,"repeats the WHO dashboard value of a multi-week report window"
"KEN",2024-02-26,"WHO","who_catchup_uniform","who_catchup_uniform",0,0,4,0,"WHO report of   25 cases /  1 deaths spread over 6 weeks from 2024-02-26 (uniform)"
"KEN",2024-03-04,"WHO","who_catchup_uniform","who_catchup_uniform",0,0,4,0,"WHO report of   25 cases /  1 deaths spread over 6 weeks from 2024-02-26 (uniform)"
"KEN",2024-03-11,"WHO","who_catchup_uniform","who_catchup_uniform",0,0,4,0,"WHO report of   25 cases /  1 deaths spread over 6 weeks from 2024-02-26 (uniform)"
"KEN",2024-03-18,"WHO","who_catchup_uniform","who_catchup_uniform",0,0,5,1,"WHO report of   25 cases /  1 deaths spread over 6 weeks from 2024-02-26 (uniform)"
"KEN",2024-03-25,"WHO","who_catchup_uniform","who_catchup_uniform",0,0,4,0,"WHO report of   25 cases /  1 deaths spread over 6 weeks from 2024-02-26 (uniform)"
"KEN",2024-04-01,"WHO","who_catchup_uniform","who_catchup_uniform",25,1,4,0,"WHO report of   25 cases /  1 deaths spread over 6 weeks from 2024-02-26 (uniform)"
"KEN",2024-04-01,"AI","observed","who_copy_dropped",25,1,NA,NA,"repeats the WHO dashboard value of a multi-week report window"
"KEN",2024-04-08,"WHO","who_catchup_uniform","who_catchup_uniform",0,0,10,0,"WHO report of   59 cases /  1 deaths spread over 6 weeks from 2024-04-08 (uniform)"
"KEN",2024-04-15,"WHO","who_catchup_uniform","who_catchup_uniform",0,0,10,0,"WHO report of   59 cases /  1 deaths spread over 6 weeks from 2024-04-08 (uniform)"
"KEN",2024-04-22,"WHO","who_catchup_uniform","who_catchup_uniform",0,0,10,0,"WHO report of   59 cases /  1 deaths spread over 6 weeks from 2024-04-08 (uniform)"
"KEN",2024-04-29,"WHO","who_catchup_uniform","who_catchup_uniform",0,0,9,1,"WHO report of   59 cases /  1 deaths spread over 6 weeks from 2024-04-08 (uniform)"
"KEN",2024-05-06,"WHO","who_catchup_uniform","who_catchup_uniform",0,0,10,0,"WHO report of   59 cases /  1 deaths spread over 6 weeks from 2024-04-08 (uniform)"
"KEN",2024-05-13,"WHO","who_catchup_uniform","who_catchup_uniform",59,1,10,0,"WHO report of   59 cases /  1 deaths spread over 6 weeks from 2024-04-08 (uniform)"
"KEN",2024-05-13,"AI","observed","who_copy_dropped",59,1,NA,NA,"repeats the WHO dashboard value of a multi-week report window"
"KEN",2024-06-10,"WHO","who_catchup_uniform","who_catchup_uniform",0,0,8,0,"WHO report of   40 cases /  1 deaths spread over 5 weeks from 2024-06-10 (uniform)"
"KEN",2024-06-17,"WHO","who_catchup_uniform","who_catchup_uniform",0,0,8,0,"WHO report of   40 cases /  1 deaths spread over 5 weeks from 2024-06-10 (uniform)"
"KEN",2024-06-24,"WHO","who_catchup_uniform","who_catchup_uniform",0,0,8,1,"WHO report of   40 cases /  1 deaths spread over 5 weeks from 2024-06-10 (uniform)"
"KEN",2024-07-01,"WHO","who_catchup_uniform","who_catchup_uniform",0,0,8,0,"WHO report of   40 cases /  1 deaths spread over 5 weeks from 2024-06-10 (uniform)"
"KEN",2024-07-08,"WHO","who_catchup_uniform","who_catchup_uniform",40,1,8,0,"WHO report of   40 cases /  1 deaths spread over 5 weeks from 2024-06-10 (uniform)"
"KEN",2024-07-08,"AI","observed","who_copy_dropped",40,1,NA,NA,"repeats the WHO dashboard value of a multi-week report window"
"KEN",2024-07-15,"WHO","who_catchup_uniform","who_catchup_uniform",0,0,45,0,"WHO report of  181 cases /  1 deaths spread over 4 weeks from 2024-07-15 (uniform)"
"KEN",2024-07-22,"WHO","who_catchup_uniform","who_catchup_uniform",0,0,45,0,"WHO report of  181 cases /  1 deaths spread over 4 weeks from 2024-07-15 (uniform)"
"KEN",2024-07-29,"WHO","who_catchup_uniform","who_catchup_uniform",0,0,46,1,"WHO report of  181 cases /  1 deaths spread over 4 weeks from 2024-07-15 (uniform)"
"KEN",2024-08-05,"WHO","who_catchup_uniform","who_catchup_uniform",181,1,45,0,"WHO report of  181 cases /  1 deaths spread over 4 weeks from 2024-07-15 (uniform)"
"KEN",2024-08-05,"AI","observed","who_copy_dropped",181,1,NA,NA,"repeats the WHO dashboard value of a multi-week report window"
"KEN",2025-06-02,"WHO","who_catchup_uniform","who_catchup_uniform",0,0,25,2,"WHO report of   99 cases /  6 deaths spread over 4 weeks from 2025-06-02 (uniform)"
"KEN",2025-06-09,"WHO","who_catchup_uniform","who_catchup_uniform",0,0,25,1,"WHO report of   99 cases /  6 deaths spread over 4 weeks from 2025-06-02 (uniform)"
"KEN",2025-06-16,"WHO","who_catchup_uniform","who_catchup_uniform",0,0,24,1,"WHO report of   99 cases /  6 deaths spread over 4 weeks from 2025-06-02 (uniform)"
"KEN",2025-06-23,"WHO","who_catchup_uniform","who_catchup_uniform",99,6,25,2,"WHO report of   99 cases /  6 deaths spread over 4 weeks from 2025-06-02 (uniform)"
"KEN",2025-10-20,"WHO","who_catchup_uniform","who_catchup_uniform",0,0,50,0,"WHO report of   99 cases /  0 deaths spread over 2 weeks from 2025-10-20 (uniform)"
"KEN",2025-10-27,"WHO","who_catchup_uniform","who_catchup_uniform",99,0,49,0,"WHO report of   99 cases /  0 deaths spread over 2 weeks from 2025-10-20 (uniform)"
"KEN",2025-12-01,"WHO","who_catchup_uniform","who_catchup_uniform",0,0,8,0,"WHO report of   23 cases /  0 deaths spread over 3 weeks from 2025-12-01 (uniform)"
"KEN",2025-12-08,"WHO","who_catchup_uniform","who_catchup_uniform",0,0,7,0,"WHO report of   23 cases /  0 deaths spread over 3 weeks from 2025-12-01 (uniform)"
"KEN",2025-12-15,"WHO","who_catchup_uniform","who_catchup_uniform",23,0,8,0,"WHO report of   23 cases /  0 deaths spread over 3 weeks from 2025-12-01 (uniform)"
"MOZ",2017-01-02,"AI","fourier_country_k2","imputed_scaled_annual_residual",164.1809,0.2787,136.849928219336,0.232305188939328,"WHO annual total 5892; observed weeks 980.8; imputed 5892 -> 4911.2"
"MOZ",2017-01-09,"AI","fourier_country_k2","imputed_scaled_annual_residual",193.7145,0.3288,161.467109877242,0.274065109878905,"WHO annual total 5892; observed weeks 980.8; imputed 5892 -> 4911.2"
"MOZ",2017-01-16,"AI","fourier_country_k2","imputed_scaled_annual_residual",224.5572,0.3811,187.175467433392,0.317658799801858,"WHO annual total 5892; observed weeks 980.8; imputed 5892 -> 4911.2"
"MOZ",2017-01-23,"AI","fourier_country_k2","imputed_scaled_annual_residual",255.5256,0.4337,212.988599881001,0.361502549131634,"WHO annual total 5892; observed weeks 980.8; imputed 5892 -> 4911.2"
"MOZ",2017-01-30,"AI","fourier_country_k2","imputed_scaled_annual_residual",285.3526,0.4843,237.850339638781,0.403679235749251,"WHO annual total 5892; observed weeks 980.8; imputed 5892 -> 4911.2"
"MOZ",2017-02-06,"AI","fourier_country_k2","imputed_scaled_annual_residual",312.7536,0.5308,260.689932326713,0.442438443806943,"WHO annual total 5892; observed weeks 980.8; imputed 5892 -> 4911.2"
"MOZ",2017-02-13,"AI","fourier_country_k2","imputed_scaled_annual_residual",336.4946,0.5711,280.478800251394,0.476029757456943,"WHO annual total 5892; observed weeks 980.8; imputed 5892 -> 4911.2"
"MOZ",2017-02-20,"AI","fourier_country_k2","imputed_scaled_annual_residual",355.4585,0.6033,296.285805534948,0.5028694671227,"WHO annual total 5892; observed weeks 980.8; imputed 5892 -> 4911.2"
"MOZ",2017-02-27,"AI","fourier_country_k2","imputed_scaled_annual_residual",368.7066,0.6258,307.328512293423,0.521623922634486,"WHO annual total 5892; observed weeks 980.8; imputed 5892 -> 4911.2"
"MOZ",2017-03-06,"AI","fourier_country_k2","imputed_scaled_annual_residual",375.5304,0.6374,313.016363561038,0.531292886365007,"WHO annual total 5892; observed weeks 980.8; imputed 5892 -> 4911.2"
"MOZ",2017-03-13,"AI","fourier_country_k2","imputed_scaled_annual_residual",375.4917,0.6373,312.984105897558,0.531209533229399,"WHO annual total 5892; observed weeks 980.8; imputed 5892 -> 4911.2"
"MOZ",2017-03-20,"AI","fourier_country_k2","imputed_scaled_annual_residual",368.4493,0.6253,307.114044675504,0.521207156956446,"WHO annual total 5892; observed weeks 980.8; imputed 5892 -> 4911.2"
"MOZ",2017-03-27,"AI","fourier_country_k2","imputed_scaled_annual_residual",354.5689,0.6018,295.54429604058,0.50161917008858,"WHO annual total 5892; observed weeks 980.8; imputed 5892 -> 4911.2"
"MOZ",2017-04-03,"AI","fourier_country_k2","imputed_scaled_annual_residual",334.317,0.5674,278.663702370395,0.472945691439449,"WHO annual total 5892; observed weeks 980.8; imputed 5892 -> 4911.2"
"MOZ",2017-04-10,"AI","fourier_country_k2","imputed_scaled_annual_residual",308.4388,0.5235,257.093411231502,0.436353664907564,"WHO annual total 5892; observed weeks 980.8; imputed 5892 -> 4911.2"
"MOZ",2017-04-17,"AI","fourier_country_k2","imputed_scaled_annual_residual",277.9213,0.4717,231.656118072349,0.393176740662651,"WHO annual total 5892; observed weeks 980.8; imputed 5892 -> 4911.2"
"MOZ",2017-04-24,"AI","fourier_country_k2","imputed_scaled_annual_residual",243.9433,0.414,203.334389655483,0.34508198141687,"WHO annual total 5892; observed weeks 980.8; imputed 5892 -> 4911.2"
"MOZ",2017-05-01,"AI","fourier_country_k2","imputed_scaled_annual_residual",207.8158,0.3527,173.220985588725,0.293986509289203,"WHO annual total 5892; observed weeks 980.8; imputed 5892 -> 4911.2"
"MOZ",2017-05-08,"AI","fourier_country_k2","imputed_scaled_annual_residual",170.9152,0.2901,142.463178430581,0.241807446398633,"WHO annual total 5892; observed weeks 980.8; imputed 5892 -> 4911.2"
"MOZ",2017-05-15,"AI","fourier_country_k2","imputed_scaled_annual_residual",134.614,0.2285,112.204989967272,0.190461914864142,"WHO annual total 5892; observed weeks 980.8; imputed 5892 -> 4911.2"
"MOZ",2017-05-22,"AI","fourier_country_k2","imputed_scaled_annual_residual",100.2124,0.1701,83.5301776679709,0.141783683669105,"WHO annual total 5892; observed weeks 980.8; imputed 5892 -> 4911.2"
"MOZ",2017-05-29,"AI","fourier_country_k2","imputed_scaled_annual_residual",68.8743,0.1169,57.4088886780191,0.0974398155256814,"WHO annual total 5892; observed weeks 980.8; imputed 5892 -> 4911.2"
"MOZ",2017-06-05,"AI","fourier_country_k2","imputed_scaled_annual_residual",41.5722,0.0706,34.6517322412039,0.0588473137392054,"WHO annual total 5892; observed weeks 980.8; imputed 5892 -> 4911.2"
"MOZ",2017-06-12,"AI","fourier_country_k2","imputed_scaled_annual_residual",19.0426,0.0323,15.8726042012775,0.0269230628013645,"WHO annual total 5892; observed weeks 980.8; imputed 5892 -> 4911.2"
"MOZ",2017-06-19,"AI","fourier_country_k2","imputed_scaled_annual_residual",1.7558,0.003,1.4635143550042,0.00250059406823819,"WHO annual total 5892; observed weeks 980.8; imputed 5892 -> 4911.2"
"MOZ",2017-06-26,"AI","fourier_country_k2","imputed_scaled_annual_residual",0,0,0,0,"WHO annual total 5892; observed weeks 980.8; imputed 5892 -> 4911.2"
"MOZ",2017-07-03,"AI","fourier_country_k2","imputed_scaled_annual_residual",0,0,0,0,"WHO annual total 5892; observed weeks 980.8; imputed 5892 -> 4911.2"
"MOZ",2017-07-10,"AI","fourier_country_k2","imputed_scaled_annual_residual",0,0,0,0,"WHO annual total 5892; observed weeks 980.8; imputed 5892 -> 4911.2"
"MOZ",2017-07-17,"AI","fourier_country_k2","imputed_scaled_annual_residual",0,0,0,0,"WHO annual total 5892; observed weeks 980.8; imputed 5892 -> 4911.2"
"MOZ",2017-07-24,"AI","fourier_country_k2","imputed_scaled_annual_residual",0,0,0,0,"WHO annual total 5892; observed weeks 980.8; imputed 5892 -> 4911.2"
"MOZ",2017-07-31,"AI","fourier_country_k2","imputed_scaled_annual_residual",0.429,7e-04,0.357584951758061,0.000583471949255577,"WHO annual total 5892; observed weeks 980.8; imputed 5892 -> 4911.2"
"MOZ",2017-08-07,"AI","fourier_country_k2","imputed_scaled_annual_residual",11.3638,0.0193,9.47208362421504,0.0160871551723323,"WHO annual total 5892; observed weeks 980.8; imputed 5892 -> 4911.2"
"MOZ",2019-04-15,"AI","fourier_country_k2","imputed_scaled_annual_residual",921.0181,1.0511,41.0233217195048,0.0468173355761103,"WHO annual total 7010; observed weeks 6722; imputed 6465.9 -> 288"
"MOZ",2019-05-13,"AI","fourier_country_k2","imputed_scaled_annual_residual",446.1044,0.5091,19.870059363314,0.0226759637920253,"WHO annual total 7010; observed weeks 6722; imputed 6465.9 -> 288"
"MOZ",2019-05-20,"AI","fourier_country_k2","imputed_scaled_annual_residual",332.0991,0.379,14.7921177901477,0.0168811437383178,"WHO annual total 7010; observed weeks 6722; imputed 6465.9 -> 288"
"MOZ",2019-05-27,"AI","fourier_country_k2","imputed_scaled_annual_residual",228.2463,0.2605,10.1663815251694,0.0116030024903213,"WHO annual total 7010; observed weeks 6722; imputed 6465.9 -> 288"
"MOZ",2019-06-03,"AI","fourier_country_k2","imputed_scaled_annual_residual",137.7683,0.1572,6.13637592317595,0.00700188864291175,"WHO annual total 7010; observed weeks 6722; imputed 6465.9 -> 288"
"MOZ",2019-06-10,"AI","fourier_country_k2","imputed_scaled_annual_residual",63.1062,0.072,2.81083069387607,0.00320697189751683,"WHO annual total 7010; observed weeks 6722; imputed 6465.9 -> 288"
"MOZ",2019-06-17,"AI","fourier_country_k2","imputed_scaled_annual_residual",5.8188,0.0066,0.259176778850985,0.000293972423939043,"WHO annual total 7010; observed weeks 6722; imputed 6465.9 -> 288"
"MOZ",2019-06-24,"AI","fourier_country_k2","imputed_scaled_annual_residual",0,0,0,0,"WHO annual total 7010; observed weeks 6722; imputed 6465.9 -> 288"
"MOZ",2019-07-01,"AI","fourier_country_k2","imputed_scaled_annual_residual",0,0,0,0,"WHO annual total 7010; observed weeks 6722; imputed 6465.9 -> 288"
"MOZ",2019-07-08,"AI","fourier_country_k2","imputed_scaled_annual_residual",0,0,0,0,"WHO annual total 7010; observed weeks 6722; imputed 6465.9 -> 288"
"MOZ",2019-07-15,"AI","fourier_country_k2","imputed_scaled_annual_residual",0,0,0,0,"WHO annual total 7010; observed weeks 6722; imputed 6465.9 -> 288"
"MOZ",2019-07-22,"AI","fourier_country_k2","imputed_scaled_annual_residual",0,0,0,0,"WHO annual total 7010; observed weeks 6722; imputed 6465.9 -> 288"
"MOZ",2019-07-29,"AI","fourier_country_k2","imputed_scaled_annual_residual",1.4215,0.0016,0.0633154243377803,7.12660421670408e-05,"WHO annual total 7010; observed weeks 6722; imputed 6465.9 -> 288"
"MOZ",2019-08-05,"AI","fourier_country_k2","imputed_scaled_annual_residual",37.6592,0.043,1.67738883448564,0.00191527488323922,"WHO annual total 7010; observed weeks 6722; imputed 6465.9 -> 288"
"MOZ",2019-08-12,"AI","fourier_country_k2","imputed_scaled_annual_residual",76.3323,0.0871,3.399938069067,0.00387954517046828,"WHO annual total 7010; observed weeks 6722; imputed 6465.9 -> 288"
"MOZ",2019-08-19,"AI","fourier_country_k2","imputed_scaled_annual_residual",114.3227,0.1305,5.09207897428122,0.00581263656424926,"WHO annual total 7010; observed weeks 6722; imputed 6465.9 -> 288"
"MOZ",2019-08-26,"AI","fourier_country_k2","imputed_scaled_annual_residual",148.8814,0.1699,6.63136758143004,0.00756756285261264,"WHO annual total 7010; observed weeks 6722; imputed 6465.9 -> 288"
"MOZ",2019-09-02,"AI","fourier_country_k2","imputed_scaled_annual_residual",177.7966,0.2029,7.9192874954728,0.00903742497230785,"WHO annual total 7010; observed weeks 6722; imputed 6465.9 -> 288"
"MOZ",2019-09-09,"AI","fourier_country_k2","imputed_scaled_annual_residual",199.525,0.2277,8.88709816461175,0.010142048625897,"WHO annual total 7010; observed weeks 6722; imputed 6465.9 -> 288"
"MOZ",2019-09-16,"AI","fourier_country_k2","imputed_scaled_annual_residual",213.2796,0.2434,9.49974560435599,0.0108413466646611,"WHO annual total 7010; observed weeks 6722; imputed 6465.9 -> 288"
"MOZ",2019-09-23,"AI","fourier_country_k2","imputed_scaled_annual_residual",219.0684,0.25,9.75758614491634,0.0111353190886001,"WHO annual total 7010; observed weeks 6722; imputed 6465.9 -> 288"
"MOZ",2019-09-30,"AI","fourier_country_k2","imputed_scaled_annual_residual",217.6823,0.2484,9.69584748176151,0.0110640530464331,"WHO annual total 7010; observed weeks 6722; imputed 6465.9 -> 288"
"MOZ",2019-10-07,"AI","fourier_country_k2","imputed_scaled_annual_residual",210.6325,0.2404,9.38184039171826,0.0107077228355979,"WHO annual total 7010; observed weeks 6722; imputed 6465.9 -> 288"
"MOZ",2019-10-14,"AI","fourier_country_k2","imputed_scaled_annual_residual",200.042,0.2283,8.91012600448698,0.0101687733917096,"WHO annual total 7010; observed weeks 6722; imputed 6465.9 -> 288"
"MOZ",2019-10-21,"AI","fourier_country_k2","imputed_scaled_annual_residual",188.4971,0.2151,8.39590142310306,0.00958082854383154,"WHO annual total 7010; observed weeks 6722; imputed 6465.9 -> 288"
"MOZ",2019-10-28,"AI","fourier_country_k2","imputed_scaled_annual_residual",178.8685,0.2041,7.96703128959708,0.00909087450393314,"WHO annual total 7010; observed weeks 6722; imputed 6465.9 -> 288"
"MOZ",2019-11-04,"AI","fourier_country_k2","imputed_scaled_annual_residual",174.1123,0.1987,7.75518407100028,0.00885035161161937,"WHO annual total 7010; observed weeks 6722; imputed 6465.9 -> 288"
"MOZ",2019-11-11,"AI","fourier_country_k2","imputed_scaled_annual_residual",177.0631,0.2021,7.88661646926685,0.00900179195122433,"WHO annual total 7010; observed weeks 6722; imputed 6465.9 -> 288"
"MOZ",2019-11-18,"AI","fourier_country_k2","imputed_scaled_annual_residual",190.2323,0.2171,8.47318944583322,0.00966991109654034,"WHO annual total 7010; observed weeks 6722; imputed 6465.9 -> 288"
"MOZ",2019-11-25,"AI","fourier_country_k2","imputed_scaled_annual_residual",215.6228,0.2461,9.60411472310962,0.010961608110818,"WHO annual total 7010; observed weeks 6722; imputed 6465.9 -> 288"
"MOZ",2019-12-02,"AI","fourier_country_k2","imputed_scaled_annual_residual",254.5721,0.2905,11.3389662582201,0.0129392407809533,"WHO annual total 7010; observed weeks 6722; imputed 6465.9 -> 288"
"MOZ",2019-12-09,"AI","fourier_country_k2","imputed_scaled_annual_residual",307.634,0.3511,13.7024110100096,0.01563844212803,"WHO annual total 7010; observed weeks 6722; imputed 6465.9 -> 288"
"MOZ",2019-12-16,"AI","fourier_country_k2","imputed_scaled_annual_residual",374.5048,0.4274,16.6809217928495,0.0190369415138708,"WHO annual total 7010; observed weeks 6722; imputed 6465.9 -> 288"
"MOZ",2019-12-23,"AI","fourier_country_k2","imputed_scaled_annual_residual",454.0009,0.5181,20.2217795520465,0.0230768352792149,"WHO annual total 7010; observed weeks 6722; imputed 6465.9 -> 288"
"MOZ",2022-01-03,"AI","fourier_country_k2","imputed_scaled_annual_residual",119.1159,0.5972,50.7662271789802,0.254521779806785,"WHO annual total 4378; observed weeks 2860; imputed 4984.2 -> 2124.2"
"MOZ",2022-01-10,"AI","fourier_country_k2","imputed_scaled_annual_residual",140.543,0.7046,59.898282818796,0.300294785753283,"WHO annual total 4378; observed weeks 2860; imputed 4984.2 -> 2124.2"
"MOZ",2022-01-17,"AI","fourier_country_k2","imputed_scaled_annual_residual",162.9199,0.8168,69.4351354888536,0.348113512635937,"WHO annual total 4378; observed weeks 2860; imputed 4984.2 -> 2124.2"
"MOZ",2022-01-24,"AI","fourier_country_k2","imputed_scaled_annual_residual",185.388,0.9295,79.0108568566983,0.396145335449441,"WHO annual total 4378; observed weeks 2860; imputed 4984.2 -> 2124.2"
"MOZ",2022-01-31,"AI","fourier_country_k2","imputed_scaled_annual_residual",207.0279,1.038,88.2336061246836,0.442387152443809,"WHO annual total 4378; observed weeks 2860; imputed 4984.2 -> 2124.2"
"MOZ",2022-02-07,"AI","fourier_country_k2","imputed_scaled_annual_residual",226.9078,1.1376,96.7062577160783,0.484835861869053,"WHO annual total 4378; observed weeks 2860; imputed 4984.2 -> 2124.2"
"MOZ",2022-02-14,"AI","fourier_country_k2","imputed_scaled_annual_residual",244.1322,1.224,104.047156818731,0.521658838719867,"WHO annual total 4378; observed weeks 2860; imputed 4984.2 -> 2124.2"
"MOZ",2022-02-21,"AI","fourier_country_k2","imputed_scaled_annual_residual",257.8909,1.293,109.911002786292,0.551066077177114,"WHO annual total 4378; observed weeks 2860; imputed 4984.2 -> 2124.2"
"MOZ",2022-02-28,"AI","fourier_country_k2","imputed_scaled_annual_residual",267.5026,1.3412,114.007431103386,0.571608524911018,"WHO annual total 4378; observed weeks 2860; imputed 4984.2 -> 2124.2"
"MOZ",2022-03-07,"AI","fourier_country_k2","imputed_scaled_annual_residual",272.4534,1.366,116.117421772287,0.582178083081159,"WHO annual total 4378; observed weeks 2860; imputed 4984.2 -> 2124.2"
"MOZ",2022-03-14,"AI","fourier_country_k2","imputed_scaled_annual_residual",272.4253,1.3659,116.105445780973,0.582135463894989,"WHO annual total 4378; observed weeks 2860; imputed 4984.2 -> 2124.2"
"MOZ",2022-03-21,"AI","fourier_country_k2","imputed_scaled_annual_residual",267.316,1.3402,113.927903701993,0.571182333049318,"WHO annual total 4378; observed weeks 2860; imputed 4984.2 -> 2124.2"
"MOZ",2022-03-28,"AI","fourier_country_k2","imputed_scaled_annual_residual",257.2455,1.2897,109.635938558751,0.549659644033507,"WHO annual total 4378; observed weeks 2860; imputed 4984.2 -> 2124.2"
"MOZ",2022-04-04,"AI","fourier_country_k2","imputed_scaled_annual_residual",242.5524,1.2161,103.373858915618,0.518291923012443,"WHO annual total 4378; observed weeks 2860; imputed 4984.2 -> 2124.2"
"MOZ",2022-04-11,"AI","fourier_country_k2","imputed_scaled_annual_residual",223.7774,1.1219,95.372106712215,0.478144649640375,"WHO annual total 4378; observed weeks 2860; imputed 4984.2 -> 2124.2"
"MOZ",2022-04-18,"AI","fourier_country_k2","imputed_scaled_annual_residual",201.6364,1.0109,85.9357927023322,0.430837352991759,"WHO annual total 4378; observed weeks 2860; imputed 4984.2 -> 2124.2"
"MOZ",2022-04-25,"AI","fourier_country_k2","imputed_scaled_annual_residual",176.9849,0.8873,75.4295240236534,0.378160038885734,"WHO annual total 4378; observed weeks 2860; imputed 4984.2 -> 2124.2"
"MOZ",2022-05-02,"AI","fourier_country_k2","imputed_scaled_annual_residual",150.7737,0.7559,64.2585238982823,0.322158428258454,"WHO annual total 4378; observed weeks 2860; imputed 4984.2 -> 2124.2"
"MOZ",2022-05-09,"AI","fourier_country_k2","imputed_scaled_annual_residual",124.0017,0.6217,52.8485153768704,0.264963480418416,"WHO annual total 4378; observed weeks 2860; imputed 4984.2 -> 2124.2"
"MOZ",2022-05-16,"AI","fourier_country_k2","imputed_scaled_annual_residual",97.6646,0.4897,41.6238576961114,0.208706154674117,"WHO annual total 4378; observed weeks 2860; imputed 4984.2 -> 2124.2"
"MOZ",2022-05-23,"AI","fourier_country_k2","imputed_scaled_annual_residual",72.7057,0.3645,30.9865776391463,0.155346933589372,"WHO annual total 4378; observed weeks 2860; imputed 4984.2 -> 2124.2"
"MOZ",2022-05-30,"AI","fourier_country_k2","imputed_scaled_annual_residual",49.9694,0.2505,21.2965516139939,0.106761061355659,"WHO annual total 4378; observed weeks 2860; imputed 4984.2 -> 2124.2"
"MOZ",2022-06-06,"AI","fourier_country_k2","imputed_scaled_annual_residual",30.1613,0.1512,12.8545005982692,0.0644402094889247,"WHO annual total 4378; observed weeks 2860; imputed 4984.2 -> 2124.2"
"MOZ",2022-06-13,"AI","fourier_country_k2","imputed_scaled_annual_residual",13.8157,0.0693,5.88813890367816,0.0295350960157572,"WHO annual total 4378; observed weeks 2860; imputed 4984.2 -> 2124.2"
"MOZ",2022-06-20,"AI","fourier_country_k2","imputed_scaled_annual_residual",1.2739,0.0064,0.542925812618659,0.00272762791487512,"WHO annual total 4378; observed weeks 2860; imputed 4984.2 -> 2124.2"
"MOZ",2022-06-27,"AI","fourier_country_k2","imputed_scaled_annual_residual",0,0,0,0,"WHO annual total 4378; observed weeks 2860; imputed 4984.2 -> 2124.2"
"MOZ",2022-07-04,"AI","fourier_country_k2","imputed_scaled_annual_residual",0,0,0,0,"WHO annual total 4378; observed weeks 2860; imputed 4984.2 -> 2124.2"
"MOZ",2022-07-11,"AI","fourier_country_k2","imputed_scaled_annual_residual",0,0,0,0,"WHO annual total 4378; observed weeks 2860; imputed 4984.2 -> 2124.2"
"MOZ",2022-07-18,"AI","fourier_country_k2","imputed_scaled_annual_residual",0,0,0,0,"WHO annual total 4378; observed weeks 2860; imputed 4984.2 -> 2124.2"
"MOZ",2022-07-25,"AI","fourier_country_k2","imputed_scaled_annual_residual",0,0,0,0,"WHO annual total 4378; observed weeks 2860; imputed 4984.2 -> 2124.2"
"MOZ",2022-08-01,"AI","fourier_country_k2","imputed_scaled_annual_residual",0.3112,0.0016,0.132630907360803,0.00068190697871878,"WHO annual total 4378; observed weeks 2860; imputed 4984.2 -> 2124.2"
"MOZ",2022-08-08,"AI","fourier_country_k2","imputed_scaled_annual_residual",8.2446,0.0413,3.51378142296553,0.0176017238881785,"WHO annual total 4378; observed weeks 2860; imputed 4984.2 -> 2124.2"
"MOZ",2022-08-15,"AI","fourier_country_k2","imputed_scaled_annual_residual",16.7113,0.0838,7.12222005841447,0.0357148780103961,"WHO annual total 4378; observed weeks 2860; imputed 4984.2 -> 2124.2"
"MOZ",2022-08-22,"AI","fourier_country_k2","imputed_scaled_annual_residual",25.0284,0.1255,10.6669003913532,0.0534870786432543,"WHO annual total 4378; observed weeks 2860; imputed 4984.2 -> 2124.2"
"MOZ",2022-08-29,"AI","fourier_country_k2","imputed_scaled_annual_residual",32.5943,0.1634,13.8914253977835,0.0696397502016554,"WHO annual total 4378; observed weeks 2860; imputed 4984.2 -> 2124.2"
"MOZ",2022-09-05,"AI","fourier_country_k2","imputed_scaled_annual_residual",635.1691,2.6511,270.703901222829,1.12987724455085,"WHO annual total 4378; observed weeks 2860; imputed 4984.2 -> 2124.2"
"MWI",2019-06-10,"AI","fourier_country_k2","imputed_dropped_annual_accounted",0,0,NA,NA,"WHO annual total 23; observed weeks 23; imputed 18.4 -> 0"
"MWI",2019-06-17,"AI","fourier_country_k2","imputed_dropped_annual_accounted",0,0,NA,NA,"WHO annual total 23; observed weeks 23; imputed 18.4 -> 0"
"MWI",2019-06-24,"AI","fourier_country_k2","imputed_dropped_annual_accounted",0,0,NA,NA,"WHO annual total 23; observed weeks 23; imputed 18.4 -> 0"
"MWI",2019-07-01,"AI","fourier_country_k2","imputed_dropped_annual_accounted",0.1666,0,NA,NA,"WHO annual total 23; observed weeks 23; imputed 18.4 -> 0"
"MWI",2019-07-08,"AI","fourier_country_k2","imputed_dropped_annual_accounted",0.3813,0,NA,NA,"WHO annual total 23; observed weeks 23; imputed 18.4 -> 0"
"MWI",2019-07-15,"AI","fourier_country_k2","imputed_dropped_annual_accounted",0.5621,0,NA,NA,"WHO annual total 23; observed weeks 23; imputed 18.4 -> 0"
"MWI",2019-07-22,"AI","fourier_country_k2","imputed_dropped_annual_accounted",0.6921,0,NA,NA,"WHO annual total 23; observed weeks 23; imputed 18.4 -> 0"
"MWI",2019-07-29,"AI","fourier_country_k2","imputed_dropped_annual_accounted",0.7594,0,NA,NA,"WHO annual total 23; observed weeks 23; imputed 18.4 -> 0"
"MWI",2019-08-05,"AI","fourier_country_k2","imputed_dropped_annual_accounted",0.7571,0,NA,NA,"WHO annual total 23; observed weeks 23; imputed 18.4 -> 0"
"MWI",2019-08-12,"AI","fourier_country_k2","imputed_dropped_annual_accounted",0.6843,0,NA,NA,"WHO annual total 23; observed weeks 23; imputed 18.4 -> 0"
"MWI",2019-08-19,"AI","fourier_country_k2","imputed_dropped_annual_accounted",0.5457,0,NA,NA,"WHO annual total 23; observed weeks 23; imputed 18.4 -> 0"
"MWI",2019-08-26,"AI","fourier_country_k2","imputed_dropped_annual_accounted",0.3516,0,NA,NA,"WHO annual total 23; observed weeks 23; imputed 18.4 -> 0"
"MWI",2019-09-02,"AI","fourier_country_k2","imputed_dropped_annual_accounted",0.1175,0,NA,NA,"WHO annual total 23; observed weeks 23; imputed 18.4 -> 0"
"MWI",2019-09-09,"AI","fourier_country_k2","imputed_dropped_annual_accounted",0,0,NA,NA,"WHO annual total 23; observed weeks 23; imputed 18.4 -> 0"
"MWI",2019-09-16,"AI","fourier_country_k2","imputed_dropped_annual_accounted",0,0,NA,NA,"WHO annual total 23; observed weeks 23; imputed 18.4 -> 0"
"MWI",2019-09-23,"AI","fourier_country_k2","imputed_dropped_annual_accounted",0,0,NA,NA,"WHO annual total 23; observed weeks 23; imputed 18.4 -> 0"
"MWI",2019-09-30,"AI","fourier_country_k2","imputed_dropped_annual_accounted",0,0,NA,NA,"WHO annual total 23; observed weeks 23; imputed 18.4 -> 0"
"MWI",2019-10-07,"AI","fourier_country_k2","imputed_dropped_annual_accounted",0,0,NA,NA,"WHO annual total 23; observed weeks 23; imputed 18.4 -> 0"
"MWI",2019-10-14,"AI","fourier_country_k2","imputed_dropped_annual_accounted",0,0,NA,NA,"WHO annual total 23; observed weeks 23; imputed 18.4 -> 0"
"MWI",2019-10-21,"AI","fourier_country_k2","imputed_dropped_annual_accounted",0,0,NA,NA,"WHO annual total 23; observed weeks 23; imputed 18.4 -> 0"
"MWI",2019-11-04,"AI","fourier_country_k2","imputed_dropped_annual_accounted",0,0,NA,NA,"WHO annual total 23; observed weeks 23; imputed 18.4 -> 0"
"MWI",2019-11-11,"AI","fourier_country_k2","imputed_dropped_annual_accounted",0.0499,0,NA,NA,"WHO annual total 23; observed weeks 23; imputed 18.4 -> 0"
"MWI",2019-11-18,"AI","fourier_country_k2","imputed_dropped_annual_accounted",0.5672,0,NA,NA,"WHO annual total 23; observed weeks 23; imputed 18.4 -> 0"
"MWI",2019-11-25,"AI","fourier_country_k2","imputed_dropped_annual_accounted",1.17,0,NA,NA,"WHO annual total 23; observed weeks 23; imputed 18.4 -> 0"
"MWI",2019-12-02,"AI","fourier_country_k2","imputed_dropped_annual_accounted",1.8371,0,NA,NA,"WHO annual total 23; observed weeks 23; imputed 18.4 -> 0"
"MWI",2019-12-09,"AI","fourier_country_k2","imputed_dropped_annual_accounted",2.543,0,NA,NA,"WHO annual total 23; observed weeks 23; imputed 18.4 -> 0"
"MWI",2019-12-16,"AI","fourier_country_k2","imputed_dropped_annual_accounted",3.259,0,NA,NA,"WHO annual total 23; observed weeks 23; imputed 18.4 -> 0"
"MWI",2019-12-23,"AI","fourier_country_k2","imputed_dropped_annual_accounted",3.955,0,NA,NA,"WHO annual total 23; observed weeks 23; imputed 18.4 -> 0"
"NAM",2024-12-30,"WHO","who_catchup_uniform","who_catchup_uniform",NA,NA,2,0,"WHO report of   22 cases /  0 deaths spread over 12 weeks from 2024-12-30 (uniform)"
"NAM",2025-01-06,"WHO","who_catchup_uniform","who_catchup_uniform",NA,NA,2,0,"WHO report of   22 cases /  0 deaths spread over 12 weeks from 2024-12-30 (uniform)"
"NAM",2025-01-13,"WHO","who_catchup_uniform","who_catchup_uniform",NA,NA,2,0,"WHO report of   22 cases /  0 deaths spread over 12 weeks from 2024-12-30 (uniform)"
"NAM",2025-01-20,"WHO","who_catchup_uniform","who_catchup_uniform",NA,NA,1,0,"WHO report of   22 cases /  0 deaths spread over 12 weeks from 2024-12-30 (uniform)"
"NAM",2025-01-27,"WHO","who_catchup_uniform","who_catchup_uniform",NA,NA,2,0,"WHO report of   22 cases /  0 deaths spread over 12 weeks from 2024-12-30 (uniform)"
"NAM",2025-02-03,"WHO","who_catchup_uniform","who_catchup_uniform",NA,NA,2,0,"WHO report of   22 cases /  0 deaths spread over 12 weeks from 2024-12-30 (uniform)"
"NAM",2025-02-10,"WHO","who_catchup_uniform","who_catchup_uniform",NA,NA,2,0,"WHO report of   22 cases /  0 deaths spread over 12 weeks from 2024-12-30 (uniform)"
"NAM",2025-02-17,"WHO","who_catchup_uniform","who_catchup_uniform",NA,NA,2,0,"WHO report of   22 cases /  0 deaths spread over 12 weeks from 2024-12-30 (uniform)"
"NAM",2025-02-24,"WHO","who_catchup_uniform","who_catchup_uniform",NA,NA,1,0,"WHO report of   22 cases /  0 deaths spread over 12 weeks from 2024-12-30 (uniform)"
"NAM",2025-03-03,"WHO","who_catchup_uniform","who_catchup_uniform",NA,NA,2,0,"WHO report of   22 cases /  0 deaths spread over 12 weeks from 2024-12-30 (uniform)"
"NAM",2025-03-10,"WHO","who_catchup_uniform","who_catchup_uniform",NA,NA,2,0,"WHO report of   22 cases /  0 deaths spread over 12 weeks from 2024-12-30 (uniform)"
"NAM",2025-03-17,"WHO","who_catchup_uniform","who_catchup_uniform",22,0,2,0,"WHO report of   22 cases /  0 deaths spread over 12 weeks from 2024-12-30 (uniform)"
"NAM",2025-03-17,"AI","observed","who_copy_dropped",22,NA,NA,NA,"repeats the WHO dashboard value of a multi-week report window"
"NAM",2026-04-20,"AI","fourier_country_k1","imputed_dropped_annual_accounted",4.6281,0,NA,NA,"WHO annual total 213; observed weeks 213; imputed 4.6 -> 0"
"NER",2006-12-04,"AI","fourier_country_k3","imputed_scaled_annual_residual",0,0,0,0,"WHO annual total 1232; observed weeks 1217; imputed 40.9 -> 15"
"NER",2006-12-11,"AI","fourier_country_k3","imputed_scaled_annual_residual",6.0192,0.2131,2.20664035291385,0.078122517810663,"WHO annual total 1232; observed weeks 1217; imputed 40.9 -> 15"
"NER",2006-12-18,"AI","fourier_country_k3","imputed_scaled_annual_residual",13.8723,0.4911,5.0855889433358,0.18003739322767,"WHO annual total 1232; observed weeks 1217; imputed 40.9 -> 15"
"NER",2006-12-25,"AI","fourier_country_k3","imputed_scaled_annual_residual",21.025,0.7443,7.7077707037503,0.27286058191683,"WHO annual total 1232; observed weeks 1217; imputed 40.9 -> 15"
"NER",2012-01-02,"AI","fourier_country_k3","imputed_scaled_annual_residual",159.9382,3.43,154.815930319595,3.32014891374425,"WHO annual total 5284; observed weeks 194; imputed 6057.5 -> 5863.5"
"NER",2012-01-09,"AI","fourier_country_k3","imputed_scaled_annual_residual",181.3316,3.8889,175.524173401605,3.76435192730612,"WHO annual total 5284; observed weeks 194; imputed 6057.5 -> 5863.5"
"NER",2012-01-16,"AI","fourier_country_k3","imputed_scaled_annual_residual",188.6421,4.0456,182.600543265724,3.91603336601858,"WHO annual total 5284; observed weeks 194; imputed 6057.5 -> 5863.5"
"NER",2012-01-23,"AI","fourier_country_k3","imputed_scaled_annual_residual",182.1347,3.9061,176.301552874675,3.78100107054706,"WHO annual total 5284; observed weeks 194; imputed 6057.5 -> 5863.5"
"NER",2012-01-30,"AI","fourier_country_k3","imputed_scaled_annual_residual",163.8338,3.5136,158.586767668977,3.40107149368274,"WHO annual total 5284; observed weeks 194; imputed 6057.5 -> 5863.5"
"NER",2012-02-06,"AI","fourier_country_k3","imputed_scaled_annual_residual",137.1698,2.9418,132.776723751754,2.84758427826613,"WHO annual total 5284; observed weeks 194; imputed 6057.5 -> 5863.5"
"NER",2012-02-13,"AI","fourier_country_k3","imputed_scaled_annual_residual",106.4578,2.2831,103.048323332246,2.20998017054504,"WHO annual total 5284; observed weeks 194; imputed 6057.5 -> 5863.5"
"NER",2012-02-20,"AI","fourier_country_k3","imputed_scaled_annual_residual",76.2806,1.6359,73.837595110717,1.58350775743272,"WHO annual total 5284; observed weeks 194; imputed 6057.5 -> 5863.5"
"NER",2012-02-27,"AI","fourier_country_k3","imputed_scaled_annual_residual",50.8587,1.0907,49.2298710085844,1.0557686356329,"WHO annual total 5284; observed weeks 194; imputed 6057.5 -> 5863.5"
"NER",2012-03-05,"AI","fourier_country_k3","imputed_scaled_annual_residual",33.4921,0.7183,32.4194633918407,0.695295324997811,"WHO annual total 5284; observed weeks 194; imputed 6057.5 -> 5863.5"
"NER",2012-03-12,"AI","fourier_country_k3","imputed_scaled_annual_residual",26.1464,0.5607,25.3090208624847,0.542742710185539,"WHO annual total 5284; observed weeks 194; imputed 6057.5 -> 5863.5"
"NER",2012-03-19,"AI","fourier_country_k3","imputed_scaled_annual_residual",29.2363,0.627,28.2999620078428,0.606919349538671,"WHO annual total 5284; observed weeks 194; imputed 6057.5 -> 5863.5"
"NER",2012-03-26,"AI","fourier_country_k3","imputed_scaled_annual_residual",41.6312,0.8928,40.297896051857,0.864206691017745,"WHO annual total 5284; observed weeks 194; imputed 6057.5 -> 5863.5"
"NER",2012-04-02,"AI","fourier_country_k3","imputed_scaled_annual_residual",60.8798,1.3056,58.930029690661,1.26378612880014,"WHO annual total 5284; observed weeks 194; imputed 6057.5 -> 5863.5"
"NER",2012-04-09,"AI","fourier_country_k3","imputed_scaled_annual_residual",83.6177,1.7933,80.9397130684526,1.73586677755614,"WHO annual total 5284; observed weeks 194; imputed 6057.5 -> 5863.5"
"NER",2012-04-16,"AI","fourier_country_k3","imputed_scaled_annual_residual",106.1009,2.2754,102.702853609996,2.20252677502439,"WHO annual total 5284; observed weeks 194; imputed 6057.5 -> 5863.5"
"NER",2012-04-23,"AI","fourier_country_k3","imputed_scaled_annual_residual",124.7882,2.6762,120.791663754548,2.59049053147591,"WHO annual total 5284; observed weeks 194; imputed 6057.5 -> 5863.5"
"NER",2012-04-30,"AI","fourier_country_k3","imputed_scaled_annual_residual",136.8916,2.9358,132.507433539566,2.84177643760069,"WHO annual total 5284; observed weeks 194; imputed 6057.5 -> 5863.5"
"NER",2012-05-07,"AI","fourier_country_k3","imputed_scaled_annual_residual",140.8168,3.02,136.306922902898,2.92327980160572,"WHO annual total 5284; observed weeks 194; imputed 6057.5 -> 5863.5"
"NER",2012-05-14,"AI","fourier_country_k3","imputed_scaled_annual_residual",136.4305,2.9259,132.061100984427,2.83219350050271,"WHO annual total 5284; observed weeks 194; imputed 6057.5 -> 5863.5"
"NER",2012-05-21,"AI","fourier_country_k3","imputed_scaled_annual_residual",125.1165,2.6833,121.109449436292,2.59736314293001,"WHO annual total 5284; observed weeks 194; imputed 6057.5 -> 5863.5"
"NER",2012-05-28,"AI","fourier_country_k3","imputed_scaled_annual_residual",109.6094,2.3507,106.098988439113,2.27541517537569,"WHO annual total 5284; observed weeks 194; imputed 6057.5 -> 5863.5"
"NER",2012-06-04,"AI","fourier_country_k3","imputed_scaled_annual_residual",93.6263,2.0079,90.6277720824761,1.94359387869011,"WHO annual total 5284; observed weeks 194; imputed 6057.5 -> 5863.5"
"NER",2012-06-11,"AI","fourier_country_k3","imputed_scaled_annual_residual",81.3439,1.7445,78.738735050939,1.68862967347721,"WHO annual total 5284; observed weeks 194; imputed 6057.5 -> 5863.5"
"NER",2012-06-18,"AI","fourier_country_k3","imputed_scaled_annual_residual",76.7903,1.6469,74.3309711752463,1.59415546531936,"WHO annual total 5284; observed weeks 194; imputed 6057.5 -> 5863.5"
"NER",2012-06-25,"AI","fourier_country_k3","imputed_scaled_annual_residual",83.2342,1.785,80.5684952525864,1.72783259796895,"WHO annual total 5284; observed weeks 194; imputed 6057.5 -> 5863.5"
"NER",2012-07-02,"AI","fourier_country_k3","imputed_scaled_annual_residual",102.6545,2.2015,99.3668299317664,2.13099353749503,"WHO annual total 5284; observed weeks 194; imputed 6057.5 -> 5863.5"
"NER",2012-07-09,"AI","fourier_country_k3","imputed_scaled_annual_residual",135.3648,2.903,131.0295316849,2.81002690862961,"WHO annual total 5284; observed weeks 194; imputed 6057.5 -> 5863.5"
"NER",2012-07-30,"AI","fourier_country_k3","imputed_scaled_annual_residual",289.5815,6.2104,280.307201943274,6.01150227810999,"WHO annual total 5284; observed weeks 194; imputed 6057.5 -> 5863.5"
"NER",2012-08-06,"AI","fourier_country_k3","imputed_scaled_annual_residual",250.6432,NA,242.615961579412,NA,"WHO annual total 5284; observed weeks 194; imputed 6057.5 -> 5863.5"
"NER",2012-08-13,"AI","fourier_country_k3","imputed_scaled_annual_residual",284.8542,NA,275.731301080317,NA,"WHO annual total 5284; observed weeks 194; imputed 6057.5 -> 5863.5"
"NER",2012-08-20,"AI","fourier_country_k3","imputed_scaled_annual_residual",309.3314,NA,299.424580669676,NA,"WHO annual total 5284; observed weeks 194; imputed 6057.5 -> 5863.5"
"NER",2012-08-27,"AI","fourier_country_k3","imputed_scaled_annual_residual",320.8571,NA,310.581152195956,NA,"WHO annual total 5284; observed weeks 194; imputed 6057.5 -> 5863.5"
"NER",2012-09-03,"AI","fourier_country_k3","imputed_scaled_annual_residual",317.4354,NA,307.269037461799,NA,"WHO annual total 5284; observed weeks 194; imputed 6057.5 -> 5863.5"
"NER",2012-09-10,"AI","fourier_country_k3","imputed_scaled_annual_residual",298.5691,NA,289.006960070728,NA,"WHO annual total 5284; observed weeks 194; imputed 6057.5 -> 5863.5"
"NER",2012-09-17,"AI","fourier_country_k3","imputed_scaled_annual_residual",265.3636,NA,256.864917868007,NA,"WHO annual total 5284; observed weeks 194; imputed 6057.5 -> 5863.5"
"NER",2012-09-24,"AI","fourier_country_k3","imputed_scaled_annual_residual",220.4408,NA,213.380840427088,NA,"WHO annual total 5284; observed weeks 194; imputed 6057.5 -> 5863.5"
"NER",2012-10-01,"AI","fourier_country_k3","imputed_scaled_annual_residual",167.6709,NA,162.300978571872,NA,"WHO annual total 5284; observed weeks 194; imputed 6057.5 -> 5863.5"
"NER",2012-10-08,"AI","fourier_country_k3","imputed_scaled_annual_residual",111.7549,NA,108.175775463731,NA,"WHO annual total 5284; observed weeks 194; imputed 6057.5 -> 5863.5"
"NER",2012-10-15,"AI","fourier_country_k3","imputed_scaled_annual_residual",57.7053,NA,55.8571979919201,NA,"WHO annual total 5284; observed weeks 194; imputed 6057.5 -> 5863.5"
"NER",2012-10-22,"AI","fourier_country_k3","imputed_scaled_annual_residual",10.2894,NA,9.9598659571662,NA,"WHO annual total 5284; observed weeks 194; imputed 6057.5 -> 5863.5"
"NER",2012-10-29,"AI","fourier_country_k3","imputed_scaled_annual_residual",0,0,0,0,"WHO annual total 5284; observed weeks 194; imputed 6057.5 -> 5863.5"
"NER",2012-11-05,"AI","fourier_country_k3","imputed_scaled_annual_residual",0,0,0,0,"WHO annual total 5284; observed weeks 194; imputed 6057.5 -> 5863.5"
"NER",2012-11-12,"AI","fourier_country_k3","imputed_scaled_annual_residual",0,0,0,0,"WHO annual total 5284; observed weeks 194; imputed 6057.5 -> 5863.5"
"NER",2012-11-19,"AI","fourier_country_k3","imputed_scaled_annual_residual",0,0,0,0,"WHO annual total 5284; observed weeks 194; imputed 6057.5 -> 5863.5"
"NER",2012-11-26,"AI","fourier_country_k3","imputed_scaled_annual_residual",0,0,0,0,"WHO annual total 5284; observed weeks 194; imputed 6057.5 -> 5863.5"
"NER",2012-12-03,"AI","fourier_country_k3","imputed_scaled_annual_residual",0,0,0,0,"WHO annual total 5284; observed weeks 194; imputed 6057.5 -> 5863.5"
"NER",2012-12-10,"AI","fourier_country_k3","imputed_scaled_annual_residual",26.2674,NA,25.4261456492378,NA,"WHO annual total 5284; observed weeks 194; imputed 6057.5 -> 5863.5"
"NER",2012-12-17,"AI","fourier_country_k3","imputed_scaled_annual_residual",60.538,NA,58.5991763674196,NA,"WHO annual total 5284; observed weeks 194; imputed 6057.5 -> 5863.5"
"NER",2012-12-24,"AI","fourier_country_k3","imputed_scaled_annual_residual",91.7522,NA,88.8136930506253,NA,"WHO annual total 5284; observed weeks 194; imputed 6057.5 -> 5863.5"
"NER",2012-12-31,"AI","fourier_country_k3","imputed_dropped_annual_accounted",116.3836,NA,NA,NA,"WHO annual total 585; observed weeks 593; imputed 479.5 -> 0"
"NER",2013-01-07,"AI","fourier_country_k3","imputed_dropped_annual_accounted",38.0721,NA,NA,NA,"WHO annual total 585; observed weeks 593; imputed 479.5 -> 0"
"NER",2013-01-14,"AI","fourier_country_k3","imputed_dropped_annual_accounted",39.607,NA,NA,NA,"WHO annual total 585; observed weeks 593; imputed 479.5 -> 0"
"NER",2013-01-21,"AI","fourier_country_k3","imputed_dropped_annual_accounted",38.2407,NA,NA,NA,"WHO annual total 585; observed weeks 593; imputed 479.5 -> 0"
"NER",2013-01-28,"AI","fourier_country_k3","imputed_dropped_annual_accounted",34.3983,NA,NA,NA,"WHO annual total 585; observed weeks 593; imputed 479.5 -> 0"
"NER",2013-02-04,"AI","fourier_country_k3","imputed_dropped_annual_accounted",28.7999,NA,NA,NA,"WHO annual total 585; observed weeks 593; imputed 479.5 -> 0"
"NER",2013-02-11,"AI","fourier_country_k3","imputed_dropped_annual_accounted",22.3517,NA,NA,NA,"WHO annual total 585; observed weeks 593; imputed 479.5 -> 0"
"NER",2013-02-18,"AI","fourier_country_k3","imputed_dropped_annual_accounted",16.0157,NA,NA,NA,"WHO annual total 585; observed weeks 593; imputed 479.5 -> 0"
"NER",2013-02-25,"AI","fourier_country_k3","imputed_dropped_annual_accounted",10.6782,NA,NA,NA,"WHO annual total 585; observed weeks 593; imputed 479.5 -> 0"
"NER",2013-03-04,"AI","fourier_country_k3","imputed_dropped_annual_accounted",7.0319,NA,NA,NA,"WHO annual total 585; observed weeks 593; imputed 479.5 -> 0"
"NER",2013-03-11,"AI","fourier_country_k3","imputed_dropped_annual_accounted",5.4897,NA,NA,NA,"WHO annual total 585; observed weeks 593; imputed 479.5 -> 0"
"NER",2013-03-18,"AI","fourier_country_k3","imputed_dropped_annual_accounted",6.1384,NA,NA,NA,"WHO annual total 585; observed weeks 593; imputed 479.5 -> 0"
"NER",2013-03-25,"AI","fourier_country_k3","imputed_dropped_annual_accounted",8.7408,NA,NA,NA,"WHO annual total 585; observed weeks 593; imputed 479.5 -> 0"
"NER",2013-04-01,"AI","fourier_country_k3","imputed_dropped_annual_accounted",12.7822,NA,NA,NA,"WHO annual total 585; observed weeks 593; imputed 479.5 -> 0"
"NER",2013-04-08,"AI","fourier_country_k3","imputed_dropped_annual_accounted",17.5562,NA,NA,NA,"WHO annual total 585; observed weeks 593; imputed 479.5 -> 0"
"NER",2013-04-15,"AI","fourier_country_k3","imputed_dropped_annual_accounted",22.2768,NA,NA,NA,"WHO annual total 585; observed weeks 593; imputed 479.5 -> 0"
"NER",2013-04-22,"AI","fourier_country_k3","imputed_dropped_annual_accounted",26.2003,NA,NA,NA,"WHO annual total 585; observed weeks 593; imputed 479.5 -> 0"
"NER",2013-04-29,"AI","fourier_country_k3","imputed_dropped_annual_accounted",28.7415,NA,NA,NA,"WHO annual total 585; observed weeks 593; imputed 479.5 -> 0"
"NGA",2013-12-30,"AI","fourier_country_k4","imputed_scaled_annual_residual",471.0654,NA,279.394450302694,NA,"WHO annual total 35996; observed weeks 28467; imputed 12694.1 -> 7529"
"NGA",2014-01-06,"AI","fourier_country_k4","imputed_scaled_annual_residual",1454.4046,21.1801,862.624539468849,12.5621673696605,"WHO annual total 35996; observed weeks 28467; imputed 12694.1 -> 7529"
"NGA",2014-01-13,"AI","fourier_country_k4","imputed_scaled_annual_residual",1358.325,19.7809,805.638594359523,11.7322853302165,"WHO annual total 35996; observed weeks 28467; imputed 12694.1 -> 7529"
"NGA",2014-01-20,"AI","fourier_country_k4","imputed_scaled_annual_residual",1235.9249,17.9984,733.041649951178,10.6750635353987,"WHO annual total 35996; observed weeks 28467; imputed 12694.1 -> 7529"
"NGA",2014-01-27,"AI","fourier_country_k4","imputed_scaled_annual_residual",1132.9518,16.4988,671.967088604783,9.78563307059717,"WHO annual total 35996; observed weeks 28467; imputed 12694.1 -> 7529"
"NGA",2014-02-03,"AI","fourier_country_k4","imputed_scaled_annual_residual",1093.4216,15.9232,648.52126027743,9.44423791486246,"WHO annual total 35996; observed weeks 28467; imputed 12694.1 -> 7529"
"NGA",2014-02-10,"AI","fourier_country_k4","imputed_scaled_annual_residual",1149.1601,16.7349,681.580422695635,9.92566676807626,"WHO annual total 35996; observed weeks 28467; imputed 12694.1 -> 7529"
"NGA",2014-02-17,"AI","fourier_country_k4","imputed_scaled_annual_residual",1312.8088,19.1181,778.642398759363,11.3391708249681,"WHO annual total 35996; observed weeks 28467; imputed 12694.1 -> 7529"
"NGA",2014-02-24,"AI","fourier_country_k4","imputed_scaled_annual_residual",1575.6368,22.9455,934.528788598559,13.6092469525897,"WHO annual total 35996; observed weeks 28467; imputed 12694.1 -> 7529"
"NGA",2014-03-03,"AI","fourier_country_k4","imputed_scaled_annual_residual",1910.3663,27.8201,1133.06080698198,16.5004297638204,"WHO annual total 35996; observed weeks 28467; imputed 12694.1 -> 7529"
"NGA",2019-12-30,"AI","fourier_country_k4","imputed_scaled_annual_residual",9.9502,0.5426,9.25280583795018,0.504570003384029,"WHO annual total 596; observed weeks 124; imputed 1769.2 -> 1645.2"
"NGA",2020-01-06,"AI","fourier_country_k4","imputed_scaled_annual_residual",10.9279,0.5956,10.1619803538156,0.553855315177898,"WHO annual total 596; observed weeks 124; imputed 1769.2 -> 1645.2"
"NGA",2020-01-13,"AI","fourier_country_k4","imputed_scaled_annual_residual",10.206,0.5563,9.49067721072134,0.517309791526973,"WHO annual total 596; observed weeks 124; imputed 1769.2 -> 1645.2"
"NGA",2020-01-20,"AI","fourier_country_k4","imputed_scaled_annual_residual",9.2863,0.5061,8.63543756436622,0.470628232054289,"WHO annual total 596; observed weeks 124; imputed 1769.2 -> 1645.2"
"NGA",2020-01-27,"AI","fourier_country_k4","imputed_scaled_annual_residual",8.5126,0.464,7.91596500333005,0.431478956082177,"WHO annual total 596; observed weeks 124; imputed 1769.2 -> 1645.2"
"NGA",2020-02-03,"AI","fourier_country_k4","imputed_scaled_annual_residual",8.2156,0.4478,7.63978127497573,0.416414389081032,"WHO annual total 596; observed weeks 124; imputed 1769.2 -> 1645.2"
"NGA",2020-02-10,"AI","fourier_country_k4","imputed_scaled_annual_residual",8.6344,0.4706,8.02922822930162,0.437616372267829,"WHO annual total 596; observed weeks 124; imputed 1769.2 -> 1645.2"
"NGA",2020-02-17,"AI","fourier_country_k4","imputed_scaled_annual_residual",9.864,0.5376,9.17264746291939,0.499920445667626,"WHO annual total 596; observed weeks 124; imputed 1769.2 -> 1645.2"
"NGA",2020-02-24,"AI","fourier_country_k4","imputed_scaled_annual_residual",11.8388,0.6453,11.0090367785898,0.600071918878942,"WHO annual total 596; observed weeks 124; imputed 1769.2 -> 1645.2"
"NGA",2020-03-02,"AI","fourier_country_k4","imputed_scaled_annual_residual",14.3539,0.7823,13.3478573010948,0.727469800308378,"WHO annual total 596; observed weeks 124; imputed 1769.2 -> 1645.2"
"NGA",2020-03-09,"AI","fourier_country_k4","imputed_scaled_annual_residual",17.1169,0.9329,15.9172028951789,0.867514478726429,"WHO annual total 596; observed weeks 124; imputed 1769.2 -> 1645.2"
"NGA",2020-03-16,"AI","fourier_country_k4","imputed_scaled_annual_residual",19.8174,1.0801,18.4284290178081,1.00439745789733,"WHO annual total 596; observed weeks 124; imputed 1769.2 -> 1645.2"
"NGA",2020-03-23,"AI","fourier_country_k4","imputed_scaled_annual_residual",22.197,1.2098,20.6412465261985,1.12500698506082,"WHO annual total 596; observed weeks 124; imputed 1769.2 -> 1645.2"
"NGA",2020-03-30,"AI","fourier_country_k4","imputed_scaled_annual_residual",24.1033,1.3137,22.4139369011542,1.22162479440766,"WHO annual total 596; observed weeks 124; imputed 1769.2 -> 1645.2"
"NGA",2020-04-06,"AI","fourier_country_k4","imputed_scaled_annual_residual",25.5171,1.3908,23.7286458410442,1.2933209743946,"WHO annual total 596; observed weeks 124; imputed 1769.2 -> 1645.2"
"NGA",2020-04-13,"AI","fourier_country_k4","imputed_scaled_annual_residual",26.5482,1.447,24.6874776333208,1.34558200312696,"WHO annual total 596; observed weeks 124; imputed 1769.2 -> 1645.2"
"NGA",2020-04-20,"AI","fourier_country_k4","imputed_scaled_annual_residual",27.4013,1.4935,25.4807851708935,1.38882288988951,"WHO annual total 596; observed weeks 124; imputed 1769.2 -> 1645.2"
"NGA",2020-04-27,"AI","fourier_country_k4","imputed_scaled_annual_residual",28.323,1.5437,26.3378846403352,1.43550444936219,"WHO annual total 596; observed weeks 124; imputed 1769.2 -> 1645.2"
"NGA",2020-05-04,"AI","fourier_country_k4","imputed_scaled_annual_residual",29.5432,1.6102,27.4725627054461,1.49734356699035,"WHO annual total 596; observed weeks 124; imputed 1769.2 -> 1645.2"
"NGA",2020-05-11,"AI","fourier_country_k4","imputed_scaled_annual_residual",31.2258,1.7019,29.0372318681699,1.58261645550918,"WHO annual total 596; observed weeks 124; imputed 1769.2 -> 1645.2"
"NGA",2020-05-18,"AI","fourier_country_k4","imputed_scaled_annual_residual",33.4394,1.8226,31.0956840603758,1.69485677878314,"WHO annual total 596; observed weeks 124; imputed 1769.2 -> 1645.2"
"NGA",2020-05-25,"AI","fourier_country_k4","imputed_scaled_annual_residual",36.1546,1.9706,33.6205798826911,1.83248368718866,"WHO annual total 596; observed weeks 124; imputed 1769.2 -> 1645.2"
"NGA",2020-06-01,"AI","fourier_country_k4","imputed_scaled_annual_residual",39.2671,2.1402,36.5149295611519,1.99019668492904,"WHO annual total 596; observed weeks 124; imputed 1769.2 -> 1645.2"
"NGA",2020-06-08,"AI","fourier_country_k4","imputed_scaled_annual_residual",42.6376,2.3239,39.649196417779,2.16102143542968,"WHO annual total 596; observed weeks 124; imputed 1769.2 -> 1645.2"
"NGA",2020-06-15,"AI","fourier_country_k4","imputed_scaled_annual_residual",46.1382,2.5147,42.9044447661869,2.33844855788761,"WHO annual total 596; observed weeks 124; imputed 1769.2 -> 1645.2"
"NGA",2020-06-22,"AI","fourier_country_k4","imputed_scaled_annual_residual",49.6897,2.7083,46.2070256121478,2.51847943266673,"WHO annual total 596; observed weeks 124; imputed 1769.2 -> 1645.2"
"NGA",2020-06-29,"AI","fourier_country_k4","imputed_scaled_annual_residual",53.2796,2.9039,49.5453150613706,2.7003701305324,"WHO annual total 596; observed weeks 124; imputed 1769.2 -> 1645.2"
"NGA",2020-07-06,"AI","fourier_country_k4","imputed_scaled_annual_residual",56.9541,3.1042,52.962275027155,2.8866314126515,"WHO annual total 596; observed weeks 124; imputed 1769.2 -> 1645.2"
"NGA",2020-07-13,"AI","fourier_country_k4","imputed_scaled_annual_residual",60.7854,3.313,56.5250451229258,3.08079694288848,"WHO annual total 596; observed weeks 124; imputed 1769.2 -> 1645.2"
"NGA",2020-07-20,"AI","fourier_country_k4","imputed_scaled_annual_residual",64.821,3.533,60.2777961469888,3.2853774824102,"WHO annual total 596; observed weeks 124; imputed 1769.2 -> 1645.2"
"NGA",2020-07-27,"AI","fourier_country_k4","imputed_scaled_annual_residual",69.0295,3.7624,64.191328876885,3.49869919043876,"WHO annual total 596; observed weeks 124; imputed 1769.2 -> 1645.2"
"NGA",2020-08-03,"AI","fourier_country_k4","imputed_scaled_annual_residual",73.2573,3.9928,68.1228088995666,3.7129508100106,"WHO annual total 596; observed weeks 124; imputed 1769.2 -> 1645.2"
"NGA",2020-08-10,"AI","fourier_country_k4","imputed_scaled_annual_residual",77.2107,4.2083,71.7991211947719,3.91334674758756,"WHO annual total 596; observed weeks 124; imputed 1769.2 -> 1645.2"
"NGA",2020-08-17,"AI","fourier_country_k4","imputed_scaled_annual_residual",80.4716,4.386,74.8314697462555,4.07859202882851,"WHO annual total 596; observed weeks 124; imputed 1769.2 -> 1645.2"
"NGA",2020-08-24,"AI","fourier_country_k4","imputed_scaled_annual_residual",82.5489,4.4992,76.7631749951122,4.18385801552787,"WHO annual total 596; observed weeks 124; imputed 1769.2 -> 1645.2"
"NGA",2020-08-31,"AI","fourier_country_k4","imputed_scaled_annual_residual",82.9567,4.5215,77.142392922462,4.20459504294303,"WHO annual total 596; observed weeks 124; imputed 1769.2 -> 1645.2"
"NGA",2020-09-07,"AI","fourier_country_k4","imputed_scaled_annual_residual",81.3077,4.4316,75.6089687875924,4.12099599520211,"WHO annual total 596; observed weeks 124; imputed 1769.2 -> 1645.2"
"NGA",2020-09-14,"AI","fourier_country_k4","imputed_scaled_annual_residual",77.3992,4.2185,71.9744095206803,3.92283184532902,"WHO annual total 596; observed weeks 124; imputed 1769.2 -> 1645.2"
"NGA",2020-09-21,"AI","fourier_country_k4","imputed_scaled_annual_residual",71.2766,3.8848,66.2809331057908,3.6125203633363,"WHO annual total 596; observed weeks 124; imputed 1769.2 -> 1645.2"
"NGA",2020-09-28,"AI","fourier_country_k4","imputed_scaled_annual_residual",63.2556,3.4477,58.8221126171375,3.20605602776837,"WHO annual total 596; observed weeks 124; imputed 1769.2 -> 1645.2"
"NGA",2020-10-05,"AI","fourier_country_k4","imputed_scaled_annual_residual",53.8987,2.9377,50.1210232978156,2.73180114069529,"WHO annual total 596; observed weeks 124; imputed 1769.2 -> 1645.2"
"NGA",2020-10-12,"AI","fourier_country_k4","imputed_scaled_annual_residual",43.9444,2.3951,40.864404822538,2.22723113731126,"WHO annual total 596; observed weeks 124; imputed 1769.2 -> 1645.2"
"NGA",2020-10-19,"AI","fourier_country_k4","imputed_scaled_annual_residual",34.2038,1.8642,31.8065084440594,1.73354109898361,"WHO annual total 596; observed weeks 124; imputed 1769.2 -> 1645.2"
"NGA",2020-10-26,"AI","fourier_country_k4","imputed_scaled_annual_residual",25.44,1.3866,23.6569496610573,1.28941534591282,"WHO annual total 596; observed weeks 124; imputed 1769.2 -> 1645.2"
"NGA",2020-11-02,"AI","fourier_country_k4","imputed_scaled_annual_residual",16.2426,0.8858,15.1041812328887,0.823715645037915,"WHO annual total 596; observed weeks 124; imputed 1769.2 -> 1645.2"
"NGA",2023-05-22,"AI","observed","ai_aggregate_dropped",1851,52,NA,NA,"AI weekly count >= 5x every direct-source count within 4 weeks"
"NGA",2023-05-29,"WHO","who_catchup_uniform","who_catchup_uniform",0,0,40,1,"WHO report of  201 cases /  3 deaths spread over 5 weeks from 2023-05-29 (uniform)"
"NGA",2023-06-05,"WHO","who_catchup_uniform","who_catchup_uniform",0,0,40,0,"WHO report of  201 cases /  3 deaths spread over 5 weeks from 2023-05-29 (uniform)"
"NGA",2023-06-12,"WHO","who_catchup_uniform","who_catchup_uniform",0,0,41,1,"WHO report of  201 cases /  3 deaths spread over 5 weeks from 2023-05-29 (uniform)"
"NGA",2023-06-19,"AI","observed","absorbed_by_who_window",26,2,NA,NA,"week inside a WHO report of 201 cases spread over 5 weeks from 2023-05-29"
"NGA",2023-06-19,"WHO","who_catchup_uniform","who_catchup_uniform",0,0,40,0,"WHO report of  201 cases /  3 deaths spread over 5 weeks from 2023-05-29 (uniform)"
"NGA",2023-06-26,"WHO","who_catchup_uniform","who_catchup_uniform",201,3,40,1,"WHO report of  201 cases /  3 deaths spread over 5 weeks from 2023-05-29 (uniform)"
"NGA",2023-06-26,"AI","observed","who_copy_dropped",201,3,NA,NA,"repeats the WHO dashboard value of a multi-week report window"
"NGA",2023-07-03,"WHO","who_catchup_uniform","who_catchup_uniform",0,0,64,0,"WHO report of  257 cases /  2 deaths spread over 4 weeks from 2023-07-03 (uniform)"
"NGA",2023-07-10,"WHO","who_catchup_uniform","who_catchup_uniform",0,0,64,1,"WHO report of  257 cases /  2 deaths spread over 4 weeks from 2023-07-03 (uniform)"
"NGA",2023-07-17,"AI","observed","absorbed_by_who_window",2,0,NA,NA,"week inside a WHO report of 257 cases spread over 4 weeks from 2023-07-03"
"NGA",2023-07-17,"WHO","who_catchup_uniform","who_catchup_uniform",0,0,65,1,"WHO report of  257 cases /  2 deaths spread over 4 weeks from 2023-07-03 (uniform)"
"NGA",2023-07-24,"WHO","who_catchup_uniform","who_catchup_uniform",257,2,64,0,"WHO report of  257 cases /  2 deaths spread over 4 weeks from 2023-07-03 (uniform)"
"NGA",2023-07-24,"AI","observed","who_copy_dropped",257,2,NA,NA,"repeats the WHO dashboard value of a multi-week report window"
"NGA",2023-07-31,"WHO","who_catchup_uniform","who_catchup_uniform",0,0,138,7,"WHO report of  551 cases / 27 deaths spread over 4 weeks from 2023-07-31 (uniform)"
"NGA",2023-08-07,"WHO","who_catchup_uniform","who_catchup_uniform",0,0,138,7,"WHO report of  551 cases / 27 deaths spread over 4 weeks from 2023-07-31 (uniform)"
"NGA",2023-08-14,"AI","observed","absorbed_by_who_window",62,3,NA,NA,"week inside a WHO report of 551 cases spread over 4 weeks from 2023-07-31"
"NGA",2023-08-14,"WHO","who_catchup_uniform","who_catchup_uniform",0,0,137,6,"WHO report of  551 cases / 27 deaths spread over 4 weeks from 2023-07-31 (uniform)"
"NGA",2023-08-21,"WHO","who_catchup_uniform","who_catchup_uniform",551,27,138,7,"WHO report of  551 cases / 27 deaths spread over 4 weeks from 2023-07-31 (uniform)"
"NGA",2023-08-21,"AI","observed","who_copy_dropped",551,27,NA,NA,"repeats the WHO dashboard value of a multi-week report window"
"NGA",2023-08-28,"WHO","who_catchup_uniform","who_catchup_uniform",0,0,48,2,"WHO report of  433 cases / 18 deaths spread over 9 weeks from 2023-08-28 (uniform)"
"NGA",2023-09-04,"WHO","who_catchup_uniform","who_catchup_uniform",0,0,48,2,"WHO report of  433 cases / 18 deaths spread over 9 weeks from 2023-08-28 (uniform)"
"NGA",2023-09-11,"WHO","who_catchup_uniform","who_catchup_uniform",0,0,48,2,"WHO report of  433 cases / 18 deaths spread over 9 weeks from 2023-08-28 (uniform)"
"NGA",2023-09-18,"AI","observed","absorbed_by_who_window",3,0,NA,NA,"week inside a WHO report of 433 cases spread over 9 weeks from 2023-08-28"
"NGA",2023-09-18,"WHO","who_catchup_uniform","who_catchup_uniform",0,0,48,2,"WHO report of  433 cases / 18 deaths spread over 9 weeks from 2023-08-28 (uniform)"
"NGA",2023-09-25,"WHO","who_catchup_uniform","who_catchup_uniform",0,0,49,2,"WHO report of  433 cases / 18 deaths spread over 9 weeks from 2023-08-28 (uniform)"
"NGA",2023-10-02,"AI","observed","absorbed_by_who_window",39,NA,NA,NA,"week inside a WHO report of 433 cases spread over 9 weeks from 2023-08-28"
"NGA",2023-10-02,"WHO","who_catchup_uniform","who_catchup_uniform",0,0,48,2,"WHO report of  433 cases / 18 deaths spread over 9 weeks from 2023-08-28 (uniform)"
"NGA",2023-10-09,"AI","observed","absorbed_by_who_window",28,NA,NA,NA,"week inside a WHO report of 433 cases spread over 9 weeks from 2023-08-28"
"NGA",2023-10-09,"WHO","who_catchup_uniform","who_catchup_uniform",0,0,48,2,"WHO report of  433 cases / 18 deaths spread over 9 weeks from 2023-08-28 (uniform)"
"NGA",2023-10-16,"AI","observed","absorbed_by_who_window",10,NA,NA,NA,"week inside a WHO report of 433 cases spread over 9 weeks from 2023-08-28"
"NGA",2023-10-16,"WHO","who_catchup_uniform","who_catchup_uniform",0,0,48,2,"WHO report of  433 cases / 18 deaths spread over 9 weeks from 2023-08-28 (uniform)"
"NGA",2023-10-23,"WHO","who_catchup_uniform","who_catchup_uniform",433,18,48,2,"WHO report of  433 cases / 18 deaths spread over 9 weeks from 2023-08-28 (uniform)"
"NGA",2023-10-23,"AI","observed","who_copy_dropped",433,18,NA,NA,"repeats the WHO dashboard value of a multi-week report window"
"NGA",2023-10-30,"AI","observed","absorbed_by_who_window",15,NA,NA,NA,"week inside a WHO report of 148 cases spread over 2 weeks from 2023-10-30"
"NGA",2023-10-30,"WHO","who_catchup_uniform","who_catchup_uniform",0,0,74,3,"WHO report of  148 cases /  6 deaths spread over 2 weeks from 2023-10-30 (uniform)"
"NGA",2023-11-06,"WHO","who_catchup_uniform","who_catchup_uniform",148,6,74,3,"WHO report of  148 cases /  6 deaths spread over 2 weeks from 2023-10-30 (uniform)"
"NGA",2023-11-06,"AI","observed","who_copy_dropped",148,6,NA,NA,"repeats the WHO dashboard value of a multi-week report window"
"NGA",2023-11-13,"AI","observed","absorbed_by_who_window",58,NA,NA,NA,"week inside a WHO report of 242 cases spread over 7 weeks from 2023-11-13"
"NGA",2023-11-13,"WHO","who_catchup_uniform","who_catchup_uniform",0,0,35,3,"WHO report of  242 cases / 20 deaths spread over 7 weeks from 2023-11-13 (uniform)"
"NGA",2023-11-20,"AI","observed","absorbed_by_who_window",52,4,NA,NA,"week inside a WHO report of 242 cases spread over 7 weeks from 2023-11-13"
"NGA",2023-11-20,"WHO","who_catchup_uniform","who_catchup_uniform",0,0,34,3,"WHO report of  242 cases / 20 deaths spread over 7 weeks from 2023-11-13 (uniform)"
"NGA",2023-11-27,"AI","observed","absorbed_by_who_window",5,NA,NA,NA,"week inside a WHO report of 242 cases spread over 7 weeks from 2023-11-13"
"NGA",2023-11-27,"WHO","who_catchup_uniform","who_catchup_uniform",0,0,35,3,"WHO report of  242 cases / 20 deaths spread over 7 weeks from 2023-11-13 (uniform)"
"NGA",2023-12-04,"AI","observed","absorbed_by_who_window",7,NA,NA,NA,"week inside a WHO report of 242 cases spread over 7 weeks from 2023-11-13"
"NGA",2023-12-04,"WHO","who_catchup_uniform","who_catchup_uniform",0,0,34,2,"WHO report of  242 cases / 20 deaths spread over 7 weeks from 2023-11-13 (uniform)"
"NGA",2023-12-11,"AI","observed","absorbed_by_who_window",5,NA,NA,NA,"week inside a WHO report of 242 cases spread over 7 weeks from 2023-11-13"
"NGA",2023-12-11,"WHO","who_catchup_uniform","who_catchup_uniform",0,0,35,3,"WHO report of  242 cases / 20 deaths spread over 7 weeks from 2023-11-13 (uniform)"
"NGA",2023-12-18,"AI","observed","absorbed_by_who_window",41,0,NA,NA,"week inside a WHO report of 242 cases spread over 7 weeks from 2023-11-13"
"NGA",2023-12-18,"WHO","who_catchup_uniform","who_catchup_uniform",0,0,34,3,"WHO report of  242 cases / 20 deaths spread over 7 weeks from 2023-11-13 (uniform)"
"NGA",2023-12-25,"WHO","who_catchup_uniform","who_catchup_uniform",242,20,35,3,"WHO report of  242 cases / 20 deaths spread over 7 weeks from 2023-11-13 (uniform)"
"NGA",2023-12-25,"AI","observed","who_copy_dropped",242,20,NA,NA,"repeats the WHO dashboard value of a multi-week report window"
"RWA",2025-01-06,"AI","fourier_regional_East Africa_k5","imputed_dropped_annual_accounted",10.9688,0,NA,NA,"WHO annual total 312; observed weeks 312; imputed 115.9 -> 0"
"RWA",2025-01-13,"AI","fourier_regional_East Africa_k5","imputed_dropped_annual_accounted",10.6764,0,NA,NA,"WHO annual total 312; observed weeks 312; imputed 115.9 -> 0"
"RWA",2025-01-20,"AI","fourier_regional_East Africa_k5","imputed_dropped_annual_accounted",10.2455,0,NA,NA,"WHO annual total 312; observed weeks 312; imputed 115.9 -> 0"
"RWA",2025-01-27,"AI","fourier_regional_East Africa_k5","imputed_dropped_annual_accounted",9.9567,0,NA,NA,"WHO annual total 312; observed weeks 312; imputed 115.9 -> 0"
"RWA",2025-02-03,"AI","fourier_regional_East Africa_k5","imputed_dropped_annual_accounted",10.0467,0,NA,NA,"WHO annual total 312; observed weeks 312; imputed 115.9 -> 0"
"RWA",2025-02-10,"AI","fourier_regional_East Africa_k5","imputed_dropped_annual_accounted",10.627,0,NA,NA,"WHO annual total 312; observed weeks 312; imputed 115.9 -> 0"
"RWA",2025-02-17,"AI","fourier_regional_East Africa_k5","imputed_dropped_annual_accounted",11.6416,0,NA,NA,"WHO annual total 312; observed weeks 312; imputed 115.9 -> 0"
"RWA",2025-02-24,"AI","fourier_regional_East Africa_k5","imputed_dropped_annual_accounted",12.879,0,NA,NA,"WHO annual total 312; observed weeks 312; imputed 115.9 -> 0"
"RWA",2025-03-03,"AI","fourier_regional_East Africa_k5","imputed_dropped_annual_accounted",14.0344,0,NA,NA,"WHO annual total 312; observed weeks 312; imputed 115.9 -> 0"
"RWA",2025-03-10,"AI","fourier_regional_East Africa_k5","imputed_dropped_annual_accounted",14.8024,0,NA,NA,"WHO annual total 312; observed weeks 312; imputed 115.9 -> 0"
"SDN",2026-01-19,"WHO","who_catchup_uniform","who_catchup_uniform",NA,NA,30,4,"WHO report of  518 cases / 61 deaths spread over 17 weeks from 2026-01-19 (uniform)"
"SDN",2026-01-26,"WHO","who_catchup_uniform","who_catchup_uniform",NA,NA,31,3,"WHO report of  518 cases / 61 deaths spread over 17 weeks from 2026-01-19 (uniform)"
"SDN",2026-02-02,"WHO","who_catchup_uniform","who_catchup_uniform",NA,NA,30,4,"WHO report of  518 cases / 61 deaths spread over 17 weeks from 2026-01-19 (uniform)"
"SDN",2026-02-09,"WHO","who_catchup_uniform","who_catchup_uniform",NA,NA,31,3,"WHO report of  518 cases / 61 deaths spread over 17 weeks from 2026-01-19 (uniform)"
"SDN",2026-02-16,"WHO","who_catchup_uniform","who_catchup_uniform",NA,NA,30,4,"WHO report of  518 cases / 61 deaths spread over 17 weeks from 2026-01-19 (uniform)"
"SDN",2026-02-23,"WHO","who_catchup_uniform","who_catchup_uniform",NA,NA,31,4,"WHO report of  518 cases / 61 deaths spread over 17 weeks from 2026-01-19 (uniform)"
"SDN",2026-03-02,"WHO","who_catchup_uniform","who_catchup_uniform",NA,NA,30,3,"WHO report of  518 cases / 61 deaths spread over 17 weeks from 2026-01-19 (uniform)"
"SDN",2026-03-09,"WHO","who_catchup_uniform","who_catchup_uniform",NA,NA,31,4,"WHO report of  518 cases / 61 deaths spread over 17 weeks from 2026-01-19 (uniform)"
"SDN",2026-03-16,"WHO","who_catchup_uniform","who_catchup_uniform",NA,NA,30,3,"WHO report of  518 cases / 61 deaths spread over 17 weeks from 2026-01-19 (uniform)"
"SDN",2026-03-23,"WHO","who_catchup_uniform","who_catchup_uniform",NA,NA,31,4,"WHO report of  518 cases / 61 deaths spread over 17 weeks from 2026-01-19 (uniform)"
"SDN",2026-03-30,"WHO","who_catchup_uniform","who_catchup_uniform",NA,NA,30,3,"WHO report of  518 cases / 61 deaths spread over 17 weeks from 2026-01-19 (uniform)"
"SDN",2026-04-06,"WHO","who_catchup_uniform","who_catchup_uniform",NA,NA,31,4,"WHO report of  518 cases / 61 deaths spread over 17 weeks from 2026-01-19 (uniform)"
"SDN",2026-04-13,"WHO","who_catchup_uniform","who_catchup_uniform",NA,NA,30,4,"WHO report of  518 cases / 61 deaths spread over 17 weeks from 2026-01-19 (uniform)"
"SDN",2026-04-20,"WHO","who_catchup_uniform","who_catchup_uniform",NA,NA,31,3,"WHO report of  518 cases / 61 deaths spread over 17 weeks from 2026-01-19 (uniform)"
"SDN",2026-04-27,"WHO","who_catchup_uniform","who_catchup_uniform",NA,NA,30,4,"WHO report of  518 cases / 61 deaths spread over 17 weeks from 2026-01-19 (uniform)"
"SDN",2026-05-04,"WHO","who_catchup_uniform","who_catchup_uniform",0,0,31,3,"WHO report of  518 cases / 61 deaths spread over 17 weeks from 2026-01-19 (uniform)"
"SDN",2026-05-11,"WHO","who_catchup_uniform","who_catchup_uniform",518,61,30,4,"WHO report of  518 cases / 61 deaths spread over 17 weeks from 2026-01-19 (uniform)"
"SDN",2026-05-18,"WHO","who_catchup_uniform","who_catchup_uniform",0,0,64,11,"WHO report of  320 cases / 56 deaths spread over 5 weeks from 2026-05-18 (uniform)"
"SDN",2026-05-25,"WHO","who_catchup_uniform","who_catchup_uniform",0,0,64,11,"WHO report of  320 cases / 56 deaths spread over 5 weeks from 2026-05-18 (uniform)"
"SDN",2026-06-01,"WHO","who_catchup_uniform","who_catchup_uniform",0,0,64,12,"WHO report of  320 cases / 56 deaths spread over 5 weeks from 2026-05-18 (uniform)"
"SDN",2026-06-08,"WHO","who_catchup_uniform","who_catchup_uniform",0,0,64,11,"WHO report of  320 cases / 56 deaths spread over 5 weeks from 2026-05-18 (uniform)"
"SDN",2026-06-15,"WHO","who_catchup_uniform","who_catchup_uniform",320,56,64,11,"WHO report of  320 cases / 56 deaths spread over 5 weeks from 2026-05-18 (uniform)"
"SDN",2026-07-27,"WHO","who_catchup_uniform","who_catchup_uniform",0,0,182,22,"WHO report of  545 cases / 67 deaths spread over 3 weeks from 2026-07-27 (uniform)"
"SDN",2026-08-03,"WHO","who_catchup_uniform","who_catchup_uniform",0,0,181,23,"WHO report of  545 cases / 67 deaths spread over 3 weeks from 2026-07-27 (uniform)"
"SDN",2026-08-10,"WHO","who_catchup_uniform","who_catchup_uniform",545,67,182,22,"WHO report of  545 cases / 67 deaths spread over 3 weeks from 2026-07-27 (uniform)"
"SEN",2005-01-03,"AI","fourier_regional_West Africa_k4","imputed_scaled_annual_residual",148.1992,0.5772,134.276721253484,0.522975316381675,"WHO annual total 31719; observed weeks 4401; imputed 30150.5 -> 27318"
"SEN",2005-01-10,"AI","fourier_regional_West Africa_k4","imputed_scaled_annual_residual",142.906,0.5566,129.480787530907,0.504310570162925,"WHO annual total 31719; observed weeks 4401; imputed 30150.5 -> 27318"
"SEN",2005-01-17,"AI","fourier_regional_West Africa_k4","imputed_scaled_annual_residual",138.604,0.5398,125.58293616037,0.489088835382585,"WHO annual total 31719; observed weeks 4401; imputed 30150.5 -> 27318"
"SEN",2005-01-24,"AI","fourier_regional_West Africa_k4","imputed_scaled_annual_residual",137.4389,0.5353,124.527290732241,0.485011584994994,"WHO annual total 31719; observed weeks 4401; imputed 30150.5 -> 27318"
"SEN",2005-01-31,"AI","fourier_regional_West Africa_k4","imputed_scaled_annual_residual",140.9085,0.5488,127.670941386638,0.497243336157767,"WHO annual total 31719; observed weeks 4401; imputed 30150.5 -> 27318"
"SEN",2005-02-07,"AI","fourier_regional_West Africa_k4","imputed_scaled_annual_residual",149.3886,0.5818,135.354383833707,0.527143172333435,"WHO annual total 31719; observed weeks 4401; imputed 30150.5 -> 27318"
"SEN",2005-02-14,"AI","fourier_regional_West Africa_k4","imputed_scaled_annual_residual",162.0778,0.6313,146.8515050822,0.571992926596936,"WHO annual total 31719; observed weeks 4401; imputed 30150.5 -> 27318"
"SEN",2005-02-21,"AI","fourier_regional_West Africa_k4","imputed_scaled_annual_residual",177.3269,0.6907,160.668038167848,0.625812631713138,"WHO annual total 31719; observed weeks 4401; imputed 30150.5 -> 27318"
"SEN",2005-02-28,"AI","fourier_regional_West Africa_k4","imputed_scaled_annual_residual",193.2211,0.7526,175.069067747948,0.681897475933556,"WHO annual total 31719; observed weeks 4401; imputed 30150.5 -> 27318"
"SEN",2005-03-07,"AI","fourier_regional_West Africa_k4","imputed_scaled_annual_residual",208.2224,0.811,188.661080245585,0.734811125408071,"WHO annual total 31719; observed weeks 4401; imputed 30150.5 -> 27318"
"SEN",2005-03-14,"AI","fourier_regional_West Africa_k4","imputed_scaled_annual_residual",221.676,0.8634,200.850790426584,0.782288441032464,"WHO annual total 31719; observed weeks 4401; imputed 30150.5 -> 27318"
"SEN",2005-03-21,"AI","fourier_regional_West Africa_k4","imputed_scaled_annual_residual",234.0307,0.9115,212.044836062933,0.825869717397604,"WHO annual total 31719; observed weeks 4401; imputed 30150.5 -> 27318"
"SEN",2005-04-04,"AI","fourier_regional_West Africa_k4","imputed_scaled_annual_residual",248.9936,3.5953,225.60205602393,3.25754184855689,"WHO annual total 31719; observed weeks 4401; imputed 30150.5 -> 27318"
"SEN",2005-04-11,"AI","fourier_regional_West Africa_k4","imputed_scaled_annual_residual",267.2176,3.8584,242.114014038032,3.49592508788471,"WHO annual total 31719; observed weeks 4401; imputed 30150.5 -> 27318"
"SEN",2005-04-18,"AI","fourier_regional_West Africa_k4","imputed_scaled_annual_residual",290.575,4.1957,263.277118083169,3.8015376558257,"WHO annual total 31719; observed weeks 4401; imputed 30150.5 -> 27318"
"SEN",2005-04-25,"AI","fourier_regional_West Africa_k4","imputed_scaled_annual_residual",319.1902,4.6089,289.204081481168,4.17591984697073,"WHO annual total 31719; observed weeks 4401; imputed 30150.5 -> 27318"
"SEN",2005-05-02,"AI","fourier_regional_West Africa_k4","imputed_scaled_annual_residual",352.0986,5.0841,319.020922960057,4.60647748790034,"WHO annual total 31719; observed weeks 4401; imputed 30150.5 -> 27318"
"SEN",2005-05-09,"AI","fourier_regional_West Africa_k4","imputed_scaled_annual_residual",387.5622,5.5961,351.152917814584,5.07037797644403,"WHO annual total 31719; observed weeks 4401; imputed 30150.5 -> 27318"
"SEN",2005-05-16,"AI","fourier_regional_West Africa_k4","imputed_scaled_annual_residual",423.7045,6.118,383.899852633125,5.54324841584042,"WHO annual total 31719; observed weeks 4401; imputed 30150.5 -> 27318"
"SEN",2005-05-23,"AI","fourier_regional_West Africa_k4","imputed_scaled_annual_residual",459.3119,6.6321,416.162138288926,6.00905162123165,"WHO annual total 31719; observed weeks 4401; imputed 30150.5 -> 27318"
"SEN",2005-05-30,"AI","fourier_regional_West Africa_k4","imputed_scaled_annual_residual",494.5839,7.1414,448.120532882507,6.47050575954278,"WHO annual total 31719; observed weeks 4401; imputed 30150.5 -> 27318"
"SEN",2005-06-06,"AI","fourier_regional_West Africa_k4","imputed_scaled_annual_residual",548.7335,9.5032,497.183083457595,8.61042797407889,"WHO annual total 31719; observed weeks 4401; imputed 30150.5 -> 27318"
"SEN",2005-06-13,"AI","fourier_regional_West Africa_k4","imputed_scaled_annual_residual",592.8593,10.2674,537.163513491543,9.30283569545601,"WHO annual total 31719; observed weeks 4401; imputed 30150.5 -> 27318"
"SEN",2005-06-20,"AI","fourier_regional_West Africa_k4","imputed_scaled_annual_residual",648.4071,11.2294,587.492911064838,10.1744612227588,"WHO annual total 31719; observed weeks 4401; imputed 30150.5 -> 27318"
"SEN",2005-07-11,"AI","fourier_regional_West Africa_k4","imputed_scaled_annual_residual",905.8265,13.0795,820.729210714493,11.8507547654437,"WHO annual total 31719; observed weeks 4401; imputed 30150.5 -> 27318"
"SEN",2005-07-18,"AI","fourier_regional_West Africa_k4","imputed_scaled_annual_residual",1042.9343,15.0592,944.956506423771,13.6444731192913,"WHO annual total 31719; observed weeks 4401; imputed 30150.5 -> 27318"
"SEN",2005-07-25,"AI","fourier_regional_West Africa_k4","imputed_scaled_annual_residual",1195.9698,17.269,1083.61518457715,15.646674876291,"WHO annual total 31719; observed weeks 4401; imputed 30150.5 -> 27318"
"SEN",2005-08-01,"AI","fourier_regional_West Africa_k4","imputed_scaled_annual_residual",1354.8108,19.5625,1227.53396875833,17.7247134904999,"WHO annual total 31719; observed weeks 4401; imputed 30150.5 -> 27318"
"SEN",2005-08-08,"AI","fourier_regional_West Africa_k4","imputed_scaled_annual_residual",1506.0472,21.7463,1364.56256220675,19.7033578008157,"WHO annual total 31719; observed weeks 4401; imputed 30150.5 -> 27318"
"SEN",2005-08-15,"AI","fourier_regional_West Africa_k4","imputed_scaled_annual_residual",1634.6235,23.6028,1481.05984420898,21.3854500996074,"WHO annual total 31719; observed weeks 4401; imputed 30150.5 -> 27318"
"SEN",2005-08-22,"AI","fourier_regional_West Africa_k4","imputed_scaled_annual_residual",1725.947,24.9215,1563.80401660257,22.5802656742999,"WHO annual total 31719; observed weeks 4401; imputed 30150.5 -> 27318"
"SEN",2005-08-29,"AI","fourier_regional_West Africa_k4","imputed_scaled_annual_residual",1768.1037,25.5302,1602.00033247247,23.1317817433947,"WHO annual total 31719; observed weeks 4401; imputed 30150.5 -> 27318"
"SEN",2005-09-05,"AI","fourier_regional_West Africa_k4","imputed_scaled_annual_residual",1753.7825,25.3234,1589.02452841674,22.9444094366939,"WHO annual total 31719; observed weeks 4401; imputed 30150.5 -> 27318"
"SEN",2005-09-12,"AI","fourier_regional_West Africa_k4","imputed_scaled_annual_residual",1681.5514,24.2804,1523.57913275649,21.9993934024145,"WHO annual total 31719; observed weeks 4401; imputed 30150.5 -> 27318"
"SEN",2005-09-19,"AI","fourier_regional_West Africa_k4","imputed_scaled_annual_residual",1556.2378,22.471,1410.0380384964,20.3599763243462,"WHO annual total 31719; observed weeks 4401; imputed 30150.5 -> 27318"
"SEN",2005-09-26,"AI","fourier_regional_West Africa_k4","imputed_scaled_annual_residual",1388.3329,20.0465,1257.90685658453,18.1632444210763,"WHO annual total 31719; observed weeks 4401; imputed 30150.5 -> 27318"
"SEN",2005-10-03,"AI","fourier_regional_West Africa_k4","imputed_scaled_annual_residual",1192.5156,17.2191,1080.48548717963,15.6014626997708,"WHO annual total 31719; observed weeks 4401; imputed 30150.5 -> 27318"
"SEN",2005-10-10,"AI","fourier_regional_West Africa_k4","imputed_scaled_annual_residual",985.5581,14.2308,892.970476715216,12.8938966257179,"WHO annual total 31719; observed weeks 4401; imputed 30150.5 -> 27318"
"SEN",2005-10-17,"AI","fourier_regional_West Africa_k4","imputed_scaled_annual_residual",783.985,11.3202,710.3340322479,10.256731075024,"WHO annual total 31719; observed weeks 4401; imputed 30150.5 -> 27318"
"SEN",2005-10-24,"AI","fourier_regional_West Africa_k4","imputed_scaled_annual_residual",601.8933,8.6909,545.348820158542,7.87443897633663,"WHO annual total 31719; observed weeks 4401; imputed 30150.5 -> 27318"
"SEN",2005-10-31,"AI","fourier_regional_West Africa_k4","imputed_scaled_annual_residual",449.2995,6.4876,407.090346782101,5.87812658100789,"WHO annual total 31719; observed weeks 4401; imputed 30150.5 -> 27318"
"SEN",2005-11-07,"AI","fourier_regional_West Africa_k4","imputed_scaled_annual_residual",331.2679,4.7833,300.14714970477,4.33393595088092,"WHO annual total 31719; observed weeks 4401; imputed 30150.5 -> 27318"
"SEN",2005-11-14,"AI","fourier_regional_West Africa_k4","imputed_scaled_annual_residual",247.9134,3.5797,224.62333471978,3.24340738054657,"WHO annual total 31719; observed weeks 4401; imputed 30150.5 -> 27318"
"SEN",2005-11-21,"AI","fourier_regional_West Africa_k4","imputed_scaled_annual_residual",195.2059,2.8186,176.867406985568,2.55380843165868,"WHO annual total 31719; observed weeks 4401; imputed 30150.5 -> 27318"
"SEN",2005-11-28,"AI","fourier_regional_West Africa_k4","imputed_scaled_annual_residual",166.3543,2.402,150.726252033874,2.17634565133192,"WHO annual total 31719; observed weeks 4401; imputed 30150.5 -> 27318"
"SEN",2005-12-05,"AI","fourier_regional_West Africa_k4","imputed_scaled_annual_residual",153.4559,2.2158,139.03958394514,2.00763809084982,"WHO annual total 31719; observed weeks 4401; imputed 30150.5 -> 27318"
"SEN",2005-12-12,"AI","fourier_regional_West Africa_k4","imputed_scaled_annual_residual",149.0717,2.1525,135.067254800856,1.95028476873104,"WHO annual total 31719; observed weeks 4401; imputed 30150.5 -> 27318"
"SEN",2005-12-19,"AI","fourier_regional_West Africa_k4","imputed_scaled_annual_residual",147.4351,2.1289,133.584404137671,1.92890185558723,"WHO annual total 31719; observed weeks 4401; imputed 30150.5 -> 27318"
"SEN",2005-12-26,"AI","fourier_regional_West Africa_k4","imputed_scaled_annual_residual",145.1056,2.0952,131.473747520362,1.89836778046238,"WHO annual total 31719; observed weeks 4401; imputed 30150.5 -> 27318"
"SLE",2013-01-28,"AI","fourier_country_k1","imputed_scaled_annual_residual",0,0,0,0,"WHO annual total 377; observed weeks 176; imputed 376.3 -> 201"
"SLE",2013-02-04,"AI","fourier_country_k1","imputed_scaled_annual_residual",0,0,0,0,"WHO annual total 377; observed weeks 176; imputed 376.3 -> 201"
"SLE",2013-02-11,"AI","fourier_country_k1","imputed_scaled_annual_residual",0,0,0,0,"WHO annual total 377; observed weeks 176; imputed 376.3 -> 201"
"SLE",2013-02-18,"AI","fourier_country_k1","imputed_scaled_annual_residual",0,0,0,0,"WHO annual total 377; observed weeks 176; imputed 376.3 -> 201"
"SLE",2013-02-25,"AI","fourier_country_k1","imputed_scaled_annual_residual",0,0,0,0,"WHO annual total 377; observed weeks 176; imputed 376.3 -> 201"
"SLE",2013-03-04,"AI","fourier_country_k1","imputed_scaled_annual_residual",0,0,0,0,"WHO annual total 377; observed weeks 176; imputed 376.3 -> 201"
"SLE",2013-03-11,"AI","fourier_country_k1","imputed_scaled_annual_residual",0,0,0,0,"WHO annual total 377; observed weeks 176; imputed 376.3 -> 201"
"SLE",2013-03-18,"AI","fourier_country_k1","imputed_scaled_annual_residual",0,0,0,0,"WHO annual total 377; observed weeks 176; imputed 376.3 -> 201"
"SLE",2013-03-25,"AI","fourier_country_k1","imputed_scaled_annual_residual",0,0,0,0,"WHO annual total 377; observed weeks 176; imputed 376.3 -> 201"
"SLE",2013-04-01,"AI","fourier_country_k1","imputed_scaled_annual_residual",0.2839,0.0241,0.151640346224451,0.0128726042409625,"WHO annual total 377; observed weeks 176; imputed 376.3 -> 201"
"SLE",2013-04-08,"AI","fourier_country_k1","imputed_scaled_annual_residual",1.084,0.092,0.579000124365285,0.0491402319572013,"WHO annual total 377; observed weeks 176; imputed 376.3 -> 201"
"SLE",2013-04-15,"AI","fourier_country_k1","imputed_scaled_annual_residual",1.9692,0.1671,1.05181461706653,0.0892536169570472,"WHO annual total 377; observed weeks 176; imputed 376.3 -> 201"
"SLE",2013-04-22,"AI","fourier_country_k1","imputed_scaled_annual_residual",2.9267,0.2484,1.56324692249066,0.132678626284444,"WHO annual total 377; observed weeks 176; imputed 376.3 -> 201"
"SLE",2013-04-29,"AI","fourier_country_k1","imputed_scaled_annual_residual",3.9426,0.3346,2.1058725925485,0.178720887096517,"WHO annual total 377; observed weeks 176; imputed 376.3 -> 201"
"SLE",2013-05-06,"AI","fourier_country_k1","imputed_scaled_annual_residual",5.0019,0.4246,2.67167963289919,0.226792853141605,"WHO annual total 377; observed weeks 176; imputed 376.3 -> 201"
"SLE",2013-05-13,"AI","fourier_country_k1","imputed_scaled_annual_residual",6.0892,0.5169,3.25244239601946,0.276093324985624,"WHO annual total 377; observed weeks 176; imputed 376.3 -> 201"
"SLE",2013-05-20,"AI","fourier_country_k1","imputed_scaled_annual_residual",7.1887,0.6102,3.83972158120362,0.325927929785698,"WHO annual total 377; observed weeks 176; imputed 376.3 -> 201"
"SLE",2013-05-27,"AI","fourier_country_k1","imputed_scaled_annual_residual",8.2844,0.7032,4.42497106115477,0.375602294698956,"WHO annual total 377; observed weeks 176; imputed 376.3 -> 201"
"SLE",2013-06-03,"AI","fourier_country_k1","imputed_scaled_annual_residual",9.3603,0.7945,4.999644708576,0.424368633586918,"WHO annual total 377; observed weeks 176; imputed 376.3 -> 201"
"SLE",2013-06-10,"AI","fourier_country_k1","imputed_scaled_annual_residual",10.4006,0.8828,5.55530322276161,0.47153257360671,"WHO annual total 377; observed weeks 176; imputed 376.3 -> 201"
"SLE",2013-06-17,"AI","fourier_country_k1","imputed_scaled_annual_residual",11.3903,0.9668,6.08393460937077,0.516399741915459,"WHO annual total 377; observed weeks 176; imputed 376.3 -> 201"
"SLE",2013-06-24,"AI","fourier_country_k1","imputed_scaled_annual_residual",12.3149,1.0453,6.57779394054064,0.558329178965897,"WHO annual total 377; observed weeks 176; imputed 376.3 -> 201"
"SLE",2013-07-01,"AI","fourier_country_k1","imputed_scaled_annual_residual",13.1608,1.1171,7.02961700806886,0.596679925210757,"WHO annual total 377; observed weeks 176; imputed 376.3 -> 201"
"SLE",2013-07-08,"AI","fourier_country_k1","imputed_scaled_annual_residual",13.9158,1.1812,7.43288738989155,0.630917847693981,"WHO annual total 377; observed weeks 176; imputed 376.3 -> 201"
"SLE",2013-07-15,"AI","fourier_country_k1","imputed_scaled_annual_residual",14.5689,1.2366,7.78172962349207,0.660508813459513,"WHO annual total 377; observed weeks 176; imputed 376.3 -> 201"
"SLE",2013-07-22,"AI","fourier_country_k1","imputed_scaled_annual_residual",15.1105,1.2826,8.07101603249229,0.685078929438113,"WHO annual total 377; observed weeks 176; imputed 376.3 -> 201"
"SLE",2013-07-29,"AI","fourier_country_k1","imputed_scaled_annual_residual",15.5328,1.3184,8.29658037983497,0.704200889264938,"WHO annual total 377; observed weeks 176; imputed 376.3 -> 201"
"SLE",2013-08-05,"AI","fourier_country_k1","imputed_scaled_annual_residual",15.8295,1.3436,8.45505762789694,0.717661039757562,"WHO annual total 377; observed weeks 176; imputed 376.3 -> 201"
"SLE",2013-08-12,"AI","fourier_country_k1","imputed_scaled_annual_residual",15.9964,1.3578,8.54420441826278,0.725245727733565,"WHO annual total 377; observed weeks 176; imputed 376.3 -> 201"
"SLE",2013-08-19,"AI","fourier_country_k1","imputed_scaled_annual_residual",16.031,1.3607,8.56268541854233,0.726794713306129,"WHO annual total 377; observed weeks 176; imputed 376.3 -> 201"
"SLE",2013-08-26,"AI","fourier_country_k1","imputed_scaled_annual_residual",15.9328,1.3524,8.51023356225758,0.72236140977086,"WHO annual total 377; observed weeks 176; imputed 376.3 -> 201"
"SLE",2013-09-02,"AI","fourier_country_k1","imputed_scaled_annual_residual",15.7033,1.3329,8.38765004884261,0.711945817127757,"WHO annual total 377; observed weeks 176; imputed 376.3 -> 201"
"SLE",2013-09-09,"AI","fourier_country_k1","imputed_scaled_annual_residual",15.3457,1.3026,8.19664410375679,0.695761588559244,"WHO annual total 377; observed weeks 176; imputed 376.3 -> 201"
"SLE",2013-09-16,"AI","fourier_country_k1","imputed_scaled_annual_residual",14.8654,1.2618,7.94010004496283,0.673968963952138,"WHO annual total 377; observed weeks 176; imputed 376.3 -> 201"
"SLE",2013-09-23,"AI","fourier_country_k1","imputed_scaled_annual_residual",14.2692,1.2112,7.62164997656193,0.646941836375677,"WHO annual total 377; observed weeks 176; imputed 376.3 -> 201"
"SLE",2013-09-30,"AI","fourier_country_k1","imputed_scaled_annual_residual",13.566,1.1515,7.24604768186297,0.615054098899102,"WHO annual total 377; observed weeks 176; imputed 376.3 -> 201"
"SLE",2013-10-07,"AI","fourier_country_k1","imputed_scaled_annual_residual",12.7659,1.0836,6.81868790372214,0.578786471182863,"WHO annual total 377; observed weeks 176; imputed 376.3 -> 201"
"SLE",2013-10-14,"AI","fourier_country_k1","imputed_scaled_annual_residual",11.8807,1.0084,6.34587341102089,0.538619672887411,"WHO annual total 377; observed weeks 176; imputed 376.3 -> 201"
"SLE",2013-10-21,"AI","fourier_country_k1","imputed_scaled_annual_residual",10.9232,0.9272,5.83444110559676,0.49524807685562,"WHO annual total 377; observed weeks 176; imputed 376.3 -> 201"
"SLE",2013-10-28,"AI","fourier_country_k1","imputed_scaled_annual_residual",9.9073,0.8409,5.29181543553892,0.449152402747941,"WHO annual total 377; observed weeks 176; imputed 376.3 -> 201"
"SLE",2013-11-04,"AI","fourier_country_k1","imputed_scaled_annual_residual",8.848,0.751,4.72600839518823,0.401133849998459,"WHO annual total 377; observed weeks 176; imputed 376.3 -> 201"
"SLE",2013-11-11,"AI","fourier_country_k1","imputed_scaled_annual_residual",7.7607,0.6587,4.14524563206796,0.35183337815444,"WHO annual total 377; observed weeks 176; imputed 376.3 -> 201"
"SLE",2013-11-18,"AI","fourier_country_k1","imputed_scaled_annual_residual",6.6612,0.5654,3.5579664468838,0.301998773354366,"WHO annual total 377; observed weeks 176; imputed 376.3 -> 201"
"SLE",2013-11-25,"AI","fourier_country_k1","imputed_scaled_annual_residual",5.5655,0.4724,2.97271696693265,0.252324408441108,"WHO annual total 377; observed weeks 176; imputed 376.3 -> 201"
"SLE",2013-12-02,"AI","fourier_country_k1","imputed_scaled_annual_residual",4.4896,0.3811,2.39804331951143,0.203558069553146,"WHO annual total 377; observed weeks 176; imputed 376.3 -> 201"
"SLE",2013-12-09,"AI","fourier_country_k1","imputed_scaled_annual_residual",3.4493,0.2928,1.84238480532581,0.156394129533354,"WHO annual total 377; observed weeks 176; imputed 376.3 -> 201"
"SLE",2013-12-16,"AI","fourier_country_k1","imputed_scaled_annual_residual",2.4596,0.2088,1.31375341871666,0.111526961224605,"WHO annual total 377; observed weeks 176; imputed 376.3 -> 201"
"SLE",2013-12-23,"AI","fourier_country_k1","imputed_scaled_annual_residual",1.535,0.1303,0.819894087546783,0.0695975241741667,"WHO annual total 377; observed weeks 176; imputed 376.3 -> 201"
"SSD",2016-01-04,"AI","fourier_country_k2","imputed_dropped_annual_accounted",191.3119,6.0103,NA,NA,"WHO annual total 4295; observed weeks 5162.1; imputed 4523.9 -> 0"
"SSD",2016-01-11,"AI","fourier_country_k2","imputed_dropped_annual_accounted",191.2403,6.0081,NA,NA,"WHO annual total 4295; observed weeks 5162.1; imputed 4523.9 -> 0"
"SSD",2016-01-18,"AI","fourier_country_k2","imputed_dropped_annual_accounted",189.178,5.9433,NA,NA,"WHO annual total 4295; observed weeks 5162.1; imputed 4523.9 -> 0"
"SSD",2016-01-25,"AI","fourier_country_k2","imputed_dropped_annual_accounted",185.7038,5.8341,NA,NA,"WHO annual total 4295; observed weeks 5162.1; imputed 4523.9 -> 0"
"SSD",2016-02-01,"AI","fourier_country_k2","imputed_dropped_annual_accounted",181.4732,5.7012,NA,NA,"WHO annual total 4295; observed weeks 5162.1; imputed 4523.9 -> 0"
"SSD",2016-02-08,"AI","fourier_country_k2","imputed_dropped_annual_accounted",177.1734,5.5661,NA,NA,"WHO annual total 4295; observed weeks 5162.1; imputed 4523.9 -> 0"
"SSD",2016-02-15,"AI","fourier_country_k2","imputed_dropped_annual_accounted",173.4768,5.45,NA,NA,"WHO annual total 4295; observed weeks 5162.1; imputed 4523.9 -> 0"
"SSD",2016-02-22,"AI","fourier_country_k2","imputed_dropped_annual_accounted",170.9962,5.3721,NA,NA,"WHO annual total 4295; observed weeks 5162.1; imputed 4523.9 -> 0"
"SSD",2016-02-29,"AI","fourier_country_k2","imputed_dropped_annual_accounted",170.2431,5.3484,NA,NA,"WHO annual total 4295; observed weeks 5162.1; imputed 4523.9 -> 0"
"SSD",2016-03-07,"AI","fourier_country_k2","imputed_dropped_annual_accounted",171.5927,5.3908,NA,NA,"WHO annual total 4295; observed weeks 5162.1; imputed 4523.9 -> 0"
"SSD",2016-03-14,"AI","fourier_country_k2","imputed_dropped_annual_accounted",175.257,5.5059,NA,NA,"WHO annual total 4295; observed weeks 5162.1; imputed 4523.9 -> 0"
"SSD",2016-03-21,"AI","fourier_country_k2","imputed_dropped_annual_accounted",181.2687,5.6948,NA,NA,"WHO annual total 4295; observed weeks 5162.1; imputed 4523.9 -> 0"
"SSD",2016-03-28,"AI","fourier_country_k2","imputed_dropped_annual_accounted",189.4754,5.9526,NA,NA,"WHO annual total 4295; observed weeks 5162.1; imputed 4523.9 -> 0"
"SSD",2016-04-04,"AI","fourier_country_k2","imputed_dropped_annual_accounted",199.5457,6.269,NA,NA,"WHO annual total 4295; observed weeks 5162.1; imputed 4523.9 -> 0"
"SSD",2016-04-11,"AI","fourier_country_k2","imputed_dropped_annual_accounted",210.9862,6.6284,NA,NA,"WHO annual total 4295; observed weeks 5162.1; imputed 4523.9 -> 0"
"SSD",2016-04-18,"AI","fourier_country_k2","imputed_dropped_annual_accounted",223.1692,7.0111,NA,NA,"WHO annual total 4295; observed weeks 5162.1; imputed 4523.9 -> 0"
"SSD",2016-04-25,"AI","fourier_country_k2","imputed_dropped_annual_accounted",235.3682,7.3944,NA,NA,"WHO annual total 4295; observed weeks 5162.1; imputed 4523.9 -> 0"
"SSD",2016-05-02,"AI","fourier_country_k2","imputed_dropped_annual_accounted",246.8004,7.7535,NA,NA,"WHO annual total 4295; observed weeks 5162.1; imputed 4523.9 -> 0"
"SSD",2016-05-09,"AI","fourier_country_k2","imputed_dropped_annual_accounted",256.6738,8.0637,NA,NA,"WHO annual total 4295; observed weeks 5162.1; imputed 4523.9 -> 0"
"SSD",2016-05-16,"AI","fourier_country_k2","imputed_dropped_annual_accounted",264.2345,8.3013,NA,NA,"WHO annual total 4295; observed weeks 5162.1; imputed 4523.9 -> 0"
"SSD",2016-05-23,"AI","fourier_country_k2","imputed_dropped_annual_accounted",268.8134,8.4451,NA,NA,"WHO annual total 4295; observed weeks 5162.1; imputed 4523.9 -> 0"
"SSD",2016-05-30,"AI","fourier_country_k2","imputed_dropped_annual_accounted",269.8685,8.4783,NA,NA,"WHO annual total 4295; observed weeks 5162.1; imputed 4523.9 -> 0"
"SSD",2022-10-31,"AI","fourier_country_k2","imputed_dropped_annual_accounted",6.6297,0.0156,NA,NA,"WHO annual total 424; observed weeks 424; imputed 24.3 -> 0"
"SSD",2022-11-07,"AI","fourier_country_k2","imputed_dropped_annual_accounted",8.0939,0.0191,NA,NA,"WHO annual total 424; observed weeks 424; imputed 24.3 -> 0"
"SSD",2022-11-14,"AI","fourier_country_k2","imputed_dropped_annual_accounted",9.5555,0.0225,NA,NA,"WHO annual total 424; observed weeks 424; imputed 24.3 -> 0"
"SSD",2023-01-02,"AI","fourier_country_k2","imputed_dropped_annual_accounted",34.1854,0.0465,NA,NA,"WHO annual total 1471; observed weeks 1473; imputed 893.1 -> 0"
"SSD",2023-01-09,"AI","fourier_country_k2","imputed_dropped_annual_accounted",34.1726,0.0465,NA,NA,"WHO annual total 1471; observed weeks 1473; imputed 893.1 -> 0"
"SSD",2023-01-16,"AI","fourier_country_k2","imputed_dropped_annual_accounted",33.8041,0.046,NA,NA,"WHO annual total 1471; observed weeks 1473; imputed 893.1 -> 0"
"SSD",2023-01-23,"AI","fourier_country_k2","imputed_dropped_annual_accounted",33.1833,0.0451,NA,NA,"WHO annual total 1471; observed weeks 1473; imputed 893.1 -> 0"
"SSD",2023-01-30,"AI","fourier_country_k2","imputed_dropped_annual_accounted",32.4273,0.0441,NA,NA,"WHO annual total 1471; observed weeks 1473; imputed 893.1 -> 0"
"SSD",2023-02-06,"AI","fourier_country_k2","imputed_dropped_annual_accounted",31.659,0.043,NA,NA,"WHO annual total 1471; observed weeks 1473; imputed 893.1 -> 0"
"SSD",2023-02-13,"AI","fourier_country_k2","imputed_dropped_annual_accounted",30.9984,0.0421,NA,NA,"WHO annual total 1471; observed weeks 1473; imputed 893.1 -> 0"
"SSD",2023-04-17,"WHO","who_catchup_uniform","who_catchup_uniform",0,0,107,0,"WHO report of  428 cases /  0 deaths spread over 4 weeks from 2023-04-17 (uniform)"
"SSD",2023-04-24,"WHO","who_catchup_uniform","who_catchup_uniform",0,0,107,0,"WHO report of  428 cases /  0 deaths spread over 4 weeks from 2023-04-17 (uniform)"
"SSD",2023-05-01,"WHO","who_catchup_uniform","who_catchup_uniform",0,0,107,0,"WHO report of  428 cases /  0 deaths spread over 4 weeks from 2023-04-17 (uniform)"
"SSD",2023-05-08,"WHO","who_catchup_uniform","who_catchup_uniform",428,0,107,0,"WHO report of  428 cases /  0 deaths spread over 4 weeks from 2023-04-17 (uniform)"
"SSD",2023-05-08,"AI","observed","who_copy_dropped",428,NA,NA,NA,"repeats the WHO dashboard value of a multi-week report window"
"SSD",2023-06-05,"AI","fourier_country_k2","imputed_dropped_annual_accounted",47.7136,0.0649,NA,NA,"WHO annual total 1471; observed weeks 1473; imputed 893.1 -> 0"
"SSD",2023-06-12,"AI","fourier_country_k2","imputed_dropped_annual_accounted",46.4732,0.0632,NA,NA,"WHO annual total 1471; observed weeks 1473; imputed 893.1 -> 0"
"SSD",2023-06-19,"AI","fourier_country_k2","imputed_dropped_annual_accounted",44.504,0.0605,NA,NA,"WHO annual total 1471; observed weeks 1473; imputed 893.1 -> 0"
"SSD",2023-06-26,"AI","fourier_country_k2","imputed_dropped_annual_accounted",41.8462,0.0569,NA,NA,"WHO annual total 1471; observed weeks 1473; imputed 893.1 -> 0"
"SSD",2023-07-03,"AI","fourier_country_k2","imputed_dropped_annual_accounted",38.5766,0.0524,NA,NA,"WHO annual total 1471; observed weeks 1473; imputed 893.1 -> 0"
"SSD",2023-07-10,"AI","fourier_country_k2","imputed_dropped_annual_accounted",34.8046,0.0473,NA,NA,"WHO annual total 1471; observed weeks 1473; imputed 893.1 -> 0"
"SSD",2023-07-17,"AI","fourier_country_k2","imputed_dropped_annual_accounted",30.6677,0.0417,NA,NA,"WHO annual total 1471; observed weeks 1473; imputed 893.1 -> 0"
"SSD",2023-07-24,"AI","fourier_country_k2","imputed_dropped_annual_accounted",26.3242,0.0358,NA,NA,"WHO annual total 1471; observed weeks 1473; imputed 893.1 -> 0"
"SSD",2023-07-31,"AI","fourier_country_k2","imputed_dropped_annual_accounted",21.9456,0.0298,NA,NA,"WHO annual total 1471; observed weeks 1473; imputed 893.1 -> 0"
"SSD",2023-08-07,"AI","fourier_country_k2","imputed_dropped_annual_accounted",17.7075,0.0241,NA,NA,"WHO annual total 1471; observed weeks 1473; imputed 893.1 -> 0"
"SSD",2023-08-14,"AI","fourier_country_k2","imputed_dropped_annual_accounted",13.7806,0.0187,NA,NA,"WHO annual total 1471; observed weeks 1473; imputed 893.1 -> 0"
"SSD",2023-08-21,"AI","fourier_country_k2","imputed_dropped_annual_accounted",10.3221,0.014,NA,NA,"WHO annual total 1471; observed weeks 1473; imputed 893.1 -> 0"
"SSD",2023-08-28,"AI","fourier_country_k2","imputed_dropped_annual_accounted",7.4673,0.0102,NA,NA,"WHO annual total 1471; observed weeks 1473; imputed 893.1 -> 0"
"SSD",2023-09-04,"AI","fourier_country_k2","imputed_dropped_annual_accounted",5.3229,0.0072,NA,NA,"WHO annual total 1471; observed weeks 1473; imputed 893.1 -> 0"
"SSD",2023-09-11,"AI","fourier_country_k2","imputed_dropped_annual_accounted",3.9616,0.0054,NA,NA,"WHO annual total 1471; observed weeks 1473; imputed 893.1 -> 0"
"SSD",2023-09-18,"AI","fourier_country_k2","imputed_dropped_annual_accounted",3.4187,0.0046,NA,NA,"WHO annual total 1471; observed weeks 1473; imputed 893.1 -> 0"
"SSD",2023-09-25,"AI","fourier_country_k2","imputed_dropped_annual_accounted",3.6905,0.005,NA,NA,"WHO annual total 1471; observed weeks 1473; imputed 893.1 -> 0"
"SSD",2023-10-02,"AI","fourier_country_k2","imputed_dropped_annual_accounted",4.7352,0.0064,NA,NA,"WHO annual total 1471; observed weeks 1473; imputed 893.1 -> 0"
"SSD",2023-10-09,"AI","fourier_country_k2","imputed_dropped_annual_accounted",6.4757,0.0088,NA,NA,"WHO annual total 1471; observed weeks 1473; imputed 893.1 -> 0"
"SSD",2023-10-16,"AI","fourier_country_k2","imputed_dropped_annual_accounted",8.8042,0.012,NA,NA,"WHO annual total 1471; observed weeks 1473; imputed 893.1 -> 0"
"SSD",2023-10-23,"AI","fourier_country_k2","imputed_dropped_annual_accounted",11.5886,0.0158,NA,NA,"WHO annual total 1471; observed weeks 1473; imputed 893.1 -> 0"
"SSD",2023-10-30,"AI","fourier_country_k2","imputed_dropped_annual_accounted",14.6803,0.02,NA,NA,"WHO annual total 1471; observed weeks 1473; imputed 893.1 -> 0"
"SSD",2023-11-06,"AI","fourier_country_k2","imputed_dropped_annual_accounted",17.9225,0.0244,NA,NA,"WHO annual total 1471; observed weeks 1473; imputed 893.1 -> 0"
"SSD",2023-11-13,"AI","fourier_country_k2","imputed_dropped_annual_accounted",21.1589,0.0288,NA,NA,"WHO annual total 1471; observed weeks 1473; imputed 893.1 -> 0"
"SSD",2023-11-20,"AI","fourier_country_k2","imputed_dropped_annual_accounted",24.2425,0.033,NA,NA,"WHO annual total 1471; observed weeks 1473; imputed 893.1 -> 0"
"SSD",2023-11-27,"AI","fourier_country_k2","imputed_dropped_annual_accounted",27.0434,0.0368,NA,NA,"WHO annual total 1471; observed weeks 1473; imputed 893.1 -> 0"
"SSD",2023-12-04,"AI","fourier_country_k2","imputed_dropped_annual_accounted",29.4555,0.04,NA,NA,"WHO annual total 1471; observed weeks 1473; imputed 893.1 -> 0"
"SSD",2023-12-11,"AI","fourier_country_k2","imputed_dropped_annual_accounted",31.4025,0.0427,NA,NA,"WHO annual total 1471; observed weeks 1473; imputed 893.1 -> 0"
"SSD",2023-12-18,"AI","fourier_country_k2","imputed_dropped_annual_accounted",32.8404,0.0447,NA,NA,"WHO annual total 1471; observed weeks 1473; imputed 893.1 -> 0"
"SSD",2023-12-25,"AI","fourier_country_k2","imputed_dropped_annual_accounted",33.7599,0.0459,NA,NA,"WHO annual total 1471; observed weeks 1473; imputed 893.1 -> 0"
"SSD",2024-01-01,"AI","fourier_country_k2","imputed_scaled_annual_residual",460.7803,8.2397,27.4465568038998,0.490800917697855,"WHO annual total 16416; observed weeks 15854; imputed 16858.2 -> 1004.2"
"SSD",2024-01-08,"AI","fourier_country_k2","imputed_scaled_annual_residual",460.6079,8.2366,27.4362877312138,0.490616264998745,"WHO annual total 16416; observed weeks 15854; imputed 16858.2 -> 1004.2"
"SSD",2024-01-15,"AI","fourier_country_k2","imputed_scaled_annual_residual",455.6407,8.1478,27.1404145418514,0.485326858650022,"WHO annual total 16416; observed weeks 15854; imputed 16858.2 -> 1004.2"
"SSD",2024-01-22,"AI","fourier_country_k2","imputed_scaled_annual_residual",447.2731,7.9981,26.6419952111806,0.476409920244574,"WHO annual total 16416; observed weeks 15854; imputed 16858.2 -> 1004.2"
"SSD",2024-01-29,"AI","fourier_country_k2","imputed_scaled_annual_residual",437.0837,7.8159,26.0350596588194,0.465557106767803,"WHO annual total 16416; observed weeks 15854; imputed 16858.2 -> 1004.2"
"SSD",2024-02-05,"AI","fourier_country_k2","imputed_scaled_annual_residual",426.7273,7.6307,25.4181766868609,0.454525597130602,"WHO annual total 16416; observed weeks 15854; imputed 16858.2 -> 1004.2"
"SSD",2024-02-12,"AI","fourier_country_k2","imputed_scaled_annual_residual",417.824,7.4715,24.887848178476,0.44504278755046,"WHO annual total 16416; observed weeks 15854; imputed 16858.2 -> 1004.2"
"SSD",2024-02-19,"AI","fourier_country_k2","imputed_scaled_annual_residual",411.8495,7.3647,24.53197477498,0.438681204239159,"WHO annual total 16416; observed weeks 15854; imputed 16858.2 -> 1004.2"
"SSD",2024-02-26,"AI","fourier_country_k2","imputed_scaled_annual_residual",410.0357,7.3322,24.4239350763842,0.436745329167836,"WHO annual total 16416; observed weeks 15854; imputed 16858.2 -> 1004.2"
"SSD",2024-03-04,"AI","fourier_country_k2","imputed_scaled_annual_residual",413.286,7.3904,24.6175404531325,0.440212034680174,"WHO annual total 16416; observed weeks 15854; imputed 16858.2 -> 1004.2"
"SSD",2024-03-11,"AI","fourier_country_k2","imputed_scaled_annual_residual",422.1116,7.5482,25.1432407309623,0.449611452718783,"WHO annual total 16416; observed weeks 15854; imputed 16858.2 -> 1004.2"
"SSD",2024-03-18,"AI","fourier_country_k2","imputed_scaled_annual_residual",436.5909,7.8071,26.0057058361994,0.465032931363876,"WHO annual total 16416; observed weeks 15854; imputed 16858.2 -> 1004.2"
"SSD",2024-03-25,"AI","fourier_country_k2","imputed_scaled_annual_residual",456.357,8.1606,27.1830812284234,0.486089295601189,"WHO annual total 16416; observed weeks 15854; imputed 16858.2 -> 1004.2"
"SSD",2024-04-01,"AI","fourier_country_k2","imputed_scaled_annual_residual",480.6116,8.5943,28.6278158593437,0.51192280386066,"WHO annual total 16416; observed weeks 15854; imputed 16858.2 -> 1004.2"
"SSD",2024-04-08,"AI","fourier_country_k2","imputed_scaled_annual_residual",508.1666,9.087,30.2691400928916,0.541270669941917,"WHO annual total 16416; observed weeks 15854; imputed 16858.2 -> 1004.2"
"SSD",2024-04-15,"AI","fourier_country_k2","imputed_scaled_annual_residual",537.5097,9.6117,32.0169731945943,0.572524628401092,"WHO annual total 16416; observed weeks 15854; imputed 16858.2 -> 1004.2"
"SSD",2024-04-22,"AI","fourier_country_k2","imputed_scaled_annual_residual",566.8912,10.1371,33.7670936071506,0.603820282631034,"WHO annual total 16416; observed weeks 15854; imputed 16858.2 -> 1004.2"
"SSD",2024-04-29,"AI","fourier_country_k2","imputed_scaled_annual_residual",594.4261,10.6295,35.4072205764236,0.633150279096248,"WHO annual total 16416; observed weeks 15854; imputed 16858.2 -> 1004.2"
"SSD",2024-05-06,"AI","fourier_country_k2","imputed_scaled_annual_residual",618.2065,11.0548,36.8237093009186,0.658483438106515,"WHO annual total 16416; observed weeks 15854; imputed 16858.2 -> 1004.2"
"SSD",2024-05-13,"AI","fourier_country_k2","imputed_scaled_annual_residual",636.4166,11.3804,37.9084009512663,0.677877928051831,"WHO annual total 16416; observed weeks 15854; imputed 16858.2 -> 1004.2"
"SSD",2024-05-20,"AI","fourier_country_k2","imputed_scaled_annual_residual",647.4451,11.5776,38.5653178196997,0.689624222330751,"WHO annual total 16416; observed weeks 15854; imputed 16858.2 -> 1004.2"
"SSD",2024-05-27,"AI","fourier_country_k2","imputed_scaled_annual_residual",649.9863,11.623,38.7166853806611,0.692328490891922,"WHO annual total 16416; observed weeks 15854; imputed 16858.2 -> 1004.2"
"SSD",2024-06-03,"AI","fourier_country_k2","imputed_scaled_annual_residual",643.1262,11.5004,38.3080608706063,0.685025774469024,"WHO annual total 16416; observed weeks 15854; imputed 16858.2 -> 1004.2"
"SSD",2024-06-10,"AI","fourier_country_k2","imputed_scaled_annual_residual",626.4063,11.2014,37.3121335596828,0.667215723812852,"WHO annual total 16416; observed weeks 15854; imputed 16858.2 -> 1004.2"
"SSD",2024-06-17,"AI","fourier_country_k2","imputed_scaled_annual_residual",599.8632,10.7267,35.7310835410479,0.638940034694174,"WHO annual total 16416; observed weeks 15854; imputed 16858.2 -> 1004.2"
"SSD",2024-06-24,"AI","fourier_country_k2","imputed_scaled_annual_residual",564.0398,10.0861,33.5972488632007,0.600782447903727,"WHO annual total 16416; observed weeks 15854; imputed 16858.2 -> 1004.2"
"SSD",2024-07-01,"AI","fourier_country_k2","imputed_scaled_annual_residual",519.9686,9.2981,30.9721307880225,0.553844923097495,"WHO annual total 16416; observed weeks 15854; imputed 16858.2 -> 1004.2"
"SSD",2024-07-08,"AI","fourier_country_k2","imputed_scaled_annual_residual",469.1266,8.3889,27.9437073918316,0.499688073409898,"WHO annual total 16416; observed weeks 15854; imputed 16858.2 -> 1004.2"
"SSD",2024-07-15,"AI","fourier_country_k2","imputed_scaled_annual_residual",413.3657,7.3918,24.6222878144613,0.440295426221708,"WHO annual total 16416; observed weeks 15854; imputed 16858.2 -> 1004.2"
"SSD",2024-07-22,"AI","fourier_country_k2","imputed_scaled_annual_residual",354.8208,6.3449,21.135038200212,0.377936422770383,"WHO annual total 16416; observed weeks 15854; imputed 16858.2 -> 1004.2"
"SSD",2024-07-29,"AI","fourier_country_k2","imputed_scaled_annual_residual",295.8022,5.2895,17.619572462231,0.315071113531173,"WHO annual total 16416; observed weeks 15854; imputed 16858.2 -> 1004.2"
"SSD",2024-08-05,"AI","fourier_country_k2","imputed_scaled_annual_residual",238.6769,4.268,14.2168818710972,0.25422507090482,"WHO annual total 16416; observed weeks 15854; imputed 16858.2 -> 1004.2"
"SSD",2024-08-12,"AI","fourier_country_k2","imputed_scaled_annual_residual",185.7469,3.3215,11.0640859472471,0.197846432289213,"WHO annual total 16416; observed weeks 15854; imputed 16858.2 -> 1004.2"
"SSD",2024-08-19,"AI","fourier_country_k2","imputed_scaled_annual_residual",139.1298,2.4879,8.28732035378947,0.148192725844448,"WHO annual total 16416; observed weeks 15854; imputed 16858.2 -> 1004.2"
"SSD",2024-08-26,"AI","fourier_country_k2","imputed_scaled_annual_residual",100.6503,1.7998,5.99527405203642,0.107205783180528,"WHO annual total 16416; observed weeks 15854; imputed 16858.2 -> 1004.2"
"SSD",2024-09-02,"AI","fourier_country_k2","imputed_scaled_annual_residual",340.0798,5.8508,20.2569848332467,0.348505165147592,"WHO annual total 16416; observed weeks 15854; imputed 16858.2 -> 1004.2"
"SSD",2024-09-09,"AI","fourier_country_k2","imputed_scaled_annual_residual",253.1093,4.3546,15.0765533596929,0.259383433402561,"WHO annual total 16416; observed weeks 15854; imputed 16858.2 -> 1004.2"
"SSD",2024-09-16,"AI","fourier_country_k2","imputed_scaled_annual_residual",218.4232,3.7578,13.0104623962647,0.223834810554389,"WHO annual total 16416; observed weeks 15854; imputed 16858.2 -> 1004.2"
"SWZ",2023-01-02,"AI","fourier_regional_Southern Africa_k6","imputed_dropped_annual_accounted",0.0755,0,NA,NA,"WHO annual total 2; observed weeks 3; imputed 1.7 -> 0"
"SWZ",2023-01-09,"AI","fourier_regional_Southern Africa_k6","imputed_dropped_annual_accounted",0.093,0,NA,NA,"WHO annual total 2; observed weeks 3; imputed 1.7 -> 0"
"SWZ",2023-01-16,"AI","fourier_regional_Southern Africa_k6","imputed_dropped_annual_accounted",0.104,0,NA,NA,"WHO annual total 2; observed weeks 3; imputed 1.7 -> 0"
"SWZ",2023-01-23,"AI","fourier_regional_Southern Africa_k6","imputed_dropped_annual_accounted",0.1057,0,NA,NA,"WHO annual total 2; observed weeks 3; imputed 1.7 -> 0"
"SWZ",2023-01-30,"AI","fourier_regional_Southern Africa_k6","imputed_dropped_annual_accounted",0.099,0,NA,NA,"WHO annual total 2; observed weeks 3; imputed 1.7 -> 0"
"SWZ",2023-02-06,"AI","fourier_regional_Southern Africa_k6","imputed_dropped_annual_accounted",0.0878,0,NA,NA,"WHO annual total 2; observed weeks 3; imputed 1.7 -> 0"
"SWZ",2023-02-13,"AI","fourier_regional_Southern Africa_k6","imputed_dropped_annual_accounted",0.0769,0,NA,NA,"WHO annual total 2; observed weeks 3; imputed 1.7 -> 0"
"SWZ",2023-02-20,"AI","fourier_regional_Southern Africa_k6","imputed_dropped_annual_accounted",0.0699,0,NA,NA,"WHO annual total 2; observed weeks 3; imputed 1.7 -> 0"
"SWZ",2023-02-27,"AI","fourier_regional_Southern Africa_k6","imputed_dropped_annual_accounted",0.0678,0,NA,NA,"WHO annual total 2; observed weeks 3; imputed 1.7 -> 0"
"SWZ",2023-03-06,"AI","fourier_regional_Southern Africa_k6","imputed_dropped_annual_accounted",0.0685,0,NA,NA,"WHO annual total 2; observed weeks 3; imputed 1.7 -> 0"
"SWZ",2023-03-13,"AI","fourier_regional_Southern Africa_k6","imputed_dropped_annual_accounted",0.0684,0,NA,NA,"WHO annual total 2; observed weeks 3; imputed 1.7 -> 0"
"SWZ",2023-03-20,"AI","fourier_regional_Southern Africa_k6","imputed_dropped_annual_accounted",0.0644,0,NA,NA,"WHO annual total 2; observed weeks 3; imputed 1.7 -> 0"
"SWZ",2023-07-31,"AI","fourier_regional_Southern Africa_k6","imputed_dropped_annual_accounted",0,0,NA,NA,"WHO annual total 2; observed weeks 3; imputed 1.7 -> 0"
"SWZ",2023-08-07,"AI","fourier_regional_Southern Africa_k6","imputed_dropped_annual_accounted",0,0,NA,NA,"WHO annual total 2; observed weeks 3; imputed 1.7 -> 0"
"SWZ",2023-08-14,"AI","fourier_regional_Southern Africa_k6","imputed_dropped_annual_accounted",0.0023,0,NA,NA,"WHO annual total 2; observed weeks 3; imputed 1.7 -> 0"
"SWZ",2023-08-21,"AI","fourier_regional_Southern Africa_k6","imputed_dropped_annual_accounted",0.0214,0,NA,NA,"WHO annual total 2; observed weeks 3; imputed 1.7 -> 0"
"SWZ",2023-08-28,"AI","fourier_regional_Southern Africa_k6","imputed_dropped_annual_accounted",0.0454,0,NA,NA,"WHO annual total 2; observed weeks 3; imputed 1.7 -> 0"
"SWZ",2023-09-04,"AI","fourier_regional_Southern Africa_k6","imputed_dropped_annual_accounted",0.0672,0,NA,NA,"WHO annual total 2; observed weeks 3; imputed 1.7 -> 0"
"SWZ",2023-09-11,"AI","fourier_regional_Southern Africa_k6","imputed_dropped_annual_accounted",0.0796,0,NA,NA,"WHO annual total 2; observed weeks 3; imputed 1.7 -> 0"
"SWZ",2023-09-18,"AI","fourier_regional_Southern Africa_k6","imputed_dropped_annual_accounted",0.0785,0,NA,NA,"WHO annual total 2; observed weeks 3; imputed 1.7 -> 0"
"SWZ",2023-09-25,"AI","fourier_regional_Southern Africa_k6","imputed_dropped_annual_accounted",0.0645,0,NA,NA,"WHO annual total 2; observed weeks 3; imputed 1.7 -> 0"
"SWZ",2023-10-02,"AI","fourier_regional_Southern Africa_k6","imputed_dropped_annual_accounted",0.0428,0,NA,NA,"WHO annual total 2; observed weeks 3; imputed 1.7 -> 0"
"SWZ",2023-10-09,"AI","fourier_regional_Southern Africa_k6","imputed_dropped_annual_accounted",0.021,0,NA,NA,"WHO annual total 2; observed weeks 3; imputed 1.7 -> 0"
"SWZ",2023-10-16,"AI","fourier_regional_Southern Africa_k6","imputed_dropped_annual_accounted",0.006,0,NA,NA,"WHO annual total 2; observed weeks 3; imputed 1.7 -> 0"
"SWZ",2023-10-23,"AI","fourier_regional_Southern Africa_k6","imputed_dropped_annual_accounted",0.0012,0,NA,NA,"WHO annual total 2; observed weeks 3; imputed 1.7 -> 0"
"SWZ",2023-10-30,"AI","fourier_regional_Southern Africa_k6","imputed_dropped_annual_accounted",0.0059,0,NA,NA,"WHO annual total 2; observed weeks 3; imputed 1.7 -> 0"
"SWZ",2023-11-06,"AI","fourier_regional_Southern Africa_k6","imputed_dropped_annual_accounted",0.0156,0,NA,NA,"WHO annual total 2; observed weeks 3; imputed 1.7 -> 0"
"SWZ",2023-11-13,"AI","fourier_regional_Southern Africa_k6","imputed_dropped_annual_accounted",0.025,0,NA,NA,"WHO annual total 2; observed weeks 3; imputed 1.7 -> 0"
"SWZ",2023-11-20,"AI","fourier_regional_Southern Africa_k6","imputed_dropped_annual_accounted",0.0303,0,NA,NA,"WHO annual total 2; observed weeks 3; imputed 1.7 -> 0"
"SWZ",2023-11-27,"AI","fourier_regional_Southern Africa_k6","imputed_dropped_annual_accounted",0.0311,0,NA,NA,"WHO annual total 2; observed weeks 3; imputed 1.7 -> 0"
"SWZ",2023-12-04,"AI","fourier_regional_Southern Africa_k6","imputed_dropped_annual_accounted",0.0305,0,NA,NA,"WHO annual total 2; observed weeks 3; imputed 1.7 -> 0"
"SWZ",2023-12-11,"AI","fourier_regional_Southern Africa_k6","imputed_dropped_annual_accounted",0.0327,0,NA,NA,"WHO annual total 2; observed weeks 3; imputed 1.7 -> 0"
"SWZ",2023-12-18,"AI","fourier_regional_Southern Africa_k6","imputed_dropped_annual_accounted",0.0412,0,NA,NA,"WHO annual total 2; observed weeks 3; imputed 1.7 -> 0"
"SWZ",2023-12-25,"AI","fourier_regional_Southern Africa_k6","imputed_dropped_annual_accounted",0.0565,0,NA,NA,"WHO annual total 2; observed weeks 3; imputed 1.7 -> 0"
"TGO",2012-12-31,"AI","fourier_country_k1","imputed_dropped_annual_accounted",2.5085,0.0411,NA,NA,"WHO annual total 166; observed weeks 168.2; imputed 151.9 -> 0"
"TGO",2013-01-07,"AI","fourier_country_k1","imputed_dropped_annual_accounted",16.1998,0.3904,NA,NA,"WHO annual total 166; observed weeks 168.2; imputed 151.9 -> 0"
"TGO",2013-01-14,"AI","fourier_country_k1","imputed_dropped_annual_accounted",15.6405,0.3769,NA,NA,"WHO annual total 166; observed weeks 168.2; imputed 151.9 -> 0"
"TGO",2013-01-21,"AI","fourier_country_k1","imputed_dropped_annual_accounted",14.9535,0.3603,NA,NA,"WHO annual total 166; observed weeks 168.2; imputed 151.9 -> 0"
"TGO",2013-01-28,"AI","fourier_country_k1","imputed_dropped_annual_accounted",14.1488,0.3409,NA,NA,"WHO annual total 166; observed weeks 168.2; imputed 151.9 -> 0"
"TGO",2013-02-04,"AI","fourier_country_k1","imputed_dropped_annual_accounted",13.2382,0.319,NA,NA,"WHO annual total 166; observed weeks 168.2; imputed 151.9 -> 0"
"TGO",2013-02-11,"AI","fourier_country_k1","imputed_dropped_annual_accounted",12.2349,0.2948,NA,NA,"WHO annual total 166; observed weeks 168.2; imputed 151.9 -> 0"
"TGO",2013-02-18,"AI","fourier_country_k1","imputed_dropped_annual_accounted",11.1535,0.2688,NA,NA,"WHO annual total 166; observed weeks 168.2; imputed 151.9 -> 0"
"TGO",2013-02-25,"AI","fourier_country_k1","imputed_dropped_annual_accounted",10.0099,0.2412,NA,NA,"WHO annual total 166; observed weeks 168.2; imputed 151.9 -> 0"
"TGO",2013-03-04,"AI","fourier_country_k1","imputed_dropped_annual_accounted",8.8207,0.2125,NA,NA,"WHO annual total 166; observed weeks 168.2; imputed 151.9 -> 0"
"TGO",2013-03-11,"AI","fourier_country_k1","imputed_dropped_annual_accounted",7.6032,0.1832,NA,NA,"WHO annual total 166; observed weeks 168.2; imputed 151.9 -> 0"
"TGO",2013-03-18,"AI","fourier_country_k1","imputed_dropped_annual_accounted",6.3752,0.1536,NA,NA,"WHO annual total 166; observed weeks 168.2; imputed 151.9 -> 0"
"TGO",2013-03-25,"AI","fourier_country_k1","imputed_dropped_annual_accounted",5.1546,0.1242,NA,NA,"WHO annual total 166; observed weeks 168.2; imputed 151.9 -> 0"
"TGO",2013-04-01,"AI","fourier_country_k1","imputed_dropped_annual_accounted",3.9592,0.0954,NA,NA,"WHO annual total 166; observed weeks 168.2; imputed 151.9 -> 0"
"TGO",2013-04-08,"AI","fourier_country_k1","imputed_dropped_annual_accounted",2.8064,0.0676,NA,NA,"WHO annual total 166; observed weeks 168.2; imputed 151.9 -> 0"
"TGO",2013-04-15,"AI","fourier_country_k1","imputed_dropped_annual_accounted",1.7131,0.0413,NA,NA,"WHO annual total 166; observed weeks 168.2; imputed 151.9 -> 0"
"TGO",2013-04-22,"AI","fourier_country_k1","imputed_dropped_annual_accounted",0.6952,0.0168,NA,NA,"WHO annual total 166; observed weeks 168.2; imputed 151.9 -> 0"
"TGO",2013-04-29,"AI","fourier_country_k1","imputed_dropped_annual_accounted",0,0,NA,NA,"WHO annual total 166; observed weeks 168.2; imputed 151.9 -> 0"
"TGO",2013-05-06,"AI","fourier_country_k1","imputed_dropped_annual_accounted",0,0,NA,NA,"WHO annual total 166; observed weeks 168.2; imputed 151.9 -> 0"
"TGO",2013-05-13,"AI","fourier_country_k1","imputed_dropped_annual_accounted",0,0,NA,NA,"WHO annual total 166; observed weeks 168.2; imputed 151.9 -> 0"
"TGO",2013-05-20,"AI","fourier_country_k1","imputed_dropped_annual_accounted",0,0,NA,NA,"WHO annual total 166; observed weeks 168.2; imputed 151.9 -> 0"
"TGO",2013-05-27,"AI","fourier_country_k1","imputed_dropped_annual_accounted",0,0,NA,NA,"WHO annual total 166; observed weeks 168.2; imputed 151.9 -> 0"
"TGO",2013-06-03,"AI","fourier_country_k1","imputed_dropped_annual_accounted",0,0,NA,NA,"WHO annual total 166; observed weeks 168.2; imputed 151.9 -> 0"
"TGO",2013-06-10,"AI","fourier_country_k1","imputed_dropped_annual_accounted",0,0,NA,NA,"WHO annual total 166; observed weeks 168.2; imputed 151.9 -> 0"
"TGO",2013-06-17,"AI","fourier_country_k1","imputed_dropped_annual_accounted",0,0,NA,NA,"WHO annual total 166; observed weeks 168.2; imputed 151.9 -> 0"
"TGO",2013-06-24,"AI","fourier_country_k1","imputed_dropped_annual_accounted",0,0,NA,NA,"WHO annual total 166; observed weeks 168.2; imputed 151.9 -> 0"
"TGO",2013-07-01,"AI","fourier_country_k1","imputed_dropped_annual_accounted",0,0,NA,NA,"WHO annual total 166; observed weeks 168.2; imputed 151.9 -> 0"
"TGO",2013-07-08,"AI","fourier_country_k1","imputed_dropped_annual_accounted",0,0,NA,NA,"WHO annual total 166; observed weeks 168.2; imputed 151.9 -> 0"
"TGO",2013-07-15,"AI","fourier_country_k1","imputed_dropped_annual_accounted",0,0,NA,NA,"WHO annual total 166; observed weeks 168.2; imputed 151.9 -> 0"
"TGO",2013-07-22,"AI","fourier_country_k1","imputed_dropped_annual_accounted",0,0,NA,NA,"WHO annual total 166; observed weeks 168.2; imputed 151.9 -> 0"
"TGO",2013-07-29,"AI","fourier_country_k1","imputed_dropped_annual_accounted",0,0,NA,NA,"WHO annual total 166; observed weeks 168.2; imputed 151.9 -> 0"
"TGO",2013-08-05,"AI","fourier_country_k1","imputed_dropped_annual_accounted",0.5274,0.0127,NA,NA,"WHO annual total 166; observed weeks 168.2; imputed 151.9 -> 0"
"TGO",2013-08-12,"AI","fourier_country_k1","imputed_dropped_annual_accounted",1.5307,0.0369,NA,NA,"WHO annual total 166; observed weeks 168.2; imputed 151.9 -> 0"
"TGO",2013-08-19,"AI","fourier_country_k1","imputed_dropped_annual_accounted",2.612,0.0629,NA,NA,"WHO annual total 166; observed weeks 168.2; imputed 151.9 -> 0"
"TGO",2019-12-30,"AI","fourier_country_k1","imputed_scaled_annual_residual",4.1011,0.1224,0.351926284714506,0.0105034691300031,"WHO annual total 67; observed weeks 65; imputed 71.1 -> 6.1"
"TGO",2020-01-06,"AI","fourier_country_k1","imputed_scaled_annual_residual",4.2573,0.1271,0.365330221627141,0.0109067886145702,"WHO annual total 67; observed weeks 65; imputed 71.1 -> 6.1"
"TGO",2020-01-13,"AI","fourier_country_k1","imputed_scaled_annual_residual",4.1103,0.1227,0.352715761152382,0.0105292129268903,"WHO annual total 67; observed weeks 65; imputed 71.1 -> 6.1"
"TGO",2020-01-20,"AI","fourier_country_k1","imputed_scaled_annual_residual",3.9297,0.1173,0.33721799542625,0.0100658245829196,"WHO annual total 67; observed weeks 65; imputed 71.1 -> 6.1"
"TGO",2020-01-27,"AI","fourier_country_k1","imputed_scaled_annual_residual",3.7183,0.111,0.319077199886359,0.00952520484828709,"WHO annual total 67; observed weeks 65; imputed 71.1 -> 6.1"
"TGO",2020-02-03,"AI","fourier_country_k1","imputed_scaled_annual_residual",3.479,0.1038,0.298542231235953,0.00890735372299279,"WHO annual total 67; observed weeks 65; imputed 71.1 -> 6.1"
"TGO",2020-02-10,"AI","fourier_country_k1","imputed_scaled_annual_residual",3.2153,0.096,0.275913433772049,0.00823801500392397,"WHO annual total 67; observed weeks 65; imputed 71.1 -> 6.1"
"TGO",2020-02-17,"AI","fourier_country_k1","imputed_scaled_annual_residual",2.9311,0.0875,0.251525476854183,0.00750860742545154,"WHO annual total 67; observed weeks 65; imputed 71.1 -> 6.1"
"TGO",2020-02-24,"AI","fourier_country_k1","imputed_scaled_annual_residual",2.6306,0.0785,0.225738773638775,0.00673629351883366,"WHO annual total 67; observed weeks 65; imputed 71.1 -> 6.1"
"TGO",2020-03-02,"AI","fourier_country_k1","imputed_scaled_annual_residual",2.318,0.0692,0.198913737282248,0.00593823581532853,"WHO annual total 67; observed weeks 65; imputed 71.1 -> 6.1"
"TGO",2020-03-09,"AI","fourier_country_k1","imputed_scaled_annual_residual",1.9981,0.0596,0.171462268534797,0.00511443431493613,"WHO annual total 67; observed weeks 65; imputed 71.1 -> 6.1"
"TGO",2020-03-16,"AI","fourier_country_k1","imputed_scaled_annual_residual",1.6754,0.05,0.143770524349731,0.00429063281454374,"WHO annual total 67; observed weeks 65; imputed 71.1 -> 6.1"
"TGO",2020-03-23,"AI","fourier_country_k1","imputed_scaled_annual_residual",1.3546,0.0404,0.116241824211619,0.00346683131415134,"WHO annual total 67; observed weeks 65; imputed 71.1 -> 6.1"
"TGO",2020-03-30,"AI","fourier_country_k1","imputed_scaled_annual_residual",1.0405,0.0311,0.0892880688706551,0.0026687736106462,"WHO annual total 67; observed weeks 65; imputed 71.1 -> 6.1"
"TGO",2020-04-06,"AI","fourier_country_k1","imputed_scaled_annual_residual",0.7375,0.022,0.0632868340145201,0.00188787843839924,"WHO annual total 67; observed weeks 65; imputed 71.1 -> 6.1"
"TGO",2020-04-13,"AI","fourier_country_k1","imputed_scaled_annual_residual",0.4502,0.0134,0.0386328578621518,0.00114988959429772,"WHO annual total 67; observed weeks 65; imputed 71.1 -> 6.1"
"TGO",2020-04-20,"AI","fourier_country_k1","imputed_scaled_annual_residual",0.1827,0.0055,0.0156779723043428,0.000471969609599811,"WHO annual total 67; observed weeks 65; imputed 71.1 -> 6.1"
"TGO",2020-04-27,"AI","fourier_country_k1","imputed_scaled_annual_residual",0,0,0,0,"WHO annual total 67; observed weeks 65; imputed 71.1 -> 6.1"
"TGO",2020-05-04,"AI","fourier_country_k1","imputed_scaled_annual_residual",0,0,0,0,"WHO annual total 67; observed weeks 65; imputed 71.1 -> 6.1"
"TGO",2020-05-11,"AI","fourier_country_k1","imputed_scaled_annual_residual",0,0,0,0,"WHO annual total 67; observed weeks 65; imputed 71.1 -> 6.1"
"TGO",2020-05-18,"AI","fourier_country_k1","imputed_scaled_annual_residual",0,0,0,0,"WHO annual total 67; observed weeks 65; imputed 71.1 -> 6.1"
"TGO",2020-05-25,"AI","fourier_country_k1","imputed_scaled_annual_residual",0,0,0,0,"WHO annual total 67; observed weeks 65; imputed 71.1 -> 6.1"
"TGO",2020-06-01,"AI","fourier_country_k1","imputed_scaled_annual_residual",0,0,0,0,"WHO annual total 67; observed weeks 65; imputed 71.1 -> 6.1"
"TGO",2020-06-08,"AI","fourier_country_k1","imputed_scaled_annual_residual",0,0,0,0,"WHO annual total 67; observed weeks 65; imputed 71.1 -> 6.1"
"TGO",2020-06-15,"AI","fourier_country_k1","imputed_scaled_annual_residual",0,0,0,0,"WHO annual total 67; observed weeks 65; imputed 71.1 -> 6.1"
"TGO",2020-06-22,"AI","fourier_country_k1","imputed_scaled_annual_residual",0,0,0,0,"WHO annual total 67; observed weeks 65; imputed 71.1 -> 6.1"
"TGO",2020-06-29,"AI","fourier_country_k1","imputed_scaled_annual_residual",0,0,0,0,"WHO annual total 67; observed weeks 65; imputed 71.1 -> 6.1"
"TGO",2020-07-06,"AI","fourier_country_k1","imputed_scaled_annual_residual",0,0,0,0,"WHO annual total 67; observed weeks 65; imputed 71.1 -> 6.1"
"TGO",2020-07-13,"AI","fourier_country_k1","imputed_scaled_annual_residual",0,0,0,0,"WHO annual total 67; observed weeks 65; imputed 71.1 -> 6.1"
"TGO",2020-07-20,"AI","fourier_country_k1","imputed_scaled_annual_residual",0,0,0,0,"WHO annual total 67; observed weeks 65; imputed 71.1 -> 6.1"
"TGO",2020-07-27,"AI","fourier_country_k1","imputed_scaled_annual_residual",0,0,0,0,"WHO annual total 67; observed weeks 65; imputed 71.1 -> 6.1"
"TGO",2020-08-03,"AI","fourier_country_k1","imputed_scaled_annual_residual",0.1386,0.0041,0.0118936341619152,0.000351831890792586,"WHO annual total 67; observed weeks 65; imputed 71.1 -> 6.1"
"TGO",2020-08-10,"AI","fourier_country_k1","imputed_scaled_annual_residual",0.4023,0.012,0.0345224316258189,0.0010297518754905,"WHO annual total 67; observed weeks 65; imputed 71.1 -> 6.1"
"TGO",2020-08-17,"AI","fourier_country_k1","imputed_scaled_annual_residual",0.6864,0.0205,0.0589018072780564,0.00175915945396293,"WHO annual total 67; observed weeks 65; imputed 71.1 -> 6.1"
"TGO",2020-08-24,"AI","fourier_country_k1","imputed_scaled_annual_residual",0.987,0.0295,0.0846970917590933,0.0025314733605808,"WHO annual total 67; observed weeks 65; imputed 71.1 -> 6.1"
"TGO",2020-08-31,"AI","fourier_country_k1","imputed_scaled_annual_residual",1.2995,0.0388,0.111513546849992,0.00332953106408594,"WHO annual total 67; observed weeks 65; imputed 71.1 -> 6.1"
"TGO",2020-09-07,"AI","fourier_country_k1","imputed_scaled_annual_residual",1.6195,0.0483,0.138973596863072,0.00414475129884925,"WHO annual total 67; observed weeks 65; imputed 71.1 -> 6.1"
"TGO",2020-09-14,"AI","fourier_country_k1","imputed_scaled_annual_residual",1.9422,0.058,0.166665341048137,0.00497713406487073,"WHO annual total 67; observed weeks 65; imputed 71.1 -> 6.1"
"TGO",2020-09-21,"AI","fourier_country_k1","imputed_scaled_annual_residual",2.2629,0.0676,0.19418545992062,0.00580093556526313,"WHO annual total 67; observed weeks 65; imputed 71.1 -> 6.1"
"TGO",2020-09-28,"AI","fourier_country_k1","imputed_scaled_annual_residual",2.5771,0.0769,0.221147796527213,0.00659899326876826,"WHO annual total 67; observed weeks 65; imputed 71.1 -> 6.1"
"TGO",2020-10-05,"AI","fourier_country_k1","imputed_scaled_annual_residual",2.88,0.086,0.247140450117719,0.00737988844101522,"WHO annual total 67; observed weeks 65; imputed 71.1 -> 6.1"
"TGO",2020-10-12,"AI","fourier_country_k1","imputed_scaled_annual_residual",3.1674,0.0945,0.271803007535717,0.00810929601948766,"WHO annual total 67; observed weeks 65; imputed 71.1 -> 6.1"
"TGO",2020-10-19,"AI","fourier_country_k1","imputed_scaled_annual_residual",3.4349,0.1025,0.294757893093526,0.00879579726981466,"WHO annual total 67; observed weeks 65; imputed 71.1 -> 6.1"
"TGO",2020-10-26,"AI","fourier_country_k1","imputed_scaled_annual_residual",3.6787,0.1098,0.315679018697241,0.00942222966073804,"WHO annual total 67; observed weeks 65; imputed 71.1 -> 6.1"
"TGO",2020-11-02,"AI","fourier_country_k1","imputed_scaled_annual_residual",3.8952,0.1163,0.334257458784215,0.00998001192662873,"WHO annual total 67; observed weeks 65; imputed 71.1 -> 6.1"
"TGO",2021-01-04,"AI","fourier_country_k1","imputed_scaled_annual_residual",3.0553,0.3819,0.2291475,0.0286425,"WHO annual total 40; observed weeks 37; imputed 40 -> 3"
"TGO",2021-01-11,"AI","fourier_country_k1","imputed_scaled_annual_residual",2.9775,0.3722,0.2233125,0.027915,"WHO annual total 40; observed weeks 37; imputed 40 -> 3"
"TGO",2021-01-18,"AI","fourier_country_k1","imputed_scaled_annual_residual",2.8747,0.3593,0.2156025,0.0269475,"WHO annual total 40; observed weeks 37; imputed 40 -> 3"
"TGO",2021-01-25,"AI","fourier_country_k1","imputed_scaled_annual_residual",2.7484,0.3436,0.20613,0.02577,"WHO annual total 40; observed weeks 37; imputed 40 -> 3"
"TGO",2021-02-01,"AI","fourier_country_k1","imputed_scaled_annual_residual",2.6005,0.3251,0.1950375,0.0243825,"WHO annual total 40; observed weeks 37; imputed 40 -> 3"
"TGO",2021-02-08,"AI","fourier_country_k1","imputed_scaled_annual_residual",2.4332,0.3041,0.18249,0.0228075,"WHO annual total 40; observed weeks 37; imputed 40 -> 3"
"TGO",2021-02-15,"AI","fourier_country_k1","imputed_scaled_annual_residual",2.2488,0.2811,0.16866,0.0210825,"WHO annual total 40; observed weeks 37; imputed 40 -> 3"
"TGO",2021-02-22,"AI","fourier_country_k1","imputed_scaled_annual_residual",2.05,0.2563,0.15375,0.0192225,"WHO annual total 40; observed weeks 37; imputed 40 -> 3"
"TGO",2021-03-01,"AI","fourier_country_k1","imputed_scaled_annual_residual",1.8398,0.23,0.137985,0.01725,"WHO annual total 40; observed weeks 37; imputed 40 -> 3"
"TGO",2021-03-08,"AI","fourier_country_k1","imputed_scaled_annual_residual",1.6212,0.2027,0.12159,0.0152025,"WHO annual total 40; observed weeks 37; imputed 40 -> 3"
"TGO",2021-03-15,"AI","fourier_country_k1","imputed_scaled_annual_residual",1.3975,0.1747,0.1048125,0.0131025,"WHO annual total 40; observed weeks 37; imputed 40 -> 3"
"TGO",2021-03-22,"AI","fourier_country_k1","imputed_scaled_annual_residual",1.1717,0.1465,0.0878775,0.0109875,"WHO annual total 40; observed weeks 37; imputed 40 -> 3"
"TGO",2021-03-29,"AI","fourier_country_k1","imputed_scaled_annual_residual",0.9474,0.1184,0.071055,0.00888,"WHO annual total 40; observed weeks 37; imputed 40 -> 3"
"TGO",2021-04-05,"AI","fourier_country_k1","imputed_scaled_annual_residual",0.7277,0.091,0.0545775,0.006825,"WHO annual total 40; observed weeks 37; imputed 40 -> 3"
"TGO",2021-04-12,"AI","fourier_country_k1","imputed_scaled_annual_residual",0.5158,0.0645,0.038685,0.0048375,"WHO annual total 40; observed weeks 37; imputed 40 -> 3"
"TGO",2021-04-19,"AI","fourier_country_k1","imputed_scaled_annual_residual",0.3149,0.0394,0.0236175,0.002955,"WHO annual total 40; observed weeks 37; imputed 40 -> 3"
"TGO",2021-04-26,"AI","fourier_country_k1","imputed_scaled_annual_residual",0.1278,0.016,0.009585,0.0012,"WHO annual total 40; observed weeks 37; imputed 40 -> 3"
"TGO",2021-05-03,"AI","fourier_country_k1","imputed_scaled_annual_residual",0,0,0,0,"WHO annual total 40; observed weeks 37; imputed 40 -> 3"
"TGO",2021-05-10,"AI","fourier_country_k1","imputed_scaled_annual_residual",0,0,0,0,"WHO annual total 40; observed weeks 37; imputed 40 -> 3"
"TGO",2021-05-17,"AI","fourier_country_k1","imputed_scaled_annual_residual",0,0,0,0,"WHO annual total 40; observed weeks 37; imputed 40 -> 3"
"TGO",2021-05-24,"AI","fourier_country_k1","imputed_scaled_annual_residual",0,0,0,0,"WHO annual total 40; observed weeks 37; imputed 40 -> 3"
"TGO",2021-05-31,"AI","fourier_country_k1","imputed_scaled_annual_residual",0,0,0,0,"WHO annual total 40; observed weeks 37; imputed 40 -> 3"
"TGO",2021-06-07,"AI","fourier_country_k1","imputed_scaled_annual_residual",0,0,0,0,"WHO annual total 40; observed weeks 37; imputed 40 -> 3"
"TGO",2021-06-14,"AI","fourier_country_k1","imputed_scaled_annual_residual",0,0,0,0,"WHO annual total 40; observed weeks 37; imputed 40 -> 3"
"TGO",2021-06-21,"AI","fourier_country_k1","imputed_scaled_annual_residual",0,0,0,0,"WHO annual total 40; observed weeks 37; imputed 40 -> 3"
"TGO",2021-06-28,"AI","fourier_country_k1","imputed_scaled_annual_residual",0,0,0,0,"WHO annual total 40; observed weeks 37; imputed 40 -> 3"
"TGO",2021-07-05,"AI","fourier_country_k1","imputed_scaled_annual_residual",0,0,0,0,"WHO annual total 40; observed weeks 37; imputed 40 -> 3"
"TGO",2021-07-12,"AI","fourier_country_k1","imputed_scaled_annual_residual",0,0,0,0,"WHO annual total 40; observed weeks 37; imputed 40 -> 3"
"TGO",2021-07-19,"AI","fourier_country_k1","imputed_scaled_annual_residual",0,0,0,0,"WHO annual total 40; observed weeks 37; imputed 40 -> 3"
"TGO",2021-07-26,"AI","fourier_country_k1","imputed_scaled_annual_residual",0,0,0,0,"WHO annual total 40; observed weeks 37; imputed 40 -> 3"
"TGO",2021-08-02,"AI","fourier_country_k1","imputed_scaled_annual_residual",0,0,0,0,"WHO annual total 40; observed weeks 37; imputed 40 -> 3"
"TGO",2021-08-09,"AI","fourier_country_k1","imputed_scaled_annual_residual",0.0969,0.0121,0.0072675,0.0009075,"WHO annual total 40; observed weeks 37; imputed 40 -> 3"
"TGO",2021-08-16,"AI","fourier_country_k1","imputed_scaled_annual_residual",0.2813,0.0352,0.0210975,0.00264,"WHO annual total 40; observed weeks 37; imputed 40 -> 3"
"TGO",2021-08-23,"AI","fourier_country_k1","imputed_scaled_annual_residual",0.4801,0.06,0.0360075,0.0045,"WHO annual total 40; observed weeks 37; imputed 40 -> 3"
"TGO",2021-08-30,"AI","fourier_country_k1","imputed_scaled_annual_residual",0.6903,0.0863,0.0517725,0.0064725,"WHO annual total 40; observed weeks 37; imputed 40 -> 3"
"TGO",2021-09-06,"AI","fourier_country_k1","imputed_scaled_annual_residual",0.9089,0.1136,0.0681675,0.00852,"WHO annual total 40; observed weeks 37; imputed 40 -> 3"
"TGO",2021-09-13,"AI","fourier_country_k1","imputed_scaled_annual_residual",1.1326,0.1416,0.084945,0.01062,"WHO annual total 40; observed weeks 37; imputed 40 -> 3"
"TGO",2021-09-20,"AI","fourier_country_k1","imputed_scaled_annual_residual",1.3583,0.1698,0.1018725,0.012735,"WHO annual total 40; observed weeks 37; imputed 40 -> 3"
"TGO",2021-09-27,"AI","fourier_country_k1","imputed_scaled_annual_residual",1.5827,0.1978,0.1187025,0.014835,"WHO annual total 40; observed weeks 37; imputed 40 -> 3"
"TGO",2021-10-04,"AI","fourier_country_k1","imputed_scaled_annual_residual",1.8024,0.2253,0.13518,0.0168975,"WHO annual total 40; observed weeks 37; imputed 40 -> 3"
"TGO",2021-10-11,"AI","fourier_country_k1","imputed_scaled_annual_residual",2.0143,0.2518,0.1510725,0.018885,"WHO annual total 40; observed weeks 37; imputed 40 -> 3"
"TGO",2023-01-02,"AI","fourier_country_k1","imputed_dropped_annual_accounted",0.2533,0,NA,NA,"WHO annual total 1; observed weeks 2; imputed 3 -> 1"
"TGO",2023-01-09,"AI","fourier_country_k1","imputed_dropped_annual_accounted",0.2469,0,NA,NA,"WHO annual total 1; observed weeks 2; imputed 3 -> 1"
"TGO",2023-01-16,"AI","fourier_country_k1","imputed_dropped_annual_accounted",0.2383,0,NA,NA,"WHO annual total 1; observed weeks 2; imputed 3 -> 1"
"TGO",2023-01-23,"AI","fourier_country_k1","imputed_dropped_annual_accounted",0.2279,0,NA,NA,"WHO annual total 1; observed weeks 2; imputed 3 -> 1"
"TGO",2023-01-30,"AI","fourier_country_k1","imputed_dropped_annual_accounted",0.2156,0,NA,NA,"WHO annual total 1; observed weeks 2; imputed 3 -> 1"
"TGO",2023-02-06,"AI","fourier_country_k1","imputed_dropped_annual_accounted",0.2017,0,NA,NA,"WHO annual total 1; observed weeks 2; imputed 3 -> 1"
"TGO",2023-02-13,"AI","fourier_country_k1","imputed_dropped_annual_accounted",0.1864,0,NA,NA,"WHO annual total 1; observed weeks 2; imputed 3 -> 1"
"TGO",2023-02-20,"AI","fourier_country_k1","imputed_dropped_annual_accounted",0.17,0,NA,NA,"WHO annual total 1; observed weeks 2; imputed 3 -> 1"
"TGO",2023-02-27,"AI","fourier_country_k1","imputed_dropped_annual_accounted",0.1525,0,NA,NA,"WHO annual total 1; observed weeks 2; imputed 3 -> 1"
"TGO",2023-03-06,"AI","fourier_country_k1","imputed_dropped_annual_accounted",0.1344,0,NA,NA,"WHO annual total 1; observed weeks 2; imputed 3 -> 1"
"TGO",2023-03-13,"AI","fourier_country_k1","imputed_dropped_annual_accounted",0.1159,0,NA,NA,"WHO annual total 1; observed weeks 2; imputed 3 -> 1"
"TGO",2023-03-20,"AI","fourier_country_k1","imputed_dropped_annual_accounted",0.0972,0,NA,NA,"WHO annual total 1; observed weeks 2; imputed 3 -> 1"
"TGO",2023-03-27,"AI","fourier_country_k1","imputed_dropped_annual_accounted",0.0786,0,NA,NA,"WHO annual total 1; observed weeks 2; imputed 3 -> 1"
"TGO",2023-04-03,"AI","fourier_country_k1","imputed_dropped_annual_accounted",0.0603,0,NA,NA,"WHO annual total 1; observed weeks 2; imputed 3 -> 1"
"TGO",2023-04-10,"AI","fourier_country_k1","imputed_dropped_annual_accounted",0.0428,0,NA,NA,"WHO annual total 1; observed weeks 2; imputed 3 -> 1"
"TGO",2023-04-17,"AI","fourier_country_k1","imputed_dropped_annual_accounted",0.0261,0,NA,NA,"WHO annual total 1; observed weeks 2; imputed 3 -> 1"
"TGO",2023-04-24,"AI","fourier_country_k1","imputed_dropped_annual_accounted",0.0106,0,NA,NA,"WHO annual total 1; observed weeks 2; imputed 3 -> 1"
"TGO",2023-05-01,"AI","fourier_country_k1","imputed_dropped_annual_accounted",0,0,NA,NA,"WHO annual total 1; observed weeks 2; imputed 3 -> 1"
"TGO",2023-05-08,"AI","fourier_country_k1","imputed_dropped_annual_accounted",0,0,NA,NA,"WHO annual total 1; observed weeks 2; imputed 3 -> 1"
"TGO",2023-05-15,"AI","fourier_country_k1","imputed_dropped_annual_accounted",0,0,NA,NA,"WHO annual total 1; observed weeks 2; imputed 3 -> 1"
"TGO",2023-05-22,"AI","fourier_country_k1","imputed_dropped_annual_accounted",0,0,NA,NA,"WHO annual total 1; observed weeks 2; imputed 3 -> 1"
"TGO",2023-05-29,"AI","fourier_country_k1","imputed_dropped_annual_accounted",0,0,NA,NA,"WHO annual total 1; observed weeks 2; imputed 3 -> 1"
"TGO",2023-06-05,"AI","fourier_country_k1","imputed_dropped_annual_accounted",0,0,NA,NA,"WHO annual total 1; observed weeks 2; imputed 3 -> 1"
"TGO",2023-06-12,"AI","fourier_country_k1","imputed_dropped_annual_accounted",0,0,NA,NA,"WHO annual total 1; observed weeks 2; imputed 3 -> 1"
"TGO",2023-06-19,"AI","fourier_country_k1","imputed_dropped_annual_accounted",0,0,NA,NA,"WHO annual total 1; observed weeks 2; imputed 3 -> 1"
"TGO",2023-06-26,"AI","fourier_country_k1","imputed_dropped_annual_accounted",0,0,NA,NA,"WHO annual total 1; observed weeks 2; imputed 3 -> 1"
"TGO",2023-07-03,"AI","fourier_country_k1","imputed_dropped_annual_accounted",0,0,NA,NA,"WHO annual total 1; observed weeks 2; imputed 3 -> 1"
"TGO",2023-07-10,"AI","fourier_country_k1","imputed_dropped_annual_accounted",0,0,NA,NA,"WHO annual total 1; observed weeks 2; imputed 3 -> 1"
"TGO",2023-07-17,"AI","fourier_country_k1","imputed_dropped_annual_accounted",0,0,NA,NA,"WHO annual total 1; observed weeks 2; imputed 3 -> 1"
"TGO",2023-07-24,"AI","fourier_country_k1","imputed_dropped_annual_accounted",0,0,NA,NA,"WHO annual total 1; observed weeks 2; imputed 3 -> 1"
"TGO",2023-07-31,"AI","fourier_country_k1","imputed_dropped_annual_accounted",0,0,NA,NA,"WHO annual total 1; observed weeks 2; imputed 3 -> 1"
"TGO",2023-08-07,"AI","fourier_country_k1","imputed_dropped_annual_accounted",0.008,0,NA,NA,"WHO annual total 1; observed weeks 2; imputed 3 -> 1"
"TGO",2023-08-14,"AI","fourier_country_k1","imputed_dropped_annual_accounted",0.0233,0,NA,NA,"WHO annual total 1; observed weeks 2; imputed 3 -> 1"
"TGO",2023-08-21,"AI","fourier_country_k1","imputed_dropped_annual_accounted",0.0398,0,NA,NA,"WHO annual total 1; observed weeks 2; imputed 3 -> 1"
"TGO",2023-08-28,"AI","fourier_country_k1","imputed_dropped_annual_accounted",0.0572,0,NA,NA,"WHO annual total 1; observed weeks 2; imputed 3 -> 1"
"TGO",2023-09-04,"AI","fourier_country_k1","imputed_dropped_annual_accounted",0.0754,0,NA,NA,"WHO annual total 1; observed weeks 2; imputed 3 -> 1"
"TGO",2023-09-11,"AI","fourier_country_k1","imputed_dropped_annual_accounted",0.0939,0,NA,NA,"WHO annual total 1; observed weeks 2; imputed 3 -> 1"
"TGO",2023-09-18,"AI","fourier_country_k1","imputed_dropped_annual_accounted",0.1126,0,NA,NA,"WHO annual total 1; observed weeks 2; imputed 3 -> 1"
"TGO",2023-09-25,"AI","fourier_country_k1","imputed_dropped_annual_accounted",0.1312,0,NA,NA,"WHO annual total 1; observed weeks 2; imputed 3 -> 1"
"TGO",2024-12-30,"WHO","who_catchup_uniform","who_catchup_uniform",0,0,31,1,"WHO report of   62 cases /  2 deaths spread over 2 weeks from 2024-12-30 (uniform)"
"TGO",2025-01-06,"WHO","who_catchup_uniform","who_catchup_uniform",62,2,31,1,"WHO report of   62 cases /  2 deaths spread over 2 weeks from 2024-12-30 (uniform)"
"TGO",2025-01-06,"AI","observed","who_copy_dropped",62,2,NA,NA,"repeats the WHO dashboard value of a multi-week report window"
"TZA",2023-01-02,"AI","fourier_country_k2","imputed_dropped_annual_accounted",185.6768,2.6716,NA,NA,"WHO annual total 1068; observed weeks 1068; imputed 374.2 -> 0"
"TZA",2023-01-09,"AI","fourier_country_k2","imputed_dropped_annual_accounted",188.4947,2.7122,NA,NA,"WHO annual total 1068; observed weeks 1068; imputed 374.2 -> 0"
"TZA",2023-05-08,"WHO","who_catchup_uniform","who_catchup_uniform",0,0,28,0,"WHO report of  284 cases /  1 deaths spread over 10 weeks from 2023-05-08 (uniform)"
"TZA",2023-05-15,"WHO","who_catchup_uniform","who_catchup_uniform",0,0,29,0,"WHO report of  284 cases /  1 deaths spread over 10 weeks from 2023-05-08 (uniform)"
"TZA",2023-05-22,"WHO","who_catchup_uniform","who_catchup_uniform",0,0,28,0,"WHO report of  284 cases /  1 deaths spread over 10 weeks from 2023-05-08 (uniform)"
"TZA",2023-05-29,"WHO","who_catchup_uniform","who_catchup_uniform",0,0,29,0,"WHO report of  284 cases /  1 deaths spread over 10 weeks from 2023-05-08 (uniform)"
"TZA",2023-06-05,"WHO","who_catchup_uniform","who_catchup_uniform",0,0,28,0,"WHO report of  284 cases /  1 deaths spread over 10 weeks from 2023-05-08 (uniform)"
"TZA",2023-06-12,"WHO","who_catchup_uniform","who_catchup_uniform",0,0,28,1,"WHO report of  284 cases /  1 deaths spread over 10 weeks from 2023-05-08 (uniform)"
"TZA",2023-06-19,"WHO","who_catchup_uniform","who_catchup_uniform",0,0,29,0,"WHO report of  284 cases /  1 deaths spread over 10 weeks from 2023-05-08 (uniform)"
"TZA",2023-06-26,"WHO","who_catchup_uniform","who_catchup_uniform",0,0,28,0,"WHO report of  284 cases /  1 deaths spread over 10 weeks from 2023-05-08 (uniform)"
"TZA",2023-07-03,"WHO","who_catchup_uniform","who_catchup_uniform",0,0,29,0,"WHO report of  284 cases /  1 deaths spread over 10 weeks from 2023-05-08 (uniform)"
"TZA",2023-07-10,"WHO","who_catchup_uniform","who_catchup_uniform",284,1,28,0,"WHO report of  284 cases /  1 deaths spread over 10 weeks from 2023-05-08 (uniform)"
"TZA",2023-07-10,"AI","observed","who_copy_dropped",284,1,NA,NA,"repeats the WHO dashboard value of a multi-week report window"
"TZA",2026-01-05,"WHO","who_catchup_uniform","who_catchup_uniform",0,0,27,0,"WHO report of   54 cases /  0 deaths spread over 2 weeks from 2026-01-05 (uniform)"
"TZA",2026-01-05,"AI","observed","who_copy_dropped",54,NA,NA,NA,"repeats the WHO dashboard value of a multi-week report window"
"TZA",2026-01-12,"WHO","who_catchup_uniform","who_catchup_uniform",54,0,27,0,"WHO report of   54 cases /  0 deaths spread over 2 weeks from 2026-01-05 (uniform)"
"TZA",2026-01-26,"AI","fourier_country_k2","imputed_dropped_annual_accounted",8.7861,0.1555,NA,NA,"WHO annual total 113; observed weeks 113; imputed 86.8 -> 0"
"TZA",2026-02-02,"AI","fourier_country_k2","imputed_dropped_annual_accounted",8.6946,0.1539,NA,NA,"WHO annual total 113; observed weeks 113; imputed 86.8 -> 0"
"TZA",2026-02-09,"AI","fourier_country_k2","imputed_dropped_annual_accounted",8.5258,0.1509,NA,NA,"WHO annual total 113; observed weeks 113; imputed 86.8 -> 0"
"TZA",2026-02-16,"AI","fourier_country_k2","imputed_dropped_annual_accounted",8.2757,0.1465,NA,NA,"WHO annual total 113; observed weeks 113; imputed 86.8 -> 0"
"TZA",2026-02-23,"AI","fourier_country_k2","imputed_dropped_annual_accounted",7.9442,0.1406,NA,NA,"WHO annual total 113; observed weeks 113; imputed 86.8 -> 0"
"TZA",2026-03-02,"AI","fourier_country_k2","imputed_dropped_annual_accounted",7.5346,0.1334,NA,NA,"WHO annual total 113; observed weeks 113; imputed 86.8 -> 0"
"TZA",2026-03-09,"AI","fourier_country_k2","imputed_dropped_annual_accounted",7.0539,0.1248,NA,NA,"WHO annual total 113; observed weeks 113; imputed 86.8 -> 0"
"TZA",2026-03-16,"AI","fourier_country_k2","imputed_dropped_annual_accounted",6.5128,0.1153,NA,NA,"WHO annual total 113; observed weeks 113; imputed 86.8 -> 0"
"TZA",2026-03-23,"AI","fourier_country_k2","imputed_dropped_annual_accounted",5.9251,0.1049,NA,NA,"WHO annual total 113; observed weeks 113; imputed 86.8 -> 0"
"TZA",2026-03-30,"AI","fourier_country_k2","imputed_dropped_annual_accounted",5.3071,0.0939,NA,NA,"WHO annual total 113; observed weeks 113; imputed 86.8 -> 0"
"TZA",2026-04-06,"AI","fourier_country_k2","imputed_dropped_annual_accounted",4.6772,0.0828,NA,NA,"WHO annual total 113; observed weeks 113; imputed 86.8 -> 0"
"TZA",2026-04-13,"AI","fourier_country_k2","imputed_dropped_annual_accounted",4.0549,0.0718,NA,NA,"WHO annual total 113; observed weeks 113; imputed 86.8 -> 0"
"TZA",2026-04-20,"AI","fourier_country_k2","imputed_dropped_annual_accounted",3.4599,0.0612,NA,NA,"WHO annual total 113; observed weeks 113; imputed 86.8 -> 0"
"UGA",2014-12-29,"AI","fourier_country_k2","imputed_scaled_annual_residual",11.8621,NA,10.7788673323411,NA,"WHO annual total 1461; observed weeks 134.5; imputed 1472.9 -> 1338.4"
"UGA",2015-01-05,"AI","fourier_country_k2","imputed_scaled_annual_residual",84.0406,1.8982,76.3661137513883,1.72485866501293,"WHO annual total 1461; observed weeks 134.5; imputed 1472.9 -> 1338.4"
"UGA",2015-01-12,"AI","fourier_country_k2","imputed_scaled_annual_residual",88.0975,1.9899,80.0525425355474,1.80818473159268,"WHO annual total 1461; observed weeks 134.5; imputed 1472.9 -> 1338.4"
"UGA",2015-01-19,"AI","fourier_country_k2","imputed_scaled_annual_residual",90.1892,2.0371,81.9532310138993,1.8510744845105,"WHO annual total 1461; observed weeks 134.5; imputed 1472.9 -> 1338.4"
"UGA",2015-01-26,"AI","fourier_country_k2","imputed_scaled_annual_residual",90.1435,2.0361,81.9117042827903,1.85016580330461,"WHO annual total 1461; observed weeks 134.5; imputed 1472.9 -> 1338.4"
"UGA",2015-02-02,"AI","fourier_country_k2","imputed_scaled_annual_residual",87.901,1.9854,79.8739866785908,1.80409566616619,"WHO annual total 1461; observed weeks 134.5; imputed 1472.9 -> 1338.4"
"UGA",2015-02-09,"AI","fourier_country_k2","imputed_scaled_annual_residual",83.5201,1.8865,75.8931451837246,1.71422709490406,"WHO annual total 1461; observed weeks 134.5; imputed 1472.9 -> 1338.4"
"UGA",2015-02-16,"AI","fourier_country_k2","imputed_scaled_annual_residual",77.1742,1.7432,70.1267451192922,1.58401307810059,"WHO annual total 1461; observed weeks 134.5; imputed 1472.9 -> 1338.4"
"UGA",2015-02-23,"AI","fourier_country_k2","imputed_scaled_annual_residual",69.1429,1.5618,62.8288537504595,1.41917830735285,"WHO annual total 1461; observed weeks 134.5; imputed 1472.9 -> 1338.4"
"UGA",2015-03-16,"AI","fourier_country_k2","imputed_scaled_annual_residual",38.9796,0.8804,35.4200299329564,0.80000293366209,"WHO annual total 1461; observed weeks 134.5; imputed 1472.9 -> 1338.4"
"UGA",2015-03-23,"AI","fourier_country_k2","imputed_scaled_annual_residual",28.5054,0.6439,25.9023212462646,0.585099828470036,"WHO annual total 1461; observed weeks 134.5; imputed 1472.9 -> 1338.4"
"UGA",2015-03-30,"AI","fourier_country_k2","imputed_scaled_annual_residual",18.6586,0.4214,16.9547191481457,0.382918260160387,"WHO annual total 1461; observed weeks 134.5; imputed 1472.9 -> 1338.4"
"UGA",2015-04-06,"AI","fourier_country_k2","imputed_scaled_annual_residual",9.9047,0.2237,9.00021473993969,0.203271985756712,"WHO annual total 1461; observed weeks 134.5; imputed 1472.9 -> 1338.4"
"UGA",2015-04-20,"AI","fourier_country_k2","imputed_scaled_annual_residual",0,NA,0,NA,"WHO annual total 1461; observed weeks 134.5; imputed 1472.9 -> 1338.4"
"UGA",2015-05-11,"AI","fourier_country_k2","imputed_scaled_annual_residual",0,NA,0,NA,"WHO annual total 1461; observed weeks 134.5; imputed 1472.9 -> 1338.4"
"UGA",2015-05-18,"AI","fourier_country_k2","imputed_scaled_annual_residual",0,NA,0,NA,"WHO annual total 1461; observed weeks 134.5; imputed 1472.9 -> 1338.4"
"UGA",2015-06-01,"AI","fourier_country_k2","imputed_scaled_annual_residual",7.2483,0.1637,6.58639398462395,0.148751113403549,"WHO annual total 1461; observed weeks 134.5; imputed 1472.9 -> 1338.4"
"UGA",2015-06-15,"AI","fourier_country_k2","imputed_scaled_annual_residual",22.3589,0.505,20.3171122142859,0.458884008972462,"WHO annual total 1461; observed weeks 134.5; imputed 1472.9 -> 1338.4"
"UGA",2015-07-27,"AI","fourier_country_k2","imputed_scaled_annual_residual",58.1455,1.3133,52.8357230568481,1.19337102769017,"WHO annual total 1461; observed weeks 134.5; imputed 1472.9 -> 1338.4"
"UGA",2015-08-03,"AI","fourier_country_k2","imputed_scaled_annual_residual",59.2129,1.3375,53.8056493760109,1.21536111287261,"WHO annual total 1461; observed weeks 134.5; imputed 1472.9 -> 1338.4"
"UGA",2015-08-10,"AI","fourier_country_k2","imputed_scaled_annual_residual",58.5602,1.3227,53.212553152929,1.2019126310255,"WHO annual total 1461; observed weeks 134.5; imputed 1472.9 -> 1338.4"
"UGA",2015-08-17,"AI","fourier_country_k2","imputed_scaled_annual_residual",56.3064,1.2718,51.164567451103,1.1556607576459,"WHO annual total 1461; observed weeks 134.5; imputed 1472.9 -> 1338.4"
"UGA",2015-09-07,"AI","fourier_country_k2","imputed_scaled_annual_residual",42.5546,0.9612,38.6685652439991,0.873424375097684,"WHO annual total 1461; observed weeks 134.5; imputed 1472.9 -> 1338.4"
"UGA",2015-09-14,"AI","fourier_country_k2","imputed_scaled_annual_residual",36.8659,0.8327,33.499350468075,0.756658840141325,"WHO annual total 1461; observed weeks 134.5; imputed 1472.9 -> 1338.4"
"UGA",2015-11-02,"AI","fourier_country_k2","imputed_scaled_annual_residual",21.7602,0.4915,19.7730847763219,0.446616812693,"WHO annual total 1461; observed weeks 134.5; imputed 1472.9 -> 1338.4"
"UGA",2015-11-09,"AI","fourier_country_k2","imputed_scaled_annual_residual",25.8996,0.585,23.5344797599667,0.531578505443347,"WHO annual total 1461; observed weeks 134.5; imputed 1472.9 -> 1338.4"
"UGA",2015-11-16,"AI","fourier_country_k2","imputed_scaled_annual_residual",31.5855,0.7134,28.7011502285142,0.648253172279117,"WHO annual total 1461; observed weeks 134.5; imputed 1472.9 -> 1338.4"
"UGA",2015-11-23,"AI","fourier_country_k2","imputed_scaled_annual_residual",38.5478,0.8707,35.0276613882548,0.791188725964995,"WHO annual total 1461; observed weeks 134.5; imputed 1472.9 -> 1338.4"
"UGA",2015-11-30,"AI","fourier_country_k2","imputed_scaled_annual_residual",46.431,1.0487,42.1909770704958,0.952933980612714,"WHO annual total 1461; observed weeks 134.5; imputed 1472.9 -> 1338.4"
"UGA",2015-12-07,"AI","fourier_country_k2","imputed_scaled_annual_residual",54.8143,1.2381,49.8087242238004,1.12503820100753,"WHO annual total 1461; observed weeks 134.5; imputed 1472.9 -> 1338.4"
"UGA",2015-12-14,"AI","fourier_country_k2","imputed_scaled_annual_residual",63.2352,1.4283,57.4606377904464,1.29786936636706,"WHO annual total 1461; observed weeks 134.5; imputed 1472.9 -> 1338.4"
"UGA",2015-12-28,"AI","fourier_country_k2","imputed_scaled_annual_residual",71.2165,1.6086,64.7130950989848,1.46170458778832,"WHO annual total 1461; observed weeks 134.5; imputed 1472.9 -> 1338.4"
"UGA",2016-01-04,"AI","fourier_country_k2","imputed_scaled_annual_residual",89.9248,NA,87.8316535445968,NA,"WHO annual total 516; observed weeks 52; imputed 2234 -> 2182"
"UGA",2016-01-11,"AI","fourier_country_k2","imputed_scaled_annual_residual",96.5258,NA,94.2790044983702,NA,"WHO annual total 516; observed weeks 52; imputed 2234 -> 2182"
"UGA",2016-01-18,"AI","fourier_country_k2","imputed_scaled_annual_residual",101.1854,NA,98.8301447050363,NA,"WHO annual total 516; observed weeks 52; imputed 2234 -> 2182"
"UGA",2016-01-25,"AI","fourier_country_k2","imputed_scaled_annual_residual",103.5879,NA,101.176722597241,NA,"WHO annual total 516; observed weeks 52; imputed 2234 -> 2182"
"UGA",2016-02-01,"AI","fourier_country_k2","imputed_scaled_annual_residual",103.5354,NA,101.125444620408,NA,"WHO annual total 516; observed weeks 52; imputed 2234 -> 2182"
"UGA",2016-02-08,"AI","fourier_country_k2","imputed_scaled_annual_residual",100.9598,NA,98.6097959131606,NA,"WHO annual total 516; observed weeks 52; imputed 2234 -> 2182"
"UGA",2016-02-15,"AI","fourier_country_k2","imputed_scaled_annual_residual",95.928,NA,93.6951192688344,NA,"WHO annual total 516; observed weeks 52; imputed 2234 -> 2182"
"UGA",2016-02-29,"AI","fourier_country_k2","imputed_scaled_annual_residual",79.4149,NA,77.5663886166975,NA,"WHO annual total 516; observed weeks 52; imputed 2234 -> 2182"
"UGA",2016-03-07,"AI","fourier_country_k2","imputed_scaled_annual_residual",68.6811,NA,67.0824353266486,NA,"WHO annual total 516; observed weeks 52; imputed 2234 -> 2182"
"UGA",2016-03-14,"AI","fourier_country_k2","imputed_scaled_annual_residual",56.9457,NA,55.6201959109672,NA,"WHO annual total 516; observed weeks 52; imputed 2234 -> 2182"
"UGA",2016-03-21,"AI","fourier_country_k2","imputed_scaled_annual_residual",44.7705,NA,43.7283935579325,NA,"WHO annual total 516; observed weeks 52; imputed 2234 -> 2182"
"UGA",2016-03-28,"AI","fourier_country_k2","imputed_scaled_annual_residual",32.7402,NA,31.9781184209563,NA,"WHO annual total 516; observed weeks 52; imputed 2234 -> 2182"
"UGA",2016-04-04,"AI","fourier_country_k2","imputed_scaled_annual_residual",21.4306,NA,20.9317678154729,NA,"WHO annual total 516; observed weeks 52; imputed 2234 -> 2182"
"UGA",2016-04-18,"AI","fourier_country_k2","imputed_scaled_annual_residual",3.0417,NA,2.97089946918537,NA,"WHO annual total 516; observed weeks 52; imputed 2234 -> 2182"
"UGA",2016-04-25,"AI","fourier_country_k2","imputed_scaled_annual_residual",0,NA,0,NA,"WHO annual total 516; observed weeks 52; imputed 2234 -> 2182"
"UGA",2016-05-02,"AI","fourier_country_k2","imputed_scaled_annual_residual",0,NA,0,NA,"WHO annual total 516; observed weeks 52; imputed 2234 -> 2182"
"UGA",2016-05-09,"AI","fourier_country_k2","imputed_scaled_annual_residual",0,NA,0,NA,"WHO annual total 516; observed weeks 52; imputed 2234 -> 2182"
"UGA",2016-05-16,"AI","fourier_country_k2","imputed_scaled_annual_residual",0,NA,0,NA,"WHO annual total 516; observed weeks 52; imputed 2234 -> 2182"
"UGA",2016-05-23,"AI","fourier_country_k2","imputed_scaled_annual_residual",0,NA,0,NA,"WHO annual total 516; observed weeks 52; imputed 2234 -> 2182"
"UGA",2016-05-30,"AI","fourier_country_k2","imputed_scaled_annual_residual",1.2373,NA,1.20849982352732,NA,"WHO annual total 516; observed weeks 52; imputed 2234 -> 2182"
"UGA",2016-06-06,"AI","fourier_country_k2","imputed_scaled_annual_residual",8.3251,NA,8.13131971296153,NA,"WHO annual total 516; observed weeks 52; imputed 2234 -> 2182"
"UGA",2016-06-13,"AI","fourier_country_k2","imputed_scaled_annual_residual",16.6435,NA,16.2560953793558,NA,"WHO annual total 516; observed weeks 52; imputed 2234 -> 2182"
"UGA",2016-06-20,"AI","fourier_country_k2","imputed_scaled_annual_residual",25.6806,NA,25.0828421305065,NA,"WHO annual total 516; observed weeks 52; imputed 2234 -> 2182"
"UGA",2016-06-27,"AI","fourier_country_k2","imputed_scaled_annual_residual",34.8973,NA,34.0850083985937,NA,"WHO annual total 516; observed weeks 52; imputed 2234 -> 2182"
"UGA",2016-07-04,"AI","fourier_country_k2","imputed_scaled_annual_residual",43.7591,NA,42.7405355432914,NA,"WHO annual total 516; observed weeks 52; imputed 2234 -> 2182"
"UGA",2016-07-11,"AI","fourier_country_k2","imputed_scaled_annual_residual",51.7669,NA,50.5619409315093,NA,"WHO annual total 516; observed weeks 52; imputed 2234 -> 2182"
"UGA",2016-07-18,"AI","fourier_country_k2","imputed_scaled_annual_residual",58.4859,NA,57.1245452427354,NA,"WHO annual total 516; observed weeks 52; imputed 2234 -> 2182"
"UGA",2016-07-25,"AI","fourier_country_k2","imputed_scaled_annual_residual",63.5706,NA,62.0908905532417,NA,"WHO annual total 516; observed weeks 52; imputed 2234 -> 2182"
"UGA",2016-08-01,"AI","fourier_country_k2","imputed_scaled_annual_residual",66.7837,NA,65.2292004077439,NA,"WHO annual total 516; observed weeks 52; imputed 2234 -> 2182"
"UGA",2016-08-08,"AI","fourier_country_k2","imputed_scaled_annual_residual",68.0097,NA,66.4266632572101,NA,"WHO annual total 516; observed weeks 52; imputed 2234 -> 2182"
"UGA",2016-08-15,"AI","fourier_country_k2","imputed_scaled_annual_residual",67.26,NA,65.6944137480382,NA,"WHO annual total 516; observed weeks 52; imputed 2234 -> 2182"
"UGA",2016-08-29,"AI","fourier_country_k2","imputed_scaled_annual_residual",60.4966,NA,59.088442919262,NA,"WHO annual total 516; observed weeks 52; imputed 2234 -> 2182"
"UGA",2016-09-05,"AI","fourier_country_k2","imputed_scaled_annual_residual",55.0883,NA,53.8060299267923,NA,"WHO annual total 516; observed weeks 52; imputed 2234 -> 2182"
"UGA",2016-09-12,"AI","fourier_country_k2","imputed_scaled_annual_residual",48.8766,NA,47.738917380276,NA,"WHO annual total 516; observed weeks 52; imputed 2234 -> 2182"
"UGA",2016-09-26,"AI","fourier_country_k2","imputed_scaled_annual_residual",35.9893,NA,35.1515903167153,NA,"WHO annual total 516; observed weeks 52; imputed 2234 -> 2182"
"UGA",2016-10-03,"AI","fourier_country_k2","imputed_scaled_annual_residual",30.309,NA,29.6035085680834,NA,"WHO annual total 516; observed weeks 52; imputed 2234 -> 2182"
"UGA",2016-10-10,"AI","fourier_country_k2","imputed_scaled_annual_residual",25.7546,NA,25.1551196597565,NA,"WHO annual total 516; observed weeks 52; imputed 2234 -> 2182"
"UGA",2016-10-17,"AI","fourier_country_k2","imputed_scaled_annual_residual",22.7104,NA,22.1817783821505,NA,"WHO annual total 516; observed weeks 52; imputed 2234 -> 2182"
"UGA",2016-10-24,"AI","fourier_country_k2","imputed_scaled_annual_residual",21.4685,NA,20.9687856311293,NA,"WHO annual total 516; observed weeks 52; imputed 2234 -> 2182"
"UGA",2016-10-31,"AI","fourier_country_k2","imputed_scaled_annual_residual",22.21,NA,21.6930260086816,NA,"WHO annual total 516; observed weeks 52; imputed 2234 -> 2182"
"UGA",2016-11-07,"AI","fourier_country_k2","imputed_scaled_annual_residual",24.993,NA,24.4112471425025,NA,"WHO annual total 516; observed weeks 52; imputed 2234 -> 2182"
"UGA",2016-11-14,"AI","fourier_country_k2","imputed_scaled_annual_residual",29.7473,NA,29.0548830521412,NA,"WHO annual total 516; observed weeks 52; imputed 2234 -> 2182"
"UGA",2016-11-21,"AI","fourier_country_k2","imputed_scaled_annual_residual",36.2779,NA,35.4334726807903,NA,"WHO annual total 516; observed weeks 52; imputed 2234 -> 2182"
"UGA",2016-11-28,"AI","fourier_country_k2","imputed_scaled_annual_residual",44.2745,NA,43.2439387672839,NA,"WHO annual total 516; observed weeks 52; imputed 2234 -> 2182"
"UGA",2016-12-05,"AI","fourier_country_k2","imputed_scaled_annual_residual",53.3289,NA,52.0875828327052,NA,"WHO annual total 516; observed weeks 52; imputed 2234 -> 2182"
"UGA",2016-12-12,"AI","fourier_country_k2","imputed_scaled_annual_residual",62.9576,NA,61.4921591285086,NA,"WHO annual total 516; observed weeks 52; imputed 2234 -> 2182"
"UGA",2016-12-19,"AI","fourier_country_k2","imputed_scaled_annual_residual",72.6296,NA,70.9390275461569,NA,"WHO annual total 516; observed weeks 52; imputed 2234 -> 2182"
"UGA",2016-12-26,"AI","fourier_country_k2","imputed_scaled_annual_residual",81.7966,NA,79.8926506628424,NA,"WHO annual total 516; observed weeks 52; imputed 2234 -> 2182"
"UGA",2017-01-02,"AI","fourier_country_k2","imputed_dropped_annual_accounted",16.6313,0.3287,NA,NA,"WHO annual total 252; observed weeks 563; imputed 253 -> 0"
"UGA",2017-01-09,"AI","fourier_country_k2","imputed_dropped_annual_accounted",17.8522,0.3528,NA,NA,"WHO annual total 252; observed weeks 563; imputed 253 -> 0"
"UGA",2017-01-16,"AI","fourier_country_k2","imputed_dropped_annual_accounted",18.714,0.3698,NA,NA,"WHO annual total 252; observed weeks 563; imputed 253 -> 0"
"UGA",2017-01-23,"AI","fourier_country_k2","imputed_dropped_annual_accounted",19.1583,0.3786,NA,NA,"WHO annual total 252; observed weeks 563; imputed 253 -> 0"
"UGA",2017-01-30,"AI","fourier_country_k2","imputed_dropped_annual_accounted",19.1486,0.3784,NA,NA,"WHO annual total 252; observed weeks 563; imputed 253 -> 0"
"UGA",2017-02-06,"AI","fourier_country_k2","imputed_dropped_annual_accounted",18.6722,0.369,NA,NA,"WHO annual total 252; observed weeks 563; imputed 253 -> 0"
"UGA",2017-02-13,"AI","fourier_country_k2","imputed_dropped_annual_accounted",17.7416,0.3506,NA,NA,"WHO annual total 252; observed weeks 563; imputed 253 -> 0"
"UGA",2017-02-20,"AI","fourier_country_k2","imputed_dropped_annual_accounted",16.3936,0.324,NA,NA,"WHO annual total 252; observed weeks 563; imputed 253 -> 0"
"UGA",2017-02-27,"AI","fourier_country_k2","imputed_dropped_annual_accounted",14.6876,0.2903,NA,NA,"WHO annual total 252; observed weeks 563; imputed 253 -> 0"
"UGA",2017-03-06,"AI","fourier_country_k2","imputed_dropped_annual_accounted",12.7024,0.251,NA,NA,"WHO annual total 252; observed weeks 563; imputed 253 -> 0"
"UGA",2017-03-13,"AI","fourier_country_k2","imputed_dropped_annual_accounted",10.5319,0.2081,NA,NA,"WHO annual total 252; observed weeks 563; imputed 253 -> 0"
"UGA",2017-03-20,"AI","fourier_country_k2","imputed_dropped_annual_accounted",8.2802,0.1636,NA,NA,"WHO annual total 252; observed weeks 563; imputed 253 -> 0"
"UGA",2017-03-27,"AI","fourier_country_k2","imputed_dropped_annual_accounted",6.0552,0.1197,NA,NA,"WHO annual total 252; observed weeks 563; imputed 253 -> 0"
"UGA",2017-04-03,"AI","fourier_country_k2","imputed_dropped_annual_accounted",3.9635,0.0783,NA,NA,"WHO annual total 252; observed weeks 563; imputed 253 -> 0"
"UGA",2017-04-10,"AI","fourier_country_k2","imputed_dropped_annual_accounted",2.104,0.0416,NA,NA,"WHO annual total 252; observed weeks 563; imputed 253 -> 0"
"UGA",2017-04-17,"AI","fourier_country_k2","imputed_dropped_annual_accounted",0.5626,0.0111,NA,NA,"WHO annual total 252; observed weeks 563; imputed 253 -> 0"
"UGA",2017-04-24,"AI","fourier_country_k2","imputed_dropped_annual_accounted",0,0,NA,NA,"WHO annual total 252; observed weeks 563; imputed 253 -> 0"
"UGA",2017-05-01,"AI","fourier_country_k2","imputed_dropped_annual_accounted",0,0,NA,NA,"WHO annual total 252; observed weeks 563; imputed 253 -> 0"
"UGA",2017-05-08,"AI","fourier_country_k2","imputed_dropped_annual_accounted",0,0,NA,NA,"WHO annual total 252; observed weeks 563; imputed 253 -> 0"
"UGA",2017-05-15,"AI","fourier_country_k2","imputed_dropped_annual_accounted",0,0,NA,NA,"WHO annual total 252; observed weeks 563; imputed 253 -> 0"
"UGA",2017-05-22,"AI","fourier_country_k2","imputed_dropped_annual_accounted",0,0,NA,NA,"WHO annual total 252; observed weeks 563; imputed 253 -> 0"
"UGA",2017-05-29,"AI","fourier_country_k2","imputed_dropped_annual_accounted",0.2288,0.0045,NA,NA,"WHO annual total 252; observed weeks 563; imputed 253 -> 0"
"UGA",2017-06-05,"AI","fourier_country_k2","imputed_dropped_annual_accounted",1.5397,0.0304,NA,NA,"WHO annual total 252; observed weeks 563; imputed 253 -> 0"
"UGA",2017-06-12,"AI","fourier_country_k2","imputed_dropped_annual_accounted",3.0782,0.0608,NA,NA,"WHO annual total 252; observed weeks 563; imputed 253 -> 0"
"UGA",2017-06-19,"AI","fourier_country_k2","imputed_dropped_annual_accounted",4.7496,0.0939,NA,NA,"WHO annual total 252; observed weeks 563; imputed 253 -> 0"
"UGA",2017-12-11,"AI","fourier_country_k2","imputed_dropped_annual_accounted",11.6438,0.2301,NA,NA,"WHO annual total 252; observed weeks 563; imputed 253 -> 0"
"UGA",2017-12-18,"AI","fourier_country_k2","imputed_dropped_annual_accounted",13.4326,0.2655,NA,NA,"WHO annual total 252; observed weeks 563; imputed 253 -> 0"
"UGA",2017-12-25,"AI","fourier_country_k2","imputed_dropped_annual_accounted",15.1281,0.299,NA,NA,"WHO annual total 252; observed weeks 563; imputed 253 -> 0"
"UGA",2019-06-03,"AI","fourier_country_k2","imputed_scaled_annual_residual",2.9271,0.0243,2.5440736990893,0.0211202182664992,"WHO annual total 358; observed weeks 53; imputed 405 -> 352"
"UGA",2019-06-10,"AI","fourier_country_k2","imputed_scaled_annual_residual",5.8519,0.0486,5.08614836517395,0.0422404365329985,"WHO annual total 358; observed weeks 53; imputed 405 -> 352"
"UGA",2019-06-17,"AI","fourier_country_k2","imputed_scaled_annual_residual",9.0293,0.0749,7.84776900385603,0.0650989443687569,"WHO annual total 358; observed weeks 53; imputed 405 -> 352"
"UGA",2019-06-24,"AI","fourier_country_k2","imputed_scaled_annual_residual",12.2699,0.1018,10.6643195929267,0.0884789390752931,"WHO annual total 358; observed weeks 53; imputed 405 -> 352"
"UGA",2019-07-01,"AI","fourier_country_k2","imputed_scaled_annual_residual",15.3857,0.1277,13.3724009128756,0.1109897889972,"WHO annual total 358; observed weeks 53; imputed 405 -> 352"
"UGA",2019-07-08,"AI","fourier_country_k2","imputed_scaled_annual_residual",18.2012,0.151,15.8194780540002,0.131240862479069,"WHO annual total 358; observed weeks 53; imputed 405 -> 352"
"UGA",2019-07-15,"AI","fourier_country_k2","imputed_scaled_annual_residual",20.5636,0.1707,17.8727456932092,0.148363014736272,"WHO annual total 358; observed weeks 53; imputed 405 -> 352"
"UGA",2019-07-22,"AI","fourier_country_k2","imputed_scaled_annual_residual",22.3514,0.1855,19.42660273917,0.16122635754879,"WHO annual total 358; observed weeks 53; imputed 405 -> 352"
"UGA",2019-07-29,"AI","fourier_country_k2","imputed_scaled_annual_residual",23.4811,0.1949,20.4084756023661,0.169396318524309,"WHO annual total 358; observed weeks 53; imputed 405 -> 352"
"UGA",2019-08-05,"AI","fourier_country_k2","imputed_scaled_annual_residual",23.9122,0.1984,20.7831639190199,0.172438325270512,"WHO annual total 358; observed weeks 53; imputed 405 -> 352"
"UGA",2019-08-12,"AI","fourier_country_k2","imputed_scaled_annual_residual",23.6486,0.1963,20.5540573537915,0.17061312122279,"WHO annual total 358; observed weeks 53; imputed 405 -> 352"
"UGA",2019-08-19,"AI","fourier_country_k2","imputed_scaled_annual_residual",22.7384,0.1887,19.7629617708217,0.164007620859605,"WHO annual total 358; observed weeks 53; imputed 405 -> 352"
"UGA",2019-08-26,"AI","fourier_country_k2","imputed_scaled_annual_residual",21.2706,0.1765,18.4872310559423,0.153404054487124,"WHO annual total 358; observed weeks 53; imputed 405 -> 352"
"UGA",2019-09-02,"AI","fourier_country_k2","imputed_scaled_annual_residual",19.369,0.1607,16.8344653334907,0.139671566889976,"WHO annual total 358; observed weeks 53; imputed 405 -> 352"
"UGA",2019-09-09,"AI","fourier_country_k2","imputed_scaled_annual_residual",12.2274,0.1708,10.6273809395799,0.148449929214735,"WHO annual total 358; observed weeks 53; imputed 405 -> 352"
"UGA",2019-09-16,"AI","fourier_country_k2","imputed_scaled_annual_residual",10.5929,0.1479,9.20676378910287,0.128546513646718,"WHO annual total 358; observed weeks 53; imputed 405 -> 352"
"UGA",2019-09-23,"AI","fourier_country_k2","imputed_scaled_annual_residual",9.0034,0.1257,7.82525815393412,0.10925149942794,"WHO annual total 358; observed weeks 53; imputed 405 -> 352"
"UGA",2019-09-30,"AI","fourier_country_k2","imputed_scaled_annual_residual",7.5824,0.1059,6.59020341497547,0.0920424326922744,"WHO annual total 358; observed weeks 53; imputed 405 -> 352"
"UGA",2019-10-07,"AI","fourier_country_k2","imputed_scaled_annual_residual",6.443,0.09,5.5998998473685,0.0782230306166638,"WHO annual total 358; observed weeks 53; imputed 405 -> 352"
"UGA",2019-10-14,"AI","fourier_country_k2","imputed_scaled_annual_residual",5.6814,0.0793,4.9379591793946,0.0689231814211271,"WHO annual total 358; observed weeks 53; imputed 405 -> 352"
"UGA",2019-10-21,"AI","fourier_country_k2","imputed_scaled_annual_residual",5.3708,0.075,4.66800280928865,0.0651858588472199,"WHO annual total 358; observed weeks 53; imputed 405 -> 352"
"UGA",2019-10-28,"AI","fourier_country_k2","imputed_scaled_annual_residual",5.5563,0.0776,4.82922916683744,0.0674456352872568,"WHO annual total 358; observed weeks 53; imputed 405 -> 352"
"UGA",2019-11-04,"AI","fourier_country_k2","imputed_scaled_annual_residual",6.2525,0.0873,5.43432776589656,0.0758763396981639,"WHO annual total 358; observed weeks 53; imputed 405 -> 352"
"UGA",2019-11-11,"AI","fourier_country_k2","imputed_scaled_annual_residual",7.4419,0.1039,6.46808857273501,0.0903041431230153,"WHO annual total 358; observed weeks 53; imputed 405 -> 352"
"UGA",2019-11-18,"AI","fourier_country_k2","imputed_scaled_annual_residual",9.0756,0.1268,7.88801040738438,0.110207558691033,"WHO annual total 358; observed weeks 53; imputed 405 -> 352"
"UGA",2019-11-25,"AI","fourier_country_k2","imputed_scaled_annual_residual",11.0761,0.1547,9.62673454903589,0.134456698182199,"WHO annual total 358; observed weeks 53; imputed 405 -> 352"
"UGA",2019-12-02,"AI","fourier_country_k2","imputed_scaled_annual_residual",13.3413,0.1863,11.5955213151789,0.161921673376494,"WHO annual total 358; observed weeks 53; imputed 405 -> 352"
"UGA",2019-12-09,"AI","fourier_country_k2","imputed_scaled_annual_residual",15.7501,0.22,13.6891172723946,0.191211852618512,"WHO annual total 358; observed weeks 53; imputed 405 -> 352"
"UGA",2019-12-16,"AI","fourier_country_k2","imputed_scaled_annual_residual",18.1697,0.2538,15.7920999932844,0.220588946338992,"WHO annual total 358; observed weeks 53; imputed 405 -> 352"
"UGA",2019-12-23,"AI","fourier_country_k2","imputed_scaled_annual_residual",20.463,0.2858,17.7853097278755,0.248401579447139,"WHO annual total 358; observed weeks 53; imputed 405 -> 352"
"UGA",2021-12-06,"AI","fourier_country_k2","imputed_scaled_annual_residual",19.9326,0.1819,3.66975260123466,0.0334892587100822,"WHO annual total 173; observed weeks 160; imputed 70.6 -> 13"
"UGA",2021-12-13,"AI","fourier_country_k2","imputed_scaled_annual_residual",23.5315,0.2148,4.33233914973226,0.039546414353632,"WHO annual total 173; observed weeks 160; imputed 70.6 -> 13"
"UGA",2021-12-20,"AI","fourier_country_k2","imputed_scaled_annual_residual",27.1466,0.2478,4.99790824903308,0.0456219808046089,"WHO annual total 173; observed weeks 160; imputed 70.6 -> 13"
"UGA",2023-01-02,"AI","fourier_country_k2","imputed_dropped_annual_accounted",2.9471,0.3684,NA,NA,"WHO annual total 80; observed weeks 87; imputed 64.4 -> 0"
"UGA",2023-01-09,"AI","fourier_country_k2","imputed_dropped_annual_accounted",3.1634,0.3954,NA,NA,"WHO annual total 80; observed weeks 87; imputed 64.4 -> 0"
"UGA",2023-01-16,"AI","fourier_country_k2","imputed_dropped_annual_accounted",3.3162,0.4145,NA,NA,"WHO annual total 80; observed weeks 87; imputed 64.4 -> 0"
"UGA",2023-01-23,"AI","fourier_country_k2","imputed_dropped_annual_accounted",3.3949,0.4244,NA,NA,"WHO annual total 80; observed weeks 87; imputed 64.4 -> 0"
"UGA",2023-01-30,"AI","fourier_country_k2","imputed_dropped_annual_accounted",3.3932,0.4241,NA,NA,"WHO annual total 80; observed weeks 87; imputed 64.4 -> 0"
"UGA",2023-02-06,"AI","fourier_country_k2","imputed_dropped_annual_accounted",3.3088,0.4136,NA,NA,"WHO annual total 80; observed weeks 87; imputed 64.4 -> 0"
"UGA",2023-02-13,"AI","fourier_country_k2","imputed_dropped_annual_accounted",3.1439,0.393,NA,NA,"WHO annual total 80; observed weeks 87; imputed 64.4 -> 0"
"UGA",2023-02-20,"AI","fourier_country_k2","imputed_dropped_annual_accounted",2.905,0.3631,NA,NA,"WHO annual total 80; observed weeks 87; imputed 64.4 -> 0"
"UGA",2023-02-27,"AI","fourier_country_k2","imputed_dropped_annual_accounted",2.6027,0.3253,NA,NA,"WHO annual total 80; observed weeks 87; imputed 64.4 -> 0"
"UGA",2023-03-06,"AI","fourier_country_k2","imputed_dropped_annual_accounted",2.2509,0.2814,NA,NA,"WHO annual total 80; observed weeks 87; imputed 64.4 -> 0"
"UGA",2023-03-13,"AI","fourier_country_k2","imputed_dropped_annual_accounted",1.8663,0.2333,NA,NA,"WHO annual total 80; observed weeks 87; imputed 64.4 -> 0"
"UGA",2023-03-20,"AI","fourier_country_k2","imputed_dropped_annual_accounted",1.4673,0.1834,NA,NA,"WHO annual total 80; observed weeks 87; imputed 64.4 -> 0"
"UGA",2023-03-27,"AI","fourier_country_k2","imputed_dropped_annual_accounted",1.073,0.1341,NA,NA,"WHO annual total 80; observed weeks 87; imputed 64.4 -> 0"
"UGA",2023-04-03,"AI","fourier_country_k2","imputed_dropped_annual_accounted",0.7023,0.0878,NA,NA,"WHO annual total 80; observed weeks 87; imputed 64.4 -> 0"
"UGA",2023-04-10,"AI","fourier_country_k2","imputed_dropped_annual_accounted",0.3728,0.0466,NA,NA,"WHO annual total 80; observed weeks 87; imputed 64.4 -> 0"
"UGA",2023-04-17,"AI","fourier_country_k2","imputed_dropped_annual_accounted",0.0997,0.0125,NA,NA,"WHO annual total 80; observed weeks 87; imputed 64.4 -> 0"
"UGA",2023-04-24,"AI","fourier_country_k2","imputed_dropped_annual_accounted",0,0,NA,NA,"WHO annual total 80; observed weeks 87; imputed 64.4 -> 0"
"UGA",2023-05-01,"AI","fourier_country_k2","imputed_dropped_annual_accounted",0,0,NA,NA,"WHO annual total 80; observed weeks 87; imputed 64.4 -> 0"
"UGA",2023-05-08,"AI","fourier_country_k2","imputed_dropped_annual_accounted",0,0,NA,NA,"WHO annual total 80; observed weeks 87; imputed 64.4 -> 0"
"UGA",2023-05-15,"AI","fourier_country_k2","imputed_dropped_annual_accounted",0,0,NA,NA,"WHO annual total 80; observed weeks 87; imputed 64.4 -> 0"
"UGA",2023-05-22,"AI","fourier_country_k2","imputed_dropped_annual_accounted",0,0,NA,NA,"WHO annual total 80; observed weeks 87; imputed 64.4 -> 0"
"UGA",2023-05-29,"AI","fourier_country_k2","imputed_dropped_annual_accounted",0.0406,0.0051,NA,NA,"WHO annual total 80; observed weeks 87; imputed 64.4 -> 0"
"UGA",2023-06-05,"AI","fourier_country_k2","imputed_dropped_annual_accounted",0.2728,0.0341,NA,NA,"WHO annual total 80; observed weeks 87; imputed 64.4 -> 0"
"UGA",2023-06-12,"AI","fourier_country_k2","imputed_dropped_annual_accounted",0.5455,0.0682,NA,NA,"WHO annual total 80; observed weeks 87; imputed 64.4 -> 0"
"UGA",2023-06-19,"AI","fourier_country_k2","imputed_dropped_annual_accounted",0.8416,0.1052,NA,NA,"WHO annual total 80; observed weeks 87; imputed 64.4 -> 0"
"UGA",2023-06-26,"AI","fourier_country_k2","imputed_dropped_annual_accounted",1.1437,0.143,NA,NA,"WHO annual total 80; observed weeks 87; imputed 64.4 -> 0"
"UGA",2023-07-03,"AI","fourier_country_k2","imputed_dropped_annual_accounted",1.4341,0.1793,NA,NA,"WHO annual total 80; observed weeks 87; imputed 64.4 -> 0"
"UGA",2023-07-10,"AI","fourier_country_k2","imputed_dropped_annual_accounted",11.3169,2.0847,NA,NA,"WHO annual total 80; observed weeks 87; imputed 64.4 -> 0"
"UGA",2023-07-17,"AI","fourier_country_k2","imputed_dropped_annual_accounted",12.7858,2.3553,NA,NA,"WHO annual total 80; observed weeks 87; imputed 64.4 -> 0"
"UGA",2023-07-31,"WHO","who_catchup_uniform","who_catchup_uniform",0,0,11,0,"WHO report of   34 cases /  1 deaths spread over 3 weeks from 2023-07-31 (uniform)"
"UGA",2023-08-07,"WHO","who_catchup_uniform","who_catchup_uniform",0,0,12,1,"WHO report of   34 cases /  1 deaths spread over 3 weeks from 2023-07-31 (uniform)"
"UGA",2023-08-14,"WHO","who_catchup_uniform","who_catchup_uniform",34,1,11,0,"WHO report of   34 cases /  1 deaths spread over 3 weeks from 2023-07-31 (uniform)"
"UGA",2023-08-14,"AI","observed","who_copy_dropped",34,1,NA,NA,"repeats the WHO dashboard value of a multi-week report window"
"UGA",2024-02-05,"WHO","who_catchup_uniform","who_catchup_uniform",0,0,4,0,"WHO report of   26 cases /  0 deaths spread over 6 weeks from 2024-02-05 (uniform)"
"UGA",2024-02-12,"WHO","who_catchup_uniform","who_catchup_uniform",0,0,5,0,"WHO report of   26 cases /  0 deaths spread over 6 weeks from 2024-02-05 (uniform)"
"UGA",2024-02-19,"WHO","who_catchup_uniform","who_catchup_uniform",0,0,4,0,"WHO report of   26 cases /  0 deaths spread over 6 weeks from 2024-02-05 (uniform)"
"UGA",2024-02-26,"WHO","who_catchup_uniform","who_catchup_uniform",0,0,4,0,"WHO report of   26 cases /  0 deaths spread over 6 weeks from 2024-02-05 (uniform)"
"UGA",2024-03-04,"WHO","who_catchup_uniform","who_catchup_uniform",0,0,5,0,"WHO report of   26 cases /  0 deaths spread over 6 weeks from 2024-02-05 (uniform)"
"UGA",2024-03-11,"WHO","who_catchup_uniform","who_catchup_uniform",26,0,4,0,"WHO report of   26 cases /  0 deaths spread over 6 weeks from 2024-02-05 (uniform)"
"UGA",2024-03-11,"AI","observed","who_copy_dropped",26,NA,NA,NA,"repeats the WHO dashboard value of a multi-week report window"
"UGA",2024-05-06,"WHO","who_catchup_uniform","who_catchup_uniform",0,0,22,2,"WHO report of   43 cases /  3 deaths spread over 2 weeks from 2024-05-06 (uniform)"
"UGA",2024-05-13,"WHO","who_catchup_uniform","who_catchup_uniform",43,3,21,1,"WHO report of   43 cases /  3 deaths spread over 2 weeks from 2024-05-06 (uniform)"
"UGA",2024-05-13,"AI","observed","who_copy_dropped",43,3,NA,NA,"repeats the WHO dashboard value of a multi-week report window"
"UGA",2024-12-30,"WHO","who_catchup_uniform","who_catchup_uniform",0,0,30,0,"WHO report of   60 cases /  0 deaths spread over 2 weeks from 2024-12-30 (uniform)"
"UGA",2025-01-06,"WHO","who_catchup_uniform","who_catchup_uniform",60,0,30,0,"WHO report of   60 cases /  0 deaths spread over 2 weeks from 2024-12-30 (uniform)"
"UGA",2025-01-06,"AI","observed","who_copy_dropped",60,1,NA,NA,"repeats the WHO dashboard value of a multi-week report window"
"UGA",2025-01-20,"WHO","who_catchup_uniform","who_catchup_uniform",0,0,9,0,"WHO report of   56 cases /  0 deaths spread over 6 weeks from 2025-01-20 (uniform)"
"UGA",2025-01-27,"WHO","who_catchup_uniform","who_catchup_uniform",0,0,10,0,"WHO report of   56 cases /  0 deaths spread over 6 weeks from 2025-01-20 (uniform)"
"UGA",2025-02-03,"WHO","who_catchup_uniform","who_catchup_uniform",0,0,9,0,"WHO report of   56 cases /  0 deaths spread over 6 weeks from 2025-01-20 (uniform)"
"UGA",2025-02-10,"WHO","who_catchup_uniform","who_catchup_uniform",0,0,9,0,"WHO report of   56 cases /  0 deaths spread over 6 weeks from 2025-01-20 (uniform)"
"UGA",2025-02-17,"WHO","who_catchup_uniform","who_catchup_uniform",0,0,10,0,"WHO report of   56 cases /  0 deaths spread over 6 weeks from 2025-01-20 (uniform)"
"UGA",2025-02-24,"WHO","who_catchup_uniform","who_catchup_uniform",56,0,9,0,"WHO report of   56 cases /  0 deaths spread over 6 weeks from 2025-01-20 (uniform)"
"UGA",2025-02-24,"AI","observed","who_copy_dropped",56,2,NA,NA,"repeats the WHO dashboard value of a multi-week report window"
"ZAF",2003-12-29,"AI","fourier_country_k1","imputed_scaled_annual_residual",145.0427,1.6731,129.496426182712,1.49377025280345,"WHO annual total 2767; observed weeks 425; imputed 3965.1 -> 3540.1"
"ZAF",2004-01-05,"AI","fourier_country_k1","imputed_scaled_annual_residual",111.908,1.4155,99.9132397649445,1.26378088150337,"WHO annual total 2767; observed weeks 425; imputed 3965.1 -> 3540.1"
"ZAF",2004-01-12,"AI","fourier_country_k1","imputed_scaled_annual_residual",116.0143,1.4675,103.579409622745,1.31020730738693,"WHO annual total 2767; observed weeks 425; imputed 3965.1 -> 3540.1"
"ZAF",2004-01-19,"AI","fourier_country_k1","imputed_scaled_annual_residual",119.1962,1.5077,106.420260478878,1.34609850585844,"WHO annual total 2767; observed weeks 425; imputed 3965.1 -> 3540.1"
"ZAF",2004-01-26,"AI","fourier_country_k1","imputed_scaled_annual_residual",121.4073,1.5357,108.3943656764,1.37109735056498,"WHO annual total 2767; observed weeks 425; imputed 3965.1 -> 3540.1"
"ZAF",2004-02-02,"AI","fourier_country_k1","imputed_scaled_annual_residual",122.6155,1.551,109.473065825487,1.38475743356533,"WHO annual total 2767; observed weeks 425; imputed 3965.1 -> 3540.1"
"ZAF",2004-02-09,"AI","fourier_country_k1","imputed_scaled_annual_residual",199.9665,2.0615,178.53326714316,1.84053994151833,"WHO annual total 2767; observed weeks 425; imputed 3965.1 -> 3540.1"
"ZAF",2004-02-16,"AI","fourier_country_k1","imputed_scaled_annual_residual",198.6055,2.0475,177.318144727246,1.82804051916506,"WHO annual total 2767; observed weeks 425; imputed 3965.1 -> 3540.1"
"ZAF",2004-02-23,"AI","fourier_country_k1","imputed_scaled_annual_residual",195.598,2.0165,174.633000961,1.8003632268114,"WHO annual total 2767; observed weeks 425; imputed 3965.1 -> 3540.1"
"ZAF",2004-03-01,"AI","fourier_country_k1","imputed_scaled_annual_residual",190.9878,1.9689,170.51694118007,1.7578651908103,"WHO annual total 2767; observed weeks 425; imputed 3965.1 -> 3540.1"
"ZAF",2004-03-08,"AI","fourier_country_k1","imputed_scaled_annual_residual",184.8422,1.9056,165.030051893339,1.70134994545589,"WHO annual total 2767; observed weeks 425; imputed 3965.1 -> 3540.1"
"ZAF",2004-03-15,"AI","fourier_country_k1","imputed_scaled_annual_residual",717,10,640.148987663663,8.92815882376099,"WHO annual total 2767; observed weeks 425; imputed 3965.1 -> 3540.1"
"ZAF",2004-03-29,"AI","fourier_country_k1","imputed_scaled_annual_residual",97.1489,1.2288,86.7360808753674,1.09709215626375,"WHO annual total 2767; observed weeks 425; imputed 3965.1 -> 3540.1"
"ZAF",2004-04-05,"AI","fourier_country_k1","imputed_scaled_annual_residual",107.3597,1.6926,95.8524452871333,1.51118016250979,"WHO annual total 2767; observed weeks 425; imputed 3965.1 -> 3540.1"
"ZAF",2004-04-12,"AI","fourier_country_k1","imputed_scaled_annual_residual",98.5354,1.5535,87.9739700962818,1.38698947327127,"WHO annual total 2767; observed weeks 425; imputed 3965.1 -> 3540.1"
"ZAF",2004-04-19,"AI","fourier_country_k1","imputed_scaled_annual_residual",89.1868,1.4061,79.6273915383007,1.25538841220903,"WHO annual total 2767; observed weeks 425; imputed 3965.1 -> 3540.1"
"ZAF",2004-04-26,"AI","fourier_country_k1","imputed_scaled_annual_residual",79.4503,1.2526,70.9344896995458,1.1183411742643,"WHO annual total 2767; observed weeks 425; imputed 3965.1 -> 3540.1"
"ZAF",2004-05-03,"AI","fourier_country_k1","imputed_scaled_annual_residual",69.4678,1.0952,62.0219551537264,0.977811954378303,"WHO annual total 2767; observed weeks 425; imputed 3965.1 -> 3540.1"
"ZAF",2004-05-10,"AI","fourier_country_k1","imputed_scaled_annual_residual",49.9362,0.6316,44.5838324655093,0.563902511308744,"WHO annual total 2767; observed weeks 425; imputed 3965.1 -> 3540.1"
"ZAF",2004-05-17,"AI","fourier_country_k1","imputed_scaled_annual_residual",41.4968,0.5249,37.0490021077845,0.468639056659214,"WHO annual total 2767; observed weeks 425; imputed 3965.1 -> 3540.1"
"ZAF",2004-05-24,"AI","fourier_country_k1","imputed_scaled_annual_residual",33.2197,0.4202,29.6590757677693,0.375161233774437,"WHO annual total 2767; observed weeks 425; imputed 3965.1 -> 3540.1"
"ZAF",2004-05-31,"AI","fourier_country_k1","imputed_scaled_annual_residual",25.2256,0.3191,22.5218163224665,0.284897548066213,"WHO annual total 2767; observed weeks 425; imputed 3965.1 -> 3540.1"
"ZAF",2004-06-07,"AI","fourier_country_k1","imputed_scaled_annual_residual",17.631,0.223,15.741236822173,0.19909794176987,"WHO annual total 2767; observed weeks 425; imputed 3965.1 -> 3540.1"
"ZAF",2004-06-14,"AI","fourier_country_k1","imputed_scaled_annual_residual",10.5467,0.1334,9.416261266656,0.119101638708972,"WHO annual total 2767; observed weeks 425; imputed 3965.1 -> 3540.1"
"ZAF",2004-06-21,"AI","fourier_country_k1","imputed_scaled_annual_residual",4.076,0.0516,3.63911753656498,0.0460692995306067,"WHO annual total 2767; observed weeks 425; imputed 3965.1 -> 3540.1"
"ZAF",2004-06-28,"AI","fourier_country_k1","imputed_scaled_annual_residual",0,0,0,0,"WHO annual total 2767; observed weeks 425; imputed 3965.1 -> 3540.1"
"ZAF",2004-07-05,"AI","fourier_country_k1","imputed_scaled_annual_residual",0,0,0,0,"WHO annual total 2767; observed weeks 425; imputed 3965.1 -> 3540.1"
"ZAF",2004-07-12,"AI","fourier_country_k1","imputed_scaled_annual_residual",0,0,0,0,"WHO annual total 2767; observed weeks 425; imputed 3965.1 -> 3540.1"
"ZAF",2004-07-19,"AI","fourier_country_k1","imputed_scaled_annual_residual",0,0,0,0,"WHO annual total 2767; observed weeks 425; imputed 3965.1 -> 3540.1"
"ZAF",2004-07-26,"AI","fourier_country_k1","imputed_scaled_annual_residual",0,0,0,0,"WHO annual total 2767; observed weeks 425; imputed 3965.1 -> 3540.1"
"ZAF",2004-08-02,"AI","fourier_country_k1","imputed_scaled_annual_residual",0,0,0,0,"WHO annual total 2767; observed weeks 425; imputed 3965.1 -> 3540.1"
"ZAF",2004-08-09,"AI","fourier_country_k1","imputed_scaled_annual_residual",0,0,0,0,"WHO annual total 2767; observed weeks 425; imputed 3965.1 -> 3540.1"
"ZAF",2004-08-16,"AI","fourier_country_k1","imputed_scaled_annual_residual",0,0,0,0,"WHO annual total 2767; observed weeks 425; imputed 3965.1 -> 3540.1"
"ZAF",2004-08-23,"AI","fourier_country_k1","imputed_scaled_annual_residual",0,0,0,0,"WHO annual total 2767; observed weeks 425; imputed 3965.1 -> 3540.1"
"ZAF",2004-08-30,"AI","fourier_country_k1","imputed_scaled_annual_residual",0,0,0,0,"WHO annual total 2767; observed weeks 425; imputed 3965.1 -> 3540.1"
"ZAF",2004-09-06,"AI","fourier_country_k1","imputed_scaled_annual_residual",0,0,0,0,"WHO annual total 2767; observed weeks 425; imputed 3965.1 -> 3540.1"
"ZAF",2004-09-13,"AI","fourier_country_k1","imputed_scaled_annual_residual",0,0,0,0,"WHO annual total 2767; observed weeks 425; imputed 3965.1 -> 3540.1"
"ZAF",2004-09-20,"AI","fourier_country_k1","imputed_scaled_annual_residual",1.8797,0.0238,1.67822601410235,0.0212490180005512,"WHO annual total 2767; observed weeks 425; imputed 3965.1 -> 3540.1"
"ZAF",2004-09-27,"AI","fourier_country_k1","imputed_scaled_annual_residual",8.1016,0.1025,7.2332371526582,0.0915136279435501,"WHO annual total 2767; observed weeks 425; imputed 3965.1 -> 3540.1"
"ZAF",2004-10-04,"AI","fourier_country_k1","imputed_scaled_annual_residual",14.9728,0.1894,13.3679536436409,0.169099328122033,"WHO annual total 2767; observed weeks 425; imputed 3965.1 -> 3540.1"
"ZAF",2004-10-11,"AI","fourier_country_k1","imputed_scaled_annual_residual",22.3931,0.2833,19.9929153356362,0.252934739477149,"WHO annual total 2767; observed weeks 425; imputed 3965.1 -> 3540.1"
"ZAF",2004-10-18,"AI","fourier_country_k1","imputed_scaled_annual_residual",30.2542,0.3827,27.011430268583,0.341680638185333,"WHO annual total 2767; observed weeks 425; imputed 3965.1 -> 3540.1"
"ZAF",2004-10-25,"AI","fourier_country_k1","imputed_scaled_annual_residual",38.4416,0.4863,34.321271023949,0.434176363599497,"WHO annual total 2767; observed weeks 425; imputed 3965.1 -> 3540.1"
"ZAF",2004-11-01,"AI","fourier_country_k1","imputed_scaled_annual_residual",46.8357,0.5924,41.8156568222023,0.528904128719601,"WHO annual total 2767; observed weeks 425; imputed 3965.1 -> 3540.1"
"ZAF",2004-11-08,"AI","fourier_country_k1","imputed_scaled_annual_residual",55.3143,0.6997,49.3854855625163,0.624703272898556,"WHO annual total 2767; observed weeks 425; imputed 3965.1 -> 3540.1"
"ZAF",2004-11-15,"AI","fourier_country_k1","imputed_scaled_annual_residual",63.7537,0.8064,56.9203159202411,0.719966727548086,"WHO annual total 2767; observed weeks 425; imputed 3965.1 -> 3540.1"
"ZAF",2004-11-22,"AI","fourier_country_k1","imputed_scaled_annual_residual",72.0308,0.9111,64.3102422602563,0.813444550432864,"WHO annual total 2767; observed weeks 425; imputed 3965.1 -> 3540.1"
"ZAF",2004-11-29,"AI","fourier_country_k1","imputed_scaled_annual_residual",80.025,1.0122,71.4475909871473,0.903708236141087,"WHO annual total 2767; observed weeks 425; imputed 3965.1 -> 3540.1"
"ZAF",2004-12-06,"AI","fourier_country_k1","imputed_scaled_annual_residual",87.6195,1.1083,78.2280812058526,0.98950784243743,"WHO annual total 2767; observed weeks 425; imputed 3965.1 -> 3540.1"
"ZAF",2004-12-13,"AI","fourier_country_k1","imputed_scaled_annual_residual",94.7038,1.1979,84.5530567613696,1.06950414549833,"WHO annual total 2767; observed weeks 425; imputed 3965.1 -> 3540.1"
"ZAF",2004-12-20,"AI","fourier_country_k1","imputed_scaled_annual_residual",101.1745,1.2798,90.3302004914606,1.14262576626493,"WHO annual total 2767; observed weeks 425; imputed 3965.1 -> 3540.1"
"ZAF",2004-12-27,"AI","fourier_country_k1","imputed_scaled_annual_residual",101.1745,1.2798,90.3302004914606,1.14262576626493,"WHO annual total 2767; observed weeks 425; imputed 3965.1 -> 3540.1"
"ZAF",2023-01-02,"WHO","who_catchup_uniform","who_catchup_uniform",NA,NA,40,1,"WHO report of 1390 cases / 47 deaths spread over 35 weeks from 2023-01-02 (uniform)"
"ZAF",2023-01-09,"WHO","who_catchup_uniform","who_catchup_uniform",NA,NA,39,2,"WHO report of 1390 cases / 47 deaths spread over 35 weeks from 2023-01-02 (uniform)"
"ZAF",2023-01-16,"WHO","who_catchup_uniform","who_catchup_uniform",NA,NA,40,1,"WHO report of 1390 cases / 47 deaths spread over 35 weeks from 2023-01-02 (uniform)"
"ZAF",2023-01-23,"WHO","who_catchup_uniform","who_catchup_uniform",NA,NA,40,1,"WHO report of 1390 cases / 47 deaths spread over 35 weeks from 2023-01-02 (uniform)"
"ZAF",2023-01-30,"WHO","who_catchup_uniform","who_catchup_uniform",NA,NA,40,2,"WHO report of 1390 cases / 47 deaths spread over 35 weeks from 2023-01-02 (uniform)"
"ZAF",2023-02-06,"WHO","who_catchup_uniform","who_catchup_uniform",NA,NA,39,1,"WHO report of 1390 cases / 47 deaths spread over 35 weeks from 2023-01-02 (uniform)"
"ZAF",2023-02-13,"WHO","who_catchup_uniform","who_catchup_uniform",NA,NA,40,1,"WHO report of 1390 cases / 47 deaths spread over 35 weeks from 2023-01-02 (uniform)"
"ZAF",2023-02-20,"WHO","who_catchup_uniform","who_catchup_uniform",NA,NA,40,2,"WHO report of 1390 cases / 47 deaths spread over 35 weeks from 2023-01-02 (uniform)"
"ZAF",2023-02-27,"WHO","who_catchup_uniform","who_catchup_uniform",NA,NA,39,1,"WHO report of 1390 cases / 47 deaths spread over 35 weeks from 2023-01-02 (uniform)"
"ZAF",2023-03-06,"WHO","who_catchup_uniform","who_catchup_uniform",NA,NA,40,1,"WHO report of 1390 cases / 47 deaths spread over 35 weeks from 2023-01-02 (uniform)"
"ZAF",2023-03-13,"WHO","who_catchup_uniform","who_catchup_uniform",NA,NA,40,2,"WHO report of 1390 cases / 47 deaths spread over 35 weeks from 2023-01-02 (uniform)"
"ZAF",2023-03-20,"WHO","who_catchup_uniform","who_catchup_uniform",NA,NA,40,1,"WHO report of 1390 cases / 47 deaths spread over 35 weeks from 2023-01-02 (uniform)"
"ZAF",2023-03-27,"WHO","who_catchup_uniform","who_catchup_uniform",NA,NA,39,1,"WHO report of 1390 cases / 47 deaths spread over 35 weeks from 2023-01-02 (uniform)"
"ZAF",2023-04-03,"WHO","who_catchup_uniform","who_catchup_uniform",NA,NA,40,2,"WHO report of 1390 cases / 47 deaths spread over 35 weeks from 2023-01-02 (uniform)"
"ZAF",2023-04-10,"WHO","who_catchup_uniform","who_catchup_uniform",NA,NA,40,1,"WHO report of 1390 cases / 47 deaths spread over 35 weeks from 2023-01-02 (uniform)"
"ZAF",2023-04-17,"WHO","who_catchup_uniform","who_catchup_uniform",NA,NA,39,1,"WHO report of 1390 cases / 47 deaths spread over 35 weeks from 2023-01-02 (uniform)"
"ZAF",2023-04-24,"WHO","who_catchup_uniform","who_catchup_uniform",NA,NA,40,2,"WHO report of 1390 cases / 47 deaths spread over 35 weeks from 2023-01-02 (uniform)"
"ZAF",2023-05-01,"WHO","who_catchup_uniform","who_catchup_uniform",NA,NA,40,1,"WHO report of 1390 cases / 47 deaths spread over 35 weeks from 2023-01-02 (uniform)"
"ZAF",2023-05-08,"WHO","who_catchup_uniform","who_catchup_uniform",NA,NA,40,2,"WHO report of 1390 cases / 47 deaths spread over 35 weeks from 2023-01-02 (uniform)"
"ZAF",2023-05-15,"WHO","who_catchup_uniform","who_catchup_uniform",NA,NA,39,1,"WHO report of 1390 cases / 47 deaths spread over 35 weeks from 2023-01-02 (uniform)"
"ZAF",2023-05-22,"WHO","who_catchup_uniform","who_catchup_uniform",NA,NA,40,1,"WHO report of 1390 cases / 47 deaths spread over 35 weeks from 2023-01-02 (uniform)"
"ZAF",2023-05-29,"WHO","who_catchup_uniform","who_catchup_uniform",NA,NA,40,2,"WHO report of 1390 cases / 47 deaths spread over 35 weeks from 2023-01-02 (uniform)"
"ZAF",2023-06-05,"WHO","who_catchup_uniform","who_catchup_uniform",NA,NA,39,1,"WHO report of 1390 cases / 47 deaths spread over 35 weeks from 2023-01-02 (uniform)"
"ZAF",2023-06-12,"WHO","who_catchup_uniform","who_catchup_uniform",NA,NA,40,1,"WHO report of 1390 cases / 47 deaths spread over 35 weeks from 2023-01-02 (uniform)"
"ZAF",2023-06-19,"WHO","who_catchup_uniform","who_catchup_uniform",NA,NA,40,2,"WHO report of 1390 cases / 47 deaths spread over 35 weeks from 2023-01-02 (uniform)"
"ZAF",2023-06-26,"WHO","who_catchup_uniform","who_catchup_uniform",NA,NA,40,1,"WHO report of 1390 cases / 47 deaths spread over 35 weeks from 2023-01-02 (uniform)"
"ZAF",2023-07-03,"WHO","who_catchup_uniform","who_catchup_uniform",NA,NA,39,1,"WHO report of 1390 cases / 47 deaths spread over 35 weeks from 2023-01-02 (uniform)"
"ZAF",2023-07-10,"WHO","who_catchup_uniform","who_catchup_uniform",NA,NA,40,2,"WHO report of 1390 cases / 47 deaths spread over 35 weeks from 2023-01-02 (uniform)"
"ZAF",2023-07-17,"WHO","who_catchup_uniform","who_catchup_uniform",NA,NA,40,1,"WHO report of 1390 cases / 47 deaths spread over 35 weeks from 2023-01-02 (uniform)"
"ZAF",2023-07-24,"WHO","who_catchup_uniform","who_catchup_uniform",NA,NA,39,1,"WHO report of 1390 cases / 47 deaths spread over 35 weeks from 2023-01-02 (uniform)"
"ZAF",2023-07-31,"WHO","who_catchup_uniform","who_catchup_uniform",NA,NA,40,2,"WHO report of 1390 cases / 47 deaths spread over 35 weeks from 2023-01-02 (uniform)"
"ZAF",2023-08-07,"WHO","who_catchup_uniform","who_catchup_uniform",NA,NA,40,1,"WHO report of 1390 cases / 47 deaths spread over 35 weeks from 2023-01-02 (uniform)"
"ZAF",2023-08-14,"WHO","who_catchup_uniform","who_catchup_uniform",NA,NA,40,1,"WHO report of 1390 cases / 47 deaths spread over 35 weeks from 2023-01-02 (uniform)"
"ZAF",2023-08-21,"WHO","who_catchup_uniform","who_catchup_uniform",NA,NA,39,2,"WHO report of 1390 cases / 47 deaths spread over 35 weeks from 2023-01-02 (uniform)"
"ZAF",2023-08-28,"WHO","who_catchup_uniform","who_catchup_uniform",1390,47,40,1,"WHO report of 1390 cases / 47 deaths spread over 35 weeks from 2023-01-02 (uniform)"
"ZMB",2017-01-02,"AI","fourier_country_k2","imputed_scaled_annual_residual",153.7958,4.8865,96.2496964587478,3.05810784004291,"WHO annual total 1794; observed weeks 671.3; imputed 1794 -> 1122.7"
"ZMB",2017-01-09,"AI","fourier_country_k2","imputed_scaled_annual_residual",153.4207,4.8746,96.0149484282965,3.05066048850366,"WHO annual total 1794; observed weeks 671.3; imputed 1794 -> 1122.7"
"ZMB",2017-01-16,"AI","fourier_country_k2","imputed_scaled_annual_residual",150.396,4.7785,94.1220068988219,2.99051843111532,"WHO annual total 1794; observed weeks 671.3; imputed 1794 -> 1122.7"
"ZMB",2017-01-23,"AI","fourier_country_k2","imputed_scaled_annual_residual",144.8099,4.601,90.6260698876147,2.87943398588712,"WHO annual total 1794; observed weeks 671.3; imputed 1794 -> 1122.7"
"ZMB",2017-01-30,"AI","fourier_country_k2","imputed_scaled_annual_residual",136.8561,4.3483,85.6483602512424,2.72128728555379,"WHO annual total 1794; observed weeks 671.3; imputed 1794 -> 1122.7"
"ZMB",2017-02-06,"AI","fourier_country_k2","imputed_scaled_annual_residual",126.8249,4.0296,79.3705558175908,2.52183594643137,"WHO annual total 1794; observed weeks 671.3; imputed 1794 -> 1122.7"
"ZMB",2017-02-13,"AI","fourier_country_k2","imputed_scaled_annual_residual",115.0888,3.6567,72.0257774646741,2.28846473727308,"WHO annual total 1794; observed weeks 671.3; imputed 1794 -> 1122.7"
"ZMB",2017-02-20,"AI","fourier_country_k2","imputed_scaled_annual_residual",102.0837,3.2435,63.8868235568583,2.02987266533903,"WHO annual total 1794; observed weeks 671.3; imputed 1794 -> 1122.7"
"ZMB",2017-02-27,"AI","fourier_country_k2","imputed_scaled_annual_residual",88.2872,2.8051,55.2525894802898,1.75550973132188,"WHO annual total 1794; observed weeks 671.3; imputed 1794 -> 1122.7"
"ZMB",2017-03-06,"AI","fourier_country_k2","imputed_scaled_annual_residual",74.1951,2.3574,46.4333606881751,1.47532659820263,"WHO annual total 1794; observed weeks 671.3; imputed 1794 -> 1122.7"
"ZMB",2017-03-13,"AI","fourier_country_k2","imputed_scaled_annual_residual",60.2967,1.9158,37.7353547526277,1.19896101503207,"WHO annual total 1794; observed weeks 671.3; imputed 1794 -> 1122.7"
"ZMB",2017-03-20,"AI","fourier_country_k2","imputed_scaled_annual_residual",47.0518,1.495,29.4463273238782,0.935612651358671,"WHO annual total 1794; observed weeks 671.3; imputed 1794 -> 1122.7"
"ZMB",2017-03-27,"AI","fourier_country_k2","imputed_scaled_annual_residual",34.8681,1.1078,21.8214284206283,0.693292103796077,"WHO annual total 1794; observed weeks 671.3; imputed 1794 -> 1122.7"
"ZMB",2017-04-03,"AI","fourier_country_k2","imputed_scaled_annual_residual",24.0838,0.7652,15.0723130252789,0.478883478809134,"WHO annual total 1794; observed weeks 671.3; imputed 1794 -> 1122.7"
"ZMB",2017-04-10,"AI","fourier_country_k2","imputed_scaled_annual_residual",14.9525,0.4751,9.35769108323781,0.297330816495321,"WHO annual total 1794; observed weeks 671.3; imputed 1794 -> 1122.7"
"ZMB",2017-04-17,"AI","fourier_country_k2","imputed_scaled_annual_residual",7.6346,0.2426,4.77794538331967,0.151825838942885,"WHO annual total 1794; observed weeks 671.3; imputed 1794 -> 1122.7"
"ZMB",2017-04-24,"AI","fourier_country_k2","imputed_scaled_annual_residual",2.1927,0.0697,1.37225274958807,0.0436202018727086,"WHO annual total 1794; observed weeks 671.3; imputed 1794 -> 1122.7"
"ZMB",2017-05-01,"AI","fourier_country_k2","imputed_scaled_annual_residual",0,0,0,0,"WHO annual total 1794; observed weeks 671.3; imputed 1794 -> 1122.7"
"ZMB",2017-05-08,"AI","fourier_country_k2","imputed_scaled_annual_residual",0,0,0,0,"WHO annual total 1794; observed weeks 671.3; imputed 1794 -> 1122.7"
"ZMB",2017-05-15,"AI","fourier_country_k2","imputed_scaled_annual_residual",0,0,0,0,"WHO annual total 1794; observed weeks 671.3; imputed 1794 -> 1122.7"
"ZMB",2017-05-22,"AI","fourier_country_k2","imputed_scaled_annual_residual",0,0,0,0,"WHO annual total 1794; observed weeks 671.3; imputed 1794 -> 1122.7"
"ZMB",2017-05-29,"AI","fourier_country_k2","imputed_scaled_annual_residual",0,0,0,0,"WHO annual total 1794; observed weeks 671.3; imputed 1794 -> 1122.7"
"ZMB",2017-06-05,"AI","fourier_country_k2","imputed_scaled_annual_residual",1.647,0.0523,1.03073848614564,0.0327307971010425,"WHO annual total 1794; observed weeks 671.3; imputed 1794 -> 1122.7"
"ZMB",2017-06-12,"AI","fourier_country_k2","imputed_scaled_annual_residual",4.4753,0.1422,2.80076742382974,0.0889927217546508,"WHO annual total 1794; observed weeks 671.3; imputed 1794 -> 1122.7"
"ZMB",2017-06-19,"AI","fourier_country_k2","imputed_scaled_annual_residual",7.3247,0.2327,4.58400132936914,0.145630143124524,"WHO annual total 1794; observed weeks 671.3; imputed 1794 -> 1122.7"
"ZMB",2017-06-26,"AI","fourier_country_k2","imputed_scaled_annual_residual",9.9389,0.3158,6.22004052213291,0.197636438327136,"WHO annual total 1794; observed weeks 671.3; imputed 1794 -> 1122.7"
"ZMB",2017-07-03,"AI","fourier_country_k2","imputed_scaled_annual_residual",12.1194,0.3851,7.5846581718236,0.241006309055668,"WHO annual total 1794; observed weeks 671.3; imputed 1794 -> 1122.7"
"ZMB",2017-07-10,"AI","fourier_country_k2","imputed_scaled_annual_residual",13.738,0.4365,8.59762314673272,0.273173861082314,"WHO annual total 1794; observed weeks 671.3; imputed 1794 -> 1122.7"
"ZMB",2017-07-17,"AI","fourier_country_k2","imputed_scaled_annual_residual",14.7438,0.4684,9.22708080876386,0.293137769830369,"WHO annual total 1794; observed weeks 671.3; imputed 1794 -> 1122.7"
"ZMB",2017-07-24,"AI","fourier_country_k2","imputed_scaled_annual_residual",15.1663,0.4819,9.49149307980001,0.301586445946317,"WHO annual total 1794; observed weeks 671.3; imputed 1794 -> 1122.7"
"ZMB",2017-07-31,"AI","fourier_country_k2","imputed_scaled_annual_residual",15.1116,0.4801,9.45726029583391,0.300459955797524,"WHO annual total 1794; observed weeks 671.3; imputed 1794 -> 1122.7"
"ZMB",2017-08-07,"AI","fourier_country_k2","imputed_scaled_annual_residual",14.7549,0.4688,9.23402749801475,0.293388100974545,"WHO annual total 1794; observed weeks 671.3; imputed 1794 -> 1122.7"
"ZMB",2017-08-14,"AI","fourier_country_k2","imputed_scaled_annual_residual",14.3275,0.4552,8.96654867046245,0.284876842072553,"WHO annual total 1794; observed weeks 671.3; imputed 1794 -> 1122.7"
"ZMB",2017-08-21,"AI","fourier_country_k2","imputed_scaled_annual_residual",14.1004,0.448,8.82442316335639,0.280370881477381,"WHO annual total 1794; observed weeks 671.3; imputed 1794 -> 1122.7"
"ZMB",2017-08-28,"AI","fourier_country_k2","imputed_scaled_annual_residual",14.3649,0.4564,8.98995463244293,0.285627835505082,"WHO annual total 1794; observed weeks 671.3; imputed 1794 -> 1122.7"
"ZMB",2017-09-04,"AI","fourier_country_k2","imputed_scaled_annual_residual",15.4117,0.4897,9.64507123675213,0.306467903257753,"WHO annual total 1794; observed weeks 671.3; imputed 1794 -> 1122.7"
"ZMB",2017-09-11,"AI","fourier_country_k2","imputed_scaled_annual_residual",17.5095,0.5563,10.9579329223844,0.348148038763096,"WHO annual total 1794; observed weeks 671.3; imputed 1794 -> 1122.7"
"ZMB",2017-09-18,"AI","fourier_country_k2","imputed_scaled_annual_residual",20.8846,0.6636,13.0701645341574,0.415299368188371,"WHO annual total 1794; observed weeks 671.3; imputed 1794 -> 1122.7"
"ZMB",2017-12-25,"AI","fourier_country_k2","imputed_scaled_annual_residual",151.543,4.8149,94.8398314547472,3.01329856523536,"WHO annual total 1794; observed weeks 671.3; imputed 1794 -> 1122.7"
"ZMB",2018-01-15,"AI","fourier_country_k2","imputed_scaled_annual_residual",258.583,4.6877,176.855953679241,3.20611816732801,"WHO annual total 4082; observed weeks 1471; imputed 3817.6 -> 2611"
"ZMB",2018-01-22,"AI","fourier_country_k2","imputed_scaled_annual_residual",248.9785,4.5136,170.287026073357,3.08704374427794,"WHO annual total 4082; observed weeks 1471; imputed 3817.6 -> 2611"
"ZMB",2018-02-12,"AI","fourier_country_k2","imputed_scaled_annual_residual",197.8777,3.5872,135.337007248561,2.45343923242508,"WHO annual total 4082; observed weeks 1471; imputed 3817.6 -> 2611"
"ZMB",2018-02-19,"AI","fourier_country_k2","imputed_scaled_annual_residual",175.5173,3.1818,120.043775030476,2.17616886422003,"WHO annual total 4082; observed weeks 1471; imputed 3817.6 -> 2611"
"ZMB",2018-02-26,"AI","fourier_country_k2","imputed_scaled_annual_residual",151.7963,2.7518,103.81997038274,1.88207350573911,"WHO annual total 4082; observed weeks 1471; imputed 3817.6 -> 2611"
"ZMB",2018-03-05,"AI","fourier_country_k2","imputed_scaled_annual_residual",127.5671,2.3126,87.2485860578426,1.58168587447208,"WHO annual total 4082; observed weeks 1471; imputed 3817.6 -> 2611"
"ZMB",2018-03-26,"AI","fourier_country_k2","imputed_scaled_annual_residual",59.9504,1.0868,41.0026380908721,0.74330891999319,"WHO annual total 4082; observed weeks 1471; imputed 3817.6 -> 2611"
"ZMB",2018-04-02,"AI","fourier_country_k2","imputed_scaled_annual_residual",41.4084,0.7507,28.3209726560968,0.513435780492168,"WHO annual total 4082; observed weeks 1471; imputed 3817.6 -> 2611"
"ZMB",2018-04-09,"AI","fourier_country_k2","imputed_scaled_annual_residual",25.7086,0.4661,17.5832091466111,0.318785689739442,"WHO annual total 4082; observed weeks 1471; imputed 3817.6 -> 2611"
"ZMB",2018-04-16,"AI","fourier_country_k2","imputed_scaled_annual_residual",13.1265,0.238,8.97777377465091,0.162778361205723,"WHO annual total 4082; observed weeks 1471; imputed 3817.6 -> 2611"
"ZMB",2018-04-23,"AI","fourier_country_k2","imputed_scaled_annual_residual",3.7701,0.0683,2.57853235118359,0.0467132860098775,"WHO annual total 4082; observed weeks 1471; imputed 3817.6 -> 2611"
"ZMB",2018-04-30,"AI","fourier_country_k2","imputed_scaled_annual_residual",0,0,0,0,"WHO annual total 4082; observed weeks 1471; imputed 3817.6 -> 2611"
"ZMB",2018-05-07,"AI","fourier_country_k2","imputed_scaled_annual_residual",0,0,0,0,"WHO annual total 4082; observed weeks 1471; imputed 3817.6 -> 2611"
"ZMB",2018-05-14,"AI","fourier_country_k2","imputed_scaled_annual_residual",0,0,0,0,"WHO annual total 4082; observed weeks 1471; imputed 3817.6 -> 2611"
"ZMB",2018-05-21,"AI","fourier_country_k2","imputed_scaled_annual_residual",0,0,0,0,"WHO annual total 4082; observed weeks 1471; imputed 3817.6 -> 2611"
"ZMB",2018-05-28,"AI","fourier_country_k2","imputed_scaled_annual_residual",0,0,0,0,"WHO annual total 4082; observed weeks 1471; imputed 3817.6 -> 2611"
"ZMB",2018-06-04,"AI","fourier_country_k2","imputed_scaled_annual_residual",2.8317,0.0513,1.93672052700103,0.0350862602094688,"WHO annual total 4082; observed weeks 1471; imputed 3817.6 -> 2611"
"ZMB",2018-06-11,"AI","fourier_country_k2","imputed_scaled_annual_residual",7.6946,0.1395,5.26266545434266,0.095410005832766,"WHO annual total 4082; observed weeks 1471; imputed 3817.6 -> 2611"
"ZMB",2018-06-18,"AI","fourier_country_k2","imputed_scaled_annual_residual",12.5938,0.2283,8.61343750148164,0.156144117072548,"WHO annual total 4082; observed weeks 1471; imputed 3817.6 -> 2611"
"ZMB",2018-06-25,"AI","fourier_country_k2","imputed_scaled_annual_residual",17.0885,0.3098,11.6875547288403,0.211885446645096,"WHO annual total 4082; observed weeks 1471; imputed 3817.6 -> 2611"
"ZMB",2018-07-02,"AI","fourier_country_k2","imputed_scaled_annual_residual",20.8375,0.3778,14.2516558891775,0.258393549846731,"WHO annual total 4082; observed weeks 1471; imputed 3817.6 -> 2611"
"ZMB",2018-07-09,"AI","fourier_country_k2","imputed_scaled_annual_residual",23.6203,0.4282,16.154931618435,0.292864261631472,"WHO annual total 4082; observed weeks 1471; imputed 3817.6 -> 2611"
"ZMB",2018-07-16,"AI","fourier_country_k2","imputed_scaled_annual_residual",25.3497,0.4595,17.3377421136836,0.314271667958107,"WHO annual total 4082; observed weeks 1471; imputed 3817.6 -> 2611"
"ZMB",2018-07-23,"AI","fourier_country_k2","imputed_scaled_annual_residual",26.0761,0.4727,17.8345580867082,0.323299711520778,"WHO annual total 4082; observed weeks 1471; imputed 3817.6 -> 2611"
"ZMB",2018-07-30,"AI","fourier_country_k2","imputed_scaled_annual_residual",25.9821,0.471,17.7702674734588,0.322137008940737,"WHO annual total 4082; observed weeks 1471; imputed 3817.6 -> 2611"
"ZMB",2018-08-06,"AI","fourier_country_k2","imputed_scaled_annual_residual",25.3688,0.4599,17.3508054191417,0.314545245035764,"WHO annual total 4082; observed weeks 1471; imputed 3817.6 -> 2611"
"ZMB",2018-08-13,"AI","fourier_country_k2","imputed_scaled_annual_residual",24.634,0.4466,16.8482443274864,0.305448807203679,"WHO annual total 4082; observed weeks 1471; imputed 3817.6 -> 2611"
"ZMB",2018-08-20,"AI","fourier_country_k2","imputed_scaled_annual_residual",24.2434,0.4395,16.5810963111547,0.300592814075273,"WHO annual total 4082; observed weeks 1471; imputed 3817.6 -> 2611"
"ZMB",2018-08-27,"AI","fourier_country_k2","imputed_scaled_annual_residual",24.6982,0.4477,16.8921534484503,0.306201144167235,"WHO annual total 4082; observed weeks 1471; imputed 3817.6 -> 2611"
"ZMB",2018-09-03,"AI","fourier_country_k2","imputed_scaled_annual_residual",26.498,0.4804,18.1231135093665,0.328566070265669,"WHO annual total 4082; observed weeks 1471; imputed 3817.6 -> 2611"
"ZMB",2018-09-10,"AI","fourier_country_k2","imputed_scaled_annual_residual",30.1049,0.5458,20.5900264128662,0.373295922462535,"WHO annual total 4082; observed weeks 1471; imputed 3817.6 -> 2611"
"ZMB",2018-09-17,"AI","fourier_country_k2","imputed_scaled_annual_residual",35.9079,0.651,24.5589458669704,0.445246693886241,"WHO annual total 4082; observed weeks 1471; imputed 3817.6 -> 2611"
"ZMB",2018-09-24,"AI","fourier_country_k2","imputed_scaled_annual_residual",44.1917,0.8011,30.2245903567014,0.547906492276909,"WHO annual total 4082; observed weeks 1471; imputed 3817.6 -> 2611"
"ZMB",2018-10-01,"AI","fourier_country_k2","imputed_scaled_annual_residual",55.1113,0.9991,37.692970999651,0.683327145716964,"WHO annual total 4082; observed weeks 1471; imputed 3817.6 -> 2611"
"ZMB",2018-10-08,"AI","fourier_country_k2","imputed_scaled_annual_residual",68.6732,1.2449,46.9685334233312,0.851440259936992,"WHO annual total 4082; observed weeks 1471; imputed 3817.6 -> 2611"
"ZMB",2018-10-15,"AI","fourier_country_k2","imputed_scaled_annual_residual",84.7264,1.536,57.9480022809266,1.05053597820164,"WHO annual total 4082; observed weeks 1471; imputed 3817.6 -> 2611"
"ZMB",2018-10-22,"AI","fourier_country_k2","imputed_scaled_annual_residual",102.961,1.8665,70.4194237315227,1.27657903861547,"WHO annual total 4082; observed weeks 1471; imputed 3817.6 -> 2611"
"ZMB",2018-10-29,"AI","fourier_country_k2","imputed_scaled_annual_residual",122.918,2.2283,84.0688680785085,1.52402950535593,"WHO annual total 4082; observed weeks 1471; imputed 3817.6 -> 2611"
"ZMB",2018-11-05,"AI","fourier_country_k2","imputed_scaled_annual_residual",144.0067,2.6106,98.4923303724543,1.7855007973263,"WHO annual total 4082; observed weeks 1471; imputed 3817.6 -> 2611"
"ZMB",2018-11-12,"AI","fourier_country_k2","imputed_scaled_annual_residual",165.5307,3.0008,113.21351292116,2.05237523658039,"WHO annual total 4082; observed weeks 1471; imputed 3817.6 -> 2611"
"ZMB",2018-11-19,"AI","fourier_country_k2","imputed_scaled_annual_residual",186.721,3.3849,127.706463792831,2.31507762540021,"WHO annual total 4082; observed weeks 1471; imputed 3817.6 -> 2611"
"ZMB",2018-11-26,"AI","fourier_country_k2","imputed_scaled_annual_residual",206.7733,3.7485,141.421087878568,2.56375918899013,"WHO annual total 4082; observed weeks 1471; imputed 3817.6 -> 2611"
"ZMB",2018-12-03,"AI","fourier_country_k2","imputed_scaled_annual_residual",224.8888,4.0769,153.811051754292,2.78836596974626,"WHO annual total 4082; observed weeks 1471; imputed 3817.6 -> 2611"
"ZMB",2018-12-10,"AI","fourier_country_k2","imputed_scaled_annual_residual",240.3151,4.3565,164.36175693693,2.97959634702828,"WHO annual total 4082; observed weeks 1471; imputed 3817.6 -> 2611"
"ZMB",2018-12-17,"AI","fourier_country_k2","imputed_scaled_annual_residual",252.3857,4.5753,172.617355620837,3.12924300850648,"WHO annual total 4082; observed weeks 1471; imputed 3817.6 -> 2611"
"ZMB",2018-12-24,"AI","fourier_country_k2","imputed_scaled_annual_residual",260.555,4.7234,178.204688672088,3.23053492150887,"WHO annual total 4082; observed weeks 1471; imputed 3817.6 -> 2611"
"ZMB",2022-01-03,"AI","fourier_country_k2","imputed_scaled_annual_residual",16.2318,NA,15.0222855373922,NA,"WHO annual total 34; observed weeks 24; imputed 322.1 -> 298.1"
"ZMB",2022-01-10,"AI","fourier_country_k2","imputed_scaled_annual_residual",16.1922,NA,14.9856363359924,NA,"WHO annual total 34; observed weeks 24; imputed 322.1 -> 298.1"
"ZMB",2022-01-17,"AI","fourier_country_k2","imputed_scaled_annual_residual",15.873,NA,14.6902215610731,NA,"WHO annual total 34; observed weeks 24; imputed 322.1 -> 298.1"
"ZMB",2022-01-24,"AI","fourier_country_k2","imputed_scaled_annual_residual",15.2834,NA,14.1445556735654,NA,"WHO annual total 34; observed weeks 24; imputed 322.1 -> 298.1"
"ZMB",2022-01-31,"AI","fourier_country_k2","imputed_scaled_annual_residual",14.444,NA,13.3677036620764,NA,"WHO annual total 34; observed weeks 24; imputed 322.1 -> 298.1"
"ZMB",2022-02-07,"AI","fourier_country_k2","imputed_scaled_annual_residual",13.3853,NA,12.387892815563,NA,"WHO annual total 34; observed weeks 24; imputed 322.1 -> 298.1"
"ZMB",2022-02-14,"AI","fourier_country_k2","imputed_scaled_annual_residual",12.1466,NA,11.2414946899597,NA,"WHO annual total 34; observed weeks 24; imputed 322.1 -> 298.1"
"ZMB",2022-02-21,"AI","fourier_country_k2","imputed_scaled_annual_residual",10.7741,NA,9.97126668689959,NA,"WHO annual total 34; observed weeks 24; imputed 322.1 -> 298.1"
"ZMB",2022-02-28,"AI","fourier_country_k2","imputed_scaled_annual_residual",9.318,NA,8.62366814755111,NA,"WHO annual total 34; observed weeks 24; imputed 322.1 -> 298.1"
"ZMB",2022-03-07,"AI","fourier_country_k2","imputed_scaled_annual_residual",7.8307,NA,7.24719447982705,NA,"WHO annual total 34; observed weeks 24; imputed 322.1 -> 298.1"
"ZMB",2022-03-14,"AI","fourier_country_k2","imputed_scaled_annual_residual",6.3638,NA,5.88960070373318,NA,"WHO annual total 34; observed weeks 24; imputed 322.1 -> 298.1"
"ZMB",2022-03-21,"AI","fourier_country_k2","imputed_scaled_annual_residual",4.9659,NA,4.59586538462374,NA,"WHO annual total 34; observed weeks 24; imputed 322.1 -> 298.1"
"ZMB",2022-03-28,"AI","fourier_country_k2","imputed_scaled_annual_residual",3.68,NA,3.40578437250355,NA,"WHO annual total 34; observed weeks 24; imputed 322.1 -> 298.1"
"ZMB",2022-04-04,"AI","fourier_country_k2","imputed_scaled_annual_residual",2.5418,NA,2.35239747772541,NA,"WHO annual total 34; observed weeks 24; imputed 322.1 -> 298.1"
"ZMB",2022-04-11,"AI","fourier_country_k2","imputed_scaled_annual_residual",23.0187,0,21.3034588954749,0,"WHO annual total 34; observed weeks 24; imputed 322.1 -> 298.1"
"ZMB",2022-04-18,"AI","fourier_country_k2","imputed_scaled_annual_residual",11.7531,0,10.8773163881716,0,"WHO annual total 34; observed weeks 24; imputed 322.1 -> 298.1"
"ZMB",2022-04-25,"AI","fourier_country_k2","imputed_scaled_annual_residual",3.3756,0,3.12406677386494,0,"WHO annual total 34; observed weeks 24; imputed 322.1 -> 298.1"
"ZMB",2022-05-02,"AI","fourier_country_k2","imputed_scaled_annual_residual",0,0,0,0,"WHO annual total 34; observed weeks 24; imputed 322.1 -> 298.1"
"ZMB",2022-05-09,"AI","fourier_country_k2","imputed_scaled_annual_residual",0,0,0,0,"WHO annual total 34; observed weeks 24; imputed 322.1 -> 298.1"
"ZMB",2022-05-16,"AI","fourier_country_k2","imputed_scaled_annual_residual",0,0,0,0,"WHO annual total 34; observed weeks 24; imputed 322.1 -> 298.1"
"ZMB",2022-05-23,"AI","fourier_country_k2","imputed_scaled_annual_residual",0,0,0,0,"WHO annual total 34; observed weeks 24; imputed 322.1 -> 298.1"
"ZMB",2022-05-30,"AI","fourier_country_k2","imputed_scaled_annual_residual",0,0,0,0,"WHO annual total 34; observed weeks 24; imputed 322.1 -> 298.1"
"ZMB",2022-06-06,"AI","fourier_country_k2","imputed_scaled_annual_residual",2.5354,0,2.34647437446889,0,"WHO annual total 34; observed weeks 24; imputed 322.1 -> 298.1"
"ZMB",2022-06-13,"AI","fourier_country_k2","imputed_scaled_annual_residual",6.8895,0,6.37612810716391,0,"WHO annual total 34; observed weeks 24; imputed 322.1 -> 298.1"
"ZMB",2022-06-20,"AI","fourier_country_k2","imputed_scaled_annual_residual",11.2761,0,10.4358600985835,0,"WHO annual total 34; observed weeks 24; imputed 322.1 -> 298.1"
"ZMB",2022-06-27,"AI","fourier_country_k2","imputed_scaled_annual_residual",15.3005,0,14.160381465079,0,"WHO annual total 34; observed weeks 24; imputed 322.1 -> 298.1"
"ZMB",2022-07-04,"AI","fourier_country_k2","imputed_scaled_annual_residual",18.6573,0,17.2670491231278,0,"WHO annual total 34; observed weeks 24; imputed 322.1 -> 298.1"
"ZMB",2022-07-11,"AI","fourier_country_k2","imputed_scaled_annual_residual",21.1489,0,19.5729872596849,0,"WHO annual total 34; observed weeks 24; imputed 322.1 -> 298.1"
"ZMB",2022-07-18,"AI","fourier_country_k2","imputed_scaled_annual_residual",22.6973,0,21.0060080538111,0,"WHO annual total 34; observed weeks 24; imputed 322.1 -> 298.1"
"ZMB",2022-07-25,"AI","fourier_country_k2","imputed_scaled_annual_residual",23.3477,0,21.6079434222557,0,"WHO annual total 34; observed weeks 24; imputed 322.1 -> 298.1"
"ZMB",2022-08-01,"AI","fourier_country_k2","imputed_scaled_annual_residual",0.2088,0,0.193241243744223,0,"WHO annual total 34; observed weeks 24; imputed 322.1 -> 298.1"
"ZMB",2022-08-08,"AI","fourier_country_k2","imputed_scaled_annual_residual",0.2039,0,0.188706367813444,0,"WHO annual total 34; observed weeks 24; imputed 322.1 -> 298.1"
"ZMB",2022-08-15,"AI","fourier_country_k2","imputed_scaled_annual_residual",0.198,0,0.183246006998832,0,"WHO annual total 34; observed weeks 24; imputed 322.1 -> 298.1"
"ZMB",2022-08-22,"AI","fourier_country_k2","imputed_scaled_annual_residual",0.1948,0,0.180284455370568,0,"WHO annual total 34; observed weeks 24; imputed 322.1 -> 298.1"
"ZMB",2022-08-29,"AI","fourier_country_k2","imputed_scaled_annual_residual",0.1985,0,0.183708749440749,0,"WHO annual total 34; observed weeks 24; imputed 322.1 -> 298.1"
"ZMB",2022-09-05,"AI","fourier_country_k2","imputed_scaled_annual_residual",0.213,0,0.19712828025632,0,"WHO annual total 34; observed weeks 24; imputed 322.1 -> 298.1"
"ZMB",2022-09-12,"AI","fourier_country_k2","imputed_scaled_annual_residual",0.242,0,0.223967341887462,0,"WHO annual total 34; observed weeks 24; imputed 322.1 -> 298.1"
"ZMB",2022-09-19,"AI","fourier_country_k2","imputed_scaled_annual_residual",0.2886,0,0.267094937474056,0,"WHO annual total 34; observed weeks 24; imputed 322.1 -> 298.1"
"ZMB",2022-09-26,"AI","fourier_country_k2","imputed_scaled_annual_residual",0.3552,0,0.328732230737299,0,"WHO annual total 34; observed weeks 24; imputed 322.1 -> 298.1"
"ZMB",2022-10-03,"AI","fourier_country_k2","imputed_scaled_annual_residual",0.4429,0,0.409897255049408,0,"WHO annual total 34; observed weeks 24; imputed 322.1 -> 298.1"
"ZMB",2022-10-10,"AI","fourier_country_k2","imputed_scaled_annual_residual",0.5519,0,0.510775107387149,0,"WHO annual total 34; observed weeks 24; imputed 322.1 -> 298.1"
"ZMB",2022-10-17,"AI","fourier_country_k2","imputed_scaled_annual_residual",0.6809,0,0.63016265740154,0,"WHO annual total 34; observed weeks 24; imputed 322.1 -> 298.1"
"ZMB",2022-10-24,"AI","fourier_country_k2","imputed_scaled_annual_residual",0.8275,0,0.765838741371382,0,"WHO annual total 34; observed weeks 24; imputed 322.1 -> 298.1"
"ZMB",2022-10-31,"AI","fourier_country_k2","imputed_scaled_annual_residual",0.9879,0,0.914286516738113,0,"WHO annual total 34; observed weeks 24; imputed 322.1 -> 298.1"
"ZMB",2022-11-07,"AI","fourier_country_k2","imputed_scaled_annual_residual",1.1574,0,1.07115620454772,0,"WHO annual total 34; observed weeks 24; imputed 322.1 -> 298.1"
"ZMB",2022-11-14,"AI","fourier_country_k2","imputed_scaled_annual_residual",1.3304,0,1.23126508945074,0,"WHO annual total 34; observed weeks 24; imputed 322.1 -> 298.1"
"ZMB",2022-11-21,"AI","fourier_country_k2","imputed_scaled_annual_residual",1.5007,0,1.38887516516741,0,"WHO annual total 34; observed weeks 24; imputed 322.1 -> 298.1"
"ZMB",2022-11-28,"AI","fourier_country_k2","imputed_scaled_annual_residual",1.6618,0,1.53797077995283,0,"WHO annual total 34; observed weeks 24; imputed 322.1 -> 298.1"
"ZMB",2022-12-05,"AI","fourier_country_k2","imputed_scaled_annual_residual",1.8074,0,1.67272137903884,0,"WHO annual total 34; observed weeks 24; imputed 322.1 -> 298.1"
"ZMB",2023-01-02,"AI","fourier_country_k2","imputed_dropped_annual_accounted",840.0576,26.4783,NA,NA,"WHO annual total 4095; observed weeks 4095; imputed 840.1 -> 0"
"ZMB",2023-08-28,"WHO","who_catchup_uniform","who_catchup_uniform",0,0,52,2,"WHO report of  105 cases /  5 deaths spread over 2 weeks from 2023-08-28 (uniform)"
"ZMB",2023-09-04,"WHO","who_catchup_uniform","who_catchup_uniform",105,5,53,3,"WHO report of  105 cases /  5 deaths spread over 2 weeks from 2023-08-28 (uniform)"
"ZMB",2023-09-04,"AI","observed","who_copy_dropped",105,5,NA,NA,"repeats the WHO dashboard value of a multi-week report window"
"ZMB",2025-10-27,"WHO","who_catchup_uniform","who_catchup_uniform",0,0,43,0,"WHO report of   86 cases /  0 deaths spread over 2 weeks from 2025-10-27 (uniform)"
"ZMB",2025-11-03,"WHO","who_catchup_uniform","who_catchup_uniform",86,0,43,0,"WHO report of   86 cases /  0 deaths spread over 2 weeks from 2025-10-27 (uniform)"
"ZMB",2025-11-03,"AI","observed","who_copy_dropped",86,NA,NA,NA,"repeats the WHO dashboard value of a multi-week report window"
"ZWE",2008-12-29,"AI","fourier_country_k3","imputed_scaled_annual_residual",4834.4374,212.9763,2482.90589406088,109.381933576237,"WHO annual total 68153; observed weeks 53276; imputed 109528.4 -> 56252.4"
"ZWE",2009-01-05,"AI","fourier_country_k3","imputed_scaled_annual_residual",6171.9643,271.8998,3169.84279047719,139.644297806809,"WHO annual total 68153; observed weeks 53276; imputed 109528.4 -> 56252.4"
"ZWE",2009-05-18,"AI","fourier_country_k3","imputed_scaled_annual_residual",1507.502,65.5196,774.23395762836,33.6500377513443,"WHO annual total 68153; observed weeks 53276; imputed 109528.4 -> 56252.4"
"ZWE",2009-05-25,"AI","fourier_country_k3","imputed_scaled_annual_residual",1219.1808,52.9885,626.155836508681,27.2142233070274,"WHO annual total 68153; observed weeks 53276; imputed 109528.4 -> 56252.4"
"ZWE",2009-06-08,"AI","fourier_country_k3","imputed_scaled_annual_residual",291.1774,12.6553,149.545029309371,6.49960199321406,"WHO annual total 68153; observed weeks 53276; imputed 109528.4 -> 56252.4"
"ZWE",2009-06-15,"AI","fourier_country_k3","imputed_scaled_annual_residual",0,0,0,0,"WHO annual total 68153; observed weeks 53276; imputed 109528.4 -> 56252.4"
"ZWE",2009-06-22,"AI","fourier_country_k3","imputed_scaled_annual_residual",0,0,0,0,"WHO annual total 68153; observed weeks 53276; imputed 109528.4 -> 56252.4"
"ZWE",2009-06-29,"AI","fourier_country_k3","imputed_scaled_annual_residual",0,0,0,0,"WHO annual total 68153; observed weeks 53276; imputed 109528.4 -> 56252.4"
"ZWE",2009-07-06,"AI","fourier_country_k3","imputed_scaled_annual_residual",0,0,0,0,"WHO annual total 68153; observed weeks 53276; imputed 109528.4 -> 56252.4"
"ZWE",2009-07-13,"AI","fourier_country_k3","imputed_scaled_annual_residual",0,0,0,0,"WHO annual total 68153; observed weeks 53276; imputed 109528.4 -> 56252.4"
"ZWE",2009-07-20,"AI","fourier_country_k3","imputed_scaled_annual_residual",678.0103,29.4679,348.217513397522,15.1343406774895,"WHO annual total 68153; observed weeks 53276; imputed 109528.4 -> 56252.4"
"ZWE",2009-07-27,"AI","fourier_country_k3","imputed_scaled_annual_residual",1818.3426,79.0295,933.877757722538,40.5885514940547,"WHO annual total 68153; observed weeks 53276; imputed 109528.4 -> 56252.4"
"ZWE",2009-08-03,"AI","fourier_country_k3","imputed_scaled_annual_residual",3199.1198,139.0413,1643.02746111199,71.4098528378683,"WHO annual total 68153; observed weeks 53276; imputed 109528.4 -> 56252.4"
"ZWE",2009-08-10,"AI","fourier_country_k3","imputed_scaled_annual_residual",4705.6947,204.5207,2416.78527190796,105.039244377734,"WHO annual total 68153; observed weeks 53276; imputed 109528.4 -> 56252.4"
"ZWE",2009-08-17,"AI","fourier_country_k3","imputed_scaled_annual_residual",6198.8967,269.4188,3183.6749304282,138.370087590918,"WHO annual total 68153; observed weeks 53276; imputed 109528.4 -> 56252.4"
"ZWE",2009-08-24,"AI","fourier_country_k3","imputed_scaled_annual_residual",7530.8164,327.3072,3867.73203985438,168.100837555278,"WHO annual total 68153; observed weeks 53276; imputed 109528.4 -> 56252.4"
"ZWE",2009-08-31,"AI","fourier_country_k3","imputed_scaled_annual_residual",8562.3366,372.1395,4397.50776606874,191.126139716457,"WHO annual total 68153; observed weeks 53276; imputed 109528.4 -> 56252.4"
"ZWE",2009-09-07,"AI","fourier_country_k3","imputed_scaled_annual_residual",9180.2156,398.994,4714.8426044341,204.918271212887,"WHO annual total 68153; observed weeks 53276; imputed 109528.4 -> 56252.4"
"ZWE",2009-09-14,"AI","fourier_country_k3","imputed_scaled_annual_residual",9311.5452,404.7019,4782.29182570329,207.849776449197,"WHO annual total 68153; observed weeks 53276; imputed 109528.4 -> 56252.4"
"ZWE",2009-09-21,"AI","fourier_country_k3","imputed_scaled_annual_residual",8933.7062,388.2801,4588.23849488426,199.415747701386,"WHO annual total 68153; observed weeks 53276; imputed 109528.4 -> 56252.4"
"ZWE",2009-09-28,"AI","fourier_country_k3","imputed_scaled_annual_residual",8078.4868,351.1102,4149.00862938322,180.325757252518,"WHO annual total 68153; observed weeks 53276; imputed 109528.4 -> 56252.4"
"ZWE",2009-10-05,"AI","fourier_country_k3","imputed_scaled_annual_residual",6829.7468,296.837,3507.67156167198,152.451728276665,"WHO annual total 68153; observed weeks 53276; imputed 109528.4 -> 56252.4"
"ZWE",2009-10-12,"AI","fourier_country_k3","imputed_scaled_annual_residual",5314.8155,230.9945,2729.62200954264,118.635853169936,"WHO annual total 68153; observed weeks 53276; imputed 109528.4 -> 56252.4"
"ZWE",2009-10-19,"AI","fourier_country_k3","imputed_scaled_annual_residual",3690.5981,160.4022,1895.44449889865,82.3805408671403,"WHO annual total 68153; observed weeks 53276; imputed 109528.4 -> 56252.4"
"ZWE",2009-10-26,"AI","fourier_country_k3","imputed_scaled_annual_residual",2126.032,92.4024,1091.90314135871,47.4567037697852,"WHO annual total 68153; observed weeks 53276; imputed 109528.4 -> 56252.4"
"ZWE",2009-11-02,"AI","fourier_country_k3","imputed_scaled_annual_residual",783.0005,34.0311,402.139152014382,17.4779424740043,"WHO annual total 68153; observed weeks 53276; imputed 109528.4 -> 56252.4"
"ZWE",2009-11-09,"AI","fourier_country_k3","imputed_scaled_annual_residual",0,0,0,0,"WHO annual total 68153; observed weeks 53276; imputed 109528.4 -> 56252.4"
"ZWE",2009-11-16,"AI","fourier_country_k3","imputed_scaled_annual_residual",0,0,0,0,"WHO annual total 68153; observed weeks 53276; imputed 109528.4 -> 56252.4"
"ZWE",2009-11-23,"AI","fourier_country_k3","imputed_scaled_annual_residual",0,0,0,0,"WHO annual total 68153; observed weeks 53276; imputed 109528.4 -> 56252.4"
"ZWE",2009-11-30,"AI","fourier_country_k3","imputed_scaled_annual_residual",0,0,0,0,"WHO annual total 68153; observed weeks 53276; imputed 109528.4 -> 56252.4"
"ZWE",2009-12-07,"AI","fourier_country_k3","imputed_scaled_annual_residual",566.2028,24.6085,290.794595738021,12.6386143078401,"WHO annual total 68153; observed weeks 53276; imputed 109528.4 -> 56252.4"
"ZWE",2009-12-14,"AI","fourier_country_k3","imputed_scaled_annual_residual",1756.9106,76.3595,902.327059623945,39.2172732689726,"WHO annual total 68153; observed weeks 53276; imputed 109528.4 -> 56252.4"
"ZWE",2009-12-21,"AI","fourier_country_k3","imputed_scaled_annual_residual",3119.8312,135.5953,1602.30583913549,69.640030829017,"WHO annual total 68153; observed weeks 53276; imputed 109528.4 -> 56252.4"
"ZWE",2009-12-28,"AI","fourier_country_k3","imputed_scaled_annual_residual",3119.8312,135.5953,1602.30583913549,69.640030829017,"WHO annual total 68153; observed weeks 53276; imputed 109528.4 -> 56252.4"
"ZWE",2022-05-09,"AI","fourier_country_k3","imputed_scaled_annual_residual",0.0553,NA,0.0159771177626257,NA,"WHO annual total 4; observed weeks 3; imputed 3.5 -> 1"
"ZWE",2022-05-16,"AI","fourier_country_k3","imputed_scaled_annual_residual",0.0567,NA,0.0163816017566162,NA,"WHO annual total 4; observed weeks 3; imputed 3.5 -> 1"
"ZWE",2022-05-23,"AI","fourier_country_k3","imputed_scaled_annual_residual",0.0525,NA,0.0151681497746446,NA,"WHO annual total 4; observed weeks 3; imputed 3.5 -> 1"
"ZWE",2022-05-30,"AI","fourier_country_k3","imputed_scaled_annual_residual",0.0424,NA,0.0122500866751416,NA,"WHO annual total 4; observed weeks 3; imputed 3.5 -> 1"
"ZWE",2022-06-06,"AI","fourier_country_k3","imputed_scaled_annual_residual",0.0276,NA,0.00797411302438461,NA,"WHO annual total 4; observed weeks 3; imputed 3.5 -> 1"
"ZWE",2022-06-13,"AI","fourier_country_k3","imputed_scaled_annual_residual",0.0101,NA,0.00291806309950306,NA,"WHO annual total 4; observed weeks 3; imputed 3.5 -> 1"
"ZWE",2022-06-20,"AI","fourier_country_k3","imputed_scaled_annual_residual",0,NA,0,NA,"WHO annual total 4; observed weeks 3; imputed 3.5 -> 1"
"ZWE",2022-06-27,"AI","fourier_country_k3","imputed_scaled_annual_residual",0,NA,0,NA,"WHO annual total 4; observed weeks 3; imputed 3.5 -> 1"
"ZWE",2022-07-04,"AI","fourier_country_k3","imputed_scaled_annual_residual",0,NA,0,NA,"WHO annual total 4; observed weeks 3; imputed 3.5 -> 1"
"ZWE",2022-07-11,"AI","fourier_country_k3","imputed_scaled_annual_residual",0,NA,0,NA,"WHO annual total 4; observed weeks 3; imputed 3.5 -> 1"
"ZWE",2022-07-18,"AI","fourier_country_k3","imputed_scaled_annual_residual",0,NA,0,NA,"WHO annual total 4; observed weeks 3; imputed 3.5 -> 1"
"ZWE",2022-07-25,"AI","fourier_country_k3","imputed_scaled_annual_residual",0.0236,NA,0.00681844447012597,NA,"WHO annual total 4; observed weeks 3; imputed 3.5 -> 1"
"ZWE",2022-08-01,"AI","fourier_country_k3","imputed_scaled_annual_residual",0.0633,NA,0.018288454871143,NA,"WHO annual total 4; observed weeks 3; imputed 3.5 -> 1"
"ZWE",2022-08-08,"AI","fourier_country_k3","imputed_scaled_annual_residual",0.1114,NA,0.0321853692361031,NA,"WHO annual total 4; observed weeks 3; imputed 3.5 -> 1"
"ZWE",2022-08-15,"AI","fourier_country_k3","imputed_scaled_annual_residual",0.1638,NA,0.0473246272968913,NA,"WHO annual total 4; observed weeks 3; imputed 3.5 -> 1"
"ZWE",2022-08-22,"AI","fourier_country_k3","imputed_scaled_annual_residual",0.2158,NA,0.0623483185022536,NA,"WHO annual total 4; observed weeks 3; imputed 3.5 -> 1"
"ZWE",2022-08-29,"AI","fourier_country_k3","imputed_scaled_annual_residual",0.2622,NA,0.0757540737316538,NA,"WHO annual total 4; observed weeks 3; imputed 3.5 -> 1"
"ZWE",2022-09-05,"AI","fourier_country_k3","imputed_scaled_annual_residual",0.2981,NA,0.0861261990061251,NA,"WHO annual total 4; observed weeks 3; imputed 3.5 -> 1"
"ZWE",2022-09-12,"AI","fourier_country_k3","imputed_scaled_annual_residual",0.3196,NA,0.0923379174852653,NA,"WHO annual total 4; observed weeks 3; imputed 3.5 -> 1"
"ZWE",2022-09-19,"AI","fourier_country_k3","imputed_scaled_annual_residual",0.3242,NA,0.0936669363226627,NA,"WHO annual total 4; observed weeks 3; imputed 3.5 -> 1"
"ZWE",2022-09-26,"AI","fourier_country_k3","imputed_scaled_annual_residual",0.3111,NA,0.0898821218074656,NA,"WHO annual total 4; observed weeks 3; imputed 3.5 -> 1"
"ZWE",2022-10-03,"AI","fourier_country_k3","imputed_scaled_annual_residual",0.2813,NA,0.0812723910782388,NA,"WHO annual total 4; observed weeks 3; imputed 3.5 -> 1"
"ZWE",2022-10-10,"AI","fourier_country_k3","imputed_scaled_annual_residual",0.2378,NA,0.0687044955506761,NA,"WHO annual total 4; observed weeks 3; imputed 3.5 -> 1"
"ZWE",2022-10-17,"AI","fourier_country_k3","imputed_scaled_annual_residual",0.1851,NA,0.0534785623483185,NA,"WHO annual total 4; observed weeks 3; imputed 3.5 -> 1"
"ZWE",2022-10-24,"AI","fourier_country_k3","imputed_scaled_annual_residual",0.1285,NA,0.0371258523055588,NA,"WHO annual total 4; observed weeks 3; imputed 3.5 -> 1"
"ZWE",2022-10-31,"AI","fourier_country_k3","imputed_scaled_annual_residual",0.074,NA,0.0213798682537848,NA,"WHO annual total 4; observed weeks 3; imputed 3.5 -> 1"
"ZWE",2022-11-07,"AI","fourier_country_k3","imputed_scaled_annual_residual",0.0273,NA,0.00788743788281521,NA,"WHO annual total 4; observed weeks 3; imputed 3.5 -> 1"
"ZWE",2022-11-14,"AI","fourier_country_k3","imputed_scaled_annual_residual",0,NA,0,NA,"WHO annual total 4; observed weeks 3; imputed 3.5 -> 1"
"ZWE",2022-11-28,"AI","fourier_country_k3","imputed_scaled_annual_residual",0,NA,0,NA,"WHO annual total 4; observed weeks 3; imputed 3.5 -> 1"
"ZWE",2022-12-05,"AI","fourier_country_k3","imputed_scaled_annual_residual",0,NA,0,NA,"WHO annual total 4; observed weeks 3; imputed 3.5 -> 1"
"ZWE",2022-12-12,"AI","fourier_country_k3","imputed_scaled_annual_residual",0.0197,NA,0.0056916676297238,NA,"WHO annual total 4; observed weeks 3; imputed 3.5 -> 1"
"ZWE",2022-12-19,"AI","fourier_country_k3","imputed_scaled_annual_residual",0.0612,NA,0.0176817288801572,NA,"WHO annual total 4; observed weeks 3; imputed 3.5 -> 1"
"ZWE",2022-12-26,"AI","fourier_country_k3","imputed_scaled_annual_residual",0.1086,NA,0.031376401248122,NA,"WHO annual total 4; observed weeks 3; imputed 3.5 -> 1"
"ZWE",2023-01-02,"AI","fourier_country_k3","imputed_dropped_annual_accounted",379.0463,8.3554,NA,NA,"WHO annual total 14517; observed weeks 14517; imputed 3304.4 -> 0"
"ZWE",2023-01-09,"AI","fourier_country_k3","imputed_dropped_annual_accounted",483.9157,10.667,NA,NA,"WHO annual total 14517; observed weeks 14517; imputed 3304.4 -> 0"
"ZWE",2023-01-16,"AI","fourier_country_k3","imputed_dropped_annual_accounted",566.4572,12.4865,NA,NA,"WHO annual total 14517; observed weeks 14517; imputed 3304.4 -> 0"
"ZWE",2023-01-23,"AI","fourier_country_k3","imputed_dropped_annual_accounted",618.7012,13.6381,NA,NA,"WHO annual total 14517; observed weeks 14517; imputed 3304.4 -> 0"
"ZWE",2023-01-30,"AI","fourier_country_k3","imputed_dropped_annual_accounted",636.4842,14.0301,NA,NA,"WHO annual total 14517; observed weeks 14517; imputed 3304.4 -> 0"
"ZWE",2023-02-06,"AI","fourier_country_k3","imputed_dropped_annual_accounted",619.7623,13.6615,NA,NA,"WHO annual total 14517; observed weeks 14517; imputed 3304.4 -> 0"
"ZWE",2025-01-27,"WHO","who_catchup_uniform","who_catchup_uniform",0,0,23,0,"WHO report of   46 cases /  0 deaths spread over 2 weeks from 2025-01-27 (uniform)"
"ZWE",2025-02-03,"WHO","who_catchup_uniform","who_catchup_uniform",46,0,23,0,"WHO report of   46 cases /  0 deaths spread over 2 weeks from 2025-01-27 (uniform)"
"ZWE",2025-02-03,"AI","observed","who_copy_dropped",46,NA,NA,NA,"repeats the WHO dashboard value of a multi-week report window"
