"iso_code","year","urban_pop_prop"
"ABW",1960,50.776
"ABW",1961,50.761
"ABW",1962,50.746
"ABW",1963,50.73
"ABW",1964,50.715
"ABW",1965,50.7
"ABW",1966,50.685
"ABW",1967,50.67
"ABW",1968,50.654
"ABW",1969,50.639
"ABW",1970,50.624
"ABW",1971,50.609
"ABW",1972,50.593
"ABW",1973,50.578
"ABW",1974,50.563
"ABW",1975,50.548
"ABW",1976,50.532
"ABW",1977,50.517
"ABW",1978,50.502
"ABW",1979,50.487
"ABW",1980,50.472
"ABW",1981,50.456
"ABW",1982,50.441
"ABW",1983,50.426
"ABW",1984,50.411
"ABW",1985,50.395
"ABW",1986,50.38
"ABW",1987,50.365
"ABW",1988,50.35
"ABW",1989,50.335
"ABW",1990,50.319
"ABW",1991,50.304
"ABW",1992,49.998
"ABW",1993,49.588
"ABW",1994,49.177
"ABW",1995,48.767
"ABW",1996,48.356
"ABW",1997,47.946
"ABW",1998,47.536
"ABW",1999,47.127
"ABW",2000,46.717
"ABW",2001,46.339
"ABW",2002,45.972
"ABW",2003,45.606
"ABW",2004,45.24
"ABW",2005,44.875
"ABW",2006,44.511
"ABW",2007,44.147
"ABW",2008,43.783
"ABW",2009,43.421
"ABW",2010,43.059
"ABW",2011,42.94
"ABW",2012,42.957
"ABW",2013,42.99
"ABW",2014,43.041
"ABW",2015,43.108
"ABW",2016,43.192
"ABW",2017,43.293
"ABW",2018,43.411
"ABW",2019,43.546
"ABW",2020,43.697
"ABW",2021,43.866
"ABW",2022,44.052
"ABW",2023,44.254
"ABW",2024,NA
"AFE",1960,14.5766764581838
"AFE",1961,14.8251752460665
"AFE",1962,15.0838015294909
"AFE",1963,15.3630446382495
"AFE",1964,15.6553833139663
"AFE",1965,15.9559120897687
"AFE",1966,16.2693838497471
"AFE",1967,16.5886566099201
"AFE",1968,16.9146492015162
"AFE",1969,17.2513169529071
"AFE",1970,17.570660582748
"AFE",1971,17.8951995132772
"AFE",1972,18.2413899400975
"AFE",1973,18.5837393625732
"AFE",1974,18.8988335351986
"AFE",1975,19.2191926051592
"AFE",1976,19.540021613309
"AFE",1977,19.8745750785636
"AFE",1978,20.2273041497785
"AFE",1979,20.5659562028733
"AFE",1980,20.9004895991676
"AFE",1981,21.2196276716722
"AFE",1982,21.5313179734841
"AFE",1983,21.9034538790279
"AFE",1984,22.3333446629263
"AFE",1985,22.8005778147925
"AFE",1986,23.303935569084
"AFE",1987,23.8053386242273
"AFE",1988,24.3067250815348
"AFE",1989,24.8006061562845
"AFE",1990,25.3087143914043
"AFE",1991,25.7425655052445
"AFE",1992,26.166294121751
"AFE",1993,26.6072939873979
"AFE",1994,27.0375748984947
"AFE",1995,27.408217689319
"AFE",1996,27.685697177495
"AFE",1997,27.9580826816113
"AFE",1998,28.2459208135898
"AFE",1999,28.5328930699047
"AFE",2000,28.8133608282101
"AFE",2001,29.110011172433
"AFE",2002,29.4238903158694
"AFE",2003,29.7348697219553
"AFE",2004,30.0480397812627
"AFE",2005,30.3809953392877
"AFE",2006,30.704020023887
"AFE",2007,30.9582450271517
"AFE",2008,31.3627828804762
"AFE",2009,31.7742373050596
"AFE",2010,32.1955953471221
"AFE",2011,32.6280688229592
"AFE",2012,33.052742223393
"AFE",2013,33.4965565572998
"AFE",2014,33.9596331101231
"AFE",2015,34.4472807617476
"AFE",2016,34.9195443761507
"AFE",2017,35.3962894579202
"AFE",2018,35.8933979262181
"AFE",2019,36.384272287815
"AFE",2020,36.8840344817359
"AFE",2021,37.3936325291716
"AFE",2022,37.9090120211831
"AFE",2023,38.4248980530256
"AFE",2024,NA
"AFG",1960,8.401
"AFG",1961,8.684
"AFG",1962,8.976
"AFG",1963,9.276
"AFG",1964,9.586
"AFG",1965,9.904
"AFG",1966,10.233
"AFG",1967,10.57
"AFG",1968,10.918
"AFG",1969,11.275
"AFG",1970,11.643
"AFG",1971,12.021
"AFG",1972,12.41
"AFG",1973,12.809
"AFG",1974,13.219
"AFG",1975,13.641
"AFG",1976,14.074
"AFG",1977,14.517
"AFG",1978,14.973
"AFG",1979,15.442
"AFG",1980,15.995
"AFG",1981,16.562
"AFG",1982,17.147
"AFG",1983,17.747
"AFG",1984,18.365
"AFG",1985,18.997
"AFG",1986,19.647
"AFG",1987,20.314
"AFG",1988,20.998
"AFG",1989,21.088
"AFG",1990,21.177
"AFG",1991,21.266
"AFG",1992,21.355
"AFG",1993,21.444
"AFG",1994,21.534
"AFG",1995,21.624
"AFG",1996,21.714
"AFG",1997,21.805
"AFG",1998,21.895
"AFG",1999,21.986
"AFG",2000,22.078
"AFG",2001,22.169
"AFG",2002,22.261
"AFG",2003,22.353
"AFG",2004,22.5
"AFG",2005,22.703
"AFG",2006,22.907
"AFG",2007,23.113
"AFG",2008,23.32
"AFG",2009,23.528
"AFG",2010,23.737
"AFG",2011,23.948
"AFG",2012,24.16
"AFG",2013,24.373
"AFG",2014,24.587
"AFG",2015,24.803
"AFG",2016,25.02
"AFG",2017,25.25
"AFG",2018,25.495
"AFG",2019,25.754
"AFG",2020,26.026
"AFG",2021,26.314
"AFG",2022,26.616
"AFG",2023,26.933
"AFG",2024,NA
"AFW",1960,14.7100056707647
"AFW",1961,15.0944452002782
"AFW",1962,15.4879321593093
"AFW",1963,15.9006819021767
"AFW",1964,16.3313191437528
"AFW",1965,16.7797929666168
"AFW",1966,17.2086820093401
"AFW",1967,17.6528039414976
"AFW",1968,18.1108169631274
"AFW",1969,18.581334166958
"AFW",1970,19.0512294673345
"AFW",1971,19.5904317059113
"AFW",1972,20.1453722519045
"AFW",1973,20.7104274724214
"AFW",1974,21.2873960816603
"AFW",1975,21.8739650750028
"AFW",1976,22.4761711992626
"AFW",1977,23.0399110280138
"AFW",1978,23.6047322338928
"AFW",1979,24.0839185388597
"AFW",1980,24.568478874351
"AFW",1981,25.1762519651618
"AFW",1982,25.7820092982229
"AFW",1983,26.3932226254945
"AFW",1984,27.0345530315855
"AFW",1985,27.7167226341278
"AFW",1986,28.3913219271145
"AFW",1987,29.0577738093022
"AFW",1988,29.7131261047112
"AFW",1989,30.353573954689
"AFW",1990,30.9600979459977
"AFW",1991,31.401176906494
"AFW",1992,31.829515746326
"AFW",1993,32.2525611054472
"AFW",1994,32.6617186027523
"AFW",1995,33.0650904616738
"AFW",1996,33.4742231035266
"AFW",1997,33.9298608881715
"AFW",1998,34.3971425862883
"AFW",1999,34.8681686492181
"AFW",2000,35.3416982581812
"AFW",2001,35.9510346012348
"AFW",2002,36.5627714477109
"AFW",2003,37.1831143920223
"AFW",2004,37.8109522443181
"AFW",2005,38.4483793654511
"AFW",2006,39.0946115629788
"AFW",2007,39.7385907099206
"AFW",2008,40.3795094007576
"AFW",2009,41.0233922174474
"AFW",2010,41.6724226228926
"AFW",2011,42.3164260992184
"AFW",2012,42.9568375522776
"AFW",2013,43.5879525927349
"AFW",2014,44.2182784910463
"AFW",2015,44.8490994916973
"AFW",2016,45.4738502261529
"AFW",2017,46.0941365580819
"AFW",2018,46.7097526162217
"AFW",2019,47.3226173576126
"AFW",2020,47.9310209575797
"AFW",2021,48.5319710590465
"AFW",2022,49.1298079868363
"AFW",2023,49.7111841247346
"AFW",2024,NA
"AGO",1960,10.435
"AGO",1961,10.798
"AGO",1962,11.204
"AGO",1963,11.624
"AGO",1964,12.058
"AGO",1965,12.504
"AGO",1966,12.965
"AGO",1967,13.441
"AGO",1968,13.932
"AGO",1969,14.436
"AGO",1970,14.957
"AGO",1971,15.632
"AGO",1972,16.455
"AGO",1973,17.31
"AGO",1974,18.202
"AGO",1975,19.128
"AGO",1976,20.092
"AGO",1977,21.088
"AGO",1978,22.122
"AGO",1979,23.192
"AGO",1980,24.298
"AGO",1981,25.437
"AGO",1982,26.612
"AGO",1983,27.821
"AGO",1984,29.065
"AGO",1985,30.338
"AGO",1986,31.643
"AGO",1987,32.978
"AGO",1988,34.343
"AGO",1989,35.731
"AGO",1990,37.144
"AGO",1991,38.58
"AGO",1992,40.039
"AGO",1993,41.511
"AGO",1994,43
"AGO",1995,44.169
"AGO",1996,45.346
"AGO",1997,46.525
"AGO",1998,47.71
"AGO",1999,48.897
"AGO",2000,50.087
"AGO",2001,51.274
"AGO",2002,52.461
"AGO",2003,53.645
"AGO",2004,54.827
"AGO",2005,56
"AGO",2006,56.764
"AGO",2007,57.524
"AGO",2008,58.282
"AGO",2009,59.034
"AGO",2010,59.783
"AGO",2011,60.528
"AGO",2012,61.268
"AGO",2013,62.002
"AGO",2014,62.731
"AGO",2015,63.446
"AGO",2016,64.149
"AGO",2017,64.839
"AGO",2018,65.514
"AGO",2019,66.177
"AGO",2020,66.825
"AGO",2021,67.46
"AGO",2022,68.081
"AGO",2023,68.688
"AGO",2024,NA
"ALB",1960,30.705
"ALB",1961,30.943
"ALB",1962,31.015
"ALB",1963,31.086
"ALB",1964,31.158
"ALB",1965,31.23
"ALB",1966,31.302
"ALB",1967,31.374
"ALB",1968,31.446
"ALB",1969,31.548
"ALB",1970,31.74
"ALB",1971,31.933
"ALB",1972,32.127
"ALB",1973,32.321
"ALB",1974,32.516
"ALB",1975,32.712
"ALB",1976,32.908
"ALB",1977,33.105
"ALB",1978,33.302
"ALB",1979,33.5
"ALB",1980,33.762
"ALB",1981,34.024
"ALB",1982,34.287
"ALB",1983,34.552
"ALB",1984,34.817
"ALB",1985,35.083
"ALB",1986,35.35
"ALB",1987,35.619
"ALB",1988,35.888
"ALB",1989,36.158
"ALB",1990,36.428
"ALB",1991,36.7
"ALB",1992,37.249
"ALB",1993,37.799
"ALB",1994,38.354
"ALB",1995,38.911
"ALB",1996,39.473
"ALB",1997,40.035
"ALB",1998,40.601
"ALB",1999,41.169
"ALB",2000,41.741
"ALB",2001,42.435
"ALB",2002,43.501
"ALB",2003,44.573
"ALB",2004,45.651
"ALB",2005,46.731
"ALB",2006,47.815
"ALB",2007,48.902
"ALB",2008,49.991
"ALB",2009,51.076
"ALB",2010,52.163
"ALB",2011,53.247
"ALB",2012,54.33
"ALB",2013,55.387
"ALB",2014,56.423
"ALB",2015,57.434
"ALB",2016,58.421
"ALB",2017,59.383
"ALB",2018,60.319
"ALB",2019,61.229
"ALB",2020,62.112
"ALB",2021,62.969
"ALB",2022,63.799
"ALB",2023,64.603
"ALB",2024,NA
"AND",1960,58.45
"AND",1961,60.983
"AND",1962,63.462
"AND",1963,65.872
"AND",1964,68.205
"AND",1965,70.445
"AND",1966,72.593
"AND",1967,74.641
"AND",1968,76.588
"AND",1969,78.424
"AND",1970,80.155
"AND",1971,81.78
"AND",1972,83.301
"AND",1973,84.716
"AND",1974,86.032
"AND",1975,87.252
"AND",1976,88.382
"AND",1977,89.42
"AND",1978,90.378
"AND",1979,91.257
"AND",1980,92.064
"AND",1981,92.8
"AND",1982,93.474
"AND",1983,94.089
"AND",1984,94.649
"AND",1985,95.159
"AND",1986,95.325
"AND",1987,95.178
"AND",1988,95.027
"AND",1989,94.872
"AND",1990,94.712
"AND",1991,94.53
"AND",1992,94.324
"AND",1993,94.111
"AND",1994,93.89
"AND",1995,93.661
"AND",1996,93.425
"AND",1997,93.18
"AND",1998,92.927
"AND",1999,92.666
"AND",2000,92.395
"AND",2001,92.056
"AND",2002,91.641
"AND",2003,91.207
"AND",2004,90.751
"AND",2005,90.285
"AND",2006,89.807
"AND",2007,89.308
"AND",2008,89.004
"AND",2009,88.912
"AND",2010,88.819
"AND",2011,88.726
"AND",2012,88.631
"AND",2013,88.537
"AND",2014,88.441
"AND",2015,88.345
"AND",2016,88.248
"AND",2017,88.15
"AND",2018,88.062
"AND",2019,87.984
"AND",2020,87.916
"AND",2021,87.858
"AND",2022,87.811
"AND",2023,87.774
"AND",2024,NA
"ARB",1960,31.0105359618617
"ARB",1961,31.7271627316738
"ARB",1962,32.4514422327758
"ARB",1963,33.1943094437437
"ARB",1964,33.9559924474805
"ARB",1965,34.7551858431634
"ARB",1966,35.5106015377775
"ARB",1967,36.1563781524639
"ARB",1968,36.8166015275797
"ARB",1969,37.4874522853404
"ARB",1970,38.1638269976052
"ARB",1971,38.8161050815803
"ARB",1972,39.4845095019617
"ARB",1973,40.1313984518827
"ARB",1974,40.71843728404
"ARB",1975,41.3013639585173
"ARB",1976,41.8719644244713
"ARB",1977,42.4218609524877
"ARB",1978,42.9389045772965
"ARB",1979,43.4091946999386
"ARB",1980,43.901802392722
"ARB",1981,44.4365438497499
"ARB",1982,44.9455470896803
"ARB",1983,45.4645043044695
"ARB",1984,46.0697109918685
"ARB",1985,46.6630039113436
"ARB",1986,47.2606511771604
"ARB",1987,47.8202887856006
"ARB",1988,48.3166909160034
"ARB",1989,48.7878360578099
"ARB",1990,49.265325548943
"ARB",1991,49.6479428773218
"ARB",1992,50.1866641370332
"ARB",1993,50.6087943973716
"ARB",1994,50.8912843416396
"ARB",1995,51.0994592831398
"ARB",1996,51.3083822593783
"ARB",1997,51.5511052201292
"ARB",1998,51.8038910629442
"ARB",1999,52.0579641108858
"ARB",2000,52.3262723083108
"ARB",2001,52.6161793476524
"ARB",2002,52.9051617965408
"ARB",2003,53.2051293342866
"ARB",2004,53.5065936014142
"ARB",2005,53.8531371963039
"ARB",2006,54.2288759885801
"ARB",2007,54.4937880728369
"ARB",2008,54.9030113257958
"ARB",2009,55.2960382525499
"ARB",2010,55.5654925471108
"ARB",2011,55.8725648894499
"ARB",2012,56.1657052407112
"ARB",2013,56.5495371540208
"ARB",2014,56.9048148917087
"ARB",2015,57.3250720145106
"ARB",2016,57.6531027450977
"ARB",2017,57.8627472124114
"ARB",2018,58.0104842292073
"ARB",2019,58.2045421060528
"ARB",2020,58.4966741305089
"ARB",2021,58.6629266021441
"ARB",2022,59.0542670171409
"ARB",2023,59.4438543814949
"ARB",2024,NA
"ARE",1960,73.5
"ARE",1961,74.383
"ARE",1962,75.248
"ARE",1963,76.093
"ARE",1964,76.919
"ARE",1965,77.723
"ARE",1966,78.508
"ARE",1967,79.272
"ARE",1968,79.8
"ARE",1969,79.8
"ARE",1970,79.8
"ARE",1971,79.8
"ARE",1972,79.8
"ARE",1973,79.8
"ARE",1974,79.8
"ARE",1975,79.8
"ARE",1976,79.903
"ARE",1977,80.106
"ARE",1978,80.309
"ARE",1979,80.51
"ARE",1980,80.71
"ARE",1981,80.683
"ARE",1982,80.466
"ARE",1983,80.247
"ARE",1984,80.026
"ARE",1985,79.804
"ARE",1986,79.624
"ARE",1987,79.482
"ARE",1988,79.339
"ARE",1989,79.196
"ARE",1990,79.051
"ARE",1991,78.906
"ARE",1992,78.76
"ARE",1993,78.614
"ARE",1994,78.467
"ARE",1995,78.319
"ARE",1996,78.493
"ARE",1997,78.938
"ARE",1998,79.378
"ARE",1999,79.81
"ARE",2000,80.236
"ARE",2001,80.655
"ARE",2002,81.067
"ARE",2003,81.472
"ARE",2004,81.871
"ARE",2005,82.262
"ARE",2006,82.648
"ARE",2007,83.023
"ARE",2008,83.387
"ARE",2009,83.742
"ARE",2010,84.087
"ARE",2011,84.423
"ARE",2012,84.749
"ARE",2013,85.066
"ARE",2014,85.375
"ARE",2015,85.674
"ARE",2016,85.965
"ARE",2017,86.248
"ARE",2018,86.522
"ARE",2019,86.789
"ARE",2020,87.048
"ARE",2021,87.299
"ARE",2022,87.543
"ARE",2023,87.779
"ARE",2024,NA
"ARG",1960,73.611
"ARG",1961,74.217
"ARG",1962,74.767
"ARG",1963,75.309
"ARG",1964,75.844
"ARG",1965,76.369
"ARG",1966,76.888
"ARG",1967,77.398
"ARG",1968,77.901
"ARG",1969,78.394
"ARG",1970,78.88
"ARG",1971,79.321
"ARG",1972,79.743
"ARG",1973,80.158
"ARG",1974,80.567
"ARG",1975,80.969
"ARG",1976,81.366
"ARG",1977,81.755
"ARG",1978,82.139
"ARG",1979,82.516
"ARG",1980,82.887
"ARG",1981,83.313
"ARG",1982,83.759
"ARG",1983,84.194
"ARG",1984,84.621
"ARG",1985,85.038
"ARG",1986,85.445
"ARG",1987,85.843
"ARG",1988,86.233
"ARG",1989,86.613
"ARG",1990,86.984
"ARG",1991,87.328
"ARG",1992,87.542
"ARG",1993,87.752
"ARG",1994,87.96
"ARG",1995,88.164
"ARG",1996,88.366
"ARG",1997,88.564
"ARG",1998,88.759
"ARG",1999,88.952
"ARG",2000,89.142
"ARG",2001,89.329
"ARG",2002,89.51
"ARG",2003,89.686
"ARG",2004,89.86
"ARG",2005,90.031
"ARG",2006,90.2
"ARG",2007,90.366
"ARG",2008,90.53
"ARG",2009,90.691
"ARG",2010,90.849
"ARG",2011,90.99
"ARG",2012,91.121
"ARG",2013,91.249
"ARG",2014,91.377
"ARG",2015,91.503
"ARG",2016,91.627
"ARG",2017,91.749
"ARG",2018,91.87
"ARG",2019,91.991
"ARG",2020,92.111
"ARG",2021,92.229
"ARG",2022,92.347
"ARG",2023,92.463
"ARG",2024,NA
"ARM",1960,51.275
"ARM",1961,52.147
"ARM",1962,53.019
"ARM",1963,53.889
"ARM",1964,54.758
"ARM",1965,55.622
"ARM",1966,56.483
"ARM",1967,57.341
"ARM",1968,58.195
"ARM",1969,59.042
"ARM",1970,59.864
"ARM",1971,60.657
"ARM",1972,61.445
"ARM",1973,62.225
"ARM",1974,63
"ARM",1975,63.611
"ARM",1976,64.219
"ARM",1977,64.821
"ARM",1978,65.419
"ARM",1979,65.839
"ARM",1980,66.05
"ARM",1981,66.259
"ARM",1982,66.467
"ARM",1983,66.675
"ARM",1984,66.883
"ARM",1985,67.09
"ARM",1986,67.296
"ARM",1987,67.501
"ARM",1988,67.706
"ARM",1989,67.69
"ARM",1990,67.421
"ARM",1991,67.15
"ARM",1992,66.878
"ARM",1993,66.606
"ARM",1994,66.332
"ARM",1995,66.057
"ARM",1996,65.781
"ARM",1997,65.504
"ARM",1998,65.226
"ARM",1999,64.947
"ARM",2000,64.666
"ARM",2001,64.385
"ARM",2002,64.236
"ARM",2003,64.137
"ARM",2004,64.038
"ARM",2005,63.938
"ARM",2006,63.839
"ARM",2007,63.739
"ARM",2008,63.64
"ARM",2009,63.54
"ARM",2010,63.44
"ARM",2011,63.34
"ARM",2012,63.24
"ARM",2013,63.164
"ARM",2014,63.112
"ARM",2015,63.085
"ARM",2016,63.082
"ARM",2017,63.103
"ARM",2018,63.149
"ARM",2019,63.219
"ARM",2020,63.313
"ARM",2021,63.431
"ARM",2022,63.573
"ARM",2023,63.739
"ARM",2024,NA
"ASM",1960,66.211
"ASM",1961,66.641
"ASM",1962,67.068
"ASM",1963,67.493
"ASM",1964,67.916
"ASM",1965,68.334
"ASM",1966,68.75
"ASM",1967,69.163
"ASM",1968,69.574
"ASM",1969,69.98
"ASM",1970,70.384
"ASM",1971,70.784
"ASM",1972,71.182
"ASM",1973,71.576
"ASM",1974,71.967
"ASM",1975,72.354
"ASM",1976,72.739
"ASM",1977,73.12
"ASM",1978,73.497
"ASM",1979,73.871
"ASM",1980,74.33
"ASM",1981,75.043
"ASM",1982,75.743
"ASM",1983,76.429
"ASM",1984,77.103
"ASM",1985,77.762
"ASM",1986,78.408
"ASM",1987,79.04
"ASM",1988,79.659
"ASM",1989,80.263
"ASM",1990,80.948
"ASM",1991,81.886
"ASM",1992,82.789
"ASM",1993,83.654
"ASM",1994,84.485
"ASM",1995,85.28
"ASM",1996,86.043
"ASM",1997,86.771
"ASM",1998,87.467
"ASM",1999,88.131
"ASM",2000,88.587
"ASM",2001,88.491
"ASM",2002,88.394
"ASM",2003,88.297
"ASM",2004,88.198
"ASM",2005,88.1
"ASM",2006,88
"ASM",2007,87.9
"ASM",2008,87.799
"ASM",2009,87.697
"ASM",2010,87.594
"ASM",2011,87.502
"ASM",2012,87.42
"ASM",2013,87.348
"ASM",2014,87.288
"ASM",2015,87.238
"ASM",2016,87.198
"ASM",2017,87.17
"ASM",2018,87.153
"ASM",2019,87.147
"ASM",2020,87.153
"ASM",2021,87.169
"ASM",2022,87.196
"ASM",2023,87.235
"ASM",2024,NA
"ATG",1960,39.656
"ATG",1961,39.04
"ATG",1962,38.427
"ATG",1963,37.817
"ATG",1964,37.211
"ATG",1965,36.61
"ATG",1966,36.012
"ATG",1967,35.418
"ATG",1968,34.829
"ATG",1969,34.245
"ATG",1970,33.819
"ATG",1971,33.898
"ATG",1972,33.978
"ATG",1973,34.057
"ATG",1974,34.137
"ATG",1975,34.217
"ATG",1976,34.297
"ATG",1977,34.377
"ATG",1978,34.457
"ATG",1979,34.538
"ATG",1980,34.618
"ATG",1981,34.698
"ATG",1982,34.779
"ATG",1983,34.86
"ATG",1984,34.94
"ATG",1985,35.021
"ATG",1986,35.102
"ATG",1987,35.183
"ATG",1988,35.264
"ATG",1989,35.345
"ATG",1990,35.426
"ATG",1991,35.465
"ATG",1992,35.085
"ATG",1993,34.709
"ATG",1994,34.334
"ATG",1995,33.961
"ATG",1996,33.59
"ATG",1997,33.221
"ATG",1998,32.855
"ATG",1999,32.49
"ATG",2000,32.127
"ATG",2001,31.74
"ATG",2002,31.098
"ATG",2003,30.464
"ATG",2004,29.837
"ATG",2005,29.218
"ATG",2006,28.606
"ATG",2007,28.002
"ATG",2008,27.405
"ATG",2009,26.818
"ATG",2010,26.238
"ATG",2011,25.703
"ATG",2012,25.526
"ATG",2013,25.35
"ATG",2014,25.175
"ATG",2015,25
"ATG",2016,24.846
"ATG",2017,24.713
"ATG",2018,24.599
"ATG",2019,24.506
"ATG",2020,24.433
"ATG",2021,24.38
"ATG",2022,24.346
"ATG",2023,24.332
"ATG",2024,NA
"AUS",1960,81.529
"AUS",1961,81.941
"AUS",1962,82.228
"AUS",1963,82.511
"AUS",1964,82.792
"AUS",1965,83.068
"AUS",1966,83.34
"AUS",1967,83.507
"AUS",1968,83.672
"AUS",1969,83.836
"AUS",1970,83.999
"AUS",1971,84.16
"AUS",1972,84.32
"AUS",1973,84.478
"AUS",1974,84.636
"AUS",1975,84.792
"AUS",1976,84.947
"AUS",1977,85.1
"AUS",1978,85.252
"AUS",1979,85.403
"AUS",1980,85.552
"AUS",1981,85.7
"AUS",1982,85.67
"AUS",1983,85.641
"AUS",1984,85.611
"AUS",1985,85.582
"AUS",1986,85.552
"AUS",1987,85.522
"AUS",1988,85.493
"AUS",1989,85.463
"AUS",1990,85.433
"AUS",1991,85.403
"AUS",1992,85.285
"AUS",1993,85.157
"AUS",1994,85.028
"AUS",1995,84.898
"AUS",1996,84.767
"AUS",1997,84.636
"AUS",1998,84.503
"AUS",1999,84.37
"AUS",2000,84.235
"AUS",2001,84.1
"AUS",2002,84.222
"AUS",2003,84.343
"AUS",2004,84.463
"AUS",2005,84.582
"AUS",2006,84.7
"AUS",2007,84.822
"AUS",2008,84.943
"AUS",2009,85.063
"AUS",2010,85.182
"AUS",2011,85.3
"AUS",2012,85.402
"AUS",2013,85.502
"AUS",2014,85.602
"AUS",2015,85.701
"AUS",2016,85.8
"AUS",2017,85.904
"AUS",2018,86.012
"AUS",2019,86.124
"AUS",2020,86.241
"AUS",2021,86.362
"AUS",2022,86.488
"AUS",2023,86.617
"AUS",2024,NA
"AUT",1960,64.72
"AUT",1961,64.814
"AUT",1962,64.863
"AUT",1963,64.913
"AUT",1964,64.962
"AUT",1965,65.011
"AUT",1966,65.061
"AUT",1967,65.11
"AUT",1968,65.159
"AUT",1969,65.208
"AUT",1970,65.258
"AUT",1971,65.301
"AUT",1972,65.311
"AUT",1973,65.321
"AUT",1974,65.331
"AUT",1975,65.341
"AUT",1976,65.351
"AUT",1977,65.361
"AUT",1978,65.371
"AUT",1979,65.381
"AUT",1980,65.391
"AUT",1981,65.364
"AUT",1982,65.1
"AUT",1983,64.836
"AUT",1984,64.57
"AUT",1985,64.305
"AUT",1986,64.037
"AUT",1987,63.769
"AUT",1988,63.5
"AUT",1989,63.231
"AUT",1990,62.96
"AUT",1991,62.689
"AUT",1992,62.417
"AUT",1993,62.144
"AUT",1994,61.87
"AUT",1995,61.596
"AUT",1996,61.32
"AUT",1997,61.045
"AUT",1998,60.768
"AUT",1999,60.491
"AUT",2000,60.213
"AUT",2001,59.934
"AUT",2002,59.655
"AUT",2003,59.375
"AUT",2004,59.094
"AUT",2005,58.813
"AUT",2006,58.532
"AUT",2007,58.249
"AUT",2008,57.966
"AUT",2009,57.683
"AUT",2010,57.399
"AUT",2011,57.115
"AUT",2012,57.147
"AUT",2013,57.336
"AUT",2014,57.526
"AUT",2015,57.715
"AUT",2016,57.905
"AUT",2017,58.094
"AUT",2018,58.297
"AUT",2019,58.515
"AUT",2020,58.748
"AUT",2021,58.995
"AUT",2022,59.256
"AUT",2023,59.53
"AUT",2024,NA
"AZE",1960,52.663
"AZE",1961,52.364
"AZE",1962,52.064
"AZE",1963,51.764
"AZE",1964,51.464
"AZE",1965,51.164
"AZE",1966,50.864
"AZE",1967,50.564
"AZE",1968,50.263
"AZE",1969,49.963
"AZE",1970,50.008
"AZE",1971,50.462
"AZE",1972,50.917
"AZE",1973,51.371
"AZE",1974,51.698
"AZE",1975,51.897
"AZE",1976,52.096
"AZE",1977,52.294
"AZE",1978,52.492
"AZE",1979,52.655
"AZE",1980,52.777
"AZE",1981,52.897
"AZE",1982,53.018
"AZE",1983,53.139
"AZE",1984,53.299
"AZE",1985,53.498
"AZE",1986,53.697
"AZE",1987,53.895
"AZE",1988,54.094
"AZE",1989,54.057
"AZE",1990,53.749
"AZE",1991,53.441
"AZE",1992,53.132
"AZE",1993,52.824
"AZE",1994,52.515
"AZE",1995,52.206
"AZE",1996,51.896
"AZE",1997,51.588
"AZE",1998,51.278
"AZE",1999,51.185
"AZE",2000,51.386
"AZE",2001,51.587
"AZE",2002,51.787
"AZE",2003,51.988
"AZE",2004,52.189
"AZE",2005,52.389
"AZE",2006,52.589
"AZE",2007,52.79
"AZE",2008,52.99
"AZE",2009,53.19
"AZE",2010,53.406
"AZE",2011,53.637
"AZE",2012,53.883
"AZE",2013,54.145
"AZE",2014,54.422
"AZE",2015,54.714
"AZE",2016,55.021
"AZE",2017,55.343
"AZE",2018,55.68
"AZE",2019,56.031
"AZE",2020,56.397
"AZE",2021,56.776
"AZE",2022,57.17
"AZE",2023,57.577
"AZE",2024,NA
"BDI",1960,2.077
"BDI",1961,2.115
"BDI",1962,2.154
"BDI",1963,2.193
"BDI",1964,2.233
"BDI",1965,2.294
"BDI",1966,2.395
"BDI",1967,2.501
"BDI",1968,2.611
"BDI",1969,2.726
"BDI",1970,2.845
"BDI",1971,2.97
"BDI",1972,3.101
"BDI",1973,3.236
"BDI",1974,3.377
"BDI",1975,3.525
"BDI",1976,3.678
"BDI",1977,3.838
"BDI",1978,4.005
"BDI",1979,4.178
"BDI",1980,4.339
"BDI",1981,4.503
"BDI",1982,4.674
"BDI",1983,4.85
"BDI",1984,5.033
"BDI",1985,5.221
"BDI",1986,5.417
"BDI",1987,5.62
"BDI",1988,5.83
"BDI",1989,6.047
"BDI",1990,6.271
"BDI",1991,6.455
"BDI",1992,6.637
"BDI",1993,6.823
"BDI",1994,7.014
"BDI",1995,7.211
"BDI",1996,7.412
"BDI",1997,7.618
"BDI",1998,7.83
"BDI",1999,8.036
"BDI",2000,8.246
"BDI",2001,8.461
"BDI",2002,8.682
"BDI",2003,8.908
"BDI",2004,9.139
"BDI",2005,9.375
"BDI",2006,9.617
"BDI",2007,9.864
"BDI",2008,10.118
"BDI",2009,10.376
"BDI",2010,10.642
"BDI",2011,10.915
"BDI",2012,11.194
"BDI",2013,11.482
"BDI",2014,11.776
"BDI",2015,12.078
"BDI",2016,12.388
"BDI",2017,12.706
"BDI",2018,13.032
"BDI",2019,13.366
"BDI",2020,13.708
"BDI",2021,14.058
"BDI",2022,14.417
"BDI",2023,14.784
"BDI",2024,NA
"BEL",1960,92.46
"BEL",1961,92.554
"BEL",1962,92.679
"BEL",1963,92.835
"BEL",1964,92.988
"BEL",1965,93.137
"BEL",1966,93.284
"BEL",1967,93.428
"BEL",1968,93.569
"BEL",1969,93.707
"BEL",1970,93.843
"BEL",1971,93.976
"BEL",1972,94.106
"BEL",1973,94.233
"BEL",1974,94.358
"BEL",1975,94.48
"BEL",1976,94.6
"BEL",1977,94.806
"BEL",1978,95.005
"BEL",1979,95.196
"BEL",1980,95.381
"BEL",1981,95.535
"BEL",1982,95.637
"BEL",1983,95.737
"BEL",1984,95.835
"BEL",1985,95.93
"BEL",1986,96.023
"BEL",1987,96.115
"BEL",1988,96.204
"BEL",1989,96.292
"BEL",1990,96.377
"BEL",1991,96.461
"BEL",1992,96.542
"BEL",1993,96.622
"BEL",1994,96.7
"BEL",1995,96.777
"BEL",1996,96.851
"BEL",1997,96.924
"BEL",1998,96.996
"BEL",1999,97.065
"BEL",2000,97.129
"BEL",2001,97.186
"BEL",2002,97.241
"BEL",2003,97.296
"BEL",2004,97.35
"BEL",2005,97.403
"BEL",2006,97.454
"BEL",2007,97.505
"BEL",2008,97.555
"BEL",2009,97.603
"BEL",2010,97.651
"BEL",2011,97.698
"BEL",2012,97.744
"BEL",2013,97.789
"BEL",2014,97.833
"BEL",2015,97.876
"BEL",2016,97.919
"BEL",2017,97.961
"BEL",2018,98.001
"BEL",2019,98.041
"BEL",2020,98.079
"BEL",2021,98.117
"BEL",2022,98.153
"BEL",2023,98.189
"BEL",2024,NA
"BEN",1960,9.275
"BEN",1961,9.856
"BEN",1962,10.47
"BEN",1963,11.118
"BEN",1964,11.801
"BEN",1965,12.519
"BEN",1966,13.275
"BEN",1967,14.069
"BEN",1968,14.903
"BEN",1969,15.776
"BEN",1970,16.691
"BEN",1971,17.647
"BEN",1972,18.648
"BEN",1973,19.689
"BEN",1974,20.775
"BEN",1975,21.904
"BEN",1976,23.079
"BEN",1977,24.293
"BEN",1978,25.552
"BEN",1979,26.676
"BEN",1980,27.339
"BEN",1981,28.01
"BEN",1982,28.692
"BEN",1983,29.384
"BEN",1984,30.086
"BEN",1985,30.796
"BEN",1986,31.517
"BEN",1987,32.246
"BEN",1988,32.985
"BEN",1989,33.73
"BEN",1990,34.485
"BEN",1991,35.247
"BEN",1992,35.827
"BEN",1993,36.136
"BEN",1994,36.447
"BEN",1995,36.758
"BEN",1996,37.071
"BEN",1997,37.385
"BEN",1998,37.699
"BEN",1999,38.015
"BEN",2000,38.333
"BEN",2001,38.65
"BEN",2002,39.036
"BEN",2003,39.536
"BEN",2004,40.039
"BEN",2005,40.543
"BEN",2006,41.049
"BEN",2007,41.558
"BEN",2008,42.069
"BEN",2009,42.58
"BEN",2010,43.093
"BEN",2011,43.608
"BEN",2012,44.125
"BEN",2013,44.642
"BEN",2014,45.166
"BEN",2015,45.695
"BEN",2016,46.229
"BEN",2017,46.768
"BEN",2018,47.312
"BEN",2019,47.861
"BEN",2020,48.415
"BEN",2021,48.972
"BEN",2022,49.534
"BEN",2023,50.1
"BEN",2024,NA
"BFA",1960,4.7
"BFA",1961,4.796
"BFA",1962,4.893
"BFA",1963,4.993
"BFA",1964,5.095
"BFA",1965,5.198
"BFA",1966,5.303
"BFA",1967,5.411
"BFA",1968,5.52
"BFA",1969,5.632
"BFA",1970,5.746
"BFA",1971,5.861
"BFA",1972,5.98
"BFA",1973,6.1
"BFA",1974,6.222
"BFA",1975,6.347
"BFA",1976,6.668
"BFA",1977,7.151
"BFA",1978,7.668
"BFA",1979,8.218
"BFA",1980,8.805
"BFA",1981,9.428
"BFA",1982,10.091
"BFA",1983,10.796
"BFA",1984,11.544
"BFA",1985,12.334
"BFA",1986,12.832
"BFA",1987,13.072
"BFA",1988,13.316
"BFA",1989,13.563
"BFA",1990,13.815
"BFA",1991,14.07
"BFA",1992,14.33
"BFA",1993,14.593
"BFA",1994,14.86
"BFA",1995,15.131
"BFA",1996,15.407
"BFA",1997,15.875
"BFA",1998,16.51
"BFA",1999,17.166
"BFA",2000,17.844
"BFA",2001,18.54
"BFA",2002,19.258
"BFA",2003,19.996
"BFA",2004,20.757
"BFA",2005,21.537
"BFA",2006,22.339
"BFA",2007,22.996
"BFA",2008,23.534
"BFA",2009,24.079
"BFA",2010,24.633
"BFA",2011,25.196
"BFA",2012,25.767
"BFA",2013,26.346
"BFA",2014,26.934
"BFA",2015,27.53
"BFA",2016,28.134
"BFA",2017,28.743
"BFA",2018,29.358
"BFA",2019,29.98
"BFA",2020,30.607
"BFA",2021,31.24
"BFA",2022,31.877
"BFA",2023,32.52
"BFA",2024,NA
"BGD",1960,5.135
"BGD",1961,5.278
"BGD",1962,5.498
"BGD",1963,5.727
"BGD",1964,5.964
"BGD",1965,6.211
"BGD",1966,6.467
"BGD",1967,6.733
"BGD",1968,7.009
"BGD",1969,7.296
"BGD",1970,7.593
"BGD",1971,7.901
"BGD",1972,8.221
"BGD",1973,8.553
"BGD",1974,9.034
"BGD",1975,9.836
"BGD",1976,10.701
"BGD",1977,11.63
"BGD",1978,12.629
"BGD",1979,13.701
"BGD",1980,14.851
"BGD",1981,15.801
"BGD",1982,16.212
"BGD",1983,16.631
"BGD",1984,17.06
"BGD",1985,17.496
"BGD",1986,17.941
"BGD",1987,18.395
"BGD",1988,18.859
"BGD",1989,19.33
"BGD",1990,19.811
"BGD",1991,20.257
"BGD",1992,20.61
"BGD",1993,20.966
"BGD",1994,21.328
"BGD",1995,21.693
"BGD",1996,22.064
"BGD",1997,22.438
"BGD",1998,22.818
"BGD",1999,23.202
"BGD",2000,23.59
"BGD",2001,24.096
"BGD",2002,24.756
"BGD",2003,25.429
"BGD",2004,26.114
"BGD",2005,26.809
"BGD",2006,27.517
"BGD",2007,28.237
"BGD",2008,28.968
"BGD",2009,29.709
"BGD",2010,30.462
"BGD",2011,31.225
"BGD",2012,31.993
"BGD",2013,32.762
"BGD",2014,33.535
"BGD",2015,34.308
"BGD",2016,35.083
"BGD",2017,35.858
"BGD",2018,36.632
"BGD",2019,37.405
"BGD",2020,38.177
"BGD",2021,38.946
"BGD",2022,39.711
"BGD",2023,40.473
"BGD",2024,NA
"BGR",1960,37.1
"BGR",1961,38.782
"BGR",1962,40.494
"BGR",1963,42.23
"BGR",1964,43.987
"BGR",1965,45.755
"BGR",1966,47.233
"BGR",1967,48.499
"BGR",1968,49.768
"BGR",1969,51.034
"BGR",1970,52.3
"BGR",1971,53.36
"BGR",1972,54.419
"BGR",1973,55.471
"BGR",1974,56.519
"BGR",1975,57.562
"BGR",1976,58.526
"BGR",1977,59.428
"BGR",1978,60.326
"BGR",1979,61.216
"BGR",1980,62.1
"BGR",1981,62.603
"BGR",1982,63.104
"BGR",1983,63.603
"BGR",1984,64.099
"BGR",1985,64.59
"BGR",1986,64.999
"BGR",1987,65.346
"BGR",1988,65.692
"BGR",1989,66.035
"BGR",1990,66.377
"BGR",1991,66.717
"BGR",1992,67.056
"BGR",1993,67.33
"BGR",1994,67.557
"BGR",1995,67.782
"BGR",1996,68.007
"BGR",1997,68.231
"BGR",1998,68.454
"BGR",1999,68.677
"BGR",2000,68.899
"BGR",2001,69.166
"BGR",2002,69.524
"BGR",2003,69.879
"BGR",2004,70.233
"BGR",2005,70.584
"BGR",2006,70.932
"BGR",2007,71.278
"BGR",2008,71.622
"BGR",2009,71.963
"BGR",2010,72.302
"BGR",2011,72.638
"BGR",2012,72.975
"BGR",2013,73.313
"BGR",2014,73.651
"BGR",2015,73.99
"BGR",2016,74.329
"BGR",2017,74.669
"BGR",2018,75.008
"BGR",2019,75.347
"BGR",2020,75.686
"BGR",2021,76.025
"BGR",2022,76.363
"BGR",2023,76.701
"BGR",2024,NA
"BHR",1960,82.32
"BHR",1961,82.337
"BHR",1962,82.355
"BHR",1963,82.372
"BHR",1964,82.389
"BHR",1965,82.5
"BHR",1966,82.761
"BHR",1967,83.019
"BHR",1968,83.275
"BHR",1969,83.526
"BHR",1970,83.775
"BHR",1971,84.021
"BHR",1972,84.265
"BHR",1973,84.504
"BHR",1974,84.741
"BHR",1975,84.975
"BHR",1976,85.206
"BHR",1977,85.434
"BHR",1978,85.659
"BHR",1979,85.882
"BHR",1980,86.101
"BHR",1981,86.317
"BHR",1982,86.531
"BHR",1983,86.742
"BHR",1984,86.95
"BHR",1985,87.155
"BHR",1986,87.357
"BHR",1987,87.557
"BHR",1988,87.754
"BHR",1989,87.949
"BHR",1990,88.14
"BHR",1991,88.329
"BHR",1992,88.398
"BHR",1993,88.395
"BHR",1994,88.392
"BHR",1995,88.388
"BHR",1996,88.385
"BHR",1997,88.382
"BHR",1998,88.379
"BHR",1999,88.376
"BHR",2000,88.372
"BHR",2001,88.369
"BHR",2002,88.373
"BHR",2003,88.383
"BHR",2004,88.399
"BHR",2005,88.422
"BHR",2006,88.452
"BHR",2007,88.488
"BHR",2008,88.53
"BHR",2009,88.579
"BHR",2010,88.634
"BHR",2011,88.695
"BHR",2012,88.762
"BHR",2013,88.835
"BHR",2014,88.915
"BHR",2015,88.999
"BHR",2016,89.09
"BHR",2017,89.186
"BHR",2018,89.287
"BHR",2019,89.394
"BHR",2020,89.506
"BHR",2021,89.622
"BHR",2022,89.743
"BHR",2023,89.869
"BHR",2024,NA
"BHS",1960,59.712
"BHS",1961,60.454
"BHS",1962,61.193
"BHS",1963,61.926
"BHS",1964,62.642
"BHS",1965,63.343
"BHS",1966,64.04
"BHS",1967,64.73
"BHS",1968,65.416
"BHS",1969,66.093
"BHS",1970,66.764
"BHS",1971,67.429
"BHS",1972,68.088
"BHS",1973,68.738
"BHS",1974,69.381
"BHS",1975,70.017
"BHS",1976,70.647
"BHS",1977,71.266
"BHS",1978,71.879
"BHS",1979,72.484
"BHS",1980,73.102
"BHS",1981,73.843
"BHS",1982,74.571
"BHS",1983,75.285
"BHS",1984,75.987
"BHS",1985,76.674
"BHS",1986,77.347
"BHS",1987,78.007
"BHS",1988,78.654
"BHS",1989,79.284
"BHS",1990,79.838
"BHS",1991,80.067
"BHS",1992,80.293
"BHS",1993,80.518
"BHS",1994,80.74
"BHS",1995,80.961
"BHS",1996,81.18
"BHS",1997,81.396
"BHS",1998,81.611
"BHS",1999,81.824
"BHS",2000,82.007
"BHS",2001,82.049
"BHS",2002,82.092
"BHS",2003,82.134
"BHS",2004,82.176
"BHS",2005,82.218
"BHS",2006,82.26
"BHS",2007,82.302
"BHS",2008,82.343
"BHS",2009,82.385
"BHS",2010,82.427
"BHS",2011,82.476
"BHS",2012,82.532
"BHS",2013,82.596
"BHS",2014,82.668
"BHS",2015,82.746
"BHS",2016,82.832
"BHS",2017,82.925
"BHS",2018,83.025
"BHS",2019,83.132
"BHS",2020,83.245
"BHS",2021,83.365
"BHS",2022,83.492
"BHS",2023,83.625
"BHS",2024,NA
"BIH",1960,19.04
"BIH",1961,19.686
"BIH",1962,20.437
"BIH",1963,21.209
"BIH",1964,22.004
"BIH",1965,22.817
"BIH",1966,23.652
"BIH",1967,24.509
"BIH",1968,25.387
"BIH",1969,26.283
"BIH",1970,27.201
"BIH",1971,28.094
"BIH",1972,28.875
"BIH",1973,29.666
"BIH",1974,30.471
"BIH",1975,31.288
"BIH",1976,32.118
"BIH",1977,32.957
"BIH",1978,33.808
"BIH",1979,34.67
"BIH",1980,35.543
"BIH",1981,36.282
"BIH",1982,36.607
"BIH",1983,36.933
"BIH",1984,37.261
"BIH",1985,37.589
"BIH",1986,37.919
"BIH",1987,38.25
"BIH",1988,38.583
"BIH",1989,38.915
"BIH",1990,39.249
"BIH",1991,39.578
"BIH",1992,39.887
"BIH",1993,40.196
"BIH",1994,40.506
"BIH",1995,40.817
"BIH",1996,41.13
"BIH",1997,41.442
"BIH",1998,41.755
"BIH",1999,42.069
"BIH",2000,42.384
"BIH",2001,42.698
"BIH",2002,43.014
"BIH",2003,43.33
"BIH",2004,43.648
"BIH",2005,43.965
"BIH",2006,44.282
"BIH",2007,44.601
"BIH",2008,44.92
"BIH",2009,45.239
"BIH",2010,45.558
"BIH",2011,45.878
"BIH",2012,46.199
"BIH",2013,46.519
"BIH",2014,46.84
"BIH",2015,47.173
"BIH",2016,47.518
"BIH",2017,47.876
"BIH",2018,48.245
"BIH",2019,48.626
"BIH",2020,49.02
"BIH",2021,49.425
"BIH",2022,49.841
"BIH",2023,50.269
"BIH",2024,NA
"BLR",1960,32.401
"BLR",1961,33.522
"BLR",1962,34.663
"BLR",1963,35.822
"BLR",1964,37
"BLR",1965,38.127
"BLR",1966,39.269
"BLR",1967,40.422
"BLR",1968,41.588
"BLR",1969,42.76
"BLR",1970,44.01
"BLR",1971,45.349
"BLR",1972,46.697
"BLR",1973,48.046
"BLR",1974,49.4
"BLR",1975,50.614
"BLR",1976,51.829
"BLR",1977,53.039
"BLR",1978,54.247
"BLR",1979,55.402
"BLR",1980,56.498
"BLR",1981,57.584
"BLR",1982,58.664
"BLR",1983,59.736
"BLR",1984,60.8
"BLR",1985,61.833
"BLR",1986,62.857
"BLR",1987,63.87
"BLR",1988,64.872
"BLR",1989,65.585
"BLR",1990,65.981
"BLR",1991,66.374
"BLR",1992,66.766
"BLR",1993,67.155
"BLR",1994,67.541
"BLR",1995,67.926
"BLR",1996,68.308
"BLR",1997,68.687
"BLR",1998,69.064
"BLR",1999,69.482
"BLR",2000,69.973
"BLR",2001,70.458
"BLR",2002,70.939
"BLR",2003,71.415
"BLR",2004,71.887
"BLR",2005,72.354
"BLR",2006,72.816
"BLR",2007,73.273
"BLR",2008,73.726
"BLR",2009,74.172
"BLR",2010,74.672
"BLR",2011,75.188
"BLR",2012,75.697
"BLR",2013,76.199
"BLR",2014,76.693
"BLR",2015,77.181
"BLR",2016,77.661
"BLR",2017,78.134
"BLR",2018,78.595
"BLR",2019,79.044
"BLR",2020,79.483
"BLR",2021,79.91
"BLR",2022,80.326
"BLR",2023,80.731
"BLR",2024,NA
"BLZ",1960,54.028
"BLZ",1961,53.72
"BLZ",1962,53.41
"BLZ",1963,53.101
"BLZ",1964,52.79
"BLZ",1965,52.481
"BLZ",1966,52.17
"BLZ",1967,51.86
"BLZ",1968,51.549
"BLZ",1969,51.238
"BLZ",1970,50.963
"BLZ",1971,50.805
"BLZ",1972,50.646
"BLZ",1973,50.488
"BLZ",1974,50.329
"BLZ",1975,50.171
"BLZ",1976,50.012
"BLZ",1977,49.854
"BLZ",1978,49.695
"BLZ",1979,49.537
"BLZ",1980,49.374
"BLZ",1981,49.183
"BLZ",1982,48.992
"BLZ",1983,48.801
"BLZ",1984,48.61
"BLZ",1985,48.419
"BLZ",1986,48.228
"BLZ",1987,48.037
"BLZ",1988,47.846
"BLZ",1989,47.655
"BLZ",1990,47.465
"BLZ",1991,47.271
"BLZ",1992,47.059
"BLZ",1993,46.848
"BLZ",1994,46.637
"BLZ",1995,46.425
"BLZ",1996,46.214
"BLZ",1997,46.003
"BLZ",1998,45.793
"BLZ",1999,45.582
"BLZ",2000,45.398
"BLZ",2001,45.381
"BLZ",2002,45.364
"BLZ",2003,45.347
"BLZ",2004,45.33
"BLZ",2005,45.313
"BLZ",2006,45.296
"BLZ",2007,45.279
"BLZ",2008,45.262
"BLZ",2009,45.245
"BLZ",2010,45.228
"BLZ",2011,45.228
"BLZ",2012,45.246
"BLZ",2013,45.282
"BLZ",2014,45.335
"BLZ",2015,45.406
"BLZ",2016,45.495
"BLZ",2017,45.601
"BLZ",2018,45.724
"BLZ",2019,45.866
"BLZ",2020,46.025
"BLZ",2021,46.201
"BLZ",2022,46.396
"BLZ",2023,46.608
"BLZ",2024,NA
"BMU",1960,100
"BMU",1961,100
"BMU",1962,100
"BMU",1963,100
"BMU",1964,100
"BMU",1965,100
"BMU",1966,100
"BMU",1967,100
"BMU",1968,100
"BMU",1969,100
"BMU",1970,100
"BMU",1971,100
"BMU",1972,100
"BMU",1973,100
"BMU",1974,100
"BMU",1975,100
"BMU",1976,100
"BMU",1977,100
"BMU",1978,100
"BMU",1979,100
"BMU",1980,100
"BMU",1981,100
"BMU",1982,100
"BMU",1983,100
"BMU",1984,100
"BMU",1985,100
"BMU",1986,100
"BMU",1987,100
"BMU",1988,100
"BMU",1989,100
"BMU",1990,100
"BMU",1991,100
"BMU",1992,100
"BMU",1993,100
"BMU",1994,100
"BMU",1995,100
"BMU",1996,100
"BMU",1997,100
"BMU",1998,100
"BMU",1999,100
"BMU",2000,100
"BMU",2001,100
"BMU",2002,100
"BMU",2003,100
"BMU",2004,100
"BMU",2005,100
"BMU",2006,100
"BMU",2007,100
"BMU",2008,100
"BMU",2009,100
"BMU",2010,100
"BMU",2011,100
"BMU",2012,100
"BMU",2013,100
"BMU",2014,100
"BMU",2015,100
"BMU",2016,100
"BMU",2017,100
"BMU",2018,100
"BMU",2019,100
"BMU",2020,100
"BMU",2021,100
"BMU",2022,100
"BMU",2023,100
"BMU",2024,NA
"BOL",1960,36.762
"BOL",1961,37.059
"BOL",1962,37.357
"BOL",1963,37.656
"BOL",1964,37.957
"BOL",1965,38.257
"BOL",1966,38.559
"BOL",1967,38.862
"BOL",1968,39.166
"BOL",1969,39.47
"BOL",1970,39.776
"BOL",1971,40.082
"BOL",1972,40.389
"BOL",1973,40.696
"BOL",1974,41.004
"BOL",1975,41.314
"BOL",1976,41.624
"BOL",1977,42.446
"BOL",1978,43.442
"BOL",1979,44.443
"BOL",1980,45.451
"BOL",1981,46.459
"BOL",1982,47.472
"BOL",1983,48.486
"BOL",1984,49.504
"BOL",1985,50.519
"BOL",1986,51.535
"BOL",1987,52.549
"BOL",1988,53.563
"BOL",1989,54.571
"BOL",1990,55.577
"BOL",1991,56.579
"BOL",1992,57.541
"BOL",1993,58.079
"BOL",1994,58.615
"BOL",1995,59.15
"BOL",1996,59.682
"BOL",1997,60.212
"BOL",1998,60.739
"BOL",1999,61.264
"BOL",2000,61.787
"BOL",2001,62.306
"BOL",2002,62.783
"BOL",2003,63.248
"BOL",2004,63.711
"BOL",2005,64.17
"BOL",2006,64.628
"BOL",2007,65.082
"BOL",2008,65.535
"BOL",2009,65.984
"BOL",2010,66.43
"BOL",2011,66.874
"BOL",2012,67.315
"BOL",2013,67.699
"BOL",2014,68.047
"BOL",2015,68.393
"BOL",2016,68.738
"BOL",2017,69.08
"BOL",2018,69.425
"BOL",2019,69.773
"BOL",2020,70.123
"BOL",2021,70.475
"BOL",2022,70.83
"BOL",2023,71.186
"BOL",2024,NA
"BRA",1960,46.139
"BRA",1961,47.122
"BRA",1962,48.099
"BRA",1963,49.078
"BRA",1964,50.059
"BRA",1965,51.037
"BRA",1966,52.016
"BRA",1967,52.993
"BRA",1968,53.97
"BRA",1969,54.94
"BRA",1970,55.909
"BRA",1971,56.894
"BRA",1972,57.879
"BRA",1973,58.855
"BRA",1974,59.826
"BRA",1975,60.789
"BRA",1976,61.745
"BRA",1977,62.689
"BRA",1978,63.625
"BRA",1979,64.551
"BRA",1980,65.468
"BRA",1981,66.37
"BRA",1982,67.262
"BRA",1983,68.142
"BRA",1984,69.01
"BRA",1985,69.862
"BRA",1986,70.703
"BRA",1987,71.529
"BRA",1988,72.342
"BRA",1989,73.139
"BRA",1990,73.922
"BRA",1991,74.69
"BRA",1992,75.444
"BRA",1993,76.181
"BRA",1994,76.903
"BRA",1995,77.61
"BRA",1996,78.302
"BRA",1997,79.048
"BRA",1998,79.781
"BRA",1999,80.496
"BRA",2000,81.192
"BRA",2001,81.553
"BRA",2002,81.88
"BRA",2003,82.203
"BRA",2004,82.521
"BRA",2005,82.834
"BRA",2006,83.143
"BRA",2007,83.448
"BRA",2008,83.749
"BRA",2009,84.044
"BRA",2010,84.335
"BRA",2011,84.631
"BRA",2012,84.923
"BRA",2013,85.209
"BRA",2014,85.492
"BRA",2015,85.77
"BRA",2016,86.042
"BRA",2017,86.309
"BRA",2018,86.569
"BRA",2019,86.824
"BRA",2020,87.073
"BRA",2021,87.317
"BRA",2022,87.555
"BRA",2023,87.788
"BRA",2024,NA
"BRB",1960,36.777
"BRB",1961,36.849
"BRB",1962,36.922
"BRB",1963,36.995
"BRB",1964,37.068
"BRB",1965,37.141
"BRB",1966,37.214
"BRB",1967,37.287
"BRB",1968,37.36
"BRB",1969,37.433
"BRB",1970,37.55
"BRB",1971,37.809
"BRB",1972,38.07
"BRB",1973,38.331
"BRB",1974,38.592
"BRB",1975,38.855
"BRB",1976,39.118
"BRB",1977,39.381
"BRB",1978,39.646
"BRB",1979,39.91
"BRB",1980,40.102
"BRB",1981,39.828
"BRB",1982,39.554
"BRB",1983,39.28
"BRB",1984,39.007
"BRB",1985,38.736
"BRB",1986,38.464
"BRB",1987,38.194
"BRB",1988,37.923
"BRB",1989,37.654
"BRB",1990,37.37
"BRB",1991,37.006
"BRB",1992,36.643
"BRB",1993,36.283
"BRB",1994,35.924
"BRB",1995,35.566
"BRB",1996,35.21
"BRB",1997,34.856
"BRB",1998,34.503
"BRB",1999,34.152
"BRB",2000,33.827
"BRB",2001,33.629
"BRB",2002,33.431
"BRB",2003,33.234
"BRB",2004,33.037
"BRB",2005,32.841
"BRB",2006,32.646
"BRB",2007,32.451
"BRB",2008,32.256
"BRB",2009,32.063
"BRB",2010,31.87
"BRB",2011,31.7
"BRB",2012,31.553
"BRB",2013,31.429
"BRB",2014,31.328
"BRB",2015,31.249
"BRB",2016,31.193
"BRB",2017,31.159
"BRB",2018,31.147
"BRB",2019,31.158
"BRB",2020,31.191
"BRB",2021,31.246
"BRB",2022,31.324
"BRB",2023,31.425
"BRB",2024,NA
"BRN",1960,43.401
"BRN",1961,45.228
"BRN",1962,47.07
"BRN",1963,48.92
"BRN",1964,50.776
"BRN",1965,52.625
"BRN",1966,54.469
"BRN",1967,56.3
"BRN",1968,58.118
"BRN",1969,59.908
"BRN",1970,61.675
"BRN",1971,63.412
"BRN",1972,63.736
"BRN",1973,63.889
"BRN",1974,64.041
"BRN",1975,64.193
"BRN",1976,64.345
"BRN",1977,64.496
"BRN",1978,64.647
"BRN",1979,64.798
"BRN",1980,64.949
"BRN",1981,65.099
"BRN",1982,65.249
"BRN",1983,65.399
"BRN",1984,65.548
"BRN",1985,65.697
"BRN",1986,65.846
"BRN",1987,65.994
"BRN",1988,66.143
"BRN",1989,66.29
"BRN",1990,66.438
"BRN",1991,66.585
"BRN",1992,67.078
"BRN",1993,67.604
"BRN",1994,68.126
"BRN",1995,68.644
"BRN",1996,69.158
"BRN",1997,69.666
"BRN",1998,70.17
"BRN",1999,70.669
"BRN",2000,71.164
"BRN",2001,71.652
"BRN",2002,72.046
"BRN",2003,72.421
"BRN",2004,72.794
"BRN",2005,73.163
"BRN",2006,73.529
"BRN",2007,73.892
"BRN",2008,74.252
"BRN",2009,74.608
"BRN",2010,74.961
"BRN",2011,75.31
"BRN",2012,75.656
"BRN",2013,75.997
"BRN",2014,76.332
"BRN",2015,76.663
"BRN",2016,76.99
"BRN",2017,77.312
"BRN",2018,77.629
"BRN",2019,77.942
"BRN",2020,78.25
"BRN",2021,78.554
"BRN",2022,78.854
"BRN",2023,79.149
"BRN",2024,NA
"BTN",1960,3.596
"BTN",1961,3.792
"BTN",1962,3.999
"BTN",1963,4.217
"BTN",1964,4.446
"BTN",1965,4.687
"BTN",1966,4.94
"BTN",1967,5.207
"BTN",1968,5.487
"BTN",1969,5.781
"BTN",1970,6.089
"BTN",1971,6.413
"BTN",1972,6.754
"BTN",1973,7.11
"BTN",1974,7.484
"BTN",1975,7.876
"BTN",1976,8.288
"BTN",1977,8.717
"BTN",1978,9.168
"BTN",1979,9.639
"BTN",1980,10.132
"BTN",1981,10.646
"BTN",1982,11.184
"BTN",1983,11.745
"BTN",1984,12.332
"BTN",1985,12.941
"BTN",1986,13.577
"BTN",1987,14.24
"BTN",1988,14.929
"BTN",1989,15.645
"BTN",1990,16.388
"BTN",1991,17.161
"BTN",1992,17.962
"BTN",1993,18.791
"BTN",1994,19.649
"BTN",1995,20.537
"BTN",1996,21.456
"BTN",1997,22.401
"BTN",1998,23.377
"BTN",1999,24.383
"BTN",2000,25.418
"BTN",2001,26.48
"BTN",2002,27.57
"BTN",2003,28.688
"BTN",2004,29.835
"BTN",2005,30.965
"BTN",2006,31.712
"BTN",2007,32.469
"BTN",2008,33.236
"BTN",2009,34.01
"BTN",2010,34.793
"BTN",2011,35.585
"BTN",2012,36.371
"BTN",2013,37.149
"BTN",2014,37.918
"BTN",2015,38.678
"BTN",2016,39.428
"BTN",2017,40.167
"BTN",2018,40.895
"BTN",2019,41.612
"BTN",2020,42.316
"BTN",2021,43.008
"BTN",2022,43.686
"BTN",2023,44.35
"BTN",2024,NA
"BWA",1960,3.06
"BWA",1961,3.097
"BWA",1962,3.134
"BWA",1963,3.171
"BWA",1964,3.318
"BWA",1965,3.839
"BWA",1966,4.437
"BWA",1967,5.124
"BWA",1968,5.912
"BWA",1969,6.81
"BWA",1970,7.834
"BWA",1971,8.998
"BWA",1972,9.695
"BWA",1973,10.381
"BWA",1974,11.11
"BWA",1975,11.884
"BWA",1976,12.705
"BWA",1977,13.572
"BWA",1978,14.489
"BWA",1979,15.457
"BWA",1980,16.479
"BWA",1981,17.552
"BWA",1982,19.489
"BWA",1983,21.723
"BWA",1984,24.139
"BWA",1985,26.724
"BWA",1986,29.483
"BWA",1987,32.401
"BWA",1988,35.467
"BWA",1989,38.648
"BWA",1990,41.933
"BWA",1991,45.292
"BWA",1992,46.443
"BWA",1993,47.286
"BWA",1994,48.133
"BWA",1995,48.981
"BWA",1996,49.83
"BWA",1997,50.677
"BWA",1998,51.525
"BWA",1999,52.372
"BWA",2000,53.219
"BWA",2001,54.062
"BWA",2002,54.57
"BWA",2003,55.029
"BWA",2004,55.488
"BWA",2005,55.944
"BWA",2006,56.4
"BWA",2007,57.928
"BWA",2008,59.444
"BWA",2009,60.937
"BWA",2010,62.412
"BWA",2011,63.865
"BWA",2012,64.768
"BWA",2013,65.572
"BWA",2014,66.368
"BWA",2015,67.155
"BWA",2016,67.933
"BWA",2017,68.7
"BWA",2018,69.446
"BWA",2019,70.172
"BWA",2020,70.877
"BWA",2021,71.56
"BWA",2022,72.224
"BWA",2023,72.867
"BWA",2024,NA
"CAF",1960,20.1
"CAF",1961,20.751
"CAF",1962,21.418
"CAF",1963,22.1
"CAF",1964,22.803
"CAF",1965,23.519
"CAF",1966,24.252
"CAF",1967,25
"CAF",1968,25.815
"CAF",1969,26.645
"CAF",1970,27.492
"CAF",1971,28.356
"CAF",1972,29.238
"CAF",1973,30.133
"CAF",1974,31.045
"CAF",1975,31.971
"CAF",1976,32.575
"CAF",1977,32.897
"CAF",1978,33.221
"CAF",1979,33.546
"CAF",1980,33.874
"CAF",1981,34.202
"CAF",1982,34.532
"CAF",1983,34.864
"CAF",1984,35.198
"CAF",1985,35.532
"CAF",1986,35.868
"CAF",1987,36.206
"CAF",1988,36.545
"CAF",1989,36.744
"CAF",1990,36.825
"CAF",1991,36.906
"CAF",1992,36.987
"CAF",1993,37.068
"CAF",1994,37.149
"CAF",1995,37.231
"CAF",1996,37.312
"CAF",1997,37.394
"CAF",1998,37.475
"CAF",1999,37.557
"CAF",2000,37.639
"CAF",2001,37.72
"CAF",2002,37.802
"CAF",2003,37.884
"CAF",2004,37.966
"CAF",2005,38.069
"CAF",2006,38.193
"CAF",2007,38.339
"CAF",2008,38.506
"CAF",2009,38.694
"CAF",2010,38.904
"CAF",2011,39.135
"CAF",2012,39.388
"CAF",2013,39.663
"CAF",2014,39.959
"CAF",2015,40.277
"CAF",2016,40.618
"CAF",2017,40.98
"CAF",2018,41.364
"CAF",2019,41.77
"CAF",2020,42.198
"CAF",2021,42.648
"CAF",2022,43.12
"CAF",2023,43.614
"CAF",2024,NA
"CAN",1960,69.061
"CAN",1961,69.668
"CAN",1962,70.494
"CAN",1963,71.307
"CAN",1964,72.107
"CAN",1965,72.892
"CAN",1966,73.642
"CAN",1967,74.155
"CAN",1968,74.662
"CAN",1969,75.161
"CAN",1970,75.654
"CAN",1971,76.09
"CAN",1972,75.971
"CAN",1973,75.851
"CAN",1974,75.731
"CAN",1975,75.611
"CAN",1976,75.503
"CAN",1977,75.543
"CAN",1978,75.583
"CAN",1979,75.623
"CAN",1980,75.663
"CAN",1981,75.712
"CAN",1982,75.874
"CAN",1983,76.035
"CAN",1984,76.195
"CAN",1985,76.354
"CAN",1986,76.502
"CAN",1987,76.522
"CAN",1988,76.542
"CAN",1989,76.562
"CAN",1990,76.582
"CAN",1991,76.62
"CAN",1992,76.887
"CAN",1993,77.152
"CAN",1994,77.414
"CAN",1995,77.675
"CAN",1996,77.951
"CAN",1997,78.34
"CAN",1998,78.724
"CAN",1999,79.103
"CAN",2000,79.478
"CAN",2001,79.81
"CAN",2002,79.888
"CAN",2003,79.967
"CAN",2004,80.045
"CAN",2005,80.122
"CAN",2006,80.213
"CAN",2007,80.396
"CAN",2008,80.578
"CAN",2009,80.758
"CAN",2010,80.937
"CAN",2011,81.096
"CAN",2012,81.137
"CAN",2013,81.178
"CAN",2014,81.218
"CAN",2015,81.259
"CAN",2016,81.3
"CAN",2017,81.35
"CAN",2018,81.411
"CAN",2019,81.482
"CAN",2020,81.562
"CAN",2021,81.653
"CAN",2022,81.752
"CAN",2023,81.862
"CAN",2024,NA
"CEB",1960,44.5078927143901
"CEB",1961,45.2073380737434
"CEB",1962,45.8673685184926
"CEB",1963,46.5349208922556
"CEB",1964,47.2096938544833
"CEB",1965,47.8811300334192
"CEB",1966,48.5053962787204
"CEB",1967,49.0678064582325
"CEB",1968,49.6385039398769
"CEB",1969,50.2151529138456
"CEB",1970,50.7802761867639
"CEB",1971,51.4266561734201
"CEB",1972,52.1464689909273
"CEB",1973,52.8659583318729
"CEB",1974,53.5854300539643
"CEB",1975,54.2944661807973
"CEB",1976,54.9922544596698
"CEB",1977,55.705067734602
"CEB",1978,56.4342763597897
"CEB",1979,57.1040579349994
"CEB",1980,57.7061245226969
"CEB",1981,58.1639538621763
"CEB",1982,58.5586325178097
"CEB",1983,58.9553448854662
"CEB",1984,59.3525777330879
"CEB",1985,59.7467078553134
"CEB",1986,60.1311095024751
"CEB",1987,60.5096673205319
"CEB",1988,60.8917273850057
"CEB",1989,61.1831392886694
"CEB",1990,61.3918489105076
"CEB",1991,61.6033123693989
"CEB",1992,61.6934193330696
"CEB",1993,61.6652386515616
"CEB",1994,61.6367536015157
"CEB",1995,61.6092306125598
"CEB",1996,61.5872476575534
"CEB",1997,61.5631779443045
"CEB",1998,61.534018233525
"CEB",1999,61.5050697885992
"CEB",2000,61.4761873574983
"CEB",2001,61.4954533010999
"CEB",2002,61.5557607471992
"CEB",2003,61.6021556919924
"CEB",2004,61.6481810490578
"CEB",2005,61.7026922241905
"CEB",2006,61.7638954455271
"CEB",2007,61.8418454287671
"CEB",2008,61.9245405466205
"CEB",2009,61.9860468760089
"CEB",2010,62.0260650244197
"CEB",2011,62.0639344852313
"CEB",2012,62.0822319020891
"CEB",2013,62.0981552953108
"CEB",2014,62.1158465865466
"CEB",2015,62.1436813014963
"CEB",2016,62.1882748434431
"CEB",2017,62.2529741780182
"CEB",2018,62.3388759895791
"CEB",2019,62.4440252566921
"CEB",2020,62.5680051531236
"CEB",2021,62.7098871574195
"CEB",2022,62.8637786019282
"CEB",2023,63.0354532399767
"CEB",2024,NA
"CHE",1960,70.924
"CHE",1961,71.243
"CHE",1962,71.539
"CHE",1963,71.834
"CHE",1964,72.127
"CHE",1965,72.417
"CHE",1966,72.706
"CHE",1967,72.993
"CHE",1968,73.279
"CHE",1969,73.561
"CHE",1970,73.843
"CHE",1971,73.992
"CHE",1972,74.046
"CHE",1973,74.1
"CHE",1974,74.154
"CHE",1975,74.208
"CHE",1976,74.262
"CHE",1977,74.316
"CHE",1978,74.37
"CHE",1979,74.424
"CHE",1980,74.477
"CHE",1981,74.466
"CHE",1982,74.406
"CHE",1983,74.346
"CHE",1984,74.286
"CHE",1985,74.227
"CHE",1986,74.167
"CHE",1987,74.107
"CHE",1988,74.046
"CHE",1989,73.986
"CHE",1990,73.926
"CHE",1991,73.869
"CHE",1992,73.815
"CHE",1993,73.762
"CHE",1994,73.708
"CHE",1995,73.654
"CHE",1996,73.6
"CHE",1997,73.546
"CHE",1998,73.492
"CHE",1999,73.438
"CHE",2000,73.383
"CHE",2001,73.375
"CHE",2002,73.401
"CHE",2003,73.427
"CHE",2004,73.452
"CHE",2005,73.478
"CHE",2006,73.504
"CHE",2007,73.53
"CHE",2008,73.556
"CHE",2009,73.581
"CHE",2010,73.607
"CHE",2011,73.631
"CHE",2012,73.653
"CHE",2013,73.674
"CHE",2014,73.696
"CHE",2015,73.718
"CHE",2016,73.739
"CHE",2017,73.761
"CHE",2018,73.797
"CHE",2019,73.849
"CHE",2020,73.915
"CHE",2021,73.996
"CHE",2022,74.092
"CHE",2023,74.202
"CHE",2024,NA
"CHI",1960,38.7
"CHI",1961,38.436
"CHI",1962,38.172
"CHI",1963,37.909
"CHI",1964,37.646
"CHI",1965,37.385
"CHI",1966,37.124
"CHI",1967,36.864
"CHI",1968,36.604
"CHI",1969,36.346
"CHI",1970,36.088
"CHI",1971,35.803
"CHI",1972,35.394
"CHI",1973,34.989
"CHI",1974,34.585
"CHI",1975,34.183
"CHI",1976,33.783
"CHI",1977,33.387
"CHI",1978,32.992
"CHI",1979,32.599
"CHI",1980,32.209
"CHI",1981,31.909
"CHI",1982,31.89
"CHI",1983,31.871
"CHI",1984,31.851
"CHI",1985,31.832
"CHI",1986,31.813
"CHI",1987,31.707
"CHI",1988,31.602
"CHI",1989,31.497
"CHI",1990,31.392
"CHI",1991,31.262
"CHI",1992,31.076
"CHI",1993,30.891
"CHI",1994,30.706
"CHI",1995,30.522
"CHI",1996,30.4
"CHI",1997,30.416
"CHI",1998,30.432
"CHI",1999,30.449
"CHI",2000,30.465
"CHI",2001,30.495
"CHI",2002,30.557
"CHI",2003,30.619
"CHI",2004,30.681
"CHI",2005,30.743
"CHI",2006,30.805
"CHI",2007,30.867
"CHI",2008,30.929
"CHI",2009,30.992
"CHI",2010,31.054
"CHI",2011,31.091
"CHI",2012,31.059
"CHI",2013,31.027
"CHI",2014,30.995
"CHI",2015,30.962
"CHI",2016,30.93
"CHI",2017,30.914
"CHI",2018,30.914
"CHI",2019,30.931
"CHI",2020,30.963
"CHI",2021,31.012
"CHI",2022,31.077
"CHI",2023,31.159
"CHI",2024,NA
"CHL",1960,67.836
"CHL",1961,68.66
"CHL",1962,69.435
"CHL",1963,70.2
"CHL",1964,70.955
"CHL",1965,71.696
"CHL",1966,72.427
"CHL",1967,73.146
"CHL",1968,73.854
"CHL",1969,74.547
"CHL",1970,75.227
"CHL",1971,75.883
"CHL",1972,76.528
"CHL",1973,77.159
"CHL",1974,77.778
"CHL",1975,78.386
"CHL",1976,78.982
"CHL",1977,79.565
"CHL",1978,80.136
"CHL",1979,80.695
"CHL",1980,81.243
"CHL",1981,81.778
"CHL",1982,82.226
"CHL",1983,82.359
"CHL",1984,82.492
"CHL",1985,82.624
"CHL",1986,82.755
"CHL",1987,82.885
"CHL",1988,83.014
"CHL",1989,83.143
"CHL",1990,83.271
"CHL",1991,83.398
"CHL",1992,83.564
"CHL",1993,83.896
"CHL",1994,84.223
"CHL",1995,84.545
"CHL",1996,84.861
"CHL",1997,85.172
"CHL",1998,85.477
"CHL",1999,85.778
"CHL",2000,86.073
"CHL",2001,86.363
"CHL",2002,86.606
"CHL",2003,86.665
"CHL",2004,86.725
"CHL",2005,86.783
"CHL",2006,86.842
"CHL",2007,86.9
"CHL",2008,86.959
"CHL",2009,87.017
"CHL",2010,87.074
"CHL",2011,87.132
"CHL",2012,87.189
"CHL",2013,87.246
"CHL",2014,87.303
"CHL",2015,87.36
"CHL",2016,87.422
"CHL",2017,87.49
"CHL",2018,87.564
"CHL",2019,87.643
"CHL",2020,87.727
"CHL",2021,87.817
"CHL",2022,87.912
"CHL",2023,88.012
"CHL",2024,NA
"CHN",1960,16.203
"CHN",1961,16.708
"CHN",1962,17.226
"CHN",1963,17.757
"CHN",1964,18.299
"CHN",1965,18.086
"CHN",1966,17.915
"CHN",1967,17.785
"CHN",1968,17.656
"CHN",1969,17.528
"CHN",1970,17.4
"CHN",1971,17.292
"CHN",1972,17.184
"CHN",1973,17.184
"CHN",1974,17.292
"CHN",1975,17.4
"CHN",1976,17.46
"CHN",1977,17.52
"CHN",1978,17.9
"CHN",1979,18.617
"CHN",1980,19.358
"CHN",1981,20.118
"CHN",1982,20.902
"CHN",1983,21.545
"CHN",1984,22.203
"CHN",1985,22.874
"CHN",1986,23.559
"CHN",1987,24.259
"CHN",1988,24.974
"CHN",1989,25.701
"CHN",1990,26.442
"CHN",1991,27.312
"CHN",1992,28.2
"CHN",1993,29.103
"CHN",1994,30.024
"CHN",1995,30.961
"CHN",1996,31.916
"CHN",1997,32.883
"CHN",1998,33.867
"CHN",1999,34.865
"CHN",2000,35.877
"CHN",2001,37.093
"CHN",2002,38.425
"CHN",2003,39.776
"CHN",2004,41.144
"CHN",2005,42.522
"CHN",2006,43.868
"CHN",2007,45.199
"CHN",2008,46.539
"CHN",2009,47.88
"CHN",2010,49.226
"CHN",2011,50.511
"CHN",2012,51.765
"CHN",2013,53.013
"CHN",2014,54.259
"CHN",2015,55.5
"CHN",2016,56.736
"CHN",2017,57.96
"CHN",2018,59.152
"CHN",2019,60.308
"CHN",2020,61.428
"CHN",2021,62.512
"CHN",2022,63.56
"CHN",2023,64.57
"CHN",2024,NA
"CIV",1960,17.679
"CIV",1961,18.911
"CIV",1962,20.21
"CIV",1963,21.575
"CIV",1964,23.007
"CIV",1965,24.5
"CIV",1966,25.206
"CIV",1967,25.926
"CIV",1968,26.659
"CIV",1969,27.404
"CIV",1970,28.163
"CIV",1971,28.934
"CIV",1972,29.719
"CIV",1973,30.513
"CIV",1974,31.321
"CIV",1975,32.229
"CIV",1976,33.594
"CIV",1977,34.983
"CIV",1978,36.4
"CIV",1979,36.614
"CIV",1980,36.829
"CIV",1981,37.044
"CIV",1982,37.26
"CIV",1983,37.476
"CIV",1984,37.693
"CIV",1985,37.91
"CIV",1986,38.127
"CIV",1987,38.346
"CIV",1988,38.608
"CIV",1989,38.976
"CIV",1990,39.345
"CIV",1991,39.716
"CIV",1992,40.088
"CIV",1993,40.461
"CIV",1994,40.835
"CIV",1995,41.21
"CIV",1996,41.587
"CIV",1997,41.964
"CIV",1998,42.342
"CIV",1999,42.741
"CIV",2000,43.155
"CIV",2001,43.568
"CIV",2002,43.983
"CIV",2003,44.399
"CIV",2004,44.817
"CIV",2005,45.234
"CIV",2006,45.652
"CIV",2007,46.071
"CIV",2008,46.491
"CIV",2009,46.91
"CIV",2010,47.33
"CIV",2011,47.751
"CIV",2012,48.172
"CIV",2013,48.593
"CIV",2014,49.014
"CIV",2015,49.444
"CIV",2016,49.881
"CIV",2017,50.326
"CIV",2018,50.779
"CIV",2019,51.239
"CIV",2020,51.706
"CIV",2021,52.18
"CIV",2022,52.661
"CIV",2023,53.149
"CIV",2024,NA
"CMR",1960,13.937
"CMR",1961,14.488
"CMR",1962,15.058
"CMR",1963,15.647
"CMR",1964,16.255
"CMR",1965,16.88
"CMR",1966,17.525
"CMR",1967,18.19
"CMR",1968,18.875
"CMR",1969,19.577
"CMR",1970,20.3
"CMR",1971,21.584
"CMR",1972,22.927
"CMR",1973,24.324
"CMR",1974,25.78
"CMR",1975,27.292
"CMR",1976,28.678
"CMR",1977,29.469
"CMR",1978,30.274
"CMR",1979,31.091
"CMR",1980,31.921
"CMR",1981,32.761
"CMR",1982,33.613
"CMR",1983,34.476
"CMR",1984,35.35
"CMR",1985,36.232
"CMR",1986,37.124
"CMR",1987,37.941
"CMR",1988,38.511
"CMR",1989,39.082
"CMR",1990,39.657
"CMR",1991,40.235
"CMR",1992,40.817
"CMR",1993,41.399
"CMR",1994,41.985
"CMR",1995,42.573
"CMR",1996,43.164
"CMR",1997,43.755
"CMR",1998,44.348
"CMR",1999,44.944
"CMR",2000,45.542
"CMR",2001,46.139
"CMR",2002,46.738
"CMR",2003,47.338
"CMR",2004,47.94
"CMR",2005,48.541
"CMR",2006,49.143
"CMR",2007,49.746
"CMR",2008,50.35
"CMR",2009,50.954
"CMR",2010,51.559
"CMR",2011,52.164
"CMR",2012,52.769
"CMR",2013,53.373
"CMR",2014,53.976
"CMR",2015,54.578
"CMR",2016,55.179
"CMR",2017,55.777
"CMR",2018,56.374
"CMR",2019,56.968
"CMR",2020,57.56
"CMR",2021,58.148
"CMR",2022,58.733
"CMR",2023,59.315
"CMR",2024,NA
"COD",1960,22.3
"COD",1961,22.523
"COD",1962,22.749
"COD",1963,22.976
"COD",1964,23.204
"COD",1965,23.434
"COD",1966,23.666
"COD",1967,23.899
"COD",1968,24.134
"COD",1969,24.37
"COD",1970,24.608
"COD",1971,24.847
"COD",1972,25.089
"COD",1973,25.331
"COD",1974,25.575
"COD",1975,25.821
"COD",1976,26.068
"COD",1977,26.317
"COD",1978,26.567
"COD",1979,26.819
"COD",1980,27.072
"COD",1981,27.327
"COD",1982,27.583
"COD",1983,27.84
"COD",1984,28.1
"COD",1985,28.513
"COD",1986,28.93
"COD",1987,29.35
"COD",1988,29.775
"COD",1989,30.202
"COD",1990,30.633
"COD",1991,31.067
"COD",1992,31.506
"COD",1993,31.946
"COD",1994,32.39
"COD",1995,32.838
"COD",1996,33.289
"COD",1997,33.742
"COD",1998,34.199
"COD",1999,34.659
"COD",2000,35.122
"COD",2001,35.587
"COD",2002,36.055
"COD",2003,36.526
"COD",2004,37
"COD",2005,37.481
"COD",2006,37.971
"COD",2007,38.47
"COD",2008,38.976
"COD",2009,39.491
"COD",2010,40.013
"COD",2011,40.544
"COD",2012,41.082
"COD",2013,41.627
"COD",2014,42.18
"COD",2015,42.74
"COD",2016,43.307
"COD",2017,43.88
"COD",2018,44.46
"COD",2019,45.046
"COD",2020,45.638
"COD",2021,46.235
"COD",2022,46.837
"COD",2023,47.444
"COD",2024,NA
"COG",1960,31.601
"COG",1961,32.318
"COG",1962,33.045
"COG",1963,33.78
"COG",1964,34.524
"COG",1965,35.273
"COG",1966,36.031
"COG",1967,36.796
"COG",1968,37.569
"COG",1969,38.345
"COG",1970,39.129
"COG",1971,39.919
"COG",1972,40.715
"COG",1973,41.514
"COG",1974,42.357
"COG",1975,43.264
"COG",1976,44.177
"COG",1977,45.091
"COG",1978,46.01
"COG",1979,46.932
"COG",1980,47.857
"COG",1981,48.781
"COG",1982,49.707
"COG",1983,50.633
"COG",1984,51.56
"COG",1985,52.221
"COG",1986,52.642
"COG",1987,53.064
"COG",1988,53.485
"COG",1989,53.905
"COG",1990,54.324
"COG",1991,54.743
"COG",1992,55.162
"COG",1993,55.58
"COG",1994,55.996
"COG",1995,56.413
"COG",1996,56.832
"COG",1997,57.299
"COG",1998,57.766
"COG",1999,58.231
"COG",2000,58.695
"COG",2001,59.156
"COG",2002,59.617
"COG",2003,60.076
"COG",2004,60.533
"COG",2005,60.988
"COG",2006,61.441
"COG",2007,61.893
"COG",2008,62.346
"COG",2009,62.8
"COG",2010,63.256
"COG",2011,63.712
"COG",2012,64.169
"COG",2013,64.627
"COG",2014,65.085
"COG",2015,65.543
"COG",2016,66.001
"COG",2017,66.459
"COG",2018,66.916
"COG",2019,67.373
"COG",2020,67.829
"COG",2021,68.283
"COG",2022,68.736
"COG",2023,69.188
"COG",2024,NA
"COL",1960,46.268
"COL",1961,47.702
"COL",1962,49.143
"COL",1963,50.584
"COL",1964,52.027
"COL",1965,52.82
"COL",1966,53.587
"COL",1967,54.352
"COL",1968,55.117
"COL",1969,55.877
"COL",1970,56.635
"COL",1971,57.39
"COL",1972,58.143
"COL",1973,58.89
"COL",1974,59.607
"COL",1975,60.306
"COL",1976,61.003
"COL",1977,61.693
"COL",1978,62.379
"COL",1979,63.061
"COL",1980,63.738
"COL",1981,64.408
"COL",1982,65.073
"COL",1983,65.733
"COL",1984,66.387
"COL",1985,67.034
"COL",1986,67.566
"COL",1987,68.051
"COL",1988,68.532
"COL",1989,69.008
"COL",1990,69.481
"COL",1991,69.949
"COL",1992,70.415
"COL",1993,70.874
"COL",1994,71.328
"COL",1995,71.777
"COL",1996,72.223
"COL",1997,72.662
"COL",1998,73.098
"COL",1999,73.53
"COL",2000,73.957
"COL",2001,74.379
"COL",2002,74.797
"COL",2003,75.211
"COL",2004,75.62
"COL",2005,76.024
"COL",2006,76.423
"COL",2007,76.816
"COL",2008,77.204
"COL",2009,77.587
"COL",2010,77.964
"COL",2011,78.335
"COL",2012,78.701
"COL",2013,79.061
"COL",2014,79.415
"COL",2015,79.764
"COL",2016,80.108
"COL",2017,80.446
"COL",2018,80.778
"COL",2019,81.104
"COL",2020,81.425
"COL",2021,81.74
"COL",2022,82.05
"COL",2023,82.354
"COL",2024,NA
"COM",1960,12.551
"COM",1961,13.348
"COM",1962,14.189
"COM",1963,15.074
"COM",1964,16.004
"COM",1965,16.978
"COM",1966,18
"COM",1967,18.34
"COM",1968,18.685
"COM",1969,19.035
"COM",1970,19.39
"COM",1971,19.75
"COM",1972,20.115
"COM",1973,20.484
"COM",1974,20.859
"COM",1975,21.239
"COM",1976,21.625
"COM",1977,22.014
"COM",1978,22.41
"COM",1979,22.81
"COM",1980,23.215
"COM",1981,23.649
"COM",1982,24.095
"COM",1983,24.548
"COM",1984,25.006
"COM",1985,25.469
"COM",1986,25.938
"COM",1987,26.413
"COM",1988,26.893
"COM",1989,27.378
"COM",1990,27.869
"COM",1991,28.366
"COM",1992,28.435
"COM",1993,28.39
"COM",1994,28.346
"COM",1995,28.301
"COM",1996,28.257
"COM",1997,28.213
"COM",1998,28.168
"COM",1999,28.124
"COM",2000,28.08
"COM",2001,28.036
"COM",2002,27.992
"COM",2003,27.947
"COM",2004,27.903
"COM",2005,27.875
"COM",2006,27.863
"COM",2007,27.867
"COM",2008,27.886
"COM",2009,27.921
"COM",2010,27.973
"COM",2011,28.04
"COM",2012,28.123
"COM",2013,28.223
"COM",2014,28.338
"COM",2015,28.47
"COM",2016,28.619
"COM",2017,28.784
"COM",2018,28.965
"COM",2019,29.164
"COM",2020,29.38
"COM",2021,29.613
"COM",2022,29.864
"COM",2023,30.132
"COM",2024,NA
"CPV",1960,16.679
"CPV",1961,16.948
"CPV",1962,17.224
"CPV",1963,17.503
"CPV",1964,17.787
"CPV",1965,18.073
"CPV",1966,18.363
"CPV",1967,18.657
"CPV",1968,18.954
"CPV",1969,19.255
"CPV",1970,19.559
"CPV",1971,19.9
"CPV",1972,20.272
"CPV",1973,20.649
"CPV",1974,21.031
"CPV",1975,21.419
"CPV",1976,21.812
"CPV",1977,22.209
"CPV",1978,22.612
"CPV",1979,23.02
"CPV",1980,23.518
"CPV",1981,24.995
"CPV",1982,26.535
"CPV",1983,28.133
"CPV",1984,29.792
"CPV",1985,31.5
"CPV",1986,33.885
"CPV",1987,36.355
"CPV",1988,38.902
"CPV",1989,41.504
"CPV",1990,44.12
"CPV",1991,45.044
"CPV",1992,45.973
"CPV",1993,46.902
"CPV",1994,47.834
"CPV",1995,48.768
"CPV",1996,49.704
"CPV",1997,50.637
"CPV",1998,51.572
"CPV",1999,52.505
"CPV",2000,53.435
"CPV",2001,54.291
"CPV",2002,55.146
"CPV",2003,55.997
"CPV",2004,56.846
"CPV",2005,57.689
"CPV",2006,58.529
"CPV",2007,59.363
"CPV",2008,60.194
"CPV",2009,61.016
"CPV",2010,61.821
"CPV",2011,62.322
"CPV",2012,62.821
"CPV",2013,63.317
"CPV",2014,63.81
"CPV",2015,64.3
"CPV",2016,64.784
"CPV",2017,65.261
"CPV",2018,65.732
"CPV",2019,66.195
"CPV",2020,66.652
"CPV",2021,67.102
"CPV",2022,67.545
"CPV",2023,67.982
"CPV",2024,NA
"CRI",1960,34.254
"CRI",1961,34.329
"CRI",1962,34.404
"CRI",1963,34.606
"CRI",1964,35.197
"CRI",1965,35.791
"CRI",1966,36.39
"CRI",1967,36.993
"CRI",1968,37.601
"CRI",1969,38.212
"CRI",1970,38.827
"CRI",1971,39.445
"CRI",1972,40.068
"CRI",1973,40.655
"CRI",1974,41.002
"CRI",1975,41.349
"CRI",1976,41.698
"CRI",1977,42.046
"CRI",1978,42.396
"CRI",1979,42.747
"CRI",1980,43.099
"CRI",1981,43.45
"CRI",1982,43.803
"CRI",1983,44.156
"CRI",1984,44.542
"CRI",1985,45.445
"CRI",1986,46.353
"CRI",1987,47.264
"CRI",1988,48.177
"CRI",1989,49.089
"CRI",1990,50.003
"CRI",1991,50.917
"CRI",1992,51.832
"CRI",1993,52.743
"CRI",1994,53.653
"CRI",1995,54.561
"CRI",1996,55.467
"CRI",1997,56.367
"CRI",1998,57.264
"CRI",1999,58.157
"CRI",2000,59.052
"CRI",2001,60.41
"CRI",2002,61.753
"CRI",2003,63.08
"CRI",2004,64.388
"CRI",2005,65.672
"CRI",2006,66.935
"CRI",2007,68.174
"CRI",2008,69.39
"CRI",2009,70.575
"CRI",2010,71.736
"CRI",2011,72.868
"CRI",2012,73.946
"CRI",2013,74.97
"CRI",2014,75.941
"CRI",2015,76.862
"CRI",2016,77.735
"CRI",2017,78.56
"CRI",2018,79.34
"CRI",2019,80.076
"CRI",2020,80.771
"CRI",2021,81.425
"CRI",2022,82.042
"CRI",2023,82.622
"CRI",2024,NA
"CSS",1960,36.4057252056577
"CSS",1961,36.6008355983677
"CSS",1962,36.818283604461
"CSS",1963,37.0507607205999
"CSS",1964,37.2615136696974
"CSS",1965,37.4295773272578
"CSS",1966,37.6019496038428
"CSS",1967,37.7776373050597
"CSS",1968,37.9548741043771
"CSS",1969,38.1270727609954
"CSS",1970,38.3044500754199
"CSS",1971,38.5284222285907
"CSS",1972,38.9544491319835
"CSS",1973,39.5813262521986
"CSS",1974,40.1989663898327
"CSS",1975,40.8097888523208
"CSS",1976,41.4121483508131
"CSS",1977,41.9994914219532
"CSS",1978,42.5717552259284
"CSS",1979,43.1260839207046
"CSS",1980,43.6667061575705
"CSS",1981,43.7909614517719
"CSS",1982,43.9513470699549
"CSS",1983,44.1272170488414
"CSS",1984,44.3210802782994
"CSS",1985,44.5328107488721
"CSS",1986,44.7545348565352
"CSS",1987,44.9731973302137
"CSS",1988,45.2032235900258
"CSS",1989,45.4458077539829
"CSS",1990,45.6619866340151
"CSS",1991,45.7823019861781
"CSS",1992,45.7982257889504
"CSS",1993,45.8032408670749
"CSS",1994,45.8153689343214
"CSS",1995,45.8589258993709
"CSS",1996,45.918956476322
"CSS",1997,45.9782636416172
"CSS",1998,46.0375127405338
"CSS",1999,46.0959515150424
"CSS",2000,46.1614288819646
"CSS",2001,46.2330574731732
"CSS",2002,46.2426613692573
"CSS",2003,46.2208378733619
"CSS",2004,46.1779100731247
"CSS",2005,46.1025967442887
"CSS",2006,46.0373037180381
"CSS",2007,45.9832177995448
"CSS",2008,45.9301687606675
"CSS",2009,45.8810734769862
"CSS",2010,45.8463121328075
"CSS",2011,45.8636628992916
"CSS",2012,45.9293895120057
"CSS",2013,45.979678822128
"CSS",2014,46.0395441450318
"CSS",2015,46.101781325771
"CSS",2016,46.1659213928456
"CSS",2017,46.2373572113306
"CSS",2018,46.2088839898113
"CSS",2019,46.242044728917
"CSS",2020,46.3863382703163
"CSS",2021,46.4808018626376
"CSS",2022,46.6086762119173
"CSS",2023,46.7702706882452
"CSS",2024,NA
"CUB",1960,58.401
"CUB",1961,58.588
"CUB",1962,58.776
"CUB",1963,58.963
"CUB",1964,59.15
"CUB",1965,59.337
"CUB",1966,59.523
"CUB",1967,59.709
"CUB",1968,59.895
"CUB",1969,60.081
"CUB",1970,60.266
"CUB",1971,60.976
"CUB",1972,61.8
"CUB",1973,62.614
"CUB",1974,63.423
"CUB",1975,64.224
"CUB",1976,65.018
"CUB",1977,65.802
"CUB",1978,66.579
"CUB",1979,67.346
"CUB",1980,68.106
"CUB",1981,68.853
"CUB",1982,69.414
"CUB",1983,69.925
"CUB",1984,70.433
"CUB",1985,70.933
"CUB",1986,71.43
"CUB",1987,71.921
"CUB",1988,72.408
"CUB",1989,72.888
"CUB",1990,73.364
"CUB",1991,73.676
"CUB",1992,73.827
"CUB",1993,73.977
"CUB",1994,74.127
"CUB",1995,74.277
"CUB",1996,74.426
"CUB",1997,74.618
"CUB",1998,74.855
"CUB",1999,75.089
"CUB",2000,75.323
"CUB",2001,75.555
"CUB",2002,75.785
"CUB",2003,75.947
"CUB",2004,76.041
"CUB",2005,76.134
"CUB",2006,76.227
"CUB",2007,76.32
"CUB",2008,76.413
"CUB",2009,76.505
"CUB",2010,76.597
"CUB",2011,76.689
"CUB",2012,76.781
"CUB",2013,76.827
"CUB",2014,76.861
"CUB",2015,76.896
"CUB",2016,76.93
"CUB",2017,76.977
"CUB",2018,77.037
"CUB",2019,77.109
"CUB",2020,77.194
"CUB",2021,77.292
"CUB",2022,77.401
"CUB",2023,77.523
"CUB",2024,NA
"CUW",1960,74.71
"CUW",1961,75.102
"CUW",1962,75.49
"CUW",1963,75.875
"CUW",1964,76.255
"CUW",1965,76.631
"CUW",1966,77.003
"CUW",1967,77.37
"CUW",1968,77.734
"CUW",1969,78.093
"CUW",1970,78.448
"CUW",1971,78.799
"CUW",1972,79.146
"CUW",1973,79.488
"CUW",1974,79.827
"CUW",1975,80.161
"CUW",1976,80.491
"CUW",1977,80.817
"CUW",1978,81.138
"CUW",1979,81.456
"CUW",1980,81.769
"CUW",1981,82.078
"CUW",1982,82.383
"CUW",1983,82.684
"CUW",1984,82.982
"CUW",1985,83.274
"CUW",1986,83.563
"CUW",1987,83.848
"CUW",1988,84.129
"CUW",1989,84.405
"CUW",1990,84.678
"CUW",1991,84.947
"CUW",1992,85.444
"CUW",1993,86.224
"CUW",1994,86.969
"CUW",1995,87.68
"CUW",1996,88.358
"CUW",1997,89.002
"CUW",1998,89.615
"CUW",1999,90.198
"CUW",2000,90.752
"CUW",2001,91.011
"CUW",2002,90.894
"CUW",2003,90.775
"CUW",2004,90.655
"CUW",2005,90.534
"CUW",2006,90.411
"CUW",2007,90.287
"CUW",2008,90.161
"CUW",2009,90.034
"CUW",2010,89.905
"CUW",2011,89.775
"CUW",2012,89.654
"CUW",2013,89.544
"CUW",2014,89.443
"CUW",2015,89.352
"CUW",2016,89.272
"CUW",2017,89.203
"CUW",2018,89.145
"CUW",2019,89.098
"CUW",2020,89.062
"CUW",2021,89.038
"CUW",2022,89.025
"CUW",2023,89.023
"CUW",2024,NA
"CYM",1960,100
"CYM",1961,100
"CYM",1962,100
"CYM",1963,100
"CYM",1964,100
"CYM",1965,100
"CYM",1966,100
"CYM",1967,100
"CYM",1968,100
"CYM",1969,100
"CYM",1970,100
"CYM",1971,100
"CYM",1972,100
"CYM",1973,100
"CYM",1974,100
"CYM",1975,100
"CYM",1976,100
"CYM",1977,100
"CYM",1978,100
"CYM",1979,100
"CYM",1980,100
"CYM",1981,100
"CYM",1982,100
"CYM",1983,100
"CYM",1984,100
"CYM",1985,100
"CYM",1986,100
"CYM",1987,100
"CYM",1988,100
"CYM",1989,100
"CYM",1990,100
"CYM",1991,100
"CYM",1992,100
"CYM",1993,100
"CYM",1994,100
"CYM",1995,100
"CYM",1996,100
"CYM",1997,100
"CYM",1998,100
"CYM",1999,100
"CYM",2000,100
"CYM",2001,100
"CYM",2002,100
"CYM",2003,100
"CYM",2004,100
"CYM",2005,100
"CYM",2006,100
"CYM",2007,100
"CYM",2008,100
"CYM",2009,100
"CYM",2010,100
"CYM",2011,100
"CYM",2012,100
"CYM",2013,100
"CYM",2014,100
"CYM",2015,100
"CYM",2016,100
"CYM",2017,100
"CYM",2018,100
"CYM",2019,100
"CYM",2020,100
"CYM",2021,100
"CYM",2022,100
"CYM",2023,100
"CYM",2024,NA
"CYP",1960,35.628
"CYP",1961,36.175
"CYP",1962,36.674
"CYP",1963,37.176
"CYP",1964,37.681
"CYP",1965,38.188
"CYP",1966,38.698
"CYP",1967,39.21
"CYP",1968,39.726
"CYP",1969,40.242
"CYP",1970,40.761
"CYP",1971,41.283
"CYP",1972,41.807
"CYP",1973,42.757
"CYP",1974,45.007
"CYP",1975,47.277
"CYP",1976,49.563
"CYP",1977,51.843
"CYP",1978,54.119
"CYP",1979,56.378
"CYP",1980,58.614
"CYP",1981,60.809
"CYP",1982,62.964
"CYP",1983,63.822
"CYP",1984,64.252
"CYP",1985,64.678
"CYP",1986,65.102
"CYP",1987,65.524
"CYP",1988,65.945
"CYP",1989,66.361
"CYP",1990,66.776
"CYP",1991,67.188
"CYP",1992,67.598
"CYP",1993,67.792
"CYP",1994,67.915
"CYP",1995,68.038
"CYP",1996,68.161
"CYP",1997,68.283
"CYP",1998,68.405
"CYP",1999,68.527
"CYP",2000,68.648
"CYP",2001,68.769
"CYP",2002,68.694
"CYP",2003,68.553
"CYP",2004,68.41
"CYP",2005,68.268
"CYP",2006,68.125
"CYP",2007,67.982
"CYP",2008,67.839
"CYP",2009,67.695
"CYP",2010,67.551
"CYP",2011,67.406
"CYP",2012,67.261
"CYP",2013,67.137
"CYP",2014,67.031
"CYP",2015,66.946
"CYP",2016,66.881
"CYP",2017,66.836
"CYP",2018,66.81
"CYP",2019,66.805
"CYP",2020,66.821
"CYP",2021,66.856
"CYP",2022,66.911
"CYP",2023,66.987
"CYP",2024,NA
"CZE",1960,59.548
"CZE",1961,60.063
"CZE",1962,60.555
"CZE",1963,61.044
"CZE",1964,61.532
"CZE",1965,62.016
"CZE",1966,62.498
"CZE",1967,62.978
"CZE",1968,63.456
"CZE",1969,63.93
"CZE",1970,64.402
"CZE",1971,65.295
"CZE",1972,66.484
"CZE",1973,67.649
"CZE",1974,68.794
"CZE",1975,69.917
"CZE",1976,71.018
"CZE",1977,72.092
"CZE",1978,73.142
"CZE",1979,74.167
"CZE",1980,75.167
"CZE",1981,75.481
"CZE",1982,75.452
"CZE",1983,75.423
"CZE",1984,75.394
"CZE",1985,75.365
"CZE",1986,75.336
"CZE",1987,75.307
"CZE",1988,75.278
"CZE",1989,75.249
"CZE",1990,75.22
"CZE",1991,75.158
"CZE",1992,75.03
"CZE",1993,74.901
"CZE",1994,74.772
"CZE",1995,74.643
"CZE",1996,74.513
"CZE",1997,74.382
"CZE",1998,74.251
"CZE",1999,74.12
"CZE",2000,73.988
"CZE",2001,73.877
"CZE",2002,73.809
"CZE",2003,73.74
"CZE",2004,73.671
"CZE",2005,73.602
"CZE",2006,73.533
"CZE",2007,73.463
"CZE",2008,73.394
"CZE",2009,73.324
"CZE",2010,73.255
"CZE",2011,73.185
"CZE",2012,73.197
"CZE",2013,73.29
"CZE",2014,73.384
"CZE",2015,73.477
"CZE",2016,73.57
"CZE",2017,73.675
"CZE",2018,73.792
"CZE",2019,73.921
"CZE",2020,74.061
"CZE",2021,74.214
"CZE",2022,74.377
"CZE",2023,74.552
"CZE",2024,NA
"DEU",1960,71.384
"DEU",1961,71.697
"DEU",1962,71.762
"DEU",1963,71.826
"DEU",1964,71.891
"DEU",1965,71.955
"DEU",1966,72.019
"DEU",1967,72.083
"DEU",1968,72.147
"DEU",1969,72.211
"DEU",1970,72.274
"DEU",1971,72.332
"DEU",1972,72.389
"DEU",1973,72.446
"DEU",1974,72.503
"DEU",1975,72.56
"DEU",1976,72.617
"DEU",1977,72.674
"DEU",1978,72.73
"DEU",1979,72.787
"DEU",1980,72.844
"DEU",1981,72.989
"DEU",1982,73.107
"DEU",1983,73.103
"DEU",1984,72.943
"DEU",1985,72.711
"DEU",1986,72.617
"DEU",1987,72.836
"DEU",1988,72.999
"DEU",1989,72.976
"DEU",1990,73.118
"DEU",1991,73.269
"DEU",1992,73.36
"DEU",1993,73.497
"DEU",1994,73.71
"DEU",1995,73.922
"DEU",1996,74.133
"DEU",1997,74.342
"DEU",1998,74.551
"DEU",1999,74.758
"DEU",2000,74.965
"DEU",2001,75.17
"DEU",2002,75.374
"DEU",2003,75.577
"DEU",2004,75.779
"DEU",2005,75.98
"DEU",2006,76.179
"DEU",2007,76.378
"DEU",2008,76.575
"DEU",2009,76.771
"DEU",2010,76.966
"DEU",2011,77.16
"DEU",2012,77.17
"DEU",2013,77.18
"DEU",2014,77.19
"DEU",2015,77.2
"DEU",2016,77.224
"DEU",2017,77.261
"DEU",2018,77.312
"DEU",2019,77.376
"DEU",2020,77.453
"DEU",2021,77.544
"DEU",2022,77.648
"DEU",2023,77.765
"DEU",2024,NA
"DJI",1960,50.325
"DJI",1961,51.448
"DJI",1962,52.619
"DJI",1963,53.787
"DJI",1964,54.952
"DJI",1965,56.109
"DJI",1966,57.26
"DJI",1967,58.404
"DJI",1968,59.54
"DJI",1969,60.664
"DJI",1970,61.777
"DJI",1971,62.878
"DJI",1972,63.968
"DJI",1973,65.04
"DJI",1974,66.099
"DJI",1975,67.142
"DJI",1976,68.17
"DJI",1977,69.178
"DJI",1978,70.169
"DJI",1979,71.141
"DJI",1980,72.096
"DJI",1981,73.028
"DJI",1982,73.942
"DJI",1983,74.504
"DJI",1984,74.715
"DJI",1985,74.925
"DJI",1986,75.134
"DJI",1987,75.341
"DJI",1988,75.548
"DJI",1989,75.753
"DJI",1990,75.957
"DJI",1991,76.114
"DJI",1992,76.161
"DJI",1993,76.207
"DJI",1994,76.254
"DJI",1995,76.3
"DJI",1996,76.347
"DJI",1997,76.393
"DJI",1998,76.439
"DJI",1999,76.485
"DJI",2000,76.532
"DJI",2001,76.578
"DJI",2002,76.624
"DJI",2003,76.67
"DJI",2004,76.716
"DJI",2005,76.761
"DJI",2006,76.807
"DJI",2007,76.853
"DJI",2008,76.899
"DJI",2009,76.944
"DJI",2010,76.999
"DJI",2011,77.064
"DJI",2012,77.138
"DJI",2013,77.222
"DJI",2014,77.314
"DJI",2015,77.417
"DJI",2016,77.528
"DJI",2017,77.648
"DJI",2018,77.777
"DJI",2019,77.915
"DJI",2020,78.062
"DJI",2021,78.217
"DJI",2022,78.38
"DJI",2023,78.552
"DJI",2024,NA
"DMA",1960,37.846
"DMA",1961,37.912
"DMA",1962,37.979
"DMA",1963,38.046
"DMA",1964,38.113
"DMA",1965,38.18
"DMA",1966,38.247
"DMA",1967,38.314
"DMA",1968,38.381
"DMA",1969,38.448
"DMA",1970,38.683
"DMA",1971,39.47
"DMA",1972,40.264
"DMA",1973,41.061
"DMA",1974,41.864
"DMA",1975,42.671
"DMA",1976,43.484
"DMA",1977,44.297
"DMA",1978,45.115
"DMA",1979,45.935
"DMA",1980,46.759
"DMA",1981,47.793
"DMA",1982,49.524
"DMA",1983,51.257
"DMA",1984,52.99
"DMA",1985,54.71
"DMA",1986,56.422
"DMA",1987,58.118
"DMA",1988,59.798
"DMA",1989,61.45
"DMA",1990,63.079
"DMA",1991,64.482
"DMA",1992,64.569
"DMA",1993,64.656
"DMA",1994,64.744
"DMA",1995,64.831
"DMA",1996,64.918
"DMA",1997,65.005
"DMA",1998,65.092
"DMA",1999,65.179
"DMA",2000,65.265
"DMA",2001,65.382
"DMA",2002,65.689
"DMA",2003,65.994
"DMA",2004,66.299
"DMA",2005,66.601
"DMA",2006,66.903
"DMA",2007,67.203
"DMA",2008,67.502
"DMA",2009,67.799
"DMA",2010,68.094
"DMA",2011,68.389
"DMA",2012,68.685
"DMA",2013,68.982
"DMA",2014,69.28
"DMA",2015,69.579
"DMA",2016,69.88
"DMA",2017,70.181
"DMA",2018,70.483
"DMA",2019,70.786
"DMA",2020,71.09
"DMA",2021,71.395
"DMA",2022,71.7
"DMA",2023,72.006
"DMA",2024,NA
"DNK",1960,73.687
"DNK",1961,74.417
"DNK",1962,75.093
"DNK",1963,75.757
"DNK",1964,76.409
"DNK",1965,77.048
"DNK",1966,77.619
"DNK",1967,78.163
"DNK",1968,78.698
"DNK",1969,79.222
"DNK",1970,79.737
"DNK",1971,80.239
"DNK",1972,80.731
"DNK",1973,81.211
"DNK",1974,81.683
"DNK",1975,82.146
"DNK",1976,82.6
"DNK",1977,82.886
"DNK",1978,83.169
"DNK",1979,83.448
"DNK",1980,83.723
"DNK",1981,83.915
"DNK",1982,84.025
"DNK",1983,84.134
"DNK",1984,84.243
"DNK",1985,84.351
"DNK",1986,84.458
"DNK",1987,84.565
"DNK",1988,84.671
"DNK",1989,84.777
"DNK",1990,84.843
"DNK",1991,84.871
"DNK",1992,84.898
"DNK",1993,84.925
"DNK",1994,84.952
"DNK",1995,84.979
"DNK",1996,85.006
"DNK",1997,85.033
"DNK",1998,85.06
"DNK",1999,85.086
"DNK",2000,85.1
"DNK",2001,85.15
"DNK",2002,85.25
"DNK",2003,85.36
"DNK",2004,85.566
"DNK",2005,85.856
"DNK",2006,86.098
"DNK",2007,86.293
"DNK",2008,86.487
"DNK",2009,86.654
"DNK",2010,86.795
"DNK",2011,86.957
"DNK",2012,87.142
"DNK",2013,87.292
"DNK",2014,87.41
"DNK",2015,87.526
"DNK",2016,87.642
"DNK",2017,87.757
"DNK",2018,87.874
"DNK",2019,87.994
"DNK",2020,88.116
"DNK",2021,88.24
"DNK",2022,88.367
"DNK",2023,88.495
"DNK",2024,NA
"DOM",1960,30.191
"DOM",1961,31.112
"DOM",1962,32.074
"DOM",1963,33.052
"DOM",1964,34.046
"DOM",1965,35.052
"DOM",1966,36.073
"DOM",1967,37.106
"DOM",1968,38.153
"DOM",1969,39.207
"DOM",1970,40.274
"DOM",1971,41.351
"DOM",1972,42.437
"DOM",1973,43.527
"DOM",1974,44.626
"DOM",1975,45.729
"DOM",1976,46.838
"DOM",1977,47.948
"DOM",1978,49.061
"DOM",1979,50.175
"DOM",1980,51.29
"DOM",1981,52.401
"DOM",1982,53.05
"DOM",1983,53.323
"DOM",1984,53.596
"DOM",1985,53.868
"DOM",1986,54.14
"DOM",1987,54.412
"DOM",1988,54.684
"DOM",1989,54.955
"DOM",1990,55.226
"DOM",1991,55.497
"DOM",1992,55.767
"DOM",1993,56.037
"DOM",1994,56.752
"DOM",1995,57.598
"DOM",1996,58.441
"DOM",1997,59.276
"DOM",1998,60.107
"DOM",1999,60.933
"DOM",2000,61.753
"DOM",2001,62.565
"DOM",2002,63.371
"DOM",2003,64.605
"DOM",2004,66.003
"DOM",2005,67.37
"DOM",2006,68.71
"DOM",2007,70.02
"DOM",2008,71.3
"DOM",2009,72.542
"DOM",2010,73.753
"DOM",2011,74.827
"DOM",2012,75.802
"DOM",2013,76.749
"DOM",2014,77.67
"DOM",2015,78.566
"DOM",2016,79.436
"DOM",2017,80.277
"DOM",2018,81.074
"DOM",2019,81.828
"DOM",2020,82.54
"DOM",2021,83.213
"DOM",2022,83.848
"DOM",2023,84.446
"DOM",2024,NA
"DZA",1960,30.51
"DZA",1961,31.797
"DZA",1962,33.214
"DZA",1963,34.662
"DZA",1964,36.141
"DZA",1965,37.643
"DZA",1966,38.84
"DZA",1967,39.004
"DZA",1968,39.169
"DZA",1969,39.334
"DZA",1970,39.5
"DZA",1971,39.665
"DZA",1972,39.831
"DZA",1973,39.997
"DZA",1974,40.163
"DZA",1975,40.33
"DZA",1976,40.497
"DZA",1977,40.928
"DZA",1978,41.794
"DZA",1979,42.665
"DZA",1980,43.542
"DZA",1981,44.42
"DZA",1982,45.303
"DZA",1983,46.189
"DZA",1984,47.079
"DZA",1985,47.968
"DZA",1986,48.86
"DZA",1987,49.722
"DZA",1988,50.511
"DZA",1989,51.298
"DZA",1990,52.085
"DZA",1991,52.871
"DZA",1992,53.657
"DZA",1993,54.439
"DZA",1994,55.219
"DZA",1995,55.997
"DZA",1996,56.774
"DZA",1997,57.544
"DZA",1998,58.313
"DZA",1999,59.118
"DZA",2000,59.919
"DZA",2001,60.712
"DZA",2002,61.501
"DZA",2003,62.284
"DZA",2004,63.061
"DZA",2005,63.83
"DZA",2006,64.593
"DZA",2007,65.348
"DZA",2008,66.097
"DZA",2009,66.826
"DZA",2010,67.54
"DZA",2011,68.236
"DZA",2012,68.915
"DZA",2013,69.576
"DZA",2014,70.221
"DZA",2015,70.848
"DZA",2016,71.459
"DZA",2017,72.052
"DZA",2018,72.629
"DZA",2019,73.189
"DZA",2020,73.733
"DZA",2021,74.261
"DZA",2022,74.772
"DZA",2023,75.268
"DZA",2024,NA
"EAP",1960,16.9511618131687
"EAP",1961,17.4240002796017
"EAP",1962,17.895906788159
"EAP",1963,18.3696744916475
"EAP",1964,18.8518596667106
"EAP",1965,18.7827942126573
"EAP",1966,18.7439622288292
"EAP",1967,18.7439526688509
"EAP",1968,18.7581482002381
"EAP",1969,18.7816402461317
"EAP",1970,18.8097839741778
"EAP",1971,18.8384648045647
"EAP",1972,18.887555239806
"EAP",1973,19.0223813178244
"EAP",1974,19.2335327676005
"EAP",1975,19.2975650082823
"EAP",1976,19.4619417727007
"EAP",1977,19.6314538529243
"EAP",1978,20.03694312448
"EAP",1979,20.6850081456248
"EAP",1980,21.3625946648549
"EAP",1981,22.0709784310614
"EAP",1982,22.7937245836048
"EAP",1983,23.419139213997
"EAP",1984,24.062707197109
"EAP",1985,24.7159964381735
"EAP",1986,25.3791398245552
"EAP",1987,26.0544583723562
"EAP",1988,26.7433917320689
"EAP",1989,27.4445771403528
"EAP",1990,28.158422830159
"EAP",1991,28.9364810452578
"EAP",1992,29.7376493638806
"EAP",1993,30.5513446025258
"EAP",1994,31.3772930190544
"EAP",1995,32.2147441850916
"EAP",1996,33.0676803640114
"EAP",1997,33.9300136462807
"EAP",1998,34.8081277500817
"EAP",1999,35.7008021708453
"EAP",2000,36.6172744751306
"EAP",2001,37.6453993908773
"EAP",2002,38.7527561796692
"EAP",2003,39.8724608531232
"EAP",2004,41.0033495519225
"EAP",2005,42.138525220804
"EAP",2006,43.2464228822115
"EAP",2007,44.3390203931955
"EAP",2008,45.4360027878237
"EAP",2009,46.5352874881402
"EAP",2010,47.6373514132382
"EAP",2011,48.6753704718916
"EAP",2012,49.6877540842409
"EAP",2013,50.6939122439899
"EAP",2014,51.6973010333852
"EAP",2015,52.695650436027
"EAP",2016,53.6897778094006
"EAP",2017,54.6759933117768
"EAP",2018,55.6392400876998
"EAP",2019,56.5760210675401
"EAP",2020,57.4845396808942
"EAP",2021,58.3655369003636
"EAP",2022,59.2214841637791
"EAP",2023,60.0489417681404
"EAP",2024,NA
"EAR",1960,22.8784811237719
"EAR",1961,23.1655715664594
"EAR",1962,23.4895231711328
"EAR",1963,23.8179551513059
"EAR",1964,24.1514815764335
"EAR",1965,24.4918755612815
"EAR",1966,24.8412127017781
"EAR",1967,25.1937754065066
"EAR",1968,25.5441231483193
"EAR",1969,25.8983224228539
"EAR",1970,26.2536042238288
"EAR",1971,26.6349283837884
"EAR",1972,27.0711118635302
"EAR",1973,27.5022273684067
"EAR",1974,27.9371169399425
"EAR",1975,28.2587258685918
"EAR",1976,28.7062482326157
"EAR",1977,29.1560211283457
"EAR",1978,29.6161443673104
"EAR",1979,30.0758554664074
"EAR",1980,30.5534955519865
"EAR",1981,31.0451678875902
"EAR",1982,31.4625046050792
"EAR",1983,31.8822332392915
"EAR",1984,32.3110402085368
"EAR",1985,32.7452620918487
"EAR",1986,33.1769957521146
"EAR",1987,33.5958007640802
"EAR",1988,34.0101459753495
"EAR",1989,34.4242412040147
"EAR",1990,34.8710688348765
"EAR",1991,35.2373931706686
"EAR",1992,35.5794727735744
"EAR",1993,35.9112310753669
"EAR",1994,36.2621035054067
"EAR",1995,36.6120282827981
"EAR",1996,36.932908945386
"EAR",1997,37.2531557271776
"EAR",1998,37.5833910365375
"EAR",1999,37.9140294954528
"EAR",2000,38.2479884233456
"EAR",2001,38.5738998095604
"EAR",2002,38.9324288858957
"EAR",2003,39.2908672452613
"EAR",2004,39.6553695908555
"EAR",2005,40.0254075283237
"EAR",2006,40.4041156940663
"EAR",2007,40.7769666713782
"EAR",2008,41.1574165001313
"EAR",2009,41.5380760267634
"EAR",2010,41.9029813707321
"EAR",2011,42.2694370720537
"EAR",2012,42.6346426000162
"EAR",2013,43.0159492361881
"EAR",2014,43.4013542045574
"EAR",2015,43.8136019607097
"EAR",2016,44.2160174055837
"EAR",2017,44.6014670203505
"EAR",2018,44.9830331970367
"EAR",2019,45.3762640144949
"EAR",2020,45.7878149257313
"EAR",2021,46.185409692723
"EAR",2022,46.6251546023672
"EAR",2023,47.0682198755164
"EAR",2024,NA
"EAS",1960,22.6267323397035
"EAS",1961,23.2115995096024
"EAS",1962,23.7387746084707
"EAS",1963,24.2035243555501
"EAS",1964,24.6813962658881
"EAS",1965,24.6845580267208
"EAS",1966,24.6839727689632
"EAS",1967,24.7336250162333
"EAS",1968,24.8033654416995
"EAS",1969,24.8788871649915
"EAS",1970,24.9575643755774
"EAS",1971,25.0728146207895
"EAS",1972,25.1736774173782
"EAS",1973,25.3540608786301
"EAS",1974,25.6120144176865
"EAS",1975,25.7478921226008
"EAS",1976,25.9410704913014
"EAS",1977,26.1311408554202
"EAS",1978,26.5260860929343
"EAS",1979,27.1371756550631
"EAS",1980,27.7711591944604
"EAS",1981,28.4365326785258
"EAS",1982,29.1040425213775
"EAS",1983,29.6814834665431
"EAS",1984,30.2744282990656
"EAS",1985,30.8700720373226
"EAS",1986,31.4779922911234
"EAS",1987,32.1008072352063
"EAS",1988,32.7299241555747
"EAS",1989,33.3708351249505
"EAS",1990,34.0207088698266
"EAS",1991,34.7155809498157
"EAS",1992,35.4179741369576
"EAS",1993,36.1330020550468
"EAS",1994,36.8617685509504
"EAS",1995,37.6016118895962
"EAS",1996,38.3546723502604
"EAS",1997,39.1053281916166
"EAS",1998,39.8729274983048
"EAS",1999,40.6532788102548
"EAS",2000,41.4610353715653
"EAS",2001,42.4512936275273
"EAS",2002,43.5330300204815
"EAS",2003,44.6158597852124
"EAS",2004,45.7023209102196
"EAS",2005,46.7853720162275
"EAS",2006,47.8347136993276
"EAS",2007,48.8657980593705
"EAS",2008,49.8986960290052
"EAS",2009,50.9238337525509
"EAS",2010,51.9469002743605
"EAS",2011,52.873230697114
"EAS",2012,53.7643617758052
"EAS",2013,54.6496650596793
"EAS",2014,55.5360592269389
"EAS",2015,56.4205224809368
"EAS",2016,57.3027481588233
"EAS",2017,58.1765611121294
"EAS",2018,59.0346049837374
"EAS",2019,59.8725583443197
"EAS",2020,60.6822345154889
"EAS",2021,61.4594002340012
"EAS",2022,62.2257323013253
"EAS",2023,62.9823809878791
"EAS",2024,NA
"ECA",1960,38.7021152293627
"ECA",1961,39.3207644806972
"ECA",1962,39.9323705283941
"ECA",1963,40.5435061565799
"ECA",1964,41.1562774152946
"ECA",1965,41.799776759461
"ECA",1966,42.4800628793958
"ECA",1967,43.1783090629227
"ECA",1968,43.8771748758336
"ECA",1969,44.5705573022749
"ECA",1970,45.2577981018052
"ECA",1971,45.8953424483014
"ECA",1972,46.4921080328241
"ECA",1973,47.0841445032669
"ECA",1974,47.6695232413567
"ECA",1975,48.2128360125637
"ECA",1976,48.7141185278921
"ECA",1977,49.1918256922057
"ECA",1978,49.6673022506302
"ECA",1979,50.1051068162352
"ECA",1980,50.4959004743251
"ECA",1981,51.1294253062017
"ECA",1982,51.8428179738707
"ECA",1983,52.5568593013403
"ECA",1984,53.2767948170889
"ECA",1985,53.9637109236398
"ECA",1986,54.5623936858157
"ECA",1987,55.1175452184096
"ECA",1988,55.6699744082895
"ECA",1989,56.1294969712327
"ECA",1990,56.4927476026318
"ECA",1991,56.7257182743949
"ECA",1992,56.9096032254028
"ECA",1993,57.1054333787151
"ECA",1994,57.2809015080174
"ECA",1995,57.4436700759071
"ECA",1996,57.5990532208175
"ECA",1997,57.7625056166617
"ECA",1998,57.9421177715216
"ECA",1999,58.140260811789
"ECA",2000,58.3666592478037
"ECA",2001,58.6209775891209
"ECA",2002,58.913248330494
"ECA",2003,59.2249325901427
"ECA",2004,59.5415479167573
"ECA",2005,59.8615335086151
"ECA",2006,60.1832466998389
"ECA",2007,60.4846267987071
"ECA",2008,60.8097209766359
"ECA",2009,61.1348068231508
"ECA",2010,61.4519143883621
"ECA",2011,61.732647511794
"ECA",2012,61.9656150114316
"ECA",2013,62.1908384208986
"ECA",2014,62.4124062868629
"ECA",2015,62.6317844561669
"ECA",2016,62.8526182504972
"ECA",2017,63.072832038895
"ECA",2018,63.3012882559489
"ECA",2019,63.5381111841023
"ECA",2020,63.7630363446656
"ECA",2021,63.9918896398853
"ECA",2022,64.1696236457986
"ECA",2023,64.3254436139662
"ECA",2024,NA
"ECS",1960,55.5531586331214
"ECS",1961,56.0815544679835
"ECS",1962,56.6083872671676
"ECS",1963,57.1606311646178
"ECS",1964,57.7116872718099
"ECS",1965,58.2714178777038
"ECS",1966,58.8284756694205
"ECS",1967,59.3714978423662
"ECS",1968,59.8960320214994
"ECS",1969,60.3908609619173
"ECS",1970,60.8808696480032
"ECS",1971,61.3551372579754
"ECS",1972,61.8177988250414
"ECS",1973,62.2682874560277
"ECS",1974,62.7089680668784
"ECS",1975,63.1166013337479
"ECS",1976,63.4982082315867
"ECS",1977,63.8825021103974
"ECS",1978,64.2714301018171
"ECS",1979,64.6253687500748
"ECS",1980,64.9328663633894
"ECS",1981,65.2722918593574
"ECS",1982,65.5756526282047
"ECS",1983,65.8613064427928
"ECS",1984,66.1363935183147
"ECS",1985,66.4014243571034
"ECS",1986,66.6607042905936
"ECS",1987,66.9403121507168
"ECS",1988,67.2191909207101
"ECS",1989,67.4173572425818
"ECS",1990,67.5617149596775
"ECS",1991,67.6950459424704
"ECS",1992,67.8061314924259
"ECS",1993,67.9120234110695
"ECS",1994,68.0232136292937
"ECS",1995,68.1327712809994
"ECS",1996,68.2368672231317
"ECS",1997,68.3436208688418
"ECS",1998,68.455044838065
"ECS",1999,68.5714218019653
"ECS",2000,68.699913182457
"ECS",2001,68.8544750740073
"ECS",2002,69.0541416669915
"ECS",2003,69.2635940307365
"ECS",2004,69.4759232853191
"ECS",2005,69.690961453835
"ECS",2006,69.9050546375869
"ECS",2007,70.1223865584287
"ECS",2008,70.3362357803475
"ECS",2009,70.5418207621997
"ECS",2010,70.7438067645058
"ECS",2011,70.9272351153772
"ECS",2012,71.1012232059316
"ECS",2013,71.2719146004369
"ECS",2014,71.4419389968593
"ECS",2015,71.6192623024742
"ECS",2016,71.801745874667
"ECS",2017,71.9882838029518
"ECS",2018,72.1818246275918
"ECS",2019,72.3830940725787
"ECS",2020,72.5854745019038
"ECS",2021,72.8021870551272
"ECS",2022,73.0427838423205
"ECS",2023,73.2784818081305
"ECS",2024,NA
"ECU",1960,33.878
"ECU",1961,34.466
"ECU",1962,35.06
"ECU",1963,35.606
"ECU",1964,36.122
"ECU",1965,36.64
"ECU",1966,37.162
"ECU",1967,37.686
"ECU",1968,38.215
"ECU",1969,38.744
"ECU",1970,39.278
"ECU",1971,39.813
"ECU",1972,40.352
"ECU",1973,40.892
"ECU",1974,41.457
"ECU",1975,42.363
"ECU",1976,43.276
"ECU",1977,44.191
"ECU",1978,45.111
"ECU",1979,46.034
"ECU",1980,46.961
"ECU",1981,47.888
"ECU",1982,48.818
"ECU",1983,49.658
"ECU",1984,50.438
"ECU",1985,51.215
"ECU",1986,51.993
"ECU",1987,52.769
"ECU",1988,53.546
"ECU",1989,54.318
"ECU",1990,55.09
"ECU",1991,55.709
"ECU",1992,56.226
"ECU",1993,56.74
"ECU",1994,57.254
"ECU",1995,57.766
"ECU",1996,58.277
"ECU",1997,58.785
"ECU",1998,59.291
"ECU",1999,59.796
"ECU",2000,60.299
"ECU",2001,60.799
"ECU",2002,61.118
"ECU",2003,61.316
"ECU",2004,61.514
"ECU",2005,61.711
"ECU",2006,61.907
"ECU",2007,62.104
"ECU",2008,62.3
"ECU",2009,62.495
"ECU",2010,62.69
"ECU",2011,62.851
"ECU",2012,62.988
"ECU",2013,63.125
"ECU",2014,63.261
"ECU",2015,63.398
"ECU",2016,63.534
"ECU",2017,63.67
"ECU",2018,63.821
"ECU",2019,63.986
"ECU",2020,64.166
"ECU",2021,64.361
"ECU",2022,64.57
"ECU",2023,64.792
"ECU",2024,NA
"EGY",1960,37.864
"EGY",1961,38.272
"EGY",1962,38.624
"EGY",1963,38.977
"EGY",1964,39.331
"EGY",1965,39.686
"EGY",1966,40.042
"EGY",1967,40.399
"EGY",1968,40.758
"EGY",1969,41.117
"EGY",1970,41.477
"EGY",1971,41.838
"EGY",1972,42.2
"EGY",1973,42.563
"EGY",1974,42.926
"EGY",1975,43.291
"EGY",1976,43.656
"EGY",1977,43.81
"EGY",1978,43.826
"EGY",1979,43.842
"EGY",1980,43.858
"EGY",1981,43.874
"EGY",1982,43.89
"EGY",1983,43.906
"EGY",1984,43.922
"EGY",1985,43.938
"EGY",1986,43.954
"EGY",1987,43.877
"EGY",1988,43.744
"EGY",1989,43.611
"EGY",1990,43.478
"EGY",1991,43.345
"EGY",1992,43.212
"EGY",1993,43.079
"EGY",1994,42.946
"EGY",1995,42.814
"EGY",1996,42.681
"EGY",1997,42.658
"EGY",1998,42.704
"EGY",1999,42.75
"EGY",2000,42.797
"EGY",2001,42.843
"EGY",2002,42.889
"EGY",2003,42.935
"EGY",2004,42.981
"EGY",2005,43.027
"EGY",2006,43.073
"EGY",2007,43.078
"EGY",2008,43.058
"EGY",2009,43.039
"EGY",2010,43.019
"EGY",2011,43
"EGY",2012,42.946
"EGY",2013,42.893
"EGY",2014,42.839
"EGY",2015,42.785
"EGY",2016,42.732
"EGY",2017,42.705
"EGY",2018,42.704
"EGY",2019,42.73
"EGY",2020,42.783
"EGY",2021,42.862
"EGY",2022,42.967
"EGY",2023,43.1
"EGY",2024,NA
"EMU",1960,61.5989140348379
"EMU",1961,62.082395574484
"EMU",1962,62.5793427740466
"EMU",1963,63.1427769796599
"EMU",1964,63.7050412705651
"EMU",1965,64.2652682259879
"EMU",1966,64.8233339967682
"EMU",1967,65.3746341185727
"EMU",1968,65.8796331122695
"EMU",1969,66.3105174485487
"EMU",1970,66.7318813150293
"EMU",1971,67.1322516674239
"EMU",1972,67.4728390536132
"EMU",1973,67.7915966815168
"EMU",1974,68.0988628072456
"EMU",1975,68.3584713668916
"EMU",1976,68.5868897414306
"EMU",1977,68.836245796136
"EMU",1978,69.0873303994695
"EMU",1979,69.3369727205215
"EMU",1980,69.5853305174869
"EMU",1981,69.8303281520472
"EMU",1982,69.9870959150214
"EMU",1983,70.0987145868906
"EMU",1984,70.1699020015188
"EMU",1985,70.2259740203888
"EMU",1986,70.3183838886429
"EMU",1987,70.4894710909138
"EMU",1988,70.6516889212549
"EMU",1989,70.7637966481984
"EMU",1990,70.9148936965099
"EMU",1991,71.0869764235838
"EMU",1992,71.245533806601
"EMU",1993,71.4103461896313
"EMU",1994,71.591092123119
"EMU",1995,71.7723044852666
"EMU",1996,71.9535595313909
"EMU",1997,72.1299808095528
"EMU",1998,72.3031613141413
"EMU",1999,72.4819824222129
"EMU",2000,72.674521459245
"EMU",2001,72.8906760299051
"EMU",2002,73.1342914389354
"EMU",2003,73.3850845090814
"EMU",2004,73.6308379311167
"EMU",2005,73.8739003726557
"EMU",2006,74.1119602383603
"EMU",2007,74.3413271780105
"EMU",2008,74.5683364825383
"EMU",2009,74.7963440171524
"EMU",2010,75.0274125268731
"EMU",2011,75.2541229549631
"EMU",2012,75.4699145974474
"EMU",2013,75.677412949049
"EMU",2014,75.8790748769607
"EMU",2015,76.0938455855491
"EMU",2016,76.3109869847735
"EMU",2017,76.5330323551854
"EMU",2018,76.7602257724378
"EMU",2019,77.0019990002021
"EMU",2020,77.237576107379
"EMU",2021,77.4745788094599
"EMU",2022,77.7142540022899
"EMU",2023,77.9563809114008
"EMU",2024,NA
"ERI",1960,9.799
"ERI",1961,10.114
"ERI",1962,10.438
"ERI",1963,10.772
"ERI",1964,11.115
"ERI",1965,11.466
"ERI",1966,11.828
"ERI",1967,12.2
"ERI",1968,12.358
"ERI",1969,12.517
"ERI",1970,12.678
"ERI",1971,12.841
"ERI",1972,13.006
"ERI",1973,13.173
"ERI",1974,13.341
"ERI",1975,13.511
"ERI",1976,13.684
"ERI",1977,13.857
"ERI",1978,14.033
"ERI",1979,14.211
"ERI",1980,14.39
"ERI",1981,14.572
"ERI",1982,14.755
"ERI",1983,14.94
"ERI",1984,15.182
"ERI",1985,15.757
"ERI",1986,16.351
"ERI",1987,16.962
"ERI",1988,17.592
"ERI",1989,18.239
"ERI",1990,18.905
"ERI",1991,19.59
"ERI",1992,20.294
"ERI",1993,21.015
"ERI",1994,21.755
"ERI",1995,22.514
"ERI",1996,23.293
"ERI",1997,24.088
"ERI",1998,24.903
"ERI",1999,25.735
"ERI",2000,26.587
"ERI",2001,27.455
"ERI",2002,28.341
"ERI",2003,29.244
"ERI",2004,30.164
"ERI",2005,31.099
"ERI",2006,32.051
"ERI",2007,33.017
"ERI",2008,34
"ERI",2009,34.585
"ERI",2010,35.175
"ERI",2011,35.771
"ERI",2012,36.372
"ERI",2013,36.979
"ERI",2014,37.59
"ERI",2015,38.206
"ERI",2016,38.827
"ERI",2017,39.451
"ERI",2018,40.08
"ERI",2019,40.712
"ERI",2020,41.347
"ERI",2021,41.985
"ERI",2022,42.625
"ERI",2023,43.267
"ERI",2024,NA
"ESP",1960,56.567
"ESP",1961,57.303
"ESP",1962,58.308
"ESP",1963,59.306
"ESP",1964,60.298
"ESP",1965,61.278
"ESP",1966,62.251
"ESP",1967,63.214
"ESP",1968,64.168
"ESP",1969,65.108
"ESP",1970,66.038
"ESP",1971,66.848
"ESP",1972,67.541
"ESP",1973,68.224
"ESP",1974,68.901
"ESP",1975,69.57
"ESP",1976,70.231
"ESP",1977,70.883
"ESP",1978,71.527
"ESP",1979,72.162
"ESP",1980,72.789
"ESP",1981,73.279
"ESP",1982,73.515
"ESP",1983,73.749
"ESP",1984,73.982
"ESP",1985,74.213
"ESP",1986,74.444
"ESP",1987,74.673
"ESP",1988,74.9
"ESP",1989,75.126
"ESP",1990,75.351
"ESP",1991,75.528
"ESP",1992,75.61
"ESP",1993,75.692
"ESP",1994,75.774
"ESP",1995,75.856
"ESP",1996,75.938
"ESP",1997,76.019
"ESP",1998,76.1
"ESP",1999,76.181
"ESP",2000,76.262
"ESP",2001,76.343
"ESP",2002,76.533
"ESP",2003,76.778
"ESP",2004,77.022
"ESP",2005,77.263
"ESP",2006,77.502
"ESP",2007,77.74
"ESP",2008,77.976
"ESP",2009,78.21
"ESP",2010,78.442
"ESP",2011,78.673
"ESP",2012,78.902
"ESP",2013,79.133
"ESP",2014,79.366
"ESP",2015,79.602
"ESP",2016,79.84
"ESP",2017,80.08
"ESP",2018,80.321
"ESP",2019,80.565
"ESP",2020,80.81
"ESP",2021,81.056
"ESP",2022,81.304
"ESP",2023,81.552
"ESP",2024,NA
"EST",1960,57.533
"EST",1961,58.304
"EST",1962,59.072
"EST",1963,59.836
"EST",1964,60.596
"EST",1965,61.348
"EST",1966,62.097
"EST",1967,62.839
"EST",1968,63.577
"EST",1969,64.307
"EST",1970,64.947
"EST",1971,65.483
"EST",1972,66.017
"EST",1973,66.545
"EST",1974,67.069
"EST",1975,67.589
"EST",1976,68.106
"EST",1977,68.617
"EST",1978,69.124
"EST",1979,69.497
"EST",1980,69.711
"EST",1981,69.924
"EST",1982,70.136
"EST",1983,70.347
"EST",1984,70.558
"EST",1985,70.767
"EST",1986,70.975
"EST",1987,71.183
"EST",1988,71.39
"EST",1989,71.415
"EST",1990,71.231
"EST",1991,71.046
"EST",1992,70.86
"EST",1993,70.674
"EST",1994,70.487
"EST",1995,70.3
"EST",1996,70.111
"EST",1997,69.923
"EST",1998,69.733
"EST",1999,69.543
"EST",2000,69.368
"EST",2001,69.242
"EST",2002,69.116
"EST",2003,68.989
"EST",2004,68.862
"EST",2005,68.735
"EST",2006,68.607
"EST",2007,68.479
"EST",2008,68.351
"EST",2009,68.223
"EST",2010,68.094
"EST",2011,67.965
"EST",2012,67.974
"EST",2013,68.122
"EST",2014,68.269
"EST",2015,68.416
"EST",2016,68.563
"EST",2017,68.717
"EST",2018,68.88
"EST",2019,69.051
"EST",2020,69.229
"EST",2021,69.415
"EST",2022,69.609
"EST",2023,69.81
"EST",2024,NA
"ETH",1960,6.433
"ETH",1961,6.65
"ETH",1962,6.874
"ETH",1963,7.104
"ETH",1964,7.342
"ETH",1965,7.587
"ETH",1966,7.84
"ETH",1967,8.1
"ETH",1968,8.26
"ETH",1969,8.422
"ETH",1970,8.588
"ETH",1971,8.756
"ETH",1972,8.928
"ETH",1973,9.102
"ETH",1974,9.279
"ETH",1975,9.46
"ETH",1976,9.644
"ETH",1977,9.83
"ETH",1978,10.02
"ETH",1979,10.214
"ETH",1980,10.41
"ETH",1981,10.61
"ETH",1982,10.813
"ETH",1983,11.02
"ETH",1984,11.232
"ETH",1985,11.453
"ETH",1986,11.679
"ETH",1987,11.909
"ETH",1988,12.143
"ETH",1989,12.38
"ETH",1990,12.621
"ETH",1991,12.867
"ETH",1992,13.116
"ETH",1993,13.37
"ETH",1994,13.627
"ETH",1995,13.827
"ETH",1996,14.006
"ETH",1997,14.186
"ETH",1998,14.369
"ETH",1999,14.553
"ETH",2000,14.74
"ETH",2001,14.927
"ETH",2002,15.118
"ETH",2003,15.31
"ETH",2004,15.504
"ETH",2005,15.7
"ETH",2006,15.899
"ETH",2007,16.116
"ETH",2008,16.51
"ETH",2009,16.91
"ETH",2010,17.319
"ETH",2011,17.735
"ETH",2012,18.16
"ETH",2013,18.575
"ETH",2014,18.998
"ETH",2015,19.428
"ETH",2016,19.866
"ETH",2017,20.31
"ETH",2018,20.763
"ETH",2019,21.225
"ETH",2020,21.695
"ETH",2021,22.174
"ETH",2022,22.661
"ETH",2023,23.157
"ETH",2024,NA
"EUU",1960,58.683851278509
"EUU",1961,59.2224359198533
"EUU",1962,59.7572715872213
"EUU",1963,60.3414249783147
"EUU",1964,60.9248157856746
"EUU",1965,61.5109841402173
"EUU",1966,62.0811688016023
"EUU",1967,62.6189616255052
"EUU",1968,63.1227916191935
"EUU",1969,63.5757658671769
"EUU",1970,64.0228377372326
"EUU",1971,64.4693494121661
"EUU",1972,64.8804945531598
"EUU",1973,65.2728830434736
"EUU",1974,65.6528474640996
"EUU",1975,65.9889780823305
"EUU",1976,66.2960151245066
"EUU",1977,66.6229670648396
"EUU",1978,66.9591162642209
"EUU",1979,67.2832582573038
"EUU",1980,67.5919957662218
"EUU",1981,67.8645829147077
"EUU",1982,68.060299597732
"EUU",1983,68.2235273066636
"EUU",1984,68.3568033021609
"EUU",1985,68.4798656157017
"EUU",1986,68.6302291375086
"EUU",1987,68.8393716267253
"EUU",1988,69.0445031634795
"EUU",1989,69.1991049638757
"EUU",1990,69.3690920054438
"EUU",1991,69.5590006501877
"EUU",1992,69.7158907976041
"EUU",1993,69.8456835061612
"EUU",1994,69.9860393033238
"EUU",1995,70.1268366665122
"EUU",1996,70.2668131567703
"EUU",1997,70.4015256475471
"EUU",1998,70.533151845158
"EUU",1999,70.6697632296034
"EUU",2000,70.8257617510047
"EUU",2001,71.0122843858538
"EUU",2002,71.2404387504196
"EUU",2003,71.4627667936111
"EUU",2004,71.6810816966609
"EUU",2005,71.8998780569519
"EUU",2006,72.1165787877515
"EUU",2007,72.3363172684948
"EUU",2008,72.5549311128486
"EUU",2009,72.7632741378554
"EUU",2010,72.9721237218374
"EUU",2011,73.16775038702
"EUU",2012,73.3567329059977
"EUU",2013,73.539694393732
"EUU",2014,73.718578227178
"EUU",2015,73.9093394545118
"EUU",2016,74.1066695879015
"EUU",2017,74.3095469608047
"EUU",2018,74.5199347694146
"EUU",2019,74.7420903789598
"EUU",2020,74.9649568681208
"EUU",2021,75.2220512156265
"EUU",2022,75.4630131264519
"EUU",2023,75.7010243693148
"EUU",2024,NA
"FCS",1960,22.2405728418584
"FCS",1961,22.673126420747
"FCS",1962,23.1025486075691
"FCS",1963,23.5411765295412
"FCS",1964,23.9786230219244
"FCS",1965,24.4418760565969
"FCS",1966,24.9024715679625
"FCS",1967,25.3658423849483
"FCS",1968,25.8205460420394
"FCS",1969,26.274349168387
"FCS",1970,26.7142878756453
"FCS",1971,27.176964850402
"FCS",1972,27.6375667269139
"FCS",1973,28.0749125307472
"FCS",1974,28.4538674628548
"FCS",1975,28.8305271997231
"FCS",1976,29.1984372486992
"FCS",1977,29.5618431375992
"FCS",1978,29.9156480707927
"FCS",1979,30.2612335077995
"FCS",1980,30.6464568023019
"FCS",1981,31.0887016142696
"FCS",1982,31.4818028949582
"FCS",1983,31.8960239564836
"FCS",1984,32.3715292027542
"FCS",1985,32.8488852312121
"FCS",1986,33.3357453663907
"FCS",1987,33.8253970874011
"FCS",1988,34.283673357212
"FCS",1989,34.6861397101002
"FCS",1990,35.1732040413618
"FCS",1991,35.4192260571769
"FCS",1992,35.6697487714404
"FCS",1993,35.916746261391
"FCS",1994,36.0811438392806
"FCS",1995,36.2173923810698
"FCS",1996,36.391552564702
"FCS",1997,36.5790281022391
"FCS",1998,36.7641634950648
"FCS",1999,36.9575140262642
"FCS",2000,37.1691912917702
"FCS",2001,37.4540643186163
"FCS",2002,37.7155534815033
"FCS",2003,37.9791887221475
"FCS",2004,38.25502259884
"FCS",2005,38.5403322301542
"FCS",2006,38.8139538806159
"FCS",2007,39.0465050357355
"FCS",2008,39.3944970504354
"FCS",2009,39.7494228049932
"FCS",2010,40.1115303645567
"FCS",2011,40.4284190361875
"FCS",2012,40.744224534
"FCS",2013,41.0947458588812
"FCS",2014,41.4493013991037
"FCS",2015,41.8328369417415
"FCS",2016,42.2140242756675
"FCS",2017,42.5843185313941
"FCS",2018,42.927213828579
"FCS",2019,43.2680779543801
"FCS",2020,43.6394229966267
"FCS",2021,44.0421070914078
"FCS",2022,44.401646495307
"FCS",2023,44.7685871271884
"FCS",2024,NA
"FIN",1960,55.29
"FIN",1961,56.321
"FIN",1962,57.162
"FIN",1963,57.998
"FIN",1964,58.832
"FIN",1965,59.658
"FIN",1966,60.48
"FIN",1967,61.295
"FIN",1968,62.106
"FIN",1969,62.908
"FIN",1970,63.704
"FIN",1971,64.523
"FIN",1972,65.366
"FIN",1973,66.197
"FIN",1974,67.019
"FIN",1975,67.831
"FIN",1976,68.634
"FIN",1977,69.423
"FIN",1978,70.202
"FIN",1979,70.97
"FIN",1980,71.727
"FIN",1981,72.528
"FIN",1982,73.373
"FIN",1983,74.202
"FIN",1984,75.015
"FIN",1985,75.808
"FIN",1986,76.567
"FIN",1987,77.291
"FIN",1988,78
"FIN",1989,78.691
"FIN",1990,79.367
"FIN",1991,79.843
"FIN",1992,80.128
"FIN",1993,80.409
"FIN",1994,80.688
"FIN",1995,80.963
"FIN",1996,81.223
"FIN",1997,81.466
"FIN",1998,81.707
"FIN",1999,81.946
"FIN",2000,82.183
"FIN",2001,82.368
"FIN",2002,82.503
"FIN",2003,82.638
"FIN",2004,82.772
"FIN",2005,82.905
"FIN",2006,83.037
"FIN",2007,83.168
"FIN",2008,83.299
"FIN",2009,83.429
"FIN",2010,83.77
"FIN",2011,84.313
"FIN",2012,84.841
"FIN",2013,85.125
"FIN",2014,85.175
"FIN",2015,85.225
"FIN",2016,85.275
"FIN",2017,85.325
"FIN",2018,85.382
"FIN",2019,85.446
"FIN",2020,85.517
"FIN",2021,85.596
"FIN",2022,85.681
"FIN",2023,85.773
"FIN",2024,NA
"FJI",1960,29.681
"FJI",1961,30.248
"FJI",1962,30.823
"FJI",1963,31.403
"FJI",1964,31.991
"FJI",1965,32.582
"FJI",1966,33.18
"FJI",1967,33.604
"FJI",1968,33.987
"FJI",1969,34.371
"FJI",1970,34.758
"FJI",1971,35.147
"FJI",1972,35.538
"FJI",1973,35.93
"FJI",1974,36.324
"FJI",1975,36.721
"FJI",1976,37.119
"FJI",1977,37.319
"FJI",1978,37.469
"FJI",1979,37.619
"FJI",1980,37.769
"FJI",1981,37.919
"FJI",1982,38.07
"FJI",1983,38.221
"FJI",1984,38.372
"FJI",1985,38.523
"FJI",1986,38.675
"FJI",1987,39.327
"FJI",1988,40.085
"FJI",1989,40.845
"FJI",1990,41.611
"FJI",1991,42.381
"FJI",1992,43.156
"FJI",1993,43.933
"FJI",1994,44.713
"FJI",1995,45.496
"FJI",1996,46.282
"FJI",1997,46.732
"FJI",1998,47.123
"FJI",1999,47.515
"FJI",2000,47.908
"FJI",2001,48.3
"FJI",2002,48.692
"FJI",2003,49.085
"FJI",2004,49.479
"FJI",2005,49.871
"FJI",2006,50.264
"FJI",2007,50.657
"FJI",2008,51.146
"FJI",2009,51.658
"FJI",2010,52.171
"FJI",2011,52.683
"FJI",2012,53.196
"FJI",2013,53.706
"FJI",2014,54.216
"FJI",2015,54.726
"FJI",2016,55.235
"FJI",2017,55.742
"FJI",2018,56.248
"FJI",2019,56.75
"FJI",2020,57.247
"FJI",2021,57.74
"FJI",2022,58.229
"FJI",2023,58.713
"FJI",2024,NA
"FRA",1960,61.88
"FRA",1961,62.607
"FRA",1962,63.489
"FRA",1963,64.702
"FRA",1964,65.898
"FRA",1965,67.071
"FRA",1966,68.225
"FRA",1967,69.357
"FRA",1968,70.238
"FRA",1969,70.648
"FRA",1970,71.055
"FRA",1971,71.459
"FRA",1972,71.86
"FRA",1973,72.256
"FRA",1974,72.65
"FRA",1975,72.926
"FRA",1976,72.997
"FRA",1977,73.068
"FRA",1978,73.14
"FRA",1979,73.211
"FRA",1980,73.282
"FRA",1981,73.352
"FRA",1982,73.425
"FRA",1983,73.5
"FRA",1984,73.575
"FRA",1985,73.65
"FRA",1986,73.725
"FRA",1987,73.8
"FRA",1988,73.875
"FRA",1989,73.95
"FRA",1990,74.056
"FRA",1991,74.229
"FRA",1992,74.401
"FRA",1993,74.572
"FRA",1994,74.743
"FRA",1995,74.912
"FRA",1996,75.082
"FRA",1997,75.25
"FRA",1998,75.417
"FRA",1999,75.614
"FRA",2000,75.871
"FRA",2001,76.127
"FRA",2002,76.38
"FRA",2003,76.632
"FRA",2004,76.883
"FRA",2005,77.13
"FRA",2006,77.377
"FRA",2007,77.621
"FRA",2008,77.868
"FRA",2009,78.117
"FRA",2010,78.369
"FRA",2011,78.622
"FRA",2012,78.878
"FRA",2013,79.135
"FRA",2014,79.394
"FRA",2015,79.655
"FRA",2016,79.917
"FRA",2017,80.18
"FRA",2018,80.444
"FRA",2019,80.709
"FRA",2020,80.975
"FRA",2021,81.242
"FRA",2022,81.509
"FRA",2023,81.777
"FRA",2024,NA
"FRO",1960,21.383
"FRO",1961,22.141
"FRO",1962,22.962
"FRO",1963,23.805
"FRO",1964,24.669
"FRO",1965,25.553
"FRO",1966,26.328
"FRO",1967,26.723
"FRO",1968,27.122
"FRO",1969,27.524
"FRO",1970,27.951
"FRO",1971,28.417
"FRO",1972,28.888
"FRO",1973,29.362
"FRO",1974,29.842
"FRO",1975,30.326
"FRO",1976,30.815
"FRO",1977,31.307
"FRO",1978,31.355
"FRO",1979,31.27
"FRO",1980,31.186
"FRO",1981,31.101
"FRO",1982,31.017
"FRO",1983,30.933
"FRO",1984,30.849
"FRO",1985,30.766
"FRO",1986,30.682
"FRO",1987,30.598
"FRO",1988,30.515
"FRO",1989,30.432
"FRO",1990,30.594
"FRO",1991,31.154
"FRO",1992,31.872
"FRO",1993,32.596
"FRO",1994,33.33
"FRO",1995,34.071
"FRO",1996,34.822
"FRO",1997,35.354
"FRO",1998,35.654
"FRO",1999,35.86
"FRO",2000,36.337
"FRO",2001,37.175
"FRO",2002,38.022
"FRO",2003,38.714
"FRO",2004,39.247
"FRO",2005,39.781
"FRO",2006,40.147
"FRO",2007,40.341
"FRO",2008,40.536
"FRO",2009,40.731
"FRO",2010,40.926
"FRO",2011,41.088
"FRO",2012,41.225
"FRO",2013,41.363
"FRO",2014,41.501
"FRO",2015,41.638
"FRO",2016,41.777
"FRO",2017,41.914
"FRO",2018,42.064
"FRO",2019,42.225
"FRO",2020,42.398
"FRO",2021,42.583
"FRO",2022,42.779
"FRO",2023,42.987
"FRO",2024,NA
"FSM",1960,22.312
"FSM",1961,22.553
"FSM",1962,22.797
"FSM",1963,23.042
"FSM",1964,23.289
"FSM",1965,23.537
"FSM",1966,23.788
"FSM",1967,24.04
"FSM",1968,24.295
"FSM",1969,24.551
"FSM",1970,24.808
"FSM",1971,25.068
"FSM",1972,25.33
"FSM",1973,25.593
"FSM",1974,25.741
"FSM",1975,25.858
"FSM",1976,25.975
"FSM",1977,26.092
"FSM",1978,26.209
"FSM",1979,26.327
"FSM",1980,26.445
"FSM",1981,26.417
"FSM",1982,26.35
"FSM",1983,26.283
"FSM",1984,26.216
"FSM",1985,26.149
"FSM",1986,26.083
"FSM",1987,26.016
"FSM",1988,25.95
"FSM",1989,25.884
"FSM",1990,25.818
"FSM",1991,25.752
"FSM",1992,25.686
"FSM",1993,25.62
"FSM",1994,25.554
"FSM",1995,25.068
"FSM",1996,24.473
"FSM",1997,23.889
"FSM",1998,23.314
"FSM",1999,22.749
"FSM",2000,22.33
"FSM",2001,22.33
"FSM",2002,22.33
"FSM",2003,22.33
"FSM",2004,22.33
"FSM",2005,22.33
"FSM",2006,22.324
"FSM",2007,22.317
"FSM",2008,22.311
"FSM",2009,22.305
"FSM",2010,22.298
"FSM",2011,22.305
"FSM",2012,22.324
"FSM",2013,22.355
"FSM",2014,22.399
"FSM",2015,22.456
"FSM",2016,22.526
"FSM",2017,22.608
"FSM",2018,22.703
"FSM",2019,22.812
"FSM",2020,22.933
"FSM",2021,23.068
"FSM",2022,23.217
"FSM",2023,23.379
"FSM",2024,NA
"GAB",1960,17.398
"GAB",1961,18.33
"GAB",1962,19.594
"GAB",1963,20.923
"GAB",1964,22.318
"GAB",1965,23.775
"GAB",1966,25.297
"GAB",1967,26.883
"GAB",1968,28.533
"GAB",1969,30.237
"GAB",1970,32
"GAB",1971,34.082
"GAB",1972,36.231
"GAB",1973,38.43
"GAB",1974,40.681
"GAB",1975,42.971
"GAB",1976,45.295
"GAB",1977,47.633
"GAB",1978,49.985
"GAB",1979,52.337
"GAB",1980,54.682
"GAB",1981,57
"GAB",1982,58.372
"GAB",1983,59.73
"GAB",1984,61.076
"GAB",1985,62.402
"GAB",1986,63.711
"GAB",1987,65
"GAB",1988,66.412
"GAB",1989,67.792
"GAB",1990,69.143
"GAB",1991,70.462
"GAB",1992,71.749
"GAB",1993,72.999
"GAB",1994,73.921
"GAB",1995,74.797
"GAB",1996,75.654
"GAB",1997,76.49
"GAB",1998,77.306
"GAB",1999,78.102
"GAB",2000,78.879
"GAB",2001,79.633
"GAB",2002,80.368
"GAB",2003,81.083
"GAB",2004,81.778
"GAB",2005,82.452
"GAB",2006,83.107
"GAB",2007,83.742
"GAB",2008,84.359
"GAB",2009,84.955
"GAB",2010,85.533
"GAB",2011,86.092
"GAB",2012,86.634
"GAB",2013,87.156
"GAB",2014,87.651
"GAB",2015,88.118
"GAB",2016,88.559
"GAB",2017,88.976
"GAB",2018,89.37
"GAB",2019,89.741
"GAB",2020,90.092
"GAB",2021,90.423
"GAB",2022,90.735
"GAB",2023,91.029
"GAB",2024,NA
"GBR",1960,78.444
"GBR",1961,78.374
"GBR",1962,78.237
"GBR",1963,78.099
"GBR",1964,77.96
"GBR",1965,77.821
"GBR",1966,77.682
"GBR",1967,77.541
"GBR",1968,77.4
"GBR",1969,77.259
"GBR",1970,77.117
"GBR",1971,77.03
"GBR",1972,77.195
"GBR",1973,77.358
"GBR",1974,77.521
"GBR",1975,77.683
"GBR",1976,77.844
"GBR",1977,78.005
"GBR",1978,78.164
"GBR",1979,78.323
"GBR",1980,78.481
"GBR",1981,78.588
"GBR",1982,78.539
"GBR",1983,78.489
"GBR",1984,78.44
"GBR",1985,78.39
"GBR",1986,78.34
"GBR",1987,78.29
"GBR",1988,78.24
"GBR",1989,78.19
"GBR",1990,78.14
"GBR",1991,78.112
"GBR",1992,78.172
"GBR",1993,78.232
"GBR",1994,78.293
"GBR",1995,78.353
"GBR",1996,78.413
"GBR",1997,78.472
"GBR",1998,78.532
"GBR",1999,78.591
"GBR",2000,78.651
"GBR",2001,78.751
"GBR",2002,79.047
"GBR",2003,79.339
"GBR",2004,79.629
"GBR",2005,79.915
"GBR",2006,80.199
"GBR",2007,80.479
"GBR",2008,80.757
"GBR",2009,81.031
"GBR",2010,81.302
"GBR",2011,81.57
"GBR",2012,81.837
"GBR",2013,82.102
"GBR",2014,82.365
"GBR",2015,82.626
"GBR",2016,82.886
"GBR",2017,83.143
"GBR",2018,83.398
"GBR",2019,83.652
"GBR",2020,83.903
"GBR",2021,84.152
"GBR",2022,84.398
"GBR",2023,84.642
"GBR",2024,NA
"GEO",1960,43.069
"GEO",1961,43.559
"GEO",1962,44.051
"GEO",1963,44.544
"GEO",1964,45.039
"GEO",1965,45.534
"GEO",1966,46.03
"GEO",1967,46.527
"GEO",1968,47.025
"GEO",1969,47.522
"GEO",1970,48.006
"GEO",1971,48.474
"GEO",1972,48.942
"GEO",1973,49.409
"GEO",1974,49.876
"GEO",1975,50.344
"GEO",1976,50.812
"GEO",1977,51.279
"GEO",1978,51.747
"GEO",1979,52.156
"GEO",1980,52.497
"GEO",1981,52.836
"GEO",1982,53.176
"GEO",1983,53.516
"GEO",1984,53.855
"GEO",1985,54.194
"GEO",1986,54.532
"GEO",1987,54.87
"GEO",1988,55.208
"GEO",1989,55.277
"GEO",1990,55.038
"GEO",1991,54.799
"GEO",1992,54.559
"GEO",1993,54.32
"GEO",1994,54.08
"GEO",1995,53.841
"GEO",1996,53.6
"GEO",1997,53.36
"GEO",1998,53.12
"GEO",1999,52.879
"GEO",2000,52.638
"GEO",2001,52.398
"GEO",2002,52.441
"GEO",2003,52.83
"GEO",2004,53.218
"GEO",2005,53.605
"GEO",2006,53.992
"GEO",2007,54.379
"GEO",2008,54.765
"GEO",2009,55.15
"GEO",2010,55.535
"GEO",2011,55.919
"GEO",2012,56.303
"GEO",2013,56.685
"GEO",2014,57.067
"GEO",2015,57.448
"GEO",2016,57.837
"GEO",2017,58.231
"GEO",2018,58.632
"GEO",2019,59.039
"GEO",2020,59.453
"GEO",2021,59.872
"GEO",2022,60.297
"GEO",2023,60.727
"GEO",2024,NA
"GHA",1960,23.252
"GHA",1961,23.797
"GHA",1962,24.352
"GHA",1963,24.915
"GHA",1964,25.488
"GHA",1965,26.067
"GHA",1966,26.656
"GHA",1967,27.254
"GHA",1968,27.86
"GHA",1969,28.473
"GHA",1970,28.958
"GHA",1971,29.174
"GHA",1972,29.392
"GHA",1973,29.61
"GHA",1974,29.829
"GHA",1975,30.049
"GHA",1976,30.27
"GHA",1977,30.492
"GHA",1978,30.714
"GHA",1979,30.938
"GHA",1980,31.163
"GHA",1981,31.388
"GHA",1982,31.614
"GHA",1983,31.842
"GHA",1984,32.209
"GHA",1985,32.896
"GHA",1986,33.591
"GHA",1987,34.293
"GHA",1988,35.004
"GHA",1989,35.719
"GHA",1990,36.441
"GHA",1991,37.17
"GHA",1992,37.905
"GHA",1993,38.644
"GHA",1994,39.39
"GHA",1995,40.14
"GHA",1996,40.896
"GHA",1997,41.654
"GHA",1998,42.418
"GHA",1999,43.184
"GHA",2000,43.929
"GHA",2001,44.601
"GHA",2002,45.275
"GHA",2003,45.951
"GHA",2004,46.63
"GHA",2005,47.308
"GHA",2006,47.988
"GHA",2007,48.669
"GHA",2008,49.351
"GHA",2009,50.031
"GHA",2010,50.713
"GHA",2011,51.394
"GHA",2012,52.073
"GHA",2013,52.748
"GHA",2014,53.419
"GHA",2015,54.086
"GHA",2016,54.749
"GHA",2017,55.407
"GHA",2018,56.06
"GHA",2019,56.707
"GHA",2020,57.349
"GHA",2021,57.985
"GHA",2022,58.615
"GHA",2023,59.238
"GHA",2024,NA
"GIB",1960,100
"GIB",1961,100
"GIB",1962,100
"GIB",1963,100
"GIB",1964,100
"GIB",1965,100
"GIB",1966,100
"GIB",1967,100
"GIB",1968,100
"GIB",1969,100
"GIB",1970,100
"GIB",1971,100
"GIB",1972,100
"GIB",1973,100
"GIB",1974,100
"GIB",1975,100
"GIB",1976,100
"GIB",1977,100
"GIB",1978,100
"GIB",1979,100
"GIB",1980,100
"GIB",1981,100
"GIB",1982,100
"GIB",1983,100
"GIB",1984,100
"GIB",1985,100
"GIB",1986,100
"GIB",1987,100
"GIB",1988,100
"GIB",1989,100
"GIB",1990,100
"GIB",1991,100
"GIB",1992,100
"GIB",1993,100
"GIB",1994,100
"GIB",1995,100
"GIB",1996,100
"GIB",1997,100
"GIB",1998,100
"GIB",1999,100
"GIB",2000,100
"GIB",2001,100
"GIB",2002,100
"GIB",2003,100
"GIB",2004,100
"GIB",2005,100
"GIB",2006,100
"GIB",2007,100
"GIB",2008,100
"GIB",2009,100
"GIB",2010,100
"GIB",2011,100
"GIB",2012,100
"GIB",2013,100
"GIB",2014,100
"GIB",2015,100
"GIB",2016,100
"GIB",2017,100
"GIB",2018,100
"GIB",2019,100
"GIB",2020,100
"GIB",2021,100
"GIB",2022,100
"GIB",2023,100
"GIB",2024,NA
"GIN",1960,10.472
"GIN",1961,10.936
"GIN",1962,11.418
"GIN",1963,11.919
"GIN",1964,12.439
"GIN",1965,12.978
"GIN",1966,13.537
"GIN",1967,14.116
"GIN",1968,14.716
"GIN",1969,15.336
"GIN",1970,15.977
"GIN",1971,16.641
"GIN",1972,17.327
"GIN",1973,18.033
"GIN",1974,18.763
"GIN",1975,19.515
"GIN",1976,20.291
"GIN",1977,21.087
"GIN",1978,21.907
"GIN",1979,22.75
"GIN",1980,23.617
"GIN",1981,24.503
"GIN",1982,25.414
"GIN",1983,26.072
"GIN",1984,26.346
"GIN",1985,26.621
"GIN",1986,26.898
"GIN",1987,27.178
"GIN",1988,27.459
"GIN",1989,27.741
"GIN",1990,28.026
"GIN",1991,28.312
"GIN",1992,28.601
"GIN",1993,28.89
"GIN",1994,29.182
"GIN",1995,29.475
"GIN",1996,29.77
"GIN",1997,30.052
"GIN",1998,30.323
"GIN",1999,30.595
"GIN",2000,30.869
"GIN",2001,31.144
"GIN",2002,31.42
"GIN",2003,31.698
"GIN",2004,31.977
"GIN",2005,32.257
"GIN",2006,32.539
"GIN",2007,32.822
"GIN",2008,33.106
"GIN",2009,33.391
"GIN",2010,33.678
"GIN",2011,33.966
"GIN",2012,34.255
"GIN",2013,34.545
"GIN",2014,34.836
"GIN",2015,35.141
"GIN",2016,35.46
"GIN",2017,35.793
"GIN",2018,36.14
"GIN",2019,36.5
"GIN",2020,36.875
"GIN",2021,37.264
"GIN",2022,37.668
"GIN",2023,38.085
"GIN",2024,NA
"GMB",1960,12.129
"GMB",1961,12.331
"GMB",1962,12.535
"GMB",1963,12.862
"GMB",1964,13.677
"GMB",1965,14.533
"GMB",1966,15.433
"GMB",1967,16.379
"GMB",1968,17.373
"GMB",1969,18.41
"GMB",1970,19.496
"GMB",1971,20.63
"GMB",1972,21.814
"GMB",1973,22.941
"GMB",1974,23.675
"GMB",1975,24.426
"GMB",1976,25.193
"GMB",1977,25.974
"GMB",1978,26.772
"GMB",1979,27.585
"GMB",1980,28.414
"GMB",1981,29.256
"GMB",1982,30.113
"GMB",1983,31.008
"GMB",1984,32.007
"GMB",1985,33.019
"GMB",1986,34.049
"GMB",1987,35.094
"GMB",1988,36.155
"GMB",1989,37.226
"GMB",1990,38.312
"GMB",1991,39.41
"GMB",1992,40.52
"GMB",1993,41.586
"GMB",1994,42.472
"GMB",1995,43.362
"GMB",1996,44.258
"GMB",1997,45.155
"GMB",1998,46.057
"GMB",1999,46.961
"GMB",2000,47.868
"GMB",2001,48.775
"GMB",2002,49.683
"GMB",2003,50.555
"GMB",2004,51.288
"GMB",2005,52.02
"GMB",2006,52.751
"GMB",2007,53.481
"GMB",2008,54.211
"GMB",2009,54.937
"GMB",2010,55.662
"GMB",2011,56.384
"GMB",2012,57.105
"GMB",2013,57.82
"GMB",2014,58.528
"GMB",2015,59.228
"GMB",2016,59.918
"GMB",2017,60.599
"GMB",2018,61.27
"GMB",2019,61.931
"GMB",2020,62.582
"GMB",2021,63.222
"GMB",2022,63.852
"GMB",2023,64.472
"GMB",2024,NA
"GNB",1960,13.6
"GNB",1961,13.747
"GNB",1962,13.895
"GNB",1963,14.045
"GNB",1964,14.197
"GNB",1965,14.349
"GNB",1966,14.503
"GNB",1967,14.658
"GNB",1968,14.815
"GNB",1969,14.972
"GNB",1970,15.132
"GNB",1971,15.293
"GNB",1972,15.455
"GNB",1973,15.618
"GNB",1974,15.783
"GNB",1975,15.95
"GNB",1976,16.118
"GNB",1977,16.287
"GNB",1978,16.457
"GNB",1979,16.77
"GNB",1980,17.804
"GNB",1981,18.883
"GNB",1982,20.013
"GNB",1983,21.194
"GNB",1984,22.426
"GNB",1985,23.704
"GNB",1986,25.034
"GNB",1987,26.413
"GNB",1988,27.841
"GNB",1989,29.312
"GNB",1990,30.83
"GNB",1991,32.39
"GNB",1992,33.271
"GNB",1993,33.635
"GNB",1994,34.002
"GNB",1995,34.371
"GNB",1996,34.742
"GNB",1997,35.114
"GNB",1998,35.488
"GNB",1999,35.865
"GNB",2000,36.243
"GNB",2001,36.622
"GNB",2002,37.004
"GNB",2003,37.387
"GNB",2004,37.772
"GNB",2005,38.157
"GNB",2006,38.545
"GNB",2007,38.934
"GNB",2008,39.325
"GNB",2009,39.716
"GNB",2010,40.111
"GNB",2011,40.508
"GNB",2012,40.908
"GNB",2013,41.31
"GNB",2014,41.715
"GNB",2015,42.123
"GNB",2016,42.533
"GNB",2017,42.945
"GNB",2018,43.36
"GNB",2019,43.777
"GNB",2020,44.196
"GNB",2021,44.617
"GNB",2022,45.041
"GNB",2023,45.466
"GNB",2024,NA
"GNQ",1960,25.537
"GNQ",1961,26.144
"GNQ",1962,26.234
"GNQ",1963,26.323
"GNQ",1964,26.413
"GNQ",1965,26.502
"GNQ",1966,26.592
"GNQ",1967,26.682
"GNQ",1968,26.773
"GNQ",1969,26.863
"GNQ",1970,26.954
"GNQ",1971,27.045
"GNQ",1972,27.136
"GNQ",1973,27.227
"GNQ",1974,27.319
"GNQ",1975,27.41
"GNQ",1976,27.502
"GNQ",1977,27.594
"GNQ",1978,27.687
"GNQ",1979,27.779
"GNQ",1980,27.872
"GNQ",1981,27.965
"GNQ",1982,28.058
"GNQ",1983,28.151
"GNQ",1984,29.028
"GNQ",1985,29.94
"GNQ",1986,30.871
"GNQ",1987,31.817
"GNQ",1988,32.78
"GNQ",1989,33.755
"GNQ",1990,34.745
"GNQ",1991,35.748
"GNQ",1992,36.766
"GNQ",1993,37.792
"GNQ",1994,38.831
"GNQ",1995,40.494
"GNQ",1996,42.187
"GNQ",1997,43.893
"GNQ",1998,45.616
"GNQ",1999,47.35
"GNQ",2000,49.092
"GNQ",2001,50.832
"GNQ",2002,52.573
"GNQ",2003,54.307
"GNQ",2004,56.033
"GNQ",2005,57.74
"GNQ",2006,59.431
"GNQ",2007,61.1
"GNQ",2008,62.745
"GNQ",2009,64.358
"GNQ",2010,65.94
"GNQ",2011,67.488
"GNQ",2012,69
"GNQ",2013,69.544
"GNQ",2014,70.083
"GNQ",2015,70.616
"GNQ",2016,71.138
"GNQ",2017,71.646
"GNQ",2018,72.143
"GNQ",2019,72.627
"GNQ",2020,73.1
"GNQ",2021,73.561
"GNQ",2022,74.01
"GNQ",2023,74.448
"GNQ",2024,NA
"GRC",1960,55.936
"GRC",1961,56.453
"GRC",1962,57.34
"GRC",1963,58.222
"GRC",1964,59.099
"GRC",1965,59.969
"GRC",1966,60.833
"GRC",1967,61.691
"GRC",1968,62.543
"GRC",1969,63.385
"GRC",1970,64.22
"GRC",1971,64.951
"GRC",1972,65.454
"GRC",1973,65.952
"GRC",1974,66.448
"GRC",1975,66.94
"GRC",1976,67.429
"GRC",1977,67.912
"GRC",1978,68.393
"GRC",1979,68.87
"GRC",1980,69.343
"GRC",1981,69.746
"GRC",1982,69.94
"GRC",1983,70.134
"GRC",1984,70.327
"GRC",1985,70.518
"GRC",1986,70.709
"GRC",1987,70.9
"GRC",1988,71.09
"GRC",1989,71.279
"GRC",1990,71.467
"GRC",1991,71.635
"GRC",1992,71.757
"GRC",1993,71.878
"GRC",1994,71.998
"GRC",1995,72.119
"GRC",1996,72.239
"GRC",1997,72.358
"GRC",1998,72.478
"GRC",1999,72.597
"GRC",2000,72.716
"GRC",2001,72.913
"GRC",2002,73.303
"GRC",2003,73.689
"GRC",2004,74.073
"GRC",2005,74.452
"GRC",2006,74.827
"GRC",2007,75.199
"GRC",2008,75.568
"GRC",2009,75.932
"GRC",2010,76.292
"GRC",2011,76.649
"GRC",2012,77.004
"GRC",2013,77.355
"GRC",2014,77.702
"GRC",2015,78.046
"GRC",2016,78.387
"GRC",2017,78.724
"GRC",2018,79.058
"GRC",2019,79.388
"GRC",2020,79.715
"GRC",2021,80.038
"GRC",2022,80.357
"GRC",2023,80.673
"GRC",2024,NA
"GRD",1960,30.332
"GRD",1961,30.519
"GRD",1962,30.707
"GRD",1963,30.895
"GRD",1964,31.085
"GRD",1965,31.274
"GRD",1966,31.465
"GRD",1967,31.656
"GRD",1968,31.848
"GRD",1969,32.04
"GRD",1970,32.212
"GRD",1971,32.281
"GRD",1972,32.351
"GRD",1973,32.421
"GRD",1974,32.491
"GRD",1975,32.561
"GRD",1976,32.631
"GRD",1977,32.701
"GRD",1978,32.771
"GRD",1979,32.841
"GRD",1980,32.912
"GRD",1981,32.978
"GRD",1982,33.028
"GRD",1983,33.078
"GRD",1984,33.128
"GRD",1985,33.177
"GRD",1986,33.227
"GRD",1987,33.277
"GRD",1988,33.327
"GRD",1989,33.377
"GRD",1990,33.427
"GRD",1991,33.503
"GRD",1992,33.744
"GRD",1993,33.985
"GRD",1994,34.227
"GRD",1995,34.47
"GRD",1996,34.714
"GRD",1997,34.959
"GRD",1998,35.204
"GRD",1999,35.45
"GRD",2000,35.698
"GRD",2001,35.919
"GRD",2002,35.913
"GRD",2003,35.907
"GRD",2004,35.901
"GRD",2005,35.895
"GRD",2006,35.889
"GRD",2007,35.883
"GRD",2008,35.877
"GRD",2009,35.871
"GRD",2010,35.865
"GRD",2011,35.859
"GRD",2012,35.869
"GRD",2013,35.896
"GRD",2014,35.938
"GRD",2015,35.997
"GRD",2016,36.072
"GRD",2017,36.164
"GRD",2018,36.272
"GRD",2019,36.396
"GRD",2020,36.537
"GRD",2021,36.694
"GRD",2022,36.868
"GRD",2023,37.059
"GRD",2024,NA
"GRL",1960,58.534
"GRL",1961,59.806
"GRL",1962,61.406
"GRL",1963,62.983
"GRL",1964,64.534
"GRL",1965,66.05
"GRL",1966,67.491
"GRL",1967,68.853
"GRL",1968,70.186
"GRL",1969,71.481
"GRL",1970,72.744
"GRL",1971,73.433
"GRL",1972,73.675
"GRL",1973,73.914
"GRL",1974,74.152
"GRL",1975,74.389
"GRL",1976,74.625
"GRL",1977,74.966
"GRL",1978,75.355
"GRL",1979,75.74
"GRL",1980,76.121
"GRL",1981,76.497
"GRL",1982,76.869
"GRL",1983,77.237
"GRL",1984,77.602
"GRL",1985,77.961
"GRL",1986,78.317
"GRL",1987,78.668
"GRL",1988,79.016
"GRL",1989,79.359
"GRL",1990,79.698
"GRL",1991,80.033
"GRL",1992,80.301
"GRL",1993,80.503
"GRL",1994,80.703
"GRL",1995,80.902
"GRL",1996,81.1
"GRL",1997,81.226
"GRL",1998,81.351
"GRL",1999,81.476
"GRL",2000,81.6
"GRL",2001,81.849
"GRL",2002,82.095
"GRL",2003,82.338
"GRL",2004,82.58
"GRL",2005,82.858
"GRL",2006,83.172
"GRL",2007,83.482
"GRL",2008,83.787
"GRL",2009,84.087
"GRL",2010,84.383
"GRL",2011,84.755
"GRL",2012,85.2
"GRL",2013,85.551
"GRL",2014,85.813
"GRL",2015,86.071
"GRL",2016,86.326
"GRL",2017,86.574
"GRL",2018,86.816
"GRL",2019,87.052
"GRL",2020,87.282
"GRL",2021,87.507
"GRL",2022,87.727
"GRL",2023,87.94
"GRL",2024,NA
"GTM",1960,31.121
"GTM",1961,31.768
"GTM",1962,32.424
"GTM",1963,33.086
"GTM",1964,33.682
"GTM",1965,33.989
"GTM",1966,34.298
"GTM",1967,34.608
"GTM",1968,34.919
"GTM",1969,35.232
"GTM",1970,35.545
"GTM",1971,35.861
"GTM",1972,36.177
"GTM",1973,36.494
"GTM",1974,36.809
"GTM",1975,37.125
"GTM",1976,37.443
"GTM",1977,37.762
"GTM",1978,38.081
"GTM",1979,38.402
"GTM",1980,38.724
"GTM",1981,39.047
"GTM",1982,39.37
"GTM",1983,39.695
"GTM",1984,40.021
"GTM",1985,40.347
"GTM",1986,40.674
"GTM",1987,41.002
"GTM",1988,41.332
"GTM",1989,41.661
"GTM",1990,41.992
"GTM",1991,42.323
"GTM",1992,42.655
"GTM",1993,42.987
"GTM",1994,43.32
"GTM",1995,43.654
"GTM",1996,43.989
"GTM",1997,44.323
"GTM",1998,44.659
"GTM",1999,44.995
"GTM",2000,45.332
"GTM",2001,45.668
"GTM",2002,46.005
"GTM",2003,46.318
"GTM",2004,46.616
"GTM",2005,46.913
"GTM",2006,47.21
"GTM",2007,47.508
"GTM",2008,47.807
"GTM",2009,48.104
"GTM",2010,48.403
"GTM",2011,48.701
"GTM",2012,49
"GTM",2013,49.311
"GTM",2014,49.634
"GTM",2015,49.971
"GTM",2016,50.319
"GTM",2017,50.68
"GTM",2018,51.054
"GTM",2019,51.439
"GTM",2020,51.836
"GTM",2021,52.245
"GTM",2022,52.666
"GTM",2023,53.098
"GTM",2024,NA
"GUM",1960,50.147
"GUM",1961,51.23
"GUM",1962,52.314
"GUM",1963,53.396
"GUM",1964,54.475
"GUM",1965,55.548
"GUM",1966,56.617
"GUM",1967,57.68
"GUM",1968,58.738
"GUM",1969,59.784
"GUM",1970,61.92
"GUM",1971,67.153
"GUM",1972,71.999
"GUM",1973,76.371
"GUM",1974,80.252
"GUM",1975,83.632
"GUM",1976,86.534
"GUM",1977,88.983
"GUM",1978,91.036
"GUM",1979,92.737
"GUM",1980,93.753
"GUM",1981,93.491
"GUM",1982,93.219
"GUM",1983,92.937
"GUM",1984,92.643
"GUM",1985,92.339
"GUM",1986,92.023
"GUM",1987,91.695
"GUM",1988,91.354
"GUM",1989,91.002
"GUM",1990,90.796
"GUM",1991,91.061
"GUM",1992,91.32
"GUM",1993,91.571
"GUM",1994,91.816
"GUM",1995,92.055
"GUM",1996,92.287
"GUM",1997,92.513
"GUM",1998,92.733
"GUM",1999,92.946
"GUM",2000,93.129
"GUM",2001,93.233
"GUM",2002,93.334
"GUM",2003,93.435
"GUM",2004,93.534
"GUM",2005,93.631
"GUM",2006,93.727
"GUM",2007,93.822
"GUM",2008,93.916
"GUM",2009,94.008
"GUM",2010,94.099
"GUM",2011,94.188
"GUM",2012,94.277
"GUM",2013,94.364
"GUM",2014,94.449
"GUM",2015,94.534
"GUM",2016,94.617
"GUM",2017,94.699
"GUM",2018,94.78
"GUM",2019,94.859
"GUM",2020,94.938
"GUM",2021,95.015
"GUM",2022,95.091
"GUM",2023,95.166
"GUM",2024,NA
"GUY",1960,29.009
"GUY",1961,29.049
"GUY",1962,29.089
"GUY",1963,29.129
"GUY",1964,29.169
"GUY",1965,29.209
"GUY",1966,29.249
"GUY",1967,29.289
"GUY",1968,29.329
"GUY",1969,29.369
"GUY",1970,29.425
"GUY",1971,29.533
"GUY",1972,29.641
"GUY",1973,29.75
"GUY",1974,29.858
"GUY",1975,29.967
"GUY",1976,30.076
"GUY",1977,30.186
"GUY",1978,30.295
"GUY",1979,30.405
"GUY",1980,30.488
"GUY",1981,30.396
"GUY",1982,30.305
"GUY",1983,30.215
"GUY",1984,30.124
"GUY",1985,30.033
"GUY",1986,29.943
"GUY",1987,29.853
"GUY",1988,29.763
"GUY",1989,29.673
"GUY",1990,29.583
"GUY",1991,29.493
"GUY",1992,29.404
"GUY",1993,29.315
"GUY",1994,29.226
"GUY",1995,29.137
"GUY",1996,29.048
"GUY",1997,28.959
"GUY",1998,28.871
"GUY",1999,28.782
"GUY",2000,28.694
"GUY",2001,28.606
"GUY",2002,28.518
"GUY",2003,28.307
"GUY",2004,28.064
"GUY",2005,27.822
"GUY",2006,27.582
"GUY",2007,27.343
"GUY",2008,27.105
"GUY",2009,26.869
"GUY",2010,26.634
"GUY",2011,26.4
"GUY",2012,26.4
"GUY",2013,26.4
"GUY",2014,26.414
"GUY",2015,26.441
"GUY",2016,26.482
"GUY",2017,26.538
"GUY",2018,26.606
"GUY",2019,26.689
"GUY",2020,26.786
"GUY",2021,26.897
"GUY",2022,27.022
"GUY",2023,27.162
"GUY",2024,NA
"HIC",1960,61.428418638146
"HIC",1961,61.9892714153619
"HIC",1962,62.5545200871127
"HIC",1963,63.1333624893877
"HIC",1964,63.7114127016559
"HIC",1965,64.2864329781302
"HIC",1966,64.848808140897
"HIC",1967,65.4176470991791
"HIC",1968,65.9716856510724
"HIC",1969,66.4997981478152
"HIC",1970,67.0106126027497
"HIC",1971,67.4719257367342
"HIC",1972,67.9018444951452
"HIC",1973,68.3229439472689
"HIC",1974,68.7396612605072
"HIC",1975,69.1421117760047
"HIC",1976,69.493989285811
"HIC",1977,69.8410662423331
"HIC",1978,70.1927048679538
"HIC",1979,70.526547189053
"HIC",1980,70.8416015068945
"HIC",1981,71.1729579942635
"HIC",1982,71.4672184100494
"HIC",1983,71.7445351991406
"HIC",1984,72.0095403724485
"HIC",1985,72.2691277537638
"HIC",1986,72.5527471968884
"HIC",1987,72.8613389791793
"HIC",1988,73.15977395678
"HIC",1989,73.4092643652473
"HIC",1990,73.6333061395648
"HIC",1991,73.881616235559
"HIC",1992,74.1165479100605
"HIC",1993,74.3332916216047
"HIC",1994,74.5515847570897
"HIC",1995,74.7692446328813
"HIC",1996,74.979011278511
"HIC",1997,75.1783192366757
"HIC",1998,75.3761098210222
"HIC",1999,75.5732786970869
"HIC",2000,75.76833254149
"HIC",2001,76.0715021413594
"HIC",2002,76.4243897025444
"HIC",2003,76.7592977050715
"HIC",2004,77.0848243352813
"HIC",2005,77.4004331547083
"HIC",2006,77.6933003369063
"HIC",2007,77.977326181018
"HIC",2008,78.2526421679229
"HIC",2009,78.5123493553424
"HIC",2010,78.7585180108625
"HIC",2011,78.9490219795864
"HIC",2012,79.1144652006931
"HIC",2013,79.2793264482919
"HIC",2014,79.4448156633515
"HIC",2015,79.619215564858
"HIC",2016,79.797022565174
"HIC",2017,79.975248074249
"HIC",2018,80.1536610685452
"HIC",2019,80.34306723881
"HIC",2020,80.5376121587155
"HIC",2021,80.7289731442237
"HIC",2022,80.9370089189055
"HIC",2023,81.1523690050232
"HIC",2024,NA
"HKG",1960,85.2
"HKG",1961,85.293
"HKG",1962,85.582
"HKG",1963,85.867
"HKG",1964,86.147
"HKG",1965,86.422
"HKG",1966,86.692
"HKG",1967,86.958
"HKG",1968,87.22
"HKG",1969,87.476
"HKG",1970,87.729
"HKG",1971,88.039
"HKG",1972,88.474
"HKG",1973,88.894
"HKG",1974,89.301
"HKG",1975,89.695
"HKG",1976,90.077
"HKG",1977,90.445
"HKG",1978,90.801
"HKG",1979,91.145
"HKG",1980,91.478
"HKG",1981,91.794
"HKG",1982,92.09
"HKG",1983,92.376
"HKG",1984,92.653
"HKG",1985,92.92
"HKG",1986,94.248
"HKG",1987,96.86
"HKG",1988,98.309
"HKG",1989,99.094
"HKG",1990,99.517
"HKG",1991,99.832
"HKG",1992,99.979
"HKG",1993,100
"HKG",1994,100
"HKG",1995,100
"HKG",1996,100
"HKG",1997,100
"HKG",1998,100
"HKG",1999,100
"HKG",2000,100
"HKG",2001,100
"HKG",2002,100
"HKG",2003,100
"HKG",2004,100
"HKG",2005,100
"HKG",2006,100
"HKG",2007,100
"HKG",2008,100
"HKG",2009,100
"HKG",2010,100
"HKG",2011,100
"HKG",2012,100
"HKG",2013,100
"HKG",2014,100
"HKG",2015,100
"HKG",2016,100
"HKG",2017,100
"HKG",2018,100
"HKG",2019,100
"HKG",2020,100
"HKG",2021,100
"HKG",2022,100
"HKG",2023,100
"HKG",2024,NA
"HND",1960,22.747
"HND",1961,23.318
"HND",1962,23.9
"HND",1963,24.491
"HND",1964,25.094
"HND",1965,25.704
"HND",1966,26.325
"HND",1967,26.955
"HND",1968,27.596
"HND",1969,28.244
"HND",1970,28.902
"HND",1971,29.569
"HND",1972,30.246
"HND",1973,30.93
"HND",1974,31.571
"HND",1975,32.11
"HND",1976,32.653
"HND",1977,33.2
"HND",1978,33.752
"HND",1979,34.309
"HND",1980,34.87
"HND",1981,35.435
"HND",1982,36.004
"HND",1983,36.577
"HND",1984,37.155
"HND",1985,37.735
"HND",1986,38.319
"HND",1987,38.907
"HND",1988,39.481
"HND",1989,39.969
"HND",1990,40.46
"HND",1991,40.953
"HND",1992,41.448
"HND",1993,41.943
"HND",1994,42.441
"HND",1995,42.941
"HND",1996,43.442
"HND",1997,43.944
"HND",1998,44.447
"HND",1999,44.952
"HND",2000,45.458
"HND",2001,45.964
"HND",2002,46.61
"HND",2003,47.267
"HND",2004,47.927
"HND",2005,48.585
"HND",2006,49.245
"HND",2007,49.905
"HND",2008,50.566
"HND",2009,51.225
"HND",2010,51.885
"HND",2011,52.543
"HND",2012,53.202
"HND",2013,53.858
"HND",2014,54.514
"HND",2015,55.165
"HND",2016,55.813
"HND",2017,56.457
"HND",2018,57.096
"HND",2019,57.73
"HND",2020,58.359
"HND",2021,58.982
"HND",2022,59.6
"HND",2023,60.212
"HND",2024,NA
"HPC",1960,12.4188743674623
"HPC",1961,12.7660052269012
"HPC",1962,13.1225064275502
"HPC",1963,13.4968536853881
"HPC",1964,13.894014808605
"HPC",1965,14.3054475637109
"HPC",1966,14.7128453698059
"HPC",1967,15.1339422862543
"HPC",1968,15.5676302858936
"HPC",1969,16.0169851941923
"HPC",1970,16.4497983654086
"HPC",1971,16.8894173424512
"HPC",1972,17.3382119184104
"HPC",1973,17.7902968626254
"HPC",1974,18.2242405616068
"HPC",1975,18.6659795931818
"HPC",1976,19.114651646093
"HPC",1977,19.5627846931981
"HPC",1978,20.0278897675283
"HPC",1979,20.4325797178612
"HPC",1980,20.859071712916
"HPC",1981,21.2700857454597
"HPC",1982,21.6603073020714
"HPC",1983,22.087971103515
"HPC",1984,22.5631337912945
"HPC",1985,23.0801268893244
"HPC",1986,23.5964307652328
"HPC",1987,24.0989886190868
"HPC",1988,24.5843765172005
"HPC",1989,25.02971767809
"HPC",1990,25.4610376793832
"HPC",1991,25.8417989185358
"HPC",1992,26.2192942193122
"HPC",1993,26.5825676165241
"HPC",1994,26.9515537750486
"HPC",1995,27.293129729869
"HPC",1996,27.551870433657
"HPC",1997,27.8343530529652
"HPC",1998,28.1348226871196
"HPC",1999,28.4385651468002
"HPC",2000,28.7512066462091
"HPC",2001,29.0997842101013
"HPC",2002,29.4405452459864
"HPC",2003,29.7848750098507
"HPC",2004,30.1319847165404
"HPC",2005,30.50070559239
"HPC",2006,30.8754644673954
"HPC",2007,31.1918387091867
"HPC",2008,31.6240989205184
"HPC",2009,32.0530756202666
"HPC",2010,32.491512966673
"HPC",2011,32.9335581402091
"HPC",2012,33.3590439921105
"HPC",2013,33.7920341062954
"HPC",2014,34.2342020425185
"HPC",2015,34.6901904052385
"HPC",2016,35.1570287833477
"HPC",2017,35.6246731078244
"HPC",2018,36.0931323349764
"HPC",2019,36.5663214736184
"HPC",2020,37.0465389661088
"HPC",2021,37.5368693810027
"HPC",2022,38.0398695478936
"HPC",2023,38.5476985045553
"HPC",2024,NA
"HRV",1960,30.154
"HRV",1961,31.04
"HRV",1962,32.001
"HRV",1963,32.979
"HRV",1964,33.972
"HRV",1965,34.977
"HRV",1966,35.997
"HRV",1967,37.03
"HRV",1968,38.076
"HRV",1969,39.13
"HRV",1970,40.196
"HRV",1971,41.168
"HRV",1972,41.839
"HRV",1973,42.511
"HRV",1974,43.186
"HRV",1975,43.864
"HRV",1976,44.545
"HRV",1977,45.227
"HRV",1978,45.911
"HRV",1979,46.597
"HRV",1980,47.285
"HRV",1981,47.887
"HRV",1982,48.237
"HRV",1983,48.587
"HRV",1984,48.937
"HRV",1985,49.287
"HRV",1986,49.637
"HRV",1987,49.987
"HRV",1988,50.338
"HRV",1989,50.687
"HRV",1990,51.037
"HRV",1991,51.357
"HRV",1992,51.588
"HRV",1993,51.818
"HRV",1994,52.048
"HRV",1995,52.279
"HRV",1996,52.509
"HRV",1997,52.739
"HRV",1998,52.968
"HRV",1999,53.198
"HRV",2000,53.428
"HRV",2001,53.642
"HRV",2002,53.81
"HRV",2003,53.979
"HRV",2004,54.147
"HRV",2005,54.315
"HRV",2006,54.483
"HRV",2007,54.651
"HRV",2008,54.819
"HRV",2009,54.987
"HRV",2010,55.155
"HRV",2011,55.322
"HRV",2012,55.506
"HRV",2013,55.706
"HRV",2014,55.923
"HRV",2015,56.155
"HRV",2016,56.403
"HRV",2017,56.667
"HRV",2018,56.947
"HRV",2019,57.242
"HRV",2020,57.553
"HRV",2021,57.878
"HRV",2022,58.219
"HRV",2023,58.575
"HRV",2024,NA
"HTI",1960,15.593
"HTI",1961,15.975
"HTI",1962,16.365
"HTI",1963,16.762
"HTI",1964,17.168
"HTI",1965,17.58
"HTI",1966,18.001
"HTI",1967,18.429
"HTI",1968,18.866
"HTI",1969,19.31
"HTI",1970,19.762
"HTI",1971,20.222
"HTI",1972,20.323
"HTI",1973,20.35
"HTI",1974,20.377
"HTI",1975,20.404
"HTI",1976,20.431
"HTI",1977,20.459
"HTI",1978,20.486
"HTI",1979,20.513
"HTI",1980,20.541
"HTI",1981,20.568
"HTI",1982,20.595
"HTI",1983,21.36
"HTI",1984,22.297
"HTI",1985,23.261
"HTI",1986,24.255
"HTI",1987,25.277
"HTI",1988,26.329
"HTI",1989,27.405
"HTI",1990,28.51
"HTI",1991,29.641
"HTI",1992,30.8
"HTI",1993,31.39
"HTI",1994,31.987
"HTI",1995,32.59
"HTI",1996,33.2
"HTI",1997,33.792
"HTI",1998,34.389
"HTI",1999,34.992
"HTI",2000,35.6
"HTI",2001,37.251
"HTI",2002,38.935
"HTI",2003,40.645
"HTI",2004,41.679
"HTI",2005,42.638
"HTI",2006,43.604
"HTI",2007,44.574
"HTI",2008,45.551
"HTI",2009,46.528
"HTI",2010,47.509
"HTI",2011,48.492
"HTI",2012,49.477
"HTI",2013,50.46
"HTI",2014,51.444
"HTI",2015,52.427
"HTI",2016,53.396
"HTI",2017,54.346
"HTI",2018,55.278
"HTI",2019,56.192
"HTI",2020,57.088
"HTI",2021,57.964
"HTI",2022,58.82
"HTI",2023,59.656
"HTI",2024,NA
"HUN",1960,55.911
"HUN",1961,56.335
"HUN",1962,56.758
"HUN",1963,57.181
"HUN",1964,57.603
"HUN",1965,58.022
"HUN",1966,58.441
"HUN",1967,58.859
"HUN",1968,59.276
"HUN",1969,59.691
"HUN",1970,60.112
"HUN",1971,60.539
"HUN",1972,60.965
"HUN",1973,61.388
"HUN",1974,61.81
"HUN",1975,62.231
"HUN",1976,62.65
"HUN",1977,63.066
"HUN",1978,63.48
"HUN",1979,63.893
"HUN",1980,64.191
"HUN",1981,64.372
"HUN",1982,64.553
"HUN",1983,64.734
"HUN",1984,64.915
"HUN",1985,65.095
"HUN",1986,65.274
"HUN",1987,65.453
"HUN",1988,65.632
"HUN",1989,65.81
"HUN",1990,65.838
"HUN",1991,65.713
"HUN",1992,65.587
"HUN",1993,65.461
"HUN",1994,65.335
"HUN",1995,65.209
"HUN",1996,65.083
"HUN",1997,64.956
"HUN",1998,64.829
"HUN",1999,64.702
"HUN",2000,64.575
"HUN",2001,64.67
"HUN",2002,65.081
"HUN",2003,65.489
"HUN",2004,65.896
"HUN",2005,66.365
"HUN",2006,66.895
"HUN",2007,67.421
"HUN",2008,67.943
"HUN",2009,68.46
"HUN",2010,68.911
"HUN",2011,69.358
"HUN",2012,69.678
"HUN",2013,69.953
"HUN",2014,70.227
"HUN",2015,70.5
"HUN",2016,70.779
"HUN",2017,71.062
"HUN",2018,71.351
"HUN",2019,71.644
"HUN",2020,71.942
"HUN",2021,72.245
"HUN",2022,72.552
"HUN",2023,72.864
"HUN",2024,NA
"IBD",1960,26.0923620348179
"IBD",1961,26.6632377388361
"IBD",1962,27.1897779206435
"IBD",1963,27.665309102048
"IBD",1964,28.1495402436871
"IBD",1965,28.3715196007176
"IBD",1966,28.5833824156194
"IBD",1967,28.8095172455328
"IBD",1968,29.0322338912366
"IBD",1969,29.2460329890177
"IBD",1970,29.4504550243569
"IBD",1971,29.6657660448283
"IBD",1972,29.9244776723567
"IBD",1973,30.2258735240719
"IBD",1974,30.5732422837958
"IBD",1975,30.9314184444476
"IBD",1976,31.2814104796411
"IBD",1977,31.6383089258418
"IBD",1978,32.1096698903939
"IBD",1979,32.6870608085033
"IBD",1980,33.2669425351203
"IBD",1981,33.8633723450898
"IBD",1982,34.4403390994621
"IBD",1983,34.963962873139
"IBD",1984,35.502573601411
"IBD",1985,36.0399608895904
"IBD",1986,36.5714553747456
"IBD",1987,37.0947948483911
"IBD",1988,37.6141387039347
"IBD",1989,38.1180822912567
"IBD",1990,38.6008817767568
"IBD",1991,39.1002085291282
"IBD",1992,39.5997174427914
"IBD",1993,40.1008602035958
"IBD",1994,40.6059365330484
"IBD",1995,41.1110734585054
"IBD",1996,41.6175332059561
"IBD",1997,42.1295463678514
"IBD",1998,42.6516720993921
"IBD",1999,43.1800008997637
"IBD",2000,43.7183512473418
"IBD",2001,44.3038011635736
"IBD",2002,44.9425890080496
"IBD",2003,45.5921181600685
"IBD",2004,46.2510960003965
"IBD",2005,46.9164837158728
"IBD",2006,47.5698188024491
"IBD",2007,48.2114862583341
"IBD",2008,48.8610009971072
"IBD",2009,49.5107521258833
"IBD",2010,50.1584462571237
"IBD",2011,50.7771931174326
"IBD",2012,51.3872080436425
"IBD",2013,52.0048682354504
"IBD",2014,52.6291788164324
"IBD",2015,53.2501093941016
"IBD",2016,53.8640328456027
"IBD",2017,54.4741980035345
"IBD",2018,55.0784159525631
"IBD",2019,55.6744652050534
"IBD",2020,56.2590499533727
"IBD",2021,56.8383385861658
"IBD",2022,57.4058665531603
"IBD",2023,57.9586238894416
"IBD",2024,NA
"IBT",1960,23.9534263219406
"IBT",1961,24.4524655410006
"IBT",1962,24.9246489489854
"IBT",1963,25.3672150893661
"IBT",1964,25.817211796872
"IBT",1965,26.0512533073388
"IBT",1966,26.2783817120263
"IBT",1967,26.5197296716712
"IBT",1968,26.7596894185236
"IBT",1969,26.99511358267
"IBT",1970,27.224406183245
"IBT",1971,27.4727431062871
"IBT",1972,27.7558376395932
"IBT",1973,28.0695371441341
"IBT",1974,28.420042841831
"IBT",1975,28.7286934100111
"IBT",1976,29.0884238982694
"IBT",1977,29.4542571237602
"IBT",1978,29.9147661522321
"IBT",1979,30.4546176889832
"IBT",1980,31.0022477555692
"IBT",1981,31.5602774736987
"IBT",1982,32.0795104986137
"IBT",1983,32.5581691791459
"IBT",1984,33.0550001471508
"IBT",1985,33.5545823263756
"IBT",1986,34.0508161860358
"IBT",1987,34.5410888323364
"IBT",1988,35.02803694509
"IBT",1989,35.4996497754464
"IBT",1990,35.9541913923965
"IBT",1991,36.4070076947704
"IBT",1992,36.8522959474722
"IBT",1993,37.2940482495811
"IBT",1994,37.7387193114271
"IBT",1995,38.1806262269382
"IBT",1996,38.6161270721174
"IBT",1997,39.058073431191
"IBT",1998,39.5089501985371
"IBT",1999,39.9631828163031
"IBT",2000,40.4256351624039
"IBT",2001,40.937508412381
"IBT",2002,41.4906722431939
"IBT",2003,42.050642250773
"IBT",2004,42.6187392148544
"IBT",2005,43.1927558058539
"IBT",2006,43.7570148528773
"IBT",2007,44.305750325101
"IBT",2008,44.871338637959
"IBT",2009,45.4361583517828
"IBT",2010,46.0007901850597
"IBT",2011,46.5374977759085
"IBT",2012,47.065931396264
"IBT",2013,47.6052469706067
"IBT",2014,48.1472390013645
"IBT",2015,48.6933602687895
"IBT",2016,49.2345477182403
"IBT",2017,49.7724420267884
"IBT",2018,50.3022608417101
"IBT",2019,50.8224594348819
"IBT",2020,51.3304849839119
"IBT",2021,51.8314960031235
"IBT",2022,52.3267936656641
"IBT",2023,52.8142168719889
"IBT",2024,NA
"IDA",1960,13.6860535000967
"IDA",1961,13.9816161633507
"IDA",1962,14.274791621551
"IDA",1963,14.5837321059569
"IDA",1964,14.9035074096189
"IDA",1965,15.2313774944741
"IDA",1966,15.561014687309
"IDA",1967,15.9126593524494
"IDA",1968,16.273833891468
"IDA",1969,16.6465074128318
"IDA",1970,17.0207047751938
"IDA",1971,17.4369911093012
"IDA",1972,17.8601776282394
"IDA",1973,18.280840190225
"IDA",1974,18.7054514786535
"IDA",1975,18.853718486952
"IDA",1976,19.3217226504761
"IDA",1977,19.7957108276635
"IDA",1978,20.2863685085529
"IDA",1979,20.7511215135549
"IDA",1980,21.2464930097324
"IDA",1981,21.7200888317724
"IDA",1982,22.0765541393473
"IDA",1983,22.4535805549052
"IDA",1984,22.8620970828869
"IDA",1985,23.2938353311182
"IDA",1986,23.7326867191745
"IDA",1987,24.1738973667324
"IDA",1988,24.6149355465992
"IDA",1989,25.0454638179669
"IDA",1990,25.480169860317
"IDA",1991,25.8487009389815
"IDA",1992,26.1989886763705
"IDA",1993,26.542216301821
"IDA",1994,26.8873792157996
"IDA",1995,27.2237183795876
"IDA",1996,27.5309037129701
"IDA",1997,27.8490388314496
"IDA",1998,28.1760909080013
"IDA",1999,28.5014546205037
"IDA",2000,28.8349202887843
"IDA",2001,29.233839424928
"IDA",2002,29.6445267359147
"IDA",2003,30.0556870624884
"IDA",2004,30.4722824999211
"IDA",2005,30.9004679920152
"IDA",2006,31.3387528021494
"IDA",2007,31.7629409066425
"IDA",2008,32.2331359972255
"IDA",2009,32.6991149671495
"IDA",2010,33.1742847185102
"IDA",2011,33.623018513879
"IDA",2012,34.0533287657888
"IDA",2013,34.48626328101
"IDA",2014,34.9204619898463
"IDA",2015,35.3930381647771
"IDA",2016,35.8790773172789
"IDA",2017,36.3729490402555
"IDA",2018,36.8687600283367
"IDA",2019,37.3669945784169
"IDA",2020,37.8684932790367
"IDA",2021,38.3770927534876
"IDA",2022,38.9024403014797
"IDA",2023,39.4372870426606
"IDA",2024,NA
"IDB",1960,18.6193712500776
"IDB",1961,18.9415268333402
"IDB",1962,19.2133154180423
"IDB",1963,19.4991916429133
"IDB",1964,19.7893803175591
"IDB",1965,20.0814805538173
"IDB",1966,20.3781014880993
"IDB",1967,20.6831866115225
"IDB",1968,20.9929121415426
"IDB",1969,21.3050536788526
"IDB",1970,21.6321541568569
"IDB",1971,22.0456350383176
"IDB",1972,22.4524004076166
"IDB",1973,22.8861880685813
"IDB",1974,23.3332013629193
"IDB",1975,23.7846111292686
"IDB",1976,24.2367016238264
"IDB",1977,24.6654630880838
"IDB",1978,25.0990443987919
"IDB",1979,25.5209589451149
"IDB",1980,25.8921068484805
"IDB",1981,26.3286914983365
"IDB",1982,26.7398537840954
"IDB",1983,27.1606941422171
"IDB",1984,27.59016603796
"IDB",1985,28.0223431170234
"IDB",1986,28.4624186378028
"IDB",1987,28.9066224050532
"IDB",1988,29.3449308816384
"IDB",1989,29.8012684200841
"IDB",1990,30.2920800416023
"IDB",1991,30.6632077550178
"IDB",1992,31.0369612432598
"IDB",1993,31.4014444437552
"IDB",1994,31.7667403660684
"IDB",1995,32.1336487122137
"IDB",1996,32.5028255509993
"IDB",1997,32.8697993690446
"IDB",1998,33.2280987167391
"IDB",1999,33.574433159821
"IDB",2000,33.9228374032169
"IDB",2001,34.3657724049219
"IDB",2002,34.8128191992413
"IDB",2003,35.2518011493461
"IDB",2004,35.6944999953427
"IDB",2005,36.1420112201884
"IDB",2006,36.5950860107526
"IDB",2007,37.0516126748433
"IDB",2008,37.5131508776241
"IDB",2009,37.9807760391694
"IDB",2010,38.4552068389995
"IDB",2011,38.916470954029
"IDB",2012,39.3680385003764
"IDB",2013,39.8261387487788
"IDB",2014,40.2915667694844
"IDB",2015,40.7619588553386
"IDB",2016,41.2338722906107
"IDB",2017,41.7035957694469
"IDB",2018,42.1758519476534
"IDB",2019,42.6518715328594
"IDB",2020,43.1307615095308
"IDB",2021,43.6139565169933
"IDB",2022,44.1068335907459
"IDB",2023,44.6113619381455
"IDB",2024,NA
"IDN",1960,14.586
"IDN",1961,14.821
"IDN",1962,15.058
"IDN",1963,15.299
"IDN",1964,15.543
"IDN",1965,15.789
"IDN",1966,16.039
"IDN",1967,16.293
"IDN",1968,16.549
"IDN",1969,16.809
"IDN",1970,17.071
"IDN",1971,17.338
"IDN",1972,17.779
"IDN",1973,18.28
"IDN",1974,18.793
"IDN",1975,19.317
"IDN",1976,19.853
"IDN",1977,20.398
"IDN",1978,20.956
"IDN",1979,21.524
"IDN",1980,22.104
"IDN",1981,22.815
"IDN",1982,23.606
"IDN",1983,24.415
"IDN",1984,25.244
"IDN",1985,26.089
"IDN",1986,26.953
"IDN",1987,27.835
"IDN",1988,28.736
"IDN",1989,29.651
"IDN",1990,30.584
"IDN",1991,31.613
"IDN",1992,32.703
"IDN",1993,33.808
"IDN",1994,34.933
"IDN",1995,36.076
"IDN",1996,37.235
"IDN",1997,38.406
"IDN",1998,39.593
"IDN",1999,40.792
"IDN",2000,42.002
"IDN",2001,42.783
"IDN",2002,43.568
"IDN",2003,44.356
"IDN",2004,45.149
"IDN",2005,45.942
"IDN",2006,46.738
"IDN",2007,47.535
"IDN",2008,48.335
"IDN",2009,49.134
"IDN",2010,49.914
"IDN",2011,50.595
"IDN",2012,51.276
"IDN",2013,51.955
"IDN",2014,52.635
"IDN",2015,53.313
"IDN",2016,53.989
"IDN",2017,54.659
"IDN",2018,55.325
"IDN",2019,55.985
"IDN",2020,56.641
"IDN",2021,57.29
"IDN",2022,57.934
"IDN",2023,58.572
"IDN",2024,NA
"IDX",1960,11.5086619685366
"IDX",1961,11.7917395210953
"IDX",1962,12.0932857974185
"IDX",1963,12.4106765104143
"IDX",1964,12.7419167930805
"IDX",1965,13.0840853535687
"IDX",1966,13.4267094786155
"IDX",1967,13.7981459293051
"IDX",1968,14.1816821962857
"IDX",1969,14.579923655453
"IDX",1970,14.9719505930961
"IDX",1971,15.3837882222981
"IDX",1972,15.8089406456641
"IDX",1973,16.2209509063715
"IDX",1974,16.6318943478396
"IDX",1975,16.6364354393604
"IDX",1976,17.1008193558242
"IDX",1977,17.58217693084
"IDX",1978,18.0874366672391
"IDX",1979,18.560266183622
"IDX",1980,19.0875403106828
"IDX",1981,19.5494608235005
"IDX",1982,19.8632203623444
"IDX",1983,20.2114336086919
"IDX",1984,20.6034144120023
"IDX",1985,21.0247022827743
"IDX",1986,21.4510452683972
"IDX",1987,21.8789575429873
"IDX",1988,22.3090662790471
"IDX",1989,22.7156432574306
"IDX",1990,23.1097992911144
"IDX",1991,23.4646160421779
"IDX",1992,23.7995898087407
"IDX",1993,24.1339904823656
"IDX",1994,24.4696263863111
"IDX",1995,24.789830896289
"IDX",1996,25.06429263269
"IDX",1997,25.3558836627185
"IDX",1998,25.665180662105
"IDX",1999,25.9781912579833
"IDX",2000,26.2987095400126
"IDX",2001,26.667865430879
"IDX",2002,27.0579211322585
"IDX",2003,27.4534029658241
"IDX",2004,27.8516466678008
"IDX",2005,28.2654654079491
"IDX",2006,28.6926166553119
"IDX",2007,29.0927415961662
"IDX",2008,29.557312755135
"IDX",2009,30.0128306814777
"IDX",2010,30.4793027039909
"IDX",2011,30.9158629180736
"IDX",2012,31.3332769653505
"IDX",2013,31.751090582743
"IDX",2014,32.1706425127977
"IDX",2015,32.6489271451353
"IDX",2016,33.1507813516416
"IDX",2017,33.6657318054966
"IDX",2018,34.1820473721284
"IDX",2019,34.7015325402987
"IDX",2020,35.2236572622926
"IDX",2021,35.7521641650507
"IDX",2022,36.3007820768614
"IDX",2023,36.8602932436828
"IDX",2024,NA
"IMN",1960,55.123
"IMN",1961,55.345
"IMN",1962,55.586
"IMN",1963,55.826
"IMN",1964,56.066
"IMN",1965,56.305
"IMN",1966,56.47
"IMN",1967,56.311
"IMN",1968,56.151
"IMN",1969,55.991
"IMN",1970,55.831
"IMN",1971,55.556
"IMN",1972,54.77
"IMN",1973,53.983
"IMN",1974,53.194
"IMN",1975,52.403
"IMN",1976,51.799
"IMN",1977,51.795
"IMN",1978,51.791
"IMN",1979,51.788
"IMN",1980,51.784
"IMN",1981,51.78
"IMN",1982,51.776
"IMN",1983,51.773
"IMN",1984,51.769
"IMN",1985,51.765
"IMN",1986,51.761
"IMN",1987,51.757
"IMN",1988,51.754
"IMN",1989,51.75
"IMN",1990,51.746
"IMN",1991,51.745
"IMN",1992,51.754
"IMN",1993,51.764
"IMN",1994,51.773
"IMN",1995,51.783
"IMN",1996,51.792
"IMN",1997,51.8
"IMN",1998,51.808
"IMN",1999,51.815
"IMN",2000,51.823
"IMN",2001,51.833
"IMN",2002,51.851
"IMN",2003,51.869
"IMN",2004,51.887
"IMN",2005,51.905
"IMN",2006,51.922
"IMN",2007,51.94
"IMN",2008,51.958
"IMN",2009,51.976
"IMN",2010,51.994
"IMN",2011,52.012
"IMN",2012,52.046
"IMN",2013,52.096
"IMN",2014,52.162
"IMN",2015,52.245
"IMN",2016,52.343
"IMN",2017,52.458
"IMN",2018,52.588
"IMN",2019,52.735
"IMN",2020,52.898
"IMN",2021,53.076
"IMN",2022,53.271
"IMN",2023,53.482
"IMN",2024,NA
"IND",1960,17.924
"IND",1961,18.032
"IND",1962,18.218
"IND",1963,18.405
"IND",1964,18.595
"IND",1965,18.785
"IND",1966,18.977
"IND",1967,19.171
"IND",1968,19.366
"IND",1969,19.562
"IND",1970,19.76
"IND",1971,19.991
"IND",1972,20.321
"IND",1973,20.653
"IND",1974,20.991
"IND",1975,21.332
"IND",1976,21.677
"IND",1977,22.026
"IND",1978,22.379
"IND",1979,22.736
"IND",1980,23.098
"IND",1981,23.417
"IND",1982,23.647
"IND",1983,23.879
"IND",1984,24.113
"IND",1985,24.348
"IND",1986,24.585
"IND",1987,24.823
"IND",1988,25.063
"IND",1989,25.305
"IND",1990,25.547
"IND",1991,25.778
"IND",1992,25.984
"IND",1993,26.191
"IND",1994,26.399
"IND",1995,26.607
"IND",1996,26.817
"IND",1997,27.028
"IND",1998,27.24
"IND",1999,27.453
"IND",2000,27.667
"IND",2001,27.918
"IND",2002,28.244
"IND",2003,28.572
"IND",2004,28.903
"IND",2005,29.235
"IND",2006,29.569
"IND",2007,29.906
"IND",2008,30.246
"IND",2009,30.587
"IND",2010,30.93
"IND",2011,31.276
"IND",2012,31.634
"IND",2013,32.003
"IND",2014,32.384
"IND",2015,32.777
"IND",2016,33.182
"IND",2017,33.6
"IND",2018,34.03
"IND",2019,34.472
"IND",2020,34.926
"IND",2021,35.393
"IND",2022,35.872
"IND",2023,36.364
"IND",2024,NA
"INX",1960,NA
"INX",1961,NA
"INX",1962,NA
"INX",1963,NA
"INX",1964,NA
"INX",1965,NA
"INX",1966,NA
"INX",1967,NA
"INX",1968,NA
"INX",1969,NA
"INX",1970,NA
"INX",1971,NA
"INX",1972,NA
"INX",1973,NA
"INX",1974,NA
"INX",1975,NA
"INX",1976,NA
"INX",1977,NA
"INX",1978,NA
"INX",1979,NA
"INX",1980,NA
"INX",1981,NA
"INX",1982,NA
"INX",1983,NA
"INX",1984,NA
"INX",1985,NA
"INX",1986,NA
"INX",1987,NA
"INX",1988,NA
"INX",1989,NA
"INX",1990,NA
"INX",1991,NA
"INX",1992,NA
"INX",1993,NA
"INX",1994,NA
"INX",1995,NA
"INX",1996,NA
"INX",1997,NA
"INX",1998,NA
"INX",1999,NA
"INX",2000,NA
"INX",2001,NA
"INX",2002,NA
"INX",2003,NA
"INX",2004,NA
"INX",2005,NA
"INX",2006,NA
"INX",2007,NA
"INX",2008,NA
"INX",2009,NA
"INX",2010,NA
"INX",2011,NA
"INX",2012,NA
"INX",2013,NA
"INX",2014,NA
"INX",2015,NA
"INX",2016,NA
"INX",2017,NA
"INX",2018,NA
"INX",2019,NA
"INX",2020,NA
"INX",2021,NA
"INX",2022,NA
"INX",2023,NA
"INX",2024,NA
"IRL",1960,45.184
"IRL",1961,45.393
"IRL",1962,45.603
"IRL",1963,45.813
"IRL",1964,46.023
"IRL",1965,46.233
"IRL",1966,46.637
"IRL",1967,47.795
"IRL",1968,48.956
"IRL",1969,50.115
"IRL",1970,51.276
"IRL",1971,52.269
"IRL",1972,52.611
"IRL",1973,52.952
"IRL",1974,53.294
"IRL",1975,53.634
"IRL",1976,53.975
"IRL",1977,54.315
"IRL",1978,54.655
"IRL",1979,54.994
"IRL",1980,55.333
"IRL",1981,55.634
"IRL",1982,55.794
"IRL",1983,55.955
"IRL",1984,56.115
"IRL",1985,56.275
"IRL",1986,56.427
"IRL",1987,56.553
"IRL",1988,56.678
"IRL",1989,56.804
"IRL",1990,56.929
"IRL",1991,57.073
"IRL",1992,57.293
"IRL",1993,57.512
"IRL",1994,57.731
"IRL",1995,57.949
"IRL",1996,58.173
"IRL",1997,58.419
"IRL",1998,58.664
"IRL",1999,58.91
"IRL",2000,59.155
"IRL",2001,59.399
"IRL",2002,59.649
"IRL",2003,59.925
"IRL",2004,60.202
"IRL",2005,60.477
"IRL",2006,60.738
"IRL",2007,60.94
"IRL",2008,61.141
"IRL",2009,61.342
"IRL",2010,61.542
"IRL",2011,61.742
"IRL",2012,61.942
"IRL",2013,62.141
"IRL",2014,62.34
"IRL",2015,62.538
"IRL",2016,62.737
"IRL",2017,62.947
"IRL",2018,63.17
"IRL",2019,63.405
"IRL",2020,63.653
"IRL",2021,63.912
"IRL",2022,64.183
"IRL",2023,64.466
"IRL",2024,NA
"IRN",1960,33.735
"IRN",1961,34.389
"IRN",1962,35.051
"IRN",1963,35.718
"IRN",1964,36.391
"IRN",1965,37.068
"IRN",1966,37.752
"IRN",1967,38.557
"IRN",1968,39.437
"IRN",1969,40.321
"IRN",1970,41.212
"IRN",1971,42.11
"IRN",1972,43.014
"IRN",1973,43.92
"IRN",1974,44.832
"IRN",1975,45.747
"IRN",1976,46.666
"IRN",1977,47.47
"IRN",1978,48.21
"IRN",1979,48.951
"IRN",1980,49.693
"IRN",1981,50.434
"IRN",1982,51.175
"IRN",1983,51.916
"IRN",1984,52.657
"IRN",1985,53.395
"IRN",1986,54.133
"IRN",1987,54.717
"IRN",1988,55.257
"IRN",1989,55.794
"IRN",1990,56.33
"IRN",1991,56.865
"IRN",1992,57.653
"IRN",1993,58.519
"IRN",1994,59.38
"IRN",1995,60.236
"IRN",1996,61.087
"IRN",1997,61.853
"IRN",1998,62.588
"IRN",1999,63.318
"IRN",2000,64.042
"IRN",2001,64.758
"IRN",2002,65.468
"IRN",2003,66.172
"IRN",2004,66.869
"IRN",2005,67.558
"IRN",2006,68.239
"IRN",2007,68.864
"IRN",2008,69.458
"IRN",2009,70.045
"IRN",2010,70.626
"IRN",2011,71.2
"IRN",2012,71.755
"IRN",2013,72.295
"IRN",2014,72.83
"IRN",2015,73.358
"IRN",2016,73.88
"IRN",2017,74.394
"IRN",2018,74.898
"IRN",2019,75.391
"IRN",2020,75.874
"IRN",2021,76.345
"IRN",2022,76.807
"IRN",2023,77.257
"IRN",2024,NA
"IRQ",1960,42.899
"IRQ",1961,44.432
"IRQ",1962,45.978
"IRQ",1963,47.532
"IRQ",1964,49.093
"IRQ",1965,50.651
"IRQ",1966,51.868
"IRQ",1967,52.945
"IRQ",1968,54.02
"IRQ",1969,55.089
"IRQ",1970,56.154
"IRQ",1971,57.214
"IRQ",1972,58.269
"IRQ",1973,59.313
"IRQ",1974,60.351
"IRQ",1975,61.379
"IRQ",1976,62.398
"IRQ",1977,63.404
"IRQ",1978,64.178
"IRQ",1979,64.852
"IRQ",1980,65.521
"IRQ",1981,66.183
"IRQ",1982,66.839
"IRQ",1983,67.488
"IRQ",1984,68.132
"IRQ",1985,68.767
"IRQ",1986,69.396
"IRQ",1987,70.017
"IRQ",1988,70.072
"IRQ",1989,69.889
"IRQ",1990,69.706
"IRQ",1991,69.522
"IRQ",1992,69.337
"IRQ",1993,69.152
"IRQ",1994,68.966
"IRQ",1995,68.78
"IRQ",1996,68.593
"IRQ",1997,68.405
"IRQ",1998,68.388
"IRQ",1999,68.442
"IRQ",2000,68.496
"IRQ",2001,68.55
"IRQ",2002,68.604
"IRQ",2003,68.658
"IRQ",2004,68.712
"IRQ",2005,68.766
"IRQ",2006,68.819
"IRQ",2007,68.873
"IRQ",2008,68.927
"IRQ",2009,68.98
"IRQ",2010,69.103
"IRQ",2011,69.268
"IRQ",2012,69.432
"IRQ",2013,69.595
"IRQ",2014,69.758
"IRQ",2015,69.921
"IRQ",2016,70.094
"IRQ",2017,70.278
"IRQ",2018,70.473
"IRQ",2019,70.678
"IRQ",2020,70.893
"IRQ",2021,71.119
"IRQ",2022,71.354
"IRQ",2023,71.599
"IRQ",2024,NA
"ISL",1960,80.3
"ISL",1961,80.803
"ISL",1962,81.297
"ISL",1963,81.781
"ISL",1964,82.256
"ISL",1965,82.72
"ISL",1966,83.175
"ISL",1967,83.621
"ISL",1968,84.057
"ISL",1969,84.483
"ISL",1970,84.9
"ISL",1971,85.269
"ISL",1972,85.63
"ISL",1973,85.983
"ISL",1974,86.33
"ISL",1975,86.669
"ISL",1976,87.002
"ISL",1977,87.326
"ISL",1978,87.644
"ISL",1979,87.955
"ISL",1980,88.26
"ISL",1981,88.533
"ISL",1982,88.8
"ISL",1983,89.062
"ISL",1984,89.319
"ISL",1985,89.57
"ISL",1986,89.816
"ISL",1987,90.057
"ISL",1988,90.294
"ISL",1989,90.524
"ISL",1990,90.75
"ISL",1991,90.932
"ISL",1992,91.112
"ISL",1993,91.287
"ISL",1994,91.46
"ISL",1995,91.63
"ISL",1996,91.797
"ISL",1997,91.96
"ISL",1998,92.121
"ISL",1999,92.267
"ISL",2000,92.401
"ISL",2001,92.532
"ISL",2002,92.662
"ISL",2003,92.789
"ISL",2004,92.914
"ISL",2005,93.037
"ISL",2006,93.159
"ISL",2007,93.278
"ISL",2008,93.395
"ISL",2009,93.511
"ISL",2010,93.574
"ISL",2011,93.587
"ISL",2012,93.6
"ISL",2013,93.633
"ISL",2014,93.667
"ISL",2015,93.7
"ISL",2016,93.735
"ISL",2017,93.773
"ISL",2018,93.813
"ISL",2019,93.855
"ISL",2020,93.898
"ISL",2021,93.944
"ISL",2022,93.992
"ISL",2023,94.042
"ISL",2024,NA
"ISR",1960,76.848
"ISR",1961,77.985
"ISR",1962,78.754
"ISR",1963,79.502
"ISR",1964,80.232
"ISR",1965,80.94
"ISR",1966,81.63
"ISR",1967,82.3
"ISR",1968,82.952
"ISR",1969,83.582
"ISR",1970,84.195
"ISR",1971,84.789
"ISR",1972,85.351
"ISR",1973,85.793
"ISR",1974,86.224
"ISR",1975,86.643
"ISR",1976,87.053
"ISR",1977,87.45
"ISR",1978,87.838
"ISR",1979,88.215
"ISR",1980,88.583
"ISR",1981,88.94
"ISR",1982,89.287
"ISR",1983,89.608
"ISR",1984,89.719
"ISR",1985,89.828
"ISR",1986,89.936
"ISR",1987,90.044
"ISR",1988,90.15
"ISR",1989,90.255
"ISR",1990,90.359
"ISR",1991,90.463
"ISR",1992,90.565
"ISR",1993,90.666
"ISR",1994,90.767
"ISR",1995,90.866
"ISR",1996,90.943
"ISR",1997,91.009
"ISR",1998,91.074
"ISR",1999,91.139
"ISR",2000,91.203
"ISR",2001,91.267
"ISR",2002,91.33
"ISR",2003,91.393
"ISR",2004,91.456
"ISR",2005,91.518
"ISR",2006,91.58
"ISR",2007,91.641
"ISR",2008,91.702
"ISR",2009,91.763
"ISR",2010,91.826
"ISR",2011,91.892
"ISR",2012,91.96
"ISR",2013,92.031
"ISR",2014,92.104
"ISR",2015,92.179
"ISR",2016,92.256
"ISR",2017,92.336
"ISR",2018,92.418
"ISR",2019,92.501
"ISR",2020,92.587
"ISR",2021,92.674
"ISR",2022,92.763
"ISR",2023,92.854
"ISR",2024,NA
"ITA",1960,59.361
"ITA",1961,59.856
"ITA",1962,60.355
"ITA",1963,60.853
"ITA",1964,61.35
"ITA",1965,61.843
"ITA",1966,62.334
"ITA",1967,62.822
"ITA",1968,63.309
"ITA",1969,63.792
"ITA",1970,64.272
"ITA",1971,64.75
"ITA",1972,65.039
"ITA",1973,65.241
"ITA",1974,65.442
"ITA",1975,65.643
"ITA",1976,65.844
"ITA",1977,66.044
"ITA",1978,66.243
"ITA",1979,66.442
"ITA",1980,66.64
"ITA",1981,66.837
"ITA",1982,66.886
"ITA",1983,66.866
"ITA",1984,66.846
"ITA",1985,66.826
"ITA",1986,66.806
"ITA",1987,66.786
"ITA",1988,66.766
"ITA",1989,66.746
"ITA",1990,66.726
"ITA",1991,66.706
"ITA",1992,66.742
"ITA",1993,66.802
"ITA",1994,66.862
"ITA",1995,66.922
"ITA",1996,66.982
"ITA",1997,67.042
"ITA",1998,67.102
"ITA",1999,67.162
"ITA",2000,67.222
"ITA",2001,67.282
"ITA",2002,67.382
"ITA",2003,67.501
"ITA",2004,67.62
"ITA",2005,67.738
"ITA",2006,67.856
"ITA",2007,67.974
"ITA",2008,68.092
"ITA",2009,68.209
"ITA",2010,68.327
"ITA",2011,68.444
"ITA",2012,68.684
"ITA",2013,68.979
"ITA",2014,69.272
"ITA",2015,69.565
"ITA",2016,69.855
"ITA",2017,70.144
"ITA",2018,70.438
"ITA",2019,70.736
"ITA",2020,71.039
"ITA",2021,71.346
"ITA",2022,71.657
"ITA",2023,71.973
"ITA",2024,NA
"JAM",1960,33.769
"JAM",1961,34.5
"JAM",1962,35.239
"JAM",1963,35.985
"JAM",1964,36.74
"JAM",1965,37.499
"JAM",1966,38.265
"JAM",1967,39.036
"JAM",1968,39.815
"JAM",1969,40.596
"JAM",1970,41.324
"JAM",1971,41.858
"JAM",1972,42.395
"JAM",1973,42.933
"JAM",1974,43.472
"JAM",1975,44.013
"JAM",1976,44.557
"JAM",1977,45.1
"JAM",1978,45.645
"JAM",1979,46.191
"JAM",1980,46.739
"JAM",1981,47.286
"JAM",1982,47.813
"JAM",1983,48.016
"JAM",1984,48.22
"JAM",1985,48.424
"JAM",1986,48.628
"JAM",1987,48.832
"JAM",1988,49.036
"JAM",1989,49.24
"JAM",1990,49.444
"JAM",1991,49.656
"JAM",1992,49.896
"JAM",1993,50.136
"JAM",1994,50.375
"JAM",1995,50.615
"JAM",1996,50.855
"JAM",1997,51.095
"JAM",1998,51.335
"JAM",1999,51.574
"JAM",2000,51.814
"JAM",2001,52.053
"JAM",2002,52.251
"JAM",2003,52.437
"JAM",2004,52.625
"JAM",2005,52.811
"JAM",2006,52.998
"JAM",2007,53.184
"JAM",2008,53.371
"JAM",2009,53.557
"JAM",2010,53.743
"JAM",2011,53.93
"JAM",2012,54.132
"JAM",2013,54.35
"JAM",2014,54.584
"JAM",2015,54.833
"JAM",2016,55.098
"JAM",2017,55.378
"JAM",2018,55.674
"JAM",2019,55.985
"JAM",2020,56.311
"JAM",2021,56.652
"JAM",2022,57.008
"JAM",2023,57.378
"JAM",2024,NA
"JOR",1960,50.879
"JOR",1961,52.412
"JOR",1962,53.215
"JOR",1963,53.565
"JOR",1964,53.914
"JOR",1965,54.262
"JOR",1966,54.61
"JOR",1967,54.957
"JOR",1968,55.296
"JOR",1969,55.633
"JOR",1970,55.971
"JOR",1971,56.308
"JOR",1972,56.645
"JOR",1973,56.98
"JOR",1974,57.315
"JOR",1975,57.65
"JOR",1976,57.984
"JOR",1977,58.316
"JOR",1978,58.649
"JOR",1979,58.98
"JOR",1980,60.029
"JOR",1981,61.464
"JOR",1982,62.882
"JOR",1983,64.278
"JOR",1984,65.652
"JOR",1985,66.996
"JOR",1986,68.315
"JOR",1987,69.606
"JOR",1988,70.868
"JOR",1989,72.095
"JOR",1990,73.291
"JOR",1991,74.455
"JOR",1992,75.586
"JOR",1993,76.68
"JOR",1994,77.74
"JOR",1995,78.207
"JOR",1996,78.22
"JOR",1997,78.232
"JOR",1998,78.245
"JOR",1999,78.258
"JOR",2000,78.27
"JOR",2001,78.283
"JOR",2002,78.296
"JOR",2003,78.308
"JOR",2004,78.321
"JOR",2005,79.485
"JOR",2006,80.97
"JOR",2007,82.371
"JOR",2008,83.692
"JOR",2009,84.928
"JOR",2010,86.088
"JOR",2011,87.172
"JOR",2012,88.185
"JOR",2013,89.125
"JOR",2014,90
"JOR",2015,90.256
"JOR",2016,90.506
"JOR",2017,90.747
"JOR",2018,90.979
"JOR",2019,91.203
"JOR",2020,91.418
"JOR",2021,91.626
"JOR",2022,91.827
"JOR",2023,92.02
"JOR",2024,NA
"JPN",1960,63.272
"JPN",1961,64.213
"JPN",1962,65.144
"JPN",1963,66.064
"JPN",1964,66.972
"JPN",1965,67.866
"JPN",1966,68.704
"JPN",1967,69.516
"JPN",1968,70.316
"JPN",1969,71.102
"JPN",1970,71.877
"JPN",1971,72.666
"JPN",1972,73.452
"JPN",1973,74.22
"JPN",1974,74.975
"JPN",1975,75.716
"JPN",1976,75.944
"JPN",1977,76.002
"JPN",1978,76.06
"JPN",1979,76.118
"JPN",1980,76.175
"JPN",1981,76.273
"JPN",1982,76.383
"JPN",1983,76.493
"JPN",1984,76.603
"JPN",1985,76.712
"JPN",1986,76.835
"JPN",1987,76.962
"JPN",1988,77.088
"JPN",1989,77.213
"JPN",1990,77.339
"JPN",1991,77.473
"JPN",1992,77.61
"JPN",1993,77.746
"JPN",1994,77.881
"JPN",1995,78.016
"JPN",1996,78.145
"JPN",1997,78.272
"JPN",1998,78.398
"JPN",1999,78.523
"JPN",2000,78.649
"JPN",2001,79.99
"JPN",2002,81.647
"JPN",2003,83.196
"JPN",2004,84.64
"JPN",2005,85.978
"JPN",2006,87.118
"JPN",2007,88.146
"JPN",2008,89.103
"JPN",2009,89.989
"JPN",2010,90.812
"JPN",2011,91.069
"JPN",2012,91.148
"JPN",2013,91.226
"JPN",2014,91.304
"JPN",2015,91.381
"JPN",2016,91.457
"JPN",2017,91.535
"JPN",2018,91.616
"JPN",2019,91.698
"JPN",2020,91.782
"JPN",2021,91.867
"JPN",2022,91.955
"JPN",2023,92.043
"JPN",2024,NA
"KAZ",1960,44.198
"KAZ",1961,44.746
"KAZ",1962,45.296
"KAZ",1963,45.847
"KAZ",1964,46.4
"KAZ",1965,47.047
"KAZ",1966,47.696
"KAZ",1967,48.346
"KAZ",1968,48.997
"KAZ",1969,49.647
"KAZ",1970,50.236
"KAZ",1971,50.753
"KAZ",1972,51.269
"KAZ",1973,51.785
"KAZ",1974,52.3
"KAZ",1975,52.564
"KAZ",1976,52.828
"KAZ",1977,53.092
"KAZ",1978,53.356
"KAZ",1979,53.7
"KAZ",1980,54.142
"KAZ",1981,54.582
"KAZ",1982,55.022
"KAZ",1983,55.461
"KAZ",1984,55.9
"KAZ",1985,56.01
"KAZ",1986,56.121
"KAZ",1987,56.231
"KAZ",1988,56.341
"KAZ",1989,56.357
"KAZ",1990,56.266
"KAZ",1991,56.175
"KAZ",1992,56.083
"KAZ",1993,55.992
"KAZ",1994,55.9
"KAZ",1995,55.921
"KAZ",1996,55.943
"KAZ",1997,55.964
"KAZ",1998,55.986
"KAZ",1999,56.025
"KAZ",2000,56.098
"KAZ",2001,56.171
"KAZ",2002,56.244
"KAZ",2003,56.317
"KAZ",2004,56.39
"KAZ",2005,56.463
"KAZ",2006,56.536
"KAZ",2007,56.609
"KAZ",2008,56.682
"KAZ",2009,56.755
"KAZ",2010,56.827
"KAZ",2011,56.9
"KAZ",2012,56.973
"KAZ",2013,57.046
"KAZ",2014,57.118
"KAZ",2015,57.191
"KAZ",2016,57.264
"KAZ",2017,57.336
"KAZ",2018,57.428
"KAZ",2019,57.54
"KAZ",2020,57.671
"KAZ",2021,57.821
"KAZ",2022,57.99
"KAZ",2023,58.179
"KAZ",2024,NA
"KEN",1960,7.362
"KEN",1961,7.565
"KEN",1962,7.774
"KEN",1963,8.038
"KEN",1964,8.318
"KEN",1965,8.605
"KEN",1966,8.902
"KEN",1967,9.209
"KEN",1968,9.525
"KEN",1969,9.85
"KEN",1970,10.295
"KEN",1971,10.778
"KEN",1972,11.282
"KEN",1973,11.805
"KEN",1974,12.349
"KEN",1975,12.914
"KEN",1976,13.503
"KEN",1977,14.112
"KEN",1978,14.745
"KEN",1979,15.401
"KEN",1980,15.583
"KEN",1981,15.681
"KEN",1982,15.78
"KEN",1983,15.879
"KEN",1984,15.979
"KEN",1985,16.079
"KEN",1986,16.18
"KEN",1987,16.281
"KEN",1988,16.383
"KEN",1989,16.485
"KEN",1990,16.748
"KEN",1991,17.043
"KEN",1992,17.342
"KEN",1993,17.645
"KEN",1994,17.952
"KEN",1995,18.263
"KEN",1996,18.579
"KEN",1997,18.898
"KEN",1998,19.222
"KEN",1999,19.55
"KEN",2000,19.892
"KEN",2001,20.239
"KEN",2002,20.591
"KEN",2003,20.948
"KEN",2004,21.31
"KEN",2005,21.675
"KEN",2006,22.045
"KEN",2007,22.42
"KEN",2008,22.8
"KEN",2009,23.183
"KEN",2010,23.571
"KEN",2011,23.969
"KEN",2012,24.376
"KEN",2013,24.794
"KEN",2014,25.221
"KEN",2015,25.658
"KEN",2016,26.105
"KEN",2017,26.562
"KEN",2018,27.03
"KEN",2019,27.507
"KEN",2020,27.995
"KEN",2021,28.493
"KEN",2022,29.002
"KEN",2023,29.52
"KEN",2024,NA
"KGZ",1960,34.181
"KGZ",1961,34.511
"KGZ",1962,34.844
"KGZ",1963,35.178
"KGZ",1964,35.515
"KGZ",1965,35.851
"KGZ",1966,36.19
"KGZ",1967,36.53
"KGZ",1968,36.871
"KGZ",1969,37.214
"KGZ",1970,37.466
"KGZ",1971,37.609
"KGZ",1972,37.753
"KGZ",1973,37.897
"KGZ",1974,38.042
"KGZ",1975,38.186
"KGZ",1976,38.331
"KGZ",1977,38.476
"KGZ",1978,38.621
"KGZ",1979,38.677
"KGZ",1980,38.627
"KGZ",1981,38.577
"KGZ",1982,38.527
"KGZ",1983,38.477
"KGZ",1984,38.427
"KGZ",1985,38.377
"KGZ",1986,38.327
"KGZ",1987,38.277
"KGZ",1988,38.227
"KGZ",1989,38.065
"KGZ",1990,37.777
"KGZ",1991,37.49
"KGZ",1992,37.203
"KGZ",1993,36.918
"KGZ",1994,36.633
"KGZ",1995,36.349
"KGZ",1996,36.066
"KGZ",1997,35.785
"KGZ",1998,35.504
"KGZ",1999,35.3
"KGZ",2000,35.298
"KGZ",2001,35.296
"KGZ",2002,35.295
"KGZ",2003,35.293
"KGZ",2004,35.292
"KGZ",2005,35.29
"KGZ",2006,35.289
"KGZ",2007,35.287
"KGZ",2008,35.285
"KGZ",2009,35.284
"KGZ",2010,35.306
"KGZ",2011,35.352
"KGZ",2012,35.423
"KGZ",2013,35.517
"KGZ",2014,35.635
"KGZ",2015,35.777
"KGZ",2016,35.944
"KGZ",2017,36.135
"KGZ",2018,36.351
"KGZ",2019,36.591
"KGZ",2020,36.856
"KGZ",2021,37.146
"KGZ",2022,37.461
"KGZ",2023,37.801
"KGZ",2024,NA
"KHM",1960,10.285
"KHM",1961,10.293
"KHM",1962,10.333
"KHM",1963,10.497
"KHM",1964,10.662
"KHM",1965,10.83
"KHM",1966,11
"KHM",1967,12.098
"KHM",1968,13.291
"KHM",1969,14.579
"KHM",1970,15.97
"KHM",1971,18.717
"KHM",1972,21.818
"KHM",1973,25.263
"KHM",1974,29.055
"KHM",1975,4.477
"KHM",1976,4.82
"KHM",1977,5.186
"KHM",1978,5.578
"KHM",1979,5.999
"KHM",1980,9.898
"KHM",1981,12.742
"KHM",1982,13.031
"KHM",1983,13.325
"KHM",1984,13.626
"KHM",1985,13.931
"KHM",1986,14.242
"KHM",1987,14.559
"KHM",1988,14.883
"KHM",1989,15.211
"KHM",1990,15.546
"KHM",1991,15.887
"KHM",1992,16.234
"KHM",1993,16.587
"KHM",1994,16.946
"KHM",1995,17.311
"KHM",1996,17.683
"KHM",1997,18.06
"KHM",1998,18.355
"KHM",1999,18.47
"KHM",2000,18.586
"KHM",2001,18.703
"KHM",2002,18.82
"KHM",2003,18.937
"KHM",2004,19.055
"KHM",2005,19.174
"KHM",2006,19.293
"KHM",2007,19.413
"KHM",2008,19.571
"KHM",2009,19.93
"KHM",2010,20.294
"KHM",2011,20.663
"KHM",2012,21.037
"KHM",2013,21.415
"KHM",2014,21.799
"KHM",2015,22.188
"KHM",2016,22.582
"KHM",2017,22.98
"KHM",2018,23.388
"KHM",2019,23.805
"KHM",2020,24.232
"KHM",2021,24.668
"KHM",2022,25.114
"KHM",2023,25.57
"KHM",2024,NA
"KIR",1960,16.29
"KIR",1961,16.918
"KIR",1962,17.566
"KIR",1963,18.233
"KIR",1964,18.92
"KIR",1965,19.625
"KIR",1966,20.351
"KIR",1967,21.097
"KIR",1968,21.863
"KIR",1969,22.871
"KIR",1970,24.088
"KIR",1971,25.348
"KIR",1972,26.654
"KIR",1973,27.997
"KIR",1974,28.96
"KIR",1975,29.606
"KIR",1976,30.262
"KIR",1977,30.925
"KIR",1978,31.596
"KIR",1979,32.036
"KIR",1980,32.284
"KIR",1981,32.532
"KIR",1982,32.782
"KIR",1983,33.032
"KIR",1984,33.284
"KIR",1985,33.541
"KIR",1986,33.828
"KIR",1987,34.116
"KIR",1988,34.405
"KIR",1989,34.695
"KIR",1990,34.987
"KIR",1991,35.272
"KIR",1992,35.555
"KIR",1993,35.839
"KIR",1994,36.123
"KIR",1995,36.409
"KIR",1996,37.386
"KIR",1997,38.752
"KIR",1998,40.138
"KIR",1999,41.54
"KIR",2000,42.958
"KIR",2001,43.473
"KIR",2002,43.492
"KIR",2003,43.512
"KIR",2004,43.532
"KIR",2005,43.551
"KIR",2006,44.03
"KIR",2007,44.866
"KIR",2008,45.706
"KIR",2009,46.547
"KIR",2010,47.39
"KIR",2011,48.235
"KIR",2012,49.082
"KIR",2013,49.927
"KIR",2014,50.773
"KIR",2015,51.619
"KIR",2016,52.45
"KIR",2017,53.262
"KIR",2018,54.057
"KIR",2019,54.835
"KIR",2020,55.594
"KIR",2021,56.335
"KIR",2022,57.058
"KIR",2023,57.762
"KIR",2024,NA
"KNA",1960,27.644
"KNA",1961,28.269
"KNA",1962,28.903
"KNA",1963,29.545
"KNA",1964,30.197
"KNA",1965,30.855
"KNA",1966,31.521
"KNA",1967,32.196
"KNA",1968,32.878
"KNA",1969,33.567
"KNA",1970,34.141
"KNA",1971,34.317
"KNA",1972,34.495
"KNA",1973,34.672
"KNA",1974,34.849
"KNA",1975,35.027
"KNA",1976,35.206
"KNA",1977,35.385
"KNA",1978,35.564
"KNA",1979,35.744
"KNA",1980,35.882
"KNA",1981,35.754
"KNA",1982,35.626
"KNA",1983,35.498
"KNA",1984,35.37
"KNA",1985,35.243
"KNA",1986,35.116
"KNA",1987,34.989
"KNA",1988,34.862
"KNA",1989,34.735
"KNA",1990,34.609
"KNA",1991,34.474
"KNA",1992,34.283
"KNA",1993,34.093
"KNA",1994,33.904
"KNA",1995,33.715
"KNA",1996,33.526
"KNA",1997,33.339
"KNA",1998,33.151
"KNA",1999,32.965
"KNA",2000,32.778
"KNA",2001,32.598
"KNA",2002,32.455
"KNA",2003,32.312
"KNA",2004,32.17
"KNA",2005,32.028
"KNA",2006,31.886
"KNA",2007,31.744
"KNA",2008,31.603
"KNA",2009,31.463
"KNA",2010,31.322
"KNA",2011,31.182
"KNA",2012,31.062
"KNA",2013,30.964
"KNA",2014,30.885
"KNA",2015,30.827
"KNA",2016,30.79
"KNA",2017,30.773
"KNA",2018,30.776
"KNA",2019,30.799
"KNA",2020,30.843
"KNA",2021,30.906
"KNA",2022,30.991
"KNA",2023,31.096
"KNA",2024,NA
"KOR",1960,27.71
"KOR",1961,28.531
"KOR",1962,29.461
"KOR",1963,30.407
"KOR",1964,31.372
"KOR",1965,32.351
"KOR",1966,33.347
"KOR",1967,34.971
"KOR",1968,36.846
"KOR",1969,38.756
"KOR",1970,40.704
"KOR",1971,42.261
"KOR",1972,43.692
"KOR",1973,45.131
"KOR",1974,46.579
"KOR",1975,48.033
"KOR",1976,49.719
"KOR",1977,51.476
"KOR",1978,53.233
"KOR",1979,54.981
"KOR",1980,56.72
"KOR",1981,58.407
"KOR",1982,60.061
"KOR",1983,61.693
"KOR",1984,63.301
"KOR",1985,64.876
"KOR",1986,66.679
"KOR",1987,68.563
"KOR",1988,70.389
"KOR",1989,72.148
"KOR",1990,73.844
"KOR",1991,74.972
"KOR",1992,75.82
"KOR",1993,76.645
"KOR",1994,77.452
"KOR",1995,78.239
"KOR",1996,78.662
"KOR",1997,78.905
"KOR",1998,79.145
"KOR",1999,79.384
"KOR",2000,79.621
"KOR",2001,79.94
"KOR",2002,80.299
"KOR",2003,80.652
"KOR",2004,81.002
"KOR",2005,81.345
"KOR",2006,81.528
"KOR",2007,81.631
"KOR",2008,81.733
"KOR",2009,81.835
"KOR",2010,81.936
"KOR",2011,81.923
"KOR",2012,81.851
"KOR",2013,81.779
"KOR",2014,81.707
"KOR",2015,81.634
"KOR",2016,81.562
"KOR",2017,81.503
"KOR",2018,81.459
"KOR",2019,81.43
"KOR",2020,81.414
"KOR",2021,81.414
"KOR",2022,81.427
"KOR",2023,81.456
"KOR",2024,NA
"KWT",1960,74.893
"KWT",1961,75.787
"KWT",1962,76.66
"KWT",1963,77.511
"KWT",1964,78.341
"KWT",1965,79.273
"KWT",1966,80.716
"KWT",1967,82.081
"KWT",1968,83.371
"KWT",1969,84.582
"KWT",1970,85.661
"KWT",1971,86.444
"KWT",1972,87.192
"KWT",1973,87.902
"KWT",1974,88.579
"KWT",1975,89.384
"KWT",1976,90.745
"KWT",1977,91.944
"KWT",1978,93
"KWT",1979,93.928
"KWT",1980,94.781
"KWT",1981,95.67
"KWT",1982,96.414
"KWT",1983,97.034
"KWT",1984,97.551
"KWT",1985,97.903
"KWT",1986,97.917
"KWT",1987,97.932
"KWT",1988,97.946
"KWT",1989,97.96
"KWT",1990,97.974
"KWT",1991,97.988
"KWT",1992,98.002
"KWT",1993,98.016
"KWT",1994,98.029
"KWT",1995,98.096
"KWT",1996,98.325
"KWT",1997,98.527
"KWT",1998,98.705
"KWT",1999,98.862
"KWT",2000,99
"KWT",2001,99.908
"KWT",2002,100
"KWT",2003,100
"KWT",2004,100
"KWT",2005,100
"KWT",2006,100
"KWT",2007,100
"KWT",2008,100
"KWT",2009,100
"KWT",2010,100
"KWT",2011,100
"KWT",2012,100
"KWT",2013,100
"KWT",2014,100
"KWT",2015,100
"KWT",2016,100
"KWT",2017,100
"KWT",2018,100
"KWT",2019,100
"KWT",2020,100
"KWT",2021,100
"KWT",2022,100
"KWT",2023,100
"KWT",2024,NA
"LAC",1960,48.005146646345
"LAC",1961,48.7982846644121
"LAC",1962,49.6151497647389
"LAC",1963,50.4361594451598
"LAC",1964,51.2630216945673
"LAC",1965,52.0288977489843
"LAC",1966,52.7942928261355
"LAC",1967,53.559155130815
"LAC",1968,54.3255036450632
"LAC",1969,55.0883113709095
"LAC",1970,55.8464804412248
"LAC",1971,56.6164543823662
"LAC",1972,57.3832604594907
"LAC",1973,58.1268670172539
"LAC",1974,58.864114871746
"LAC",1975,59.6016935354688
"LAC",1976,60.3354398817555
"LAC",1977,61.0707722491084
"LAC",1978,61.8035867107735
"LAC",1979,62.5305835023848
"LAC",1980,63.2502601912297
"LAC",1981,63.9327433368216
"LAC",1982,64.5880962127951
"LAC",1983,65.2359817696098
"LAC",1984,65.8764238786095
"LAC",1985,66.5115114886434
"LAC",1986,67.1319023646811
"LAC",1987,67.7408424272335
"LAC",1988,68.3422406909984
"LAC",1989,68.9327276622489
"LAC",1990,69.5096717227891
"LAC",1991,70.0556292543006
"LAC",1992,70.5766747712568
"LAC",1993,71.0788762091082
"LAC",1994,71.5879183783237
"LAC",1995,72.0918788523966
"LAC",1996,72.5714435567551
"LAC",1997,73.0614417927814
"LAC",1998,73.5476402363876
"LAC",1999,74.0171632631899
"LAC",2000,74.4836756268497
"LAC",2001,74.8556580894494
"LAC",2002,75.2098381847055
"LAC",2003,75.5608804743458
"LAC",2004,75.8974414685352
"LAC",2005,76.2286435505203
"LAC",2006,76.5569233381766
"LAC",2007,76.880772320691
"LAC",2008,77.1975376634592
"LAC",2009,77.5059069476217
"LAC",2010,77.8125547515076
"LAC",2011,78.1153648717856
"LAC",2012,78.4096908830028
"LAC",2013,78.698729246188
"LAC",2014,78.9861019691122
"LAC",2015,79.2708600635187
"LAC",2016,79.5504320500921
"LAC",2017,79.8252752102634
"LAC",2018,80.0961882807648
"LAC",2019,80.3648674832171
"LAC",2020,80.6312118952612
"LAC",2021,80.894048544763
"LAC",2022,81.1519838581035
"LAC",2023,81.4058469165042
"LAC",2024,NA
"LAO",1960,7.946
"LAO",1961,8.02
"LAO",1962,8.095
"LAO",1963,8.17
"LAO",1964,8.246
"LAO",1965,8.323
"LAO",1966,8.4
"LAO",1967,8.692
"LAO",1968,8.994
"LAO",1969,9.304
"LAO",1970,9.625
"LAO",1971,9.955
"LAO",1972,10.295
"LAO",1973,10.597
"LAO",1974,10.837
"LAO",1975,11.081
"LAO",1976,11.331
"LAO",1977,11.584
"LAO",1978,11.843
"LAO",1979,12.107
"LAO",1980,12.377
"LAO",1981,12.65
"LAO",1982,12.93
"LAO",1983,13.214
"LAO",1984,13.504
"LAO",1985,13.804
"LAO",1986,14.118
"LAO",1987,14.439
"LAO",1988,14.766
"LAO",1989,15.098
"LAO",1990,15.437
"LAO",1991,15.782
"LAO",1992,16.133
"LAO",1993,16.49
"LAO",1994,16.854
"LAO",1995,17.378
"LAO",1996,18.234
"LAO",1997,19.12
"LAO",1998,20.039
"LAO",1999,20.991
"LAO",2000,21.977
"LAO",2001,22.993
"LAO",2002,24.044
"LAO",2003,25.126
"LAO",2004,26.242
"LAO",2005,27.186
"LAO",2006,27.748
"LAO",2007,28.316
"LAO",2008,28.893
"LAO",2009,29.475
"LAO",2010,30.064
"LAO",2011,30.66
"LAO",2012,31.264
"LAO",2013,31.872
"LAO",2014,32.487
"LAO",2015,33.108
"LAO",2016,33.736
"LAO",2017,34.368
"LAO",2018,35.004
"LAO",2019,35.645
"LAO",2020,36.29
"LAO",2021,36.939
"LAO",2022,37.592
"LAO",2023,38.247
"LAO",2024,NA
"LBN",1960,42.343
"LBN",1961,44.039
"LBN",1962,45.752
"LBN",1963,47.475
"LBN",1964,49.207
"LBN",1965,50.935
"LBN",1966,52.664
"LBN",1967,54.386
"LBN",1968,56.101
"LBN",1969,57.796
"LBN",1970,59.475
"LBN",1971,61.06
"LBN",1972,62.58
"LBN",1973,64.072
"LBN",1974,65.54
"LBN",1975,66.978
"LBN",1976,68.387
"LBN",1977,69.759
"LBN",1978,71.099
"LBN",1979,72.403
"LBN",1980,73.672
"LBN",1981,74.899
"LBN",1982,76.089
"LBN",1983,77.24
"LBN",1984,78.353
"LBN",1985,79.422
"LBN",1986,80.454
"LBN",1987,81.446
"LBN",1988,82.4
"LBN",1989,82.763
"LBN",1990,83.12
"LBN",1991,83.472
"LBN",1992,83.818
"LBN",1993,84.157
"LBN",1994,84.491
"LBN",1995,84.82
"LBN",1996,85.142
"LBN",1997,85.459
"LBN",1998,85.77
"LBN",1999,85.885
"LBN",2000,86
"LBN",2001,86.118
"LBN",2002,86.24
"LBN",2003,86.366
"LBN",2004,86.494
"LBN",2005,86.627
"LBN",2006,86.762
"LBN",2007,86.901
"LBN",2008,87.042
"LBN",2009,87.187
"LBN",2010,87.334
"LBN",2011,87.484
"LBN",2012,87.636
"LBN",2013,87.79
"LBN",2014,87.947
"LBN",2015,88.106
"LBN",2016,88.266
"LBN",2017,88.429
"LBN",2018,88.593
"LBN",2019,88.758
"LBN",2020,88.925
"LBN",2021,89.093
"LBN",2022,89.262
"LBN",2023,89.432
"LBN",2024,NA
"LBR",1960,18.632
"LBR",1961,19.291
"LBR",1962,19.969
"LBR",1963,20.664
"LBR",1964,21.378
"LBR",1965,22.108
"LBR",1966,22.856
"LBR",1967,23.622
"LBR",1968,24.407
"LBR",1969,25.207
"LBR",1970,26.025
"LBR",1971,26.86
"LBR",1972,27.713
"LBR",1973,28.581
"LBR",1974,29.47
"LBR",1975,30.382
"LBR",1976,31.311
"LBR",1977,32.252
"LBR",1978,33.209
"LBR",1979,34.181
"LBR",1980,35.167
"LBR",1981,36.163
"LBR",1982,37.173
"LBR",1983,38.194
"LBR",1984,39.834
"LBR",1985,42.373
"LBR",1986,44.956
"LBR",1987,47.567
"LBR",1988,50.195
"LBR",1989,52.814
"LBR",1990,55.422
"LBR",1991,58
"LBR",1992,55.019
"LBR",1993,52.009
"LBR",1994,48.981
"LBR",1995,45.96
"LBR",1996,42.964
"LBR",1997,43.304
"LBR",1998,43.646
"LBR",1999,43.988
"LBR",2000,44.331
"LBR",2001,44.673
"LBR",2002,45.017
"LBR",2003,45.361
"LBR",2004,45.706
"LBR",2005,46.051
"LBR",2006,46.396
"LBR",2007,46.742
"LBR",2008,47.088
"LBR",2009,47.445
"LBR",2010,47.813
"LBR",2011,48.193
"LBR",2012,48.583
"LBR",2013,48.985
"LBR",2014,49.397
"LBR",2015,49.82
"LBR",2016,50.254
"LBR",2017,50.697
"LBR",2018,51.151
"LBR",2019,51.615
"LBR",2020,52.089
"LBR",2021,52.573
"LBR",2022,53.065
"LBR",2023,53.567
"LBR",2024,NA
"LBY",1960,27.323
"LBY",1961,28.197
"LBY",1962,29.089
"LBY",1963,29.998
"LBY",1964,30.924
"LBY",1965,33.666
"LBY",1966,36.698
"LBY",1967,39.839
"LBY",1968,43.07
"LBY",1969,46.352
"LBY",1970,49.671
"LBY",1971,52.992
"LBY",1972,56.292
"LBY",1973,59.528
"LBY",1974,61.237
"LBY",1975,62.785
"LBY",1976,64.31
"LBY",1977,65.802
"LBY",1978,67.265
"LBY",1979,68.696
"LBY",1980,70.094
"LBY",1981,71.451
"LBY",1982,72.773
"LBY",1983,74.055
"LBY",1984,75.3
"LBY",1985,75.45
"LBY",1986,75.505
"LBY",1987,75.56
"LBY",1988,75.614
"LBY",1989,75.669
"LBY",1990,75.723
"LBY",1991,75.777
"LBY",1992,75.832
"LBY",1993,75.886
"LBY",1994,75.94
"LBY",1995,75.994
"LBY",1996,76.048
"LBY",1997,76.114
"LBY",1998,76.193
"LBY",1999,76.284
"LBY",2000,76.387
"LBY",2001,76.502
"LBY",2002,76.629
"LBY",2003,76.768
"LBY",2004,76.919
"LBY",2005,77.08
"LBY",2006,77.253
"LBY",2007,77.437
"LBY",2008,77.632
"LBY",2009,77.837
"LBY",2010,78.052
"LBY",2011,78.277
"LBY",2012,78.512
"LBY",2013,78.756
"LBY",2014,79.009
"LBY",2015,79.27
"LBY",2016,79.54
"LBY",2017,79.817
"LBY",2018,80.102
"LBY",2019,80.393
"LBY",2020,80.691
"LBY",2021,80.994
"LBY",2022,81.302
"LBY",2023,81.606
"LBY",2024,NA
"LCA",1960,21.46
"LCA",1961,21.696
"LCA",1962,21.934
"LCA",1963,22.174
"LCA",1964,22.416
"LCA",1965,22.66
"LCA",1966,22.905
"LCA",1967,23.153
"LCA",1968,23.403
"LCA",1969,23.654
"LCA",1970,23.907
"LCA",1971,24.162
"LCA",1972,24.419
"LCA",1973,24.677
"LCA",1974,24.938
"LCA",1975,25.2
"LCA",1976,25.465
"LCA",1977,25.73
"LCA",1978,25.998
"LCA",1979,26.268
"LCA",1980,26.54
"LCA",1981,26.812
"LCA",1982,27.087
"LCA",1983,27.364
"LCA",1984,27.643
"LCA",1985,27.923
"LCA",1986,28.205
"LCA",1987,28.488
"LCA",1988,28.774
"LCA",1989,29.061
"LCA",1990,29.349
"LCA",1991,29.572
"LCA",1992,29.369
"LCA",1993,29.167
"LCA",1994,28.965
"LCA",1995,28.765
"LCA",1996,28.565
"LCA",1997,28.366
"LCA",1998,28.168
"LCA",1999,27.971
"LCA",2000,27.774
"LCA",2001,27.473
"LCA",2002,26.329
"LCA",2003,25.216
"LCA",2004,24.133
"LCA",2005,23.085
"LCA",2006,22.068
"LCA",2007,21.084
"LCA",2008,20.131
"LCA",2009,19.213
"LCA",2010,18.45
"LCA",2011,18.45
"LCA",2012,18.45
"LCA",2013,18.461
"LCA",2014,18.482
"LCA",2015,18.515
"LCA",2016,18.558
"LCA",2017,18.612
"LCA",2018,18.678
"LCA",2019,18.754
"LCA",2020,18.841
"LCA",2021,18.94
"LCA",2022,19.05
"LCA",2023,19.172
"LCA",2024,NA
"LCN",1960,49.4562065358754
"LCN",1961,50.2584291953647
"LCN",1962,51.0723759914948
"LCN",1963,51.8893131962528
"LCN",1964,52.7106576706061
"LCN",1965,53.4766948803038
"LCN",1966,54.2416637745602
"LCN",1967,55.0053586793543
"LCN",1968,55.769727191153
"LCN",1969,56.5293896353668
"LCN",1970,57.2829705278861
"LCN",1971,58.041550360866
"LCN",1972,58.792894227978
"LCN",1973,59.5209462998938
"LCN",1974,60.2430568845705
"LCN",1975,60.9652541829813
"LCN",1976,61.6853007324257
"LCN",1977,62.4053932469713
"LCN",1978,63.1223411821794
"LCN",1979,63.8330510374233
"LCN",1980,64.5435941063113
"LCN",1981,65.2377439599712
"LCN",1982,65.8991295041311
"LCN",1983,66.5392108415833
"LCN",1984,67.1694688014823
"LCN",1985,67.79193445046
"LCN",1986,68.3989461608053
"LCN",1987,68.9933584931272
"LCN",1988,69.5785953607443
"LCN",1989,70.1516560774997
"LCN",1990,70.7087114558704
"LCN",1991,71.2295131388129
"LCN",1992,71.7270432815315
"LCN",1993,72.2123771016206
"LCN",1994,72.703552736722
"LCN",1995,73.1897280498853
"LCN",1996,73.6538966311038
"LCN",1997,74.1266901723288
"LCN",1998,74.5949600652278
"LCN",1999,75.0475997421327
"LCN",2000,75.496026457602
"LCN",2001,75.8546401595851
"LCN",2002,76.1833285481376
"LCN",2003,76.5035888283245
"LCN",2004,76.8105978108385
"LCN",2005,77.1149339228251
"LCN",2006,77.4142848028044
"LCN",2007,77.7092622774368
"LCN",2008,77.9976244507387
"LCN",2009,78.2785271012667
"LCN",2010,78.5578410198154
"LCN",2011,78.8330900955827
"LCN",2012,79.100058359533
"LCN",2013,79.3620298704745
"LCN",2014,79.6224551556973
"LCN",2015,79.8805912794445
"LCN",2016,80.1333648585001
"LCN",2017,80.3783716386719
"LCN",2018,80.6118837550519
"LCN",2019,80.8467032364304
"LCN",2020,81.0877962869629
"LCN",2021,81.3272277367298
"LCN",2022,81.5649149138088
"LCN",2023,81.8011656731215
"LCN",2024,NA
"LDC",1960,9.65130868387428
"LDC",1961,9.89705632876977
"LDC",1962,10.164515258531
"LDC",1963,10.4471239878623
"LDC",1964,10.7437918800483
"LDC",1965,11.0519278379719
"LDC",1966,11.3722011877564
"LDC",1967,11.7247673468306
"LDC",1968,12.0905385409106
"LDC",1969,12.4718345451783
"LDC",1970,12.8512119041438
"LDC",1971,13.2684572874639
"LDC",1972,13.7087147476934
"LDC",1973,14.1392848093625
"LDC",1974,14.5690385039065
"LDC",1975,14.5372499772682
"LDC",1976,15.0144519771758
"LDC",1977,15.5105275511819
"LDC",1978,16.0357232404866
"LDC",1979,16.5521759731582
"LDC",1980,17.1271034655521
"LDC",1981,17.6288866663969
"LDC",1982,17.9748566087661
"LDC",1983,18.3631763112114
"LDC",1984,18.7978909880227
"LDC",1985,19.2578272373826
"LDC",1986,19.7233964762264
"LDC",1987,20.1906368395911
"LDC",1988,20.6590478414591
"LDC",1989,21.1024683659869
"LDC",1990,21.5347251567927
"LDC",1991,21.9230056939195
"LDC",1992,22.2943620105491
"LDC",1993,22.6691943238851
"LDC",1994,23.0445779209095
"LDC",1995,23.3915146076106
"LDC",1996,23.6881555929933
"LDC",1997,24.004237770476
"LDC",1998,24.34023190724
"LDC",1999,24.6809774140423
"LDC",2000,25.0271490898027
"LDC",2001,25.4263301915298
"LDC",2002,25.8481571648911
"LDC",2003,26.2766755172176
"LDC",2004,26.707526525013
"LDC",2005,27.1555092838585
"LDC",2006,27.5975648726192
"LDC",2007,27.9968049829107
"LDC",2008,28.4855264908401
"LDC",2009,28.9780363162154
"LDC",2010,29.4782380357351
"LDC",2011,29.9856100929974
"LDC",2012,30.4846413708241
"LDC",2013,30.992428991258
"LDC",2014,31.5100998139128
"LDC",2015,32.0367971381432
"LDC",2016,32.5762833143075
"LDC",2017,33.1242640987107
"LDC",2018,33.6667279661463
"LDC",2019,34.2024920969837
"LDC",2020,34.7409228785313
"LDC",2021,35.2890728691293
"LDC",2022,35.8497135775292
"LDC",2023,36.4129698967494
"LDC",2024,NA
"LIC",1960,13.4682866763742
"LIC",1961,13.8079631409633
"LIC",1962,14.1557950775878
"LIC",1963,14.5221398068918
"LIC",1964,14.8991950342364
"LIC",1965,15.286313289226
"LIC",1966,15.688786005448
"LIC",1967,16.109396982677
"LIC",1968,16.6030287945511
"LIC",1969,17.1604486386091
"LIC",1970,17.7112278788683
"LIC",1971,18.0608433388446
"LIC",1972,18.4251006878834
"LIC",1973,18.7770399752469
"LIC",1974,19.0842772489881
"LIC",1975,19.3853844067828
"LIC",1976,19.637984975828
"LIC",1977,19.899453416079
"LIC",1978,20.1668261643473
"LIC",1979,20.4368004128665
"LIC",1980,20.7431822402198
"LIC",1981,21.0608509050297
"LIC",1982,21.3543653525708
"LIC",1983,21.6888152199086
"LIC",1984,22.0849145749162
"LIC",1985,22.5185453736694
"LIC",1986,22.9536266565877
"LIC",1987,23.3793323670036
"LIC",1988,23.8003610142793
"LIC",1989,24.1963444659281
"LIC",1990,24.5678324916682
"LIC",1991,24.8828695169005
"LIC",1992,25.2056304561573
"LIC",1993,25.5424091138188
"LIC",1994,25.876976906992
"LIC",1995,26.1727937350954
"LIC",1996,26.356499581997
"LIC",1997,26.5709936010697
"LIC",1998,26.8125216669315
"LIC",1999,27.0578157093465
"LIC",2000,27.3092021293513
"LIC",2001,27.5644043065378
"LIC",2002,27.8031543791687
"LIC",2003,28.02629666375
"LIC",2004,28.2615375613846
"LIC",2005,28.5246654371698
"LIC",2006,28.8122378048648
"LIC",2007,29.0467761853001
"LIC",2008,29.3971155093998
"LIC",2009,29.726608247024
"LIC",2010,30.0767462812995
"LIC",2011,30.3709317801424
"LIC",2012,30.628114848712
"LIC",2013,30.8681119548453
"LIC",2014,31.1266411299552
"LIC",2015,31.4889228721831
"LIC",2016,31.8946434444932
"LIC",2017,32.3234211203909
"LIC",2018,32.7569869104427
"LIC",2019,33.2014019576595
"LIC",2020,33.6550085446563
"LIC",2021,34.1217960911553
"LIC",2022,34.6092143763472
"LIC",2023,35.1041622070291
"LIC",2024,NA
"LIE",1960,20.437
"LIE",1961,20.315
"LIE",1962,20.102
"LIE",1963,19.89
"LIE",1964,19.679
"LIE",1965,19.471
"LIE",1966,19.264
"LIE",1967,19.059
"LIE",1968,18.855
"LIE",1969,18.654
"LIE",1970,18.453
"LIE",1971,18.364
"LIE",1972,18.354
"LIE",1973,18.344
"LIE",1974,18.334
"LIE",1975,18.324
"LIE",1976,18.314
"LIE",1977,18.304
"LIE",1978,18.294
"LIE",1979,18.284
"LIE",1980,18.274
"LIE",1981,18.187
"LIE",1982,18.043
"LIE",1983,17.901
"LIE",1984,17.759
"LIE",1985,17.619
"LIE",1986,17.479
"LIE",1987,17.34
"LIE",1988,17.201
"LIE",1989,17.064
"LIE",1990,16.928
"LIE",1991,16.821
"LIE",1992,16.736
"LIE",1993,16.651
"LIE",1994,16.566
"LIE",1995,16.482
"LIE",1996,16.29
"LIE",1997,15.994
"LIE",1998,15.702
"LIE",1999,15.414
"LIE",2000,15.13
"LIE",2001,14.962
"LIE",2002,14.906
"LIE",2003,14.85
"LIE",2004,14.795
"LIE",2005,14.739
"LIE",2006,14.684
"LIE",2007,14.629
"LIE",2008,14.574
"LIE",2009,14.519
"LIE",2010,14.464
"LIE",2011,14.41
"LIE",2012,14.367
"LIE",2013,14.334
"LIE",2014,14.313
"LIE",2015,14.303
"LIE",2016,14.303
"LIE",2017,14.315
"LIE",2018,14.338
"LIE",2019,14.371
"LIE",2020,14.416
"LIE",2021,14.471
"LIE",2022,14.538
"LIE",2023,14.617
"LIE",2024,NA
"LKA",1960,16.431
"LKA",1961,16.592
"LKA",1962,16.753
"LKA",1963,16.916
"LKA",1964,17.014
"LKA",1965,17.11
"LKA",1966,17.207
"LKA",1967,17.304
"LKA",1968,17.402
"LKA",1969,17.5
"LKA",1970,17.598
"LKA",1971,17.697
"LKA",1972,17.796
"LKA",1973,17.896
"LKA",1974,17.996
"LKA",1975,18.097
"LKA",1976,18.198
"LKA",1977,18.299
"LKA",1978,18.401
"LKA",1979,18.504
"LKA",1980,18.607
"LKA",1981,18.676
"LKA",1982,18.66
"LKA",1983,18.644
"LKA",1984,18.629
"LKA",1985,18.613
"LKA",1986,18.597
"LKA",1987,18.582
"LKA",1988,18.566
"LKA",1989,18.551
"LKA",1990,18.535
"LKA",1991,18.52
"LKA",1992,18.504
"LKA",1993,18.489
"LKA",1994,18.473
"LKA",1995,18.458
"LKA",1996,18.442
"LKA",1997,18.427
"LKA",1998,18.411
"LKA",1999,18.396
"LKA",2000,18.38
"LKA",2001,18.365
"LKA",2002,18.349
"LKA",2003,18.334
"LKA",2004,18.319
"LKA",2005,18.303
"LKA",2006,18.288
"LKA",2007,18.272
"LKA",2008,18.257
"LKA",2009,18.242
"LKA",2010,18.226
"LKA",2011,18.211
"LKA",2012,18.196
"LKA",2013,18.198
"LKA",2014,18.218
"LKA",2015,18.256
"LKA",2016,18.311
"LKA",2017,18.384
"LKA",2018,18.476
"LKA",2019,18.585
"LKA",2020,18.713
"LKA",2021,18.86
"LKA",2022,19.026
"LKA",2023,19.211
"LKA",2024,NA
"LMC",1960,18.2490200326293
"LMC",1961,18.4611048820046
"LMC",1962,18.7107938374907
"LMC",1963,18.9658624021773
"LMC",1964,19.2267917520847
"LMC",1965,19.490939577425
"LMC",1966,19.756859564786
"LMC",1967,20.0351594629882
"LMC",1968,20.3209205384231
"LMC",1969,20.6117771726119
"LMC",1970,20.9055546890526
"LMC",1971,21.2371656633405
"LMC",1972,21.6223148456808
"LMC",1973,22.004489181733
"LMC",1974,22.3973111959603
"LMC",1975,22.6552142152417
"LMC",1976,23.0690333271134
"LMC",1977,23.4820513333519
"LMC",1978,23.9029417805664
"LMC",1979,24.3127562974282
"LMC",1980,24.735989378515
"LMC",1981,25.1443669590583
"LMC",1982,25.4559565305679
"LMC",1983,25.7758233492813
"LMC",1984,26.1054937802469
"LMC",1985,26.4418698184779
"LMC",1986,26.7824936327851
"LMC",1987,27.1244210298439
"LMC",1988,27.467528621015
"LMC",1989,27.8119956922981
"LMC",1990,28.2154924075954
"LMC",1991,28.5116123641195
"LMC",1992,28.7825516958424
"LMC",1993,29.0470498259054
"LMC",1994,29.3105230368835
"LMC",1995,29.5655680744133
"LMC",1996,29.8249150874145
"LMC",1997,30.0893955604032
"LMC",1998,30.3572630636931
"LMC",1999,30.6266794115601
"LMC",2000,30.9026720695405
"LMC",2001,31.2306835634925
"LMC",2002,31.6072349027976
"LMC",2003,31.9909330863094
"LMC",2004,32.3788593421695
"LMC",2005,32.7758028845375
"LMC",2006,33.1790142634182
"LMC",2007,33.5863659240025
"LMC",2008,33.994178196785
"LMC",2009,34.4065553232233
"LMC",2010,34.825629765019
"LMC",2011,35.2540710062131
"LMC",2012,35.6861737515545
"LMC",2013,36.1424626474899
"LMC",2014,36.6102745312354
"LMC",2015,37.0725141565864
"LMC",2016,37.5295181392786
"LMC",2017,37.9908696780081
"LMC",2018,38.461894246904
"LMC",2019,38.9406654635585
"LMC",2020,39.4285681450683
"LMC",2021,39.9285890991424
"LMC",2022,40.4418199870875
"LMC",2023,40.9666955216037
"LMC",2024,NA
"LMY",1960,21.5780564349422
"LMY",1961,22.0475017771053
"LMY",1962,22.5064008408958
"LMY",1963,22.9456943451836
"LMY",1964,23.3927596253237
"LMY",1965,23.6080699362286
"LMY",1966,23.830850503758
"LMY",1967,24.0699279444671
"LMY",1968,24.3146924999954
"LMY",1969,24.5613055606312
"LMY",1970,24.8046455276837
"LMY",1971,25.0586087584886
"LMY",1972,25.3471196088659
"LMY",1973,25.6685056963905
"LMY",1974,26.0275675834187
"LMY",1975,26.3396212744326
"LMY",1976,26.7001813682826
"LMY",1977,27.0661635921365
"LMY",1978,27.5338210029405
"LMY",1979,28.0944650771253
"LMY",1980,28.6705387346514
"LMY",1981,29.2605694739988
"LMY",1982,29.8119599344285
"LMY",1983,30.3214249402917
"LMY",1984,30.8465858281122
"LMY",1985,31.374586102324
"LMY",1986,31.900362872743
"LMY",1987,32.420382776109
"LMY",1988,32.9371796846584
"LMY",1989,33.4475204985446
"LMY",1990,33.9701155513461
"LMY",1991,34.4713731185987
"LMY",1992,34.9672079090089
"LMY",1993,35.459942535477
"LMY",1994,35.9529822993963
"LMY",1995,36.4414450799722
"LMY",1996,36.9233705220696
"LMY",1997,37.4107125746502
"LMY",1998,37.9055683626591
"LMY",1999,38.4037317475693
"LMY",2000,38.9117399531364
"LMY",2001,39.470195271275
"LMY",2002,40.0713329651918
"LMY",2003,40.6764299597901
"LMY",2004,41.2878842856941
"LMY",2005,41.9040884232944
"LMY",2006,42.5083576611967
"LMY",2007,43.0942997704386
"LMY",2008,43.6961399863442
"LMY",2009,44.2960244840687
"LMY",2010,44.895303759052
"LMY",2011,45.4640538940871
"LMY",2012,46.0231587451317
"LMY",2013,46.592267033194
"LMY",2014,47.1630136742115
"LMY",2015,47.7369918134785
"LMY",2016,48.3053994463197
"LMY",2017,48.8716647296853
"LMY",2018,49.4321067332779
"LMY",2019,49.9819801481681
"LMY",2020,50.517015642187
"LMY",2021,51.0438706627222
"LMY",2022,51.561699286564
"LMY",2023,52.0694301775767
"LMY",2024,NA
"LSO",1960,3.512
"LSO",1961,3.96
"LSO",1962,4.464
"LSO",1963,5.029
"LSO",1964,5.661
"LSO",1965,6.366
"LSO",1966,7.065
"LSO",1967,7.425
"LSO",1968,7.802
"LSO",1969,8.196
"LSO",1970,8.608
"LSO",1971,9.039
"LSO",1972,9.474
"LSO",1973,9.905
"LSO",1974,10.355
"LSO",1975,10.822
"LSO",1976,11.213
"LSO",1977,11.272
"LSO",1978,11.331
"LSO",1979,11.39
"LSO",1980,11.45
"LSO",1981,11.51
"LSO",1982,11.57
"LSO",1983,11.63
"LSO",1984,11.691
"LSO",1985,11.752
"LSO",1986,11.905
"LSO",1987,12.394
"LSO",1988,12.901
"LSO",1989,13.425
"LSO",1990,13.967
"LSO",1991,14.527
"LSO",1992,15.106
"LSO",1993,15.703
"LSO",1994,16.319
"LSO",1995,16.955
"LSO",1996,17.571
"LSO",1997,18.049
"LSO",1998,18.538
"LSO",1999,19.038
"LSO",2000,19.548
"LSO",2001,20.067
"LSO",2002,20.597
"LSO",2003,21.137
"LSO",2004,21.689
"LSO",2005,22.249
"LSO",2006,22.82
"LSO",2007,23.304
"LSO",2008,23.796
"LSO",2009,24.293
"LSO",2010,24.798
"LSO",2011,25.31
"LSO",2012,25.704
"LSO",2013,26.101
"LSO",2014,26.502
"LSO",2015,26.908
"LSO",2016,27.317
"LSO",2017,27.73
"LSO",2018,28.153
"LSO",2019,28.585
"LSO",2020,29.028
"LSO",2021,29.48
"LSO",2022,29.943
"LSO",2023,30.415
"LSO",2024,NA
"LTE",1960,26.2301119943713
"LTE",1961,26.9955821853162
"LTE",1962,27.6510595743549
"LTE",1963,28.2130018261281
"LTE",1964,28.7893413459537
"LTE",1965,28.893543157442
"LTE",1966,28.9745080074165
"LTE",1967,29.0922677041446
"LTE",1968,29.214322056475
"LTE",1969,29.3289432086537
"LTE",1970,29.4352881425089
"LTE",1971,29.5275683779611
"LTE",1972,29.6406794771907
"LTE",1973,29.8294776687048
"LTE",1974,30.0983714844008
"LTE",1975,30.3854886299107
"LTE",1976,30.658527844233
"LTE",1977,30.9471219920209
"LTE",1978,31.4363265032393
"LTE",1979,32.1156386096129
"LTE",1980,32.796851782111
"LTE",1981,33.4753996163135
"LTE",1982,34.1453106119359
"LTE",1983,34.7244992251246
"LTE",1984,35.3270877977136
"LTE",1985,35.9280201032242
"LTE",1986,36.5209126313552
"LTE",1987,37.1097683400958
"LTE",1988,37.7014082501466
"LTE",1989,38.2776984837417
"LTE",1990,38.8142531936329
"LTE",1991,39.4368758241651
"LTE",1992,40.0900588634209
"LTE",1993,40.7417707275167
"LTE",1994,41.4022555453506
"LTE",1995,42.0686755230577
"LTE",1996,42.7480969117541
"LTE",1997,43.4429697014871
"LTE",1998,44.1536086656072
"LTE",1999,44.8793213020424
"LTE",2000,45.6278335852176
"LTE",2001,46.5017067607657
"LTE",2002,47.4485995521306
"LTE",2003,48.4126970641164
"LTE",2004,49.3912861258647
"LTE",2005,50.3808715465894
"LTE",2006,51.3547019865278
"LTE",2007,52.3237873728838
"LTE",2008,53.2981351995234
"LTE",2009,54.2708057062181
"LTE",2010,55.242024467798
"LTE",2011,56.1608694644843
"LTE",2012,57.0577573280235
"LTE",2013,57.969171444338
"LTE",2014,58.8679956988786
"LTE",2015,59.7592391927949
"LTE",2016,60.6435202079322
"LTE",2017,61.5185818454451
"LTE",2018,62.3760863822195
"LTE",2019,63.2167102592501
"LTE",2020,64.0323101269434
"LTE",2021,64.8181783125505
"LTE",2022,65.6035531412067
"LTE",2023,66.3703403466461
"LTE",2024,NA
"LTU",1960,39.46
"LTU",1961,40.443
"LTU",1962,41.435
"LTU",1963,42.434
"LTU",1964,43.441
"LTU",1965,44.45
"LTU",1966,45.465
"LTU",1967,46.484
"LTU",1968,47.507
"LTU",1969,48.53
"LTU",1970,49.555
"LTU",1971,50.719
"LTU",1972,51.968
"LTU",1973,53.21
"LTU",1974,54.451
"LTU",1975,55.685
"LTU",1976,56.915
"LTU",1977,58.132
"LTU",1978,59.342
"LTU",1979,60.361
"LTU",1980,61.158
"LTU",1981,61.946
"LTU",1982,62.73
"LTU",1983,63.506
"LTU",1984,64.277
"LTU",1985,65.038
"LTU",1986,65.793
"LTU",1987,66.54
"LTU",1988,67.28
"LTU",1989,67.642
"LTU",1990,67.583
"LTU",1991,67.523
"LTU",1992,67.464
"LTU",1993,67.404
"LTU",1994,67.345
"LTU",1995,67.285
"LTU",1996,67.225
"LTU",1997,67.166
"LTU",1998,67.106
"LTU",1999,67.046
"LTU",2000,66.986
"LTU",2001,66.919
"LTU",2002,66.828
"LTU",2003,66.737
"LTU",2004,66.646
"LTU",2005,66.635
"LTU",2006,66.706
"LTU",2007,66.777
"LTU",2008,66.848
"LTU",2009,66.842
"LTU",2010,66.757
"LTU",2011,66.741
"LTU",2012,66.864
"LTU",2013,66.986
"LTU",2014,67.108
"LTU",2015,67.23
"LTU",2016,67.366
"LTU",2017,67.516
"LTU",2018,67.679
"LTU",2019,67.855
"LTU",2020,68.046
"LTU",2021,68.249
"LTU",2022,68.465
"LTU",2023,68.694
"LTU",2024,NA
"LUX",1960,69.556
"LUX",1961,69.927
"LUX",1962,70.443
"LUX",1963,70.953
"LUX",1964,71.459
"LUX",1965,71.958
"LUX",1966,72.452
"LUX",1967,72.941
"LUX",1968,73.425
"LUX",1969,73.902
"LUX",1970,74.374
"LUX",1971,74.916
"LUX",1972,75.528
"LUX",1973,76.127
"LUX",1974,76.717
"LUX",1975,77.297
"LUX",1976,77.867
"LUX",1977,78.426
"LUX",1978,78.975
"LUX",1979,79.513
"LUX",1980,80.042
"LUX",1981,80.444
"LUX",1982,80.501
"LUX",1983,80.557
"LUX",1984,80.613
"LUX",1985,80.669
"LUX",1986,80.725
"LUX",1987,80.78
"LUX",1988,80.836
"LUX",1989,80.891
"LUX",1990,80.947
"LUX",1991,81.13
"LUX",1992,81.528
"LUX",1993,81.857
"LUX",1994,82.482
"LUX",1995,82.893
"LUX",1996,82.825
"LUX",1997,82.779
"LUX",1998,82.893
"LUX",1999,83.448
"LUX",2000,84.216
"LUX",2001,84.843
"LUX",2002,85.299
"LUX",2003,85.743
"LUX",2004,86.177
"LUX",2005,86.598
"LUX",2006,87.009
"LUX",2007,87.409
"LUX",2008,87.8
"LUX",2009,88.178
"LUX",2010,88.547
"LUX",2011,88.906
"LUX",2012,89.249
"LUX",2013,89.574
"LUX",2014,89.884
"LUX",2015,90.179
"LUX",2016,90.46
"LUX",2017,90.727
"LUX",2018,90.981
"LUX",2019,91.223
"LUX",2020,91.453
"LUX",2021,91.672
"LUX",2022,91.881
"LUX",2023,92.078
"LUX",2024,NA
"LVA",1960,52.867
"LVA",1961,53.663
"LVA",1962,54.459
"LVA",1963,55.253
"LVA",1964,56.045
"LVA",1965,56.832
"LVA",1966,57.617
"LVA",1967,58.398
"LVA",1968,59.175
"LVA",1969,59.946
"LVA",1970,60.713
"LVA",1971,61.433
"LVA",1972,62.122
"LVA",1973,62.805
"LVA",1974,63.484
"LVA",1975,64.157
"LVA",1976,64.826
"LVA",1977,65.487
"LVA",1978,66.143
"LVA",1979,66.686
"LVA",1980,67.095
"LVA",1981,67.44
"LVA",1982,67.722
"LVA",1983,68.003
"LVA",1984,68.283
"LVA",1985,68.56
"LVA",1986,68.782
"LVA",1987,68.947
"LVA",1988,69.112
"LVA",1989,69.2
"LVA",1990,69.25
"LVA",1991,69.201
"LVA",1992,68.852
"LVA",1993,68.799
"LVA",1994,68.901
"LVA",1995,68.75
"LVA",1996,68.65
"LVA",1997,68.6
"LVA",1998,68.451
"LVA",1999,68.22
"LVA",2000,68.067
"LVA",2001,67.95
"LVA",2002,67.85
"LVA",2003,67.8
"LVA",2004,67.9
"LVA",2005,68
"LVA",2006,67.967
"LVA",2007,67.9
"LVA",2008,67.834
"LVA",2009,67.814
"LVA",2010,67.841
"LVA",2011,67.869
"LVA",2012,67.897
"LVA",2013,67.925
"LVA",2014,67.952
"LVA",2015,67.98
"LVA",2016,68.021
"LVA",2017,68.075
"LVA",2018,68.142
"LVA",2019,68.222
"LVA",2020,68.315
"LVA",2021,68.421
"LVA",2022,68.54
"LVA",2023,68.671
"LVA",2024,NA
"MAC",1960,95.289
"MAC",1961,95.328
"MAC",1962,95.556
"MAC",1963,95.773
"MAC",1964,95.98
"MAC",1965,96.177
"MAC",1966,96.365
"MAC",1967,96.544
"MAC",1968,96.715
"MAC",1969,96.877
"MAC",1970,97.032
"MAC",1971,97.208
"MAC",1972,97.397
"MAC",1973,97.573
"MAC",1974,97.738
"MAC",1975,97.891
"MAC",1976,98.035
"MAC",1977,98.169
"MAC",1978,98.294
"MAC",1979,98.41
"MAC",1980,98.519
"MAC",1981,98.655
"MAC",1982,98.889
"MAC",1983,99.084
"MAC",1984,99.244
"MAC",1985,99.377
"MAC",1986,99.486
"MAC",1987,99.576
"MAC",1988,99.651
"MAC",1989,99.712
"MAC",1990,99.763
"MAC",1991,99.805
"MAC",1992,99.839
"MAC",1993,99.867
"MAC",1994,99.891
"MAC",1995,99.91
"MAC",1996,99.98
"MAC",1997,100
"MAC",1998,100
"MAC",1999,100
"MAC",2000,100
"MAC",2001,100
"MAC",2002,100
"MAC",2003,100
"MAC",2004,100
"MAC",2005,100
"MAC",2006,100
"MAC",2007,100
"MAC",2008,100
"MAC",2009,100
"MAC",2010,100
"MAC",2011,100
"MAC",2012,100
"MAC",2013,100
"MAC",2014,100
"MAC",2015,100
"MAC",2016,100
"MAC",2017,100
"MAC",2018,100
"MAC",2019,100
"MAC",2020,100
"MAC",2021,100
"MAC",2022,100
"MAC",2023,100
"MAC",2024,NA
"MAF",1960,NA
"MAF",1961,NA
"MAF",1962,NA
"MAF",1963,NA
"MAF",1964,NA
"MAF",1965,NA
"MAF",1966,NA
"MAF",1967,NA
"MAF",1968,NA
"MAF",1969,NA
"MAF",1970,NA
"MAF",1971,NA
"MAF",1972,NA
"MAF",1973,NA
"MAF",1974,NA
"MAF",1975,NA
"MAF",1976,NA
"MAF",1977,NA
"MAF",1978,NA
"MAF",1979,NA
"MAF",1980,NA
"MAF",1981,NA
"MAF",1982,NA
"MAF",1983,NA
"MAF",1984,NA
"MAF",1985,NA
"MAF",1986,NA
"MAF",1987,NA
"MAF",1988,NA
"MAF",1989,NA
"MAF",1990,NA
"MAF",1991,NA
"MAF",1992,NA
"MAF",1993,NA
"MAF",1994,NA
"MAF",1995,NA
"MAF",1996,NA
"MAF",1997,NA
"MAF",1998,NA
"MAF",1999,NA
"MAF",2000,NA
"MAF",2001,NA
"MAF",2002,NA
"MAF",2003,NA
"MAF",2004,NA
"MAF",2005,NA
"MAF",2006,NA
"MAF",2007,NA
"MAF",2008,NA
"MAF",2009,NA
"MAF",2010,NA
"MAF",2011,NA
"MAF",2012,NA
"MAF",2013,NA
"MAF",2014,NA
"MAF",2015,NA
"MAF",2016,NA
"MAF",2017,NA
"MAF",2018,NA
"MAF",2019,NA
"MAF",2020,NA
"MAF",2021,NA
"MAF",2022,NA
"MAF",2023,NA
"MAF",2024,NA
"MAR",1960,29.357
"MAR",1961,29.849
"MAR",1962,30.345
"MAR",1963,30.846
"MAR",1964,31.353
"MAR",1965,31.862
"MAR",1966,32.377
"MAR",1967,32.896
"MAR",1968,33.419
"MAR",1969,33.946
"MAR",1970,34.477
"MAR",1971,35.012
"MAR",1972,35.675
"MAR",1973,36.349
"MAR",1974,37.029
"MAR",1975,37.714
"MAR",1976,38.405
"MAR",1977,39.099
"MAR",1978,39.798
"MAR",1979,40.502
"MAR",1980,41.21
"MAR",1981,41.92
"MAR",1982,42.634
"MAR",1983,43.347
"MAR",1984,44.063
"MAR",1985,44.779
"MAR",1986,45.498
"MAR",1987,46.219
"MAR",1988,46.943
"MAR",1989,47.666
"MAR",1990,48.391
"MAR",1991,49.117
"MAR",1992,49.844
"MAR",1993,50.569
"MAR",1994,51.295
"MAR",1995,51.692
"MAR",1996,52.022
"MAR",1997,52.35
"MAR",1998,52.678
"MAR",1999,53.007
"MAR",2000,53.335
"MAR",2001,53.662
"MAR",2002,53.99
"MAR",2003,54.317
"MAR",2004,54.644
"MAR",2005,55.174
"MAR",2006,55.746
"MAR",2007,56.317
"MAR",2008,56.886
"MAR",2009,57.452
"MAR",2010,58.018
"MAR",2011,58.581
"MAR",2012,59.142
"MAR",2013,59.7
"MAR",2014,60.256
"MAR",2015,60.809
"MAR",2016,61.36
"MAR",2017,61.908
"MAR",2018,62.453
"MAR",2019,62.994
"MAR",2020,63.532
"MAR",2021,64.065
"MAR",2022,64.596
"MAR",2023,65.121
"MAR",2024,NA
"MCO",1960,100
"MCO",1961,100
"MCO",1962,100
"MCO",1963,100
"MCO",1964,100
"MCO",1965,100
"MCO",1966,100
"MCO",1967,100
"MCO",1968,100
"MCO",1969,100
"MCO",1970,100
"MCO",1971,100
"MCO",1972,100
"MCO",1973,100
"MCO",1974,100
"MCO",1975,100
"MCO",1976,100
"MCO",1977,100
"MCO",1978,100
"MCO",1979,100
"MCO",1980,100
"MCO",1981,100
"MCO",1982,100
"MCO",1983,100
"MCO",1984,100
"MCO",1985,100
"MCO",1986,100
"MCO",1987,100
"MCO",1988,100
"MCO",1989,100
"MCO",1990,100
"MCO",1991,100
"MCO",1992,100
"MCO",1993,100
"MCO",1994,100
"MCO",1995,100
"MCO",1996,100
"MCO",1997,100
"MCO",1998,100
"MCO",1999,100
"MCO",2000,100
"MCO",2001,100
"MCO",2002,100
"MCO",2003,100
"MCO",2004,100
"MCO",2005,100
"MCO",2006,100
"MCO",2007,100
"MCO",2008,100
"MCO",2009,100
"MCO",2010,100
"MCO",2011,100
"MCO",2012,100
"MCO",2013,100
"MCO",2014,100
"MCO",2015,100
"MCO",2016,100
"MCO",2017,100
"MCO",2018,100
"MCO",2019,100
"MCO",2020,100
"MCO",2021,100
"MCO",2022,100
"MCO",2023,100
"MCO",2024,NA
"MDA",1960,23.424
"MDA",1961,24.216
"MDA",1962,25.027
"MDA",1963,25.856
"MDA",1964,26.703
"MDA",1965,27.566
"MDA",1966,28.447
"MDA",1967,29.345
"MDA",1968,30.26
"MDA",1969,31.189
"MDA",1970,32.068
"MDA",1971,32.879
"MDA",1972,33.701
"MDA",1973,34.531
"MDA",1974,35.372
"MDA",1975,36.222
"MDA",1976,37.082
"MDA",1977,37.948
"MDA",1978,38.822
"MDA",1979,39.64
"MDA",1980,40.387
"MDA",1981,41.136
"MDA",1982,41.891
"MDA",1983,42.649
"MDA",1984,43.412
"MDA",1985,44.176
"MDA",1986,44.944
"MDA",1987,45.714
"MDA",1988,46.488
"MDA",1989,46.856
"MDA",1990,46.762
"MDA",1991,46.669
"MDA",1992,46.575
"MDA",1993,46.481
"MDA",1994,46.387
"MDA",1995,46.294
"MDA",1996,46.2
"MDA",1997,45.797
"MDA",1998,45.394
"MDA",1999,44.992
"MDA",2000,44.589
"MDA",2001,44.189
"MDA",2002,43.789
"MDA",2003,43.389
"MDA",2004,42.99
"MDA",2005,42.775
"MDA",2006,42.744
"MDA",2007,42.713
"MDA",2008,42.682
"MDA",2009,42.651
"MDA",2010,42.62
"MDA",2011,42.589
"MDA",2012,42.558
"MDA",2013,42.527
"MDA",2014,42.496
"MDA",2015,42.49
"MDA",2016,42.511
"MDA",2017,42.557
"MDA",2018,42.629
"MDA",2019,42.726
"MDA",2020,42.849
"MDA",2021,42.998
"MDA",2022,43.173
"MDA",2023,43.373
"MDA",2024,NA
"MDG",1960,10.642
"MDG",1961,10.971
"MDG",1962,11.309
"MDG",1963,11.657
"MDG",1964,12.014
"MDG",1965,12.379
"MDG",1966,12.747
"MDG",1967,13.074
"MDG",1968,13.41
"MDG",1969,13.751
"MDG",1970,14.1
"MDG",1971,14.526
"MDG",1972,14.964
"MDG",1973,15.411
"MDG",1974,15.869
"MDG",1975,16.334
"MDG",1976,16.755
"MDG",1977,17.184
"MDG",1978,17.622
"MDG",1979,18.068
"MDG",1980,18.524
"MDG",1981,18.988
"MDG",1982,19.461
"MDG",1983,19.943
"MDG",1984,20.434
"MDG",1985,20.933
"MDG",1986,21.442
"MDG",1987,21.959
"MDG",1988,22.487
"MDG",1989,23.021
"MDG",1990,23.566
"MDG",1991,24.119
"MDG",1992,24.681
"MDG",1993,25.251
"MDG",1994,25.536
"MDG",1995,25.796
"MDG",1996,26.058
"MDG",1997,26.321
"MDG",1998,26.586
"MDG",1999,26.853
"MDG",2000,27.121
"MDG",2001,27.391
"MDG",2002,27.663
"MDG",2003,27.936
"MDG",2004,28.211
"MDG",2005,28.814
"MDG",2006,29.425
"MDG",2007,30.043
"MDG",2008,30.67
"MDG",2009,31.301
"MDG",2010,31.938
"MDG",2011,32.58
"MDG",2012,33.227
"MDG",2013,33.878
"MDG",2014,34.534
"MDG",2015,35.193
"MDG",2016,35.856
"MDG",2017,36.522
"MDG",2018,37.191
"MDG",2019,37.861
"MDG",2020,38.534
"MDG",2021,39.207
"MDG",2022,39.882
"MDG",2023,40.556
"MDG",2024,NA
"MDV",1960,11.173
"MDV",1961,11.23
"MDV",1962,11.288
"MDV",1963,11.345
"MDV",1964,11.404
"MDV",1965,11.458
"MDV",1966,11.393
"MDV",1967,11.336
"MDV",1968,11.516
"MDV",1969,11.698
"MDV",1970,11.893
"MDV",1971,12.842
"MDV",1972,13.858
"MDV",1973,14.936
"MDV",1974,16.085
"MDV",1975,17.304
"MDV",1976,18.596
"MDV",1977,19.958
"MDV",1978,20.978
"MDV",1979,21.607
"MDV",1980,22.25
"MDV",1981,22.905
"MDV",1982,23.574
"MDV",1983,24.257
"MDV",1984,24.954
"MDV",1985,25.491
"MDV",1986,25.57
"MDV",1987,25.648
"MDV",1988,25.727
"MDV",1989,25.806
"MDV",1990,25.84
"MDV",1991,25.776
"MDV",1992,25.713
"MDV",1993,25.649
"MDV",1994,25.586
"MDV",1995,25.638
"MDV",1996,26.008
"MDV",1997,26.379
"MDV",1998,26.755
"MDV",1999,27.134
"MDV",2000,27.706
"MDV",2001,28.859
"MDV",2002,30.042
"MDV",2003,31.252
"MDV",2004,32.49
"MDV",2005,33.75
"MDV",2006,34.794
"MDV",2007,35.2
"MDV",2008,35.61
"MDV",2009,36.021
"MDV",2010,36.434
"MDV",2011,36.849
"MDV",2012,37.267
"MDV",2013,37.685
"MDV",2014,38.106
"MDV",2015,38.529
"MDV",2016,38.954
"MDV",2017,39.38
"MDV",2018,39.808
"MDV",2019,40.238
"MDV",2020,40.669
"MDV",2021,41.102
"MDV",2022,41.536
"MDV",2023,41.971
"MDV",2024,NA
"MEA",1960,34.9561690833268
"MEA",1961,35.7030817569388
"MEA",1962,36.4621203097745
"MEA",1963,37.2260228446788
"MEA",1964,38.0092152981574
"MEA",1965,38.8211392355081
"MEA",1966,39.5823943758717
"MEA",1967,40.2851755016283
"MEA",1968,40.9934891236107
"MEA",1969,41.713777921895
"MEA",1970,42.4460969736991
"MEA",1971,43.155801452098
"MEA",1972,43.8718902521962
"MEA",1973,44.6016327392356
"MEA",1974,45.3025608562299
"MEA",1975,45.9820772362519
"MEA",1976,46.6518881384846
"MEA",1977,47.2810057141926
"MEA",1978,47.8985043265148
"MEA",1979,48.5091612678988
"MEA",1980,49.122751919515
"MEA",1981,49.728992411387
"MEA",1982,50.308853008191
"MEA",1983,50.8668772182185
"MEA",1984,51.4227386521777
"MEA",1985,51.9645705938507
"MEA",1986,52.5122517504337
"MEA",1987,52.9908949477313
"MEA",1988,53.3877120974062
"MEA",1989,53.7615417975245
"MEA",1990,54.1310944315654
"MEA",1991,54.4557133925672
"MEA",1992,54.937909480194
"MEA",1993,55.3818473517077
"MEA",1994,55.7992228056917
"MEA",1995,56.154986710115
"MEA",1996,56.5024434288702
"MEA",1997,56.8603661864345
"MEA",1998,57.2295428343485
"MEA",1999,57.6003672327282
"MEA",2000,57.9813879379165
"MEA",2001,58.3716348347144
"MEA",2002,58.7431308609383
"MEA",2003,59.1104502401412
"MEA",2004,59.4900062875715
"MEA",2005,59.9076565625403
"MEA",2006,60.3437956659295
"MEA",2007,60.7617765535985
"MEA",2008,61.169806289131
"MEA",2009,61.5680470681969
"MEA",2010,61.8634600570924
"MEA",2011,62.1486139102928
"MEA",2012,62.4500316463453
"MEA",2013,62.8385958503616
"MEA",2014,63.2244808311069
"MEA",2015,63.6691574442024
"MEA",2016,64.0371472579972
"MEA",2017,64.3220310512805
"MEA",2018,64.55446322406
"MEA",2019,64.8008224620336
"MEA",2020,65.1071327675888
"MEA",2021,65.3260608770273
"MEA",2022,65.7094376535395
"MEA",2023,66.0558443057929
"MEA",2024,NA
"MEX",1960,50.753
"MEX",1961,51.59
"MEX",1962,52.428
"MEX",1963,53.265
"MEX",1964,54.1
"MEX",1965,54.931
"MEX",1966,55.761
"MEX",1967,56.587
"MEX",1968,57.411
"MEX",1969,58.229
"MEX",1970,59.021
"MEX",1971,59.779
"MEX",1972,60.532
"MEX",1973,61.279
"MEX",1974,62.022
"MEX",1975,62.759
"MEX",1976,63.491
"MEX",1977,64.215
"MEX",1978,64.934
"MEX",1979,65.646
"MEX",1980,66.339
"MEX",1981,66.87
"MEX",1982,67.396
"MEX",1983,67.919
"MEX",1984,68.437
"MEX",1985,68.95
"MEX",1986,69.459
"MEX",1987,69.963
"MEX",1988,70.462
"MEX",1989,70.956
"MEX",1990,71.419
"MEX",1991,71.816
"MEX",1992,72.209
"MEX",1993,72.598
"MEX",1994,72.985
"MEX",1995,73.368
"MEX",1996,73.67
"MEX",1997,73.929
"MEX",1998,74.186
"MEX",1999,74.441
"MEX",2000,74.722
"MEX",2001,75.045
"MEX",2002,75.365
"MEX",2003,75.682
"MEX",2004,75.997
"MEX",2005,76.308
"MEX",2006,76.616
"MEX",2007,76.92
"MEX",2008,77.222
"MEX",2009,77.52
"MEX",2010,77.815
"MEX",2011,78.111
"MEX",2012,78.405
"MEX",2013,78.699
"MEX",2014,78.993
"MEX",2015,79.285
"MEX",2016,79.577
"MEX",2017,79.867
"MEX",2018,80.156
"MEX",2019,80.444
"MEX",2020,80.731
"MEX",2021,81.016
"MEX",2022,81.3
"MEX",2023,81.582
"MEX",2024,NA
"MHL",1960,35.584
"MHL",1961,36.959
"MHL",1962,38.358
"MHL",1963,39.776
"MHL",1964,41.214
"MHL",1965,42.663
"MHL",1966,44.126
"MHL",1967,45.6
"MHL",1968,48.229
"MHL",1969,50.861
"MHL",1970,53.492
"MHL",1971,56.103
"MHL",1972,58.685
"MHL",1973,61.212
"MHL",1974,61.093
"MHL",1975,60.632
"MHL",1976,60.168
"MHL",1977,59.704
"MHL",1978,59.237
"MHL",1979,58.769
"MHL",1980,58.298
"MHL",1981,58.826
"MHL",1982,59.614
"MHL",1983,60.396
"MHL",1984,61.175
"MHL",1985,61.945
"MHL",1986,62.711
"MHL",1987,63.47
"MHL",1988,64.224
"MHL",1989,64.714
"MHL",1990,65.054
"MHL",1991,65.392
"MHL",1992,65.728
"MHL",1993,66.063
"MHL",1994,66.396
"MHL",1995,66.727
"MHL",1996,67.058
"MHL",1997,67.385
"MHL",1998,67.712
"MHL",1999,68.053
"MHL",2000,68.58
"MHL",2001,69.101
"MHL",2002,69.618
"MHL",2003,70.13
"MHL",2004,70.637
"MHL",2005,71.138
"MHL",2006,71.635
"MHL",2007,72.126
"MHL",2008,72.613
"MHL",2009,73.093
"MHL",2010,73.568
"MHL",2011,74.038
"MHL",2012,74.498
"MHL",2013,74.946
"MHL",2014,75.384
"MHL",2015,75.811
"MHL",2016,76.228
"MHL",2017,76.634
"MHL",2018,77.031
"MHL",2019,77.417
"MHL",2020,77.794
"MHL",2021,78.162
"MHL",2022,78.52
"MHL",2023,78.868
"MHL",2024,NA
"MIC",1960,22.1386330781644
"MIC",1961,22.6228003967904
"MIC",1962,23.0918879578897
"MIC",1963,23.5357892391898
"MIC",1964,23.9878733860693
"MIC",1965,24.1916801417955
"MIC",1966,24.4019650462121
"MIC",1967,24.6291290253554
"MIC",1968,24.857446858712
"MIC",1969,25.0829560370077
"MIC",1970,25.3053402079891
"MIC",1971,25.5533612469531
"MIC",1972,25.8374532591924
"MIC",1973,26.1579777899658
"MIC",1974,26.522561927418
"MIC",1975,26.8374626843346
"MIC",1976,27.2081972194845
"MIC",1977,27.5840414486189
"MIC",1978,28.0697235196152
"MIC",1979,28.6554763346318
"MIC",1980,29.2520995620558
"MIC",1981,29.8612137161755
"MIC",1982,30.4330201696632
"MIC",1983,30.9589630509969
"MIC",1984,31.4976469002722
"MIC",1985,32.0365842024557
"MIC",1986,32.5726347816139
"MIC",1987,33.1035156710726
"MIC",1988,33.6316443200527
"MIC",1989,34.1555177684765
"MIC",1990,34.6939188132832
"MIC",1991,35.2147270244365
"MIC",1992,35.7327543263561
"MIC",1993,36.2488161941451
"MIC",1994,36.7644896622428
"MIC",1995,37.2785337408624
"MIC",1996,37.7960561315948
"MIC",1997,38.3169629691777
"MIC",1998,38.844579795843
"MIC",1999,39.3768053700746
"MIC",2000,39.9189049667898
"MIC",2001,40.5166615442199
"MIC",2002,41.1664160242204
"MIC",2003,41.8239770166665
"MIC",2004,42.4875462086426
"MIC",2005,43.1556577101572
"MIC",2006,43.8113298145611
"MIC",2007,44.4533013021265
"MIC",2008,45.1017413991122
"MIC",2009,45.7510475173083
"MIC",2010,46.3985590006118
"MIC",2011,47.0189244618515
"MIC",2012,47.6317938553016
"MIC",2013,48.2562138548728
"MIC",2014,48.8808800563994
"MIC",2015,49.5004716523456
"MIC",2016,50.1128173463226
"MIC",2017,50.7230712784509
"MIC",2018,51.3295876222864
"MIC",2019,51.9264017475263
"MIC",2020,52.5074826214954
"MIC",2021,53.0789345456206
"MIC",2022,53.639041624375
"MIC",2023,54.1889534206274
"MIC",2024,NA
"MKD",1960,34.02
"MKD",1961,35.214
"MKD",1962,36.473
"MKD",1963,37.75
"MKD",1964,39.047
"MKD",1965,40.355
"MKD",1966,41.68
"MKD",1967,43.016
"MKD",1968,44.364
"MKD",1969,45.718
"MKD",1970,47.079
"MKD",1971,48.246
"MKD",1972,48.827
"MKD",1973,49.407
"MKD",1974,49.988
"MKD",1975,50.569
"MKD",1976,51.151
"MKD",1977,51.73
"MKD",1978,52.31
"MKD",1979,52.889
"MKD",1980,53.469
"MKD",1981,54.007
"MKD",1982,54.43
"MKD",1983,54.853
"MKD",1984,55.276
"MKD",1985,55.696
"MKD",1986,56.117
"MKD",1987,56.536
"MKD",1988,56.955
"MKD",1989,57.373
"MKD",1990,57.789
"MKD",1991,58.234
"MKD",1992,58.764
"MKD",1993,59.291
"MKD",1994,59.794
"MKD",1995,59.587
"MKD",1996,59.38
"MKD",1997,59.172
"MKD",1998,58.965
"MKD",1999,58.757
"MKD",2000,58.548
"MKD",2001,58.339
"MKD",2002,58.13
"MKD",2003,57.921
"MKD",2004,57.711
"MKD",2005,57.532
"MKD",2006,57.383
"MKD",2007,57.264
"MKD",2008,57.175
"MKD",2009,57.117
"MKD",2010,57.089
"MKD",2011,57.092
"MKD",2012,57.125
"MKD",2013,57.189
"MKD",2014,57.284
"MKD",2015,57.408
"MKD",2016,57.563
"MKD",2017,57.748
"MKD",2018,57.963
"MKD",2019,58.208
"MKD",2020,58.482
"MKD",2021,58.786
"MKD",2022,59.118
"MKD",2023,59.479
"MKD",2024,NA
"MLI",1960,11.066
"MLI",1961,11.361
"MLI",1962,11.662
"MLI",1963,11.97
"MLI",1964,12.286
"MLI",1965,12.608
"MLI",1966,12.938
"MLI",1967,13.274
"MLI",1968,13.619
"MLI",1969,13.971
"MLI",1970,14.33
"MLI",1971,14.697
"MLI",1972,15.072
"MLI",1973,15.454
"MLI",1974,15.845
"MLI",1975,16.244
"MLI",1976,16.651
"MLI",1977,17.083
"MLI",1978,17.54
"MLI",1979,18.007
"MLI",1980,18.484
"MLI",1981,18.97
"MLI",1982,19.466
"MLI",1983,19.972
"MLI",1984,20.488
"MLI",1985,21.013
"MLI",1986,21.548
"MLI",1987,22.069
"MLI",1988,22.482
"MLI",1989,22.899
"MLI",1990,23.322
"MLI",1991,23.751
"MLI",1992,24.186
"MLI",1993,24.624
"MLI",1994,25.069
"MLI",1995,25.519
"MLI",1996,25.975
"MLI",1997,26.434
"MLI",1998,26.948
"MLI",1999,27.646
"MLI",2000,28.356
"MLI",2001,29.075
"MLI",2002,29.806
"MLI",2003,30.547
"MLI",2004,31.3
"MLI",2005,32.06
"MLI",2006,32.832
"MLI",2007,33.612
"MLI",2008,34.403
"MLI",2009,35.2
"MLI",2010,35.999
"MLI",2011,36.799
"MLI",2012,37.599
"MLI",2013,38.398
"MLI",2014,39.196
"MLI",2015,39.991
"MLI",2016,40.783
"MLI",2017,41.572
"MLI",2018,42.356
"MLI",2019,43.136
"MLI",2020,43.909
"MLI",2021,44.677
"MLI",2022,45.437
"MLI",2023,46.189
"MLI",2024,NA
"MLT",1960,90.129
"MLT",1961,90.069
"MLT",1962,90.008
"MLT",1963,89.948
"MLT",1964,89.886
"MLT",1965,89.825
"MLT",1966,89.764
"MLT",1967,89.702
"MLT",1968,89.682
"MLT",1969,89.69
"MLT",1970,89.699
"MLT",1971,89.708
"MLT",1972,89.716
"MLT",1973,89.725
"MLT",1974,89.734
"MLT",1975,89.742
"MLT",1976,89.751
"MLT",1977,89.76
"MLT",1978,89.768
"MLT",1979,89.777
"MLT",1980,89.785
"MLT",1981,89.794
"MLT",1982,89.803
"MLT",1983,89.811
"MLT",1984,89.82
"MLT",1985,89.828
"MLT",1986,89.907
"MLT",1987,90.028
"MLT",1988,90.147
"MLT",1989,90.265
"MLT",1990,90.381
"MLT",1991,90.497
"MLT",1992,90.611
"MLT",1993,90.723
"MLT",1994,90.835
"MLT",1995,90.946
"MLT",1996,91.181
"MLT",1997,91.492
"MLT",1998,91.793
"MLT",1999,92.085
"MLT",2000,92.368
"MLT",2001,92.641
"MLT",2002,92.905
"MLT",2003,93.16
"MLT",2004,93.407
"MLT",2005,93.645
"MLT",2006,93.784
"MLT",2007,93.857
"MLT",2008,93.929
"MLT",2009,94.001
"MLT",2010,94.072
"MLT",2011,94.141
"MLT",2012,94.211
"MLT",2013,94.279
"MLT",2014,94.347
"MLT",2015,94.414
"MLT",2016,94.48
"MLT",2017,94.546
"MLT",2018,94.612
"MLT",2019,94.678
"MLT",2020,94.744
"MLT",2021,94.81
"MLT",2022,94.875
"MLT",2023,94.941
"MLT",2024,NA
"MMR",1960,19.226
"MMR",1961,19.566
"MMR",1962,19.91
"MMR",1963,20.259
"MMR",1964,20.613
"MMR",1965,20.971
"MMR",1966,21.334
"MMR",1967,21.701
"MMR",1968,22.073
"MMR",1969,22.449
"MMR",1970,22.83
"MMR",1971,23.215
"MMR",1972,23.606
"MMR",1973,23.903
"MMR",1974,23.913
"MMR",1975,23.922
"MMR",1976,23.933
"MMR",1977,23.942
"MMR",1978,23.952
"MMR",1979,23.962
"MMR",1980,23.973
"MMR",1981,23.982
"MMR",1982,23.993
"MMR",1983,24.042
"MMR",1984,24.212
"MMR",1985,24.381
"MMR",1986,24.552
"MMR",1987,24.724
"MMR",1988,24.896
"MMR",1989,25.069
"MMR",1990,25.243
"MMR",1991,25.418
"MMR",1992,25.593
"MMR",1993,25.769
"MMR",1994,25.946
"MMR",1995,26.124
"MMR",1996,26.303
"MMR",1997,26.482
"MMR",1998,26.663
"MMR",1999,26.843
"MMR",2000,27.025
"MMR",2001,27.208
"MMR",2002,27.391
"MMR",2003,27.575
"MMR",2004,27.76
"MMR",2005,27.946
"MMR",2006,28.132
"MMR",2007,28.319
"MMR",2008,28.507
"MMR",2009,28.695
"MMR",2010,28.885
"MMR",2011,29.075
"MMR",2012,29.266
"MMR",2013,29.457
"MMR",2014,29.65
"MMR",2015,29.858
"MMR",2016,30.082
"MMR",2017,30.322
"MMR",2018,30.579
"MMR",2019,30.852
"MMR",2020,31.141
"MMR",2021,31.448
"MMR",2022,31.771
"MMR",2023,32.112
"MMR",2024,NA
"MNA",1960,33.7739261303682
"MNA",1961,34.4885624906401
"MNA",1962,35.207560598543
"MNA",1963,35.9327978186225
"MNA",1964,36.6657010352579
"MNA",1965,37.4321148286934
"MNA",1966,38.150359070374
"MNA",1967,38.7879668669453
"MNA",1968,39.4474359295183
"MNA",1969,40.1092765809457
"MNA",1970,40.7754516572049
"MNA",1971,41.4191513391504
"MNA",1972,42.0742705116161
"MNA",1973,42.7310743178018
"MNA",1974,43.3671414220358
"MNA",1975,43.9969283377568
"MNA",1976,44.610413070285
"MNA",1977,45.1740203996358
"MNA",1978,45.7254202637836
"MNA",1979,46.2671464093466
"MNA",1980,46.817384822185
"MNA",1981,47.3794807768421
"MNA",1982,47.917724190274
"MNA",1983,48.4261590124149
"MNA",1984,48.9463948785063
"MNA",1985,49.4490846103942
"MNA",1986,49.9583139707515
"MNA",1987,50.4101967566742
"MNA",1988,50.7713461036512
"MNA",1989,51.1075812961792
"MNA",1990,51.5685878079073
"MNA",1991,51.8954130532703
"MNA",1992,52.2955311968361
"MNA",1993,52.7133313297461
"MNA",1994,53.1229693604332
"MNA",1995,53.4702111718939
"MNA",1996,53.7956717157861
"MNA",1997,54.1263129716066
"MNA",1998,54.4727759933624
"MNA",1999,54.8215822495338
"MNA",2000,55.171621429716
"MNA",2001,55.519137265492
"MNA",2002,55.8494293830782
"MNA",2003,56.1813116826609
"MNA",2004,56.5341578526032
"MNA",2005,56.9242451235841
"MNA",2006,57.3131664860432
"MNA",2007,57.6520299260137
"MNA",2008,57.9820514540651
"MNA",2009,58.3244360927384
"MNA",2010,58.661308754343
"MNA",2011,58.8925772918549
"MNA",2012,59.1198942801011
"MNA",2013,59.429935724705
"MNA",2014,59.7781480716384
"MNA",2015,60.1498605319117
"MNA",2016,60.4624016050893
"MNA",2017,60.7532932410137
"MNA",2018,61.042829125234
"MNA",2019,61.3259449166162
"MNA",2020,61.6169774878801
"MNA",2021,61.9305642241957
"MNA",2022,62.2538891552959
"MNA",2023,62.5630812477396
"MNA",2024,NA
"MNE",1960,18.788
"MNE",1961,19.502
"MNE",1962,20.237
"MNE",1963,20.993
"MNE",1964,21.77
"MNE",1965,22.566
"MNE",1966,23.383
"MNE",1967,24.22
"MNE",1968,25.079
"MNE",1969,25.955
"MNE",1970,26.853
"MNE",1971,27.769
"MNE",1972,28.706
"MNE",1973,29.659
"MNE",1974,30.632
"MNE",1975,31.622
"MNE",1976,32.63
"MNE",1977,33.652
"MNE",1978,34.69
"MNE",1979,35.744
"MNE",1980,36.813
"MNE",1981,37.892
"MNE",1982,38.984
"MNE",1983,40.088
"MNE",1984,41.204
"MNE",1985,42.325
"MNE",1986,43.456
"MNE",1987,44.594
"MNE",1988,45.739
"MNE",1989,46.886
"MNE",1990,48.037
"MNE",1991,49.165
"MNE",1992,50.218
"MNE",1993,51.267
"MNE",1994,52.317
"MNE",1995,53.365
"MNE",1996,54.412
"MNE",1997,55.451
"MNE",1998,56.488
"MNE",1999,57.518
"MNE",2000,58.544
"MNE",2001,59.559
"MNE",2002,60.568
"MNE",2003,61.568
"MNE",2004,62.127
"MNE",2005,62.465
"MNE",2006,62.803
"MNE",2007,63.139
"MNE",2008,63.475
"MNE",2009,63.808
"MNE",2010,64.14
"MNE",2011,64.472
"MNE",2012,64.804
"MNE",2013,65.137
"MNE",2014,65.471
"MNE",2015,65.806
"MNE",2016,66.141
"MNE",2017,66.477
"MNE",2018,66.813
"MNE",2019,67.15
"MNE",2020,67.488
"MNE",2021,67.826
"MNE",2022,68.164
"MNE",2023,68.502
"MNE",2024,NA
"MNG",1960,35.679
"MNG",1961,37.682
"MNG",1962,39.73
"MNG",1963,41.056
"MNG",1964,41.585
"MNG",1965,42.114
"MNG",1966,42.647
"MNG",1967,43.181
"MNG",1968,43.717
"MNG",1969,44.336
"MNG",1970,45.052
"MNG",1971,45.77
"MNG",1972,46.491
"MNG",1973,47.211
"MNG",1974,47.933
"MNG",1975,48.656
"MNG",1976,49.381
"MNG",1977,50.103
"MNG",1978,50.827
"MNG",1979,51.488
"MNG",1980,52.083
"MNG",1981,52.676
"MNG",1982,53.268
"MNG",1983,53.86
"MNG",1984,54.452
"MNG",1985,55.04
"MNG",1986,55.628
"MNG",1987,56.215
"MNG",1988,56.8
"MNG",1989,57.078
"MNG",1990,57.033
"MNG",1991,56.987
"MNG",1992,56.942
"MNG",1993,56.896
"MNG",1994,56.851
"MNG",1995,56.805
"MNG",1996,56.76
"MNG",1997,56.714
"MNG",1998,56.669
"MNG",1999,56.623
"MNG",2000,57.133
"MNG",2001,58.222
"MNG",2002,59.304
"MNG",2003,60.378
"MNG",2004,61.443
"MNG",2005,62.494
"MNG",2006,63.535
"MNG",2007,64.564
"MNG",2008,65.581
"MNG",2009,66.58
"MNG",2010,67.567
"MNG",2011,67.963
"MNG",2012,68.03
"MNG",2013,68.097
"MNG",2014,68.163
"MNG",2015,68.23
"MNG",2016,68.297
"MNG",2017,68.363
"MNG",2018,68.445
"MNG",2019,68.543
"MNG",2020,68.657
"MNG",2021,68.785
"MNG",2022,68.93
"MNG",2023,69.089
"MNG",2024,NA
"MNP",1960,51.219
"MNP",1961,52.741
"MNP",1962,54.26
"MNP",1963,55.771
"MNP",1964,57.274
"MNP",1965,58.759
"MNP",1966,60.231
"MNP",1967,61.688
"MNP",1968,64.592
"MNP",1969,67.384
"MNP",1970,70.062
"MNP",1971,72.609
"MNP",1972,75.021
"MNP",1973,77.28
"MNP",1974,79.016
"MNP",1975,80.554
"MNP",1976,82.007
"MNP",1977,83.37
"MNP",1978,84.651
"MNP",1979,85.85
"MNP",1980,86.784
"MNP",1981,87.117
"MNP",1982,87.444
"MNP",1983,87.763
"MNP",1984,88.076
"MNP",1985,88.381
"MNP",1986,88.679
"MNP",1987,88.971
"MNP",1988,89.257
"MNP",1989,89.535
"MNP",1990,89.731
"MNP",1991,89.697
"MNP",1992,89.662
"MNP",1993,89.627
"MNP",1994,89.592
"MNP",1995,89.557
"MNP",1996,89.655
"MNP",1997,89.784
"MNP",1998,89.912
"MNP",1999,90.038
"MNP",2000,90.152
"MNP",2001,90.235
"MNP",2002,90.316
"MNP",2003,90.398
"MNP",2004,90.478
"MNP",2005,90.558
"MNP",2006,90.638
"MNP",2007,90.716
"MNP",2008,90.795
"MNP",2009,90.872
"MNP",2010,90.949
"MNP",2011,91.028
"MNP",2012,91.108
"MNP",2013,91.19
"MNP",2014,91.273
"MNP",2015,91.357
"MNP",2016,91.443
"MNP",2017,91.53
"MNP",2018,91.618
"MNP",2019,91.708
"MNP",2020,91.798
"MNP",2021,91.89
"MNP",2022,91.983
"MNP",2023,92.076
"MNP",2024,NA
"MOZ",1960,6.868
"MOZ",1961,7.051
"MOZ",1962,7.246
"MOZ",1963,7.445
"MOZ",1964,7.65
"MOZ",1965,7.86
"MOZ",1966,8.075
"MOZ",1967,8.296
"MOZ",1968,8.522
"MOZ",1969,8.753
"MOZ",1970,8.99
"MOZ",1971,9.298
"MOZ",1972,9.671
"MOZ",1973,10.056
"MOZ",1974,10.456
"MOZ",1975,10.869
"MOZ",1976,11.297
"MOZ",1977,11.739
"MOZ",1978,12.197
"MOZ",1979,12.669
"MOZ",1980,13.158
"MOZ",1981,14.051
"MOZ",1982,15.035
"MOZ",1983,16.074
"MOZ",1984,17.172
"MOZ",1985,18.326
"MOZ",1986,19.541
"MOZ",1987,20.815
"MOZ",1988,22.152
"MOZ",1989,23.545
"MOZ",1990,25
"MOZ",1991,25.487
"MOZ",1992,25.98
"MOZ",1993,26.479
"MOZ",1994,26.984
"MOZ",1995,27.495
"MOZ",1996,28.013
"MOZ",1997,28.535
"MOZ",1998,28.742
"MOZ",1999,28.92
"MOZ",2000,29.098
"MOZ",2001,29.277
"MOZ",2002,29.457
"MOZ",2003,29.637
"MOZ",2004,29.818
"MOZ",2005,29.999
"MOZ",2006,30.182
"MOZ",2007,30.364
"MOZ",2008,30.832
"MOZ",2009,31.328
"MOZ",2010,31.83
"MOZ",2011,32.336
"MOZ",2012,32.846
"MOZ",2013,33.36
"MOZ",2014,33.878
"MOZ",2015,34.4
"MOZ",2016,34.926
"MOZ",2017,35.455
"MOZ",2018,35.988
"MOZ",2019,36.528
"MOZ",2020,37.074
"MOZ",2021,37.628
"MOZ",2022,38.187
"MOZ",2023,38.753
"MOZ",2024,NA
"MRT",1960,6.88
"MRT",1961,7.435
"MRT",1962,8.031
"MRT",1963,8.671
"MRT",1964,9.357
"MRT",1965,10.09
"MRT",1966,10.874
"MRT",1967,11.712
"MRT",1968,12.606
"MRT",1969,13.554
"MRT",1970,14.564
"MRT",1971,15.636
"MRT",1972,16.773
"MRT",1973,17.971
"MRT",1974,19.237
"MRT",1975,20.569
"MRT",1976,21.971
"MRT",1977,23.327
"MRT",1978,24.627
"MRT",1979,25.975
"MRT",1980,27.371
"MRT",1981,28.81
"MRT",1982,30.295
"MRT",1983,31.822
"MRT",1984,33.391
"MRT",1985,34.994
"MRT",1986,36.634
"MRT",1987,38.305
"MRT",1988,39.57
"MRT",1989,39.447
"MRT",1990,39.323
"MRT",1991,39.199
"MRT",1992,39.075
"MRT",1993,38.952
"MRT",1994,38.829
"MRT",1995,38.705
"MRT",1996,38.582
"MRT",1997,38.459
"MRT",1998,38.337
"MRT",1999,38.214
"MRT",2000,38.091
"MRT",2001,38.616
"MRT",2002,39.48
"MRT",2003,40.351
"MRT",2004,41.229
"MRT",2005,42.111
"MRT",2006,42.998
"MRT",2007,43.89
"MRT",2008,44.788
"MRT",2009,45.686
"MRT",2010,46.588
"MRT",2011,47.493
"MRT",2012,48.4
"MRT",2013,49.306
"MRT",2014,50.203
"MRT",2015,51.089
"MRT",2016,51.962
"MRT",2017,52.824
"MRT",2018,53.672
"MRT",2019,54.507
"MRT",2020,55.327
"MRT",2021,56.133
"MRT",2022,56.923
"MRT",2023,57.699
"MRT",2024,NA
"MUS",1960,35.111
"MUS",1961,35.829
"MUS",1962,36.555
"MUS",1963,37.286
"MUS",1964,38.025
"MUS",1965,38.767
"MUS",1966,39.516
"MUS",1967,40.269
"MUS",1968,41.028
"MUS",1969,41.79
"MUS",1970,42.556
"MUS",1971,43.326
"MUS",1972,44.1
"MUS",1973,43.881
"MUS",1974,43.662
"MUS",1975,43.443
"MUS",1976,43.224
"MUS",1977,43.005
"MUS",1978,42.787
"MUS",1979,42.569
"MUS",1980,42.351
"MUS",1981,42.134
"MUS",1982,41.917
"MUS",1983,41.701
"MUS",1984,42.012
"MUS",1985,42.325
"MUS",1986,42.639
"MUS",1987,42.953
"MUS",1988,43.269
"MUS",1989,43.584
"MUS",1990,43.9
"MUS",1991,43.777
"MUS",1992,43.653
"MUS",1993,43.53
"MUS",1994,43.407
"MUS",1995,43.284
"MUS",1996,43.161
"MUS",1997,43.038
"MUS",1998,42.916
"MUS",1999,42.793
"MUS",2000,42.67
"MUS",2001,42.559
"MUS",2002,42.447
"MUS",2003,42.335
"MUS",2004,42.223
"MUS",2005,42.112
"MUS",2006,42
"MUS",2007,41.889
"MUS",2008,41.777
"MUS",2009,41.666
"MUS",2010,41.555
"MUS",2011,41.444
"MUS",2012,41.332
"MUS",2013,41.222
"MUS",2014,41.111
"MUS",2015,41
"MUS",2016,40.91
"MUS",2017,40.841
"MUS",2018,40.793
"MUS",2019,40.766
"MUS",2020,40.76
"MUS",2021,40.775
"MUS",2022,40.81
"MUS",2023,40.867
"MUS",2024,NA
"MWI",1960,4.39
"MWI",1961,4.489
"MWI",1962,4.59
"MWI",1963,4.694
"MWI",1964,4.8
"MWI",1965,4.908
"MWI",1966,5.018
"MWI",1967,5.249
"MWI",1968,5.505
"MWI",1969,5.773
"MWI",1970,6.053
"MWI",1971,6.345
"MWI",1972,6.651
"MWI",1973,6.97
"MWI",1974,7.304
"MWI",1975,7.652
"MWI",1976,8.015
"MWI",1977,8.394
"MWI",1978,8.636
"MWI",1979,8.841
"MWI",1980,9.05
"MWI",1981,9.263
"MWI",1982,9.481
"MWI",1983,9.704
"MWI",1984,9.931
"MWI",1985,10.163
"MWI",1986,10.4
"MWI",1987,10.641
"MWI",1988,10.934
"MWI",1989,11.243
"MWI",1990,11.56
"MWI",1991,11.885
"MWI",1992,12.218
"MWI",1993,12.558
"MWI",1994,12.907
"MWI",1995,13.263
"MWI",1996,13.629
"MWI",1997,14.002
"MWI",1998,14.384
"MWI",1999,14.522
"MWI",2000,14.61
"MWI",2001,14.698
"MWI",2002,14.786
"MWI",2003,14.875
"MWI",2004,14.964
"MWI",2005,15.054
"MWI",2006,15.144
"MWI",2007,15.235
"MWI",2008,15.326
"MWI",2009,15.429
"MWI",2010,15.544
"MWI",2011,15.672
"MWI",2012,15.812
"MWI",2013,15.966
"MWI",2014,16.132
"MWI",2015,16.313
"MWI",2016,16.506
"MWI",2017,16.714
"MWI",2018,16.937
"MWI",2019,17.174
"MWI",2020,17.427
"MWI",2021,17.695
"MWI",2022,17.98
"MWI",2023,18.28
"MWI",2024,NA
"MYS",1960,26.598
"MYS",1961,27.241
"MYS",1962,27.895
"MYS",1963,28.558
"MYS",1964,29.232
"MYS",1965,29.913
"MYS",1966,30.604
"MYS",1967,31.304
"MYS",1968,32.013
"MYS",1969,32.729
"MYS",1970,33.454
"MYS",1971,34.271
"MYS",1972,35.104
"MYS",1973,35.944
"MYS",1974,36.794
"MYS",1975,37.652
"MYS",1976,38.519
"MYS",1977,39.391
"MYS",1978,40.271
"MYS",1979,41.158
"MYS",1980,42.044
"MYS",1981,42.807
"MYS",1982,43.574
"MYS",1983,44.345
"MYS",1984,45.119
"MYS",1985,45.893
"MYS",1986,46.671
"MYS",1987,47.45
"MYS",1988,48.232
"MYS",1989,49.012
"MYS",1990,49.794
"MYS",1991,50.576
"MYS",1992,51.814
"MYS",1993,53.109
"MYS",1994,54.402
"MYS",1995,55.688
"MYS",1996,56.969
"MYS",1997,58.237
"MYS",1998,59.496
"MYS",1999,60.742
"MYS",2000,61.977
"MYS",2001,62.922
"MYS",2002,63.856
"MYS",2003,64.78
"MYS",2004,65.694
"MYS",2005,66.594
"MYS",2006,67.483
"MYS",2007,68.36
"MYS",2008,69.225
"MYS",2009,70.075
"MYS",2010,70.912
"MYS",2011,71.609
"MYS",2012,72.275
"MYS",2013,72.93
"MYS",2014,73.577
"MYS",2015,74.213
"MYS",2016,74.84
"MYS",2017,75.447
"MYS",2018,76.036
"MYS",2019,76.607
"MYS",2020,77.16
"MYS",2021,77.696
"MYS",2022,78.214
"MYS",2023,78.716
"MYS",2024,NA
"NAC",1960,69.9180690805905
"NAC",1961,70.3191959889057
"NAC",1962,70.7394470422043
"NAC",1963,71.1560385445779
"NAC",1964,71.5690525593508
"NAC",1965,71.9783721334145
"NAC",1966,72.3823013618412
"NAC",1967,72.7618894863364
"NAC",1968,73.1382348720231
"NAC",1969,73.5109049798132
"NAC",1970,73.8013251392747
"NAC",1971,73.8558994838804
"NAC",1972,73.853703220044
"NAC",1973,73.8517330954348
"NAC",1974,73.8500905142755
"NAC",1975,73.8483189723758
"NAC",1976,73.8474390330718
"NAC",1977,73.8605726534703
"NAC",1978,73.8724295815047
"NAC",1979,73.8850973283104
"NAC",1980,73.9310234782124
"NAC",1981,74.0733441964862
"NAC",1982,74.2266553419059
"NAC",1983,74.3796124856136
"NAC",1984,74.5306786093548
"NAC",1985,74.6815627534878
"NAC",1986,74.8314332274583
"NAC",1987,74.9683938676998
"NAC",1988,75.10521347186
"NAC",1989,75.240746844241
"NAC",1990,75.4331128828764
"NAC",1991,75.7976831146595
"NAC",1992,76.1805582731051
"NAC",1993,76.5587731673707
"NAC",1994,76.9331828935238
"NAC",1995,77.3030092454184
"NAC",1996,77.6716608468305
"NAC",1997,78.0451821793857
"NAC",1998,78.4154717527386
"NAC",1999,78.7816579730607
"NAC",2000,79.1024052219814
"NAC",2001,79.2946000347278
"NAC",2002,79.4600916763101
"NAC",2003,79.6247150617387
"NAC",2004,79.789218173362
"NAC",2005,79.9509204392547
"NAC",2006,80.1139950647124
"NAC",2007,80.2852190690772
"NAC",2008,80.4554653722823
"NAC",2009,80.6246349465011
"NAC",2010,80.7919078113926
"NAC",2011,80.9625962713827
"NAC",2012,81.1242388257502
"NAC",2013,81.2902987944492
"NAC",2014,81.4597899572714
"NAC",2015,81.6330006810751
"NAC",2016,81.8087121889987
"NAC",2017,81.9896254023071
"NAC",2018,82.1730443693373
"NAC",2019,82.3616569765401
"NAC",2020,82.5536395273228
"NAC",2021,82.7500217936735
"NAC",2022,82.9476182954817
"NAC",2023,83.1473649424646
"NAC",2024,NA
"NAM",1960,17.909
"NAM",1961,18.334
"NAM",1962,18.748
"NAM",1963,19.17
"NAM",1964,19.6
"NAM",1965,20.035
"NAM",1966,20.478
"NAM",1967,20.929
"NAM",1968,21.387
"NAM",1969,21.852
"NAM",1970,22.292
"NAM",1971,22.559
"NAM",1972,22.829
"NAM",1973,23.1
"NAM",1974,23.374
"NAM",1975,23.651
"NAM",1976,23.929
"NAM",1977,24.21
"NAM",1978,24.493
"NAM",1979,24.778
"NAM",1980,25.066
"NAM",1981,25.355
"NAM",1982,25.611
"NAM",1983,25.861
"NAM",1984,26.113
"NAM",1985,26.366
"NAM",1986,26.621
"NAM",1987,26.877
"NAM",1988,27.136
"NAM",1989,27.395
"NAM",1990,27.656
"NAM",1991,27.919
"NAM",1992,28.336
"NAM",1993,28.823
"NAM",1994,29.316
"NAM",1995,29.813
"NAM",1996,30.316
"NAM",1997,30.823
"NAM",1998,31.335
"NAM",1999,31.851
"NAM",2000,32.373
"NAM",2001,32.898
"NAM",2002,33.766
"NAM",2003,34.709
"NAM",2004,35.666
"NAM",2005,36.632
"NAM",2006,37.61
"NAM",2007,38.598
"NAM",2008,39.597
"NAM",2009,40.601
"NAM",2010,41.616
"NAM",2011,42.637
"NAM",2012,43.693
"NAM",2013,44.756
"NAM",2014,45.826
"NAM",2015,46.9
"NAM",2016,47.961
"NAM",2017,49.005
"NAM",2018,50.032
"NAM",2019,51.042
"NAM",2020,52.033
"NAM",2021,53.005
"NAM",2022,53.956
"NAM",2023,54.886
"NAM",2024,NA
"NCL",1960,37.36
"NCL",1961,38.781
"NCL",1962,40.224
"NCL",1963,41.684
"NCL",1964,43.161
"NCL",1965,44.646
"NCL",1966,46.142
"NCL",1967,47.646
"NCL",1968,49.156
"NCL",1969,50.442
"NCL",1970,51.232
"NCL",1971,52.022
"NCL",1972,52.811
"NCL",1973,53.597
"NCL",1974,54.382
"NCL",1975,55.165
"NCL",1976,55.873
"NCL",1977,56.262
"NCL",1978,56.651
"NCL",1979,57.039
"NCL",1980,57.426
"NCL",1981,57.812
"NCL",1982,58.197
"NCL",1983,58.532
"NCL",1984,58.683
"NCL",1985,58.834
"NCL",1986,58.985
"NCL",1987,59.135
"NCL",1988,59.286
"NCL",1989,59.434
"NCL",1990,59.577
"NCL",1991,59.719
"NCL",1992,59.862
"NCL",1993,60.004
"NCL",1994,60.146
"NCL",1995,60.288
"NCL",1996,60.475
"NCL",1997,60.838
"NCL",1998,61.199
"NCL",1999,61.559
"NCL",2000,61.919
"NCL",2001,62.276
"NCL",2002,62.632
"NCL",2003,62.987
"NCL",2004,63.341
"NCL",2005,63.965
"NCL",2006,64.638
"NCL",2007,65.306
"NCL",2008,65.969
"NCL",2009,66.624
"NCL",2010,67.102
"NCL",2011,67.565
"NCL",2012,68.024
"NCL",2013,68.479
"NCL",2014,68.931
"NCL",2015,69.379
"NCL",2016,69.821
"NCL",2017,70.256
"NCL",2018,70.683
"NCL",2019,71.104
"NCL",2020,71.518
"NCL",2021,71.925
"NCL",2022,72.325
"NCL",2023,72.719
"NCL",2024,NA
"NER",1960,5.793
"NER",1961,5.896
"NER",1962,6
"NER",1963,6.259
"NER",1964,6.529
"NER",1965,6.809
"NER",1966,7.1
"NER",1967,7.493
"NER",1968,7.906
"NER",1969,8.339
"NER",1970,8.794
"NER",1971,9.271
"NER",1972,9.772
"NER",1973,10.296
"NER",1974,10.845
"NER",1975,11.419
"NER",1976,12.021
"NER",1977,12.648
"NER",1978,13.025
"NER",1979,13.233
"NER",1980,13.443
"NER",1981,13.656
"NER",1982,13.871
"NER",1983,14.09
"NER",1984,14.312
"NER",1985,14.536
"NER",1986,14.763
"NER",1987,14.993
"NER",1988,15.209
"NER",1989,15.289
"NER",1990,15.368
"NER",1991,15.449
"NER",1992,15.529
"NER",1993,15.61
"NER",1994,15.691
"NER",1995,15.773
"NER",1996,15.855
"NER",1997,15.937
"NER",1998,16.02
"NER",1999,16.103
"NER",2000,16.186
"NER",2001,16.26
"NER",2002,16.255
"NER",2003,16.251
"NER",2004,16.247
"NER",2005,16.242
"NER",2006,16.238
"NER",2007,16.234
"NER",2008,16.229
"NER",2009,16.225
"NER",2010,16.221
"NER",2011,16.216
"NER",2012,16.212
"NER",2013,16.208
"NER",2014,16.219
"NER",2015,16.247
"NER",2016,16.29
"NER",2017,16.35
"NER",2018,16.425
"NER",2019,16.517
"NER",2020,16.626
"NER",2021,16.751
"NER",2022,16.894
"NER",2023,17.054
"NER",2024,NA
"NGA",1960,15.41
"NGA",1961,15.633
"NGA",1962,15.858
"NGA",1963,16.087
"NGA",1964,16.318
"NGA",1965,16.551
"NGA",1966,16.788
"NGA",1967,17.027
"NGA",1968,17.269
"NGA",1969,17.513
"NGA",1970,17.76
"NGA",1971,18.151
"NGA",1972,18.549
"NGA",1973,18.952
"NGA",1974,19.363
"NGA",1975,19.78
"NGA",1976,20.205
"NGA",1977,20.636
"NGA",1978,21.074
"NGA",1979,21.518
"NGA",1980,21.97
"NGA",1981,22.671
"NGA",1982,23.389
"NGA",1983,24.122
"NGA",1984,24.872
"NGA",1985,25.635
"NGA",1986,26.414
"NGA",1987,27.209
"NGA",1988,28.019
"NGA",1989,28.842
"NGA",1990,29.68
"NGA",1991,30.176
"NGA",1992,30.677
"NGA",1993,31.182
"NGA",1994,31.691
"NGA",1995,32.205
"NGA",1996,32.725
"NGA",1997,33.247
"NGA",1998,33.773
"NGA",1999,34.304
"NGA",2000,34.84
"NGA",2001,35.669
"NGA",2002,36.508
"NGA",2003,37.356
"NGA",2004,38.212
"NGA",2005,39.074
"NGA",2006,39.943
"NGA",2007,40.819
"NGA",2008,41.702
"NGA",2009,42.588
"NGA",2010,43.48
"NGA",2011,44.366
"NGA",2012,45.246
"NGA",2013,46.118
"NGA",2014,46.982
"NGA",2015,47.838
"NGA",2016,48.683
"NGA",2017,49.519
"NGA",2018,50.344
"NGA",2019,51.157
"NGA",2020,51.958
"NGA",2021,52.746
"NGA",2022,53.521
"NGA",2023,54.283
"NGA",2024,NA
"NIC",1960,39.581
"NIC",1961,40.03
"NIC",1962,40.481
"NIC",1963,41.005
"NIC",1964,41.855
"NIC",1965,42.707
"NIC",1966,43.565
"NIC",1967,44.427
"NIC",1968,45.293
"NIC",1969,46.16
"NIC",1970,47.03
"NIC",1971,47.785
"NIC",1972,48.063
"NIC",1973,48.341
"NIC",1974,48.62
"NIC",1975,48.898
"NIC",1976,49.177
"NIC",1977,49.456
"NIC",1978,49.734
"NIC",1979,50.013
"NIC",1980,50.292
"NIC",1981,50.57
"NIC",1982,50.849
"NIC",1983,51.127
"NIC",1984,51.406
"NIC",1985,51.684
"NIC",1986,51.963
"NIC",1987,52.241
"NIC",1988,52.519
"NIC",1989,52.797
"NIC",1990,53.075
"NIC",1991,53.352
"NIC",1992,53.63
"NIC",1993,53.907
"NIC",1994,54.183
"NIC",1995,54.437
"NIC",1996,54.587
"NIC",1997,54.737
"NIC",1998,54.886
"NIC",1999,55.036
"NIC",2000,55.185
"NIC",2001,55.335
"NIC",2002,55.484
"NIC",2003,55.633
"NIC",2004,55.782
"NIC",2005,55.935
"NIC",2006,56.132
"NIC",2007,56.328
"NIC",2008,56.525
"NIC",2009,56.721
"NIC",2010,56.917
"NIC",2011,57.113
"NIC",2012,57.309
"NIC",2013,57.505
"NIC",2014,57.7
"NIC",2015,57.895
"NIC",2016,58.09
"NIC",2017,58.299
"NIC",2018,58.522
"NIC",2019,58.76
"NIC",2020,59.012
"NIC",2021,59.277
"NIC",2022,59.556
"NIC",2023,59.849
"NIC",2024,NA
"NLD",1960,59.752
"NLD",1961,60.02
"NLD",1962,60.204
"NLD",1963,60.387
"NLD",1964,60.57
"NLD",1965,60.753
"NLD",1966,60.936
"NLD",1967,61.118
"NLD",1968,61.3
"NLD",1969,61.481
"NLD",1970,61.663
"NLD",1971,61.913
"NLD",1972,62.232
"NLD",1973,62.55
"NLD",1974,62.867
"NLD",1975,63.183
"NLD",1976,63.498
"NLD",1977,63.811
"NLD",1978,64.123
"NLD",1979,64.435
"NLD",1980,64.745
"NLD",1981,65.104
"NLD",1982,65.511
"NLD",1983,65.916
"NLD",1984,66.319
"NLD",1985,66.719
"NLD",1986,67.117
"NLD",1987,67.513
"NLD",1988,67.906
"NLD",1989,68.296
"NLD",1990,68.684
"NLD",1991,69.329
"NLD",1992,70.223
"NLD",1993,71.1
"NLD",1994,71.962
"NLD",1995,72.809
"NLD",1996,73.64
"NLD",1997,74.453
"NLD",1998,75.25
"NLD",1999,76.03
"NLD",2000,76.795
"NLD",2001,77.83
"NLD",2002,79.113
"NLD",2003,80.341
"NLD",2004,81.514
"NLD",2005,82.63
"NLD",2006,83.636
"NLD",2007,84.539
"NLD",2008,85.402
"NLD",2009,86.288
"NLD",2010,87.134
"NLD",2011,87.879
"NLD",2012,88.588
"NLD",2013,89.187
"NLD",2014,89.69
"NLD",2015,90.173
"NLD",2016,90.635
"NLD",2017,91.077
"NLD",2018,91.49
"NLD",2019,91.876
"NLD",2020,92.236
"NLD",2021,92.572
"NLD",2022,92.886
"NLD",2023,93.179
"NLD",2024,NA
"NOR",1960,49.92
"NOR",1961,50.998
"NOR",1962,52.653
"NOR",1963,54.302
"NOR",1964,55.944
"NOR",1965,57.568
"NOR",1966,59.179
"NOR",1967,60.77
"NOR",1968,62.34
"NOR",1969,63.881
"NOR",1970,65.396
"NOR",1971,66.23
"NOR",1972,66.725
"NOR",1973,67.216
"NOR",1974,67.703
"NOR",1975,68.187
"NOR",1976,68.667
"NOR",1977,69.142
"NOR",1978,69.614
"NOR",1979,70.081
"NOR",1980,70.545
"NOR",1981,70.787
"NOR",1982,70.918
"NOR",1983,71.049
"NOR",1984,71.18
"NOR",1985,71.31
"NOR",1986,71.44
"NOR",1987,71.57
"NOR",1988,71.699
"NOR",1989,71.828
"NOR",1990,71.956
"NOR",1991,72.265
"NOR",1992,72.665
"NOR",1993,73.061
"NOR",1994,73.453
"NOR",1995,73.787
"NOR",1996,74.062
"NOR",1997,74.476
"NOR",1998,75.027
"NOR",1999,75.569
"NOR",2000,76.02
"NOR",2001,76.378
"NOR",2002,76.733
"NOR",2003,77.084
"NOR",2004,77.399
"NOR",2005,77.675
"NOR",2006,77.95
"NOR",2007,78.234
"NOR",2008,78.526
"NOR",2009,78.815
"NOR",2010,79.102
"NOR",2011,79.455
"NOR",2012,79.874
"NOR",2013,80.286
"NOR",2014,80.692
"NOR",2015,81.091
"NOR",2016,81.485
"NOR",2017,81.871
"NOR",2018,82.248
"NOR",2019,82.616
"NOR",2020,82.974
"NOR",2021,83.323
"NOR",2022,83.664
"NOR",2023,83.995
"NOR",2024,NA
"NPL",1960,3.48
"NPL",1961,3.571
"NPL",1962,3.612
"NPL",1963,3.653
"NPL",1964,3.695
"NPL",1965,3.737
"NPL",1966,3.78
"NPL",1967,3.823
"NPL",1968,3.867
"NPL",1969,3.911
"NPL",1970,3.956
"NPL",1971,4.005
"NPL",1972,4.198
"NPL",1973,4.399
"NPL",1974,4.61
"NPL",1975,4.83
"NPL",1976,5.061
"NPL",1977,5.302
"NPL",1978,5.553
"NPL",1979,5.816
"NPL",1980,6.091
"NPL",1981,6.376
"NPL",1982,6.616
"NPL",1983,6.864
"NPL",1984,7.121
"NPL",1985,7.386
"NPL",1986,7.66
"NPL",1987,7.944
"NPL",1988,8.238
"NPL",1989,8.541
"NPL",1990,8.854
"NPL",1991,9.18
"NPL",1992,9.582
"NPL",1993,9.999
"NPL",1994,10.433
"NPL",1995,10.883
"NPL",1996,11.35
"NPL",1997,11.834
"NPL",1998,12.336
"NPL",1999,12.857
"NPL",2000,13.397
"NPL",2001,13.947
"NPL",2002,14.24
"NPL",2003,14.538
"NPL",2004,14.841
"NPL",2005,15.149
"NPL",2006,15.462
"NPL",2007,15.781
"NPL",2008,16.105
"NPL",2009,16.434
"NPL",2010,16.768
"NPL",2011,17.108
"NPL",2012,17.458
"NPL",2013,17.815
"NPL",2014,18.182
"NPL",2015,18.557
"NPL",2016,18.942
"NPL",2017,19.336
"NPL",2018,19.74
"NPL",2019,20.153
"NPL",2020,20.576
"NPL",2021,21.008
"NPL",2022,21.451
"NPL",2023,21.903
"NPL",2024,NA
"NRU",1960,100
"NRU",1961,100
"NRU",1962,100
"NRU",1963,100
"NRU",1964,100
"NRU",1965,100
"NRU",1966,100
"NRU",1967,100
"NRU",1968,100
"NRU",1969,100
"NRU",1970,100
"NRU",1971,100
"NRU",1972,100
"NRU",1973,100
"NRU",1974,100
"NRU",1975,100
"NRU",1976,100
"NRU",1977,100
"NRU",1978,100
"NRU",1979,100
"NRU",1980,100
"NRU",1981,100
"NRU",1982,100
"NRU",1983,100
"NRU",1984,100
"NRU",1985,100
"NRU",1986,100
"NRU",1987,100
"NRU",1988,100
"NRU",1989,100
"NRU",1990,100
"NRU",1991,100
"NRU",1992,100
"NRU",1993,100
"NRU",1994,100
"NRU",1995,100
"NRU",1996,100
"NRU",1997,100
"NRU",1998,100
"NRU",1999,100
"NRU",2000,100
"NRU",2001,100
"NRU",2002,100
"NRU",2003,100
"NRU",2004,100
"NRU",2005,100
"NRU",2006,100
"NRU",2007,100
"NRU",2008,100
"NRU",2009,100
"NRU",2010,100
"NRU",2011,100
"NRU",2012,100
"NRU",2013,100
"NRU",2014,100
"NRU",2015,100
"NRU",2016,100
"NRU",2017,100
"NRU",2018,100
"NRU",2019,100
"NRU",2020,100
"NRU",2021,100
"NRU",2022,100
"NRU",2023,100
"NRU",2024,NA
"NZL",1960,75.998
"NZL",1961,76.525
"NZL",1962,77.133
"NZL",1963,77.73
"NZL",1964,78.317
"NZL",1965,78.891
"NZL",1966,79.421
"NZL",1967,79.852
"NZL",1968,80.277
"NZL",1969,80.695
"NZL",1970,81.106
"NZL",1971,81.491
"NZL",1972,81.819
"NZL",1973,82.141
"NZL",1974,82.46
"NZL",1975,82.774
"NZL",1976,83.028
"NZL",1977,83.128
"NZL",1978,83.229
"NZL",1979,83.328
"NZL",1980,83.428
"NZL",1981,83.511
"NZL",1982,83.552
"NZL",1983,83.592
"NZL",1984,83.633
"NZL",1985,83.673
"NZL",1986,83.78
"NZL",1987,84.025
"NZL",1988,84.268
"NZL",1989,84.506
"NZL",1990,84.742
"NZL",1991,84.95
"NZL",1992,85.103
"NZL",1993,85.254
"NZL",1994,85.404
"NZL",1995,85.553
"NZL",1996,85.7
"NZL",1997,85.781
"NZL",1998,85.861
"NZL",1999,85.941
"NZL",2000,86.021
"NZL",2001,86.1
"NZL",2002,86.161
"NZL",2003,86.221
"NZL",2004,86.281
"NZL",2005,86.341
"NZL",2006,86.4
"NZL",2007,86.34
"NZL",2008,86.28
"NZL",2009,86.22
"NZL",2010,86.16
"NZL",2011,86.1
"NZL",2012,86.161
"NZL",2013,86.221
"NZL",2014,86.281
"NZL",2015,86.341
"NZL",2016,86.4
"NZL",2017,86.466
"NZL",2018,86.538
"NZL",2019,86.615
"NZL",2020,86.699
"NZL",2021,86.789
"NZL",2022,86.884
"NZL",2023,86.985
"NZL",2024,NA
"OED",1960,62.1412419769298
"OED",1961,62.6385050861149
"OED",1962,63.1368589842532
"OED",1963,63.651441357557
"OED",1964,64.1656716445124
"OED",1965,64.6652675752034
"OED",1966,65.1617863524074
"OED",1967,65.6679764759035
"OED",1968,66.1661567000176
"OED",1969,66.6437341785755
"OED",1970,67.106944114697
"OED",1971,67.5107467784089
"OED",1972,67.8793889662164
"OED",1973,68.239352169034
"OED",1974,68.5959228442022
"OED",1975,68.9349708279247
"OED",1976,69.2053080374189
"OED",1977,69.4647347199736
"OED",1978,69.7268955140763
"OED",1979,69.9849061153479
"OED",1980,70.2427449732978
"OED",1981,70.5488572386701
"OED",1982,70.8352164625961
"OED",1983,71.1056434226486
"OED",1984,71.3671497694397
"OED",1985,71.6299732539314
"OED",1986,71.8988110423126
"OED",1987,72.1866279421357
"OED",1988,72.471812559805
"OED",1989,72.7358701220034
"OED",1990,73.0178891903444
"OED",1991,73.3017769591263
"OED",1992,73.5662353537083
"OED",1993,73.8342919187999
"OED",1994,74.1071215542011
"OED",1995,74.3784408626072
"OED",1996,74.628851863791
"OED",1997,74.8700738141218
"OED",1998,75.1106565735509
"OED",1999,75.3519641892462
"OED",2000,75.5919773921324
"OED",2001,75.9427748520189
"OED",2002,76.34708779367
"OED",2003,76.7319738394209
"OED",2004,77.1018357606137
"OED",2005,77.4575419269015
"OED",2006,77.7868528748094
"OED",2007,78.1038722362459
"OED",2008,78.4052506475043
"OED",2009,78.6974857720033
"OED",2010,78.9830781394738
"OED",2011,79.2084531681115
"OED",2012,79.4059149258833
"OED",2013,79.6005559871544
"OED",2014,79.7942250598886
"OED",2015,79.9919494376223
"OED",2016,80.1923628914604
"OED",2017,80.3961340874754
"OED",2018,80.6019181329692
"OED",2019,80.8141916819244
"OED",2020,81.0278449440668
"OED",2021,81.2518798971512
"OED",2022,81.4655404229474
"OED",2023,81.6850813922661
"OED",2024,NA
"OMN",1960,16.4
"OMN",1961,17.475
"OMN",1962,18.607
"OMN",1963,19.794
"OMN",1964,21.04
"OMN",1965,22.338
"OMN",1966,23.694
"OMN",1967,25.106
"OMN",1968,26.575
"OMN",1969,28.093
"OMN",1970,29.665
"OMN",1971,31.287
"OMN",1972,32.958
"OMN",1973,34.669
"OMN",1974,36.423
"OMN",1975,38.213
"OMN",1976,40.039
"OMN",1977,41.888
"OMN",1978,43.762
"OMN",1979,45.654
"OMN",1980,47.562
"OMN",1981,49.471
"OMN",1982,51.385
"OMN",1983,53.294
"OMN",1984,55.197
"OMN",1985,57.079
"OMN",1986,58.944
"OMN",1987,60.783
"OMN",1988,62.594
"OMN",1989,64.366
"OMN",1990,66.102
"OMN",1991,67.796
"OMN",1992,69.447
"OMN",1993,71.044
"OMN",1994,71.688
"OMN",1995,71.669
"OMN",1996,71.649
"OMN",1997,71.629
"OMN",1998,71.609
"OMN",1999,71.589
"OMN",2000,71.569
"OMN",2001,71.549
"OMN",2002,71.529
"OMN",2003,71.509
"OMN",2004,71.827
"OMN",2005,72.4
"OMN",2006,72.967
"OMN",2007,73.527
"OMN",2008,74.08
"OMN",2009,74.624
"OMN",2010,75.161
"OMN",2011,76.183
"OMN",2012,77.564
"OMN",2013,78.882
"OMN",2014,80.145
"OMN",2015,81.35
"OMN",2016,82.5
"OMN",2017,83.56
"OMN",2018,84.539
"OMN",2019,85.443
"OMN",2020,86.276
"OMN",2021,87.044
"OMN",2022,87.75
"OMN",2023,88.4
"OMN",2024,NA
"OSS",1960,37.6614583860382
"OSS",1961,38.1273592306902
"OSS",1962,38.6070072374423
"OSS",1963,39.0989334799707
"OSS",1964,39.6143057692596
"OSS",1965,40.1296876764801
"OSS",1966,40.6357110431568
"OSS",1967,41.1072128929019
"OSS",1968,41.5884222982213
"OSS",1969,42.0580493214744
"OSS",1970,42.511719653986
"OSS",1971,42.99868564507
"OSS",1972,43.5056038266318
"OSS",1973,43.9356923757215
"OSS",1974,44.5043574039209
"OSS",1975,45.097889087
"OSS",1976,45.6874544595667
"OSS",1977,46.2354266046691
"OSS",1978,46.7713774939836
"OSS",1979,47.259462529599
"OSS",1980,47.705167208134
"OSS",1981,48.1704677228593
"OSS",1982,48.6647200786005
"OSS",1983,49.0304795782309
"OSS",1984,49.3951208160408
"OSS",1985,49.7858616062473
"OSS",1986,50.2037032601276
"OSS",1987,50.6273220976478
"OSS",1988,51.0360966502664
"OSS",1989,51.4193643375587
"OSS",1990,51.8086219097573
"OSS",1991,51.9634529448869
"OSS",1992,52.093660730434
"OSS",1993,52.2004125747457
"OSS",1994,52.3902977572675
"OSS",1995,52.603848548523
"OSS",1996,52.7771206953704
"OSS",1997,52.9581634822821
"OSS",1998,53.1207198788849
"OSS",1999,53.682139717399
"OSS",2000,54.1980107415052
"OSS",2001,54.2951422534794
"OSS",2002,54.4659440872591
"OSS",2003,54.7202574825944
"OSS",2004,55.0352353333691
"OSS",2005,55.3381832967914
"OSS",2006,55.6163887924312
"OSS",2007,55.9035365656272
"OSS",2008,56.1721145210116
"OSS",2009,56.4643046564336
"OSS",2010,56.6781533347071
"OSS",2011,56.6667316057009
"OSS",2012,56.7994360967129
"OSS",2013,57.0325374039363
"OSS",2014,57.318503825096
"OSS",2015,57.5999492303947
"OSS",2016,57.8807802538829
"OSS",2017,58.2328276464147
"OSS",2018,58.426508537666
"OSS",2019,58.5800145776991
"OSS",2020,58.7248665852546
"OSS",2021,58.9480024878216
"OSS",2022,59.2209296452497
"OSS",2023,59.6106872230982
"OSS",2024,NA
"PAK",1960,22.104
"PAK",1961,22.501
"PAK",1962,22.751
"PAK",1963,23.002
"PAK",1964,23.256
"PAK",1965,23.511
"PAK",1966,23.769
"PAK",1967,24.028
"PAK",1968,24.289
"PAK",1969,24.552
"PAK",1970,24.817
"PAK",1971,25.084
"PAK",1972,25.353
"PAK",1973,25.671
"PAK",1974,26.005
"PAK",1975,26.341
"PAK",1976,26.681
"PAK",1977,27.023
"PAK",1978,27.368
"PAK",1979,27.715
"PAK",1980,28.066
"PAK",1981,28.38
"PAK",1982,28.619
"PAK",1983,28.859
"PAK",1984,29.101
"PAK",1985,29.344
"PAK",1986,29.588
"PAK",1987,29.833
"PAK",1988,30.08
"PAK",1989,30.327
"PAK",1990,30.576
"PAK",1991,30.826
"PAK",1992,31.077
"PAK",1993,31.329
"PAK",1994,31.582
"PAK",1995,31.836
"PAK",1996,32.092
"PAK",1997,32.348
"PAK",1998,32.585
"PAK",1999,32.783
"PAK",2000,32.982
"PAK",2001,33.18
"PAK",2002,33.38
"PAK",2003,33.58
"PAK",2004,33.781
"PAK",2005,33.982
"PAK",2006,34.184
"PAK",2007,34.387
"PAK",2008,34.59
"PAK",2009,34.793
"PAK",2010,34.997
"PAK",2011,35.202
"PAK",2012,35.408
"PAK",2013,35.613
"PAK",2014,35.819
"PAK",2015,36.026
"PAK",2016,36.234
"PAK",2017,36.442
"PAK",2018,36.666
"PAK",2019,36.907
"PAK",2020,37.165
"PAK",2021,37.44
"PAK",2022,37.731
"PAK",2023,38.04
"PAK",2024,NA
"PAN",1960,41.249
"PAN",1961,41.853
"PAN",1962,42.494
"PAN",1963,43.137
"PAN",1964,43.784
"PAN",1965,44.431
"PAN",1966,45.08
"PAN",1967,45.732
"PAN",1968,46.385
"PAN",1969,47.038
"PAN",1970,47.64
"PAN",1971,47.919
"PAN",1972,48.199
"PAN",1973,48.479
"PAN",1974,48.759
"PAN",1975,49.038
"PAN",1976,49.319
"PAN",1977,49.598
"PAN",1978,49.879
"PAN",1979,50.159
"PAN",1980,50.447
"PAN",1981,50.786
"PAN",1982,51.126
"PAN",1983,51.465
"PAN",1984,51.805
"PAN",1985,52.143
"PAN",1986,52.482
"PAN",1987,52.82
"PAN",1988,53.159
"PAN",1989,53.497
"PAN",1990,53.903
"PAN",1991,54.757
"PAN",1992,55.609
"PAN",1993,56.456
"PAN",1994,57.301
"PAN",1995,58.141
"PAN",1996,58.978
"PAN",1997,59.807
"PAN",1998,60.632
"PAN",1999,61.451
"PAN",2000,62.198
"PAN",2001,62.497
"PAN",2002,62.794
"PAN",2003,63.091
"PAN",2004,63.387
"PAN",2005,63.682
"PAN",2006,63.976
"PAN",2007,64.268
"PAN",2008,64.56
"PAN",2009,64.851
"PAN",2010,65.14
"PAN",2011,65.437
"PAN",2012,65.741
"PAN",2013,66.052
"PAN",2014,66.371
"PAN",2015,66.696
"PAN",2016,67.027
"PAN",2017,67.365
"PAN",2018,67.709
"PAN",2019,68.059
"PAN",2020,68.414
"PAN",2021,68.775
"PAN",2022,69.141
"PAN",2023,69.512
"PAN",2024,NA
"PER",1960,46.811
"PER",1961,47.398
"PER",1962,48.514
"PER",1963,49.632
"PER",1964,50.752
"PER",1965,51.868
"PER",1966,52.983
"PER",1967,54.096
"PER",1968,55.207
"PER",1969,56.309
"PER",1970,57.406
"PER",1971,58.496
"PER",1972,59.547
"PER",1973,60.188
"PER",1974,60.827
"PER",1975,61.461
"PER",1976,62.093
"PER",1977,62.719
"PER",1978,63.341
"PER",1979,63.96
"PER",1980,64.574
"PER",1981,65.182
"PER",1982,65.61
"PER",1983,66.031
"PER",1984,66.449
"PER",1985,66.864
"PER",1986,67.277
"PER",1987,67.687
"PER",1988,68.095
"PER",1989,68.499
"PER",1990,68.901
"PER",1991,69.3
"PER",1992,69.697
"PER",1993,70.089
"PER",1994,70.521
"PER",1995,70.951
"PER",1996,71.377
"PER",1997,71.798
"PER",1998,72.216
"PER",1999,72.631
"PER",2000,73.042
"PER",2001,73.448
"PER",2002,73.85
"PER",2003,74.249
"PER",2004,74.644
"PER",2005,75.034
"PER",2006,75.421
"PER",2007,75.803
"PER",2008,76.052
"PER",2009,76.241
"PER",2010,76.43
"PER",2011,76.617
"PER",2012,76.804
"PER",2013,76.989
"PER",2014,77.173
"PER",2015,77.357
"PER",2016,77.539
"PER",2017,77.72
"PER",2018,77.907
"PER",2019,78.099
"PER",2020,78.297
"PER",2021,78.5
"PER",2022,78.708
"PER",2023,78.922
"PER",2024,NA
"PHL",1960,30.297
"PHL",1961,30.555
"PHL",1962,30.816
"PHL",1963,31.077
"PHL",1964,31.34
"PHL",1965,31.604
"PHL",1966,31.869
"PHL",1967,32.135
"PHL",1968,32.403
"PHL",1969,32.672
"PHL",1970,32.979
"PHL",1971,33.493
"PHL",1972,34.012
"PHL",1973,34.533
"PHL",1974,35.059
"PHL",1975,35.56
"PHL",1976,35.917
"PHL",1977,36.275
"PHL",1978,36.635
"PHL",1979,36.997
"PHL",1980,37.456
"PHL",1981,38.394
"PHL",1982,39.343
"PHL",1983,40.3
"PHL",1984,41.266
"PHL",1985,42.235
"PHL",1986,43.212
"PHL",1987,44.195
"PHL",1988,45.183
"PHL",1989,46.172
"PHL",1990,46.986
"PHL",1991,46.901
"PHL",1992,46.815
"PHL",1993,46.73
"PHL",1994,46.645
"PHL",1995,46.56
"PHL",1996,46.475
"PHL",1997,46.39
"PHL",1998,46.305
"PHL",1999,46.22
"PHL",2000,46.135
"PHL",2001,46.05
"PHL",2002,45.965
"PHL",2003,45.88
"PHL",2004,45.795
"PHL",2005,45.71
"PHL",2006,45.625
"PHL",2007,45.54
"PHL",2008,45.455
"PHL",2009,45.371
"PHL",2010,45.332
"PHL",2011,45.522
"PHL",2012,45.712
"PHL",2013,45.903
"PHL",2014,46.093
"PHL",2015,46.284
"PHL",2016,46.475
"PHL",2017,46.682
"PHL",2018,46.907
"PHL",2019,47.149
"PHL",2020,47.408
"PHL",2021,47.684
"PHL",2022,47.977
"PHL",2023,48.287
"PHL",2024,NA
"PLW",1960,56.823
"PLW",1961,57.114
"PLW",1962,57.405
"PLW",1963,57.696
"PLW",1964,57.987
"PLW",1965,58.276
"PLW",1966,58.565
"PLW",1967,58.853
"PLW",1968,59.142
"PLW",1969,59.429
"PLW",1970,59.715
"PLW",1971,60.001
"PLW",1972,60.287
"PLW",1973,60.571
"PLW",1974,60.855
"PLW",1975,61.138
"PLW",1976,61.421
"PLW",1977,61.702
"PLW",1978,61.983
"PLW",1979,62.263
"PLW",1980,62.542
"PLW",1981,63.409
"PLW",1982,64.422
"PLW",1983,65.421
"PLW",1984,66.409
"PLW",1985,67.38
"PLW",1986,68.188
"PLW",1987,68.541
"PLW",1988,68.892
"PLW",1989,69.24
"PLW",1990,69.593
"PLW",1991,69.966
"PLW",1992,70.337
"PLW",1993,70.704
"PLW",1994,71.069
"PLW",1995,71.431
"PLW",1996,71.306
"PLW",1997,71.066
"PLW",1998,70.825
"PLW",1999,70.582
"PLW",2000,70.338
"PLW",2001,70.093
"PLW",2002,69.847
"PLW",2003,69.6
"PLW",2004,70.383
"PLW",2005,71.152
"PLW",2006,71.91
"PLW",2007,72.655
"PLW",2008,73.389
"PLW",2009,74.109
"PLW",2010,74.817
"PLW",2011,75.511
"PLW",2012,76.194
"PLW",2013,76.862
"PLW",2014,77.517
"PLW",2015,78.159
"PLW",2016,78.775
"PLW",2017,79.365
"PLW",2018,79.93
"PLW",2019,80.47
"PLW",2020,80.988
"PLW",2021,81.483
"PLW",2022,81.956
"PLW",2023,82.408
"PLW",2024,NA
"PNG",1960,3.725
"PNG",1961,4.024
"PNG",1962,4.347
"PNG",1963,4.694
"PNG",1964,5.069
"PNG",1965,5.47
"PNG",1966,5.902
"PNG",1967,6.712
"PNG",1968,7.625
"PNG",1969,8.649
"PNG",1970,9.796
"PNG",1971,11.078
"PNG",1972,11.3
"PNG",1973,11.507
"PNG",1974,11.717
"PNG",1975,11.93
"PNG",1976,12.147
"PNG",1977,12.366
"PNG",1978,12.59
"PNG",1979,12.817
"PNG",1980,13.047
"PNG",1981,13.242
"PNG",1982,13.428
"PNG",1983,13.616
"PNG",1984,13.806
"PNG",1985,13.998
"PNG",1986,14.193
"PNG",1987,14.39
"PNG",1988,14.589
"PNG",1989,14.791
"PNG",1990,14.994
"PNG",1991,14.816
"PNG",1992,14.629
"PNG",1993,14.445
"PNG",1994,14.262
"PNG",1995,14.081
"PNG",1996,13.901
"PNG",1997,13.724
"PNG",1998,13.549
"PNG",1999,13.375
"PNG",2000,13.204
"PNG",2001,13.182
"PNG",2002,13.164
"PNG",2003,13.146
"PNG",2004,13.127
"PNG",2005,13.109
"PNG",2006,13.091
"PNG",2007,13.073
"PNG",2008,13.055
"PNG",2009,13.037
"PNG",2010,13.019
"PNG",2011,13
"PNG",2012,12.982
"PNG",2013,12.978
"PNG",2014,12.988
"PNG",2015,13.012
"PNG",2016,13.05
"PNG",2017,13.102
"PNG",2018,13.169
"PNG",2019,13.25
"PNG",2020,13.345
"PNG",2021,13.456
"PNG",2022,13.582
"PNG",2023,13.723
"PNG",2024,NA
"POL",1960,47.892
"POL",1961,48.527
"POL",1962,48.926
"POL",1963,49.326
"POL",1964,49.727
"POL",1965,50.126
"POL",1966,50.526
"POL",1967,50.926
"POL",1968,51.326
"POL",1969,51.726
"POL",1970,52.125
"POL",1971,52.668
"POL",1972,53.324
"POL",1973,53.977
"POL",1974,54.629
"POL",1975,55.28
"POL",1976,55.929
"POL",1977,56.575
"POL",1978,57.22
"POL",1979,57.712
"POL",1980,58.086
"POL",1981,58.459
"POL",1982,58.831
"POL",1983,59.202
"POL",1984,59.573
"POL",1985,59.942
"POL",1986,60.31
"POL",1987,60.676
"POL",1988,61.043
"POL",1989,61.225
"POL",1990,61.27
"POL",1991,61.315
"POL",1992,61.359
"POL",1993,61.404
"POL",1994,61.449
"POL",1995,61.493
"POL",1996,61.538
"POL",1997,61.583
"POL",1998,61.627
"POL",1999,61.672
"POL",2000,61.716
"POL",2001,61.761
"POL",2002,61.787
"POL",2003,61.676
"POL",2004,61.564
"POL",2005,61.452
"POL",2006,61.341
"POL",2007,61.229
"POL",2008,61.116
"POL",2009,61.004
"POL",2010,60.892
"POL",2011,60.78
"POL",2012,60.654
"POL",2013,60.529
"POL",2014,60.403
"POL",2015,60.278
"POL",2016,60.178
"POL",2017,60.105
"POL",2018,60.058
"POL",2019,60.037
"POL",2020,60.043
"POL",2021,60.075
"POL",2022,60.134
"POL",2023,60.218
"POL",2024,NA
"PRE",1960,13.4332575172658
"PRE",1961,13.7897960304089
"PRE",1962,14.1632626234744
"PRE",1963,14.5589903320568
"PRE",1964,14.9720033399217
"PRE",1965,15.3986449801709
"PRE",1966,15.8094817072715
"PRE",1967,16.2277053920132
"PRE",1968,16.6707461722825
"PRE",1969,17.1281786125418
"PRE",1970,17.5818175625464
"PRE",1971,18.0887601056775
"PRE",1972,18.620544659097
"PRE",1973,19.1577506990056
"PRE",1974,19.6799317736342
"PRE",1975,20.2100352953548
"PRE",1976,20.7499065105262
"PRE",1977,21.2760466268131
"PRE",1978,21.8020106710341
"PRE",1979,22.270790460956
"PRE",1980,22.7313872070305
"PRE",1981,23.2594777300177
"PRE",1982,23.7851818870637
"PRE",1983,24.3216068893857
"PRE",1984,24.9022561000077
"PRE",1985,25.5017203621939
"PRE",1986,26.108238799658
"PRE",1987,26.7195425935231
"PRE",1988,27.3014308009875
"PRE",1989,27.8486462085715
"PRE",1990,28.3645972885076
"PRE",1991,28.7673027228608
"PRE",1992,29.1834080627821
"PRE",1993,29.6195818445718
"PRE",1994,29.9863218174737
"PRE",1995,30.317564488615
"PRE",1996,30.6700650158109
"PRE",1997,31.0438526705287
"PRE",1998,31.417612789487
"PRE",1999,31.7902057387529
"PRE",2000,32.1721984970077
"PRE",2001,32.632873084944
"PRE",2002,33.0841834674422
"PRE",2003,33.5519816160276
"PRE",2004,34.037358363129
"PRE",2005,34.5437387013634
"PRE",2006,35.0097786842914
"PRE",2007,35.40982285152
"PRE",2008,35.9284763639459
"PRE",2009,36.4650153550427
"PRE",2010,37.0095598767732
"PRE",2011,37.5622562816969
"PRE",2012,38.1124733284927
"PRE",2013,38.6701372020105
"PRE",2014,39.2226003545783
"PRE",2015,39.7771089025231
"PRE",2016,40.3354760263504
"PRE",2017,40.8948351996284
"PRE",2018,41.4439041161344
"PRE",2019,41.9842362316093
"PRE",2020,42.5266498156658
"PRE",2021,43.0789350226666
"PRE",2022,43.6418701367517
"PRE",2023,44.1972682106447
"PRE",2024,NA
"PRI",1960,44.547
"PRI",1961,45.933
"PRI",1962,47.327
"PRI",1963,48.724
"PRI",1964,50.126
"PRI",1965,51.524
"PRI",1966,52.921
"PRI",1967,54.314
"PRI",1968,55.702
"PRI",1969,57.077
"PRI",1970,58.328
"PRI",1971,59.23
"PRI",1972,60.127
"PRI",1973,61.014
"PRI",1974,61.896
"PRI",1975,62.77
"PRI",1976,63.637
"PRI",1977,64.492
"PRI",1978,65.34
"PRI",1979,66.178
"PRI",1980,67.835
"PRI",1981,71.772
"PRI",1982,75.406
"PRI",1983,78.711
"PRI",1984,81.684
"PRI",1985,84.317
"PRI",1986,86.637
"PRI",1987,88.66
"PRI",1988,90.413
"PRI",1989,91.915
"PRI",1990,92.942
"PRI",1991,93.106
"PRI",1992,93.267
"PRI",1993,93.424
"PRI",1994,93.578
"PRI",1995,93.729
"PRI",1996,93.876
"PRI",1997,94.02
"PRI",1998,94.161
"PRI",1999,94.298
"PRI",2000,94.387
"PRI",2001,94.333
"PRI",2002,94.278
"PRI",2003,94.224
"PRI",2004,94.168
"PRI",2005,94.112
"PRI",2006,94.056
"PRI",2007,93.999
"PRI",2008,93.942
"PRI",2009,93.884
"PRI",2010,93.825
"PRI",2011,93.773
"PRI",2012,93.726
"PRI",2013,93.686
"PRI",2014,93.651
"PRI",2015,93.624
"PRI",2016,93.602
"PRI",2017,93.587
"PRI",2018,93.578
"PRI",2019,93.576
"PRI",2020,93.581
"PRI",2021,93.592
"PRI",2022,93.61
"PRI",2023,93.634
"PRI",2024,NA
"PRK",1960,40.195
"PRK",1961,41.162
"PRK",1962,42.136
"PRK",1963,43.116
"PRK",1964,44.102
"PRK",1965,45.091
"PRK",1966,46.084
"PRK",1967,47.081
"PRK",1968,49.012
"PRK",1969,51.609
"PRK",1970,54.2
"PRK",1971,54.702
"PRK",1972,55.204
"PRK",1973,55.703
"PRK",1974,56.202
"PRK",1975,56.7
"PRK",1976,56.74
"PRK",1977,56.78
"PRK",1978,56.82
"PRK",1979,56.86
"PRK",1980,56.9
"PRK",1981,57.049
"PRK",1982,57.198
"PRK",1983,57.346
"PRK",1984,57.495
"PRK",1985,57.644
"PRK",1986,57.792
"PRK",1987,57.94
"PRK",1988,58.088
"PRK",1989,58.236
"PRK",1990,58.384
"PRK",1991,58.531
"PRK",1992,58.679
"PRK",1993,58.826
"PRK",1994,58.939
"PRK",1995,59.018
"PRK",1996,59.097
"PRK",1997,59.176
"PRK",1998,59.255
"PRK",1999,59.334
"PRK",2000,59.412
"PRK",2001,59.491
"PRK",2002,59.57
"PRK",2003,59.648
"PRK",2004,59.727
"PRK",2005,59.805
"PRK",2006,59.884
"PRK",2007,59.962
"PRK",2008,60.04
"PRK",2009,60.195
"PRK",2010,60.377
"PRK",2011,60.557
"PRK",2012,60.738
"PRK",2013,60.918
"PRK",2014,61.098
"PRK",2015,61.277
"PRK",2016,61.471
"PRK",2017,61.678
"PRK",2018,61.899
"PRK",2019,62.134
"PRK",2020,62.381
"PRK",2021,62.642
"PRK",2022,62.916
"PRK",2023,63.203
"PRK",2024,NA
"PRT",1960,34.955
"PRT",1961,35.344
"PRT",1962,35.722
"PRT",1963,36.101
"PRT",1964,36.483
"PRT",1965,36.866
"PRT",1966,37.25
"PRT",1967,37.636
"PRT",1968,38.025
"PRT",1969,38.414
"PRT",1970,38.804
"PRT",1971,39.197
"PRT",1972,39.591
"PRT",1973,39.985
"PRT",1974,40.382
"PRT",1975,40.779
"PRT",1976,41.179
"PRT",1977,41.578
"PRT",1978,41.979
"PRT",1979,42.381
"PRT",1980,42.785
"PRT",1981,43.221
"PRT",1982,43.738
"PRT",1983,44.257
"PRT",1984,44.777
"PRT",1985,45.298
"PRT",1986,45.82
"PRT",1987,46.342
"PRT",1988,46.867
"PRT",1989,47.391
"PRT",1990,47.915
"PRT",1991,48.469
"PRT",1992,49.13
"PRT",1993,49.789
"PRT",1994,50.449
"PRT",1995,51.109
"PRT",1996,51.77
"PRT",1997,52.428
"PRT",1998,53.086
"PRT",1999,53.743
"PRT",2000,54.399
"PRT",2001,55.044
"PRT",2002,55.666
"PRT",2003,56.287
"PRT",2004,56.907
"PRT",2005,57.522
"PRT",2006,58.137
"PRT",2007,58.749
"PRT",2008,59.359
"PRT",2009,59.964
"PRT",2010,60.567
"PRT",2011,61.167
"PRT",2012,61.763
"PRT",2013,62.352
"PRT",2014,62.936
"PRT",2015,63.514
"PRT",2016,64.086
"PRT",2017,64.652
"PRT",2018,65.211
"PRT",2019,65.764
"PRT",2020,66.31
"PRT",2021,66.849
"PRT",2022,67.381
"PRT",2023,67.906
"PRT",2024,NA
"PRY",1960,35.569
"PRY",1961,35.67
"PRY",1962,35.771
"PRY",1963,35.916
"PRY",1964,36.079
"PRY",1965,36.243
"PRY",1966,36.407
"PRY",1967,36.571
"PRY",1968,36.735
"PRY",1969,36.9
"PRY",1970,37.065
"PRY",1971,37.23
"PRY",1972,37.396
"PRY",1973,37.916
"PRY",1974,38.447
"PRY",1975,38.981
"PRY",1976,39.518
"PRY",1977,40.056
"PRY",1978,40.598
"PRY",1979,41.141
"PRY",1980,41.688
"PRY",1981,42.235
"PRY",1982,42.785
"PRY",1983,43.512
"PRY",1984,44.247
"PRY",1985,44.983
"PRY",1986,45.722
"PRY",1987,46.463
"PRY",1988,47.207
"PRY",1989,47.949
"PRY",1990,48.694
"PRY",1991,49.439
"PRY",1992,50.186
"PRY",1993,50.844
"PRY",1994,51.488
"PRY",1995,52.131
"PRY",1996,52.774
"PRY",1997,53.414
"PRY",1998,54.054
"PRY",1999,54.693
"PRY",2000,55.331
"PRY",2001,55.966
"PRY",2002,56.6
"PRY",2003,56.977
"PRY",2004,57.305
"PRY",2005,57.633
"PRY",2006,57.96
"PRY",2007,58.286
"PRY",2008,58.612
"PRY",2009,58.937
"PRY",2010,59.261
"PRY",2011,59.584
"PRY",2012,59.907
"PRY",2013,60.197
"PRY",2014,60.474
"PRY",2015,60.75
"PRY",2016,61.026
"PRY",2017,61.3
"PRY",2018,61.585
"PRY",2019,61.879
"PRY",2020,62.183
"PRY",2021,62.496
"PRY",2022,62.818
"PRY",2023,63.149
"PRY",2024,NA
"PSE",1960,44.044
"PSE",1961,44.734
"PSE",1962,45.661
"PSE",1963,46.737
"PSE",1964,47.818
"PSE",1965,48.898
"PSE",1966,49.98
"PSE",1967,51.062
"PSE",1968,52.145
"PSE",1969,53.222
"PSE",1970,54.298
"PSE",1971,55.371
"PSE",1972,56.439
"PSE",1973,57.499
"PSE",1974,58.553
"PSE",1975,59.6
"PSE",1976,60.164
"PSE",1977,60.723
"PSE",1978,61.281
"PSE",1979,61.836
"PSE",1980,62.388
"PSE",1981,62.936
"PSE",1982,63.481
"PSE",1983,64.022
"PSE",1984,64.561
"PSE",1985,65.095
"PSE",1986,65.626
"PSE",1987,66.152
"PSE",1988,66.676
"PSE",1989,67.194
"PSE",1990,67.709
"PSE",1991,68.219
"PSE",1992,68.726
"PSE",1993,69.227
"PSE",1994,69.724
"PSE",1995,70.216
"PSE",1996,70.705
"PSE",1997,71.187
"PSE",1998,71.524
"PSE",1999,71.747
"PSE",2000,71.969
"PSE",2001,72.189
"PSE",2002,72.409
"PSE",2003,72.627
"PSE",2004,72.845
"PSE",2005,73.061
"PSE",2006,73.276
"PSE",2007,73.491
"PSE",2008,73.704
"PSE",2009,73.923
"PSE",2010,74.149
"PSE",2011,74.381
"PSE",2012,74.619
"PSE",2013,74.863
"PSE",2014,75.113
"PSE",2015,75.368
"PSE",2016,75.628
"PSE",2017,75.894
"PSE",2018,76.164
"PSE",2019,76.44
"PSE",2020,76.719
"PSE",2021,77.003
"PSE",2022,77.291
"PSE",2023,77.582
"PSE",2024,NA
"PSS",1960,22.0538902808841
"PSS",1961,22.4937335405289
"PSS",1962,22.9482217840755
"PSS",1963,23.413609236415
"PSS",1964,23.8889265909453
"PSS",1965,24.3687102878779
"PSS",1966,24.842637490055
"PSS",1967,25.2239211421761
"PSS",1968,25.6076220801856
"PSS",1969,26.0106953967174
"PSS",1970,26.39720763971
"PSS",1971,26.7466713119641
"PSS",1972,27.0736619226719
"PSS",1973,27.3817798549118
"PSS",1974,27.5935091750157
"PSS",1975,27.7677841490694
"PSS",1976,27.9572751580913
"PSS",1977,28.1080572437986
"PSS",1978,28.2624044510147
"PSS",1979,28.4211994383484
"PSS",1980,28.5908516881681
"PSS",1981,28.7920469177398
"PSS",1982,29.0090947970138
"PSS",1983,29.2308308694746
"PSS",1984,29.456772674959
"PSS",1985,29.6867010889156
"PSS",1986,29.9136487164061
"PSS",1987,30.303336274416
"PSS",1988,30.7000234341502
"PSS",1989,31.0836993201441
"PSS",1990,31.4476092491187
"PSS",1991,31.8062525651793
"PSS",1992,32.1550173011308
"PSS",1993,32.4906341841019
"PSS",1994,32.8202351306465
"PSS",1995,33.1243645775383
"PSS",1996,33.4569450461029
"PSS",1997,33.6865625659328
"PSS",1998,33.905294750408
"PSS",1999,34.1266239303298
"PSS",2000,34.3907342310581
"PSS",2001,34.6580334426081
"PSS",2002,34.8879793606847
"PSS",2003,35.1160448506832
"PSS",2004,35.3598678684039
"PSS",2005,35.6035670209937
"PSS",2006,35.868218622181
"PSS",2007,36.1478256745243
"PSS",2008,36.4569424667487
"PSS",2009,36.7627309286899
"PSS",2010,37.0133602010833
"PSS",2011,37.2122094632296
"PSS",2012,37.4001775537815
"PSS",2013,37.5825207998049
"PSS",2014,37.7632566682875
"PSS",2015,37.9418362727715
"PSS",2016,38.1171567107677
"PSS",2017,38.279362098949
"PSS",2018,38.4317318565749
"PSS",2019,38.6080266824363
"PSS",2020,38.8185116377361
"PSS",2021,39.0380810941031
"PSS",2022,39.2714686784769
"PSS",2023,39.5195613366532
"PSS",2024,NA
"PST",1960,63.2583343460637
"PST",1961,63.7745189214299
"PST",1962,64.3028447294557
"PST",1963,64.8495168469605
"PST",1964,65.3958922455028
"PST",1965,65.9435574779397
"PST",1966,66.4748403976796
"PST",1967,67.0108333907151
"PST",1968,67.5373998835675
"PST",1969,68.0384049230608
"PST",1970,68.5200354872386
"PST",1971,68.934803571327
"PST",1972,69.3155704225591
"PST",1973,69.687063530312
"PST",1974,70.0556803979082
"PST",1975,70.3999827743475
"PST",1976,70.6742053779908
"PST",1977,70.939025945662
"PST",1978,71.2051152833537
"PST",1979,71.4723305660002
"PST",1980,71.7396346109895
"PST",1981,72.0215349283672
"PST",1982,72.2580923678166
"PST",1983,72.4770871121941
"PST",1984,72.6828300999232
"PST",1985,72.8816935847329
"PST",1986,73.1097867864735
"PST",1987,73.3735229624133
"PST",1988,73.6250351391695
"PST",1989,73.8392807256438
"PST",1990,74.0592585969535
"PST",1991,74.3129529315664
"PST",1992,74.5658273746552
"PST",1993,74.8215697366302
"PST",1994,75.079884944182
"PST",1995,75.3331046172161
"PST",1996,75.5678545150011
"PST",1997,75.7895144183213
"PST",1998,76.0130119558807
"PST",1999,76.2364061727909
"PST",2000,76.4517476501279
"PST",2001,76.7965986963759
"PST",2002,77.2024891794934
"PST",2003,77.5912065751002
"PST",2004,77.9675013836841
"PST",2005,78.3304653789938
"PST",2006,78.6618353844769
"PST",2007,78.9751714257519
"PST",2008,79.2782617394017
"PST",2009,79.5678315795569
"PST",2010,79.8458383420004
"PST",2011,80.0553622602983
"PST",2012,80.2293952744234
"PST",2013,80.3973403223975
"PST",2014,80.5651209310101
"PST",2015,80.7392495943734
"PST",2016,80.9153468063441
"PST",2017,81.0949533599484
"PST",2018,81.2782187539067
"PST",2019,81.4712218561708
"PST",2020,81.6607731908361
"PST",2021,81.8469066551351
"PST",2022,82.0723704214856
"PST",2023,82.3093253731622
"PST",2024,NA
"PYF",1960,42.281
"PYF",1961,43.217
"PYF",1962,44.16
"PYF",1963,45.389
"PYF",1964,46.783
"PYF",1965,48.178
"PYF",1966,49.578
"PYF",1967,50.979
"PYF",1968,52.38
"PYF",1969,53.773
"PYF",1970,55.162
"PYF",1971,56.203
"PYF",1972,56.718
"PYF",1973,57.231
"PYF",1974,57.742
"PYF",1975,58.252
"PYF",1976,58.76
"PYF",1977,59.171
"PYF",1978,59.115
"PYF",1979,59.059
"PYF",1980,59.003
"PYF",1981,58.948
"PYF",1982,58.892
"PYF",1983,58.836
"PYF",1984,58.743
"PYF",1985,58.635
"PYF",1986,58.527
"PYF",1987,58.419
"PYF",1988,58.31
"PYF",1989,58.094
"PYF",1990,57.852
"PYF",1991,57.61
"PYF",1992,57.367
"PYF",1993,57.124
"PYF",1994,56.881
"PYF",1995,56.637
"PYF",1996,56.393
"PYF",1997,56.285
"PYF",1998,56.205
"PYF",1999,56.126
"PYF",2000,56.047
"PYF",2001,55.967
"PYF",2002,55.888
"PYF",2003,56.242
"PYF",2004,56.831
"PYF",2005,57.417
"PYF",2006,58.002
"PYF",2007,58.585
"PYF",2008,59.166
"PYF",2009,59.742
"PYF",2010,60.317
"PYF",2011,60.889
"PYF",2012,61.459
"PYF",2013,61.583
"PYF",2014,61.633
"PYF",2015,61.683
"PYF",2016,61.734
"PYF",2017,61.784
"PYF",2018,61.834
"PYF",2019,61.897
"PYF",2020,61.975
"PYF",2021,62.066
"PYF",2022,62.17
"PYF",2023,62.288
"PYF",2024,NA
"QAT",1960,85.275
"QAT",1961,85.693
"QAT",1962,86.101
"QAT",1963,86.5
"QAT",1964,86.78
"QAT",1965,87.054
"QAT",1966,87.323
"QAT",1967,87.588
"QAT",1968,87.848
"QAT",1969,88.103
"QAT",1970,88.354
"QAT",1971,88.6
"QAT",1972,88.678
"QAT",1973,88.755
"QAT",1974,88.832
"QAT",1975,88.909
"QAT",1976,88.985
"QAT",1977,89.06
"QAT",1978,89.135
"QAT",1979,89.21
"QAT",1980,89.363
"QAT",1981,89.514
"QAT",1982,89.663
"QAT",1983,89.811
"QAT",1984,89.956
"QAT",1985,90.1
"QAT",1986,90.4
"QAT",1987,91.056
"QAT",1988,91.671
"QAT",1989,92.247
"QAT",1990,92.786
"QAT",1991,93.291
"QAT",1992,93.763
"QAT",1993,94.203
"QAT",1994,94.614
"QAT",1995,94.998
"QAT",1996,95.356
"QAT",1997,95.659
"QAT",1998,95.888
"QAT",1999,96.105
"QAT",2000,96.311
"QAT",2001,96.506
"QAT",2002,96.692
"QAT",2003,96.868
"QAT",2004,97.09
"QAT",2005,97.396
"QAT",2006,97.671
"QAT",2007,97.917
"QAT",2008,98.139
"QAT",2009,98.336
"QAT",2010,98.501
"QAT",2011,98.602
"QAT",2012,98.697
"QAT",2013,98.785
"QAT",2014,98.868
"QAT",2015,98.945
"QAT",2016,99.015
"QAT",2017,99.078
"QAT",2018,99.135
"QAT",2019,99.188
"QAT",2020,99.235
"QAT",2021,99.278
"QAT",2022,99.318
"QAT",2023,99.354
"QAT",2024,NA
"ROU",1960,34.209
"ROU",1961,34.894
"ROU",1962,35.586
"ROU",1963,36.284
"ROU",1964,36.989
"ROU",1965,37.697
"ROU",1966,38.345
"ROU",1967,38.835
"ROU",1968,39.328
"ROU",1969,39.822
"ROU",1970,40.319
"ROU",1971,40.818
"ROU",1972,41.319
"ROU",1973,41.821
"ROU",1974,42.325
"ROU",1975,42.831
"ROU",1976,43.339
"ROU",1977,43.942
"ROU",1978,44.649
"ROU",1979,45.358
"ROU",1980,46.07
"ROU",1981,46.781
"ROU",1982,47.495
"ROU",1983,48.21
"ROU",1984,48.926
"ROU",1985,49.641
"ROU",1986,50.357
"ROU",1987,51.073
"ROU",1988,51.79
"ROU",1989,52.504
"ROU",1990,53.217
"ROU",1991,53.93
"ROU",1992,54.227
"ROU",1993,54.074
"ROU",1994,53.922
"ROU",1995,53.769
"ROU",1996,53.616
"ROU",1997,53.463
"ROU",1998,53.311
"ROU",1999,53.158
"ROU",2000,53.004
"ROU",2001,52.852
"ROU",2002,52.78
"ROU",2003,52.912
"ROU",2004,53.043
"ROU",2005,53.174
"ROU",2006,53.305
"ROU",2007,53.436
"ROU",2008,53.567
"ROU",2009,53.698
"ROU",2010,53.829
"ROU",2011,53.96
"ROU",2012,53.974
"ROU",2013,53.937
"ROU",2014,53.9
"ROU",2015,53.887
"ROU",2016,53.9
"ROU",2017,53.936
"ROU",2018,53.998
"ROU",2019,54.084
"ROU",2020,54.194
"ROU",2021,54.329
"ROU",2022,54.489
"ROU",2023,54.672
"ROU",2024,NA
"RUS",1960,53.731
"RUS",1961,54.626
"RUS",1962,55.518
"RUS",1963,56.408
"RUS",1964,57.294
"RUS",1965,58.173
"RUS",1966,59.048
"RUS",1967,59.918
"RUS",1968,60.783
"RUS",1969,61.638
"RUS",1970,62.471
"RUS",1971,63.278
"RUS",1972,64.078
"RUS",1973,64.869
"RUS",1974,65.652
"RUS",1975,66.427
"RUS",1976,67.194
"RUS",1977,67.95
"RUS",1978,68.698
"RUS",1979,69.305
"RUS",1980,69.751
"RUS",1981,70.193
"RUS",1982,70.631
"RUS",1983,71.066
"RUS",1984,71.497
"RUS",1985,71.923
"RUS",1986,72.346
"RUS",1987,72.765
"RUS",1988,73.181
"RUS",1989,73.398
"RUS",1990,73.394
"RUS",1991,73.389
"RUS",1992,73.385
"RUS",1993,73.381
"RUS",1994,73.376
"RUS",1995,73.372
"RUS",1996,73.367
"RUS",1997,73.363
"RUS",1998,73.359
"RUS",1999,73.354
"RUS",2000,73.35
"RUS",2001,73.346
"RUS",2002,73.341
"RUS",2003,73.373
"RUS",2004,73.418
"RUS",2005,73.463
"RUS",2006,73.508
"RUS",2007,73.553
"RUS",2008,73.598
"RUS",2009,73.642
"RUS",2010,73.687
"RUS",2011,73.732
"RUS",2012,73.791
"RUS",2013,73.863
"RUS",2014,73.95
"RUS",2015,74.05
"RUS",2016,74.164
"RUS",2017,74.292
"RUS",2018,74.433
"RUS",2019,74.587
"RUS",2020,74.754
"RUS",2021,74.934
"RUS",2022,75.126
"RUS",2023,75.331
"RUS",2024,NA
"RWA",1960,2.6
"RWA",1961,2.654
"RWA",1962,2.71
"RWA",1963,2.766
"RWA",1964,2.824
"RWA",1965,2.882
"RWA",1966,2.942
"RWA",1967,3.003
"RWA",1968,3.066
"RWA",1969,3.129
"RWA",1970,3.194
"RWA",1971,3.336
"RWA",1972,3.491
"RWA",1973,3.652
"RWA",1974,3.821
"RWA",1975,3.998
"RWA",1976,4.182
"RWA",1977,4.374
"RWA",1978,4.575
"RWA",1979,4.656
"RWA",1980,4.721
"RWA",1981,4.786
"RWA",1982,4.853
"RWA",1983,4.92
"RWA",1984,4.988
"RWA",1985,5.057
"RWA",1986,5.127
"RWA",1987,5.198
"RWA",1988,5.27
"RWA",1989,5.342
"RWA",1990,5.416
"RWA",1991,5.491
"RWA",1992,6.288
"RWA",1993,7.313
"RWA",1994,8.49
"RWA",1995,9.837
"RWA",1996,11.374
"RWA",1997,12.466
"RWA",1998,13.244
"RWA",1999,14.064
"RWA",2000,14.926
"RWA",2001,15.829
"RWA",2002,16.777
"RWA",2003,16.904
"RWA",2004,16.908
"RWA",2005,16.912
"RWA",2006,16.917
"RWA",2007,16.921
"RWA",2008,16.925
"RWA",2009,16.93
"RWA",2010,16.934
"RWA",2011,16.938
"RWA",2012,16.943
"RWA",2013,16.947
"RWA",2014,16.967
"RWA",2015,17.004
"RWA",2016,17.056
"RWA",2017,17.125
"RWA",2018,17.211
"RWA",2019,17.313
"RWA",2020,17.432
"RWA",2021,17.568
"RWA",2022,17.721
"RWA",2023,17.892
"RWA",2024,NA
"SAS",1960,16.6403034845216
"SAS",1961,16.7766912743956
"SAS",1962,16.9665052290474
"SAS",1963,17.1579535664657
"SAS",1964,17.3518270193278
"SAS",1965,17.545959332427
"SAS",1966,17.7421588589604
"SAS",1967,17.9409890163425
"SAS",1968,18.1420838211078
"SAS",1969,18.34623912396
"SAS",1970,18.5570909432859
"SAS",1971,18.8032719640378
"SAS",1972,19.1274587446104
"SAS",1973,19.4501660422335
"SAS",1974,19.7946998367521
"SAS",1975,20.1765902277084
"SAS",1976,20.5700300720405
"SAS",1977,20.9743314856102
"SAS",1978,21.3895023625248
"SAS",1979,21.818940474699
"SAS",1980,22.2690804499809
"SAS",1981,22.6670673615596
"SAS",1982,22.9297074392202
"SAS",1983,23.1884115008679
"SAS",1984,23.4476696460553
"SAS",1985,23.7098725565383
"SAS",1986,23.9775479508628
"SAS",1987,24.2482817954013
"SAS",1988,24.5217679785476
"SAS",1989,24.7901636347492
"SAS",1990,25.0610222963845
"SAS",1991,25.3199669636395
"SAS",1992,25.5456710038696
"SAS",1993,25.7702177834558
"SAS",1994,25.9990423604389
"SAS",1995,26.2303749778993
"SAS",1996,26.4652548470647
"SAS",1997,26.7012474934419
"SAS",1998,26.9364926360045
"SAS",1999,27.1689020226026
"SAS",2000,27.4059541785752
"SAS",2001,27.6833792312167
"SAS",2002,28.0226398775583
"SAS",2003,28.3635463004485
"SAS",2004,28.7118845970631
"SAS",2005,29.0625808954923
"SAS",2006,29.4151856744027
"SAS",2007,29.7747665210341
"SAS",2008,30.1372479775855
"SAS",2009,30.4987583775973
"SAS",2010,30.86294953474
"SAS",2011,31.2280184490727
"SAS",2012,31.6001784748996
"SAS",2013,31.9857365713043
"SAS",2014,32.3733673194552
"SAS",2015,32.7696725975505
"SAS",2016,33.1754175262087
"SAS",2017,33.5915458577978
"SAS",2018,34.0190466389173
"SAS",2019,34.4563593747757
"SAS",2020,34.9031103407352
"SAS",2021,35.3623290791175
"SAS",2022,35.8381508036908
"SAS",2023,36.3282489436825
"SAS",2024,NA
"SAU",1960,31.25
"SAU",1961,32.373
"SAU",1962,33.518
"SAU",1963,35.011
"SAU",1964,36.872
"SAU",1965,38.769
"SAU",1966,40.702
"SAU",1967,42.665
"SAU",1968,44.654
"SAU",1969,46.655
"SAU",1970,48.669
"SAU",1971,50.688
"SAU",1972,52.707
"SAU",1973,54.712
"SAU",1974,56.704
"SAU",1975,58.349
"SAU",1976,59.897
"SAU",1977,61.421
"SAU",1978,62.925
"SAU",1979,64.405
"SAU",1980,65.86
"SAU",1981,67.281
"SAU",1982,68.673
"SAU",1983,70.033
"SAU",1984,71.36
"SAU",1985,72.647
"SAU",1986,73.9
"SAU",1987,74.589
"SAU",1988,75.267
"SAU",1989,75.93
"SAU",1990,76.583
"SAU",1991,77.223
"SAU",1992,77.851
"SAU",1993,78.186
"SAU",1994,78.429
"SAU",1995,78.67
"SAU",1996,78.91
"SAU",1997,79.147
"SAU",1998,79.383
"SAU",1999,79.616
"SAU",2000,79.848
"SAU",2001,80.077
"SAU",2002,80.304
"SAU",2003,80.53
"SAU",2004,80.754
"SAU",2005,80.979
"SAU",2006,81.204
"SAU",2007,81.427
"SAU",2008,81.649
"SAU",2009,81.867
"SAU",2010,82.084
"SAU",2011,82.302
"SAU",2012,82.52
"SAU",2013,82.74
"SAU",2014,82.96
"SAU",2015,83.18
"SAU",2016,83.401
"SAU",2017,83.622
"SAU",2018,83.844
"SAU",2019,84.065
"SAU",2020,84.287
"SAU",2021,84.508
"SAU",2022,84.729
"SAU",2023,84.95
"SAU",2024,NA
"SDN",1960,10.746
"SDN",1961,11.232
"SDN",1962,11.737
"SDN",1963,12.262
"SDN",1964,12.808
"SDN",1965,13.373
"SDN",1966,13.959
"SDN",1967,14.567
"SDN",1968,15.197
"SDN",1969,15.848
"SDN",1970,16.523
"SDN",1971,17.22
"SDN",1972,17.941
"SDN",1973,18.548
"SDN",1974,18.744
"SDN",1975,18.943
"SDN",1976,19.143
"SDN",1977,19.344
"SDN",1978,19.547
"SDN",1979,19.752
"SDN",1980,19.959
"SDN",1981,20.166
"SDN",1982,20.376
"SDN",1983,20.901
"SDN",1984,21.903
"SDN",1985,22.937
"SDN",1986,24.005
"SDN",1987,25.107
"SDN",1988,26.244
"SDN",1989,27.41
"SDN",1990,28.61
"SDN",1991,29.84
"SDN",1992,31.103
"SDN",1993,32.127
"SDN",1994,32.179
"SDN",1995,32.232
"SDN",1996,32.284
"SDN",1997,32.337
"SDN",1998,32.39
"SDN",1999,32.442
"SDN",2000,32.495
"SDN",2001,32.548
"SDN",2002,32.601
"SDN",2003,32.654
"SDN",2004,32.707
"SDN",2005,32.76
"SDN",2006,32.813
"SDN",2007,32.866
"SDN",2008,32.919
"SDN",2009,32.993
"SDN",2010,33.089
"SDN",2011,33.207
"SDN",2012,33.346
"SDN",2013,33.507
"SDN",2014,33.689
"SDN",2015,33.894
"SDN",2016,34.121
"SDN",2017,34.37
"SDN",2018,34.642
"SDN",2019,34.936
"SDN",2020,35.253
"SDN",2021,35.593
"SDN",2022,35.956
"SDN",2023,36.342
"SDN",2024,NA
"SEN",1960,23
"SEN",1961,23.645
"SEN",1962,24.303
"SEN",1963,24.973
"SEN",1964,25.657
"SEN",1965,26.351
"SEN",1966,27.057
"SEN",1967,27.776
"SEN",1968,28.507
"SEN",1969,29.247
"SEN",1970,30
"SEN",1971,30.72
"SEN",1972,31.451
"SEN",1973,32.189
"SEN",1974,32.937
"SEN",1975,33.693
"SEN",1976,34.372
"SEN",1977,34.718
"SEN",1978,35.067
"SEN",1979,35.417
"SEN",1980,35.769
"SEN",1981,36.122
"SEN",1982,36.476
"SEN",1983,36.832
"SEN",1984,37.191
"SEN",1985,37.549
"SEN",1986,37.909
"SEN",1987,38.271
"SEN",1988,38.613
"SEN",1989,38.755
"SEN",1990,38.896
"SEN",1991,39.038
"SEN",1992,39.18
"SEN",1993,39.321
"SEN",1994,39.464
"SEN",1995,39.606
"SEN",1996,39.749
"SEN",1997,39.891
"SEN",1998,40.034
"SEN",1999,40.177
"SEN",2000,40.32
"SEN",2001,40.464
"SEN",2002,40.607
"SEN",2003,40.898
"SEN",2004,41.306
"SEN",2005,41.714
"SEN",2006,42.124
"SEN",2007,42.535
"SEN",2008,42.947
"SEN",2009,43.359
"SEN",2010,43.773
"SEN",2011,44.188
"SEN",2012,44.603
"SEN",2013,45.019
"SEN",2014,45.436
"SEN",2015,45.862
"SEN",2016,46.296
"SEN",2017,46.74
"SEN",2018,47.192
"SEN",2019,47.653
"SEN",2020,48.122
"SEN",2021,48.6
"SEN",2022,49.086
"SEN",2023,49.579
"SEN",2024,NA
"SGP",1960,100
"SGP",1961,100
"SGP",1962,100
"SGP",1963,100
"SGP",1964,100
"SGP",1965,100
"SGP",1966,100
"SGP",1967,100
"SGP",1968,100
"SGP",1969,100
"SGP",1970,100
"SGP",1971,100
"SGP",1972,100
"SGP",1973,100
"SGP",1974,100
"SGP",1975,100
"SGP",1976,100
"SGP",1977,100
"SGP",1978,100
"SGP",1979,100
"SGP",1980,100
"SGP",1981,100
"SGP",1982,100
"SGP",1983,100
"SGP",1984,100
"SGP",1985,100
"SGP",1986,100
"SGP",1987,100
"SGP",1988,100
"SGP",1989,100
"SGP",1990,100
"SGP",1991,100
"SGP",1992,100
"SGP",1993,100
"SGP",1994,100
"SGP",1995,100
"SGP",1996,100
"SGP",1997,100
"SGP",1998,100
"SGP",1999,100
"SGP",2000,100
"SGP",2001,100
"SGP",2002,100
"SGP",2003,100
"SGP",2004,100
"SGP",2005,100
"SGP",2006,100
"SGP",2007,100
"SGP",2008,100
"SGP",2009,100
"SGP",2010,100
"SGP",2011,100
"SGP",2012,100
"SGP",2013,100
"SGP",2014,100
"SGP",2015,100
"SGP",2016,100
"SGP",2017,100
"SGP",2018,100
"SGP",2019,100
"SGP",2020,100
"SGP",2021,100
"SGP",2022,100
"SGP",2023,100
"SGP",2024,NA
"SLB",1960,5.768
"SLB",1961,6.038
"SLB",1962,6.321
"SLB",1963,6.616
"SLB",1964,6.924
"SLB",1965,7.245
"SLB",1966,7.579
"SLB",1967,7.928
"SLB",1968,8.292
"SLB",1969,8.67
"SLB",1970,8.917
"SLB",1971,8.958
"SLB",1972,8.999
"SLB",1973,9.041
"SLB",1974,9.083
"SLB",1975,9.125
"SLB",1976,9.271
"SLB",1977,9.583
"SLB",1978,9.904
"SLB",1979,10.235
"SLB",1980,10.576
"SLB",1981,10.927
"SLB",1982,11.288
"SLB",1983,11.659
"SLB",1984,12.041
"SLB",1985,12.433
"SLB",1986,12.837
"SLB",1987,13.111
"SLB",1988,13.298
"SLB",1989,13.486
"SLB",1990,13.677
"SLB",1991,13.87
"SLB",1992,14.065
"SLB",1993,14.262
"SLB",1994,14.462
"SLB",1995,14.664
"SLB",1996,14.869
"SLB",1997,15.076
"SLB",1998,15.285
"SLB",1999,15.496
"SLB",2000,15.813
"SLB",2001,16.201
"SLB",2002,16.597
"SLB",2003,17.001
"SLB",2004,17.413
"SLB",2005,17.832
"SLB",2006,18.259
"SLB",2007,18.694
"SLB",2008,19.138
"SLB",2009,19.589
"SLB",2010,20.048
"SLB",2011,20.508
"SLB",2012,20.97
"SLB",2013,21.433
"SLB",2014,21.896
"SLB",2015,22.36
"SLB",2016,22.823
"SLB",2017,23.286
"SLB",2018,23.749
"SLB",2019,24.21
"SLB",2020,24.67
"SLB",2021,25.128
"SLB",2022,25.584
"SLB",2023,26.037
"SLB",2024,NA
"SLE",1960,17.352
"SLE",1961,17.903
"SLE",1962,18.467
"SLE",1963,19.06
"SLE",1964,19.712
"SLE",1965,20.379
"SLE",1966,21.064
"SLE",1967,21.765
"SLE",1968,22.484
"SLE",1969,23.218
"SLE",1970,23.969
"SLE",1971,24.737
"SLE",1972,25.522
"SLE",1973,26.321
"SLE",1974,27.137
"SLE",1975,27.729
"SLE",1976,28.14
"SLE",1977,28.554
"SLE",1978,28.972
"SLE",1979,29.394
"SLE",1980,29.819
"SLE",1981,30.248
"SLE",1982,30.68
"SLE",1983,31.115
"SLE",1984,31.555
"SLE",1985,31.997
"SLE",1986,32.325
"SLE",1987,32.555
"SLE",1988,32.787
"SLE",1989,33.019
"SLE",1990,33.252
"SLE",1991,33.485
"SLE",1992,33.72
"SLE",1993,33.955
"SLE",1994,34.192
"SLE",1995,34.429
"SLE",1996,34.667
"SLE",1997,34.905
"SLE",1998,35.144
"SLE",1999,35.384
"SLE",2000,35.626
"SLE",2001,35.867
"SLE",2002,36.109
"SLE",2003,36.352
"SLE",2004,36.596
"SLE",2005,36.919
"SLE",2006,37.303
"SLE",2007,37.689
"SLE",2008,38.077
"SLE",2009,38.466
"SLE",2010,38.856
"SLE",2011,39.248
"SLE",2012,39.642
"SLE",2013,40.036
"SLE",2014,40.432
"SLE",2015,40.829
"SLE",2016,41.228
"SLE",2017,41.636
"SLE",2018,42.055
"SLE",2019,42.484
"SLE",2020,42.923
"SLE",2021,43.372
"SLE",2022,43.831
"SLE",2023,44.3
"SLE",2024,NA
"SLV",1960,38.354
"SLV",1961,38.527
"SLV",1962,38.628
"SLV",1963,38.729
"SLV",1964,38.83
"SLV",1965,38.931
"SLV",1966,39.033
"SLV",1967,39.134
"SLV",1968,39.236
"SLV",1969,39.337
"SLV",1970,39.439
"SLV",1971,39.544
"SLV",1972,40.043
"SLV",1973,40.543
"SLV",1974,41.046
"SLV",1975,41.551
"SLV",1976,42.058
"SLV",1977,42.565
"SLV",1978,43.075
"SLV",1979,43.586
"SLV",1980,44.099
"SLV",1981,44.612
"SLV",1982,45.127
"SLV",1983,45.642
"SLV",1984,46.16
"SLV",1985,46.677
"SLV",1986,47.195
"SLV",1987,47.714
"SLV",1988,48.234
"SLV",1989,48.754
"SLV",1990,49.274
"SLV",1991,49.794
"SLV",1992,50.315
"SLV",1993,51.417
"SLV",1994,52.704
"SLV",1995,53.988
"SLV",1996,55.268
"SLV",1997,56.537
"SLV",1998,57.8
"SLV",1999,58.357
"SLV",2000,58.912
"SLV",2001,59.464
"SLV",2002,60.014
"SLV",2003,60.561
"SLV",2004,61.107
"SLV",2005,61.648
"SLV",2006,62.187
"SLV",2007,62.774
"SLV",2008,63.678
"SLV",2009,64.57
"SLV",2010,65.452
"SLV",2011,66.325
"SLV",2012,67.187
"SLV",2013,68.036
"SLV",2014,68.874
"SLV",2015,69.7
"SLV",2016,70.501
"SLV",2017,71.275
"SLV",2018,72.023
"SLV",2019,72.746
"SLV",2020,73.444
"SLV",2021,74.118
"SLV",2022,74.767
"SLV",2023,75.393
"SLV",2024,NA
"SMR",1960,48.9
"SMR",1961,50.001
"SMR",1962,51.104
"SMR",1963,52.206
"SMR",1964,53.307
"SMR",1965,54.402
"SMR",1966,55.494
"SMR",1967,56.581
"SMR",1968,57.663
"SMR",1969,58.735
"SMR",1970,59.8
"SMR",1971,62.281
"SMR",1972,64.703
"SMR",1973,67.046
"SMR",1974,69.309
"SMR",1975,71.484
"SMR",1976,73.566
"SMR",1977,75.615
"SMR",1978,77.604
"SMR",1979,79.475
"SMR",1980,81.231
"SMR",1981,82.864
"SMR",1982,84.384
"SMR",1983,85.792
"SMR",1984,87.095
"SMR",1985,88.291
"SMR",1986,89.392
"SMR",1987,90.4
"SMR",1988,90.4
"SMR",1989,90.4
"SMR",1990,90.4
"SMR",1991,90.4
"SMR",1992,90.4
"SMR",1993,90.839
"SMR",1994,91.261
"SMR",1995,91.664
"SMR",1996,92.052
"SMR",1997,92.422
"SMR",1998,92.776
"SMR",1999,93.115
"SMR",2000,93.44
"SMR",2001,93.75
"SMR",2002,93.925
"SMR",2003,93.975
"SMR",2004,94.155
"SMR",2005,94.453
"SMR",2006,94.736
"SMR",2007,95.007
"SMR",2008,95.264
"SMR",2009,95.508
"SMR",2010,95.74
"SMR",2011,95.961
"SMR",2012,96.171
"SMR",2013,96.37
"SMR",2014,96.559
"SMR",2015,96.739
"SMR",2016,96.91
"SMR",2017,97.072
"SMR",2018,97.226
"SMR",2019,97.368
"SMR",2020,97.499
"SMR",2021,97.62
"SMR",2022,97.732
"SMR",2023,97.836
"SMR",2024,NA
"SOM",1960,17.312
"SOM",1961,17.835
"SOM",1962,18.372
"SOM",1963,18.92
"SOM",1964,19.453
"SOM",1965,19.964
"SOM",1966,20.487
"SOM",1967,21.02
"SOM",1968,21.563
"SOM",1969,22.115
"SOM",1970,22.678
"SOM",1971,23.251
"SOM",1972,23.835
"SOM",1973,24.427
"SOM",1974,25.03
"SOM",1975,25.498
"SOM",1976,25.748
"SOM",1977,25.999
"SOM",1978,26.252
"SOM",1979,26.507
"SOM",1980,26.763
"SOM",1981,27.021
"SOM",1982,27.28
"SOM",1983,27.541
"SOM",1984,27.804
"SOM",1985,28.067
"SOM",1986,28.333
"SOM",1987,28.627
"SOM",1988,28.969
"SOM",1989,29.312
"SOM",1990,29.658
"SOM",1991,30.007
"SOM",1992,30.359
"SOM",1993,30.711
"SOM",1994,31.067
"SOM",1995,31.425
"SOM",1996,31.785
"SOM",1997,32.147
"SOM",1998,32.511
"SOM",1999,32.878
"SOM",2000,33.247
"SOM",2001,33.617
"SOM",2002,33.99
"SOM",2003,34.756
"SOM",2004,35.531
"SOM",2005,36.311
"SOM",2006,37.1
"SOM",2007,34.404
"SOM",2008,36.011
"SOM",2009,37.645
"SOM",2010,39.31
"SOM",2011,41
"SOM",2012,41.558
"SOM",2013,42.117
"SOM",2014,42.679
"SOM",2015,43.245
"SOM",2016,43.816
"SOM",2017,44.391
"SOM",2018,44.971
"SOM",2019,45.554
"SOM",2020,46.141
"SOM",2021,46.731
"SOM",2022,47.324
"SOM",2023,47.92
"SOM",2024,NA
"SRB",1960,29.064
"SRB",1961,30.052
"SRB",1962,31.062
"SRB",1963,32.091
"SRB",1964,33.14
"SRB",1965,34.202
"SRB",1966,35.282
"SRB",1967,36.377
"SRB",1968,37.488
"SRB",1969,38.609
"SRB",1970,39.744
"SRB",1971,40.749
"SRB",1972,41.341
"SRB",1973,41.933
"SRB",1974,42.53
"SRB",1975,43.128
"SRB",1976,43.729
"SRB",1977,44.33
"SRB",1978,44.934
"SRB",1979,45.539
"SRB",1980,46.146
"SRB",1981,46.703
"SRB",1982,47.112
"SRB",1983,47.521
"SRB",1984,47.932
"SRB",1985,48.341
"SRB",1986,48.751
"SRB",1987,49.161
"SRB",1988,49.573
"SRB",1989,49.982
"SRB",1990,50.393
"SRB",1991,50.756
"SRB",1992,50.981
"SRB",1993,51.204
"SRB",1994,51.428
"SRB",1995,51.651
"SRB",1996,51.875
"SRB",1997,52.098
"SRB",1998,52.322
"SRB",1999,52.545
"SRB",2000,52.769
"SRB",2001,52.992
"SRB",2002,53.215
"SRB",2003,53.437
"SRB",2004,53.661
"SRB",2005,53.883
"SRB",2006,54.105
"SRB",2007,54.328
"SRB",2008,54.55
"SRB",2009,54.772
"SRB",2010,54.993
"SRB",2011,55.215
"SRB",2012,55.356
"SRB",2013,55.469
"SRB",2014,55.583
"SRB",2015,55.696
"SRB",2016,55.81
"SRB",2017,55.942
"SRB",2018,56.092
"SRB",2019,56.26
"SRB",2020,56.446
"SRB",2021,56.651
"SRB",2022,56.873
"SRB",2023,57.113
"SRB",2024,NA
"SSA",1960,14.6314549268485
"SSA",1961,14.9377496479397
"SSA",1962,15.2533333320194
"SSA",1963,15.5886108478593
"SSA",1964,15.9385918028368
"SSA",1965,16.3004214616207
"SSA",1966,16.6611613680831
"SSA",1967,17.0312926511938
"SSA",1968,17.4107642798476
"SSA",1969,17.8014309266564
"SSA",1970,18.1815256226235
"SSA",1971,18.5931197817146
"SSA",1972,19.0237526495347
"SSA",1973,19.4559036509525
"SSA",1974,19.8765976671932
"SSA",1975,20.3046715357083
"SSA",1976,20.7392136169203
"SSA",1977,21.1667282426263
"SSA",1978,21.6049330609757
"SSA",1979,21.9987384521831
"SSA",1980,22.3932475275316
"SSA",1981,22.8279879308497
"SSA",1982,23.2564894928296
"SSA",1983,23.7217461263651
"SSA",1984,24.233089147747
"SSA",1985,24.7842236947187
"SSA",1986,25.3539284492767
"SSA",1987,25.9187127853817
"SSA",1988,26.4802744933635
"SSA",1989,27.0325813250978
"SSA",1990,27.5776514152298
"SSA",1991,28.0130352016388
"SSA",1992,28.4400251901279
"SSA",1993,28.8729398416505
"SSA",1994,29.2947120426325
"SSA",1995,29.6802943295935
"SSA",1996,30.0118158925442
"SSA",1997,30.3602127348859
"SSA",1998,30.7228735469925
"SSA",1999,31.0857277827206
"SSA",2000,31.4465722482273
"SSA",2001,31.8730424024345
"SSA",2002,32.3108249650174
"SSA",2003,32.7506079977286
"SSA",2004,33.1948566808836
"SSA",2005,33.6548985527486
"SSA",2006,34.1123568144371
"SSA",2007,34.5278082478934
"SSA",2008,35.0307496877505
"SSA",2009,35.5380904841054
"SSA",2010,36.0533549956372
"SSA",2011,36.5753125861066
"SSA",2012,37.0900561971416
"SSA",2013,37.6098594085351
"SSA",2014,38.141810182227
"SSA",2015,38.6879285067328
"SSA",2016,39.2232301895469
"SSA",2017,39.7581495526378
"SSA",2018,40.2983875109116
"SSA",2019,40.8315569683194
"SSA",2020,41.3672671092139
"SSA",2021,41.9063131811326
"SSA",2022,42.4478415997651
"SSA",2023,42.986618074137
"SSA",2024,NA
"SSD",1960,8.748
"SSD",1961,8.737
"SSD",1962,8.725
"SSD",1963,8.714
"SSD",1964,8.702
"SSD",1965,8.69
"SSD",1966,8.679
"SSD",1967,8.667
"SSD",1968,8.656
"SSD",1969,8.645
"SSD",1970,8.633
"SSD",1971,8.622
"SSD",1972,8.61
"SSD",1973,8.599
"SSD",1974,8.587
"SSD",1975,8.576
"SSD",1976,8.565
"SSD",1977,8.553
"SSD",1978,8.542
"SSD",1979,8.531
"SSD",1980,8.519
"SSD",1981,8.508
"SSD",1982,8.497
"SSD",1983,8.708
"SSD",1984,9.261
"SSD",1985,9.844
"SSD",1986,10.461
"SSD",1987,11.111
"SSD",1988,11.797
"SSD",1989,12.517
"SSD",1990,13.276
"SSD",1991,14.074
"SSD",1992,14.912
"SSD",1993,15.626
"SSD",1994,15.749
"SSD",1995,15.873
"SSD",1996,15.997
"SSD",1997,16.123
"SSD",1998,16.249
"SSD",1999,16.376
"SSD",2000,16.504
"SSD",2001,16.632
"SSD",2002,16.761
"SSD",2003,16.891
"SSD",2004,17.023
"SSD",2005,17.154
"SSD",2006,17.287
"SSD",2007,17.42
"SSD",2008,17.555
"SSD",2009,17.701
"SSD",2010,17.86
"SSD",2011,18.032
"SSD",2012,18.217
"SSD",2013,18.415
"SSD",2014,18.626
"SSD",2015,18.852
"SSD",2016,19.092
"SSD",2017,19.346
"SSD",2018,19.615
"SSD",2019,19.899
"SSD",2020,20.199
"SSD",2021,20.514
"SSD",2022,20.846
"SSD",2023,21.195
"SSD",2024,NA
"SSF",1960,14.6338432678787
"SSF",1961,14.9402834081092
"SSF",1962,15.2560110599408
"SSF",1963,15.5914295026756
"SSF",1964,15.9415508229106
"SSF",1965,16.3035209711675
"SSF",1966,16.664404401787
"SSF",1967,17.0346784641697
"SSF",1968,17.4142915770863
"SSF",1969,17.8050972348922
"SSF",1970,18.1853325707524
"SSF",1971,18.5970565582157
"SSF",1972,19.0278655398875
"SSF",1973,19.4601523655385
"SSF",1974,19.8809929218422
"SSF",1975,20.3092326314871
"SSF",1976,20.7439255819682
"SSF",1977,21.1715949793699
"SSF",1978,21.6096332606369
"SSF",1979,22.003271072555
"SSF",1980,22.3976231726978
"SSF",1981,22.8322150128794
"SSF",1982,23.2605432935724
"SSF",1983,23.7256041565937
"SSF",1984,24.2367826702448
"SSF",1985,24.7877592279262
"SSF",1986,25.3573023712471
"SSF",1987,25.9220497768072
"SSF",1988,26.4834497025329
"SSF",1989,27.0356123072857
"SSF",1990,27.5805436606209
"SSF",1991,28.0158355468646
"SSF",1992,28.4427156706574
"SSF",1993,28.8755666932935
"SSF",1994,29.2972967250936
"SSF",1995,29.6828137180357
"SSF",1996,30.0142792577738
"SSF",1997,30.3626153188966
"SSF",1998,30.7252345340474
"SSF",1999,31.08804970872
"SSF",2000,31.4488337826416
"SSF",2001,31.8752213998274
"SSF",2002,32.3129877784381
"SSF",2003,32.7526679350894
"SSF",2004,33.1968345010602
"SSF",2005,33.656813086631
"SSF",2006,34.1142421629526
"SSF",2007,34.5296416763426
"SSF",2008,35.0325560912001
"SSF",2009,35.5398388477217
"SSF",2010,36.0550891197715
"SSF",2011,36.5769429316826
"SSF",2012,37.0916475647346
"SSF",2013,37.6114270854122
"SSF",2014,38.1433506383947
"SSF",2015,38.6894512800178
"SSF",2016,39.2247236714653
"SSF",2017,39.7596127978553
"SSF",2018,40.2998165075392
"SSF",2019,40.8329525970643
"SSF",2020,41.3686297861541
"SSF",2021,41.9076431495083
"SSF",2022,42.4493969365686
"SSF",2023,42.9881232794007
"SSF",2024,NA
"SST",1960,35.6343940243764
"SST",1961,36.0219845323376
"SST",1962,36.4289620043054
"SST",1963,36.848132164658
"SST",1964,37.2790822854478
"SST",1965,37.7000919009082
"SST",1966,38.1143889823038
"SST",1967,38.4972802306302
"SST",1968,38.888821458429
"SST",1969,39.273965587622
"SST",1970,39.6501273115629
"SST",1971,40.0592635510704
"SST",1972,40.5278066577936
"SST",1973,40.9880807752022
"SST",1974,41.5233882703486
"SST",1975,42.0682950255444
"SST",1976,42.6112270001288
"SST",1977,43.1184236780633
"SST",1978,43.6133079027891
"SST",1979,44.0712863808575
"SST",1980,44.4978585911422
"SST",1981,44.8575777611598
"SST",1982,45.2464189209409
"SST",1983,45.5513189090197
"SST",1984,45.8594611001067
"SST",1985,46.1924304419753
"SST",1986,46.5497204617366
"SST",1987,46.9382284233792
"SST",1988,47.3251342517381
"SST",1989,47.6998474804576
"SST",1990,48.0760133633612
"SST",1991,48.263792572649
"SST",1992,48.3909783365636
"SST",1993,48.4929103914349
"SST",1994,48.6627130435645
"SST",1995,48.8471866168195
"SST",1996,49.0201822426866
"SST",1997,49.1867954861586
"SST",1998,49.3378229012588
"SST",1999,49.7369847289304
"SST",2000,50.1171227749336
"SST",2001,50.2512415209529
"SST",2002,50.4275281079831
"SST",2003,50.6473031334888
"SST",2004,50.9022327709494
"SST",2005,51.1483049796826
"SST",2006,51.3870967924193
"SST",2007,51.6400411472371
"SST",2008,51.8825846889202
"SST",2009,52.1441921950312
"SST",2010,52.3345604617835
"SST",2011,52.3414212061286
"SST",2012,52.4692149892772
"SST",2013,52.6711442038184
"SST",2014,52.9162736518593
"SST",2015,53.1586988392447
"SST",2016,53.3998020952066
"SST",2017,53.6985827385128
"SST",2018,53.8454781660129
"SST",2019,53.9794629614373
"SST",2020,54.1354357280538
"SST",2021,54.3435493901779
"SST",2022,54.598044210896
"SST",2023,54.9444612384532
"SST",2024,NA
"STP",1960,16.073
"STP",1961,16.805
"STP",1962,17.969
"STP",1963,19.194
"STP",1964,20.484
"STP",1965,21.833
"STP",1966,23.247
"STP",1967,24.724
"STP",1968,26.264
"STP",1969,27.861
"STP",1970,29.518
"STP",1971,30.205
"STP",1972,30.561
"STP",1973,30.917
"STP",1974,31.277
"STP",1975,31.639
"STP",1976,32.004
"STP",1977,32.37
"STP",1978,32.738
"STP",1979,33.109
"STP",1980,33.482
"STP",1981,33.857
"STP",1982,34.826
"STP",1983,35.887
"STP",1984,36.963
"STP",1985,38.049
"STP",1986,39.149
"STP",1987,40.26
"STP",1988,41.382
"STP",1989,42.511
"STP",1990,43.648
"STP",1991,44.793
"STP",1992,45.764
"STP",1993,46.717
"STP",1994,47.673
"STP",1995,48.631
"STP",1996,49.592
"STP",1997,50.55
"STP",1998,51.509
"STP",1999,52.467
"STP",2000,53.424
"STP",2001,54.377
"STP",2002,55.555
"STP",2003,56.766
"STP",2004,57.972
"STP",2005,59.165
"STP",2006,60.348
"STP",2007,61.52
"STP",2008,62.68
"STP",2009,63.823
"STP",2010,64.952
"STP",2011,66.064
"STP",2012,67.16
"STP",2013,68.208
"STP",2014,69.213
"STP",2015,70.174
"STP",2016,71.092
"STP",2017,71.968
"STP",2018,72.803
"STP",2019,73.598
"STP",2020,74.354
"STP",2021,75.073
"STP",2022,75.755
"STP",2023,76.401
"STP",2024,NA
"SUR",1960,47.26
"SUR",1961,47.297
"SUR",1962,47.335
"SUR",1963,47.372
"SUR",1964,47.341
"SUR",1965,47.109
"SUR",1966,46.877
"SUR",1967,46.644
"SUR",1968,46.412
"SUR",1969,46.18
"SUR",1970,45.948
"SUR",1971,45.716
"SUR",1972,46.76
"SUR",1973,49.087
"SUR",1974,51.421
"SUR",1975,53.749
"SUR",1976,56.064
"SUR",1977,58.346
"SUR",1978,60.597
"SUR",1979,62.803
"SUR",1980,64.96
"SUR",1981,65.035
"SUR",1982,65.11
"SUR",1983,65.184
"SUR",1984,65.259
"SUR",1985,65.334
"SUR",1986,65.408
"SUR",1987,65.483
"SUR",1988,65.557
"SUR",1989,65.632
"SUR",1990,65.706
"SUR",1991,65.78
"SUR",1992,65.854
"SUR",1993,65.928
"SUR",1994,66.002
"SUR",1995,66.076
"SUR",1996,66.15
"SUR",1997,66.223
"SUR",1998,66.297
"SUR",1999,66.371
"SUR",2000,66.444
"SUR",2001,66.517
"SUR",2002,66.591
"SUR",2003,66.664
"SUR",2004,66.737
"SUR",2005,66.682
"SUR",2006,66.615
"SUR",2007,66.547
"SUR",2008,66.479
"SUR",2009,66.412
"SUR",2010,66.344
"SUR",2011,66.276
"SUR",2012,66.208
"SUR",2013,66.14
"SUR",2014,66.089
"SUR",2015,66.056
"SUR",2016,66.04
"SUR",2017,66.041
"SUR",2018,66.06
"SUR",2019,66.095
"SUR",2020,66.149
"SUR",2021,66.219
"SUR",2022,66.307
"SUR",2023,66.411
"SUR",2024,NA
"SVK",1960,33.464
"SVK",1961,33.953
"SVK",1962,34.714
"SVK",1963,35.483
"SVK",1964,36.26
"SVK",1965,37.043
"SVK",1966,37.833
"SVK",1967,38.63
"SVK",1968,39.435
"SVK",1969,40.243
"SVK",1970,41.057
"SVK",1971,42.009
"SVK",1972,43.064
"SVK",1973,44.122
"SVK",1974,45.187
"SVK",1975,46.257
"SVK",1976,47.331
"SVK",1977,48.405
"SVK",1978,49.482
"SVK",1979,50.56
"SVK",1980,51.638
"SVK",1981,52.31
"SVK",1982,52.777
"SVK",1983,53.244
"SVK",1984,53.711
"SVK",1985,54.176
"SVK",1986,54.641
"SVK",1987,55.105
"SVK",1988,55.568
"SVK",1989,56.03
"SVK",1990,56.491
"SVK",1991,56.78
"SVK",1992,56.719
"SVK",1993,56.659
"SVK",1994,56.598
"SVK",1995,56.537
"SVK",1996,56.476
"SVK",1997,56.416
"SVK",1998,56.355
"SVK",1999,56.294
"SVK",2000,56.233
"SVK",2001,56.163
"SVK",2002,56.013
"SVK",2003,55.863
"SVK",2004,55.713
"SVK",2005,55.563
"SVK",2006,55.412
"SVK",2007,55.261
"SVK",2008,55.111
"SVK",2009,54.96
"SVK",2010,54.685
"SVK",2011,54.42
"SVK",2012,54.28
"SVK",2013,54.14
"SVK",2014,54
"SVK",2015,53.889
"SVK",2016,53.806
"SVK",2017,53.751
"SVK",2018,53.726
"SVK",2019,53.729
"SVK",2020,53.76
"SVK",2021,53.82
"SVK",2022,53.909
"SVK",2023,54.027
"SVK",2024,NA
"SVN",1960,28.204
"SVN",1961,29.107
"SVN",1962,29.934
"SVN",1963,30.776
"SVN",1964,31.631
"SVN",1965,32.497
"SVN",1966,33.376
"SVN",1967,34.266
"SVN",1968,35.169
"SVN",1969,36.081
"SVN",1970,37.004
"SVN",1971,37.972
"SVN",1972,39.058
"SVN",1973,40.153
"SVN",1974,41.259
"SVN",1975,42.374
"SVN",1976,43.499
"SVN",1977,44.627
"SVN",1978,45.762
"SVN",1979,46.901
"SVN",1980,48.045
"SVN",1981,48.941
"SVN",1982,49.102
"SVN",1983,49.263
"SVN",1984,49.424
"SVN",1985,49.584
"SVN",1986,49.746
"SVN",1987,49.907
"SVN",1988,50.068
"SVN",1989,50.229
"SVN",1990,50.39
"SVN",1991,50.517
"SVN",1992,50.543
"SVN",1993,50.569
"SVN",1994,50.596
"SVN",1995,50.622
"SVN",1996,50.649
"SVN",1997,50.675
"SVN",1998,50.701
"SVN",1999,50.728
"SVN",2000,50.754
"SVN",2001,50.78
"SVN",2002,50.857
"SVN",2003,51.082
"SVN",2004,51.308
"SVN",2005,51.533
"SVN",2006,51.758
"SVN",2007,51.983
"SVN",2008,52.209
"SVN",2009,52.433
"SVN",2010,52.658
"SVN",2011,52.883
"SVN",2012,53.108
"SVN",2013,53.332
"SVN",2014,53.557
"SVN",2015,53.781
"SVN",2016,54.02
"SVN",2017,54.273
"SVN",2018,54.541
"SVN",2019,54.822
"SVN",2020,55.118
"SVN",2021,55.427
"SVN",2022,55.751
"SVN",2023,56.088
"SVN",2024,NA
"SWE",1960,72.49
"SWE",1961,73.295
"SWE",1962,74.271
"SWE",1963,75.223
"SWE",1964,76.153
"SWE",1965,77.056
"SWE",1966,77.914
"SWE",1967,78.727
"SWE",1968,79.519
"SWE",1969,80.287
"SWE",1970,81.034
"SWE",1971,81.563
"SWE",1972,81.886
"SWE",1973,82.203
"SWE",1974,82.517
"SWE",1975,82.73
"SWE",1976,82.802
"SWE",1977,82.873
"SWE",1978,82.944
"SWE",1979,83.016
"SWE",1980,83.087
"SWE",1981,83.1
"SWE",1982,83.1
"SWE",1983,83.1
"SWE",1984,83.1
"SWE",1985,83.1
"SWE",1986,83.1
"SWE",1987,83.1
"SWE",1988,83.1
"SWE",1989,83.1
"SWE",1990,83.1
"SWE",1991,83.204
"SWE",1992,83.361
"SWE",1993,83.516
"SWE",1994,83.671
"SWE",1995,83.824
"SWE",1996,83.914
"SWE",1997,83.942
"SWE",1998,83.97
"SWE",1999,83.998
"SWE",2000,84.026
"SWE",2001,84.071
"SWE",2002,84.133
"SWE",2003,84.196
"SWE",2004,84.258
"SWE",2005,84.319
"SWE",2006,84.43
"SWE",2007,84.588
"SWE",2008,84.746
"SWE",2009,84.902
"SWE",2010,85.056
"SWE",2011,85.297
"SWE",2012,85.62
"SWE",2013,85.936
"SWE",2014,86.247
"SWE",2015,86.553
"SWE",2016,86.852
"SWE",2017,87.146
"SWE",2018,87.431
"SWE",2019,87.708
"SWE",2020,87.977
"SWE",2021,88.238
"SWE",2022,88.492
"SWE",2023,88.738
"SWE",2024,NA
"SWZ",1960,3.913
"SWZ",1961,4.335
"SWZ",1962,4.8
"SWZ",1963,5.312
"SWZ",1964,5.876
"SWZ",1965,6.494
"SWZ",1966,7.157
"SWZ",1967,7.729
"SWZ",1968,8.344
"SWZ",1969,9.001
"SWZ",1970,9.705
"SWZ",1971,10.458
"SWZ",1972,11.264
"SWZ",1973,12.12
"SWZ",1974,13.033
"SWZ",1975,14.004
"SWZ",1976,15.037
"SWZ",1977,15.474
"SWZ",1978,15.803
"SWZ",1979,16.137
"SWZ",1980,16.478
"SWZ",1981,16.824
"SWZ",1982,17.176
"SWZ",1983,17.533
"SWZ",1984,17.897
"SWZ",1985,18.266
"SWZ",1986,18.641
"SWZ",1987,19.022
"SWZ",1988,19.41
"SWZ",1989,19.803
"SWZ",1990,20.202
"SWZ",1991,20.607
"SWZ",1992,21.018
"SWZ",1993,21.434
"SWZ",1994,21.857
"SWZ",1995,22.286
"SWZ",1996,22.722
"SWZ",1997,23.081
"SWZ",1998,22.949
"SWZ",1999,22.817
"SWZ",2000,22.686
"SWZ",2001,22.555
"SWZ",2002,22.425
"SWZ",2003,22.296
"SWZ",2004,22.166
"SWZ",2005,22.038
"SWZ",2006,21.91
"SWZ",2007,21.829
"SWZ",2008,22.045
"SWZ",2009,22.262
"SWZ",2010,22.48
"SWZ",2011,22.7
"SWZ",2012,22.849
"SWZ",2013,22.999
"SWZ",2014,23.149
"SWZ",2015,23.3
"SWZ",2016,23.459
"SWZ",2017,23.625
"SWZ",2018,23.799
"SWZ",2019,23.981
"SWZ",2020,24.171
"SWZ",2021,24.369
"SWZ",2022,24.576
"SWZ",2023,24.79
"SWZ",2024,NA
"SXM",1960,100
"SXM",1961,100
"SXM",1962,100
"SXM",1963,100
"SXM",1964,100
"SXM",1965,100
"SXM",1966,100
"SXM",1967,100
"SXM",1968,100
"SXM",1969,100
"SXM",1970,100
"SXM",1971,100
"SXM",1972,100
"SXM",1973,100
"SXM",1974,100
"SXM",1975,100
"SXM",1976,100
"SXM",1977,100
"SXM",1978,100
"SXM",1979,100
"SXM",1980,100
"SXM",1981,100
"SXM",1982,100
"SXM",1983,100
"SXM",1984,100
"SXM",1985,100
"SXM",1986,100
"SXM",1987,100
"SXM",1988,100
"SXM",1989,100
"SXM",1990,100
"SXM",1991,100
"SXM",1992,100
"SXM",1993,100
"SXM",1994,100
"SXM",1995,100
"SXM",1996,100
"SXM",1997,100
"SXM",1998,100
"SXM",1999,100
"SXM",2000,100
"SXM",2001,100
"SXM",2002,100
"SXM",2003,100
"SXM",2004,100
"SXM",2005,100
"SXM",2006,100
"SXM",2007,100
"SXM",2008,100
"SXM",2009,100
"SXM",2010,100
"SXM",2011,100
"SXM",2012,100
"SXM",2013,100
"SXM",2014,100
"SXM",2015,100
"SXM",2016,100
"SXM",2017,100
"SXM",2018,100
"SXM",2019,100
"SXM",2020,100
"SXM",2021,100
"SXM",2022,100
"SXM",2023,100
"SXM",2024,NA
"SYC",1960,27.673
"SYC",1961,28.717
"SYC",1962,29.786
"SYC",1963,30.877
"SYC",1964,31.991
"SYC",1965,33.123
"SYC",1966,34.277
"SYC",1967,35.449
"SYC",1968,36.641
"SYC",1969,37.846
"SYC",1970,39.068
"SYC",1971,40.337
"SYC",1972,41.802
"SYC",1973,43.277
"SYC",1974,44.767
"SYC",1975,46.266
"SYC",1976,47.774
"SYC",1977,49.282
"SYC",1978,49.396
"SYC",1979,49.381
"SYC",1980,49.366
"SYC",1981,49.352
"SYC",1982,49.337
"SYC",1983,49.322
"SYC",1984,49.307
"SYC",1985,49.292
"SYC",1986,49.277
"SYC",1987,49.262
"SYC",1988,49.247
"SYC",1989,49.25
"SYC",1990,49.27
"SYC",1991,49.307
"SYC",1992,49.362
"SYC",1993,49.435
"SYC",1994,49.525
"SYC",1995,49.633
"SYC",1996,49.758
"SYC",1997,49.901
"SYC",1998,50.061
"SYC",1999,50.238
"SYC",2000,50.433
"SYC",2001,50.646
"SYC",2002,50.876
"SYC",2003,51.123
"SYC",2004,51.388
"SYC",2005,51.67
"SYC",2006,51.969
"SYC",2007,52.285
"SYC",2008,52.619
"SYC",2009,52.969
"SYC",2010,53.336
"SYC",2011,53.72
"SYC",2012,54.12
"SYC",2013,54.537
"SYC",2014,54.969
"SYC",2015,55.4
"SYC",2016,55.831
"SYC",2017,56.261
"SYC",2018,56.691
"SYC",2019,57.119
"SYC",2020,57.546
"SYC",2021,57.972
"SYC",2022,58.396
"SYC",2023,58.82
"SYC",2024,NA
"SYR",1960,36.807
"SYR",1961,37.399
"SYR",1962,38.044
"SYR",1963,38.694
"SYR",1964,39.349
"SYR",1965,40.006
"SYR",1966,40.667
"SYR",1967,41.332
"SYR",1968,42.001
"SYR",1969,42.671
"SYR",1970,43.345
"SYR",1971,43.751
"SYR",1972,44.078
"SYR",1973,44.405
"SYR",1974,44.733
"SYR",1975,45.061
"SYR",1976,45.39
"SYR",1977,45.718
"SYR",1978,46.048
"SYR",1979,46.377
"SYR",1980,46.708
"SYR",1981,47.038
"SYR",1982,47.268
"SYR",1983,47.476
"SYR",1984,47.684
"SYR",1985,47.891
"SYR",1986,48.099
"SYR",1987,48.307
"SYR",1988,48.515
"SYR",1989,48.723
"SYR",1990,48.931
"SYR",1991,49.139
"SYR",1992,49.347
"SYR",1993,49.555
"SYR",1994,49.764
"SYR",1995,50.104
"SYR",1996,50.473
"SYR",1997,50.841
"SYR",1998,51.21
"SYR",1999,51.578
"SYR",2000,51.947
"SYR",2001,52.314
"SYR",2002,52.682
"SYR",2003,53.049
"SYR",2004,53.417
"SYR",2005,53.782
"SYR",2006,54.146
"SYR",2007,54.511
"SYR",2008,54.875
"SYR",2009,55.237
"SYR",2010,55.6
"SYR",2011,54.58
"SYR",2012,53.555
"SYR",2013,52.529
"SYR",2014,51.5
"SYR",2015,52.168
"SYR",2016,52.835
"SYR",2017,53.5
"SYR",2018,54.162
"SYR",2019,54.821
"SYR",2020,55.475
"SYR",2021,56.124
"SYR",2022,56.769
"SYR",2023,57.409
"SYR",2024,NA
"TCA",1960,47.679
"TCA",1961,48.021
"TCA",1962,48.364
"TCA",1963,48.706
"TCA",1964,49.049
"TCA",1965,49.392
"TCA",1966,49.734
"TCA",1967,50.077
"TCA",1968,50.42
"TCA",1969,50.763
"TCA",1970,51.106
"TCA",1971,51.487
"TCA",1972,51.882
"TCA",1973,52.275
"TCA",1974,52.669
"TCA",1975,53.063
"TCA",1976,53.456
"TCA",1977,53.848
"TCA",1978,54.24
"TCA",1979,54.632
"TCA",1980,55.259
"TCA",1981,57.358
"TCA",1982,59.435
"TCA",1983,61.478
"TCA",1984,63.484
"TCA",1985,65.439
"TCA",1986,67.345
"TCA",1987,69.197
"TCA",1988,70.99
"TCA",1989,72.716
"TCA",1990,74.343
"TCA",1991,75.537
"TCA",1992,76.694
"TCA",1993,77.81
"TCA",1994,78.888
"TCA",1995,79.928
"TCA",1996,80.93
"TCA",1997,81.89
"TCA",1998,82.814
"TCA",1999,83.7
"TCA",2000,84.55
"TCA",2001,85.362
"TCA",2002,86.007
"TCA",2003,86.608
"TCA",2004,87.188
"TCA",2005,87.745
"TCA",2006,88.281
"TCA",2007,88.797
"TCA",2008,89.294
"TCA",2009,89.77
"TCA",2010,90.228
"TCA",2011,90.668
"TCA",2012,91.09
"TCA",2013,91.483
"TCA",2014,91.851
"TCA",2015,92.195
"TCA",2016,92.517
"TCA",2017,92.817
"TCA",2018,93.098
"TCA",2019,93.36
"TCA",2020,93.605
"TCA",2021,93.834
"TCA",2022,94.047
"TCA",2023,94.247
"TCA",2024,NA
"TCD",1960,6.695
"TCD",1961,6.962
"TCD",1962,7.239
"TCD",1963,7.527
"TCD",1964,7.877
"TCD",1965,8.406
"TCD",1966,8.968
"TCD",1967,9.564
"TCD",1968,10.196
"TCD",1969,10.862
"TCD",1970,11.568
"TCD",1971,12.313
"TCD",1972,13.1
"TCD",1973,13.882
"TCD",1974,14.704
"TCD",1975,15.566
"TCD",1976,16.47
"TCD",1977,17.413
"TCD",1978,18.4
"TCD",1979,18.592
"TCD",1980,18.787
"TCD",1981,18.982
"TCD",1982,19.179
"TCD",1983,19.377
"TCD",1984,19.578
"TCD",1985,19.779
"TCD",1986,19.983
"TCD",1987,20.187
"TCD",1988,20.394
"TCD",1989,20.602
"TCD",1990,20.811
"TCD",1991,21.023
"TCD",1992,21.235
"TCD",1993,21.408
"TCD",1994,21.44
"TCD",1995,21.473
"TCD",1996,21.506
"TCD",1997,21.538
"TCD",1998,21.571
"TCD",1999,21.604
"TCD",2000,21.637
"TCD",2001,21.67
"TCD",2002,21.702
"TCD",2003,21.735
"TCD",2004,21.768
"TCD",2005,21.801
"TCD",2006,21.834
"TCD",2007,21.868
"TCD",2008,21.901
"TCD",2009,21.934
"TCD",2010,21.985
"TCD",2011,22.054
"TCD",2012,22.142
"TCD",2013,22.248
"TCD",2014,22.372
"TCD",2015,22.515
"TCD",2016,22.677
"TCD",2017,22.858
"TCD",2018,23.059
"TCD",2019,23.279
"TCD",2020,23.52
"TCD",2021,23.781
"TCD",2022,24.063
"TCD",2023,24.366
"TCD",2024,NA
"TEA",1960,16.643860576389
"TEA",1961,17.1027287583423
"TEA",1962,17.5647523599008
"TEA",1963,18.0318970777922
"TEA",1964,18.5068549798618
"TEA",1965,18.423013398655
"TEA",1966,18.370437390009
"TEA",1967,18.3557700669283
"TEA",1968,18.3425127770105
"TEA",1969,18.3303033301886
"TEA",1970,18.3230983081358
"TEA",1971,18.3456235767992
"TEA",1972,18.3879949392372
"TEA",1973,18.5177692485767
"TEA",1974,18.7258803390259
"TEA",1975,18.7845681588027
"TEA",1976,18.951314312685
"TEA",1977,19.1233757249093
"TEA",1978,19.5348236268428
"TEA",1979,20.1921346200697
"TEA",1980,20.8790546052439
"TEA",1981,21.5956152534053
"TEA",1982,22.327237094669
"TEA",1983,22.9601803270469
"TEA",1984,23.6110531268178
"TEA",1985,24.2718180758697
"TEA",1986,24.9428173242046
"TEA",1987,25.6264224813578
"TEA",1988,26.3237973389746
"TEA",1989,27.0332785601355
"TEA",1990,27.7552941349116
"TEA",1991,28.5419722933589
"TEA",1992,29.3516073171413
"TEA",1993,30.1738145832955
"TEA",1994,31.0089317356348
"TEA",1995,31.8568563803238
"TEA",1996,32.721126938998
"TEA",1997,33.5949730539647
"TEA",1998,34.4847616674982
"TEA",1999,35.3891170960049
"TEA",2000,36.3175227418132
"TEA",2001,37.3590499504852
"TEA",2002,38.4808627983776
"TEA",2003,39.6148030399397
"TEA",2004,40.7597478212709
"TEA",2005,41.9092131668666
"TEA",2006,43.0310771581234
"TEA",2007,44.1374284035844
"TEA",2008,45.2481560988524
"TEA",2009,46.3601323263502
"TEA",2010,47.4745186343923
"TEA",2011,48.5240493742081
"TEA",2012,49.547645689144
"TEA",2013,50.5648235001956
"TEA",2014,51.5790439600646
"TEA",2015,52.5880415202357
"TEA",2016,53.5925053714926
"TEA",2017,54.5887621075747
"TEA",2018,55.5614585448153
"TEA",2019,56.5071002716161
"TEA",2020,57.4239114272433
"TEA",2021,58.3126038346384
"TEA",2022,59.1757435746239
"TEA",2023,60.0098852351415
"TEA",2024,NA
"TEC",1960,45.0170741485597
"TEC",1961,45.7548531601463
"TEC",1962,46.4696119718955
"TEC",1963,47.1849720445399
"TEC",1964,47.9007962764501
"TEC",1965,48.6289595219177
"TEC",1966,49.3385345376106
"TEC",1967,50.0357043657333
"TEC",1968,50.7340116700696
"TEC",1969,51.4282759014757
"TEC",1970,52.1158530133359
"TEC",1971,52.779901376171
"TEC",1972,53.4284913992824
"TEC",1973,54.0732758169855
"TEC",1974,54.7121996546498
"TEC",1975,55.327649515485
"TEC",1976,55.9235135363161
"TEC",1977,56.5086227217186
"TEC",1978,57.0959319803625
"TEC",1979,57.6058933758602
"TEC",1980,58.0260472920753
"TEC",1981,58.5463722012969
"TEC",1982,59.097529758
"TEC",1983,59.645876106389
"TEC",1984,60.2025288243014
"TEC",1985,60.7434801796998
"TEC",1986,61.2380465602348
"TEC",1987,61.7091269674271
"TEC",1988,62.1782088893989
"TEC",1989,62.5159056467515
"TEC",1990,62.7093798549351
"TEC",1991,62.860867813454
"TEC",1992,62.9610022479098
"TEC",1993,63.0372390272075
"TEC",1994,63.1093119681293
"TEC",1995,63.1806138940417
"TEC",1996,63.243976805292
"TEC",1997,63.3130326689559
"TEC",1998,63.3905914092242
"TEC",1999,63.4712767633702
"TEC",2000,63.5617400809085
"TEC",2001,63.675013746272
"TEC",2002,63.8085359530661
"TEC",2003,63.9584883645413
"TEC",2004,64.1167991156515
"TEC",2005,64.2792705857952
"TEC",2006,64.4441869181253
"TEC",2007,64.6132975447485
"TEC",2008,64.7910470567355
"TEC",2009,64.9652673388568
"TEC",2010,65.1362336538206
"TEC",2011,65.28968400942
"TEC",2012,65.4208976439648
"TEC",2013,65.5511441522544
"TEC",2014,65.6848478570476
"TEC",2015,65.8238164491017
"TEC",2016,65.9715013887856
"TEC",2017,66.1262857786557
"TEC",2018,66.2902436636356
"TEC",2019,66.4647349253881
"TEC",2020,66.6397929449162
"TEC",2021,66.8343989643731
"TEC",2022,67.0094200484665
"TEC",2023,67.181073022192
"TEC",2024,NA
"TGO",1960,10.098
"TGO",1961,10.94
"TGO",1962,11.844
"TGO",1963,12.811
"TGO",1964,13.847
"TGO",1965,14.95
"TGO",1966,16.125
"TGO",1967,17.374
"TGO",1968,18.7
"TGO",1969,20.098
"TGO",1970,21.28
"TGO",1971,21.602
"TGO",1972,21.929
"TGO",1973,22.258
"TGO",1974,22.591
"TGO",1975,22.927
"TGO",1976,23.268
"TGO",1977,23.611
"TGO",1978,23.958
"TGO",1979,24.308
"TGO",1980,24.663
"TGO",1981,25.02
"TGO",1982,25.391
"TGO",1983,25.778
"TGO",1984,26.169
"TGO",1985,26.562
"TGO",1986,26.96
"TGO",1987,27.362
"TGO",1988,27.768
"TGO",1989,28.176
"TGO",1990,28.589
"TGO",1991,29.005
"TGO",1992,29.425
"TGO",1993,29.848
"TGO",1994,30.275
"TGO",1995,30.705
"TGO",1996,31.139
"TGO",1997,31.576
"TGO",1998,32.016
"TGO",1999,32.46
"TGO",2000,32.907
"TGO",2001,33.356
"TGO",2002,33.809
"TGO",2003,34.265
"TGO",2004,34.724
"TGO",2005,35.185
"TGO",2006,35.649
"TGO",2007,36.116
"TGO",2008,36.587
"TGO",2009,37.058
"TGO",2010,37.533
"TGO",2011,38.032
"TGO",2012,38.546
"TGO",2013,39.061
"TGO",2014,39.579
"TGO",2015,40.1
"TGO",2016,40.628
"TGO",2017,41.162
"TGO",2018,41.702
"TGO",2019,42.248
"TGO",2020,42.8
"TGO",2021,43.358
"TGO",2022,43.921
"TGO",2023,44.49
"TGO",2024,NA
"THA",1960,19.672
"THA",1961,19.781
"THA",1962,19.89
"THA",1963,20
"THA",1964,20.11
"THA",1965,20.221
"THA",1966,20.332
"THA",1967,20.444
"THA",1968,20.556
"THA",1969,20.668
"THA",1970,20.889
"THA",1971,21.442
"THA",1972,22.006
"THA",1973,22.579
"THA",1974,23.164
"THA",1975,23.758
"THA",1976,24.365
"THA",1977,24.98
"THA",1978,25.606
"THA",1979,26.242
"THA",1980,26.791
"THA",1981,27.049
"THA",1982,27.308
"THA",1983,27.569
"THA",1984,27.832
"THA",1985,28.095
"THA",1986,28.361
"THA",1987,28.628
"THA",1988,28.897
"THA",1989,29.167
"THA",1990,29.424
"THA",1991,29.593
"THA",1992,29.763
"THA",1993,29.934
"THA",1994,30.105
"THA",1995,30.276
"THA",1996,30.449
"THA",1997,30.622
"THA",1998,30.795
"THA",1999,30.969
"THA",2000,31.386
"THA",2001,32.548
"THA",2002,33.734
"THA",2003,34.941
"THA",2004,36.169
"THA",2005,37.411
"THA",2006,38.673
"THA",2007,39.95
"THA",2008,41.242
"THA",2009,42.543
"THA",2010,43.856
"THA",2011,44.698
"THA",2012,45.445
"THA",2013,46.193
"THA",2014,46.943
"THA",2015,47.694
"THA",2016,48.448
"THA",2017,49.2
"THA",2018,49.949
"THA",2019,50.692
"THA",2020,51.43
"THA",2021,52.163
"THA",2022,52.889
"THA",2023,53.608
"THA",2024,NA
"TJK",1960,33.168
"TJK",1961,33.56
"TJK",1962,33.955
"TJK",1963,34.351
"TJK",1964,34.751
"TJK",1965,35.152
"TJK",1966,35.555
"TJK",1967,35.96
"TJK",1968,36.368
"TJK",1969,36.777
"TJK",1970,36.876
"TJK",1971,36.607
"TJK",1972,36.337
"TJK",1973,36.07
"TJK",1974,35.802
"TJK",1975,35.536
"TJK",1976,35.27
"TJK",1977,35.006
"TJK",1978,34.743
"TJK",1979,34.502
"TJK",1980,34.289
"TJK",1981,34.078
"TJK",1982,33.866
"TJK",1983,33.655
"TJK",1984,33.445
"TJK",1985,33.235
"TJK",1986,33.026
"TJK",1987,32.818
"TJK",1988,32.61
"TJK",1989,32.231
"TJK",1990,31.658
"TJK",1991,31.09
"TJK",1992,30.527
"TJK",1993,29.972
"TJK",1994,29.421
"TJK",1995,28.877
"TJK",1996,28.338
"TJK",1997,27.806
"TJK",1998,27.28
"TJK",1999,26.76
"TJK",2000,26.501
"TJK",2001,26.503
"TJK",2002,26.505
"TJK",2003,26.507
"TJK",2004,26.508
"TJK",2005,26.51
"TJK",2006,26.512
"TJK",2007,26.514
"TJK",2008,26.516
"TJK",2009,26.518
"TJK",2010,26.52
"TJK",2011,26.521
"TJK",2012,26.545
"TJK",2013,26.589
"TJK",2014,26.655
"TJK",2015,26.742
"TJK",2016,26.851
"TJK",2017,26.982
"TJK",2018,27.134
"TJK",2019,27.309
"TJK",2020,27.506
"TJK",2021,27.726
"TJK",2022,27.968
"TJK",2023,28.234
"TJK",2024,NA
"TKM",1960,46.412
"TKM",1961,46.557
"TKM",1962,46.702
"TKM",1963,46.848
"TKM",1964,46.993
"TKM",1965,47.139
"TKM",1966,47.284
"TKM",1967,47.43
"TKM",1968,47.575
"TKM",1969,47.721
"TKM",1970,47.78
"TKM",1971,47.735
"TKM",1972,47.691
"TKM",1973,47.646
"TKM",1974,47.602
"TKM",1975,47.557
"TKM",1976,47.513
"TKM",1977,47.469
"TKM",1978,47.424
"TKM",1979,47.299
"TKM",1980,47.078
"TKM",1981,46.858
"TKM",1982,46.637
"TKM",1983,46.417
"TKM",1984,46.196
"TKM",1985,45.976
"TKM",1986,45.757
"TKM",1987,45.537
"TKM",1988,45.317
"TKM",1989,45.16
"TKM",1990,45.075
"TKM",1991,44.99
"TKM",1992,44.904
"TKM",1993,44.819
"TKM",1994,44.734
"TKM",1995,44.794
"TKM",1996,45.018
"TKM",1997,45.241
"TKM",1998,45.465
"TKM",1999,45.689
"TKM",2000,45.913
"TKM",2001,46.137
"TKM",2002,46.362
"TKM",2003,46.587
"TKM",2004,46.812
"TKM",2005,47.052
"TKM",2006,47.308
"TKM",2007,47.581
"TKM",2008,47.868
"TKM",2009,48.172
"TKM",2010,48.491
"TKM",2011,48.825
"TKM",2012,49.175
"TKM",2013,49.541
"TKM",2014,49.921
"TKM",2015,50.317
"TKM",2016,50.728
"TKM",2017,51.153
"TKM",2018,51.593
"TKM",2019,52.048
"TKM",2020,52.516
"TKM",2021,52.998
"TKM",2022,53.494
"TKM",2023,54.003
"TKM",2024,NA
"TLA",1960,49.1779196146547
"TLA",1961,49.9970831559654
"TLA",1962,50.8281773904435
"TLA",1963,51.6618964192332
"TLA",1964,52.5000134907697
"TLA",1965,53.2800303313409
"TLA",1966,54.0589298853168
"TLA",1967,54.8364777203567
"TLA",1968,55.6145400955409
"TLA",1969,56.387861046627
"TLA",1970,57.1560145195456
"TLA",1971,57.9155477548957
"TLA",1972,58.664273779602
"TLA",1973,59.389283719246
"TLA",1974,60.1084280649896
"TLA",1975,60.8283112057088
"TLA",1976,61.5466291918367
"TLA",1977,62.2658983353058
"TLA",1978,62.9822106741908
"TLA",1979,63.6926819372695
"TLA",1980,64.3955388643706
"TLA",1981,65.0609645780143
"TLA",1982,65.7006158084617
"TLA",1983,66.3228599188202
"TLA",1984,66.9383255463629
"TLA",1985,67.5491059115412
"TLA",1986,68.1468466885291
"TLA",1987,68.7344556301834
"TLA",1988,69.3151169412791
"TLA",1989,69.8855479325497
"TLA",1990,70.4434757036848
"TLA",1991,70.9756683698563
"TLA",1992,71.4876626671278
"TLA",1993,71.9864917975359
"TLA",1994,72.4909304370599
"TLA",1995,72.9898527376077
"TLA",1996,73.4655161116949
"TLA",1997,73.9491730922547
"TLA",1998,74.4275153420338
"TLA",1999,74.8897253441425
"TLA",2000,75.34802028219
"TLA",2001,75.7148007535225
"TLA",2002,76.0506006118887
"TLA",2003,76.3789936703197
"TLA",2004,76.6951045149019
"TLA",2005,77.0084585404128
"TLA",2006,77.3167514313407
"TLA",2007,77.6204543475109
"TLA",2008,77.9171467954934
"TLA",2009,78.2059442308233
"TLA",2010,78.4927959794285
"TLA",2011,78.7758823910133
"TLA",2012,79.0503099536298
"TLA",2013,79.3201089434569
"TLA",2014,79.5886292750419
"TLA",2015,79.854596104089
"TLA",2016,80.1148117407706
"TLA",2017,80.3667891384065
"TLA",2018,80.607740795928
"TLA",2019,80.8468332516826
"TLA",2020,81.0901657049533
"TLA",2021,81.3334320955925
"TLA",2022,81.5750058081646
"TLA",2023,81.8143993320891
"TLA",2024,NA
"TLS",1960,10.091
"TLS",1961,10.243
"TLS",1962,10.511
"TLS",1963,10.785
"TLS",1964,11.066
"TLS",1965,11.353
"TLS",1966,11.646
"TLS",1967,11.946
"TLS",1968,12.253
"TLS",1969,12.566
"TLS",1970,12.886
"TLS",1971,13.213
"TLS",1972,13.548
"TLS",1973,13.889
"TLS",1974,14.237
"TLS",1975,14.593
"TLS",1976,14.956
"TLS",1977,15.326
"TLS",1978,15.704
"TLS",1979,16.089
"TLS",1980,16.483
"TLS",1981,16.883
"TLS",1982,17.291
"TLS",1983,17.708
"TLS",1984,18.132
"TLS",1985,18.563
"TLS",1986,19.003
"TLS",1987,19.451
"TLS",1988,19.907
"TLS",1989,20.37
"TLS",1990,20.842
"TLS",1991,21.215
"TLS",1992,21.54
"TLS",1993,21.867
"TLS",1994,22.199
"TLS",1995,22.534
"TLS",1996,22.873
"TLS",1997,23.215
"TLS",1998,23.561
"TLS",1999,23.91
"TLS",2000,24.263
"TLS",2001,24.619
"TLS",2002,24.979
"TLS",2003,25.343
"TLS",2004,25.71
"TLS",2005,26.041
"TLS",2006,26.374
"TLS",2007,26.709
"TLS",2008,27.048
"TLS",2009,27.389
"TLS",2010,27.732
"TLS",2011,28.079
"TLS",2012,28.428
"TLS",2013,28.779
"TLS",2014,29.133
"TLS",2015,29.49
"TLS",2016,29.85
"TLS",2017,30.212
"TLS",2018,30.578
"TLS",2019,30.947
"TLS",2020,31.32
"TLS",2021,31.695
"TLS",2022,32.074
"TLS",2023,32.456
"TLS",2024,NA
"TMN",1960,33.7739261303682
"TMN",1961,34.4885624906401
"TMN",1962,35.207560598543
"TMN",1963,35.9327978186225
"TMN",1964,36.6657010352579
"TMN",1965,37.4321148286934
"TMN",1966,38.150359070374
"TMN",1967,38.7879668669453
"TMN",1968,39.4474359295183
"TMN",1969,40.1092765809457
"TMN",1970,40.7754516572049
"TMN",1971,41.4191513391504
"TMN",1972,42.0742705116161
"TMN",1973,42.7310743178018
"TMN",1974,43.3671414220358
"TMN",1975,43.9969283377568
"TMN",1976,44.610413070285
"TMN",1977,45.1740203996358
"TMN",1978,45.7254202637835
"TMN",1979,46.2671464093466
"TMN",1980,46.817384822185
"TMN",1981,47.3794807768421
"TMN",1982,47.917724190274
"TMN",1983,48.4261590124149
"TMN",1984,48.9463948785063
"TMN",1985,49.4490846103942
"TMN",1986,49.9583139707515
"TMN",1987,50.4101967566742
"TMN",1988,50.7713461036512
"TMN",1989,51.1075812961792
"TMN",1990,51.4304491778404
"TMN",1991,51.7530651700786
"TMN",1992,52.1492437087297
"TMN",1993,52.5627540323114
"TMN",1994,52.9677682594095
"TMN",1995,53.3097918976794
"TMN",1996,53.6295698558173
"TMN",1997,53.9544313361402
"TMN",1998,54.2999988488162
"TMN",1999,54.649087456758
"TMN",2000,54.9994246326109
"TMN",2001,55.3472153828362
"TMN",2002,55.6773003837362
"TMN",2003,56.0091002641837
"TMN",2004,56.3624959482261
"TMN",2005,56.7536408682432
"TMN",2006,57.1435874068105
"TMN",2007,57.4827354728456
"TMN",2008,57.8125183598933
"TMN",2009,58.1549411239225
"TMN",2010,58.4918746627482
"TMN",2011,58.7220454878435
"TMN",2012,58.9482378943683
"TMN",2013,59.2582111280228
"TMN",2014,59.6067237515689
"TMN",2015,59.9788349906392
"TMN",2016,60.2911027607291
"TMN",2017,60.5818202217676
"TMN",2018,60.8701933481656
"TMN",2019,61.1520183438177
"TMN",2020,61.4416174784451
"TMN",2021,61.7539270778853
"TMN",2022,62.0763518879722
"TMN",2023,62.384706895695
"TMN",2024,NA
"TON",1960,17.552
"TON",1961,17.929
"TON",1962,18.312
"TON",1963,18.701
"TON",1964,19.098
"TON",1965,19.499
"TON",1966,19.908
"TON",1967,20.097
"TON",1968,20.127
"TON",1969,20.157
"TON",1970,20.187
"TON",1971,20.217
"TON",1972,20.247
"TON",1973,20.277
"TON",1974,20.307
"TON",1975,20.337
"TON",1976,20.367
"TON",1977,20.504
"TON",1978,20.719
"TON",1979,20.935
"TON",1980,21.154
"TON",1981,21.373
"TON",1982,21.594
"TON",1983,21.817
"TON",1984,22.042
"TON",1985,22.268
"TON",1986,22.496
"TON",1987,22.609
"TON",1988,22.641
"TON",1989,22.672
"TON",1990,22.704
"TON",1991,22.736
"TON",1992,22.768
"TON",1993,22.8
"TON",1994,22.832
"TON",1995,22.864
"TON",1996,22.897
"TON",1997,22.927
"TON",1998,22.955
"TON",1999,22.984
"TON",2000,23.012
"TON",2001,23.041
"TON",2002,23.069
"TON",2003,23.098
"TON",2004,23.127
"TON",2005,23.155
"TON",2006,23.184
"TON",2007,23.227
"TON",2008,23.281
"TON",2009,23.335
"TON",2010,23.389
"TON",2011,23.443
"TON",2012,23.435
"TON",2013,23.382
"TON",2014,23.328
"TON",2015,23.275
"TON",2016,23.222
"TON",2017,23.169
"TON",2018,23.131
"TON",2019,23.107
"TON",2020,23.099
"TON",2021,23.104
"TON",2022,23.125
"TON",2023,23.16
"TON",2024,NA
"TSA",1960,16.6403034845216
"TSA",1961,16.7766912743956
"TSA",1962,16.9665052290474
"TSA",1963,17.1579535664657
"TSA",1964,17.3518270193278
"TSA",1965,17.545959332427
"TSA",1966,17.7421588589604
"TSA",1967,17.9409890163425
"TSA",1968,18.1420838211078
"TSA",1969,18.34623912396
"TSA",1970,18.5570909432859
"TSA",1971,18.8032719640378
"TSA",1972,19.1274587446104
"TSA",1973,19.4501660422335
"TSA",1974,19.7946998367521
"TSA",1975,20.1765902277084
"TSA",1976,20.5700300720405
"TSA",1977,20.9743314856102
"TSA",1978,21.3895023625248
"TSA",1979,21.818940474699
"TSA",1980,22.2690804499809
"TSA",1981,22.6670673615596
"TSA",1982,22.9297074392202
"TSA",1983,23.1884115008679
"TSA",1984,23.4476696460553
"TSA",1985,23.7098725565383
"TSA",1986,23.9775479508628
"TSA",1987,24.2482817954013
"TSA",1988,24.5217679785476
"TSA",1989,24.7901636347492
"TSA",1990,25.0610222963845
"TSA",1991,25.3199669636395
"TSA",1992,25.5456710038696
"TSA",1993,25.7702177834558
"TSA",1994,25.9990423604389
"TSA",1995,26.2303749778993
"TSA",1996,26.4652548470647
"TSA",1997,26.7012474934419
"TSA",1998,26.9364926360045
"TSA",1999,27.1689020226026
"TSA",2000,27.4059541785752
"TSA",2001,27.6833792312167
"TSA",2002,28.0226398775583
"TSA",2003,28.3635463004485
"TSA",2004,28.7118845970631
"TSA",2005,29.0625808954923
"TSA",2006,29.4151856744027
"TSA",2007,29.7747665210341
"TSA",2008,30.1372479775855
"TSA",2009,30.4987583775973
"TSA",2010,30.86294953474
"TSA",2011,31.2280184490727
"TSA",2012,31.6001784748996
"TSA",2013,31.9857365713043
"TSA",2014,32.3733673194552
"TSA",2015,32.7696725975505
"TSA",2016,33.1754175262087
"TSA",2017,33.5915458577978
"TSA",2018,34.0190466389173
"TSA",2019,34.4563593747757
"TSA",2020,34.9031103407352
"TSA",2021,35.3623290791175
"TSA",2022,35.8381508036908
"TSA",2023,36.3282489436825
"TSA",2024,NA
"TSS",1960,14.6338432678787
"TSS",1961,14.9402834081092
"TSS",1962,15.2560110599408
"TSS",1963,15.5914295026756
"TSS",1964,15.9415508229106
"TSS",1965,16.3035209711675
"TSS",1966,16.664404401787
"TSS",1967,17.0346784641697
"TSS",1968,17.4142915770864
"TSS",1969,17.8050972348922
"TSS",1970,18.1853325707524
"TSS",1971,18.5970565582157
"TSS",1972,19.0278655398875
"TSS",1973,19.4601523655385
"TSS",1974,19.8809929218422
"TSS",1975,20.3092326314871
"TSS",1976,20.7439255819682
"TSS",1977,21.1715949793699
"TSS",1978,21.6096332606369
"TSS",1979,22.0032710725549
"TSS",1980,22.3976231726978
"TSS",1981,22.8322150128794
"TSS",1982,23.2605432935724
"TSS",1983,23.7256041565937
"TSS",1984,24.2367826702448
"TSS",1985,24.7877592279262
"TSS",1986,25.3573023712471
"TSS",1987,25.9220497768072
"TSS",1988,26.4834497025329
"TSS",1989,27.0356123072857
"TSS",1990,27.5805436606209
"TSS",1991,28.0158355468646
"TSS",1992,28.4427156706574
"TSS",1993,28.8755666932935
"TSS",1994,29.2972967250936
"TSS",1995,29.6828137180357
"TSS",1996,30.0142792577738
"TSS",1997,30.3626153188965
"TSS",1998,30.7252345340474
"TSS",1999,31.08804970872
"TSS",2000,31.4488337826416
"TSS",2001,31.8752213998274
"TSS",2002,32.3129877784381
"TSS",2003,32.7526679350894
"TSS",2004,33.1968345010602
"TSS",2005,33.656813086631
"TSS",2006,34.1142421629526
"TSS",2007,34.5296416763426
"TSS",2008,35.0325560912001
"TSS",2009,35.5398388477217
"TSS",2010,36.0550891197715
"TSS",2011,36.5769429316825
"TSS",2012,37.0916475647346
"TSS",2013,37.6114270854122
"TSS",2014,38.1433506383947
"TSS",2015,38.6894512800178
"TSS",2016,39.2247236714653
"TSS",2017,39.7596127978553
"TSS",2018,40.2998165075392
"TSS",2019,40.8329525970643
"TSS",2020,41.3686297861541
"TSS",2021,41.9076431495083
"TSS",2022,42.4493969365686
"TSS",2023,42.9881232794007
"TSS",2024,NA
"TTO",1960,34.155
"TTO",1961,35.004
"TTO",1962,35.864
"TTO",1963,36.734
"TTO",1964,37.613
"TTO",1965,38.498
"TTO",1966,39.392
"TTO",1967,40.294
"TTO",1968,41.203
"TTO",1969,42.115
"TTO",1970,43.035
"TTO",1971,43.959
"TTO",1972,44.888
"TTO",1973,45.819
"TTO",1974,46.754
"TTO",1975,47.691
"TTO",1976,48.631
"TTO",1977,49.57
"TTO",1978,50.51
"TTO",1979,51.449
"TTO",1980,52.284
"TTO",1981,52.468
"TTO",1982,52.653
"TTO",1983,52.837
"TTO",1984,53.021
"TTO",1985,53.205
"TTO",1986,53.389
"TTO",1987,53.573
"TTO",1988,53.757
"TTO",1989,53.941
"TTO",1990,54.124
"TTO",1991,54.308
"TTO",1992,54.491
"TTO",1993,54.674
"TTO",1994,54.857
"TTO",1995,55.04
"TTO",1996,55.224
"TTO",1997,55.406
"TTO",1998,55.589
"TTO",1999,55.771
"TTO",2000,55.905
"TTO",2001,55.718
"TTO",2002,55.53
"TTO",2003,55.343
"TTO",2004,55.155
"TTO",2005,54.967
"TTO",2006,54.779
"TTO",2007,54.59
"TTO",2008,54.402
"TTO",2009,54.213
"TTO",2010,54.025
"TTO",2011,53.836
"TTO",2012,53.671
"TTO",2013,53.53
"TTO",2014,53.413
"TTO",2015,53.319
"TTO",2016,53.25
"TTO",2017,53.205
"TTO",2018,53.184
"TTO",2019,53.187
"TTO",2020,53.214
"TTO",2021,53.265
"TTO",2022,53.34
"TTO",2023,53.439
"TTO",2024,NA
"TUN",1960,37.511
"TUN",1961,37.95
"TUN",1962,38.391
"TUN",1963,38.833
"TUN",1964,39.279
"TUN",1965,39.724
"TUN",1966,40.23
"TUN",1967,41.036
"TUN",1968,41.848
"TUN",1969,42.662
"TUN",1970,43.482
"TUN",1971,44.305
"TUN",1972,45.132
"TUN",1973,45.959
"TUN",1974,46.79
"TUN",1975,47.588
"TUN",1976,48.184
"TUN",1977,48.779
"TUN",1978,49.375
"TUN",1979,49.972
"TUN",1980,50.569
"TUN",1981,51.164
"TUN",1982,51.76
"TUN",1983,52.356
"TUN",1984,53.011
"TUN",1985,53.839
"TUN",1986,54.667
"TUN",1987,55.491
"TUN",1988,56.314
"TUN",1989,57.131
"TUN",1990,57.946
"TUN",1991,58.756
"TUN",1992,59.562
"TUN",1993,60.362
"TUN",1994,61.078
"TUN",1995,61.474
"TUN",1996,61.87
"TUN",1997,62.262
"TUN",1998,62.653
"TUN",1999,63.043
"TUN",2000,63.432
"TUN",2001,63.818
"TUN",2002,64.202
"TUN",2003,64.585
"TUN",2004,64.95
"TUN",2005,65.237
"TUN",2006,65.524
"TUN",2007,65.809
"TUN",2008,66.093
"TUN",2009,66.376
"TUN",2010,66.657
"TUN",2011,66.938
"TUN",2012,67.218
"TUN",2013,67.495
"TUN",2014,67.772
"TUN",2015,68.056
"TUN",2016,68.346
"TUN",2017,68.642
"TUN",2018,68.945
"TUN",2019,69.254
"TUN",2020,69.568
"TUN",2021,69.888
"TUN",2022,70.214
"TUN",2023,70.544
"TUN",2024,NA
"TUR",1960,31.515
"TUR",1961,32.064
"TUR",1962,32.598
"TUR",1963,33.137
"TUR",1964,33.68
"TUR",1965,34.227
"TUR",1966,34.949
"TUR",1967,35.759
"TUR",1968,36.577
"TUR",1969,37.401
"TUR",1970,38.234
"TUR",1971,38.945
"TUR",1972,39.6
"TUR",1973,40.258
"TUR",1974,40.92
"TUR",1975,41.586
"TUR",1976,42.087
"TUR",1977,42.508
"TUR",1978,42.931
"TUR",1979,43.355
"TUR",1980,43.78
"TUR",1981,45.189
"TUR",1982,46.997
"TUR",1983,48.812
"TUR",1984,50.634
"TUR",1985,52.448
"TUR",1986,53.93
"TUR",1987,55.261
"TUR",1988,56.587
"TUR",1989,57.899
"TUR",1990,59.203
"TUR",1991,59.976
"TUR",1992,60.518
"TUR",1993,61.055
"TUR",1994,61.59
"TUR",1995,62.123
"TUR",1996,62.653
"TUR",1997,63.179
"TUR",1998,63.703
"TUR",1999,64.223
"TUR",2000,64.741
"TUR",2001,65.34
"TUR",2002,65.974
"TUR",2003,66.602
"TUR",2004,67.225
"TUR",2005,67.84
"TUR",2006,68.45
"TUR",2007,69.053
"TUR",2008,69.651
"TUR",2009,70.241
"TUR",2010,70.825
"TUR",2011,71.402
"TUR",2012,71.974
"TUR",2013,72.531
"TUR",2014,73.077
"TUR",2015,73.611
"TUR",2016,74.134
"TUR",2017,74.644
"TUR",2018,75.143
"TUR",2019,75.63
"TUR",2020,76.105
"TUR",2021,76.569
"TUR",2022,77.022
"TUR",2023,77.463
"TUR",2024,NA
"TUV",1960,15.895
"TUV",1961,16.444
"TUV",1962,17.008
"TUV",1963,17.587
"TUV",1964,18.183
"TUV",1965,18.793
"TUV",1966,19.419
"TUV",1967,20.061
"TUV",1968,20.719
"TUV",1969,21.392
"TUV",1970,22.081
"TUV",1971,22.786
"TUV",1972,23.507
"TUV",1973,24.242
"TUV",1974,24.994
"TUV",1975,25.761
"TUV",1976,26.545
"TUV",1977,27.341
"TUV",1978,28.153
"TUV",1979,28.98
"TUV",1980,29.822
"TUV",1981,30.675
"TUV",1982,31.544
"TUV",1983,32.425
"TUV",1984,33.32
"TUV",1985,34.251
"TUV",1986,35.496
"TUV",1987,36.762
"TUV",1988,38.047
"TUV",1989,39.346
"TUV",1990,40.661
"TUV",1991,41.991
"TUV",1992,42.751
"TUV",1993,43.156
"TUV",1994,43.563
"TUV",1995,43.97
"TUV",1996,44.379
"TUV",1997,44.787
"TUV",1998,45.197
"TUV",1999,45.607
"TUV",2000,46.018
"TUV",2001,46.429
"TUV",2002,46.841
"TUV",2003,47.656
"TUV",2004,48.678
"TUV",2005,49.699
"TUV",2006,50.721
"TUV",2007,51.743
"TUV",2008,52.765
"TUV",2009,53.782
"TUV",2010,54.796
"TUV",2011,55.807
"TUV",2012,56.815
"TUV",2013,57.814
"TUV",2014,58.786
"TUV",2015,59.73
"TUV",2016,60.645
"TUV",2017,61.53
"TUV",2018,62.387
"TUV",2019,63.215
"TUV",2020,64.014
"TUV",2021,64.785
"TUV",2022,65.527
"TUV",2023,66.241
"TUV",2024,NA
"TZA",1960,5.246
"TZA",1961,5.394
"TZA",1962,5.547
"TZA",1963,5.704
"TZA",1964,5.865
"TZA",1965,6.03
"TZA",1966,6.199
"TZA",1967,6.373
"TZA",1968,6.804
"TZA",1969,7.311
"TZA",1970,7.852
"TZA",1971,8.431
"TZA",1972,9.048
"TZA",1973,9.704
"TZA",1974,10.403
"TZA",1975,11.146
"TZA",1976,11.937
"TZA",1977,12.773
"TZA",1978,13.659
"TZA",1979,14.141
"TZA",1980,14.555
"TZA",1981,14.976
"TZA",1982,15.409
"TZA",1983,15.851
"TZA",1984,16.305
"TZA",1985,16.767
"TZA",1986,17.241
"TZA",1987,17.725
"TZA",1988,18.221
"TZA",1989,18.565
"TZA",1990,18.884
"TZA",1991,19.208
"TZA",1992,19.536
"TZA",1993,19.867
"TZA",1994,20.203
"TZA",1995,20.543
"TZA",1996,20.888
"TZA",1997,21.237
"TZA",1998,21.59
"TZA",1999,21.947
"TZA",2000,22.309
"TZA",2001,22.674
"TZA",2002,23.044
"TZA",2003,23.611
"TZA",2004,24.223
"TZA",2005,24.845
"TZA",2006,25.478
"TZA",2007,26.121
"TZA",2008,26.776
"TZA",2009,27.439
"TZA",2010,28.114
"TZA",2011,28.798
"TZA",2012,29.493
"TZA",2013,30.196
"TZA",2014,30.904
"TZA",2015,31.617
"TZA",2016,32.333
"TZA",2017,33.053
"TZA",2018,33.776
"TZA",2019,34.5
"TZA",2020,35.227
"TZA",2021,35.954
"TZA",2022,36.682
"TZA",2023,37.409
"TZA",2024,NA
"UGA",1960,4.417
"UGA",1961,4.617
"UGA",1962,4.826
"UGA",1963,5.045
"UGA",1964,5.273
"UGA",1965,5.509
"UGA",1966,5.757
"UGA",1967,6.014
"UGA",1968,6.283
"UGA",1969,6.562
"UGA",1970,6.664
"UGA",1971,6.737
"UGA",1972,6.812
"UGA",1973,6.887
"UGA",1974,6.963
"UGA",1975,7.04
"UGA",1976,7.118
"UGA",1977,7.197
"UGA",1978,7.276
"UGA",1979,7.356
"UGA",1980,7.534
"UGA",1981,7.834
"UGA",1982,8.147
"UGA",1983,8.47
"UGA",1984,8.805
"UGA",1985,9.152
"UGA",1986,9.511
"UGA",1987,9.882
"UGA",1988,10.267
"UGA",1989,10.665
"UGA",1990,11.076
"UGA",1991,11.454
"UGA",1992,11.79
"UGA",1993,12.133
"UGA",1994,12.485
"UGA",1995,12.846
"UGA",1996,13.216
"UGA",1997,13.594
"UGA",1998,13.982
"UGA",1999,14.379
"UGA",2000,14.786
"UGA",2001,15.201
"UGA",2002,15.626
"UGA",2003,16.061
"UGA",2004,16.507
"UGA",2005,16.96
"UGA",2006,17.425
"UGA",2007,17.899
"UGA",2008,18.384
"UGA",2009,18.878
"UGA",2010,19.383
"UGA",2011,19.898
"UGA",2012,20.424
"UGA",2013,20.958
"UGA",2014,21.504
"UGA",2015,22.06
"UGA",2016,22.624
"UGA",2017,23.196
"UGA",2018,23.774
"UGA",2019,24.361
"UGA",2020,24.954
"UGA",2021,25.553
"UGA",2022,26.159
"UGA",2023,26.771
"UGA",2024,NA
"UKR",1960,46.792
"UKR",1961,47.542
"UKR",1962,48.294
"UKR",1963,49.046
"UKR",1964,49.8
"UKR",1965,50.649
"UKR",1966,51.499
"UKR",1967,52.348
"UKR",1968,53.197
"UKR",1969,54.042
"UKR",1970,54.831
"UKR",1971,55.552
"UKR",1972,56.272
"UKR",1973,56.987
"UKR",1974,57.7
"UKR",1975,58.389
"UKR",1976,59.075
"UKR",1977,59.756
"UKR",1978,60.434
"UKR",1979,61.081
"UKR",1980,61.693
"UKR",1981,62.3
"UKR",1982,62.904
"UKR",1983,63.504
"UKR",1984,64.1
"UKR",1985,64.681
"UKR",1986,65.258
"UKR",1987,65.83
"UKR",1988,66.399
"UKR",1989,66.718
"UKR",1990,66.757
"UKR",1991,66.796
"UKR",1992,66.835
"UKR",1993,66.874
"UKR",1994,66.912
"UKR",1995,66.951
"UKR",1996,66.99
"UKR",1997,67.029
"UKR",1998,67.067
"UKR",1999,67.106
"UKR",2000,67.145
"UKR",2001,67.183
"UKR",2002,67.283
"UKR",2003,67.427
"UKR",2004,67.597
"UKR",2005,67.79
"UKR",2006,67.969
"UKR",2007,68.147
"UKR",2008,68.325
"UKR",2009,68.502
"UKR",2010,68.596
"UKR",2011,68.689
"UKR",2012,68.782
"UKR",2013,68.875
"UKR",2014,68.968
"UKR",2015,69.061
"UKR",2016,69.154
"UKR",2017,69.246
"UKR",2018,69.352
"UKR",2019,69.473
"UKR",2020,69.608
"UKR",2021,69.757
"UKR",2022,69.919
"UKR",2023,70.095
"UKR",2024,NA
"UMC",1960,24.9082441446816
"UMC",1961,25.6450183680555
"UMC",1962,26.3019959437031
"UMC",1963,26.8829952706215
"UMC",1964,27.4765215276146
"UMC",1965,27.6362878735397
"UMC",1966,27.7968957347016
"UMC",1967,27.9817946882783
"UMC",1968,28.162837135335
"UMC",1969,28.3324944358428
"UMC",1970,28.4961171301828
"UMC",1971,28.6750704441193
"UMC",1972,28.8832322325292
"UMC",1973,29.1628048660232
"UMC",1974,29.5154225919219
"UMC",1975,29.8861076342626
"UMC",1976,30.2432201241201
"UMC",1977,30.6134487634326
"UMC",1978,31.1691992150231
"UMC",1979,31.9107895580378
"UMC",1980,32.668561782124
"UMC",1981,33.4612059867807
"UMC",1982,34.2600227677572
"UMC",1983,34.9750848595902
"UMC",1984,35.7101923722965
"UMC",1985,36.4428743207631
"UMC",1986,37.1667855870064
"UMC",1987,37.8793394070463
"UMC",1988,38.5877268003834
"UMC",1989,39.2909930260878
"UMC",1990,39.9852651328399
"UMC",1991,40.7355794938139
"UMC",1992,41.5073498341117
"UMC",1993,42.2890324903796
"UMC",1994,43.0759864090024
"UMC",1995,43.8721673210675
"UMC",1996,44.6755870255181
"UMC",1997,45.4856109980486
"UMC",1998,46.3114311580092
"UMC",1999,47.1506732176203
"UMC",2000,48.0101741825344
"UMC",2001,48.9368422740431
"UMC",2002,49.9232684728228
"UMC",2003,50.9217583941244
"UMC",2004,51.9323152066512
"UMC",2005,52.9446272625422
"UMC",2006,53.9340544146337
"UMC",2007,54.9062147242883
"UMC",2008,55.8867246155644
"UMC",2009,56.8662402019631
"UMC",2010,57.8422116732969
"UMC",2011,58.753738000255
"UMC",2012,59.6358913593232
"UMC",2013,60.5130678505171
"UMC",2014,61.386413268932
"UMC",2015,62.2543271537588
"UMC",2016,63.1156515243181
"UMC",2017,63.9664218470281
"UMC",2018,64.8034038660097
"UMC",2019,65.6200888965291
"UMC",2020,66.4112023003726
"UMC",2021,67.1797095022172
"UMC",2022,67.9277384072415
"UMC",2023,68.6543408785223
"UMC",2024,NA
"URY",1960,80.241
"URY",1961,80.462
"URY",1962,80.681
"URY",1963,80.899
"URY",1964,81.114
"URY",1965,81.328
"URY",1966,81.539
"URY",1967,81.749
"URY",1968,81.958
"URY",1969,82.164
"URY",1970,82.368
"URY",1971,82.57
"URY",1972,82.771
"URY",1973,82.97
"URY",1974,83.167
"URY",1975,83.387
"URY",1976,83.806
"URY",1977,84.215
"URY",1978,84.616
"URY",1979,85.009
"URY",1980,85.394
"URY",1981,85.769
"URY",1982,86.138
"URY",1983,86.498
"URY",1984,86.85
"URY",1985,87.194
"URY",1986,87.558
"URY",1987,87.926
"URY",1988,88.285
"URY",1989,88.633
"URY",1990,88.973
"URY",1991,89.304
"URY",1992,89.627
"URY",1993,89.94
"URY",1994,90.245
"URY",1995,90.542
"URY",1996,90.835
"URY",1997,91.147
"URY",1998,91.45
"URY",1999,91.743
"URY",2000,92.028
"URY",2001,92.303
"URY",2002,92.569
"URY",2003,92.828
"URY",2004,93.078
"URY",2005,93.319
"URY",2006,93.553
"URY",2007,93.779
"URY",2008,93.998
"URY",2009,94.209
"URY",2010,94.414
"URY",2011,94.612
"URY",2012,94.739
"URY",2013,94.843
"URY",2014,94.945
"URY",2015,95.045
"URY",2016,95.144
"URY",2017,95.24
"URY",2018,95.334
"URY",2019,95.426
"URY",2020,95.515
"URY",2021,95.603
"URY",2022,95.688
"URY",2023,95.771
"URY",2024,NA
"USA",1960,69.996
"USA",1961,70.377
"USA",1962,70.757
"USA",1963,71.134
"USA",1964,71.508
"USA",1965,71.879
"USA",1966,72.247
"USA",1967,72.612
"USA",1968,72.974
"USA",1969,73.333
"USA",1970,73.602
"USA",1971,73.613
"USA",1972,73.623
"USA",1973,73.633
"USA",1974,73.643
"USA",1975,73.653
"USA",1976,73.663
"USA",1977,73.673
"USA",1978,73.682
"USA",1979,73.692
"USA",1980,73.738
"USA",1981,73.89
"USA",1982,74.042
"USA",1983,74.194
"USA",1984,74.344
"USA",1985,74.494
"USA",1986,74.644
"USA",1987,74.793
"USA",1988,74.942
"USA",1989,75.089
"USA",1990,75.3
"USA",1991,75.701
"USA",1992,76.097
"USA",1993,76.488
"USA",1994,76.875
"USA",1995,77.257
"USA",1996,77.636
"USA",1997,78.008
"USA",1998,78.377
"USA",1999,78.742
"USA",2000,79.057
"USA",2001,79.234
"USA",2002,79.409
"USA",2003,79.583
"USA",2004,79.757
"USA",2005,79.928
"USA",2006,80.099
"USA",2007,80.269
"USA",2008,80.438
"USA",2009,80.606
"USA",2010,80.772
"USA",2011,80.944
"USA",2012,81.119
"USA",2013,81.299
"USA",2014,81.483
"USA",2015,81.671
"USA",2016,81.862
"USA",2017,82.058
"USA",2018,82.256
"USA",2019,82.459
"USA",2020,82.664
"USA",2021,82.873
"USA",2022,83.084
"USA",2023,83.298
"USA",2024,NA
"UZB",1960,33.978
"UZB",1961,34.238
"UZB",1962,34.5
"UZB",1963,34.762
"UZB",1964,35.025
"UZB",1965,35.289
"UZB",1966,35.554
"UZB",1967,35.82
"UZB",1968,36.087
"UZB",1969,36.354
"UZB",1970,36.714
"UZB",1971,37.184
"UZB",1972,37.657
"UZB",1973,38.131
"UZB",1974,38.608
"UZB",1975,39.087
"UZB",1976,39.568
"UZB",1977,40.051
"UZB",1978,40.536
"UZB",1979,40.794
"UZB",1980,40.782
"UZB",1981,40.77
"UZB",1982,40.758
"UZB",1983,40.746
"UZB",1984,40.734
"UZB",1985,40.722
"UZB",1986,40.71
"UZB",1987,40.697
"UZB",1988,40.685
"UZB",1989,40.897
"UZB",1990,41.365
"UZB",1991,41.836
"UZB",1992,42.308
"UZB",1993,42.78
"UZB",1994,43.255
"UZB",1995,43.731
"UZB",1996,44.208
"UZB",1997,44.685
"UZB",1998,45.164
"UZB",1999,45.644
"UZB",2000,46.126
"UZB",2001,46.606
"UZB",2002,47.088
"UZB",2003,47.571
"UZB",2004,48.054
"UZB",2005,48.537
"UZB",2006,49.021
"UZB",2007,49.505
"UZB",2008,49.989
"UZB",2009,50.472
"UZB",2010,50.956
"UZB",2011,51.15
"UZB",2012,51.05
"UZB",2013,50.95
"UZB",2014,50.85
"UZB",2015,50.75
"UZB",2016,50.65
"UZB",2017,50.55
"UZB",2018,50.478
"UZB",2019,50.433
"UZB",2020,50.416
"UZB",2021,50.427
"UZB",2022,50.466
"UZB",2023,50.532
"UZB",2024,NA
"VCT",1960,25.943
"VCT",1961,26.394
"VCT",1962,26.851
"VCT",1963,27.314
"VCT",1964,27.781
"VCT",1965,28.252
"VCT",1966,28.729
"VCT",1967,29.21
"VCT",1968,29.697
"VCT",1969,30.187
"VCT",1970,30.683
"VCT",1971,31.182
"VCT",1972,31.687
"VCT",1973,32.195
"VCT",1974,32.708
"VCT",1975,33.225
"VCT",1976,33.747
"VCT",1977,34.271
"VCT",1978,34.8
"VCT",1979,35.333
"VCT",1980,35.87
"VCT",1981,36.409
"VCT",1982,36.953
"VCT",1983,37.5
"VCT",1984,38.05
"VCT",1985,38.602
"VCT",1986,39.158
"VCT",1987,39.717
"VCT",1988,40.28
"VCT",1989,40.843
"VCT",1990,41.409
"VCT",1991,41.949
"VCT",1992,42.306
"VCT",1993,42.663
"VCT",1994,43.021
"VCT",1995,43.38
"VCT",1996,43.741
"VCT",1997,44.1
"VCT",1998,44.461
"VCT",1999,44.823
"VCT",2000,45.186
"VCT",2001,45.548
"VCT",2002,45.914
"VCT",2003,46.283
"VCT",2004,46.656
"VCT",2005,47.032
"VCT",2006,47.412
"VCT",2007,47.794
"VCT",2008,48.18
"VCT",2009,48.569
"VCT",2010,48.961
"VCT",2011,49.356
"VCT",2012,49.754
"VCT",2013,50.154
"VCT",2014,50.558
"VCT",2015,50.964
"VCT",2016,51.373
"VCT",2017,51.784
"VCT",2018,52.198
"VCT",2019,52.614
"VCT",2020,53.032
"VCT",2021,53.452
"VCT",2022,53.875
"VCT",2023,54.299
"VCT",2024,NA
"VEN",1960,61.613
"VEN",1961,62.875
"VEN",1962,63.933
"VEN",1963,64.977
"VEN",1964,66.009
"VEN",1965,67.022
"VEN",1966,68.022
"VEN",1967,69.005
"VEN",1968,69.973
"VEN",1969,70.92
"VEN",1970,71.852
"VEN",1971,72.764
"VEN",1972,73.575
"VEN",1973,74.325
"VEN",1974,75.063
"VEN",1975,75.786
"VEN",1976,76.496
"VEN",1977,77.189
"VEN",1978,77.868
"VEN",1979,78.533
"VEN",1980,79.185
"VEN",1981,79.82
"VEN",1982,80.382
"VEN",1983,80.907
"VEN",1984,81.422
"VEN",1985,81.925
"VEN",1986,82.418
"VEN",1987,82.9
"VEN",1988,83.372
"VEN",1989,83.833
"VEN",1990,84.284
"VEN",1991,84.664
"VEN",1992,85.012
"VEN",1993,85.352
"VEN",1994,85.686
"VEN",1995,86.014
"VEN",1996,86.336
"VEN",1997,86.65
"VEN",1998,86.959
"VEN",1999,87.262
"VEN",2000,87.559
"VEN",2001,87.85
"VEN",2002,87.876
"VEN",2003,87.902
"VEN",2004,87.928
"VEN",2005,87.954
"VEN",2006,87.98
"VEN",2007,88.006
"VEN",2008,88.031
"VEN",2009,88.057
"VEN",2010,88.083
"VEN",2011,88.108
"VEN",2012,88.123
"VEN",2013,88.133
"VEN",2014,88.144
"VEN",2015,88.154
"VEN",2016,88.165
"VEN",2017,88.183
"VEN",2018,88.208
"VEN",2019,88.24
"VEN",2020,88.279
"VEN",2021,88.325
"VEN",2022,88.378
"VEN",2023,88.438
"VEN",2024,NA
"VGB",1960,12.228
"VGB",1961,12.618
"VGB",1962,13.019
"VGB",1963,13.43
"VGB",1964,13.854
"VGB",1965,14.287
"VGB",1966,14.732
"VGB",1967,15.188
"VGB",1968,15.657
"VGB",1969,16.135
"VGB",1970,16.635
"VGB",1971,17.174
"VGB",1972,17.728
"VGB",1973,18.294
"VGB",1974,18.875
"VGB",1975,19.47
"VGB",1976,20.081
"VGB",1977,20.703
"VGB",1978,21.34
"VGB",1979,21.992
"VGB",1980,22.741
"VGB",1981,24.039
"VGB",1982,25.389
"VGB",1983,26.788
"VGB",1984,28.237
"VGB",1985,29.728
"VGB",1986,31.266
"VGB",1987,32.846
"VGB",1988,34.468
"VGB",1989,36.123
"VGB",1990,37.814
"VGB",1991,39.334
"VGB",1992,39.603
"VGB",1993,39.872
"VGB",1994,40.142
"VGB",1995,40.413
"VGB",1996,40.684
"VGB",1997,40.955
"VGB",1998,41.228
"VGB",1999,41.5
"VGB",2000,41.774
"VGB",2001,42.048
"VGB",2002,42.328
"VGB",2003,42.615
"VGB",2004,42.909
"VGB",2005,43.21
"VGB",2006,43.517
"VGB",2007,43.831
"VGB",2008,44.152
"VGB",2009,44.479
"VGB",2010,44.814
"VGB",2011,45.154
"VGB",2012,45.502
"VGB",2013,45.856
"VGB",2014,46.216
"VGB",2015,46.583
"VGB",2016,46.957
"VGB",2017,47.337
"VGB",2018,47.723
"VGB",2019,48.116
"VGB",2020,48.515
"VGB",2021,48.92
"VGB",2022,49.331
"VGB",2023,49.748
"VGB",2024,NA
"VIR",1960,56.477
"VIR",1961,57.864
"VIR",1962,59.241
"VIR",1963,60.604
"VIR",1964,61.952
"VIR",1965,63.279
"VIR",1966,64.587
"VIR",1967,65.874
"VIR",1968,67.14
"VIR",1969,68.378
"VIR",1970,69.592
"VIR",1971,70.779
"VIR",1972,71.941
"VIR",1973,73.07
"VIR",1974,74.172
"VIR",1975,75.245
"VIR",1976,76.288
"VIR",1977,77.298
"VIR",1978,78.278
"VIR",1979,79.228
"VIR",1980,80.147
"VIR",1981,81.034
"VIR",1982,81.891
"VIR",1983,82.717
"VIR",1984,83.514
"VIR",1985,84.28
"VIR",1986,85.017
"VIR",1987,85.726
"VIR",1988,86.407
"VIR",1989,87.059
"VIR",1990,87.685
"VIR",1991,88.285
"VIR",1992,88.86
"VIR",1993,89.409
"VIR",1994,89.934
"VIR",1995,90.437
"VIR",1996,90.917
"VIR",1997,91.374
"VIR",1998,91.811
"VIR",1999,92.228
"VIR",2000,92.586
"VIR",2001,92.814
"VIR",2002,93.036
"VIR",2003,93.251
"VIR",2004,93.461
"VIR",2005,93.664
"VIR",2006,93.861
"VIR",2007,94.053
"VIR",2008,94.239
"VIR",2009,94.419
"VIR",2010,94.594
"VIR",2011,94.761
"VIR",2012,94.919
"VIR",2013,95.07
"VIR",2014,95.213
"VIR",2015,95.35
"VIR",2016,95.48
"VIR",2017,95.603
"VIR",2018,95.721
"VIR",2019,95.832
"VIR",2020,95.939
"VIR",2021,96.04
"VIR",2022,96.136
"VIR",2023,96.227
"VIR",2024,NA
"VNM",1960,14.7
"VNM",1961,15.031
"VNM",1962,15.369
"VNM",1963,15.714
"VNM",1964,16.064
"VNM",1965,16.421
"VNM",1966,16.784
"VNM",1967,17.153
"VNM",1968,17.529
"VNM",1969,17.911
"VNM",1970,18.3
"VNM",1971,18.396
"VNM",1972,18.492
"VNM",1973,18.588
"VNM",1974,18.685
"VNM",1975,18.782
"VNM",1976,18.88
"VNM",1977,18.978
"VNM",1978,19.076
"VNM",1979,19.175
"VNM",1980,19.247
"VNM",1981,19.309
"VNM",1982,19.372
"VNM",1983,19.435
"VNM",1984,19.498
"VNM",1985,19.561
"VNM",1986,19.625
"VNM",1987,19.688
"VNM",1988,19.752
"VNM",1989,19.891
"VNM",1990,20.257
"VNM",1991,20.629
"VNM",1992,21.006
"VNM",1993,21.387
"VNM",1994,21.774
"VNM",1995,22.166
"VNM",1996,22.563
"VNM",1997,22.965
"VNM",1998,23.371
"VNM",1999,23.817
"VNM",2000,24.374
"VNM",2001,24.937
"VNM",2002,25.511
"VNM",2003,26.092
"VNM",2004,26.683
"VNM",2005,27.281
"VNM",2006,27.888
"VNM",2007,28.504
"VNM",2008,29.128
"VNM",2009,29.762
"VNM",2010,30.417
"VNM",2011,31.08
"VNM",2012,31.752
"VNM",2013,32.429
"VNM",2014,33.115
"VNM",2015,33.809
"VNM",2016,34.51
"VNM",2017,35.213
"VNM",2018,35.919
"VNM",2019,36.628
"VNM",2020,37.34
"VNM",2021,38.052
"VNM",2022,38.766
"VNM",2023,39.48
"VNM",2024,NA
"VUT",1960,10.404
"VUT",1961,10.583
"VUT",1962,10.765
"VUT",1963,10.95
"VUT",1964,11.138
"VUT",1965,11.329
"VUT",1966,11.522
"VUT",1967,11.718
"VUT",1968,11.918
"VUT",1969,12.12
"VUT",1970,12.325
"VUT",1971,12.533
"VUT",1972,12.744
"VUT",1973,12.958
"VUT",1974,13.175
"VUT",1975,13.395
"VUT",1976,13.619
"VUT",1977,13.845
"VUT",1978,14.074
"VUT",1979,14.368
"VUT",1980,14.74
"VUT",1981,15.12
"VUT",1982,15.508
"VUT",1983,15.905
"VUT",1984,16.31
"VUT",1985,16.722
"VUT",1986,17.143
"VUT",1987,17.573
"VUT",1988,18.011
"VUT",1989,18.435
"VUT",1990,18.715
"VUT",1991,18.998
"VUT",1992,19.285
"VUT",1993,19.574
"VUT",1994,19.868
"VUT",1995,20.164
"VUT",1996,20.464
"VUT",1997,20.766
"VUT",1998,21.073
"VUT",1999,21.382
"VUT",2000,21.673
"VUT",2001,21.953
"VUT",2002,22.235
"VUT",2003,22.521
"VUT",2004,22.809
"VUT",2005,23.099
"VUT",2006,23.392
"VUT",2007,23.687
"VUT",2008,23.985
"VUT",2009,24.286
"VUT",2010,24.462
"VUT",2011,24.561
"VUT",2012,24.661
"VUT",2013,24.761
"VUT",2014,24.861
"VUT",2015,24.961
"VUT",2016,25.062
"VUT",2017,25.163
"VUT",2018,25.274
"VUT",2019,25.394
"VUT",2020,25.525
"VUT",2021,25.665
"VUT",2022,25.816
"VUT",2023,25.976
"VUT",2024,NA
"WLD",1960,33.6516615767447
"WLD",1961,34.1368186735295
"WLD",1962,34.5665689611007
"WLD",1963,34.9418512614261
"WLD",1964,35.324654158142
"WLD",1965,35.5400946352421
"WLD",1966,35.7366419321331
"WLD",1967,35.9458748281224
"WLD",1968,36.1511698761618
"WLD",1969,36.3478855005334
"WLD",1970,36.5355531780815
"WLD",1971,36.7327552148352
"WLD",1972,36.9422696185228
"WLD",1973,37.1715252234148
"WLD",1974,37.4304885853762
"WLD",1975,37.6565955723698
"WLD",1976,37.908176797064
"WLD",1977,38.1671430078875
"WLD",1978,38.5035921848607
"WLD",1979,38.9065278519083
"WLD",1980,39.3167929775146
"WLD",1981,39.7412657066788
"WLD",1982,40.1191943674717
"WLD",1983,40.461140262536
"WLD",1984,40.8162563548484
"WLD",1985,41.1746238683093
"WLD",1986,41.53868124885
"WLD",1987,41.9058943838543
"WLD",1988,42.2724821276906
"WLD",1989,42.6293945836072
"WLD",1990,42.9865105731145
"WLD",1991,43.3481578175741
"WLD",1992,43.7088009067107
"WLD",1993,44.0639006806526
"WLD",1994,44.4218451590386
"WLD",1995,44.7775946824693
"WLD",1996,45.1286132501972
"WLD",1997,45.4841675562874
"WLD",1998,45.8474044445892
"WLD",1999,46.2157291499285
"WLD",2000,46.594728013432
"WLD",2001,47.0391325896725
"WLD",2002,47.5300783483742
"WLD",2003,48.0240437920389
"WLD",2004,48.5242491111519
"WLD",2005,49.0283291924119
"WLD",2006,49.5236210114874
"WLD",2007,50.0087021692193
"WLD",2008,50.5069539994313
"WLD",2009,50.9971116003884
"WLD",2010,51.4765741694945
"WLD",2011,51.9213439890941
"WLD",2012,52.3618009169573
"WLD",2013,52.8149548907047
"WLD",2014,53.2699321112133
"WLD",2015,53.7347523090182
"WLD",2016,54.1955308962525
"WLD",2017,54.6466891474647
"WLD",2018,55.0885486295672
"WLD",2019,55.5262096579263
"WLD",2020,55.9646587391325
"WLD",2021,56.3761507680012
"WLD",2022,56.8142984366277
"WLD",2023,57.2502784347054
"WLD",2024,NA
"WSM",1960,18.926
"WSM",1961,18.986
"WSM",1962,19.061
"WSM",1963,19.141
"WSM",1964,19.221
"WSM",1965,19.301
"WSM",1966,19.382
"WSM",1967,19.593
"WSM",1968,19.844
"WSM",1969,20.097
"WSM",1970,20.353
"WSM",1971,20.611
"WSM",1972,20.752
"WSM",1973,20.832
"WSM",1974,20.912
"WSM",1975,20.992
"WSM",1976,21.073
"WSM",1977,21.113
"WSM",1978,21.133
"WSM",1979,21.153
"WSM",1980,21.173
"WSM",1981,21.193
"WSM",1982,21.2
"WSM",1983,21.2
"WSM",1984,21.2
"WSM",1985,21.2
"WSM",1986,21.2
"WSM",1987,21.2
"WSM",1988,21.2
"WSM",1989,21.2
"WSM",1990,21.2
"WSM",1991,21.2
"WSM",1992,21.258
"WSM",1993,21.347
"WSM",1994,21.436
"WSM",1995,21.526
"WSM",1996,21.616
"WSM",1997,21.705
"WSM",1998,21.796
"WSM",1999,21.886
"WSM",2000,21.977
"WSM",2001,22.068
"WSM",2002,21.941
"WSM",2003,21.698
"WSM",2004,21.457
"WSM",2005,21.218
"WSM",2006,20.981
"WSM",2007,20.75
"WSM",2008,20.524
"WSM",2009,20.3
"WSM",2010,20.078
"WSM",2011,19.857
"WSM",2012,19.624
"WSM",2013,19.385
"WSM",2014,19.149
"WSM",2015,18.914
"WSM",2016,18.681
"WSM",2017,18.452
"WSM",2018,18.243
"WSM",2019,18.056
"WSM",2020,17.889
"WSM",2021,17.742
"WSM",2022,17.616
"WSM",2023,17.508
"WSM",2024,NA
"XKX",1960,NA
"XKX",1961,NA
"XKX",1962,NA
"XKX",1963,NA
"XKX",1964,NA
"XKX",1965,NA
"XKX",1966,NA
"XKX",1967,NA
"XKX",1968,NA
"XKX",1969,NA
"XKX",1970,NA
"XKX",1971,NA
"XKX",1972,NA
"XKX",1973,NA
"XKX",1974,NA
"XKX",1975,NA
"XKX",1976,NA
"XKX",1977,NA
"XKX",1978,NA
"XKX",1979,NA
"XKX",1980,NA
"XKX",1981,NA
"XKX",1982,NA
"XKX",1983,NA
"XKX",1984,NA
"XKX",1985,NA
"XKX",1986,NA
"XKX",1987,NA
"XKX",1988,NA
"XKX",1989,NA
"XKX",1990,NA
"XKX",1991,NA
"XKX",1992,NA
"XKX",1993,NA
"XKX",1994,NA
"XKX",1995,NA
"XKX",1996,NA
"XKX",1997,NA
"XKX",1998,NA
"XKX",1999,NA
"XKX",2000,NA
"XKX",2001,NA
"XKX",2002,NA
"XKX",2003,NA
"XKX",2004,NA
"XKX",2005,NA
"XKX",2006,NA
"XKX",2007,NA
"XKX",2008,NA
"XKX",2009,NA
"XKX",2010,NA
"XKX",2011,NA
"XKX",2012,NA
"XKX",2013,NA
"XKX",2014,NA
"XKX",2015,NA
"XKX",2016,NA
"XKX",2017,NA
"XKX",2018,NA
"XKX",2019,NA
"XKX",2020,NA
"XKX",2021,NA
"XKX",2022,NA
"XKX",2023,NA
"XKX",2024,NA
"YEM",1960,9.1
"YEM",1961,9.459
"YEM",1962,9.831
"YEM",1963,10.216
"YEM",1964,10.614
"YEM",1965,11.026
"YEM",1966,11.451
"YEM",1967,11.891
"YEM",1968,12.347
"YEM",1969,12.815
"YEM",1970,13.3
"YEM",1971,13.598
"YEM",1972,13.901
"YEM",1973,14.209
"YEM",1974,14.524
"YEM",1975,14.844
"YEM",1976,15.171
"YEM",1977,15.502
"YEM",1978,15.84
"YEM",1979,16.183
"YEM",1980,16.534
"YEM",1981,16.889
"YEM",1982,17.251
"YEM",1983,17.619
"YEM",1984,17.993
"YEM",1985,18.373
"YEM",1986,18.808
"YEM",1987,19.323
"YEM",1988,19.849
"YEM",1989,20.385
"YEM",1990,20.931
"YEM",1991,21.489
"YEM",1992,22.058
"YEM",1993,22.636
"YEM",1994,23.225
"YEM",1995,23.76
"YEM",1996,24.249
"YEM",1997,24.743
"YEM",1998,25.244
"YEM",1999,25.752
"YEM",2000,26.267
"YEM",2001,26.787
"YEM",2002,27.315
"YEM",2003,27.849
"YEM",2004,28.39
"YEM",2005,28.936
"YEM",2006,29.49
"YEM",2007,30.051
"YEM",2008,30.619
"YEM",2009,31.194
"YEM",2010,31.776
"YEM",2011,32.364
"YEM",2012,32.958
"YEM",2013,33.559
"YEM",2014,34.165
"YEM",2015,34.777
"YEM",2016,35.394
"YEM",2017,36.016
"YEM",2018,36.642
"YEM",2019,37.273
"YEM",2020,37.908
"YEM",2021,38.546
"YEM",2022,39.188
"YEM",2023,39.831
"YEM",2024,NA
"ZAF",1960,46.619
"ZAF",1961,46.793
"ZAF",1962,46.906
"ZAF",1963,47.02
"ZAF",1964,47.134
"ZAF",1965,47.248
"ZAF",1966,47.362
"ZAF",1967,47.476
"ZAF",1968,47.59
"ZAF",1969,47.704
"ZAF",1970,47.809
"ZAF",1971,47.869
"ZAF",1972,47.929
"ZAF",1973,47.989
"ZAF",1974,48.049
"ZAF",1975,48.109
"ZAF",1976,48.169
"ZAF",1977,48.229
"ZAF",1978,48.289
"ZAF",1979,48.349
"ZAF",1980,48.425
"ZAF",1981,48.591
"ZAF",1982,48.756
"ZAF",1983,48.922
"ZAF",1984,49.088
"ZAF",1985,49.372
"ZAF",1986,49.905
"ZAF",1987,50.439
"ZAF",1988,50.972
"ZAF",1989,51.505
"ZAF",1990,52.037
"ZAF",1991,52.554
"ZAF",1992,53.038
"ZAF",1993,53.521
"ZAF",1994,54.004
"ZAF",1995,54.486
"ZAF",1996,54.967
"ZAF",1997,55.449
"ZAF",1998,55.93
"ZAF",1999,56.411
"ZAF",2000,56.891
"ZAF",2001,57.368
"ZAF",2002,57.898
"ZAF",2003,58.446
"ZAF",2004,58.993
"ZAF",2005,59.536
"ZAF",2006,60.077
"ZAF",2007,60.616
"ZAF",2008,61.154
"ZAF",2009,61.687
"ZAF",2010,62.218
"ZAF",2011,62.746
"ZAF",2012,63.272
"ZAF",2013,63.793
"ZAF",2014,64.312
"ZAF",2015,64.828
"ZAF",2016,65.341
"ZAF",2017,65.85
"ZAF",2018,66.355
"ZAF",2019,66.856
"ZAF",2020,67.354
"ZAF",2021,67.847
"ZAF",2022,68.335
"ZAF",2023,68.819
"ZAF",2024,NA
"ZMB",1960,18.145
"ZMB",1961,18.951
"ZMB",1962,19.785
"ZMB",1963,20.712
"ZMB",1964,22.015
"ZMB",1965,23.372
"ZMB",1966,24.789
"ZMB",1967,26.261
"ZMB",1968,27.791
"ZMB",1969,29.37
"ZMB",1970,30.351
"ZMB",1971,31.241
"ZMB",1972,32.146
"ZMB",1973,33.061
"ZMB",1974,33.992
"ZMB",1975,34.934
"ZMB",1976,35.89
"ZMB",1977,36.855
"ZMB",1978,37.832
"ZMB",1979,38.818
"ZMB",1980,39.815
"ZMB",1981,39.854
"ZMB",1982,39.805
"ZMB",1983,39.755
"ZMB",1984,39.705
"ZMB",1985,39.655
"ZMB",1986,39.606
"ZMB",1987,39.556
"ZMB",1988,39.506
"ZMB",1989,39.456
"ZMB",1990,39.407
"ZMB",1991,38.989
"ZMB",1992,38.514
"ZMB",1993,38.042
"ZMB",1994,37.572
"ZMB",1995,37.104
"ZMB",1996,36.638
"ZMB",1997,36.176
"ZMB",1998,35.716
"ZMB",1999,35.258
"ZMB",2000,34.802
"ZMB",2001,35.002
"ZMB",2002,35.475
"ZMB",2003,35.951
"ZMB",2004,36.43
"ZMB",2005,36.911
"ZMB",2006,37.395
"ZMB",2007,37.881
"ZMB",2008,38.371
"ZMB",2009,38.861
"ZMB",2010,39.355
"ZMB",2011,39.851
"ZMB",2012,40.354
"ZMB",2013,40.865
"ZMB",2014,41.382
"ZMB",2015,41.907
"ZMB",2016,42.438
"ZMB",2017,42.976
"ZMB",2018,43.521
"ZMB",2019,44.072
"ZMB",2020,44.629
"ZMB",2021,45.192
"ZMB",2022,45.761
"ZMB",2023,46.335
"ZMB",2024,NA
"ZWE",1960,12.608
"ZWE",1961,12.821
"ZWE",1962,13.082
"ZWE",1963,13.578
"ZWE",1964,14.092
"ZWE",1965,14.62
"ZWE",1966,15.165
"ZWE",1967,15.727
"ZWE",1968,16.306
"ZWE",1969,16.88
"ZWE",1970,17.362
"ZWE",1971,17.855
"ZWE",1972,18.36
"ZWE",1973,18.874
"ZWE",1974,19.4
"ZWE",1975,19.873
"ZWE",1976,20.356
"ZWE",1977,20.846
"ZWE",1978,21.345
"ZWE",1979,21.853
"ZWE",1980,22.371
"ZWE",1981,22.895
"ZWE",1982,23.429
"ZWE",1983,24.069
"ZWE",1984,24.736
"ZWE",1985,25.414
"ZWE",1986,26.105
"ZWE",1987,26.809
"ZWE",1988,27.524
"ZWE",1989,28.25
"ZWE",1990,28.988
"ZWE",1991,29.738
"ZWE",1992,30.499
"ZWE",1993,30.94
"ZWE",1994,31.335
"ZWE",1995,31.732
"ZWE",1996,32.132
"ZWE",1997,32.534
"ZWE",1998,32.939
"ZWE",1999,33.347
"ZWE",2000,33.758
"ZWE",2001,34.17
"ZWE",2002,34.585
"ZWE",2003,34.479
"ZWE",2004,34.294
"ZWE",2005,34.11
"ZWE",2006,33.926
"ZWE",2007,33.743
"ZWE",2008,33.56
"ZWE",2009,33.378
"ZWE",2010,33.196
"ZWE",2011,33.015
"ZWE",2012,32.834
"ZWE",2013,32.654
"ZWE",2014,32.504
"ZWE",2015,32.385
"ZWE",2016,32.296
"ZWE",2017,32.237
"ZWE",2018,32.209
"ZWE",2019,32.21
"ZWE",2020,32.242
"ZWE",2021,32.303
"ZWE",2022,32.395
"ZWE",2023,32.517
"ZWE",2024,NA
