"iso_code","year","GDP"
"ABW",1960,NA
"ABW",1961,NA
"ABW",1962,NA
"ABW",1963,NA
"ABW",1964,NA
"ABW",1965,NA
"ABW",1966,NA
"ABW",1967,NA
"ABW",1968,NA
"ABW",1969,NA
"ABW",1970,NA
"ABW",1971,NA
"ABW",1972,NA
"ABW",1973,NA
"ABW",1974,NA
"ABW",1975,NA
"ABW",1976,NA
"ABW",1977,NA
"ABW",1978,NA
"ABW",1979,NA
"ABW",1980,NA
"ABW",1981,NA
"ABW",1982,NA
"ABW",1983,NA
"ABW",1984,NA
"ABW",1985,NA
"ABW",1986,405586592.178771
"ABW",1987,487709497.206704
"ABW",1988,596648044.692737
"ABW",1989,695530726.256983
"ABW",1990,764804469.273743
"ABW",1991,872067039.106145
"ABW",1992,958659217.877095
"ABW",1993,1083240223.46369
"ABW",1994,1245810055.86592
"ABW",1995,1320670391.06145
"ABW",1996,1379888268.15642
"ABW",1997,1531843575.41899
"ABW",1998,1665363128.49162
"ABW",1999,1722905027.93296
"ABW",2000,1873452513.96648
"ABW",2001,1896456983.24022
"ABW",2002,1961843575.41899
"ABW",2003,2044111731.84358
"ABW",2004,2254830726.25698
"ABW",2005,2360017318.43575
"ABW",2006,2469782681.56425
"ABW",2007,2677641340.78212
"ABW",2008,2843024581.00559
"ABW",2009,2553793296.08939
"ABW",2010,2453597206.70391
"ABW",2011,2637859217.87709
"ABW",2012,2615208379.88827
"ABW",2013,2727849720.67039
"ABW",2014,2790849720.67039
"ABW",2015,2962907262.56983
"ABW",2016,2983635195.53073
"ABW",2017,3092429050.27933
"ABW",2018,3276184357.5419
"ABW",2019,3395798882.68156
"ABW",2020,2481857122.8401
"ABW",2021,2929446578.25104
"ABW",2022,3279343543.60416
"ABW",2023,3648573136.15155
"ABW",2024,NA
"AFE",1960,24210632546.4092
"AFE",1961,24963977550.732
"AFE",1962,27078797298.7705
"AFE",1963,31775749181.2381
"AFE",1964,30285794056.9305
"AFE",1965,33813171214.3178
"AFE",1966,36934974916.7944
"AFE",1967,38452170915.8701
"AFE",1968,41750716742.6708
"AFE",1969,47058301051.0907
"AFE",1970,47603733607.8466
"AFE",1971,52199396058.8775
"AFE",1972,56737525054.6426
"AFE",1973,73098451708.7216
"AFE",1974,89554214418.5948
"AFE",1975,95315090874.5604
"AFE",1976,96025945909.7116
"AFE",1977,109230767189.887
"AFE",1978,124109354266.774
"AFE",1979,142129549067.435
"AFE",1980,178509359261.97
"AFE",1981,185163153183.273
"AFE",1982,178405098013.479
"AFE",1983,185822573393.842
"AFE",1984,170100082132.498
"AFE",1985,149398169631.57
"AFE",1986,160637695746.53
"AFE",1987,190274540364.314
"AFE",1988,207470327239.547
"AFE",1989,220712471558.904
"AFE",1990,256512313442.55
"AFE",1991,276493655917.114
"AFE",1992,241276314848.928
"AFE",1993,240096330186.925
"AFE",1994,243571151197.461
"AFE",1995,273433178583.626
"AFE",1996,273531010588.088
"AFE",1997,288377674812.452
"AFE",1998,268833477662.21
"AFE",1999,265429291101.256
"AFE",2000,287201650974.243
"AFE",2001,260992227761.932
"AFE",2002,267815037121.332
"AFE",2003,355716369350.727
"AFE",2004,442696185950.818
"AFE",2005,516661066397.697
"AFE",2006,580240750094.055
"AFE",2007,665598700905.863
"AFE",2008,713502105895.915
"AFE",2009,715485327512.248
"AFE",2010,849409658497.578
"AFE",2011,945439148517.755
"AFE",2012,952998559818.562
"AFE",2013,962394917490.248
"AFE",2014,978708260612.874
"AFE",2015,898277807343.005
"AFE",2016,828942805457.755
"AFE",2017,972998927353.678
"AFE",2018,1012306000425.25
"AFE",2019,1009721174054.91
"AFE",2020,933391782089.617
"AFE",2021,1085745178850.97
"AFE",2022,1191423176242.96
"AFE",2023,1245472471675.95
"AFE",2024,NA
"AFG",1960,NA
"AFG",1961,NA
"AFG",1962,NA
"AFG",1963,NA
"AFG",1964,NA
"AFG",1965,NA
"AFG",1966,NA
"AFG",1967,NA
"AFG",1968,NA
"AFG",1969,NA
"AFG",1970,NA
"AFG",1971,NA
"AFG",1972,NA
"AFG",1973,NA
"AFG",1974,NA
"AFG",1975,NA
"AFG",1976,NA
"AFG",1977,NA
"AFG",1978,NA
"AFG",1979,NA
"AFG",1980,NA
"AFG",1981,NA
"AFG",1982,NA
"AFG",1983,NA
"AFG",1984,NA
"AFG",1985,NA
"AFG",1986,NA
"AFG",1987,NA
"AFG",1988,NA
"AFG",1989,NA
"AFG",1990,NA
"AFG",1991,NA
"AFG",1992,NA
"AFG",1993,NA
"AFG",1994,NA
"AFG",1995,NA
"AFG",1996,NA
"AFG",1997,NA
"AFG",1998,NA
"AFG",1999,NA
"AFG",2000,3521418059.92345
"AFG",2001,2813571753.87253
"AFG",2002,3825701438.99963
"AFG",2003,4520946818.54581
"AFG",2004,5224896718.67782
"AFG",2005,6203256538.70967
"AFG",2006,6971758282.29351
"AFG",2007,9747886187.39393
"AFG",2008,10109297047.5432
"AFG",2009,12416152732.0567
"AFG",2010,15856668555.8336
"AFG",2011,17805098206.3141
"AFG",2012,19907329777.5872
"AFG",2013,20146416757.5987
"AFG",2014,20497128555.6972
"AFG",2015,19134221644.7325
"AFG",2016,18116572395.0772
"AFG",2017,18753456497.8159
"AFG",2018,18053222687.4126
"AFG",2019,18799444490.1128
"AFG",2020,19955929052.1496
"AFG",2021,14259995441.0759
"AFG",2022,14497243872.1337
"AFG",2023,17233051620.1117
"AFG",2024,NA
"AFW",1960,11904954209.7913
"AFW",1961,12707877772.0913
"AFW",1962,13630758805.127
"AFW",1963,14469094143.8507
"AFW",1964,15803761887.017
"AFW",1965,16921087954.573
"AFW",1966,18034172573.2587
"AFW",1967,16493747239.3111
"AFW",1968,17022809177.1935
"AFW",1969,19301432647.6235
"AFW",1970,26697257158.4935
"AFW",1971,24497091507.9669
"AFW",1972,29489793286.494
"AFW",1973,36891093307.3507
"AFW",1974,49687843306.2775
"AFW",1975,57280830631.7763
"AFW",1976,68386405203.2096
"AFW",1977,71790392858.7692
"AFW",1978,78779062952.6865
"AFW",1979,96682270600.3441
"AFW",1980,120501289650.444
"AFW",1981,216910928971.236
"AFW",1982,195918303003.476
"AFW",1983,151222588533.416
"AFW",1984,131218181008.632
"AFW",1985,137802915726.013
"AFW",1986,109237001606.148
"AFW",1987,112294774135.922
"AFW",1988,111227154872.419
"AFW",1989,103934371472.964
"AFW",1990,123711320874.115
"AFW",1991,129941883767.738
"AFW",1992,124599331246.066
"AFW",1993,129732604186.556
"AFW",1994,134776834335.371
"AFW",1995,207176966923.154
"AFW",1996,262600874262.366
"AFW",1997,275742250432.718
"AFW",1998,296152427996.975
"AFW",1999,139468349993.665
"AFW",2000,142140075688.035
"AFW",2001,150058483119.277
"AFW",2002,179390065404.769
"AFW",2003,207754986627.128
"AFW",2004,256907774242.77
"AFW",2005,313327532014.413
"AFW",2006,398139655913.586
"AFW",2007,466883688400.501
"AFW",2008,569321671765.097
"AFW",2009,509917730290.988
"AFW",2010,600152668678.288
"AFW",2011,683888129140.775
"AFW",2012,739938079289.657
"AFW",2013,836937363389.634
"AFW",2014,897415713447.017
"AFW",2015,771766914345.161
"AFW",2016,694360980069.456
"AFW",2017,687849196676.202
"AFW",2018,770494988148.76
"AFW",2019,826483769985.129
"AFW",2020,789801651563.294
"AFW",2021,849312422223.205
"AFW",2022,883973910898.854
"AFW",2023,799105950273.831
"AFW",2024,NA
"AGO",1960,NA
"AGO",1961,NA
"AGO",1962,NA
"AGO",1963,NA
"AGO",1964,NA
"AGO",1965,NA
"AGO",1966,NA
"AGO",1967,NA
"AGO",1968,NA
"AGO",1969,NA
"AGO",1970,NA
"AGO",1971,NA
"AGO",1972,NA
"AGO",1973,NA
"AGO",1974,NA
"AGO",1975,NA
"AGO",1976,NA
"AGO",1977,NA
"AGO",1978,NA
"AGO",1979,NA
"AGO",1980,5930503400.96263
"AGO",1981,5550483035.96497
"AGO",1982,5550483035.96497
"AGO",1983,5784341596.36339
"AGO",1984,6131475065.17815
"AGO",1985,7554065410.121
"AGO",1986,7072536108.69711
"AGO",1987,8084412414.26566
"AGO",1988,8769836768.83482
"AGO",1989,10201780976.6696
"AGO",1990,11229515599.3048
"AGO",1991,10603784541.197
"AGO",1992,8307810973.58848
"AGO",1993,5768720421.61367
"AGO",1994,4438321017.39068
"AGO",1995,5538749259.94714
"AGO",1996,7526446605.51712
"AGO",1997,7648377412.83277
"AGO",1998,6506229607.29432
"AGO",1999,6152923310.44546
"AGO",2000,9129594970.15301
"AGO",2001,8936079117.73136
"AGO",2002,15285592370.374
"AGO",2003,17812704586.4397
"AGO",2004,23552057679.4994
"AGO",2005,36970900883.8109
"AGO",2006,52381025141.4268
"AGO",2007,65266415494.2584
"AGO",2008,88538665084.8634
"AGO",2009,70307196181.6539
"AGO",2010,83799474069.7315
"AGO",2011,111789747670.59
"AGO",2012,128052915766.343
"AGO",2013,132339109040.232
"AGO",2014,135966802586.713
"AGO",2015,90496420506.5957
"AGO",2016,52761617225.9253
"AGO",2017,73690154990.7312
"AGO",2018,79450688259.3664
"AGO",2019,70897962732.0277
"AGO",2020,48501561203.5686
"AGO",2021,66505129987.7235
"AGO",2022,104399746853.401
"AGO",2023,84824654481.7249
"AGO",2024,NA
"ALB",1960,NA
"ALB",1961,NA
"ALB",1962,NA
"ALB",1963,NA
"ALB",1964,NA
"ALB",1965,NA
"ALB",1966,NA
"ALB",1967,NA
"ALB",1968,NA
"ALB",1969,NA
"ALB",1970,NA
"ALB",1971,NA
"ALB",1972,NA
"ALB",1973,NA
"ALB",1974,NA
"ALB",1975,NA
"ALB",1976,NA
"ALB",1977,NA
"ALB",1978,NA
"ALB",1979,NA
"ALB",1980,1578102105.26316
"ALB",1981,1808177156.17716
"ALB",1982,1861163170.16317
"ALB",1983,1881412587.41259
"ALB",1984,1857337995.338
"ALB",1985,1897050116.55012
"ALB",1986,2097326250
"ALB",1987,2080796250
"ALB",1988,2051236250
"ALB",1989,2253090000
"ALB",1990,2028553750
"ALB",1991,1099559027.77778
"ALB",1992,652174990.837304
"ALB",1993,1185315468.46295
"ALB",1994,1880950864.41311
"ALB",1995,2392764853.42107
"ALB",1996,3199640815.4163
"ALB",1997,2258513974.0968
"ALB",1998,2545964540.88383
"ALB",1999,3212121650.97755
"ALB",2000,3480355258.04122
"ALB",2001,3922100793.5403
"ALB",2002,4348068242.19512
"ALB",2003,5611496257.14231
"ALB",2004,7184685781.51876
"ALB",2005,8052077248.14638
"ALB",2006,8896075004.63516
"ALB",2007,10677324852.8822
"ALB",2008,12881352893.6855
"ALB",2009,12044205549.6571
"ALB",2010,11926926615.8015
"ALB",2011,12890760315.146
"ALB",2012,12319834195.331
"ALB",2013,12776224496.9718
"ALB",2014,13228147516.1168
"ALB",2015,11386853113.0189
"ALB",2016,11861199830.8396
"ALB",2017,13019726211.7369
"ALB",2018,15379509891.7196
"ALB",2019,15585105131.0644
"ALB",2020,15241458744.8688
"ALB",2021,18032010563.7558
"ALB",2022,19017242585.7803
"ALB",2023,23547179830.4413
"ALB",2024,NA
"AND",1960,NA
"AND",1961,NA
"AND",1962,NA
"AND",1963,NA
"AND",1964,NA
"AND",1965,NA
"AND",1966,NA
"AND",1967,NA
"AND",1968,NA
"AND",1969,NA
"AND",1970,78617711.0965325
"AND",1971,89406608.1458151
"AND",1972,113414397.365635
"AND",1973,150841639.297444
"AND",1974,186557081.998137
"AND",1975,220112572.205331
"AND",1976,227283850.831271
"AND",1977,253997897.226968
"AND",1978,308020261.164149
"AND",1979,411548748.354729
"AND",1980,446377776.798001
"AND",1981,388983266.199886
"AND",1982,375914743.581006
"AND",1983,327850042.515872
"AND",1984,330073080.637098
"AND",1985,346742714.675152
"AND",1986,481996012.869071
"AND",1987,611299924.540506
"AND",1988,721425939.15155
"AND",1989,795489582.04491
"AND",1990,1028989692.06787
"AND",1991,1106891361.53948
"AND",1992,1209992020.29543
"AND",1993,1007090269.86956
"AND",1994,1017544068.8408
"AND",1995,1178745282.8678
"AND",1996,1224024139.21295
"AND",1997,1180645571.8643
"AND",1998,1211953994.05714
"AND",1999,1240295198.78331
"AND",2000,1432606188.69324
"AND",2001,1548265808.05802
"AND",2002,1764279824.29752
"AND",2003,2366941808.94404
"AND",2004,2900245324.49221
"AND",2005,3161084091.11674
"AND",2006,3459337986.88383
"AND",2007,3957625367.21959
"AND",2008,4102319399.02343
"AND",2009,3688976340.7549
"AND",2010,3449925738.86069
"AND",2011,3629133574.27783
"AND",2012,3188652765.36184
"AND",2013,3193512950.02419
"AND",2014,3271685596.66321
"AND",2015,2789881258.50362
"AND",2016,2896610479.73077
"AND",2017,3000162081.11976
"AND",2018,3218419896.9641
"AND",2019,3155149347.80639
"AND",2020,2891001149.3611
"AND",2021,3324647529.381
"AND",2022,3380612573.32922
"AND",2023,3785067331.7625
"AND",2024,NA
"ARB",1960,NA
"ARB",1961,19997084153.9204
"ARB",1962,20327670691.7473
"ARB",1963,22362957617.8193
"ARB",1964,24811627082.2698
"ARB",1965,26769289694.4669
"ARB",1966,28349126511.2864
"ARB",1967,30598797624.9943
"ARB",1968,34970677297.745
"ARB",1969,38561008450.5238
"ARB",1970,43091222309.5881
"ARB",1971,49926770848.0969
"ARB",1972,59966658266.3589
"ARB",1973,79125367981.7092
"ARB",1974,152188729571.963
"ARB",1975,168158579107.572
"ARB",1976,209993347714.026
"ARB",1977,242270387233.548
"ARB",1978,265398240292.281
"ARB",1979,358111304338
"ARB",1980,486405826789.156
"ARB",1981,494916415249.258
"ARB",1982,463080469413.228
"ARB",1983,437471179607.113
"ARB",1984,440182151040.526
"ARB",1985,432868201205.862
"ARB",1986,405473196669.707
"ARB",1987,431257668979.748
"ARB",1988,429382834186.075
"ARB",1989,457369060523.457
"ARB",1990,641712235219.388
"ARB",1991,467952893063.612
"ARB",1992,467794315237.359
"ARB",1993,478927019847.844
"ARB",1994,499880127406.636
"ARB",1995,528480491435.013
"ARB",1996,570909722765.544
"ARB",1997,614596967130.055
"ARB",1998,598789587273.971
"ARB",1999,665415371173.92
"ARB",2000,763411636190.425
"ARB",2001,744728537853.62
"ARB",2002,746649261275.272
"ARB",2003,830076468636.6
"ARB",2004,987316008401.59
"ARB",2005,1210020765397.36
"ARB",2006,1439471041382.97
"ARB",2007,1674641032780.09
"ARB",2008,2118071078804.52
"ARB",2009,1829849574764.63
"ARB",2010,2155345081625.06
"ARB",2011,2560993268042.28
"ARB",2012,2795312711245.16
"ARB",2013,2858382766060.3
"ARB",2014,2905651795199.09
"ARB",2015,2544700996740.79
"ARB",2016,2500823407237.94
"ARB",2017,2572203993723.9
"ARB",2018,2867348492603.59
"ARB",2019,2899029698316.63
"ARB",2020,2562783626987.73
"ARB",2021,2969239218342.03
"ARB",2022,3609805711776.49
"ARB",2023,3512421040998.19
"ARB",2024,NA
"ARE",1960,NA
"ARE",1961,NA
"ARE",1962,NA
"ARE",1963,NA
"ARE",1964,NA
"ARE",1965,NA
"ARE",1966,NA
"ARE",1967,NA
"ARE",1968,NA
"ARE",1969,NA
"ARE",1970,685986701.316701
"ARE",1971,939893599.634201
"ARE",1972,1415086929.3006
"ARE",1973,4231243615.86089
"ARE",1974,11651505689.4244
"ARE",1975,14720728248.5355
"ARE",1976,19213158778.7928
"ARE",1977,24871775164.6043
"ARE",1978,23775764224.6832
"ARE",1979,31225659620.9951
"ARE",1980,43599160050.3322
"ARE",1981,49333424135.1131
"ARE",1982,46622718605.2847
"ARE",1983,42803323345.1376
"ARE",1984,41807954235.903
"ARE",1985,40603650231.5445
"ARE",1986,33943612094.7971
"ARE",1987,36384908744.2114
"ARE",1988,36275674203.2144
"ARE",1989,41464995913.9199
"ARE",1990,50701443748.2975
"ARE",1991,51552165622.4462
"ARE",1992,54239171887.769
"ARE",1993,55625170253.337
"ARE",1994,59305093979.842
"ARE",1995,65743666575.8649
"ARE",1996,73571233996.1863
"ARE",1997,78839008444.5655
"ARE",1998,75674336283.1858
"ARE",1999,84445473110.9598
"ARE",2000,104337372362.151
"ARE",2001,103311640571.818
"ARE",2002,109816201497.617
"ARE",2003,124346358066.712
"ARE",2004,147824370319.946
"ARE",2005,180617467964.602
"ARE",2006,222116541865.214
"ARE",2007,257916133424.098
"ARE",2008,315474615738.598
"ARE",2009,253547358747.447
"ARE",2010,300189052694.029
"ARE",2011,360832739558.385
"ARE",2012,384610125384.033
"ARE",2013,400218529747.597
"ARE",2014,414105366758.911
"ARE",2015,370275469560.166
"ARE",2016,369255326235.771
"ARE",2017,390516804016.501
"ARE",2018,427049432149.345
"ARE",2019,417989721734.494
"ARE",2020,349473015336.939
"ARE",2021,415178792769.884
"ARE",2022,502731935197.487
"ARE",2023,514130432653.081
"ARE",2024,NA
"ARG",1960,NA
"ARG",1961,NA
"ARG",1962,24450604877.6081
"ARG",1963,18272123664.4715
"ARG",1964,25605249381.7597
"ARG",1965,28344705966.6389
"ARG",1966,28630474727.9023
"ARG",1967,24256667553.2569
"ARG",1968,26436857247.4982
"ARG",1969,31256284543.6155
"ARG",1970,31584210365.5447
"ARG",1971,33293199095.4881
"ARG",1972,34733000536.2862
"ARG",1973,52544000116.9037
"ARG",1974,72436777342.4554
"ARG",1975,52438647921.9226
"ARG",1976,51169499892.1722
"ARG",1977,56781000101.0848
"ARG",1978,89049453088.3282
"ARG",1979,69252328951.6441
"ARG",1980,76961923741.0701
"ARG",1981,78676842366.5529
"ARG",1982,84307486836.724
"ARG",1983,103979106777.911
"ARG",1984,116915052107.031
"ARG",1985,88150891728.1064
"ARG",1986,105872372613.857
"ARG",1987,108810885301.253
"ARG",1988,126890235049.092
"ARG",1989,76629728760.123
"ARG",1990,141352630146.731
"ARG",1991,189719984268.485
"ARG",1992,228778917308.17
"ARG",1993,236741715015.015
"ARG",1994,2.5744e+11
"ARG",1995,258031750000
"ARG",1996,272149750000
"ARG",1997,2.92859e+11
"ARG",1998,298948250000
"ARG",1999,2.83523e+11
"ARG",2000,284203750000
"ARG",2001,268696750000
"ARG",2002,97724004251.8602
"ARG",2003,127586973492.177
"ARG",2004,164657930452.787
"ARG",2005,198737095012.282
"ARG",2006,232557260817.308
"ARG",2007,287530508430.568
"ARG",2008,361558037110.419
"ARG",2009,332976484577.619
"ARG",2010,423627422092.49
"ARG",2011,530158122010.442
"ARG",2012,545982375701.128
"ARG",2013,552025140252.246
"ARG",2014,526319673731.638
"ARG",2015,594749285413.212
"ARG",2016,557532320662.955
"ARG",2017,643628393281.364
"ARG",2018,524819892360.176
"ARG",2019,447754683615.225
"ARG",2020,385740508436.965
"ARG",2021,486564085480.036
"ARG",2022,632790070063.124
"ARG",2023,646075277525.125
"ARG",2024,NA
"ARM",1960,NA
"ARM",1961,NA
"ARM",1962,NA
"ARM",1963,NA
"ARM",1964,NA
"ARM",1965,NA
"ARM",1966,NA
"ARM",1967,NA
"ARM",1968,NA
"ARM",1969,NA
"ARM",1970,NA
"ARM",1971,NA
"ARM",1972,NA
"ARM",1973,NA
"ARM",1974,NA
"ARM",1975,NA
"ARM",1976,NA
"ARM",1977,NA
"ARM",1978,NA
"ARM",1979,NA
"ARM",1980,NA
"ARM",1981,NA
"ARM",1982,NA
"ARM",1983,NA
"ARM",1984,NA
"ARM",1985,NA
"ARM",1986,NA
"ARM",1987,NA
"ARM",1988,NA
"ARM",1989,NA
"ARM",1990,2256863448.77086
"ARM",1991,2069870129.87013
"ARM",1992,1272835453.42634
"ARM",1993,1201312829.27524
"ARM",1994,1315158636.67553
"ARM",1995,1468317435.20148
"ARM",1996,1596968946.23708
"ARM",1997,1639492444.76152
"ARM",1998,1893726437.26462
"ARM",1999,1845482173.02732
"ARM",2000,1911563668.85006
"ARM",2001,2118467913.37873
"ARM",2002,2376335048.39976
"ARM",2003,2807061008.69084
"ARM",2004,3576615240.41616
"ARM",2005,4900469511.10191
"ARM",2006,6384452066.5146
"ARM",2007,9206301269.79164
"ARM",2008,11662040713.8753
"ARM",2009,8647937081.2562
"ARM",2010,9260285755.62424
"ARM",2011,10142111824.5835
"ARM",2012,10619320682.9474
"ARM",2013,11121464437.0415
"ARM",2014,11609513246.7958
"ARM",2015,10553337518.414
"ARM",2016,10546136235.5219
"ARM",2017,11527458709.0158
"ARM",2018,12457940694.7395
"ARM",2019,13619290539.2116
"ARM",2020,12641698583.2152
"ARM",2021,13878908628.9378
"ARM",2022,19513506553.1251
"ARM",2023,24085749592.3359
"ARM",2024,NA
"ASM",1960,NA
"ASM",1961,NA
"ASM",1962,NA
"ASM",1963,NA
"ASM",1964,NA
"ASM",1965,NA
"ASM",1966,NA
"ASM",1967,NA
"ASM",1968,NA
"ASM",1969,NA
"ASM",1970,NA
"ASM",1971,NA
"ASM",1972,NA
"ASM",1973,NA
"ASM",1974,NA
"ASM",1975,NA
"ASM",1976,NA
"ASM",1977,NA
"ASM",1978,NA
"ASM",1979,NA
"ASM",1980,NA
"ASM",1981,NA
"ASM",1982,NA
"ASM",1983,NA
"ASM",1984,NA
"ASM",1985,NA
"ASM",1986,NA
"ASM",1987,NA
"ASM",1988,NA
"ASM",1989,NA
"ASM",1990,NA
"ASM",1991,NA
"ASM",1992,NA
"ASM",1993,NA
"ASM",1994,NA
"ASM",1995,NA
"ASM",1996,NA
"ASM",1997,NA
"ASM",1998,NA
"ASM",1999,NA
"ASM",2000,NA
"ASM",2001,NA
"ASM",2002,5.12e+08
"ASM",2003,5.24e+08
"ASM",2004,5.09e+08
"ASM",2005,5e+08
"ASM",2006,4.93e+08
"ASM",2007,5.18e+08
"ASM",2008,5.6e+08
"ASM",2009,6.75e+08
"ASM",2010,5.73e+08
"ASM",2011,5.7e+08
"ASM",2012,6.4e+08
"ASM",2013,6.38e+08
"ASM",2014,6.43e+08
"ASM",2015,6.73e+08
"ASM",2016,6.71e+08
"ASM",2017,6.12e+08
"ASM",2018,6.39e+08
"ASM",2019,6.47e+08
"ASM",2020,7.21e+08
"ASM",2021,7.5e+08
"ASM",2022,8.71e+08
"ASM",2023,NA
"ASM",2024,NA
"ATG",1960,NA
"ATG",1961,NA
"ATG",1962,NA
"ATG",1963,NA
"ATG",1964,NA
"ATG",1965,NA
"ATG",1966,NA
"ATG",1967,NA
"ATG",1968,NA
"ATG",1969,NA
"ATG",1970,NA
"ATG",1971,NA
"ATG",1972,NA
"ATG",1973,NA
"ATG",1974,NA
"ATG",1975,NA
"ATG",1976,NA
"ATG",1977,77496296.2962963
"ATG",1978,88033333.3333333
"ATG",1979,109585185.185185
"ATG",1980,132440740.740741
"ATG",1981,149377777.777778
"ATG",1982,166425925.925926
"ATG",1983,184848148.148148
"ATG",1984,212192592.592593
"ATG",1985,246344444.444444
"ATG",1986,297537037.037037
"ATG",1987,346840740.740741
"ATG",1988,411374074.074074
"ATG",1989,455148148.148148
"ATG",1990,478692592.592593
"ATG",1991,504307407.407407
"ATG",1992,525103703.703704
"ATG",1993,565633333.333333
"ATG",1994,625051851.851852
"ATG",1995,616014814.814815
"ATG",1996,679111111.111111
"ATG",1997,734392592.592593
"ATG",1998,789762962.962963
"ATG",1999,835514814.814815
"ATG",2000,900551851.851852
"ATG",2001,877514814.814815
"ATG",2002,897988888.888889
"ATG",2003,947955555.555555
"ATG",2004,1026181481.48148
"ATG",2005,1143714814.81481
"ATG",2006,1303548148.14815
"ATG",2007,1487300000
"ATG",2008,1557540740.74074
"ATG",2009,1386444444.44444
"ATG",2010,1298255555.55556
"ATG",2011,1281337037.03704
"ATG",2012,1327107407.40741
"ATG",2013,1325425925.92593
"ATG",2014,1378829629.62963
"ATG",2015,1437755555.55556
"ATG",2016,1489692592.59259
"ATG",2017,1531151851.85185
"ATG",2018,1661529629.62963
"ATG",2019,1725351851.85185
"ATG",2020,1410796296.2963
"ATG",2021,1601366666.66667
"ATG",2022,1867733333.33333
"ATG",2023,2033085185.18518
"ATG",2024,NA
"AUS",1960,18607682977.2293
"AUS",1961,19684003149.4405
"AUS",1962,19923683187.7893
"AUS",1963,21540963446.5541
"AUS",1964,23801123808.1798
"AUS",1965,25977284156.3655
"AUS",1966,27308964369.4343
"AUS",1967,30442724870.836
"AUS",1968,32714085234.2536
"AUS",1969,36684485869.5177
"AUS",1970,41334726613.5563
"AUS",1971,45217767234.8428
"AUS",1972,52042056074.7664
"AUS",1973,63833440102.4984
"AUS",1974,88965364775.2395
"AUS",1975,97304383449.406
"AUS",1976,105060616984.856
"AUS",1977,110352144987.382
"AUS",1978,118492761338.464
"AUS",1979,134900602067.477
"AUS",1980,149987743732.591
"AUS",1981,176895390688.494
"AUS",1982,194041708043.694
"AUS",1983,177267290706.228
"AUS",1984,193525337525.765
"AUS",1985,180643265927.279
"AUS",1986,182481113598.209
"AUS",1987,189495764955.003
"AUS",1988,236161314544.153
"AUS",1989,299875906679.217
"AUS",1990,311426665219.971
"AUS",1991,325975319455.531
"AUS",1992,325525379566.838
"AUS",1993,312133923552.558
"AUS",1994,322806641300.588
"AUS",1995,368166023166.023
"AUS",1996,401341880620.728
"AUS",1997,435642611296.586
"AUS",1998,399674421759.479
"AUS",1999,389652212056.649
"AUS",2000,416167815092.908
"AUS",2001,379629301675.108
"AUS",2002,395788696012.059
"AUS",2003,467739079790.332
"AUS",2004,614659980082.515
"AUS",2005,695692898676.56
"AUS",2006,748417562769.636
"AUS",2007,855007458585.224
"AUS",2008,1056112427190.38
"AUS",2009,928762122698.05
"AUS",2010,1148838233480.72
"AUS",2011,1398610616772.97
"AUS",2012,1547532281116.4
"AUS",2013,1577123329410.88
"AUS",2014,1468265356427.76
"AUS",2015,1351296372254.31
"AUS",2016,1206836962281.84
"AUS",2017,1325582658156.54
"AUS",2018,1427809041019.44
"AUS",2019,1392723834562.64
"AUS",2020,1328414058378.38
"AUS",2021,1556735770437.26
"AUS",2022,1690858246994.43
"AUS",2023,1728057316695.61
"AUS",2024,NA
"AUT",1960,6624086313.14334
"AUT",1961,7346566037.83392
"AUT",1962,7793042529.15992
"AUT",1963,8414050621.01716
"AUT",1964,9213648655.97511
"AUT",1965,10041659445.118
"AUT",1966,10939526218.6393
"AUT",1967,11634569521.9273
"AUT",1968,12499863917.1003
"AUT",1969,13647475854.0287
"AUT",1970,15312791743.8476
"AUT",1971,17788536733.1204
"AUT",1972,21973207929.0434
"AUT",1973,29399860144.7748
"AUT",1974,35051468639.576
"AUT",1975,39902300703.1682
"AUT",1976,42791707448.0325
"AUT",1977,51343861460.328
"AUT",1978,61809208755.804
"AUT",1979,73647694287.1848
"AUT",1980,81737498404.5948
"AUT",1981,70755997062.3812
"AUT",1982,70996111962.5716
"AUT",1983,71838528420.4075
"AUT",1984,67719055773.3306
"AUT",1985,69114996009.577
"AUT",1986,98648254168.5444
"AUT",1987,123682091858.946
"AUT",1988,132817124707.456
"AUT",1989,132584448257.93
"AUT",1990,165811372382.912
"AUT",1991,173113449616.971
"AUT",1992,194314032056.098
"AUT",1993,189634029338.696
"AUT",1994,202738023129.743
"AUT",1995,240094169510.031
"AUT",1996,235952581232.129
"AUT",1997,211724812267.448
"AUT",1998,217068085815.918
"AUT",1999,216421809125.916
"AUT",2000,196181599831.287
"AUT",2001,196477206829.33
"AUT",2002,212837224022.813
"AUT",2003,260779834340.097
"AUT",2004,299210411454.823
"AUT",2005,313952317330.776
"AUT",2006,333905979332.481
"AUT",2007,386760177589.497
"AUT",2008,429234399096.173
"AUT",2009,399290118782.429
"AUT",2010,389827789217.634
"AUT",2011,428954737064.057
"AUT",2012,406750487603.59
"AUT",2013,426580502769.417
"AUT",2014,438556021078.034
"AUT",2015,379546097300.633
"AUT",2016,393687359770.273
"AUT",2017,414926138132.691
"AUT",2018,452582294972.775
"AUT",2019,442983642371.842
"AUT",2020,434397601557.696
"AUT",2021,480467037338.783
"AUT",2022,471773629830.381
"AUT",2023,511685203845.001
"AUT",2024,NA
"AZE",1960,NA
"AZE",1961,NA
"AZE",1962,NA
"AZE",1963,NA
"AZE",1964,NA
"AZE",1965,NA
"AZE",1966,NA
"AZE",1967,NA
"AZE",1968,NA
"AZE",1969,NA
"AZE",1970,NA
"AZE",1971,NA
"AZE",1972,NA
"AZE",1973,NA
"AZE",1974,NA
"AZE",1975,NA
"AZE",1976,NA
"AZE",1977,NA
"AZE",1978,NA
"AZE",1979,NA
"AZE",1980,NA
"AZE",1981,NA
"AZE",1982,NA
"AZE",1983,NA
"AZE",1984,NA
"AZE",1985,NA
"AZE",1986,NA
"AZE",1987,NA
"AZE",1988,NA
"AZE",1989,NA
"AZE",1990,8884848484.84848
"AZE",1991,5.344e+09
"AZE",1992,444658671.586716
"AZE",1993,1570392598.14954
"AZE",1994,1193141110.35043
"AZE",1995,2417331192.9526
"AZE",1996,3176507376.31836
"AZE",1997,3962362387.47922
"AZE",1998,4446368570.6901
"AZE",1999,4581248566.50158
"AZE",2000,5272615722.96892
"AZE",2001,5707616203.72011
"AZE",2002,6236087738.28284
"AZE",2003,7276413079.11451
"AZE",2004,8680405740.94125
"AZE",2005,13245421880.834
"AZE",2006,20981929497.6188
"AZE",2007,33049419431.2244
"AZE",2008,48851293785.4483
"AZE",2009,44292427184.9492
"AZE",2010,52909294791.9262
"AZE",2011,65952796427.9473
"AZE",2012,69679944504.1972
"AZE",2013,74160560123.6902
"AZE",2014,75239785452.1022
"AZE",2015,53076235354.746
"AZE",2016,37866996882.9157
"AZE",2017,40866627351.9817
"AZE",2018,47112470051.7701
"AZE",2019,48174235294.1176
"AZE",2020,4.2693e+10
"AZE",2021,54825411764.7059
"AZE",2022,78807470588.2353
"AZE",2023,72356176470.5882
"AZE",2024,NA
"BDI",1960,195999989.80792
"BDI",1961,202999991.80106
"BDI",1962,213500005.79077
"BDI",1963,232749997.771905
"BDI",1964,260750007.744465
"BDI",1965,158994962.812212
"BDI",1966,165444571.264072
"BDI",1967,178297142.679865
"BDI",1968,183199999.817847
"BDI",1969,190205714.096595
"BDI",1970,242732571.187226
"BDI",1971,252842285.483116
"BDI",1972,246804571.428571
"BDI",1973,304339522.636075
"BDI",1974,345263492.063492
"BDI",1975,420986666.666667
"BDI",1976,448412753.623188
"BDI",1977,547535555.555556
"BDI",1978,610225555.555556
"BDI",1979,782496666.666667
"BDI",1980,919726666.666667
"BDI",1981,969046666.666667
"BDI",1982,1013222222.22222
"BDI",1983,1082926304.46477
"BDI",1984,987143931.166987
"BDI",1985,1149979285.77347
"BDI",1986,1201725497.06578
"BDI",1987,1131466494.01101
"BDI",1988,1082403219.48787
"BDI",1989,1113924130.41149
"BDI",1990,1132101252.51817
"BDI",1991,1167398478.3459
"BDI",1992,1083037670.60484
"BDI",1993,938632612.026359
"BDI",1994,925030590.153683
"BDI",1995,1000428393.88528
"BDI",1996,869033856.317093
"BDI",1997,972896267.915425
"BDI",1998,893770740.207416
"BDI",1999,808077223.365746
"BDI",2000,870486065.883137
"BDI",2001,876794723.068586
"BDI",2002,825394519.423728
"BDI",2003,784654423.620476
"BDI",2004,915257323.3961
"BDI",2005,1117113079.73645
"BDI",2006,1273375078.44844
"BDI",2007,1356199387.42308
"BDI",2008,1611835857.04588
"BDI",2009,1781455139.85931
"BDI",2010,2032135192.01248
"BDI",2011,2235820809.32006
"BDI",2012,2333341334.45753
"BDI",2013,2451606632.29246
"BDI",2014,2705783329.80483
"BDI",2015,3104003546.26497
"BDI",2016,2644487776.50077
"BDI",2017,2723586962.84034
"BDI",2018,2667182199.51333
"BDI",2019,2576518879.82353
"BDI",2020,2649680261.44299
"BDI",2021,2775798697.46022
"BDI",2022,3338722827.65691
"BDI",2023,2642161668.85211
"BDI",2024,NA
"BEL",1960,11810619368.3874
"BEL",1961,12561701694.3319
"BEL",1962,13436827166.5187
"BEL",1963,14445805381.3872
"BEL",1964,16168044450.2523
"BEL",1965,17597783297.4583
"BEL",1966,18894891312.2977
"BEL",1967,20252508995.4745
"BEL",1968,21654856965.4281
"BEL",1969,24019653474.9959
"BEL",1970,26706196046.7931
"BEL",1971,29821661869.912
"BEL",1972,37209418018.5134
"BEL",1973,47743801490.3747
"BEL",1974,56033077879.0389
"BEL",1975,65678189097.2908
"BEL",1976,71113882967.6071
"BEL",1977,82839905458.6382
"BEL",1978,101246526194.441
"BEL",1979,116315456796.918
"BEL",1980,126829314388.191
"BEL",1981,104730018470.23
"BEL",1982,92095926187.5331
"BEL",1983,87184239053.2544
"BEL",1984,83349530159.1734
"BEL",1985,86268264148.3796
"BEL",1986,120018787249.413
"BEL",1987,149394404105.889
"BEL",1988,162299103675.261
"BEL",1989,164221056511.057
"BEL",1990,205331747947.851
"BEL",1991,210510999409.333
"BEL",1992,234781652446.675
"BEL",1993,224721795708.955
"BEL",1994,244884129491.198
"BEL",1995,288025588396.278
"BEL",1996,279201433224.756
"BEL",1997,252708051420.839
"BEL",1998,258528339631.029
"BEL",1999,258245733221.468
"BEL",2000,236792460312.471
"BEL",2001,236746141604.37
"BEL",2002,258383599375.177
"BEL",2003,318082528506.588
"BEL",2004,369214712443.206
"BEL",2005,385714762230.039
"BEL",2006,408259840868.823
"BEL",2007,470922156309.453
"BEL",2008,517328087920.078
"BEL",2009,485014525992.461
"BEL",2010,481556503720.001
"BEL",2011,527196649048.639
"BEL",2012,498414364944.961
"BEL",2013,524097026598.55
"BEL",2014,537987419164.351
"BEL",2015,461044767544.531
"BEL",2016,474271566739.729
"BEL",2017,500908767351.53
"BEL",2018,542638913427.921
"BEL",2019,536726344405.489
"BEL",2020,529694473501.791
"BEL",2021,598494036474.409
"BEL",2022,593438820508.173
"BEL",2023,644782756682.756
"BEL",2024,NA
"BEN",1960,226195578.434497
"BEN",1961,235668220.508202
"BEN",1962,236434954.038578
"BEN",1963,253927697.25805
"BEN",1964,269819005.87814
"BEN",1965,289908680.426395
"BEN",1966,302925235.151997
"BEN",1967,306221953.104911
"BEN",1968,326323105.26476
"BEN",1969,330748244.539574
"BEN",1970,333627713.494438
"BEN",1971,335073027.54117
"BEN",1972,410331856.991218
"BEN",1973,504376074.185709
"BEN",1974,554654860.702577
"BEN",1975,676870140.341529
"BEN",1976,698408261.922237
"BEN",1977,750049778.84069
"BEN",1978,928843469.431727
"BEN",1979,1186231019.82044
"BEN",1980,1405251846.54048
"BEN",1981,1291120188.43104
"BEN",1982,1267778670.35902
"BEN",1983,1095348199.43911
"BEN",1984,1051134008.78979
"BEN",1985,1045712789.14884
"BEN",1986,1336102025.27763
"BEN",1987,1562412227.90058
"BEN",1988,1620246083.79478
"BEN",1989,1502294416.17129
"BEN",1990,1959965330.14765
"BEN",1991,1986437796.53053
"BEN",1992,1695315305.70308
"BEN",1993,2274558082.76135
"BEN",1994,1598075943.86774
"BEN",1995,2169627137.9207
"BEN",1996,2361116449.39308
"BEN",1997,2268301646.46707
"BEN",1998,2455092686.34712
"BEN",1999,3677393998.74486
"BEN",2000,3519991440.47913
"BEN",2001,3666222635.13875
"BEN",2002,4194342686.2178
"BEN",2003,5349258094.48239
"BEN",2004,6190270380.49856
"BEN",2005,6567654954.38903
"BEN",2006,7034111314.88812
"BEN",2007,8169048382.83875
"BEN",2008,9787734526.23965
"BEN",2009,9738626517.00319
"BEN",2010,9535345011.48797
"BEN",2011,10693321370.036
"BEN",2012,11141358105.9853
"BEN",2013,12517845127.6775
"BEN",2014,13284527850.2632
"BEN",2015,11388160997.1089
"BEN",2016,11821065852.1271
"BEN",2017,12701655845.9612
"BEN",2018,14262408079.7014
"BEN",2019,14391686309.033
"BEN",2020,15651545208.8783
"BEN",2021,17690083519.9323
"BEN",2022,17401746309.2655
"BEN",2023,19676049075.7011
"BEN",2024,NA
"BFA",1960,330442815.821186
"BFA",1961,350247234.260712
"BFA",1962,379567099.249422
"BFA",1963,394040667.106335
"BFA",1964,410321644.964911
"BFA",1965,422916789.7483
"BFA",1966,433889766.239436
"BFA",1967,450753923.548048
"BFA",1968,460442689.376378
"BFA",1969,478298645.39382
"BFA",1970,458404268.761971
"BFA",1971,482411179.121178
"BFA",1972,578595521.990135
"BFA",1973,674773569.877548
"BFA",1974,751133430.449301
"BFA",1975,939972703.463021
"BFA",1976,976547188.054778
"BFA",1977,1131224878.18865
"BFA",1978,1475583644.93614
"BFA",1979,1748480620.52397
"BFA",1980,1928719888.20688
"BFA",1981,1775842333.57042
"BFA",1982,1754450096.23721
"BFA",1983,1600278605.25465
"BFA",1984,1459880132.14107
"BFA",1985,1552493196.28424
"BFA",1986,2036303357.68113
"BFA",1987,2369834949.73234
"BFA",1988,2616040478.99309
"BFA",1989,2615587733.97303
"BFA",1990,3101300778.56414
"BFA",1991,3135045584.08387
"BFA",1992,3356692505.18266
"BFA",1993,3199536465.23328
"BFA",1994,1895290637.09504
"BFA",1995,2379517975.28056
"BFA",1996,2586550595.41013
"BFA",1997,2447669101.95178
"BFA",1998,2804902367.14687
"BFA",1999,3389566712.66037
"BFA",2000,2968370087.59759
"BFA",2001,3190371080.94768
"BFA",2002,3622350062.96053
"BFA",2003,4740768142.67494
"BFA",2004,5451688537.60959
"BFA",2005,6146353173.34929
"BFA",2006,6547419820.38113
"BFA",2007,7625722836.76847
"BFA",2008,9451435490.11467
"BFA",2009,9450696873.34326
"BFA",2010,10109619740.6994
"BFA",2011,12080295977.5632
"BFA",2012,12561015156.5683
"BFA",2013,13444300485.8412
"BFA",2014,13943016076.7436
"BFA",2015,11832159315.6298
"BFA",2016,12833363045.3367
"BFA",2017,14106955615.3442
"BFA",2018,15890066221.2882
"BFA",2019,16032813503.3707
"BFA",2020,17725010532.5268
"BFA",2021,19697516284.3787
"BFA",2022,18820218690.5948
"BFA",2023,20324617844.5265
"BFA",2024,NA
"BGD",1960,4274894083.33333
"BGD",1961,4817580375
"BGD",1962,5081413541.66667
"BGD",1963,5319458562.5
"BGD",1964,5386054833.33333
"BGD",1965,5906636791.66667
"BGD",1966,6439687854.16667
"BGD",1967,7253575687.5
"BGD",1968,7483685770.83333
"BGD",1969,8471006437.5
"BGD",1970,8992722166.66667
"BGD",1971,8751843187.5
"BGD",1972,6288245866.66667
"BGD",1973,8086725729.3407
"BGD",1974,12512460519.7088
"BGD",1975,19448348073.4565
"BGD",1976,10117113333.3333
"BGD",1977,9651149301.8746
"BGD",1978,13281767142.8571
"BGD",1979,15565480321.9448
"BGD",1980,18138049095.6072
"BGD",1981,20249694002.448
"BGD",1982,18525399201.5968
"BGD",1983,17609048821.5488
"BGD",1984,18920840000
"BGD",1985,22278423076.9231
"BGD",1986,21774033333.3333
"BGD",1987,24298032258.0645
"BGD",1988,26579005558.3652
"BGD",1989,28781715188.8919
"BGD",1990,31598340778.2164
"BGD",1991,30957483949.5798
"BGD",1992,31708874594.1645
"BGD",1993,33166519417.9894
"BGD",1994,33768660882.793
"BGD",1995,37939748768.6567
"BGD",1996,46438484107.5795
"BGD",1997,48244309133.4895
"BGD",1998,49984559471.3656
"BGD",1999,51270569883.5275
"BGD",2000,53369787318.6245
"BGD",2001,53991289844.3291
"BGD",2002,54724081490.5102
"BGD",2003,60158929188.2556
"BGD",2004,65108544250.0425
"BGD",2005,69476001239.419
"BGD",2006,71795736172.1561
"BGD",2007,79611644974.5571
"BGD",2008,91636997370.9772
"BGD",2009,102475158190.998
"BGD",2010,115275540051.262
"BGD",2011,128607482310.357
"BGD",2012,133310747603.483
"BGD",2013,149998957434.186
"BGD",2014,172886611653.786
"BGD",2015,195146608978.131
"BGD",2016,265224515675.034
"BGD",2017,293732446624.596
"BGD",2018,321362752441.78
"BGD",2019,351231654603.692
"BGD",2020,373979442362.193
"BGD",2021,416271647911.014
"BGD",2022,460131688909.301
"BGD",2023,437415331040.994
"BGD",2024,NA
"BGR",1960,NA
"BGR",1961,NA
"BGR",1962,NA
"BGR",1963,NA
"BGR",1964,NA
"BGR",1965,NA
"BGR",1966,NA
"BGR",1967,NA
"BGR",1968,NA
"BGR",1969,NA
"BGR",1970,NA
"BGR",1971,NA
"BGR",1972,NA
"BGR",1973,NA
"BGR",1974,NA
"BGR",1975,NA
"BGR",1976,NA
"BGR",1977,NA
"BGR",1978,NA
"BGR",1979,NA
"BGR",1980,19839230769.2308
"BGR",1981,1.987e+10
"BGR",1982,1.9342e+10
"BGR",1983,16563666666.6667
"BGR",1984,17594944444.4444
"BGR",1985,17155421052.6316
"BGR",1986,20249294117.6471
"BGR",1987,2.8101e+10
"BGR",1988,22555941176.4706
"BGR",1989,21988444444.4444
"BGR",1990,20632090909.0909
"BGR",1991,10943548387.0968
"BGR",1992,10350515463.9175
"BGR",1993,10832064941.654
"BGR",1994,9697416974.16974
"BGR",1995,18991484420.36
"BGR",1996,12294964837.6235
"BGR",1997,11316127378.9613
"BGR",1998,15031055046.7575
"BGR",1999,13627325461.1743
"BGR",2000,13245990274.4581
"BGR",2001,14183446025.7389
"BGR",2002,16403043849.8297
"BGR",2003,21144957990.4681
"BGR",2004,26157743368.8716
"BGR",2005,29868657858.0082
"BGR",2006,34380536495.6739
"BGR",2007,44432811756.4731
"BGR",2008,54480684188.4442
"BGR",2009,52023801230.12
"BGR",2010,50760929302.5147
"BGR",2011,57737040780.0157
"BGR",2012,54288135058.7926
"BGR",2013,55852123989.9504
"BGR",2014,57157782909.9307
"BGR",2015,50811995688.6771
"BGR",2016,53964253211.84
"BGR",2017,59309748166.1179
"BGR",2018,66289266348.6504
"BGR",2019,68631726289.2794
"BGR",2020,70716821234.5967
"BGR",2021,84417951260.8091
"BGR",2022,90642851835.8996
"BGR",2023,102407653020.606
"BGR",2024,NA
"BHR",1960,NA
"BHR",1961,NA
"BHR",1962,NA
"BHR",1963,NA
"BHR",1964,NA
"BHR",1965,NA
"BHR",1966,NA
"BHR",1967,NA
"BHR",1968,NA
"BHR",1969,NA
"BHR",1970,391577364.077364
"BHR",1971,422181562.186708
"BHR",1972,534081183.680728
"BHR",1973,761132545.104221
"BHR",1974,1042176883.51827
"BHR",1975,1099107600.50569
"BHR",1976,1581709518.98261
"BHR",1977,1989060283.04271
"BHR",1978,2272042965.21126
"BHR",1979,2710160739.18742
"BHR",1980,3493834468.02865
"BHR",1981,3943109531.91489
"BHR",1982,4145421079.78723
"BHR",1983,4247030468.08511
"BHR",1984,4440874566.48936
"BHR",1985,4152376484.04255
"BHR",1986,3470746843.08511
"BHR",1987,3856922694.14894
"BHR",1988,4209834172.87234
"BHR",1989,4393093962.76596
"BHR",1990,4809511005.31915
"BHR",1991,5248911170.21277
"BHR",1992,5402232446.80851
"BHR",1993,5913001063.82979
"BHR",1994,6330627925.53191
"BHR",1995,6651180851.06383
"BHR",1996,6938166755.31915
"BHR",1997,7219407712.76596
"BHR",1998,7031309042.55319
"BHR",1999,7528469148.93617
"BHR",2000,9062898936.17021
"BHR",2001,8976196808.51064
"BHR",2002,9593510638.29787
"BHR",2003,11074813829.7872
"BHR",2004,13150159574.4681
"BHR",2005,15968723404.2553
"BHR",2006,18504760638.2979
"BHR",2007,2.173e+10
"BHR",2008,25710904255.3191
"BHR",2009,22938218085.1064
"BHR",2010,26805984042.5532
"BHR",2011,29914680851.0638
"BHR",2012,31963404255.3191
"BHR",2013,33823324468.0851
"BHR",2014,34772526595.7447
"BHR",2015,32523297872.3404
"BHR",2016,33884680851.0638
"BHR",2017,37204813829.7872
"BHR",2018,39567978723.4043
"BHR",2019,40446808510.6383
"BHR",2020,35837632978.7234
"BHR",2021,40840212765.9574
"BHR",2022,46680398936.1702
"BHR",2023,46079867021.2766
"BHR",2024,NA
"BHS",1960,169735993.889504
"BHS",1961,190021993.159208
"BHS",1962,212169992.36188
"BHS",1963,237649991.4446
"BHS",1964,266559990.40384
"BHS",1965,300271989.190208
"BHS",1966,346800000
"BHS",1967,3.98e+08
"BHS",1968,453800000
"BHS",1969,538700000
"BHS",1970,539500000
"BHS",1971,573400000
"BHS",1972,590900000
"BHS",1973,670900000
"BHS",1974,632400000
"BHS",1975,596200000
"BHS",1976,642100000
"BHS",1977,7.13e+08
"BHS",1978,832400000
"BHS",1979,1139800100
"BHS",1980,1335300000
"BHS",1981,1426500000
"BHS",1982,1578300000
"BHS",1983,1732800000
"BHS",1984,2041100000
"BHS",1985,2320699900
"BHS",1986,2472500000
"BHS",1987,2713999900
"BHS",1988,2817900000
"BHS",1989,3.062e+09
"BHS",1990,3.166e+09
"BHS",1991,3111160000
"BHS",1992,3.109e+09
"BHS",1993,3.092e+09
"BHS",1994,3.259e+09
"BHS",1995,3.429e+09
"BHS",1996,3.609e+09
"BHS",1997,6332360000
"BHS",1998,6833220000
"BHS",1999,7683870000
"BHS",2000,8076470000
"BHS",2001,8317830000
"BHS",2002,8881160000
"BHS",2003,8870090000
"BHS",2004,9055290000
"BHS",2005,9836200000
"BHS",2006,10167250000
"BHS",2007,10618340000
"BHS",2008,1.0526e+10
"BHS",2009,9981960000
"BHS",2010,10095760000
"BHS",2011,10070450000
"BHS",2012,10720400000
"BHS",2013,10395800000
"BHS",2014,10974100000
"BHS",2015,11671900000
"BHS",2016,11745100000
"BHS",2017,12236700000
"BHS",2018,12615800000
"BHS",2019,13016200000
"BHS",2020,9958200000
"BHS",2021,11368900000
"BHS",2022,13136400000
"BHS",2023,14338500000
"BHS",2024,NA
"BIH",1960,NA
"BIH",1961,NA
"BIH",1962,NA
"BIH",1963,NA
"BIH",1964,NA
"BIH",1965,NA
"BIH",1966,NA
"BIH",1967,NA
"BIH",1968,NA
"BIH",1969,NA
"BIH",1970,NA
"BIH",1971,NA
"BIH",1972,NA
"BIH",1973,NA
"BIH",1974,NA
"BIH",1975,NA
"BIH",1976,NA
"BIH",1977,NA
"BIH",1978,NA
"BIH",1979,NA
"BIH",1980,NA
"BIH",1981,NA
"BIH",1982,NA
"BIH",1983,NA
"BIH",1984,NA
"BIH",1985,NA
"BIH",1986,NA
"BIH",1987,NA
"BIH",1988,NA
"BIH",1989,NA
"BIH",1990,7753478260.86957
"BIH",1991,6122959183.67347
"BIH",1992,4735044707.23969
"BIH",1993,3630668949.83246
"BIH",1994,1255802469.1358
"BIH",1995,1866572953.73665
"BIH",1996,2786045321.63743
"BIH",1997,3671909673.04401
"BIH",1998,4116774300.60671
"BIH",1999,4686256363.04707
"BIH",2000,5567772768.81188
"BIH",2001,5800615466.26648
"BIH",2002,6728220886.64546
"BIH",2003,8498894359.38629
"BIH",2004,10156541538.399
"BIH",2005,11222796336.5426
"BIH",2006,12864841905.9543
"BIH",2007,15778734264.3787
"BIH",2008,19112796623.1175
"BIH",2009,17613949091.2294
"BIH",2010,17176315803.7298
"BIH",2011,18644233537.1093
"BIH",2012,17226735995.6905
"BIH",2013,18179108530.5261
"BIH",2014,18558733564.4692
"BIH",2015,16404348871.4437
"BIH",2016,17116926327.6247
"BIH",2017,18326373366.1105
"BIH",2018,20484053868.9246
"BIH",2019,20482608755.379
"BIH",2020,20226036564.4129
"BIH",2021,23672712242.2149
"BIH",2022,24534663636.1778
"BIH",2023,27514782476.0406
"BIH",2024,NA
"BLR",1960,NA
"BLR",1961,NA
"BLR",1962,NA
"BLR",1963,NA
"BLR",1964,NA
"BLR",1965,NA
"BLR",1966,NA
"BLR",1967,NA
"BLR",1968,NA
"BLR",1969,NA
"BLR",1970,NA
"BLR",1971,NA
"BLR",1972,NA
"BLR",1973,NA
"BLR",1974,NA
"BLR",1975,NA
"BLR",1976,NA
"BLR",1977,NA
"BLR",1978,NA
"BLR",1979,NA
"BLR",1980,NA
"BLR",1981,NA
"BLR",1982,NA
"BLR",1983,NA
"BLR",1984,NA
"BLR",1985,NA
"BLR",1986,NA
"BLR",1987,NA
"BLR",1988,NA
"BLR",1989,NA
"BLR",1990,17389558232.9317
"BLR",1991,18404907975.4601
"BLR",1992,16939790093.9054
"BLR",1993,16275073526.9819
"BLR",1994,14931435232.078
"BLR",1995,13972683273.5692
"BLR",1996,14756846153.8462
"BLR",1997,14130585516.1787
"BLR",1998,15221352698.8944
"BLR",1999,12138243080.6258
"BLR",2000,12736780455.1539
"BLR",2001,12354820143.8849
"BLR",2002,14594900944.7658
"BLR",2003,17825444724.4878
"BLR",2004,23141566292.9462
"BLR",2005,30210091836.8294
"BLR",2006,36961894281.3444
"BLR",2007,45275711995.825
"BLR",2008,60752106347.126
"BLR",2009,50873167326.0414
"BLR",2010,57231904542.8755
"BLR",2011,61762382327.9319
"BLR",2012,65685890438.8922
"BLR",2013,75527558966.4473
"BLR",2014,78812805039.0743
"BLR",2015,56454889146.6088
"BLR",2016,47723545321.259
"BLR",2017,54725302249.8088
"BLR",2018,60031173807.7196
"BLR",2019,64410122847.3508
"BLR",2020,61371755326.2351
"BLR",2021,69673747131.87
"BLR",2022,73775179924.603
"BLR",2023,71857382745.6066
"BLR",2024,NA
"BLZ",1960,28072478.0724781
"BLZ",1961,29964999.965
"BLZ",1962,31857591.8575919
"BLZ",1963,33750113.7501138
"BLZ",1964,36194586.1945862
"BLZ",1965,40110040.1100401
"BLZ",1966,44450044.4500445
"BLZ",1967,47431255.747674
"BLZ",1968,44999910.00018
"BLZ",1969,47399905.2001896
"BLZ",1970,53339893.3202134
"BLZ",1971,59074687.1961851
"BLZ",1972,65998069.3847631
"BLZ",1973,78214767.8301496
"BLZ",1974,103160450.445869
"BLZ",1975,118194026.251574
"BLZ",1976,97094227.2292471
"BLZ",1977,117650000
"BLZ",1978,136300000
"BLZ",1979,151800000
"BLZ",1980,257400000
"BLZ",1981,260750000
"BLZ",1982,248550000
"BLZ",1983,262150000
"BLZ",1984,290350000
"BLZ",1985,287300000
"BLZ",1986,311500000
"BLZ",1987,371100000
"BLZ",1988,421450000
"BLZ",1989,491100000
"BLZ",1990,547150000
"BLZ",1991,597100000
"BLZ",1992,696250000
"BLZ",1993,752850000
"BLZ",1994,772300000
"BLZ",1995,819050000
"BLZ",1996,850850000
"BLZ",1997,873400000
"BLZ",1998,929500000
"BLZ",1999,1000250000
"BLZ",2000,1138900000
"BLZ",2001,1172800000
"BLZ",2002,1244650000
"BLZ",2003,1308900000
"BLZ",2004,1400850000
"BLZ",2005,1474950000
"BLZ",2006,1591150000
"BLZ",2007,1707100000
"BLZ",2008,1738900000
"BLZ",2009,1688500000
"BLZ",2010,1745700000
"BLZ",2011,1827050000
"BLZ",2012,1909400000
"BLZ",2013,2032750000
"BLZ",2014,2138250000
"BLZ",2015,2193050000
"BLZ",2016,2240200000
"BLZ",2017,2266300000
"BLZ",2018,2293250000
"BLZ",2019,2388300000
"BLZ",2020,2042850000
"BLZ",2021,2420550000
"BLZ",2022,2846700000
"BLZ",2023,3066850000
"BLZ",2024,NA
"BMU",1960,72400000
"BMU",1961,76500000
"BMU",1962,80700000
"BMU",1963,82600000
"BMU",1964,92200000
"BMU",1965,9.8e+07
"BMU",1966,1.15e+08
"BMU",1967,134800000
"BMU",1968,1.5e+08
"BMU",1969,164900000
"BMU",1970,186300000
"BMU",1971,211100000
"BMU",1972,235400000
"BMU",1973,269500000
"BMU",1974,312600000
"BMU",1975,3.45e+08
"BMU",1976,386300000
"BMU",1977,4.47e+08
"BMU",1978,475800000
"BMU",1979,517200000
"BMU",1980,613299968
"BMU",1981,739100032
"BMU",1982,785500032
"BMU",1983,889400000
"BMU",1984,985699968
"BMU",1985,1039500032
"BMU",1986,1173500032
"BMU",1987,1296499968
"BMU",1988,1415100032
"BMU",1989,1501500032
"BMU",1990,1592400000
"BMU",1991,1634900000
"BMU",1992,1679900000
"BMU",1993,1820359900
"BMU",1994,1867160100
"BMU",1995,2030750000
"BMU",1996,2695390000
"BMU",1997,2932827000
"BMU",1998,3130748000
"BMU",1999,3324433000
"BMU",2000,3480219000
"BMU",2001,3680483000
"BMU",2002,3937228000
"BMU",2003,4186525000
"BMU",2004,4484703000
"BMU",2005,4868136000
"BMU",2006,6.144e+09
"BMU",2007,6.767e+09
"BMU",2008,6.98e+09
"BMU",2009,6.656e+09
"BMU",2010,6634526000
"BMU",2011,6312691000
"BMU",2012,6378188000
"BMU",2013,6465756000
"BMU",2014,6413988000
"BMU",2015,6654541000
"BMU",2016,6899911000
"BMU",2017,7142316000
"BMU",2018,7225977000
"BMU",2019,7423465000
"BMU",2020,6887147000
"BMU",2021,7286607000
"BMU",2022,7827980000
"BMU",2023,8141700000
"BMU",2024,NA
"BOL",1960,373250000
"BOL",1961,4.06e+08
"BOL",1962,443916666.666667
"BOL",1963,4.78e+08
"BOL",1964,538583333.333333
"BOL",1965,598333333.333333
"BOL",1966,662500000
"BOL",1967,748250000
"BOL",1968,849333333.333333
"BOL",1969,920333333.333333
"BOL",1970,1006833333.33333
"BOL",1971,1084666666.66667
"BOL",1972,1286153846.15385
"BOL",1973,1263600000
"BOL",1974,2101300000
"BOL",1975,2405900000
"BOL",1976,2733350000
"BOL",1977,3229050000
"BOL",1978,3760100000
"BOL",1979,4510500000
"BOL",1980,4450360000
"BOL",1981,5778480000
"BOL",1982,5600390625
"BOL",1983,5414008620.68966
"BOL",1984,6169304528.06122
"BOL",1985,5377276656.7658
"BOL",1986,3959383519.82718
"BOL",1987,4347956337.93221
"BOL",1988,4597611710.19835
"BOL",1989,4715973437.43673
"BOL",1990,4867582597.51312
"BOL",1991,5343262457.10226
"BOL",1992,5643868748.68126
"BOL",1993,5734699488.84934
"BOL",1994,5981222858.82727
"BOL",1995,6715161732.22658
"BOL",1996,7396949126.35685
"BOL",1997,7925736821.45034
"BOL",1998,8497494652.12546
"BOL",1999,8285064434.56826
"BOL",2000,8397855484.76908
"BOL",2001,8141516928.39489
"BOL",2002,7905485146.44351
"BOL",2003,8082399639.54305
"BOL",2004,8773451751.5121
"BOL",2005,9549122905.32852
"BOL",2006,11451844902.2214
"BOL",2007,13120108008.3477
"BOL",2008,16674276285.8956
"BOL",2009,17339992193.7322
"BOL",2010,19649723722.1034
"BOL",2011,23963164696.592
"BOL",2012,27084497481.9103
"BOL",2013,30659338885.6729
"BOL",2014,32996188012.5599
"BOL",2015,33000198248.1292
"BOL",2016,33941126200.0606
"BOL",2017,37508642165.3366
"BOL",2018,40287647930.4761
"BOL",2019,40895322843.7851
"BOL",2020,36629843805.0216
"BOL",2021,40406111695.179
"BOL",2022,44008282877.9606
"BOL",2023,45135398008.8166
"BOL",2024,NA
"BRA",1960,17030465539.3906
"BRA",1961,17275940449.3837
"BRA",1962,19231747851.5332
"BRA",1963,23287712878.2002
"BRA",1964,20963733694.9749
"BRA",1965,22465522884.0988
"BRA",1966,28283323733.1114
"BRA",1967,31086389194.961
"BRA",1968,33930457425.2613
"BRA",1969,37171640818.5863
"BRA",1970,42327664793.6934
"BRA",1971,48869830901.7878
"BRA",1972,58434858374.8696
"BRA",1973,83592275862.9982
"BRA",1974,109794519727.538
"BRA",1975,129203555238.827
"BRA",1976,153168949208.207
"BRA",1977,176344101401.941
"BRA",1978,200278646123.581
"BRA",1979,221338204480.222
"BRA",1980,237393489892.637
"BRA",1981,258015174748.648
"BRA",1982,271314113768.417
"BRA",1983,189656506321.431
"BRA",1984,188339974086.58
"BRA",1985,210879844638.877
"BRA",1986,256480852471.129
"BRA",1987,283056836893.838
"BRA",1988,307881930752.268
"BRA",1989,412990820287.42
"BRA",1990,464989098144.854
"BRA",1991,342534090909.091
"BRA",1992,328191909882.232
"BRA",1993,368292034380.96
"BRA",1994,525369467295.737
"BRA",1995,769333050986.905
"BRA",1996,850426432991.742
"BRA",1997,883206179730.462
"BRA",1998,863710759256.435
"BRA",1999,599642024319.531
"BRA",2000,655448231983.527
"BRA",2001,559983634798.981
"BRA",2002,509795273806.715
"BRA",2003,558233745651.874
"BRA",2004,669289424806.307
"BRA",2005,891633839853.105
"BRA",2006,1107626541710.74
"BRA",2007,1397114486471.38
"BRA",2008,1695855083552.05
"BRA",2009,1666996438681.46
"BRA",2010,2208837745214.23
"BRA",2011,2616156223977.47
"BRA",2012,2465227803011.57
"BRA",2013,2472819535742.73
"BRA",2014,2456043727198.85
"BRA",2015,1802212206904.68
"BRA",2016,1795693482652.52
"BRA",2017,2063514977334.32
"BRA",2018,1916933898038.36
"BRA",2019,1873288205186.45
"BRA",2020,1476107231194.11
"BRA",2021,1670647399034.67
"BRA",2022,1951923942083.32
"BRA",2023,2173665655937.27
"BRA",2024,NA
"BRB",1960,80021846.9120401
"BRB",1961,85363759.3050333
"BRB",1962,88782583.4232151
"BRB",1963,99893761.2239743
"BRB",1964,99252731.4101492
"BRB",1965,105021996.817915
"BRB",1966,113195122.715028
"BRB",1967,125553996.636324
"BRB",1968,125733668.5
"BRB",1969,141393142
"BRB",1970,166210203
"BRB",1971,186826488.654583
"BRB",1972,213725248.885492
"BRB",1973,260767889.187417
"BRB",1974,311804643.421258
"BRB",1975,402178605.019554
"BRB",1976,435911268.58968
"BRB",1977,495097667.929041
"BRB",1978,552883707.055138
"BRB",1979,670362452.145379
"BRB",1980,1012280614.52792
"BRB",1981,1114204743.20091
"BRB",1982,1163923830.35847
"BRB",1983,1236016506.73694
"BRB",1984,1346890071.09829
"BRB",1985,1409536120.91682
"BRB",1986,1547755183.21484
"BRB",1987,1704370307.76115
"BRB",1988,1812757917.76463
"BRB",1989,2006165166.80754
"BRB",1990,2012131457.26644
"BRB",1991,2020583702.08323
"BRB",1992,1.957e+09
"BRB",1993,2063342117.03873
"BRB",1994,2151344901.30761
"BRB",1995,2216974096.35559
"BRB",1996,2363645403.47039
"BRB",1997,2498384129.66738
"BRB",1998,2817083478.34734
"BRB",1999,2951822204.54432
"BRB",2000,3059500000
"BRB",2001,3054500000
"BRB",2002,3106500000
"BRB",2003,3209500000
"BRB",2004,3444500000
"BRB",2005,3819500000
"BRB",2006,4217323400
"BRB",2007,4675767950
"BRB",2008,4790410400
"BRB",2009,4466809600
"BRB",2010,5191188500
"BRB",2011,5342183800
"BRB",2012,5271257500
"BRB",2013,5361158350
"BRB",2014,5365976700
"BRB",2015,5288057750
"BRB",2016,5330761500
"BRB",2017,5517340450
"BRB",2018,5629916200
"BRB",2019,5788288000
"BRB",2020,5168344450
"BRB",2021,5275242050
"BRB",2022,6257303500
"BRB",2023,6720733200
"BRB",2024,NA
"BRN",1960,NA
"BRN",1961,NA
"BRN",1962,NA
"BRN",1963,NA
"BRN",1964,NA
"BRN",1965,114039500.591268
"BRN",1966,132757528.044374
"BRN",1967,139029537.243321
"BRN",1968,160818235.866746
"BRN",1969,161210236.44168
"BRN",1970,179078929.315763
"BRN",1971,197525767.791735
"BRN",1972,270822782.026674
"BRN",1973,433095526.686136
"BRN",1974,2319576214.21329
"BRN",1975,2496420257.54042
"BRN",1976,3054765590.29214
"BRN",1977,3681242528.32494
"BRN",1978,4100423673.58759
"BRN",1979,6044367628.28515
"BRN",1980,10795432293.6119
"BRN",1981,9367218664.31094
"BRN",1982,8932198185.72876
"BRN",1983,7927590750.39502
"BRN",1984,7632788075.1621
"BRN",1985,6967623884.42343
"BRN",1986,4190280002.67381
"BRN",1987,4918010080.03047
"BRN",1988,4535130304.71096
"BRN",1989,4983622880.99938
"BRN",1990,6039881086.68157
"BRN",1991,6284497300.38401
"BRN",1992,6327966444.87488
"BRN",1993,6203339925.05349
"BRN",1994,6467782521.31603
"BRN",1995,7700144056.74744
"BRN",1996,7663377277.00351
"BRN",1997,7793034389.75098
"BRN",1998,5550846024.98159
"BRN",1999,6309070374.83966
"BRN",2000,6570999059.70575
"BRN",2001,6096155747.56182
"BRN",2002,6333082878.97992
"BRN",2003,7167725264.75135
"BRN",2004,8619178799.47025
"BRN",2005,10547202612.4295
"BRN",2006,12644616446.1918
"BRN",2007,13432029495.6785
"BRN",2008,15926456491.5178
"BRN",2009,11912904529.0722
"BRN",2010,13707121031.2552
"BRN",2011,18524791070.6802
"BRN",2012,19048443339.9457
"BRN",2013,18094148099.4922
"BRN",2014,17097797371.9718
"BRN",2015,12930296852.4882
"BRN",2016,11400266055.3232
"BRN",2017,12128168046.7827
"BRN",2018,13566908401.1864
"BRN",2019,13469235348.2211
"BRN",2020,12005799664.2691
"BRN",2021,14006496614.3195
"BRN",2022,16681536442.5498
"BRN",2023,15128292980.8638
"BRN",2024,NA
"BTN",1960,NA
"BTN",1961,NA
"BTN",1962,NA
"BTN",1963,NA
"BTN",1964,NA
"BTN",1965,NA
"BTN",1966,NA
"BTN",1967,NA
"BTN",1968,NA
"BTN",1969,NA
"BTN",1970,61812113.0666667
"BTN",1971,66289450.3252986
"BTN",1972,70139866.8083136
"BTN",1973,78900289.3165483
"BTN",1974,92901784.4986973
"BTN",1975,86820762.4931172
"BTN",1976,88461262.7788474
"BTN",1977,97884433.8024868
"BTN",1978,94086227.6084972
"BTN",1979,105377995.200713
"BTN",1980,128669200.916451
"BTN",1981,139174178.090189
"BTN",1982,141439317.399271
"BTN",1983,156704289.913612
"BTN",1984,160423493.936194
"BTN",1985,163288815.361294
"BTN",1986,191218115.488485
"BTN",1987,242742766.346488
"BTN",1988,272298066.556045
"BTN",1989,264798626.174848
"BTN",1990,287765007.112863
"BTN",1991,240294286.015925
"BTN",1992,240233531.160464
"BTN",1993,225973692.8371
"BTN",1994,258954708.048533
"BTN",1995,290490983.815778
"BTN",1996,303408345.620078
"BTN",1997,352229076.707627
"BTN",1998,363458380.903342
"BTN",1999,399311199.50776
"BTN",2000,460733418.399276
"BTN",2001,496110225.710307
"BTN",2002,559345263.708309
"BTN",2003,651935430.314445
"BTN",2004,735348490.428435
"BTN",2005,860391000.221655
"BTN",2006,942879878.538879
"BTN",2007,1255767964.00491
"BTN",2008,1317517834.59916
"BTN",2009,1331343797.77308
"BTN",2010,1708880730.87271
"BTN",2011,1977728659.25621
"BTN",2012,1973387228.03924
"BTN",2013,1943696951.76613
"BTN",2014,2089079570.67546
"BTN",2015,2187815803.82922
"BTN",2016,2357504760.5975
"BTN",2017,2591358009.79792
"BTN",2018,2583335721.20625
"BTN",2019,2735683570.28851
"BTN",2020,2457604334.15915
"BTN",2021,2768802959.60794
"BTN",2022,2898227743.13545
"BTN",2023,NA
"BTN",2024,NA
"BWA",1960,30411413.6552828
"BWA",1961,32902612.8664855
"BWA",1962,35644956.6430429
"BWA",1963,38091842.8546863
"BWA",1964,41616347.7906865
"BWA",1965,45788696.3343915
"BWA",1966,51465655.3921083
"BWA",1967,58642354.089673
"BWA",1968,66248441.4182466
"BWA",1969,77361546.5067537
"BWA",1970,96243233.6609837
"BWA",1971,127448613.505061
"BWA",1972,164460914.977201
"BWA",1973,244124164.042218
"BWA",1974,306044207.530203
"BWA",1975,355168571.536751
"BWA",1976,372025093.006273
"BWA",1977,451624780.274597
"BWA",1978,590407374.447116
"BWA",1979,819870258.783053
"BWA",1980,1060889703.75374
"BWA",1981,1073812830.30052
"BWA",1982,1014945695.71927
"BWA",1983,1172230396.58099
"BWA",1984,1240822167.43571
"BWA",1985,1114783342.71539
"BWA",1986,1392602163.53829
"BWA",1987,1965226890.04557
"BWA",1988,2644554158.72794
"BWA",1989,3083822112.02023
"BWA",1990,3790636324.44775
"BWA",1991,3942876703.45184
"BWA",1992,4146464586.61674
"BWA",1993,4160129174.70569
"BWA",1994,4259259604.15623
"BWA",1995,4730599121.92704
"BWA",1996,4847757217.75815
"BWA",1997,5020265626.66489
"BWA",1998,4790481509.17679
"BWA",1999,5484263346.88105
"BWA",2000,5788329609.15755
"BWA",2001,5489608299.66445
"BWA",2002,5438863982.88692
"BWA",2003,7511582173.37724
"BWA",2004,8957467706.5354
"BWA",2005,9918907108.09702
"BWA",2006,9919158482.41085
"BWA",2007,10567270655.5027
"BWA",2008,10730829116.4105
"BWA",2009,10118459242.3183
"BWA",2010,12637273429.1339
"BWA",2011,15110643612.1729
"BWA",2012,13907464500.1489
"BWA",2013,14271738933.2042
"BWA",2014,15470088500.7414
"BWA",2015,13530748844.505
"BWA",2016,15082637184.0496
"BWA",2017,16105155856.7708
"BWA",2018,17031943186.1353
"BWA",2019,16725908148.5481
"BWA",2020,14960291105.9316
"BWA",2021,18750946600.1423
"BWA",2022,20321958850.0363
"BWA",2023,19396084498.0084
"BWA",2024,NA
"CAF",1960,112155598.492157
"CAF",1961,123134583.463559
"CAF",1962,124482773.83306
"CAF",1963,129379123.76305
"CAF",1964,142025078.735754
"CAF",1965,150574795.409863
"CAF",1966,157930018.091087
"CAF",1967,163820513.562432
"CAF",1968,191767441.604577
"CAF",1969,188039210.130379
"CAF",1970,189106529.207011
"CAF",1971,201450799.82635
"CAF",1972,230317883.36443
"CAF",1973,271183082.043062
"CAF",1974,281398705.570596
"CAF",1975,378660016.265936
"CAF",1976,451152461.31276
"CAF",1977,507298147.526539
"CAF",1978,610578631.992983
"CAF",1979,700764747.756462
"CAF",1980,797048198.534875
"CAF",1981,694803622.898966
"CAF",1982,748312390.756606
"CAF",1983,658679332.681331
"CAF",1984,637820670.299604
"CAF",1985,864849836.286193
"CAF",1986,1122265013.42004
"CAF",1987,1200991977.80801
"CAF",1988,1264899287.51261
"CAF",1989,1233930280.91724
"CAF",1990,1440711459.16967
"CAF",1991,1377374986.58709
"CAF",1992,1411917553.12436
"CAF",1993,1278781261.55928
"CAF",1994,851174356.781737
"CAF",1995,1115389673.69197
"CAF",1996,1007791127.09913
"CAF",1997,937741513.015352
"CAF",1998,967338389.650578
"CAF",1999,999477510.686632
"CAF",2000,916777282.691659
"CAF",2001,932648604.751954
"CAF",2002,996068144.884889
"CAF",2003,1142315522.53864
"CAF",2004,1272360517.32373
"CAF",2005,1337894378.73743
"CAF",2006,1461859762.33459
"CAF",2007,1699811294.94935
"CAF",2008,1993407888.49838
"CAF",2009,2067381665.25454
"CAF",2010,2142591540.40068
"CAF",2011,2437982705.12093
"CAF",2012,2510126512.22831
"CAF",2013,1691544110.18543
"CAF",2014,1894813389.40325
"CAF",2015,1695825714.19282
"CAF",2016,1825018144.65595
"CAF",2017,2072349972.6818
"CAF",2018,2220979146.11241
"CAF",2019,2221301351.43918
"CAF",2020,2326720900.38047
"CAF",2021,2516498412.46384
"CAF",2022,2382618615.01694
"CAF",2023,2555492085.24831
"CAF",2024,NA
"CAN",1960,40563768946.9503
"CAN",1961,41038192837.9035
"CAN",1962,42336211555.8268
"CAN",1963,45140337826.9869
"CAN",1964,49503663836.3665
"CAN",1965,54649410478.5226
"CAN",1966,61252415404.686
"CAN",1967,65856924423.9721
"CAN",1968,72048833006.1602
"CAN",1969,79405011124.8208
"CAN",1970,88192257632.3093
"CAN",1971,99606454743.5136
"CAN",1972,113463848873.624
"CAN",1973,131764343565.643
"CAN",1974,160949188139.059
"CAN",1975,174419757176.563
"CAN",1976,207271612576.065
"CAN",1977,212325176304.654
"CAN",1978,219369542386.254
"CAN",1979,243891124295.715
"CAN",1980,274776566028.053
"CAN",1981,307246642755.859
"CAN",1982,314647807408.608
"CAN",1983,341866277182.733
"CAN",1984,356718400123.543
"CAN",1985,366186012449.652
"CAN",1986,379006836991.724
"CAN",1987,433134238310.709
"CAN",1988,509380027626.554
"CAN",1989,567211993243.243
"CAN",1990,596075591360.987
"CAN",1991,612527712315.615
"CAN",1992,594387358318.855
"CAN",1993,579053561739.4
"CAN",1994,579944346807.264
"CAN",1995,605961090061.207
"CAN",1996,630607994132.747
"CAN",1997,654986999855.554
"CAN",1998,6.34e+11
"CAN",1999,678412196271.118
"CAN",2000,744773415931.587
"CAN",2001,738981792355.372
"CAN",2002,760649334098.005
"CAN",2003,895540646634.787
"CAN",2004,1026690238278.25
"CAN",2005,1173108598778.68
"CAN",2006,1319264809590.97
"CAN",2007,1468820407783.26
"CAN",2008,1552989690721.65
"CAN",2009,1374625142157.29
"CAN",2010,1617343367486.26
"CAN",2011,1793326630174.52
"CAN",2012,1828366481521.6
"CAN",2013,1846597421834.98
"CAN",2014,1805749878439.94
"CAN",2015,1556508816217.14
"CAN",2016,1527994741907.43
"CAN",2017,1649265644244.09
"CAN",2018,1725329192783.02
"CAN",2019,1743725183672.52
"CAN",2020,1655684730000.19
"CAN",2021,2007472181464.15
"CAN",2022,2161483369422.01
"CAN",2023,2142470914401.36
"CAN",2024,NA
"CEB",1960,NA
"CEB",1961,NA
"CEB",1962,NA
"CEB",1963,NA
"CEB",1964,NA
"CEB",1965,NA
"CEB",1966,NA
"CEB",1967,NA
"CEB",1968,NA
"CEB",1969,NA
"CEB",1970,NA
"CEB",1971,NA
"CEB",1972,NA
"CEB",1973,NA
"CEB",1974,NA
"CEB",1975,NA
"CEB",1976,NA
"CEB",1977,NA
"CEB",1978,NA
"CEB",1979,NA
"CEB",1980,NA
"CEB",1981,NA
"CEB",1982,NA
"CEB",1983,NA
"CEB",1984,NA
"CEB",1985,NA
"CEB",1986,NA
"CEB",1987,NA
"CEB",1988,NA
"CEB",1989,NA
"CEB",1990,272002770512.834
"CEB",1991,250082429353.191
"CEB",1992,256806975763.747
"CEB",1993,270242361274.902
"CEB",1994,308521665541.456
"CEB",1995,394610461625.529
"CEB",1996,417343085845.115
"CEB",1997,411041470567.888
"CEB",1998,449765848036.321
"CEB",1999,435931046765.369
"CEB",2000,429355161034.99
"CEB",2001,469451337133.573
"CEB",2002,528497215430.66
"CEB",2003,634385728023.21
"CEB",2004,763595926995.989
"CEB",2005,885828738649.216
"CEB",2006,1001432946965.27
"CEB",2007,1264330342660.26
"CEB",2008,1530368085942.5
"CEB",2009,1289527007159.99
"CEB",2010,1319798753333.7
"CEB",2011,1458455207230.34
"CEB",2012,1362237950388.93
"CEB",2013,1420299797737.57
"CEB",2014,1467438523591.87
"CEB",2015,1297123697168.52
"CEB",2016,1321226675267.44
"CEB",2017,1467424389927.92
"CEB",2018,1657633874968.79
"CEB",2019,1685123570509.08
"CEB",2020,1678756939339.66
"CEB",2021,1926804401016.02
"CEB",2022,1955925827813.51
"CEB",2023,2267760561102.28
"CEB",2024,NA
"CHE",1960,10412232620.5258
"CHE",1961,11713348834.3069
"CHE",1962,12989649694.2812
"CHE",1963,14283872299.0456
"CHE",1964,15833133857.6281
"CHE",1965,16780226225.085
"CHE",1966,18019402373.5388
"CHE",1967,19397044714.0963
"CHE",1968,20712102793.8026
"CHE",1969,22442043274.074
"CHE",1970,24998066773.3821
"CHE",1971,30040171750.6471
"CHE",1972,36844318854.2403
"CHE",1973,49550006319.5147
"CHE",1974,57103011445.6416
"CHE",1975,65466081819.2384
"CHE",1976,68476524643.943
"CHE",1977,73135771167.048
"CHE",1978,102280472035.794
"CHE",1979,114970094424.731
"CHE",1980,122557843886.137
"CHE",1981,112244805518.786
"CHE",1982,115043365512.486
"CHE",1983,114634358534.61
"CHE",1984,109455312167.511
"CHE",1985,110980314191.527
"CHE",1986,159089921062.872
"CHE",1987,199236370037.554
"CHE",1988,215540625298.982
"CHE",1989,208105846934.409
"CHE",1990,265763573999.424
"CHE",1991,268901693863.319
"CHE",1992,279921425828.474
"CHE",1993,272237527070.926
"CHE",1994,301375055202.164
"CHE",1995,352835806342.495
"CHE",1996,340103959546.926
"CHE",1997,294788198856.198
"CHE",1998,303459014346.806
"CHE",1999,297873643323.126
"CHE",2000,279216033870.204
"CHE",2001,286582672434.226
"CHE",2002,309301422430.386
"CHE",2003,362075086507.76
"CHE",2004,403912891033.374
"CHE",2005,418284865884.998
"CHE",2006,441634672196.523
"CHE",2007,490740715594.802
"CHE",2008,567267767519.158
"CHE",2009,554212916092.271
"CHE",2010,598851028906.58
"CHE",2011,715888126682.396
"CHE",2012,686420221557.99
"CHE",2013,706234937370.968
"CHE",2014,726537808338
"CHE",2015,694118186379.628
"CHE",2016,687895460902.713
"CHE",2017,695200833086.499
"CHE",2018,725568717468.001
"CHE",2019,721369112726.724
"CHE",2020,741999406005.627
"CHE",2021,813408787222.499
"CHE",2022,818426550206.45
"CHE",2023,884940402230.409
"CHE",2024,NA
"CHI",1960,NA
"CHI",1961,NA
"CHI",1962,NA
"CHI",1963,NA
"CHI",1964,NA
"CHI",1965,NA
"CHI",1966,NA
"CHI",1967,NA
"CHI",1968,NA
"CHI",1969,NA
"CHI",1970,NA
"CHI",1971,NA
"CHI",1972,NA
"CHI",1973,NA
"CHI",1974,NA
"CHI",1975,NA
"CHI",1976,NA
"CHI",1977,NA
"CHI",1978,NA
"CHI",1979,NA
"CHI",1980,NA
"CHI",1981,NA
"CHI",1982,NA
"CHI",1983,NA
"CHI",1984,NA
"CHI",1985,NA
"CHI",1986,NA
"CHI",1987,NA
"CHI",1988,NA
"CHI",1989,NA
"CHI",1990,NA
"CHI",1991,NA
"CHI",1992,NA
"CHI",1993,NA
"CHI",1994,NA
"CHI",1995,NA
"CHI",1996,NA
"CHI",1997,NA
"CHI",1998,5945677376.61477
"CHI",1999,6262740656.85164
"CHI",2000,6439703434.71024
"CHI",2001,6232906290.4851
"CHI",2002,6663669064.7482
"CHI",2003,7332244897.95918
"CHI",2004,8553643354.08275
"CHI",2005,8827272727.27273
"CHI",2006,9676172953.08188
"CHI",2007,11514605842.3369
"CHI",2008,NA
"CHI",2009,9100755659.57526
"CHI",2010,8902070446.19007
"CHI",2011,9649313947.21684
"CHI",2012,9455340154.1218
"CHI",2013,9594160920.26187
"CHI",2014,10528493035.477
"CHI",2015,10109968846.9524
"CHI",2016,9169278192.53124
"CHI",2017,9170079925.78986
"CHI",2018,10026153344.8196
"CHI",2019,10032440928.3488
"CHI",2020,9439810775.67214
"CHI",2021,11157002972.5829
"CHI",2022,11308300346.3725
"CHI",2023,12507927144.1342
"CHI",2024,NA
"CHL",1960,4.11e+09
"CHL",1961,4829238095.2381
"CHL",1962,5631285444.2344
"CHL",1963,5591307028.36005
"CHL",1964,5964195925.4443
"CHL",1965,6108679125.7523
"CHL",1966,7162633082.31628
"CHL",1967,7057478295.18548
"CHL",1968,7192102966.84119
"CHL",1969,8359596194.01253
"CHL",1970,9144112431.28214
"CHL",1971,10876091407.9777
"CHL",1972,11833904487.641
"CHL",1973,16826390943.8597
"CHL",1974,16209693232.0782
"CHL",1975,7621570062.17598
"CHL",1976,10338624019.4415
"CHL",1977,13965595122.3247
"CHL",1978,15992038535.2046
"CHL",1979,21806136345.5074
"CHL",1980,29036709871.7949
"CHL",1981,34509878043.5897
"CHL",1982,19529291464.7274
"CHL",1983,20362016672.278
"CHL",1984,19671768024.4581
"CHL",1985,17717662227.8036
"CHL",1986,18897110625.5242
"CHL",1987,22250729666.7937
"CHL",1988,26042571615.5987
"CHL",1989,29936735491.4427
"CHL",1990,33137824762.0173
"CHL",1991,37846188228.2702
"CHL",1992,45949608551.8086
"CHL",1993,49287378599.1612
"CHL",1994,56998601183.5492
"CHL",1995,73444831671.0169
"CHL",1996,78584098982.9097
"CHL",1997,85741415285.4035
"CHL",1998,81990010703.843
"CHL",1999,75578685735.5219
"CHL",2000,78339750721.7352
"CHL",2001,71574739561.4329
"CHL",2002,70264045939.1322
"CHL",2003,76492579644.0605
"CHL",2004,99075985773.176
"CHL",2005,122294145162.835
"CHL",2006,153843518171.43
"CHL",2007,172491076033.863
"CHL",2008,179894594475.98
"CHL",2009,171777900623.177
"CHL",2010,217051209240.298
"CHL",2011,251382573885.594
"CHL",2012,267024782480.28
"CHL",2013,277395018837.366
"CHL",2014,259560978231.552
"CHL",2015,242450355827.827
"CHL",2016,249344863933.461
"CHL",2017,276154259987.103
"CHL",2018,295857562991.709
"CHL",2019,278285058719.466
"CHL",2020,254042159309.311
"CHL",2021,315515014838.539
"CHL",2022,302116539409.03
"CHL",2023,335533331669.219
"CHL",2024,NA
"CHN",1960,59716249310.9742
"CHN",1961,50056685957.359
"CHN",1962,47209186415.3555
"CHN",1963,50706614526.1472
"CHN",1964,59708125203.8643
"CHN",1965,70436008642.4251
"CHN",1966,76720005491.8964
"CHN",1967,72881364882.4909
"CHN",1968,70846276051.4727
"CHN",1969,79705614854.7674
"CHN",1970,92602634891.6589
"CHN",1971,99800593790.9886
"CHN",1972,113689308020.343
"CHN",1973,138543170458.064
"CHN",1974,144188970821.072
"CHN",1975,163429530659.638
"CHN",1976,153939265947.775
"CHN",1977,174935933078.663
"CHN",1978,149540752829.268
"CHN",1979,178280594413.043
"CHN",1980,191149211575
"CHN",1981,195866382432.54
"CHN",1982,205089699858.779
"CHN",1983,230686747153.257
"CHN",1984,259946510957.143
"CHN",1985,309488028132.653
"CHN",1986,300758100107.246
"CHN",1987,272972974764.574
"CHN",1988,312353631207.819
"CHN",1989,347768051311.741
"CHN",1990,360857912565.966
"CHN",1991,383373318083.624
"CHN",1992,426915712715.856
"CHN",1993,444731282435.515
"CHN",1994,564321854521.013
"CHN",1995,734484834573.582
"CHN",1996,863749314718.538
"CHN",1997,961601980984.623
"CHN",1998,1029060747620.65
"CHN",1999,1094003874937.34
"CHN",2000,1211331651866.09
"CHN",2001,1339400897105.11
"CHN",2002,1470557654799.95
"CHN",2003,1660280543846.79
"CHN",2004,1955346768721.39
"CHN",2005,2285961149879.85
"CHN",2006,2752118657184.02
"CHN",2007,3550327802998.4
"CHN",2008,4594336785737.67
"CHN",2009,5101691124285.21
"CHN",2010,6087191746679.49
"CHN",2011,7551545703440.75
"CHN",2012,8532185381680.59
"CHN",2013,9570471111831.68
"CHN",2014,10475624944355.2
"CHN",2015,11061572618578.7
"CHN",2016,11233313730348.7
"CHN",2017,12310491333980.9
"CHN",2018,13894907857880.6
"CHN",2019,14279968506271.7
"CHN",2020,14687744162801
"CHN",2021,17820459508852.2
"CHN",2022,17881782683707.3
"CHN",2023,17794783039552
"CHN",2024,NA
"CIV",1960,546203559.344361
"CIV",1961,618245634.179831
"CIV",1962,645284473.733691
"CIV",1963,761047198.029653
"CIV",1964,921063326.589918
"CIV",1965,919771228.816095
"CIV",1966,1024102880.05862
"CIV",1967,1082922724.87189
"CIV",1968,1281281276.72357
"CIV",1969,1361360293.42665
"CIV",1970,1455482795.40691
"CIV",1971,1584128509.46873
"CIV",1972,1849400401.64724
"CIV",1973,2508421426.17572
"CIV",1974,3070152309.21903
"CIV",1975,3893839190.26806
"CIV",1976,4662053824.83955
"CIV",1977,6265068189.37782
"CIV",1978,7900526298.31993
"CIV",1979,9142933966.79465
"CIV",1980,10175617609.0962
"CIV",1981,8432589942.39434
"CIV",1982,7567110848.92228
"CIV",1983,6838184772.52063
"CIV",1984,6841639246.8996
"CIV",1985,6977650643.99488
"CIV",1986,9158302099.57957
"CIV",1987,10087654464.8168
"CIV",1988,10255169805.7996
"CIV",1989,9757410644.6679
"CIV",1990,10795850582.779
"CIV",1991,10492628580.7484
"CIV",1992,11152971273.9383
"CIV",1993,11045760288.1206
"CIV",1994,8313557510.14757
"CIV",1995,11000146266.5135
"CIV",1996,18071152830.6101
"CIV",1997,18047558037.7036
"CIV",1998,19619654755.679
"CIV",1999,18870992455.568
"CIV",2000,16577533891.8785
"CIV",2001,16810537043.8407
"CIV",2002,18054383320.8474
"CIV",2003,21251754340.4305
"CIV",2004,23510575681.3686
"CIV",2005,24036918703.1747
"CIV",2006,25281413263.3712
"CIV",2007,28760090953.3081
"CIV",2008,34078240293.2559
"CIV",2009,33886813250.2036
"CIV",2010,34936307980.063
"CIV",2011,36693710801.3976
"CIV",2012,36302302877.2977
"CIV",2013,42760235484.6093
"CIV",2014,48843005613.7091
"CIV",2015,45815005169.2651
"CIV",2016,48407761036.8238
"CIV",2017,52512343996.69
"CIV",2018,58522477786.6889
"CIV",2019,60382894697.3557
"CIV",2020,63027852805.4204
"CIV",2021,72794636653.7793
"CIV",2022,70173140101.4315
"CIV",2023,78875489245.0538
"CIV",2024,NA
"CMR",1960,614206068.497266
"CMR",1961,652777608.320492
"CMR",1962,694247864.3789
"CMR",1963,718320845.044338
"CMR",1964,776650176.904453
"CMR",1965,814083265.511426
"CMR",1966,851112534.552636
"CMR",1967,936175260.030919
"CMR",1968,1046191217.79942
"CMR",1969,1100551488.62689
"CMR",1970,1151216992.88095
"CMR",1971,1236941394.11447
"CMR",1972,1498251889.66287
"CMR",1973,1901393361.02282
"CMR",1974,2157415532.54796
"CMR",1975,2857037371.05886
"CMR",1976,2898090001.8562
"CMR",1977,3394664024.05503
"CMR",1978,4662852583.13256
"CMR",1979,5919002982.602
"CMR",1980,6674569046.6832
"CMR",1981,6610938616.6643
"CMR",1982,6611255963.83584
"CMR",1983,6870200009.90065
"CMR",1984,7311938026.36713
"CMR",1985,8544810497.9889
"CMR",1986,11857056199.0765
"CMR",1987,13049659981.1373
"CMR",1988,12236057362.4917
"CMR",1989,11012566195.0255
"CMR",1990,12314482627.8454
"CMR",1991,11840192296.3893
"CMR",1992,12071775335.0433
"CMR",1993,16181814712.5295
"CMR",1994,8902446252.18372
"CMR",1995,10864772470.9043
"CMR",1996,11093538846.4483
"CMR",1997,10789458432.6416
"CMR",1998,11298144990.4104
"CMR",1999,11565826464.8921
"CMR",2000,10566579294.9831
"CMR",2001,10953485349.1135
"CMR",2002,12417251350.4882
"CMR",2003,15970315034.9903
"CMR",2004,18826214135.6419
"CMR",2005,19509852206.9341
"CMR",2006,20910512974.933
"CMR",2007,23928250433.0378
"CMR",2008,27715142032.913
"CMR",2009,27932970317.129
"CMR",2010,27507501821.0296
"CMR",2011,30630910495.217
"CMR",2012,30155062329.2821
"CMR",2013,33728621180.3231
"CMR",2014,36386544706.0806
"CMR",2015,32210233020.4569
"CMR",2016,33814337044.3765
"CMR",2017,36098547033.1655
"CMR",2018,39955552189.795
"CMR",2019,39667757527.6578
"CMR",2020,40773241177.0505
"CMR",2021,45011937346.8384
"CMR",2022,44347206072.5513
"CMR",2023,49279410982.826
"CMR",2024,NA
"COD",1960,3359404117.64706
"COD",1961,3086746857.14286
"COD",1962,3779841428.57143
"COD",1963,6213185742.57426
"COD",1964,2881545272.72727
"COD",1965,4043901818.18182
"COD",1966,4532660181.81818
"COD",1967,3384063371.75792
"COD",1968,3909780538.92216
"COD",1969,5032434970.05988
"COD",1970,4877684910.17964
"COD",1971,5594770359.28144
"COD",1972,6173712814.37126
"COD",1973,7870239461.07784
"COD",1974,9596960179.64072
"COD",1975,10237343173.6527
"COD",1976,9648583224.99212
"COD",1977,12344424763.5727
"COD",1978,15372608002.3923
"COD",1979,15068422236.3663
"COD",1980,14394927494.8647
"COD",1981,12537821038.2202
"COD",1982,13651667371.1676
"COD",1983,11006712650.4481
"COD",1984,7857729193.20343
"COD",1985,7195042616.0071
"COD",1986,8095367168.21769
"COD",1987,7661625472.57705
"COD",1988,8861299976.74158
"COD",1989,9021862775.18112
"COD",1990,9349764580.41173
"COD",1991,9087965281.52726
"COD",1992,8206227134.00857
"COD",1993,10707792340.0276
"COD",1994,5820383305.54668
"COD",1995,5643439376.10491
"COD",1996,5771454939.62404
"COD",1997,6090840548.18784
"COD",1998,6217806273.31082
"COD",1999,4711259427.27273
"COD",2000,19088046305.7971
"COD",2001,7438189100.33333
"COD",2002,8728038525.14034
"COD",2003,8937567059.87754
"COD",2004,10297483481.223
"COD",2005,11964484465.9388
"COD",2006,14451901696.3878
"COD",2007,16737071816.38
"COD",2008,19788515590.1284
"COD",2009,18648372553.0921
"COD",2010,21565721044.8462
"COD",2011,25839749199.3671
"COD",2012,29306235285.2597
"COD",2013,32679745048.4427
"COD",2014,35909040925.9375
"COD",2015,37917706497.1793
"COD",2016,37134801555.3322
"COD",2017,38019264794.8263
"COD",2018,47568210009.8172
"COD",2019,51775829877.2088
"COD",2020,48716961860.1325
"COD",2021,55328482783.5393
"COD",2022,65801547619.5815
"COD",2023,66383287002.9867
"COD",2024,NA
"COG",1960,131731862.783017
"COG",1961,151675738.926342
"COG",1962,166521239.650243
"COG",1963,172233430.657858
"COG",1964,185693724.905233
"COG",1965,198318064.028924
"COG",1966,220613581.972601
"COG",1967,237397428.13501
"COG",1968,251247457.765525
"COG",1969,265040036.417215
"COG",1970,274960699.885255
"COG",1971,322128018.955444
"COG",1972,410669263.651798
"COG",1973,541973362.610423
"COG",1974,585364634.473977
"COG",1975,767102680.239967
"COG",1976,754549601.391492
"COG",1977,765224029.286556
"COG",1978,878771772.202149
"COG",1979,1198749667.42923
"COG",1980,1705796852.89473
"COG",1981,1993512322.62391
"COG",1982,2160640564.56041
"COG",1983,2097274289.75066
"COG",1984,2193581365.34299
"COG",1985,2160872540.03175
"COG",1986,1849268212.30284
"COG",1987,2297753652.34929
"COG",1988,2212536311.99319
"COG",1989,2389593025.60339
"COG",1990,2798746050.11354
"COG",1991,2724853505.80336
"COG",1992,2933222703.0334
"COG",1993,2684323623.14372
"COG",1994,1769365437.78801
"COG",1995,2116003867.75536
"COG",1996,2540697539.05773
"COG",1997,2322719102.6909
"COG",1998,1949481379.21951
"COG",1999,2354772960.28296
"COG",2000,3227927697.57921
"COG",2001,2796704604.03812
"COG",2002,3034250923.97726
"COG",2003,3503723087.74483
"COG",2004,4656974940.12721
"COG",2005,6650001680.48544
"COG",2006,8072305029.06514
"COG",2007,8782703436.70188
"COG",2008,11649857673.4436
"COG",2009,9723299915.25312
"COG",2010,13148396211.5955
"COG",2011,15655383576.6515
"COG",2012,17692911296.3044
"COG",2013,17958720699.0868
"COG",2014,17919321078.0284
"COG",2015,12434793867.3568
"COG",2016,10931328150.8478
"COG",2017,11834473039.3645
"COG",2018,14773900288.5135
"COG",2019,13976637779.9763
"COG",2020,11468687464.0046
"COG",2021,14825690210.9157
"COG",2022,15817030154.6941
"COG",2023,15321055822.5167
"COG",2024,NA
"COL",1960,4031152976.63904
"COL",1961,4540447761.19403
"COL",1962,4955538218.81618
"COL",1963,4836166666.66667
"COL",1964,5973366666.66667
"COL",1965,5760761904.7619
"COL",1966,5428518518.51852
"COL",1967,5825170438.48704
"COL",1968,5960212869.12968
"COL",1969,6450175213.74923
"COL",1970,7198360460.19887
"COL",1971,7820380970.53674
"COL",1972,8671358732.68486
"COL",1973,10315760000.3394
"COL",1974,12370029583.6419
"COL",1975,13098633901.8673
"COL",1976,15341403660.4698
"COL",1977,19470960619.1297
"COL",1978,23263511958.0509
"COL",1979,27940411250.2732
"COL",1980,33400735644.0481
"COL",1981,36388366869.0309
"COL",1982,38968039721.748
"COL",1983,38729822781.5997
"COL",1984,38253120737.9671
"COL",1985,34894419443.4881
"COL",1986,34942489683.9712
"COL",1987,36373307085.0887
"COL",1988,39212550050.4223
"COL",1989,39540080200.3938
"COL",1990,47844090709.9908
"COL",1991,49637993948.8402
"COL",1992,58394443377.5416
"COL",1993,66474101301.1759
"COL",1994,81705497616.5703
"COL",1995,92495970511.3951
"COL",1996,97153389010.9466
"COL",1997,106656492293.614
"COL",1998,98486358581.1639
"COL",1999,86278947636.962
"COL",2000,99875074951.0278
"COL",2001,98200641203.3892
"COL",2002,97945812802.8882
"COL",2003,94644969157.0987
"COL",2004,117092416666.245
"COL",2005,145600529605.803
"COL",2006,161792958904.864
"COL",2007,206229540926.312
"COL",2008,242504150472.931
"COL",2009,232468663109.595
"COL",2010,286498534094.963
"COL",2011,334966134804.887
"COL",2012,370691143018.039
"COL",2013,382093697077.685
"COL",2014,381240864422.407
"COL",2015,293492370193.166
"COL",2016,282720100286.228
"COL",2017,311866875156.879
"COL",2018,334198218098.276
"COL",2019,323031701192.84
"COL",2020,270348342541.465
"COL",2021,318524633225.395
"COL",2022,345329875078.512
"COL",2023,363493841244.303
"COL",2024,NA
"COM",1960,NA
"COM",1961,NA
"COM",1962,NA
"COM",1963,NA
"COM",1964,NA
"COM",1965,NA
"COM",1966,NA
"COM",1967,NA
"COM",1968,NA
"COM",1969,NA
"COM",1970,NA
"COM",1971,NA
"COM",1972,NA
"COM",1973,NA
"COM",1974,NA
"COM",1975,NA
"COM",1976,NA
"COM",1977,NA
"COM",1978,NA
"COM",1979,NA
"COM",1980,212218261.585643
"COM",1981,196349931.540286
"COM",1982,184009013.562815
"COM",1983,191621954.855332
"COM",1984,184697225.637076
"COM",1985,196726096.329131
"COM",1986,279197721.807577
"COM",1987,337525852.647575
"COM",1988,356500032.676316
"COM",1989,341476768.326033
"COM",1990,429622177.724885
"COM",1991,424108769.502231
"COM",1992,457388651.500941
"COM",1993,452881475.071813
"COM",1994,319189184.255639
"COM",1995,398461797.009413
"COM",1996,396053805.891754
"COM",1997,364445600.525492
"COM",1998,370106745.930146
"COM",1999,382454989.945311
"COM",2000,351136579.648632
"COM",2001,378512024.077556
"COM",2002,425964681.044378
"COM",2003,546885222.713065
"COM",2004,633706110.795614
"COM",2005,653845169.168576
"COM",2006,698431793.872776
"COM",2007,795673152.867077
"COM",2008,915659107.965823
"COM",2009,905341172.70583
"COM",2010,907978730.887844
"COM",2011,1023086273.53336
"COM",2012,1015843490.82374
"COM",2013,1116224106.83728
"COM",2014,1149587661.00693
"COM",2015,966029600.862227
"COM",2016,1012835493.19325
"COM",2017,1077439756.59451
"COM",2018,1188797449.38584
"COM",2019,1195019531.9011
"COM",2020,1225039196.61091
"COM",2021,1296089479.91978
"COM",2022,1242519407.77603
"COM",2023,1352380971.24055
"COM",2024,NA
"CPV",1960,NA
"CPV",1961,NA
"CPV",1962,NA
"CPV",1963,NA
"CPV",1964,NA
"CPV",1965,NA
"CPV",1966,NA
"CPV",1967,NA
"CPV",1968,NA
"CPV",1969,NA
"CPV",1970,NA
"CPV",1971,NA
"CPV",1972,NA
"CPV",1973,NA
"CPV",1974,NA
"CPV",1975,NA
"CPV",1976,NA
"CPV",1977,NA
"CPV",1978,NA
"CPV",1979,NA
"CPV",1980,142246815.345007
"CPV",1981,139468209.116206
"CPV",1982,140630678.983478
"CPV",1983,138476175.620363
"CPV",1984,132019038.591628
"CPV",1985,137728204.813735
"CPV",1986,190651167.559385
"CPV",1987,235253064.70982
"CPV",1988,264308140.285149
"CPV",1989,267448571.414611
"CPV",1990,306890962.649533
"CPV",1991,319827058.592875
"CPV",1992,357160985.327413
"CPV",1993,490417389.682569
"CPV",1994,406580652.330537
"CPV",1995,487148993.533109
"CPV",1996,501979269.843942
"CPV",1997,490608657.924976
"CPV",1998,521910560.524868
"CPV",1999,592416703.058878
"CPV",2000,539227277.626411
"CPV",2001,563090490.377368
"CPV",2002,620507387.466174
"CPV",2003,813260468.873834
"CPV",2004,924940011.836897
"CPV",2005,972241676.907662
"CPV",2006,1107571457.90614
"CPV",2007,1649621738.63689
"CPV",2008,1959620648.31578
"CPV",2009,1852334575.17521
"CPV",2010,1824751467.92957
"CPV",2011,2046817987.20109
"CPV",2012,1913081210.41411
"CPV",2013,2028910915.16446
"CPV",2014,2041930125.42979
"CPV",2015,1749857620.35329
"CPV",2016,1849789992.7426
"CPV",2017,1996741544.61574
"CPV",2018,2205099509.15987
"CPV",2019,2252177133.74705
"CPV",2020,1821565617.6945
"CPV",2021,2051842609.64558
"CPV",2022,2247003347.63376
"CPV",2023,2533819406.4916
"CPV",2024,NA
"CRI",1960,507513829.994855
"CRI",1961,490325181.614275
"CRI",1962,479180824.348506
"CRI",1963,511902136.809973
"CRI",1964,542578367.242598
"CRI",1965,592981162.264151
"CRI",1966,647305630.188679
"CRI",1967,699456618.867925
"CRI",1968,773841494.339623
"CRI",1969,853630203.773585
"CRI",1970,984830158.490566
"CRI",1971,1077147537.52472
"CRI",1972,1238251695.55388
"CRI",1973,1528925846.25467
"CRI",1974,1666544754.09836
"CRI",1975,1960863465.5776
"CRI",1976,2412555425.90432
"CRI",1977,3072427012.83547
"CRI",1978,3523208809.80163
"CRI",1979,4035519323.22054
"CRI",1980,4831447001.16686
"CRI",1981,2623803095.78501
"CRI",1982,2606623554.56582
"CRI",1983,3146772630.77263
"CRI",1984,3660477856.22977
"CRI",1985,3919203960.39604
"CRI",1986,4418983870.96774
"CRI",1987,4532952047.15628
"CRI",1988,4614629898.40348
"CRI",1989,5251025767.47627
"CRI",1990,5711687786.75989
"CRI",1991,7215725487.30549
"CRI",1992,8579754757.93237
"CRI",1993,9564815975.14743
"CRI",1994,10489903725.0032
"CRI",1995,11578594259.8675
"CRI",1996,11678424507.2457
"CRI",1997,12614602382.2012
"CRI",1998,13684255946.5765
"CRI",1999,14254866284.6542
"CRI",2000,15013629661.8969
"CRI",2001,15976174336.9721
"CRI",2002,16578820687.2881
"CRI",2003,17271760506.9483
"CRI",2004,18610594846.2083
"CRI",2005,20040642476.9817
"CRI",2006,22715540324.3032
"CRI",2007,26884700709.3146
"CRI",2008,30801745700.4514
"CRI",2009,30745714312.6417
"CRI",2010,37658616951.8038
"CRI",2011,42762613698.9636
"CRI",2012,47231655431.7355
"CRI",2013,50949668841.6696
"CRI",2014,52016408854.2658
"CRI",2015,56441920820.5194
"CRI",2016,58847019609.6549
"CRI",2017,60516044656.5206
"CRI",2018,62420164991.5374
"CRI",2019,64417670521.3545
"CRI",2020,62395610760.0492
"CRI",2021,64960725734.1965
"CRI",2022,69243626028.5936
"CRI",2023,86497941439.0174
"CRI",2024,NA
"CSS",1960,641146358.588231
"CSS",1961,699601326.176699
"CSS",1962,750604794.623785
"CSS",1963,782562091.670508
"CSS",1964,849473871.829638
"CSS",1965,941356066.033614
"CSS",1966,1067294931.53703
"CSS",1967,1201948884.62111
"CSS",1968,1259162889.77069
"CSS",1969,1419535630.0383
"CSS",1970,1495110052.78147
"CSS",1971,1613161370.38002
"CSS",1972,1698692040.55074
"CSS",1973,1913764641.92038
"CSS",1974,2187691182.9013
"CSS",1975,2397842651.9493
"CSS",1976,2458775081.47749
"CSS",1977,2808968853.6789
"CSS",1978,3226380514.09272
"CSS",1979,3811626338.15546
"CSS",1980,4640496434.89829
"CSS",1981,4985368810.71414
"CSS",1982,5152277681.83995
"CSS",1983,5425283192.66286
"CSS",1984,5931964823.39849
"CSS",1985,6418682782.63947
"CSS",1986,6979226682.74972
"CSS",1987,7536665470.62585
"CSS",1988,8248794624.43129
"CSS",1989,8283187777.25416
"CSS",1990,8505740261.29832
"CSS",1991,8639379130.22872
"CSS",1992,8803913215.56088
"CSS",1993,9146907427.63178
"CSS",1994,9841850113.56279
"CSS",1995,10403406491.1197
"CSS",1996,11182904174.0661
"CSS",1997,14337614317.5769
"CSS",1998,15600545085.515
"CSS",1999,16585437189.6651
"CSS",2000,17471510858.4906
"CSS",2001,17643048266.6049
"CSS",2002,18692379239.4334
"CSS",2003,19254397501.9767
"CSS",2004,20288513843.515
"CSS",2005,22215175058.8425
"CSS",2006,25930657640.6854
"CSS",2007,28075119900.587
"CSS",2008,29403259497.5744
"CSS",2009,28715218885.0954
"CSS",2010,30378579903.7344
"CSS",2011,31032622591.1606
"CSS",2012,32709956406.1337
"CSS",2013,33069159224.9635
"CSS",2014,34129544764.2666
"CSS",2015,35085992997.3327
"CSS",2016,33933421225.4017
"CSS",2017,35438120141.0662
"CSS",2018,36727457619.9835
"CSS",2019,38046955433.6011
"CSS",2020,31763210392.7783
"CSS",2021,37091445807.6818
"CSS",2022,48740490013.1088
"CSS",2023,53296161046.3074
"CSS",2024,NA
"CUB",1960,NA
"CUB",1961,NA
"CUB",1962,NA
"CUB",1963,NA
"CUB",1964,NA
"CUB",1965,NA
"CUB",1966,NA
"CUB",1967,NA
"CUB",1968,NA
"CUB",1969,NA
"CUB",1970,5693005200
"CUB",1971,6914658400
"CUB",1972,8135150891.92025
"CUB",1973,9987709650.18094
"CUB",1974,11405957317.0732
"CUB",1975,13027415243.9024
"CUB",1976,13789579902.5579
"CUB",1977,14206158674.6988
"CUB",1978,17844705324.6753
"CUB",1979,19584443287.6712
"CUB",1980,19912889861.1111
"CUB",1981,20150254096.3855
"CUB",1982,20953510235.2941
"CUB",1983,22204940512.2235
"CUB",1984,24039383608.4235
"CUB",1985,22920490774.102
"CUB",1986,24226574634.0293
"CUB",1987,25213935012.0819
"CUB",1988,27458999472.2955
"CUB",1989,27023468665.8977
"CUB",1990,28645436569.1489
"CUB",1991,24316556025.6585
"CUB",1992,22085858243.2432
"CUB",1993,22367254864.8649
"CUB",1994,28448326756.7568
"CUB",1995,30429803651.2192
"CUB",1996,25017368700
"CUB",1997,25365908100
"CUB",1998,25736331200
"CUB",1999,28364615200
"CUB",2000,30565400000
"CUB",2001,31682400000
"CUB",2002,33590500000
"CUB",2003,35901200000
"CUB",2004,3.8203e+10
"CUB",2005,42643836100
"CUB",2006,48835925925.9259
"CUB",2007,54262870370.3704
"CUB",2008,56302129629.6296
"CUB",2009,57481481481.4815
"CUB",2010,59562962962.963
"CUB",2011,6.899e+10
"CUB",2012,7.3141e+10
"CUB",2013,7.7148e+10
"CUB",2014,80656100000
"CUB",2015,87132800000
"CUB",2016,91370407863.7
"CUB",2017,96850649691.7406
"CUB",2018,100050036096.123
"CUB",2019,103427600000
"CUB",2020,107351800000
"CUB",2021,NA
"CUB",2022,NA
"CUB",2023,NA
"CUB",2024,NA
"CUW",1960,NA
"CUW",1961,NA
"CUW",1962,NA
"CUW",1963,NA
"CUW",1964,NA
"CUW",1965,NA
"CUW",1966,NA
"CUW",1967,NA
"CUW",1968,NA
"CUW",1969,NA
"CUW",1970,NA
"CUW",1971,NA
"CUW",1972,NA
"CUW",1973,NA
"CUW",1974,NA
"CUW",1975,NA
"CUW",1976,NA
"CUW",1977,NA
"CUW",1978,NA
"CUW",1979,NA
"CUW",1980,NA
"CUW",1981,NA
"CUW",1982,NA
"CUW",1983,NA
"CUW",1984,NA
"CUW",1985,NA
"CUW",1986,NA
"CUW",1987,NA
"CUW",1988,NA
"CUW",1989,NA
"CUW",1990,NA
"CUW",1991,NA
"CUW",1992,NA
"CUW",1993,NA
"CUW",1994,NA
"CUW",1995,NA
"CUW",1996,NA
"CUW",1997,NA
"CUW",1998,NA
"CUW",1999,NA
"CUW",2000,2120511229.05028
"CUW",2001,2143450726.25698
"CUW",2002,2160784692.73743
"CUW",2003,2202117374.30168
"CUW",2004,2237160502.7933
"CUW",2005,2344637262.56983
"CUW",2006,2457581731.84358
"CUW",2007,2593831508.37989
"CUW",2008,2833476145.2514
"CUW",2009,2869153184.35754
"CUW",2010,2951342793.29609
"CUW",2011,2930092234.63687
"CUW",2012,3012836256.98324
"CUW",2013,3033568603.35196
"CUW",2014,3059406983.24022
"CUW",2015,3058779217.87709
"CUW",2016,3024690167.59777
"CUW",2017,3033433240.22346
"CUW",2018,3046364804.46927
"CUW",2019,3026124134.07821
"CUW",2020,2534327597.76536
"CUW",2021,2739608156.42458
"CUW",2022,3075180834.72417
"CUW",2023,3281419347.37053
"CUW",2024,NA
"CYM",1960,NA
"CYM",1961,NA
"CYM",1962,NA
"CYM",1963,NA
"CYM",1964,NA
"CYM",1965,NA
"CYM",1966,NA
"CYM",1967,NA
"CYM",1968,NA
"CYM",1969,NA
"CYM",1970,NA
"CYM",1971,NA
"CYM",1972,NA
"CYM",1973,NA
"CYM",1974,NA
"CYM",1975,NA
"CYM",1976,NA
"CYM",1977,NA
"CYM",1978,NA
"CYM",1979,NA
"CYM",1980,NA
"CYM",1981,NA
"CYM",1982,NA
"CYM",1983,NA
"CYM",1984,NA
"CYM",1985,NA
"CYM",1986,NA
"CYM",1987,NA
"CYM",1988,NA
"CYM",1989,NA
"CYM",1990,NA
"CYM",1991,NA
"CYM",1992,NA
"CYM",1993,NA
"CYM",1994,NA
"CYM",1995,NA
"CYM",1996,NA
"CYM",1997,NA
"CYM",1998,NA
"CYM",1999,NA
"CYM",2000,NA
"CYM",2001,NA
"CYM",2002,NA
"CYM",2003,NA
"CYM",2004,NA
"CYM",2005,NA
"CYM",2006,4200288241.15296
"CYM",2007,4466278065.11226
"CYM",2008,4585949023.79609
"CYM",2009,4281714566.85827
"CYM",2010,4156841107.36443
"CYM",2011,4186073104.29242
"CYM",2012,4291004524.0181
"CYM",2013,4405796023.18409
"CYM",2014,4562853611.41445
"CYM",2015,4708167232.66893
"CYM",2016,4909322237.28895
"CYM",2017,5166281305.12522
"CYM",2018,5530178440.71376
"CYM",2019,5941896607.58643
"CYM",2020,5655358021.43209
"CYM",2021,6060026520.10608
"CYM",2022,6600843963.37585
"CYM",2023,7139428557.71423
"CYM",2024,NA
"CYP",1960,NA
"CYP",1961,NA
"CYP",1962,NA
"CYP",1963,NA
"CYP",1964,NA
"CYP",1965,NA
"CYP",1966,NA
"CYP",1967,NA
"CYP",1968,NA
"CYP",1969,NA
"CYP",1970,NA
"CYP",1971,NA
"CYP",1972,NA
"CYP",1973,NA
"CYP",1974,NA
"CYP",1975,489912542.329518
"CYP",1976,576090016.356179
"CYP",1977,734876217.973362
"CYP",1978,964024705.282423
"CYP",1979,1288699035.40477
"CYP",1980,2154311276.94859
"CYP",1981,2087496373.77964
"CYP",1982,2159242416.76942
"CYP",1983,2160364071.19021
"CYP",1984,2278248953.14058
"CYP",1985,2430411900.19194
"CYP",1986,3090734463.27684
"CYP",1987,3704813885.50548
"CYP",1988,4278792597.23965
"CYP",1989,4563482603.5503
"CYP",1990,5591130217.66965
"CYP",1991,5770197348.48485
"CYP",1992,6912150456.32334
"CYP",1993,6590291048.29211
"CYP",1994,7425703928.57143
"CYP",1995,9933137128.07244
"CYP",1996,10011914680.0502
"CYP",1997,9547816419.61231
"CYP",1998,10248618778.2805
"CYP",1999,10497907227.616
"CYP",2000,9985847313.85485
"CYP",2001,10397898907.1038
"CYP",2002,11420228846.1538
"CYP",2003,14547329558.3239
"CYP",2004,17320551250
"CYP",2005,18433412510.8817
"CYP",2006,20072754986.8272
"CYP",2007,23968727073.6381
"CYP",2008,27844646257.507
"CYP",2009,26048179949.1741
"CYP",2010,25799940077.6075
"CYP",2011,27641547909.7011
"CYP",2012,25047436974.6819
"CYP",2013,23959712860.8331
"CYP",2014,23225918259.9824
"CYP",2015,19909278416.8575
"CYP",2016,21046462280.5979
"CYP",2017,22946570628.7576
"CYP",2018,25754001367.5448
"CYP",2019,26196667099.5303
"CYP",2020,25555093854.2968
"CYP",2021,30372874319.6285
"CYP",2022,30976176886.8521
"CYP",2023,33886930712.3394
"CYP",2024,NA
"CZE",1960,NA
"CZE",1961,NA
"CZE",1962,NA
"CZE",1963,NA
"CZE",1964,NA
"CZE",1965,NA
"CZE",1966,NA
"CZE",1967,NA
"CZE",1968,NA
"CZE",1969,NA
"CZE",1970,NA
"CZE",1971,NA
"CZE",1972,NA
"CZE",1973,NA
"CZE",1974,NA
"CZE",1975,NA
"CZE",1976,NA
"CZE",1977,NA
"CZE",1978,NA
"CZE",1979,NA
"CZE",1980,NA
"CZE",1981,NA
"CZE",1982,NA
"CZE",1983,NA
"CZE",1984,NA
"CZE",1985,NA
"CZE",1986,NA
"CZE",1987,NA
"CZE",1988,NA
"CZE",1989,NA
"CZE",1990,41016881802.4843
"CZE",1991,30071014282.3218
"CZE",1992,35051065440.3962
"CZE",1993,41155654032.1751
"CZE",1994,48188478339.4129
"CZE",1995,60572381311.2283
"CZE",1996,67804105329.8557
"CZE",1997,62539765163.1302
"CZE",1998,67187217327.7326
"CZE",1999,65586562604.8621
"CZE",2000,62175642238.0847
"CZE",2001,68135304463.9641
"CZE",2002,82607869609.574
"CZE",2003,100435924704.881
"CZE",2004,120147899983.657
"CZE",2005,137264185596.1
"CZE",2006,156236258386.589
"CZE",2007,190040702286.917
"CZE",2008,236506264753.95
"CZE",2009,206971882704.716
"CZE",2010,211168667286.27
"CZE",2011,231429378717.312
"CZE",2012,210363223087.728
"CZE",2013,213024360541.119
"CZE",2014,210911285077.683
"CZE",2015,189107698561.919
"CZE",2016,198160659303.939
"CZE",2017,221563575696.217
"CZE",2018,251992360762.236
"CZE",2019,256794209028.77
"CZE",2020,251109660602.536
"CZE",2021,290972714482.313
"CZE",2022,301831228325.556
"CZE",2023,343207874553.734
"CZE",2024,NA
"DEU",1960,84619845881.2608
"DEU",1961,96558204043.1028
"DEU",1962,105895435234.343
"DEU",1963,112232503744.1
"DEU",1964,123330404665.086
"DEU",1965,134774688191.161
"DEU",1966,143304275683.979
"DEU",1967,145100667772.69
"DEU",1968,156527292653.157
"DEU",1969,177733486326.06
"DEU",1970,216629229947.096
"DEU",1971,250900942396.699
"DEU",1972,300899944795.436
"DEU",1973,399833571167.215
"DEU",1974,446934971657.471
"DEU",1975,492434094920.105
"DEU",1976,521658712132.981
"DEU",1977,602698323085.993
"DEU",1978,743182891918.208
"DEU",1979,884574218333.155
"DEU",1980,953772499462.019
"DEU",1981,803404797057.551
"DEU",1982,779421633755.138
"DEU",1983,773507930294.906
"DEU",1984,727767760978.627
"DEU",1985,735218723093.277
"DEU",1986,1050092624515.9
"DEU",1987,1302932318824.81
"DEU",1988,1406367016371.53
"DEU",1989,1404092925205.45
"DEU",1990,1778162195860.07
"DEU",1991,1875792575132.59
"DEU",1992,2141377582968.07
"DEU",1993,2078954217437.6
"DEU",1994,2215282632276.73
"DEU",1995,2593053091306.13
"DEU",1996,2506576553158.31
"DEU",1997,2218790886532.82
"DEU",1998,2247760364565.97
"DEU",1999,2213873468586.88
"DEU",2000,1966980701145.1
"DEU",2001,1966381496641.73
"DEU",2002,2102350798305.89
"DEU",2003,2534715518349.01
"DEU",2004,2852317768061.78
"DEU",2005,2893393187361.87
"DEU",2006,3046308753670.58
"DEU",2007,3484056680854.91
"DEU",2008,3808786022312.5
"DEU",2009,3479800820863.28
"DEU",2010,3468154343000.01
"DEU",2011,3824828563521.41
"DEU",2012,3597896500945.31
"DEU",2013,3808086291482.36
"DEU",2014,3965800686309.79
"DEU",2015,3423568450957.03
"DEU",2016,3537784107980.55
"DEU",2017,3763092263752.95
"DEU",2018,4052008447223.53
"DEU",2019,3957208055215.68
"DEU",2020,3940142541354.1
"DEU",2021,4348297440387.53
"DEU",2022,4163596357879.39
"DEU",2023,4525703903627.53
"DEU",2024,NA
"DJI",1960,NA
"DJI",1961,NA
"DJI",1962,NA
"DJI",1963,NA
"DJI",1964,NA
"DJI",1965,NA
"DJI",1966,NA
"DJI",1967,NA
"DJI",1968,NA
"DJI",1969,NA
"DJI",1970,NA
"DJI",1971,NA
"DJI",1972,NA
"DJI",1973,NA
"DJI",1974,NA
"DJI",1975,NA
"DJI",1976,NA
"DJI",1977,NA
"DJI",1978,NA
"DJI",1979,NA
"DJI",1980,NA
"DJI",1981,NA
"DJI",1982,NA
"DJI",1983,NA
"DJI",1984,NA
"DJI",1985,340989527.967995
"DJI",1986,NA
"DJI",1987,373371738.286415
"DJI",1988,395794538.630775
"DJI",1989,409220087.102818
"DJI",1990,452328087.282876
"DJI",1991,462421998.525779
"DJI",1992,478058304.871118
"DJI",1993,466048469.22986
"DJI",1994,491689220.744875
"DJI",1995,497723960.589913
"DJI",1996,494004647.73437
"DJI",1997,502675542.001227
"DJI",1998,514267869.300758
"DJI",1999,536080148.097299
"DJI",2000,551230861.856505
"DJI",2001,572417440.820162
"DJI",2002,591122039.601398
"DJI",2003,622044665.515049
"DJI",2004,666072101.777505
"DJI",2005,708633194.726566
"DJI",2006,768873684.032838
"DJI",2007,847918929.107984
"DJI",2008,999105339.267729
"DJI",2009,1049110684.72493
"DJI",2010,1128611700.3618
"DJI",2011,1239144501.77525
"DJI",2012,1353632941.5207
"DJI",2013,2042817162.85639
"DJI",2014,2214679081.25658
"DJI",2015,2424391785.43897
"DJI",2016,2604955228.70117
"DJI",2017,2762581334.22612
"DJI",2018,2913466732.12507
"DJI",2019,3088853638.56832
"DJI",2020,3185150981.03207
"DJI",2021,3385825228.86997
"DJI",2022,3674298479.07676
"DJI",2023,4098530513.55777
"DJI",2024,NA
"DMA",1960,NA
"DMA",1961,NA
"DMA",1962,NA
"DMA",1963,NA
"DMA",1964,NA
"DMA",1965,NA
"DMA",1966,NA
"DMA",1967,NA
"DMA",1968,NA
"DMA",1969,NA
"DMA",1970,NA
"DMA",1971,NA
"DMA",1972,NA
"DMA",1973,NA
"DMA",1974,NA
"DMA",1975,NA
"DMA",1976,NA
"DMA",1977,45872947.4074074
"DMA",1978,57130215.5555556
"DMA",1979,55017758.8888889
"DMA",1980,72804653.3333333
"DMA",1981,82107391.1111111
"DMA",1982,89527576.6666667
"DMA",1983,98665191.4814815
"DMA",1984,109157070.740741
"DMA",1985,119491932.962963
"DMA",1986,135161958.518519
"DMA",1987,151868754.444444
"DMA",1988,171106184.074074
"DMA",1989,185137242.962963
"DMA",1990,201429629.62963
"DMA",1991,219762962.962963
"DMA",1992,234059259.259259
"DMA",1993,245525925.925926
"DMA",1994,264374074.074074
"DMA",1995,274522222.222222
"DMA",1996,292285185.185185
"DMA",1997,302988888.888889
"DMA",1998,322411111.111111
"DMA",1999,331759259.259259
"DMA",2000,333470370.37037
"DMA",2001,340203703.703704
"DMA",2002,333196296.296296
"DMA",2003,343311111.111111
"DMA",2004,367200000
"DMA",2005,364255555.555556
"DMA",2006,390251851.851852
"DMA",2007,421374074.074074
"DMA",2008,458188888.888889
"DMA",2009,489074074.074074
"DMA",2010,493825925.925926
"DMA",2011,501025925.925926
"DMA",2012,485996296.296296
"DMA",2013,498296296.296296
"DMA",2014,520429629.62963
"DMA",2015,540737037.037037
"DMA",2016,576229629.62963
"DMA",2017,521551851.851852
"DMA",2018,554770370.37037
"DMA",2019,611537037.037037
"DMA",2020,504214814.814815
"DMA",2021,555266666.666667
"DMA",2022,607159259.259259
"DMA",2023,653992592.592593
"DMA",2024,NA
"DNK",1960,6361166544.50349
"DNK",1961,7058361229.35415
"DNK",1962,7953274741.29303
"DNK",1963,8466044979.87996
"DNK",1964,9677401337.17309
"DNK",1965,10870670865.3211
"DNK",1966,11931740293.0378
"DNK",1967,13059064805.8774
"DNK",1968,13505574133.3333
"DNK",1969,15414902666.6667
"DNK",1970,17075457733.3333
"DNK",1971,19086192720.4664
"DNK",1972,23230667549.2496
"DNK",1973,30718181337.3006
"DNK",1974,34125712480.9267
"DNK",1975,40418967665.5877
"DNK",1976,44503607444.1687
"DNK",1977,49711709588.2196
"DNK",1978,60320089217.713
"DNK",1979,70393030602.547
"DNK",1980,70811287815.6106
"DNK",1981,61459941460.5385
"DNK",1982,60084214872.0657
"DNK",1983,60331158447.2389
"DNK",1984,58868891334.9941
"DNK",1985,62452421010.9094
"DNK",1986,87748695216.9077
"DNK",1987,109183446340.073
"DNK",1988,115540189705.118
"DNK",1989,112312200760.581
"DNK",1990,138217740684.484
"DNK",1991,139180507777.691
"DNK",1992,152966494259.538
"DNK",1993,143111306004.102
"DNK",1994,156017919221.457
"DNK",1995,184848481008.139
"DNK",1996,187481157845.724
"DNK",1997,173241365735.483
"DNK",1998,176877077513.133
"DNK",1999,177887720535.535
"DNK",2000,164043817223.59
"DNK",2001,164881594415.341
"DNK",2002,178788209558.311
"DNK",2003,218421193436.252
"DNK",2004,251986155630.852
"DNK",2005,265150087711.985
"DNK",2006,283386151543.687
"DNK",2007,320213157595.018
"DNK",2008,354979471960.142
"DNK",2009,322619152194.594
"DNK",2010,322345594075.47
"DNK",2011,344315595263.175
"DNK",2012,326792574244.963
"DNK",2013,344631016965.12
"DNK",2014,352832602064.452
"DNK",2015,301758922337.637
"DNK",2016,312181849372.233
"DNK",2017,331610593961.988
"DNK",2018,355293374912.393
"DNK",2019,345401473012.615
"DNK",2020,355631021931.621
"DNK",2021,408378204639.999
"DNK",2022,401945576107.963
"DNK",2023,407091920305.404
"DNK",2024,NA
"DOM",1960,672399700
"DOM",1961,654100200
"DOM",1962,824100000
"DOM",1963,940799900
"DOM",1964,1025599900
"DOM",1965,888100000
"DOM",1966,983900000
"DOM",1967,1034800000
"DOM",1968,1079100000
"DOM",1969,1230500000
"DOM",1970,1485500000
"DOM",1971,1666500000
"DOM",1972,1987400000
"DOM",1973,2344800000
"DOM",1974,2925700000
"DOM",1975,3599200000
"DOM",1976,3951500000
"DOM",1977,4587100000
"DOM",1978,4734400000
"DOM",1979,5498800000
"DOM",1980,6761300000
"DOM",1981,7561300000
"DOM",1982,8267400000
"DOM",1983,9220600000
"DOM",1984,1.1594e+10
"DOM",1985,5044579979.23285
"DOM",1986,6122128557.57243
"DOM",1987,5827050753.25937
"DOM",1988,5374299981.49698
"DOM",1989,6686593059.93691
"DOM",1990,7073675544.79021
"DOM",1991,9824483339.94518
"DOM",1992,11605382504
"DOM",1993,13081042400
"DOM",1994,14644734599.4778
"DOM",1995,16637370839.1608
"DOM",1996,18241622547.5908
"DOM",1997,20017450041.3075
"DOM",1998,21672215546.7642
"DOM",1999,22136579396.9218
"DOM",2000,24305780628.6677
"DOM",2001,25601823687.5742
"DOM",2002,27137440786.2562
"DOM",2003,21403167848.1444
"DOM",2004,22322387382.494
"DOM",2005,35777560683.9366
"DOM",2006,37879830084.2627
"DOM",2007,43965458508.5056
"DOM",2008,48122601530.3324
"DOM",2009,48261078913.7266
"DOM",2010,53860187257.9593
"DOM",2011,58029773599.455
"DOM",2012,60681535652.5373
"DOM",2013,62682159338.0354
"DOM",2014,67179955677.2791
"DOM",2015,71164826836.5281
"DOM",2016,75704647877.6559
"DOM",2017,79998046305.79
"DOM",2018,85555390139.118
"DOM",2019,88941372558.2397
"DOM",2020,78844656298.1776
"DOM",2021,94243425938.3647
"DOM",2022,113537368176.13
"DOM",2023,121444279313.931
"DOM",2024,NA
"DZA",1960,2723615451.30098
"DZA",1961,2434747055.94018
"DZA",1962,2001444543.91885
"DZA",1963,2702982017.63803
"DZA",1964,2909316435.2874
"DZA",1965,3136284306.85469
"DZA",1966,3039859187.45164
"DZA",1967,3370870376.29682
"DZA",1968,3852147026.77302
"DZA",1969,4257253264.08834
"DZA",1970,4863526896.57407
"DZA",1971,5077183093.88968
"DZA",1972,6766743956.88889
"DZA",1973,8707858912.12481
"DZA",1974,13209871625.9044
"DZA",1975,15557902754.033
"DZA",1976,17728240932.3158
"DZA",1977,20972113684.9558
"DZA",1978,26364491313.4471
"DZA",1979,33243706859.6596
"DZA",1980,42345829079.2062
"DZA",1981,44348590460.9288
"DZA",1982,45207167470.3497
"DZA",1983,48801369800.3675
"DZA",1984,53698548293.0745
"DZA",1985,57937868670.1937
"DZA",1986,63692007897.3834
"DZA",1987,66745818375.493
"DZA",1988,59089396860.4342
"DZA",1989,55634721572.7343
"DZA",1990,62048507531.3357
"DZA",1991,45715676428.2766
"DZA",1992,48003133346.9957
"DZA",1993,49945584452.6506
"DZA",1994,42543176828.9237
"DZA",1995,41764291671.7711
"DZA",1996,46941554225.3581
"DZA",1997,48177612042.1507
"DZA",1998,48187781984.4881
"DZA",1999,48640671734.9711
"DZA",2000,54790398570.3282
"DZA",2001,59413400923.6364
"DZA",2002,61516103406.1688
"DZA",2003,73482264190.9245
"DZA",2004,91913680985.1708
"DZA",2005,107046618669.707
"DZA",2006,123084258693.01
"DZA",2007,142482739809.849
"DZA",2008,180383848331.135
"DZA",2009,150317292079.359
"DZA",2010,177785053939.531
"DZA",2011,218331946925.304
"DZA",2012,227143746075.934
"DZA",2013,229701430292.157
"DZA",2014,238942664192.59
"DZA",2015,187493855609.345
"DZA",2016,180763839522.151
"DZA",2017,189880896903.073
"DZA",2018,194554483655.528
"DZA",2019,193459662090.677
"DZA",2020,164873415325.201
"DZA",2021,186231205262.082
"DZA",2022,225638456572.143
"DZA",2023,247626161016.414
"DZA",2024,NA
"EAP",1960,80752362533.5747
"EAP",1961,71139478707.1349
"EAP",1962,64884938431.8407
"EAP",1963,70180391290.8684
"EAP",1964,81068677593.12
"EAP",1965,94462962774.4066
"EAP",1966,103347773512.512
"EAP",1967,100343693079.059
"EAP",1968,101445476912.458
"EAP",1969,114074715846.225
"EAP",1970,127031393750.399
"EAP",1971,136421043650.901
"EAP",1972,155334817415.349
"EAP",1973,195394493447.489
"EAP",1974,221436006090.228
"EAP",1975,248514352822.298
"EAP",1976,252685466658.846
"EAP",1977,291242349028.915
"EAP",1978,282672809916.163
"EAP",1979,327297318306.001
"EAP",1980,377610746551.367
"EAP",1981,403201887097.025
"EAP",1982,423461067062.817
"EAP",1983,443397036708.905
"EAP",1984,480418961340.881
"EAP",1985,526023424498.683
"EAP",1986,524630001202.246
"EAP",1987,518550689298.529
"EAP",1988,575590941895.734
"EAP",1989,622222779778.257
"EAP",1990,666707042108.965
"EAP",1991,723516368886.755
"EAP",1992,811406037169.03
"EAP",1993,890617970595.173
"EAP",1994,1071870810483.26
"EAP",1995,1322030872193.59
"EAP",1996,1518329454783.52
"EAP",1997,1570608601735.38
"EAP",1998,1433203421342.46
"EAP",1999,1577918021912.85
"EAP",2000,1736183129453.76
"EAP",2001,1847281359888.64
"EAP",2002,2044577363437.31
"EAP",2003,2314251832220.05
"EAP",2004,2683483098763.17
"EAP",2005,3108469305951.51
"EAP",2006,3743852184651.42
"EAP",2007,4733264174584.29
"EAP",2008,5988921430189.72
"EAP",2009,6493362123631.13
"EAP",2010,7903112357496.09
"EAP",2011,9653901165350.29
"EAP",2012,10763685249440
"EAP",2013,11874646667396.6
"EAP",2014,12805534721608.4
"EAP",2015,13329363887708.5
"EAP",2016,13621109083386.3
"EAP",2017,14888272499556.8
"EAP",2018,16648930593614.8
"EAP",2019,17222812070662.6
"EAP",2020,17496305186280.5
"EAP",2021,20849863760041.9
"EAP",2022,21124945071215.4
"EAP",2023,21162836277192.4
"EAP",2024,NA
"EAR",1960,151408515299.426
"EAR",1961,161302482593.386
"EAR",1962,165738639752.642
"EAR",1963,175832421253.226
"EAR",1964,201669284249.456
"EAR",1965,218788604348.106
"EAR",1966,216713742249.672
"EAR",1967,228806203816.003
"EAR",1968,249440275282.057
"EAR",1969,278740275609.831
"EAR",1970,296687834652.175
"EAR",1971,319406668038.718
"EAR",1972,352484048932.354
"EAR",1973,451082815549.183
"EAR",1974,632426283024.04
"EAR",1975,677078900559.927
"EAR",1976,739715112895.126
"EAR",1977,827152414030.222
"EAR",1978,945398938517.109
"EAR",1979,1112650709027.99
"EAR",1980,1383146100610.71
"EAR",1981,1532276754847.6
"EAR",1982,1461131232597.51
"EAR",1983,1474565522460.25
"EAR",1984,1495538432992.86
"EAR",1985,1491378555695.43
"EAR",1986,1498939065691.04
"EAR",1987,1522999597560.81
"EAR",1988,1607487052573.31
"EAR",1989,1635214261172.25
"EAR",1990,1916507382316.01
"EAR",1991,2032922714756.69
"EAR",1992,2208642351546.72
"EAR",1993,2382542937898.92
"EAR",1994,2502477905739.77
"EAR",1995,2551929065600.46
"EAR",1996,2767603354482.59
"EAR",1997,2955980119905.03
"EAR",1998,2921200737480.95
"EAR",1999,3090347267190.7
"EAR",2000,3377596807804.83
"EAR",2001,3351041297124.39
"EAR",2002,3255022098356.48
"EAR",2003,3621672593945.36
"EAR",2004,4208355525102.01
"EAR",2005,4895441112536.1
"EAR",2006,5597698102028.94
"EAR",2007,6626614690968.57
"EAR",2008,7456245069316.38
"EAR",2009,7173658125839.24
"EAR",2010,8713511453933.71
"EAR",2011,9822753831818.62
"EAR",2012,10268569123152
"EAR",2013,10421356125925.3
"EAR",2014,10776375021903.6
"EAR",2015,10246602222996.3
"EAR",2016,10547190614053
"EAR",2017,11448641742933.2
"EAR",2018,11610507701898.7
"EAR",2019,11834959859719.9
"EAR",2020,11006437195990.5
"EAR",2021,12811302058068.8
"EAR",2022,14147623772391.9
"EAR",2023,14945896099125.4
"EAR",2024,NA
"EAS",1960,157146103914.433
"EAS",1961,158406594384.514
"EAS",1962,162133212500.345
"EAS",1963,180953395655.592
"EAS",1964,207763121785.189
"EAS",1965,231255277193.422
"EAS",1966,258760858790.144
"EAS",1967,281216039492.687
"EAS",1968,310689490692.049
"EAS",1969,358262363039.193
"EAS",1970,412623979689.657
"EAS",1971,458538537862.755
"EAS",1972,570106282930.724
"EAS",1973,751498531879.999
"EAS",1974,867035721570.467
"EAS",1975,948871294496.705
"EAS",1976,1043717545493.49
"EAS",1977,1243781693598.07
"EAS",1978,1571207808125.54
"EAS",1979,1706323133768.95
"EAS",1980,1845993036855.95
"EAS",1981,2033286438994.54
"EAS",1982,1991572944986.87
"EAS",1983,2119691197704.64
"EAS",1984,2267443690541.85
"EAS",1985,2391532033085.63
"EAS",1986,3125582987245.32
"EAS",1987,3669656908739.58
"EAS",1988,4410968845344.45
"EAS",1989,4592729769987.81
"EAS",1990,4793478723956.31
"EAS",1991,5415422203781.87
"EAS",1992,5919390903662.95
"EAS",1993,6621549263649.79
"EAS",1994,7406773345229.26
"EAS",1995,8410571059755.29
"EAS",1996,8104052553434.5
"EAS",1997,7746408365377.98
"EAS",1998,6933224748775.03
"EAS",1999,7745113386044.48
"EAS",2000,8377973566013.96
"EAS",2001,7790170401820.93
"EAS",2002,7913466252859.02
"EAS",2003,8703213788319.02
"EAS",2004,9759733268577.71
"EAS",2005,10413111385434
"EAS",2006,11037062473786.6
"EAS",2007,12333826277301.9
"EAS",2008,14223506974109.1
"EAS",2009,14633924802510.1
"EAS",2010,17080574558951.9
"EAS",2011,19800048149685.3
"EAS",2012,21177835969896.8
"EAS",2013,21415690682394
"EAS",2014,22094710753929.9
"EAS",2015,22000917165875.9
"EAS",2016,22781793863032
"EAS",2017,24334957894980.2
"EAS",2018,26494505143186.8
"EAS",2019,27040135154758.5
"EAS",2020,27163485040463.8
"EAS",2021,31155716955057.3
"EAS",2022,30673443320595.9
"EAS",2023,30780176881541.3
"EAS",2024,NA
"ECA",1960,NA
"ECA",1961,NA
"ECA",1962,NA
"ECA",1963,NA
"ECA",1964,NA
"ECA",1965,NA
"ECA",1966,NA
"ECA",1967,NA
"ECA",1968,NA
"ECA",1969,NA
"ECA",1970,NA
"ECA",1971,NA
"ECA",1972,NA
"ECA",1973,NA
"ECA",1974,NA
"ECA",1975,NA
"ECA",1976,NA
"ECA",1977,NA
"ECA",1978,NA
"ECA",1979,NA
"ECA",1980,NA
"ECA",1981,NA
"ECA",1982,NA
"ECA",1983,NA
"ECA",1984,NA
"ECA",1985,NA
"ECA",1986,NA
"ECA",1987,237833395990.422
"ECA",1988,263708576305.415
"ECA",1989,299411755950.951
"ECA",1990,358223680903.314
"ECA",1991,345019442258.667
"ECA",1992,332222890899.639
"ECA",1993,343131477568.842
"ECA",1994,268768053602.038
"ECA",1995,307712493377.113
"ECA",1996,326484068631.104
"ECA",1997,346373039221.733
"ECA",1998,421243450519.977
"ECA",1999,384142293366.911
"ECA",2000,390704738797.439
"ECA",2001,335072894898.88
"ECA",2002,389839137391.699
"ECA",2003,497108250027.864
"ECA",2004,639831518379.5
"ECA",2005,796696338766.086
"ECA",2006,926798024731.676
"ECA",2007,1167198478790.75
"ECA",2008,1397090597744.86
"ECA",2009,1164934295264.88
"ECA",2010,1379346554033.58
"ECA",2011,1568792048512.52
"ECA",2012,1654300745953.37
"ECA",2013,1804347189304.89
"ECA",2014,1731766323586.51
"ECA",2015,1509288407449.5
"ECA",2016,1448928141199.81
"ECA",2017,1494523919239.57
"ECA",2018,1468176944855.79
"ECA",2019,1498314054530.37
"ECA",2020,1437142037120.74
"ECA",2021,1670340541088.59
"ECA",2022,1817978495944.86
"ECA",2023,2129704371516.14
"ECA",2024,NA
"ECS",1960,426424801995.06
"ECS",1961,469110075856.153
"ECS",1962,513039887672.594
"ECS",1963,561049368761.041
"ECS",1964,620035842389.634
"ECS",1965,676117339709.505
"ECS",1966,731240203642.53
"ECS",1967,776910516817.874
"ECS",1968,818392692177.864
"ECS",1969,907615339286.634
"ECS",1970,1020352535511.09
"ECS",1971,1151506884356.91
"ECS",1972,1381156796872.97
"ECS",1973,1757544418877.75
"ECS",1974,1986167093576.95
"ECS",1975,2318870760466.38
"ECS",1976,2411462167204.36
"ECS",1977,2728317589126.35
"ECS",1978,3344222975779.25
"ECS",1979,4077511965685.78
"ECS",1980,4609164721983.18
"ECS",1981,4105639732368.12
"ECS",1982,3957137122960.08
"ECS",1983,3837844111824.94
"ECS",1984,3689423954065.11
"ECS",1985,3817469397592.27
"ECS",1986,5207430125479.37
"ECS",1987,6431600118165.86
"ECS",1988,7161657021408.46
"ECS",1989,7257556668780.47
"ECS",1990,8870724540299.07
"ECS",1991,9140433958636.46
"ECS",1992,9789427826745.01
"ECS",1993,8994844008368.26
"ECS",1994,9408470402122.67
"ECS",1995,10871039436647.3
"ECS",1996,11095956526287.3
"ECS",1997,10524197100057.7
"ECS",1998,10795113070818.6
"ECS",1999,10686910522225.9
"ECS",2000,10077566274954.8
"ECS",2001,10181970704338.6
"ECS",2002,11150951940750.1
"ECS",2003,13559252998387.9
"ECS",2004,15805048200655.6
"ECS",2005,16824448818821.7
"ECS",2006,18222775631109.8
"ECS",2007,21289536619062.5
"ECS",2008,23432969900878.2
"ECS",2009,20628513280004.2
"ECS",2010,21103185874675.7
"ECS",2011,23416508402799.4
"ECS",2012,22545178145610.6
"ECS",2013,23559065858572.4
"ECS",2014,23897449147365
"ECS",2015,20583236057318.3
"ECS",2016,20511321020005.8
"ECS",2017,21765864936203.9
"ECS",2018,23306311175509.3
"ECS",2019,23031892537932.9
"ECS",2020,22286624242751.4
"ECS",2021,25523993209132.2
"ECS",2022,25662572829777.2
"ECS",2023,27554069781140.1
"ECS",2024,NA
"ECU",1960,2069464937.19791
"ECU",1961,1753850955.05808
"ECU",1962,1518207703.48997
"ECU",1963,1824343870.71407
"ECU",1964,2244146102.98333
"ECU",1965,2387047395.70254
"ECU",1966,2429308638.838
"ECU",1967,2553595172.08743
"ECU",1968,2582179864.15493
"ECU",1969,3112165727.38342
"ECU",1970,2862503139.00358
"ECU",1971,2754219271.03082
"ECU",1972,3185986087.33583
"ECU",1973,3891754150.23796
"ECU",1974,6599257044.12414
"ECU",1975,7731674472.07212
"ECU",1976,9091921030.17345
"ECU",1977,11026342618.1141
"ECU",1978,11922497876.4828
"ECU",1979,14175160902.0721
"ECU",1980,17881508242.4481
"ECU",1981,21810759353.7304
"ECU",1982,19929846396.4239
"ECU",1983,17152477036.5005
"ECU",1984,16912509091.855
"ECU",1985,17149088413.35
"ECU",1986,15314138472.3282
"ECU",1987,13945426859.4657
"ECU",1988,13051881851.4068
"ECU",1989,13890823704.5545
"ECU",1990,15239272611.5809
"ECU",1991,16988535267.6338
"ECU",1992,18094238119.0595
"ECU",1993,18938717358.6793
"ECU",1994,22708673336.6683
"ECU",1995,24432884442.2211
"ECU",1996,25226393196.5983
"ECU",1997,28162053026.5133
"ECU",1998,27981896948.4742
"ECU",1999,19645272636.3182
"ECU",2000,17539454727.3637
"ECU",2001,23127055000
"ECU",2002,27054197000
"ECU",2003,30965208000
"ECU",2004,35194947000
"ECU",2005,40278849000
"ECU",2006,45690762000
"ECU",2007,49848725000
"ECU",2008,61139438000
"ECU",2009,60094978000
"ECU",2010,68151329000
"ECU",2011,78986648000
"ECU",2012,87735048000
"ECU",2013,96570334000
"ECU",2014,102717794000
"ECU",2015,97209558000
"ECU",2016,97671433000
"ECU",2017,104467486000
"ECU",2018,107478962000
"ECU",2019,107595829000
"ECU",2020,95865472000
"ECU",2021,107435101000
"ECU",2022,116586079000
"ECU",2023,118844826000
"ECU",2024,NA
"EGY",1960,4206270175.31699
"EGY",1961,4494575422.17787
"EGY",1962,4035461921.91963
"EGY",1963,4187146119.1343
"EGY",1964,4709245635.2252
"EGY",1965,4948667540.41066
"EGY",1966,5278005611.91453
"EGY",1967,5605484298.98275
"EGY",1968,5932242990.65421
"EGY",1969,6524455205.81114
"EGY",1970,8042200452.1477
"EGY",1971,8609283346.08518
"EGY",1972,9299638055.84281
"EGY",1973,10098534613.4411
"EGY",1974,9228963224.60004
"EGY",1975,11632178868.9171
"EGY",1976,13315988083.4161
"EGY",1977,14400806875.9867
"EGY",1978,14811704063.0685
"EGY",1979,18020571428.5714
"EGY",1980,21669908176.3889
"EGY",1981,22136081081.0811
"EGY",1982,27655172413.7931
"EGY",1983,30966239813.7369
"EGY",1984,33971188991.6147
"EGY",1985,39053502251.0732
"EGY",1986,41253507951.3564
"EGY",1987,40455616653.5742
"EGY",1988,34980124929.0176
"EGY",1989,39756299049.9793
"EGY",1990,42978914311.3504
"EGY",1991,37387836490.5284
"EGY",1992,41855986519.4235
"EGY",1993,46578631452.581
"EGY",1994,51897983392.6453
"EGY",1995,60159245060.4541
"EGY",1996,67629716981.1321
"EGY",1997,78436578171.0914
"EGY",1998,84828807556.0803
"EGY",1999,90710704806.8416
"EGY",2000,99838543960.0763
"EGY",2001,96684636118.5984
"EGY",2002,85146067415.7303
"EGY",2003,80288461538.4615
"EGY",2004,78782467532.4675
"EGY",2005,89600665557.4043
"EGY",2006,107426086956.522
"EGY",2007,130437828371.278
"EGY",2008,162818181818.182
"EGY",2009,189147005444.646
"EGY",2010,218983666061.706
"EGY",2011,235989672977.625
"EGY",2012,279116666666.667
"EGY",2013,288434108527.132
"EGY",2014,305595408895.265
"EGY",2015,329366576819.407
"EGY",2016,332441717791.411
"EGY",2017,248362771739.13
"EGY",2018,262588632526.73
"EGY",2019,318678815489.749
"EGY",2020,383817841547.099
"EGY",2021,424671765455.704
"EGY",2022,476747720364.742
"EGY",2023,396002496996.96
"EGY",2024,NA
"EMU",1960,251413246919.607
"EMU",1961,279722204488.921
"EMU",1962,309382572881.59
"EMU",1963,340512613271.491
"EMU",1964,377249606355.391
"EMU",1965,412364260985.064
"EMU",1966,446134400109.813
"EMU",1967,474086978866.44
"EMU",1968,509702253286.107
"EMU",1969,569431846512.863
"EMU",1970,645110104106.961
"EMU",1971,731195960171.464
"EMU",1972,883508228670.426
"EMU",1973,1147307562029.17
"EMU",1974,1301008237302.25
"EMU",1975,1507218903134.97
"EMU",1976,1573328258218.38
"EMU",1977,1790460772983.48
"EMU",1978,2191877722879.3
"EMU",1979,2655412249849.02
"EMU",1980,2973694924704.06
"EMU",1981,2583763815706.43
"EMU",1982,2500976096295.6
"EMU",1983,2440096224917.17
"EMU",1984,2341108055048.04
"EMU",1985,2404986753126.31
"EMU",1986,3377295853205.63
"EMU",1987,4177529771559.66
"EMU",1988,4594903616792.62
"EMU",1989,4693107412945.51
"EMU",1990,5905615268334.65
"EMU",1991,6127707302272.42
"EMU",1992,6750506226887.9
"EMU",1993,6180487034478.01
"EMU",1994,6531158636793.26
"EMU",1995,7540043683934.17
"EMU",1996,7629500965928.12
"EMU",1997,6977670456654.69
"EMU",1998,7174357590915.35
"EMU",1999,7148860287676.91
"EMU",2000,6528628818219.35
"EMU",2001,6631899418122.65
"EMU",2002,7241862821254.28
"EMU",2003,8921228122867.81
"EMU",2004,10231007047364.3
"EMU",2005,10611825457676.7
"EMU",2006,11288306909760.6
"EMU",2007,13000319190760
"EMU",2008,14296312713424
"EMU",2009,13084338473244.4
"EMU",2010,12786064520090.9
"EMU",2011,13810192245254.4
"EMU",2012,12786713590087.7
"EMU",2013,13358729082792.6
"EMU",2014,13683290663997.8
"EMU",2015,11828599572765.4
"EMU",2016,12124585812206.7
"EMU",2017,12839881576234.5
"EMU",2018,13867949267318.1
"EMU",2019,13587020300289.4
"EMU",2020,13266857904728
"EMU",2021,14917737268178.2
"EMU",2022,14452048668851
"EMU",2023,15780686672317.3
"EMU",2024,NA
"ERI",1960,NA
"ERI",1961,NA
"ERI",1962,NA
"ERI",1963,NA
"ERI",1964,NA
"ERI",1965,NA
"ERI",1966,NA
"ERI",1967,NA
"ERI",1968,NA
"ERI",1969,NA
"ERI",1970,NA
"ERI",1971,NA
"ERI",1972,NA
"ERI",1973,NA
"ERI",1974,NA
"ERI",1975,NA
"ERI",1976,NA
"ERI",1977,NA
"ERI",1978,NA
"ERI",1979,NA
"ERI",1980,NA
"ERI",1981,NA
"ERI",1982,NA
"ERI",1983,NA
"ERI",1984,NA
"ERI",1985,NA
"ERI",1986,NA
"ERI",1987,NA
"ERI",1988,NA
"ERI",1989,NA
"ERI",1990,NA
"ERI",1991,NA
"ERI",1992,477101651.648376
"ERI",1993,467872714.755603
"ERI",1994,531688311.688312
"ERI",1995,578015625
"ERI",1996,693535954.190067
"ERI",1997,686490090.140141
"ERI",1998,745523116.900052
"ERI",1999,688918537.115555
"ERI",2000,706370815.584416
"ERI",2001,752371688.743186
"ERI",2002,729321680.154324
"ERI",2003,870248267.550163
"ERI",2004,1109054005.43971
"ERI",2005,1098424685.66169
"ERI",2006,1211161879.6748
"ERI",2007,1317974491.05691
"ERI",2008,1380188800
"ERI",2009,1856695551.21951
"ERI",2010,1589515447.15447
"ERI",2011,2065001626.01626
"ERI",2012,NA
"ERI",2013,NA
"ERI",2014,NA
"ERI",2015,NA
"ERI",2016,NA
"ERI",2017,NA
"ERI",2018,NA
"ERI",2019,NA
"ERI",2020,NA
"ERI",2021,NA
"ERI",2022,NA
"ERI",2023,NA
"ERI",2024,NA
"ESP",1960,12424514013.7604
"ESP",1961,14238126759.7335
"ESP",1962,16609632790.5843
"ESP",1963,19631714759.6491
"ESP",1964,21966876027.2517
"ESP",1965,25479619606.5284
"ESP",1966,29559436182.9186
"ESP",1967,32570905397.2885
"ESP",1968,32394326463.759
"ESP",1969,37090689287.8552
"ESP",1970,40963715236.5106
"ESP",1971,46586119760.479
"ESP",1972,59090176028.993
"ESP",1973,78583355225.5854
"ESP",1974,97204522642.0536
"ESP",1975,114695060869.565
"ESP",1976,118422534195.474
"ESP",1977,132354665936.473
"ESP",1978,160484969618.056
"ESP",1979,214448666336.143
"ESP",1980,232600556973.776
"ESP",1981,202663023968.283
"ESP",1982,195856752991.065
"ESP",1983,170829074245.94
"ESP",1984,171979977230.387
"ESP",1985,180664322896.282
"ESP",1986,251141555185.933
"ESP",1987,318520253335.13
"ESP",1988,375891716897.586
"ESP",1989,414460794096.978
"ESP",1990,536175326477.31
"ESP",1991,576753902321.857
"ESP",1992,630465353486.104
"ESP",1993,524700572623.872
"ESP",1994,530183651720.283
"ESP",1995,614170002668.802
"ESP",1996,642251412058.321
"ESP",1997,589739772727.273
"ESP",1998,618731484575.12
"ESP",1999,634394904386.874
"ESP",2000,598102854756.08
"ESP",2001,627798682378.741
"ESP",2002,708938227243.923
"ESP",2003,907963217057.645
"ESP",2004,1069829382514.67
"ESP",2005,1154667551775.88
"ESP",2006,1261846683275.29
"ESP",2007,1476746276854.51
"ESP",2008,1636115447612.5
"ESP",2009,1496587590847.66
"ESP",2010,1427989078916.67
"ESP",2011,1487568659241.25
"ESP",2012,1330994811670.31
"ESP",2013,1362186923157.65
"ESP",2014,1380244561361.96
"ESP",2015,1206164777553.12
"ESP",2016,1243015667917.12
"ESP",2017,1321754088818.83
"ESP",2018,1431642809327.06
"ESP",2019,1403496387686.27
"ESP",2020,1289783836971.21
"ESP",2021,1461244901852.69
"ESP",2022,1446498147749.03
"ESP",2023,1620090734956.89
"ESP",2024,NA
"EST",1960,NA
"EST",1961,NA
"EST",1962,NA
"EST",1963,NA
"EST",1964,NA
"EST",1965,NA
"EST",1966,NA
"EST",1967,NA
"EST",1968,NA
"EST",1969,NA
"EST",1970,NA
"EST",1971,NA
"EST",1972,NA
"EST",1973,NA
"EST",1974,NA
"EST",1975,NA
"EST",1976,NA
"EST",1977,NA
"EST",1978,NA
"EST",1979,NA
"EST",1980,NA
"EST",1981,NA
"EST",1982,NA
"EST",1983,NA
"EST",1984,NA
"EST",1985,NA
"EST",1986,NA
"EST",1987,NA
"EST",1988,NA
"EST",1989,NA
"EST",1990,NA
"EST",1991,NA
"EST",1992,NA
"EST",1993,4013091682.2914
"EST",1994,4123011419.74174
"EST",1995,4502970889.06373
"EST",1996,4786018988.16491
"EST",1997,5154420649.23354
"EST",1998,5674080542.88575
"EST",1999,5756912265.75809
"EST",2000,5686579747.53524
"EST",2001,6250218422.70164
"EST",2002,7370119619.4782
"EST",2003,9876595528.45528
"EST",2004,12148595031.0559
"EST",2005,14109491356.7964
"EST",2006,17025671810.3124
"EST",2007,22450264166.4385
"EST",2008,24342935403.5447
"EST",2009,19633984440.1223
"EST",2010,19524355419.038
"EST",2011,23303915794.7569
"EST",2012,23237406116.3988
"EST",2013,25451032780.7573
"EST",2014,27055689003.0038
"EST",2015,23311847750.9394
"EST",2016,24561027787.7896
"EST",2017,27469461919.1189
"EST",2018,31222632740.7247
"EST",2019,31873748770.0313
"EST",2020,31820771493.8974
"EST",2021,37204563051.4723
"EST",2022,38376046174.971
"EST",2023,41291245222.1948
"EST",2024,NA
"ETH",1960,1610511693.84215
"ETH",1961,1680859514.1016
"ETH",1962,1747566307.0997
"ETH",1963,1825058827.83853
"ETH",1964,1984129185.6
"ETH",1965,2159998591.2
"ETH",1966,2324466416
"ETH",1967,2461762002.8
"ETH",1968,2619948864.8
"ETH",1969,2768987372
"ETH",1970,3045354454.8
"ETH",1971,3224280834.97092
"ETH",1972,3520252938.26087
"ETH",1973,4070570549.8642
"ETH",1974,4577209966.18358
"ETH",1975,4577047854.10628
"ETH",1976,4943806093.23672
"ETH",1977,5651840584.54106
"ETH",1978,6014961434.78261
"ETH",1979,6586048398.06763
"ETH",1980,7012585454.10628
"ETH",1981,7507663566.66667
"ETH",1982,7899988840.57971
"ETH",1983,8781664427.05314
"ETH",1984,8298309580.67633
"ETH",1985,9717392686.95652
"ETH",1986,10094328898.0676
"ETH",1987,10790001557.971
"ETH",1988,11181119717.8744
"ETH",1989,11762932007.2464
"ETH",1990,12478943895.1691
"ETH",1991,13799799323.6715
"ETH",1992,10754799036.5745
"ETH",1993,9051043870.12197
"ETH",1994,7100806753.92942
"ETH",1995,7855205206.93405
"ETH",1996,8761215548.48614
"ETH",1997,8803539988.33248
"ETH",1998,8013274131.69715
"ETH",1999,7892973531.80045
"ETH",2000,8242349617.8638
"ETH",2001,8231326016.47494
"ETH",2002,7850809498.16803
"ETH",2003,8623691300.04079
"ETH",2004,10131187261.4421
"ETH",2005,12401139453.9738
"ETH",2006,15280861834.6024
"ETH",2007,19707616772.7996
"ETH",2008,27066912635.2228
"ETH",2009,32437389116.038
"ETH",2010,29933790334.3418
"ETH",2011,31952763089.33
"ETH",2012,43310721414.0829
"ETH",2013,47648276605.0123
"ETH",2014,55612228233.5179
"ETH",2015,64589328550.5953
"ETH",2016,74296745207.8721
"ETH",2017,81770886825.6048
"ETH",2018,84269196625.8784
"ETH",2019,95912607722.3032
"ETH",2020,107657734392.446
"ETH",2021,111261882958.426
"ETH",2022,126772703047.701
"ETH",2023,163697927593.982
"ETH",2024,NA
"EUU",1960,284932124120.844
"EUU",1961,316579871854.423
"EUU",1962,349909662392.141
"EUU",1963,384453227477.225
"EUU",1964,426401497787.485
"EUU",1965,466575256253.498
"EUU",1966,505119166891.234
"EUU",1967,537819539456.974
"EUU",1968,577226091701.325
"EUU",1969,644160279419.564
"EUU",1970,728514942172.566
"EUU",1971,823502008838.718
"EUU",1972,993661642106.049
"EUU",1973,1286120910863.29
"EUU",1974,1455911634933.27
"EUU",1975,1694087991210.29
"EUU",1976,1775134721744.61
"EUU",1977,2011323119783.23
"EUU",1978,2449173876260.87
"EUU",1979,2960022173253.44
"EUU",1980,3311323687667.77
"EUU",1981,2889973709007.02
"EUU",1982,2787789599375.11
"EUU",1983,2710791758579.87
"EUU",1984,2612587953034.63
"EUU",1985,2686660770245.04
"EUU",1986,3753186617910.5
"EUU",1987,4639527057911.29
"EUU",1988,5093989397668.73
"EUU",1989,5202787454853.43
"EUU",1990,6505585894983.6
"EUU",1991,6730843386415.03
"EUU",1992,7390923732911.95
"EUU",1993,6750678758563.32
"EUU",1994,7157758128808.33
"EUU",1995,8298203234321.61
"EUU",1996,8433442480253.41
"EUU",1997,7735785821341.68
"EUU",1998,7970027660687.74
"EUU",1999,7936013301296.29
"EUU",2000,7288425137833.71
"EUU",2001,7407567318765.1
"EUU",2002,8100404174621.04
"EUU",2003,9956956923132.03
"EUU",2004,11449209190750.6
"EUU",2005,11954464169720.8
"EUU",2006,12768477269004.1
"EUU",2007,14789546650988.5
"EUU",2008,16365149239989.1
"EUU",2009,14846338374807.8
"EUU",2010,14643444297949.9
"EUU",2011,15876630398615.8
"EUU",2012,14733979958478.4
"EUU",2013,15400027456553.4
"EUU",2014,15764812909324.1
"EUU",2015,13655089869785.3
"EUU",2016,13990270946691.6
"EUU",2017,14870065692850.4
"EUU",2018,16091487781135.5
"EUU",2019,15808398315797
"EUU",2020,15504700009593
"EUU",2021,17496551469916.3
"EUU",2022,16995332000257.8
"EUU",2023,18590720056635.3
"EUU",2024,NA
"FCS",1960,34157915798.1707
"FCS",1961,35668456087.2839
"FCS",1962,39417208511.7769
"FCS",1963,45049610945.4602
"FCS",1964,40767511063.5006
"FCS",1965,44789142770.6852
"FCS",1966,47787351329.1555
"FCS",1967,47130737856.6514
"FCS",1968,52073362434.2316
"FCS",1969,58442568788.19
"FCS",1970,69598976288.9106
"FCS",1971,71676944408.5264
"FCS",1972,82981206234.4754
"FCS",1973,102637595519.678
"FCS",1974,154500501370.34
"FCS",1975,169458804941.041
"FCS",1976,201267535149.39
"FCS",1977,222208044710.024
"FCS",1978,243685858510.054
"FCS",1979,307154736839.847
"FCS",1980,388435472958.797
"FCS",1981,511405516848.27
"FCS",1982,488173929667.414
"FCS",1983,421548878321.183
"FCS",1984,379257701707.786
"FCS",1985,385609115543.694
"FCS",1986,355386443050.274
"FCS",1987,357267079871.818
"FCS",1988,387869555208.841
"FCS",1989,383756277705.485
"FCS",1990,547420521771.171
"FCS",1991,386386041287.994
"FCS",1992,344549819242.956
"FCS",1993,351153455617.031
"FCS",1994,353239960487.675
"FCS",1995,431762240285.391
"FCS",1996,466440941348.014
"FCS",1997,522326827962.996
"FCS",1998,536100183086.738
"FCS",1999,400171061469.107
"FCS",2000,468035912008.33
"FCS",2001,458017420440.076
"FCS",2002,446928492947.342
"FCS",2003,470618172949.344
"FCS",2004,596965161825.212
"FCS",2005,755161140843.538
"FCS",2006,945955881988.959
"FCS",2007,1159333980552.51
"FCS",2008,1481946534651.73
"FCS",2009,1342728605432.09
"FCS",2010,1593982235245.23
"FCS",2011,1664322263474.61
"FCS",2012,1862136657810.93
"FCS",2013,1934772047196.28
"FCS",2014,2052980592421.38
"FCS",2015,1616325901440.2
"FCS",2016,1489694054525.15
"FCS",2017,1588837232239.02
"FCS",2018,1734689832167.02
"FCS",2019,1842632114099.19
"FCS",2020,1675406927630.4
"FCS",2021,1786326958459.63
"FCS",2022,1964841634349.73
"FCS",2023,1937937125126.32
"FCS",2024,NA
"FIN",1960,5279481824.12983
"FIN",1961,5984433774.41601
"FIN",1962,6407796042.70357
"FIN",1963,6958916548.12933
"FIN",1964,7848987792.54261
"FIN",1965,8680393838.88018
"FIN",1966,9306142171.60056
"FIN",1967,9468272357.09549
"FIN",1968,8916565040.54632
"FIN",1969,10177524838.9004
"FIN",1970,11358529161.9479
"FIN",1971,12528522307.4737
"FIN",1972,14744499569.8308
"FIN",1973,19474098335.1486
"FIN",1974,24851036710.2568
"FIN",1975,29475251333.4411
"FIN",1976,31852352669.6415
"FIN",1977,33502784417.884
"FIN",1978,36259392057.7617
"FIN",1979,44469218439.9328
"FIN",1980,53649984061.205
"FIN",1981,52440066133.9212
"FIN",1982,52784013815.2214
"FIN",1983,50956447480.7857
"FIN",1984,52870993272.6553
"FIN",1985,55856676899.4628
"FIN",1986,73511611541.1682
"FIN",1987,91564993913.1611
"FIN",1988,109039090262.971
"FIN",1989,118991270611.057
"FIN",1990,141446120354.533
"FIN",1991,127794441993.824
"FIN",1992,112537828510.751
"FIN",1993,89112105756.2194
"FIN",1994,103182697780.307
"FIN",1995,134060457516.34
"FIN",1996,131991975148.848
"FIN",1997,126862902302.142
"FIN",1998,133990876724.522
"FIN",1999,135234241918.147
"FIN",2000,125967821110.589
"FIN",2001,129519672868.898
"FIN",2002,140360963811.765
"FIN",2003,171612867735.686
"FIN",2004,197458297639.769
"FIN",2005,204859368790.661
"FIN",2006,217044068234.117
"FIN",2007,256360251537.648
"FIN",2008,285698662071.094
"FIN",2009,253480783439.453
"FIN",2010,249429613683.334
"FIN",2011,275126915515.565
"FIN",2012,257443384492.969
"FIN",2013,270268036626.275
"FIN",2014,273478528954.901
"FIN",2015,233210733506.25
"FIN",2016,238777818792.608
"FIN",2017,253846138440
"FIN",2018,273869255596.078
"FIN",2019,267014821129.411
"FIN",2020,270000311606.226
"FIN",2021,294223210496.119
"FIN",2022,280241515774.32
"FIN",2023,295532341254.907
"FIN",2024,NA
"FJI",1960,112328422.113084
"FJI",1961,116987784.913739
"FJI",1962,122906434.957814
"FJI",1963,129454728.623599
"FJI",1964,140032741.468329
"FJI",1965,147084750.031482
"FJI",1966,150603925.515853
"FJI",1967,162625885.863484
"FJI",1968,166952937.135005
"FJI",1969,182182067.703568
"FJI",1970,219878482.173564
"FJI",1971,247749327.721267
"FJI",1972,316656648.698957
"FJI",1973,425950487.519894
"FJI",1974,558587097.382833
"FJI",1975,684282434.361095
"FJI",1976,694540806.380644
"FJI",1977,719501765.783049
"FJI",1978,829267889.429373
"FJI",1979,1019691460.17376
"FJI",1980,1202618816.20852
"FJI",1981,1235626770.50924
"FJI",1982,1194059943.22478
"FJI",1983,1123085190.06509
"FJI",1984,1178000677.99929
"FJI",1985,1141168943.97661
"FJI",1986,1290267339.65006
"FJI",1987,1177947965.12142
"FJI",1988,1110009522.75743
"FJI",1989,1182660265.76635
"FJI",1990,1337017559.49728
"FJI",1991,1383883249.591
"FJI",1992,1532411039.05479
"FJI",1993,1636101246.9394
"FJI",1994,1825732092.54674
"FJI",1995,1970301486.20561
"FJI",1996,2128696643.62574
"FJI",1997,2090221137.02876
"FJI",1998,1653146716.58235
"FJI",1999,1936459986.03795
"FJI",2000,1678219507.89829
"FJI",2001,1652462023.46215
"FJI",2002,1833279985.36741
"FJI",2003,2300492465.32276
"FJI",2004,2708078476.63012
"FJI",2005,2980403844.72096
"FJI",2006,3076305452.86506
"FJI",2007,3378314599.76402
"FJI",2008,3523185919.55826
"FJI",2009,2870624635.68032
"FJI",2010,3140166712.79624
"FJI",2011,3779411899.37483
"FJI",2012,3972028104.47328
"FJI",2013,4189967998.51424
"FJI",2014,4857104791.41609
"FJI",2015,4682479912.05203
"FJI",2016,4930213634.35692
"FJI",2017,5353469171.0611
"FJI",2018,5581425324.91185
"FJI",2019,5444407214.31758
"FJI",2020,4432466237.09588
"FJI",2021,4305031630.81808
"FJI",2022,4969503560.7735
"FJI",2023,5442046565.04719
"FJI",2024,NA
"FRA",1960,61756878990.3
"FRA",1961,66806595974.7159
"FRA",1962,74888595285.8833
"FRA",1963,83957182115.028
"FRA",1964,93079224076.2648
"FRA",1965,100522559916.017
"FRA",1966,108928356518.505
"FRA",1967,117751396249.071
"FRA",1968,128427504709.055
"FRA",1969,140361802781.576
"FRA",1970,146926998937.05
"FRA",1971,164238872972.653
"FRA",1972,201621751625.488
"FRA",1973,262343828815.557
"FRA",1974,283102178123.295
"FRA",1975,356780728162.766
"FRA",1976,368488292816.171
"FRA",1977,406736454934.474
"FRA",1978,501724418604.651
"FRA",1979,608218624730.188
"FRA",1980,694529183483.39
"FRA",1981,609184791792.396
"FRA",1982,578152310609.841
"FRA",1983,553356312935.709
"FRA",1984,525033325827.516
"FRA",1985,547220981165.134
"FRA",1986,764946585850.933
"FRA",1987,926320855614.973
"FRA",1988,1010827662151.75
"FRA",1989,1016742237302.08
"FRA",1990,1257649439826.53
"FRA",1991,1258961748633.88
"FRA",1992,1389663073110.28
"FRA",1993,1314383368079.69
"FRA",1994,1385822778827.98
"FRA",1995,1595219345511.89
"FRA",1996,1598889216566.23
"FRA",1997,1449392222971.45
"FRA",1998,1496906382032.47
"FRA",1999,1486915879701.93
"FRA",2000,1360959069477.49
"FRA",2001,1370376677298.86
"FRA",2002,1492427756382.43
"FRA",2003,1835095983049.09
"FRA",2004,2109792297237.03
"FRA",2005,2192146403028.17
"FRA",2006,2317861544690.82
"FRA",2007,2655816911866.56
"FRA",2008,2926802941585.86
"FRA",2009,2700075882518.98
"FRA",2010,2646230027988.34
"FRA",2011,2870408553990.28
"FRA",2012,2683007095787.23
"FRA",2013,2816077607875.26
"FRA",2014,2861236112552.42
"FRA",2015,2442483452642.5
"FRA",2016,2470407619777.13
"FRA",2017,2588868323334.71
"FRA",2018,2781576320884.39
"FRA",2019,2722793515171.76
"FRA",2020,2647926055110.05
"FRA",2021,2966433692008.09
"FRA",2022,2796302210398.84
"FRA",2023,3051831611384.76
"FRA",2024,NA
"FRO",1960,NA
"FRO",1961,NA
"FRO",1962,NA
"FRO",1963,NA
"FRO",1964,NA
"FRO",1965,57954522.4217259
"FRO",1966,64397131.0846457
"FRO",1967,66225403.5588069
"FRO",1968,65186666.6666667
"FRO",1969,70106666.6666667
"FRO",1970,84933333.3333333
"FRO",1971,99219082.8537991
"FRO",1972,119335897.815202
"FRO",1973,161236465.823622
"FRO",1974,196771070.895339
"FRO",1975,227404436.013679
"FRO",1976,270470345.449357
"FRO",1977,347798304.635267
"FRO",1978,397833034.884512
"FRO",1979,448568492.658561
"FRO",1980,493014300.005217
"FRO",1981,456244919.010912
"FRO",1982,444047495.320099
"FRO",1983,486605127.702681
"FRO",1984,426008864.692169
"FRO",1985,459307281.195335
"FRO",1986,688914288.878298
"FRO",1987,886508622.334316
"FRO",1988,968576956.930265
"FRO",1989,871935350.384909
"FRO",1990,960805408.949872
"FRO",1991,909253214.82608
"FRO",1992,912670413.325883
"FRO",1993,760957189.757646
"FRO",1994,758739178.612171
"FRO",1995,901404709.830684
"FRO",1996,989536914.659081
"FRO",1997,933763083.395627
"FRO",1998,1104744235.30111
"FRO",1999,1127684827.35686
"FRO",2000,1067109530.64798
"FRO",2001,1160268212.07291
"FRO",2002,1275093689.27107
"FRO",2003,1501941580.88903
"FRO",2004,1724770770.83393
"FRO",2005,1759739599.22694
"FRO",2006,2017680834.89917
"FRO",2007,2339015313.29513
"FRO",2008,2489873249.62815
"FRO",2009,2296065170.05552
"FRO",2010,2331796784.36009
"FRO",2011,2505740669.27039
"FRO",2012,2427200388.91831
"FRO",2013,2690110520.92548
"FRO",2014,2914012679.27277
"FRO",2015,2573905971.05459
"FRO",2016,2813278868.78208
"FRO",2017,2980057377.87967
"FRO",2018,3188600927.46688
"FRO",2019,3266432734.22819
"FRO",2020,3271813311.5831
"FRO",2021,3664686796.62669
"FRO",2022,3566698397.6602
"FRO",2023,3907323961.33964
"FRO",2024,NA
"FSM",1960,NA
"FSM",1961,NA
"FSM",1962,NA
"FSM",1963,NA
"FSM",1964,NA
"FSM",1965,NA
"FSM",1966,NA
"FSM",1967,NA
"FSM",1968,NA
"FSM",1969,NA
"FSM",1970,19885926
"FSM",1971,21783158
"FSM",1972,25100928
"FSM",1973,34821467
"FSM",1974,46095175
"FSM",1975,46119184
"FSM",1976,46813193
"FSM",1977,47305560
"FSM",1978,53656834
"FSM",1979,60270778
"FSM",1980,64186644
"FSM",1981,76472529
"FSM",1982,80055706
"FSM",1983,84110353
"FSM",1984,84676118
"FSM",1985,101931941
"FSM",1986,112210000
"FSM",1987,116700000
"FSM",1988,124700000
"FSM",1989,135200000
"FSM",1990,147200000
"FSM",1991,166200000
"FSM",1992,178100000
"FSM",1993,198400000
"FSM",1994,202500000
"FSM",1995,221575300
"FSM",1996,218534700
"FSM",1997,206626300
"FSM",1998,218873100
"FSM",1999,220140500
"FSM",2000,233271800
"FSM",2001,240970900
"FSM",2002,242517200
"FSM",2003,245432900
"FSM",2004,240236000
"FSM",2005,250281900
"FSM",2006,253541900
"FSM",2007,256787200
"FSM",2008,263145100
"FSM",2009,280284600
"FSM",2010,296944100
"FSM",2011,311301600
"FSM",2012,327248700
"FSM",2013,317214400
"FSM",2014,319271200
"FSM",2015,316489900
"FSM",2016,3.25e+08
"FSM",2017,3.59e+08
"FSM",2018,3.92e+08
"FSM",2019,3.94e+08
"FSM",2020,3.72e+08
"FSM",2021,3.9e+08
"FSM",2022,4.3e+08
"FSM",2023,4.6e+08
"FSM",2024,NA
"GAB",1960,141468977.799846
"GAB",1961,167637907.122782
"GAB",1962,182796536.266025
"GAB",1963,154480244.055222
"GAB",1964,215679855.342091
"GAB",1965,226474285.779063
"GAB",1966,245849781.273234
"GAB",1967,271543680.048895
"GAB",1968,294468564.245272
"GAB",1969,318124701.478771
"GAB",1970,323802475.512425
"GAB",1971,381687072.622379
"GAB",1972,430508358.514204
"GAB",1973,722780701.295854
"GAB",1974,1544216001.66059
"GAB",1975,2157592940.04234
"GAB",1976,3009409974.26856
"GAB",1977,2809349069.22118
"GAB",1978,2389479271.66616
"GAB",1979,3030251120.09759
"GAB",1980,4279637942.25144
"GAB",1981,3862269120.53497
"GAB",1982,3618007841.13503
"GAB",1983,3391275731.53751
"GAB",1984,3561451560.50783
"GAB",1985,3339914757.22872
"GAB",1986,3403638189.20049
"GAB",1987,3281797043.04996
"GAB",1988,3834503376.02992
"GAB",1989,4186411463.85975
"GAB",1990,5952293764.84777
"GAB",1991,5402919784.57004
"GAB",1992,5592390827.39854
"GAB",1993,4378645081.01769
"GAB",1994,4190819344.22255
"GAB",1995,4958845648.04778
"GAB",1996,5694040002.89863
"GAB",1997,5326817114.53586
"GAB",1998,4483417309.83011
"GAB",1999,4662992036.2073
"GAB",2000,5080483628.53013
"GAB",2001,5023265413.2623
"GAB",2002,5335451099.88223
"GAB",2003,6511903365.47554
"GAB",2004,7770219008.21293
"GAB",2005,9582783990.85345
"GAB",2006,10327598306.4575
"GAB",2007,12455409587.3371
"GAB",2008,15571348344.3379
"GAB",2009,12113699068.2517
"GAB",2010,14372593020.2885
"GAB",2011,18210307743.5816
"GAB",2012,17170464016.0593
"GAB",2013,17595744798.3398
"GAB",2014,18203966895.8433
"GAB",2015,14383107762.6952
"GAB",2016,14023890265.3665
"GAB",2017,14929487485.1623
"GAB",2018,16867326401.9626
"GAB",2019,16874405465.391
"GAB",2020,15342236163.9864
"GAB",2021,19444935097.2395
"GAB",2022,20440655695.1804
"GAB",2023,19388402541.6698
"GAB",2024,NA
"GBR",1960,73233967692.1028
"GBR",1961,77741965703.3544
"GBR",1962,81247564156.8246
"GBR",1963,86561961812.3249
"GBR",1964,94407558351.1616
"GBR",1965,101824755078.991
"GBR",1966,108572752102.045
"GBR",1967,113116888210.787
"GBR",1968,107759910067.889
"GBR",1969,116464702803.218
"GBR",1970,130671946244.3
"GBR",1971,148113896325.14
"GBR",1972,169965034965.035
"GBR",1973,192537971582.558
"GBR",1974,206131369798.971
"GBR",1975,241756637168.142
"GBR",1976,232614555256.065
"GBR",1977,263066457352.172
"GBR",1978,335883029721.956
"GBR",1979,438994070309.191
"GBR",1980,564947710899.373
"GBR",1981,540765675241.158
"GBR",1982,515048916841.37
"GBR",1983,489618008185.539
"GBR",1984,461487097632.349
"GBR",1985,489285164271.047
"GBR",1986,601452653180.885
"GBR",1987,745162608269.325
"GBR",1988,910122732123.799
"GBR",1989,926884816753.927
"GBR",1990,1093169389204.55
"GBR",1991,1142797178130.51
"GBR",1992,1179659529659.53
"GBR",1993,1061388722255.55
"GBR",1994,1140489745944.29
"GBR",1995,1344240176739.78
"GBR",1996,1419645865834.63
"GBR",1997,1560911918795.02
"GBR",1998,1653694932096.72
"GBR",1999,1687830448147.55
"GBR",2000,1665534876683.31
"GBR",2001,1649827263567.01
"GBR",2002,1785729916067.15
"GBR",2003,2054422857142.86
"GBR",2004,2421525082387.4
"GBR",2005,2.54318e+12
"GBR",2006,2708441582336.71
"GBR",2007,3090510204081.63
"GBR",2008,2929411764705.88
"GBR",2009,2412840006231.5
"GBR",2010,2485482596184.71
"GBR",2011,2663805834828.07
"GBR",2012,2707089726614.64
"GBR",2013,2784853502534.29
"GBR",2014,3064708247921.43
"GBR",2015,2927911140916.73
"GBR",2016,2689106566899.61
"GBR",2017,2680148052335.3
"GBR",2018,2871340347581.79
"GBR",2019,2851407164907.81
"GBR",2020,2696778386607.65
"GBR",2021,3143323050707.26
"GBR",2022,3114042471144.39
"GBR",2023,3380854520809.54
"GBR",2024,NA
"GEO",1960,NA
"GEO",1961,NA
"GEO",1962,NA
"GEO",1963,NA
"GEO",1964,NA
"GEO",1965,NA
"GEO",1966,NA
"GEO",1967,NA
"GEO",1968,NA
"GEO",1969,NA
"GEO",1970,NA
"GEO",1971,NA
"GEO",1972,NA
"GEO",1973,NA
"GEO",1974,NA
"GEO",1975,NA
"GEO",1976,NA
"GEO",1977,NA
"GEO",1978,NA
"GEO",1979,NA
"GEO",1980,NA
"GEO",1981,NA
"GEO",1982,NA
"GEO",1983,NA
"GEO",1984,NA
"GEO",1985,NA
"GEO",1986,NA
"GEO",1987,7321981333.6772
"GEO",1988,8833588173.40023
"GEO",1989,8902632715.25406
"GEO",1990,7735927263.59261
"GEO",1991,6339735099.33775
"GEO",1992,3690328963.64086
"GEO",1993,2701181331.30816
"GEO",1994,2513870586.73344
"GEO",1995,2693731865.97036
"GEO",1996,3094935186.76896
"GEO",1997,3510520231.21387
"GEO",1998,3613497316.55319
"GEO",1999,2800025882.71672
"GEO",2000,3057475335.18846
"GEO",2001,3219462262.0075
"GEO",2002,3395766677.67315
"GEO",2003,3991377904.13162
"GEO",2004,5125365191.98664
"GEO",2005,6410912049.87105
"GEO",2006,7745250733.95067
"GEO",2007,10172931088.5655
"GEO",2008,12795145130.9103
"GEO",2009,10766920065.8251
"GEO",2010,12426907967.1578
"GEO",2011,15475290469.2869
"GEO",2012,16894392033.2256
"GEO",2013,17517660143.6859
"GEO",2014,17966015109.3043
"GEO",2015,15223796148.8396
"GEO",2016,15444548901.9637
"GEO",2017,16473125375.0684
"GEO",2018,17902544880.6471
"GEO",2019,17638337116.9126
"GEO",2020,16010869215.68
"GEO",2021,18853115588.8106
"GEO",2022,24984568959.605
"GEO",2023,30777833585.4441
"GEO",2024,NA
"GHA",1960,1217230094.97205
"GHA",1961,1302674324.88378
"GHA",1962,1382515654.47343
"GHA",1963,1540797588.57221
"GHA",1964,1731296199.52296
"GHA",1965,2053462968.0426
"GHA",1966,2126300672.22965
"GHA",1967,1747187644.9031
"GHA",1968,1666909517.65205
"GHA",1969,1962050555.7775
"GHA",1970,2215028588.45646
"GHA",1971,2417108577.52739
"GHA",1972,2112293279.98507
"GHA",1973,3006766758.43977
"GHA",1974,2894409937.8882
"GHA",1975,2810106382.97872
"GHA",1976,2765254237.28814
"GHA",1977,3189428571.42857
"GHA",1978,3662478184.99127
"GHA",1979,4020227920.22792
"GHA",1980,4445228215.76763
"GHA",1981,4222441860.46512
"GHA",1982,4035994397.7591
"GHA",1983,4057275132.27513
"GHA",1984,4412279843.44423
"GHA",1985,4504306722.68908
"GHA",1986,5735677433.82683
"GHA",1987,5074829931.97279
"GHA",1988,5197765031.64557
"GHA",1989,5251858439.874
"GHA",1990,5889106573.46088
"GHA",1991,6603185267.79643
"GHA",1992,6416103925.83267
"GHA",1993,5968922939.37198
"GHA",1994,5446383726.77047
"GHA",1995,6464382807.67884
"GHA",1996,6932991739.37767
"GHA",1997,6891443192.24985
"GHA",1998,7482069162.42008
"GHA",1999,7718109982.26093
"GHA",2000,4982850662.20851
"GHA",2001,5314872854.4405
"GHA",2002,6166197847.85031
"GHA",2003,7632723555.66221
"GHA",2004,8881417906.71432
"GHA",2005,10744568381.4456
"GHA",2006,20885037596.6963
"GHA",2007,24827339138.4906
"GHA",2008,28679383241.0729
"GHA",2009,26048720005.5233
"GHA",2010,32197655566.5347
"GHA",2011,39336668080.559
"GHA",2012,41271701060.954
"GHA",2013,62824629066.0408
"GHA",2014,54783319817.3705
"GHA",2015,49406010054.2663
"GHA",2016,56164929304.8754
"GHA",2017,60405924078.7278
"GHA",2018,67298914624.3723
"GHA",2019,68337969247.7067
"GHA",2020,70043099675.68
"GHA",2021,79524421861.2743
"GHA",2022,74263364041.8742
"GHA",2023,76370396722.154
"GHA",2024,NA
"GIB",1960,NA
"GIB",1961,NA
"GIB",1962,NA
"GIB",1963,NA
"GIB",1964,NA
"GIB",1965,NA
"GIB",1966,NA
"GIB",1967,NA
"GIB",1968,NA
"GIB",1969,NA
"GIB",1970,NA
"GIB",1971,NA
"GIB",1972,NA
"GIB",1973,NA
"GIB",1974,NA
"GIB",1975,NA
"GIB",1976,NA
"GIB",1977,NA
"GIB",1978,NA
"GIB",1979,NA
"GIB",1980,NA
"GIB",1981,NA
"GIB",1982,NA
"GIB",1983,NA
"GIB",1984,NA
"GIB",1985,NA
"GIB",1986,NA
"GIB",1987,NA
"GIB",1988,NA
"GIB",1989,NA
"GIB",1990,NA
"GIB",1991,NA
"GIB",1992,NA
"GIB",1993,NA
"GIB",1994,NA
"GIB",1995,NA
"GIB",1996,NA
"GIB",1997,NA
"GIB",1998,NA
"GIB",1999,NA
"GIB",2000,NA
"GIB",2001,NA
"GIB",2002,NA
"GIB",2003,NA
"GIB",2004,NA
"GIB",2005,NA
"GIB",2006,NA
"GIB",2007,NA
"GIB",2008,NA
"GIB",2009,NA
"GIB",2010,NA
"GIB",2011,NA
"GIB",2012,NA
"GIB",2013,NA
"GIB",2014,NA
"GIB",2015,NA
"GIB",2016,NA
"GIB",2017,NA
"GIB",2018,NA
"GIB",2019,NA
"GIB",2020,NA
"GIB",2021,NA
"GIB",2022,NA
"GIB",2023,NA
"GIB",2024,NA
"GIN",1960,NA
"GIN",1961,NA
"GIN",1962,NA
"GIN",1963,NA
"GIN",1964,NA
"GIN",1965,NA
"GIN",1966,NA
"GIN",1967,NA
"GIN",1968,NA
"GIN",1969,NA
"GIN",1970,3220224607.81851
"GIN",1971,3594302908.06164
"GIN",1972,4203069035.01427
"GIN",1973,5152080387.55572
"GIN",1974,5691417541.33871
"GIN",1975,6102769605.43001
"GIN",1976,6762781870.6211
"GIN",1977,6914381290.57116
"GIN",1978,8087305999.0597
"GIN",1979,8877094497.44971
"GIN",1980,9746524915.08071
"GIN",1981,9646440666.52864
"GIN",1982,11926032493.4301
"GIN",1983,15129893722.3449
"GIN",1984,18421497251.1767
"GIN",1985,22787644565.9059
"GIN",1986,2909130355.238
"GIN",1987,2976714019.06852
"GIN",1988,3476480303.12273
"GIN",1989,3546079262.94987
"GIN",1990,3888320665.52218
"GIN",1991,4396178694.1535
"GIN",1992,4789220416.70641
"GIN",1993,4781166116.51789
"GIN",1994,4932800406.92974
"GIN",1995,5385704166.43341
"GIN",1996,5641243099.76661
"GIN",1997,5516916163.0949
"GIN",1998,5232118046.3713
"GIN",1999,5046806782.54761
"GIN",2000,4367458866.71537
"GIN",2001,4125527603.22908
"GIN",2002,4301608752.51396
"GIN",2003,5025167975.26363
"GIN",2004,5300767960.51572
"GIN",2005,4282468636.90501
"GIN",2006,4220019845.26658
"GIN",2007,6281918226.34063
"GIN",2008,6964179983.18155
"GIN",2009,6716905339.73244
"GIN",2010,6853467145.53089
"GIN",2011,6785137203.33153
"GIN",2012,7638044556.84656
"GIN",2013,8376613539.28278
"GIN",2014,8778473372.82124
"GIN",2015,8794201742.84609
"GIN",2016,8595955222.49719
"GIN",2017,10324668271.1362
"GIN",2018,11857030366.7891
"GIN",2019,13442861496.4454
"GIN",2020,14088693742.9464
"GIN",2021,17069115737.8259
"GIN",2022,19910452541.9219
"GIN",2023,22199409741.2578
"GIN",2024,NA
"GMB",1960,NA
"GMB",1961,NA
"GMB",1962,NA
"GMB",1963,NA
"GMB",1964,NA
"GMB",1965,NA
"GMB",1966,44212081.3502297
"GMB",1967,46695006.9579374
"GMB",1968,41160065.8561054
"GMB",1969,45168072.2689156
"GMB",1970,52296083.6737339
"GMB",1971,55728663.222684
"GMB",1972,59160569.4804413
"GMB",1973,75187749.0961317
"GMB",1974,95796021.6888272
"GMB",1975,115179719.077633
"GMB",1976,112190829.470457
"GMB",1977,138093099.09774
"GMB",1978,171833086.019624
"GMB",1979,207112627.726094
"GMB",1980,241083090.303623
"GMB",1981,218767743.459101
"GMB",1982,216050552.301584
"GMB",1983,213448584.936945
"GMB",1984,177340880.086204
"GMB",1985,225726358.890914
"GMB",1986,185646986.824927
"GMB",1987,220626484.224811
"GMB",1988,266672211.934161
"GMB",1989,284120329.401023
"GMB",1990,317083695.477797
"GMB",1991,690311080.515018
"GMB",1992,714254256.122189
"GMB",1993,755040974.087322
"GMB",1994,746493951.900959
"GMB",1995,785999864.840299
"GMB",1996,848239446.21576
"GMB",1997,803633342.473706
"GMB",1998,840285264.631545
"GMB",1999,814724032.065735
"GMB",2000,782913871.80966
"GMB",2001,687410645.063943
"GMB",2002,578235309.327198
"GMB",2003,487038685.045496
"GMB",2004,961900651.423441
"GMB",2005,1027701067.55688
"GMB",2006,1054112487.74083
"GMB",2007,1279703047.0221
"GMB",2008,1561766955.73024
"GMB",2009,1450142508.57808
"GMB",2010,1543294926.87301
"GMB",2011,1409693596.93594
"GMB",2012,1415004738.26621
"GMB",2013,1375609453.43746
"GMB",2014,1229461721.40861
"GMB",2015,1378176608.93204
"GMB",2016,1484578885.97132
"GMB",2017,1504909462.69521
"GMB",2018,1670671327.81651
"GMB",2019,1813609692.49994
"GMB",2020,1812170891.19069
"GMB",2021,2014158842.14596
"GMB",2022,2204734527.88096
"GMB",2023,2396111021.64149
"GMB",2024,NA
"GNB",1960,NA
"GNB",1961,NA
"GNB",1962,NA
"GNB",1963,NA
"GNB",1964,NA
"GNB",1965,NA
"GNB",1966,NA
"GNB",1967,NA
"GNB",1968,NA
"GNB",1969,NA
"GNB",1970,204670550.76064
"GNB",1971,204167296.856603
"GNB",1972,227986203.29754
"GNB",1973,232331281.355932
"GNB",1974,256769730.263158
"GNB",1975,283311996.82299
"GNB",1976,292152321.493146
"GNB",1977,298871674.860041
"GNB",1978,318876550.432277
"GNB",1979,308143183.311819
"GNB",1980,287648258.258297
"GNB",1981,402230865.151515
"GNB",1982,430284021.883771
"GNB",1983,425225176.812165
"GNB",1984,359980490.728569
"GNB",1985,373959151.148591
"GNB",1986,338524232.567315
"GNB",1987,451893374.95907
"GNB",1988,427514321.528126
"GNB",1989,554072302.828333
"GNB",1990,634187269.235013
"GNB",1991,668470890.785147
"GNB",1992,588309271.28603
"GNB",1993,615779518.807114
"GNB",1994,612502084.797565
"GNB",1995,660195402.013602
"GNB",1996,702965147.568054
"GNB",1997,698107222.422492
"GNB",1998,591034143.426384
"GNB",1999,579365780.135134
"GNB",2000,391345597.488269
"GNB",2001,412610871.509121
"GNB",2002,466773711.235579
"GNB",2003,553614800.145707
"GNB",2004,582169841.298304
"GNB",2005,639776040.688424
"GNB",2006,634781901.251494
"GNB",2007,753162998.015113
"GNB",2008,952667544.037289
"GNB",2009,890167833.369849
"GNB",2010,940112538.936436
"GNB",2011,1157074319.19388
"GNB",2012,1049412177.11413
"GNB",2013,1109682824.13594
"GNB",2014,1135250721.0374
"GNB",2015,1152384166.79638
"GNB",2016,1245074264.10396
"GNB",2017,1469978606.12143
"GNB",2018,1554133593.91699
"GNB",2019,1588638853.59328
"GNB",2020,1646400349.84867
"GNB",2021,1853796455.89489
"GNB",2022,1796608530.82267
"GNB",2023,2048348108.35852
"GNB",2024,NA
"GNQ",1960,NA
"GNQ",1961,NA
"GNQ",1962,37253333.3333333
"GNQ",1963,44266666.6666667
"GNQ",1964,51915000
"GNQ",1965,64748333.3333333
"GNQ",1966,69110000
"GNQ",1967,72317446.9327193
"GNQ",1968,67514285.7142857
"GNQ",1969,67225714.2857143
"GNQ",1970,66331428.5714286
"GNQ",1971,64946954.756798
"GNQ",1972,65429198.238708
"GNQ",1973,81203226.9138345
"GNQ",1974,94159862.7073691
"GNQ",1975,104295643.388437
"GNQ",1976,103653049.93797
"GNQ",1977,103987520.075827
"GNQ",1978,NA
"GNQ",1979,NA
"GNQ",1980,50642880.7737503
"GNQ",1981,36731422.8456914
"GNQ",1982,44294647.733479
"GNQ",1983,44442456.94764
"GNQ",1984,50320914.4065688
"GNQ",1985,62118569.9654481
"GNQ",1986,76407395.8727542
"GNQ",1987,93345859.52973
"GNQ",1988,100534656.881732
"GNQ",1989,88265974.861049
"GNQ",1990,112119411.489965
"GNQ",1991,110906028.536862
"GNQ",1992,134707183.84662
"GNQ",1993,136047906.245408
"GNQ",1994,100807002.540195
"GNQ",1995,141853360.867855
"GNQ",1996,232463022.802961
"GNQ",1997,442337870.69437
"GNQ",1998,370687634.425712
"GNQ",1999,621117885.668503
"GNQ",2000,1045998496.43872
"GNQ",2001,1461139022.02954
"GNQ",2002,1806742742.27311
"GNQ",2003,2484745935.09329
"GNQ",2004,4410764338.66733
"GNQ",2005,8217369092.65224
"GNQ",2006,10086528698.8604
"GNQ",2007,13071718758.7373
"GNQ",2008,19749893536.3204
"GNQ",2009,15027795173.2187
"GNQ",2010,16314443436.2903
"GNQ",2011,21357343668.9447
"GNQ",2012,22388344143.9131
"GNQ",2013,21948834283.7856
"GNQ",2014,21765453081.9826
"GNQ",2015,13185496881.0174
"GNQ",2016,11240808847.8878
"GNQ",2017,12200913878.9827
"GNQ",2018,13097012133.6159
"GNQ",2019,11364133549.7478
"GNQ",2020,9893816007.7398
"GNQ",2021,12215878032.7166
"GNQ",2022,13687643435.6249
"GNQ",2023,12337550583.754
"GNQ",2024,NA
"GRC",1960,4274890306.82895
"GRC",1961,4892397431.33292
"GRC",1962,5140542929.42067
"GRC",1963,5813285626.64404
"GRC",1964,6576906345.11518
"GRC",1965,7582209670.27425
"GRC",1966,8472021466.86847
"GRC",1967,9146592855.683
"GRC",1968,9950331205.83108
"GRC",1969,11454106327.0756
"GRC",1970,12957113636.3636
"GRC",1971,14388806818.1818
"GRC",1972,16650659090.9091
"GRC",1973,22037019562.7158
"GRC",1974,24998715909.0909
"GRC",1975,28129128586.61
"GRC",1976,30719552238.806
"GRC",1977,35673080481.0361
"GRC",1978,43654480519.4805
"GRC",1979,53724121435.1426
"GRC",1980,56039256594.7242
"GRC",1981,51618456334.5633
"GRC",1982,53858346938.7755
"GRC",1983,48741397058.8235
"GRC",1984,47352146311.971
"GRC",1985,47155741426.1041
"GRC",1986,55595445472.2493
"GRC",1987,64739630095.6215
"GRC",1988,75200610136.9205
"GRC",1989,78067933277.3815
"GRC",1990,96529587274.2906
"GRC",1991,103680863712.844
"GRC",1992,114608178405.434
"GRC",1993,107295704518.43
"GRC",1994,114980063202.247
"GRC",1995,134974613913.811
"GRC",1996,142502984144.96
"GRC",1997,138766067640.085
"GRC",1998,139612812175.718
"GRC",1999,137131371955.307
"GRC",2000,125760166224.805
"GRC",2001,132050474720.03
"GRC",2002,150253800085.865
"GRC",2003,196930509813.384
"GRC",2004,234979615898.225
"GRC",2005,242315668619.405
"GRC",2006,269073415333.676
"GRC",2007,314226996944.108
"GRC",2008,351121399546.485
"GRC",2009,326829054686.306
"GRC",2010,296417644404.034
"GRC",2011,283228079776.041
"GRC",2012,238841140018.233
"GRC",2013,236556279640.705
"GRC",2014,233911581521.062
"GRC",2015,194567373678.099
"GRC",2016,193097239005.87
"GRC",2017,200381103984.298
"GRC",2018,213298873494.394
"GRC",2019,207305649887.019
"GRC",2020,191362985554.861
"GRC",2021,218303801895.326
"GRC",2022,218880566444.349
"GRC",2023,243498333237.802
"GRC",2024,NA
"GRD",1960,NA
"GRD",1961,NA
"GRD",1962,NA
"GRD",1963,NA
"GRD",1964,NA
"GRD",1965,NA
"GRD",1966,NA
"GRD",1967,NA
"GRD",1968,NA
"GRD",1969,NA
"GRD",1970,NA
"GRD",1971,NA
"GRD",1972,NA
"GRD",1973,NA
"GRD",1974,NA
"GRD",1975,NA
"GRD",1976,NA
"GRD",1977,71494495.1851852
"GRD",1978,88322386.2962963
"GRD",1979,102244362.222222
"GRD",1980,110900457.037037
"GRD",1981,115651918.888889
"GRD",1982,125435590
"GRD",1983,131803552.222222
"GRD",1984,145533310.740741
"GRD",1985,167728455.185185
"GRD",1986,187589522.592593
"GRD",1987,215009569.62963
"GRD",1988,236357523.703704
"GRD",1989,267327642.222222
"GRD",1990,278098762.962963
"GRD",1991,300757888.888889
"GRD",1992,310160444.444444
"GRD",1993,309812185.185185
"GRD",1994,325111814.814815
"GRD",1995,342172518.518519
"GRD",1996,366911444.444444
"GRD",1997,392190592.592593
"GRD",1998,445903592.592593
"GRD",1999,482009370.37037
"GRD",2000,520044370.37037
"GRD",2001,520444185.185185
"GRD",2002,540336925.925926
"GRD",2003,591018407.407407
"GRD",2004,599118592.592593
"GRD",2005,695555555.555555
"GRD",2006,698700666.666667
"GRD",2007,758683592.592593
"GRD",2008,825976037.037037
"GRD",2009,771275555.555555
"GRD",2010,771014814.814815
"GRD",2011,778655555.555555
"GRD",2012,799881481.481481
"GRD",2013,842618518.518518
"GRD",2014,911496296.296296
"GRD",2015,997007407.407407
"GRD",2016,1061640740.74074
"GRD",2017,1125685185.18519
"GRD",2018,1166514814.81481
"GRD",2019,1213485185.18519
"GRD",2020,1043411111.11111
"GRD",2021,1122800000
"GRD",2022,1224577777.77778
"GRD",2023,1316733333.33333
"GRD",2024,NA
"GRL",1960,NA
"GRL",1961,NA
"GRL",1962,NA
"GRL",1963,NA
"GRL",1964,NA
"GRL",1965,NA
"GRL",1966,NA
"GRL",1967,NA
"GRL",1968,NA
"GRL",1969,NA
"GRL",1970,69520026.6666667
"GRL",1971,88466738.2497268
"GRL",1972,106101297.801272
"GRL",1973,140153748.243656
"GRL",1974,169918948.629182
"GRL",1975,211190630.329609
"GRL",1976,240779417.7857
"GRL",1977,282269749.160113
"GRL",1978,355987433.41569
"GRL",1979,420645821.540488
"GRL",1980,476051740.773769
"GRL",1981,435748993.418421
"GRL",1982,402403041.029269
"GRL",1983,416184071.019417
"GRL",1984,379371901.490374
"GRL",1985,412876382.829174
"GRL",1986,603016292.686978
"GRL",1987,787390408.953269
"GRL",1988,898607670.624413
"GRL",1989,929799902.191124
"GRL",1990,1018977280.32928
"GRL",1991,1016500069.25708
"GRL",1992,1037916162.54976
"GRL",1993,927214151.76793
"GRL",1994,1005887539.32049
"GRL",1995,1208953287.06598
"GRL",1996,1197515569.08202
"GRL",1997,1072154433.84538
"GRL",1998,1149858069.75766
"GRL",1999,1131555107.04907
"GRL",2000,1068025016.00862
"GRL",2001,1086170703.9816
"GRL",2002,1169136716.03557
"GRL",2003,1558759823.08169
"GRL",2004,1822499769.23938
"GRL",2005,1849802648.36391
"GRL",2006,2013106929.50031
"GRL",2007,2249811295.6608
"GRL",2008,2499092314.41875
"GRL",2009,2529963903.22685
"GRL",2010,2503167187.49305
"GRL",2011,2684461375.46585
"GRL",2012,2609678486.36749
"GRL",2013,2684946990.12448
"GRL",2014,2842065708.35962
"GRL",2015,2499113022.81675
"GRL",2016,2707139544.46695
"GRL",2017,2851613679.03433
"GRL",2018,3055782146.15957
"GRL",2019,2997309971.87623
"GRL",2020,3082884653.2456
"GRL",2021,3235809504.29871
"GRL",2022,NA
"GRL",2023,NA
"GRL",2024,NA
"GTM",1960,1043599900
"GTM",1961,1076699900
"GTM",1962,1143600000
"GTM",1963,1262800000
"GTM",1964,1299099900
"GTM",1965,1331399900
"GTM",1966,1390700000
"GTM",1967,1453500000
"GTM",1968,1610500000
"GTM",1969,1715399900
"GTM",1970,1.904e+09
"GTM",1971,1984800000
"GTM",1972,2101300000
"GTM",1973,2569200100
"GTM",1974,3161499900
"GTM",1975,3645900000
"GTM",1976,4365300200
"GTM",1977,5480500200
"GTM",1978,6070600200
"GTM",1979,6902600200
"GTM",1980,7878700000
"GTM",1981,8607500300
"GTM",1982,8716999700
"GTM",1983,9050000400
"GTM",1984,9470000100
"GTM",1985,9721652086.95652
"GTM",1986,7231963515.98174
"GTM",1987,7084399840
"GTM",1988,7841602824.42748
"GTM",1989,8410724360.79545
"GTM",1990,7650196845.21546
"GTM",1991,9406135143.41165
"GTM",1992,10440781587.5435
"GTM",1993,11400017301.4587
"GTM",1994,12983233310.7467
"GTM",1995,14655404433.2771
"GTM",1996,15674835615.3139
"GTM",1997,17790026221.6139
"GTM",1998,19395491992.9939
"GTM",1999,18318412251.3642
"GTM",2000,19288929030.0508
"GTM",2001,18405220247.4412
"GTM",2002,20444205991.025
"GTM",2003,21576351798.9145
"GTM",2004,23577298094.6571
"GTM",2005,26783389293.922
"GTM",2006,29744246827.1839
"GTM",2007,33567850824.1039
"GTM",2008,38503720224.3166
"GTM",2009,37126148264.6383
"GTM",2010,40676578423.4871
"GTM",2011,46876006272.2387
"GTM",2012,49593929487.1263
"GTM",2013,52996446269.442
"GTM",2014,57852153058.502
"GTM",2015,62186064718.7424
"GTM",2016,66053403469.0024
"GTM",2017,71653754066.2763
"GTM",2018,73328365862.4329
"GTM",2019,77172317258.6478
"GTM",2020,77719464220.73
"GTM",2021,86478835636.3813
"GTM",2022,95630524813.106
"GTM",2023,104450210572.012
"GTM",2024,NA
"GUM",1960,NA
"GUM",1961,NA
"GUM",1962,NA
"GUM",1963,NA
"GUM",1964,NA
"GUM",1965,NA
"GUM",1966,NA
"GUM",1967,NA
"GUM",1968,NA
"GUM",1969,NA
"GUM",1970,NA
"GUM",1971,NA
"GUM",1972,NA
"GUM",1973,NA
"GUM",1974,NA
"GUM",1975,NA
"GUM",1976,NA
"GUM",1977,NA
"GUM",1978,NA
"GUM",1979,NA
"GUM",1980,NA
"GUM",1981,NA
"GUM",1982,NA
"GUM",1983,NA
"GUM",1984,NA
"GUM",1985,NA
"GUM",1986,NA
"GUM",1987,NA
"GUM",1988,NA
"GUM",1989,NA
"GUM",1990,NA
"GUM",1991,NA
"GUM",1992,NA
"GUM",1993,NA
"GUM",1994,NA
"GUM",1995,NA
"GUM",1996,NA
"GUM",1997,NA
"GUM",1998,NA
"GUM",1999,NA
"GUM",2000,NA
"GUM",2001,NA
"GUM",2002,3.394e+09
"GUM",2003,3.569e+09
"GUM",2004,3.869e+09
"GUM",2005,4.213e+09
"GUM",2006,4.238e+09
"GUM",2007,4.397e+09
"GUM",2008,4.658e+09
"GUM",2009,4.828e+09
"GUM",2010,4.949e+09
"GUM",2011,4.984e+09
"GUM",2012,5.265e+09
"GUM",2013,5.399e+09
"GUM",2014,5.61e+09
"GUM",2015,5.799e+09
"GUM",2016,5.901e+09
"GUM",2017,6.013e+09
"GUM",2018,6.051e+09
"GUM",2019,6.355e+09
"GUM",2020,5.916e+09
"GUM",2021,6.234e+09
"GUM",2022,6.91e+09
"GUM",2023,NA
"GUM",2024,NA
"GUY",1960,170216241.126064
"GUY",1961,185849535.376162
"GUY",1962,194949512.626218
"GUY",1963,175757893.938598
"GUY",1964,194774513.063717
"GUY",1965,213235294.117647
"GUY",1966,228705882.352941
"GUY",1967,250176470.588235
"GUY",1968,229750000
"GUY",1969,249300000
"GUY",1970,267800000
"GUY",1971,282050000
"GUY",1972,285380952.380952
"GUY",1973,307047619.047619
"GUY",1974,433954545.454545
"GUY",1975,494791666.666667
"GUY",1976,454440000
"GUY",1977,449880000
"GUY",1978,507080000
"GUY",1979,530440000
"GUY",1980,603200000
"GUY",1981,570357107.142857
"GUY",1982,4.82e+08
"GUY",1983,489333333.333333
"GUY",1984,437631605.263158
"GUY",1985,453488372.093023
"GUY",1986,504651139.534884
"GUY",1987,354591846.938775
"GUY",1988,413799990
"GUY",1989,379779389.705882
"GUY",1990,396582263.291139
"GUY",1991,348533094.812165
"GUY",1992,373573141.486811
"GUY",1993,454101382.488479
"GUY",1994,540874934.201012
"GUY",1995,621626785.915493
"GUY",1996,705406001.424501
"GUY",1997,749138009.56454
"GUY",1998,717530683.169567
"GUY",1999,694754988.258295
"GUY",2000,712667896.727512
"GUY",2001,712167450.162898
"GUY",2002,726131434.715338
"GUY",2003,743063950.317749
"GUY",2004,787814379.183843
"GUY",2005,824880550.343965
"GUY",2006,2379817990.6918
"GUY",2007,2730971595.39574
"GUY",2008,3025187433.33637
"GUY",2009,3165663152.73351
"GUY",2010,3432912516.92427
"GUY",2011,3691384317.52178
"GUY",2012,4063088535.76331
"GUY",2013,4167800928.83553
"GUY",2014,4127660151.8087
"GUY",2015,4279840193.7046
"GUY",2016,4482697336.56174
"GUY",2017,4748174334.14044
"GUY",2018,4787636997.85343
"GUY",2019,5173760191.84652
"GUY",2020,5471256594.72422
"GUY",2021,8041363893.04556
"GUY",2022,14718387016.7866
"GUY",2023,17159509565.4676
"GUY",2024,NA
"HIC",1960,1092551546744.34
"HIC",1961,1165197112448.35
"HIC",1962,1260147954624.24
"HIC",1963,1355500731280.34
"HIC",1964,1481517121033.48
"HIC",1965,1610326554922.1
"HIC",1966,1762147593190.95
"HIC",1967,1882519138553.76
"HIC",1968,2042023306314.14
"HIC",1969,2250762693657.83
"HIC",1970,2470678009486.51
"HIC",1971,2744911647055.78
"HIC",1972,3188709377378.44
"HIC",1973,3868523480638.55
"HIC",1974,4375301454639.45
"HIC",1975,4880922395903.04
"HIC",1976,5316245894819.46
"HIC",1977,6018125743896.84
"HIC",1978,7224158555724.24
"HIC",1979,8349715091146.16
"HIC",1980,9321370950520.42
"HIC",1981,9464732292155.74
"HIC",1982,9371250938877.72
"HIC",1983,9680585669137.22
"HIC",1984,10092124950297.3
"HIC",1985,10589790780118.3
"HIC",1986,12862965802645.6
"HIC",1987,14913608165038.5
"HIC",1988,16785140648268.6
"HIC",1989,17480886838661.9
"HIC",1990,19577060915733
"HIC",1991,20661369811118.7
"HIC",1992,22121982101628.4
"HIC",1993,22275468839584.5
"HIC",1994,23825288053707.6
"HIC",1995,26437210675465.3
"HIC",1996,26649646344819.4
"HIC",1997,26214402730786.5
"HIC",1998,26177389722774.1
"HIC",1999,27417627997191.3
"HIC",2000,28051786134447
"HIC",2001,27827867729175.2
"HIC",2002,29042555250824.5
"HIC",2003,32602867208416
"HIC",2004,36421520433117.9
"HIC",2005,38673188719418.1
"HIC",2006,41048111676491
"HIC",2007,45167415798939.2
"HIC",2008,48417866433782.2
"HIC",2009,45032420848215.6
"HIC",2010,47429075600674.9
"HIC",2011,51637656551411.5
"HIC",2012,51803547767852.5
"HIC",2013,52545701699151
"HIC",2014,53424933265987.3
"HIC",2015,49875503824325
"HIC",2016,50840864613079.3
"HIC",2017,53443174098147.7
"HIC",2018,56793957781697.4
"HIC",2019,57351008372783
"HIC",2020,55946257620087
"HIC",2021,62737887026890
"HIC",2022,64961263426035.5
"HIC",2023,68276492853979.9
"HIC",2024,NA
"HKG",1960,1320796651.69457
"HKG",1961,1383681651.13776
"HKG",1962,1612346412.26475
"HKG",1963,1935298266.45384
"HKG",1964,2206466461.26434
"HKG",1965,2435078534.03141
"HKG",1966,2489845016.64894
"HKG",1967,2692474989.12571
"HKG",1968,2716964388.42418
"HKG",1969,3189740055.13982
"HKG",1970,3800766535.62088
"HKG",1971,4476001946.01486
"HKG",1972,5710090213.15035
"HKG",1973,8030117555.62033
"HKG",1974,9388695366.84578
"HKG",1975,10048089558.0636
"HKG",1976,12876366008.8077
"HKG",1977,15719433719.4337
"HKG",1978,18315136409.1427
"HKG",1979,22526184533.17
"HKG",1980,28861857810.6515
"HKG",1981,31055226088.6943
"HKG",1982,32291215843.6433
"HKG",1983,29907227184.179
"HKG",1984,33511383985.6741
"HKG",1985,35699772165.7093
"HKG",1986,41075396884.8952
"HKG",1987,50622896162.6006
"HKG",1988,59707404560.5944
"HKG",1989,68790219177.9733
"HKG",1990,76928784620.8158
"HKG",1991,88959997899.9293
"HKG",1992,104272507639.282
"HKG",1993,120354212475
"HKG",1994,135811771026.33
"HKG",1995,144652295363.667
"HKG",1996,159718183550.734
"HKG",1997,177353174849.714
"HKG",1998,168885443660.072
"HKG",1999,165768095391.557
"HKG",2000,171668891194.349
"HKG",2001,169404327616.605
"HKG",2002,166348866131.028
"HKG",2003,161385558801.811
"HKG",2004,169099768875.193
"HKG",2005,181569311742.213
"HKG",2006,193535442896.365
"HKG",2007,211596944503.8
"HKG",2008,219278749139.734
"HKG",2009,214047795659.045
"HKG",2010,228638668727.291
"HKG",2011,248513617677.287
"HKG",2012,262628865879.697
"HKG",2013,275696879834.966
"HKG",2014,291459995978.893
"HKG",2015,309385622601.348
"HKG",2016,320860317562.562
"HKG",2017,341273289534.466
"HKG",2018,361731070995.726
"HKG",2019,363074545072.389
"HKG",2020,344943149590.058
"HKG",2021,368954169748.818
"HKG",2022,358681066274.469
"HKG",2023,380812234827.832
"HKG",2024,NA
"HND",1960,335650000
"HND",1961,356200000
"HND",1962,387750000
"HND",1963,410200000
"HND",1964,4.57e+08
"HND",1965,508650000
"HND",1966,549950000
"HND",1967,598100000
"HND",1968,646800000
"HND",1969,668000050
"HND",1970,7.23e+08
"HND",1971,7.31e+08
"HND",1972,802996336.516486
"HND",1973,912499493.750253
"HND",1974,1034500000
"HND",1975,1.124e+09
"HND",1976,1347999950
"HND",1977,1669499950
"HND",1978,3097242093
"HND",1979,3544281976.5
"HND",1980,3968160046
"HND",1981,4043894878.5
"HND",1982,4266503525.5
"HND",1983,4476697185
"HND",1984,4915311846.5
"HND",1985,5278120712.5
"HND",1986,5677828959
"HND",1987,6190521241.5
"HND",1988,5902717091.41631
"HND",1989,5432344901.72414
"HND",1990,4923009551.55642
"HND",1991,4648668478.56753
"HND",1992,4943700431.07368
"HND",1993,4926728932.95069
"HND",1994,4642280682.14252
"HND",1995,5347445005.21376
"HND",1996,5215028986.48649
"HND",1997,5737099650.19011
"HND",1998,6366340265.87888
"HND",1999,6414520529.61672
"HND",2000,7186638029.05875
"HND",2001,7651162302.3456
"HND",2002,7858255412.86038
"HND",2003,8230391346.67228
"HND",2004,8869299234.3377
"HND",2005,9757012696.56212
"HND",2006,10917477066.1429
"HND",2007,12361257680.5627
"HND",2008,13881731875.7466
"HND",2009,14587496229.1811
"HND",2010,15839344591.9842
"HND",2011,17710275685.4074
"HND",2012,18528554397.5695
"HND",2013,18499729214.904
"HND",2014,19756533971.8698
"HND",2015,20979791685.416
"HND",2016,21717604952.1835
"HND",2017,23136247990.5977
"HND",2018,24067750760.499
"HND",2019,24882225741.8119
"HND",2020,23352232483.755
"HND",2021,28144331506.6149
"HND",2022,31426041806.7985
"HND",2023,34400509852.0436
"HND",2024,NA
"HPC",1960,21764253547.1734
"HPC",1961,22459725995.3549
"HPC",1962,24435087668.3335
"HPC",1963,28732775854.2691
"HPC",1964,26726934294.685
"HPC",1965,30246756298.3315
"HPC",1966,32811712439.5391
"HPC",1967,32315295746.7939
"HPC",1968,34802452164.9082
"HPC",1969,38302993161.2188
"HPC",1970,36973668688.6746
"HPC",1971,39841483301.0598
"HPC",1972,44348097940.9632
"HPC",1973,54318704968.4685
"HPC",1974,64029660440.5424
"HPC",1975,72125062328.6641
"HPC",1976,77321795803.3043
"HPC",1977,89631346610.2209
"HPC",1978,105361471871.985
"HPC",1979,115826678277.79
"HPC",1980,126981937478.403
"HPC",1981,127628494210.929
"HPC",1982,129595046945.696
"HPC",1983,128680325714.283
"HPC",1984,131410475039.809
"HPC",1985,137999627801.581
"HPC",1986,126978719105.166
"HPC",1987,135407077831.886
"HPC",1988,142083937237.655
"HPC",1989,144594738745.819
"HPC",1990,166146287281.021
"HPC",1991,179597458927.389
"HPC",1992,136822745392.739
"HPC",1993,142006978164.508
"HPC",1994,121487763744.988
"HPC",1995,141418513778.364
"HPC",1996,154144307318.465
"HPC",1997,161384022956.277
"HPC",1998,166850567072.563
"HPC",1999,167809429290.768
"HPC",2000,181381054438.024
"HPC",2001,175229674106.654
"HPC",2002,190150834251.026
"HPC",2003,215718549428.875
"HPC",2004,248550616224.677
"HPC",2005,284756209769.966
"HPC",2006,334033347514.091
"HPC",2007,398670660581.901
"HPC",2008,473750807418.692
"HPC",2009,470141481308.369
"HPC",2010,510516524583.673
"HPC",2011,565719952141.473
"HPC",2012,586349743998.452
"HPC",2013,657859660760.555
"HPC",2014,696365651505.557
"HPC",2015,668868898578.296
"HPC",2016,675915287466.174
"HPC",2017,726226122250.308
"HPC",2018,776506227119.833
"HPC",2019,805115217775.604
"HPC",2020,813139899187.275
"HPC",2021,905796942446.21
"HPC",2022,983601535350.123
"HPC",2023,1129946910802.31
"HPC",2024,NA
"HRV",1960,NA
"HRV",1961,NA
"HRV",1962,NA
"HRV",1963,NA
"HRV",1964,NA
"HRV",1965,NA
"HRV",1966,NA
"HRV",1967,NA
"HRV",1968,NA
"HRV",1969,NA
"HRV",1970,NA
"HRV",1971,NA
"HRV",1972,NA
"HRV",1973,NA
"HRV",1974,NA
"HRV",1975,NA
"HRV",1976,NA
"HRV",1977,NA
"HRV",1978,NA
"HRV",1979,NA
"HRV",1980,NA
"HRV",1981,NA
"HRV",1982,NA
"HRV",1983,NA
"HRV",1984,NA
"HRV",1985,NA
"HRV",1986,NA
"HRV",1987,NA
"HRV",1988,NA
"HRV",1989,NA
"HRV",1990,25650213279.6781
"HRV",1991,18760386774.7973
"HRV",1992,10621169290.9986
"HRV",1993,11259647874.4986
"HRV",1994,15062911616.8222
"HRV",1995,22772394546.6058
"HRV",1996,24150978346.5253
"HRV",1997,24175764812.1218
"HRV",1998,25890228429.7214
"HRV",1999,23777026779.3004
"HRV",2000,22134411297.473
"HRV",2001,23066883849.6467
"HRV",2002,26757722428.6781
"HRV",2003,35245317001.8224
"HRV",2004,41836292157.3335
"HRV",2005,45013119281.806
"HRV",2006,49590197656.5482
"HRV",2007,59298265769.9946
"HRV",2008,68478776205.9826
"HRV",2009,62321642125.1721
"HRV",2010,58981738868.753
"HRV",2011,62903737379.7834
"HRV",2012,57551963753.2104
"HRV",2013,59852401272.3204
"HRV",2014,59612144078.4133
"HRV",2015,51005200669.6941
"HRV",2016,52654855638.1057
"HRV",2017,56186190437.9959
"HRV",2018,61668130122.5878
"HRV",2019,61467582193.6824
"HRV",2020,57963370885.0798
"HRV",2021,69006802298.6956
"HRV",2022,71198635101.9514
"HRV",2023,84393795502.4421
"HRV",2024,NA
"HTI",1960,273187200
"HTI",1961,271066000
"HTI",1962,281896800
"HTI",1963,294883400
"HTI",1964,325281200
"HTI",1965,353251800
"HTI",1966,368948600
"HTI",1967,369124200
"HTI",1968,367968800
"HTI",1969,391820400
"HTI",1970,331200000
"HTI",1971,362800000
"HTI",1972,371998958.402916
"HTI",1973,466798973.042259
"HTI",1974,565399321.520814
"HTI",1975,681400000
"HTI",1976,8.79e+08
"HTI",1977,9.47e+08
"HTI",1978,974200000
"HTI",1979,1080600000
"HTI",1980,1383800000
"HTI",1981,1479400000
"HTI",1982,1474200000
"HTI",1983,1623600000
"HTI",1984,1816200000
"HTI",1985,2009400000
"HTI",1986,2.318e+09
"HTI",1987,2047200000
"HTI",1988,2613926800
"HTI",1989,2736243800
"HTI",1990,3096289800
"HTI",1991,3473562627.79423
"HTI",1992,2257129791.61575
"HTI",1993,1878253767.31305
"HTI",1994,2167569046.11837
"HTI",1995,2813313278.81082
"HTI",1996,2907517603.76719
"HTI",1997,3338949151.59927
"HTI",1998,3723903723.63772
"HTI",1999,4153725883.84082
"HTI",2000,6813566098.8675
"HTI",2001,6331970324.31022
"HTI",2002,6205847213.6351
"HTI",2003,5071947798.27263
"HTI",2004,6087360684.2969
"HTI",2005,7030149730.33692
"HTI",2006,7638739122.67242
"HTI",2007,9228637767.69009
"HTI",2008,10432962634.8748
"HTI",2009,11597002834.7786
"HTI",2010,11859312725.1448
"HTI",2011,13008746038.8867
"HTI",2012,13708925477.1304
"HTI",2013,14902488604.2421
"HTI",2014,15146883497.6331
"HTI",2015,14849629308.6025
"HTI",2016,14069277526.2278
"HTI",2017,15093357161.1498
"HTI",2018,16403864617.8458
"HTI",2019,15016090929.5125
"HTI",2020,14508222518.3018
"HTI",2021,20877414952.6375
"HTI",2022,20253551920.5516
"HTI",2023,19850829757.5418
"HTI",2024,NA
"HUN",1960,NA
"HUN",1961,NA
"HUN",1962,NA
"HUN",1963,NA
"HUN",1964,NA
"HUN",1965,NA
"HUN",1966,NA
"HUN",1967,NA
"HUN",1968,4870283626.18043
"HUN",1969,5412100260.1731
"HUN",1970,5762071728.12373
"HUN",1971,6271045034.4683
"HUN",1972,7355242314.22407
"HUN",1973,9108483160.5037
"HUN",1974,9983664739.3203
"HUN",1975,11383139029.4345
"HUN",1976,13192437321.2442
"HUN",1977,14735449496.7289
"HUN",1978,17230354544.8242
"HUN",1979,19894622393.194
"HUN",1980,23041569234.9792
"HUN",1981,23628554956.6052
"HUN",1982,24062916721.3121
"HUN",1983,21838893330.6052
"HUN",1984,21173432184.8711
"HUN",1985,21440475719.8582
"HUN",1986,24697337084.1012
"HUN",1987,27143185296.5443
"HUN",1988,29702631093.8815
"HUN",1989,30323270274.4059
"HUN",1990,34365891768.6878
"HUN",1991,34753569692.915
"HUN",1992,38730585922.2189
"HUN",1993,40124916940.5945
"HUN",1994,43166678735.2183
"HUN",1995,46425677734.1435
"HUN",1996,46658755151.6017
"HUN",1997,47296952928.7561
"HUN",1998,48706787306.2574
"HUN",1999,49073380173.7159
"HUN",2000,47218405892.4258
"HUN",2001,53749989092.0197
"HUN",2002,67608919144.3684
"HUN",2003,85285062818.0077
"HUN",2004,104120820258.669
"HUN",2005,113211158292.936
"HUN",2006,115715618613.052
"HUN",2007,140186716681.425
"HUN",2008,158325614580.628
"HUN",2009,131069255620.567
"HUN",2010,132175349953.713
"HUN",2011,141942264554.475
"HUN",2012,128814279315.132
"HUN",2013,135684315697.713
"HUN",2014,141033843265.669
"HUN",2015,125174166987.372
"HUN",2016,128609822750.039
"HUN",2017,143112196040.326
"HUN",2018,160565642983.587
"HUN",2019,164020460331.659
"HUN",2020,157288955508.176
"HUN",2021,182109999477.691
"HUN",2022,177006128624.627
"HUN",2023,212388906458.724
"HUN",2024,NA
"IBD",1960,317482813174.278
"IBD",1961,314825492753.681
"IBD",1962,322057205168.552
"IBD",1963,345780566614.321
"IBD",1964,391944318091.05
"IBD",1965,429673407517.042
"IBD",1966,443940954571.749
"IBD",1967,456547495398.069
"IBD",1968,483768560196.391
"IBD",1969,540100818272.881
"IBD",1970,588041174185.572
"IBD",1971,641077105466.906
"IBD",1972,722637367325.928
"IBD",1973,936773600276.36
"IBD",1974,1185685043150.48
"IBD",1975,1280667013404.81
"IBD",1976,1390219407425.86
"IBD",1977,1575292800812.66
"IBD",1978,1741658710471.3
"IBD",1979,2034883800779.48
"IBD",1980,2415636588445.86
"IBD",1981,2594939410213.75
"IBD",1982,2557686949781.3
"IBD",1983,2526252835646.19
"IBD",1984,2615813541955.51
"IBD",1985,2716599818756.82
"IBD",1986,2820422009634.91
"IBD",1987,2906382855588.24
"IBD",1988,3107297312893.92
"IBD",1989,3237497626118
"IBD",1990,3719671037688.34
"IBD",1991,3535988975852.88
"IBD",1992,3691447259689.7
"IBD",1993,3928423378989.3
"IBD",1994,4334030140518.7
"IBD",1995,4917852872194.15
"IBD",1996,5370411866159.34
"IBD",1997,5694933738300
"IBD",1998,5541878799741.18
"IBD",1999,5398377166740.39
"IBD",2000,5873152773879.72
"IBD",2001,5955395364740.57
"IBD",2002,6043797681672.04
"IBD",2003,6787013105172.53
"IBD",2004,8083579542097.98
"IBD",2005,9656465769683.14
"IBD",2006,11452613229877.9
"IBD",2007,14221554132945.1
"IBD",2008,17055684034702.6
"IBD",2009,16539477116784.4
"IBD",2010,20113636481114.9
"IBD",2011,23813102601159.9
"IBD",2012,25306389172545.8
"IBD",2013,26702758832040.4
"IBD",2014,27596836842386.5
"IBD",2015,25841079101004.8
"IBD",2016,26032663404168.6
"IBD",2017,28752304968945.4
"IBD",2018,30653934094282.1
"IBD",2019,31298751631398.9
"IBD",2020,30114868724300.2
"IBD",2021,35763964842420.9
"IBD",2022,37711987599830.9
"IBD",2023,38789302232983.5
"IBD",2024,NA
"IBT",1960,361892242003.139
"IBT",1961,362462403613.598
"IBT",1962,373895791767.962
"IBT",1963,403277117805.73
"IBT",1964,447988605894.711
"IBT",1965,492596971116.294
"IBT",1966,512231198019.664
"IBT",1967,525672660673.374
"IBT",1968,557015076505.947
"IBT",1969,622386788689.871
"IBT",1970,679714756080.871
"IBT",1971,732805986167.548
"IBT",1972,819967723180.737
"IBT",1973,1047793363668.69
"IBT",1974,1332402598450.94
"IBT",1975,1455854224777.36
"IBT",1976,1572104349343.84
"IBT",1977,1772066832902.35
"IBT",1978,1966325684491.57
"IBT",1979,2291347712377.61
"IBT",1980,2720282856148.64
"IBT",1981,3044271572519.91
"IBT",1982,2984692379099.61
"IBT",1983,2888645355460.43
"IBT",1984,2951960756879.64
"IBT",1985,3063121066895.69
"IBT",1986,3127136878714.61
"IBT",1987,3223798929486.59
"IBT",1988,3440679207305.3
"IBT",1989,3572674481112.57
"IBT",1990,4098198620349.73
"IBT",1991,3942565949413.83
"IBT",1992,4054949806932.68
"IBT",1993,4310534078598.4
"IBT",1994,4729836801968.21
"IBT",1995,5398600949026.56
"IBT",1996,5923939075697.93
"IBT",1997,6274580819841.74
"IBT",1998,6144907612641.51
"IBT",1999,5850214145431.35
"IBT",2000,6391423006086.91
"IBT",2001,6467971857875.88
"IBT",2002,6596113985139.08
"IBT",2003,7410043044889.59
"IBT",2004,8812155487875.67
"IBT",2005,10501886977425.9
"IBT",2006,12462339517740.2
"IBT",2007,15406789298778.1
"IBT",2008,18467337642091.5
"IBT",2009,17918122362578.6
"IBT",2010,21703542538838.4
"IBT",2011,25609760647500.5
"IBT",2012,27201457309739.7
"IBT",2013,28764544849717.7
"IBT",2014,29817424804408.4
"IBT",2015,28002742765817.7
"IBT",2016,28185625931332.6
"IBT",2017,31021018298163.5
"IBT",2018,33059072280457.1
"IBT",2019,33801024892359.5
"IBT",2020,32566020356731.5
"IBT",2021,38431269006646.3
"IBT",2022,40596809224874
"IBT",2023,41669008262158.8
"IBT",2024,NA
"IDA",1960,43246282845.0915
"IDA",1961,45696271473.9688
"IDA",1962,49174101280.0693
"IDA",1963,54379384508.1755
"IDA",1964,53783425109.4056
"IDA",1965,60238150560.4025
"IDA",1966,65070707445.1226
"IDA",1967,65964803986.7479
"IDA",1968,69897741507.0372
"IDA",1969,78482206321.0943
"IDA",1970,87267271048.8118
"IDA",1971,88260148030.0826
"IDA",1972,94409590867.7376
"IDA",1973,109703512343.058
"IDA",1974,144041104261.125
"IDA",1975,169571323313.94
"IDA",1976,177171103680.832
"IDA",1977,192987921137.364
"IDA",1978,219291132163.087
"IDA",1979,251191541190.415
"IDA",1980,298354721358.331
"IDA",1981,422940810621.2
"IDA",1982,403546286954.07
"IDA",1983,348769250499.104
"IDA",1984,328328201523.142
"IDA",1985,338826766819.387
"IDA",1986,307216269302.84
"IDA",1987,317716201175.116
"IDA",1988,334568914856.15
"IDA",1989,336033250986.314
"IDA",1990,379306304039.89
"IDA",1991,408541541543.951
"IDA",1992,364499598693.556
"IDA",1993,383095878154.744
"IDA",1994,396480125090.845
"IDA",1995,482019867670.217
"IDA",1996,555470881472.529
"IDA",1997,581565725848.021
"IDA",1998,605658660403.416
"IDA",1999,451744378688.117
"IDA",2000,518692130946.018
"IDA",2001,512834423375.268
"IDA",2002,552999516407.298
"IDA",2003,623833822033.598
"IDA",2004,729356646292.159
"IDA",2005,846026953097.618
"IDA",2006,1010537214296.64
"IDA",2007,1185342131935.6
"IDA",2008,1411653607388.91
"IDA",2009,1378645245794.2
"IDA",2010,1589906057723.49
"IDA",2011,1796658046340.63
"IDA",2012,1895068137193.89
"IDA",2013,2061786017677.34
"IDA",2014,2220587962021.9
"IDA",2015,2160355432857.54
"IDA",2016,2151877377687.87
"IDA",2017,2268542522550.63
"IDA",2018,2405084337108.54
"IDA",2019,2501780139643.8
"IDA",2020,2450267402830.47
"IDA",2021,2668547717370.14
"IDA",2022,2885452928535.09
"IDA",2023,2880514996348.02
"IDA",2024,NA
"IDB",1960,11879974957.7978
"IDB",1961,12720578451.4747
"IDB",1962,13604070957.801
"IDB",1963,14407334836.9007
"IDB",1964,15724661347.0412
"IDB",1965,17083744788.0461
"IDB",1966,18608668971.6862
"IDB",1967,18736111922.115
"IDB",1968,19781790886.3774
"IDB",1969,22624348028.5392
"IDB",1970,30963669013.2192
"IDB",1971,28851063760.2118
"IDB",1972,32360055753.1757
"IDB",1973,34608035284.8771
"IDB",1974,49733438009.3777
"IDB",1975,57184749902.2639
"IDB",1976,68819772739.0904
"IDB",1977,72705949353.1863
"IDB",1978,79102065756.3655
"IDB",1979,96947388865.5745
"IDB",1980,124222492480.472
"IDB",1981,237670400560.123
"IDB",1982,217363853765.008
"IDB",1983,165383050250.544
"IDB",1984,142128727667.14
"IDB",1985,142632306787.633
"IDB",1986,128897918926.103
"IDB",1987,132134771103.974
"IDB",1988,137924868792.261
"IDB",1989,134091648040.474
"IDB",1990,148219580589.031
"IDB",1991,159539562258.745
"IDB",1992,154199549857.956
"IDB",1993,164195965395.047
"IDB",1994,182666646789.055
"IDB",1995,256306300158.621
"IDB",1996,310420030319.796
"IDB",1997,325988685495.056
"IDB",1998,341267550688.977
"IDB",1999,184664063761.002
"IDB",2000,227751012596.487
"IDB",2001,227157351660.396
"IDB",2002,249561003392.152
"IDB",2003,281703589464.072
"IDB",2004,341633787232.296
"IDB",2005,404342202351.638
"IDB",2006,501411656966.723
"IDB",2007,581132806961.668
"IDB",2008,680728055173.147
"IDB",2009,635294973482.798
"IDB",2010,745687007731.632
"IDB",2011,851975410787.135
"IDB",2012,946685763995.533
"IDB",2013,1028642955631.56
"IDB",2014,1115645612713.81
"IDB",2015,1058990581097.27
"IDB",2016,987290516597.472
"IDB",2017,1012161782023.07
"IDB",2018,1066719614873.96
"IDB",2019,1092770923537.26
"IDB",2020,1024076691136.99
"IDB",2021,1114246944908.41
"IDB",2022,1208339576445.76
"IDB",2023,1068437562493.42
"IDB",2024,NA
"IDN",1960,NA
"IDN",1961,NA
"IDN",1962,NA
"IDN",1963,NA
"IDN",1964,NA
"IDN",1965,NA
"IDN",1966,NA
"IDN",1967,5667756627.92093
"IDN",1968,7076465299.81141
"IDN",1969,8337423312.88344
"IDN",1970,9150684931.50685
"IDN",1971,9333536369.94567
"IDN",1972,10997590361.4458
"IDN",1973,16273253012.0482
"IDN",1974,25802409638.5542
"IDN",1975,30463855421.6867
"IDN",1976,37269156626.506
"IDN",1977,45808915662.6506
"IDN",1978,51455719075.8254
"IDN",1979,51400186342.8889
"IDN",1980,72482337397.4439
"IDN",1981,85518233419.0479
"IDN",1982,90158449294.9921
"IDN",1983,81052283383.7155
"IDN",1984,84853700027.651
"IDN",1985,85289488375.4435
"IDN",1986,79954072544.5279
"IDN",1987,75929617557.7521
"IDN",1988,84300174485.7973
"IDN",1989,94451427876.6628
"IDN",1990,106140727333.636
"IDN",1991,116621996217.133
"IDN",1992,128026966579.964
"IDN",1993,158006700301.533
"IDN",1994,176892143931.505
"IDN",1995,202132028723.115
"IDN",1996,227369679374.973
"IDN",1997,215748998609.635
"IDN",1998,95445547872.715
"IDN",1999,140001351215.462
"IDN",2000,165021012077.81
"IDN",2001,160446947784.909
"IDN",2002,195660611165.183
"IDN",2003,234772463823.808
"IDN",2004,256836875295.452
"IDN",2005,285868619196.085
"IDN",2006,364570515618.358
"IDN",2007,432216737774.861
"IDN",2008,510228634992.255
"IDN",2009,539580085612.401
"IDN",2010,755094157594.524
"IDN",2011,892969104529.572
"IDN",2012,917869913364.917
"IDN",2013,912524136718.018
"IDN",2014,890814755511.014
"IDN",2015,860854232717.718
"IDN",2016,931877364034.196
"IDN",2017,1015618744168.08
"IDN",2018,1042271532953.49
"IDN",2019,1119099871385.79
"IDN",2020,1059054842711.55
"IDN",2021,1186509691070.97
"IDN",2022,1319076267291.51
"IDN",2023,1371171152331.16
"IDN",2024,NA
"IDX",1960,32343504360.8959
"IDX",1961,33970460024.7388
"IDX",1962,36658956625.1643
"IDX",1963,41315052548.2885
"IDX",1964,39065472508.7825
"IDX",1965,44397047434.2454
"IDX",1966,47770714375.2572
"IDX",1967,48583116647.3261
"IDX",1968,51565890265.1536
"IDX",1969,57400472251.8293
"IDX",1970,56813820897.2926
"IDX",1971,60208693259.3095
"IDX",1972,62734080531.879
"IDX",1973,76232074767.4011
"IDX",1974,95310883144.4321
"IDX",1975,113722968322.957
"IDX",1976,108796414513.787
"IDX",1977,121003503090.643
"IDX",1978,141384040105.699
"IDX",1979,154936245865.792
"IDX",1980,173994807318.962
"IDX",1981,179304327013.311
"IDX",1982,181371701744.568
"IDX",1983,181335081410.102
"IDX",1984,185539635028.155
"IDX",1985,195843836244.574
"IDX",1986,178035393351.158
"IDX",1987,185384319966.586
"IDX",1988,196623811372.392
"IDX",1989,202603253026.452
"IDX",1990,232316192604.142
"IDX",1991,250332478776.687
"IDX",1992,210975160820.353
"IDX",1993,219522769269.208
"IDX",1994,213939613591.553
"IDX",1995,224473224274.773
"IDX",1996,243008429991.48
"IDX",1997,253398533692.258
"IDX",1998,262050126610.395
"IDX",1999,268179387599.108
"IDX",2000,291563016615.709
"IDX",2001,286236953680.483
"IDX",2002,303914024822.718
"IDX",2003,342661759610.607
"IDX",2004,388002963888.935
"IDX",2005,441785631156.639
"IDX",2006,508733339813.514
"IDX",2007,603944232307.457
"IDX",2008,730925552215.763
"IDX",2009,743350272311.401
"IDX",2010,844219049991.861
"IDX",2011,944682635553.494
"IDX",2012,948382373198.357
"IDX",2013,1033143062045.77
"IDX",2014,1104942349308.09
"IDX",2015,1101364851760.27
"IDX",2016,1164586861090.4
"IDX",2017,1256380740527.56
"IDX",2018,1338364722234.58
"IDX",2019,1409009216106.54
"IDX",2020,1426190711693.48
"IDX",2021,1554300772461.73
"IDX",2022,1677113352089.33
"IDX",2023,1814046621127.36
"IDX",2024,NA
"IMN",1960,NA
"IMN",1961,NA
"IMN",1962,NA
"IMN",1963,NA
"IMN",1964,NA
"IMN",1965,NA
"IMN",1966,NA
"IMN",1967,NA
"IMN",1968,NA
"IMN",1969,NA
"IMN",1970,NA
"IMN",1971,NA
"IMN",1972,NA
"IMN",1973,NA
"IMN",1974,NA
"IMN",1975,NA
"IMN",1976,NA
"IMN",1977,NA
"IMN",1978,NA
"IMN",1979,NA
"IMN",1980,NA
"IMN",1981,NA
"IMN",1982,NA
"IMN",1983,NA
"IMN",1984,251195796.754456
"IMN",1985,256330852.156058
"IMN",1986,356287012.606274
"IMN",1987,459975486.190554
"IMN",1988,584702952.685877
"IMN",1989,617619437.172775
"IMN",1990,761514559.659091
"IMN",1991,821507936.507937
"IMN",1992,854849069.84907
"IMN",1993,765647870.425915
"IMN",1994,833255280.073462
"IMN",1995,922269212.561149
"IMN",1996,1007205928.23713
"IMN",1997,1178261296.66012
"IMN",1998,1385124213.31567
"IMN",1999,1573742112.92671
"IMN",2000,1601050083.21985
"IMN",2001,1668684324.16871
"IMN",2002,1891002697.84173
"IMN",2003,2252620408.16327
"IMN",2004,2802206151.59282
"IMN",2005,3032411026.94919
"IMN",2006,3422733202.4501
"IMN",2007,4466350655.89909
"IMN",2008,5928791505.35144
"IMN",2009,5486921247.07323
"IMN",2010,5920369789.50182
"IMN",2011,6565667052.79737
"IMN",2012,6690228371.66909
"IMN",2013,7001175622.71266
"IMN",2014,7708454412.32126
"IMN",2015,7084800892.22284
"IMN",2016,6846377563.00683
"IMN",2017,6979788333.50279
"IMN",2018,7491649455.92717
"IMN",2019,7314967866.28289
"IMN",2020,6684225641.02564
"IMN",2021,7931193222.06405
"IMN",2022,NA
"IMN",2023,NA
"IMN",2024,NA
"IND",1960,37029883876.1839
"IND",1961,39232435784.0358
"IND",1962,42161481858.0819
"IND",1963,48421923459.1235
"IND",1964,56480289940.9899
"IND",1965,59556105229.0052
"IND",1966,45581230504.071
"IND",1967,50134942204
"IND",1968,53085455870.6667
"IND",1969,58447995017.3333
"IND",1970,62422483054.6667
"IND",1971,67351404351.833
"IND",1972,71464700666.9869
"IND",1973,85517673172.5513
"IND",1974,99526597933.6331
"IND",1975,98473832017.3242
"IND",1976,102716451979.68
"IND",1977,121486641441.309
"IND",1978,137302319828.995
"IND",1979,152995442497.709
"IND",1980,186328579302.068
"IND",1981,193491368445.573
"IND",1982,200715624830.902
"IND",1983,218262146413.158
"IND",1984,212157645177.652
"IND",1985,232511554840.372
"IND",1986,248985994040.59
"IND",1987,279033584092.223
"IND",1988,296589670895.932
"IND",1989,296042052944.66
"IND",1990,320979026420.035
"IND",1991,270105341879.226
"IND",1992,288208070278.013
"IND",1993,279295648982.529
"IND",1994,327274843459.429
"IND",1995,360281909643.489
"IND",1996,392896866204.516
"IND",1997,415867563592.829
"IND",1998,421351317224.941
"IND",1999,458821052615.79
"IND",2000,468395521654.458
"IND",2001,485440139204.171
"IND",2002,514939140318.756
"IND",2003,607700687237.318
"IND",2004,709152728830.775
"IND",2005,820383763511.445
"IND",2006,940259888787.721
"IND",2007,1216736438834.96
"IND",2008,1198895139005.92
"IND",2009,1341888016994.9
"IND",2010,1675615519484.96
"IND",2011,1823051829894.55
"IND",2012,1827637590410.41
"IND",2013,1856721507621.58
"IND",2014,2039126479154.52
"IND",2015,2103588360044.94
"IND",2016,2294796885663.16
"IND",2017,2651474262755.45
"IND",2018,2702929641648.74
"IND",2019,2835606256558.19
"IND",2020,2674851578587.27
"IND",2021,3167270623260.47
"IND",2022,3353470496886.33
"IND",2023,3567551674623.01
"IND",2024,NA
"INX",1960,NA
"INX",1961,NA
"INX",1962,NA
"INX",1963,NA
"INX",1964,NA
"INX",1965,NA
"INX",1966,NA
"INX",1967,NA
"INX",1968,NA
"INX",1969,NA
"INX",1970,NA
"INX",1971,NA
"INX",1972,NA
"INX",1973,NA
"INX",1974,NA
"INX",1975,NA
"INX",1976,NA
"INX",1977,NA
"INX",1978,NA
"INX",1979,NA
"INX",1980,NA
"INX",1981,NA
"INX",1982,NA
"INX",1983,NA
"INX",1984,NA
"INX",1985,NA
"INX",1986,NA
"INX",1987,NA
"INX",1988,NA
"INX",1989,NA
"INX",1990,NA
"INX",1991,NA
"INX",1992,NA
"INX",1993,NA
"INX",1994,NA
"INX",1995,NA
"INX",1996,NA
"INX",1997,NA
"INX",1998,NA
"INX",1999,NA
"INX",2000,NA
"INX",2001,NA
"INX",2002,NA
"INX",2003,NA
"INX",2004,NA
"INX",2005,NA
"INX",2006,NA
"INX",2007,NA
"INX",2008,NA
"INX",2009,NA
"INX",2010,NA
"INX",2011,NA
"INX",2012,NA
"INX",2013,NA
"INX",2014,NA
"INX",2015,NA
"INX",2016,NA
"INX",2017,NA
"INX",2018,NA
"INX",2019,NA
"INX",2020,NA
"INX",2021,NA
"INX",2022,NA
"INX",2023,NA
"INX",2024,NA
"IRL",1960,1998550221.80554
"IRL",1961,2151772979.96956
"IRL",1962,2329372971.89171
"IRL",1963,2505073357.88508
"IRL",1964,2851091646.43165
"IRL",1965,3035655793.5247
"IRL",1966,3198820903.82796
"IRL",1967,3445739914.73101
"IRL",1968,3378701146.84197
"IRL",1969,3902721631.54663
"IRL",1970,4395995085.99509
"IRL",1971,5098250287.46646
"IRL",1972,6318060582.21873
"IRL",1973,7481173065.79201
"IRL",1974,7896860614.98803
"IRL",1975,9483808362.36934
"IRL",1976,9453756014.71837
"IRL",1977,11248340431.3779
"IRL",1978,14647996073.6937
"IRL",1979,18319334300.4513
"IRL",1980,21747855640.0712
"IRL",1981,20670190138.1671
"IRL",1982,21474754080.0358
"IRL",1983,20766047763.5314
"IRL",1984,20106648454.8404
"IRL",1985,21270013325.5601
"IRL",1986,28714571852.4799
"IRL",1987,33920518492.5094
"IRL",1988,37772897420.5159
"IRL",1989,39238392677.7542
"IRL",1990,49305632408.4929
"IRL",1991,49787502852.0725
"IRL",1992,55918538121.3989
"IRL",1993,52417477613.676
"IRL",1994,57097656065.96
"IRL",1995,69139823232.3232
"IRL",1996,75790785030.2419
"IRL",1997,82856648758.3572
"IRL",1998,90199410115.5097
"IRL",1999,98893958262.6438
"IRL",2000,100207610429.909
"IRL",2001,109346669229.695
"IRL",2002,128596035288.401
"IRL",2003,164670771259.602
"IRL",2004,194372115041.065
"IRL",2005,211876989655.907
"IRL",2006,232180617162.279
"IRL",2007,270079279419.5
"IRL",2008,275447471451.063
"IRL",2009,236443117248.477
"IRL",2010,221985621537.5
"IRL",2011,241337364609.738
"IRL",2012,227270922957.327
"IRL",2013,243301556084.989
"IRL",2014,266787238499.03
"IRL",2015,302391428540.035
"IRL",2016,305733136180.907
"IRL",2017,348532394023.595
"IRL",2018,395461216460.418
"IRL",2019,407124824064.995
"IRL",2020,436555518400.451
"IRL",2021,531306516907.984
"IRL",2022,548570250341.987
"IRL",2023,551394889339.778
"IRL",2024,NA
"IRN",1960,4199134389.90099
"IRN",1961,4426949094.83828
"IRN",1962,4693566416.48845
"IRN",1963,4928628018.38944
"IRN",1964,5379845647.69637
"IRN",1965,6197319929.0429
"IRN",1966,6789938671.74918
"IRN",1967,7555383690.16502
"IRN",1968,8623172959.89439
"IRN",1969,9743089607.49835
"IRN",1970,10976245153.5842
"IRN",1971,13731802833.0379
"IRN",1972,17153463263.1023
"IRN",1973,27081698249.5137
"IRN",1974,46209092072.1331
"IRN",1975,51776222349.8812
"IRN",1976,68055295080.7542
"IRN",1977,80600122701.9652
"IRN",1978,77994316621.4828
"IRN",1979,90391877325.9312
"IRN",1980,94362275580.021
"IRN",1981,100499312749.922
"IRN",1982,125948756439.48
"IRN",1983,156365156618.242
"IRN",1984,162276728619.519
"IRN",1985,180183629599.683
"IRN",1986,209094561833.481
"IRN",1987,134009995923.166
"IRN",1988,123057861333.91
"IRN",1989,120496362916.27
"IRN",1990,124813263926.226
"IRN",1991,131637664957.524
"IRN",1992,119768691216.667
"IRN",1993,63743623231.2312
"IRN",1994,71841461172.2365
"IRN",1995,96419225744.9927
"IRN",1996,120403931883.348
"IRN",1997,113919163421.479
"IRN",1998,110276913362.445
"IRN",1999,113848450088.686
"IRN",2000,109591707801.431
"IRN",2001,126878750295.583
"IRN",2002,128626917504.398
"IRN",2003,151911222120.261
"IRN",2004,187754571246.703
"IRN",2005,224970371328.826
"IRN",2006,265602187406.199
"IRN",2007,349736591836.295
"IRN",2008,406070949550.867
"IRN",2009,414059094949.597
"IRN",2010,487069570461.36
"IRN",2011,629082257472.368
"IRN",2012,644019315003.54
"IRN",2013,500399839839.877
"IRN",2014,462284793280.825
"IRN",2015,409191686496.677
"IRN",2016,459042684192.698
"IRN",2017,489168731811.147
"IRN",2018,398880231367.268
"IRN",2019,333519146339.191
"IRN",2020,262186179355.944
"IRN",2021,383436202446.695
"IRN",2022,394362621793.035
"IRN",2023,404625655204.619
"IRN",2024,NA
"IRQ",1960,1537252193.09912
"IRQ",1961,1671960965.21561
"IRQ",1962,1784174540.73018
"IRQ",1963,1805901510.0394
"IRQ",1964,2136408197.83672
"IRQ",1965,2335785506.0858
"IRQ",1966,2530306095.87756
"IRQ",1967,2551522656.19094
"IRQ",1968,2896598841.36046
"IRQ",1969,3007758796.89648
"IRQ",1970,3281318687.47253
"IRQ",1971,3865346534.65347
"IRQ",1972,4113848002.40312
"IRQ",1973,5134367778.1446
"IRQ",1974,11516762614.2906
"IRQ",1975,13458516762.6143
"IRQ",1976,17754825601.0836
"IRQ",1977,19838130714.5276
"IRQ",1978,23762275651.8794
"IRQ",1979,37816457839.4853
"IRQ",1980,5.2569e+10
"IRQ",1981,3.7823e+10
"IRQ",1982,42382333333.3333
"IRQ",1983,40712903225.8064
"IRQ",1984,46938387096.7742
"IRQ",1985,48425161290.3226
"IRQ",1986,47264516129.0323
"IRQ",1987,56774193548.3871
"IRQ",1988,62684516129.0323
"IRQ",1989,65831935483.871
"IRQ",1990,180408064516.129
"IRQ",1991,407796349.663785
"IRQ",1992,553671957.671958
"IRQ",1993,1031944881.13189
"IRQ",1994,3991349282.75729
"IRQ",1995,12894029888.1122
"IRQ",1996,10433698621.3427
"IRQ",1997,20764857056.3795
"IRQ",1998,20617405044.2425
"IRQ",1999,36881601583.8194
"IRQ",2000,48364250943.9051
"IRQ",2001,36176430128.8057
"IRQ",2002,32928454672.4246
"IRQ",2003,21921569478.8163
"IRQ",2004,36633669269.3981
"IRQ",2005,50065104667.8159
"IRQ",2006,65147051918.0219
"IRQ",2007,88837057319.5179
"IRQ",2008,131614434153.505
"IRQ",2009,111657580326.315
"IRQ",2010,138516722649.573
"IRQ",2011,185749664444.444
"IRQ",2012,218002476129.472
"IRQ",2013,234637675128.645
"IRQ",2014,228415656174.957
"IRQ",2015,166774104959.102
"IRQ",2016,166743557747.671
"IRQ",2017,187217660050.676
"IRQ",2018,227367469034.031
"IRQ",2019,233636097800.338
"IRQ",2020,180898797516.874
"IRQ",2021,209691945713.103
"IRQ",2022,286640340965.517
"IRQ",2023,250842782139.464
"IRQ",2024,NA
"ISL",1960,252169712.042125
"ISL",1961,257703244.559997
"ISL",1962,289200704.382542
"ISL",1963,345175036.090555
"ISL",1964,440797869.282266
"ISL",1965,531569563.888591
"ISL",1966,638349755.221932
"ISL",1967,630567115.790732
"ISL",1968,481532847.590587
"ISL",1969,420945147.630956
"ISL",1970,526704545.454545
"ISL",1971,670251136.363636
"ISL",1972,839652164.06073
"ISL",1973,1154440252.96794
"ISL",1974,1515190595.29765
"ISL",1975,1406875081.32726
"ISL",1976,1669488389.96542
"ISL",1977,2208509076.28099
"ISL",1978,2511826196.009
"ISL",1979,2853435053.88542
"ISL",1980,3381419251.29231
"ISL",1981,3492997010.04956
"ISL",1982,3206626644.5371
"ISL",1983,2765950335.71095
"ISL",1984,2864441387.40507
"ISL",1985,2984052356.55071
"ISL",1986,3989622739.28212
"ISL",1987,5520318404.64149
"ISL",1988,6106635816.24587
"ISL",1989,5672569449.07068
"ISL",1990,6468736355.55678
"ISL",1991,6909730288.17061
"ISL",1992,7080981738.05606
"ISL",1993,6218581531.64347
"ISL",1994,6389460342.78656
"ISL",1995,7123633418.19739
"ISL",1996,7426082270.67669
"ISL",1997,7569672925.33739
"ISL",1998,8503693098.62271
"ISL",1999,8982047589.4895
"ISL",2000,9025660361.75842
"ISL",2001,8234846804.60582
"ISL",2002,9318395054.85934
"ISL",2003,11429333037.8443
"ISL",2004,13825302535.7699
"ISL",2005,16852963067.0496
"ISL",2006,17465318552.2941
"ISL",2007,21652505596.7528
"ISL",2008,18074622987.0185
"ISL",2009,13154414219.207
"ISL",2010,13751161917.7398
"ISL",2011,15221622925.9319
"ISL",2012,14751508133.5443
"ISL",2013,16125060515.3117
"ISL",2014,17867662177.8911
"ISL",2015,17517210519.0912
"ISL",2016,20793168030.9524
"ISL",2017,24728285177.4603
"ISL",2018,26260850582.0687
"ISL",2019,24681343649.2952
"ISL",2020,21629953194.0659
"ISL",2021,25825287184.3818
"ISL",2022,28770206626.5564
"ISL",2023,31325116556.3807
"ISL",2024,NA
"ISR",1960,3064824613.79481
"ISR",1961,3701628227.73845
"ISR",1962,2960588778.14489
"ISR",1963,3529314756.46217
"ISR",1964,4016794166.4484
"ISR",1965,4320961974.20983
"ISR",1966,4694475520.6611
"ISR",1967,4753451343.78497
"ISR",1968,5448186540.1843
"ISR",1969,6286036400.6976
"ISR",1970,7392816014.6558
"ISR",1971,7041133471.4485
"ISR",1972,9206101184.24245
"ISR",1973,11882380396.0257
"ISR",1974,17142653329.5308
"ISR",1975,16114210525.8726
"ISR",1976,15927976744.1269
"ISR",1977,18224638345.441
"ISR",1978,17668930043.1248
"ISR",1979,22569139913.244
"ISR",1980,25349508550.3729
"ISR",1981,26833679976.4861
"ISR",1982,29202655837.1698
"ISR",1983,32616995896.4361
"ISR",1984,30590497935.6956
"ISR",1985,28853757189.2669
"ISR",1986,35769715529.5016
"ISR",1987,42972129787.2865
"ISR",1988,52556269374.3938
"ISR",1989,52349172911.65
"ISR",1990,61905208272.8464
"ISR",1991,70871081524.7686
"ISR",1992,79314801236.3003
"ISR",1993,79712276313.6525
"ISR",1994,90576930828.5411
"ISR",1995,105307707634.576
"ISR",1996,114866706144.061
"ISR",1997,119246040470.807
"ISR",1998,120358023999.368
"ISR",1999,121166507717.951
"ISR",2000,136225025139.185
"ISR",2001,134620909004.446
"ISR",2002,125055466461.227
"ISR",2003,131314894271.096
"ISR",2004,139899274431.058
"ISR",2005,147103301914.121
"ISR",2006,158722866825.261
"ISR",2007,184068518293.128
"ISR",2008,220552442865.106
"ISR",2009,212453641380.363
"ISR",2010,238912622309.59
"ISR",2011,267406179630.431
"ISR",2012,262917911696.944
"ISR",2013,297634145181.876
"ISR",2014,314090281098.682
"ISR",2015,302722655203.465
"ISR",2016,320958936788.842
"ISR",2017,357227098125.658
"ISR",2018,375149611117.199
"ISR",2019,399651065197.871
"ISR",2020,411728563086.632
"ISR",2021,489708278893.053
"ISR",2022,525000415276.678
"ISR",2023,513611100815.691
"ISR",2024,NA
"ITA",1960,42012422612.3955
"ITA",1961,46649487320.4225
"ITA",1962,52413872628.0045
"ITA",1963,60035924617.9277
"ITA",1964,65720771779.4768
"ITA",1965,70717012186.1774
"ITA",1966,76622444787.3696
"ITA",1967,84401995573.2456
"ITA",1968,91485448147.84
"ITA",1969,100996667239.335
"ITA",1970,113656669764.56
"ITA",1971,124959712858.926
"ITA",1972,145594833997.344
"ITA",1973,175896529392.229
"ITA",1974,200024444775.231
"ITA",1975,228220643534.994
"ITA",1976,225235205861.828
"ITA",1977,258190019749.835
"ITA",1978,315784469541.41
"ITA",1979,394584507107.9
"ITA",1980,478356755595.749
"ITA",1981,431695533980.583
"ITA",1982,428257421617.752
"ITA",1983,444063496940.337
"ITA",1984,438896930791.272
"ITA",1985,453259761687.456
"ITA",1986,641862313287.44
"ITA",1987,807570134448.76
"ITA",1988,893663934840.821
"ITA",1989,930801709003.669
"ITA",1990,1183945130898.51
"ITA",1991,1249092439519.28
"ITA",1992,1323204350353.5
"ITA",1993,1067412587670.73
"ITA",1994,1101750159702.21
"ITA",1995,1177369428265.78
"ITA",1996,1314776508972.27
"ITA",1997,1244988176443.84
"ITA",1998,1272729786996.77
"ITA",1999,1255004736463.98
"ITA",2000,1149661363439.38
"ITA",2001,1172041488805.87
"ITA",2002,1281746271196.04
"ITA",2003,1582930016538.82
"ITA",2004,1812808753294.75
"ITA",2005,1864982261286.85
"ITA",2006,1958563654385.64
"ITA",2007,2222524108127.65
"ITA",2008,2417508414187.19
"ITA",2009,2209484319012.65
"ITA",2010,2144936254535
"ITA",2011,2306974020278.21
"ITA",2012,2097929495121.68
"ITA",2013,2153225581941.46
"ITA",2014,2173255507985.84
"ITA",2015,1845428048839.1
"ITA",2016,1887111188176.93
"ITA",2017,1970720904584.71
"ITA",2018,2099435266458.67
"ITA",2019,2019606796583.53
"ITA",2020,1907481094079.23
"ITA",2021,2179207773596.09
"ITA",2022,2102995942720.44
"ITA",2023,2300941152991.81
"ITA",2024,NA
"JAM",1960,699064380.374248
"JAM",1961,748043500.7826
"JAM",1962,777727688.908924
"JAM",1963,826706669.317332
"JAM",1964,897949000.8204
"JAM",1965,972159611.136156
"JAM",1966,1096759561.29618
"JAM",1967,1148014310.8255
"JAM",1968,1083839132.92869
"JAM",1969,1191239047.00876
"JAM",1970,1404720441.88818
"JAM",1971,1539861815.89381
"JAM",1972,1875146587.4443
"JAM",1973,1905917553.19149
"JAM",1974,2375122375.12238
"JAM",1975,2860442750.44275
"JAM",1976,2966042856.04286
"JAM",1977,3249733139.73314
"JAM",1978,2644527821.53011
"JAM",1979,2425064229.04184
"JAM",1980,2679379371.51261
"JAM",1981,2979027966.45373
"JAM",1982,3293496311.93093
"JAM",1983,3619262277.47712
"JAM",1984,2373564549.4932
"JAM",1985,2100239018.82467
"JAM",1986,2754549581.92409
"JAM",1987,3287007321.56699
"JAM",1988,3828342820.3494
"JAM",1989,4404937853.39452
"JAM",1990,4592208086.69235
"JAM",1991,4106207649.05547
"JAM",1992,3535460089.80719
"JAM",1993,5440075675.74067
"JAM",1994,5452558947.03045
"JAM",1995,6577520642.82297
"JAM",1996,7393891920.80358
"JAM",1997,8400041723.54861
"JAM",1998,8787195622.43502
"JAM",1999,8887057997.36228
"JAM",2000,9005064474.93003
"JAM",2001,9194727831.07318
"JAM",2002,9719009494.84779
"JAM",2003,9430234810.78586
"JAM",2004,10174664853.9476
"JAM",2005,11243865777.7131
"JAM",2006,11930179089.8855
"JAM",2007,12799600047.1845
"JAM",2008,13709401520.0326
"JAM",2009,12120458114.8318
"JAM",2010,13220549908.2494
"JAM",2011,14444661522.1463
"JAM",2012,14807086555.5283
"JAM",2013,14264205152.6126
"JAM",2014,13899217721.6818
"JAM",2015,14188936958.4343
"JAM",2016,14077096714.1279
"JAM",2017,14808985171.3441
"JAM",2018,15730792835.5811
"JAM",2019,15830766570.7266
"JAM",2020,13812421803.4084
"JAM",2021,14657586127.0331
"JAM",2022,17097760723.9201
"JAM",2023,19423355409.2316
"JAM",2024,NA
"JOR",1960,NA
"JOR",1961,NA
"JOR",1962,NA
"JOR",1963,NA
"JOR",1964,NA
"JOR",1965,599759760.096096
"JOR",1966,657999736.800105
"JOR",1967,631679747.328101
"JOR",1968,561119775.55209
"JOR",1969,698879720.448112
"JOR",1970,639519744.192102
"JOR",1971,678159728.736109
"JOR",1972,788479684.608126
"JOR",1973,943783839.718052
"JOR",1974,1197483948.68547
"JOR",1975,1363073497.77355
"JOR",1976,1708521219.46003
"JOR",1977,2096778602.16785
"JOR",1978,2602208588.95706
"JOR",1979,3271368780.65347
"JOR",1980,3910044474.28044
"JOR",1981,4383944702.85958
"JOR",1982,4681240992.70338
"JOR",1983,4920692190.95569
"JOR",1984,4967162160.40472
"JOR",1985,4993601520.43079
"JOR",1986,6402050484.90425
"JOR",1987,6756209762.48231
"JOR",1988,6277451829.05325
"JOR",1989,4221373673.80468
"JOR",1990,4160087507.83472
"JOR",1991,4344467193.25095
"JOR",1992,5310833193.59005
"JOR",1993,5606400221.69269
"JOR",1994,6236295978.24531
"JOR",1995,6727597031.96347
"JOR",1996,6927503526.09309
"JOR",1997,7245839210.15515
"JOR",1998,7912270803.94922
"JOR",1999,8149929478.13822
"JOR",2000,8460789844.8519
"JOR",2001,8975814652.8196
"JOR",2002,9582510578.27927
"JOR",2003,10195627644.5698
"JOR",2004,11411706629.055
"JOR",2005,12588998589.5628
"JOR",2006,15056981664.3159
"JOR",2007,17110437235.543
"JOR",2008,22658715989.3302
"JOR",2009,24537876056.338
"JOR",2010,27133804225.3521
"JOR",2011,29524149154.9296
"JOR",2012,31634561690.1408
"JOR",2013,34454440140.8451
"JOR",2014,36847643521.1268
"JOR",2015,38587017887.3239
"JOR",2016,39892551126.7606
"JOR",2017,41608435915.493
"JOR",2018,43370860704.2254
"JOR",2019,44503006338.0282
"JOR",2020,43700383098.5916
"JOR",2021,46296100140.8451
"JOR",2022,48764963380.2817
"JOR",2023,50967475352.1127
"JOR",2024,NA
"JPN",1960,47419238274.4619
"JPN",1961,57266758179.5883
"JPN",1962,64987857541.6256
"JPN",1963,74379284603.3875
"JPN",1964,87490590817.9803
"JPN",1965,97338107605.8236
"JPN",1966,113046784179.289
"JPN",1967,132475614226.519
"JPN",1968,156897496759.128
"JPN",1969,184298841304.667
"JPN",1970,217223652719.444
"JPN",1971,245364056622.363
"JPN",1972,324933841268.585
"JPN",1973,441460582535.921
"JPN",1974,490035789970.299
"JPN",1975,532861438884.724
"JPN",1976,598883902155.605
"JPN",1977,737069290927.712
"JPN",1978,1035611588216.59
"JPN",1979,1077910077676.37
"JPN",1980,1129377244854.04
"JPN",1981,1245221410764.15
"JPN",1982,1158731426905.85
"JPN",1983,1270859919742.9
"JPN",1984,1345824500836.76
"JPN",1985,1427019759717.41
"JPN",1986,2120083812109.91
"JPN",1987,2580748422781.09
"JPN",1988,3125724434400.79
"JPN",1989,3109455047823.93
"JPN",1990,3185904656663.85
"JPN",1991,3648065760648.88
"JPN",1992,3980702922117.66
"JPN",1993,4536940479038.25
"JPN",1994,4998797547740.97
"JPN",1995,5545563663889.7
"JPN",1996,4923391533851.63
"JPN",1997,4492448605638.94
"JPN",1998,4098362709531.24
"JPN",1999,4635982224063.88
"JPN",2000,4968359075956.59
"JPN",2001,4374711694090.87
"JPN",2002,4182846045873.61
"JPN",2003,4519561645253.53
"JPN",2004,4893116005656.56
"JPN",2005,4831467035389.8
"JPN",2006,4601663122649.92
"JPN",2007,4579750920354.81
"JPN",2008,5106679115127.3
"JPN",2009,5289493117993.89
"JPN",2010,5759071769013.11
"JPN",2011,6233147172341.35
"JPN",2012,6272362996105.03
"JPN",2013,5212328181166.18
"JPN",2014,4896994405353.29
"JPN",2015,4444930651964.18
"JPN",2016,5003677627544.24
"JPN",2017,4930837369151.42
"JPN",2018,5040880939324.86
"JPN",2019,5117993853016.51
"JPN",2020,5055587093501.59
"JPN",2021,5034620784584.98
"JPN",2022,4256410760723.75
"JPN",2023,4204494802431.55
"JPN",2024,NA
"KAZ",1960,NA
"KAZ",1961,NA
"KAZ",1962,NA
"KAZ",1963,NA
"KAZ",1964,NA
"KAZ",1965,NA
"KAZ",1966,NA
"KAZ",1967,NA
"KAZ",1968,NA
"KAZ",1969,NA
"KAZ",1970,NA
"KAZ",1971,NA
"KAZ",1972,NA
"KAZ",1973,NA
"KAZ",1974,NA
"KAZ",1975,NA
"KAZ",1976,NA
"KAZ",1977,NA
"KAZ",1978,NA
"KAZ",1979,NA
"KAZ",1980,NA
"KAZ",1981,NA
"KAZ",1982,NA
"KAZ",1983,NA
"KAZ",1984,NA
"KAZ",1985,NA
"KAZ",1986,NA
"KAZ",1987,NA
"KAZ",1988,NA
"KAZ",1989,NA
"KAZ",1990,26932016269.6107
"KAZ",1991,24923076923.0769
"KAZ",1992,24917355371.9008
"KAZ",1993,23409260879.9427
"KAZ",1994,21250792886.1054
"KAZ",1995,20374302652.3819
"KAZ",1996,21035357936.8796
"KAZ",1997,22165932062.966
"KAZ",1998,22135245507.3656
"KAZ",1999,16870817181.7799
"KAZ",2000,18291990662.0356
"KAZ",2001,22152689179.8815
"KAZ",2002,24636598527.4437
"KAZ",2003,30833692900.1091
"KAZ",2004,43151647002.6096
"KAZ",2005,57123671733.8952
"KAZ",2006,81003864630.018
"KAZ",2007,104849915058.376
"KAZ",2008,133441648851.982
"KAZ",2009,115308686941.38
"KAZ",2010,148047348240.643
"KAZ",2011,192626464617.071
"KAZ",2012,207998568865.789
"KAZ",2013,236634603409.089
"KAZ",2014,221415613595.469
"KAZ",2015,184388404706.042
"KAZ",2016,137278320084.171
"KAZ",2017,166805788827.233
"KAZ",2018,179339977690.485
"KAZ",2019,181667184854.501
"KAZ",2020,171082365861.423
"KAZ",2021,197112255360.612
"KAZ",2022,225496328925.494
"KAZ",2023,262641892078.524
"KAZ",2024,NA
"KEN",1960,791265459.493816
"KEN",1961,792959472.816211
"KEN",1962,868111400.75544
"KEN",1963,926589349.36426
"KEN",1964,998759334.496266
"KEN",1965,997919320.832272
"KEN",1966,1164519674.19213
"KEN",1967,1232559506.9762
"KEN",1968,1353295458.68182
"KEN",1969,1458379416.64823
"KEN",1970,1603447358.62106
"KEN",1971,1778391288.64348
"KEN",1972,2107279157.08834
"KEN",1973,2509001324.34591
"KEN",1974,2969958812.01648
"KEN",1975,3259345083.26283
"KEN",1976,3474542391.69992
"KEN",1977,4494378764.32011
"KEN",1978,5303735110.55151
"KEN",1979,6234391113.46434
"KEN",1980,7265315820.20777
"KEN",1981,6854491705.88377
"KEN",1982,6431579356.95926
"KEN",1983,5979198313.76093
"KEN",1984,6191437070.18411
"KEN",1985,6135034213.78998
"KEN",1986,7239126568.14092
"KEN",1987,7970820369.2949
"KEN",1988,8355380879.12955
"KEN",1989,8283114514.17081
"KEN",1990,8572359038.16958
"KEN",1991,8151488783.19064
"KEN",1992,8209120763.04955
"KEN",1993,5751786642.55871
"KEN",1994,7148148564.04239
"KEN",1995,9046320255.40507
"KEN",1996,12045865396.1323
"KEN",1997,13115764358.2846
"KEN",1998,14093998843.7334
"KEN",1999,12896010459.3711
"KEN",2000,12705350097.8044
"KEN",2001,12986007425.8781
"KEN",2002,13147736898.5176
"KEN",2003,14904517649.8476
"KEN",2004,16095337093.8366
"KEN",2005,18737895512.7378
"KEN",2006,25825512284.2891
"KEN",2007,31958195182.2406
"KEN",2008,35895153327.8497
"KEN",2009,42347217912.9176
"KEN",2010,45405615063.7551
"KEN",2011,46869473150.61
"KEN",2012,56396704671.5777
"KEN",2013,61671440407.8387
"KEN",2014,68285796514.2896
"KEN",2015,70120446896.8359
"KEN",2016,74815144163.8931
"KEN",2017,82036510877.2599
"KEN",2018,92202979985.2863
"KEN",2019,100378436207.371
"KEN",2020,100657505750.545
"KEN",2021,109703658904.994
"KEN",2022,114448978152.637
"KEN",2023,108038588970.595
"KEN",2024,NA
"KGZ",1960,NA
"KGZ",1961,NA
"KGZ",1962,NA
"KGZ",1963,NA
"KGZ",1964,NA
"KGZ",1965,NA
"KGZ",1966,NA
"KGZ",1967,NA
"KGZ",1968,NA
"KGZ",1969,NA
"KGZ",1970,NA
"KGZ",1971,NA
"KGZ",1972,NA
"KGZ",1973,NA
"KGZ",1974,NA
"KGZ",1975,NA
"KGZ",1976,NA
"KGZ",1977,NA
"KGZ",1978,NA
"KGZ",1979,NA
"KGZ",1980,NA
"KGZ",1981,NA
"KGZ",1982,NA
"KGZ",1983,NA
"KGZ",1984,NA
"KGZ",1985,NA
"KGZ",1986,NA
"KGZ",1987,NA
"KGZ",1988,NA
"KGZ",1989,NA
"KGZ",1990,2660202622.91006
"KGZ",1991,2542256424.35069
"KGZ",1992,2315346942.855
"KGZ",1993,2026019252.61241
"KGZ",1994,1681780847.41091
"KGZ",1995,1661147035.24388
"KGZ",1996,1827570586.16784
"KGZ",1997,1767864035.71943
"KGZ",1998,1645963749.83146
"KGZ",1999,1249061487.01457
"KGZ",2000,1369688498.06778
"KGZ",2001,1525116370.27939
"KGZ",2002,1605643104.73021
"KGZ",2003,1919008090.49641
"KGZ",2004,2211534585.0034
"KGZ",2005,2460246766.41401
"KGZ",2006,2834168889.42019
"KGZ",2007,3802570552.56105
"KGZ",2008,5139958909.17936
"KGZ",2009,4690061380.60253
"KGZ",2010,4794361863.01353
"KGZ",2011,6197765984.28468
"KGZ",2012,6605142884.36215
"KGZ",2013,7335033800.59056
"KGZ",2014,7468102412.68237
"KGZ",2015,6678177511.66313
"KGZ",2016,6813095379.1187
"KGZ",2017,7702938379.42036
"KGZ",2018,8271106235.41552
"KGZ",2019,9371275264.36735
"KGZ",2020,8270468614.24051
"KGZ",2021,9249133946.26531
"KGZ",2022,12134931017.9465
"KGZ",2023,13987627908.8381
"KGZ",2024,NA
"KHM",1960,NA
"KHM",1961,NA
"KHM",1962,NA
"KHM",1963,NA
"KHM",1964,NA
"KHM",1965,NA
"KHM",1966,NA
"KHM",1967,NA
"KHM",1968,NA
"KHM",1969,NA
"KHM",1970,NA
"KHM",1971,NA
"KHM",1972,NA
"KHM",1973,NA
"KHM",1974,NA
"KHM",1975,749129748.150633
"KHM",1976,790357254.540309
"KHM",1977,716261764.498093
"KHM",1978,766642356.138135
"KHM",1979,723738502.67823
"KHM",1980,744384129.707563
"KHM",1981,815153652.415596
"KHM",1982,865516039.800558
"KHM",1983,939291262.100055
"KHM",1984,1021176058.63327
"KHM",1985,1102669184.43812
"KHM",1986,1167630317.8411
"KHM",1987,1036974910.45
"KHM",1988,1662877859.22297
"KHM",1989,1353137647.68304
"KHM",1990,1402541176.5121
"KHM",1991,2054974089.3643
"KHM",1992,2491486594.18917
"KHM",1993,2533727592.04165
"KHM",1994,2791435272.26653
"KHM",1995,3441205692.9166
"KHM",1996,3506695719.57259
"KHM",1997,3443413388.65696
"KHM",1998,3120425502.66241
"KHM",1999,3517242477.2548
"KHM",2000,3694168979.32019
"KHM",2001,4145665969.92864
"KHM",2002,4501227626.62752
"KHM",2003,5046693484.31767
"KHM",2004,5883297159.87352
"KHM",2005,7066296463.3598
"KHM",2006,8350531016.65753
"KHM",2007,10127916459.8983
"KHM",2008,12174303999.0812
"KHM",2009,12502901169.7377
"KHM",2010,13808673288.0696
"KHM",2011,16032622023.8265
"KHM",2012,17826536699.8016
"KHM",2013,19807135252.8649
"KHM",2014,22041463967.9009
"KHM",2015,24174170369.0738
"KHM",2016,26556545153.3573
"KHM",2017,29355665909.7905
"KHM",2018,33145892168.8958
"KHM",2019,36685356407.7206
"KHM",2020,34818073901.4851
"KHM",2021,36790163687.4421
"KHM",2022,39994532959.6074
"KHM",2023,42335646895.7984
"KHM",2024,NA
"KIR",1960,NA
"KIR",1961,NA
"KIR",1962,NA
"KIR",1963,NA
"KIR",1964,NA
"KIR",1965,NA
"KIR",1966,NA
"KIR",1967,NA
"KIR",1968,NA
"KIR",1969,NA
"KIR",1970,11560877.2811451
"KIR",1971,12356134.3838676
"KIR",1972,15314346.4925323
"KIR",1973,25645040.4712955
"KIR",1974,69256488.5160763
"KIR",1975,44547453.6024265
"KIR",1976,33246816.5018414
"KIR",1977,31335458.7039851
"KIR",1978,36563964.5510014
"KIR",1979,34466197.0333233
"KIR",1980,33157723.1094117
"KIR",1981,35267489.2425442
"KIR",1982,32742712.6527597
"KIR",1983,31000545.7710517
"KIR",1984,34394167.0416706
"KIR",1985,26126615.2284866
"KIR",1986,25993008.7943576
"KIR",1987,29554412.5328693
"KIR",1988,38278810.3176488
"KIR",1989,37645319.1994276
"KIR",1990,36534294.7991591
"KIR",1991,41247772.3743817
"KIR",1992,61491394.2105308
"KIR",1993,58953627.9446654
"KIR",1994,67055363.3215782
"KIR",1995,68596369.2767491
"KIR",1996,81456842.3793677
"KIR",1997,80205788.2285918
"KIR",1998,74905725.1483615
"KIR",1999,77323948.4525998
"KIR",2000,74910555.2512264
"KIR",2001,64935847.4676225
"KIR",2002,74743892.1606019
"KIR",2003,96105634.747436
"KIR",2004,104085862.435301
"KIR",2005,113895467.720866
"KIR",2006,112338362.534347
"KIR",2007,138054961.877619
"KIR",2008,147017897.680178
"KIR",2009,140177363.671764
"KIR",2010,165458478.20613
"KIR",2011,195970104.356667
"KIR",2012,207001557.767135
"KIR",2013,201730847.75865
"KIR",2014,200287275.559653
"KIR",2015,191559398.175292
"KIR",2016,206467834.045145
"KIR",2017,222875724.653979
"KIR",2018,233514703.710292
"KIR",2019,216985362.338171
"KIR",2020,223123620.597516
"KIR",2021,289339292.157301
"KIR",2022,270841698.369345
"KIR",2023,279208903.337644
"KIR",2024,NA
"KNA",1960,12366635.7500773
"KNA",1961,12483302.125078
"KNA",1962,12541635.3125784
"KNA",1963,12833301.2500802
"KNA",1964,13416633.1250839
"KNA",1965,13593932.3220537
"KNA",1966,14469078.1796966
"KNA",1967,16742338.2519864
"KNA",1968,14600000
"KNA",1969,15850000
"KNA",1970,16300000
"KNA",1971,19624746.4503043
"KNA",1972,22944849.1155047
"KNA",1973,24196018.3767228
"KNA",1974,31514856.3078422
"KNA",1975,33364055.2995392
"KNA",1976,30095602.2944551
"KNA",1977,44496296.2962963
"KNA",1978,49433333.3333333
"KNA",1979,58840740.7407407
"KNA",1980,68459259.2592593
"KNA",1981,80888888.8888889
"KNA",1982,86022222.2222222
"KNA",1983,86874074.0740741
"KNA",1984,98603703.7037037
"KNA",1985,111007407.407407
"KNA",1986,130685185.185185
"KNA",1987,147748148.148148
"KNA",1988,172692592.592593
"KNA",1989,192518518.518518
"KNA",1990,217259259.259259
"KNA",1991,220540740.740741
"KNA",1992,242137037.037037
"KNA",1993,263755555.555556
"KNA",1994,295159259.259259
"KNA",1995,313485185.185185
"KNA",1996,333944444.444444
"KNA",1997,374641307.974641
"KNA",1998,383257331.40548
"KNA",1999,406595484.373262
"KNA",2000,421695769.843918
"KNA",2001,458643829.014199
"KNA",2002,481077373.669966
"KNA",2003,469869869.86987
"KNA",2004,506900000
"KNA",2005,547203703.703704
"KNA",2006,644414814.814815
"KNA",2007,689285185.185185
"KNA",2008,777692592.592593
"KNA",2009,774274074.074074
"KNA",2010,778718518.518518
"KNA",2011,836092592.592593
"KNA",2012,824585185.185185
"KNA",2013,874548148.148148
"KNA",2014,952111111.111111
"KNA",2015,957222222.222222
"KNA",2016,1006818518.51852
"KNA",2017,1056977777.77778
"KNA",2018,1076548148.14815
"KNA",2019,1107855555.55556
"KNA",2020,883922222.222222
"KNA",2021,858622222.222222
"KNA",2022,981429629.62963
"KNA",2023,1055499777.77778
"KNA",2024,NA
"KOR",1960,3958811881.18812
"KOR",1961,2417628736.52655
"KOR",1962,2814615384.61538
"KOR",1963,3988461538.46154
"KOR",1964,3459019942.79079
"KOR",1965,3120861498.91442
"KOR",1966,3929055143.5021
"KOR",1967,4855892445.82682
"KOR",1968,6119394892.37109
"KOR",1969,7678698837.59346
"KOR",1970,9005144969.11666
"KOR",1971,9903571248.53268
"KOR",1972,10862211760.8252
"KOR",1973,13876472208.2678
"KOR",1974,19543973941.3681
"KOR",1975,21784297520.6612
"KOR",1976,29902479338.843
"KOR",1977,38446487603.3058
"KOR",1978,51972107438.0165
"KOR",1979,66946900826.4463
"KOR",1980,65398377597.5108
"KOR",1981,72933533011.7706
"KOR",1982,78358416171.4889
"KOR",1983,87760553261.9279
"KOR",1984,97510744119.1162
"KOR",1985,101296177099.377
"KOR",1986,116836246284.832
"KOR",1987,147948709376.434
"KOR",1988,199591287824.777
"KOR",1989,246928837311.406
"KOR",1990,283365844161.092
"KOR",1991,330647042837.334
"KOR",1992,355524903068.056
"KOR",1993,392665710525.411
"KOR",1994,463619823515.164
"KOR",1995,566581003128.204
"KOR",1996,610167053824.007
"KOR",1997,569755022973.035
"KOR",1998,383331833681.821
"KOR",1999,497514040642.262
"KOR",2000,576179387819.613
"KOR",2001,547656279894.587
"KOR",2002,627246933729.618
"KOR",2003,702714855193.904
"KOR",2004,793175561887.027
"KOR",2005,934901071332.984
"KOR",2006,1053216909887.56
"KOR",2007,1172614086539.86
"KOR",2008,1047339010225.25
"KOR",2009,943941876218.743
"KOR",2010,1143672241149.72
"KOR",2011,1253289537500.81
"KOR",2012,1278046536287.01
"KOR",2013,1370632955321.2
"KOR",2014,1484488526271.8
"KOR",2015,1466038936206.43
"KOR",2016,1499679823909.61
"KOR",2017,1623074183501.9
"KOR",2018,1725373496825.43
"KOR",2019,1651422932447.77
"KOR",2020,1644312831906.17
"KOR",2021,1818432106880.04
"KOR",2022,1673916511799.71
"KOR",2023,1712792854202.37
"KOR",2024,NA
"KWT",1960,NA
"KWT",1961,NA
"KWT",1962,1828107502.79955
"KWT",1963,1900895856.66293
"KWT",1964,2071668533.03471
"KWT",1965,2097199161.12034
"KWT",1966,2391199043.52038
"KWT",1967,2441599023.36039
"KWT",1968,2662798934.88043
"KWT",1969,2769198892.32044
"KWT",1970,2873638850.54446
"KWT",1971,3880392195.40688
"KWT",1972,4450537925.33189
"KWT",1973,5408804607.3129
"KWT",1974,13006948296.2705
"KWT",1975,12022811620.7867
"KWT",1976,13132252801.9372
"KWT",1977,14137406740.5065
"KWT",1978,15503557496.1916
"KWT",1979,24749063922.4796
"KWT",1980,28638868355.9196
"KWT",1981,25058020338.2535
"KWT",1982,21577153356.4192
"KWT",1983,20871081080.1538
"KWT",1984,21700082752.9369
"KWT",1985,21445970613.7595
"KWT",1986,17903989745.178
"KWT",1987,22368704133.6668
"KWT",1988,20690322152.8945
"KWT",1989,24313855653.3993
"KWT",1990,18427777777.7778
"KWT",1991,11009993703.1474
"KWT",1992,19858555214.7239
"KWT",1993,23941391390.7285
"KWT",1994,24848483838.3838
"KWT",1995,27186980646.5448
"KWT",1996,31492373308.7516
"KWT",1997,30350190704.4361
"KWT",1998,25943705784.2996
"KWT",1999,30122365849.2518
"KWT",2000,37718743480.0751
"KWT",2001,34889559869.8326
"KWT",2002,38135788413.8276
"KWT",2003,47874582231.588
"KWT",2004,59439090600.6108
"KWT",2005,80798630136.9863
"KWT",2006,101557330723.423
"KWT",2007,114634043361.692
"KWT",2008,147379737229.753
"KWT",2009,105968691905.415
"KWT",2010,115416305425.424
"KWT",2011,154039231299.128
"KWT",2012,174047662555.419
"KWT",2013,174168116687.215
"KWT",2014,162650450784.686
"KWT",2015,114585555830.916
"KWT",2016,109406674087.947
"KWT",2017,120687539675.517
"KWT",2018,138646316321.596
"KWT",2019,140856394870.02
"KWT",2020,111045470461.207
"KWT",2021,148459291453.471
"KWT",2022,183940215065.171
"KWT",2023,163704878875.85
"KWT",2024,NA
"LAC",1960,68130522456.4681
"LAC",1961,71345935570.5127
"LAC",1962,77595201159.5018
"LAC",1963,78213093937.1732
"LAC",1964,89666050880.771
"LAC",1965,97214133307.7646
"LAC",1966,107480701835.743
"LAC",1967,109338694744.938
"LAC",1968,117676062348.21
"LAC",1969,131848922699.632
"LAC",1970,143389833303.931
"LAC",1971,158735480510.831
"LAC",1972,180629385056.399
"LAC",1973,241709359283.937
"LAC",1974,317536664286.828
"LAC",1975,342491540708.287
"LAC",1976,372929953703.589
"LAC",1977,404813113752.204
"LAC",1978,491325368615.236
"LAC",1979,540525556893.925
"LAC",1980,652872750831.85
"LAC",1981,746741303022.229
"LAC",1982,689044464346.414
"LAC",1983,595414163255.404
"LAC",1984,639367345932.01
"LAC",1985,629409138078.967
"LAC",1986,638142304414.549
"LAC",1987,699199148663.328
"LAC",1988,760016020919.7
"LAC",1989,863946130401.897
"LAC",1990,1037523427942.48
"LAC",1991,1030856096218.64
"LAC",1992,1119036302732.29
"LAC",1993,1348226629774.4
"LAC",1994,1592917766133.52
"LAC",1995,1697849387521.22
"LAC",1996,1853066832058.51
"LAC",1997,2021896195320.09
"LAC",1998,2038845253732.12
"LAC",1999,1810330944033.68
"LAC",2000,2001500299076.34
"LAC",2001,1951440310331.08
"LAC",2002,1757086222415.93
"LAC",2003,1793950754023.56
"LAC",2004,2043690719202.93
"LAC",2005,2470508853358.94
"LAC",2006,2881100869931.2
"LAC",2007,3401605298745.69
"LAC",2008,3931414872246.1
"LAC",2009,3643251864341.3
"LAC",2010,4556443300721.48
"LAC",2011,5320453324524.34
"LAC",2012,5297867570045.92
"LAC",2013,5436642039991.22
"LAC",2014,5457302168714.06
"LAC",2015,4634562623756.21
"LAC",2016,4496975105252.45
"LAC",2017,5012882938385.36
"LAC",2018,4870399736155.19
"LAC",2019,4803447002170.21
"LAC",2020,4047055896231.79
"LAC",2021,4693445308215.29
"LAC",2022,5393055179435.19
"LAC",2023,6057469575864.84
"LAC",2024,NA
"LAO",1960,NA
"LAO",1961,NA
"LAO",1962,NA
"LAO",1963,NA
"LAO",1964,NA
"LAO",1965,NA
"LAO",1966,NA
"LAO",1967,NA
"LAO",1968,NA
"LAO",1969,NA
"LAO",1970,NA
"LAO",1971,NA
"LAO",1972,NA
"LAO",1973,NA
"LAO",1974,NA
"LAO",1975,NA
"LAO",1976,NA
"LAO",1977,NA
"LAO",1978,NA
"LAO",1979,NA
"LAO",1980,NA
"LAO",1981,NA
"LAO",1982,NA
"LAO",1983,NA
"LAO",1984,1757142855.91837
"LAO",1985,2366666615.55556
"LAO",1986,1776842097.16343
"LAO",1987,1087273103.69639
"LAO",1988,598961269.297879
"LAO",1989,714046821.093797
"LAO",1990,865559879.400406
"LAO",1991,1028087972.31085
"LAO",1992,1127806944.61513
"LAO",1993,1327748689.88094
"LAO",1994,1543606345.11684
"LAO",1995,1763536304.53964
"LAO",1996,1873671550.34636
"LAO",1997,1747011857.33107
"LAO",1998,1280177838.71905
"LAO",1999,1454430642.44959
"LAO",2000,1731198022.46763
"LAO",2001,1768619058.34647
"LAO",2002,1758176653.07746
"LAO",2003,2023324407.28414
"LAO",2004,2366398119.86321
"LAO",2005,2735558734.7379
"LAO",2006,3455030060.9785
"LAO",2007,4223152739.04052
"LAO",2008,5446433157.40114
"LAO",2009,5836137329.63305
"LAO",2010,7131771014.70456
"LAO",2011,8750104617.17303
"LAO",2012,10192846339.4029
"LAO",2013,11983252626.5452
"LAO",2014,13279245886.3854
"LAO",2015,14426380125.6488
"LAO",2016,15912501722.6143
"LAO",2017,17071155481.4994
"LAO",2018,18141641089.7963
"LAO",2019,18740561512.5555
"LAO",2020,18981805250.2424
"LAO",2021,18827148530.9347
"LAO",2022,15468785203.7532
"LAO",2023,15843155731.2552
"LAO",2024,NA
"LBN",1960,NA
"LBN",1961,NA
"LBN",1962,NA
"LBN",1963,NA
"LBN",1964,NA
"LBN",1965,NA
"LBN",1966,NA
"LBN",1967,NA
"LBN",1968,NA
"LBN",1969,NA
"LBN",1970,NA
"LBN",1971,NA
"LBN",1972,NA
"LBN",1973,NA
"LBN",1974,NA
"LBN",1975,NA
"LBN",1976,NA
"LBN",1977,NA
"LBN",1978,NA
"LBN",1979,NA
"LBN",1980,NA
"LBN",1981,NA
"LBN",1982,NA
"LBN",1983,NA
"LBN",1984,NA
"LBN",1985,NA
"LBN",1986,NA
"LBN",1987,NA
"LBN",1988,3313540067.93246
"LBN",1989,2717998687.71002
"LBN",1990,2838485353.96187
"LBN",1991,4690415092.53663
"LBN",1992,5843579160.90122
"LBN",1993,7941744492.23595
"LBN",1994,9599127050.17558
"LBN",1995,11718795528.5556
"LBN",1996,13690217333.5879
"LBN",1997,15751867489.4446
"LBN",1998,17247179005.5219
"LBN",1999,17391056369.2265
"LBN",2000,17260364842.4544
"LBN",2001,17649751243.7811
"LBN",2002,19152238805.9701
"LBN",2003,20082918739.6352
"LBN",2004,21159827992.0398
"LBN",2005,21497336498.8391
"LBN",2006,22022709851.4096
"LBN",2007,24827355014.9254
"LBN",2008,29118916105.4726
"LBN",2009,35399582928.6899
"LBN",2010,38443907042.1227
"LBN",2011,39927125961.5257
"LBN",2012,44016799515.7546
"LBN",2013,46880103080.597
"LBN",2014,48095213746.6003
"LBN",2015,49929337836.8159
"LBN",2016,51147308774.1294
"LBN",2017,53027680685.9038
"LBN",2018,54901519155.5556
"LBN",2019,51605959131.2741
"LBN",2020,31712128253.7961
"LBN",2021,23131941556.7843
"LBN",2022,20992421948.8081
"LBN",2023,NA
"LBN",2024,NA
"LBR",1960,190495600
"LBR",1961,183920900
"LBR",1962,191861800
"LBR",1963,200229600
"LBR",1964,218929100
"LBR",1965,229260800
"LBR",1966,244459500
"LBR",1967,261024300
"LBR",1968,276820700
"LBR",1969,306961800
"LBR",1970,323099700
"LBR",1971,341543100
"LBR",1972,368098000
"LBR",1973,386968300
"LBR",1974,486955000
"LBR",1975,577549300
"LBR",1976,596675700
"LBR",1977,673010600
"LBR",1978,717240400
"LBR",1979,814067900
"LBR",1980,854711500
"LBR",1981,846514500
"LBR",1982,863933200
"LBR",1983,823374900
"LBR",1984,848478300
"LBR",1985,851296100
"LBR",1986,840964400
"LBR",1987,972800000
"LBR",1988,1038300000
"LBR",1989,786300000
"LBR",1990,384400000
"LBR",1991,3.48e+08
"LBR",1992,223500000
"LBR",1993,160400000
"LBR",1994,132200000
"LBR",1995,134800000
"LBR",1996,159400000
"LBR",1997,295900000
"LBR",1998,359600000
"LBR",1999,441800000
"LBR",2000,8.74e+08
"LBR",2001,9.06e+08
"LBR",2002,9.27e+08
"LBR",2003,7.48e+08
"LBR",2004,8.97e+08
"LBR",2005,9.49e+08
"LBR",2006,1.119e+09
"LBR",2007,1.373e+09
"LBR",2008,1.726e+09
"LBR",2009,1.768e+09
"LBR",2010,1.998e+09
"LBR",2011,2.398e+09
"LBR",2012,2791614000
"LBR",2013,3177198100
"LBR",2014,3225652000
"LBR",2015,3227075700
"LBR",2016,3398419600
"LBR",2017,3390703400
"LBR",2018,3422754800
"LBR",2019,3319596500
"LBR",2020,3176126300
"LBR",2021,3513049500
"LBR",2022,4001047000
"LBR",2023,4.24e+09
"LBR",2024,NA
"LBY",1960,401644248.9423
"LBY",1961,443905612.037755
"LBY",1962,619725784.909686
"LBY",1963,892327910.668836
"LBY",1964,1341395421.44183
"LBY",1965,1804979680.40813
"LBY",1966,2312438535.82459
"LBY",1967,2726986912.80523
"LBY",1968,3850623094.95076
"LBY",1969,4380987481.20501
"LBY",1970,4601649451.34022
"LBY",1971,5260185125.41886
"LBY",1972,6299395543.96301
"LBY",1973,8625889429.58277
"LBY",1974,15112543717.1298
"LBY",1975,14710912457.6509
"LBY",1976,19096943016.5748
"LBY",1977,22428297107.5929
"LBY",1978,22136422643.3959
"LBY",1979,30536429496.9448
"LBY",1980,40953924948.7419
"LBY",1981,36374353880.3994
"LBY",1982,33760146990.5726
"LBY",1983,33200520139.9749
"LBY",1984,29476109152.7531
"LBY",1985,31530566324.273
"LBY",1986,24180400959.4288
"LBY",1987,26697659334.6911
"LBY",1988,24308959591.195
"LBY",1989,25156707899.1462
"LBY",1990,28904183602.4818
"LBY",1991,31991821264.7118
"LBY",1992,33887047909.2746
"LBY",1993,30660051910.5037
"LBY",1994,28610549763.4685
"LBY",1995,25541379186.6458
"LBY",1996,27884615384.6154
"LBY",1997,30700897874.8704
"LBY",1998,27251301398.2813
"LBY",1999,35975860857.1164
"LBY",2000,38270954138.1128
"LBY",2001,34112093927.254
"LBY",2002,20481889763.7795
"LBY",2003,26265625000
"LBY",2004,33122307692.3077
"LBY",2005,47334691241.4924
"LBY",2006,60094231606.642
"LBY",2007,68032978390.6007
"LBY",2008,86710767415.1371
"LBY",2009,60808562033.4191
"LBY",2010,75380825062.4216
"LBY",2011,48169263294.1007
"LBY",2012,92540938129.1315
"LBY",2013,75351107029.0605
"LBY",2014,57372355592.022
"LBY",2015,48717501321.3052
"LBY",2016,49912073701.298
"LBY",2017,67157452181.7738
"LBY",2018,76686029772.1483
"LBY",2019,69254496471.6938
"LBY",2020,46854285440.642
"LBY",2021,35217995647.2862
"LBY",2022,43246297921.8499
"LBY",2023,45096462972.4014
"LBY",2024,NA
"LCA",1960,NA
"LCA",1961,NA
"LCA",1962,NA
"LCA",1963,NA
"LCA",1964,NA
"LCA",1965,NA
"LCA",1966,NA
"LCA",1967,NA
"LCA",1968,NA
"LCA",1969,NA
"LCA",1970,NA
"LCA",1971,NA
"LCA",1972,NA
"LCA",1973,NA
"LCA",1974,NA
"LCA",1975,NA
"LCA",1976,NA
"LCA",1977,NA
"LCA",1978,NA
"LCA",1979,NA
"LCA",1980,170370370.37037
"LCA",1981,194444444.444444
"LCA",1982,183333333.333333
"LCA",1983,197037037.037037
"LCA",1984,251481481.481481
"LCA",1985,284444444.444444
"LCA",1986,3.4e+08
"LCA",1987,375555555.555556
"LCA",1988,429629629.62963
"LCA",1989,486666666.666667
"LCA",1990,579629629.62963
"LCA",1991,613703703.703704
"LCA",1992,674074074.074074
"LCA",1993,684814814.814815
"LCA",1994,713703703.703704
"LCA",1995,762962962.962963
"LCA",1996,788888888.888889
"LCA",1997,805925925.925926
"LCA",1998,877407407.407407
"LCA",1999,921851851.851852
"LCA",2000,932592592.592592
"LCA",2001,892592592.592592
"LCA",2002,9e+08
"LCA",2003,987407407.407407
"LCA",2004,1066666666.66667
"LCA",2005,1135555555.55556
"LCA",2006,1268319185.18519
"LCA",2007,1336088814.81481
"LCA",2008,1437731111.11111
"LCA",2009,1401507888.88889
"LCA",2010,1482385185.18519
"LCA",2011,1568370370.37037
"LCA",2012,1598207407.40741
"LCA",2013,1660222222.22222
"LCA",2014,1749185185.18518
"LCA",2015,1807629629.62963
"LCA",2016,1868555555.55556
"LCA",2017,1998518518.51852
"LCA",2018,2060962962.96296
"LCA",2019,2095370370.37037
"LCA",2020,1499296296.2963
"LCA",2021,1867185185.18518
"LCA",2022,2342703703.7037
"LCA",2023,2430148148.14815
"LCA",2024,NA
"LCN",1960,84329838400.4279
"LCN",1961,89709981773.9291
"LCN",1962,98261282126.6901
"LCN",1963,99893385581.1464
"LCN",1964,111052848438.042
"LCN",1965,119371602868.407
"LCN",1966,131433205589.983
"LCN",1967,134061722395.098
"LCN",1968,143869326230.616
"LCN",1969,160710391278.493
"LCN",1970,175326829534.158
"LCN",1971,195536195231.249
"LCN",1972,219954391453.822
"LCN",1973,292519246389.568
"LCN",1974,379198908310.797
"LCN",1975,397745002329.407
"LCN",1976,436198464311.505
"LCN",1977,479038882979.812
"LCN",1978,574382226867.865
"LCN",1979,644575844029.027
"LCN",1980,783500501539.63
"LCN",1981,894561377247.157
"LCN",1982,823712965139.12
"LCN",1983,726721794879.406
"LCN",1984,764777823849.368
"LCN",1985,756311375939.059
"LCN",1986,765776536062.758
"LCN",1987,821881180249.84
"LCN",1988,901488916776.514
"LCN",1989,995446888620.216
"LCN",1990,1182930524066.3
"LCN",1991,1190363679873.93
"LCN",1992,1299294226948.35
"LCN",1993,1537236482693.87
"LCN",1994,1795857944908.41
"LCN",1995,1942625401757.23
"LCN",1996,2101355129053.54
"LCN",1997,2303819877048.61
"LCN",1998,2332209529441.48
"LCN",1999,2107777544518.75
"LCN",2000,2326949294888.47
"LCN",2001,2282568106526.85
"LCN",2002,2052733951836.01
"LCN",2003,2091860862682.09
"LCN",2004,2405428955596.87
"LCN",2005,2903183974064.52
"LCN",2006,3397283352571.6
"LCN",2007,3998720279668.85
"LCN",2008,4644078687283.98
"LCN",2009,4357527531809.5
"LCN",2010,5397420440102.78
"LCN",2011,6138988197082.15
"LCN",2012,6210848401059.53
"LCN",2013,6364361538445.06
"LCN",2014,6485373197518.46
"LCN",2015,5420625373878.58
"LCN",2016,5285772978074.74
"LCN",2017,5869256493740.25
"LCN",2018,5743189791995.49
"LCN",2019,5659312361702.85
"LCN",2020,4805510770575.42
"LCN",2021,5581050600056.69
"LCN",2022,6344871239270.21
"LCN",2023,7100142198622.08
"LCN",2024,NA
"LDC",1960,28125007491.2245
"LDC",1961,29407704714.7092
"LDC",1962,31841615991.1918
"LDC",1963,36572882344.7231
"LDC",1964,33198811870.7386
"LDC",1965,37349860086.818
"LDC",1966,40701826185.4027
"LDC",1967,41372180763.3039
"LDC",1968,44162941943.5835
"LDC",1969,48860028125.2409
"LDC",1970,47287368661.5027
"LDC",1971,49680481617.8133
"LDC",1972,51381080368.1967
"LDC",1973,62528830086.8268
"LDC",1974,77883885394.5843
"LDC",1975,93772413229.0691
"LDC",1976,86384425580.1371
"LDC",1977,95081115899.1708
"LDC",1978,111897781372.612
"LDC",1979,122607963426.31
"LDC",1980,134727610766.279
"LDC",1981,138082627423.231
"LDC",1982,139898784463.405
"LDC",1983,138361305171.44
"LDC",1984,140635650659.949
"LDC",1985,153629727512.553
"LDC",1986,133683526720.314
"LDC",1987,142102113248.921
"LDC",1988,155782438251.607
"LDC",1989,167102688439.981
"LDC",1990,192273239120.839
"LDC",1991,207546935444.788
"LDC",1992,164458421991.795
"LDC",1993,170315816602.763
"LDC",1994,167268967043.892
"LDC",1995,171528338754.403
"LDC",1996,180698970346.173
"LDC",1997,188732874126.902
"LDC",1998,191343144413.722
"LDC",1999,197283321109.737
"LDC",2000,224157176664.702
"LDC",2001,216069600650.066
"LDC",2002,236328165313.13
"LDC",2003,267622624242.488
"LDC",2004,307432419240.63
"LDC",2005,362428503974.634
"LDC",2006,419507290728.167
"LDC",2007,503811937239.587
"LDC",2008,617433010937.85
"LDC",2009,611691803371.224
"LDC",2010,691265131583.647
"LDC",2011,788563180780.428
"LDC",2012,825270042082.727
"LDC",2013,898744750892.024
"LDC",2014,966685213655.794
"LDC",2015,928290888606.707
"LDC",2016,944199366020.67
"LDC",2017,1033373602036.67
"LDC",2018,1100496566937.02
"LDC",2019,1161448671597.72
"LDC",2020,1172274838994.17
"LDC",2021,1279711995341.63
"LDC",2022,1435846906574.13
"LDC",2023,1516309568380.52
"LDC",2024,NA
"LIC",1960,14591716825.8757
"LIC",1961,14789797831.6894
"LIC",1962,16516574417.9939
"LIC",1963,20520875295.1602
"LIC",1964,16721795098.3747
"LIC",1965,19450146960.3223
"LIC",1966,20568317800.3461
"LIC",1967,19909314039.8659
"LIC",1968,21546718489.936
"LIC",1969,24683966856.8003
"LIC",1970,25496166643.6128
"LIC",1971,28190693616.251
"LIC",1972,31426720690.4225
"LIC",1973,37392263614.1666
"LIC",1974,46086997825.544
"LIC",1975,53368246402.6429
"LIC",1976,56273157666.9535
"LIC",1977,65067643586.9905
"LIC",1978,75076026524.6402
"LIC",1979,79744980212.0079
"LIC",1980,87616582561.6461
"LIC",1981,89890316955.5652
"LIC",1982,90973456712.5446
"LIC",1983,88644975377.8908
"LIC",1984,86806369833.9159
"LIC",1985,83939638149.3445
"LIC",1986,88150825151.9559
"LIC",1987,92853123713.7103
"LIC",1988,99744432658.8888
"LIC",1989,107444620042.284
"LIC",1990,131926909744.352
"LIC",1991,146615682574.442
"LIC",1992,102606211658.377
"LIC",1993,110262486787.712
"LIC",1994,103189554625.851
"LIC",1995,95736608113.5563
"LIC",1996,92511396652.1534
"LIC",1997,98801581861.7442
"LIC",1998,99794797965.0141
"LIC",1999,100712307153.977
"LIC",2000,123884077543.315
"LIC",2001,117057870839.898
"LIC",2002,128765140759.615
"LIC",2003,143795108872.313
"LIC",2004,168045991850.84
"LIC",2005,200687412011.902
"LIC",2006,233311195478.207
"LIC",2007,284149435970.22
"LIC",2008,341905104081.168
"LIC",2009,340323801916.344
"LIC",2010,374460066994.609
"LIC",2011,406242650339.232
"LIC",2012,384272110891.718
"LIC",2013,396287809196.231
"LIC",2014,424194789310.296
"LIC",2015,417756953873.849
"LIC",2016,385206512173.903
"LIC",2017,403454290228.211
"LIC",2018,420211435774.79
"LIC",2019,447114593744.199
"LIC",2020,442702142538.41
"LIC",2021,474823152496.384
"LIC",2022,547199942824.132
"LIC",2023,663529162731.73
"LIC",2024,NA
"LIE",1960,NA
"LIE",1961,NA
"LIE",1962,NA
"LIE",1963,NA
"LIE",1964,NA
"LIE",1965,NA
"LIE",1966,NA
"LIE",1967,NA
"LIE",1968,NA
"LIE",1969,NA
"LIE",1970,90099360.8433666
"LIE",1971,104889795.333846
"LIE",1972,124940289.32382
"LIE",1973,165928881.55552
"LIE",1974,193980464.882101
"LIE",1975,246389101.853613
"LIE",1976,272489300.467827
"LIE",1977,303493119.480763
"LIE",1978,436912067.784287
"LIE",1979,503173104.391887
"LIE",1980,534699362.896161
"LIE",1981,511647750.124475
"LIE",1982,522096760.291094
"LIE",1983,524023624.89055
"LIE",1984,502620991.852944
"LIE",1985,529073612.453579
"LIE",1986,779357802.50006
"LIE",1987,1052848995.97101
"LIE",1988,1161757671.01756
"LIE",1989,1119983801.21338
"LIE",1990,1421509216.37424
"LIE",1991,1484160302.14952
"LIE",1992,1631177029.45063
"LIE",1993,1673085244.6879
"LIE",1994,1948129622.75132
"LIE",1995,2428525060.69927
"LIE",1996,2504012993.42238
"LIE",1997,2298389802.88883
"LIE",1998,2479699106.02264
"LIE",1999,2664105901.18863
"LIE",2000,2483889858.32312
"LIE",2001,2491800558.77674
"LIE",2002,2688618747.38148
"LIE",2003,3070803051.42164
"LIE",2004,3454373797.74442
"LIE",2005,3659319116.88057
"LIE",2006,4000102086.14635
"LIE",2007,4601429897.21468
"LIE",2008,5081479840.08716
"LIE",2009,4504375348.07038
"LIE",2010,5082337238.44718
"LIE",2011,5739706004.89616
"LIE",2012,5456102482.28614
"LIE",2013,6391708310.67727
"LIE",2014,6657526979.72277
"LIE",2015,6268515276.17441
"LIE",2016,6237302033.50132
"LIE",2017,6474308717.85289
"LIE",2018,6692620691.84146
"LIE",2019,6436467007.11932
"LIE",2020,6405870210.32293
"LIE",2021,7710380085.92257
"LIE",2022,7361504432.19331
"LIE",2023,NA
"LIE",2024,NA
"LKA",1960,1409873949.57983
"LKA",1961,1444327731.09244
"LKA",1962,1434156378.60082
"LKA",1963,1240672268.90756
"LKA",1964,1309747899.15966
"LKA",1965,1698319327.73109
"LKA",1966,1751470588.23529
"LKA",1967,1859465020.57613
"LKA",1968,1801344537.81513
"LKA",1969,1965546218.48739
"LKA",1970,2296470588.23529
"LKA",1971,2369308600.33727
"LKA",1972,2553936348.40871
"LKA",1973,2875625000
"LKA",1974,3574586466.16541
"LKA",1975,3791298145.50642
"LKA",1976,3591319857.31272
"LKA",1977,4104509582.86359
"LKA",1978,2733183856.50224
"LKA",1979,3364611432.24149
"LKA",1980,4024621899.57653
"LKA",1981,4415844155.84416
"LKA",1982,4768765016.81884
"LKA",1983,5167913302.16745
"LKA",1984,6043474842.76729
"LKA",1985,5978460972.01767
"LKA",1986,6405210563.88294
"LKA",1987,6682167119.56522
"LKA",1988,6978371581.26375
"LKA",1989,6987267683.77254
"LKA",1990,8032551173.24014
"LKA",1991,9000362581.58086
"LKA",1992,9703011635.86585
"LKA",1993,10338679635.7616
"LKA",1994,11717604208.8223
"LKA",1995,13029697560.9756
"LKA",1996,13897738375.2488
"LKA",1997,15091913883.7091
"LKA",1998,15794972847.1683
"LKA",1999,15656327859.5696
"LKA",2000,16330814179.9766
"LKA",2001,15749753804.8344
"LKA",2002,16536535647.0834
"LKA",2003,18881765437.2151
"LKA",2004,20662525941.2985
"LKA",2005,24405791044.7761
"LKA",2006,28279802405.9138
"LKA",2007,32350238760.4239
"LKA",2008,40713826215.0093
"LKA",2009,42066224093.0065
"LKA",2010,58636161081.712
"LKA",2011,67753284043.9282
"LKA",2012,70447216891.3366
"LKA",2013,77000578167.353
"LKA",2014,82528535713.926
"LKA",2015,85140955388.8509
"LKA",2016,88012282205.8357
"LKA",2017,94376237797.2367
"LKA",2018,94493871200.7869
"LKA",2019,89014978344.1404
"LKA",2020,84304298770.5329
"LKA",2021,88609324901.9774
"LKA",2022,74144870023.4244
"LKA",2023,84356863743.6335
"LKA",2024,NA
"LMC",1960,85185625016.4477
"LMC",1961,90809724342.6027
"LMC",1962,92221724755.3395
"LMC",1963,102043253078.235
"LMC",1964,114688946257.547
"LMC",1965,122878481377.448
"LMC",1966,112146974060.739
"LMC",1967,119682358135.054
"LMC",1968,127002903514.069
"LMC",1969,140612302801.384
"LMC",1970,152289415681.448
"LMC",1971,158605276404.642
"LMC",1972,169313484036.135
"LMC",1973,199171176265.644
"LMC",1974,246364487150.384
"LMC",1975,269878726934.515
"LMC",1976,285347735224.408
"LMC",1977,320626228008.569
"LMC",1978,362636040955.649
"LMC",1979,420475754073.993
"LMC",1980,512442107605.164
"LMC",1981,636334939388.951
"LMC",1982,632352323939.17
"LMC",1983,599195651532.326
"LMC",1984,575490027378.205
"LMC",1985,614637221257.432
"LMC",1986,617440322275.103
"LMC",1987,672947618644.972
"LMC",1988,694158073487.811
"LMC",1989,679846124636.019
"LMC",1990,739096952809.717
"LMC",1991,707213632103.499
"LMC",1992,738102147768.934
"LMC",1993,746952041507.141
"LMC",1994,839706013229.151
"LMC",1995,997456434904.818
"LMC",1996,1136320651080.95
"LMC",1997,1192032722943.88
"LMC",1998,1217725078771.18
"LMC",1999,1122826614705.03
"LMC",2000,1185565463800.71
"LMC",2001,1198116648048.7
"LMC",2002,1264217335217.99
"LMC",2003,1434282051769.71
"LMC",2004,1649983007882.31
"LMC",2005,1901029039405.27
"LMC",2006,2226450891169.03
"LMC",2007,2725016817873.63
"LMC",2008,3014456913636.93
"LMC",2009,3143238517619.53
"LMC",2010,3782636785930.31
"LMC",2011,4221076552618.26
"LMC",2012,4460333855933.93
"LMC",2013,4717344471245.56
"LMC",2014,5095594685380.32
"LMC",2015,5089665684079.03
"LMC",2016,5304010748630.26
"LMC",2017,5741380409466.09
"LMC",2018,5994118980886.44
"LMC",2019,6298712117939.29
"LMC",2020,6102312002456.38
"LMC",2021,6911861585177.34
"LMC",2022,7371395678679.62
"LMC",2023,7439509140290.38
"LMC",2024,NA
"LMY",1960,276980151259.581
"LMY",1961,275467988962.025
"LMY",1962,282503517974.813
"LMY",1963,305484021729.761
"LMY",1964,342247759128.068
"LMY",1965,377880956160.191
"LMY",1966,392169475654.947
"LMY",1967,402672014818.091
"LMY",1968,426938677283.218
"LMY",1969,477578127597.37
"LMY",1970,521249210458.382
"LMY",1971,560488895269.682
"LMY",1972,629566887795.993
"LMY",1973,802228294104.662
"LMY",1974,1020411291623.38
"LMY",1975,1128387358601.99
"LMY",1976,1214423491606.56
"LMY",1977,1363957921137.83
"LMY",1978,1515437428173.11
"LMY",1979,1756431750666.46
"LMY",1980,2073164248883.44
"LMY",1981,2318344474367.45
"LMY",1982,2286646059078
"LMY",1983,2217405371415.29
"LMY",1984,2278283895851.47
"LMY",1985,2367021275065.99
"LMY",1986,2417928245850.19
"LMY",1987,2496518079267.8
"LMY",1988,2662885366772.37
"LMY",1989,2854773671384.59
"LMY",1990,3356800445065.41
"LMY",1991,3189515731314.77
"LMY",1992,3343624639286.78
"LMY",1993,3615987458351.19
"LMY",1994,4051568372030.25
"LMY",1995,4628270895721.81
"LMY",1996,5140547190595.44
"LMY",1997,5455063067407.64
"LMY",1998,5428418126009.55
"LMY",1999,5224983090942.07
"LMY",2000,5680763266228.64
"LMY",2001,5689226864512.04
"LMY",2002,5798280274725.18
"LMY",2003,6488019627638.12
"LMY",2004,7609502030648.46
"LMY",2005,8986082612992.17
"LMY",2006,10577819186798.1
"LMY",2007,12986787932963.6
"LMY",2008,15415247229986.4
"LMY",2009,15449565116182.9
"LMY",2010,18785590705939.8
"LMY",2011,22125397276011.1
"LMY",2012,23520241947859.2
"LMY",2013,24956404400115.2
"LMY",2014,26112983016936.2
"LMY",2015,25336686257692.4
"LMY",2016,25597069953897.6
"LMY",2017,27987406037838.4
"LMY",2018,29791620278516.9
"LMY",2019,30495388425380.4
"LMY",2020,29521428086822.8
"LMY",2021,34778125922181.4
"LMY",2022,36465232446694.9
"LMY",2023,37533765909928
"LMY",2024,NA
"LSO",1960,34579986.1680055
"LSO",1961,35699985.7200057
"LSO",1962,41859983.2560067
"LSO",1963,47039981.1840075
"LSO",1964,51939979.2240083
"LSO",1965,54879978.0480088
"LSO",1966,56699977.3200091
"LSO",1967,59261976.2952095
"LSO",1968,61445975.4216098
"LSO",1969,65967973.6128106
"LSO",1970,68739972.504011
"LSO",1971,76480285.0044113
"LSO",1972,80913200.4292822
"LSO",1973,121188715.759865
"LSO",1974,150851316.52727
"LSO",1975,149558895.914581
"LSO",1976,147660036.915009
"LSO",1977,193315048.328762
"LSO",1978,266570066.642517
"LSO",1979,290134592.523007
"LSO",1980,431542536.663782
"LSO",1981,434188034.188034
"LSO",1982,348741683.673845
"LSO",1983,386699308.859169
"LSO",1984,333163670.280225
"LSO",1985,268629925.852805
"LSO",1986,318858422.989262
"LSO",1987,402768324.481971
"LSO",1988,470395800.600668
"LSO",1989,495409232.627579
"LSO",1990,596410263.743849
"LSO",1991,704325366.718393
"LSO",1992,831029861.704746
"LSO",1993,835582062.476169
"LSO",1994,878250945.280469
"LSO",1995,1001894000.27846
"LSO",1996,946112492.844847
"LSO",1997,998004258.715675
"LSO",1998,928460893.108965
"LSO",1999,912773681.050642
"LSO",2000,887291687.920796
"LSO",2001,825706961.238689
"LSO",2002,775777238.55814
"LSO",2003,1157825434.78971
"LSO",2004,1511236655.52047
"LSO",2005,1682343527.49221
"LSO",2006,1800092563.75462
"LSO",2007,1682131784.51365
"LSO",2008,1766902709.19935
"LSO",2009,1740894964.80511
"LSO",2010,2234754241.91918
"LSO",2011,2579409619.96722
"LSO",2012,2477702216.26888
"LSO",2013,2367112931.642
"LSO",2014,2441063054.05792
"LSO",2015,2359686724.53829
"LSO",2016,2114426452.2019
"LSO",2017,2306741672.29006
"LSO",2018,2556247291.99785
"LSO",2019,2390702295.82777
"LSO",2020,2053699870.07191
"LSO",2021,2412130056.55851
"LSO",2022,2354683088.71995
"LSO",2023,2117962450.79469
"LSO",2024,NA
"LTE",1960,183039562224.255
"LTE",1961,170099892398.3
"LTE",1962,173284405279.324
"LTE",1963,189118211842.893
"LTE",1964,207440473652.432
"LTE",1965,232548696222.151
"LTE",1966,258991672386.554
"LTE",1967,260274063913.508
"LTE",1968,264786860536.356
"LTE",1969,295197075878.357
"LTE",1970,335674639859.472
"LTE",1971,373427304808.806
"LTE",1972,429644439389.919
"LTE",1973,557950349648.526
"LTE",1974,670611977652.112
"LTE",1975,740754947104.842
"LTE",1976,798865984540.067
"LTE",1977,926739143199.453
"LTE",1978,964550590227.134
"LTE",1979,1148395566303.08
"LTE",1980,1316876853539.55
"LTE",1981,1380125520678.34
"LTE",1982,1392996678425.95
"LTE",1983,1289284018855.93
"LTE",1984,1345557622208.07
"LTE",1985,1454663298311.39
"LTE",1986,1545906474134.79
"LTE",1987,1632410104492.12
"LTE",1988,1781575173693.53
"LTE",1989,1899396725921.27
"LTE",1990,2045122711297.06
"LTE",1991,1981024709881.36
"LTE",1992,2019418673106.88
"LTE",1993,2102262484943.61
"LTE",1994,2441349508235.58
"LTE",1995,3024940848396.4
"LTE",1996,3336408333512.42
"LTE",1997,3493233811438.93
"LTE",1998,3366691772746.72
"LTE",1999,3112218567617.28
"LTE",2000,3414598526583.51
"LTE",2001,3529672920785.98
"LTE",2002,3741286212371.56
"LTE",2003,4262675973508.5
"LTE",2004,5122697281253.38
"LTE",2005,6178901401098.44
"LTE",2006,7456055261110.42
"LTE",2007,9390656301395.99
"LTE",2008,11676267845145.8
"LTE",2009,11279802020100.8
"LTE",2010,13567972433971.9
"LTE",2011,16536989301806.9
"LTE",2012,17686777065865.5
"LTE",2013,19051526772020.5
"LTE",2014,19788146929460.2
"LTE",2015,18565287346572.2
"LTE",2016,18605453840467.4
"LTE",2017,20647673102305.8
"LTE",2018,22641256363718.2
"LTE",2019,23070237789791.1
"LTE",2020,22553187301005.7
"LTE",2021,26910414198858.4
"LTE",2022,28079439418908.5
"LTE",2023,28348483457826.9
"LTE",2024,NA
"LTU",1960,NA
"LTU",1961,NA
"LTU",1962,NA
"LTU",1963,NA
"LTU",1964,NA
"LTU",1965,NA
"LTU",1966,NA
"LTU",1967,NA
"LTU",1968,NA
"LTU",1969,NA
"LTU",1970,NA
"LTU",1971,NA
"LTU",1972,NA
"LTU",1973,NA
"LTU",1974,NA
"LTU",1975,NA
"LTU",1976,NA
"LTU",1977,NA
"LTU",1978,NA
"LTU",1979,NA
"LTU",1980,NA
"LTU",1981,NA
"LTU",1982,NA
"LTU",1983,NA
"LTU",1984,NA
"LTU",1985,NA
"LTU",1986,NA
"LTU",1987,NA
"LTU",1988,NA
"LTU",1989,NA
"LTU",1990,NA
"LTU",1991,NA
"LTU",1992,NA
"LTU",1993,NA
"LTU",1994,NA
"LTU",1995,7921210339.58439
"LTU",1996,8430207164.43677
"LTU",1997,10168271903.3233
"LTU",1998,11289161847.2162
"LTU",1999,11022095813.552
"LTU",2000,11550695727.2335
"LTU",2001,12260761329.3051
"LTU",2002,14282292664.6004
"LTU",2003,18809197969.5431
"LTU",2004,22743164431.1972
"LTU",2005,26105207115.3129
"LTU",2006,30116192746.8942
"LTU",2007,39729151614.6689
"LTU",2008,47831254207.5223
"LTU",2009,37494380038.9213
"LTU",2010,36638128534.0643
"LTU",2011,43186501862.7907
"LTU",2012,42709372066.8627
"LTU",2013,46303660422.0434
"LTU",2014,48306546656.9281
"LTU",2015,41540954817.2039
"LTU",2016,42970749245.0336
"LTU",2017,47756764508.446
"LTU",2018,54261795148.5372
"LTU",2019,55122066225.796
"LTU",2020,57412038533.2718
"LTU",2021,67037321008.9679
"LTU",2022,71033884499.7824
"LTU",2023,79789877416.1681
"LTU",2024,NA
"LUX",1960,709941874.044355
"LUX",1961,710163719.406917
"LUX",1962,747846862.209673
"LUX",1963,797902154.238122
"LUX",1964,910877686.268584
"LUX",1965,929477284.788002
"LUX",1966,976717015.461454
"LUX",1967,983052314.930267
"LUX",1968,1075561622.81321
"LUX",1969,1245432991.34271
"LUX",1970,1457768455.02219
"LUX",1971,1518773421.37846
"LUX",1972,1901697369.62698
"LUX",1973,2609875802.11136
"LUX",1974,3183637116.81856
"LUX",1975,3123333333.33333
"LUX",1976,3423586206.89655
"LUX",1977,3789321328.08104
"LUX",1978,4718539771.99949
"LUX",1979,5516982663.73143
"LUX",1980,6019805490.41247
"LUX",1981,5053665797.47936
"LUX",1982,4602316793.21914
"LUX",1983,4524217751.47929
"LUX",1984,4438435492.87908
"LUX",1985,4577211767.10374
"LUX",1986,6685595087.59256
"LUX",1987,8320902215.01891
"LUX",1988,9418167855.18376
"LUX",1989,10037674037.674
"LUX",1990,12778792853.6939
"LUX",1991,13834219728.293
"LUX",1992,15518702634.8808
"LUX",1993,15925521222.0149
"LUX",1994,17701798890.7644
"LUX",1995,20853093869.7318
"LUX",1996,20895314657.9805
"LUX",1997,19563836265.2233
"LUX",1998,20150053345.1878
"LUX",1999,21899317598.8414
"LUX",2000,21230182989.3036
"LUX",2001,21387533703.2327
"LUX",2002,23649833332.1655
"LUX",2003,29667268248.1305
"LUX",2004,35064843792.8993
"LUX",2005,37672280120.4794
"LUX",2006,42910146296.0646
"LUX",2007,51587401415.7872
"LUX",2008,58844277701.5258
"LUX",2009,54467289897.5582
"LUX",2010,56213985987.4168
"LUX",2011,61696281326.2453
"LUX",2012,59776383527.3602
"LUX",2013,65203276466.9763
"LUX",2014,68804811897.6445
"LUX",2015,60071584216.1375
"LUX",2016,62216885435.9488
"LUX",2017,65712180342.9836
"LUX",2018,71000359760.4611
"LUX",2019,69890505323.5842
"LUX",2020,73699366700.2134
"LUX",2021,85584105993.8746
"LUX",2022,81641807865.7591
"LUX",2023,85755006123.5976
"LUX",2024,NA
"LVA",1960,NA
"LVA",1961,NA
"LVA",1962,NA
"LVA",1963,NA
"LVA",1964,NA
"LVA",1965,NA
"LVA",1966,NA
"LVA",1967,NA
"LVA",1968,NA
"LVA",1969,NA
"LVA",1970,NA
"LVA",1971,NA
"LVA",1972,NA
"LVA",1973,NA
"LVA",1974,NA
"LVA",1975,NA
"LVA",1976,NA
"LVA",1977,NA
"LVA",1978,NA
"LVA",1979,NA
"LVA",1980,NA
"LVA",1981,NA
"LVA",1982,NA
"LVA",1983,NA
"LVA",1984,NA
"LVA",1985,NA
"LVA",1986,NA
"LVA",1987,NA
"LVA",1988,NA
"LVA",1989,NA
"LVA",1990,NA
"LVA",1991,NA
"LVA",1992,NA
"LVA",1993,NA
"LVA",1994,NA
"LVA",1995,5608208784.9401
"LVA",1996,5799465288.41246
"LVA",1997,6349481006.53278
"LVA",1998,6974112951.26891
"LVA",1999,7324192889.74297
"LVA",2000,7761252607.18424
"LVA",2001,8190888739.6463
"LVA",2002,9249030241.01864
"LVA",2003,11244337719.8377
"LVA",2004,13827070378.5612
"LVA",2005,16306935905.4138
"LVA",2006,20434922247.3037
"LVA",2007,29420499247.7089
"LVA",2008,34135200994.0067
"LVA",2009,25691530442.035
"LVA",2010,23468324572.3343
"LVA",2011,26575547900.8247
"LVA",2012,27116149948.6683
"LVA",2013,29152128167.8438
"LVA",2014,30277203767.4058
"LVA",2015,26344565876.8902
"LVA",2016,27117105059.5075
"LVA",2017,29391059767.4259
"LVA",2018,33247935477.3576
"LVA",2019,33099503950.847
"LVA",2020,33379927434.6149
"LVA",2021,38185125732.9451
"LVA",2022,38018905782.397
"LVA",2023,42247850064.5125
"LVA",2024,NA
"MAC",1960,NA
"MAC",1961,NA
"MAC",1962,NA
"MAC",1963,NA
"MAC",1964,NA
"MAC",1965,NA
"MAC",1966,NA
"MAC",1967,NA
"MAC",1968,NA
"MAC",1969,NA
"MAC",1970,NA
"MAC",1971,NA
"MAC",1972,NA
"MAC",1973,NA
"MAC",1974,NA
"MAC",1975,NA
"MAC",1976,NA
"MAC",1977,NA
"MAC",1978,NA
"MAC",1979,NA
"MAC",1980,NA
"MAC",1981,NA
"MAC",1982,1142497718.77916
"MAC",1983,1133013235.10045
"MAC",1984,1304361353.27024
"MAC",1985,1362072159.94515
"MAC",1986,1532105070.18581
"MAC",1987,1957724829.35921
"MAC",1988,2288761822.51257
"MAC",1989,2705665492.01675
"MAC",1990,3246481233.24397
"MAC",1991,3765249711.09098
"MAC",1992,4914365189.04984
"MAC",1993,5665606114.80317
"MAC",1994,6311207779.92441
"MAC",1995,7046147736.91671
"MAC",1996,7176892950.39164
"MAC",1997,7267570892.70211
"MAC",1998,6797792190.19681
"MAC",1999,6547670439.26
"MAC",2000,6774193548.3871
"MAC",2001,6860272608.45211
"MAC",2002,7371692774.43404
"MAC",2003,8246479565.94248
"MAC",2004,10643253553.184
"MAC",2005,12160056122.3757
"MAC",2006,14874098691.9082
"MAC",2007,18439981612.4086
"MAC",2008,21027018332.6663
"MAC",2009,21587786905.8499
"MAC",2010,28241798491.593
"MAC",2011,36845888757.1886
"MAC",2012,43189721376.9846
"MAC",2013,51536595089.2793
"MAC",2014,54902831793.5018
"MAC",2015,45048190598.3249
"MAC",2016,45070808688.9611
"MAC",2017,50383871120.8733
"MAC",2018,55190661339.7796
"MAC",2019,55082293844.1008
"MAC",2020,25343525935.8358
"MAC",2021,30969334705.0515
"MAC",2022,24999113475.8368
"MAC",2023,45803067940.4072
"MAC",2024,NA
"MAF",1960,NA
"MAF",1961,NA
"MAF",1962,NA
"MAF",1963,NA
"MAF",1964,NA
"MAF",1965,NA
"MAF",1966,NA
"MAF",1967,NA
"MAF",1968,NA
"MAF",1969,NA
"MAF",1970,NA
"MAF",1971,NA
"MAF",1972,NA
"MAF",1973,NA
"MAF",1974,NA
"MAF",1975,NA
"MAF",1976,NA
"MAF",1977,NA
"MAF",1978,NA
"MAF",1979,NA
"MAF",1980,NA
"MAF",1981,NA
"MAF",1982,NA
"MAF",1983,NA
"MAF",1984,NA
"MAF",1985,NA
"MAF",1986,NA
"MAF",1987,NA
"MAF",1988,NA
"MAF",1989,NA
"MAF",1990,NA
"MAF",1991,NA
"MAF",1992,NA
"MAF",1993,NA
"MAF",1994,NA
"MAF",1995,NA
"MAF",1996,NA
"MAF",1997,NA
"MAF",1998,NA
"MAF",1999,NA
"MAF",2000,NA
"MAF",2001,NA
"MAF",2002,NA
"MAF",2003,NA
"MAF",2004,NA
"MAF",2005,NA
"MAF",2006,NA
"MAF",2007,NA
"MAF",2008,NA
"MAF",2009,NA
"MAF",2010,NA
"MAF",2011,775875748.523832
"MAF",2012,NA
"MAF",2013,NA
"MAF",2014,772921958.529509
"MAF",2015,NA
"MAF",2016,NA
"MAF",2017,NA
"MAF",2018,NA
"MAF",2019,652206037.103874
"MAF",2020,NA
"MAF",2021,649206262.847519
"MAF",2022,NA
"MAF",2023,NA
"MAF",2024,NA
"MAR",1960,2037154741.93211
"MAR",1961,2025693539.55842
"MAR",1962,2379611124.61442
"MAR",1963,2657252578.30763
"MAR",1964,2798345298.57781
"MAR",1965,2948331090.46752
"MAR",1966,2876401297.10759
"MAR",1967,3046345314.38655
"MAR",1968,3271422332.61996
"MAR",1969,3651622668.95103
"MAR",1970,3956336244.11865
"MAR",1971,4356669034.34266
"MAR",1972,5074117544.77482
"MAR",1973,6242145880.08876
"MAR",1974,7675466449.35531
"MAR",1975,8984853005.08058
"MAR",1976,9584297284.28316
"MAR",1977,11049783871.8144
"MAR",1978,13236946233.5759
"MAR",1979,15911994817.3107
"MAR",1980,21728516153.0907
"MAR",1981,17788185478.944
"MAR",1982,17692276734.171
"MAR",1983,16251408127.5735
"MAR",1984,14824667954.3674
"MAR",1985,14991283215.7408
"MAR",1986,19462085540.2231
"MAR",1987,21765195948.189
"MAR",1988,25705296183.5037
"MAR",1989,26314313191.1826
"MAR",1990,30179954774.9899
"MAR",1991,32285573573.9185
"MAR",1992,33711069430.78
"MAR",1993,31655473663.8348
"MAR",1994,35604137422.5796
"MAR",1995,39030285468.3841
"MAR",1996,43161571527.6353
"MAR",1997,39147844526.0838
"MAR",1998,46497608724.9865
"MAR",1999,46266428648.1433
"MAR",2000,43017455401.8445
"MAR",2001,43831480207.6444
"MAR",2002,47077192187.6418
"MAR",2003,58029363354.2757
"MAR",2004,66114145451.0067
"MAR",2005,68852658068.6673
"MAR",2006,75883823300.8545
"MAR",2007,86947913286.728
"MAR",2008,101822906949.063
"MAR",2009,101154952240.881
"MAR",2010,100865329473.44
"MAR",2011,110080631332.375
"MAR",2012,106937392311.129
"MAR",2013,115739287305.08
"MAR",2014,119130841411.664
"MAR",2015,110413823841.592
"MAR",2016,111572947004.917
"MAR",2017,118540573367.844
"MAR",2018,127341147581.818
"MAR",2019,128920266409.458
"MAR",2020,121353645057.144
"MAR",2021,142022058447.231
"MAR",2022,130951926351.241
"MAR",2023,144417103249.646
"MAR",2024,NA
"MCO",1960,NA
"MCO",1961,NA
"MCO",1962,NA
"MCO",1963,NA
"MCO",1964,NA
"MCO",1965,NA
"MCO",1966,NA
"MCO",1967,NA
"MCO",1968,NA
"MCO",1969,NA
"MCO",1970,293127333.238065
"MCO",1971,327706210.435217
"MCO",1972,402451900.821288
"MCO",1973,523554039.203208
"MCO",1974,563949254.114034
"MCO",1975,711978961.893674
"MCO",1976,735324244.667397
"MCO",1977,811191392.224277
"MCO",1978,1000555218.03209
"MCO",1979,1209870147.49099
"MCO",1980,1378175524.11186
"MCO",1981,1205188647.93163
"MCO",1982,1143216456.56796
"MCO",1983,1092560364.51959
"MCO",1984,1037329604.35108
"MCO",1985,1082867507.33142
"MCO",1986,1515234743.47367
"MCO",1987,1839081463.27676
"MCO",1988,2000704744.91538
"MCO",1989,2010083833.1726
"MCO",1990,2481307077.10989
"MCO",1991,2480540845.33242
"MCO",1992,2737049230.70442
"MCO",1993,2574494355.73357
"MCO",1994,2720332134.53623
"MCO",1995,3130309995.30848
"MCO",1996,3137886994.52207
"MCO",1997,2840195190.36905
"MCO",1998,2934593467.68589
"MCO",1999,2907118641.17756
"MCO",2000,2654462665.26893
"MCO",2001,2673723033.71239
"MCO",2002,2919647981.81473
"MCO",2003,3597089750.78276
"MCO",2004,4043551488.82603
"MCO",2005,4204652898.73103
"MCO",2006,4586826512.71356
"MCO",2007,5875790766.2621
"MCO",2008,6502942244.93068
"MCO",2009,5474379252.34114
"MCO",2010,5367561569.59548
"MCO",2011,6088689808.38347
"MCO",2012,5742749294.00852
"MCO",2013,6555591709.88585
"MCO",2014,7070017323.65476
"MCO",2015,6264756528.37691
"MCO",2016,6471290793.55029
"MCO",2017,6430254652.58934
"MCO",2018,7184333936.01355
"MCO",2019,7383496254.23721
"MCO",2020,6730736282.78961
"MCO",2021,8623242743.29564
"MCO",2022,8800430486.17137
"MCO",2023,9995350547.12166
"MCO",2024,NA
"MDA",1960,NA
"MDA",1961,NA
"MDA",1962,NA
"MDA",1963,NA
"MDA",1964,NA
"MDA",1965,NA
"MDA",1966,NA
"MDA",1967,NA
"MDA",1968,NA
"MDA",1969,NA
"MDA",1970,NA
"MDA",1971,NA
"MDA",1972,NA
"MDA",1973,NA
"MDA",1974,NA
"MDA",1975,NA
"MDA",1976,NA
"MDA",1977,NA
"MDA",1978,NA
"MDA",1979,NA
"MDA",1980,NA
"MDA",1981,NA
"MDA",1982,NA
"MDA",1983,NA
"MDA",1984,NA
"MDA",1985,NA
"MDA",1986,NA
"MDA",1987,NA
"MDA",1988,NA
"MDA",1989,NA
"MDA",1990,3592857043.05057
"MDA",1991,3094565870.64237
"MDA",1992,2319243435.96096
"MDA",1993,2371813014.64989
"MDA",1994,1702314267.59123
"MDA",1995,1752999370.46158
"MDA",1996,1695122173.91304
"MDA",1997,1930081168.83117
"MDA",1998,1698717504.65549
"MDA",1999,1170782957.37443
"MDA",2000,1288429391.79951
"MDA",2001,1480673594.05602
"MDA",2002,1661818168.4226
"MDA",2003,1980907434.76826
"MDA",2004,2598249555.89984
"MDA",2005,2988342907.03096
"MDA",2006,3408255450.5509
"MDA",2007,4401173151.93767
"MDA",2008,6054824248.24221
"MDA",2009,5439434271.78807
"MDA",2010,6974982369.60155
"MDA",2011,8414352020.49442
"MDA",2012,8709138634.82921
"MDA",2013,9496717875.51932
"MDA",2014,9402090137.7423
"MDA",2015,7797667196.73087
"MDA",2016,7980917075.7748
"MDA",2017,9514404016.20949
"MDA",2018,11252353420.8798
"MDA",2019,11736797054.6965
"MDA",2020,11530746234.4492
"MDA",2021,13691869264.0794
"MDA",2022,14510490660.2516
"MDA",2023,16539436547.295
"MDA",2024,NA
"MDG",1960,673081724.751168
"MDG",1961,699161944.558097
"MDG",1962,739286907.592778
"MDG",1963,759345863.732667
"MDG",1964,802482183.728778
"MDG",1965,833563472.9981
"MDG",1966,900264584.590829
"MDG",1967,956436932.101291
"MDG",1968,1031669637.39553
"MDG",1969,1056391055.59617
"MDG",1970,1111859570.88252
"MDG",1971,1199507631.07603
"MDG",1972,1341590690.41365
"MDG",1973,1653062335.00286
"MDG",1974,1917508190.04689
"MDG",1975,2283049215.35339
"MDG",1976,2181844178.5534
"MDG",1977,2358930406.0689
"MDG",1978,2669755115.10935
"MDG",1979,3463565853.81023
"MDG",1980,5201818347.79882
"MDG",1981,4759333998.36746
"MDG",1982,4784977325.95803
"MDG",1983,4686457031.2269
"MDG",1984,3905938480.86119
"MDG",1985,3802557894.8719
"MDG",1986,4347989788.09257
"MDG",1987,3212900555.8091
"MDG",1988,3189456965.0482
"MDG",1989,3175638332.64471
"MDG",1990,3931334875.01376
"MDG",1991,3254713056.02171
"MDG",1992,3714966678.33381
"MDG",1993,4063298919.2868
"MDG",1994,3522227092.22839
"MDG",1995,3838100903.74974
"MDG",1996,4931861038.70763
"MDG",1997,4262965419.74998
"MDG",1998,4401967632.73718
"MDG",1999,4277903780.29131
"MDG",2000,4629247203.84524
"MDG",2001,5438332601.90798
"MDG",2002,5351701663.40807
"MDG",2003,6372498889.66585
"MDG",2004,5064732626.29389
"MDG",2005,5859269752.61332
"MDG",2006,6395712490.94304
"MDG",2007,8524620889.57747
"MDG",2008,10725137723.6549
"MDG",2009,9616879409.43789
"MDG",2010,9982711338.07029
"MDG",2011,11551819617.874
"MDG",2012,11578975061.9479
"MDG",2013,12423555455.3853
"MDG",2014,12522957399.2281
"MDG",2015,11323020701.3017
"MDG",2016,11848613858.442
"MDG",2017,13176313593.5509
"MDG",2018,13760033282.2925
"MDG",2019,14104664678.5063
"MDG",2020,13051441203.9474
"MDG",2021,14554754116.5427
"MDG",2022,15134700203.0497
"MDG",2023,15790113246.7478
"MDG",2024,NA
"MDV",1960,NA
"MDV",1961,NA
"MDV",1962,NA
"MDV",1963,NA
"MDV",1964,NA
"MDV",1965,NA
"MDV",1966,NA
"MDV",1967,NA
"MDV",1968,NA
"MDV",1969,NA
"MDV",1970,19328038.3157895
"MDV",1971,21566404.0169133
"MDV",1972,25177137.5286041
"MDV",1973,30862041.60401
"MDV",1974,39120171.2468193
"MDV",1975,24540877.6041667
"MDV",1976,22399467.1052632
"MDV",1977,20853788.7115165
"MDV",1978,24369109.1415831
"MDV",1979,38523364.4859813
"MDV",1980,42463576.1589404
"MDV",1981,44781456.9536424
"MDV",1982,47911340.1834794
"MDV",1983,57829787.2340426
"MDV",1984,109503546.099291
"MDV",1985,127190757.959989
"MDV",1986,141882254.230178
"MDV",1987,141223029.383064
"MDV",1988,168514513.375071
"MDV",1989,189514434.244
"MDV",1990,215043969.849246
"MDV",1991,244396761.92334
"MDV",1992,284875809.039634
"MDV",1993,322417837.161971
"MDV",1994,356014932.136461
"MDV",1995,398988954.970263
"MDV",1996,450382327.952421
"MDV",1997,508223602.378929
"MDV",1998,540096397.621071
"MDV",1999,589239753.610875
"MDV",2000,624337145.284622
"MDV",2001,870031676.798793
"MDV",2002,897031250
"MDV",2003,1052121054.6875
"MDV",2004,1226829562.5
"MDV",2005,1163362437.5
"MDV",2006,1575200390.625
"MDV",2007,1868383460.9375
"MDV",2008,2271646187.5
"MDV",2009,2345294875
"MDV",2010,2588176054.6875
"MDV",2011,2774350240.04918
"MDV",2012,2886163997.20531
"MDV",2013,3295009237.50107
"MDV",2014,3697353039.20043
"MDV",2015,4129505319.12921
"MDV",2016,4409942623.85538
"MDV",2017,4816426256.52914
"MDV",2018,5404344162.69888
"MDV",2019,5726094799.37709
"MDV",2020,3712604583.36665
"MDV",2021,5252457369.55218
"MDV",2022,6177118113.94637
"MDV",2023,6590894301.9579
"MDV",2024,NA
"MEA",1960,25169910581.9324
"MEA",1961,26730873312.6987
"MEA",1962,26352479345.5813
"MEA",1963,29171558729.2821
"MEA",1964,32468958629.6151
"MEA",1965,35485036092.3545
"MEA",1966,37999773462.5405
"MEA",1967,40929683209.6989
"MEA",1968,46987648800.4098
"MEA",1969,52418297698.7974
"MEA",1970,59037248575.1812
"MEA",1971,68081996065.3605
"MEA",1972,83449708202.6929
"MEA",1973,114701924208.076
"MEA",1974,211138104647.519
"MEA",1975,230572328994.114
"MEA",1976,287241386902.311
"MEA",1977,333435727138.196
"MEA",1978,352581054277.841
"MEA",1979,462052240837.676
"MEA",1980,595839666265.986
"MEA",1981,610113844973.549
"MEA",1982,609097022764.158
"MEA",1983,618856305832.692
"MEA",1984,623240913077.465
"MEA",1985,635010632834.086
"MEA",1986,642573974989.444
"MEA",1987,596370597900.423
"MEA",1988,590915602953.794
"MEA",1989,608696799115.292
"MEA",1990,794199685774.896
"MEA",1991,625846069210.135
"MEA",1992,659767588882.659
"MEA",1993,612611498496.168
"MEA",1994,648757954295.854
"MEA",1995,716061472558.187
"MEA",1996,796664173285.208
"MEA",1997,835239873738.879
"MEA",1998,816819892102.484
"MEA",1999,888446061820.489
"MEA",2000,995464425139.515
"MEA",2001,990205280016.889
"MEA",2002,982253939378.387
"MEA",2003,1091930842811.8
"MEA",2004,1287572186554.3
"MEA",2005,1545031850497
"MEA",2006,1815637351836.13
"MEA",2007,2146341821615.32
"MEA",2008,2676961094698.88
"MEA",2009,2404907477076.36
"MEA",2010,2822236675989.86
"MEA",2011,3401558785521.88
"MEA",2012,3662117827580.82
"MEA",2013,3610787338820.32
"MEA",2014,3630927628679.66
"MEA",2015,3202944332228.42
"MEA",2016,3236195108878.52
"MEA",2017,3375978495033.31
"MEA",2018,3608662545371.1
"MEA",2019,3598454815841.46
"MEA",2020,3207935509914.13
"MEA",2021,3807870128264.03
"MEA",2022,4475708600082.35
"MEA",2023,4320566779119.19
"MEA",2024,NA
"MEX",1960,1.304e+10
"MEX",1961,1.416e+10
"MEX",1962,1.52e+10
"MEX",1963,1.696e+10
"MEX",1964,2.008e+10
"MEX",1965,2.184e+10
"MEX",1966,2.432e+10
"MEX",1967,2.656e+10
"MEX",1968,2.936e+10
"MEX",1969,3.248e+10
"MEX",1970,3.552e+10
"MEX",1971,3.92e+10
"MEX",1972,4.52e+10
"MEX",1973,5.528e+10
"MEX",1974,7.2e+10
"MEX",1975,8.8e+10
"MEX",1976,88875923765.072
"MEX",1977,81912018783.5024
"MEX",1978,102648570299.117
"MEX",1979,134531900898.926
"MEX",1980,205577055465.993
"MEX",1981,263797827860.494
"MEX",1982,184602611609.517
"MEX",1983,156167000432.994
"MEX",1984,184230754105.394
"MEX",1985,195241069482.077
"MEX",1986,134556034672.991
"MEX",1987,147542558208.888
"MEX",1988,181611150496.787
"MEX",1989,221403098266.77
"MEX",1990,261253675692.838
"MEX",1991,313139656145.745
"MEX",1992,363157832923.734
"MEX",1993,530160763983.506
"MEX",1994,553618247900.74
"MEX",1995,380157469866.849
"MEX",1996,432157945024.428
"MEX",1997,523449530464.257
"MEX",1998,557461102630.658
"MEX",1999,631249359702.389
"MEX",2000,742061329643.37
"MEX",2001,796064590656.176
"MEX",2002,810666116505.478
"MEX",2003,765549967703.273
"MEX",2004,819459227375.022
"MEX",2005,917571853529.104
"MEX",2006,1020265057882.01
"MEX",2007,1102355554971.95
"MEX",2008,1161553459715.1
"MEX",2009,943437415024.633
"MEX",2010,1105424238731.09
"MEX",2011,1229013703416.76
"MEX",2012,1255110424817.79
"MEX",2013,1327436290282.67
"MEX",2014,1364507717614.13
"MEX",2015,1213294467716.88
"MEX",2016,1112233497452.7
"MEX",2017,1190721475906
"MEX",2018,1256300182879.73
"MEX",2019,1304106203694.81
"MEX",2020,1121064767261.88
"MEX",2021,1316569466932.59
"MEX",2022,1464312692331.58
"MEX",2023,1789114434843.46
"MEX",2024,NA
"MHL",1960,NA
"MHL",1961,NA
"MHL",1962,NA
"MHL",1963,NA
"MHL",1964,NA
"MHL",1965,NA
"MHL",1966,NA
"MHL",1967,NA
"MHL",1968,NA
"MHL",1969,NA
"MHL",1970,8408486
"MHL",1971,9116810
"MHL",1972,9973652
"MHL",1973,11607366
"MHL",1974,15217532
"MHL",1975,16691301
"MHL",1976,18153647
"MHL",1977,20210069
"MHL",1978,22209370
"MHL",1979,25545346
"MHL",1980,26710653
"MHL",1981,31020000
"MHL",1982,34918000
"MHL",1983,41749000
"MHL",1984,45144000
"MHL",1985,43879000
"MHL",1986,55989000
"MHL",1987,62983000
"MHL",1988,70688000
"MHL",1989,72798000
"MHL",1990,78476000
"MHL",1991,82507000
"MHL",1992,91063000
"MHL",1993,99461000
"MHL",1994,108071000
"MHL",1995,120230000
"MHL",1996,110858000
"MHL",1997,109884700
"MHL",1998,112070100
"MHL",1999,113352100
"MHL",2000,114838500
"MHL",2001,122406100
"MHL",2002,131960000
"MHL",2003,131128500
"MHL",2004,132900000
"MHL",2005,1.38e+08
"MHL",2006,143200000
"MHL",2007,150500000
"MHL",2008,146600000
"MHL",2009,151200000
"MHL",2010,161100000
"MHL",2011,172300000
"MHL",2012,180700000
"MHL",2013,186400000
"MHL",2014,1.86e+08
"MHL",2015,183700000
"MHL",2016,201800000
"MHL",2017,213700000
"MHL",2018,2.2e+08
"MHL",2019,232900000
"MHL",2020,241800000
"MHL",2021,258900000
"MHL",2022,253400000
"MHL",2023,259300000
"MHL",2024,NA
"MIC",1960,263792074041.093
"MIC",1961,262100046400.544
"MIC",1962,267576849076.901
"MIC",1963,287190757611.26
"MIC",1964,326823937694.747
"MIC",1965,360052570632.712
"MIC",1966,373358795771.642
"MIC",1967,384334659164.128
"MIC",1968,407141925173.362
"MIC",1969,454962369402.235
"MIC",1970,497735470773.229
"MIC",1971,534583070924.141
"MIC",1972,600659508040.531
"MIC",1973,767521683900.223
"MIC",1974,977448751517.099
"MIC",1975,1078949608324.68
"MIC",1976,1162149586372.16
"MIC",1977,1303751982614.8
"MIC",1978,1446314890612.01
"MIC",1979,1682144918520.47
"MIC",1980,1990698618597.41
"MIC",1981,2232744276175.65
"MIC",1982,2200324301007.46
"MIC",1983,2133348706884.94
"MIC",1984,2195415317696.61
"MIC",1985,2286032877236.87
"MIC",1986,2333244064388.16
"MIC",1987,2407589366258.44
"MIC",1988,2567479258382.8
"MIC",1989,2752091547770.22
"MIC",1990,3231689566783.76
"MIC",1991,3052353519258.54
"MIC",1992,3245125312597.19
"MIC",1993,3510089965132
"MIC",1994,3951052763801.03
"MIC",1995,4533163231804.49
"MIC",1996,5047171457446.34
"MIC",1997,5355415506598.82
"MIC",1998,5327948563235.49
"MIC",1999,5124148590761.98
"MIC",2000,5558375094721.75
"MIC",2001,5573072760737.42
"MIC",2002,5671238528505.74
"MIC",2003,6346128555768.17
"MIC",2004,7443637928658.46
"MIC",2005,8788161826727.62
"MIC",2006,10347516726821.4
"MIC",2007,12706137822416
"MIC",2008,15077887592406.2
"MIC",2009,15113697504775.4
"MIC",2010,18414879362447.4
"MIC",2011,21722093567336.2
"MIC",2012,23137075094884.2
"MIC",2013,24560803565939.9
"MIC",2014,25689911901559.8
"MIC",2015,24920281496336.6
"MIC",2016,25211666179811.9
"MIC",2017,27582983999112
"MIC",2018,29369986143573
"MIC",2019,30047537869971.5
"MIC",2020,29078432184056.6
"MIC",2021,34301140512398.2
"MIC",2022,35917683987563.7
"MIC",2023,36878123654872.8
"MIC",2024,NA
"MKD",1960,NA
"MKD",1961,NA
"MKD",1962,NA
"MKD",1963,NA
"MKD",1964,NA
"MKD",1965,NA
"MKD",1966,NA
"MKD",1967,NA
"MKD",1968,NA
"MKD",1969,NA
"MKD",1970,NA
"MKD",1971,NA
"MKD",1972,NA
"MKD",1973,NA
"MKD",1974,NA
"MKD",1975,NA
"MKD",1976,NA
"MKD",1977,NA
"MKD",1978,NA
"MKD",1979,NA
"MKD",1980,NA
"MKD",1981,NA
"MKD",1982,NA
"MKD",1983,NA
"MKD",1984,NA
"MKD",1985,NA
"MKD",1986,NA
"MKD",1987,NA
"MKD",1988,NA
"MKD",1989,NA
"MKD",1990,4699646643.10954
"MKD",1991,4938775510.20408
"MKD",1992,2436849341.97604
"MKD",1993,2682456896.55172
"MKD",1994,3559608639.98379
"MKD",1995,4707041315.24202
"MKD",1996,4642021256.30689
"MKD",1997,3912986090.97363
"MKD",1998,3765745023.2074
"MKD",1999,3863619284.77939
"MKD",2000,3772859034.20508
"MKD",2001,3709636030.66578
"MKD",2002,4018365747.00972
"MKD",2003,4946296599.08467
"MKD",2004,5682784471.69722
"MKD",2005,6258602872.67898
"MKD",2006,6861226971.55617
"MKD",2007,8336474973.72949
"MKD",2008,9909552434.51136
"MKD",2009,9401736825.42688
"MKD",2010,9407170321.37752
"MKD",2011,10494626767.6445
"MKD",2012,9745261300.57788
"MKD",2013,10817702346.0674
"MKD",2014,11362265252.778
"MKD",2015,10064519962.5655
"MKD",2016,10672467073.2873
"MKD",2017,11307067069.6658
"MKD",2018,12683068114.2388
"MKD",2019,12606338448.547
"MKD",2020,12361036913.8409
"MKD",2021,14000283827.0154
"MKD",2022,13932436550.0883
"MKD",2023,15763621848.115
"MKD",2024,NA
"MLI",1960,NA
"MLI",1961,NA
"MLI",1962,NA
"MLI",1963,NA
"MLI",1964,NA
"MLI",1965,NA
"MLI",1966,NA
"MLI",1967,275494477.586098
"MLI",1968,343771972.993855
"MLI",1969,339913867.092785
"MLI",1970,359772315.102198
"MLI",1971,395218628.920694
"MLI",1972,486617280.255549
"MLI",1973,563683703.304705
"MLI",1974,538747339.956033
"MLI",1975,830710615.179954
"MLI",1976,939228017.24779
"MLI",1977,1049838548.10919
"MLI",1978,1222702572.84699
"MLI",1979,1595422955.64433
"MLI",1980,1759691186.39993
"MLI",1981,1538972424.36635
"MLI",1982,1333754224.99949
"MLI",1983,1297765325.90273
"MLI",1984,1232932104.07276
"MLI",1985,1392196047.99695
"MLI",1986,1852163453.15326
"MLI",1987,2090629986.97643
"MLI",1988,2169040603.19394
"MLI",1989,2181821909.27892
"MLI",1990,2681912148.69842
"MLI",1991,2724131458.26216
"MLI",1992,2830673378.13006
"MLI",1993,2818281085.08646
"MLI",1994,2081846497.74648
"MLI",1995,2706425157.39397
"MLI",1996,2780422049.21204
"MLI",1997,2697105823.4661
"MLI",1998,2920358710.50646
"MLI",1999,3440724709.59258
"MLI",2000,2961484953.86444
"MLI",2001,3468337942.32063
"MLI",2002,3908121307.01957
"MLI",2003,4714071979.68835
"MLI",2004,5454249125.72966
"MLI",2005,6247515888.14533
"MLI",2006,6905934217.90901
"MLI",2007,8156468826.12645
"MLI",2008,9838403100.50554
"MLI",2009,10231962390.2119
"MLI",2010,10689168016.2613
"MLI",2011,12995112690.2596
"MLI",2012,12442035339.1049
"MLI",2013,13242690786.0938
"MLI",2014,14364937124.0727
"MLI",2015,13104764378.326
"MLI",2016,14026048335.7047
"MLI",2017,15365713048.1993
"MLI",2018,17070867589.9055
"MLI",2019,17280250810.0321
"MLI",2020,17465392764.3706
"MLI",2021,19309463508.0377
"MLI",2022,18780322203.7584
"MLI",2023,20661794596.0873
"MLI",2024,NA
"MLT",1960,NA
"MLT",1961,NA
"MLT",1962,NA
"MLT",1963,NA
"MLT",1964,NA
"MLT",1965,NA
"MLT",1966,NA
"MLT",1967,NA
"MLT",1968,NA
"MLT",1969,NA
"MLT",1970,250728789.959988
"MLT",1971,264578361.65285
"MLT",1972,295106782.887948
"MLT",1973,345616048.560497
"MLT",1974,376081234.160072
"MLT",1975,474618290.461173
"MLT",1976,527936936.221412
"MLT",1977,625563338.254707
"MLT",1978,793673682.273944
"MLT",1979,1001288271.43496
"MLT",1980,1250199088.73142
"MLT",1981,1243509901.59105
"MLT",1982,1234474695.1709
"MLT",1983,1165730189.75039
"MLT",1984,1101807308.35861
"MLT",1985,1117797258.70192
"MLT",1986,1435038010.11259
"MLT",1987,1751293247.96064
"MLT",1988,2019503806.80456
"MLT",1989,2118655261.44752
"MLT",1990,2547330219.20136
"MLT",1991,2750214990.78865
"MLT",1992,3021944675.40788
"MLT",1993,2709194744.35593
"MLT",1994,2998504344.06831
"MLT",1995,3709361628.90737
"MLT",1996,3822488329.48903
"MLT",1997,3787069759.0365
"MLT",1998,4010090978.74385
"MLT",1999,4111890472.76062
"MLT",2000,4036810072.08739
"MLT",2001,4070867701.80867
"MLT",2002,4455128822.74822
"MLT",2003,5418313424.45366
"MLT",2004,6104139672.8194
"MLT",2005,6393234993.5333
"MLT",2006,6749840217.6947
"MLT",2007,7908417717.40432
"MLT",2008,9135423330.20251
"MLT",2009,8734741331.60386
"MLT",2010,9097044160.9473
"MLT",2011,9789361703.69731
"MLT",2012,9609532088.88683
"MLT",2013,10796782637.51
"MLT",2014,11888032872.432
"MLT",2015,11340795041.8065
"MLT",2016,12025782834.3596
"MLT",2017,14161366723.6779
"MLT",2018,16153779511.1559
"MLT",2019,16337793530.7788
"MLT",2020,16385919535.6742
"MLT",2021,19718565605.433
"MLT",2022,19209979975.2323
"MLT",2023,22328640241.5553
"MLT",2024,NA
"MMR",1960,545098447.640862
"MMR",1961,605581577.287066
"MMR",1962,634528872.02036
"MMR",1963,598998418.724583
"MMR",1964,411419905.846621
"MMR",1965,367053117.224523
"MMR",1966,293103478.548483
"MMR",1967,420359035.897436
"MMR",1968,559956130.283622
"MMR",1969,571854214.589142
"MMR",1970,563555630.769545
"MMR",1971,587448405.488773
"MMR",1972,662213082.741535
"MMR",1973,719754655.358964
"MMR",1974,1225589878.06809
"MMR",1975,1061107353.67232
"MMR",1976,1204699849.12592
"MMR",1977,873579931.929901
"MMR",1978,935408774.951918
"MMR",1979,952265043.438383
"MMR",1980,1038225167.05882
"MMR",1981,1111000765.28987
"MMR",1982,1481165467.83214
"MMR",1983,1381573615.2513
"MMR",1984,1304063253.04136
"MMR",1985,1478908173.26796
"MMR",1986,1582873750.32068
"MMR",1987,1562448076.65689
"MMR",1988,1541088312.25453
"MMR",1989,2013448228.72975
"MMR",1990,2115193513.29556
"MMR",1991,2069832686.98061
"MMR",1992,2411552288.76212
"MMR",1993,3163020034.63637
"MMR",1994,4432257173.6492
"MMR",1995,5289174942.53404
"MMR",1996,6123556716.81329
"MMR",1997,4722288495.66085
"MMR",1998,6459461639.30243
"MMR",1999,8486832800.88498
"MMR",2000,8905066163.58643
"MMR",2001,6477790688.22844
"MMR",2002,6777632512.0781
"MMR",2003,10467109977.6717
"MMR",2004,10567354056.4049
"MMR",2005,11986972418.5103
"MMR",2006,14502553709.8303
"MMR",2007,20182477480.5512
"MMR",2008,31862554101.9378
"MMR",2009,36906181380.8127
"MMR",2010,49540813342.4834
"MMR",2011,59977326085.9908
"MMR",2012,59937796648.2158
"MMR",2013,60269732854.827
"MMR",2014,65531374199.6742
"MMR",2015,59607290407.5944
"MMR",2016,63298361996.2153
"MMR",2017,66053040483.0016
"MMR",2018,67860515989.517
"MMR",2019,75065106227.6892
"MMR",2020,79006113643.1906
"MMR",2021,66345291160.1683
"MMR",2022,62253049891.6449
"MMR",2023,66757619000
"MMR",2024,NA
"MNA",1960,18009066976.6514
"MNA",1961,18550938512.682
"MNA",1962,18760297827.3751
"MNA",1963,20793216375.3557
"MNA",1964,23192293019.5355
"MNA",1965,25544256103.752
"MNA",1966,27043378657.31
"MNA",1967,29433260722.0282
"MNA",1968,33407486620.753
"MNA",1969,37425306807.2674
"MNA",1970,41754908494.5976
"MNA",1971,47936770332.548
"MNA",1972,57282161679.2469
"MNA",1973,76112085342.8563
"MNA",1974,117982629922.861
"MNA",1975,134483691861.41
"MNA",1976,166626716555.512
"MNA",1977,192559166885.034
"MNA",1978,205063195171.096
"MNA",1979,257500837171.552
"MNA",1980,312945318386.068
"MNA",1981,300352134295.243
"MNA",1982,336377114321.744
"MNA",1983,373383813583.952
"MNA",1984,388806269389.411
"MNA",1985,420188995645.192
"MNA",1986,453361285409.69
"MNA",1987,391260112269.887
"MNA",1988,373026869184.089
"MNA",1989,373035096989.218
"MNA",1990,518825156518.85
"MNA",1991,332722921589.457
"MNA",1992,339259351139.119
"MNA",1993,290355959228.722
"MNA",1994,307433748179.398
"MNA",1995,340259302406.652
"MNA",1996,380849300431.517
"MNA",1997,400496877681.084
"MNA",1998,410727251056.215
"MNA",1999,449128387154.882
"MNA",2000,474549193839.263
"MNA",2001,480454322805.497
"MNA",2002,463162700952.368
"MNA",2003,507826676342.011
"MNA",2004,602300019007.892
"MNA",2005,705653496746.276
"MNA",2006,827626101907.76
"MNA",2007,1016107721116.75
"MNA",2008,1253836434930.42
"MNA",2009,1218914511082.54
"MNA",2010,1413492662961.75
"MNA",2011,1657669127927.36
"MNA",2012,1782876979918.12
"MNA",2013,1651618242991.43
"MNA",2014,1627891415604.2
"MNA",2015,1461561543238.17
"MNA",2016,1497802787590.82
"MNA",2017,1499230386761.12
"MNA",2018,1490670888640.86
"MNA",2019,1480176106051.1
"MNA",2020,1328872852321.83
"MNA",2021,1552753180082.25
"MNA",2022,1741921040109.65
"MNA",2023,1671174615296.29
"MNA",2024,NA
"MNE",1960,NA
"MNE",1961,NA
"MNE",1962,NA
"MNE",1963,NA
"MNE",1964,NA
"MNE",1965,NA
"MNE",1966,NA
"MNE",1967,NA
"MNE",1968,NA
"MNE",1969,NA
"MNE",1970,NA
"MNE",1971,NA
"MNE",1972,NA
"MNE",1973,NA
"MNE",1974,NA
"MNE",1975,NA
"MNE",1976,NA
"MNE",1977,NA
"MNE",1978,NA
"MNE",1979,NA
"MNE",1980,NA
"MNE",1981,NA
"MNE",1982,NA
"MNE",1983,NA
"MNE",1984,NA
"MNE",1985,NA
"MNE",1986,NA
"MNE",1987,NA
"MNE",1988,NA
"MNE",1989,NA
"MNE",1990,NA
"MNE",1991,NA
"MNE",1992,NA
"MNE",1993,NA
"MNE",1994,NA
"MNE",1995,NA
"MNE",1996,NA
"MNE",1997,838289118.844405
"MNE",1998,854261160.714286
"MNE",1999,828950327.353261
"MNE",2000,984293043.811565
"MNE",2001,1159869245.92513
"MNE",2002,1284685050.52413
"MNE",2003,1707710053.14938
"MNE",2004,2073234417.68066
"MNE",2005,2257174480.78597
"MNE",2006,2721903148.91482
"MNE",2007,3680711743.77224
"MNE",2008,4545674527.61096
"MNE",2009,4159330369.5471
"MNE",2010,4142983843.4912
"MNE",2011,4544428421.49513
"MNE",2012,4087526241.81268
"MNE",2013,4465772400.37453
"MNE",2014,4593853290.963
"MNE",2015,4054730077.57718
"MNE",2016,4376930578.32395
"MNE",2017,4856599480.79882
"MNE",2018,5506942238.35668
"MNE",2019,5542054181.12616
"MNE",2020,4769996866.00758
"MNE",2021,5861427505.12493
"MNE",2022,6229801580.79157
"MNE",2023,7530593375.22034
"MNE",2024,NA
"MNG",1960,NA
"MNG",1961,NA
"MNG",1962,NA
"MNG",1963,NA
"MNG",1964,NA
"MNG",1965,NA
"MNG",1966,NA
"MNG",1967,NA
"MNG",1968,NA
"MNG",1969,NA
"MNG",1970,NA
"MNG",1971,NA
"MNG",1972,NA
"MNG",1973,NA
"MNG",1974,NA
"MNG",1975,NA
"MNG",1976,NA
"MNG",1977,NA
"MNG",1978,NA
"MNG",1979,NA
"MNG",1980,2101394100
"MNG",1981,2310099100
"MNG",1982,2552401933.33333
"MNG",1983,2725736633.33333
"MNG",1984,2098734600
"MNG",1985,2186505475
"MNG",1986,2896178866.66667
"MNG",1987,3020611600
"MNG",1988,3204461566.66667
"MNG",1989,3576966800
"MNG",1990,2560785660
"MNG",1991,2379018326.31579
"MNG",1992,1317611863.84977
"MNG",1993,768401634.154573
"MNG",1994,925817092.217484
"MNG",1995,1452165005.2384
"MNG",1996,1345719472.35883
"MNG",1997,1180934202.83801
"MNG",1998,1124440204.84738
"MNG",1999,1057408588.68269
"MNG",2000,1136896123.61298
"MNG",2001,1267997934.3125
"MNG",2002,1396555719.97409
"MNG",2003,1595297355.78349
"MNG",2004,1992066808.09598
"MNG",2005,2523471601.10421
"MNG",2006,3414055661.61598
"MNG",2007,4234999703.90059
"MNG",2008,5623216608.04288
"MNG",2009,4583850367.88972
"MNG",2010,7189481998.90094
"MNG",2011,10409797377.8571
"MNG",2012,12292770631.565
"MNG",2013,12582122604.2577
"MNG",2014,12226514668.0622
"MNG",2015,11619892590.6941
"MNG",2016,11181350649.3573
"MNG",2017,11480847740.736
"MNG",2018,13178094720.4986
"MNG",2019,14206359017.5143
"MNG",2020,13312981429.0891
"MNG",2021,15286441737.6686
"MNG",2022,17146471713.748
"MNG",2023,20325121393.9074
"MNG",2024,NA
"MNP",1960,NA
"MNP",1961,NA
"MNP",1962,NA
"MNP",1963,NA
"MNP",1964,NA
"MNP",1965,NA
"MNP",1966,NA
"MNP",1967,NA
"MNP",1968,NA
"MNP",1969,NA
"MNP",1970,NA
"MNP",1971,NA
"MNP",1972,NA
"MNP",1973,NA
"MNP",1974,NA
"MNP",1975,NA
"MNP",1976,NA
"MNP",1977,NA
"MNP",1978,NA
"MNP",1979,NA
"MNP",1980,NA
"MNP",1981,NA
"MNP",1982,NA
"MNP",1983,NA
"MNP",1984,NA
"MNP",1985,NA
"MNP",1986,NA
"MNP",1987,NA
"MNP",1988,NA
"MNP",1989,NA
"MNP",1990,NA
"MNP",1991,NA
"MNP",1992,NA
"MNP",1993,NA
"MNP",1994,NA
"MNP",1995,NA
"MNP",1996,NA
"MNP",1997,NA
"MNP",1998,NA
"MNP",1999,NA
"MNP",2000,NA
"MNP",2001,NA
"MNP",2002,1.284e+09
"MNP",2003,1.239e+09
"MNP",2004,1.21e+09
"MNP",2005,1.061e+09
"MNP",2006,9.9e+08
"MNP",2007,9.38e+08
"MNP",2008,9.39e+08
"MNP",2009,7.95e+08
"MNP",2010,7.99e+08
"MNP",2011,7.29e+08
"MNP",2012,7.46e+08
"MNP",2013,7.72e+08
"MNP",2014,8.32e+08
"MNP",2015,9.1e+08
"MNP",2016,1.23e+09
"MNP",2017,1.56e+09
"MNP",2018,1.301e+09
"MNP",2019,1.179e+09
"MNP",2020,8.66e+08
"MNP",2021,9.14e+08
"MNP",2022,1.096e+09
"MNP",2023,NA
"MNP",2024,NA
"MOZ",1960,NA
"MOZ",1961,NA
"MOZ",1962,NA
"MOZ",1963,NA
"MOZ",1964,NA
"MOZ",1965,NA
"MOZ",1966,NA
"MOZ",1967,NA
"MOZ",1968,NA
"MOZ",1969,NA
"MOZ",1970,NA
"MOZ",1971,NA
"MOZ",1972,NA
"MOZ",1973,NA
"MOZ",1974,NA
"MOZ",1975,NA
"MOZ",1976,NA
"MOZ",1977,NA
"MOZ",1978,NA
"MOZ",1979,NA
"MOZ",1980,NA
"MOZ",1981,NA
"MOZ",1982,NA
"MOZ",1983,NA
"MOZ",1984,NA
"MOZ",1985,NA
"MOZ",1986,NA
"MOZ",1987,NA
"MOZ",1988,NA
"MOZ",1989,NA
"MOZ",1990,NA
"MOZ",1991,3854856434.58062
"MOZ",1992,2798696511.18156
"MOZ",1993,2883161897.42651
"MOZ",1994,2958108170.32061
"MOZ",1995,3061646173.73938
"MOZ",1996,4030146134.5706
"MOZ",1997,4873663774.93019
"MOZ",1998,5551118148.73836
"MOZ",1999,6285219691.22462
"MOZ",2000,5930685214.61595
"MOZ",2001,5650154067.10346
"MOZ",2002,5950769426.60213
"MOZ",2003,6583526860.58062
"MOZ",2004,7937255565.35765
"MOZ",2005,8868504899.94673
"MOZ",2006,9509835536.93373
"MOZ",2007,10811456005.9405
"MOZ",2008,12920340964.6544
"MOZ",2009,12263894790.0125
"MOZ",2010,11411894723.864
"MOZ",2011,14619279988.716
"MOZ",2012,16688114144.0745
"MOZ",2013,17198073057.1981
"MOZ",2014,17978246586.0662
"MOZ",2015,16208985769.615
"MOZ",2016,12069051237.1711
"MOZ",2017,13264640645.7768
"MOZ",2018,15017358952.8452
"MOZ",2019,15512759046.672
"MOZ",2020,14235420174.1884
"MOZ",2021,16168055475.4449
"MOZ",2022,18883528581.3734
"MOZ",2023,20954220983.5473
"MOZ",2024,NA
"MRT",1960,NA
"MRT",1961,159213430.204754
"MRT",1962,164271557.513473
"MRT",1963,168186297.281077
"MRT",1964,224495743.865038
"MRT",1965,255340474.997828
"MRT",1966,266533605.185831
"MRT",1967,282615310.216284
"MRT",1968,311395937.322956
"MRT",1969,295062308.474696
"MRT",1970,309405315.98667
"MRT",1971,335568907.051937
"MRT",1972,391669449.290746
"MRT",1973,493237876.273031
"MRT",1974,613010552.500776
"MRT",1975,703377837.452223
"MRT",1976,775045516.827791
"MRT",1977,799030017.057464
"MRT",1978,804629876.848091
"MRT",1979,951900945.252492
"MRT",1980,1047925105.54497
"MRT",1981,1105494681.63193
"MRT",1982,1108776652.78389
"MRT",1983,1165171263.34593
"MRT",1984,1074373230.36274
"MRT",1985,1009723326.32808
"MRT",1986,1186628778.4874
"MRT",1987,1344664724.68991
"MRT",1988,1414951290.06682
"MRT",1989,1450647019.18099
"MRT",1990,1506914407.82047
"MRT",1991,2133692696.74857
"MRT",1992,2164298425.48412
"MRT",1993,1847353211.3475
"MRT",1994,1944876755.00708
"MRT",1995,2091726101.43014
"MRT",1996,2132087009.28942
"MRT",1997,2071996564.05296
"MRT",1998,2032347664.94993
"MRT",1999,1985922775.53351
"MRT",2000,1779520886.47015
"MRT",2001,1746063557.61355
"MRT",2002,1777057481.26043
"MRT",2003,2051147606.73687
"MRT",2004,2362501023.24249
"MRT",2005,2936019525.60241
"MRT",2006,3919577285.92703
"MRT",2007,4346212355.02975
"MRT",2008,5206437193.80413
"MRT",2009,4714595547.75102
"MRT",2010,5628878797.98257
"MRT",2011,6764627745.9033
"MRT",2012,6728208836.22143
"MRT",2013,7223071097.08417
"MRT",2014,6592537781.81518
"MRT",2015,6166863896.68677
"MRT",2016,6398747592.13185
"MRT",2017,6800135898.28827
"MRT",2018,7473550557.07378
"MRT",2019,7894764885.82312
"MRT",2020,8260752385.23089
"MRT",2021,9222536364.01272
"MRT",2022,9557966698.25369
"MRT",2023,10651709411.4594
"MRT",2024,NA
"MUS",1960,162089563.829564
"MUS",1961,191757729.477729
"MUS",1962,197738207.858208
"MUS",1963,253839557.949558
"MUS",1964,218914569.184569
"MUS",1965,230024160.524161
"MUS",1966,227534083.454083
"MUS",1967,238439290.867222
"MUS",1968,206576630.576631
"MUS",1969,221553612.873613
"MUS",1970,224125805.005805
"MUS",1971,251437337.841491
"MUS",1972,318664899.637091
"MUS",1973,404285775.079719
"MUS",1974,669894029.624369
"MUS",1975,673311287.073382
"MUS",1976,713510051.522669
"MUS",1977,834722972.199873
"MUS",1978,1029040323.36704
"MUS",1979,1227446632.17561
"MUS",1980,1147027924.10804
"MUS",1981,1157769443.59463
"MUS",1982,1092923635.57767
"MUS",1983,1104956573.09802
"MUS",1984,1054564759.05328
"MUS",1985,1090611324.6814
"MUS",1986,1482601552.40192
"MUS",1987,1906174437.96762
"MUS",1988,2163252449.13108
"MUS",1989,2211312823.20576
"MUS",1990,2689212760.18576
"MUS",1991,2895354736.18332
"MUS",1992,3267677814.23984
"MUS",1993,3307302125.87528
"MUS",1994,3606050873.0139
"MUS",1995,4094741652.30048
"MUS",1996,4481489761.54368
"MUS",1997,4243755307.55239
"MUS",1998,4225813976.36359
"MUS",1999,4402193195.46945
"MUS",2000,4726108622.47661
"MUS",2001,4675755867.17657
"MUS",2002,4906494249.38255
"MUS",2003,5894873919.74797
"MUS",2004,6667418752.07307
"MUS",2005,6576108447.47531
"MUS",2006,7028810680.89077
"MUS",2007,8150150209.22501
"MUS",2008,9990356673.73497
"MUS",2009,9128843109.15588
"MUS",2010,10003670690.3497
"MUS",2011,11518413429.9684
"MUS",2012,11668696396.7887
"MUS",2013,12292974141.4044
"MUS",2014,13074129952.0532
"MUS",2015,12007291045.6489
"MUS",2016,12594155464.4136
"MUS",2017,13713506130.6081
"MUS",2018,14735695930.9727
"MUS",2019,14436346979.6355
"MUS",2020,11408106446.3144
"MUS",2021,11484348857.8529
"MUS",2022,12927979286.0453
"MUS",2023,14644524819.0054
"MUS",2024,NA
"MWI",1960,NA
"MWI",1961,NA
"MWI",1962,NA
"MWI",1963,NA
"MWI",1964,NA
"MWI",1965,NA
"MWI",1966,NA
"MWI",1967,NA
"MWI",1968,NA
"MWI",1969,NA
"MWI",1970,NA
"MWI",1971,NA
"MWI",1972,NA
"MWI",1973,NA
"MWI",1974,NA
"MWI",1975,NA
"MWI",1976,NA
"MWI",1977,NA
"MWI",1978,NA
"MWI",1979,NA
"MWI",1980,1801156774.56852
"MWI",1981,1801193909.52073
"MWI",1982,1717379494.63245
"MWI",1983,1780148049.43635
"MWI",1984,1758028656.12928
"MWI",1985,1646442272.89094
"MWI",1986,1722586299.409
"MWI",1987,1721711808.48111
"MWI",1988,2008189508.37875
"MWI",1989,2314205129.58032
"MWI",1990,2737087861.62245
"MWI",1991,3206783830.41779
"MWI",1992,2618837835.02508
"MWI",1993,3013392657.99911
"MWI",1994,1719864761.30628
"MWI",1995,2033701497.97085
"MWI",1996,3319573749.6119
"MWI",1997,3875785863.38323
"MWI",1998,2547609590.06984
"MWI",1999,2584478924.06081
"MWI",2000,2537307580.32808
"MWI",2001,2498008664.6691
"MWI",2002,5087328437.8737
"MWI",2003,4669789300.35662
"MWI",2004,5058726350.48896
"MWI",2005,5320409651.47544
"MWI",2006,5818279739.14354
"MWI",2007,6451210219.11683
"MWI",2008,7743617352.21427
"MWI",2009,9009887946.82039
"MWI",2010,10128323010.6049
"MWI",2011,11648142958.3651
"MWI",2012,8773203178.16512
"MWI",2013,8031571927.62055
"MWI",2014,8801326169.14547
"MWI",2015,9219474379.31534
"MWI",2016,7909868618.46366
"MWI",2017,8943543793.5839
"MWI",2018,9879231591.52434
"MWI",2019,11051865579.8121
"MWI",2020,11769313597.8545
"MWI",2021,12378129750.9872
"MWI",2022,12429060150.742
"MWI",2023,12712150082.0792
"MWI",2024,NA
"MYS",1960,1916229477.13657
"MYS",1961,1901856122.72231
"MYS",1962,2001489602.18475
"MYS",1963,2510110348.16184
"MYS",1964,2674423922.48842
"MYS",1965,2956337669.29525
"MYS",1966,3143517943.82632
"MYS",1967,3188924677.08953
"MYS",1968,3330371551.21161
"MYS",1969,3664552041.34299
"MYS",1970,3864145667.41365
"MYS",1971,4244395955.78358
"MYS",1972,5043347250.41815
"MYS",1973,7662902677.9027
"MYS",1974,9496204301.74981
"MYS",1975,9298800799.46702
"MYS",1976,11050234598.6249
"MYS",1977,13139488632.5546
"MYS",1978,16358079862.1096
"MYS",1979,21213264962.0141
"MYS",1980,24488224677.2105
"MYS",1981,25004285791.7865
"MYS",1982,26804493635.3297
"MYS",1983,30347442110.9316
"MYS",1984,33942897422.0465
"MYS",1985,31199633352.9598
"MYS",1986,27734111399.7525
"MYS",1987,32181210157.9671
"MYS",1988,35272109220.1988
"MYS",1989,38847965292.9185
"MYS",1990,44024585239.6137
"MYS",1991,49143148094.2683
"MYS",1992,59167550162.956
"MYS",1993,66894966968.9736
"MYS",1994,74478356957.7808
"MYS",1995,88705342902.7113
"MYS",1996,100855393910.486
"MYS",1997,100005323301.867
"MYS",1998,72167498980.8398
"MYS",1999,79148421052.6316
"MYS",2000,93789736842.1053
"MYS",2001,92783947368.4211
"MYS",2002,100845526315.789
"MYS",2003,110202368421.053
"MYS",2004,124749473684.211
"MYS",2005,143534405818.501
"MYS",2006,162692258307.056
"MYS",2007,193549569477.733
"MYS",2008,230811614370.384
"MYS",2009,202257453036.641
"MYS",2010,255017638455.59
"MYS",2011,297951668674.835
"MYS",2012,314443047642.111
"MYS",2013,323276235524.415
"MYS",2014,338066095097.254
"MYS",2015,301355266964.947
"MYS",2016,301256033870.334
"MYS",2017,319109094160.343
"MYS",2018,358788845712.53
"MYS",2019,365177721021.516
"MYS",2020,337456163961.211
"MYS",2021,373784823672.946
"MYS",2022,407605841348.235
"MYS",2023,399705169318.477
"MYS",2024,NA
"NAC",1960,582624755153.847
"NAC",1961,603055003182.732
"NAC",1962,646056325348.93
"NAC",1963,682281489551.125
"NAC",1964,733740484526.022
"NAC",1965,796652272547.488
"NAC",1966,874400174025.376
"NAC",1967,925611758906.731
"NAC",1968,1012423833006.16
"NAC",1969,1097008083538.61
"NAC",1970,1161681557632.31
"NAC",1971,1264667554743.51
"NAC",1972,1392809248873.62
"NAC",1973,1557409843565.64
"NAC",1974,1706504788139.06
"NAC",1975,1859668757176.56
"NAC",1976,2081069912576.07
"NAC",1977,2294598176304.65
"NAC",1978,2571444342386.25
"NAC",1979,2871741324295.71
"NAC",1980,3132696865996.05
"NAC",1981,3515026742787.86
"NAC",1982,3659222307440.61
"NAC",1983,3976793677182.73
"NAC",1984,4395317100091.54
"NAC",1985,4706204512481.65
"NAC",1986,4959811337023.72
"NAC",1987,5289645738278.71
"NAC",1988,5747233127658.55
"NAC",1989,6210293493275.24
"NAC",1990,6560811991360.99
"NAC",1991,6772291612315.62
"NAC",1992,7116394258318.85
"NAC",1993,7439432921639.4
"NAC",1994,7869047506907.26
"NAC",1995,8247740840061.21
"NAC",1996,8706425384132.75
"NAC",1997,9235471826855.55
"NAC",1998,9699947748000
"NAC",1999,10312908629271.1
"NAC",2000,10999205634931.6
"NAC",2001,11324591275355.4
"NAC",2002,11693694562098
"NAC",2003,12356177171634.8
"NAC",2004,13248370941278.2
"NAC",2005,14217173734778.7
"NAC",2006,15140991809591
"NAC",2007,15949815407783.3
"NAC",2008,16329831690721.7
"NAC",2009,15859348142157.3
"NAC",2010,16672948893486.3
"NAC",2011,17399371321174.5
"NAC",2012,18088714669521.6
"NAC",2013,18733746177835
"NAC",2014,19420301866439.9
"NAC",2015,19858182357217.1
"NAC",2016,20339807652907.4
"NAC",2017,21268509960244.1
"NAC",2018,22389071169783
"NAC",2019,23291130648672.5
"NAC",2020,23016676877000.2
"NAC",2021,25695929788464.2
"NAC",2022,28176204349422
"NAC",2023,29871321614401.4
"NAC",2024,NA
"NAM",1960,NA
"NAM",1961,NA
"NAM",1962,NA
"NAM",1963,NA
"NAM",1964,NA
"NAM",1965,NA
"NAM",1966,NA
"NAM",1967,NA
"NAM",1968,NA
"NAM",1969,NA
"NAM",1970,NA
"NAM",1971,NA
"NAM",1972,NA
"NAM",1973,NA
"NAM",1974,NA
"NAM",1975,NA
"NAM",1976,NA
"NAM",1977,NA
"NAM",1978,NA
"NAM",1979,NA
"NAM",1980,2421990338.12083
"NAM",1981,2249908578.03115
"NAM",1982,2118710248.32937
"NAM",1983,2297400687.55049
"NAM",1984,1951260037.94542
"NAM",1985,1608237350.44365
"NAM",1986,1809048527.11034
"NAM",1987,2300068216.96898
"NAM",1988,2495094746.44024
"NAM",1989,2535135797.50766
"NAM",1990,2789921853.53112
"NAM",1991,2996869281.48364
"NAM",1992,3429521699.4026
"NAM",1993,3251188833.14533
"NAM",1994,3666503529.62911
"NAM",1995,3978514206.31168
"NAM",1996,3989163196.56767
"NAM",1997,4154989950.00393
"NAM",1998,3873109865.55683
"NAM",1999,3868551730.39163
"NAM",2000,3922232164.83175
"NAM",2001,3557341215.15159
"NAM",2002,3349169826.38896
"NAM",2003,4926439383.51425
"NAM",2004,6609205994.77406
"NAM",2005,7248374837.72056
"NAM",2006,8001779551.06323
"NAM",2007,8839536475.99963
"NAM",2008,8607431497.49471
"NAM",2009,8938847189.07592
"NAM",2010,11431412421.1316
"NAM",2011,12523359440.5499
"NAM",2012,13042053591.6857
"NAM",2013,12043307277.1235
"NAM",2014,12435430969.6301
"NAM",2015,11335161083.5061
"NAM",2016,10722018732.0936
"NAM",2017,12895153370.9132
"NAM",2018,13682019076.4022
"NAM",2019,12541928303.48
"NAM",2020,10583748541.5258
"NAM",2021,12402486183.6396
"NAM",2022,12567271004.6761
"NAM",2023,12351025066.9131
"NAM",2024,NA
"NCL",1960,NA
"NCL",1961,NA
"NCL",1962,NA
"NCL",1963,NA
"NCL",1964,NA
"NCL",1965,159594492.463655
"NCL",1966,164206536.445162
"NCL",1967,180036767.648861
"NCL",1968,215507162.56893
"NCL",1969,263108841.338416
"NCL",1970,358815684.071892
"NCL",1971,413985778.589656
"NCL",1972,506808996.694661
"NCL",1973,542293399.862618
"NCL",1974,637403478.492486
"NCL",1975,816652164.400241
"NCL",1976,798313521.689803
"NCL",1977,837620126.558528
"NCL",1978,846004687.758093
"NCL",1979,1047225723.57386
"NCL",1980,1182463951.21814
"NCL",1981,972564154.815131
"NCL",1982,904599869.725833
"NCL",1983,823857893.163123
"NCL",1984,796066194.738573
"NCL",1985,854820893.577136
"NCL",1986,1201321513.76667
"NCL",1987,1488093101.50275
"NCL",1988,2072775508.14796
"NCL",1989,2185082938.93078
"NCL",1990,2529440424.16648
"NCL",1991,2653780672.09555
"NCL",1992,2923883281.08579
"NCL",1993,2822243780.97543
"NCL",1994,3038728384.86634
"NCL",1995,3628440505.14193
"NCL",1996,3606968435.99917
"NCL",1997,3291131281.04099
"NCL",1998,3556304832.68104
"NCL",1999,3647802049.80911
"NCL",2000,3420032041.07385
"NCL",2001,3297734891.14661
"NCL",2002,3740056747.71979
"NCL",2003,4915353827.10576
"NCL",2004,5895008977.9531
"NCL",2005,6238629487.01331
"NCL",2006,6979155387.86792
"NCL",2007,8819917180.34265
"NCL",2008,9067619760.07073
"NCL",2009,8704438102.20142
"NCL",2010,9364350076.91225
"NCL",2011,10351448004.7674
"NCL",2012,9659151917.40484
"NCL",2013,10151382933.1594
"NCL",2014,10635035594.7528
"NCL",2015,8738203074.3957
"NCL",2016,8724568954.89799
"NCL",2017,9174048681.98577
"NCL",2018,9896402283.68587
"NCL",2019,9475655324.59495
"NCL",2020,9454629467.91408
"NCL",2021,10071349663.8484
"NCL",2022,9623318718.31459
"NCL",2023,NA
"NCL",2024,NA
"NER",1960,449526873.29589
"NER",1961,485785230.978987
"NER",1962,531736599.250464
"NER",1963,586294878.744643
"NER",1964,582816396.404409
"NER",1965,673383510.812866
"NER",1966,702296078.593173
"NER",1967,665586872.274446
"NER",1968,641214226.209493
"NER",1969,625867985.273798
"NER",1970,649916621.242978
"NER",1971,693573703.630273
"NER",1972,742779660.818693
"NER",1973,946385105.193732
"NER",1974,1026137110.89309
"NER",1975,1048690933.21027
"NER",1976,1064517601.29025
"NER",1977,1291458041.46193
"NER",1978,1774365589.70815
"NER",1979,2109277665.69912
"NER",1980,2508524720.71895
"NER",1981,2170893414.3888
"NER",1982,2017612215.97935
"NER",1983,1803099561.20046
"NER",1984,1461243326.12882
"NER",1985,1440581652.39853
"NER",1986,1904096998.30009
"NER",1987,2233006104.92776
"NER",1988,2280356192.76273
"NER",1989,2179567114.33391
"NER",1990,3512356507.88599
"NER",1991,3285796874.97125
"NER",1992,3386232579.22522
"NER",1993,3052673849.25181
"NER",1994,1938058175.21399
"NER",1995,2302537562.24406
"NER",1996,2405686940.0464
"NER",1997,2290318910.20658
"NER",1998,2643363518.99272
"NER",1999,2537789820.69295
"NER",2000,2241753192.81158
"NER",2001,2448714703.96617
"NER",2002,2782192878.67204
"NER",2003,3394084732.49543
"NER",2004,3760443737.53797
"NER",2005,4383315964.58718
"NER",2006,4756361252.37923
"NER",2007,5731485051.79069
"NER",2008,7297600226.00536
"NER",2009,7352131309.73341
"NER",2010,7851192502.30917
"NER",2011,8772950777.79176
"NER",2012,9426912647.59111
"NER",2013,10224897437.8648
"NER",2014,10862943543.5419
"NER",2015,9683867926.44282
"NER",2016,10398861981.7583
"NER",2017,11185104251.6943
"NER",2018,12837307496.8821
"NER",2019,12889555561.2299
"NER",2020,13744653103.058
"NER",2021,14915002436.069
"NER",2022,15433852712.2963
"NER",2023,16819170420.5653
"NER",2024,NA
"NGA",1960,4196174501.5302
"NGA",1961,4467287893.08484
"NGA",1962,4909399176.24033
"NGA",1963,5165590253.7639
"NGA",1964,5552931318.82747
"NGA",1965,5874537650.18494
"NGA",1966,6366917453.23302
"NGA",1967,5203237918.70483
"NGA",1968,5200997919.60083
"NGA",1969,6634317346.27306
"NGA",1970,12546094981.562
"NGA",1971,9181769911.50443
"NGA",1972,12274416017.7976
"NGA",1973,15162871287.1287
"NGA",1974,24846641318.1242
"NGA",1975,27778934624.6973
"NGA",1976,36308883248.731
"NGA",1977,36035407725.3219
"NGA",1978,36527862208.7133
"NGA",1979,47259911894.2731
"NGA",1980,64201788122.6054
"NGA",1981,164475209515.939
"NGA",1982,142769363314.176
"NGA",1983,97094911792.0489
"NGA",1984,73484359521.4887
"NGA",1985,73745821158.2254
"NGA",1986,54805852580.9129
"NGA",1987,52676041931.1087
"NGA",1988,49648470440.4593
"NGA",1989,44003061108.4005
"NGA",1990,54035795387.8086
"NGA",1991,59526833412.3581
"NGA",1992,52058181853.8055
"NGA",1993,56721051402.4732
"NGA",1994,80399613063.6364
"NGA",1995,140919776986.364
"NGA",1996,185730236700
"NGA",1997,200850397618.182
"NGA",1998,218416200672.727
"NGA",1999,59145077039.1437
"NGA",2000,69171451627.2465
"NGA",2001,73557840064.489
"NGA",2002,95054059302.6995
"NGA",2003,104738954264.226
"NGA",2004,135764731645.611
"NGA",2005,175670569969.346
"NGA",2006,238454997161.48
"NGA",2007,278260846800.103
"NGA",2008,339476276257.793
"NGA",2009,295008835380.997
"NGA",2010,366990417129.04
"NGA",2011,414466676831.16
"NGA",2012,463971018239.281
"NGA",2013,520117180313.906
"NGA",2014,574183763411.508
"NGA",2015,493026682800.63
"NGA",2016,404649125252.16
"NGA",2017,375745731053.427
"NGA",2018,421739251509.08
"NGA",2019,474517490844.461
"NGA",2020,432198898467.795
"NGA",2021,440833635873.827
"NGA",2022,477403400101.174
"NGA",2023,363846332834.618
"NGA",2024,NA
"NIC",1960,227223322.141537
"NIC",1961,244144236.65331
"NIC",1962,269283803.686825
"NIC",1963,297324163.095513
"NIC",1964,347119918.158577
"NIC",1965,564290020.384288
"NIC",1966,607140010.475682
"NIC",1967,657140010.747554
"NIC",1968,692859984.612158
"NIC",1969,750000002.894903
"NIC",1970,778569938.824225
"NIC",1971,828569953.4744
"NIC",1972,878570045.450998
"NIC",1973,1092900014.79168
"NIC",1974,1521400011.53463
"NIC",1975,1581599958.5989
"NIC",1976,1836899998.94579
"NIC",1977,2226999873.71856
"NIC",1978,2127699978.78077
"NIC",1979,1567599981.69806
"NIC",1980,2144300006.18028
"NIC",1981,2474700227.04662
"NIC",1982,2454499872.03789
"NIC",1983,2753100057.78802
"NIC",1984,3117599872.08764
"NIC",1985,2683699935.36479
"NIC",1986,2885799993.91571
"NIC",1987,3851200117.77355
"NIC",1988,2630900095.60219
"NIC",1989,1013184755.57026
"NIC",1990,1009455476.10732
"NIC",1991,1488804123.71134
"NIC",1992,1792800000
"NIC",1993,1756454248.36601
"NIC",1994,3863185119.04762
"NIC",1995,4140470000
"NIC",1996,4308351902.78601
"NIC",1997,4389973334.97976
"NIC",1998,4635347385.5446
"NIC",1999,4856026259.07657
"NIC",2000,5109587049.97449
"NIC",2001,5351752034.2221
"NIC",2002,5223727302.54906
"NIC",2003,5322228350.58068
"NIC",2004,5792932838.40051
"NIC",2005,6321324455.16941
"NIC",2006,6763688874.63732
"NIC",2007,7423419479.8255
"NIC",2008,8496948184.42042
"NIC",2009,8298687305.66354
"NIC",2010,8758572306.31602
"NIC",2011,9774320144.00049
"NIC",2012,10531980451.1847
"NIC",2013,10982954744.4415
"NIC",2014,11880433902.9361
"NIC",2015,12756685550.3389
"NIC",2016,13286101094.3863
"NIC",2017,13785924216.2724
"NIC",2018,13025234820.8225
"NIC",2019,12699028889.666
"NIC",2020,12681569254.2815
"NIC",2021,14144060853.1362
"NIC",2022,15649897116.8965
"NIC",2023,17829218219.3591
"NIC",2024,NA
"NLD",1960,13282979014.563
"NLD",1961,14599836396.388
"NLD",1962,15847582341.1664
"NLD",1963,17193744109.0367
"NLD",1964,20232048552.8327
"NLD",1965,22721869808.1438
"NLD",1966,24741480717.0389
"NLD",1967,27143828098.7481
"NLD",1968,30097635750.982
"NLD",1969,34086038090.3986
"NLD",1970,38220884519.3888
"NLD",1971,44644730576.4411
"NLD",1972,54787070173.0294
"NLD",1973,71946639602.7117
"NLD",1974,87371810804.1643
"NLD",1975,100397061693.97
"NLD",1976,109329386564.427
"NLD",1977,127203923857.412
"NLD",1978,156089077205.133
"NLD",1979,179933827309.678
"NLD",1980,195439301706.939
"NLD",1981,164375775854.456
"NLD",1982,158712765536.024
"NLD",1983,153671294108.563
"NLD",1984,144124462912.088
"NLD",1985,144057523221.868
"NLD",1986,201157708220.903
"NLD",1987,245406949521.323
"NLD",1988,262295966105.474
"NLD",1989,258716904291.801
"NLD",1990,318799003993.707
"NLD",1991,327982316124.47
"NLD",1992,363497050125.313
"NLD",1993,354070495965.828
"NLD",1994,379688232231.505
"NLD",1995,452967334614.329
"NLD",1996,451372549019.608
"NLD",1997,417506211881.635
"NLD",1998,438612530548.767
"NLD",1999,447778514140.155
"NLD",2000,417649282153.726
"NLD",2001,432536219668.898
"NLD",2002,475529972122.746
"NLD",2003,582435617081.96
"NLD",2004,661224886143.245
"NLD",2005,688133699635.797
"NLD",2006,737593995289.411
"NLD",2007,853499460872.552
"NLD",2008,957901566041.406
"NLD",2009,878954223140.234
"NLD",2010,852464982433.335
"NLD",2011,913140741332.687
"NLD",2012,845689017065.625
"NLD",2013,883951539006.669
"NLD",2014,901556501756.467
"NLD",2015,775743675302.734
"NLD",2016,797163949289.885
"NLD",2017,848233537845.884
"NLD",2018,929733599796.862
"NLD",2019,928903005576.469
"NLD",2020,932560861701.17
"NLD",2021,1054472123449.6
"NLD",2022,1046540797548.64
"NLD",2023,1154361305398.06
"NLD",2024,NA
"NOR",1960,5197398721.41367
"NOR",1961,5669689210.3186
"NOR",1962,6107076928.63372
"NOR",1963,6553269535.51009
"NOR",1964,7206522121.80418
"NOR",1965,8111945661.21624
"NOR",1966,8753940266.90184
"NOR",1967,9577383653.18303
"NOR",1968,10227087165.2414
"NOR",1969,11136187439.8326
"NOR",1970,12814123115.2613
"NOR",1971,14583114840.0629
"NOR",1972,17358610849.701
"NOR",1973,22534253702.8686
"NOR",1974,27145693810.1341
"NOR",1975,32877805200.023
"NOR",1976,35942270686.3374
"NOR",1977,41508030431.1074
"NOR",1978,46522900253.7054
"NOR",1979,53132244623.9213
"NOR",1980,64439382896.0156
"NOR",1981,63596654760.8677
"NOR",1982,62647195537.6511
"NOR",1983,61627240831.0948
"NOR",1984,62057955032.7758
"NOR",1985,65416879914.3907
"NOR",1986,78693118044.0045
"NOR",1987,94229907235.6215
"NOR",1988,101900260856.222
"NOR",1989,102633934390.615
"NOR",1990,119791843059.572
"NOR",1991,121872464483.487
"NOR",1992,130838040067.584
"NOR",1993,120579213712.804
"NOR",1994,127131319428.701
"NOR",1995,152029612324.788
"NOR",1996,163520109150.671
"NOR",1997,161356631888.484
"NOR",1998,154230295158.447
"NOR",1999,162383706021.13
"NOR",2000,171457201935.968
"NOR",2001,174239354070.977
"NOR",2002,195914852576.467
"NOR",2003,229385469337.024
"NOR",2004,265268662473.297
"NOR",2005,309978579743.888
"NOR",2006,346915160681.708
"NOR",2007,402643260487.572
"NOR",2008,464917553191.489
"NOR",2009,387976400617.019
"NOR",2010,431052143940.438
"NOR",2011,501360549669.404
"NOR",2012,512777309840.997
"NOR",2013,526014468085.106
"NOR",2014,501736471832.848
"NOR",2015,388159512245.53
"NOR",2016,370956547619.048
"NOR",2017,401745275035.261
"NOR",2018,439788625883.8
"NOR",2019,408742840909.091
"NOR",2020,367633418886.627
"NOR",2021,503367986030.268
"NOR",2022,593726965415.619
"NOR",2023,485310823603.662
"NOR",2024,NA
"NPL",1960,508334413.965087
"NPL",1961,531959561.62226
"NPL",1962,574091101.194382
"NPL",1963,496947904.443033
"NPL",1964,496098775.308642
"NPL",1965,735267082.294264
"NPL",1966,906811943.824649
"NPL",1967,841974025.462659
"NPL",1968,772231386.914829
"NPL",1969,788641965.432099
"NPL",1970,865975308.641975
"NPL",1971,882765471.604938
"NPL",1972,1024098400.35619
"NPL",1973,972101724.995368
"NPL",1974,1217953546.97604
"NPL",1975,1575789254.46938
"NPL",1976,1452788984.86265
"NPL",1977,1382400000
"NPL",1978,1604162497.45945
"NPL",1979,1851250008.33333
"NPL",1980,1945916583.33333
"NPL",1981,2275583316.66667
"NPL",1982,2395423741.79762
"NPL",1983,2447174803.37791
"NPL",1984,2581207387.79709
"NPL",1985,2619913955.51556
"NPL",1986,2850782044.04306
"NPL",1987,2957255379.54315
"NPL",1988,3487009748.35638
"NPL",1989,3525225786.58691
"NPL",1990,3627560239.48997
"NPL",1991,3921476084.89072
"NPL",1992,3401211581.29176
"NPL",1993,3660041666.66667
"NPL",1994,4066775510.20408
"NPL",1995,4401104417.67068
"NPL",1996,4521580381.47139
"NPL",1997,4918691916.53516
"NPL",1998,4856255044.39064
"NPL",1999,5033642384.10596
"NPL",2000,5494252207.90502
"NPL",2001,6007055042.17687
"NPL",2002,6050875806.66403
"NPL",2003,6330473096.54071
"NPL",2004,7273938314.71988
"NPL",2005,8130258377.90964
"NPL",2006,9043715355.8881
"NPL",2007,10325618017.379
"NPL",2008,12545438605.3959
"NPL",2009,12854985464.0764
"NPL",2010,16002656434.4746
"NPL",2011,21573872420.7008
"NPL",2012,21703100877.1309
"NPL",2013,22162204924.5726
"NPL",2014,22731612922.1906
"NPL",2015,24360801286.7638
"NPL",2016,24524109483.5293
"NPL",2017,28971588940.364
"NPL",2018,33111525237.149
"NPL",2019,34186180699.0255
"NPL",2020,33433659301.2466
"NPL",2021,36924841394.2605
"NPL",2022,41182939600.67
"NPL",2023,40908073366.8455
"NPL",2024,NA
"NRU",1960,NA
"NRU",1961,NA
"NRU",1962,NA
"NRU",1963,NA
"NRU",1964,NA
"NRU",1965,NA
"NRU",1966,NA
"NRU",1967,NA
"NRU",1968,NA
"NRU",1969,NA
"NRU",1970,17570366.2224213
"NRU",1971,19009433.3072013
"NRU",1972,21734268.6915888
"NRU",1973,26529816.7841127
"NRU",1974,35994511.422255
"NRU",1975,40106775.9115117
"NRU",1976,40287427.2028236
"NRU",1977,40444701.7664602
"NRU",1978,41754147.3043086
"NRU",1979,44431330.2283313
"NRU",1980,46947124.2339833
"NRU",1981,51689636.5958435
"NRU",1982,52877742.469381
"NRU",1983,48439093.1211979
"NRU",1984,47363231.2986778
"NRU",1985,41548740.5077855
"NRU",1986,39939390.7386682
"NRU",1987,40118409.8729486
"NRU",1988,45931133.5855646
"NRU",1989,53736786.0923378
"NRU",1990,55572375.5290496
"NRU",1991,52533788.5566282
"NRU",1992,51133123.1254326
"NRU",1993,43542088.2518269
"NRU",1994,39742511.2417848
"NRU",1995,39969705.969706
"NRU",1996,37458801.2139605
"NRU",1997,37331507.2781343
"NRU",1998,29664450.9258631
"NRU",1999,27328612.6080962
"NRU",2000,26930980.3429002
"NRU",2001,22613287.5389074
"NRU",2002,21017423.6082043
"NRU",2003,24778159.5806639
"NRU",2004,30587565.7988334
"NRU",2005,30070666.0652533
"NRU",2006,29200359.3890386
"NRU",2007,22766972.1889659
"NRU",2008,37602264.7306872
"NRU",2009,44176245.5492433
"NRU",2010,47562844.6104251
"NRU",2011,65444173.7762725
"NRU",2012,100794924.670417
"NRU",2013,94385014.9425842
"NRU",2014,98752257.0453222
"NRU",2015,84383388.6448573
"NRU",2016,97276023.0784346
"NRU",2017,108862278.516511
"NRU",2018,130937589.753517
"NRU",2019,124871111.377973
"NRU",2020,124530027.301054
"NRU",2021,175513984.500084
"NRU",2022,156803087.302496
"NRU",2023,154170289.321861
"NRU",2024,NA
"NZL",1960,5536098606.29231
"NZL",1961,5721995118.28133
"NZL",1962,6133158804.52258
"NZL",1963,6699741942.5399
"NZL",1964,7340766740.94114
"NZL",1965,5706251653.54744
"NZL",1966,5917437956.10272
"NZL",1967,6016017494.19619
"NZL",1968,5228045647.393
"NZL",1969,5814357966.66154
"NZL",1970,6495605619.34229
"NZL",1971,7911136757.06867
"NZL",1972,9567331064.65727
"NZL",1973,12802281897.8712
"NZL",1974,13940981798.1247
"NZL",1975,12861983284.3912
"NZL",1976,13604832424.0062
"NZL",1977,15446825318.4556
"NZL",1978,18530518394.6488
"NZL",1979,20731243113.2926
"NZL",1980,23244547384.6748
"NZL",1981,24417617184.2478
"NZL",1982,24164603058.9949
"NZL",1983,24309279705.5731
"NZL",1984,21665975318.8842
"NZL",1985,24679795396.4194
"NZL",1986,30604668356.5695
"NZL",1987,40376354069.9474
"NZL",1988,45176811594.2029
"NZL",1989,43920222524.7085
"NZL",1990,45495129385.0475
"NZL",1991,42745329732.163
"NZL",1992,41649829859.6342
"NZL",1993,46775620817.4327
"NZL",1994,55314732279.1379
"NZL",1995,63918703506.9075
"NZL",1996,70140835299.0148
"NZL",1997,66075143415.4952
"NZL",1998,56227169851.0448
"NZL",1999,58762260625.8758
"NZL",2000,52623281956.7031
"NZL",2001,53872425916.6248
"NZL",2002,66627729311.4495
"NZL",2003,88250885550.2626
"NZL",2004,103905210084.034
"NZL",2005,114720129550.095
"NZL",2006,111538810712.665
"NZL",2007,137188946865.584
"NZL",2008,133131369930.414
"NZL",2009,121373602348.679
"NZL",2010,146517541181.254
"NZL",2011,168295307149.46
"NZL",2012,176210710655.208
"NZL",2013,190909855416.34
"NZL",2014,201337554959.49
"NZL",2015,178104220784.881
"NZL",2016,188898209220.167
"NZL",2017,206566916732.292
"NZL",2018,211846555690.736
"NZL",2019,212846907683.439
"NZL",2020,212697530897.56
"NZL",2021,253644079784.977
"NZL",2022,246733522841.353
"NZL",2023,252175506110.168
"NZL",2024,NA
"OED",1960,1061139061863.14
"OED",1961,1131592693045.78
"OED",1962,1223654398321.52
"OED",1963,1317146705820.97
"OED",1964,1441319253033.62
"OED",1965,1565918318128.08
"OED",1966,1714359361139.17
"OED",1967,1832347103213.16
"OED",1968,1987507208435.89
"OED",1969,2190277826510.69
"OED",1970,2399741043433.84
"OED",1971,2658588638029.64
"OED",1972,3088385972039.58
"OED",1973,3738694189699.62
"OED",1974,4193651537342.29
"OED",1975,4698904978050.6
"OED",1976,5092321541915.27
"OED",1977,5743188895125.98
"OED",1978,6912895894078.54
"OED",1979,7980894973092.94
"OED",1980,8863832588992.26
"OED",1981,9025699987612.13
"OED",1982,8886279853784.74
"OED",1983,9185939339184.8
"OED",1984,9601038656290.76
"OED",1985,10107102206726.8
"OED",1986,12249527072250.7
"OED",1987,14186855304498.6
"OED",1988,15994917788002.7
"OED",1989,16732683042823.3
"OED",1990,18842951847841
"OED",1991,19951292936462.8
"OED",1992,21463829447547.2
"OED",1993,21795568707204.5
"OED",1994,23300248875010.1
"OED",1995,25683839560032.3
"OED",1996,25901597346802.1
"OED",1997,25510057115329.3
"OED",1998,25775374387630.5
"OED",1999,27081535073158.7
"OED",2000,27681866522254.6
"OED",2001,27429307915077.8
"OED",2002,28618593207391.8
"OED",2003,32010234222890.3
"OED",2004,35639094671180
"OED",2005,37692609697731.1
"OED",2006,39774217252913.9
"OED",2007,43545856666852.3
"OED",2008,46242434625635.2
"OED",2009,43267718735167.6
"OED",2010,45384803865762.1
"OED",2011,48832928626124.3
"OED",2012,48769425142265.2
"OED",2013,49464578483926.4
"OED",2014,50499381482768
"OED",2015,47636457096446.7
"OED",2016,48559828241457.4
"OED",2017,50712039895145.1
"OED",2018,53631765536033.4
"OED",2019,54179480252802.3
"OED",2020,53000805354035.6
"OED",2021,59169601457959.2
"OED",2022,60691333186116.5
"OED",2023,64746562052056.7
"OED",2024,NA
"OMN",1960,44234653.976659
"OMN",1961,45634484.7987052
"OMN",1962,56273199.0462561
"OMN",1963,59912759.1835761
"OMN",1964,61872522.3344408
"OMN",1965,63279974.6880101
"OMN",1966,67759972.8960108
"OMN",1967,107151832.489651
"OMN",1968,188879848.896121
"OMN",1969,239999808.000154
"OMN",1970,256319794.944164
"OMN",1971,301010587.102984
"OMN",1972,366883548.347591
"OMN",1973,483066990.612417
"OMN",1974,1645917776.49102
"OMN",1975,2096699189.34569
"OMN",1976,2560220034.74233
"OMN",1977,2741169947.88651
"OMN",1978,2740301389.69311
"OMN",1979,3733352634.62652
"OMN",1980,5981760277.93862
"OMN",1981,7259120150.55009
"OMN",1982,7554719455.70353
"OMN",1983,7932541690.79328
"OMN",1984,8821443150.92488
"OMN",1985,10005645420.4606
"OMN",1986,7324167369.14305
"OMN",1987,7811183094.92848
"OMN",1988,8386215864.75943
"OMN",1989,9372171651.49545
"OMN",1990,13310273081.9246
"OMN",1991,12918335500.6502
"OMN",1992,14183615084.5254
"OMN",1993,14230429128.7386
"OMN",1994,14715214564.3693
"OMN",1995,15722236671.0013
"OMN",1996,17402080624.1873
"OMN",1997,18039791937.5813
"OMN",1998,16044213263.9792
"OMN",1999,17832769830.9493
"OMN",2000,22259557867.3602
"OMN",2001,22205721716.515
"OMN",2002,23065539661.8986
"OMN",2003,24733680104.0312
"OMN",2004,28378933680.104
"OMN",2005,35506892067.6203
"OMN",2006,42577633289.987
"OMN",2007,48300390117.0351
"OMN",2008,69804681404.4213
"OMN",2009,55454096228.8687
"OMN",2010,64993498049.4148
"OMN",2011,77497529258.7776
"OMN",2012,87408842652.7958
"OMN",2013,89936020806.2419
"OMN",2014,92699089726.9181
"OMN",2015,78710793237.9714
"OMN",2016,75128738621.5865
"OMN",2017,80856697009.1027
"OMN",2018,91505851755.5267
"OMN",2019,88060858257.4772
"OMN",2020,75909492847.8544
"OMN",2021,87323797139.1417
"OMN",2022,111943823146.944
"OMN",2023,108810923276.983
"OMN",2024,NA
"OSS",1960,NA
"OSS",1961,NA
"OSS",1962,NA
"OSS",1963,NA
"OSS",1964,NA
"OSS",1965,NA
"OSS",1966,NA
"OSS",1967,NA
"OSS",1968,NA
"OSS",1969,NA
"OSS",1970,NA
"OSS",1971,NA
"OSS",1972,NA
"OSS",1973,NA
"OSS",1974,NA
"OSS",1975,8546159821.91885
"OSS",1976,10292284351.1198
"OSS",1977,12686273128.4587
"OSS",1978,14671271672.5072
"OSS",1979,18979968672.207
"OSS",1980,27707338369.2095
"OSS",1981,26649428435.0305
"OSS",1982,25978261545.2016
"OSS",1983,24380036114.0733
"OSS",1984,24368565164.4314
"OSS",1985,23540995550.3086
"OSS",1986,22667057758.2869
"OSS",1987,27767778985.5142
"OSS",1988,29982710360.4853
"OSS",1989,30761061295.1662
"OSS",1990,36474622945.5589
"OSS",1991,38515626271.8381
"OSS",1992,41402022716.0926
"OSS",1993,40529098178.029
"OSS",1994,42978663543.6028
"OSS",1995,50141711799.7697
"OSS",1996,51655759656.0388
"OSS",1997,52075829481.9574
"OSS",1998,52079081121.5809
"OSS",1999,54539803687.0758
"OSS",2000,56448952736.3431
"OSS",2001,56559437273.7454
"OSS",2002,61653471005.1402
"OSS",2003,75806502290.686
"OSS",2004,90029266147.266
"OSS",2005,102038028952.843
"OSS",2006,114185737658.403
"OSS",2007,136817458241.053
"OSS",2008,150548008822.587
"OSS",2009,130617253803.061
"OSS",2010,139364163913.802
"OSS",2011,158481994196.489
"OSS",2012,157526649386.15
"OSS",2013,164528470500.479
"OSS",2014,169820928102.057
"OSS",2015,153632608575.652
"OSS",2016,161593008996.136
"OSS",2017,180001729452.633
"OSS",2018,197102680977.388
"OSS",2019,198507093590.896
"OSS",2020,181482110538.085
"OSS",2021,212298327078.213
"OSS",2022,228425738381.928
"OSS",2023,241086470734.391
"OSS",2024,NA
"PAK",1960,3749265014.69971
"PAK",1961,4118647627.04746
"PAK",1962,4310163796.72407
"PAK",1963,4630827383.45233
"PAK",1964,5204955900.88198
"PAK",1965,5929231415.37169
"PAK",1966,6561108777.82444
"PAK",1967,7464510709.7858
"PAK",1968,8041999160.0168
"PAK",1969,8683116337.67325
"PAK",1970,10027509449.811
"PAK",1971,10665896682.0664
"PAK",1972,9415016359.56604
"PAK",1973,6383429490.21091
"PAK",1974,8899191919.19192
"PAK",1975,11230606060.6061
"PAK",1976,13168080808.0808
"PAK",1977,15126060606.0606
"PAK",1978,17811515151.5152
"PAK",1979,19688383838.3838
"PAK",1980,23654444444.4444
"PAK",1981,28100606060.6061
"PAK",1982,30725971563.981
"PAK",1983,28691889763.7795
"PAK",1984,31151825467.4978
"PAK",1985,31144920844.3272
"PAK",1986,31899070055.7967
"PAK",1987,33351529274.6869
"PAK",1988,38472742808.3167
"PAK",1989,40171106279.0078
"PAK",1990,40010423970.4576
"PAK",1991,45625336680.2047
"PAK",1992,48884671947.4657
"PAK",1993,51809999353.1614
"PAK",1994,52293470813.1336
"PAK",1995,60636071684.1918
"PAK",1996,63320170084.4076
"PAK",1997,62433340468.0228
"PAK",1998,62191955814.3478
"PAK",1999,62973857068.5113
"PAK",2000,99484802344.5277
"PAK",2001,97145618479.9038
"PAK",2002,97923302809.3537
"PAK",2003,112371913740.823
"PAK",2004,132216048339.413
"PAK",2005,145208562960.767
"PAK",2006,161871385506.36
"PAK",2007,184140869997.46
"PAK",2008,202203748583.854
"PAK",2009,187337783856.466
"PAK",2010,196709621849.586
"PAK",2011,230586581059.665
"PAK",2012,250106966104.704
"PAK",2013,258657231672.412
"PAK",2014,271390474857.632
"PAK",2015,299963590534.773
"PAK",2016,313630000130.435
"PAK",2017,339205534861.1
"PAK",2018,356128166704.921
"PAK",2019,320909472770.669
"PAK",2020,300425609817.981
"PAK",2021,348516647445.148
"PAK",2022,374890295666.694
"PAK",2023,337912301397.727
"PAK",2024,NA
"PAN",1960,537147100
"PAN",1961,599026300
"PAN",1962,652120900
"PAN",1963,722784500
"PAN",1964,776137500
"PAN",1965,852485300
"PAN",1966,928833000
"PAN",1967,1034376400
"PAN",1968,1112791100
"PAN",1969,1221305700
"PAN",1970,1351006400
"PAN",1971,1523917200
"PAN",1972,1673411700
"PAN",1973,1913793400
"PAN",1974,2188307600
"PAN",1975,2435304100
"PAN",1976,2588106000
"PAN",1977,2738261900
"PAN",1978,3244558600
"PAN",1979,3704551600
"PAN",1980,4614086400
"PAN",1981,5222421500
"PAN",1982,5769767900
"PAN",1983,5923755900
"PAN",1984,6183387100
"PAN",1985,6541517100
"PAN",1986,6797834200
"PAN",1987,6827665300
"PAN",1988,5902783400
"PAN",1989,5918469800
"PAN",1990,6433967000
"PAN",1991,7074675500
"PAN",1992,8042337700
"PAN",1993,8782585400
"PAN",1994,9365289800
"PAN",1995,9573813700
"PAN",1996,9197503300
"PAN",1997,10058854400
"PAN",1998,11019557700
"PAN",1999,11660704800
"PAN",2000,11966497000
"PAN",2001,12252906300
"PAN",2002,12800851300
"PAN",2003,13603456000
"PAN",2004,15100203400
"PAN",2005,16623906700
"PAN",2006,18659721500
"PAN",2007,21717433800
"PAN",2008,25721328000
"PAN",2009,27791215500
"PAN",2010,30231009500
"PAN",2011,35687738300
"PAN",2012,41595439700
"PAN",2013,46949496500
"PAN",2014,51427104900
"PAN",2015,55767806100
"PAN",2016,59760858700
"PAN",2017,64327688800
"PAN",2018,67316471200
"PAN",2019,69778991200
"PAN",2020,57059846500
"PAN",2021,67396392500
"PAN",2022,76276116700
"PAN",2023,83318176900
"PAN",2024,NA
"PER",1960,2571986572.12719
"PER",1961,2897852693.27494
"PER",1962,3284322201.27831
"PER",1963,3598272493.3109
"PER",1964,4353664866.67985
"PER",1965,5163008077.37371
"PER",1966,6109048736.61853
"PER",1967,6194340079.8786
"PER",1968,5736083835.29034
"PER",1969,6420909789.83
"PER",1970,7432223176.93623
"PER",1971,8289582883.67673
"PER",1972,9189413409.28138
"PER",1973,10994381895.1161
"PER",1974,13858441211.4692
"PER",1975,16931162355.4802
"PER",1976,16131958850.6444
"PER",1977,14544913960.5062
"PER",1978,12491876742.9708
"PER",1979,15954012439.1662
"PER",1980,18136838537.725
"PER",1981,21648214892.8828
"PER",1982,21794535621.216
"PER",1983,17345260564.4824
"PER",1984,17600400384.5073
"PER",1985,15078736875.387
"PER",1986,21859448586.485
"PER",1987,36889706592.6843
"PER",1988,15439408447.2
"PER",1989,22499558526.3682
"PER",1990,26410386962.8019
"PER",1991,34341465998.2003
"PER",1992,35966302303.263
"PER",1993,34832077220.8537
"PER",1994,44882079766.8913
"PER",1995,53312793687.3836
"PER",1996,55252414130.3019
"PER",1997,58147522522.5225
"PER",1998,55501467877.381
"PER",1999,50187324567.883
"PER",2000,51744749133.213
"PER",2001,52030158775.4055
"PER",2002,54777553515.0809
"PER",2003,58731030121.8671
"PER",2004,66768703497.5687
"PER",2005,76060606060.6061
"PER",2006,88643193061.748
"PER",2007,102170981144.136
"PER",2008,120550599815.441
"PER",2009,120822986521.479
"PER",2010,147527631520.729
"PER",2011,171761737046.585
"PER",2012,192650021648.583
"PER",2013,201175543571.392
"PER",2014,200786250582.943
"PER",2015,189802976285.619
"PER",2016,191898104390.379
"PER",2017,211007984080.911
"PER",2018,222597009739.235
"PER",2019,228346006003.648
"PER",2020,201409694755.934
"PER",2021,226354278280.885
"PER",2022,246488757636.211
"PER",2023,267603248655.253
"PER",2024,NA
"PHL",1960,7515894110.56487
"PHL",1961,8171194424.94498
"PHL",1962,4954593071.82796
"PHL",1963,5505023238.40669
"PHL",1964,5953756194.80988
"PHL",1965,6517349771.93386
"PHL",1966,7189017887.69231
"PHL",1967,7724873935.12821
"PHL",1968,8632749269.48718
"PHL",1969,9571800652.5641
"PHL",1970,7559115516.69532
"PHL",1971,8375075629.8327
"PHL",1972,9067815521.3262
"PHL",1973,11412449735.3056
"PHL",1974,15607882555.2916
"PHL",1975,16875240683.5083
"PHL",1976,19381055197.2794
"PHL",1977,22283109803.3521
"PHL",1978,25762224562.6316
"PHL",1979,31218296292.1295
"PHL",1980,36848080898.8112
"PHL",1981,40499388869.1271
"PHL",1982,42206011275.1757
"PHL",1983,37759179894.5298
"PHL",1984,35730185633.5233
"PHL",1985,34961486348.2382
"PHL",1986,33987207294.9432
"PHL",1987,37791488666.0743
"PHL",1988,43152128958.6116
"PHL",1989,48513773720.673
"PHL",1990,50508286641.5746
"PHL",1991,51784144942.727
"PHL",1992,60422328242.1803
"PHL",1993,62036529147.1831
"PHL",1994,73159336915.2718
"PHL",1995,84644328727.4825
"PHL",1996,94648084429.0341
"PHL",1997,94106317565.0846
"PHL",1998,74492416329.9142
"PHL",1999,85640171045.1254
"PHL",2000,83669788254.7279
"PHL",2001,78921234457.5487
"PHL",2002,84307345887.543
"PHL",2003,87039092974.2272
"PHL",2004,95001999685.3314
"PHL",2005,107419977318.166
"PHL",2006,127652926368.069
"PHL",2007,155980408673.403
"PHL",2008,181624626327.361
"PHL",2009,175974755881.372
"PHL",2010,208368893151.144
"PHL",2011,234216730295.938
"PHL",2012,261920540972.102
"PHL",2013,283902828581.65
"PHL",2014,297483555344.802
"PHL",2015,306445871246.718
"PHL",2016,318627003012.52
"PHL",2017,328480736798.792
"PHL",2018,346841896583.515
"PHL",2019,376823402244.928
"PHL",2020,361751145451.597
"PHL",2021,394087359848.11
"PHL",2022,404353369604.631
"PHL",2023,437146372729.942
"PHL",2024,NA
"PLW",1960,NA
"PLW",1961,NA
"PLW",1962,NA
"PLW",1963,NA
"PLW",1964,NA
"PLW",1965,NA
"PLW",1966,NA
"PLW",1967,NA
"PLW",1968,NA
"PLW",1969,NA
"PLW",1970,11563041
"PLW",1971,12706874
"PLW",1972,13956474
"PLW",1973,15331889
"PLW",1974,16848759
"PLW",1975,18521112
"PLW",1976,20364420
"PLW",1977,22308104
"PLW",1978,24530015
"PLW",1979,27004251
"PLW",1980,29728054
"PLW",1981,32726594
"PLW",1982,36027583
"PLW",1983,39661530
"PLW",1984,44814259
"PLW",1985,51030637
"PLW",1986,58109314
"PLW",1987,66169905
"PLW",1988,75348615
"PLW",1989,85800543
"PLW",1990,97702303
"PLW",1991,106555300
"PLW",1992,104771300
"PLW",1993,96455700
"PLW",1994,106138500
"PLW",1995,121018500
"PLW",1996,137494600
"PLW",1997,143860800
"PLW",1998,149079600
"PLW",1999,144206500
"PLW",2000,149535800
"PLW",2001,159453500
"PLW",2002,162665500
"PLW",2003,154559900
"PLW",2004,166391600
"PLW",2005,191048400
"PLW",2006,193679700
"PLW",2007,200903600
"PLW",2008,201167300
"PLW",2009,189998000
"PLW",2010,188174300
"PLW",2011,198873900
"PLW",2012,215762400
"PLW",2013,225345718.75
"PLW",2014,243156484.375
"PLW",2015,278824781.25
"PLW",2016,298323500
"PLW",2017,285600000
"PLW",2018,288546281.25
"PLW",2019,281941562.5
"PLW",2020,258990843.75
"PLW",2021,235752906.25
"PLW",2022,255591062.5
"PLW",2023,281849062.5
"PLW",2024,NA
"PNG",1960,230496036.879366
"PNG",1961,244832039.173126
"PNG",1962,261184041.789447
"PNG",1963,275968044.154887
"PNG",1964,305312048.849928
"PNG",1965,344176055.068169
"PNG",1966,390992062.55873
"PNG",1967,441728182.676509
"PNG",1968,485184189.62947
"PNG",1969,551263864.202218
"PNG",1970,645568215.290914
"PNG",1971,717750278.105664
"PNG",1972,858761926.08968
"PNG",1973,1299079410.43638
"PNG",1974,1467417672.17002
"PNG",1975,1356603608.09695
"PNG",1976,1511843235.49111
"PNG",1977,1640746618.68467
"PNG",1978,1947878830.62383
"PNG",1979,2293760510.9609
"PNG",1980,2545808455.52399
"PNG",1981,2498190847.39668
"PNG",1982,2368719683.44848
"PNG",1983,2562351551.04491
"PNG",1984,2552662617.18854
"PNG",1985,2423339171.50015
"PNG",1986,2647995602.28698
"PNG",1987,3143851794.08723
"PNG",1988,3656177880.70625
"PNG",1989,3546472565.69364
"PNG",1990,3219729083.06487
"PNG",1991,3787394957.98319
"PNG",1992,4377980510.05598
"PNG",1993,4974550286.18152
"PNG",1994,5502786069.65174
"PNG",1995,4636057476.42568
"PNG",1996,5155311077.38998
"PNG",1997,4936615298.79367
"PNG",1998,3789443014.61662
"PNG",1999,3477038204.01733
"PNG",2000,3521339699.07407
"PNG",2001,3081024212.42924
"PNG",2002,2999511040.19764
"PNG",2003,3536411824.2958
"PNG",2004,3927157866.96465
"PNG",2005,4865892972.27595
"PNG",2006,8354911040.70193
"PNG",2007,9545028944.34579
"PNG",2008,11670892800.5309
"PNG",2009,11619456449.266
"PNG",2010,14250786674.7766
"PNG",2011,17985138065.8549
"PNG",2012,21295168665.7247
"PNG",2013,21261338064.8783
"PNG",2014,23210823987.308
"PNG",2015,21723437010.0982
"PNG",2016,20758876952.6232
"PNG",2017,22742699138.356
"PNG",2018,24109780708.0268
"PNG",2019,24750626040.5917
"PNG",2020,23848447849.7467
"PNG",2021,26109413522.3081
"PNG",2022,31647277767.3976
"PNG",2023,30729242919.4411
"PNG",2024,NA
"POL",1960,NA
"POL",1961,NA
"POL",1962,NA
"POL",1963,NA
"POL",1964,NA
"POL",1965,NA
"POL",1966,NA
"POL",1967,NA
"POL",1968,NA
"POL",1969,NA
"POL",1970,NA
"POL",1971,NA
"POL",1972,NA
"POL",1973,NA
"POL",1974,NA
"POL",1975,NA
"POL",1976,NA
"POL",1977,NA
"POL",1978,NA
"POL",1979,NA
"POL",1980,NA
"POL",1981,NA
"POL",1982,NA
"POL",1983,NA
"POL",1984,NA
"POL",1985,NA
"POL",1986,NA
"POL",1987,NA
"POL",1988,NA
"POL",1989,NA
"POL",1990,65977748210.5263
"POL",1991,85500935934.9901
"POL",1992,94337050693.2727
"POL",1993,96043157272.862
"POL",1994,110803635287.621
"POL",1995,142838527115.448
"POL",1996,160813026223.063
"POL",1997,159893964916.817
"POL",1998,175282269666.801
"POL",1999,170704452714.673
"POL",2000,172953527033.013
"POL",2001,191823200371.284
"POL",2002,199694463255.567
"POL",2003,218561225998.47
"POL",2004,256268656145.134
"POL",2005,306999913150.525
"POL",2006,345897630736.173
"POL",2007,429715132137.503
"POL",2008,535612030671.888
"POL",2009,440891472247.096
"POL",2010,478111630683.514
"POL",2011,527848543023.469
"POL",2012,498148649702.66
"POL",2013,518179836405.36
"POL",2014,542134167178.627
"POL",2015,480054118583.367
"POL",2016,473259583969.643
"POL",2017,528356676667.211
"POL",2018,594616687350.017
"POL",2019,602683770144.88
"POL",2020,605914237903.742
"POL",2021,689170230665.35
"POL",2022,695607470875.276
"POL",2023,809200697797.088
"POL",2024,NA
"PRE",1960,24374805009.0909
"PRE",1961,25267764846.1585
"PRE",1962,27678330205.0257
"PRE",1963,31997381686.4881
"PRE",1964,30281925338.0056
"PRE",1965,33365454534.4044
"PRE",1966,36479623619.923
"PRE",1967,34709622277.144
"PRE",1968,37434292836.0418
"PRE",1969,42105025589.0879
"PRE",1970,47434756907.4205
"PRE",1971,46915549918.7223
"PRE",1972,55126951207.0378
"PRE",1973,67932162400.2643
"PRE",1974,93638562241.5408
"PRE",1975,106654595628.318
"PRE",1976,124685783270.415
"PRE",1977,137614979276.983
"PRE",1978,156186653006.716
"PRE",1979,192800951884.301
"PRE",1980,237292805412.299
"PRE",1981,324554801784.777
"PRE",1982,307949892975.94
"PRE",1983,255576438685.307
"PRE",1984,238891325035.498
"PRE",1985,247745139685.039
"PRE",1986,214768792228.513
"PRE",1987,231043249882.243
"PRE",1988,241791711577.405
"PRE",1989,244400925287.095
"PRE",1990,396642866678.39
"PRE",1991,223391963376.939
"PRE",1992,174042197872.16
"PRE",1993,181954296234.371
"PRE",1994,189982641545.189
"PRE",1995,279724256934.771
"PRE",1996,338893098232.776
"PRE",1997,371716014140.433
"PRE",1998,393128715904.28
"PRE",1999,244879553665.81
"PRE",2000,282737138649.387
"PRE",2001,269008210588.107
"PRE",2002,309411061924.6
"PRE",2003,337088046079.491
"PRE",2004,419814821844.775
"PRE",2005,522880824476.703
"PRE",2006,657280118503.953
"PRE",2007,794689815553.289
"PRE",2008,990634729241.944
"PRE",2009,898098212736.791
"PRE",2010,1049041089033.05
"PRE",2011,1215354010728.33
"PRE",2012,1321869628378.18
"PRE",2013,1450623872839.42
"PRE",2014,1537557538527.65
"PRE",2015,1307394890871.02
"PRE",2016,1164559628316.47
"PRE",2017,1216069300642.79
"PRE",2018,1355249022128.48
"PRE",2019,1428927764664.17
"PRE",2020,1311363780282.47
"PRE",2021,1439355516489.74
"PRE",2022,1647527579588.04
"PRE",2023,1566942319113.72
"PRE",2024,NA
"PRI",1960,1691900000
"PRI",1961,1865100000
"PRI",1962,2094400000
"PRI",1963,2333600000
"PRI",1964,2570500000
"PRI",1965,2881500000
"PRI",1966,3170500000
"PRI",1967,3532700000
"PRI",1968,3941700000
"PRI",1969,4460700000
"PRI",1970,5034700000
"PRI",1971,5646800000
"PRI",1972,6328900000
"PRI",1973,7002400000
"PRI",1974,7684800000
"PRI",1975,8198300000
"PRI",1976,8968600000
"PRI",1977,9910900000
"PRI",1978,1.1165e+10
"PRI",1979,1.275e+10
"PRI",1980,14436100000
"PRI",1981,15955700000
"PRI",1982,16764200000
"PRI",1983,17276600000
"PRI",1984,19162600000
"PRI",1985,20289200000
"PRI",1986,22009300000
"PRI",1987,24025800000
"PRI",1988,26385800000
"PRI",1989,28161200000
"PRI",1990,30603919000
"PRI",1991,32287031000
"PRI",1992,34630430000
"PRI",1993,36922456000
"PRI",1994,39690630000
"PRI",1995,42647331000
"PRI",1996,45340835000
"PRI",1997,48187039000
"PRI",1998,54086400000
"PRI",1999,5.7841e+10
"PRI",2000,61701800000
"PRI",2001,69208400000
"PRI",2002,71623500000
"PRI",2003,74827400000
"PRI",2004,80322313000
"PRI",2005,83914521300
"PRI",2006,87276164400
"PRI",2007,89524131600
"PRI",2008,93639300000
"PRI",2009,96385600000
"PRI",2010,98381300000
"PRI",2011,100351700000
"PRI",2012,101564800000
"PRI",2013,1.0245e+11
"PRI",2014,102445800000
"PRI",2015,103375500000
"PRI",2016,104336700000
"PRI",2017,103445500000
"PRI",2018,100958100000
"PRI",2019,105126400000
"PRI",2020,103130900000
"PRI",2021,106426600000
"PRI",2022,113567200000
"PRI",2023,117902300000
"PRI",2024,NA
"PRK",1960,NA
"PRK",1961,NA
"PRK",1962,NA
"PRK",1963,NA
"PRK",1964,NA
"PRK",1965,NA
"PRK",1966,NA
"PRK",1967,NA
"PRK",1968,NA
"PRK",1969,NA
"PRK",1970,NA
"PRK",1971,NA
"PRK",1972,NA
"PRK",1973,NA
"PRK",1974,NA
"PRK",1975,NA
"PRK",1976,NA
"PRK",1977,NA
"PRK",1978,NA
"PRK",1979,NA
"PRK",1980,NA
"PRK",1981,NA
"PRK",1982,NA
"PRK",1983,NA
"PRK",1984,NA
"PRK",1985,NA
"PRK",1986,NA
"PRK",1987,NA
"PRK",1988,NA
"PRK",1989,NA
"PRK",1990,NA
"PRK",1991,NA
"PRK",1992,NA
"PRK",1993,NA
"PRK",1994,NA
"PRK",1995,NA
"PRK",1996,NA
"PRK",1997,NA
"PRK",1998,NA
"PRK",1999,NA
"PRK",2000,NA
"PRK",2001,NA
"PRK",2002,NA
"PRK",2003,NA
"PRK",2004,NA
"PRK",2005,NA
"PRK",2006,NA
"PRK",2007,NA
"PRK",2008,NA
"PRK",2009,NA
"PRK",2010,NA
"PRK",2011,NA
"PRK",2012,NA
"PRK",2013,NA
"PRK",2014,NA
"PRK",2015,NA
"PRK",2016,NA
"PRK",2017,NA
"PRK",2018,NA
"PRK",2019,NA
"PRK",2020,NA
"PRK",2021,NA
"PRK",2022,NA
"PRK",2023,NA
"PRK",2024,NA
"PRT",1960,3339150157.85605
"PRT",1961,3573719084.53354
"PRT",1962,3835883663.25123
"PRT",1963,4084251592.81599
"PRT",1964,4429202656.90741
"PRT",1965,4901711247.81592
"PRT",1966,5370108031.12859
"PRT",1967,6002607029.64663
"PRT",1968,6644693214.18343
"PRT",1969,7287555035.34403
"PRT",1970,8108235704.32357
"PRT",1971,9201604240.28269
"PRT",1972,11239117865.0852
"PRT",1973,15090564186.4268
"PRT",1974,17512391475.9274
"PRT",1975,19347607843.1373
"PRT",1976,20332831564.9867
"PRT",1977,21439523310.6338
"PRT",1978,23487614051.0949
"PRT",1979,26622819672.1311
"PRT",1980,32896519823.7885
"PRT",1981,31977276872.9642
"PRT",1982,30527754793.1382
"PRT",1983,27239650741.9472
"PRT",1984,25217969049.5755
"PRT",1985,27115807742.0873
"PRT",1986,38745901353.7059
"PRT",1987,48182925857.4071
"PRT",1988,56347250696.3788
"PRT",1989,60594092182.3275
"PRT",1990,78713860216.5659
"PRT",1991,89233599278.4792
"PRT",1992,107592098307.098
"PRT",1993,95009751901.2592
"PRT",1994,99688641304.3478
"PRT",1995,118122007430.012
"PRT",1996,122630089680.27
"PRT",1997,117016535162.95
"PRT",1998,123946327916.296
"PRT",1999,127470385557.184
"PRT",2000,118605192877.388
"PRT",2001,121604107164.997
"PRT",2002,134795565549.419
"PRT",2003,165226175536.793
"PRT",2004,189382122532.169
"PRT",2005,197253876704.921
"PRT",2006,208756449275.848
"PRT",2007,240496147317.381
"PRT",2008,263416394624.084
"PRT",2009,244667762835.543
"PRT",2010,238443864993.217
"PRT",2011,245426767676.002
"PRT",2012,216536676771.973
"PRT",2013,226677408291.745
"PRT",2014,230078616299.675
"PRT",2015,199038523119.639
"PRT",2016,206305431241.638
"PRT",2017,220862990767.229
"PRT",2018,242092894542.888
"PRT",2019,240115970063.019
"PRT",2020,229618773422.577
"PRT",2021,256055879091.139
"PRT",2022,256898675068.927
"PRT",2023,289114289663.542
"PRT",2024,NA
"PRY",1960,288884368.016934
"PRY",1961,322053713.15873
"PRY",1962,360698412.698413
"PRY",1963,383904761.904762
"PRY",1964,408349206.349206
"PRY",1965,443587301.587302
"PRY",1966,465888888.888889
"PRY",1967,492674603.174603
"PRY",1968,517650793.650794
"PRY",1969,556293650.793651
"PRY",1970,594611111.111111
"PRY",1971,664571428.571429
"PRY",1972,769039682.539683
"PRY",1973,995531746.031746
"PRY",1974,1333475396.8254
"PRY",1975,1511420634.92063
"PRY",1976,1698960317.46032
"PRY",1977,2092158730.15873
"PRY",1978,2559857142.85714
"PRY",1979,3416777777.77778
"PRY",1980,4448087301.5873
"PRY",1981,5624515873.01587
"PRY",1982,5419411764.70588
"PRY",1983,5673248726.16438
"PRY",1984,4502462807.13993
"PRY",1985,3282449235.76129
"PRY",1986,3723993942.79088
"PRY",1987,3971044723.8024
"PRY",1988,4255683528.33333
"PRY",1989,4757732199.96213
"PRY",1990,5812114523.01187
"PRY",1991,6984367762.90371
"PRY",1992,7157424031.06045
"PRY",1993,7249533620.30614
"PRY",1994,7870982004.8195
"PRY",1995,9062131475.02318
"PRY",1996,9788391780.52421
"PRY",1997,9965225678.05093
"PRY",1998,9260481572.42462
"PRY",1999,8837070235.51892
"PRY",2000,8855705139.55857
"PRY",2001,8495806432.18467
"PRY",2002,7196260656.84556
"PRY",2003,7691367471.17992
"PRY",2004,9624440836.29309
"PRY",2005,10737500188.1123
"PRY",2006,13429430050.261
"PRY",2007,17856393235.4338
"PRY",2008,24615267663.5456
"PRY",2009,22355151161.994
"PRY",2010,27260886405.2263
"PRY",2011,33756238766.5
"PRY",2012,33271921136.315
"PRY",2013,38501122141.4241
"PRY",2014,40377929295.6419
"PRY",2015,36211447840.0971
"PRY",2016,36089700222.9461
"PRY",2017,38997129473.5558
"PRY",2018,40225448340.6322
"PRY",2019,37925338329.1494
"PRY",2020,35432178068.1814
"PRY",2021,39950899938.7482
"PRY",2022,41952910858.0846
"PRY",2023,42956263543.9482
"PRY",2024,NA
"PSE",1960,NA
"PSE",1961,NA
"PSE",1962,NA
"PSE",1963,NA
"PSE",1964,NA
"PSE",1965,NA
"PSE",1966,NA
"PSE",1967,NA
"PSE",1968,NA
"PSE",1969,NA
"PSE",1970,NA
"PSE",1971,NA
"PSE",1972,NA
"PSE",1973,NA
"PSE",1974,NA
"PSE",1975,NA
"PSE",1976,NA
"PSE",1977,NA
"PSE",1978,NA
"PSE",1979,NA
"PSE",1980,NA
"PSE",1981,NA
"PSE",1982,NA
"PSE",1983,NA
"PSE",1984,NA
"PSE",1985,NA
"PSE",1986,NA
"PSE",1987,NA
"PSE",1988,NA
"PSE",1989,NA
"PSE",1990,NA
"PSE",1991,NA
"PSE",1992,NA
"PSE",1993,NA
"PSE",1994,2843300000
"PSE",1995,3282800000
"PSE",1996,3409600000
"PSE",1997,3759800000
"PSE",1998,4067800000
"PSE",1999,4271200000
"PSE",2000,4313600000
"PSE",2001,4003700000
"PSE",2002,3555800000
"PSE",2003,3.968e+09
"PSE",2004,4603100000
"PSE",2005,5125700000
"PSE",2006,5348300000
"PSE",2007,5815700000
"PSE",2008,7310400000
"PSE",2009,8085700000
"PSE",2010,9681500000
"PSE",2011,11186100000
"PSE",2012,12208400000
"PSE",2013,13515500000
"PSE",2014,13989700000
"PSE",2015,13972400000
"PSE",2016,15405400000
"PSE",2017,1.6128e+10
"PSE",2018,16276600000
"PSE",2019,17133500000
"PSE",2020,15531700000
"PSE",2021,1.8109e+10
"PSE",2022,19165500000
"PSE",2023,17420800000
"PSE",2024,NA
"PSS",1960,NA
"PSS",1961,NA
"PSS",1962,NA
"PSS",1963,NA
"PSS",1964,NA
"PSS",1965,NA
"PSS",1966,NA
"PSS",1967,NA
"PSS",1968,NA
"PSS",1969,NA
"PSS",1970,423802353.214943
"PSS",1971,477298982.38294
"PSS",1972,565885771.690898
"PSS",1973,757316230.701195
"PSS",1974,1027747649.55854
"PSS",1975,1136928461.97446
"PSS",1976,1137538860.09831
"PSS",1977,1196696800.8061
"PSS",1978,1371556833.26728
"PSS",1979,1652934748.58291
"PSS",1980,1890599862.17306
"PSS",1981,1955541041.41009
"PSS",1982,1925494376.45517
"PSS",1983,1843535002.96169
"PSS",1984,1938376709.25212
"PSS",1985,1862560930.08934
"PSS",1986,2030345446.65008
"PSS",1987,1986467977.58922
"PSS",1988,2046486236.29193
"PSS",1989,2132424514.70178
"PSS",1990,2385132399.14983
"PSS",1991,2529727413.69895
"PSS",1992,2776997636.86715
"PSS",1993,2916179058.97829
"PSS",1994,3414639458.00427
"PSS",1995,3706127846.17436
"PSS",1996,3971803073.62918
"PSS",1997,3981656727.44402
"PSS",1998,3432398233.59959
"PSS",1999,3744260403.08438
"PSS",2000,3448150246.84802
"PSS",2001,3391833612.42156
"PSS",2002,3556381489.85524
"PSS",2003,4239895642.88844
"PSS",2004,4876586123.90704
"PSS",2005,5412999423.45174
"PSS",2006,5681313918.09837
"PSS",2007,6259631515.17432
"PSS",2008,6703192590.76865
"PSS",2009,6042913555.45194
"PSS",2010,6647826742.64087
"PSS",2011,7755256810.74005
"PSS",2012,8219768450.42311
"PSS",2013,8547552421.71398
"PSS",2014,9288783801.35976
"PSS",2015,9074649391.96106
"PSS",2016,9525520080.33572
"PSS",2017,10283468243.8642
"PSS",2018,10792829234.1568
"PSS",2019,10712120523.0197
"PSS",2020,9516738321.20753
"PSS",2021,9552334875.22912
"PSS",2022,10339409999.0409
"PSS",2023,11150695760.1484
"PSS",2024,NA
"PST",1960,1036595543314.38
"PST",1961,1104130301310.45
"PST",1962,1194534299892.04
"PST",1963,1285271949326.93
"PST",1964,1404161931865.35
"PST",1965,1526914496588.92
"PST",1966,1670591013101.42
"PST",1967,1785381318618.04
"PST",1968,1936424056783.21
"PST",1969,2133285089511.4
"PST",1970,2340440995394.74
"PST",1971,2597991158683.13
"PST",1972,3016877286748.45
"PST",1973,3649115307793.73
"PST",1974,4076749538170.3
"PST",1975,4567853452754.59
"PST",1976,4955908599987.45
"PST",1977,5600525989149.76
"PST",1978,6746065244542.7
"PST",1979,7751431872904.83
"PST",1980,8577667383571.52
"PST",1981,8676822920250.19
"PST",1982,8637110496548.22
"PST",1983,8963311638552.14
"PST",1984,9365163892206.14
"PST",1985,9859945674980.19
"PST",1986,12054032049496.1
"PST",1987,13974988050795.1
"PST",1988,15742753336559.2
"PST",1989,16439165413386.4
"PST",1990,18443052180870.9
"PST",1991,19456241862585.1
"PST",1992,20873153732681.1
"PST",1993,21021683638173.1
"PST",1994,22515765815570.8
"PST",1995,24978442351153.3
"PST",1996,25096497647860.3
"PST",1997,24603378023813.9
"PST",1998,24707749517073.4
"PST",1999,25955128886911.1
"PST",2000,26410348658112.3
"PST",2001,26157004273269.9
"PST",2002,27285111272475.3
"PST",2003,30595446445073.8
"PST",2004,34000501261865.6
"PST",2005,35786081494029.5
"PST",2006,37659870867537.4
"PST",2007,41105433090220.8
"PST",2008,43544880126620.2
"PST",2009,41008628629205.7
"PST",2010,42771536081132.6
"PST",2011,45955120149307.2
"PST",2012,45868249159595.6
"PST",2013,46369277858534.1
"PST",2014,47311356272211.7
"PST",2015,44758282965210.2
"PST",2016,45784246912395.9
"PST",2017,47755722593425.5
"PST",2018,50598120095740.8
"PST",2019,51134888557957.7
"PST",2020,50140842033868
"PST",2021,55828871385191
"PST",2022,57066750903167.4
"PST",2023,60485245420468.7
"PST",2024,NA
"PYF",1960,NA
"PYF",1961,NA
"PYF",1962,NA
"PYF",1963,NA
"PYF",1964,NA
"PYF",1965,176534588.403052
"PYF",1966,215659453.550939
"PYF",1967,220984367.626581
"PYF",1968,259590074.527934
"PYF",1969,242943783.142736
"PYF",1970,254036000.752587
"PYF",1971,296865513.746817
"PYF",1972,326433558.076079
"PYF",1973,431252938.061046
"PYF",1974,555340842.860311
"PYF",1975,690323388.529907
"PYF",1976,732288906.273954
"PYF",1977,793196378.708826
"PYF",1978,1005569835.39664
"PYF",1979,1215032463.67336
"PYF",1980,1320416024.95218
"PYF",1981,1234743073.00034
"PYF",1982,1235897957.88874
"PYF",1983,1284180701.00787
"PYF",1984,1325515445.08362
"PYF",1985,1448281228.15738
"PYF",1986,2212028299.56001
"PYF",1987,2677977163.2095
"PYF",1988,2723496362.0482
"PYF",1989,2731683484.45369
"PYF",1990,3320159522.36546
"PYF",1991,3410078967.89823
"PYF",1992,3713785765.42205
"PYF",1993,3544608548.41734
"PYF",1994,3676123788.0323
"PYF",1995,4186994249.08861
"PYF",1996,4166072829.60099
"PYF",1997,3762859093.26192
"PYF",1998,3903186592.82431
"PYF",1999,3911602004.14205
"PYF",2000,3599845480.34359
"PYF",2001,3573808556.31268
"PYF",2002,3965405552.5203
"PYF",2003,4927780606.7707
"PYF",2004,5564109981.9138
"PYF",2005,5705052134.54253
"PYF",2006,5877997979.62266
"PYF",2007,6631156405.59637
"PYF",2008,7136741421.95908
"PYF",2009,6584557973.9375
"PYF",2010,6086644798.55982
"PYF",2011,6203940036.91982
"PYF",2012,5692858099.00217
"PYF",2013,6031827122.60663
"PYF",2014,6151996560.84289
"PYF",2015,5325846361.81186
"PYF",2016,5497036476.8031
"PYF",2017,5833352692.7995
"PYF",2018,6135116253.33452
"PYF",2019,6022276196.13871
"PYF",2020,5792545870.80614
"PYF",2021,6150640646.38319
"PYF",2022,5814661208.90544
"PYF",2023,NA
"PYF",2024,NA
"QAT",1960,NA
"QAT",1961,NA
"QAT",1962,NA
"QAT",1963,NA
"QAT",1964,NA
"QAT",1965,NA
"QAT",1966,NA
"QAT",1967,NA
"QAT",1968,NA
"QAT",1969,NA
"QAT",1970,301791301.791302
"QAT",1971,387703105.521252
"QAT",1972,510262500.1767
"QAT",1973,793885559.971313
"QAT",1974,2401403227.44085
"QAT",1975,2512773165.81173
"QAT",1976,3284273986.71808
"QAT",1977,3617564637.88865
"QAT",1978,4052000412.70087
"QAT",1979,5632962996.82641
"QAT",1980,7829165261.81396
"QAT",1981,8661263763.73626
"QAT",1982,7596703214.28571
"QAT",1983,6467582307.69231
"QAT",1984,6704395824.17582
"QAT",1985,6153296456.04396
"QAT",1986,5053021950.54945
"QAT",1987,5446428681.31868
"QAT",1988,6038187032.96703
"QAT",1989,6487912087.91209
"QAT",1990,7360439423.07692
"QAT",1991,6883516483.51648
"QAT",1992,7646153983.51648
"QAT",1993,7156593653.84615
"QAT",1994,7374450769.23077
"QAT",1995,8137911978.02198
"QAT",1996,9059340384.61539
"QAT",1997,11297802115.3846
"QAT",1998,10255495027.4725
"QAT",1999,12393131868.1319
"QAT",2000,17759890109.8901
"QAT",2001,17538461538.4615
"QAT",2002,19363736263.7363
"QAT",2003,23533791208.7912
"QAT",2004,31734065934.0659
"QAT",2005,44530494505.4945
"QAT",2006,60882142857.1429
"QAT",2007,79712087912.0879
"QAT",2008,115270054945.055
"QAT",2009,97798351648.3516
"QAT",2010,125122306346.154
"QAT",2011,167775268626.374
"QAT",2012,186833502362.637
"QAT",2013,198727642967.033
"QAT",2014,206224598571.429
"QAT",2015,161739955576.923
"QAT",2016,151732181868.132
"QAT",2017,161099122225.275
"QAT",2018,183334953818.681
"QAT",2019,176371267689.082
"QAT",2020,144411363345.27
"QAT",2021,179732009554.846
"QAT",2022,235709325708.341
"QAT",2023,213002809330.267
"QAT",2024,NA
"ROU",1960,NA
"ROU",1961,NA
"ROU",1962,NA
"ROU",1963,NA
"ROU",1964,NA
"ROU",1965,NA
"ROU",1966,NA
"ROU",1967,NA
"ROU",1968,NA
"ROU",1969,NA
"ROU",1970,NA
"ROU",1971,NA
"ROU",1972,NA
"ROU",1973,NA
"ROU",1974,NA
"ROU",1975,NA
"ROU",1976,NA
"ROU",1977,NA
"ROU",1978,NA
"ROU",1979,NA
"ROU",1980,NA
"ROU",1981,NA
"ROU",1982,NA
"ROU",1983,NA
"ROU",1984,NA
"ROU",1985,NA
"ROU",1986,NA
"ROU",1987,38067567567.5676
"ROU",1988,40424528301.8868
"ROU",1989,41450777202.0725
"ROU",1990,38247882300.4904
"ROU",1991,28850634899.856
"ROU",1992,25121666666.6667
"ROU",1993,26361160449.9704
"ROU",1994,30072805104.2542
"ROU",1995,37430162102.6125
"ROU",1996,36937074278.3004
"ROU",1997,35575214078.2428
"ROU",1998,41696091973.7076
"ROU",1999,35953156753.739
"ROU",2000,37253739511.1273
"ROU",2001,40395116581.4832
"ROU",2002,46065502702.5817
"ROU",2003,57806384143.166
"ROU",2004,74973656851.8076
"ROU",2005,98454380120.0761
"ROU",2006,122023735992.706
"ROU",2007,174588782938.583
"ROU",2008,214315932061.275
"ROU",2009,174110532658.867
"ROU",2010,170064350671.827
"ROU",2011,192623977894.173
"ROU",2012,179117323107.087
"ROU",2013,189798603751.235
"ROU",2014,199722319675.741
"ROU",2015,177885131240.315
"ROU",2016,185290759248.844
"ROU",2017,210147385855.419
"ROU",2018,243468683030.34
"ROU",2019,251677082534.495
"ROU",2020,252033792712.145
"ROU",2021,286578196368.297
"ROU",2022,296354358293.475
"ROU",2023,350775856415.189
"ROU",2024,NA
"RUS",1960,NA
"RUS",1961,NA
"RUS",1962,NA
"RUS",1963,NA
"RUS",1964,NA
"RUS",1965,NA
"RUS",1966,NA
"RUS",1967,NA
"RUS",1968,NA
"RUS",1969,NA
"RUS",1970,NA
"RUS",1971,NA
"RUS",1972,NA
"RUS",1973,NA
"RUS",1974,NA
"RUS",1975,NA
"RUS",1976,NA
"RUS",1977,NA
"RUS",1978,NA
"RUS",1979,NA
"RUS",1980,NA
"RUS",1981,NA
"RUS",1982,NA
"RUS",1983,NA
"RUS",1984,NA
"RUS",1985,NA
"RUS",1986,NA
"RUS",1987,NA
"RUS",1988,554828660436.137
"RUS",1989,506631299734.748
"RUS",1990,517014446227.929
"RUS",1991,517962962962.963
"RUS",1992,460290556900.726
"RUS",1993,435083713850.837
"RUS",1994,395077301248.464
"RUS",1995,395537185734.854
"RUS",1996,391724890744.498
"RUS",1997,404928954191.876
"RUS",1998,270955486862.442
"RUS",1999,195907128350.934
"RUS",2000,259710142196.943
"RUS",2001,306602070620.5
"RUS",2002,345470494417.863
"RUS",2003,430347420184.885
"RUS",2004,591016690732.385
"RUS",2005,764015973481.11
"RUS",2006,989932071352.543
"RUS",2007,1299703478481.65
"RUS",2008,1660848058303.11
"RUS",2009,1222645900055.7
"RUS",2010,1524916715223.95
"RUS",2011,2045922753398.04
"RUS",2012,2208293553878.42
"RUS",2013,2292470078346.22
"RUS",2014,2059241589895.01
"RUS",2015,1363482182197.71
"RUS",2016,1276786350881.14
"RUS",2017,1574199360089
"RUS",2018,1657328773461.31
"RUS",2019,1693115002708.32
"RUS",2020,1493075894362.14
"RUS",2021,1843392293734.38
"RUS",2022,2266029240645.34
"RUS",2023,2021421476035.42
"RUS",2024,NA
"RWA",1960,119000024
"RWA",1961,122000016
"RWA",1962,125000008
"RWA",1963,1.28e+08
"RWA",1964,129999994
"RWA",1965,148799980
"RWA",1966,124525702.857143
"RWA",1967,159560018
"RWA",1968,172200018
"RWA",1969,188700037
"RWA",1970,219900006
"RWA",1971,222952504.40607
"RWA",1972,246457838.336681
"RWA",1973,290746157.145921
"RWA",1974,308458423.183854
"RWA",1975,571863500.248658
"RWA",1976,637753853.12552
"RWA",1977,746650613.034794
"RWA",1978,905709076.42303
"RWA",1979,1109346130.95265
"RWA",1980,1254765641.52116
"RWA",1981,1407062526.91521
"RWA",1982,1407243139.2545
"RWA",1983,1479687586.94292
"RWA",1984,1587413083.9206
"RWA",1985,1715626330.59472
"RWA",1986,1944710683.87148
"RWA",1987,2157432667.61598
"RWA",1988,2395492686.78165
"RWA",1989,2405022593.05165
"RWA",1990,2550185679.08109
"RWA",1991,1911600236.67461
"RWA",1992,2029026961.55894
"RWA",1993,1971525711.83511
"RWA",1994,753636370.454545
"RWA",1995,1293535193.49248
"RWA",1996,1382334879.40812
"RWA",1997,1851558197.31088
"RWA",1998,1989343546.17594
"RWA",1999,2157108262.84452
"RWA",2000,2068836754.37431
"RWA",2001,1966600715.49841
"RWA",2002,1966003468.49117
"RWA",2003,2138237278.73822
"RWA",2004,2376496067.01198
"RWA",2005,2933819766.17656
"RWA",2006,3319784538.73346
"RWA",2007,4070507894.61656
"RWA",2008,5179854064.57033
"RWA",2009,5674476969.06444
"RWA",2010,6124756654.12346
"RWA",2011,6884913658.10632
"RWA",2012,7654761573.54991
"RWA",2013,7819963715.75353
"RWA",2014,8238966063.86692
"RWA",2015,8543759677.58157
"RWA",2016,8695272300.91019
"RWA",2017,9252834336.49492
"RWA",2018,9637904655.17446
"RWA",2019,10349300380.33
"RWA",2020,10174387374.3478
"RWA",2021,11069280649.6459
"RWA",2022,13316160895.0447
"RWA",2023,14097768472.1883
"RWA",2024,NA
"SAS",1960,47274328378.8543
"SAS",1961,50467431650.1184
"SAS",1962,53905757720.8105
"SAS",1963,60496393963.6217
"SAS",1964,69320094074.1273
"SAS",1965,74300329652.5007
"SAS",1966,61634144134.499
"SAS",1967,67988908261.0551
"SAS",1968,71642503355.3152
"SAS",1969,78860212865.8382
"SAS",1970,85149253640.797
"SAS",1971,90601671637.0805
"SAS",1972,91337915060.3368
"SAS",1973,104513553254.388
"SAS",1974,126550864082.649
"SAS",1975,135367221096.065
"SAS",1976,131873606964.226
"SAS",1977,152699721135.118
"SAS",1978,173796327156.849
"SAS",1979,194667468320.364
"SAS",1980,235543383601.461
"SAS",1981,250076708191.894
"SAS",1982,258727224080.527
"SAS",1983,273881790993.843
"SAS",1984,272607073140.901
"SAS",1985,296435460430.099
"SAS",1986,313955151400.119
"SAS",1987,348601867655.974
"SAS",1988,374584211824.023
"SAS",1989,378016943211.803
"SAS",1990,406963354249.841
"SAS",1991,362063214739.186
"SAS",1992,384521577066.971
"SAS",1993,380890164437.893
"SAS",1994,432085555561.06
"SAS",1995,479585498256.836
"SAS",1996,524681300053.179
"SAS",1997,550408821354.512
"SAS",1998,558117074309.657
"SAS",1999,597995276003.899
"SAS",2000,647681666329.099
"SAS",2001,662513570031.796
"SAS",2002,695456014025.075
"SAS",2003,811668772003.7
"SAS",2004,941600860447.855
"SAS",2005,1075831387110.75
"SAS",2006,1220740366779.5
"SAS",2007,1536036848197.11
"SAS",2008,1559693610850.8
"SAS",2009,1702714960004.27
"SAS",2010,2082393224243.39
"SAS",2011,2294130226834.82
"SAS",2012,2327972502889.9
"SAS",2013,2389925602766.97
"SAS",2014,2614947275467.62
"SAS",2015,2733651859001.15
"SAS",2016,3011071812937.53
"SAS",2017,3433921311742.89
"SAS",2018,3534066859804.7
"SAS",2019,3658209765835.5
"SAS",2020,3493120726808.9
"SAS",2021,4079874340683.11
"SAS",2022,4327392880815.64
"SAS",2023,4494987381110.1
"SAS",2024,NA
"SAU",1960,1748124063.55556
"SAU",1961,1920811284.22222
"SAU",1962,2130606531.77778
"SAU",1963,2207393171.55556
"SAU",1964,2371808712.88889
"SAU",1965,2647955557.55556
"SAU",1966,2920555557.11111
"SAU",1967,3257022222.66667
"SAU",1968,4187777711.11111
"SAU",1969,4485777644.44444
"SAU",1970,5377333333.33333
"SAU",1971,7184806909.28939
"SAU",1972,9664267086.60323
"SAU",1973,14947435499.323
"SAU",1974,45412957746.4789
"SAU",1975,46773208642.6814
"SAU",1976,64005665722.3796
"SAU",1977,74188986586.0629
"SAU",1978,80266516686.5614
"SAU",1979,111858444786.224
"SAU",1980,164539660725.118
"SAU",1981,184291360138.69
"SAU",1982,153240313858.323
"SAU",1983,129171635311.143
"SAU",1984,119624858115.778
"SAU",1985,103897846493.65
"SAU",1986,86961922765.3254
"SAU",1987,85695861148.1976
"SAU",1988,88256074766.3551
"SAU",1989,95344459279.0387
"SAU",1990,117630173564.753
"SAU",1991,132223230974.633
"SAU",1992,137087850467.29
"SAU",1993,132967957276.368
"SAU",1994,135174899866.489
"SAU",1995,143343124165.554
"SAU",1996,158662483311.081
"SAU",1997,165963684913.218
"SAU",1998,146775466666.667
"SAU",1999,161717066666.667
"SAU",2000,189514933333.333
"SAU",2001,184137600000
"SAU",2002,189605866666.667
"SAU",2003,215807733333.333
"SAU",2004,258742133333.333
"SAU",2005,328459608764.111
"SAU",2006,376900133511.348
"SAU",2007,415964509673.115
"SAU",2008,519796800000
"SAU",2009,429097866666.667
"SAU",2010,528207200000
"SAU",2011,676634666666.667
"SAU",2012,741849866666.667
"SAU",2013,753864533333.333
"SAU",2014,766605866666.667
"SAU",2015,669484266666.667
"SAU",2016,6.66e+11
"SAU",2017,714994666666.667
"SAU",2018,846583733333.333
"SAU",2019,838564800000
"SAU",2020,734271200000
"SAU",2021,8.74156e+11
"SAU",2022,1108571466666.67
"SAU",2023,1067582933333.33
"SAU",2024,NA
"SDN",1960,1126364161.7644
"SDN",1961,1222860428.55503
"SDN",1962,1328259624.72217
"SDN",1963,1351234926.33899
"SDN",1964,1388282600.1961
"SDN",1965,1446869619.31898
"SDN",1966,1484491675.71652
"SDN",1967,1607409539.36648
"SDN",1968,1677771400.56798
"SDN",1969,1847501441.26221
"SDN",1970,2100229759.04718
"SDN",1971,2288340041.03486
"SDN",1972,2483055722.23738
"SDN",1973,3077254460.30228
"SDN",1974,3958931659.84759
"SDN",1975,4823090191.91008
"SDN",1976,6013210815.66115
"SDN",1977,7499005639.37649
"SDN",1978,8128719315.0792
"SDN",1979,8418407786.60599
"SDN",1980,8951800000
"SDN",1981,10753888154.2798
"SDN",1982,8732542273.73424
"SDN",1983,8230153846.15385
"SDN",1984,10447615384.6154
"SDN",1985,8075259600.3398
"SDN",1986,10092200000
"SDN",1987,12093333333.3333
"SDN",1988,14372555555.5556
"SDN",1989,21408111111.1111
"SDN",1990,33641222222.2222
"SDN",1991,44171194366.2039
"SDN",1992,7031933491.84899
"SDN",1993,8881010081.24942
"SDN",1994,12793798418.3843
"SDN",1995,13830369852.313
"SDN",1996,9018300724.66086
"SDN",1997,11681175864.3383
"SDN",1998,11250221536.7484
"SDN",1999,10682028339.6898
"SDN",2000,12257299147.2936
"SDN",2001,15716361792.1926
"SDN",2002,18137128388.3606
"SDN",2003,21355298459.5955
"SDN",2004,26646007250.7319
"SDN",2005,35182711987.974
"SDN",2006,45263831634.1497
"SDN",2007,59440139774.8128
"SDN",2008,64833083257.1431
"SDN",2009,51621044076.9231
"SDN",2010,58962978034.4828
"SDN",2011,55018567210.5263
"SDN",2012,37632919966.6667
"SDN",2013,43024018082.1918
"SDN",2014,49516748617.9775
"SDN",2015,51726758676.7677
"SDN",2016,42630376000
"SDN",2017,41283617976.1905
"SDN",2018,32333780383.2924
"SDN",2019,32338079165.2893
"SDN",2020,27034593750
"SDN",2021,34229513774.9936
"SDN",2022,51666875363.0963
"SDN",2023,109265503110.904
"SDN",2024,NA
"SEN",1960,1003692370.46869
"SEN",1961,1058975256.97025
"SEN",1962,1085475790.59112
"SEN",1963,1122139861.67805
"SEN",1964,1188930645.34423
"SEN",1965,1210058228.17112
"SEN",1966,1246908185.96343
"SEN",1967,1246480765.97984
"SEN",1968,1309384861.92219
"SEN",1969,1245234931.43233
"SEN",1970,1297407654.92832
"SEN",1971,1339549032.83782
"SEN",1972,1620857103.53492
"SEN",1973,1863398590.4556
"SEN",1974,2099325228.95651
"SEN",1975,2830388404.8977
"SEN",1976,2869777884.45166
"SEN",1977,2938046462.7098
"SEN",1978,3280354920.8516
"SEN",1979,4084877822.91679
"SEN",1980,4510108290.69571
"SEN",1981,4095892780.58289
"SEN",1982,4013951442.67081
"SEN",1983,3569356124.93159
"SEN",1984,3485165431.71354
"SEN",1985,3818944917.56713
"SEN",1986,5392093445.51053
"SEN",1987,6487353102.81483
"SEN",1988,6418419388.63499
"SEN",1989,6366039372.53683
"SEN",1990,7390967360.42121
"SEN",1991,7255210469.51743
"SEN",1992,7769817839.95644
"SEN",1993,7367986241.21869
"SEN",1994,5034588195.55806
"SEN",1995,6326342633.4034
"SEN",1996,6559712165.96508
"SEN",1997,6041478725.90443
"SEN",1998,6505607909.05324
"SEN",1999,6592834932.80876
"SEN",2000,6013185003.97525
"SEN",2001,6507824829.26254
"SEN",2002,7006402319.75856
"SEN",2003,8768721563.18211
"SEN",2004,10076816666.6196
"SEN",2005,11009033437.939
"SEN",2006,11697918243.0035
"SEN",2007,13994218412.9619
"SEN",2008,16853989627.548
"SEN",2009,16145867494.9405
"SEN",2010,16121315909.0758
"SEN",2011,17814283639.3119
"SEN",2012,17660870411.5235
"SEN",2013,18918667724.8817
"SEN",2014,19797253440.2679
"SEN",2015,17774766696.1759
"SEN",2016,19040312333.1864
"SEN",2017,20996562943.5979
"SEN",2018,23116701556.1381
"SEN",2019,23403995992.1354
"SEN",2020,24530513037.7518
"SEN",2021,27520784129.7508
"SEN",2022,27619479059.6131
"SEN",2023,30848333083.7055
"SEN",2024,NA
"SGP",1960,704751700.302494
"SGP",1961,764629788.123689
"SGP",1962,826239211.817511
"SGP",1963,917608012.491752
"SGP",1964,894153311.424857
"SGP",1965,974644096.144674
"SGP",1966,1096425608.09089
"SGP",1967,1238035815.78586
"SGP",1968,1425706091.0356
"SGP",1969,1659893767.84419
"SGP",1970,1920574150.17542
"SGP",1971,2263785443.61688
"SGP",1972,2721440980.75851
"SGP",1973,3696213333.33333
"SGP",1974,5221534955.64418
"SGP",1975,5633673929.99302
"SGP",1976,6327077974.10703
"SGP",1977,6618585073.66035
"SGP",1978,7517176354.84135
"SGP",1979,9296921723.83465
"SGP",1980,11896256782.8566
"SGP",1981,14175228843.6391
"SGP",1982,16084252378.473
"SGP",1983,17784112149.5327
"SGP",1984,19749361097.965
"SGP",1985,19156532745.7691
"SGP",1986,18586746056.9974
"SGP",1987,20919215578.2125
"SGP",1988,25371462488.1292
"SGP",1989,30465364738.6206
"SGP",1990,36144336768.7023
"SGP",1991,45466164978.2923
"SGP",1992,52131320032.8797
"SGP",1993,60603815716.2653
"SGP",1994,73688724431.1412
"SGP",1995,87812540788.4293
"SGP",1996,96293086513.0872
"SGP",1997,100123787215.299
"SGP",1998,85728207781.7785
"SGP",1999,86286849754.8905
"SGP",2000,96076539925.7409
"SGP",2001,89793790669.6515
"SGP",2002,92538372869.6942
"SGP",2003,97646401095.6369
"SGP",2004,115033593101.049
"SGP",2005,127807848728.398
"SGP",2006,148627286361.351
"SGP",2007,180941701357.97
"SGP",2008,193617323539.203
"SGP",2009,194150283771.566
"SGP",2010,239807980591.24
"SGP",2011,279356499090.458
"SGP",2012,295092888076.589
"SGP",2013,307576360584.992
"SGP",2014,314863580758.455
"SGP",2015,307998545269.398
"SGP",2016,319053943915.005
"SGP",2017,343257164581.712
"SGP",2018,376892697588.005
"SGP",2019,376901649222.451
"SGP",2020,349488382610.662
"SGP",2021,434111559282.849
"SGP",2022,498474540987.78
"SGP",2023,501427500080.059
"SGP",2024,NA
"SLB",1960,NA
"SLB",1961,NA
"SLB",1962,NA
"SLB",1963,NA
"SLB",1964,NA
"SLB",1965,NA
"SLB",1966,NA
"SLB",1967,25203524.0325638
"SLB",1968,28084252.7582748
"SLB",1969,28606411.398041
"SLB",1970,NA
"SLB",1971,50056882.8213879
"SLB",1972,40606712.050639
"SLB",1973,55272108.8435374
"SLB",1974,84539332.282562
"SLB",1975,74620320.0295339
"SLB",1976,83100834.307935
"SLB",1977,93145283.3557141
"SLB",1978,111027427.208358
"SLB",1979,151276496.482533
"SLB",1980,182852106.523408
"SLB",1981,193750540.701429
"SLB",1982,192902018.733318
"SLB",1983,181220398.969839
"SLB",1984,181570473.771605
"SLB",1985,165524943.492123
"SLB",1986,147620047.660063
"SLB",1987,155128542.419178
"SLB",1988,176494394.043362
"SLB",1989,172882410.578561
"SLB",1990,214877666.846068
"SLB",1991,227540473.340087
"SLB",1992,269034595.812985
"SLB",1993,300746361.128739
"SLB",1994,402837005.272596
"SLB",1995,469443201.503274
"SLB",1996,510586430.190127
"SLB",1997,526554005.954357
"SLB",1998,457579840.225066
"SLB",1999,488024514.369359
"SLB",2000,419842674.227652
"SLB",2001,409508552.979972
"SLB",2002,346406738.885237
"SLB",2003,417668983.408349
"SLB",2004,468005318.551977
"SLB",2005,552864570.225819
"SLB",2006,617258154.260133
"SLB",2007,695295347.621537
"SLB",2008,776337691.795098
"SLB",2009,805557562.580059
"SLB",2010,898133684.898793
"SLB",2011,1063895360.69907
"SLB",2012,1185215418.25562
"SLB",2013,1285911586.132
"SLB",2014,1335571420.72676
"SLB",2015,1307909887.55212
"SLB",2016,1379490304.2254
"SLB",2017,1469789119.08756
"SLB",2018,1615478393.28614
"SLB",2019,1619155017.3924
"SLB",2020,1536145814.17007
"SLB",2021,1522794913.0914
"SLB",2022,1566360686.10632
"SLB",2023,1633319401.19414
"SLB",2024,NA
"SLE",1960,322009961.547048
"SLE",1961,327834190.577094
"SLE",1962,342721416.490967
"SLE",1963,348547278.787707
"SLE",1964,371847461.441278
"SLE",1965,359379856.248058
"SLE",1966,375479849.80806
"SLE",1967,348795303.000385
"SLE",1968,329859731.943893
"SLE",1969,408690163.476065
"SLE",1970,434410973.76439
"SLE",1971,419549304.72479
"SLE",1972,465381339.740404
"SLE",1973,575230724.377773
"SLE",1974,648590642.939889
"SLE",1975,679336343.584559
"SLE",1976,594895941.914381
"SLE",1977,691777583.951156
"SLE",1978,960728338.93643
"SLE",1979,1109374911.30306
"SLE",1980,1100685844.92284
"SLE",1981,1114830471.91787
"SLE",1982,1295361885.92419
"SLE",1983,995104305.347075
"SLE",1984,1087471861.98928
"SLE",1985,856890459.363958
"SLE",1986,490181456.62441
"SLE",1987,660106336.104339
"SLE",1988,1055083933.07498
"SLE",1989,932974420.276529
"SLE",1990,649644826.800447
"SLE",1991,779981458.921489
"SLE",1992,679941041.302401
"SLE",1993,768868447.972704
"SLE",1994,911854256.163621
"SLE",1995,870740484.065037
"SLE",1996,941708911.111534
"SLE",1997,850233193.154233
"SLE",1998,672368187.114756
"SLE",1999,669386623.951402
"SLE",2000,635866403.776065
"SLE",2001,1681473752.3847
"SLE",2002,1933864034.188
"SLE",2003,2142618349.81099
"SLE",2004,2237350963.27352
"SLE",2005,2545275312.60512
"SLE",2006,2912986118.07453
"SLE",2007,3326853435.59832
"SLE",2008,3835603778.61591
"SLE",2009,3784165906.1037
"SLE",2010,4033122830.14424
"SLE",2011,4587078913.13315
"SLE",2012,5927684219.15278
"SLE",2013,7697098118.19922
"SLE",2014,7845456215.27807
"SLE",2015,6651626733.64854
"SLE",2016,6042615859.61074
"SLE",2017,5818480351.63706
"SLE",2018,6390514688.52816
"SLE",2019,6523577590.38319
"SLE",2020,6688594757.62129
"SLE",2021,7165214367.64956
"SLE",2022,7119137321.90082
"SLE",2023,6411869546.28929
"SLE",2024,NA
"SLV",1960,NA
"SLV",1961,NA
"SLV",1962,NA
"SLV",1963,NA
"SLV",1964,NA
"SLV",1965,877720000
"SLV",1966,929520000
"SLV",1967,976200000
"SLV",1968,1009760100
"SLV",1969,1049400000
"SLV",1970,1132920000
"SLV",1971,1186120000
"SLV",1972,1263720000
"SLV",1973,1442320000
"SLV",1974,1665880000
"SLV",1975,1884120100
"SLV",1976,2328280100
"SLV",1977,2941640100
"SLV",1978,3127960000
"SLV",1979,3463639900
"SLV",1980,3573959900
"SLV",1981,3437200200
"SLV",1982,3399189100
"SLV",1983,3506347800
"SLV",1984,3661683400
"SLV",1985,3800368600
"SLV",1986,3771663200
"SLV",1987,3958045800
"SLV",1988,4189880000
"SLV",1989,4372215300
"SLV",1990,4817542204
"SLV",1991,5252342400
"SLV",1992,5813399300
"SLV",1993,6680269200
"SLV",1994,7679384000
"SLV",1995,8921947100
"SLV",1996,9586327800
"SLV",1997,10221705900
"SLV",1998,10936669900
"SLV",1999,11284197000
"SLV",2000,11784927700
"SLV",2001,12282533600
"SLV",2002,12664190300
"SLV",2003,13243892200
"SLV",2004,13724810900
"SLV",2005,1.4698e+10
"SLV",2006,15999890000
"SLV",2007,17011750000
"SLV",2008,17986890000
"SLV",2009,17601620000
"SLV",2010,18447920000
"SLV",2011,20283780000
"SLV",2012,21386150000
"SLV",2013,21990960000
"SLV",2014,22593470000
"SLV",2015,23438240000
"SLV",2016,24191430000
"SLV",2017,24979190000
"SLV",2018,26020850000
"SLV",2019,26881140000
"SLV",2020,24921190000
"SLV",2021,29043140000
"SLV",2022,31988920000
"SLV",2023,34015620000
"SLV",2024,NA
"SMR",1960,NA
"SMR",1961,NA
"SMR",1962,NA
"SMR",1963,NA
"SMR",1964,NA
"SMR",1965,NA
"SMR",1966,NA
"SMR",1967,NA
"SMR",1968,NA
"SMR",1969,NA
"SMR",1970,NA
"SMR",1971,NA
"SMR",1972,NA
"SMR",1973,NA
"SMR",1974,NA
"SMR",1975,NA
"SMR",1976,NA
"SMR",1977,NA
"SMR",1978,NA
"SMR",1979,NA
"SMR",1980,NA
"SMR",1981,NA
"SMR",1982,NA
"SMR",1983,NA
"SMR",1984,NA
"SMR",1985,NA
"SMR",1986,NA
"SMR",1987,NA
"SMR",1988,NA
"SMR",1989,NA
"SMR",1990,NA
"SMR",1991,NA
"SMR",1992,NA
"SMR",1993,NA
"SMR",1994,NA
"SMR",1995,NA
"SMR",1996,NA
"SMR",1997,976606693.570595
"SMR",1998,1048316128.20361
"SMR",1999,1109473367.84318
"SMR",2000,1007661366.66959
"SMR",2001,1059529812.37456
"SMR",2002,1148872072.38556
"SMR",2003,1462590266.59186
"SMR",2004,1715340542.988
"SMR",2005,1786514058.22344
"SMR",2006,1909765165.43137
"SMR",2007,2188654628.38097
"SMR",2008,2403213305.03601
"SMR",2009,2064277126.41466
"SMR",2010,1881191925.32503
"SMR",2011,1813717438.69134
"SMR",2012,1604701299.43546
"SMR",2013,1678741475.14095
"SMR",2014,1673911426.17254
"SMR",2015,1419401070.56043
"SMR",2016,1468343139.74326
"SMR",2017,1528620346.31168
"SMR",2018,1655353653.05934
"SMR",2019,1616232125.12587
"SMR",2020,1544714493.24409
"SMR",2021,1855395999.76534
"SMR",2022,1831700577.08904
"SMR",2023,NA
"SMR",2024,NA
"SOM",1960,180459936.776025
"SOM",1961,191659914.376034
"SOM",1962,203531927.547229
"SOM",1963,216145935.941626
"SOM",1964,229529912.668035
"SOM",1965,243725898.029641
"SOM",1966,257375897.049641
"SOM",1967,271781886.807245
"SOM",1968,286719885.312046
"SOM",1969,306357284.571429
"SOM",1970,347985394.285714
"SOM",1971,347039445.705569
"SOM",1972,447883941.190165
"SOM",1973,483699610.602563
"SOM",1974,572504035.901509
"SOM",1975,757015878.792693
"SOM",1976,871344245.115171
"SOM",1977,498550724.637681
"SOM",1978,564571823.20442
"SOM",1979,589566929.133858
"SOM",1980,602515548.452104
"SOM",1981,699302473.050095
"SOM",1982,774578931.96392
"SOM",1983,735408641.768548
"SOM",1984,787434541.728857
"SOM",1985,875702247.191011
"SOM",1986,916590786.326105
"SOM",1987,1018972664.4638
"SOM",1988,1051596967.1287
"SOM",1989,1181360843.93549
"SOM",1990,1031282081.16683
"SOM",1991,717974929.763158
"SOM",1992,709297578.5
"SOM",1993,1260132955.78746
"SOM",1994,1481205097.98113
"SOM",1995,1534756134.55022
"SOM",1996,1792234297.39194
"SOM",1997,2191749013.58124
"SOM",1998,2962047564.41651
"SOM",1999,3045751527.66005
"SOM",2000,3412797450.20112
"SOM",2001,2252847464.68608
"SOM",2002,2192684134.59273
"SOM",2003,2836724351.5616
"SOM",2004,3859592813.10255
"SOM",2005,4683246454.10048
"SOM",2006,5026743282.04251
"SOM",2007,5430713728.89074
"SOM",2008,5913620292.90573
"SOM",2009,2948594552.44952
"SOM",2010,2687807003.73935
"SOM",2011,2906000096.93249
"SOM",2012,4364670160.00146
"SOM",2013,5062881613.12833
"SOM",2014,5728399710.56333
"SOM",2015,6152149080.00168
"SOM",2016,6613743089.99932
"SOM",2017,7621501720.00021
"SOM",2018,7873440838.36559
"SOM",2019,8655023960.002
"SOM",2020,8628393719.99922
"SOM",2021,9483997404.25227
"SOM",2022,10202767269.9603
"SOM",2023,10968517090.0004
"SOM",2024,NA
"SRB",1960,NA
"SRB",1961,NA
"SRB",1962,NA
"SRB",1963,NA
"SRB",1964,NA
"SRB",1965,NA
"SRB",1966,NA
"SRB",1967,NA
"SRB",1968,NA
"SRB",1969,NA
"SRB",1970,NA
"SRB",1971,NA
"SRB",1972,NA
"SRB",1973,NA
"SRB",1974,NA
"SRB",1975,NA
"SRB",1976,NA
"SRB",1977,NA
"SRB",1978,NA
"SRB",1979,NA
"SRB",1980,NA
"SRB",1981,NA
"SRB",1982,NA
"SRB",1983,NA
"SRB",1984,NA
"SRB",1985,NA
"SRB",1986,NA
"SRB",1987,NA
"SRB",1988,NA
"SRB",1989,NA
"SRB",1990,NA
"SRB",1991,NA
"SRB",1992,NA
"SRB",1993,NA
"SRB",1994,NA
"SRB",1995,17921892655.3672
"SRB",1996,23277430167.5978
"SRB",1997,27153408994.8074
"SRB",1998,21004077441.4802
"SRB",1999,20878694850.5767
"SRB",2000,7326373882.11044
"SRB",2001,13599378661.9952
"SRB",2002,17930583571.3055
"SRB",2003,23593044417.5086
"SRB",2004,26845632341.8075
"SRB",2005,28334256180.8801
"SRB",2006,33298057361.7412
"SRB",2007,44888028946.0854
"SRB",2008,54220641201.6474
"SRB",2009,46955984409.7271
"SRB",2010,43536629233.1424
"SRB",2011,51251098408.0924
"SRB",2012,45103269969.4112
"SRB",2013,50455529604.0696
"SRB",2014,49114321280.3466
"SRB",2015,41297410634.9586
"SRB",2016,42225495909.5633
"SRB",2017,45972834713.8077
"SRB",2018,52787520248.9242
"SRB",2019,53864693664.5568
"SRB",2020,55874017668.998
"SRB",2021,66159884072.5308
"SRB",2022,66797564758.339
"SRB",2023,81342660752.3732
"SRB",2024,NA
"SSA",1960,35988399588.8194
"SSA",1961,37518094290.3319
"SSA",1962,40549575981.7617
"SSA",1963,46123312273.1025
"SSA",1964,45885359762.5723
"SSA",1965,50538951214.0442
"SSA",1966,54775665462.464
"SSA",1967,54838167165.1399
"SSA",1968,58683164886.4974
"SSA",1969,66256584864.3939
"SSA",1970,73996942604.7019
"SSA",1971,76073514866.9192
"SSA",1972,85715420447.2074
"SSA",1973,109266387063.657
"SSA",1974,138628808050.282
"SSA",1975,152205988931.713
"SSA",1976,164661395938.678
"SSA",1977,180934135666.879
"SSA",1978,202611016183.795
"SSA",1979,238846633183.689
"SSA",1980,299002551230.714
"SSA",1981,404152048958.096
"SSA",1982,376029141290.58
"SSA",1983,337629586006.681
"SSA",1984,301670995147.514
"SSA",1985,287983954210.595
"SSA",1986,269803697043.712
"SSA",1987,302093617110.889
"SSA",1988,317910974656.939
"SSA",1989,323480140542.09
"SSA",1990,378918407182.619
"SSA",1991,404976244762.86
"SSA",1992,364630958999.813
"SSA",1993,368610836181.138
"SSA",1994,377142595380.707
"SSA",1995,479940870989.033
"SSA",1996,536105193364.823
"SSA",1997,564043922095.903
"SSA",1998,565275137841.769
"SSA",1999,403398906054.614
"SSA",2000,427682851353.883
"SSA",2001,409715333350.834
"SSA",2002,446063787652.055
"SSA",2003,561841797160.448
"SSA",2004,697598887827.385
"SSA",2005,827868919145.79
"SSA",2006,976549264667.751
"SSA",2007,1130664082678.21
"SSA",2008,1281844180266.72
"SSA",2009,1224552156182.8
"SSA",2010,1448580710633.54
"SSA",2011,1628268358951.27
"SSA",2012,1691847231269.02
"SSA",2013,1797999120472.5
"SSA",2014,1874736396189.81
"SSA",2015,1668612318336.04
"SSA",2016,1521735272179.07
"SSA",2017,1659172753388.87
"SSA",2018,1781016674647.24
"SSA",2019,1834336253943.3
"SSA",2020,1721810881901.34
"SSA",2021,1933570427279.37
"SSA",2022,2073339118621.98
"SSA",2023,2042436971778.64
"SSA",2024,NA
"SSD",1960,NA
"SSD",1961,NA
"SSD",1962,NA
"SSD",1963,NA
"SSD",1964,NA
"SSD",1965,NA
"SSD",1966,NA
"SSD",1967,NA
"SSD",1968,NA
"SSD",1969,NA
"SSD",1970,NA
"SSD",1971,NA
"SSD",1972,NA
"SSD",1973,NA
"SSD",1974,NA
"SSD",1975,NA
"SSD",1976,NA
"SSD",1977,NA
"SSD",1978,NA
"SSD",1979,NA
"SSD",1980,NA
"SSD",1981,NA
"SSD",1982,NA
"SSD",1983,NA
"SSD",1984,NA
"SSD",1985,NA
"SSD",1986,NA
"SSD",1987,NA
"SSD",1988,NA
"SSD",1989,NA
"SSD",1990,NA
"SSD",1991,NA
"SSD",1992,NA
"SSD",1993,NA
"SSD",1994,NA
"SSD",1995,NA
"SSD",1996,NA
"SSD",1997,NA
"SSD",1998,NA
"SSD",1999,NA
"SSD",2000,NA
"SSD",2001,NA
"SSD",2002,NA
"SSD",2003,NA
"SSD",2004,NA
"SSD",2005,NA
"SSD",2006,NA
"SSD",2007,NA
"SSD",2008,14586253383.0632
"SSD",2009,12231264525.0671
"SSD",2010,14602072410.9506
"SSD",2011,14907308932.7534
"SSD",2012,11931472169.4915
"SSD",2013,18426469016.9492
"SSD",2014,13962212847.4576
"SSD",2015,11997800760.2242
"SSD",2016,NA
"SSD",2017,NA
"SSD",2018,NA
"SSD",2019,NA
"SSD",2020,NA
"SSD",2021,NA
"SSD",2022,NA
"SSD",2023,NA
"SSD",2024,NA
"SSF",1960,35999878594.0433
"SSF",1961,37529010103.7958
"SSF",1962,40561501231.8665
"SSF",1963,46136363835.4132
"SSF",1964,45900075440.0533
"SSF",1965,50553642033.2066
"SSF",1966,54791062255.4508
"SSF",1967,54853772525.4856
"SSF",1968,58697940809.468
"SSF",1969,66271375018.254
"SSF",1970,74013525325.8832
"SSF",1971,76093761638.2128
"SSF",1972,85744484210.1309
"SSF",1973,109301136624.562
"SSF",1974,138668997099.52
"SSF",1975,152250584953.468
"SSF",1976,164707058357.447
"SSF",1977,180995314278.725
"SSF",1978,202693630524.218
"SSF",1979,238972041379.646
"SSF",1980,299156861232.473
"SSF",1981,404311362942.53
"SSF",1982,376182335241.856
"SSF",1983,337782415705.058
"SSF",1984,301829555919.123
"SSF",1985,288161913898.376
"SSF",1986,270024419654.379
"SSF",1987,302358754143.882
"SSF",1988,318213399666.485
"SSF",1989,323805308033.055
"SSF",1990,379311825675.495
"SSF",1991,405375420644.432
"SSF",1992,365094470300.31
"SSF",1993,369117626218.33
"SSF",1994,377662803286.63
"SSF",1995,480483604759.225
"SSF",1996,536641887730.235
"SSF",1997,564644820351.763
"SSF",1998,565924901411.993
"SSF",1999,404065822504.732
"SSF",2000,428340828932.008
"SSF",2001,410381410917.65
"SSF",2002,446810537330.991
"SSF",2003,562596341824.35
"SSF",2004,698496039334.091
"SSF",2005,828850789134.691
"SSF",2006,977634560614.339
"SSF",2007,1131743844061.68
"SSF",2008,1282823777661.01
"SSF",2009,1225403057803.24
"SSF",2010,1449562327175.87
"SSF",2011,1629327277658.53
"SSF",2012,1692936639108.22
"SSF",2013,1799332280879.88
"SSF",2014,1876123974059.89
"SSF",2015,1670044721688.17
"SSF",2016,1523303785527.21
"SSF",2017,1660848124029.88
"SSF",2018,1782800988574.01
"SSF",2019,1836204944040.04
"SSF",2020,1723193433652.91
"SSF",2021,1935057601074.18
"SSF",2022,2075397087141.81
"SSF",2023,2044578421949.78
"SSF",2024,NA
"SST",1960,NA
"SST",1961,NA
"SST",1962,NA
"SST",1963,NA
"SST",1964,NA
"SST",1965,NA
"SST",1966,NA
"SST",1967,NA
"SST",1968,NA
"SST",1969,NA
"SST",1970,4369005445.90709
"SST",1971,4889680110.9977
"SST",1972,5678575468.74338
"SST",1973,7302095094.69611
"SST",1974,11481090182.2474
"SST",1975,12127638714.9341
"SST",1976,13904030976.2975
"SST",1977,16682356973.9894
"SST",1978,19254707358.4354
"SST",1979,24375650834.0609
"SST",1980,33960175718.6448
"SST",1981,33408246377.5451
"SST",1982,32918973358.115
"SST",1983,31601525549.0305
"SST",1984,32270104381.1611
"SST",1985,31940386052.33
"SST",1986,31924802575.1988
"SST",1987,37398477666.3211
"SST",1988,40395603834.3349
"SST",1989,41280123118.1604
"SST",1990,47317168944.0659
"SST",1991,49596013548.4567
"SST",1992,52839176212.8591
"SST",1993,52534115912.8484
"SST",1994,56185862242.972
"SST",1995,64157845931.9305
"SST",1996,66730631009.3557
"SST",1997,70395100526.9783
"SST",1998,71112024440.6955
"SST",1999,74869501279.8253
"SST",2000,77368613841.6817
"SST",2001,77594319152.7719
"SST",2002,83902231734.4288
"SST",2003,99300795435.5511
"SST",2004,115194366114.688
"SST",2005,129666203435.137
"SST",2006,145797709217.187
"SST",2007,171152209656.815
"SST",2008,186654460910.93
"SST",2009,165375386243.609
"SST",2010,176390570560.177
"SST",2011,197269873598.39
"SST",2012,198456374242.707
"SST",2013,206145182147.156
"SST",2014,213239256667.684
"SST",2015,197793250964.946
"SST",2016,205051950301.873
"SST",2017,225723317837.563
"SST",2018,244622967831.528
"SST",2019,247266169547.517
"SST",2020,222762059252.071
"SST",2021,258942107761.124
"SST",2022,287505638394.077
"SST",2023,305546743662.392
"SST",2024,NA
"STP",1960,NA
"STP",1961,NA
"STP",1962,NA
"STP",1963,NA
"STP",1964,NA
"STP",1965,NA
"STP",1966,NA
"STP",1967,NA
"STP",1968,NA
"STP",1969,NA
"STP",1970,37211826.0869565
"STP",1971,37288845.210287
"STP",1972,41430256.8067496
"STP",1973,56011244.7398414
"STP",1974,57817591.4570048
"STP",1975,60101709.8452627
"STP",1976,52039421.1975774
"STP",1977,49207692.3210324
"STP",1978,55044562.8014217
"STP",1979,65755928.1359723
"STP",1980,81662231.0329968
"STP",1981,83499263.5007481
"STP",1982,80307762.6236105
"STP",1983,75110289.1832665
"STP",1984,78213795.9250336
"STP",1985,82733069.4418031
"STP",1986,115928906.745482
"STP",1987,115952925.468271
"STP",1988,99000764.3902251
"STP",1989,98545169.4342566
"STP",1990,119298002.117477
"STP",1991,107484142.71556
"STP",1992,94861756.0220382
"STP",1993,125742180.002908
"STP",1994,131338384.705839
"STP",1995,103695236.781001
"STP",1996,135188165.74708
"STP",1997,91920274.2401657
"STP",1998,72285403.8423458
"STP",1999,77302211.9248351
"STP",2000,76198394.8202671
"STP",2001,75951133.3777948
"STP",2002,85171073.8777498
"STP",2003,102085769.123419
"STP",2004,114582283.916382
"STP",2005,136450662.390592
"STP",2006,142775104.081626
"STP",2007,149146918.888611
"STP",2008,188021165.00338
"STP",2009,200668065.03175
"STP",2010,190021192.489536
"STP",2011,226455001.243083
"STP",2012,229371348.202606
"STP",2013,267041747.584354
"STP",2014,293119143.246825
"STP",2015,259999643.047388
"STP",2016,292267272.196925
"STP",2017,322002845.229335
"STP",2018,383717327.830508
"STP",2019,412976082.620705
"STP",2020,471229484.607144
"STP",2021,524402455.54816
"STP",2022,540809499.189348
"STP",2023,678976264.835436
"STP",2024,NA
"SUR",1960,99650000
"SUR",1961,107700000
"SUR",1962,116150000
"SUR",1963,125950000
"SUR",1964,134400000
"SUR",1965,154150000
"SUR",1966,190350000
"SUR",1967,220700000
"SUR",1968,241350000
"SUR",1969,259650000
"SUR",1970,274900000
"SUR",1971,3.01e+08
"SUR",1972,311950000
"SUR",1973,339450000
"SUR",1974,409850000
"SUR",1975,465500000
"SUR",1976,505500000
"SUR",1977,641500000
"SUR",1978,735500000
"SUR",1979,782500000
"SUR",1980,7.95e+08
"SUR",1981,8.89e+08
"SUR",1982,9.15e+08
"SUR",1983,883500000
"SUR",1984,8.64e+08
"SUR",1985,8.73e+08
"SUR",1986,8.91e+08
"SUR",1987,9.8e+08
"SUR",1988,1.161e+09
"SUR",1989,542600000
"SUR",1990,388400000
"SUR",1991,448100000
"SUR",1992,404600000
"SUR",1993,428764705.882353
"SUR",1994,605492537.313433
"SUR",1995,691590497.737557
"SUR",1996,861372806.2082
"SUR",1997,926422500
"SUR",1998,1110850000
"SUR",1999,886290697.674419
"SUR",2000,947671969.69697
"SUR",2001,834279357.798165
"SUR",2002,1093574468.08511
"SUR",2003,1274190311.41869
"SUR",2004,1484092538.40527
"SUR",2005,1793410397.38738
"SUR",2006,2626380435.17877
"SUR",2007,2936612021.85792
"SUR",2008,3532969034.60838
"SUR",2009,3875409836.06557
"SUR",2010,4368370997.92126
"SUR",2011,4422276621.78703
"SUR",2012,4.98e+09
"SUR",2013,5145757575.75758
"SUR",2014,5240606060.60606
"SUR",2015,5126237646.22072
"SUR",2016,3317421648.09918
"SUR",2017,3591679430.99988
"SUR",2018,3996198866.57453
"SUR",2019,4016040575.08796
"SUR",2020,2911807496.20227
"SUR",2021,3107923197.96954
"SUR",2022,3791603200.0259
"SUR",2023,3455146280.83975
"SUR",2024,NA
"SVK",1960,NA
"SVK",1961,NA
"SVK",1962,NA
"SVK",1963,NA
"SVK",1964,NA
"SVK",1965,NA
"SVK",1966,NA
"SVK",1967,NA
"SVK",1968,NA
"SVK",1969,NA
"SVK",1970,NA
"SVK",1971,NA
"SVK",1972,NA
"SVK",1973,NA
"SVK",1974,NA
"SVK",1975,NA
"SVK",1976,NA
"SVK",1977,NA
"SVK",1978,NA
"SVK",1979,NA
"SVK",1980,NA
"SVK",1981,NA
"SVK",1982,NA
"SVK",1983,NA
"SVK",1984,NA
"SVK",1985,NA
"SVK",1986,NA
"SVK",1987,NA
"SVK",1988,NA
"SVK",1989,NA
"SVK",1990,12915046978.1615
"SVK",1991,14459924588.948
"SVK",1992,15699327209.2121
"SVK",1993,16737973764.3476
"SVK",1994,20428139755.6056
"SVK",1995,26180022222.2222
"SVK",1996,28197790874.5247
"SVK",1997,27844628979.2682
"SVK",1998,29976207629.4888
"SVK",1999,30496272225.1337
"SVK",2000,29215726004.7765
"SVK",2001,30726659550.9717
"SVK",2002,35243658398.7546
"SVK",2003,46616149116.7411
"SVK",2004,57215475076.2986
"SVK",2005,62547753148.4638
"SVK",2006,70751813442.9881
"SVK",2007,86587749517.9724
"SVK",2008,100830060552.902
"SVK",2009,89342984697.5246
"SVK",2010,91112160800.7668
"SVK",2011,99705104723.4341
"SVK",2012,94724394278.052
"SVK",2013,99134277850.3418
"SVK",2014,101713075598.862
"SVK",2015,89178548717.3324
"SVK",2016,90347173228.6356
"SVK",2017,95978130734.9766
"SVK",2018,106611673364.837
"SVK",2019,105843498304.094
"SVK",2020,107732602896.441
"SVK",2021,120592216208.386
"SVK",2022,115928615553.286
"SVK",2023,132908336234.295
"SVK",2024,NA
"SVN",1960,NA
"SVN",1961,NA
"SVN",1962,NA
"SVN",1963,NA
"SVN",1964,NA
"SVN",1965,NA
"SVN",1966,NA
"SVN",1967,NA
"SVN",1968,NA
"SVN",1969,NA
"SVN",1970,NA
"SVN",1971,NA
"SVN",1972,NA
"SVN",1973,NA
"SVN",1974,NA
"SVN",1975,NA
"SVN",1976,NA
"SVN",1977,NA
"SVN",1978,NA
"SVN",1979,NA
"SVN",1980,NA
"SVN",1981,NA
"SVN",1982,NA
"SVN",1983,NA
"SVN",1984,NA
"SVN",1985,NA
"SVN",1986,NA
"SVN",1987,NA
"SVN",1988,NA
"SVN",1989,NA
"SVN",1990,19832029087.1272
"SVN",1991,14454495058.907
"SVN",1992,14277261540.7456
"SVN",1993,14449298371.7879
"SVN",1994,16400767069.6294
"SVN",1995,21367422159.3207
"SVN",1996,21470699362.6062
"SVN",1997,20726878751.5006
"SVN",1998,22058635314.4836
"SVN",1999,22609669083.7179
"SVN",2000,20159190701.6789
"SVN",2001,20668868706.8115
"SVN",2002,23214593516.2095
"SVN",2003,29360575031.8177
"SVN",2004,34156553313.4031
"SVN",2005,35947936823.7781
"SVN",2006,39260368837.0342
"SVN",2007,47880266542.577
"SVN",2008,55509332322.3578
"SVN",2009,49975540954.8465
"SVN",2010,47793117240.9001
"SVN",2011,51199194599.3094
"SVN",2012,46167053954.3367
"SVN",2013,47867056858.8892
"SVN",2014,49514466379.6057
"SVN",2015,42709468274.8137
"SVN",2016,44290685824.0682
"SVN",2017,48153200134.6613
"SVN",2018,53689067639.9176
"SVN",2019,53909922735.545
"SVN",2020,53384760135.1581
"SVN",2021,61529280461.092
"SVN",2022,59927702746.2843
"SVN",2023,69148468417.3208
"SVN",2024,NA
"SWE",1960,15930258332.069
"SWE",1961,17329819493.9904
"SWE",1962,18794282716.8476
"SWE",1963,20342365392.2225
"SWE",1964,22685750575.2235
"SWE",1965,24964233890.5922
"SWE",1966,27155028519.9472
"SWE",1967,29475219787.244
"SWE",1968,31278230633.5785
"SWE",1969,33967691454.3683
"SWE",1970,38037663341.8387
"SWE",1971,41506627519.0698
"SWE",1972,48883734671.5941
"SWE",1973,59319523962.1734
"SWE",1974,65918391224.0393
"SWE",1975,82766182746.4958
"SWE",1976,89233541403.6135
"SWE",1977,94332865494.4663
"SWE",1978,104292130795.618
"SWE",1979,123208942175.363
"SWE",1980,141887695763.193
"SWE",1981,129500408223.723
"SWE",1982,114216043039.506
"SWE",1983,104863313508.367
"SWE",1984,109044297250.901
"SWE",1985,113959392484.803
"SWE",1986,150281594980.066
"SWE",1987,182746413790.928
"SWE",1988,206688963474.344
"SWE",1989,217634838449.487
"SWE",1990,261469578630.804
"SWE",1991,273834608019.843
"SWE",1992,283912173666.678
"SWE",1993,212647043708.405
"SWE",1994,228701658890.617
"SWE",1995,267052836695.499
"SWE",1996,291952430659.111
"SWE",1997,268251974485.586
"SWE",1998,270889570937.999
"SWE",1999,274320415375.678
"SWE",2000,262905197441.662
"SWE",2001,242499249692.616
"SWE",2002,267373345246.531
"SWE",2003,334074051172.972
"SWE",2004,384547211147.247
"SWE",2005,391690329314.475
"SWE",2006,422530427475.536
"SWE",2007,490050156832.574
"SWE",2008,514616528348.834
"SWE",2009,434313804907.366
"SWE",2010,492753255885.718
"SWE",2011,570541353128.724
"SWE",2012,549742183874.355
"SWE",2013,584128116410.29
"SWE",2014,577730245154.162
"SWE",2015,501698263620.663
"SWE",2016,514218206628.325
"SWE",2017,536083940228.684
"SWE",2018,551312498430.164
"SWE",2019,532169294165.94
"SWE",2020,545147614972.141
"SWE",2021,637186904843.636
"SWE",2022,579895717343.956
"SWE",2023,584960475767.32
"SWE",2024,NA
"SWZ",1960,35076845.9692616
"SWZ",1961,43026042.7895829
"SWZ",1962,45927961.6288154
"SWZ",1963,54129438.3482247
"SWZ",1964,64980554.0077784
"SWZ",1965,70279971.8880112
"SWZ",1966,76859969.2560123
"SWZ",1967,74759970.096012
"SWZ",1968,79799968.0800128
"SWZ",1969,105419957.832017
"SWZ",1970,112139955.144018
"SWZ",1971,136462080.739132
"SWZ",1972,146736479.235097
"SWZ",1973,221915127.550763
"SWZ",1974,264320940.959002
"SWZ",1975,288299788.508035
"SWZ",1976,272550068.137517
"SWZ",1977,304060076.015019
"SWZ",1978,340630085.157521
"SWZ",1979,412093133.760988
"SWZ",1980,541976852.577057
"SWZ",1981,570774824.830585
"SWZ",1982,537568059.413381
"SWZ",1983,555336145.767884
"SWZ",1984,494483408.878468
"SWZ",1985,360079419.385958
"SWZ",1986,449140318.385038
"SWZ",1987,584126092.258819
"SWZ",1988,692026454.737872
"SWZ",1989,696921542.378265
"SWZ",1990,1114694040.66987
"SWZ",1991,1156135717.94598
"SWZ",1992,1284759927.54594
"SWZ",1993,1357189551.68431
"SWZ",1994,1419294254.4183
"SWZ",1995,1698989463.99106
"SWZ",1996,1602741833.70552
"SWZ",1997,1716714070.12471
"SWZ",1998,1576908856.34674
"SWZ",1999,1547888495.98428
"SWZ",2000,1738093840.36607
"SWZ",2001,1542477308.89408
"SWZ",2002,1432221739.12342
"SWZ",2003,2197598466.25447
"SWZ",2004,2770082791.50412
"SWZ",2005,3178112498.67911
"SWZ",2006,3291330019.17287
"SWZ",2007,3469381231.49049
"SWZ",2008,3294084314.15058
"SWZ",2009,3580428052.81393
"SWZ",2010,4438765085.93784
"SWZ",2011,4820478680.18375
"SWZ",2012,4886551483.93374
"SWZ",2013,4418333192.47449
"SWZ",2014,4250545460.94523
"SWZ",2015,3878174403.5524
"SWZ",2016,3705918654.13708
"SWZ",2017,4437538381.32249
"SWZ",2018,4659474399.74018
"SWZ",2019,4594818143.27624
"SWZ",2020,4105756862.55271
"SWZ",2021,4737671576.32851
"SWZ",2022,4695372785.0814
"SWZ",2023,4442875788.08505
"SWZ",2024,NA
"SXM",1960,NA
"SXM",1961,NA
"SXM",1962,NA
"SXM",1963,NA
"SXM",1964,NA
"SXM",1965,NA
"SXM",1966,NA
"SXM",1967,NA
"SXM",1968,NA
"SXM",1969,NA
"SXM",1970,NA
"SXM",1971,NA
"SXM",1972,NA
"SXM",1973,NA
"SXM",1974,NA
"SXM",1975,NA
"SXM",1976,NA
"SXM",1977,NA
"SXM",1978,NA
"SXM",1979,NA
"SXM",1980,NA
"SXM",1981,NA
"SXM",1982,NA
"SXM",1983,NA
"SXM",1984,NA
"SXM",1985,NA
"SXM",1986,NA
"SXM",1987,NA
"SXM",1988,NA
"SXM",1989,NA
"SXM",1990,NA
"SXM",1991,NA
"SXM",1992,NA
"SXM",1993,NA
"SXM",1994,NA
"SXM",1995,NA
"SXM",1996,NA
"SXM",1997,NA
"SXM",1998,NA
"SXM",1999,NA
"SXM",2000,NA
"SXM",2001,NA
"SXM",2002,NA
"SXM",2003,NA
"SXM",2004,NA
"SXM",2005,NA
"SXM",2006,NA
"SXM",2007,NA
"SXM",2008,NA
"SXM",2009,854972067.039106
"SXM",2010,892290502.793296
"SXM",2011,936089385.47486
"SXM",2012,985865921.787709
"SXM",2013,1022905027.93296
"SXM",2014,1361811508.37989
"SXM",2015,1417888715.0838
"SXM",2016,1427017206.70391
"SXM",2017,1353212122.90503
"SXM",2018,1259200446.92737
"SXM",2019,1407880446.92737
"SXM",2020,1236428100.55866
"SXM",2021,1353071061.45251
"SXM",2022,1537088715.0838
"SXM",2023,1627776949.27374
"SXM",2024,NA
"SYC",1960,12012024.6246505
"SYC",1961,11592023.7636487
"SYC",1962,12642025.9161531
"SYC",1963,13923028.5422085
"SYC",1964,15393031.5557147
"SYC",1965,15603031.9862156
"SYC",1966,16443033.7082191
"SYC",1967,16632032.1339974
"SYC",1968,16074027.6473276
"SYC",1969,16452028.2974887
"SYC",1970,18432031.7030945
"SYC",1971,21965950.7711142
"SYC",1972,30645122.9204727
"SYC",1973,36896280.4764104
"SYC",1974,43134496.1645367
"SYC",1975,47803145.9480985
"SYC",1976,49278981.7550701
"SYC",1977,64526401.4638544
"SYC",1978,85552365.8005137
"SYC",1979,127261099.223864
"SYC",1980,156783829.504298
"SYC",1981,163750728.155916
"SYC",1982,157211789.714587
"SYC",1983,156098237.022585
"SYC",1984,160992920.960262
"SYC",1985,179691482.72165
"SYC",1986,221147061.290068
"SYC",1987,265212956.838633
"SYC",1988,301985618.085556
"SYC",1989,324333366.514829
"SYC",1990,392163560.868669
"SYC",1991,398307169.860405
"SYC",1992,461409398.855893
"SYC",1993,504230620.551871
"SYC",1994,517570058.151034
"SYC",1995,540733047.733048
"SYC",1996,535250347.089479
"SYC",1997,598966982.350186
"SYC",1998,647287375.762528
"SYC",1999,662838614.880674
"SYC",2000,654212394.27164
"SYC",2001,662064155.920692
"SYC",2002,742134837.50919
"SYC",2003,750847230.099263
"SYC",2004,893012218.181818
"SYC",2005,977899381.818182
"SYC",2006,1081441283.31798
"SYC",2007,1077308813.82945
"SYC",2008,979597394.293453
"SYC",2009,850901620.433301
"SYC",2010,981616542.328454
"SYC",2011,1058918707.26124
"SYC",2012,1089407839.19709
"SYC",2013,1333160407.38516
"SYC",2014,1387577870.08161
"SYC",2015,1432403352.12944
"SYC",2016,1568513348.14463
"SYC",2017,1675370641.01416
"SYC",2018,1784313926.76807
"SYC",2019,1868690096.73454
"SYC",2020,1382551751.56908
"SYC",2021,1487173794.80528
"SYC",2022,2057968519.83091
"SYC",2023,2141450171.13932
"SYC",2024,NA
"SYR",1960,857704413.407821
"SYR",1961,945244972.067039
"SYR",1962,1110565880.75881
"SYR",1963,1200447408.37696
"SYR",1964,1339494267.01571
"SYR",1965,1472036540.13329
"SYR",1966,1342287553.19149
"SYR",1967,1580229799.42693
"SYR",1968,1753746429.62092
"SYR",1969,2245011514.55676
"SYR",1970,2140384010.0724
"SYR",1971,2589851325.14544
"SYR",1972,3059681697.61273
"SYR",1973,3239487516.42576
"SYR",1974,5159557147.50895
"SYR",1975,6826980444.14982
"SYR",1976,7633528866.93424
"SYR",1977,7696011396.0114
"SYR",1978,9275200458.19015
"SYR",1979,9929681528.66242
"SYR",1980,13062420382.1656
"SYR",1981,15518201335.3151
"SYR",1982,16298929011.4681
"SYR",1983,17589277143.1314
"SYR",1984,17503078174.0039
"SYR",1985,16403539892.7783
"SYR",1986,13293205278.2803
"SYR",1987,11356215543.3043
"SYR",1988,10577041644.9944
"SYR",1989,9853395761.63227
"SYR",1990,12308624417.8268
"SYR",1991,12981833333.3333
"SYR",1992,13253565861.1424
"SYR",1993,13695962055.4771
"SYR",1994,10122020000
"SYR",1995,11396706586.8263
"SYR",1996,13789560878.2435
"SYR",1997,14505233463.035
"SYR",1998,15200846153.8462
"SYR",1999,15873875968.9922
"SYR",2000,18937052543.4373
"SYR",2001,20237024724.7039
"SYR",2002,20669357462.3831
"SYR",2003,21828144686.0394
"SYR",2004,25086950495.0495
"SYR",2005,28858965517.2414
"SYR",2006,33751788856.305
"SYR",2007,40465318382.0585
"SYR",2008,52557913568.9549
"SYR",2009,54111735628.7065
"SYR",2010,61390830874.7007
"SYR",2011,67539428159.4474
"SYR",2012,43190318032.5627
"SYR",2013,21361254635.051
"SYR",2014,21502061465.9498
"SYR",2015,16466863117.0009
"SYR",2016,12597854877.4254
"SYR",2017,16369843352.3453
"SYR",2018,21497782867.6426
"SYR",2019,22583045060.0821
"SYR",2020,12047752036.091
"SYR",2021,14353205678.4991
"SYR",2022,23622827079.5047
"SYR",2023,NA
"SYR",2024,NA
"TCA",1960,NA
"TCA",1961,NA
"TCA",1962,NA
"TCA",1963,NA
"TCA",1964,NA
"TCA",1965,NA
"TCA",1966,NA
"TCA",1967,NA
"TCA",1968,NA
"TCA",1969,NA
"TCA",1970,NA
"TCA",1971,NA
"TCA",1972,NA
"TCA",1973,NA
"TCA",1974,NA
"TCA",1975,NA
"TCA",1976,NA
"TCA",1977,NA
"TCA",1978,NA
"TCA",1979,NA
"TCA",1980,NA
"TCA",1981,NA
"TCA",1982,NA
"TCA",1983,NA
"TCA",1984,NA
"TCA",1985,NA
"TCA",1986,NA
"TCA",1987,NA
"TCA",1988,NA
"TCA",1989,NA
"TCA",1990,NA
"TCA",1991,NA
"TCA",1992,NA
"TCA",1993,NA
"TCA",1994,NA
"TCA",1995,NA
"TCA",1996,NA
"TCA",1997,NA
"TCA",1998,NA
"TCA",1999,NA
"TCA",2000,NA
"TCA",2001,358744800
"TCA",2002,366707900
"TCA",2003,409753600
"TCA",2004,485598800
"TCA",2005,578645800
"TCA",2006,721891500
"TCA",2007,773489700
"TCA",2008,862683600
"TCA",2009,703175800
"TCA",2010,686787800
"TCA",2011,728789600
"TCA",2012,727161000
"TCA",2013,754238000
"TCA",2014,841070000
"TCA",2015,942070000
"TCA",2016,1032452000
"TCA",2017,1028941663.2
"TCA",2018,1128749004.5304
"TCA",2019,1177285211.72521
"TCA",2020,774653669.315186
"TCA",2021,1045782453.5755
"TCA",2022,1228794382.95121
"TCA",2023,1402054390.94734
"TCA",2024,NA
"TCD",1960,313582728.147574
"TCD",1961,333975336.110722
"TCD",1962,357635713.41932
"TCD",1963,371767002.194886
"TCD",1964,392247517.728482
"TCD",1965,416926303.316872
"TCD",1966,432794921.680489
"TCD",1967,449826322.613453
"TCD",1968,453980096.208711
"TCD",1969,471635621.561599
"TCD",1970,469266736.650677
"TCD",1971,501866730.148987
"TCD",1972,585427546.798272
"TCD",1973,647199482.982537
"TCD",1974,652532795.084805
"TCD",1975,864602104.679653
"TCD",1976,866044962.016274
"TCD",1977,935360464.701341
"TCD",1978,1113920123.76723
"TCD",1979,1004316496.35051
"TCD",1980,1033002403.85304
"TCD",1981,876937558.273757
"TCD",1982,834369859.663018
"TCD",1983,832415806.010064
"TCD",1984,919103734.876996
"TCD",1985,1033069709.3319
"TCD",1986,1067828245.86207
"TCD",1987,1163426852.20442
"TCD",1988,1482597297.98821
"TCD",1989,1433686312.02914
"TCD",1990,1738605557.76313
"TCD",1991,1877137981.75712
"TCD",1992,1881847669.69794
"TCD",1993,1463251163.9188
"TCD",1994,1179837963.22213
"TCD",1995,1445919894.57661
"TCD",1996,1607345355.78298
"TCD",1997,1544689576.92712
"TCD",1998,1744794531.21401
"TCD",1999,1534673583.2487
"TCD",2000,1388506771.58756
"TCD",2001,1710843377.00119
"TCD",2002,1997005708.81576
"TCD",2003,2742815071.5744
"TCD",2004,4422855660.82592
"TCD",2005,6649307523.64377
"TCD",2006,7428701453.91509
"TCD",2007,8650137743.32547
"TCD",2008,10393833765.3651
"TCD",2009,9290728318.98821
"TCD",2010,10668103554.1192
"TCD",2011,12172308851.0395
"TCD",2012,12367362757.1342
"TCD",2013,12953534866.4286
"TCD",2014,13940767218.5849
"TCD",2015,10950392256.9543
"TCD",2016,10097778098.1707
"TCD",2017,10000394381.0177
"TCD",2018,11239167898.3395
"TCD",2019,11314951091.7283
"TCD",2020,10715396042.3343
"TCD",2021,11779981332.8631
"TCD",2022,12396807588.4082
"TCD",2023,13149325362.3347
"TCD",2024,NA
"TEA",1960,80669679176.8241
"TEA",1961,71066638102.6938
"TEA",1962,64818501929.6285
"TEA",1963,70108532708.0611
"TEA",1964,80985670357.4128
"TEA",1965,94366240962.1184
"TEA",1966,103241954431.08
"TEA",1967,100240949913.259
"TEA",1968,101341605616.373
"TEA",1969,113957913314.006
"TEA",1970,126901324713.179
"TEA",1971,136281807864.075
"TEA",1972,155175837306.871
"TEA",1973,195191354552.288
"TEA",1974,221211419616.343
"TEA",1975,248261597366.513
"TEA",1976,252429548365.503
"TEA",1977,290939954870.195
"TEA",1978,282384895610.367
"TEA",1979,326958437515.881
"TEA",1980,377213813957.111
"TEA",1981,402780679114.633
"TEA",1982,423018950543.299
"TEA",1983,442928957768.639
"TEA",1984,479908416660.039
"TEA",1985,525455835634.1
"TEA",1986,524069631534.831
"TEA",1987,518006190672.346
"TEA",1988,574989849180.734
"TEA",1989,621581422838.264
"TEA",1990,666023595158.793
"TEA",1991,722767440275.886
"TEA",1992,810543621793.386
"TEA",1993,889640237098.407
"TEA",1994,1070671486728.9
"TEA",1995,1320532703146.51
"TEA",1996,1516598894947.17
"TEA",1997,1568818670139.21
"TEA",1998,1431583485875.65
"TEA",1999,1576109259752.64
"TEA",2000,1734180675232.75
"TEA",2001,1845145076680.61
"TEA",2002,2042195088611.13
"TEA",2003,2311526769335.92
"TEA",2004,2680312289369.41
"TEA",2005,3104789276032.83
"TEA",2006,3739376506124.04
"TEA",2007,4727547568154.6
"TEA",2008,5981644064815.51
"TEA",2009,6485447086620.95
"TEA",2010,7893429637768.47
"TEA",2011,9642049775330.09
"TEA",2012,10750493312502.7
"TEA",2013,11860063640138.7
"TEA",2014,12789805601859.2
"TEA",2015,13312998658413
"TEA",2016,13604410103345.8
"TEA",2017,14869982084029
"TEA",2018,16628455562440.2
"TEA",2019,17201604143343.6
"TEA",2020,17474730731538.4
"TEA",2021,20824108313726.3
"TEA",2022,21098845523342.9
"TEA",2023,21136712800814.7
"TEA",2024,NA
"TEC",1960,NA
"TEC",1961,NA
"TEC",1962,NA
"TEC",1963,NA
"TEC",1964,NA
"TEC",1965,NA
"TEC",1966,NA
"TEC",1967,NA
"TEC",1968,NA
"TEC",1969,NA
"TEC",1970,NA
"TEC",1971,NA
"TEC",1972,NA
"TEC",1973,NA
"TEC",1974,NA
"TEC",1975,NA
"TEC",1976,NA
"TEC",1977,NA
"TEC",1978,NA
"TEC",1979,NA
"TEC",1980,NA
"TEC",1981,NA
"TEC",1982,NA
"TEC",1983,NA
"TEC",1984,NA
"TEC",1985,NA
"TEC",1986,NA
"TEC",1987,NA
"TEC",1988,992509872377.885
"TEC",1989,965501006929.647
"TEC",1990,1024758090446.8
"TEC",1991,1006506817264.95
"TEC",1992,931623641867.791
"TEC",1993,920448111252.266
"TEC",1994,830059083052.188
"TEC",1995,925405891242.833
"TEC",1996,952472372015.033
"TEC",1997,982273248030.41
"TEC",1998,949788250241.805
"TEC",1999,823772539406.3
"TEC",2000,895734227991.983
"TEC",2001,911101886734
"TEC",2002,1024134515969.2
"TEC",2003,1260030816823.27
"TEC",2004,1629859985841.11
"TEC",2005,2040783699423.71
"TEC",2006,2468438722039.43
"TEC",2007,3174792980479.64
"TEC",2008,3930826079175.56
"TEC",2009,3116927643581.83
"TEC",2010,3662181918784.14
"TEC",2011,4455828100988
"TEC",2012,4651700371453.54
"TEC",2013,4920500233069.98
"TEC",2014,4649634327324.24
"TEC",2015,3632527035829.26
"TEC",2016,3490883944149.38
"TEC",2017,3922723280455.31
"TEC",2018,4091548485168.69
"TEC",2019,4175889218401.02
"TEC",2020,3916846154218.45
"TEC",2021,4642906015416.13
"TEC",2022,5237811052696.8
"TEC",2023,5497903850286.88
"TEC",2024,NA
"TGO",1960,171057069.137772
"TGO",1961,178497098.264275
"TGO",1962,186745757.859216
"TGO",1963,202305865.235908
"TGO",1964,234572186.455851
"TGO",1965,264505506.022433
"TGO",1966,305227594.821437
"TGO",1967,327215843.636336
"TGO",1968,341691567.465593
"TGO",1969,378091809.602636
"TGO",1970,358665753.909298
"TGO",1971,404648367.76644
"TGO",1972,474043921.843537
"TGO",1973,574030983.980053
"TGO",1974,791450308.362944
"TGO",1975,871781686.907321
"TGO",1976,874681611.928369
"TGO",1977,1097893825.98815
"TGO",1978,1164025637.26464
"TGO",1979,1259365711.53521
"TGO",1980,1604836915.96662
"TGO",1981,1359026709.45126
"TGO",1982,1160337039.38068
"TGO",1983,1081387264.60786
"TGO",1984,1014170069.21689
"TGO",1985,1076604520.42427
"TGO",1986,1498219578.86978
"TGO",1987,1763978065.8368
"TGO",1988,1947208354.22555
"TGO",1989,1910635575.38044
"TGO",1990,2299665505.61434
"TGO",1991,2262767860.10937
"TGO",1992,2390796915.91958
"TGO",1993,1741944426.20894
"TGO",1994,1387662121.46736
"TGO",1995,1849110468.19569
"TGO",1996,2069506014.46659
"TGO",1997,2116818622.95834
"TGO",1998,2241650112.33333
"TGO",1999,2226577203.91399
"TGO",2000,2106848752.27753
"TGO",2001,2093498674.49678
"TGO",2002,2410199032.43102
"TGO",2003,2987984050.99318
"TGO",2004,3191561508.69088
"TGO",2005,3221910408.46516
"TGO",2006,3320907721.74508
"TGO",2007,3759964943.38078
"TGO",2008,4578849657.99813
"TGO",2009,4721890900.22635
"TGO",2010,4746389531.6959
"TGO",2011,5422442166.44146
"TGO",2012,5413544658.41535
"TGO",2013,6021732977.26584
"TGO",2014,6393318261.82712
"TGO",2015,5755461035.38026
"TGO",2016,6071170959.12093
"TGO",2017,6387422517.69225
"TGO",2018,7029300383.08031
"TGO",2019,6992700101.37188
"TGO",2020,7400284167.78479
"TGO",2021,8342243645.94438
"TGO",2022,8169476148.95692
"TGO",2023,9171261837.57103
"TGO",2024,NA
"THA",1960,2760750860.62197
"THA",1961,3034037810.96795
"THA",1962,3308912796.93487
"THA",1963,3540403456.55305
"THA",1964,3889129942.30769
"THA",1965,4388937649.03846
"THA",1966,5279230817.30769
"THA",1967,5638461442.30769
"THA",1968,6081009427.88461
"THA",1969,6695336567.30769
"THA",1970,7086538437.5
"THA",1971,7375000024.03846
"THA",1972,8177873151.04224
"THA",1973,10838587357.7466
"THA",1974,13702998512.4492
"THA",1975,14882770593.9796
"THA",1976,16985208648.2112
"THA",1977,19779312261.3155
"THA",1978,24006566636.6855
"THA",1979,27371650824.5092
"THA",1980,32353514988.7287
"THA",1981,34846039193.6131
"THA",1982,36589772403.7566
"THA",1983,40042798388.4951
"THA",1984,41797647775.6238
"THA",1985,38900711332.5373
"THA",1986,43096773980.8569
"THA",1987,50535446554.8769
"THA",1988,61667253471.3736
"THA",1989,72250748099.9762
"THA",1990,85343190719.0107
"THA",1991,98234714971.0612
"THA",1992,111452746517.655
"THA",1993,128889262951.157
"THA",1994,146683778959.101
"THA",1995,169278916592.843
"THA",1996,183035237429.281
"THA",1997,150180456565.728
"THA",1998,113675596787.738
"THA",1999,126669211778.94
"THA",2000,126392224253.794
"THA",2001,120296476180.402
"THA",2002,134300904400.022
"THA",2003,152280615245.887
"THA",2004,172895685154.658
"THA",2005,189318408468.595
"THA",2006,221758296021.621
"THA",2007,262942621455.053
"THA",2008,291382982430.951
"THA",2009,281710630187.319
"THA",2010,341104766329.17
"THA",2011,370818739623.622
"THA",2012,397558325278.579
"THA",2013,420333654592.547
"THA",2014,407339040197.651
"THA",2015,401296238228.084
"THA",2016,413366349747.508
"THA",2017,456356813536.764
"THA",2018,506754208404.485
"THA",2019,543976691793.886
"THA",2020,500461898480.246
"THA",2021,506256494297.34
"THA",2022,495645210972.751
"THA",2023,514968699239.005
"THA",2024,NA
"TJK",1960,NA
"TJK",1961,NA
"TJK",1962,NA
"TJK",1963,NA
"TJK",1964,NA
"TJK",1965,NA
"TJK",1966,NA
"TJK",1967,NA
"TJK",1968,NA
"TJK",1969,NA
"TJK",1970,NA
"TJK",1971,NA
"TJK",1972,NA
"TJK",1973,NA
"TJK",1974,NA
"TJK",1975,NA
"TJK",1976,NA
"TJK",1977,NA
"TJK",1978,NA
"TJK",1979,NA
"TJK",1980,NA
"TJK",1981,NA
"TJK",1982,NA
"TJK",1983,NA
"TJK",1984,NA
"TJK",1985,NA
"TJK",1986,NA
"TJK",1987,NA
"TJK",1988,NA
"TJK",1989,NA
"TJK",1990,2629395066.27017
"TJK",1991,2536585365.85366
"TJK",1992,1908554572.27139
"TJK",1993,1646623195.15603
"TJK",1994,1522001205.54551
"TJK",1995,1231561860.39946
"TJK",1996,1043654822.33503
"TJK",1997,921518032.909326
"TJK",1998,1320199581.52261
"TJK",1999,1086612290.27171
"TJK",2000,860541842.263697
"TJK",2001,1080772551.29433
"TJK",2002,1221106220.2868
"TJK",2003,1555318261.4172
"TJK",2004,2076176869.41089
"TJK",2005,2312352020.6689
"TJK",2006,2830213848.6203
"TJK",2007,3719524540.86193
"TJK",2008,5161299725.27673
"TJK",2009,4979472364.4534
"TJK",2010,5642221099.17704
"TJK",2011,6522756255.012
"TJK",2012,7633036903.07634
"TJK",2013,8448411318.25417
"TJK",2014,9112605459.32845
"TJK",2015,8271431485.07484
"TJK",2016,6992416096.89018
"TJK",2017,7536402852.85802
"TJK",2018,7764999999.45362
"TJK",2019,8300813599.3084
"TJK",2020,8133963550.65742
"TJK",2021,8937805347.13963
"TJK",2022,10713525200.3998
"TJK",2023,12060602008.8478
"TJK",2024,NA
"TKM",1960,NA
"TKM",1961,NA
"TKM",1962,NA
"TKM",1963,NA
"TKM",1964,NA
"TKM",1965,NA
"TKM",1966,NA
"TKM",1967,NA
"TKM",1968,NA
"TKM",1969,NA
"TKM",1970,NA
"TKM",1971,NA
"TKM",1972,NA
"TKM",1973,NA
"TKM",1974,NA
"TKM",1975,NA
"TKM",1976,NA
"TKM",1977,NA
"TKM",1978,NA
"TKM",1979,NA
"TKM",1980,NA
"TKM",1981,NA
"TKM",1982,NA
"TKM",1983,NA
"TKM",1984,NA
"TKM",1985,NA
"TKM",1986,NA
"TKM",1987,2331358819.75954
"TKM",1988,3010982414.24425
"TKM",1989,3006988216.55045
"TKM",1990,3189539641.3171
"TKM",1991,3208098919.0146
"TKM",1992,3200539816.0601
"TKM",1993,3179225948.58114
"TKM",1994,2561118608.35516
"TKM",1995,2482228439.71407
"TKM",1996,2378759975.44506
"TKM",1997,2450350625.10407
"TKM",1998,2605689134.49042
"TKM",1999,2450564100.18292
"TKM",2000,2904663310.9825
"TKM",2001,3534772732.39746
"TKM",2002,4462029108.72349
"TKM",2003,5977440582.80171
"TKM",2004,6838351088.46688
"TKM",2005,8103901996.37024
"TKM",2006,10276674364.8961
"TKM",2007,12664165103.1895
"TKM",2008,19271523178.8079
"TKM",2009,20214385964.9123
"TKM",2010,22583157894.7368
"TKM",2011,29233333333.3333
"TKM",2012,35164210526.3158
"TKM",2013,39197543859.6491
"TKM",2014,43524210526.3158
"TKM",2015,35799714285.7143
"TKM",2016,36169428571.4286
"TKM",2017,37926285714.2857
"TKM",2018,40765428571.4286
"TKM",2019,45232857142.8571
"TKM",2020,4.5818e+10
"TKM",2021,50007428571.4286
"TKM",2022,5.8972e+10
"TKM",2023,60628857142.8571
"TKM",2024,NA
"TLA",1960,79359156748.2322
"TLA",1961,84319336310.1369
"TLA",1962,92280330980.7195
"TLA",1963,93584779153.0936
"TLA",1964,104061102087.734
"TLA",1965,111722789491.003
"TLA",1966,122997493992.025
"TLA",1967,125114021414.458
"TLA",1968,134089677517.602
"TLA",1969,149696525482.638
"TLA",1970,163191075146.532
"TLA",1971,181432296850.531
"TLA",1972,203809203780.098
"TLA",1973,273409881166.732
"TLA",1974,357600312166.609
"TLA",1975,373955173807.342
"TLA",1976,410640366941.668
"TLA",1977,451839654607.349
"TLA",1978,541699398779.106
"TLA",1979,607913724619.133
"TLA",1980,743942402936.634
"TLA",1981,852606003603.785
"TLA",1982,780344326387.456
"TLA",1983,681914372759.207
"TLA",1984,715753500772.934
"TLA",1985,707041605884.928
"TLA",1986,713281984095.209
"TLA",1987,765811466002.565
"TLA",1988,840249863768.49
"TLA",1989,932110197654.23
"TLA",1990,1114528208752.83
"TLA",1991,1124521896186.18
"TLA",1992,1232774425975.08
"TLA",1993,1466985260185.73
"TLA",1994,1715286198515.04
"TLA",1995,1856222698737.15
"TLA",1996,2016731412170.66
"TLA",1997,2212232302262.12
"TLA",1998,2233592462278.05
"TLA",1999,2002860177034.08
"TLA",2000,2214459641327.37
"TLA",2001,2161323029966.51
"TLA",2002,1927280719037.18
"TLA",2003,1960487705779.4
"TLA",2004,2264847326541.43
"TLA",2005,2751977104544.77
"TLA",2006,3234901591988.53
"TLA",2007,3826937668589.79
"TLA",2008,4465824074658.17
"TLA",2009,4176800803485.74
"TLA",2010,5212164267904.79
"TLA",2011,5941942238761.69
"TLA",2012,6007685903867.2
"TLA",2013,6156620349870.71
"TLA",2014,6273011910093.31
"TLA",2015,5197174644055.66
"TLA",2016,5056165834541.36
"TLA",2017,5634727349358.65
"TLA",2018,5506624568680.82
"TLA",2019,5413333286802.23
"TLA",2020,4561922258737.73
"TLA",2021,5313451270078.42
"TLA",2022,6049066571917.19
"TLA",2023,6779682191342.68
"TLA",2024,NA
"TLS",1960,NA
"TLS",1961,NA
"TLS",1962,NA
"TLS",1963,NA
"TLS",1964,NA
"TLS",1965,NA
"TLS",1966,NA
"TLS",1967,NA
"TLS",1968,NA
"TLS",1969,NA
"TLS",1970,NA
"TLS",1971,NA
"TLS",1972,NA
"TLS",1973,NA
"TLS",1974,NA
"TLS",1975,NA
"TLS",1976,NA
"TLS",1977,NA
"TLS",1978,NA
"TLS",1979,NA
"TLS",1980,NA
"TLS",1981,NA
"TLS",1982,NA
"TLS",1983,NA
"TLS",1984,NA
"TLS",1985,NA
"TLS",1986,NA
"TLS",1987,NA
"TLS",1988,NA
"TLS",1989,NA
"TLS",1990,128210142
"TLS",1991,147713000
"TLS",1992,187891500
"TLS",1993,216914400
"TLS",1994,239040500
"TLS",1995,262819900
"TLS",1996,306956900
"TLS",1997,319972700
"TLS",1998,325729800
"TLS",1999,225357600
"TLS",2000,366924300
"TLS",2001,477443500
"TLS",2002,469455500
"TLS",2003,490439100
"TLS",2004,440772000
"TLS",2005,462268000
"TLS",2006,453792400
"TLS",2007,542795400
"TLS",2008,648523600
"TLS",2009,726937800
"TLS",2010,881909300
"TLS",2011,1042534600
"TLS",2012,1160555000
"TLS",2013,1395727400
"TLS",2014,1447535200
"TLS",2015,1590282400
"TLS",2016,1640464600
"TLS",2017,1584878400
"TLS",2018,1555988600
"TLS",2019,2032550400
"TLS",2020,2162619200
"TLS",2021,3624889700
"TLS",2022,3208594000
"TLS",2023,2079916900
"TLS",2024,NA
"TMN",1960,17842510180.4703
"TMN",1961,18379370219.3978
"TMN",1962,18586793275.1636
"TMN",1963,20600910382.6982
"TMN",1964,22977799174.4942
"TMN",1965,25308010135.9299
"TMN",1966,26793268059.5253
"TMN",1967,29161047307.8974
"TMN",1968,33098517591.5839
"TMN",1969,37079178981.4341
"TMN",1970,41368738361.9243
"TMN",1971,47493427271.1773
"TMN",1972,56752387797.0134
"TMN",1973,75408162974.0959
"TMN",1974,116891467961.475
"TMN",1975,133239919883.434
"TMN",1976,165085669920.301
"TMN",1977,190778284068.992
"TMN",1978,203166668890.937
"TMN",1979,255119341533.335
"TMN",1980,310051044647.298
"TMN",1981,297574328577.755
"TMN",1982,333266131696.008
"TMN",1983,369930574622.874
"TMN",1984,385210395896.986
"TMN",1985,416302879113.116
"TMN",1986,449168375065.79
"TMN",1987,387641544419.725
"TMN",1988,369576931422.11
"TMN",1989,369585083132.41
"TMN",1990,514026803780.2
"TMN",1991,329645734753.081
"TMN",1992,336121712155.741
"TMN",1993,287670603103.169
"TMN",1994,304590448179.398
"TMN",1995,336976502406.652
"TMN",1996,377439700431.517
"TMN",1997,396737077681.085
"TMN",1998,406659451056.215
"TMN",1999,444857187154.882
"TMN",2000,470235593839.263
"TMN",2001,476450622805.497
"TMN",2002,459606900952.368
"TMN",2003,503858676342.011
"TMN",2004,597696919007.892
"TMN",2005,700527796746.276
"TMN",2006,822277801907.76
"TMN",2007,1010292021116.75
"TMN",2008,1246526034930.42
"TMN",2009,1210828811082.54
"TMN",2010,1403811162961.75
"TMN",2011,1646483027927.36
"TMN",2012,1770668579918.12
"TMN",2013,1638102742991.43
"TMN",2014,1613901715604.2
"TMN",2015,1447589143238.17
"TMN",2016,1482397387590.82
"TMN",2017,1483102386761.12
"TMN",2018,1474394288640.86
"TMN",2019,1463042606051.1
"TMN",2020,1313341152321.83
"TMN",2021,1534644180082.25
"TMN",2022,1722755540109.65
"TMN",2023,1653767249808.37
"TMN",2024,NA
"TON",1960,NA
"TON",1961,NA
"TON",1962,NA
"TON",1963,NA
"TON",1964,NA
"TON",1965,NA
"TON",1966,NA
"TON",1967,NA
"TON",1968,NA
"TON",1969,NA
"TON",1970,NA
"TON",1971,NA
"TON",1972,NA
"TON",1973,NA
"TON",1974,NA
"TON",1975,32506741.7201204
"TON",1976,30036416.9619944
"TON",1977,34139387.8908849
"TON",1978,41567471.6721987
"TON",1979,44667002.0120724
"TON",1980,53260077.4311091
"TON",1981,62242013.3302689
"TON",1982,62068161.0711025
"TON",1983,60863963.963964
"TON",1984,64248354.5414656
"TON",1985,60058663.3144773
"TON",1986,68195855.6149733
"TON",1987,81667133.4546982
"TON",1988,106657267.367342
"TON",1989,106344854.986095
"TON",1990,113563821.577404
"TON",1991,132201141.446861
"TON",1992,137066290.550071
"TON",1993,138489884.393064
"TON",1994,195990966.964273
"TON",1995,208871687.556137
"TON",1996,222100545.630873
"TON",1997,214991477.847365
"TON",1998,191504899.645243
"TON",1999,199208705.408314
"TON",2000,204848470.149169
"TON",2001,181117222.026288
"TON",2002,182764260.095439
"TON",2003,202246611.77407
"TON",2004,230677994.614233
"TON",2005,261823827.381488
"TON",2006,292232681.61217
"TON",2007,298519618.087539
"TON",2008,344438839.641883
"TON",2009,312415046.412413
"TON",2010,366887376.561955
"TON",2011,414143823.181648
"TON",2012,471122970.872337
"TON",2013,451788486.864637
"TON",2014,440997738.014078
"TON",2015,437525514.240726
"TON",2016,420828262.317922
"TON",2017,459976850.268529
"TON",2018,489714518.002333
"TON",2019,494197841.113077
"TON",2020,496856295.76752
"TON",2021,518228012.09129
"TON",2022,518180042.241509
"TON",2023,NA
"TON",2024,NA
"TSA",1960,47274328378.8543
"TSA",1961,50467431650.1184
"TSA",1962,53905757720.8105
"TSA",1963,60496393963.6217
"TSA",1964,69320094074.1273
"TSA",1965,74300329652.5007
"TSA",1966,61634144134.499
"TSA",1967,67988908261.0551
"TSA",1968,71642503355.3152
"TSA",1969,78860212865.8382
"TSA",1970,85149253640.797
"TSA",1971,90601671637.0805
"TSA",1972,91337915060.3368
"TSA",1973,104513553254.388
"TSA",1974,126550864082.649
"TSA",1975,135367221096.065
"TSA",1976,131873606964.226
"TSA",1977,152699721135.118
"TSA",1978,173796327156.849
"TSA",1979,194667468320.364
"TSA",1980,235543383601.461
"TSA",1981,250076708191.894
"TSA",1982,258727224080.527
"TSA",1983,273881790993.843
"TSA",1984,272607073140.901
"TSA",1985,296435460430.099
"TSA",1986,313955151400.119
"TSA",1987,348601867655.974
"TSA",1988,374584211824.024
"TSA",1989,378016943211.803
"TSA",1990,406963354249.841
"TSA",1991,362063214739.186
"TSA",1992,384521577066.971
"TSA",1993,380890164437.893
"TSA",1994,432085555561.06
"TSA",1995,479585498256.836
"TSA",1996,524681300053.179
"TSA",1997,550408821354.512
"TSA",1998,558117074309.657
"TSA",1999,597995276003.899
"TSA",2000,647681666329.099
"TSA",2001,662513570031.796
"TSA",2002,695456014025.075
"TSA",2003,811668772003.7
"TSA",2004,941600860447.855
"TSA",2005,1075831387110.75
"TSA",2006,1220740366779.5
"TSA",2007,1536036848197.11
"TSA",2008,1559693610850.8
"TSA",2009,1702714960004.27
"TSA",2010,2082393224243.39
"TSA",2011,2294130226834.82
"TSA",2012,2327972502889.9
"TSA",2013,2389925602766.97
"TSA",2014,2614947275467.62
"TSA",2015,2733651859001.15
"TSA",2016,3011071812937.53
"TSA",2017,3433921311742.89
"TSA",2018,3534066859804.7
"TSA",2019,3658209765835.5
"TSA",2020,3493120726808.9
"TSA",2021,4079874340683.1
"TSA",2022,4327392880815.64
"TSA",2023,4494987381110.1
"TSA",2024,NA
"TSS",1960,35999878594.0433
"TSS",1961,37529010103.7958
"TSS",1962,40561501231.8665
"TSS",1963,46136363835.4131
"TSS",1964,45900075440.0533
"TSS",1965,50553642033.2067
"TSS",1966,54791062255.4508
"TSS",1967,54853772525.4856
"TSS",1968,58697940809.468
"TSS",1969,66271375018.254
"TSS",1970,74013525325.8832
"TSS",1971,76093761638.2128
"TSS",1972,85744484210.1309
"TSS",1973,109301136624.562
"TSS",1974,138668997099.52
"TSS",1975,152250584953.468
"TSS",1976,164707058357.447
"TSS",1977,180995314278.725
"TSS",1978,202693630524.218
"TSS",1979,238972041379.646
"TSS",1980,299156861232.473
"TSS",1981,404311362942.53
"TSS",1982,376182335241.856
"TSS",1983,337782415705.058
"TSS",1984,301829555919.123
"TSS",1985,288161913898.376
"TSS",1986,270024419654.379
"TSS",1987,302358754143.882
"TSS",1988,318213399666.485
"TSS",1989,323805308033.055
"TSS",1990,379311825675.495
"TSS",1991,405375420644.432
"TSS",1992,365094470300.31
"TSS",1993,369117626218.33
"TSS",1994,377662803286.63
"TSS",1995,480483604759.225
"TSS",1996,536641887730.235
"TSS",1997,564644820351.763
"TSS",1998,565924901411.992
"TSS",1999,404065822504.732
"TSS",2000,428340828932.008
"TSS",2001,410381410917.65
"TSS",2002,446810537330.991
"TSS",2003,562596341824.35
"TSS",2004,698496039334.092
"TSS",2005,828850789134.691
"TSS",2006,977634560614.339
"TSS",2007,1131743844061.68
"TSS",2008,1282823777661.01
"TSS",2009,1225403057803.24
"TSS",2010,1449562327175.87
"TSS",2011,1629327277658.53
"TSS",2012,1692936639108.22
"TSS",2013,1799332280879.88
"TSS",2014,1876123974059.89
"TSS",2015,1670044721688.17
"TSS",2016,1523303785527.21
"TSS",2017,1660848124029.88
"TSS",2018,1782800988574.01
"TSS",2019,1836204944040.04
"TSS",2020,1723193433652.91
"TSS",2021,1935057601074.18
"TSS",2022,2075397087141.81
"TSS",2023,2044578421949.78
"TSS",2024,NA
"TTO",1960,535673252.260337
"TTO",1961,584964620.678045
"TTO",1962,619322809.768256
"TTO",1963,678239329.119076
"TTO",1964,711897519.959574
"TTO",1965,736573158.260197
"TTO",1966,723739857.015464
"TTO",1967,761981912.42271
"TTO",1968,758899950
"TTO",1969,779200000
"TTO",1970,821850000
"TTO",1971,896765214.626133
"TTO",1972,1083391757.89486
"TTO",1973,1308785430.53591
"TTO",1974,2042001070.5079
"TTO",1975,2442669824.56431
"TTO",1976,2500424955.23006
"TTO",1977,3138666667.97444
"TTO",1978,3562333459.81764
"TTO",1979,4602416626.91767
"TTO",1980,6235833335.9316
"TTO",1981,6992083336.2467
"TTO",1982,8140416670.05851
"TTO",1983,7763750003.2349
"TTO",1984,7757083334.68006
"TTO",1985,7375918367.34694
"TTO",1986,4794444444.44444
"TTO",1987,4797777777.77778
"TTO",1988,4496910569.10569
"TTO",1989,4323058823.52941
"TTO",1990,5.068e+09
"TTO",1991,5307905882.35294
"TTO",1992,5439552941.17647
"TTO",1993,4669491134.2478
"TTO",1994,4947181645.55221
"TTO",1995,5329217747.21258
"TTO",1996,5759570336.11287
"TTO",1997,5737771523.10148
"TTO",1998,6043686653.62189
"TTO",1999,6808982520.75759
"TTO",2000,8154342116.10311
"TTO",2001,8824849191.03571
"TTO",2002,9008298228.60273
"TTO",2003,11305459802.0683
"TTO",2004,13280291989.5755
"TTO",2005,15982389018.4041
"TTO",2006,18369361094.3886
"TTO",2007,21641620049.9352
"TTO",2008,27871587349.5413
"TTO",2009,19172165225.5015
"TTO",2010,22157920592.3669
"TTO",2011,25433007437.1605
"TTO",2012,27334568806.1922
"TTO",2013,28709859468.8597
"TTO",2014,29697674913.5408
"TTO",2015,27026750552.9647
"TTO",2016,23722678429.8078
"TTO",2017,24040211327.4898
"TTO",2018,24569257295.0918
"TTO",2019,23775659262.5735
"TTO",2020,20807716174.0546
"TTO",2021,24496397204.7176
"TTO",2022,30053446092.0128
"TTO",2023,27372285697.9477
"TTO",2024,NA
"TUN",1960,NA
"TUN",1961,866155428.571429
"TUN",1962,880027733.333333
"TUN",1963,1026737600
"TUN",1964,1025866792.15686
"TUN",1965,991047619.047619
"TUN",1966,1040952380.95238
"TUN",1967,1085714285.71429
"TUN",1968,1214666666.66667
"TUN",1969,1289904761.90476
"TUN",1970,1439238095.2381
"TUN",1971,1685162272.40652
"TUN",1972,2237556148.51085
"TUN",1973,2730813385.32624
"TUN",1974,3545868575.14639
"TUN",1975,4328965587.53266
"TUN",1976,4508191942.16081
"TUN",1977,5109324009.32401
"TUN",1978,5968460080.1113
"TUN",1979,7188863903.63675
"TUN",1980,8744134354.16152
"TUN",1981,8428445294.08429
"TUN",1982,8133580051.70251
"TUN",1983,8350582747.83541
"TUN",1984,8254541194.82566
"TUN",1985,8410226052.6114
"TUN",1986,9017806654.4169
"TUN",1987,9696715910.70907
"TUN",1988,10096245762.4352
"TUN",1989,10101851744.5627
"TUN",1990,12290568181.8182
"TUN",1991,13074782608.6957
"TUN",1992,15496708060.4184
"TUN",1993,14608335608.1543
"TUN",1994,15633174304.0905
"TUN",1995,18030876599.3444
"TUN",1996,19587161806.7655
"TUN",1997,20746210353.845
"TUN",1998,21802893587.126
"TUN",1999,22943202174.9668
"TUN",2000,21473528160.7782
"TUN",2001,22065832448.8623
"TUN",2002,23141616604.5242
"TUN",2003,27453902261.4629
"TUN",2004,31183885241.4396
"TUN",2005,32272186694.8043
"TUN",2006,34376664600.5898
"TUN",2007,38915353866.757
"TUN",2008,44859439902.2191
"TUN",2009,43455740497.3061
"TUN",2010,46206091937.9628
"TUN",2011,48123325825.0739
"TUN",2012,47311401812.6733
"TUN",2013,48685446413.953
"TUN",2014,50271812920.612
"TUN",2015,45779494041.9295
"TUN",2016,44360072680.4476
"TUN",2017,42163530590.9462
"TUN",2018,42686504459.801
"TUN",2019,41905642418.825
"TUN",2020,42491780918.361
"TUN",2021,46812290143.344
"TUN",2022,44579761022.8993
"TUN",2023,48529595416.6533
"TUN",2024,NA
"TUR",1960,7566666666.66667
"TUR",1961,7988888888.88889
"TUR",1962,8922222222.22222
"TUR",1963,10355555555.5556
"TUR",1964,11177777777.7778
"TUR",1965,11966666666.6667
"TUR",1966,1.41e+10
"TUR",1967,15644444444.4444
"TUR",1968,1.75e+10
"TUR",1969,19466666666.6667
"TUR",1970,17863636363.6364
"TUR",1971,16166666666.6667
"TUR",1972,2.065e+10
"TUR",1973,2.6e+10
"TUR",1974,35414285714.2857
"TUR",1975,46042857142.8571
"TUR",1976,5.145e+10
"TUR",1977,58683333333.3333
"TUR",1978,65912500000
"TUR",1979,89616129032.2581
"TUR",1980,68823684210.5263
"TUR",1981,71180180180.1802
"TUR",1982,64369325153.3742
"TUR",1983,61803555555.5556
"TUR",1984,59937602179.8365
"TUR",1985,67232758620.6897
"TUR",1986,75673037037.037
"TUR",1987,87190081680.28
"TUR",1988,90875175808.7201
"TUR",1989,107127191328.935
"TUR",1990,150655500191.644
"TUR",1991,151034731543.624
"TUR",1992,159104772991.851
"TUR",1993,180415757851.616
"TUR",1994,130650447499.071
"TUR",1995,169319579016.25
"TUR",1996,181464408820.097
"TUR",1997,189878399894.643
"TUR",1998,275941990764.18
"TUR",1999,256395932738.435
"TUR",2000,274294623164.043
"TUR",2001,201753123806.695
"TUR",2002,240249071871.106
"TUR",2003,314595572145.767
"TUR",2004,408865430220.331
"TUR",2005,506314717661.655
"TUR",2006,557076157773.479
"TUR",2007,681321124295.914
"TUR",2008,770449132861.373
"TUR",2009,649289324627.732
"TUR",2010,776967266305.53
"TUR",2011,838785289694.35
"TUR",2012,880555885492.269
"TUR",2013,957799120008.32
"TUR",2014,938934609296.966
"TUR",2015,864313810469.009
"TUR",2016,869682881593.041
"TUR",2017,858988492853.742
"TUR",2018,778972108040.602
"TUR",2019,761005915750.925
"TUR",2020,720338490327.248
"TUR",2021,819865223976.115
"TUR",2022,907118434653.505
"TUR",2023,1118252964260.77
"TUR",2024,NA
"TUV",1960,NA
"TUV",1961,NA
"TUV",1962,NA
"TUV",1963,NA
"TUV",1964,NA
"TUV",1965,NA
"TUV",1966,NA
"TUV",1967,NA
"TUV",1968,NA
"TUV",1969,NA
"TUV",1970,2585955.87411804
"TUV",1971,2716989.58449994
"TUV",1972,2968457.94392523
"TUV",1973,3411915.43882127
"TUV",1974,4122328.66617539
"TUV",1975,4014748.0540762
"TUV",1976,3919072.22992563
"TUV",1977,3669419.59164946
"TUV",1978,3798781.86329799
"TUV",1979,4065659.43428377
"TUV",1980,4206128.13370474
"TUV",1981,4773017.53163822
"TUV",1982,4118945.16164625
"TUV",1983,4152550.30416472
"TUV",1984,4481977.90255389
"TUV",1985,3862851.88310194
"TUV",1986,4574706.2115277
"TUV",1987,5020513.49920593
"TUV",1988,7011059.37136204
"TUV",1989,8454523.24729257
"TUV",1990,9542900.90136505
"TUV",1991,10127313.9132358
"TUV",1992,10535028.1423687
"TUV",1993,10414399.9564792
"TUV",1994,11772610.6579341
"TUV",1995,11922614.1984666
"TUV",1996,13338597.3300737
"TUV",1997,13734210.096632
"TUV",1998,13795146.2092638
"TUV",1999,14800503.2582747
"TUV",2000,15073975.5349377
"TUV",2001,13964732.327114
"TUV",2002,16842672.5952874
"TUV",2003,19456338.0318228
"TUV",2004,22798274.9795551
"TUV",2005,22909979.8163078
"TUV",2006,24096875.4635825
"TUV",2007,28450168.692765
"TUV",2008,31874434.857882
"TUV",2009,28076983.9703819
"TUV",2010,32105408.4771121
"TUV",2011,39196957.4908996
"TUV",2012,39345579.4723758
"TUV",2013,38615890.6320745
"TUV",2014,38760982.6540096
"TUV",2015,36811936.0824587
"TUV",2016,41629064.2232388
"TUV",2017,45276595.3533146
"TUV",2018,48015259.8751356
"TUV",2019,54123198.5662913
"TUV",2020,51746594.3148543
"TUV",2021,60196405.7138393
"TUV",2022,59065982.0873657
"TUV",2023,62280311.5852172
"TUV",2024,NA
"TZA",1960,2651729807.38808
"TZA",1961,2826179031.22839
"TZA",1962,3101589992.664
"TZA",1963,3456579293.44828
"TZA",1964,3748840925.06363
"TZA",1965,3817226546.22938
"TZA",1966,4377998825.12047
"TZA",1967,4565132047.52718
"TZA",1968,4895251824.05927
"TZA",1969,5142066811.47328
"TZA",1970,2851419386.07225
"TZA",1971,3050673517.33059
"TZA",1972,3472787266.0964
"TZA",1973,4144104535.49655
"TZA",1974,4977337978.35959
"TZA",1975,5729917839.54264
"TZA",1976,6472511987.84735
"TZA",1977,7732598995.10303
"TZA",1978,9261675709.83072
"TZA",1979,9804637490.81892
"TZA",1980,11409228086.7463
"TZA",1981,13161540377.5792
"TZA",1982,13927383239.8322
"TZA",1983,14049883809.0089
"TZA",1984,12906635133.1557
"TZA",1985,15328295175.4067
"TZA",1986,10840864521.2338
"TZA",1987,7824193222.11908
"TZA",1988,7406614407.46127
"TZA",1989,6418799006.80247
"TZA",1990,6184384225.02712
"TZA",1991,7197768158.58347
"TZA",1992,6681997469.31292
"TZA",1993,6182872707.82523
"TZA",1994,6550480483.9385
"TZA",1995,7631431840.49992
"TZA",1996,9433528150.36609
"TZA",1997,11158197941.9152
"TZA",1998,12172790056.3733
"TZA",1999,12704334195.8151
"TZA",2000,13371767081.7428
"TZA",2001,13563990022.3641
"TZA",2002,14129651895.6911
"TZA",2003,15211487708.7684
"TZA",2004,16673062473.3981
"TZA",2005,18395383647.4975
"TZA",2006,18619859795.2852
"TZA",2007,21860434823.4808
"TZA",2008,27947821397.9272
"TZA",2009,29400573553.6075
"TZA",2010,32012892919.37
"TZA",2011,34657140096.4836
"TZA",2012,39650394362.9287
"TZA",2013,45648857242.315
"TZA",2014,49986726460.6805
"TZA",2015,47413919817.124
"TZA",2016,49774409374.4538
"TZA",2017,53274884532.7886
"TZA",2018,57003712892.0858
"TZA",2019,61026731925.9213
"TZA",2020,66068737786.0639
"TZA",2021,70655628147.8986
"TZA",2022,75769974505.0106
"TZA",2023,79062403820.892
"TZA",2024,NA
"UGA",1960,423145605.043164
"UGA",1961,441667334.611947
"UGA",1962,449158233.391351
"UGA",1963,516315231.449087
"UGA",1964,589247687.30035
"UGA",1965,884502309.953801
"UGA",1966,925381492.370153
"UGA",1967,967240655.186896
"UGA",1968,1037379252.41495
"UGA",1969,1168556628.86742
"UGA",1970,1259554808.90382
"UGA",1971,1417191656.16688
"UGA",1972,1490970180.59639
"UGA",1973,1701829789.02127
"UGA",1974,2098944967.20844
"UGA",1975,2359555555.55556
"UGA",1976,2447300000
"UGA",1977,2936470588.23529
"UGA",1978,2420260869.56522
"UGA",1979,2139025000
"UGA",1980,1244610000
"UGA",1981,1337300000
"UGA",1982,2177500000
"UGA",1983,2240333333.33333
"UGA",1984,3615647477.05434
"UGA",1985,3519695443.52516
"UGA",1986,3923244049.95796
"UGA",1987,6269522042.11556
"UGA",1988,6508931651.66667
"UGA",1989,5276480799.33868
"UGA",1990,4304399310.30967
"UGA",1991,3321729159.62277
"UGA",1992,2857457761.90922
"UGA",1993,3220439044.18949
"UGA",1994,3990430446.71216
"UGA",1995,5755818842.49246
"UGA",1996,6044585326.938
"UGA",1997,6269333313.17108
"UGA",1998,6584815846.52754
"UGA",1999,5998563257.94659
"UGA",2000,6193246837.09687
"UGA",2001,5840503868.51573
"UGA",2002,6178563591.12051
"UGA",2003,6606884275.23087
"UGA",2004,7939487547.77384
"UGA",2005,9239221763.05793
"UGA",2006,9977647682.96954
"UGA",2007,11902564494.8833
"UGA",2008,14440404132.2047
"UGA",2009,25127805566.6584
"UGA",2010,26673441430.7857
"UGA",2011,27871725241.4723
"UGA",2012,27305915910.7877
"UGA",2013,28915786516.6123
"UGA",2014,32612397257.4458
"UGA",2015,32387183730.1002
"UGA",2016,29203988696.2626
"UGA",2017,30744473841.424
"UGA",2018,32927025619.6795
"UGA",2019,35348155095.4215
"UGA",2020,37600368241.6657
"UGA",2021,40529788748.6737
"UGA",2022,45565333210.9108
"UGA",2023,48768955863.3175
"UGA",2024,NA
"UKR",1960,NA
"UKR",1961,NA
"UKR",1962,NA
"UKR",1963,NA
"UKR",1964,NA
"UKR",1965,NA
"UKR",1966,NA
"UKR",1967,NA
"UKR",1968,NA
"UKR",1969,NA
"UKR",1970,NA
"UKR",1971,NA
"UKR",1972,NA
"UKR",1973,NA
"UKR",1974,NA
"UKR",1975,NA
"UKR",1976,NA
"UKR",1977,NA
"UKR",1978,NA
"UKR",1979,NA
"UKR",1980,NA
"UKR",1981,NA
"UKR",1982,NA
"UKR",1983,NA
"UKR",1984,NA
"UKR",1985,NA
"UKR",1986,NA
"UKR",1987,64087694038.2333
"UKR",1988,74703517902.6642
"UKR",1989,82709161099.1244
"UKR",1990,81393558423.4406
"UKR",1991,77350733982.4458
"UKR",1992,73945908383.7046
"UKR",1993,65648559903.0571
"UKR",1994,52549553403.0304
"UKR",1995,48213856468.5718
"UKR",1996,44558831005.0621
"UKR",1997,50151531591.7317
"UKR",1998,41882523345.1804
"UKR",1999,31580639553.8298
"UKR",2000,32375083934.8241
"UKR",2001,39309580983.2282
"UKR",2002,43956163612.0433
"UKR",2003,52010355753.0461
"UKR",2004,67220154164.3166
"UKR",2005,89238865118.5263
"UKR",2006,111884752475.248
"UKR",2007,148733861386.139
"UKR",2008,188110390659.515
"UKR",2009,121552153444.124
"UKR",2010,141209170427.233
"UKR",2011,169333835201.554
"UKR",2012,182591753827.949
"UKR",2013,190498811460.028
"UKR",2014,133503871861.723
"UKR",2015,91030967789.0717
"UKR",2016,93355869403.9223
"UKR",2017,112090505081.739
"UKR",2018,130891088293.55
"UKR",2019,153883047509.577
"UKR",2020,156617722013.342
"UKR",2021,199765859570.935
"UKR",2022,161989520721.19
"UKR",2023,178757021965.008
"UKR",2024,NA
"UMC",1960,179283983325.459
"UMC",1961,170671429477.285
"UMC",1962,174832411101.594
"UMC",1963,184497355904.389
"UMC",1964,211436938910.7
"UMC",1965,236506106226.706
"UMC",1966,260982148283.032
"UMC",1967,264287383205.541
"UMC",1968,279751126703.511
"UMC",1969,313924530024.416
"UMC",1970,344989504618.524
"UMC",1971,375546641965.743
"UMC",1972,430970845861.105
"UMC",1973,568082088699.44
"UMC",1974,730831878784.042
"UMC",1975,808817699010.247
"UMC",1976,876610660946.576
"UMC",1977,982903482840.231
"UMC",1978,1083326323712.76
"UMC",1979,1261278825704.22
"UMC",1980,1477563776050.56
"UMC",1981,1594146125937.72
"UMC",1982,1565614758904.81
"UMC",1983,1532203241864.5
"UMC",1984,1618911538377.65
"UMC",1985,1669917653507.22
"UMC",1986,1714812333436.2
"UMC",1987,1731745201803.53
"UMC",1988,1870691833201.56
"UMC",1989,2071001497026.29
"UMC",1990,2492583798305.06
"UMC",1991,2345110312251.57
"UMC",1992,2507023777705.9
"UMC",1993,2763258230655.2
"UMC",1994,3111484692777.3
"UMC",1995,3535669951727.07
"UMC",1996,3910793518612.33
"UMC",1997,4163330637079.04
"UMC",1998,4110157937353.24
"UMC",1999,4001279700314.12
"UMC",2000,4372777700546.36
"UMC",2001,4374920051441.4
"UMC",2002,4406965160468
"UMC",2003,4911775371854.07
"UMC",2004,5793585386943.71
"UMC",2005,6887070884966.93
"UMC",2006,8120998060294.65
"UMC",2007,9981041619200.59
"UMC",2008,12063430678769.3
"UMC",2009,11970458987155.9
"UMC",2010,14632242576517.1
"UMC",2011,17501017014718
"UMC",2012,18676741238950.3
"UMC",2013,19843459094694.3
"UMC",2014,20594317216179.5
"UMC",2015,19830615812257.5
"UMC",2016,19907655431181.7
"UMC",2017,21841603589645.9
"UMC",2018,23375867162686.5
"UMC",2019,23748825752032.3
"UMC",2020,22976120181600.3
"UMC",2021,27390623700501
"UMC",2022,28547068404946.9
"UMC",2023,29440021018933.5
"UMC",2024,NA
"URY",1960,1242289239.20493
"URY",1961,1547388781.43133
"URY",1962,1710004407.22785
"URY",1963,1539681490.78174
"URY",1964,1975701816.46615
"URY",1965,1890767155.52622
"URY",1966,1809185093.55188
"URY",1967,1597713469.09611
"URY",1968,1593674184.56285
"URY",1969,2004435483.87097
"URY",1970,2137096774.19355
"URY",1971,2807258064.51613
"URY",1972,2189418688.80408
"URY",1973,3964296443.35254
"URY",1974,4090209681.97172
"URY",1975,3538278046.96236
"URY",1976,3667161241.48372
"URY",1977,4114670014.3472
"URY",1978,4910254565.57831
"URY",1979,7181182224.11227
"URY",1980,10163020115.7344
"URY",1981,11048301420.6301
"URY",1982,9178780076.99713
"URY",1983,5102276308.45313
"URY",1984,4850238549.61832
"URY",1985,4732017873.38369
"URY",1986,5880112788.40947
"URY",1987,7367494080.40014
"URY",1988,8213538368.84635
"URY",1989,8438951476.06644
"URY",1990,9298807850.29979
"URY",1991,11206176650.9075
"URY",1992,12878148790.7348
"URY",1993,15002136971.1745
"URY",1994,17474588895.8918
"URY",1995,19297663096.5506
"URY",1996,20515458113.5857
"URY",1997,23969739233.8966
"URY",1998,25385886977.5228
"URY",1999,23983945190.6202
"URY",2000,22823270892.1094
"URY",2001,20898761742.2386
"URY",2002,13606515722.5864
"URY",2003,12045638351.8507
"URY",2004,13686329890.1191
"URY",2005,17362857683.8545
"URY",2006,19741420739.8901
"URY",2007,23797773024.3992
"URY",2008,31119602538.8322
"URY",2009,32708319077.5179
"URY",2010,41950361211.9581
"URY",2011,50342406067.0777
"URY",2012,54232266358.7811
"URY",2013,61337621933.7857
"URY",2014,61496186973.902
"URY",2015,57680327998.6689
"URY",2016,57480788390.2581
"URY",2017,65006039994.56
"URY",2018,65344576348.2279
"URY",2019,62222325807.0578
"URY",2020,53668636567.8667
"URY",2021,60760798595.5436
"URY",2022,70164683290.3776
"URY",2023,77240830877.4597
"URY",2024,NA
"USA",1960,541988586206.897
"USA",1961,561940310344.828
"USA",1962,603639413793.103
"USA",1963,637058551724.138
"USA",1964,684144620689.655
"USA",1965,741904862068.965
"USA",1966,813032758620.69
"USA",1967,859620034482.759
"USA",1968,9.40225e+11
"USA",1969,1017438172413.79
"USA",1970,1.073303e+12
"USA",1971,1.16485e+12
"USA",1972,1.27911e+12
"USA",1973,1.425376e+12
"USA",1974,1.545243e+12
"USA",1975,1.684904e+12
"USA",1976,1.873412e+12
"USA",1977,2.081826e+12
"USA",1978,2.351599e+12
"USA",1979,2.627333e+12
"USA",1980,2.857307e+12
"USA",1981,3.207041e+12
"USA",1982,3.343789e+12
"USA",1983,3.634038e+12
"USA",1984,4.037613e+12
"USA",1985,4.338979e+12
"USA",1986,4.579631e+12
"USA",1987,4.855215e+12
"USA",1988,5.236438e+12
"USA",1989,5.64158e+12
"USA",1990,5.963144e+12
"USA",1991,6.158129e+12
"USA",1992,6.520327e+12
"USA",1993,6.858559e+12
"USA",1994,7.287236e+12
"USA",1995,7.639749e+12
"USA",1996,8.073122e+12
"USA",1997,8.577552e+12
"USA",1998,9.062817e+12
"USA",1999,9.631172e+12
"USA",2000,1.0250952e+13
"USA",2001,1.0581929e+13
"USA",2002,1.0929108e+13
"USA",2003,1.145645e+13
"USA",2004,1.2217196e+13
"USA",2005,1.3039197e+13
"USA",2006,1.3815583e+13
"USA",2007,1.4474228e+13
"USA",2008,1.4769862e+13
"USA",2009,1.4478067e+13
"USA",2010,1.5048971e+13
"USA",2011,1.5599732e+13
"USA",2012,1.625397e+13
"USA",2013,1.6880683e+13
"USA",2014,1.7608138e+13
"USA",2015,1.8295019e+13
"USA",2016,1.8804913e+13
"USA",2017,1.9612102e+13
"USA",2018,2.0656516e+13
"USA",2019,2.1539982e+13
"USA",2020,2.1354105e+13
"USA",2021,2.3681171e+13
"USA",2022,2.6006893e+13
"USA",2023,2.7720709e+13
"USA",2024,NA
"UZB",1960,NA
"UZB",1961,NA
"UZB",1962,NA
"UZB",1963,NA
"UZB",1964,NA
"UZB",1965,NA
"UZB",1966,NA
"UZB",1967,NA
"UZB",1968,NA
"UZB",1969,NA
"UZB",1970,NA
"UZB",1971,NA
"UZB",1972,NA
"UZB",1973,NA
"UZB",1974,NA
"UZB",1975,NA
"UZB",1976,NA
"UZB",1977,NA
"UZB",1978,NA
"UZB",1979,NA
"UZB",1980,NA
"UZB",1981,NA
"UZB",1982,NA
"UZB",1983,NA
"UZB",1984,NA
"UZB",1985,NA
"UZB",1986,NA
"UZB",1987,8523160592.61112
"UZB",1988,10722799639.3121
"UZB",1989,11948815258.1132
"UZB",1990,13362340337.8657
"UZB",1991,13800167711.5003
"UZB",1992,12953801760.2414
"UZB",1993,13099928447.4768
"UZB",1994,12899074922.38
"UZB",1995,13350461264.9969
"UZB",1996,13948892215.5689
"UZB",1997,14744603773.5849
"UZB",1998,14988971210.8383
"UZB",1999,17078465982.0282
"UZB",2000,13760513969.314
"UZB",2001,11401421329.1974
"UZB",2002,9687788512.80184
"UZB",2003,10134453435.4603
"UZB",2004,12030023547.8807
"UZB",2005,14307509838.8053
"UZB",2006,17330833852.919
"UZB",2007,22311393927.8817
"UZB",2008,29549438883.8338
"UZB",2009,33689223673.2577
"UZB",2010,49765676402.4495
"UZB",2011,60178909297.208
"UZB",2012,67517349212.0609
"UZB",2013,73180037914.9104
"UZB",2014,80845385809.4529
"UZB",2015,86196264755.3105
"UZB",2016,86138288644.171
"UZB",2017,69703222282.7278
"UZB",2018,58695899092.1083
"UZB",2019,67293639798.3996
"UZB",2020,66443265418.3086
"UZB",2021,77340060003.0347
"UZB",2022,90095926567.4359
"UZB",2023,101591769702.343
"UZB",2024,NA
"VCT",1960,13066634.0000817
"VCT",1961,13999965.0000875
"VCT",1962,14524963.6875908
"VCT",1963,13708299.0625857
"VCT",1964,14758296.4375922
"VCT",1965,15108295.5625944
"VCT",1966,16099959.7501006
"VCT",1967,15835106.0327781
"VCT",1968,15350000
"VCT",1969,16650000
"VCT",1970,18450000
"VCT",1971,20051922.3261445
"VCT",1972,27585804.8653032
"VCT",1973,30165081.0858817
"VCT",1974,32923702.7281866
"VCT",1975,33237225.9880652
"VCT",1976,32792844.6829448
"VCT",1977,49353161.8518519
"VCT",1978,60844771.4814815
"VCT",1979,71096359.6296296
"VCT",1980,82340339.6296296
"VCT",1981,102086539.259259
"VCT",1982,113759203.333333
"VCT",1983,122255349.62963
"VCT",1984,135024987.777778
"VCT",1985,145641705.185185
"VCT",1986,160846656.666667
"VCT",1987,175580647.407407
"VCT",1988,200726712.592593
"VCT",1989,214745002.222222
"VCT",1990,240366666.666667
"VCT",1991,254829629.62963
"VCT",1992,277955555.555556
"VCT",1993,286307407.407407
"VCT",1994,289437037.037037
"VCT",1995,316007407.407407
"VCT",1996,331488888.888889
"VCT",1997,347770370.37037
"VCT",1998,373618518.518519
"VCT",1999,390718518.518519
"VCT",2000,427946037.037037
"VCT",2001,462072333.333333
"VCT",2002,487763851.851852
"VCT",2003,509090888.888889
"VCT",2004,549900185.185185
"VCT",2005,579948925.925926
"VCT",2006,643501148.148148
"VCT",2007,713596666.666667
"VCT",2008,732663259.259259
"VCT",2009,714300259.259259
"VCT",2010,720447888.888889
"VCT",2011,713796370.37037
"VCT",2012,730032592.592593
"VCT",2013,764781259.259259
"VCT",2014,770900000
"VCT",2015,786555555.555555
"VCT",2016,814303703.703704
"VCT",2017,844040740.740741
"VCT",2018,884329629.62963
"VCT",2019,910766666.666667
"VCT",2020,869111111.111111
"VCT",2021,872225925.925926
"VCT",2022,966492592.592592
"VCT",2023,1065962962.96296
"VCT",2024,NA
"VEN",1960,7663938303.07172
"VEN",1961,8067267030.61863
"VEN",1962,8814309884.21165
"VEN",1963,9608717288.17057
"VEN",1964,8192413793.10345
"VEN",1965,8427777777.77778
"VEN",1966,8781333333.33333
"VEN",1967,9.25e+09
"VEN",1968,10034444444.4444
"VEN",1969,10285111111.1111
"VEN",1970,11561111111.1111
"VEN",1971,12986590909.0909
"VEN",1972,13977727272.7273
"VEN",1973,17035581395.3488
"VEN",1974,26100930232.5581
"VEN",1975,27464651162.7907
"VEN",1976,31419534883.7209
"VEN",1977,36210697674.4186
"VEN",1978,39316279069.7674
"VEN",1979,48310930232.5581
"VEN",1980,59116511627.907
"VEN",1981,66327441860.4651
"VEN",1982,67736744186.0465
"VEN",1983,67556279069.7674
"VEN",1984,59867743467.9335
"VEN",1985,61965466666.6667
"VEN",1986,60516123711.3402
"VEN",1987,48029034482.7586
"VEN",1988,60226413793.1034
"VEN",1989,43536709104.0115
"VEN",1990,48606952194.7752
"VEN",1991,53453444786.6256
"VEN",1992,60416519620.0849
"VEN",1993,60037460783.1941
"VEN",1994,58418666666.6667
"VEN",1995,77389487770.0883
"VEN",1996,70543211119.099
"VEN",1997,85837678559.8324
"VEN",1998,91336763255.0597
"VEN",1999,97972842461.5131
"VEN",2000,117146466002.661
"VEN",2001,122911036746.729
"VEN",2002,92893587733.6549
"VEN",2003,83620628582.1082
"VEN",2004,112451400424.964
"VEN",2005,145513489651.872
"VEN",2006,183477522123.894
"VEN",2007,230364012575.687
"VEN",2008,315953388510.678
"VEN",2009,329787628928.471
"VEN",2010,393192354510.653
"VEN",2011,316482190800.364
"VEN",2012,381286237847.667
"VEN",2013,371005379786.566
"VEN",2014,482359318767.703
"VEN",2015,NA
"VEN",2016,NA
"VEN",2017,NA
"VEN",2018,NA
"VEN",2019,NA
"VEN",2020,NA
"VEN",2021,NA
"VEN",2022,NA
"VEN",2023,NA
"VEN",2024,NA
"VGB",1960,NA
"VGB",1961,NA
"VGB",1962,NA
"VGB",1963,NA
"VGB",1964,NA
"VGB",1965,NA
"VGB",1966,NA
"VGB",1967,NA
"VGB",1968,NA
"VGB",1969,NA
"VGB",1970,NA
"VGB",1971,NA
"VGB",1972,NA
"VGB",1973,NA
"VGB",1974,NA
"VGB",1975,NA
"VGB",1976,NA
"VGB",1977,NA
"VGB",1978,NA
"VGB",1979,NA
"VGB",1980,NA
"VGB",1981,NA
"VGB",1982,NA
"VGB",1983,NA
"VGB",1984,NA
"VGB",1985,NA
"VGB",1986,NA
"VGB",1987,NA
"VGB",1988,NA
"VGB",1989,NA
"VGB",1990,NA
"VGB",1991,NA
"VGB",1992,NA
"VGB",1993,NA
"VGB",1994,NA
"VGB",1995,NA
"VGB",1996,NA
"VGB",1997,NA
"VGB",1998,NA
"VGB",1999,NA
"VGB",2000,NA
"VGB",2001,NA
"VGB",2002,NA
"VGB",2003,NA
"VGB",2004,NA
"VGB",2005,NA
"VGB",2006,NA
"VGB",2007,NA
"VGB",2008,NA
"VGB",2009,NA
"VGB",2010,NA
"VGB",2011,NA
"VGB",2012,NA
"VGB",2013,NA
"VGB",2014,NA
"VGB",2015,NA
"VGB",2016,NA
"VGB",2017,NA
"VGB",2018,NA
"VGB",2019,NA
"VGB",2020,NA
"VGB",2021,NA
"VGB",2022,NA
"VGB",2023,NA
"VGB",2024,NA
"VIR",1960,NA
"VIR",1961,NA
"VIR",1962,NA
"VIR",1963,NA
"VIR",1964,NA
"VIR",1965,NA
"VIR",1966,NA
"VIR",1967,NA
"VIR",1968,NA
"VIR",1969,NA
"VIR",1970,NA
"VIR",1971,NA
"VIR",1972,NA
"VIR",1973,NA
"VIR",1974,NA
"VIR",1975,NA
"VIR",1976,NA
"VIR",1977,NA
"VIR",1978,NA
"VIR",1979,NA
"VIR",1980,NA
"VIR",1981,NA
"VIR",1982,NA
"VIR",1983,NA
"VIR",1984,NA
"VIR",1985,NA
"VIR",1986,NA
"VIR",1987,NA
"VIR",1988,NA
"VIR",1989,NA
"VIR",1990,NA
"VIR",1991,NA
"VIR",1992,NA
"VIR",1993,NA
"VIR",1994,NA
"VIR",1995,NA
"VIR",1996,NA
"VIR",1997,NA
"VIR",1998,NA
"VIR",1999,NA
"VIR",2000,NA
"VIR",2001,NA
"VIR",2002,3.262e+09
"VIR",2003,3.443e+09
"VIR",2004,3.797e+09
"VIR",2005,4.428e+09
"VIR",2006,4.484e+09
"VIR",2007,4.784e+09
"VIR",2008,4.244e+09
"VIR",2009,4.201e+09
"VIR",2010,4.324e+09
"VIR",2011,4.223e+09
"VIR",2012,4.089e+09
"VIR",2013,3.738e+09
"VIR",2014,3.565e+09
"VIR",2015,3.663e+09
"VIR",2016,3.798e+09
"VIR",2017,3.794e+09
"VIR",2018,3.923e+09
"VIR",2019,4.121e+09
"VIR",2020,4.229e+09
"VIR",2021,4.507e+09
"VIR",2022,4.672e+09
"VIR",2023,NA
"VIR",2024,NA
"VNM",1960,NA
"VNM",1961,NA
"VNM",1962,NA
"VNM",1963,NA
"VNM",1964,NA
"VNM",1965,NA
"VNM",1966,NA
"VNM",1967,NA
"VNM",1968,NA
"VNM",1969,NA
"VNM",1970,NA
"VNM",1971,NA
"VNM",1972,NA
"VNM",1973,NA
"VNM",1974,NA
"VNM",1975,NA
"VNM",1976,NA
"VNM",1977,NA
"VNM",1978,NA
"VNM",1979,NA
"VNM",1980,NA
"VNM",1981,NA
"VNM",1982,NA
"VNM",1983,NA
"VNM",1984,NA
"VNM",1985,14094687820.7445
"VNM",1986,26336616250.4397
"VNM",1987,36658108850.3148
"VNM",1988,25423812648.5941
"VNM",1989,6293304974.59403
"VNM",1990,6471740805.56984
"VNM",1991,9613369520.41885
"VNM",1992,9866990236.43587
"VNM",1993,13180953598.1716
"VNM",1994,16286433533.3228
"VNM",1995,20736164458.9505
"VNM",1996,24657470574.7501
"VNM",1997,26843700441.5482
"VNM",1998,27209602050.0452
"VNM",1999,28683659006.7752
"VNM",2000,31172518403.3162
"VNM",2001,32685198808.5549
"VNM",2002,35064105500.8344
"VNM",2003,39552513231.9169
"VNM",2004,45427854693.2554
"VNM",2005,57633255738.1992
"VNM",2006,66371664817.0436
"VNM",2007,77414425532.2452
"VNM",2008,99130304099.1274
"VNM",2009,106014659565.214
"VNM",2010,147201173196.979
"VNM",2011,172595049183.925
"VNM",2012,195590661129.249
"VNM",2013,213708811665.34
"VNM",2014,233451469642.519
"VNM",2015,239258328381.741
"VNM",2016,257096001177.982
"VNM",2017,281353605986.903
"VNM",2018,310106478394.659
"VNM",2019,334365270496.667
"VNM",2020,346615738537.796
"VNM",2021,366474752771.009
"VNM",2022,410324028883.325
"VNM",2023,429716969043.572
"VNM",2024,NA
"VUT",1960,NA
"VUT",1961,NA
"VUT",1962,NA
"VUT",1963,NA
"VUT",1964,NA
"VUT",1965,NA
"VUT",1966,NA
"VUT",1967,NA
"VUT",1968,NA
"VUT",1969,NA
"VUT",1970,NA
"VUT",1971,NA
"VUT",1972,NA
"VUT",1973,NA
"VUT",1974,NA
"VUT",1975,NA
"VUT",1976,NA
"VUT",1977,NA
"VUT",1978,NA
"VUT",1979,119258835.335525
"VUT",1980,121185497.569261
"VUT",1981,113781795.82356
"VUT",1982,114501912.522867
"VUT",1983,117389554.191406
"VUT",1984,144482515.368336
"VUT",1985,131856420.703184
"VUT",1986,126498935.335649
"VUT",1987,139464173.547324
"VUT",1988,158351368.433149
"VUT",1989,154013202.116475
"VUT",1990,168879207.244148
"VUT",1991,201334169.054441
"VUT",1992,209088824.608438
"VUT",1993,200491853.167847
"VUT",1994,233701301.490486
"VUT",1995,249333250.082507
"VUT",1996,261370044.486614
"VUT",1997,272771209.113662
"VUT",1998,262293410.708334
"VUT",1999,268006972.690296
"VUT",2000,272014627.835262
"VUT",2001,257926881.72043
"VUT",2002,262596535.549028
"VUT",2003,314471413.001776
"VUT",2004,364996869.129618
"VUT",2005,394962433.029368
"VUT",2006,439358586.535588
"VUT",2007,516392922.513728
"VUT",2008,590748429.401902
"VUT",2009,592622319.145664
"VUT",2010,670712979.682038
"VUT",2011,770153588.218833
"VUT",2012,747839697.746593
"VUT",2013,758304466.245339
"VUT",2014,772315983.81843
"VUT",2015,730870802.967051
"VUT",2016,780889605.899977
"VUT",2017,880061833.690341
"VUT",2018,914736985.430944
"VUT",2019,936526267.622513
"VUT",2020,909421043.508407
"VUT",2021,950394006.532514
"VUT",2022,1022219297.50335
"VUT",2023,1126313359.21923
"VUT",2024,NA
"WLD",1960,1371947205151.18
"WLD",1961,1445950587026.22
"WLD",1962,1550597670600.03
"WLD",1963,1669569735937.23
"WLD",1964,1830168405451.36
"WLD",1965,1994297576262.09
"WLD",1966,2161754227675.23
"WLD",1967,2293943739361.93
"WLD",1968,2478900302001.25
"WLD",1969,2738143638273.34
"WLD",1970,3003116289070
"WLD",1971,3318577763684.85
"WLD",1972,3833100090143
"WLD",1973,4687590908817.55
"WLD",1974,5418369997022.55
"WLD",1975,6033156160029.94
"WLD",1976,6558692084468.9
"WLD",1977,7414824793154.84
"WLD",1978,8778339992333.92
"WLD",1979,10153805685261.7
"WLD",1980,11449695442678
"WLD",1981,11839946290807
"WLD",1982,11716617789328.5
"WLD",1983,11960039294489.3
"WLD",1984,12424879538978.7
"WLD",1985,13013695543914.6
"WLD",1986,15344248521526.3
"WLD",1987,17466868979760.8
"WLD",1988,19517437502346.6
"WLD",1989,20386716203505.2
"WLD",1990,22987402273855.3
"WLD",1991,23911650750982.4
"WLD",1992,25534209067457.7
"WLD",1993,25958546729023.5
"WLD",1994,27941899637871.3
"WLD",1995,31149677985790.3
"WLD",1996,31866900968539.3
"WLD",1997,31760810644454.6
"WLD",1998,31702676349248.1
"WLD",1999,32747088959180.2
"WLD",2000,33855853033266.6
"WLD",2001,33646060924936.9
"WLD",2002,34940171807391.6
"WLD",2003,39181755907935.4
"WLD",2004,44151098975078
"WLD",2005,47811684840222.7
"WLD",2006,51815358465522.1
"WLD",2007,58389218140008.7
"WLD",2008,64152276357317
"WLD",2009,60814498796339.1
"WLD",2010,66609708734786.3
"WLD",2011,74080837776246.3
"WLD",2012,75705854038889.1
"WLD",2013,77873446166547
"WLD",2014,80020337644636.3
"WLD",2015,75472473882835.1
"WLD",2016,76702553625899.1
"WLD",2017,81712043350515.5
"WLD",2018,86884839554431.6
"WLD",2019,88149850742946
"WLD",2020,85763013427792.9
"WLD",2021,97848299706454.8
"WLD",2022,101770911729948
"WLD",2023,106171667873321
"WLD",2024,NA
"WSM",1960,NA
"WSM",1961,NA
"WSM",1962,NA
"WSM",1963,NA
"WSM",1964,NA
"WSM",1965,NA
"WSM",1966,NA
"WSM",1967,NA
"WSM",1968,NA
"WSM",1969,NA
"WSM",1970,45208337.609386
"WSM",1971,53719568.9655172
"WSM",1972,62566116.3754812
"WSM",1973,82452985.3658537
"WSM",1974,93549610.93343
"WSM",1975,93489282.5537294
"WSM",1976,85003077.6967563
"WSM",1977,98295671.0342196
"WSM",1978,108223444.248268
"WSM",1979,122257392.883079
"WSM",1980,125747037.963668
"WSM",1981,118190654.675563
"WSM",1982,121221651.619316
"WSM",1983,111862823.574979
"WSM",1984,109200934.328518
"WSM",1985,95572172.9835657
"WSM",1986,100947848.64478
"WSM",1987,111713922.141578
"WSM",1988,133016065.416065
"WSM",1989,122888609.715243
"WSM",1990,125766269.755358
"WSM",1991,125597205.422315
"WSM",1992,132303041.36253
"WSM",1993,133122897.196262
"WSM",1994,221098106.508876
"WSM",1995,224865731.381903
"WSM",1996,249907868.772424
"WSM",1997,285475591.89651
"WSM",1998,269485244.15511
"WSM",1999,255408060.259486
"WSM",2000,258856139.798489
"WSM",2001,266299591.479428
"WSM",2002,281790134.211972
"WSM",2003,333426188.41876
"WSM",2004,407747565.096959
"WSM",2005,476801793.159429
"WSM",2006,499923757.780736
"WSM",2007,573548459.833372
"WSM",2008,641346191.664776
"WSM",2009,628006115.424052
"WSM",2010,680260907.153983
"WSM",2011,744097050.169115
"WSM",2012,773141661.165548
"WSM",2013,797736334.281305
"WSM",2014,796683519.593842
"WSM",2015,824150498.653536
"WSM",2016,843924796.697421
"WSM",2017,884844384.463214
"WSM",2018,878448433.404342
"WSM",2019,912950466.064906
"WSM",2020,868898358.266437
"WSM",2021,843923638.733018
"WSM",2022,832945205.637185
"WSM",2023,938189443.830393
"WSM",2024,NA
"XKX",1960,NA
"XKX",1961,NA
"XKX",1962,NA
"XKX",1963,NA
"XKX",1964,NA
"XKX",1965,NA
"XKX",1966,NA
"XKX",1967,NA
"XKX",1968,NA
"XKX",1969,NA
"XKX",1970,NA
"XKX",1971,NA
"XKX",1972,NA
"XKX",1973,NA
"XKX",1974,NA
"XKX",1975,NA
"XKX",1976,NA
"XKX",1977,NA
"XKX",1978,NA
"XKX",1979,NA
"XKX",1980,NA
"XKX",1981,NA
"XKX",1982,NA
"XKX",1983,NA
"XKX",1984,NA
"XKX",1985,NA
"XKX",1986,NA
"XKX",1987,NA
"XKX",1988,NA
"XKX",1989,NA
"XKX",1990,NA
"XKX",1991,NA
"XKX",1992,NA
"XKX",1993,NA
"XKX",1994,NA
"XKX",1995,NA
"XKX",1996,NA
"XKX",1997,NA
"XKX",1998,NA
"XKX",1999,NA
"XKX",2000,NA
"XKX",2001,NA
"XKX",2002,NA
"XKX",2003,NA
"XKX",2004,NA
"XKX",2005,NA
"XKX",2006,NA
"XKX",2007,NA
"XKX",2008,5181776768.71247
"XKX",2009,5015894692.97027
"XKX",2010,5343950556.07185
"XKX",2011,6341613609.97976
"XKX",2012,6163484244.63408
"XKX",2013,6735328609.6594
"XKX",2014,7074394734.88431
"XKX",2015,6295848422.71573
"XKX",2016,6682677289.98994
"XKX",2017,7180764703.35718
"XKX",2018,7878759714.82322
"XKX",2019,7899737577.47286
"XKX",2020,7717145217.81247
"XKX",2021,9413403724.01899
"XKX",2022,9354903061.8898
"XKX",2023,10468219225.4869
"XKX",2024,NA
"YEM",1960,NA
"YEM",1961,NA
"YEM",1962,NA
"YEM",1963,NA
"YEM",1964,NA
"YEM",1965,NA
"YEM",1966,NA
"YEM",1967,NA
"YEM",1968,NA
"YEM",1969,NA
"YEM",1970,NA
"YEM",1971,NA
"YEM",1972,NA
"YEM",1973,NA
"YEM",1974,NA
"YEM",1975,NA
"YEM",1976,NA
"YEM",1977,NA
"YEM",1978,NA
"YEM",1979,NA
"YEM",1980,NA
"YEM",1981,NA
"YEM",1982,NA
"YEM",1983,NA
"YEM",1984,NA
"YEM",1985,NA
"YEM",1986,NA
"YEM",1987,NA
"YEM",1988,NA
"YEM",1989,NA
"YEM",1990,12643821568.9626
"YEM",1991,14665445462.1149
"YEM",1992,17959367194.005
"YEM",1993,21736802664.4463
"YEM",1994,28019483763.5304
"YEM",1995,12796345679.0123
"YEM",1996,6496163615.66086
"YEM",1997,6838298530.54911
"YEM",1998,6322175565.94651
"YEM",1999,7639325295.88287
"YEM",2000,9679316770.18633
"YEM",2001,9852990692.98714
"YEM",2002,10693430511.4664
"YEM",2003,11777532662.0499
"YEM",2004,13867634371.4773
"YEM",2005,16731566717.1888
"YEM",2006,19063143369.858
"YEM",2007,21650528674.0933
"YEM",2008,26910855807.288
"YEM",2009,25130278212.5575
"YEM",2010,30906749533.221
"YEM",2011,32726417878.391
"YEM",2012,35401331609.5916
"YEM",2013,40415233436.1767
"YEM",2014,43228585321.3272
"YEM",2015,42444489522.2303
"YEM",2016,31317824943.2073
"YEM",2017,26842228828.5629
"YEM",2018,21606160783.9845
"YEM",2019,NA
"YEM",2020,NA
"YEM",2021,NA
"YEM",2022,NA
"YEM",2023,NA
"YEM",2024,NA
"ZAF",1960,8748596500.5614
"ZAF",1961,9225996309.60148
"ZAF",1962,9813996074.40157
"ZAF",1963,10854195658.3217
"ZAF",1964,11955995217.6019
"ZAF",1965,13068994772.4021
"ZAF",1966,14211394315.4423
"ZAF",1967,15821393671.4425
"ZAF",1968,17124793150.0827
"ZAF",1969,19256992297.2031
"ZAF",1970,21218391512.6434
"ZAF",1971,23411076638.279
"ZAF",1972,24515919216.8851
"ZAF",1973,33262772008.1446
"ZAF",1974,41389186094.5992
"ZAF",1975,42906905672.42
"ZAF",1976,41150460287.6151
"ZAF",1977,45328411332.1028
"ZAF",1978,51607412901.8532
"ZAF",1979,63038658088.9121
"ZAF",1980,89411864402.4272
"ZAF",1981,93141472163.7596
"ZAF",1982,85904057409.3585
"ZAF",1983,96204110941.5672
"ZAF",1984,84870163365.9306
"ZAF",1985,64459376086.6883
"ZAF",1986,73354771399.2627
"ZAF",1987,96535763418.3729
"ZAF",1988,103976831870.957
"ZAF",1989,108055624081.806
"ZAF",1990,126048140141.869
"ZAF",1991,135203698237.977
"ZAF",1992,146956150986.636
"ZAF",1993,147194747565.75
"ZAF",1994,153512712381.836
"ZAF",1995,171735933897.331
"ZAF",1996,163234925380.563
"ZAF",1997,168978057327.73
"ZAF",1998,152982984557.233
"ZAF",1999,151516957078.536
"ZAF",2000,151752757215.309
"ZAF",2001,135429905922.526
"ZAF",2002,129087556612.449
"ZAF",2003,197018965308.697
"ZAF",2004,255806908594.573
"ZAF",2005,288867217196.534
"ZAF",2006,303858675363.643
"ZAF",2007,333077117253.684
"ZAF",2008,316131258616.309
"ZAF",2009,329754060647.129
"ZAF",2010,417363822801.713
"ZAF",2011,458199494830.834
"ZAF",2012,434400545085.811
"ZAF",2013,400886013595.573
"ZAF",2014,381198869776.106
"ZAF",2015,346709790458.563
"ZAF",2016,323585509674.481
"ZAF",2017,381448814653.456
"ZAF",2018,405260723892.517
"ZAF",2019,389330032224.269
"ZAF",2020,337974655408.055
"ZAF",2021,420886877628.703
"ZAF",2022,406920004594.074
"ZAF",2023,380699271814.508
"ZAF",2024,NA
"ZMB",1960,698739720.783607
"ZMB",1961,682359727.329053
"ZMB",1962,679279728.55982
"ZMB",1963,704339718.545848
"ZMB",1964,822639671.273187
"ZMB",1965,1061199575.94465
"ZMB",1966,1238999504.8958
"ZMB",1967,1340639464.28047
"ZMB",1968,1573739371.13375
"ZMB",1969,1926399230.21087
"ZMB",1970,1788779285.2038
"ZMB",1971,1653259341.29113
"ZMB",1972,1872416680.07912
"ZMB",1973,2434255236.99935
"ZMB",1974,2910981262.10018
"ZMB",1975,2442672140.947
"ZMB",1976,2742859262.9794
"ZMB",1977,2515296939.60686
"ZMB",1978,2811032472.93922
"ZMB",1979,3353445378.15126
"ZMB",1980,3884530853.76162
"ZMB",1981,4008126497.36464
"ZMB",1982,3871117092.86676
"ZMB",1983,3321048451.15171
"ZMB",1984,2719518932.99541
"ZMB",1985,2252454500.14896
"ZMB",1986,1664413508.09853
"ZMB",1987,2265250972.34879
"ZMB",1988,3728878148.80792
"ZMB",1989,3994673161.02649
"ZMB",1990,3288381797.32415
"ZMB",1991,3376806697.1218
"ZMB",1992,3182810841.01704
"ZMB",1993,3273507753.87841
"ZMB",1994,3656808232.64295
"ZMB",1995,3806982678.89363
"ZMB",1996,3597220962.00017
"ZMB",1997,4303288479.7086
"ZMB",1998,3537741941.89367
"ZMB",1999,3404284890.5306
"ZMB",2000,3600632111.41414
"ZMB",2001,4094441301.21423
"ZMB",2002,4193850445.42632
"ZMB",2003,4901869764.05957
"ZMB",2004,6221110219.45542
"ZMB",2005,8331870169.14977
"ZMB",2006,12756858899.2812
"ZMB",2007,14056957976.2648
"ZMB",2008,17910858637.9048
"ZMB",2009,15328342303.9575
"ZMB",2010,20265559483.8548
"ZMB",2011,23459515275.5776
"ZMB",2012,25503060420.026
"ZMB",2013,28037239462.7142
"ZMB",2014,27141023558.0829
"ZMB",2015,21251216798.7762
"ZMB",2016,20958412538.3093
"ZMB",2017,25873601260.8353
"ZMB",2018,26311507273.6735
"ZMB",2019,23308667781.2258
"ZMB",2020,18137764930.651
"ZMB",2021,22096416932.0089
"ZMB",2022,29163782140.4858
"ZMB",2023,27577956471.244
"ZMB",2024,NA
"ZWE",1960,1052990400
"ZWE",1961,1096646600
"ZWE",1962,1117601600
"ZWE",1963,1159511700
"ZWE",1964,1217138000
"ZWE",1965,1311435800
"ZWE",1966,1281749500
"ZWE",1967,1397002000
"ZWE",1968,1479599900
"ZWE",1969,1747998800
"ZWE",1970,1884206300
"ZWE",1971,2178716300
"ZWE",1972,2677729400
"ZWE",1973,3309353600
"ZWE",1974,3982161400
"ZWE",1975,4371300700
"ZWE",1976,4318372000
"ZWE",1977,4364382100
"ZWE",1978,4351600500
"ZWE",1979,5177459400
"ZWE",1980,6678868200
"ZWE",1981,8011373800
"ZWE",1982,8539700700
"ZWE",1983,7764067000
"ZWE",1984,6352125900
"ZWE",1985,5637259300
"ZWE",1986,6217523700
"ZWE",1987,6741215100
"ZWE",1988,7814784100
"ZWE",1989,8286322700
"ZWE",1990,8783816700
"ZWE",1991,8641481700
"ZWE",1992,6751472200
"ZWE",1993,6563813300
"ZWE",1994,6890675000
"ZWE",1995,7111270700
"ZWE",1996,8553146600
"ZWE",1997,8529571600
"ZWE",1998,6401968200
"ZWE",1999,6858013100
"ZWE",2000,6689957600
"ZWE",2001,6777384700
"ZWE",2002,6342116400
"ZWE",2003,5727591800
"ZWE",2004,5805598400
"ZWE",2005,5755215200
"ZWE",2006,5443896500
"ZWE",2007,5291950100
"ZWE",2008,4415702800
"ZWE",2009,9665793300
"ZWE",2010,12041655200
"ZWE",2011,14101920300
"ZWE",2012,17114849900
"ZWE",2013,19091020000
"ZWE",2014,19495519600
"ZWE",2015,19963120600
"ZWE",2016,20548678100
"ZWE",2017,51074660513.3715
"ZWE",2018,34156069918.0609
"ZWE",2019,25717409842.4479
"ZWE",2020,26867936444.6826
"ZWE",2021,27240515108.8049
"ZWE",2022,32789751736.3323
"ZWE",2023,35231367885.8554
"ZWE",2024,NA
