"iso_code","year","poverty_ratio"
"ABW",1960,NA
"ABW",1961,NA
"ABW",1962,NA
"ABW",1963,NA
"ABW",1964,NA
"ABW",1965,NA
"ABW",1966,NA
"ABW",1967,NA
"ABW",1968,NA
"ABW",1969,NA
"ABW",1970,NA
"ABW",1971,NA
"ABW",1972,NA
"ABW",1973,NA
"ABW",1974,NA
"ABW",1975,NA
"ABW",1976,NA
"ABW",1977,NA
"ABW",1978,NA
"ABW",1979,NA
"ABW",1980,NA
"ABW",1981,NA
"ABW",1982,NA
"ABW",1983,NA
"ABW",1984,NA
"ABW",1985,NA
"ABW",1986,NA
"ABW",1987,NA
"ABW",1988,NA
"ABW",1989,NA
"ABW",1990,NA
"ABW",1991,NA
"ABW",1992,NA
"ABW",1993,NA
"ABW",1994,NA
"ABW",1995,NA
"ABW",1996,NA
"ABW",1997,NA
"ABW",1998,NA
"ABW",1999,NA
"ABW",2000,NA
"ABW",2001,NA
"ABW",2002,NA
"ABW",2003,NA
"ABW",2004,NA
"ABW",2005,NA
"ABW",2006,NA
"ABW",2007,NA
"ABW",2008,NA
"ABW",2009,NA
"ABW",2010,NA
"ABW",2011,NA
"ABW",2012,NA
"ABW",2013,NA
"ABW",2014,NA
"ABW",2015,NA
"ABW",2016,NA
"ABW",2017,NA
"ABW",2018,NA
"ABW",2019,NA
"ABW",2020,NA
"ABW",2021,NA
"ABW",2022,NA
"ABW",2023,NA
"ABW",2024,NA
"AFE",1960,NA
"AFE",1961,NA
"AFE",1962,NA
"AFE",1963,NA
"AFE",1964,NA
"AFE",1965,NA
"AFE",1966,NA
"AFE",1967,NA
"AFE",1968,NA
"AFE",1969,NA
"AFE",1970,NA
"AFE",1971,NA
"AFE",1972,NA
"AFE",1973,NA
"AFE",1974,NA
"AFE",1975,NA
"AFE",1976,NA
"AFE",1977,NA
"AFE",1978,NA
"AFE",1979,NA
"AFE",1980,NA
"AFE",1981,NA
"AFE",1982,NA
"AFE",1983,NA
"AFE",1984,NA
"AFE",1985,NA
"AFE",1986,NA
"AFE",1987,NA
"AFE",1988,NA
"AFE",1989,NA
"AFE",1990,NA
"AFE",1991,NA
"AFE",1992,NA
"AFE",1993,NA
"AFE",1994,NA
"AFE",1995,NA
"AFE",1996,NA
"AFE",1997,NA
"AFE",1998,NA
"AFE",1999,NA
"AFE",2000,NA
"AFE",2001,NA
"AFE",2002,NA
"AFE",2003,NA
"AFE",2004,NA
"AFE",2005,NA
"AFE",2006,NA
"AFE",2007,NA
"AFE",2008,NA
"AFE",2009,NA
"AFE",2010,NA
"AFE",2011,NA
"AFE",2012,NA
"AFE",2013,NA
"AFE",2014,NA
"AFE",2015,NA
"AFE",2016,NA
"AFE",2017,NA
"AFE",2018,NA
"AFE",2019,NA
"AFE",2020,NA
"AFE",2021,NA
"AFE",2022,NA
"AFE",2023,NA
"AFE",2024,NA
"AFG",1960,NA
"AFG",1961,NA
"AFG",1962,NA
"AFG",1963,NA
"AFG",1964,NA
"AFG",1965,NA
"AFG",1966,NA
"AFG",1967,NA
"AFG",1968,NA
"AFG",1969,NA
"AFG",1970,NA
"AFG",1971,NA
"AFG",1972,NA
"AFG",1973,NA
"AFG",1974,NA
"AFG",1975,NA
"AFG",1976,NA
"AFG",1977,NA
"AFG",1978,NA
"AFG",1979,NA
"AFG",1980,NA
"AFG",1981,NA
"AFG",1982,NA
"AFG",1983,NA
"AFG",1984,NA
"AFG",1985,NA
"AFG",1986,NA
"AFG",1987,NA
"AFG",1988,NA
"AFG",1989,NA
"AFG",1990,NA
"AFG",1991,NA
"AFG",1992,NA
"AFG",1993,NA
"AFG",1994,NA
"AFG",1995,NA
"AFG",1996,NA
"AFG",1997,NA
"AFG",1998,NA
"AFG",1999,NA
"AFG",2000,NA
"AFG",2001,NA
"AFG",2002,NA
"AFG",2003,NA
"AFG",2004,NA
"AFG",2005,NA
"AFG",2006,NA
"AFG",2007,NA
"AFG",2008,NA
"AFG",2009,NA
"AFG",2010,NA
"AFG",2011,NA
"AFG",2012,NA
"AFG",2013,NA
"AFG",2014,NA
"AFG",2015,NA
"AFG",2016,NA
"AFG",2017,NA
"AFG",2018,NA
"AFG",2019,NA
"AFG",2020,NA
"AFG",2021,NA
"AFG",2022,NA
"AFG",2023,NA
"AFG",2024,NA
"AFW",1960,NA
"AFW",1961,NA
"AFW",1962,NA
"AFW",1963,NA
"AFW",1964,NA
"AFW",1965,NA
"AFW",1966,NA
"AFW",1967,NA
"AFW",1968,NA
"AFW",1969,NA
"AFW",1970,NA
"AFW",1971,NA
"AFW",1972,NA
"AFW",1973,NA
"AFW",1974,NA
"AFW",1975,NA
"AFW",1976,NA
"AFW",1977,NA
"AFW",1978,NA
"AFW",1979,NA
"AFW",1980,NA
"AFW",1981,NA
"AFW",1982,NA
"AFW",1983,NA
"AFW",1984,NA
"AFW",1985,NA
"AFW",1986,NA
"AFW",1987,NA
"AFW",1988,NA
"AFW",1989,NA
"AFW",1990,NA
"AFW",1991,NA
"AFW",1992,NA
"AFW",1993,NA
"AFW",1994,NA
"AFW",1995,NA
"AFW",1996,NA
"AFW",1997,NA
"AFW",1998,NA
"AFW",1999,NA
"AFW",2000,NA
"AFW",2001,NA
"AFW",2002,NA
"AFW",2003,NA
"AFW",2004,NA
"AFW",2005,NA
"AFW",2006,NA
"AFW",2007,NA
"AFW",2008,NA
"AFW",2009,NA
"AFW",2010,NA
"AFW",2011,NA
"AFW",2012,NA
"AFW",2013,NA
"AFW",2014,NA
"AFW",2015,NA
"AFW",2016,NA
"AFW",2017,NA
"AFW",2018,NA
"AFW",2019,NA
"AFW",2020,NA
"AFW",2021,NA
"AFW",2022,NA
"AFW",2023,NA
"AFW",2024,NA
"AGO",1960,NA
"AGO",1961,NA
"AGO",1962,NA
"AGO",1963,NA
"AGO",1964,NA
"AGO",1965,NA
"AGO",1966,NA
"AGO",1967,NA
"AGO",1968,NA
"AGO",1969,NA
"AGO",1970,NA
"AGO",1971,NA
"AGO",1972,NA
"AGO",1973,NA
"AGO",1974,NA
"AGO",1975,NA
"AGO",1976,NA
"AGO",1977,NA
"AGO",1978,NA
"AGO",1979,NA
"AGO",1980,NA
"AGO",1981,NA
"AGO",1982,NA
"AGO",1983,NA
"AGO",1984,NA
"AGO",1985,NA
"AGO",1986,NA
"AGO",1987,NA
"AGO",1988,NA
"AGO",1989,NA
"AGO",1990,NA
"AGO",1991,NA
"AGO",1992,NA
"AGO",1993,NA
"AGO",1994,NA
"AGO",1995,NA
"AGO",1996,NA
"AGO",1997,NA
"AGO",1998,NA
"AGO",1999,NA
"AGO",2000,21.4
"AGO",2001,NA
"AGO",2002,NA
"AGO",2003,NA
"AGO",2004,NA
"AGO",2005,NA
"AGO",2006,NA
"AGO",2007,NA
"AGO",2008,14.6
"AGO",2009,NA
"AGO",2010,NA
"AGO",2011,NA
"AGO",2012,NA
"AGO",2013,NA
"AGO",2014,NA
"AGO",2015,NA
"AGO",2016,NA
"AGO",2017,NA
"AGO",2018,31.1
"AGO",2019,NA
"AGO",2020,NA
"AGO",2021,NA
"AGO",2022,NA
"AGO",2023,NA
"AGO",2024,NA
"ALB",1960,NA
"ALB",1961,NA
"ALB",1962,NA
"ALB",1963,NA
"ALB",1964,NA
"ALB",1965,NA
"ALB",1966,NA
"ALB",1967,NA
"ALB",1968,NA
"ALB",1969,NA
"ALB",1970,NA
"ALB",1971,NA
"ALB",1972,NA
"ALB",1973,NA
"ALB",1974,NA
"ALB",1975,NA
"ALB",1976,NA
"ALB",1977,NA
"ALB",1978,NA
"ALB",1979,NA
"ALB",1980,NA
"ALB",1981,NA
"ALB",1982,NA
"ALB",1983,NA
"ALB",1984,NA
"ALB",1985,NA
"ALB",1986,NA
"ALB",1987,NA
"ALB",1988,NA
"ALB",1989,NA
"ALB",1990,NA
"ALB",1991,NA
"ALB",1992,NA
"ALB",1993,NA
"ALB",1994,NA
"ALB",1995,NA
"ALB",1996,0.5
"ALB",1997,NA
"ALB",1998,NA
"ALB",1999,NA
"ALB",2000,NA
"ALB",2001,NA
"ALB",2002,1.1
"ALB",2003,NA
"ALB",2004,NA
"ALB",2005,0.6
"ALB",2006,NA
"ALB",2007,NA
"ALB",2008,0.2
"ALB",2009,NA
"ALB",2010,NA
"ALB",2011,NA
"ALB",2012,0.6
"ALB",2013,NA
"ALB",2014,1
"ALB",2015,0.1
"ALB",2016,0.1
"ALB",2017,0.4
"ALB",2018,0
"ALB",2019,0
"ALB",2020,0
"ALB",2021,NA
"ALB",2022,NA
"ALB",2023,NA
"ALB",2024,NA
"AND",1960,NA
"AND",1961,NA
"AND",1962,NA
"AND",1963,NA
"AND",1964,NA
"AND",1965,NA
"AND",1966,NA
"AND",1967,NA
"AND",1968,NA
"AND",1969,NA
"AND",1970,NA
"AND",1971,NA
"AND",1972,NA
"AND",1973,NA
"AND",1974,NA
"AND",1975,NA
"AND",1976,NA
"AND",1977,NA
"AND",1978,NA
"AND",1979,NA
"AND",1980,NA
"AND",1981,NA
"AND",1982,NA
"AND",1983,NA
"AND",1984,NA
"AND",1985,NA
"AND",1986,NA
"AND",1987,NA
"AND",1988,NA
"AND",1989,NA
"AND",1990,NA
"AND",1991,NA
"AND",1992,NA
"AND",1993,NA
"AND",1994,NA
"AND",1995,NA
"AND",1996,NA
"AND",1997,NA
"AND",1998,NA
"AND",1999,NA
"AND",2000,NA
"AND",2001,NA
"AND",2002,NA
"AND",2003,NA
"AND",2004,NA
"AND",2005,NA
"AND",2006,NA
"AND",2007,NA
"AND",2008,NA
"AND",2009,NA
"AND",2010,NA
"AND",2011,NA
"AND",2012,NA
"AND",2013,NA
"AND",2014,NA
"AND",2015,NA
"AND",2016,NA
"AND",2017,NA
"AND",2018,NA
"AND",2019,NA
"AND",2020,NA
"AND",2021,NA
"AND",2022,NA
"AND",2023,NA
"AND",2024,NA
"ARB",1960,NA
"ARB",1961,NA
"ARB",1962,NA
"ARB",1963,NA
"ARB",1964,NA
"ARB",1965,NA
"ARB",1966,NA
"ARB",1967,NA
"ARB",1968,NA
"ARB",1969,NA
"ARB",1970,NA
"ARB",1971,NA
"ARB",1972,NA
"ARB",1973,NA
"ARB",1974,NA
"ARB",1975,NA
"ARB",1976,NA
"ARB",1977,NA
"ARB",1978,NA
"ARB",1979,NA
"ARB",1980,NA
"ARB",1981,NA
"ARB",1982,NA
"ARB",1983,NA
"ARB",1984,NA
"ARB",1985,NA
"ARB",1986,NA
"ARB",1987,NA
"ARB",1988,NA
"ARB",1989,NA
"ARB",1990,NA
"ARB",1991,NA
"ARB",1992,NA
"ARB",1993,NA
"ARB",1994,NA
"ARB",1995,NA
"ARB",1996,NA
"ARB",1997,NA
"ARB",1998,NA
"ARB",1999,NA
"ARB",2000,NA
"ARB",2001,NA
"ARB",2002,NA
"ARB",2003,NA
"ARB",2004,NA
"ARB",2005,NA
"ARB",2006,NA
"ARB",2007,NA
"ARB",2008,NA
"ARB",2009,NA
"ARB",2010,NA
"ARB",2011,NA
"ARB",2012,NA
"ARB",2013,NA
"ARB",2014,NA
"ARB",2015,NA
"ARB",2016,NA
"ARB",2017,NA
"ARB",2018,NA
"ARB",2019,NA
"ARB",2020,NA
"ARB",2021,NA
"ARB",2022,NA
"ARB",2023,NA
"ARB",2024,NA
"ARE",1960,NA
"ARE",1961,NA
"ARE",1962,NA
"ARE",1963,NA
"ARE",1964,NA
"ARE",1965,NA
"ARE",1966,NA
"ARE",1967,NA
"ARE",1968,NA
"ARE",1969,NA
"ARE",1970,NA
"ARE",1971,NA
"ARE",1972,NA
"ARE",1973,NA
"ARE",1974,NA
"ARE",1975,NA
"ARE",1976,NA
"ARE",1977,NA
"ARE",1978,NA
"ARE",1979,NA
"ARE",1980,NA
"ARE",1981,NA
"ARE",1982,NA
"ARE",1983,NA
"ARE",1984,NA
"ARE",1985,NA
"ARE",1986,NA
"ARE",1987,NA
"ARE",1988,NA
"ARE",1989,NA
"ARE",1990,NA
"ARE",1991,NA
"ARE",1992,NA
"ARE",1993,NA
"ARE",1994,NA
"ARE",1995,NA
"ARE",1996,NA
"ARE",1997,NA
"ARE",1998,NA
"ARE",1999,NA
"ARE",2000,NA
"ARE",2001,NA
"ARE",2002,NA
"ARE",2003,NA
"ARE",2004,NA
"ARE",2005,NA
"ARE",2006,NA
"ARE",2007,NA
"ARE",2008,NA
"ARE",2009,NA
"ARE",2010,NA
"ARE",2011,NA
"ARE",2012,NA
"ARE",2013,0
"ARE",2014,NA
"ARE",2015,NA
"ARE",2016,NA
"ARE",2017,NA
"ARE",2018,0
"ARE",2019,NA
"ARE",2020,NA
"ARE",2021,NA
"ARE",2022,NA
"ARE",2023,NA
"ARE",2024,NA
"ARG",1960,NA
"ARG",1961,NA
"ARG",1962,NA
"ARG",1963,NA
"ARG",1964,NA
"ARG",1965,NA
"ARG",1966,NA
"ARG",1967,NA
"ARG",1968,NA
"ARG",1969,NA
"ARG",1970,NA
"ARG",1971,NA
"ARG",1972,NA
"ARG",1973,NA
"ARG",1974,NA
"ARG",1975,NA
"ARG",1976,NA
"ARG",1977,NA
"ARG",1978,NA
"ARG",1979,NA
"ARG",1980,0
"ARG",1981,NA
"ARG",1982,NA
"ARG",1983,NA
"ARG",1984,NA
"ARG",1985,NA
"ARG",1986,1.1
"ARG",1987,1.2
"ARG",1988,NA
"ARG",1989,NA
"ARG",1990,NA
"ARG",1991,1
"ARG",1992,1.7
"ARG",1993,2
"ARG",1994,1.9
"ARG",1995,3.9
"ARG",1996,4.2
"ARG",1997,3.8
"ARG",1998,4
"ARG",1999,4.2
"ARG",2000,5
"ARG",2001,8.2
"ARG",2002,12.4
"ARG",2003,5.4
"ARG",2004,3.9
"ARG",2005,2.7
"ARG",2006,2.2
"ARG",2007,1.8
"ARG",2008,1.6
"ARG",2009,1.6
"ARG",2010,0.7
"ARG",2011,0.7
"ARG",2012,0.6
"ARG",2013,0.7
"ARG",2014,0.6
"ARG",2015,NA
"ARG",2016,0.7
"ARG",2017,0.6
"ARG",2018,1
"ARG",2019,1.1
"ARG",2020,1.2
"ARG",2021,0.9
"ARG",2022,0.6
"ARG",2023,NA
"ARG",2024,NA
"ARM",1960,NA
"ARM",1961,NA
"ARM",1962,NA
"ARM",1963,NA
"ARM",1964,NA
"ARM",1965,NA
"ARM",1966,NA
"ARM",1967,NA
"ARM",1968,NA
"ARM",1969,NA
"ARM",1970,NA
"ARM",1971,NA
"ARM",1972,NA
"ARM",1973,NA
"ARM",1974,NA
"ARM",1975,NA
"ARM",1976,NA
"ARM",1977,NA
"ARM",1978,NA
"ARM",1979,NA
"ARM",1980,NA
"ARM",1981,NA
"ARM",1982,NA
"ARM",1983,NA
"ARM",1984,NA
"ARM",1985,NA
"ARM",1986,NA
"ARM",1987,NA
"ARM",1988,NA
"ARM",1989,NA
"ARM",1990,NA
"ARM",1991,NA
"ARM",1992,NA
"ARM",1993,NA
"ARM",1994,NA
"ARM",1995,NA
"ARM",1996,NA
"ARM",1997,NA
"ARM",1998,NA
"ARM",1999,11.9
"ARM",2000,NA
"ARM",2001,14
"ARM",2002,10
"ARM",2003,7.5
"ARM",2004,5.3
"ARM",2005,2.6
"ARM",2006,2
"ARM",2007,1.5
"ARM",2008,0.9
"ARM",2009,1.2
"ARM",2010,1
"ARM",2011,1.2
"ARM",2012,0.8
"ARM",2013,1.7
"ARM",2014,1.4
"ARM",2015,1.1
"ARM",2016,1.1
"ARM",2017,0.8
"ARM",2018,1.3
"ARM",2019,1
"ARM",2020,0.4
"ARM",2021,0.5
"ARM",2022,0.8
"ARM",2023,NA
"ARM",2024,NA
"ASM",1960,NA
"ASM",1961,NA
"ASM",1962,NA
"ASM",1963,NA
"ASM",1964,NA
"ASM",1965,NA
"ASM",1966,NA
"ASM",1967,NA
"ASM",1968,NA
"ASM",1969,NA
"ASM",1970,NA
"ASM",1971,NA
"ASM",1972,NA
"ASM",1973,NA
"ASM",1974,NA
"ASM",1975,NA
"ASM",1976,NA
"ASM",1977,NA
"ASM",1978,NA
"ASM",1979,NA
"ASM",1980,NA
"ASM",1981,NA
"ASM",1982,NA
"ASM",1983,NA
"ASM",1984,NA
"ASM",1985,NA
"ASM",1986,NA
"ASM",1987,NA
"ASM",1988,NA
"ASM",1989,NA
"ASM",1990,NA
"ASM",1991,NA
"ASM",1992,NA
"ASM",1993,NA
"ASM",1994,NA
"ASM",1995,NA
"ASM",1996,NA
"ASM",1997,NA
"ASM",1998,NA
"ASM",1999,NA
"ASM",2000,NA
"ASM",2001,NA
"ASM",2002,NA
"ASM",2003,NA
"ASM",2004,NA
"ASM",2005,NA
"ASM",2006,NA
"ASM",2007,NA
"ASM",2008,NA
"ASM",2009,NA
"ASM",2010,NA
"ASM",2011,NA
"ASM",2012,NA
"ASM",2013,NA
"ASM",2014,NA
"ASM",2015,NA
"ASM",2016,NA
"ASM",2017,NA
"ASM",2018,NA
"ASM",2019,NA
"ASM",2020,NA
"ASM",2021,NA
"ASM",2022,NA
"ASM",2023,NA
"ASM",2024,NA
"ATG",1960,NA
"ATG",1961,NA
"ATG",1962,NA
"ATG",1963,NA
"ATG",1964,NA
"ATG",1965,NA
"ATG",1966,NA
"ATG",1967,NA
"ATG",1968,NA
"ATG",1969,NA
"ATG",1970,NA
"ATG",1971,NA
"ATG",1972,NA
"ATG",1973,NA
"ATG",1974,NA
"ATG",1975,NA
"ATG",1976,NA
"ATG",1977,NA
"ATG",1978,NA
"ATG",1979,NA
"ATG",1980,NA
"ATG",1981,NA
"ATG",1982,NA
"ATG",1983,NA
"ATG",1984,NA
"ATG",1985,NA
"ATG",1986,NA
"ATG",1987,NA
"ATG",1988,NA
"ATG",1989,NA
"ATG",1990,NA
"ATG",1991,NA
"ATG",1992,NA
"ATG",1993,NA
"ATG",1994,NA
"ATG",1995,NA
"ATG",1996,NA
"ATG",1997,NA
"ATG",1998,NA
"ATG",1999,NA
"ATG",2000,NA
"ATG",2001,NA
"ATG",2002,NA
"ATG",2003,NA
"ATG",2004,NA
"ATG",2005,NA
"ATG",2006,NA
"ATG",2007,NA
"ATG",2008,NA
"ATG",2009,NA
"ATG",2010,NA
"ATG",2011,NA
"ATG",2012,NA
"ATG",2013,NA
"ATG",2014,NA
"ATG",2015,NA
"ATG",2016,NA
"ATG",2017,NA
"ATG",2018,NA
"ATG",2019,NA
"ATG",2020,NA
"ATG",2021,NA
"ATG",2022,NA
"ATG",2023,NA
"ATG",2024,NA
"AUS",1960,NA
"AUS",1961,NA
"AUS",1962,NA
"AUS",1963,NA
"AUS",1964,NA
"AUS",1965,NA
"AUS",1966,NA
"AUS",1967,NA
"AUS",1968,NA
"AUS",1969,NA
"AUS",1970,NA
"AUS",1971,NA
"AUS",1972,NA
"AUS",1973,NA
"AUS",1974,NA
"AUS",1975,NA
"AUS",1976,NA
"AUS",1977,NA
"AUS",1978,NA
"AUS",1979,NA
"AUS",1980,NA
"AUS",1981,1
"AUS",1982,NA
"AUS",1983,NA
"AUS",1984,NA
"AUS",1985,1
"AUS",1986,NA
"AUS",1987,NA
"AUS",1988,NA
"AUS",1989,0.7
"AUS",1990,NA
"AUS",1991,NA
"AUS",1992,NA
"AUS",1993,NA
"AUS",1994,NA
"AUS",1995,0.7
"AUS",1996,NA
"AUS",1997,NA
"AUS",1998,NA
"AUS",1999,NA
"AUS",2000,NA
"AUS",2001,0.7
"AUS",2002,NA
"AUS",2003,1
"AUS",2004,0.7
"AUS",2005,NA
"AUS",2006,NA
"AUS",2007,NA
"AUS",2008,0.4
"AUS",2009,NA
"AUS",2010,0.3
"AUS",2011,NA
"AUS",2012,NA
"AUS",2013,NA
"AUS",2014,0.5
"AUS",2015,NA
"AUS",2016,0.5
"AUS",2017,NA
"AUS",2018,0.5
"AUS",2019,NA
"AUS",2020,NA
"AUS",2021,NA
"AUS",2022,NA
"AUS",2023,NA
"AUS",2024,NA
"AUT",1960,NA
"AUT",1961,NA
"AUT",1962,NA
"AUT",1963,NA
"AUT",1964,NA
"AUT",1965,NA
"AUT",1966,NA
"AUT",1967,NA
"AUT",1968,NA
"AUT",1969,NA
"AUT",1970,NA
"AUT",1971,NA
"AUT",1972,NA
"AUT",1973,NA
"AUT",1974,NA
"AUT",1975,NA
"AUT",1976,NA
"AUT",1977,NA
"AUT",1978,NA
"AUT",1979,NA
"AUT",1980,NA
"AUT",1981,NA
"AUT",1982,NA
"AUT",1983,NA
"AUT",1984,NA
"AUT",1985,NA
"AUT",1986,NA
"AUT",1987,NA
"AUT",1988,NA
"AUT",1989,NA
"AUT",1990,NA
"AUT",1991,NA
"AUT",1992,NA
"AUT",1993,NA
"AUT",1994,0.2
"AUT",1995,0
"AUT",1996,0
"AUT",1997,0.2
"AUT",1998,0.2
"AUT",1999,0.2
"AUT",2000,0
"AUT",2001,NA
"AUT",2002,NA
"AUT",2003,0.3
"AUT",2004,0.1
"AUT",2005,0.2
"AUT",2006,0.1
"AUT",2007,0.4
"AUT",2008,0.5
"AUT",2009,0.7
"AUT",2010,0.5
"AUT",2011,0.4
"AUT",2012,0.6
"AUT",2013,0.3
"AUT",2014,0.2
"AUT",2015,0.7
"AUT",2016,0.7
"AUT",2017,0.3
"AUT",2018,0.6
"AUT",2019,0.6
"AUT",2020,0.7
"AUT",2021,0.5
"AUT",2022,NA
"AUT",2023,NA
"AUT",2024,NA
"AZE",1960,NA
"AZE",1961,NA
"AZE",1962,NA
"AZE",1963,NA
"AZE",1964,NA
"AZE",1965,NA
"AZE",1966,NA
"AZE",1967,NA
"AZE",1968,NA
"AZE",1969,NA
"AZE",1970,NA
"AZE",1971,NA
"AZE",1972,NA
"AZE",1973,NA
"AZE",1974,NA
"AZE",1975,NA
"AZE",1976,NA
"AZE",1977,NA
"AZE",1978,NA
"AZE",1979,NA
"AZE",1980,NA
"AZE",1981,NA
"AZE",1982,NA
"AZE",1983,NA
"AZE",1984,NA
"AZE",1985,NA
"AZE",1986,NA
"AZE",1987,NA
"AZE",1988,NA
"AZE",1989,NA
"AZE",1990,NA
"AZE",1991,NA
"AZE",1992,NA
"AZE",1993,NA
"AZE",1994,NA
"AZE",1995,12.4
"AZE",1996,NA
"AZE",1997,NA
"AZE",1998,NA
"AZE",1999,NA
"AZE",2000,NA
"AZE",2001,6.2
"AZE",2002,0.1
"AZE",2003,0.1
"AZE",2004,0
"AZE",2005,0
"AZE",2006,NA
"AZE",2007,NA
"AZE",2008,NA
"AZE",2009,NA
"AZE",2010,NA
"AZE",2011,NA
"AZE",2012,NA
"AZE",2013,NA
"AZE",2014,NA
"AZE",2015,NA
"AZE",2016,NA
"AZE",2017,NA
"AZE",2018,NA
"AZE",2019,NA
"AZE",2020,NA
"AZE",2021,NA
"AZE",2022,NA
"AZE",2023,NA
"AZE",2024,NA
"BDI",1960,NA
"BDI",1961,NA
"BDI",1962,NA
"BDI",1963,NA
"BDI",1964,NA
"BDI",1965,NA
"BDI",1966,NA
"BDI",1967,NA
"BDI",1968,NA
"BDI",1969,NA
"BDI",1970,NA
"BDI",1971,NA
"BDI",1972,NA
"BDI",1973,NA
"BDI",1974,NA
"BDI",1975,NA
"BDI",1976,NA
"BDI",1977,NA
"BDI",1978,NA
"BDI",1979,NA
"BDI",1980,NA
"BDI",1981,NA
"BDI",1982,NA
"BDI",1983,NA
"BDI",1984,NA
"BDI",1985,NA
"BDI",1986,NA
"BDI",1987,NA
"BDI",1988,NA
"BDI",1989,NA
"BDI",1990,NA
"BDI",1991,NA
"BDI",1992,75.1
"BDI",1993,NA
"BDI",1994,NA
"BDI",1995,NA
"BDI",1996,NA
"BDI",1997,NA
"BDI",1998,79.4
"BDI",1999,NA
"BDI",2000,NA
"BDI",2001,NA
"BDI",2002,NA
"BDI",2003,NA
"BDI",2004,NA
"BDI",2005,NA
"BDI",2006,71.8
"BDI",2007,NA
"BDI",2008,NA
"BDI",2009,NA
"BDI",2010,NA
"BDI",2011,NA
"BDI",2012,NA
"BDI",2013,65.1
"BDI",2014,NA
"BDI",2015,NA
"BDI",2016,NA
"BDI",2017,NA
"BDI",2018,NA
"BDI",2019,NA
"BDI",2020,62.1
"BDI",2021,NA
"BDI",2022,NA
"BDI",2023,NA
"BDI",2024,NA
"BEL",1960,NA
"BEL",1961,NA
"BEL",1962,NA
"BEL",1963,NA
"BEL",1964,NA
"BEL",1965,NA
"BEL",1966,NA
"BEL",1967,NA
"BEL",1968,NA
"BEL",1969,NA
"BEL",1970,NA
"BEL",1971,NA
"BEL",1972,NA
"BEL",1973,NA
"BEL",1974,NA
"BEL",1975,NA
"BEL",1976,NA
"BEL",1977,NA
"BEL",1978,NA
"BEL",1979,NA
"BEL",1980,NA
"BEL",1981,NA
"BEL",1982,NA
"BEL",1983,NA
"BEL",1984,NA
"BEL",1985,0.2
"BEL",1986,NA
"BEL",1987,NA
"BEL",1988,0.5
"BEL",1989,NA
"BEL",1990,NA
"BEL",1991,NA
"BEL",1992,1
"BEL",1993,NA
"BEL",1994,NA
"BEL",1995,0.4
"BEL",1996,NA
"BEL",1997,0.5
"BEL",1998,NA
"BEL",1999,NA
"BEL",2000,0.3
"BEL",2001,NA
"BEL",2002,NA
"BEL",2003,0.3
"BEL",2004,0.1
"BEL",2005,0.2
"BEL",2006,0.2
"BEL",2007,0.2
"BEL",2008,0.1
"BEL",2009,0.1
"BEL",2010,0.1
"BEL",2011,0.2
"BEL",2012,0.2
"BEL",2013,0.1
"BEL",2014,0.1
"BEL",2015,0.1
"BEL",2016,0.1
"BEL",2017,0.1
"BEL",2018,0.1
"BEL",2019,0.1
"BEL",2020,0.1
"BEL",2021,0
"BEL",2022,NA
"BEL",2023,NA
"BEL",2024,NA
"BEN",1960,NA
"BEN",1961,NA
"BEN",1962,NA
"BEN",1963,NA
"BEN",1964,NA
"BEN",1965,NA
"BEN",1966,NA
"BEN",1967,NA
"BEN",1968,NA
"BEN",1969,NA
"BEN",1970,NA
"BEN",1971,NA
"BEN",1972,NA
"BEN",1973,NA
"BEN",1974,NA
"BEN",1975,NA
"BEN",1976,NA
"BEN",1977,NA
"BEN",1978,NA
"BEN",1979,NA
"BEN",1980,NA
"BEN",1981,NA
"BEN",1982,NA
"BEN",1983,NA
"BEN",1984,NA
"BEN",1985,NA
"BEN",1986,NA
"BEN",1987,NA
"BEN",1988,NA
"BEN",1989,NA
"BEN",1990,NA
"BEN",1991,NA
"BEN",1992,NA
"BEN",1993,NA
"BEN",1994,NA
"BEN",1995,NA
"BEN",1996,NA
"BEN",1997,NA
"BEN",1998,NA
"BEN",1999,NA
"BEN",2000,NA
"BEN",2001,NA
"BEN",2002,NA
"BEN",2003,53.1
"BEN",2004,NA
"BEN",2005,NA
"BEN",2006,NA
"BEN",2007,NA
"BEN",2008,NA
"BEN",2009,NA
"BEN",2010,NA
"BEN",2011,54.3
"BEN",2012,NA
"BEN",2013,NA
"BEN",2014,NA
"BEN",2015,50.7
"BEN",2016,NA
"BEN",2017,NA
"BEN",2018,20.1
"BEN",2019,NA
"BEN",2020,NA
"BEN",2021,12.7
"BEN",2022,NA
"BEN",2023,NA
"BEN",2024,NA
"BFA",1960,NA
"BFA",1961,NA
"BFA",1962,NA
"BFA",1963,NA
"BFA",1964,NA
"BFA",1965,NA
"BFA",1966,NA
"BFA",1967,NA
"BFA",1968,NA
"BFA",1969,NA
"BFA",1970,NA
"BFA",1971,NA
"BFA",1972,NA
"BFA",1973,NA
"BFA",1974,NA
"BFA",1975,NA
"BFA",1976,NA
"BFA",1977,NA
"BFA",1978,NA
"BFA",1979,NA
"BFA",1980,NA
"BFA",1981,NA
"BFA",1982,NA
"BFA",1983,NA
"BFA",1984,NA
"BFA",1985,NA
"BFA",1986,NA
"BFA",1987,NA
"BFA",1988,NA
"BFA",1989,NA
"BFA",1990,NA
"BFA",1991,NA
"BFA",1992,NA
"BFA",1993,NA
"BFA",1994,82.1
"BFA",1995,NA
"BFA",1996,NA
"BFA",1997,NA
"BFA",1998,79.9
"BFA",1999,NA
"BFA",2000,NA
"BFA",2001,NA
"BFA",2002,NA
"BFA",2003,54.7
"BFA",2004,NA
"BFA",2005,NA
"BFA",2006,NA
"BFA",2007,NA
"BFA",2008,NA
"BFA",2009,52.6
"BFA",2010,NA
"BFA",2011,NA
"BFA",2012,NA
"BFA",2013,NA
"BFA",2014,39.6
"BFA",2015,NA
"BFA",2016,NA
"BFA",2017,NA
"BFA",2018,31.2
"BFA",2019,NA
"BFA",2020,NA
"BFA",2021,25.3
"BFA",2022,NA
"BFA",2023,NA
"BFA",2024,NA
"BGD",1960,NA
"BGD",1961,NA
"BGD",1962,NA
"BGD",1963,NA
"BGD",1964,NA
"BGD",1965,NA
"BGD",1966,NA
"BGD",1967,NA
"BGD",1968,NA
"BGD",1969,NA
"BGD",1970,NA
"BGD",1971,NA
"BGD",1972,NA
"BGD",1973,NA
"BGD",1974,NA
"BGD",1975,NA
"BGD",1976,NA
"BGD",1977,NA
"BGD",1978,NA
"BGD",1979,NA
"BGD",1980,NA
"BGD",1981,NA
"BGD",1982,NA
"BGD",1983,37.3
"BGD",1984,NA
"BGD",1985,32
"BGD",1986,NA
"BGD",1987,NA
"BGD",1988,41.7
"BGD",1989,NA
"BGD",1990,NA
"BGD",1991,41.9
"BGD",1992,NA
"BGD",1993,NA
"BGD",1994,NA
"BGD",1995,33.7
"BGD",1996,NA
"BGD",1997,NA
"BGD",1998,NA
"BGD",1999,NA
"BGD",2000,33.3
"BGD",2001,NA
"BGD",2002,NA
"BGD",2003,NA
"BGD",2004,NA
"BGD",2005,24
"BGD",2006,NA
"BGD",2007,NA
"BGD",2008,NA
"BGD",2009,NA
"BGD",2010,18.2
"BGD",2011,NA
"BGD",2012,NA
"BGD",2013,NA
"BGD",2014,NA
"BGD",2015,NA
"BGD",2016,13.5
"BGD",2017,NA
"BGD",2018,NA
"BGD",2019,NA
"BGD",2020,NA
"BGD",2021,NA
"BGD",2022,5
"BGD",2023,NA
"BGD",2024,NA
"BGR",1960,NA
"BGR",1961,NA
"BGR",1962,NA
"BGR",1963,NA
"BGR",1964,NA
"BGR",1965,NA
"BGR",1966,NA
"BGR",1967,NA
"BGR",1968,NA
"BGR",1969,NA
"BGR",1970,NA
"BGR",1971,NA
"BGR",1972,NA
"BGR",1973,NA
"BGR",1974,NA
"BGR",1975,NA
"BGR",1976,NA
"BGR",1977,NA
"BGR",1978,NA
"BGR",1979,NA
"BGR",1980,NA
"BGR",1981,NA
"BGR",1982,NA
"BGR",1983,NA
"BGR",1984,NA
"BGR",1985,NA
"BGR",1986,NA
"BGR",1987,NA
"BGR",1988,NA
"BGR",1989,NA
"BGR",1990,NA
"BGR",1991,NA
"BGR",1992,NA
"BGR",1993,NA
"BGR",1994,NA
"BGR",1995,NA
"BGR",1996,NA
"BGR",1997,NA
"BGR",1998,NA
"BGR",1999,NA
"BGR",2000,NA
"BGR",2001,NA
"BGR",2002,NA
"BGR",2003,NA
"BGR",2004,NA
"BGR",2005,NA
"BGR",2006,5.8
"BGR",2007,1.8
"BGR",2008,1.3
"BGR",2009,1.3
"BGR",2010,2
"BGR",2011,2.5
"BGR",2012,2.3
"BGR",2013,1.8
"BGR",2014,1.7
"BGR",2015,3.4
"BGR",2016,2
"BGR",2017,1.4
"BGR",2018,0.9
"BGR",2019,0.9
"BGR",2020,0.2
"BGR",2021,0.7
"BGR",2022,NA
"BGR",2023,NA
"BGR",2024,NA
"BHR",1960,NA
"BHR",1961,NA
"BHR",1962,NA
"BHR",1963,NA
"BHR",1964,NA
"BHR",1965,NA
"BHR",1966,NA
"BHR",1967,NA
"BHR",1968,NA
"BHR",1969,NA
"BHR",1970,NA
"BHR",1971,NA
"BHR",1972,NA
"BHR",1973,NA
"BHR",1974,NA
"BHR",1975,NA
"BHR",1976,NA
"BHR",1977,NA
"BHR",1978,NA
"BHR",1979,NA
"BHR",1980,NA
"BHR",1981,NA
"BHR",1982,NA
"BHR",1983,NA
"BHR",1984,NA
"BHR",1985,NA
"BHR",1986,NA
"BHR",1987,NA
"BHR",1988,NA
"BHR",1989,NA
"BHR",1990,NA
"BHR",1991,NA
"BHR",1992,NA
"BHR",1993,NA
"BHR",1994,NA
"BHR",1995,NA
"BHR",1996,NA
"BHR",1997,NA
"BHR",1998,NA
"BHR",1999,NA
"BHR",2000,NA
"BHR",2001,NA
"BHR",2002,NA
"BHR",2003,NA
"BHR",2004,NA
"BHR",2005,NA
"BHR",2006,NA
"BHR",2007,NA
"BHR",2008,NA
"BHR",2009,NA
"BHR",2010,NA
"BHR",2011,NA
"BHR",2012,NA
"BHR",2013,NA
"BHR",2014,NA
"BHR",2015,NA
"BHR",2016,NA
"BHR",2017,NA
"BHR",2018,NA
"BHR",2019,NA
"BHR",2020,NA
"BHR",2021,NA
"BHR",2022,NA
"BHR",2023,NA
"BHR",2024,NA
"BHS",1960,NA
"BHS",1961,NA
"BHS",1962,NA
"BHS",1963,NA
"BHS",1964,NA
"BHS",1965,NA
"BHS",1966,NA
"BHS",1967,NA
"BHS",1968,NA
"BHS",1969,NA
"BHS",1970,NA
"BHS",1971,NA
"BHS",1972,NA
"BHS",1973,NA
"BHS",1974,NA
"BHS",1975,NA
"BHS",1976,NA
"BHS",1977,NA
"BHS",1978,NA
"BHS",1979,NA
"BHS",1980,NA
"BHS",1981,NA
"BHS",1982,NA
"BHS",1983,NA
"BHS",1984,NA
"BHS",1985,NA
"BHS",1986,NA
"BHS",1987,NA
"BHS",1988,NA
"BHS",1989,NA
"BHS",1990,NA
"BHS",1991,NA
"BHS",1992,NA
"BHS",1993,NA
"BHS",1994,NA
"BHS",1995,NA
"BHS",1996,NA
"BHS",1997,NA
"BHS",1998,NA
"BHS",1999,NA
"BHS",2000,NA
"BHS",2001,NA
"BHS",2002,NA
"BHS",2003,NA
"BHS",2004,NA
"BHS",2005,NA
"BHS",2006,NA
"BHS",2007,NA
"BHS",2008,NA
"BHS",2009,NA
"BHS",2010,NA
"BHS",2011,NA
"BHS",2012,NA
"BHS",2013,NA
"BHS",2014,NA
"BHS",2015,NA
"BHS",2016,NA
"BHS",2017,NA
"BHS",2018,NA
"BHS",2019,NA
"BHS",2020,NA
"BHS",2021,NA
"BHS",2022,NA
"BHS",2023,NA
"BHS",2024,NA
"BIH",1960,NA
"BIH",1961,NA
"BIH",1962,NA
"BIH",1963,NA
"BIH",1964,NA
"BIH",1965,NA
"BIH",1966,NA
"BIH",1967,NA
"BIH",1968,NA
"BIH",1969,NA
"BIH",1970,NA
"BIH",1971,NA
"BIH",1972,NA
"BIH",1973,NA
"BIH",1974,NA
"BIH",1975,NA
"BIH",1976,NA
"BIH",1977,NA
"BIH",1978,NA
"BIH",1979,NA
"BIH",1980,NA
"BIH",1981,NA
"BIH",1982,NA
"BIH",1983,NA
"BIH",1984,NA
"BIH",1985,NA
"BIH",1986,NA
"BIH",1987,NA
"BIH",1988,NA
"BIH",1989,NA
"BIH",1990,NA
"BIH",1991,NA
"BIH",1992,NA
"BIH",1993,NA
"BIH",1994,NA
"BIH",1995,NA
"BIH",1996,NA
"BIH",1997,NA
"BIH",1998,NA
"BIH",1999,NA
"BIH",2000,NA
"BIH",2001,0.3
"BIH",2002,NA
"BIH",2003,NA
"BIH",2004,0.2
"BIH",2005,NA
"BIH",2006,NA
"BIH",2007,0.1
"BIH",2008,NA
"BIH",2009,NA
"BIH",2010,NA
"BIH",2011,0.1
"BIH",2012,NA
"BIH",2013,NA
"BIH",2014,NA
"BIH",2015,NA
"BIH",2016,NA
"BIH",2017,NA
"BIH",2018,NA
"BIH",2019,NA
"BIH",2020,NA
"BIH",2021,NA
"BIH",2022,NA
"BIH",2023,NA
"BIH",2024,NA
"BLR",1960,NA
"BLR",1961,NA
"BLR",1962,NA
"BLR",1963,NA
"BLR",1964,NA
"BLR",1965,NA
"BLR",1966,NA
"BLR",1967,NA
"BLR",1968,NA
"BLR",1969,NA
"BLR",1970,NA
"BLR",1971,NA
"BLR",1972,NA
"BLR",1973,NA
"BLR",1974,NA
"BLR",1975,NA
"BLR",1976,NA
"BLR",1977,NA
"BLR",1978,NA
"BLR",1979,NA
"BLR",1980,NA
"BLR",1981,NA
"BLR",1982,NA
"BLR",1983,NA
"BLR",1984,NA
"BLR",1985,NA
"BLR",1986,NA
"BLR",1987,NA
"BLR",1988,NA
"BLR",1989,NA
"BLR",1990,NA
"BLR",1991,NA
"BLR",1992,NA
"BLR",1993,NA
"BLR",1994,NA
"BLR",1995,NA
"BLR",1996,NA
"BLR",1997,NA
"BLR",1998,21.8
"BLR",1999,19.2
"BLR",2000,13.6
"BLR",2001,6.6
"BLR",2002,4.4
"BLR",2003,3.5
"BLR",2004,1.3
"BLR",2005,0.9
"BLR",2006,0.4
"BLR",2007,0.2
"BLR",2008,0.2
"BLR",2009,0.1
"BLR",2010,0
"BLR",2011,0
"BLR",2012,0
"BLR",2013,0
"BLR",2014,0
"BLR",2015,0
"BLR",2016,0
"BLR",2017,0
"BLR",2018,0
"BLR",2019,0
"BLR",2020,0
"BLR",2021,NA
"BLR",2022,NA
"BLR",2023,NA
"BLR",2024,NA
"BLZ",1960,NA
"BLZ",1961,NA
"BLZ",1962,NA
"BLZ",1963,NA
"BLZ",1964,NA
"BLZ",1965,NA
"BLZ",1966,NA
"BLZ",1967,NA
"BLZ",1968,NA
"BLZ",1969,NA
"BLZ",1970,NA
"BLZ",1971,NA
"BLZ",1972,NA
"BLZ",1973,NA
"BLZ",1974,NA
"BLZ",1975,NA
"BLZ",1976,NA
"BLZ",1977,NA
"BLZ",1978,NA
"BLZ",1979,NA
"BLZ",1980,NA
"BLZ",1981,NA
"BLZ",1982,NA
"BLZ",1983,NA
"BLZ",1984,NA
"BLZ",1985,NA
"BLZ",1986,NA
"BLZ",1987,NA
"BLZ",1988,NA
"BLZ",1989,NA
"BLZ",1990,NA
"BLZ",1991,NA
"BLZ",1992,NA
"BLZ",1993,13.5
"BLZ",1994,14.8
"BLZ",1995,NA
"BLZ",1996,18.2
"BLZ",1997,20.9
"BLZ",1998,20.7
"BLZ",1999,19.6
"BLZ",2000,NA
"BLZ",2001,NA
"BLZ",2002,NA
"BLZ",2003,NA
"BLZ",2004,NA
"BLZ",2005,NA
"BLZ",2006,NA
"BLZ",2007,NA
"BLZ",2008,NA
"BLZ",2009,NA
"BLZ",2010,NA
"BLZ",2011,NA
"BLZ",2012,NA
"BLZ",2013,NA
"BLZ",2014,NA
"BLZ",2015,NA
"BLZ",2016,NA
"BLZ",2017,NA
"BLZ",2018,NA
"BLZ",2019,NA
"BLZ",2020,NA
"BLZ",2021,NA
"BLZ",2022,NA
"BLZ",2023,NA
"BLZ",2024,NA
"BMU",1960,NA
"BMU",1961,NA
"BMU",1962,NA
"BMU",1963,NA
"BMU",1964,NA
"BMU",1965,NA
"BMU",1966,NA
"BMU",1967,NA
"BMU",1968,NA
"BMU",1969,NA
"BMU",1970,NA
"BMU",1971,NA
"BMU",1972,NA
"BMU",1973,NA
"BMU",1974,NA
"BMU",1975,NA
"BMU",1976,NA
"BMU",1977,NA
"BMU",1978,NA
"BMU",1979,NA
"BMU",1980,NA
"BMU",1981,NA
"BMU",1982,NA
"BMU",1983,NA
"BMU",1984,NA
"BMU",1985,NA
"BMU",1986,NA
"BMU",1987,NA
"BMU",1988,NA
"BMU",1989,NA
"BMU",1990,NA
"BMU",1991,NA
"BMU",1992,NA
"BMU",1993,NA
"BMU",1994,NA
"BMU",1995,NA
"BMU",1996,NA
"BMU",1997,NA
"BMU",1998,NA
"BMU",1999,NA
"BMU",2000,NA
"BMU",2001,NA
"BMU",2002,NA
"BMU",2003,NA
"BMU",2004,NA
"BMU",2005,NA
"BMU",2006,NA
"BMU",2007,NA
"BMU",2008,NA
"BMU",2009,NA
"BMU",2010,NA
"BMU",2011,NA
"BMU",2012,NA
"BMU",2013,NA
"BMU",2014,NA
"BMU",2015,NA
"BMU",2016,NA
"BMU",2017,NA
"BMU",2018,NA
"BMU",2019,NA
"BMU",2020,NA
"BMU",2021,NA
"BMU",2022,NA
"BMU",2023,NA
"BMU",2024,NA
"BOL",1960,NA
"BOL",1961,NA
"BOL",1962,NA
"BOL",1963,NA
"BOL",1964,NA
"BOL",1965,NA
"BOL",1966,NA
"BOL",1967,NA
"BOL",1968,NA
"BOL",1969,NA
"BOL",1970,NA
"BOL",1971,NA
"BOL",1972,NA
"BOL",1973,NA
"BOL",1974,NA
"BOL",1975,NA
"BOL",1976,NA
"BOL",1977,NA
"BOL",1978,NA
"BOL",1979,NA
"BOL",1980,NA
"BOL",1981,NA
"BOL",1982,NA
"BOL",1983,NA
"BOL",1984,NA
"BOL",1985,NA
"BOL",1986,NA
"BOL",1987,NA
"BOL",1988,NA
"BOL",1989,NA
"BOL",1990,1.1
"BOL",1991,NA
"BOL",1992,8.7
"BOL",1993,NA
"BOL",1994,NA
"BOL",1995,NA
"BOL",1996,NA
"BOL",1997,15.5
"BOL",1998,NA
"BOL",1999,21.9
"BOL",2000,24.2
"BOL",2001,19
"BOL",2002,19.7
"BOL",2003,NA
"BOL",2004,10.2
"BOL",2005,15.6
"BOL",2006,12.5
"BOL",2007,9.5
"BOL",2008,8.3
"BOL",2009,8.8
"BOL",2010,NA
"BOL",2011,5.3
"BOL",2012,6.5
"BOL",2013,5.2
"BOL",2014,4.3
"BOL",2015,4.6
"BOL",2016,5.6
"BOL",2017,4.9
"BOL",2018,3.3
"BOL",2019,1.9
"BOL",2020,3.1
"BOL",2021,2
"BOL",2022,NA
"BOL",2023,NA
"BOL",2024,NA
"BRA",1960,NA
"BRA",1961,NA
"BRA",1962,NA
"BRA",1963,NA
"BRA",1964,NA
"BRA",1965,NA
"BRA",1966,NA
"BRA",1967,NA
"BRA",1968,NA
"BRA",1969,NA
"BRA",1970,NA
"BRA",1971,NA
"BRA",1972,NA
"BRA",1973,NA
"BRA",1974,NA
"BRA",1975,NA
"BRA",1976,NA
"BRA",1977,NA
"BRA",1978,NA
"BRA",1979,NA
"BRA",1980,NA
"BRA",1981,23.9
"BRA",1982,24.4
"BRA",1983,30.6
"BRA",1984,29.9
"BRA",1985,25.8
"BRA",1986,12.3
"BRA",1987,19.9
"BRA",1988,22.4
"BRA",1989,20.4
"BRA",1990,24
"BRA",1991,NA
"BRA",1992,23.3
"BRA",1993,22.1
"BRA",1994,NA
"BRA",1995,14.7
"BRA",1996,16
"BRA",1997,16
"BRA",1998,14.3
"BRA",1999,15
"BRA",2000,NA
"BRA",2001,13
"BRA",2002,11.7
"BRA",2003,12.6
"BRA",2004,11.1
"BRA",2005,10
"BRA",2006,8.3
"BRA",2007,7.9
"BRA",2008,6.5
"BRA",2009,6.1
"BRA",2010,NA
"BRA",2011,5.3
"BRA",2012,4.5
"BRA",2013,3.7
"BRA",2014,3.3
"BRA",2015,3.9
"BRA",2016,4.7
"BRA",2017,5.3
"BRA",2018,5.3
"BRA",2019,5.4
"BRA",2020,2
"BRA",2021,5.8
"BRA",2022,3.5
"BRA",2023,NA
"BRA",2024,NA
"BRB",1960,NA
"BRB",1961,NA
"BRB",1962,NA
"BRB",1963,NA
"BRB",1964,NA
"BRB",1965,NA
"BRB",1966,NA
"BRB",1967,NA
"BRB",1968,NA
"BRB",1969,NA
"BRB",1970,NA
"BRB",1971,NA
"BRB",1972,NA
"BRB",1973,NA
"BRB",1974,NA
"BRB",1975,NA
"BRB",1976,NA
"BRB",1977,NA
"BRB",1978,NA
"BRB",1979,NA
"BRB",1980,NA
"BRB",1981,NA
"BRB",1982,NA
"BRB",1983,NA
"BRB",1984,NA
"BRB",1985,NA
"BRB",1986,NA
"BRB",1987,NA
"BRB",1988,NA
"BRB",1989,NA
"BRB",1990,NA
"BRB",1991,NA
"BRB",1992,NA
"BRB",1993,NA
"BRB",1994,NA
"BRB",1995,NA
"BRB",1996,NA
"BRB",1997,NA
"BRB",1998,NA
"BRB",1999,NA
"BRB",2000,NA
"BRB",2001,NA
"BRB",2002,NA
"BRB",2003,NA
"BRB",2004,NA
"BRB",2005,NA
"BRB",2006,NA
"BRB",2007,NA
"BRB",2008,NA
"BRB",2009,NA
"BRB",2010,NA
"BRB",2011,NA
"BRB",2012,NA
"BRB",2013,NA
"BRB",2014,NA
"BRB",2015,NA
"BRB",2016,NA
"BRB",2017,NA
"BRB",2018,NA
"BRB",2019,NA
"BRB",2020,NA
"BRB",2021,NA
"BRB",2022,NA
"BRB",2023,NA
"BRB",2024,NA
"BRN",1960,NA
"BRN",1961,NA
"BRN",1962,NA
"BRN",1963,NA
"BRN",1964,NA
"BRN",1965,NA
"BRN",1966,NA
"BRN",1967,NA
"BRN",1968,NA
"BRN",1969,NA
"BRN",1970,NA
"BRN",1971,NA
"BRN",1972,NA
"BRN",1973,NA
"BRN",1974,NA
"BRN",1975,NA
"BRN",1976,NA
"BRN",1977,NA
"BRN",1978,NA
"BRN",1979,NA
"BRN",1980,NA
"BRN",1981,NA
"BRN",1982,NA
"BRN",1983,NA
"BRN",1984,NA
"BRN",1985,NA
"BRN",1986,NA
"BRN",1987,NA
"BRN",1988,NA
"BRN",1989,NA
"BRN",1990,NA
"BRN",1991,NA
"BRN",1992,NA
"BRN",1993,NA
"BRN",1994,NA
"BRN",1995,NA
"BRN",1996,NA
"BRN",1997,NA
"BRN",1998,NA
"BRN",1999,NA
"BRN",2000,NA
"BRN",2001,NA
"BRN",2002,NA
"BRN",2003,NA
"BRN",2004,NA
"BRN",2005,NA
"BRN",2006,NA
"BRN",2007,NA
"BRN",2008,NA
"BRN",2009,NA
"BRN",2010,NA
"BRN",2011,NA
"BRN",2012,NA
"BRN",2013,NA
"BRN",2014,NA
"BRN",2015,NA
"BRN",2016,NA
"BRN",2017,NA
"BRN",2018,NA
"BRN",2019,NA
"BRN",2020,NA
"BRN",2021,NA
"BRN",2022,NA
"BRN",2023,NA
"BRN",2024,NA
"BTN",1960,NA
"BTN",1961,NA
"BTN",1962,NA
"BTN",1963,NA
"BTN",1964,NA
"BTN",1965,NA
"BTN",1966,NA
"BTN",1967,NA
"BTN",1968,NA
"BTN",1969,NA
"BTN",1970,NA
"BTN",1971,NA
"BTN",1972,NA
"BTN",1973,NA
"BTN",1974,NA
"BTN",1975,NA
"BTN",1976,NA
"BTN",1977,NA
"BTN",1978,NA
"BTN",1979,NA
"BTN",1980,NA
"BTN",1981,NA
"BTN",1982,NA
"BTN",1983,NA
"BTN",1984,NA
"BTN",1985,NA
"BTN",1986,NA
"BTN",1987,NA
"BTN",1988,NA
"BTN",1989,NA
"BTN",1990,NA
"BTN",1991,NA
"BTN",1992,NA
"BTN",1993,NA
"BTN",1994,NA
"BTN",1995,NA
"BTN",1996,NA
"BTN",1997,NA
"BTN",1998,NA
"BTN",1999,NA
"BTN",2000,NA
"BTN",2001,NA
"BTN",2002,NA
"BTN",2003,13.4
"BTN",2004,NA
"BTN",2005,NA
"BTN",2006,NA
"BTN",2007,5.9
"BTN",2008,NA
"BTN",2009,NA
"BTN",2010,NA
"BTN",2011,NA
"BTN",2012,1.7
"BTN",2013,NA
"BTN",2014,NA
"BTN",2015,NA
"BTN",2016,NA
"BTN",2017,0.9
"BTN",2018,NA
"BTN",2019,NA
"BTN",2020,NA
"BTN",2021,NA
"BTN",2022,0
"BTN",2023,NA
"BTN",2024,NA
"BWA",1960,NA
"BWA",1961,NA
"BWA",1962,NA
"BWA",1963,NA
"BWA",1964,NA
"BWA",1965,NA
"BWA",1966,NA
"BWA",1967,NA
"BWA",1968,NA
"BWA",1969,NA
"BWA",1970,NA
"BWA",1971,NA
"BWA",1972,NA
"BWA",1973,NA
"BWA",1974,NA
"BWA",1975,NA
"BWA",1976,NA
"BWA",1977,NA
"BWA",1978,NA
"BWA",1979,NA
"BWA",1980,NA
"BWA",1981,NA
"BWA",1982,NA
"BWA",1983,NA
"BWA",1984,NA
"BWA",1985,41.8
"BWA",1986,NA
"BWA",1987,NA
"BWA",1988,NA
"BWA",1989,NA
"BWA",1990,NA
"BWA",1991,NA
"BWA",1992,NA
"BWA",1993,34.1
"BWA",1994,NA
"BWA",1995,NA
"BWA",1996,NA
"BWA",1997,NA
"BWA",1998,NA
"BWA",1999,NA
"BWA",2000,NA
"BWA",2001,NA
"BWA",2002,29.1
"BWA",2003,NA
"BWA",2004,NA
"BWA",2005,NA
"BWA",2006,NA
"BWA",2007,NA
"BWA",2008,NA
"BWA",2009,17.7
"BWA",2010,NA
"BWA",2011,NA
"BWA",2012,NA
"BWA",2013,NA
"BWA",2014,NA
"BWA",2015,15.4
"BWA",2016,NA
"BWA",2017,NA
"BWA",2018,NA
"BWA",2019,NA
"BWA",2020,NA
"BWA",2021,NA
"BWA",2022,NA
"BWA",2023,NA
"BWA",2024,NA
"CAF",1960,NA
"CAF",1961,NA
"CAF",1962,NA
"CAF",1963,NA
"CAF",1964,NA
"CAF",1965,NA
"CAF",1966,NA
"CAF",1967,NA
"CAF",1968,NA
"CAF",1969,NA
"CAF",1970,NA
"CAF",1971,NA
"CAF",1972,NA
"CAF",1973,NA
"CAF",1974,NA
"CAF",1975,NA
"CAF",1976,NA
"CAF",1977,NA
"CAF",1978,NA
"CAF",1979,NA
"CAF",1980,NA
"CAF",1981,NA
"CAF",1982,NA
"CAF",1983,NA
"CAF",1984,NA
"CAF",1985,NA
"CAF",1986,NA
"CAF",1987,NA
"CAF",1988,NA
"CAF",1989,NA
"CAF",1990,NA
"CAF",1991,NA
"CAF",1992,82.2
"CAF",1993,NA
"CAF",1994,NA
"CAF",1995,NA
"CAF",1996,NA
"CAF",1997,NA
"CAF",1998,NA
"CAF",1999,NA
"CAF",2000,NA
"CAF",2001,NA
"CAF",2002,NA
"CAF",2003,NA
"CAF",2004,NA
"CAF",2005,NA
"CAF",2006,NA
"CAF",2007,NA
"CAF",2008,61.9
"CAF",2009,NA
"CAF",2010,NA
"CAF",2011,NA
"CAF",2012,NA
"CAF",2013,NA
"CAF",2014,NA
"CAF",2015,NA
"CAF",2016,NA
"CAF",2017,NA
"CAF",2018,NA
"CAF",2019,NA
"CAF",2020,NA
"CAF",2021,65.7
"CAF",2022,NA
"CAF",2023,NA
"CAF",2024,NA
"CAN",1960,NA
"CAN",1961,NA
"CAN",1962,NA
"CAN",1963,NA
"CAN",1964,NA
"CAN",1965,NA
"CAN",1966,NA
"CAN",1967,NA
"CAN",1968,NA
"CAN",1969,NA
"CAN",1970,NA
"CAN",1971,2.2
"CAN",1972,NA
"CAN",1973,1.7
"CAN",1974,NA
"CAN",1975,1.5
"CAN",1976,NA
"CAN",1977,1.2
"CAN",1978,NA
"CAN",1979,1.2
"CAN",1980,NA
"CAN",1981,0.7
"CAN",1982,0.7
"CAN",1983,NA
"CAN",1984,0.7
"CAN",1985,0.5
"CAN",1986,1
"CAN",1987,0.5
"CAN",1988,0.7
"CAN",1989,1.2
"CAN",1990,1.2
"CAN",1991,1.2
"CAN",1992,0.7
"CAN",1993,1.2
"CAN",1994,1
"CAN",1995,0.7
"CAN",1996,0.2
"CAN",1997,0.2
"CAN",1998,0.5
"CAN",1999,0.5
"CAN",2000,0.2
"CAN",2001,0.2
"CAN",2002,0.2
"CAN",2003,0.2
"CAN",2004,0.2
"CAN",2005,0.2
"CAN",2006,0.2
"CAN",2007,0.2
"CAN",2008,0.2
"CAN",2009,0.2
"CAN",2010,0.2
"CAN",2011,0.2
"CAN",2012,0.2
"CAN",2013,0.5
"CAN",2014,0.2
"CAN",2015,0.2
"CAN",2016,0.2
"CAN",2017,0.2
"CAN",2018,0.2
"CAN",2019,0.2
"CAN",2020,NA
"CAN",2021,NA
"CAN",2022,NA
"CAN",2023,NA
"CAN",2024,NA
"CEB",1960,NA
"CEB",1961,NA
"CEB",1962,NA
"CEB",1963,NA
"CEB",1964,NA
"CEB",1965,NA
"CEB",1966,NA
"CEB",1967,NA
"CEB",1968,NA
"CEB",1969,NA
"CEB",1970,NA
"CEB",1971,NA
"CEB",1972,NA
"CEB",1973,NA
"CEB",1974,NA
"CEB",1975,NA
"CEB",1976,NA
"CEB",1977,NA
"CEB",1978,NA
"CEB",1979,NA
"CEB",1980,NA
"CEB",1981,NA
"CEB",1982,NA
"CEB",1983,NA
"CEB",1984,NA
"CEB",1985,NA
"CEB",1986,NA
"CEB",1987,NA
"CEB",1988,NA
"CEB",1989,NA
"CEB",1990,NA
"CEB",1991,NA
"CEB",1992,NA
"CEB",1993,NA
"CEB",1994,NA
"CEB",1995,NA
"CEB",1996,NA
"CEB",1997,NA
"CEB",1998,NA
"CEB",1999,NA
"CEB",2000,NA
"CEB",2001,NA
"CEB",2002,NA
"CEB",2003,NA
"CEB",2004,NA
"CEB",2005,NA
"CEB",2006,NA
"CEB",2007,NA
"CEB",2008,NA
"CEB",2009,NA
"CEB",2010,NA
"CEB",2011,NA
"CEB",2012,NA
"CEB",2013,NA
"CEB",2014,NA
"CEB",2015,NA
"CEB",2016,NA
"CEB",2017,NA
"CEB",2018,NA
"CEB",2019,NA
"CEB",2020,NA
"CEB",2021,NA
"CEB",2022,NA
"CEB",2023,NA
"CEB",2024,NA
"CHE",1960,NA
"CHE",1961,NA
"CHE",1962,NA
"CHE",1963,NA
"CHE",1964,NA
"CHE",1965,NA
"CHE",1966,NA
"CHE",1967,NA
"CHE",1968,NA
"CHE",1969,NA
"CHE",1970,NA
"CHE",1971,NA
"CHE",1972,NA
"CHE",1973,NA
"CHE",1974,NA
"CHE",1975,NA
"CHE",1976,NA
"CHE",1977,NA
"CHE",1978,NA
"CHE",1979,NA
"CHE",1980,NA
"CHE",1981,NA
"CHE",1982,0.7
"CHE",1983,NA
"CHE",1984,NA
"CHE",1985,NA
"CHE",1986,NA
"CHE",1987,NA
"CHE",1988,NA
"CHE",1989,NA
"CHE",1990,NA
"CHE",1991,NA
"CHE",1992,0.5
"CHE",1993,NA
"CHE",1994,NA
"CHE",1995,NA
"CHE",1996,NA
"CHE",1997,NA
"CHE",1998,NA
"CHE",1999,NA
"CHE",2000,0
"CHE",2001,NA
"CHE",2002,0
"CHE",2003,NA
"CHE",2004,0
"CHE",2005,NA
"CHE",2006,0
"CHE",2007,0
"CHE",2008,0.1
"CHE",2009,0
"CHE",2010,0
"CHE",2011,0
"CHE",2012,0
"CHE",2013,0
"CHE",2014,0
"CHE",2015,0
"CHE",2016,0
"CHE",2017,0
"CHE",2018,0
"CHE",2019,0
"CHE",2020,0
"CHE",2021,NA
"CHE",2022,NA
"CHE",2023,NA
"CHE",2024,NA
"CHI",1960,NA
"CHI",1961,NA
"CHI",1962,NA
"CHI",1963,NA
"CHI",1964,NA
"CHI",1965,NA
"CHI",1966,NA
"CHI",1967,NA
"CHI",1968,NA
"CHI",1969,NA
"CHI",1970,NA
"CHI",1971,NA
"CHI",1972,NA
"CHI",1973,NA
"CHI",1974,NA
"CHI",1975,NA
"CHI",1976,NA
"CHI",1977,NA
"CHI",1978,NA
"CHI",1979,NA
"CHI",1980,NA
"CHI",1981,NA
"CHI",1982,NA
"CHI",1983,NA
"CHI",1984,NA
"CHI",1985,NA
"CHI",1986,NA
"CHI",1987,NA
"CHI",1988,NA
"CHI",1989,NA
"CHI",1990,NA
"CHI",1991,NA
"CHI",1992,NA
"CHI",1993,NA
"CHI",1994,NA
"CHI",1995,NA
"CHI",1996,NA
"CHI",1997,NA
"CHI",1998,NA
"CHI",1999,NA
"CHI",2000,NA
"CHI",2001,NA
"CHI",2002,NA
"CHI",2003,NA
"CHI",2004,NA
"CHI",2005,NA
"CHI",2006,NA
"CHI",2007,NA
"CHI",2008,NA
"CHI",2009,NA
"CHI",2010,NA
"CHI",2011,NA
"CHI",2012,NA
"CHI",2013,NA
"CHI",2014,NA
"CHI",2015,NA
"CHI",2016,NA
"CHI",2017,NA
"CHI",2018,NA
"CHI",2019,NA
"CHI",2020,NA
"CHI",2021,NA
"CHI",2022,NA
"CHI",2023,NA
"CHI",2024,NA
"CHL",1960,NA
"CHL",1961,NA
"CHL",1962,NA
"CHL",1963,NA
"CHL",1964,NA
"CHL",1965,NA
"CHL",1966,NA
"CHL",1967,NA
"CHL",1968,NA
"CHL",1969,NA
"CHL",1970,NA
"CHL",1971,NA
"CHL",1972,NA
"CHL",1973,NA
"CHL",1974,NA
"CHL",1975,NA
"CHL",1976,NA
"CHL",1977,NA
"CHL",1978,NA
"CHL",1979,NA
"CHL",1980,NA
"CHL",1981,NA
"CHL",1982,NA
"CHL",1983,NA
"CHL",1984,NA
"CHL",1985,NA
"CHL",1986,NA
"CHL",1987,15.4
"CHL",1988,NA
"CHL",1989,NA
"CHL",1990,10.7
"CHL",1991,NA
"CHL",1992,6.7
"CHL",1993,NA
"CHL",1994,6.8
"CHL",1995,NA
"CHL",1996,4.7
"CHL",1997,NA
"CHL",1998,4.6
"CHL",1999,NA
"CHL",2000,5.8
"CHL",2001,NA
"CHL",2002,NA
"CHL",2003,5.3
"CHL",2004,NA
"CHL",2005,NA
"CHL",2006,2
"CHL",2007,NA
"CHL",2008,NA
"CHL",2009,1.7
"CHL",2010,NA
"CHL",2011,0.9
"CHL",2012,NA
"CHL",2013,0.5
"CHL",2014,NA
"CHL",2015,0.4
"CHL",2016,NA
"CHL",2017,0.4
"CHL",2018,NA
"CHL",2019,NA
"CHL",2020,1.3
"CHL",2021,NA
"CHL",2022,0.4
"CHL",2023,NA
"CHL",2024,NA
"CHN",1960,NA
"CHN",1961,NA
"CHN",1962,NA
"CHN",1963,NA
"CHN",1964,NA
"CHN",1965,NA
"CHN",1966,NA
"CHN",1967,NA
"CHN",1968,NA
"CHN",1969,NA
"CHN",1970,NA
"CHN",1971,NA
"CHN",1972,NA
"CHN",1973,NA
"CHN",1974,NA
"CHN",1975,NA
"CHN",1976,NA
"CHN",1977,NA
"CHN",1978,NA
"CHN",1979,NA
"CHN",1980,NA
"CHN",1981,NA
"CHN",1982,NA
"CHN",1983,NA
"CHN",1984,NA
"CHN",1985,NA
"CHN",1986,NA
"CHN",1987,NA
"CHN",1988,NA
"CHN",1989,NA
"CHN",1990,72
"CHN",1991,NA
"CHN",1992,NA
"CHN",1993,65.6
"CHN",1994,NA
"CHN",1995,NA
"CHN",1996,48.2
"CHN",1997,NA
"CHN",1998,NA
"CHN",1999,46.1
"CHN",2000,NA
"CHN",2001,NA
"CHN",2002,36.9
"CHN",2003,NA
"CHN",2004,NA
"CHN",2005,22.3
"CHN",2006,NA
"CHN",2007,NA
"CHN",2008,17.3
"CHN",2009,NA
"CHN",2010,13.4
"CHN",2011,10
"CHN",2012,8.3
"CHN",2013,2.7
"CHN",2014,1.7
"CHN",2015,0.6
"CHN",2016,0.1
"CHN",2017,0
"CHN",2018,0
"CHN",2019,0
"CHN",2020,0
"CHN",2021,0
"CHN",2022,NA
"CHN",2023,NA
"CHN",2024,NA
"CIV",1960,NA
"CIV",1961,NA
"CIV",1962,NA
"CIV",1963,NA
"CIV",1964,NA
"CIV",1965,NA
"CIV",1966,NA
"CIV",1967,NA
"CIV",1968,NA
"CIV",1969,NA
"CIV",1970,NA
"CIV",1971,NA
"CIV",1972,NA
"CIV",1973,NA
"CIV",1974,NA
"CIV",1975,NA
"CIV",1976,NA
"CIV",1977,NA
"CIV",1978,NA
"CIV",1979,NA
"CIV",1980,NA
"CIV",1981,NA
"CIV",1982,NA
"CIV",1983,NA
"CIV",1984,NA
"CIV",1985,8.2
"CIV",1986,4.4
"CIV",1987,9.4
"CIV",1988,13.4
"CIV",1989,NA
"CIV",1990,NA
"CIV",1991,NA
"CIV",1992,27.1
"CIV",1993,NA
"CIV",1994,NA
"CIV",1995,25.9
"CIV",1996,NA
"CIV",1997,NA
"CIV",1998,30.4
"CIV",1999,NA
"CIV",2000,NA
"CIV",2001,NA
"CIV",2002,29.1
"CIV",2003,NA
"CIV",2004,NA
"CIV",2005,NA
"CIV",2006,NA
"CIV",2007,NA
"CIV",2008,34.4
"CIV",2009,NA
"CIV",2010,NA
"CIV",2011,NA
"CIV",2012,NA
"CIV",2013,NA
"CIV",2014,NA
"CIV",2015,33.4
"CIV",2016,NA
"CIV",2017,NA
"CIV",2018,11.5
"CIV",2019,NA
"CIV",2020,NA
"CIV",2021,9.7
"CIV",2022,NA
"CIV",2023,NA
"CIV",2024,NA
"CMR",1960,NA
"CMR",1961,NA
"CMR",1962,NA
"CMR",1963,NA
"CMR",1964,NA
"CMR",1965,NA
"CMR",1966,NA
"CMR",1967,NA
"CMR",1968,NA
"CMR",1969,NA
"CMR",1970,NA
"CMR",1971,NA
"CMR",1972,NA
"CMR",1973,NA
"CMR",1974,NA
"CMR",1975,NA
"CMR",1976,NA
"CMR",1977,NA
"CMR",1978,NA
"CMR",1979,NA
"CMR",1980,NA
"CMR",1981,NA
"CMR",1982,NA
"CMR",1983,NA
"CMR",1984,NA
"CMR",1985,NA
"CMR",1986,NA
"CMR",1987,NA
"CMR",1988,NA
"CMR",1989,NA
"CMR",1990,NA
"CMR",1991,NA
"CMR",1992,NA
"CMR",1993,NA
"CMR",1994,NA
"CMR",1995,NA
"CMR",1996,50.4
"CMR",1997,NA
"CMR",1998,NA
"CMR",1999,NA
"CMR",2000,NA
"CMR",2001,25.7
"CMR",2002,NA
"CMR",2003,NA
"CMR",2004,NA
"CMR",2005,NA
"CMR",2006,NA
"CMR",2007,31.4
"CMR",2008,NA
"CMR",2009,NA
"CMR",2010,NA
"CMR",2011,NA
"CMR",2012,NA
"CMR",2013,NA
"CMR",2014,25.7
"CMR",2015,NA
"CMR",2016,NA
"CMR",2017,NA
"CMR",2018,NA
"CMR",2019,NA
"CMR",2020,NA
"CMR",2021,23
"CMR",2022,NA
"CMR",2023,NA
"CMR",2024,NA
"COD",1960,NA
"COD",1961,NA
"COD",1962,NA
"COD",1963,NA
"COD",1964,NA
"COD",1965,NA
"COD",1966,NA
"COD",1967,NA
"COD",1968,NA
"COD",1969,NA
"COD",1970,NA
"COD",1971,NA
"COD",1972,NA
"COD",1973,NA
"COD",1974,NA
"COD",1975,NA
"COD",1976,NA
"COD",1977,NA
"COD",1978,NA
"COD",1979,NA
"COD",1980,NA
"COD",1981,NA
"COD",1982,NA
"COD",1983,NA
"COD",1984,NA
"COD",1985,NA
"COD",1986,NA
"COD",1987,NA
"COD",1988,NA
"COD",1989,NA
"COD",1990,NA
"COD",1991,NA
"COD",1992,NA
"COD",1993,NA
"COD",1994,NA
"COD",1995,NA
"COD",1996,NA
"COD",1997,NA
"COD",1998,NA
"COD",1999,NA
"COD",2000,NA
"COD",2001,NA
"COD",2002,NA
"COD",2003,NA
"COD",2004,91.5
"COD",2005,NA
"COD",2006,NA
"COD",2007,NA
"COD",2008,NA
"COD",2009,NA
"COD",2010,NA
"COD",2011,NA
"COD",2012,69.7
"COD",2013,NA
"COD",2014,NA
"COD",2015,NA
"COD",2016,NA
"COD",2017,NA
"COD",2018,NA
"COD",2019,NA
"COD",2020,78.9
"COD",2021,NA
"COD",2022,NA
"COD",2023,NA
"COD",2024,NA
"COG",1960,NA
"COG",1961,NA
"COG",1962,NA
"COG",1963,NA
"COG",1964,NA
"COG",1965,NA
"COG",1966,NA
"COG",1967,NA
"COG",1968,NA
"COG",1969,NA
"COG",1970,NA
"COG",1971,NA
"COG",1972,NA
"COG",1973,NA
"COG",1974,NA
"COG",1975,NA
"COG",1976,NA
"COG",1977,NA
"COG",1978,NA
"COG",1979,NA
"COG",1980,NA
"COG",1981,NA
"COG",1982,NA
"COG",1983,NA
"COG",1984,NA
"COG",1985,NA
"COG",1986,NA
"COG",1987,NA
"COG",1988,NA
"COG",1989,NA
"COG",1990,NA
"COG",1991,NA
"COG",1992,NA
"COG",1993,NA
"COG",1994,NA
"COG",1995,NA
"COG",1996,NA
"COG",1997,NA
"COG",1998,NA
"COG",1999,NA
"COG",2000,NA
"COG",2001,NA
"COG",2002,NA
"COG",2003,NA
"COG",2004,NA
"COG",2005,49.6
"COG",2006,NA
"COG",2007,NA
"COG",2008,NA
"COG",2009,NA
"COG",2010,NA
"COG",2011,35.4
"COG",2012,NA
"COG",2013,NA
"COG",2014,NA
"COG",2015,NA
"COG",2016,NA
"COG",2017,NA
"COG",2018,NA
"COG",2019,NA
"COG",2020,NA
"COG",2021,NA
"COG",2022,NA
"COG",2023,NA
"COG",2024,NA
"COL",1960,NA
"COL",1961,NA
"COL",1962,NA
"COL",1963,NA
"COL",1964,NA
"COL",1965,NA
"COL",1966,NA
"COL",1967,NA
"COL",1968,NA
"COL",1969,NA
"COL",1970,NA
"COL",1971,NA
"COL",1972,NA
"COL",1973,NA
"COL",1974,NA
"COL",1975,NA
"COL",1976,NA
"COL",1977,NA
"COL",1978,NA
"COL",1979,NA
"COL",1980,20.9
"COL",1981,NA
"COL",1982,NA
"COL",1983,NA
"COL",1984,NA
"COL",1985,NA
"COL",1986,NA
"COL",1987,NA
"COL",1988,14.6
"COL",1989,14
"COL",1990,NA
"COL",1991,12.8
"COL",1992,9.6
"COL",1993,NA
"COL",1994,NA
"COL",1995,NA
"COL",1996,17.6
"COL",1997,NA
"COL",1998,NA
"COL",1999,21.4
"COL",2000,17.5
"COL",2001,21
"COL",2002,14.2
"COL",2003,13
"COL",2004,12
"COL",2005,10.7
"COL",2006,NA
"COL",2007,NA
"COL",2008,11
"COL",2009,9.6
"COL",2010,8.3
"COL",2011,6.8
"COL",2012,6.7
"COL",2013,6.1
"COL",2014,5.4
"COL",2015,4.9
"COL",2016,4.9
"COL",2017,4.3
"COL",2018,4.5
"COL",2019,5.3
"COL",2020,9.4
"COL",2021,7.3
"COL",2022,6
"COL",2023,NA
"COL",2024,NA
"COM",1960,NA
"COM",1961,NA
"COM",1962,NA
"COM",1963,NA
"COM",1964,NA
"COM",1965,NA
"COM",1966,NA
"COM",1967,NA
"COM",1968,NA
"COM",1969,NA
"COM",1970,NA
"COM",1971,NA
"COM",1972,NA
"COM",1973,NA
"COM",1974,NA
"COM",1975,NA
"COM",1976,NA
"COM",1977,NA
"COM",1978,NA
"COM",1979,NA
"COM",1980,NA
"COM",1981,NA
"COM",1982,NA
"COM",1983,NA
"COM",1984,NA
"COM",1985,NA
"COM",1986,NA
"COM",1987,NA
"COM",1988,NA
"COM",1989,NA
"COM",1990,NA
"COM",1991,NA
"COM",1992,NA
"COM",1993,NA
"COM",1994,NA
"COM",1995,NA
"COM",1996,NA
"COM",1997,NA
"COM",1998,NA
"COM",1999,NA
"COM",2000,NA
"COM",2001,NA
"COM",2002,NA
"COM",2003,NA
"COM",2004,14.6
"COM",2005,NA
"COM",2006,NA
"COM",2007,NA
"COM",2008,NA
"COM",2009,NA
"COM",2010,NA
"COM",2011,NA
"COM",2012,NA
"COM",2013,NA
"COM",2014,18.6
"COM",2015,NA
"COM",2016,NA
"COM",2017,NA
"COM",2018,NA
"COM",2019,NA
"COM",2020,NA
"COM",2021,NA
"COM",2022,NA
"COM",2023,NA
"COM",2024,NA
"CPV",1960,NA
"CPV",1961,NA
"CPV",1962,NA
"CPV",1963,NA
"CPV",1964,NA
"CPV",1965,NA
"CPV",1966,NA
"CPV",1967,NA
"CPV",1968,NA
"CPV",1969,NA
"CPV",1970,NA
"CPV",1971,NA
"CPV",1972,NA
"CPV",1973,NA
"CPV",1974,NA
"CPV",1975,NA
"CPV",1976,NA
"CPV",1977,NA
"CPV",1978,NA
"CPV",1979,NA
"CPV",1980,NA
"CPV",1981,NA
"CPV",1982,NA
"CPV",1983,NA
"CPV",1984,NA
"CPV",1985,NA
"CPV",1986,NA
"CPV",1987,NA
"CPV",1988,NA
"CPV",1989,NA
"CPV",1990,NA
"CPV",1991,NA
"CPV",1992,NA
"CPV",1993,NA
"CPV",1994,NA
"CPV",1995,NA
"CPV",1996,NA
"CPV",1997,NA
"CPV",1998,NA
"CPV",1999,NA
"CPV",2000,NA
"CPV",2001,19.6
"CPV",2002,NA
"CPV",2003,NA
"CPV",2004,NA
"CPV",2005,NA
"CPV",2006,NA
"CPV",2007,10.6
"CPV",2008,NA
"CPV",2009,NA
"CPV",2010,NA
"CPV",2011,NA
"CPV",2012,NA
"CPV",2013,NA
"CPV",2014,NA
"CPV",2015,4.6
"CPV",2016,NA
"CPV",2017,NA
"CPV",2018,NA
"CPV",2019,NA
"CPV",2020,NA
"CPV",2021,NA
"CPV",2022,NA
"CPV",2023,NA
"CPV",2024,NA
"CRI",1960,NA
"CRI",1961,NA
"CRI",1962,NA
"CRI",1963,NA
"CRI",1964,NA
"CRI",1965,NA
"CRI",1966,NA
"CRI",1967,NA
"CRI",1968,NA
"CRI",1969,NA
"CRI",1970,NA
"CRI",1971,NA
"CRI",1972,NA
"CRI",1973,NA
"CRI",1974,NA
"CRI",1975,NA
"CRI",1976,NA
"CRI",1977,NA
"CRI",1978,NA
"CRI",1979,NA
"CRI",1980,NA
"CRI",1981,25.9
"CRI",1982,NA
"CRI",1983,NA
"CRI",1984,NA
"CRI",1985,NA
"CRI",1986,13.9
"CRI",1987,NA
"CRI",1988,NA
"CRI",1989,10.6
"CRI",1990,10.4
"CRI",1991,12.4
"CRI",1992,9.9
"CRI",1993,8.5
"CRI",1994,7
"CRI",1995,7.1
"CRI",1996,8.2
"CRI",1997,6.7
"CRI",1998,5.2
"CRI",1999,6.8
"CRI",2000,6.9
"CRI",2001,5.1
"CRI",2002,4.7
"CRI",2003,4.7
"CRI",2004,4.7
"CRI",2005,3.3
"CRI",2006,3.3
"CRI",2007,1.8
"CRI",2008,2.4
"CRI",2009,2.5
"CRI",2010,1.5
"CRI",2011,1.8
"CRI",2012,1.7
"CRI",2013,1.6
"CRI",2014,1.5
"CRI",2015,1.6
"CRI",2016,1.3
"CRI",2017,1.2
"CRI",2018,1.5
"CRI",2019,1.1
"CRI",2020,2.3
"CRI",2021,1.2
"CRI",2022,0.9
"CRI",2023,0.9
"CRI",2024,NA
"CSS",1960,NA
"CSS",1961,NA
"CSS",1962,NA
"CSS",1963,NA
"CSS",1964,NA
"CSS",1965,NA
"CSS",1966,NA
"CSS",1967,NA
"CSS",1968,NA
"CSS",1969,NA
"CSS",1970,NA
"CSS",1971,NA
"CSS",1972,NA
"CSS",1973,NA
"CSS",1974,NA
"CSS",1975,NA
"CSS",1976,NA
"CSS",1977,NA
"CSS",1978,NA
"CSS",1979,NA
"CSS",1980,NA
"CSS",1981,NA
"CSS",1982,NA
"CSS",1983,NA
"CSS",1984,NA
"CSS",1985,NA
"CSS",1986,NA
"CSS",1987,NA
"CSS",1988,NA
"CSS",1989,NA
"CSS",1990,NA
"CSS",1991,NA
"CSS",1992,NA
"CSS",1993,NA
"CSS",1994,NA
"CSS",1995,NA
"CSS",1996,NA
"CSS",1997,NA
"CSS",1998,NA
"CSS",1999,NA
"CSS",2000,NA
"CSS",2001,NA
"CSS",2002,NA
"CSS",2003,NA
"CSS",2004,NA
"CSS",2005,NA
"CSS",2006,NA
"CSS",2007,NA
"CSS",2008,NA
"CSS",2009,NA
"CSS",2010,NA
"CSS",2011,NA
"CSS",2012,NA
"CSS",2013,NA
"CSS",2014,NA
"CSS",2015,NA
"CSS",2016,NA
"CSS",2017,NA
"CSS",2018,NA
"CSS",2019,NA
"CSS",2020,NA
"CSS",2021,NA
"CSS",2022,NA
"CSS",2023,NA
"CSS",2024,NA
"CUB",1960,NA
"CUB",1961,NA
"CUB",1962,NA
"CUB",1963,NA
"CUB",1964,NA
"CUB",1965,NA
"CUB",1966,NA
"CUB",1967,NA
"CUB",1968,NA
"CUB",1969,NA
"CUB",1970,NA
"CUB",1971,NA
"CUB",1972,NA
"CUB",1973,NA
"CUB",1974,NA
"CUB",1975,NA
"CUB",1976,NA
"CUB",1977,NA
"CUB",1978,NA
"CUB",1979,NA
"CUB",1980,NA
"CUB",1981,NA
"CUB",1982,NA
"CUB",1983,NA
"CUB",1984,NA
"CUB",1985,NA
"CUB",1986,NA
"CUB",1987,NA
"CUB",1988,NA
"CUB",1989,NA
"CUB",1990,NA
"CUB",1991,NA
"CUB",1992,NA
"CUB",1993,NA
"CUB",1994,NA
"CUB",1995,NA
"CUB",1996,NA
"CUB",1997,NA
"CUB",1998,NA
"CUB",1999,NA
"CUB",2000,NA
"CUB",2001,NA
"CUB",2002,NA
"CUB",2003,NA
"CUB",2004,NA
"CUB",2005,NA
"CUB",2006,NA
"CUB",2007,NA
"CUB",2008,NA
"CUB",2009,NA
"CUB",2010,NA
"CUB",2011,NA
"CUB",2012,NA
"CUB",2013,NA
"CUB",2014,NA
"CUB",2015,NA
"CUB",2016,NA
"CUB",2017,NA
"CUB",2018,NA
"CUB",2019,NA
"CUB",2020,NA
"CUB",2021,NA
"CUB",2022,NA
"CUB",2023,NA
"CUB",2024,NA
"CUW",1960,NA
"CUW",1961,NA
"CUW",1962,NA
"CUW",1963,NA
"CUW",1964,NA
"CUW",1965,NA
"CUW",1966,NA
"CUW",1967,NA
"CUW",1968,NA
"CUW",1969,NA
"CUW",1970,NA
"CUW",1971,NA
"CUW",1972,NA
"CUW",1973,NA
"CUW",1974,NA
"CUW",1975,NA
"CUW",1976,NA
"CUW",1977,NA
"CUW",1978,NA
"CUW",1979,NA
"CUW",1980,NA
"CUW",1981,NA
"CUW",1982,NA
"CUW",1983,NA
"CUW",1984,NA
"CUW",1985,NA
"CUW",1986,NA
"CUW",1987,NA
"CUW",1988,NA
"CUW",1989,NA
"CUW",1990,NA
"CUW",1991,NA
"CUW",1992,NA
"CUW",1993,NA
"CUW",1994,NA
"CUW",1995,NA
"CUW",1996,NA
"CUW",1997,NA
"CUW",1998,NA
"CUW",1999,NA
"CUW",2000,NA
"CUW",2001,NA
"CUW",2002,NA
"CUW",2003,NA
"CUW",2004,NA
"CUW",2005,NA
"CUW",2006,NA
"CUW",2007,NA
"CUW",2008,NA
"CUW",2009,NA
"CUW",2010,NA
"CUW",2011,NA
"CUW",2012,NA
"CUW",2013,NA
"CUW",2014,NA
"CUW",2015,NA
"CUW",2016,NA
"CUW",2017,NA
"CUW",2018,NA
"CUW",2019,NA
"CUW",2020,NA
"CUW",2021,NA
"CUW",2022,NA
"CUW",2023,NA
"CUW",2024,NA
"CYM",1960,NA
"CYM",1961,NA
"CYM",1962,NA
"CYM",1963,NA
"CYM",1964,NA
"CYM",1965,NA
"CYM",1966,NA
"CYM",1967,NA
"CYM",1968,NA
"CYM",1969,NA
"CYM",1970,NA
"CYM",1971,NA
"CYM",1972,NA
"CYM",1973,NA
"CYM",1974,NA
"CYM",1975,NA
"CYM",1976,NA
"CYM",1977,NA
"CYM",1978,NA
"CYM",1979,NA
"CYM",1980,NA
"CYM",1981,NA
"CYM",1982,NA
"CYM",1983,NA
"CYM",1984,NA
"CYM",1985,NA
"CYM",1986,NA
"CYM",1987,NA
"CYM",1988,NA
"CYM",1989,NA
"CYM",1990,NA
"CYM",1991,NA
"CYM",1992,NA
"CYM",1993,NA
"CYM",1994,NA
"CYM",1995,NA
"CYM",1996,NA
"CYM",1997,NA
"CYM",1998,NA
"CYM",1999,NA
"CYM",2000,NA
"CYM",2001,NA
"CYM",2002,NA
"CYM",2003,NA
"CYM",2004,NA
"CYM",2005,NA
"CYM",2006,NA
"CYM",2007,NA
"CYM",2008,NA
"CYM",2009,NA
"CYM",2010,NA
"CYM",2011,NA
"CYM",2012,NA
"CYM",2013,NA
"CYM",2014,NA
"CYM",2015,NA
"CYM",2016,NA
"CYM",2017,NA
"CYM",2018,NA
"CYM",2019,NA
"CYM",2020,NA
"CYM",2021,NA
"CYM",2022,NA
"CYM",2023,NA
"CYM",2024,NA
"CYP",1960,NA
"CYP",1961,NA
"CYP",1962,NA
"CYP",1963,NA
"CYP",1964,NA
"CYP",1965,NA
"CYP",1966,NA
"CYP",1967,NA
"CYP",1968,NA
"CYP",1969,NA
"CYP",1970,NA
"CYP",1971,NA
"CYP",1972,NA
"CYP",1973,NA
"CYP",1974,NA
"CYP",1975,NA
"CYP",1976,NA
"CYP",1977,NA
"CYP",1978,NA
"CYP",1979,NA
"CYP",1980,NA
"CYP",1981,NA
"CYP",1982,NA
"CYP",1983,NA
"CYP",1984,NA
"CYP",1985,NA
"CYP",1986,NA
"CYP",1987,NA
"CYP",1988,NA
"CYP",1989,NA
"CYP",1990,NA
"CYP",1991,NA
"CYP",1992,NA
"CYP",1993,NA
"CYP",1994,NA
"CYP",1995,NA
"CYP",1996,NA
"CYP",1997,NA
"CYP",1998,NA
"CYP",1999,NA
"CYP",2000,NA
"CYP",2001,NA
"CYP",2002,NA
"CYP",2003,NA
"CYP",2004,0.1
"CYP",2005,0
"CYP",2006,0
"CYP",2007,0
"CYP",2008,0
"CYP",2009,0.1
"CYP",2010,0
"CYP",2011,0
"CYP",2012,0
"CYP",2013,0.1
"CYP",2014,0.1
"CYP",2015,0
"CYP",2016,0
"CYP",2017,0
"CYP",2018,0
"CYP",2019,0.2
"CYP",2020,0
"CYP",2021,0
"CYP",2022,NA
"CYP",2023,NA
"CYP",2024,NA
"CZE",1960,NA
"CZE",1961,NA
"CZE",1962,NA
"CZE",1963,NA
"CZE",1964,NA
"CZE",1965,NA
"CZE",1966,NA
"CZE",1967,NA
"CZE",1968,NA
"CZE",1969,NA
"CZE",1970,NA
"CZE",1971,NA
"CZE",1972,NA
"CZE",1973,NA
"CZE",1974,NA
"CZE",1975,NA
"CZE",1976,NA
"CZE",1977,NA
"CZE",1978,NA
"CZE",1979,NA
"CZE",1980,NA
"CZE",1981,NA
"CZE",1982,NA
"CZE",1983,NA
"CZE",1984,NA
"CZE",1985,NA
"CZE",1986,NA
"CZE",1987,NA
"CZE",1988,NA
"CZE",1989,NA
"CZE",1990,NA
"CZE",1991,NA
"CZE",1992,0
"CZE",1993,0
"CZE",1994,NA
"CZE",1995,NA
"CZE",1996,0
"CZE",1997,NA
"CZE",1998,NA
"CZE",1999,NA
"CZE",2000,NA
"CZE",2001,NA
"CZE",2002,0
"CZE",2003,NA
"CZE",2004,0
"CZE",2005,0
"CZE",2006,0.1
"CZE",2007,0.1
"CZE",2008,0
"CZE",2009,0
"CZE",2010,0
"CZE",2011,0
"CZE",2012,0
"CZE",2013,0
"CZE",2014,0
"CZE",2015,0
"CZE",2016,0
"CZE",2017,0
"CZE",2018,0
"CZE",2019,0
"CZE",2020,0
"CZE",2021,0.1
"CZE",2022,NA
"CZE",2023,NA
"CZE",2024,NA
"DEU",1960,NA
"DEU",1961,NA
"DEU",1962,NA
"DEU",1963,NA
"DEU",1964,NA
"DEU",1965,NA
"DEU",1966,NA
"DEU",1967,NA
"DEU",1968,NA
"DEU",1969,NA
"DEU",1970,NA
"DEU",1971,NA
"DEU",1972,NA
"DEU",1973,NA
"DEU",1974,NA
"DEU",1975,NA
"DEU",1976,NA
"DEU",1977,NA
"DEU",1978,NA
"DEU",1979,NA
"DEU",1980,NA
"DEU",1981,NA
"DEU",1982,NA
"DEU",1983,NA
"DEU",1984,NA
"DEU",1985,NA
"DEU",1986,NA
"DEU",1987,NA
"DEU",1988,NA
"DEU",1989,NA
"DEU",1990,NA
"DEU",1991,0
"DEU",1992,0
"DEU",1993,0
"DEU",1994,0.2
"DEU",1995,0.2
"DEU",1996,0
"DEU",1997,0
"DEU",1998,0
"DEU",1999,0
"DEU",2000,0
"DEU",2001,0
"DEU",2002,0
"DEU",2003,0
"DEU",2004,0
"DEU",2005,0
"DEU",2006,0
"DEU",2007,0
"DEU",2008,0
"DEU",2009,0
"DEU",2010,0
"DEU",2011,0
"DEU",2012,0
"DEU",2013,0
"DEU",2014,0
"DEU",2015,0
"DEU",2016,0
"DEU",2017,0.2
"DEU",2018,0
"DEU",2019,0.2
"DEU",2020,0.2
"DEU",2021,NA
"DEU",2022,NA
"DEU",2023,NA
"DEU",2024,NA
"DJI",1960,NA
"DJI",1961,NA
"DJI",1962,NA
"DJI",1963,NA
"DJI",1964,NA
"DJI",1965,NA
"DJI",1966,NA
"DJI",1967,NA
"DJI",1968,NA
"DJI",1969,NA
"DJI",1970,NA
"DJI",1971,NA
"DJI",1972,NA
"DJI",1973,NA
"DJI",1974,NA
"DJI",1975,NA
"DJI",1976,NA
"DJI",1977,NA
"DJI",1978,NA
"DJI",1979,NA
"DJI",1980,NA
"DJI",1981,NA
"DJI",1982,NA
"DJI",1983,NA
"DJI",1984,NA
"DJI",1985,NA
"DJI",1986,NA
"DJI",1987,NA
"DJI",1988,NA
"DJI",1989,NA
"DJI",1990,NA
"DJI",1991,NA
"DJI",1992,NA
"DJI",1993,NA
"DJI",1994,NA
"DJI",1995,NA
"DJI",1996,NA
"DJI",1997,NA
"DJI",1998,NA
"DJI",1999,NA
"DJI",2000,NA
"DJI",2001,NA
"DJI",2002,22.5
"DJI",2003,NA
"DJI",2004,NA
"DJI",2005,NA
"DJI",2006,NA
"DJI",2007,NA
"DJI",2008,NA
"DJI",2009,NA
"DJI",2010,NA
"DJI",2011,NA
"DJI",2012,19.7
"DJI",2013,24.9
"DJI",2014,NA
"DJI",2015,NA
"DJI",2016,NA
"DJI",2017,19.1
"DJI",2018,NA
"DJI",2019,NA
"DJI",2020,NA
"DJI",2021,NA
"DJI",2022,NA
"DJI",2023,NA
"DJI",2024,NA
"DMA",1960,NA
"DMA",1961,NA
"DMA",1962,NA
"DMA",1963,NA
"DMA",1964,NA
"DMA",1965,NA
"DMA",1966,NA
"DMA",1967,NA
"DMA",1968,NA
"DMA",1969,NA
"DMA",1970,NA
"DMA",1971,NA
"DMA",1972,NA
"DMA",1973,NA
"DMA",1974,NA
"DMA",1975,NA
"DMA",1976,NA
"DMA",1977,NA
"DMA",1978,NA
"DMA",1979,NA
"DMA",1980,NA
"DMA",1981,NA
"DMA",1982,NA
"DMA",1983,NA
"DMA",1984,NA
"DMA",1985,NA
"DMA",1986,NA
"DMA",1987,NA
"DMA",1988,NA
"DMA",1989,NA
"DMA",1990,NA
"DMA",1991,NA
"DMA",1992,NA
"DMA",1993,NA
"DMA",1994,NA
"DMA",1995,NA
"DMA",1996,NA
"DMA",1997,NA
"DMA",1998,NA
"DMA",1999,NA
"DMA",2000,NA
"DMA",2001,NA
"DMA",2002,NA
"DMA",2003,NA
"DMA",2004,NA
"DMA",2005,NA
"DMA",2006,NA
"DMA",2007,NA
"DMA",2008,NA
"DMA",2009,NA
"DMA",2010,NA
"DMA",2011,NA
"DMA",2012,NA
"DMA",2013,NA
"DMA",2014,NA
"DMA",2015,NA
"DMA",2016,NA
"DMA",2017,NA
"DMA",2018,NA
"DMA",2019,NA
"DMA",2020,NA
"DMA",2021,NA
"DMA",2022,NA
"DMA",2023,NA
"DMA",2024,NA
"DNK",1960,NA
"DNK",1961,NA
"DNK",1962,NA
"DNK",1963,NA
"DNK",1964,NA
"DNK",1965,NA
"DNK",1966,NA
"DNK",1967,NA
"DNK",1968,NA
"DNK",1969,NA
"DNK",1970,NA
"DNK",1971,NA
"DNK",1972,NA
"DNK",1973,NA
"DNK",1974,NA
"DNK",1975,NA
"DNK",1976,NA
"DNK",1977,NA
"DNK",1978,NA
"DNK",1979,NA
"DNK",1980,NA
"DNK",1981,NA
"DNK",1982,NA
"DNK",1983,NA
"DNK",1984,NA
"DNK",1985,NA
"DNK",1986,NA
"DNK",1987,0.5
"DNK",1988,NA
"DNK",1989,NA
"DNK",1990,NA
"DNK",1991,NA
"DNK",1992,0.5
"DNK",1993,NA
"DNK",1994,NA
"DNK",1995,0
"DNK",1996,NA
"DNK",1997,NA
"DNK",1998,NA
"DNK",1999,NA
"DNK",2000,0
"DNK",2001,NA
"DNK",2002,NA
"DNK",2003,0.3
"DNK",2004,0.3
"DNK",2005,0.3
"DNK",2006,0.1
"DNK",2007,0
"DNK",2008,0.1
"DNK",2009,0.5
"DNK",2010,0.1
"DNK",2011,0
"DNK",2012,0
"DNK",2013,0.3
"DNK",2014,0.2
"DNK",2015,0.2
"DNK",2016,0.3
"DNK",2017,0.1
"DNK",2018,0.2
"DNK",2019,0.3
"DNK",2020,0.2
"DNK",2021,0.2
"DNK",2022,NA
"DNK",2023,NA
"DNK",2024,NA
"DOM",1960,NA
"DOM",1961,NA
"DOM",1962,NA
"DOM",1963,NA
"DOM",1964,NA
"DOM",1965,NA
"DOM",1966,NA
"DOM",1967,NA
"DOM",1968,NA
"DOM",1969,NA
"DOM",1970,NA
"DOM",1971,NA
"DOM",1972,NA
"DOM",1973,NA
"DOM",1974,NA
"DOM",1975,NA
"DOM",1976,NA
"DOM",1977,NA
"DOM",1978,NA
"DOM",1979,NA
"DOM",1980,NA
"DOM",1981,NA
"DOM",1982,NA
"DOM",1983,NA
"DOM",1984,NA
"DOM",1985,NA
"DOM",1986,7.1
"DOM",1987,NA
"DOM",1988,NA
"DOM",1989,17.4
"DOM",1990,NA
"DOM",1991,NA
"DOM",1992,7.6
"DOM",1993,NA
"DOM",1994,NA
"DOM",1995,NA
"DOM",1996,6.5
"DOM",1997,6.9
"DOM",1998,NA
"DOM",1999,NA
"DOM",2000,6.7
"DOM",2001,5.1
"DOM",2002,7.6
"DOM",2003,8.7
"DOM",2004,11.6
"DOM",2005,7.4
"DOM",2006,6.3
"DOM",2007,6.1
"DOM",2008,5.4
"DOM",2009,4.7
"DOM",2010,3.9
"DOM",2011,4.1
"DOM",2012,3.8
"DOM",2013,3
"DOM",2014,3.4
"DOM",2015,2.5
"DOM",2016,2
"DOM",2017,1
"DOM",2018,0.8
"DOM",2019,0.8
"DOM",2020,1
"DOM",2021,0.9
"DOM",2022,0.8
"DOM",2023,NA
"DOM",2024,NA
"DZA",1960,NA
"DZA",1961,NA
"DZA",1962,NA
"DZA",1963,NA
"DZA",1964,NA
"DZA",1965,NA
"DZA",1966,NA
"DZA",1967,NA
"DZA",1968,NA
"DZA",1969,NA
"DZA",1970,NA
"DZA",1971,NA
"DZA",1972,NA
"DZA",1973,NA
"DZA",1974,NA
"DZA",1975,NA
"DZA",1976,NA
"DZA",1977,NA
"DZA",1978,NA
"DZA",1979,NA
"DZA",1980,NA
"DZA",1981,NA
"DZA",1982,NA
"DZA",1983,NA
"DZA",1984,NA
"DZA",1985,NA
"DZA",1986,NA
"DZA",1987,NA
"DZA",1988,6.4
"DZA",1989,NA
"DZA",1990,NA
"DZA",1991,NA
"DZA",1992,NA
"DZA",1993,NA
"DZA",1994,NA
"DZA",1995,6.1
"DZA",1996,NA
"DZA",1997,NA
"DZA",1998,NA
"DZA",1999,NA
"DZA",2000,NA
"DZA",2001,NA
"DZA",2002,NA
"DZA",2003,NA
"DZA",2004,NA
"DZA",2005,NA
"DZA",2006,NA
"DZA",2007,NA
"DZA",2008,NA
"DZA",2009,NA
"DZA",2010,NA
"DZA",2011,0
"DZA",2012,NA
"DZA",2013,NA
"DZA",2014,NA
"DZA",2015,NA
"DZA",2016,NA
"DZA",2017,NA
"DZA",2018,NA
"DZA",2019,NA
"DZA",2020,NA
"DZA",2021,NA
"DZA",2022,NA
"DZA",2023,NA
"DZA",2024,NA
"EAP",1960,NA
"EAP",1961,NA
"EAP",1962,NA
"EAP",1963,NA
"EAP",1964,NA
"EAP",1965,NA
"EAP",1966,NA
"EAP",1967,NA
"EAP",1968,NA
"EAP",1969,NA
"EAP",1970,NA
"EAP",1971,NA
"EAP",1972,NA
"EAP",1973,NA
"EAP",1974,NA
"EAP",1975,NA
"EAP",1976,NA
"EAP",1977,NA
"EAP",1978,NA
"EAP",1979,NA
"EAP",1980,NA
"EAP",1981,NA
"EAP",1982,NA
"EAP",1983,NA
"EAP",1984,NA
"EAP",1985,NA
"EAP",1986,NA
"EAP",1987,NA
"EAP",1988,NA
"EAP",1989,NA
"EAP",1990,NA
"EAP",1991,NA
"EAP",1992,NA
"EAP",1993,NA
"EAP",1994,NA
"EAP",1995,NA
"EAP",1996,NA
"EAP",1997,NA
"EAP",1998,NA
"EAP",1999,NA
"EAP",2000,NA
"EAP",2001,NA
"EAP",2002,NA
"EAP",2003,NA
"EAP",2004,NA
"EAP",2005,NA
"EAP",2006,NA
"EAP",2007,NA
"EAP",2008,NA
"EAP",2009,NA
"EAP",2010,NA
"EAP",2011,NA
"EAP",2012,NA
"EAP",2013,NA
"EAP",2014,NA
"EAP",2015,NA
"EAP",2016,NA
"EAP",2017,NA
"EAP",2018,NA
"EAP",2019,NA
"EAP",2020,NA
"EAP",2021,NA
"EAP",2022,NA
"EAP",2023,NA
"EAP",2024,NA
"EAR",1960,NA
"EAR",1961,NA
"EAR",1962,NA
"EAR",1963,NA
"EAR",1964,NA
"EAR",1965,NA
"EAR",1966,NA
"EAR",1967,NA
"EAR",1968,NA
"EAR",1969,NA
"EAR",1970,NA
"EAR",1971,NA
"EAR",1972,NA
"EAR",1973,NA
"EAR",1974,NA
"EAR",1975,NA
"EAR",1976,NA
"EAR",1977,NA
"EAR",1978,NA
"EAR",1979,NA
"EAR",1980,NA
"EAR",1981,NA
"EAR",1982,NA
"EAR",1983,NA
"EAR",1984,NA
"EAR",1985,NA
"EAR",1986,NA
"EAR",1987,NA
"EAR",1988,NA
"EAR",1989,NA
"EAR",1990,NA
"EAR",1991,NA
"EAR",1992,NA
"EAR",1993,NA
"EAR",1994,NA
"EAR",1995,NA
"EAR",1996,NA
"EAR",1997,NA
"EAR",1998,NA
"EAR",1999,NA
"EAR",2000,NA
"EAR",2001,NA
"EAR",2002,NA
"EAR",2003,NA
"EAR",2004,NA
"EAR",2005,NA
"EAR",2006,NA
"EAR",2007,NA
"EAR",2008,NA
"EAR",2009,NA
"EAR",2010,NA
"EAR",2011,NA
"EAR",2012,NA
"EAR",2013,NA
"EAR",2014,NA
"EAR",2015,NA
"EAR",2016,NA
"EAR",2017,NA
"EAR",2018,NA
"EAR",2019,NA
"EAR",2020,NA
"EAR",2021,NA
"EAR",2022,NA
"EAR",2023,NA
"EAR",2024,NA
"EAS",1960,NA
"EAS",1961,NA
"EAS",1962,NA
"EAS",1963,NA
"EAS",1964,NA
"EAS",1965,NA
"EAS",1966,NA
"EAS",1967,NA
"EAS",1968,NA
"EAS",1969,NA
"EAS",1970,NA
"EAS",1971,NA
"EAS",1972,NA
"EAS",1973,NA
"EAS",1974,NA
"EAS",1975,NA
"EAS",1976,NA
"EAS",1977,NA
"EAS",1978,NA
"EAS",1979,NA
"EAS",1980,NA
"EAS",1981,82.6
"EAS",1982,80.8
"EAS",1983,78.3
"EAS",1984,74
"EAS",1985,70.3
"EAS",1986,67.6
"EAS",1987,63.9
"EAS",1988,58.7
"EAS",1989,66.9
"EAS",1990,65.2
"EAS",1991,63.9
"EAS",1992,61.8
"EAS",1993,59.8
"EAS",1994,54
"EAS",1995,49
"EAS",1996,44.8
"EAS",1997,44.4
"EAS",1998,45.5
"EAS",1999,42.1
"EAS",2000,39.7
"EAS",2001,37
"EAS",2002,32.5
"EAS",2003,28.5
"EAS",2004,24.9
"EAS",2005,20.7
"EAS",2006,19.9
"EAS",2007,17.6
"EAS",2008,16.2
"EAS",2009,14.5
"EAS",2010,12.6
"EAS",2011,9.9
"EAS",2012,8.3
"EAS",2013,4.3
"EAS",2014,3.4
"EAS",2015,2.3
"EAS",2016,1.7
"EAS",2017,1.2
"EAS",2018,1.2
"EAS",2019,1
"EAS",2020,1.1
"EAS",2021,1.1
"EAS",2022,1
"EAS",2023,NA
"EAS",2024,NA
"ECA",1960,NA
"ECA",1961,NA
"ECA",1962,NA
"ECA",1963,NA
"ECA",1964,NA
"ECA",1965,NA
"ECA",1966,NA
"ECA",1967,NA
"ECA",1968,NA
"ECA",1969,NA
"ECA",1970,NA
"ECA",1971,NA
"ECA",1972,NA
"ECA",1973,NA
"ECA",1974,NA
"ECA",1975,NA
"ECA",1976,NA
"ECA",1977,NA
"ECA",1978,NA
"ECA",1979,NA
"ECA",1980,NA
"ECA",1981,NA
"ECA",1982,NA
"ECA",1983,NA
"ECA",1984,NA
"ECA",1985,NA
"ECA",1986,NA
"ECA",1987,NA
"ECA",1988,NA
"ECA",1989,NA
"ECA",1990,NA
"ECA",1991,NA
"ECA",1992,NA
"ECA",1993,NA
"ECA",1994,NA
"ECA",1995,NA
"ECA",1996,NA
"ECA",1997,NA
"ECA",1998,NA
"ECA",1999,NA
"ECA",2000,NA
"ECA",2001,NA
"ECA",2002,NA
"ECA",2003,NA
"ECA",2004,NA
"ECA",2005,NA
"ECA",2006,NA
"ECA",2007,NA
"ECA",2008,NA
"ECA",2009,NA
"ECA",2010,NA
"ECA",2011,NA
"ECA",2012,NA
"ECA",2013,NA
"ECA",2014,NA
"ECA",2015,NA
"ECA",2016,NA
"ECA",2017,NA
"ECA",2018,NA
"ECA",2019,NA
"ECA",2020,NA
"ECA",2021,NA
"ECA",2022,NA
"ECA",2023,NA
"ECA",2024,NA
"ECS",1960,NA
"ECS",1961,NA
"ECS",1962,NA
"ECS",1963,NA
"ECS",1964,NA
"ECS",1965,NA
"ECS",1966,NA
"ECS",1967,NA
"ECS",1968,NA
"ECS",1969,NA
"ECS",1970,NA
"ECS",1971,NA
"ECS",1972,NA
"ECS",1973,NA
"ECS",1974,NA
"ECS",1975,NA
"ECS",1976,NA
"ECS",1977,NA
"ECS",1978,NA
"ECS",1979,NA
"ECS",1980,NA
"ECS",1981,NA
"ECS",1982,NA
"ECS",1983,NA
"ECS",1984,NA
"ECS",1985,NA
"ECS",1986,NA
"ECS",1987,NA
"ECS",1988,NA
"ECS",1989,NA
"ECS",1990,3.6
"ECS",1991,4.2
"ECS",1992,5.5
"ECS",1993,6.3
"ECS",1994,8.1
"ECS",1995,8.1
"ECS",1996,8.1
"ECS",1997,7.5
"ECS",1998,7.7
"ECS",1999,10
"ECS",2000,9.2
"ECS",2001,8.3
"ECS",2002,7.4
"ECS",2003,7.3
"ECS",2004,5.5
"ECS",2005,4.7
"ECS",2006,3.3
"ECS",2007,2.2
"ECS",2008,1.4
"ECS",2009,1.2
"ECS",2010,1.2
"ECS",2011,0.9
"ECS",2012,0.9
"ECS",2013,0.7
"ECS",2014,1
"ECS",2015,0.8
"ECS",2016,0.7
"ECS",2017,0.7
"ECS",2018,0.4
"ECS",2019,0.5
"ECS",2020,0.5
"ECS",2021,0.5
"ECS",2022,0.5
"ECS",2023,NA
"ECS",2024,NA
"ECU",1960,NA
"ECU",1961,NA
"ECU",1962,NA
"ECU",1963,NA
"ECU",1964,NA
"ECU",1965,NA
"ECU",1966,NA
"ECU",1967,NA
"ECU",1968,NA
"ECU",1969,NA
"ECU",1970,NA
"ECU",1971,NA
"ECU",1972,NA
"ECU",1973,NA
"ECU",1974,NA
"ECU",1975,NA
"ECU",1976,NA
"ECU",1977,NA
"ECU",1978,NA
"ECU",1979,NA
"ECU",1980,NA
"ECU",1981,NA
"ECU",1982,NA
"ECU",1983,NA
"ECU",1984,NA
"ECU",1985,NA
"ECU",1986,NA
"ECU",1987,17.6
"ECU",1988,NA
"ECU",1989,NA
"ECU",1990,NA
"ECU",1991,NA
"ECU",1992,NA
"ECU",1993,NA
"ECU",1994,17.1
"ECU",1995,13.8
"ECU",1996,NA
"ECU",1997,NA
"ECU",1998,15.7
"ECU",1999,21.8
"ECU",2000,28.2
"ECU",2001,NA
"ECU",2002,NA
"ECU",2003,14.8
"ECU",2004,15.1
"ECU",2005,11.8
"ECU",2006,8.2
"ECU",2007,8.5
"ECU",2008,7.5
"ECU",2009,7.3
"ECU",2010,5.7
"ECU",2011,4.7
"ECU",2012,4.5
"ECU",2013,3.2
"ECU",2014,2.6
"ECU",2015,3.4
"ECU",2016,3.6
"ECU",2017,3.2
"ECU",2018,3.3
"ECU",2019,3.6
"ECU",2020,6.5
"ECU",2021,3.6
"ECU",2022,3.2
"ECU",2023,3.8
"ECU",2024,NA
"EGY",1960,NA
"EGY",1961,NA
"EGY",1962,NA
"EGY",1963,NA
"EGY",1964,NA
"EGY",1965,NA
"EGY",1966,NA
"EGY",1967,NA
"EGY",1968,NA
"EGY",1969,NA
"EGY",1970,NA
"EGY",1971,NA
"EGY",1972,NA
"EGY",1973,NA
"EGY",1974,NA
"EGY",1975,NA
"EGY",1976,NA
"EGY",1977,NA
"EGY",1978,NA
"EGY",1979,NA
"EGY",1980,NA
"EGY",1981,NA
"EGY",1982,NA
"EGY",1983,NA
"EGY",1984,NA
"EGY",1985,NA
"EGY",1986,NA
"EGY",1987,NA
"EGY",1988,NA
"EGY",1989,NA
"EGY",1990,5.2
"EGY",1991,NA
"EGY",1992,NA
"EGY",1993,NA
"EGY",1994,NA
"EGY",1995,2
"EGY",1996,NA
"EGY",1997,NA
"EGY",1998,NA
"EGY",1999,0
"EGY",2000,NA
"EGY",2001,NA
"EGY",2002,NA
"EGY",2003,NA
"EGY",2004,3.1
"EGY",2005,NA
"EGY",2006,NA
"EGY",2007,NA
"EGY",2008,2.9
"EGY",2009,NA
"EGY",2010,1
"EGY",2011,NA
"EGY",2012,0.9
"EGY",2013,NA
"EGY",2014,NA
"EGY",2015,0.9
"EGY",2016,NA
"EGY",2017,2.5
"EGY",2018,NA
"EGY",2019,1.5
"EGY",2020,NA
"EGY",2021,NA
"EGY",2022,NA
"EGY",2023,NA
"EGY",2024,NA
"EMU",1960,NA
"EMU",1961,NA
"EMU",1962,NA
"EMU",1963,NA
"EMU",1964,NA
"EMU",1965,NA
"EMU",1966,NA
"EMU",1967,NA
"EMU",1968,NA
"EMU",1969,NA
"EMU",1970,NA
"EMU",1971,NA
"EMU",1972,NA
"EMU",1973,NA
"EMU",1974,NA
"EMU",1975,NA
"EMU",1976,NA
"EMU",1977,NA
"EMU",1978,NA
"EMU",1979,NA
"EMU",1980,NA
"EMU",1981,NA
"EMU",1982,NA
"EMU",1983,NA
"EMU",1984,NA
"EMU",1985,NA
"EMU",1986,NA
"EMU",1987,NA
"EMU",1988,NA
"EMU",1989,NA
"EMU",1990,NA
"EMU",1991,NA
"EMU",1992,NA
"EMU",1993,NA
"EMU",1994,NA
"EMU",1995,NA
"EMU",1996,NA
"EMU",1997,NA
"EMU",1998,NA
"EMU",1999,NA
"EMU",2000,NA
"EMU",2001,NA
"EMU",2002,NA
"EMU",2003,NA
"EMU",2004,NA
"EMU",2005,NA
"EMU",2006,NA
"EMU",2007,NA
"EMU",2008,NA
"EMU",2009,NA
"EMU",2010,NA
"EMU",2011,NA
"EMU",2012,NA
"EMU",2013,NA
"EMU",2014,NA
"EMU",2015,NA
"EMU",2016,NA
"EMU",2017,NA
"EMU",2018,NA
"EMU",2019,NA
"EMU",2020,NA
"EMU",2021,NA
"EMU",2022,NA
"EMU",2023,NA
"EMU",2024,NA
"ERI",1960,NA
"ERI",1961,NA
"ERI",1962,NA
"ERI",1963,NA
"ERI",1964,NA
"ERI",1965,NA
"ERI",1966,NA
"ERI",1967,NA
"ERI",1968,NA
"ERI",1969,NA
"ERI",1970,NA
"ERI",1971,NA
"ERI",1972,NA
"ERI",1973,NA
"ERI",1974,NA
"ERI",1975,NA
"ERI",1976,NA
"ERI",1977,NA
"ERI",1978,NA
"ERI",1979,NA
"ERI",1980,NA
"ERI",1981,NA
"ERI",1982,NA
"ERI",1983,NA
"ERI",1984,NA
"ERI",1985,NA
"ERI",1986,NA
"ERI",1987,NA
"ERI",1988,NA
"ERI",1989,NA
"ERI",1990,NA
"ERI",1991,NA
"ERI",1992,NA
"ERI",1993,NA
"ERI",1994,NA
"ERI",1995,NA
"ERI",1996,NA
"ERI",1997,NA
"ERI",1998,NA
"ERI",1999,NA
"ERI",2000,NA
"ERI",2001,NA
"ERI",2002,NA
"ERI",2003,NA
"ERI",2004,NA
"ERI",2005,NA
"ERI",2006,NA
"ERI",2007,NA
"ERI",2008,NA
"ERI",2009,NA
"ERI",2010,NA
"ERI",2011,NA
"ERI",2012,NA
"ERI",2013,NA
"ERI",2014,NA
"ERI",2015,NA
"ERI",2016,NA
"ERI",2017,NA
"ERI",2018,NA
"ERI",2019,NA
"ERI",2020,NA
"ERI",2021,NA
"ERI",2022,NA
"ERI",2023,NA
"ERI",2024,NA
"ESP",1960,NA
"ESP",1961,NA
"ESP",1962,NA
"ESP",1963,NA
"ESP",1964,NA
"ESP",1965,NA
"ESP",1966,NA
"ESP",1967,NA
"ESP",1968,NA
"ESP",1969,NA
"ESP",1970,NA
"ESP",1971,NA
"ESP",1972,NA
"ESP",1973,NA
"ESP",1974,NA
"ESP",1975,NA
"ESP",1976,NA
"ESP",1977,NA
"ESP",1978,NA
"ESP",1979,NA
"ESP",1980,0.5
"ESP",1981,NA
"ESP",1982,NA
"ESP",1983,NA
"ESP",1984,NA
"ESP",1985,0.2
"ESP",1986,NA
"ESP",1987,NA
"ESP",1988,NA
"ESP",1989,NA
"ESP",1990,0.5
"ESP",1991,NA
"ESP",1992,NA
"ESP",1993,1.2
"ESP",1994,1
"ESP",1995,1.5
"ESP",1996,1.5
"ESP",1997,1
"ESP",1998,1
"ESP",1999,0.7
"ESP",2000,0.7
"ESP",2001,NA
"ESP",2002,NA
"ESP",2003,0.8
"ESP",2004,0.8
"ESP",2005,0.7
"ESP",2006,0.8
"ESP",2007,0.4
"ESP",2008,0.5
"ESP",2009,0.8
"ESP",2010,0.7
"ESP",2011,1.1
"ESP",2012,0.9
"ESP",2013,1.1
"ESP",2014,0.8
"ESP",2015,0.9
"ESP",2016,1.1
"ESP",2017,0.7
"ESP",2018,0.8
"ESP",2019,0.8
"ESP",2020,0.9
"ESP",2021,0.6
"ESP",2022,NA
"ESP",2023,NA
"ESP",2024,NA
"EST",1960,NA
"EST",1961,NA
"EST",1962,NA
"EST",1963,NA
"EST",1964,NA
"EST",1965,NA
"EST",1966,NA
"EST",1967,NA
"EST",1968,NA
"EST",1969,NA
"EST",1970,NA
"EST",1971,NA
"EST",1972,NA
"EST",1973,NA
"EST",1974,NA
"EST",1975,NA
"EST",1976,NA
"EST",1977,NA
"EST",1978,NA
"EST",1979,NA
"EST",1980,NA
"EST",1981,NA
"EST",1982,NA
"EST",1983,NA
"EST",1984,NA
"EST",1985,NA
"EST",1986,NA
"EST",1987,NA
"EST",1988,NA
"EST",1989,NA
"EST",1990,NA
"EST",1991,NA
"EST",1992,NA
"EST",1993,NA
"EST",1994,NA
"EST",1995,NA
"EST",1996,NA
"EST",1997,NA
"EST",1998,NA
"EST",1999,NA
"EST",2000,NA
"EST",2001,NA
"EST",2002,NA
"EST",2003,2.5
"EST",2004,1.1
"EST",2005,0.8
"EST",2006,0.8
"EST",2007,0.4
"EST",2008,0.4
"EST",2009,0.6
"EST",2010,0.8
"EST",2011,1
"EST",2012,0.7
"EST",2013,0.9
"EST",2014,0.8
"EST",2015,0.6
"EST",2016,0.5
"EST",2017,0.3
"EST",2018,0.2
"EST",2019,0.6
"EST",2020,0.3
"EST",2021,0.3
"EST",2022,NA
"EST",2023,NA
"EST",2024,NA
"ETH",1960,NA
"ETH",1961,NA
"ETH",1962,NA
"ETH",1963,NA
"ETH",1964,NA
"ETH",1965,NA
"ETH",1966,NA
"ETH",1967,NA
"ETH",1968,NA
"ETH",1969,NA
"ETH",1970,NA
"ETH",1971,NA
"ETH",1972,NA
"ETH",1973,NA
"ETH",1974,NA
"ETH",1975,NA
"ETH",1976,NA
"ETH",1977,NA
"ETH",1978,NA
"ETH",1979,NA
"ETH",1980,NA
"ETH",1981,NA
"ETH",1982,NA
"ETH",1983,NA
"ETH",1984,NA
"ETH",1985,NA
"ETH",1986,NA
"ETH",1987,NA
"ETH",1988,NA
"ETH",1989,NA
"ETH",1990,NA
"ETH",1991,NA
"ETH",1992,NA
"ETH",1993,NA
"ETH",1994,NA
"ETH",1995,69.2
"ETH",1996,NA
"ETH",1997,NA
"ETH",1998,NA
"ETH",1999,58
"ETH",2000,NA
"ETH",2001,NA
"ETH",2002,NA
"ETH",2003,NA
"ETH",2004,34.6
"ETH",2005,NA
"ETH",2006,NA
"ETH",2007,NA
"ETH",2008,NA
"ETH",2009,NA
"ETH",2010,30.8
"ETH",2011,NA
"ETH",2012,NA
"ETH",2013,NA
"ETH",2014,NA
"ETH",2015,27
"ETH",2016,NA
"ETH",2017,NA
"ETH",2018,NA
"ETH",2019,NA
"ETH",2020,NA
"ETH",2021,NA
"ETH",2022,NA
"ETH",2023,NA
"ETH",2024,NA
"EUU",1960,NA
"EUU",1961,NA
"EUU",1962,NA
"EUU",1963,NA
"EUU",1964,NA
"EUU",1965,NA
"EUU",1966,NA
"EUU",1967,NA
"EUU",1968,NA
"EUU",1969,NA
"EUU",1970,NA
"EUU",1971,NA
"EUU",1972,NA
"EUU",1973,NA
"EUU",1974,NA
"EUU",1975,NA
"EUU",1976,NA
"EUU",1977,NA
"EUU",1978,NA
"EUU",1979,NA
"EUU",1980,NA
"EUU",1981,NA
"EUU",1982,NA
"EUU",1983,NA
"EUU",1984,NA
"EUU",1985,NA
"EUU",1986,NA
"EUU",1987,NA
"EUU",1988,NA
"EUU",1989,NA
"EUU",1990,NA
"EUU",1991,NA
"EUU",1992,NA
"EUU",1993,NA
"EUU",1994,NA
"EUU",1995,NA
"EUU",1996,NA
"EUU",1997,NA
"EUU",1998,NA
"EUU",1999,NA
"EUU",2000,NA
"EUU",2001,NA
"EUU",2002,NA
"EUU",2003,NA
"EUU",2004,NA
"EUU",2005,NA
"EUU",2006,NA
"EUU",2007,NA
"EUU",2008,NA
"EUU",2009,NA
"EUU",2010,NA
"EUU",2011,NA
"EUU",2012,NA
"EUU",2013,NA
"EUU",2014,NA
"EUU",2015,NA
"EUU",2016,NA
"EUU",2017,NA
"EUU",2018,NA
"EUU",2019,NA
"EUU",2020,NA
"EUU",2021,NA
"EUU",2022,NA
"EUU",2023,NA
"EUU",2024,NA
"FCS",1960,NA
"FCS",1961,NA
"FCS",1962,NA
"FCS",1963,NA
"FCS",1964,NA
"FCS",1965,NA
"FCS",1966,NA
"FCS",1967,NA
"FCS",1968,NA
"FCS",1969,NA
"FCS",1970,NA
"FCS",1971,NA
"FCS",1972,NA
"FCS",1973,NA
"FCS",1974,NA
"FCS",1975,NA
"FCS",1976,NA
"FCS",1977,NA
"FCS",1978,NA
"FCS",1979,NA
"FCS",1980,NA
"FCS",1981,NA
"FCS",1982,NA
"FCS",1983,NA
"FCS",1984,NA
"FCS",1985,NA
"FCS",1986,NA
"FCS",1987,NA
"FCS",1988,NA
"FCS",1989,NA
"FCS",1990,NA
"FCS",1991,NA
"FCS",1992,NA
"FCS",1993,49
"FCS",1994,50
"FCS",1995,50.4
"FCS",1996,49.8
"FCS",1997,49.1
"FCS",1998,48.5
"FCS",1999,48.4
"FCS",2000,NA
"FCS",2001,44.8
"FCS",2002,44.2
"FCS",2003,42.8
"FCS",2004,39.8
"FCS",2005,38.1
"FCS",2006,36.9
"FCS",2007,35.4
"FCS",2008,34.3
"FCS",2009,33.6
"FCS",2010,32
"FCS",2011,31.4
"FCS",2012,30.8
"FCS",2013,30.1
"FCS",2014,29.5
"FCS",2015,31.1
"FCS",2016,31.4
"FCS",2017,31.1
"FCS",2018,30.9
"FCS",2019,NA
"FCS",2020,NA
"FCS",2021,NA
"FCS",2022,NA
"FCS",2023,NA
"FCS",2024,NA
"FIN",1960,NA
"FIN",1961,NA
"FIN",1962,NA
"FIN",1963,NA
"FIN",1964,NA
"FIN",1965,NA
"FIN",1966,NA
"FIN",1967,NA
"FIN",1968,NA
"FIN",1969,NA
"FIN",1970,NA
"FIN",1971,NA
"FIN",1972,NA
"FIN",1973,NA
"FIN",1974,NA
"FIN",1975,NA
"FIN",1976,NA
"FIN",1977,NA
"FIN",1978,NA
"FIN",1979,NA
"FIN",1980,NA
"FIN",1981,NA
"FIN",1982,NA
"FIN",1983,NA
"FIN",1984,NA
"FIN",1985,NA
"FIN",1986,NA
"FIN",1987,0
"FIN",1988,NA
"FIN",1989,NA
"FIN",1990,NA
"FIN",1991,0
"FIN",1992,NA
"FIN",1993,NA
"FIN",1994,NA
"FIN",1995,0
"FIN",1996,NA
"FIN",1997,NA
"FIN",1998,NA
"FIN",1999,NA
"FIN",2000,0
"FIN",2001,NA
"FIN",2002,NA
"FIN",2003,0
"FIN",2004,0
"FIN",2005,0.1
"FIN",2006,0.1
"FIN",2007,0.1
"FIN",2008,0.1
"FIN",2009,0.1
"FIN",2010,0.1
"FIN",2011,0
"FIN",2012,0.1
"FIN",2013,0.1
"FIN",2014,0.1
"FIN",2015,0.1
"FIN",2016,0
"FIN",2017,0.1
"FIN",2018,0.1
"FIN",2019,0
"FIN",2020,0
"FIN",2021,0
"FIN",2022,NA
"FIN",2023,NA
"FIN",2024,NA
"FJI",1960,NA
"FJI",1961,NA
"FJI",1962,NA
"FJI",1963,NA
"FJI",1964,NA
"FJI",1965,NA
"FJI",1966,NA
"FJI",1967,NA
"FJI",1968,NA
"FJI",1969,NA
"FJI",1970,NA
"FJI",1971,NA
"FJI",1972,NA
"FJI",1973,NA
"FJI",1974,NA
"FJI",1975,NA
"FJI",1976,NA
"FJI",1977,NA
"FJI",1978,NA
"FJI",1979,NA
"FJI",1980,NA
"FJI",1981,NA
"FJI",1982,NA
"FJI",1983,NA
"FJI",1984,NA
"FJI",1985,NA
"FJI",1986,NA
"FJI",1987,NA
"FJI",1988,NA
"FJI",1989,NA
"FJI",1990,NA
"FJI",1991,NA
"FJI",1992,NA
"FJI",1993,NA
"FJI",1994,NA
"FJI",1995,NA
"FJI",1996,NA
"FJI",1997,NA
"FJI",1998,NA
"FJI",1999,NA
"FJI",2000,NA
"FJI",2001,NA
"FJI",2002,1.7
"FJI",2003,NA
"FJI",2004,NA
"FJI",2005,NA
"FJI",2006,NA
"FJI",2007,NA
"FJI",2008,1
"FJI",2009,NA
"FJI",2010,NA
"FJI",2011,NA
"FJI",2012,NA
"FJI",2013,0.4
"FJI",2014,NA
"FJI",2015,NA
"FJI",2016,NA
"FJI",2017,NA
"FJI",2018,NA
"FJI",2019,1.3
"FJI",2020,NA
"FJI",2021,NA
"FJI",2022,NA
"FJI",2023,NA
"FJI",2024,NA
"FRA",1960,NA
"FRA",1961,NA
"FRA",1962,NA
"FRA",1963,NA
"FRA",1964,NA
"FRA",1965,NA
"FRA",1966,NA
"FRA",1967,NA
"FRA",1968,NA
"FRA",1969,NA
"FRA",1970,0
"FRA",1971,NA
"FRA",1972,NA
"FRA",1973,NA
"FRA",1974,NA
"FRA",1975,0.2
"FRA",1976,NA
"FRA",1977,NA
"FRA",1978,NA
"FRA",1979,0.2
"FRA",1980,NA
"FRA",1981,NA
"FRA",1982,NA
"FRA",1983,NA
"FRA",1984,0.5
"FRA",1985,NA
"FRA",1986,NA
"FRA",1987,NA
"FRA",1988,NA
"FRA",1989,NA
"FRA",1990,0.2
"FRA",1991,NA
"FRA",1992,NA
"FRA",1993,NA
"FRA",1994,NA
"FRA",1995,NA
"FRA",1996,0.2
"FRA",1997,0.2
"FRA",1998,0
"FRA",1999,0
"FRA",2000,0
"FRA",2001,0
"FRA",2002,0
"FRA",2003,0.2
"FRA",2004,0
"FRA",2005,0
"FRA",2006,0
"FRA",2007,0
"FRA",2008,0
"FRA",2009,0
"FRA",2010,0.1
"FRA",2011,0
"FRA",2012,0.1
"FRA",2013,0.1
"FRA",2014,0
"FRA",2015,0.1
"FRA",2016,0.1
"FRA",2017,0
"FRA",2018,0
"FRA",2019,0.1
"FRA",2020,0.1
"FRA",2021,0.1
"FRA",2022,NA
"FRA",2023,NA
"FRA",2024,NA
"FRO",1960,NA
"FRO",1961,NA
"FRO",1962,NA
"FRO",1963,NA
"FRO",1964,NA
"FRO",1965,NA
"FRO",1966,NA
"FRO",1967,NA
"FRO",1968,NA
"FRO",1969,NA
"FRO",1970,NA
"FRO",1971,NA
"FRO",1972,NA
"FRO",1973,NA
"FRO",1974,NA
"FRO",1975,NA
"FRO",1976,NA
"FRO",1977,NA
"FRO",1978,NA
"FRO",1979,NA
"FRO",1980,NA
"FRO",1981,NA
"FRO",1982,NA
"FRO",1983,NA
"FRO",1984,NA
"FRO",1985,NA
"FRO",1986,NA
"FRO",1987,NA
"FRO",1988,NA
"FRO",1989,NA
"FRO",1990,NA
"FRO",1991,NA
"FRO",1992,NA
"FRO",1993,NA
"FRO",1994,NA
"FRO",1995,NA
"FRO",1996,NA
"FRO",1997,NA
"FRO",1998,NA
"FRO",1999,NA
"FRO",2000,NA
"FRO",2001,NA
"FRO",2002,NA
"FRO",2003,NA
"FRO",2004,NA
"FRO",2005,NA
"FRO",2006,NA
"FRO",2007,NA
"FRO",2008,NA
"FRO",2009,NA
"FRO",2010,NA
"FRO",2011,NA
"FRO",2012,NA
"FRO",2013,NA
"FRO",2014,NA
"FRO",2015,NA
"FRO",2016,NA
"FRO",2017,NA
"FRO",2018,NA
"FRO",2019,NA
"FRO",2020,NA
"FRO",2021,NA
"FRO",2022,NA
"FRO",2023,NA
"FRO",2024,NA
"FSM",1960,NA
"FSM",1961,NA
"FSM",1962,NA
"FSM",1963,NA
"FSM",1964,NA
"FSM",1965,NA
"FSM",1966,NA
"FSM",1967,NA
"FSM",1968,NA
"FSM",1969,NA
"FSM",1970,NA
"FSM",1971,NA
"FSM",1972,NA
"FSM",1973,NA
"FSM",1974,NA
"FSM",1975,NA
"FSM",1976,NA
"FSM",1977,NA
"FSM",1978,NA
"FSM",1979,NA
"FSM",1980,NA
"FSM",1981,NA
"FSM",1982,NA
"FSM",1983,NA
"FSM",1984,NA
"FSM",1985,NA
"FSM",1986,NA
"FSM",1987,NA
"FSM",1988,NA
"FSM",1989,NA
"FSM",1990,NA
"FSM",1991,NA
"FSM",1992,NA
"FSM",1993,NA
"FSM",1994,NA
"FSM",1995,NA
"FSM",1996,NA
"FSM",1997,NA
"FSM",1998,NA
"FSM",1999,NA
"FSM",2000,NA
"FSM",2001,NA
"FSM",2002,NA
"FSM",2003,NA
"FSM",2004,NA
"FSM",2005,8.6
"FSM",2006,NA
"FSM",2007,NA
"FSM",2008,NA
"FSM",2009,NA
"FSM",2010,NA
"FSM",2011,NA
"FSM",2012,NA
"FSM",2013,16
"FSM",2014,NA
"FSM",2015,NA
"FSM",2016,NA
"FSM",2017,NA
"FSM",2018,NA
"FSM",2019,NA
"FSM",2020,NA
"FSM",2021,NA
"FSM",2022,NA
"FSM",2023,NA
"FSM",2024,NA
"GAB",1960,NA
"GAB",1961,NA
"GAB",1962,NA
"GAB",1963,NA
"GAB",1964,NA
"GAB",1965,NA
"GAB",1966,NA
"GAB",1967,NA
"GAB",1968,NA
"GAB",1969,NA
"GAB",1970,NA
"GAB",1971,NA
"GAB",1972,NA
"GAB",1973,NA
"GAB",1974,NA
"GAB",1975,NA
"GAB",1976,NA
"GAB",1977,NA
"GAB",1978,NA
"GAB",1979,NA
"GAB",1980,NA
"GAB",1981,NA
"GAB",1982,NA
"GAB",1983,NA
"GAB",1984,NA
"GAB",1985,NA
"GAB",1986,NA
"GAB",1987,NA
"GAB",1988,NA
"GAB",1989,NA
"GAB",1990,NA
"GAB",1991,NA
"GAB",1992,NA
"GAB",1993,NA
"GAB",1994,NA
"GAB",1995,NA
"GAB",1996,NA
"GAB",1997,NA
"GAB",1998,NA
"GAB",1999,NA
"GAB",2000,NA
"GAB",2001,NA
"GAB",2002,NA
"GAB",2003,NA
"GAB",2004,NA
"GAB",2005,5.5
"GAB",2006,NA
"GAB",2007,NA
"GAB",2008,NA
"GAB",2009,NA
"GAB",2010,NA
"GAB",2011,NA
"GAB",2012,NA
"GAB",2013,NA
"GAB",2014,NA
"GAB",2015,NA
"GAB",2016,NA
"GAB",2017,2.5
"GAB",2018,NA
"GAB",2019,NA
"GAB",2020,NA
"GAB",2021,NA
"GAB",2022,NA
"GAB",2023,NA
"GAB",2024,NA
"GBR",1960,NA
"GBR",1961,NA
"GBR",1962,NA
"GBR",1963,NA
"GBR",1964,NA
"GBR",1965,NA
"GBR",1966,NA
"GBR",1967,NA
"GBR",1968,0.2
"GBR",1969,0.2
"GBR",1970,0
"GBR",1971,0
"GBR",1972,0.2
"GBR",1973,0
"GBR",1974,0.2
"GBR",1975,0.2
"GBR",1976,0
"GBR",1977,0.2
"GBR",1978,0
"GBR",1979,0
"GBR",1980,0
"GBR",1981,0
"GBR",1982,0
"GBR",1983,0
"GBR",1984,0
"GBR",1985,0.2
"GBR",1986,0.2
"GBR",1987,0
"GBR",1988,0
"GBR",1989,0.2
"GBR",1990,0
"GBR",1991,0
"GBR",1992,0.2
"GBR",1993,0.2
"GBR",1994,0.2
"GBR",1995,0.2
"GBR",1996,0.2
"GBR",1997,0.2
"GBR",1998,0.2
"GBR",1999,0.2
"GBR",2000,0.2
"GBR",2001,0.2
"GBR",2002,0.2
"GBR",2003,0.2
"GBR",2004,0.2
"GBR",2005,0.2
"GBR",2006,0.2
"GBR",2007,0.2
"GBR",2008,0.2
"GBR",2009,0.2
"GBR",2010,0.2
"GBR",2011,0.2
"GBR",2012,0.2
"GBR",2013,0.2
"GBR",2014,0.2
"GBR",2015,0.2
"GBR",2016,0.2
"GBR",2017,0.2
"GBR",2018,0.5
"GBR",2019,0.5
"GBR",2020,0.5
"GBR",2021,0.2
"GBR",2022,NA
"GBR",2023,NA
"GBR",2024,NA
"GEO",1960,NA
"GEO",1961,NA
"GEO",1962,NA
"GEO",1963,NA
"GEO",1964,NA
"GEO",1965,NA
"GEO",1966,NA
"GEO",1967,NA
"GEO",1968,NA
"GEO",1969,NA
"GEO",1970,NA
"GEO",1971,NA
"GEO",1972,NA
"GEO",1973,NA
"GEO",1974,NA
"GEO",1975,NA
"GEO",1976,NA
"GEO",1977,NA
"GEO",1978,NA
"GEO",1979,NA
"GEO",1980,NA
"GEO",1981,NA
"GEO",1982,NA
"GEO",1983,NA
"GEO",1984,NA
"GEO",1985,NA
"GEO",1986,NA
"GEO",1987,NA
"GEO",1988,NA
"GEO",1989,NA
"GEO",1990,NA
"GEO",1991,NA
"GEO",1992,NA
"GEO",1993,NA
"GEO",1994,NA
"GEO",1995,NA
"GEO",1996,6.8
"GEO",1997,18.8
"GEO",1998,17
"GEO",1999,21.8
"GEO",2000,22.9
"GEO",2001,23
"GEO",2002,12.7
"GEO",2003,12.9
"GEO",2004,12.4
"GEO",2005,12.9
"GEO",2006,12.6
"GEO",2007,14.2
"GEO",2008,12.4
"GEO",2009,12.1
"GEO",2010,14.4
"GEO",2011,13.4
"GEO",2012,10.7
"GEO",2013,8.1
"GEO",2014,6.1
"GEO",2015,4.9
"GEO",2016,4.9
"GEO",2017,6.2
"GEO",2018,5.6
"GEO",2019,4.8
"GEO",2020,5.8
"GEO",2021,5.5
"GEO",2022,4.3
"GEO",2023,NA
"GEO",2024,NA
"GHA",1960,NA
"GHA",1961,NA
"GHA",1962,NA
"GHA",1963,NA
"GHA",1964,NA
"GHA",1965,NA
"GHA",1966,NA
"GHA",1967,NA
"GHA",1968,NA
"GHA",1969,NA
"GHA",1970,NA
"GHA",1971,NA
"GHA",1972,NA
"GHA",1973,NA
"GHA",1974,NA
"GHA",1975,NA
"GHA",1976,NA
"GHA",1977,NA
"GHA",1978,NA
"GHA",1979,NA
"GHA",1980,NA
"GHA",1981,NA
"GHA",1982,NA
"GHA",1983,NA
"GHA",1984,NA
"GHA",1985,NA
"GHA",1986,NA
"GHA",1987,58.4
"GHA",1988,57.7
"GHA",1989,NA
"GHA",1990,NA
"GHA",1991,64.2
"GHA",1992,NA
"GHA",1993,NA
"GHA",1994,NA
"GHA",1995,NA
"GHA",1996,NA
"GHA",1997,NA
"GHA",1998,55
"GHA",1999,NA
"GHA",2000,NA
"GHA",2001,NA
"GHA",2002,NA
"GHA",2003,NA
"GHA",2004,NA
"GHA",2005,42.5
"GHA",2006,NA
"GHA",2007,NA
"GHA",2008,NA
"GHA",2009,NA
"GHA",2010,NA
"GHA",2011,NA
"GHA",2012,25.7
"GHA",2013,NA
"GHA",2014,NA
"GHA",2015,NA
"GHA",2016,25.2
"GHA",2017,NA
"GHA",2018,NA
"GHA",2019,NA
"GHA",2020,NA
"GHA",2021,NA
"GHA",2022,NA
"GHA",2023,NA
"GHA",2024,NA
"GIB",1960,NA
"GIB",1961,NA
"GIB",1962,NA
"GIB",1963,NA
"GIB",1964,NA
"GIB",1965,NA
"GIB",1966,NA
"GIB",1967,NA
"GIB",1968,NA
"GIB",1969,NA
"GIB",1970,NA
"GIB",1971,NA
"GIB",1972,NA
"GIB",1973,NA
"GIB",1974,NA
"GIB",1975,NA
"GIB",1976,NA
"GIB",1977,NA
"GIB",1978,NA
"GIB",1979,NA
"GIB",1980,NA
"GIB",1981,NA
"GIB",1982,NA
"GIB",1983,NA
"GIB",1984,NA
"GIB",1985,NA
"GIB",1986,NA
"GIB",1987,NA
"GIB",1988,NA
"GIB",1989,NA
"GIB",1990,NA
"GIB",1991,NA
"GIB",1992,NA
"GIB",1993,NA
"GIB",1994,NA
"GIB",1995,NA
"GIB",1996,NA
"GIB",1997,NA
"GIB",1998,NA
"GIB",1999,NA
"GIB",2000,NA
"GIB",2001,NA
"GIB",2002,NA
"GIB",2003,NA
"GIB",2004,NA
"GIB",2005,NA
"GIB",2006,NA
"GIB",2007,NA
"GIB",2008,NA
"GIB",2009,NA
"GIB",2010,NA
"GIB",2011,NA
"GIB",2012,NA
"GIB",2013,NA
"GIB",2014,NA
"GIB",2015,NA
"GIB",2016,NA
"GIB",2017,NA
"GIB",2018,NA
"GIB",2019,NA
"GIB",2020,NA
"GIB",2021,NA
"GIB",2022,NA
"GIB",2023,NA
"GIB",2024,NA
"GIN",1960,NA
"GIN",1961,NA
"GIN",1962,NA
"GIN",1963,NA
"GIN",1964,NA
"GIN",1965,NA
"GIN",1966,NA
"GIN",1967,NA
"GIN",1968,NA
"GIN",1969,NA
"GIN",1970,NA
"GIN",1971,NA
"GIN",1972,NA
"GIN",1973,NA
"GIN",1974,NA
"GIN",1975,NA
"GIN",1976,NA
"GIN",1977,NA
"GIN",1978,NA
"GIN",1979,NA
"GIN",1980,NA
"GIN",1981,NA
"GIN",1982,NA
"GIN",1983,NA
"GIN",1984,NA
"GIN",1985,NA
"GIN",1986,NA
"GIN",1987,NA
"GIN",1988,NA
"GIN",1989,NA
"GIN",1990,NA
"GIN",1991,88
"GIN",1992,NA
"GIN",1993,NA
"GIN",1994,41.2
"GIN",1995,NA
"GIN",1996,NA
"GIN",1997,NA
"GIN",1998,NA
"GIN",1999,NA
"GIN",2000,NA
"GIN",2001,NA
"GIN",2002,53.3
"GIN",2003,NA
"GIN",2004,NA
"GIN",2005,NA
"GIN",2006,NA
"GIN",2007,48.1
"GIN",2008,NA
"GIN",2009,NA
"GIN",2010,NA
"GIN",2011,NA
"GIN",2012,24.5
"GIN",2013,NA
"GIN",2014,NA
"GIN",2015,NA
"GIN",2016,NA
"GIN",2017,NA
"GIN",2018,13.8
"GIN",2019,NA
"GIN",2020,NA
"GIN",2021,NA
"GIN",2022,NA
"GIN",2023,NA
"GIN",2024,NA
"GMB",1960,NA
"GMB",1961,NA
"GMB",1962,NA
"GMB",1963,NA
"GMB",1964,NA
"GMB",1965,NA
"GMB",1966,NA
"GMB",1967,NA
"GMB",1968,NA
"GMB",1969,NA
"GMB",1970,NA
"GMB",1971,NA
"GMB",1972,NA
"GMB",1973,NA
"GMB",1974,NA
"GMB",1975,NA
"GMB",1976,NA
"GMB",1977,NA
"GMB",1978,NA
"GMB",1979,NA
"GMB",1980,NA
"GMB",1981,NA
"GMB",1982,NA
"GMB",1983,NA
"GMB",1984,NA
"GMB",1985,NA
"GMB",1986,NA
"GMB",1987,NA
"GMB",1988,NA
"GMB",1989,NA
"GMB",1990,NA
"GMB",1991,NA
"GMB",1992,NA
"GMB",1993,NA
"GMB",1994,NA
"GMB",1995,NA
"GMB",1996,NA
"GMB",1997,NA
"GMB",1998,74.1
"GMB",1999,NA
"GMB",2000,NA
"GMB",2001,NA
"GMB",2002,NA
"GMB",2003,50.7
"GMB",2004,NA
"GMB",2005,NA
"GMB",2006,NA
"GMB",2007,NA
"GMB",2008,NA
"GMB",2009,NA
"GMB",2010,29.8
"GMB",2011,NA
"GMB",2012,NA
"GMB",2013,NA
"GMB",2014,NA
"GMB",2015,13.4
"GMB",2016,NA
"GMB",2017,NA
"GMB",2018,NA
"GMB",2019,NA
"GMB",2020,17.2
"GMB",2021,NA
"GMB",2022,NA
"GMB",2023,NA
"GMB",2024,NA
"GNB",1960,NA
"GNB",1961,NA
"GNB",1962,NA
"GNB",1963,NA
"GNB",1964,NA
"GNB",1965,NA
"GNB",1966,NA
"GNB",1967,NA
"GNB",1968,NA
"GNB",1969,NA
"GNB",1970,NA
"GNB",1971,NA
"GNB",1972,NA
"GNB",1973,NA
"GNB",1974,NA
"GNB",1975,NA
"GNB",1976,NA
"GNB",1977,NA
"GNB",1978,NA
"GNB",1979,NA
"GNB",1980,NA
"GNB",1981,NA
"GNB",1982,NA
"GNB",1983,NA
"GNB",1984,NA
"GNB",1985,NA
"GNB",1986,NA
"GNB",1987,NA
"GNB",1988,NA
"GNB",1989,NA
"GNB",1990,NA
"GNB",1991,42.4
"GNB",1992,NA
"GNB",1993,42.2
"GNB",1994,NA
"GNB",1995,NA
"GNB",1996,NA
"GNB",1997,NA
"GNB",1998,NA
"GNB",1999,NA
"GNB",2000,NA
"GNB",2001,NA
"GNB",2002,53.2
"GNB",2003,NA
"GNB",2004,NA
"GNB",2005,NA
"GNB",2006,NA
"GNB",2007,NA
"GNB",2008,NA
"GNB",2009,NA
"GNB",2010,66.7
"GNB",2011,NA
"GNB",2012,NA
"GNB",2013,NA
"GNB",2014,NA
"GNB",2015,NA
"GNB",2016,NA
"GNB",2017,NA
"GNB",2018,21.7
"GNB",2019,NA
"GNB",2020,NA
"GNB",2021,26
"GNB",2022,NA
"GNB",2023,NA
"GNB",2024,NA
"GNQ",1960,NA
"GNQ",1961,NA
"GNQ",1962,NA
"GNQ",1963,NA
"GNQ",1964,NA
"GNQ",1965,NA
"GNQ",1966,NA
"GNQ",1967,NA
"GNQ",1968,NA
"GNQ",1969,NA
"GNQ",1970,NA
"GNQ",1971,NA
"GNQ",1972,NA
"GNQ",1973,NA
"GNQ",1974,NA
"GNQ",1975,NA
"GNQ",1976,NA
"GNQ",1977,NA
"GNQ",1978,NA
"GNQ",1979,NA
"GNQ",1980,NA
"GNQ",1981,NA
"GNQ",1982,NA
"GNQ",1983,NA
"GNQ",1984,NA
"GNQ",1985,NA
"GNQ",1986,NA
"GNQ",1987,NA
"GNQ",1988,NA
"GNQ",1989,NA
"GNQ",1990,NA
"GNQ",1991,NA
"GNQ",1992,NA
"GNQ",1993,NA
"GNQ",1994,NA
"GNQ",1995,NA
"GNQ",1996,NA
"GNQ",1997,NA
"GNQ",1998,NA
"GNQ",1999,NA
"GNQ",2000,NA
"GNQ",2001,NA
"GNQ",2002,NA
"GNQ",2003,NA
"GNQ",2004,NA
"GNQ",2005,NA
"GNQ",2006,NA
"GNQ",2007,NA
"GNQ",2008,NA
"GNQ",2009,NA
"GNQ",2010,NA
"GNQ",2011,NA
"GNQ",2012,NA
"GNQ",2013,NA
"GNQ",2014,NA
"GNQ",2015,NA
"GNQ",2016,NA
"GNQ",2017,NA
"GNQ",2018,NA
"GNQ",2019,NA
"GNQ",2020,NA
"GNQ",2021,NA
"GNQ",2022,NA
"GNQ",2023,NA
"GNQ",2024,NA
"GRC",1960,NA
"GRC",1961,NA
"GRC",1962,NA
"GRC",1963,NA
"GRC",1964,NA
"GRC",1965,NA
"GRC",1966,NA
"GRC",1967,NA
"GRC",1968,NA
"GRC",1969,NA
"GRC",1970,NA
"GRC",1971,NA
"GRC",1972,NA
"GRC",1973,NA
"GRC",1974,NA
"GRC",1975,NA
"GRC",1976,NA
"GRC",1977,NA
"GRC",1978,NA
"GRC",1979,NA
"GRC",1980,NA
"GRC",1981,NA
"GRC",1982,NA
"GRC",1983,NA
"GRC",1984,NA
"GRC",1985,NA
"GRC",1986,NA
"GRC",1987,NA
"GRC",1988,NA
"GRC",1989,NA
"GRC",1990,NA
"GRC",1991,NA
"GRC",1992,NA
"GRC",1993,NA
"GRC",1994,NA
"GRC",1995,1.7
"GRC",1996,NA
"GRC",1997,NA
"GRC",1998,NA
"GRC",1999,NA
"GRC",2000,0.5
"GRC",2001,NA
"GRC",2002,NA
"GRC",2003,0.5
"GRC",2004,0.6
"GRC",2005,0.3
"GRC",2006,0.6
"GRC",2007,0.5
"GRC",2008,0.3
"GRC",2009,0.6
"GRC",2010,1
"GRC",2011,1.1
"GRC",2012,1.5
"GRC",2013,1
"GRC",2014,1.5
"GRC",2015,1.4
"GRC",2016,1
"GRC",2017,0.9
"GRC",2018,0.1
"GRC",2019,0.7
"GRC",2020,0.8
"GRC",2021,0.6
"GRC",2022,NA
"GRC",2023,NA
"GRC",2024,NA
"GRD",1960,NA
"GRD",1961,NA
"GRD",1962,NA
"GRD",1963,NA
"GRD",1964,NA
"GRD",1965,NA
"GRD",1966,NA
"GRD",1967,NA
"GRD",1968,NA
"GRD",1969,NA
"GRD",1970,NA
"GRD",1971,NA
"GRD",1972,NA
"GRD",1973,NA
"GRD",1974,NA
"GRD",1975,NA
"GRD",1976,NA
"GRD",1977,NA
"GRD",1978,NA
"GRD",1979,NA
"GRD",1980,NA
"GRD",1981,NA
"GRD",1982,NA
"GRD",1983,NA
"GRD",1984,NA
"GRD",1985,NA
"GRD",1986,NA
"GRD",1987,NA
"GRD",1988,NA
"GRD",1989,NA
"GRD",1990,NA
"GRD",1991,NA
"GRD",1992,NA
"GRD",1993,NA
"GRD",1994,NA
"GRD",1995,NA
"GRD",1996,NA
"GRD",1997,NA
"GRD",1998,NA
"GRD",1999,NA
"GRD",2000,NA
"GRD",2001,NA
"GRD",2002,NA
"GRD",2003,NA
"GRD",2004,NA
"GRD",2005,NA
"GRD",2006,NA
"GRD",2007,NA
"GRD",2008,NA
"GRD",2009,NA
"GRD",2010,NA
"GRD",2011,NA
"GRD",2012,NA
"GRD",2013,NA
"GRD",2014,NA
"GRD",2015,NA
"GRD",2016,NA
"GRD",2017,NA
"GRD",2018,0.3
"GRD",2019,NA
"GRD",2020,NA
"GRD",2021,NA
"GRD",2022,NA
"GRD",2023,NA
"GRD",2024,NA
"GRL",1960,NA
"GRL",1961,NA
"GRL",1962,NA
"GRL",1963,NA
"GRL",1964,NA
"GRL",1965,NA
"GRL",1966,NA
"GRL",1967,NA
"GRL",1968,NA
"GRL",1969,NA
"GRL",1970,NA
"GRL",1971,NA
"GRL",1972,NA
"GRL",1973,NA
"GRL",1974,NA
"GRL",1975,NA
"GRL",1976,NA
"GRL",1977,NA
"GRL",1978,NA
"GRL",1979,NA
"GRL",1980,NA
"GRL",1981,NA
"GRL",1982,NA
"GRL",1983,NA
"GRL",1984,NA
"GRL",1985,NA
"GRL",1986,NA
"GRL",1987,NA
"GRL",1988,NA
"GRL",1989,NA
"GRL",1990,NA
"GRL",1991,NA
"GRL",1992,NA
"GRL",1993,NA
"GRL",1994,NA
"GRL",1995,NA
"GRL",1996,NA
"GRL",1997,NA
"GRL",1998,NA
"GRL",1999,NA
"GRL",2000,NA
"GRL",2001,NA
"GRL",2002,NA
"GRL",2003,NA
"GRL",2004,NA
"GRL",2005,NA
"GRL",2006,NA
"GRL",2007,NA
"GRL",2008,NA
"GRL",2009,NA
"GRL",2010,NA
"GRL",2011,NA
"GRL",2012,NA
"GRL",2013,NA
"GRL",2014,NA
"GRL",2015,NA
"GRL",2016,NA
"GRL",2017,NA
"GRL",2018,NA
"GRL",2019,NA
"GRL",2020,NA
"GRL",2021,NA
"GRL",2022,NA
"GRL",2023,NA
"GRL",2024,NA
"GTM",1960,NA
"GTM",1961,NA
"GTM",1962,NA
"GTM",1963,NA
"GTM",1964,NA
"GTM",1965,NA
"GTM",1966,NA
"GTM",1967,NA
"GTM",1968,NA
"GTM",1969,NA
"GTM",1970,NA
"GTM",1971,NA
"GTM",1972,NA
"GTM",1973,NA
"GTM",1974,NA
"GTM",1975,NA
"GTM",1976,NA
"GTM",1977,NA
"GTM",1978,NA
"GTM",1979,NA
"GTM",1980,NA
"GTM",1981,NA
"GTM",1982,NA
"GTM",1983,NA
"GTM",1984,NA
"GTM",1985,NA
"GTM",1986,49.7
"GTM",1987,NA
"GTM",1988,NA
"GTM",1989,37
"GTM",1990,NA
"GTM",1991,NA
"GTM",1992,NA
"GTM",1993,NA
"GTM",1994,NA
"GTM",1995,NA
"GTM",1996,NA
"GTM",1997,NA
"GTM",1998,14.7
"GTM",1999,NA
"GTM",2000,9.6
"GTM",2001,NA
"GTM",2002,NA
"GTM",2003,NA
"GTM",2004,NA
"GTM",2005,NA
"GTM",2006,11.7
"GTM",2007,NA
"GTM",2008,NA
"GTM",2009,NA
"GTM",2010,NA
"GTM",2011,NA
"GTM",2012,NA
"GTM",2013,NA
"GTM",2014,9.5
"GTM",2015,NA
"GTM",2016,NA
"GTM",2017,NA
"GTM",2018,NA
"GTM",2019,NA
"GTM",2020,NA
"GTM",2021,NA
"GTM",2022,NA
"GTM",2023,NA
"GTM",2024,NA
"GUM",1960,NA
"GUM",1961,NA
"GUM",1962,NA
"GUM",1963,NA
"GUM",1964,NA
"GUM",1965,NA
"GUM",1966,NA
"GUM",1967,NA
"GUM",1968,NA
"GUM",1969,NA
"GUM",1970,NA
"GUM",1971,NA
"GUM",1972,NA
"GUM",1973,NA
"GUM",1974,NA
"GUM",1975,NA
"GUM",1976,NA
"GUM",1977,NA
"GUM",1978,NA
"GUM",1979,NA
"GUM",1980,NA
"GUM",1981,NA
"GUM",1982,NA
"GUM",1983,NA
"GUM",1984,NA
"GUM",1985,NA
"GUM",1986,NA
"GUM",1987,NA
"GUM",1988,NA
"GUM",1989,NA
"GUM",1990,NA
"GUM",1991,NA
"GUM",1992,NA
"GUM",1993,NA
"GUM",1994,NA
"GUM",1995,NA
"GUM",1996,NA
"GUM",1997,NA
"GUM",1998,NA
"GUM",1999,NA
"GUM",2000,NA
"GUM",2001,NA
"GUM",2002,NA
"GUM",2003,NA
"GUM",2004,NA
"GUM",2005,NA
"GUM",2006,NA
"GUM",2007,NA
"GUM",2008,NA
"GUM",2009,NA
"GUM",2010,NA
"GUM",2011,NA
"GUM",2012,NA
"GUM",2013,NA
"GUM",2014,NA
"GUM",2015,NA
"GUM",2016,NA
"GUM",2017,NA
"GUM",2018,NA
"GUM",2019,NA
"GUM",2020,NA
"GUM",2021,NA
"GUM",2022,NA
"GUM",2023,NA
"GUM",2024,NA
"GUY",1960,NA
"GUY",1961,NA
"GUY",1962,NA
"GUY",1963,NA
"GUY",1964,NA
"GUY",1965,NA
"GUY",1966,NA
"GUY",1967,NA
"GUY",1968,NA
"GUY",1969,NA
"GUY",1970,NA
"GUY",1971,NA
"GUY",1972,NA
"GUY",1973,NA
"GUY",1974,NA
"GUY",1975,NA
"GUY",1976,NA
"GUY",1977,NA
"GUY",1978,NA
"GUY",1979,NA
"GUY",1980,NA
"GUY",1981,NA
"GUY",1982,NA
"GUY",1983,NA
"GUY",1984,NA
"GUY",1985,NA
"GUY",1986,NA
"GUY",1987,NA
"GUY",1988,NA
"GUY",1989,NA
"GUY",1990,NA
"GUY",1991,NA
"GUY",1992,29.4
"GUY",1993,NA
"GUY",1994,NA
"GUY",1995,NA
"GUY",1996,NA
"GUY",1997,NA
"GUY",1998,11.9
"GUY",1999,NA
"GUY",2000,NA
"GUY",2001,NA
"GUY",2002,NA
"GUY",2003,NA
"GUY",2004,NA
"GUY",2005,NA
"GUY",2006,NA
"GUY",2007,NA
"GUY",2008,NA
"GUY",2009,NA
"GUY",2010,NA
"GUY",2011,NA
"GUY",2012,NA
"GUY",2013,NA
"GUY",2014,NA
"GUY",2015,NA
"GUY",2016,NA
"GUY",2017,NA
"GUY",2018,NA
"GUY",2019,NA
"GUY",2020,NA
"GUY",2021,NA
"GUY",2022,NA
"GUY",2023,NA
"GUY",2024,NA
"HIC",1960,NA
"HIC",1961,NA
"HIC",1962,NA
"HIC",1963,NA
"HIC",1964,NA
"HIC",1965,NA
"HIC",1966,NA
"HIC",1967,NA
"HIC",1968,NA
"HIC",1969,NA
"HIC",1970,NA
"HIC",1971,NA
"HIC",1972,NA
"HIC",1973,NA
"HIC",1974,NA
"HIC",1975,NA
"HIC",1976,NA
"HIC",1977,NA
"HIC",1978,NA
"HIC",1979,NA
"HIC",1980,NA
"HIC",1981,NA
"HIC",1982,0.8
"HIC",1983,0.8
"HIC",1984,0.8
"HIC",1985,0.8
"HIC",1986,0.7
"HIC",1987,0.7
"HIC",1988,0.7
"HIC",1989,0.6
"HIC",1990,0.7
"HIC",1991,0.7
"HIC",1992,0.9
"HIC",1993,1.1
"HIC",1994,1.4
"HIC",1995,1.2
"HIC",1996,1.3
"HIC",1997,0.8
"HIC",1998,0.9
"HIC",1999,1.2
"HIC",2000,1
"HIC",2001,0.8
"HIC",2002,0.7
"HIC",2003,0.7
"HIC",2004,0.7
"HIC",2005,0.6
"HIC",2006,0.6
"HIC",2007,0.5
"HIC",2008,0.5
"HIC",2009,0.5
"HIC",2010,0.5
"HIC",2011,0.5
"HIC",2012,0.5
"HIC",2013,0.5
"HIC",2014,0.7
"HIC",2015,0.7
"HIC",2016,0.6
"HIC",2017,0.6
"HIC",2018,0.5
"HIC",2019,0.5
"HIC",2020,0.3
"HIC",2021,0.3
"HIC",2022,0.5
"HIC",2023,NA
"HIC",2024,NA
"HKG",1960,NA
"HKG",1961,NA
"HKG",1962,NA
"HKG",1963,NA
"HKG",1964,NA
"HKG",1965,NA
"HKG",1966,NA
"HKG",1967,NA
"HKG",1968,NA
"HKG",1969,NA
"HKG",1970,NA
"HKG",1971,NA
"HKG",1972,NA
"HKG",1973,NA
"HKG",1974,NA
"HKG",1975,NA
"HKG",1976,NA
"HKG",1977,NA
"HKG",1978,NA
"HKG",1979,NA
"HKG",1980,NA
"HKG",1981,NA
"HKG",1982,NA
"HKG",1983,NA
"HKG",1984,NA
"HKG",1985,NA
"HKG",1986,NA
"HKG",1987,NA
"HKG",1988,NA
"HKG",1989,NA
"HKG",1990,NA
"HKG",1991,NA
"HKG",1992,NA
"HKG",1993,NA
"HKG",1994,NA
"HKG",1995,NA
"HKG",1996,NA
"HKG",1997,NA
"HKG",1998,NA
"HKG",1999,NA
"HKG",2000,NA
"HKG",2001,NA
"HKG",2002,NA
"HKG",2003,NA
"HKG",2004,NA
"HKG",2005,NA
"HKG",2006,NA
"HKG",2007,NA
"HKG",2008,NA
"HKG",2009,NA
"HKG",2010,NA
"HKG",2011,NA
"HKG",2012,NA
"HKG",2013,NA
"HKG",2014,NA
"HKG",2015,NA
"HKG",2016,NA
"HKG",2017,NA
"HKG",2018,NA
"HKG",2019,NA
"HKG",2020,NA
"HKG",2021,NA
"HKG",2022,NA
"HKG",2023,NA
"HKG",2024,NA
"HND",1960,NA
"HND",1961,NA
"HND",1962,NA
"HND",1963,NA
"HND",1964,NA
"HND",1965,NA
"HND",1966,NA
"HND",1967,NA
"HND",1968,NA
"HND",1969,NA
"HND",1970,NA
"HND",1971,NA
"HND",1972,NA
"HND",1973,NA
"HND",1974,NA
"HND",1975,NA
"HND",1976,NA
"HND",1977,NA
"HND",1978,NA
"HND",1979,NA
"HND",1980,NA
"HND",1981,NA
"HND",1982,NA
"HND",1983,NA
"HND",1984,NA
"HND",1985,NA
"HND",1986,NA
"HND",1987,NA
"HND",1988,NA
"HND",1989,40
"HND",1990,42
"HND",1991,30.8
"HND",1992,27
"HND",1993,21.4
"HND",1994,24.3
"HND",1995,26.2
"HND",1996,28.6
"HND",1997,19.6
"HND",1998,24.5
"HND",1999,24.9
"HND",2000,NA
"HND",2001,19.8
"HND",2002,22
"HND",2003,26.5
"HND",2004,25.4
"HND",2005,25.1
"HND",2006,21.1
"HND",2007,15.6
"HND",2008,15.2
"HND",2009,12.3
"HND",2010,13.8
"HND",2011,14.3
"HND",2012,17
"HND",2013,14.6
"HND",2014,13.3
"HND",2015,13
"HND",2016,14.6
"HND",2017,13.9
"HND",2018,14.2
"HND",2019,12.7
"HND",2020,NA
"HND",2021,NA
"HND",2022,NA
"HND",2023,NA
"HND",2024,NA
"HPC",1960,NA
"HPC",1961,NA
"HPC",1962,NA
"HPC",1963,NA
"HPC",1964,NA
"HPC",1965,NA
"HPC",1966,NA
"HPC",1967,NA
"HPC",1968,NA
"HPC",1969,NA
"HPC",1970,NA
"HPC",1971,NA
"HPC",1972,NA
"HPC",1973,NA
"HPC",1974,NA
"HPC",1975,NA
"HPC",1976,NA
"HPC",1977,NA
"HPC",1978,NA
"HPC",1979,NA
"HPC",1980,NA
"HPC",1981,NA
"HPC",1982,NA
"HPC",1983,NA
"HPC",1984,NA
"HPC",1985,NA
"HPC",1986,NA
"HPC",1987,NA
"HPC",1988,NA
"HPC",1989,NA
"HPC",1990,NA
"HPC",1991,NA
"HPC",1992,NA
"HPC",1993,NA
"HPC",1994,NA
"HPC",1995,NA
"HPC",1996,NA
"HPC",1997,NA
"HPC",1998,NA
"HPC",1999,NA
"HPC",2000,NA
"HPC",2001,NA
"HPC",2002,NA
"HPC",2003,NA
"HPC",2004,NA
"HPC",2005,NA
"HPC",2006,NA
"HPC",2007,NA
"HPC",2008,NA
"HPC",2009,NA
"HPC",2010,NA
"HPC",2011,NA
"HPC",2012,NA
"HPC",2013,NA
"HPC",2014,NA
"HPC",2015,NA
"HPC",2016,NA
"HPC",2017,NA
"HPC",2018,NA
"HPC",2019,NA
"HPC",2020,NA
"HPC",2021,NA
"HPC",2022,NA
"HPC",2023,NA
"HPC",2024,NA
"HRV",1960,NA
"HRV",1961,NA
"HRV",1962,NA
"HRV",1963,NA
"HRV",1964,NA
"HRV",1965,NA
"HRV",1966,NA
"HRV",1967,NA
"HRV",1968,NA
"HRV",1969,NA
"HRV",1970,NA
"HRV",1971,NA
"HRV",1972,NA
"HRV",1973,NA
"HRV",1974,NA
"HRV",1975,NA
"HRV",1976,NA
"HRV",1977,NA
"HRV",1978,NA
"HRV",1979,NA
"HRV",1980,NA
"HRV",1981,NA
"HRV",1982,NA
"HRV",1983,NA
"HRV",1984,NA
"HRV",1985,NA
"HRV",1986,NA
"HRV",1987,NA
"HRV",1988,NA
"HRV",1989,NA
"HRV",1990,NA
"HRV",1991,NA
"HRV",1992,NA
"HRV",1993,NA
"HRV",1994,NA
"HRV",1995,NA
"HRV",1996,NA
"HRV",1997,NA
"HRV",1998,NA
"HRV",1999,NA
"HRV",2000,NA
"HRV",2001,NA
"HRV",2002,NA
"HRV",2003,NA
"HRV",2004,NA
"HRV",2005,NA
"HRV",2006,NA
"HRV",2007,NA
"HRV",2008,NA
"HRV",2009,0.9
"HRV",2010,1.2
"HRV",2011,0.6
"HRV",2012,0.8
"HRV",2013,0.7
"HRV",2014,1
"HRV",2015,0.6
"HRV",2016,0.6
"HRV",2017,0.5
"HRV",2018,0.4
"HRV",2019,0.3
"HRV",2020,0.3
"HRV",2021,0.3
"HRV",2022,NA
"HRV",2023,NA
"HRV",2024,NA
"HTI",1960,NA
"HTI",1961,NA
"HTI",1962,NA
"HTI",1963,NA
"HTI",1964,NA
"HTI",1965,NA
"HTI",1966,NA
"HTI",1967,NA
"HTI",1968,NA
"HTI",1969,NA
"HTI",1970,NA
"HTI",1971,NA
"HTI",1972,NA
"HTI",1973,NA
"HTI",1974,NA
"HTI",1975,NA
"HTI",1976,NA
"HTI",1977,NA
"HTI",1978,NA
"HTI",1979,NA
"HTI",1980,NA
"HTI",1981,NA
"HTI",1982,NA
"HTI",1983,NA
"HTI",1984,NA
"HTI",1985,NA
"HTI",1986,NA
"HTI",1987,NA
"HTI",1988,NA
"HTI",1989,NA
"HTI",1990,NA
"HTI",1991,NA
"HTI",1992,NA
"HTI",1993,NA
"HTI",1994,NA
"HTI",1995,NA
"HTI",1996,NA
"HTI",1997,NA
"HTI",1998,NA
"HTI",1999,NA
"HTI",2000,NA
"HTI",2001,NA
"HTI",2002,NA
"HTI",2003,NA
"HTI",2004,NA
"HTI",2005,NA
"HTI",2006,NA
"HTI",2007,NA
"HTI",2008,NA
"HTI",2009,NA
"HTI",2010,NA
"HTI",2011,NA
"HTI",2012,29.2
"HTI",2013,NA
"HTI",2014,NA
"HTI",2015,NA
"HTI",2016,NA
"HTI",2017,NA
"HTI",2018,NA
"HTI",2019,NA
"HTI",2020,NA
"HTI",2021,NA
"HTI",2022,NA
"HTI",2023,NA
"HTI",2024,NA
"HUN",1960,NA
"HUN",1961,NA
"HUN",1962,NA
"HUN",1963,NA
"HUN",1964,NA
"HUN",1965,NA
"HUN",1966,NA
"HUN",1967,NA
"HUN",1968,NA
"HUN",1969,NA
"HUN",1970,NA
"HUN",1971,NA
"HUN",1972,NA
"HUN",1973,NA
"HUN",1974,NA
"HUN",1975,NA
"HUN",1976,NA
"HUN",1977,NA
"HUN",1978,NA
"HUN",1979,NA
"HUN",1980,NA
"HUN",1981,NA
"HUN",1982,NA
"HUN",1983,NA
"HUN",1984,NA
"HUN",1985,NA
"HUN",1986,NA
"HUN",1987,NA
"HUN",1988,NA
"HUN",1989,NA
"HUN",1990,NA
"HUN",1991,NA
"HUN",1992,NA
"HUN",1993,NA
"HUN",1994,NA
"HUN",1995,NA
"HUN",1996,NA
"HUN",1997,NA
"HUN",1998,NA
"HUN",1999,NA
"HUN",2000,NA
"HUN",2001,NA
"HUN",2002,NA
"HUN",2003,NA
"HUN",2004,0.1
"HUN",2005,0.7
"HUN",2006,0.1
"HUN",2007,0.1
"HUN",2008,0
"HUN",2009,0.1
"HUN",2010,0.1
"HUN",2011,0.1
"HUN",2012,0.3
"HUN",2013,0.2
"HUN",2014,0.7
"HUN",2015,0.6
"HUN",2016,1.3
"HUN",2017,0.6
"HUN",2018,0.2
"HUN",2019,0.3
"HUN",2020,0.4
"HUN",2021,0.4
"HUN",2022,NA
"HUN",2023,NA
"HUN",2024,NA
"IBD",1960,NA
"IBD",1961,NA
"IBD",1962,NA
"IBD",1963,NA
"IBD",1964,NA
"IBD",1965,NA
"IBD",1966,NA
"IBD",1967,NA
"IBD",1968,NA
"IBD",1969,NA
"IBD",1970,NA
"IBD",1971,NA
"IBD",1972,NA
"IBD",1973,NA
"IBD",1974,NA
"IBD",1975,NA
"IBD",1976,NA
"IBD",1977,NA
"IBD",1978,NA
"IBD",1979,NA
"IBD",1980,NA
"IBD",1981,NA
"IBD",1982,NA
"IBD",1983,NA
"IBD",1984,NA
"IBD",1985,NA
"IBD",1986,NA
"IBD",1987,NA
"IBD",1988,NA
"IBD",1989,NA
"IBD",1990,NA
"IBD",1991,NA
"IBD",1992,NA
"IBD",1993,NA
"IBD",1994,NA
"IBD",1995,NA
"IBD",1996,NA
"IBD",1997,NA
"IBD",1998,NA
"IBD",1999,NA
"IBD",2000,NA
"IBD",2001,NA
"IBD",2002,NA
"IBD",2003,NA
"IBD",2004,NA
"IBD",2005,NA
"IBD",2006,NA
"IBD",2007,NA
"IBD",2008,NA
"IBD",2009,NA
"IBD",2010,NA
"IBD",2011,NA
"IBD",2012,NA
"IBD",2013,NA
"IBD",2014,NA
"IBD",2015,NA
"IBD",2016,NA
"IBD",2017,NA
"IBD",2018,NA
"IBD",2019,NA
"IBD",2020,NA
"IBD",2021,NA
"IBD",2022,NA
"IBD",2023,NA
"IBD",2024,NA
"IBT",1960,NA
"IBT",1961,NA
"IBT",1962,NA
"IBT",1963,NA
"IBT",1964,NA
"IBT",1965,NA
"IBT",1966,NA
"IBT",1967,NA
"IBT",1968,NA
"IBT",1969,NA
"IBT",1970,NA
"IBT",1971,NA
"IBT",1972,NA
"IBT",1973,NA
"IBT",1974,NA
"IBT",1975,NA
"IBT",1976,NA
"IBT",1977,NA
"IBT",1978,NA
"IBT",1979,NA
"IBT",1980,NA
"IBT",1981,NA
"IBT",1982,NA
"IBT",1983,NA
"IBT",1984,NA
"IBT",1985,NA
"IBT",1986,NA
"IBT",1987,NA
"IBT",1988,NA
"IBT",1989,NA
"IBT",1990,NA
"IBT",1991,NA
"IBT",1992,NA
"IBT",1993,NA
"IBT",1994,NA
"IBT",1995,NA
"IBT",1996,NA
"IBT",1997,NA
"IBT",1998,NA
"IBT",1999,NA
"IBT",2000,NA
"IBT",2001,NA
"IBT",2002,NA
"IBT",2003,NA
"IBT",2004,NA
"IBT",2005,NA
"IBT",2006,NA
"IBT",2007,NA
"IBT",2008,NA
"IBT",2009,NA
"IBT",2010,NA
"IBT",2011,NA
"IBT",2012,NA
"IBT",2013,NA
"IBT",2014,NA
"IBT",2015,NA
"IBT",2016,NA
"IBT",2017,NA
"IBT",2018,NA
"IBT",2019,NA
"IBT",2020,NA
"IBT",2021,NA
"IBT",2022,NA
"IBT",2023,NA
"IBT",2024,NA
"IDA",1960,NA
"IDA",1961,NA
"IDA",1962,NA
"IDA",1963,NA
"IDA",1964,NA
"IDA",1965,NA
"IDA",1966,NA
"IDA",1967,NA
"IDA",1968,NA
"IDA",1969,NA
"IDA",1970,NA
"IDA",1971,NA
"IDA",1972,NA
"IDA",1973,NA
"IDA",1974,NA
"IDA",1975,NA
"IDA",1976,NA
"IDA",1977,NA
"IDA",1978,NA
"IDA",1979,NA
"IDA",1980,NA
"IDA",1981,NA
"IDA",1982,NA
"IDA",1983,NA
"IDA",1984,NA
"IDA",1985,NA
"IDA",1986,NA
"IDA",1987,NA
"IDA",1988,NA
"IDA",1989,54.1
"IDA",1990,54.4
"IDA",1991,53.4
"IDA",1992,52.1
"IDA",1993,52.5
"IDA",1994,51.2
"IDA",1995,50.6
"IDA",1996,49.1
"IDA",1997,48.5
"IDA",1998,48.6
"IDA",1999,48.7
"IDA",2000,48.4
"IDA",2001,47.6
"IDA",2002,46.8
"IDA",2003,44.8
"IDA",2004,41.3
"IDA",2005,39.2
"IDA",2006,37.4
"IDA",2007,35.4
"IDA",2008,33.6
"IDA",2009,32.6
"IDA",2010,31.2
"IDA",2011,30.1
"IDA",2012,29.2
"IDA",2013,28.5
"IDA",2014,27.8
"IDA",2015,27.8
"IDA",2016,27.6
"IDA",2017,27
"IDA",2018,26.4
"IDA",2019,26.2
"IDA",2020,NA
"IDA",2021,NA
"IDA",2022,NA
"IDA",2023,NA
"IDA",2024,NA
"IDB",1960,NA
"IDB",1961,NA
"IDB",1962,NA
"IDB",1963,NA
"IDB",1964,NA
"IDB",1965,NA
"IDB",1966,NA
"IDB",1967,NA
"IDB",1968,NA
"IDB",1969,NA
"IDB",1970,NA
"IDB",1971,NA
"IDB",1972,NA
"IDB",1973,NA
"IDB",1974,NA
"IDB",1975,NA
"IDB",1976,NA
"IDB",1977,NA
"IDB",1978,NA
"IDB",1979,NA
"IDB",1980,NA
"IDB",1981,NA
"IDB",1982,NA
"IDB",1983,NA
"IDB",1984,NA
"IDB",1985,NA
"IDB",1986,NA
"IDB",1987,NA
"IDB",1988,NA
"IDB",1989,NA
"IDB",1990,NA
"IDB",1991,NA
"IDB",1992,NA
"IDB",1993,NA
"IDB",1994,NA
"IDB",1995,NA
"IDB",1996,NA
"IDB",1997,NA
"IDB",1998,NA
"IDB",1999,NA
"IDB",2000,NA
"IDB",2001,NA
"IDB",2002,NA
"IDB",2003,NA
"IDB",2004,NA
"IDB",2005,NA
"IDB",2006,NA
"IDB",2007,NA
"IDB",2008,NA
"IDB",2009,NA
"IDB",2010,NA
"IDB",2011,NA
"IDB",2012,NA
"IDB",2013,NA
"IDB",2014,NA
"IDB",2015,NA
"IDB",2016,NA
"IDB",2017,NA
"IDB",2018,NA
"IDB",2019,NA
"IDB",2020,NA
"IDB",2021,NA
"IDB",2022,NA
"IDB",2023,NA
"IDB",2024,NA
"IDN",1960,NA
"IDN",1961,NA
"IDN",1962,NA
"IDN",1963,NA
"IDN",1964,NA
"IDN",1965,NA
"IDN",1966,NA
"IDN",1967,NA
"IDN",1968,NA
"IDN",1969,NA
"IDN",1970,NA
"IDN",1971,NA
"IDN",1972,NA
"IDN",1973,NA
"IDN",1974,NA
"IDN",1975,NA
"IDN",1976,NA
"IDN",1977,NA
"IDN",1978,NA
"IDN",1979,NA
"IDN",1980,NA
"IDN",1981,NA
"IDN",1982,NA
"IDN",1983,NA
"IDN",1984,74.3
"IDN",1985,NA
"IDN",1986,NA
"IDN",1987,74.6
"IDN",1988,NA
"IDN",1989,NA
"IDN",1990,61.8
"IDN",1991,NA
"IDN",1992,NA
"IDN",1993,61.2
"IDN",1994,NA
"IDN",1995,NA
"IDN",1996,49.3
"IDN",1997,NA
"IDN",1998,68.3
"IDN",1999,44
"IDN",2000,43.8
"IDN",2001,40.3
"IDN",2002,23.5
"IDN",2003,22.8
"IDN",2004,24.2
"IDN",2005,20.1
"IDN",2006,26.2
"IDN",2007,21.6
"IDN",2008,19.2
"IDN",2009,18.8
"IDN",2010,16.5
"IDN",2011,14.1
"IDN",2012,10.6
"IDN",2013,10.8
"IDN",2014,9.7
"IDN",2015,8.5
"IDN",2016,6.7
"IDN",2017,4.3
"IDN",2018,4.4
"IDN",2019,3.4
"IDN",2020,2.8
"IDN",2021,2.9
"IDN",2022,2.2
"IDN",2023,1.8
"IDN",2024,NA
"IDX",1960,NA
"IDX",1961,NA
"IDX",1962,NA
"IDX",1963,NA
"IDX",1964,NA
"IDX",1965,NA
"IDX",1966,NA
"IDX",1967,NA
"IDX",1968,NA
"IDX",1969,NA
"IDX",1970,NA
"IDX",1971,NA
"IDX",1972,NA
"IDX",1973,NA
"IDX",1974,NA
"IDX",1975,NA
"IDX",1976,NA
"IDX",1977,NA
"IDX",1978,NA
"IDX",1979,NA
"IDX",1980,NA
"IDX",1981,NA
"IDX",1982,NA
"IDX",1983,NA
"IDX",1984,NA
"IDX",1985,NA
"IDX",1986,NA
"IDX",1987,NA
"IDX",1988,NA
"IDX",1989,NA
"IDX",1990,NA
"IDX",1991,NA
"IDX",1992,NA
"IDX",1993,NA
"IDX",1994,NA
"IDX",1995,NA
"IDX",1996,NA
"IDX",1997,NA
"IDX",1998,NA
"IDX",1999,NA
"IDX",2000,NA
"IDX",2001,NA
"IDX",2002,NA
"IDX",2003,NA
"IDX",2004,NA
"IDX",2005,NA
"IDX",2006,NA
"IDX",2007,NA
"IDX",2008,NA
"IDX",2009,NA
"IDX",2010,NA
"IDX",2011,NA
"IDX",2012,NA
"IDX",2013,NA
"IDX",2014,NA
"IDX",2015,NA
"IDX",2016,NA
"IDX",2017,NA
"IDX",2018,NA
"IDX",2019,NA
"IDX",2020,NA
"IDX",2021,NA
"IDX",2022,NA
"IDX",2023,NA
"IDX",2024,NA
"IMN",1960,NA
"IMN",1961,NA
"IMN",1962,NA
"IMN",1963,NA
"IMN",1964,NA
"IMN",1965,NA
"IMN",1966,NA
"IMN",1967,NA
"IMN",1968,NA
"IMN",1969,NA
"IMN",1970,NA
"IMN",1971,NA
"IMN",1972,NA
"IMN",1973,NA
"IMN",1974,NA
"IMN",1975,NA
"IMN",1976,NA
"IMN",1977,NA
"IMN",1978,NA
"IMN",1979,NA
"IMN",1980,NA
"IMN",1981,NA
"IMN",1982,NA
"IMN",1983,NA
"IMN",1984,NA
"IMN",1985,NA
"IMN",1986,NA
"IMN",1987,NA
"IMN",1988,NA
"IMN",1989,NA
"IMN",1990,NA
"IMN",1991,NA
"IMN",1992,NA
"IMN",1993,NA
"IMN",1994,NA
"IMN",1995,NA
"IMN",1996,NA
"IMN",1997,NA
"IMN",1998,NA
"IMN",1999,NA
"IMN",2000,NA
"IMN",2001,NA
"IMN",2002,NA
"IMN",2003,NA
"IMN",2004,NA
"IMN",2005,NA
"IMN",2006,NA
"IMN",2007,NA
"IMN",2008,NA
"IMN",2009,NA
"IMN",2010,NA
"IMN",2011,NA
"IMN",2012,NA
"IMN",2013,NA
"IMN",2014,NA
"IMN",2015,NA
"IMN",2016,NA
"IMN",2017,NA
"IMN",2018,NA
"IMN",2019,NA
"IMN",2020,NA
"IMN",2021,NA
"IMN",2022,NA
"IMN",2023,NA
"IMN",2024,NA
"IND",1960,NA
"IND",1961,NA
"IND",1962,NA
"IND",1963,NA
"IND",1964,NA
"IND",1965,NA
"IND",1966,NA
"IND",1967,NA
"IND",1968,NA
"IND",1969,NA
"IND",1970,NA
"IND",1971,NA
"IND",1972,NA
"IND",1973,NA
"IND",1974,NA
"IND",1975,NA
"IND",1976,NA
"IND",1977,63.5
"IND",1978,NA
"IND",1979,NA
"IND",1980,NA
"IND",1981,NA
"IND",1982,NA
"IND",1983,56.7
"IND",1984,NA
"IND",1985,NA
"IND",1986,NA
"IND",1987,50.9
"IND",1988,NA
"IND",1989,NA
"IND",1990,NA
"IND",1991,NA
"IND",1992,NA
"IND",1993,48
"IND",1994,NA
"IND",1995,NA
"IND",1996,NA
"IND",1997,NA
"IND",1998,NA
"IND",1999,NA
"IND",2000,NA
"IND",2001,NA
"IND",2002,NA
"IND",2003,NA
"IND",2004,40.6
"IND",2005,NA
"IND",2006,NA
"IND",2007,NA
"IND",2008,NA
"IND",2009,33.5
"IND",2010,NA
"IND",2011,22.9
"IND",2012,NA
"IND",2013,NA
"IND",2014,NA
"IND",2015,18.8
"IND",2016,18.1
"IND",2017,13.4
"IND",2018,11.1
"IND",2019,13.2
"IND",2020,15.5
"IND",2021,12.9
"IND",2022,NA
"IND",2023,NA
"IND",2024,NA
"INX",1960,NA
"INX",1961,NA
"INX",1962,NA
"INX",1963,NA
"INX",1964,NA
"INX",1965,NA
"INX",1966,NA
"INX",1967,NA
"INX",1968,NA
"INX",1969,NA
"INX",1970,NA
"INX",1971,NA
"INX",1972,NA
"INX",1973,NA
"INX",1974,NA
"INX",1975,NA
"INX",1976,NA
"INX",1977,NA
"INX",1978,NA
"INX",1979,NA
"INX",1980,NA
"INX",1981,NA
"INX",1982,NA
"INX",1983,NA
"INX",1984,NA
"INX",1985,NA
"INX",1986,NA
"INX",1987,NA
"INX",1988,NA
"INX",1989,NA
"INX",1990,NA
"INX",1991,NA
"INX",1992,NA
"INX",1993,NA
"INX",1994,NA
"INX",1995,NA
"INX",1996,NA
"INX",1997,NA
"INX",1998,NA
"INX",1999,NA
"INX",2000,NA
"INX",2001,NA
"INX",2002,NA
"INX",2003,NA
"INX",2004,NA
"INX",2005,NA
"INX",2006,NA
"INX",2007,NA
"INX",2008,NA
"INX",2009,NA
"INX",2010,NA
"INX",2011,NA
"INX",2012,NA
"INX",2013,NA
"INX",2014,NA
"INX",2015,NA
"INX",2016,NA
"INX",2017,NA
"INX",2018,NA
"INX",2019,NA
"INX",2020,NA
"INX",2021,NA
"INX",2022,NA
"INX",2023,NA
"INX",2024,NA
"IRL",1960,NA
"IRL",1961,NA
"IRL",1962,NA
"IRL",1963,NA
"IRL",1964,NA
"IRL",1965,NA
"IRL",1966,NA
"IRL",1967,NA
"IRL",1968,NA
"IRL",1969,NA
"IRL",1970,NA
"IRL",1971,NA
"IRL",1972,NA
"IRL",1973,NA
"IRL",1974,NA
"IRL",1975,NA
"IRL",1976,NA
"IRL",1977,NA
"IRL",1978,NA
"IRL",1979,NA
"IRL",1980,NA
"IRL",1981,NA
"IRL",1982,NA
"IRL",1983,NA
"IRL",1984,NA
"IRL",1985,NA
"IRL",1986,NA
"IRL",1987,0.7
"IRL",1988,NA
"IRL",1989,NA
"IRL",1990,NA
"IRL",1991,NA
"IRL",1992,NA
"IRL",1993,NA
"IRL",1994,0.2
"IRL",1995,0.2
"IRL",1996,0.2
"IRL",1997,NA
"IRL",1998,NA
"IRL",1999,NA
"IRL",2000,0.2
"IRL",2001,NA
"IRL",2002,0.2
"IRL",2003,0.1
"IRL",2004,0.1
"IRL",2005,0
"IRL",2006,0.4
"IRL",2007,0.1
"IRL",2008,0.2
"IRL",2009,0.5
"IRL",2010,0.5
"IRL",2011,0.5
"IRL",2012,0.3
"IRL",2013,0.7
"IRL",2014,0.4
"IRL",2015,0.4
"IRL",2016,0.1
"IRL",2017,0.2
"IRL",2018,0
"IRL",2019,0.1
"IRL",2020,0.1
"IRL",2021,0.1
"IRL",2022,NA
"IRL",2023,NA
"IRL",2024,NA
"IRN",1960,NA
"IRN",1961,NA
"IRN",1962,NA
"IRN",1963,NA
"IRN",1964,NA
"IRN",1965,NA
"IRN",1966,NA
"IRN",1967,NA
"IRN",1968,NA
"IRN",1969,NA
"IRN",1970,NA
"IRN",1971,NA
"IRN",1972,NA
"IRN",1973,NA
"IRN",1974,NA
"IRN",1975,NA
"IRN",1976,NA
"IRN",1977,NA
"IRN",1978,NA
"IRN",1979,NA
"IRN",1980,NA
"IRN",1981,NA
"IRN",1982,NA
"IRN",1983,NA
"IRN",1984,NA
"IRN",1985,NA
"IRN",1986,9.2
"IRN",1987,NA
"IRN",1988,NA
"IRN",1989,NA
"IRN",1990,8.8
"IRN",1991,NA
"IRN",1992,NA
"IRN",1993,NA
"IRN",1994,4.2
"IRN",1995,NA
"IRN",1996,NA
"IRN",1997,NA
"IRN",1998,4.3
"IRN",1999,NA
"IRN",2000,NA
"IRN",2001,NA
"IRN",2002,NA
"IRN",2003,NA
"IRN",2004,NA
"IRN",2005,1
"IRN",2006,0.8
"IRN",2007,NA
"IRN",2008,NA
"IRN",2009,1.5
"IRN",2010,NA
"IRN",2011,0.5
"IRN",2012,0.3
"IRN",2013,0.3
"IRN",2014,0.6
"IRN",2015,0.4
"IRN",2016,0.4
"IRN",2017,0.3
"IRN",2018,0.7
"IRN",2019,0.7
"IRN",2020,0.8
"IRN",2021,0.7
"IRN",2022,0.5
"IRN",2023,NA
"IRN",2024,NA
"IRQ",1960,NA
"IRQ",1961,NA
"IRQ",1962,NA
"IRQ",1963,NA
"IRQ",1964,NA
"IRQ",1965,NA
"IRQ",1966,NA
"IRQ",1967,NA
"IRQ",1968,NA
"IRQ",1969,NA
"IRQ",1970,NA
"IRQ",1971,NA
"IRQ",1972,NA
"IRQ",1973,NA
"IRQ",1974,NA
"IRQ",1975,NA
"IRQ",1976,NA
"IRQ",1977,NA
"IRQ",1978,NA
"IRQ",1979,NA
"IRQ",1980,NA
"IRQ",1981,NA
"IRQ",1982,NA
"IRQ",1983,NA
"IRQ",1984,NA
"IRQ",1985,NA
"IRQ",1986,NA
"IRQ",1987,NA
"IRQ",1988,NA
"IRQ",1989,NA
"IRQ",1990,NA
"IRQ",1991,NA
"IRQ",1992,NA
"IRQ",1993,NA
"IRQ",1994,NA
"IRQ",1995,NA
"IRQ",1996,NA
"IRQ",1997,NA
"IRQ",1998,NA
"IRQ",1999,NA
"IRQ",2000,NA
"IRQ",2001,NA
"IRQ",2002,NA
"IRQ",2003,NA
"IRQ",2004,NA
"IRQ",2005,NA
"IRQ",2006,0
"IRQ",2007,NA
"IRQ",2008,NA
"IRQ",2009,NA
"IRQ",2010,NA
"IRQ",2011,NA
"IRQ",2012,0.1
"IRQ",2013,NA
"IRQ",2014,NA
"IRQ",2015,NA
"IRQ",2016,NA
"IRQ",2017,NA
"IRQ",2018,NA
"IRQ",2019,NA
"IRQ",2020,NA
"IRQ",2021,NA
"IRQ",2022,NA
"IRQ",2023,NA
"IRQ",2024,NA
"ISL",1960,NA
"ISL",1961,NA
"ISL",1962,NA
"ISL",1963,NA
"ISL",1964,NA
"ISL",1965,NA
"ISL",1966,NA
"ISL",1967,NA
"ISL",1968,NA
"ISL",1969,NA
"ISL",1970,NA
"ISL",1971,NA
"ISL",1972,NA
"ISL",1973,NA
"ISL",1974,NA
"ISL",1975,NA
"ISL",1976,NA
"ISL",1977,NA
"ISL",1978,NA
"ISL",1979,NA
"ISL",1980,NA
"ISL",1981,NA
"ISL",1982,NA
"ISL",1983,NA
"ISL",1984,NA
"ISL",1985,NA
"ISL",1986,NA
"ISL",1987,NA
"ISL",1988,NA
"ISL",1989,NA
"ISL",1990,NA
"ISL",1991,NA
"ISL",1992,NA
"ISL",1993,NA
"ISL",1994,NA
"ISL",1995,NA
"ISL",1996,NA
"ISL",1997,NA
"ISL",1998,NA
"ISL",1999,NA
"ISL",2000,NA
"ISL",2001,NA
"ISL",2002,NA
"ISL",2003,0
"ISL",2004,0.2
"ISL",2005,0
"ISL",2006,0.1
"ISL",2007,0.1
"ISL",2008,0.1
"ISL",2009,0.1
"ISL",2010,0.1
"ISL",2011,0.1
"ISL",2012,0
"ISL",2013,0
"ISL",2014,0
"ISL",2015,0
"ISL",2016,0
"ISL",2017,0
"ISL",2018,NA
"ISL",2019,NA
"ISL",2020,NA
"ISL",2021,NA
"ISL",2022,NA
"ISL",2023,NA
"ISL",2024,NA
"ISR",1960,NA
"ISR",1961,NA
"ISR",1962,NA
"ISR",1963,NA
"ISR",1964,NA
"ISR",1965,NA
"ISR",1966,NA
"ISR",1967,NA
"ISR",1968,NA
"ISR",1969,NA
"ISR",1970,NA
"ISR",1971,NA
"ISR",1972,NA
"ISR",1973,NA
"ISR",1974,NA
"ISR",1975,NA
"ISR",1976,NA
"ISR",1977,NA
"ISR",1978,NA
"ISR",1979,0
"ISR",1980,NA
"ISR",1981,NA
"ISR",1982,NA
"ISR",1983,NA
"ISR",1984,NA
"ISR",1985,NA
"ISR",1986,0.2
"ISR",1987,NA
"ISR",1988,NA
"ISR",1989,NA
"ISR",1990,NA
"ISR",1991,NA
"ISR",1992,0.2
"ISR",1993,NA
"ISR",1994,NA
"ISR",1995,NA
"ISR",1996,NA
"ISR",1997,0.2
"ISR",1998,NA
"ISR",1999,NA
"ISR",2000,NA
"ISR",2001,0.2
"ISR",2002,0.5
"ISR",2003,0.5
"ISR",2004,0.5
"ISR",2005,0.5
"ISR",2006,0.2
"ISR",2007,0.5
"ISR",2008,0.5
"ISR",2009,0.5
"ISR",2010,0.5
"ISR",2011,0.2
"ISR",2012,0.5
"ISR",2013,0.5
"ISR",2014,0.5
"ISR",2015,0.5
"ISR",2016,0.2
"ISR",2017,0.5
"ISR",2018,0.5
"ISR",2019,0.7
"ISR",2020,0.4
"ISR",2021,0.2
"ISR",2022,NA
"ISR",2023,NA
"ISR",2024,NA
"ITA",1960,NA
"ITA",1961,NA
"ITA",1962,NA
"ITA",1963,NA
"ITA",1964,NA
"ITA",1965,NA
"ITA",1966,NA
"ITA",1967,NA
"ITA",1968,NA
"ITA",1969,NA
"ITA",1970,NA
"ITA",1971,NA
"ITA",1972,NA
"ITA",1973,NA
"ITA",1974,NA
"ITA",1975,NA
"ITA",1976,NA
"ITA",1977,0.2
"ITA",1978,0.5
"ITA",1979,0.5
"ITA",1980,0.2
"ITA",1981,0
"ITA",1982,0
"ITA",1983,0.2
"ITA",1984,0
"ITA",1985,NA
"ITA",1986,0.2
"ITA",1987,1
"ITA",1988,NA
"ITA",1989,0
"ITA",1990,NA
"ITA",1991,0.2
"ITA",1992,NA
"ITA",1993,1.2
"ITA",1994,NA
"ITA",1995,0.7
"ITA",1996,NA
"ITA",1997,NA
"ITA",1998,1.7
"ITA",1999,NA
"ITA",2000,1.2
"ITA",2001,NA
"ITA",2002,1.5
"ITA",2003,0.8
"ITA",2004,0.6
"ITA",2005,0.6
"ITA",2006,0.7
"ITA",2007,0.7
"ITA",2008,0.7
"ITA",2009,0.9
"ITA",2010,1.3
"ITA",2011,1.2
"ITA",2012,1.2
"ITA",2013,1.4
"ITA",2014,1.2
"ITA",2015,1.9
"ITA",2016,1.6
"ITA",2017,1.4
"ITA",2018,1.5
"ITA",2019,1
"ITA",2020,0.8
"ITA",2021,0.8
"ITA",2022,NA
"ITA",2023,NA
"ITA",2024,NA
"JAM",1960,NA
"JAM",1961,NA
"JAM",1962,NA
"JAM",1963,NA
"JAM",1964,NA
"JAM",1965,NA
"JAM",1966,NA
"JAM",1967,NA
"JAM",1968,NA
"JAM",1969,NA
"JAM",1970,NA
"JAM",1971,NA
"JAM",1972,NA
"JAM",1973,NA
"JAM",1974,NA
"JAM",1975,NA
"JAM",1976,NA
"JAM",1977,NA
"JAM",1978,NA
"JAM",1979,NA
"JAM",1980,NA
"JAM",1981,NA
"JAM",1982,NA
"JAM",1983,NA
"JAM",1984,NA
"JAM",1985,NA
"JAM",1986,NA
"JAM",1987,NA
"JAM",1988,4.6
"JAM",1989,NA
"JAM",1990,2.9
"JAM",1991,NA
"JAM",1992,NA
"JAM",1993,8.1
"JAM",1994,NA
"JAM",1995,NA
"JAM",1996,2.6
"JAM",1997,NA
"JAM",1998,NA
"JAM",1999,2.3
"JAM",2000,NA
"JAM",2001,NA
"JAM",2002,2.1
"JAM",2003,NA
"JAM",2004,1.2
"JAM",2005,NA
"JAM",2006,NA
"JAM",2007,NA
"JAM",2008,NA
"JAM",2009,NA
"JAM",2010,NA
"JAM",2011,NA
"JAM",2012,NA
"JAM",2013,NA
"JAM",2014,NA
"JAM",2015,NA
"JAM",2016,NA
"JAM",2017,NA
"JAM",2018,0.1
"JAM",2019,NA
"JAM",2020,NA
"JAM",2021,0.3
"JAM",2022,NA
"JAM",2023,NA
"JAM",2024,NA
"JOR",1960,NA
"JOR",1961,NA
"JOR",1962,NA
"JOR",1963,NA
"JOR",1964,NA
"JOR",1965,NA
"JOR",1966,NA
"JOR",1967,NA
"JOR",1968,NA
"JOR",1969,NA
"JOR",1970,NA
"JOR",1971,NA
"JOR",1972,NA
"JOR",1973,NA
"JOR",1974,NA
"JOR",1975,NA
"JOR",1976,NA
"JOR",1977,NA
"JOR",1978,NA
"JOR",1979,NA
"JOR",1980,NA
"JOR",1981,NA
"JOR",1982,NA
"JOR",1983,NA
"JOR",1984,NA
"JOR",1985,NA
"JOR",1986,0
"JOR",1987,NA
"JOR",1988,NA
"JOR",1989,NA
"JOR",1990,NA
"JOR",1991,NA
"JOR",1992,0
"JOR",1993,NA
"JOR",1994,NA
"JOR",1995,NA
"JOR",1996,NA
"JOR",1997,0
"JOR",1998,NA
"JOR",1999,NA
"JOR",2000,NA
"JOR",2001,NA
"JOR",2002,0.2
"JOR",2003,NA
"JOR",2004,NA
"JOR",2005,NA
"JOR",2006,0.1
"JOR",2007,NA
"JOR",2008,0
"JOR",2009,NA
"JOR",2010,0
"JOR",2011,NA
"JOR",2012,NA
"JOR",2013,NA
"JOR",2014,NA
"JOR",2015,NA
"JOR",2016,NA
"JOR",2017,NA
"JOR",2018,NA
"JOR",2019,NA
"JOR",2020,NA
"JOR",2021,NA
"JOR",2022,NA
"JOR",2023,NA
"JOR",2024,NA
"JPN",1960,NA
"JPN",1961,NA
"JPN",1962,NA
"JPN",1963,NA
"JPN",1964,NA
"JPN",1965,NA
"JPN",1966,NA
"JPN",1967,NA
"JPN",1968,NA
"JPN",1969,NA
"JPN",1970,NA
"JPN",1971,NA
"JPN",1972,NA
"JPN",1973,NA
"JPN",1974,NA
"JPN",1975,NA
"JPN",1976,NA
"JPN",1977,NA
"JPN",1978,NA
"JPN",1979,NA
"JPN",1980,NA
"JPN",1981,NA
"JPN",1982,NA
"JPN",1983,NA
"JPN",1984,NA
"JPN",1985,NA
"JPN",1986,NA
"JPN",1987,NA
"JPN",1988,NA
"JPN",1989,NA
"JPN",1990,NA
"JPN",1991,NA
"JPN",1992,NA
"JPN",1993,NA
"JPN",1994,NA
"JPN",1995,NA
"JPN",1996,NA
"JPN",1997,NA
"JPN",1998,NA
"JPN",1999,NA
"JPN",2000,NA
"JPN",2001,NA
"JPN",2002,NA
"JPN",2003,NA
"JPN",2004,NA
"JPN",2005,NA
"JPN",2006,NA
"JPN",2007,NA
"JPN",2008,0.5
"JPN",2009,NA
"JPN",2010,0
"JPN",2011,NA
"JPN",2012,NA
"JPN",2013,0.7
"JPN",2014,NA
"JPN",2015,NA
"JPN",2016,NA
"JPN",2017,NA
"JPN",2018,NA
"JPN",2019,NA
"JPN",2020,NA
"JPN",2021,NA
"JPN",2022,NA
"JPN",2023,NA
"JPN",2024,NA
"KAZ",1960,NA
"KAZ",1961,NA
"KAZ",1962,NA
"KAZ",1963,NA
"KAZ",1964,NA
"KAZ",1965,NA
"KAZ",1966,NA
"KAZ",1967,NA
"KAZ",1968,NA
"KAZ",1969,NA
"KAZ",1970,NA
"KAZ",1971,NA
"KAZ",1972,NA
"KAZ",1973,NA
"KAZ",1974,NA
"KAZ",1975,NA
"KAZ",1976,NA
"KAZ",1977,NA
"KAZ",1978,NA
"KAZ",1979,NA
"KAZ",1980,NA
"KAZ",1981,NA
"KAZ",1982,NA
"KAZ",1983,NA
"KAZ",1984,NA
"KAZ",1985,NA
"KAZ",1986,NA
"KAZ",1987,NA
"KAZ",1988,NA
"KAZ",1989,NA
"KAZ",1990,NA
"KAZ",1991,NA
"KAZ",1992,NA
"KAZ",1993,NA
"KAZ",1994,NA
"KAZ",1995,NA
"KAZ",1996,7.9
"KAZ",1997,NA
"KAZ",1998,NA
"KAZ",1999,NA
"KAZ",2000,NA
"KAZ",2001,12.8
"KAZ",2002,8.9
"KAZ",2003,6.2
"KAZ",2004,3.3
"KAZ",2005,8.7
"KAZ",2006,1
"KAZ",2007,0.4
"KAZ",2008,0.2
"KAZ",2009,0.2
"KAZ",2010,0.2
"KAZ",2011,0.1
"KAZ",2012,0
"KAZ",2013,0
"KAZ",2014,0
"KAZ",2015,0
"KAZ",2016,0.1
"KAZ",2017,0
"KAZ",2018,0
"KAZ",2019,0
"KAZ",2020,0
"KAZ",2021,0
"KAZ",2022,NA
"KAZ",2023,NA
"KAZ",2024,NA
"KEN",1960,NA
"KEN",1961,NA
"KEN",1962,NA
"KEN",1963,NA
"KEN",1964,NA
"KEN",1965,NA
"KEN",1966,NA
"KEN",1967,NA
"KEN",1968,NA
"KEN",1969,NA
"KEN",1970,NA
"KEN",1971,NA
"KEN",1972,NA
"KEN",1973,NA
"KEN",1974,NA
"KEN",1975,NA
"KEN",1976,NA
"KEN",1977,NA
"KEN",1978,NA
"KEN",1979,NA
"KEN",1980,NA
"KEN",1981,NA
"KEN",1982,NA
"KEN",1983,NA
"KEN",1984,NA
"KEN",1985,NA
"KEN",1986,NA
"KEN",1987,NA
"KEN",1988,NA
"KEN",1989,NA
"KEN",1990,NA
"KEN",1991,NA
"KEN",1992,26.4
"KEN",1993,NA
"KEN",1994,25.9
"KEN",1995,NA
"KEN",1996,NA
"KEN",1997,25.4
"KEN",1998,NA
"KEN",1999,NA
"KEN",2000,NA
"KEN",2001,NA
"KEN",2002,NA
"KEN",2003,NA
"KEN",2004,NA
"KEN",2005,36.7
"KEN",2006,NA
"KEN",2007,NA
"KEN",2008,NA
"KEN",2009,NA
"KEN",2010,NA
"KEN",2011,NA
"KEN",2012,NA
"KEN",2013,NA
"KEN",2014,NA
"KEN",2015,29.4
"KEN",2016,NA
"KEN",2017,NA
"KEN",2018,NA
"KEN",2019,NA
"KEN",2020,35
"KEN",2021,36.1
"KEN",2022,NA
"KEN",2023,NA
"KEN",2024,NA
"KGZ",1960,NA
"KGZ",1961,NA
"KGZ",1962,NA
"KGZ",1963,NA
"KGZ",1964,NA
"KGZ",1965,NA
"KGZ",1966,NA
"KGZ",1967,NA
"KGZ",1968,NA
"KGZ",1969,NA
"KGZ",1970,NA
"KGZ",1971,NA
"KGZ",1972,NA
"KGZ",1973,NA
"KGZ",1974,NA
"KGZ",1975,NA
"KGZ",1976,NA
"KGZ",1977,NA
"KGZ",1978,NA
"KGZ",1979,NA
"KGZ",1980,NA
"KGZ",1981,NA
"KGZ",1982,NA
"KGZ",1983,NA
"KGZ",1984,NA
"KGZ",1985,NA
"KGZ",1986,NA
"KGZ",1987,NA
"KGZ",1988,NA
"KGZ",1989,NA
"KGZ",1990,NA
"KGZ",1991,NA
"KGZ",1992,NA
"KGZ",1993,NA
"KGZ",1994,NA
"KGZ",1995,NA
"KGZ",1996,NA
"KGZ",1997,NA
"KGZ",1998,NA
"KGZ",1999,NA
"KGZ",2000,38.2
"KGZ",2001,33.4
"KGZ",2002,31.1
"KGZ",2003,25.7
"KGZ",2004,11.6
"KGZ",2005,13.6
"KGZ",2006,8.4
"KGZ",2007,8.8
"KGZ",2008,3.3
"KGZ",2009,1.5
"KGZ",2010,3.5
"KGZ",2011,1.3
"KGZ",2012,2.6
"KGZ",2013,2.6
"KGZ",2014,1
"KGZ",2015,2.2
"KGZ",2016,1.1
"KGZ",2017,1.3
"KGZ",2018,0.7
"KGZ",2019,0.7
"KGZ",2020,1.3
"KGZ",2021,0.7
"KGZ",2022,0.3
"KGZ",2023,NA
"KGZ",2024,NA
"KHM",1960,NA
"KHM",1961,NA
"KHM",1962,NA
"KHM",1963,NA
"KHM",1964,NA
"KHM",1965,NA
"KHM",1966,NA
"KHM",1967,NA
"KHM",1968,NA
"KHM",1969,NA
"KHM",1970,NA
"KHM",1971,NA
"KHM",1972,NA
"KHM",1973,NA
"KHM",1974,NA
"KHM",1975,NA
"KHM",1976,NA
"KHM",1977,NA
"KHM",1978,NA
"KHM",1979,NA
"KHM",1980,NA
"KHM",1981,NA
"KHM",1982,NA
"KHM",1983,NA
"KHM",1984,NA
"KHM",1985,NA
"KHM",1986,NA
"KHM",1987,NA
"KHM",1988,NA
"KHM",1989,NA
"KHM",1990,NA
"KHM",1991,NA
"KHM",1992,NA
"KHM",1993,NA
"KHM",1994,NA
"KHM",1995,NA
"KHM",1996,NA
"KHM",1997,NA
"KHM",1998,NA
"KHM",1999,NA
"KHM",2000,NA
"KHM",2001,NA
"KHM",2002,NA
"KHM",2003,NA
"KHM",2004,NA
"KHM",2005,NA
"KHM",2006,NA
"KHM",2007,NA
"KHM",2008,NA
"KHM",2009,NA
"KHM",2010,NA
"KHM",2011,NA
"KHM",2012,NA
"KHM",2013,NA
"KHM",2014,NA
"KHM",2015,NA
"KHM",2016,NA
"KHM",2017,NA
"KHM",2018,NA
"KHM",2019,NA
"KHM",2020,NA
"KHM",2021,NA
"KHM",2022,NA
"KHM",2023,NA
"KHM",2024,NA
"KIR",1960,NA
"KIR",1961,NA
"KIR",1962,NA
"KIR",1963,NA
"KIR",1964,NA
"KIR",1965,NA
"KIR",1966,NA
"KIR",1967,NA
"KIR",1968,NA
"KIR",1969,NA
"KIR",1970,NA
"KIR",1971,NA
"KIR",1972,NA
"KIR",1973,NA
"KIR",1974,NA
"KIR",1975,NA
"KIR",1976,NA
"KIR",1977,NA
"KIR",1978,NA
"KIR",1979,NA
"KIR",1980,NA
"KIR",1981,NA
"KIR",1982,NA
"KIR",1983,NA
"KIR",1984,NA
"KIR",1985,NA
"KIR",1986,NA
"KIR",1987,NA
"KIR",1988,NA
"KIR",1989,NA
"KIR",1990,NA
"KIR",1991,NA
"KIR",1992,NA
"KIR",1993,NA
"KIR",1994,NA
"KIR",1995,NA
"KIR",1996,NA
"KIR",1997,NA
"KIR",1998,NA
"KIR",1999,NA
"KIR",2000,NA
"KIR",2001,NA
"KIR",2002,NA
"KIR",2003,NA
"KIR",2004,NA
"KIR",2005,NA
"KIR",2006,14
"KIR",2007,NA
"KIR",2008,NA
"KIR",2009,NA
"KIR",2010,NA
"KIR",2011,NA
"KIR",2012,NA
"KIR",2013,NA
"KIR",2014,NA
"KIR",2015,NA
"KIR",2016,NA
"KIR",2017,NA
"KIR",2018,NA
"KIR",2019,1.7
"KIR",2020,NA
"KIR",2021,NA
"KIR",2022,NA
"KIR",2023,NA
"KIR",2024,NA
"KNA",1960,NA
"KNA",1961,NA
"KNA",1962,NA
"KNA",1963,NA
"KNA",1964,NA
"KNA",1965,NA
"KNA",1966,NA
"KNA",1967,NA
"KNA",1968,NA
"KNA",1969,NA
"KNA",1970,NA
"KNA",1971,NA
"KNA",1972,NA
"KNA",1973,NA
"KNA",1974,NA
"KNA",1975,NA
"KNA",1976,NA
"KNA",1977,NA
"KNA",1978,NA
"KNA",1979,NA
"KNA",1980,NA
"KNA",1981,NA
"KNA",1982,NA
"KNA",1983,NA
"KNA",1984,NA
"KNA",1985,NA
"KNA",1986,NA
"KNA",1987,NA
"KNA",1988,NA
"KNA",1989,NA
"KNA",1990,NA
"KNA",1991,NA
"KNA",1992,NA
"KNA",1993,NA
"KNA",1994,NA
"KNA",1995,NA
"KNA",1996,NA
"KNA",1997,NA
"KNA",1998,NA
"KNA",1999,NA
"KNA",2000,NA
"KNA",2001,NA
"KNA",2002,NA
"KNA",2003,NA
"KNA",2004,NA
"KNA",2005,NA
"KNA",2006,NA
"KNA",2007,NA
"KNA",2008,NA
"KNA",2009,NA
"KNA",2010,NA
"KNA",2011,NA
"KNA",2012,NA
"KNA",2013,NA
"KNA",2014,NA
"KNA",2015,NA
"KNA",2016,NA
"KNA",2017,NA
"KNA",2018,NA
"KNA",2019,NA
"KNA",2020,NA
"KNA",2021,NA
"KNA",2022,NA
"KNA",2023,NA
"KNA",2024,NA
"KOR",1960,NA
"KOR",1961,NA
"KOR",1962,NA
"KOR",1963,NA
"KOR",1964,NA
"KOR",1965,NA
"KOR",1966,NA
"KOR",1967,NA
"KOR",1968,NA
"KOR",1969,NA
"KOR",1970,NA
"KOR",1971,NA
"KOR",1972,NA
"KOR",1973,NA
"KOR",1974,NA
"KOR",1975,NA
"KOR",1976,NA
"KOR",1977,NA
"KOR",1978,NA
"KOR",1979,NA
"KOR",1980,NA
"KOR",1981,NA
"KOR",1982,NA
"KOR",1983,NA
"KOR",1984,NA
"KOR",1985,NA
"KOR",1986,NA
"KOR",1987,NA
"KOR",1988,NA
"KOR",1989,NA
"KOR",1990,NA
"KOR",1991,NA
"KOR",1992,NA
"KOR",1993,NA
"KOR",1994,NA
"KOR",1995,NA
"KOR",1996,NA
"KOR",1997,NA
"KOR",1998,NA
"KOR",1999,NA
"KOR",2000,NA
"KOR",2001,NA
"KOR",2002,NA
"KOR",2003,NA
"KOR",2004,NA
"KOR",2005,NA
"KOR",2006,0.2
"KOR",2007,NA
"KOR",2008,0.2
"KOR",2009,NA
"KOR",2010,0.5
"KOR",2011,NA
"KOR",2012,0.2
"KOR",2013,NA
"KOR",2014,0.2
"KOR",2015,NA
"KOR",2016,0.2
"KOR",2017,0.2
"KOR",2018,0.2
"KOR",2019,0
"KOR",2020,0
"KOR",2021,0
"KOR",2022,NA
"KOR",2023,NA
"KOR",2024,NA
"KWT",1960,NA
"KWT",1961,NA
"KWT",1962,NA
"KWT",1963,NA
"KWT",1964,NA
"KWT",1965,NA
"KWT",1966,NA
"KWT",1967,NA
"KWT",1968,NA
"KWT",1969,NA
"KWT",1970,NA
"KWT",1971,NA
"KWT",1972,NA
"KWT",1973,NA
"KWT",1974,NA
"KWT",1975,NA
"KWT",1976,NA
"KWT",1977,NA
"KWT",1978,NA
"KWT",1979,NA
"KWT",1980,NA
"KWT",1981,NA
"KWT",1982,NA
"KWT",1983,NA
"KWT",1984,NA
"KWT",1985,NA
"KWT",1986,NA
"KWT",1987,NA
"KWT",1988,NA
"KWT",1989,NA
"KWT",1990,NA
"KWT",1991,NA
"KWT",1992,NA
"KWT",1993,NA
"KWT",1994,NA
"KWT",1995,NA
"KWT",1996,NA
"KWT",1997,NA
"KWT",1998,NA
"KWT",1999,NA
"KWT",2000,NA
"KWT",2001,NA
"KWT",2002,NA
"KWT",2003,NA
"KWT",2004,NA
"KWT",2005,NA
"KWT",2006,NA
"KWT",2007,NA
"KWT",2008,NA
"KWT",2009,NA
"KWT",2010,NA
"KWT",2011,NA
"KWT",2012,NA
"KWT",2013,NA
"KWT",2014,NA
"KWT",2015,NA
"KWT",2016,NA
"KWT",2017,NA
"KWT",2018,NA
"KWT",2019,NA
"KWT",2020,NA
"KWT",2021,NA
"KWT",2022,NA
"KWT",2023,NA
"KWT",2024,NA
"LAC",1960,NA
"LAC",1961,NA
"LAC",1962,NA
"LAC",1963,NA
"LAC",1964,NA
"LAC",1965,NA
"LAC",1966,NA
"LAC",1967,NA
"LAC",1968,NA
"LAC",1969,NA
"LAC",1970,NA
"LAC",1971,NA
"LAC",1972,NA
"LAC",1973,NA
"LAC",1974,NA
"LAC",1975,NA
"LAC",1976,NA
"LAC",1977,NA
"LAC",1978,NA
"LAC",1979,NA
"LAC",1980,NA
"LAC",1981,NA
"LAC",1982,NA
"LAC",1983,NA
"LAC",1984,NA
"LAC",1985,NA
"LAC",1986,NA
"LAC",1987,NA
"LAC",1988,NA
"LAC",1989,NA
"LAC",1990,NA
"LAC",1991,NA
"LAC",1992,NA
"LAC",1993,NA
"LAC",1994,NA
"LAC",1995,NA
"LAC",1996,NA
"LAC",1997,NA
"LAC",1998,NA
"LAC",1999,NA
"LAC",2000,NA
"LAC",2001,NA
"LAC",2002,NA
"LAC",2003,NA
"LAC",2004,NA
"LAC",2005,NA
"LAC",2006,NA
"LAC",2007,NA
"LAC",2008,NA
"LAC",2009,NA
"LAC",2010,NA
"LAC",2011,NA
"LAC",2012,NA
"LAC",2013,NA
"LAC",2014,NA
"LAC",2015,NA
"LAC",2016,NA
"LAC",2017,NA
"LAC",2018,NA
"LAC",2019,NA
"LAC",2020,NA
"LAC",2021,NA
"LAC",2022,NA
"LAC",2023,NA
"LAC",2024,NA
"LAO",1960,NA
"LAO",1961,NA
"LAO",1962,NA
"LAO",1963,NA
"LAO",1964,NA
"LAO",1965,NA
"LAO",1966,NA
"LAO",1967,NA
"LAO",1968,NA
"LAO",1969,NA
"LAO",1970,NA
"LAO",1971,NA
"LAO",1972,NA
"LAO",1973,NA
"LAO",1974,NA
"LAO",1975,NA
"LAO",1976,NA
"LAO",1977,NA
"LAO",1978,NA
"LAO",1979,NA
"LAO",1980,NA
"LAO",1981,NA
"LAO",1982,NA
"LAO",1983,NA
"LAO",1984,NA
"LAO",1985,NA
"LAO",1986,NA
"LAO",1987,NA
"LAO",1988,NA
"LAO",1989,NA
"LAO",1990,NA
"LAO",1991,NA
"LAO",1992,23.7
"LAO",1993,NA
"LAO",1994,NA
"LAO",1995,NA
"LAO",1996,NA
"LAO",1997,43.2
"LAO",1998,NA
"LAO",1999,NA
"LAO",2000,NA
"LAO",2001,NA
"LAO",2002,25.4
"LAO",2003,NA
"LAO",2004,NA
"LAO",2005,NA
"LAO",2006,NA
"LAO",2007,19.5
"LAO",2008,NA
"LAO",2009,NA
"LAO",2010,NA
"LAO",2011,NA
"LAO",2012,10.9
"LAO",2013,NA
"LAO",2014,NA
"LAO",2015,NA
"LAO",2016,NA
"LAO",2017,NA
"LAO",2018,7.1
"LAO",2019,NA
"LAO",2020,NA
"LAO",2021,NA
"LAO",2022,NA
"LAO",2023,NA
"LAO",2024,NA
"LBN",1960,NA
"LBN",1961,NA
"LBN",1962,NA
"LBN",1963,NA
"LBN",1964,NA
"LBN",1965,NA
"LBN",1966,NA
"LBN",1967,NA
"LBN",1968,NA
"LBN",1969,NA
"LBN",1970,NA
"LBN",1971,NA
"LBN",1972,NA
"LBN",1973,NA
"LBN",1974,NA
"LBN",1975,NA
"LBN",1976,NA
"LBN",1977,NA
"LBN",1978,NA
"LBN",1979,NA
"LBN",1980,NA
"LBN",1981,NA
"LBN",1982,NA
"LBN",1983,NA
"LBN",1984,NA
"LBN",1985,NA
"LBN",1986,NA
"LBN",1987,NA
"LBN",1988,NA
"LBN",1989,NA
"LBN",1990,NA
"LBN",1991,NA
"LBN",1992,NA
"LBN",1993,NA
"LBN",1994,NA
"LBN",1995,NA
"LBN",1996,NA
"LBN",1997,NA
"LBN",1998,NA
"LBN",1999,NA
"LBN",2000,NA
"LBN",2001,NA
"LBN",2002,NA
"LBN",2003,NA
"LBN",2004,NA
"LBN",2005,NA
"LBN",2006,NA
"LBN",2007,NA
"LBN",2008,NA
"LBN",2009,NA
"LBN",2010,NA
"LBN",2011,0
"LBN",2012,NA
"LBN",2013,NA
"LBN",2014,NA
"LBN",2015,NA
"LBN",2016,NA
"LBN",2017,NA
"LBN",2018,NA
"LBN",2019,NA
"LBN",2020,NA
"LBN",2021,NA
"LBN",2022,NA
"LBN",2023,NA
"LBN",2024,NA
"LBR",1960,NA
"LBR",1961,NA
"LBR",1962,NA
"LBR",1963,NA
"LBR",1964,NA
"LBR",1965,NA
"LBR",1966,NA
"LBR",1967,NA
"LBR",1968,NA
"LBR",1969,NA
"LBR",1970,NA
"LBR",1971,NA
"LBR",1972,NA
"LBR",1973,NA
"LBR",1974,NA
"LBR",1975,NA
"LBR",1976,NA
"LBR",1977,NA
"LBR",1978,NA
"LBR",1979,NA
"LBR",1980,NA
"LBR",1981,NA
"LBR",1982,NA
"LBR",1983,NA
"LBR",1984,NA
"LBR",1985,NA
"LBR",1986,NA
"LBR",1987,NA
"LBR",1988,NA
"LBR",1989,NA
"LBR",1990,NA
"LBR",1991,NA
"LBR",1992,NA
"LBR",1993,NA
"LBR",1994,NA
"LBR",1995,NA
"LBR",1996,NA
"LBR",1997,NA
"LBR",1998,NA
"LBR",1999,NA
"LBR",2000,NA
"LBR",2001,NA
"LBR",2002,NA
"LBR",2003,NA
"LBR",2004,NA
"LBR",2005,NA
"LBR",2006,NA
"LBR",2007,53.3
"LBR",2008,NA
"LBR",2009,NA
"LBR",2010,NA
"LBR",2011,NA
"LBR",2012,NA
"LBR",2013,NA
"LBR",2014,25.9
"LBR",2015,NA
"LBR",2016,27.6
"LBR",2017,NA
"LBR",2018,NA
"LBR",2019,NA
"LBR",2020,NA
"LBR",2021,NA
"LBR",2022,NA
"LBR",2023,NA
"LBR",2024,NA
"LBY",1960,NA
"LBY",1961,NA
"LBY",1962,NA
"LBY",1963,NA
"LBY",1964,NA
"LBY",1965,NA
"LBY",1966,NA
"LBY",1967,NA
"LBY",1968,NA
"LBY",1969,NA
"LBY",1970,NA
"LBY",1971,NA
"LBY",1972,NA
"LBY",1973,NA
"LBY",1974,NA
"LBY",1975,NA
"LBY",1976,NA
"LBY",1977,NA
"LBY",1978,NA
"LBY",1979,NA
"LBY",1980,NA
"LBY",1981,NA
"LBY",1982,NA
"LBY",1983,NA
"LBY",1984,NA
"LBY",1985,NA
"LBY",1986,NA
"LBY",1987,NA
"LBY",1988,NA
"LBY",1989,NA
"LBY",1990,NA
"LBY",1991,NA
"LBY",1992,NA
"LBY",1993,NA
"LBY",1994,NA
"LBY",1995,NA
"LBY",1996,NA
"LBY",1997,NA
"LBY",1998,NA
"LBY",1999,NA
"LBY",2000,NA
"LBY",2001,NA
"LBY",2002,NA
"LBY",2003,NA
"LBY",2004,NA
"LBY",2005,NA
"LBY",2006,NA
"LBY",2007,NA
"LBY",2008,NA
"LBY",2009,NA
"LBY",2010,NA
"LBY",2011,NA
"LBY",2012,NA
"LBY",2013,NA
"LBY",2014,NA
"LBY",2015,NA
"LBY",2016,NA
"LBY",2017,NA
"LBY",2018,NA
"LBY",2019,NA
"LBY",2020,NA
"LBY",2021,NA
"LBY",2022,NA
"LBY",2023,NA
"LBY",2024,NA
"LCA",1960,NA
"LCA",1961,NA
"LCA",1962,NA
"LCA",1963,NA
"LCA",1964,NA
"LCA",1965,NA
"LCA",1966,NA
"LCA",1967,NA
"LCA",1968,NA
"LCA",1969,NA
"LCA",1970,NA
"LCA",1971,NA
"LCA",1972,NA
"LCA",1973,NA
"LCA",1974,NA
"LCA",1975,NA
"LCA",1976,NA
"LCA",1977,NA
"LCA",1978,NA
"LCA",1979,NA
"LCA",1980,NA
"LCA",1981,NA
"LCA",1982,NA
"LCA",1983,NA
"LCA",1984,NA
"LCA",1985,NA
"LCA",1986,NA
"LCA",1987,NA
"LCA",1988,NA
"LCA",1989,NA
"LCA",1990,NA
"LCA",1991,NA
"LCA",1992,NA
"LCA",1993,NA
"LCA",1994,NA
"LCA",1995,NA
"LCA",1996,NA
"LCA",1997,NA
"LCA",1998,NA
"LCA",1999,NA
"LCA",2000,NA
"LCA",2001,NA
"LCA",2002,NA
"LCA",2003,NA
"LCA",2004,NA
"LCA",2005,NA
"LCA",2006,NA
"LCA",2007,NA
"LCA",2008,NA
"LCA",2009,NA
"LCA",2010,NA
"LCA",2011,NA
"LCA",2012,NA
"LCA",2013,NA
"LCA",2014,NA
"LCA",2015,0.1
"LCA",2016,NA
"LCA",2017,NA
"LCA",2018,NA
"LCA",2019,NA
"LCA",2020,NA
"LCA",2021,NA
"LCA",2022,NA
"LCA",2023,NA
"LCA",2024,NA
"LCN",1960,NA
"LCN",1961,NA
"LCN",1962,NA
"LCN",1963,NA
"LCN",1964,NA
"LCN",1965,NA
"LCN",1966,NA
"LCN",1967,NA
"LCN",1968,NA
"LCN",1969,NA
"LCN",1970,NA
"LCN",1971,NA
"LCN",1972,NA
"LCN",1973,NA
"LCN",1974,NA
"LCN",1975,NA
"LCN",1976,NA
"LCN",1977,NA
"LCN",1978,NA
"LCN",1979,NA
"LCN",1980,NA
"LCN",1981,15.4
"LCN",1982,16.1
"LCN",1983,18.9
"LCN",1984,18.5
"LCN",1985,17.1
"LCN",1986,12.3
"LCN",1987,15
"LCN",1988,15.6
"LCN",1989,15.1
"LCN",1990,16.3
"LCN",1991,15.8
"LCN",1992,15.7
"LCN",1993,15.6
"LCN",1994,14.4
"LCN",1995,14
"LCN",1996,15.3
"LCN",1997,15.1
"LCN",1998,14.9
"LCN",1999,15.1
"LCN",2000,13.8
"LCN",2001,13.5
"LCN",2002,12.6
"LCN",2003,12.3
"LCN",2004,11.3
"LCN",2005,10.7
"LCN",2006,8.9
"LCN",2007,7.7
"LCN",2008,7
"LCN",2009,6.7
"LCN",2010,5.9
"LCN",2011,5.5
"LCN",2012,5.1
"LCN",2013,4.6
"LCN",2014,4.3
"LCN",2015,4.1
"LCN",2016,4.3
"LCN",2017,4.3
"LCN",2018,4.2
"LCN",2019,4.2
"LCN",2020,3.8
"LCN",2021,4.5
"LCN",2022,3.5
"LCN",2023,NA
"LCN",2024,NA
"LDC",1960,NA
"LDC",1961,NA
"LDC",1962,NA
"LDC",1963,NA
"LDC",1964,NA
"LDC",1965,NA
"LDC",1966,NA
"LDC",1967,NA
"LDC",1968,NA
"LDC",1969,NA
"LDC",1970,NA
"LDC",1971,NA
"LDC",1972,NA
"LDC",1973,NA
"LDC",1974,NA
"LDC",1975,NA
"LDC",1976,NA
"LDC",1977,NA
"LDC",1978,NA
"LDC",1979,NA
"LDC",1980,NA
"LDC",1981,NA
"LDC",1982,NA
"LDC",1983,NA
"LDC",1984,NA
"LDC",1985,NA
"LDC",1986,NA
"LDC",1987,NA
"LDC",1988,NA
"LDC",1989,NA
"LDC",1990,NA
"LDC",1991,NA
"LDC",1992,NA
"LDC",1993,NA
"LDC",1994,NA
"LDC",1995,NA
"LDC",1996,NA
"LDC",1997,NA
"LDC",1998,NA
"LDC",1999,NA
"LDC",2000,NA
"LDC",2001,NA
"LDC",2002,NA
"LDC",2003,NA
"LDC",2004,NA
"LDC",2005,NA
"LDC",2006,NA
"LDC",2007,NA
"LDC",2008,NA
"LDC",2009,NA
"LDC",2010,NA
"LDC",2011,NA
"LDC",2012,NA
"LDC",2013,NA
"LDC",2014,NA
"LDC",2015,NA
"LDC",2016,NA
"LDC",2017,NA
"LDC",2018,NA
"LDC",2019,NA
"LDC",2020,NA
"LDC",2021,NA
"LDC",2022,NA
"LDC",2023,NA
"LDC",2024,NA
"LIC",1960,NA
"LIC",1961,NA
"LIC",1962,NA
"LIC",1963,NA
"LIC",1964,NA
"LIC",1965,NA
"LIC",1966,NA
"LIC",1967,NA
"LIC",1968,NA
"LIC",1969,NA
"LIC",1970,NA
"LIC",1971,NA
"LIC",1972,NA
"LIC",1973,NA
"LIC",1974,NA
"LIC",1975,NA
"LIC",1976,NA
"LIC",1977,NA
"LIC",1978,NA
"LIC",1979,NA
"LIC",1980,NA
"LIC",1981,NA
"LIC",1982,NA
"LIC",1983,NA
"LIC",1984,NA
"LIC",1985,NA
"LIC",1986,NA
"LIC",1987,NA
"LIC",1988,NA
"LIC",1989,NA
"LIC",1990,NA
"LIC",1991,NA
"LIC",1992,NA
"LIC",1993,NA
"LIC",1994,NA
"LIC",1995,64.2
"LIC",1996,63.1
"LIC",1997,62.2
"LIC",1998,61.6
"LIC",1999,60.7
"LIC",2000,59.9
"LIC",2001,58.5
"LIC",2002,59.3
"LIC",2003,57.8
"LIC",2004,54.1
"LIC",2005,52.3
"LIC",2006,51.2
"LIC",2007,50.1
"LIC",2008,48.4
"LIC",2009,48.5
"LIC",2010,46.6
"LIC",2011,45.6
"LIC",2012,44.5
"LIC",2013,43.9
"LIC",2014,43.4
"LIC",2015,44.6
"LIC",2016,44.8
"LIC",2017,44.5
"LIC",2018,NA
"LIC",2019,NA
"LIC",2020,NA
"LIC",2021,NA
"LIC",2022,NA
"LIC",2023,NA
"LIC",2024,NA
"LIE",1960,NA
"LIE",1961,NA
"LIE",1962,NA
"LIE",1963,NA
"LIE",1964,NA
"LIE",1965,NA
"LIE",1966,NA
"LIE",1967,NA
"LIE",1968,NA
"LIE",1969,NA
"LIE",1970,NA
"LIE",1971,NA
"LIE",1972,NA
"LIE",1973,NA
"LIE",1974,NA
"LIE",1975,NA
"LIE",1976,NA
"LIE",1977,NA
"LIE",1978,NA
"LIE",1979,NA
"LIE",1980,NA
"LIE",1981,NA
"LIE",1982,NA
"LIE",1983,NA
"LIE",1984,NA
"LIE",1985,NA
"LIE",1986,NA
"LIE",1987,NA
"LIE",1988,NA
"LIE",1989,NA
"LIE",1990,NA
"LIE",1991,NA
"LIE",1992,NA
"LIE",1993,NA
"LIE",1994,NA
"LIE",1995,NA
"LIE",1996,NA
"LIE",1997,NA
"LIE",1998,NA
"LIE",1999,NA
"LIE",2000,NA
"LIE",2001,NA
"LIE",2002,NA
"LIE",2003,NA
"LIE",2004,NA
"LIE",2005,NA
"LIE",2006,NA
"LIE",2007,NA
"LIE",2008,NA
"LIE",2009,NA
"LIE",2010,NA
"LIE",2011,NA
"LIE",2012,NA
"LIE",2013,NA
"LIE",2014,NA
"LIE",2015,NA
"LIE",2016,NA
"LIE",2017,NA
"LIE",2018,NA
"LIE",2019,NA
"LIE",2020,NA
"LIE",2021,NA
"LIE",2022,NA
"LIE",2023,NA
"LIE",2024,NA
"LKA",1960,NA
"LKA",1961,NA
"LKA",1962,NA
"LKA",1963,NA
"LKA",1964,NA
"LKA",1965,NA
"LKA",1966,NA
"LKA",1967,NA
"LKA",1968,NA
"LKA",1969,NA
"LKA",1970,NA
"LKA",1971,NA
"LKA",1972,NA
"LKA",1973,NA
"LKA",1974,NA
"LKA",1975,NA
"LKA",1976,NA
"LKA",1977,NA
"LKA",1978,NA
"LKA",1979,NA
"LKA",1980,NA
"LKA",1981,NA
"LKA",1982,NA
"LKA",1983,NA
"LKA",1984,NA
"LKA",1985,17.2
"LKA",1986,NA
"LKA",1987,NA
"LKA",1988,NA
"LKA",1989,NA
"LKA",1990,11.6
"LKA",1991,NA
"LKA",1992,NA
"LKA",1993,NA
"LKA",1994,NA
"LKA",1995,11.8
"LKA",1996,NA
"LKA",1997,NA
"LKA",1998,NA
"LKA",1999,NA
"LKA",2000,NA
"LKA",2001,NA
"LKA",2002,11
"LKA",2003,NA
"LKA",2004,NA
"LKA",2005,NA
"LKA",2006,5.6
"LKA",2007,NA
"LKA",2008,NA
"LKA",2009,3.5
"LKA",2010,NA
"LKA",2011,NA
"LKA",2012,2.6
"LKA",2013,NA
"LKA",2014,NA
"LKA",2015,NA
"LKA",2016,1.3
"LKA",2017,NA
"LKA",2018,NA
"LKA",2019,1
"LKA",2020,NA
"LKA",2021,NA
"LKA",2022,NA
"LKA",2023,NA
"LKA",2024,NA
"LMC",1960,NA
"LMC",1961,NA
"LMC",1962,NA
"LMC",1963,NA
"LMC",1964,NA
"LMC",1965,NA
"LMC",1966,NA
"LMC",1967,NA
"LMC",1968,NA
"LMC",1969,NA
"LMC",1970,NA
"LMC",1971,NA
"LMC",1972,NA
"LMC",1973,NA
"LMC",1974,NA
"LMC",1975,NA
"LMC",1976,NA
"LMC",1977,NA
"LMC",1978,NA
"LMC",1979,NA
"LMC",1980,NA
"LMC",1981,53.2
"LMC",1982,52.4
"LMC",1983,50.9
"LMC",1984,50.1
"LMC",1985,49.2
"LMC",1986,48.5
"LMC",1987,48.3
"LMC",1988,47.3
"LMC",1989,46.9
"LMC",1990,46.5
"LMC",1991,45.7
"LMC",1992,44.5
"LMC",1993,44.2
"LMC",1994,43
"LMC",1995,42.2
"LMC",1996,40.8
"LMC",1997,NA
"LMC",1998,NA
"LMC",1999,NA
"LMC",2000,NA
"LMC",2001,NA
"LMC",2002,38.5
"LMC",2003,37
"LMC",2004,35.1
"LMC",2005,33.4
"LMC",2006,31.7
"LMC",2007,29.8
"LMC",2008,28.5
"LMC",2009,27
"LMC",2010,23.8
"LMC",2011,21.2
"LMC",2012,19.8
"LMC",2013,19
"LMC",2014,18
"LMC",2015,17.1
"LMC",2016,16.5
"LMC",2017,14.3
"LMC",2018,12.6
"LMC",2019,12.9
"LMC",2020,14.8
"LMC",2021,13.8
"LMC",2022,12.6
"LMC",2023,NA
"LMC",2024,NA
"LMY",1960,NA
"LMY",1961,NA
"LMY",1962,NA
"LMY",1963,NA
"LMY",1964,NA
"LMY",1965,NA
"LMY",1966,NA
"LMY",1967,NA
"LMY",1968,NA
"LMY",1969,NA
"LMY",1970,NA
"LMY",1971,NA
"LMY",1972,NA
"LMY",1973,NA
"LMY",1974,NA
"LMY",1975,NA
"LMY",1976,NA
"LMY",1977,NA
"LMY",1978,NA
"LMY",1979,NA
"LMY",1980,NA
"LMY",1981,58.4
"LMY",1982,57.4
"LMY",1983,56.1
"LMY",1984,54
"LMY",1985,52
"LMY",1986,50
"LMY",1987,48.7
"LMY",1988,46.3
"LMY",1989,49.4
"LMY",1990,48.8
"LMY",1991,48
"LMY",1992,46.9
"LMY",1993,46.1
"LMY",1994,43.4
"LMY",1995,41.2
"LMY",1996,39.2
"LMY",1997,38.9
"LMY",1998,39.2
"LMY",1999,37.9
"LMY",2000,36.7
"LMY",2001,35.5
"LMY",2002,33.5
"LMY",2003,31.4
"LMY",2004,29
"LMY",2005,26.6
"LMY",2006,25.4
"LMY",2007,23.8
"LMY",2008,22.7
"LMY",2009,21.5
"LMY",2010,19.3
"LMY",2011,17.1
"LMY",2012,15.9
"LMY",2013,14.1
"LMY",2014,13.4
"LMY",2015,12.8
"LMY",2016,12.4
"LMY",2017,11.3
"LMY",2018,10.5
"LMY",2019,10.7
"LMY",2020,11.7
"LMY",2021,11.4
"LMY",2022,10.8
"LMY",2023,NA
"LMY",2024,NA
"LSO",1960,NA
"LSO",1961,NA
"LSO",1962,NA
"LSO",1963,NA
"LSO",1964,NA
"LSO",1965,NA
"LSO",1966,NA
"LSO",1967,NA
"LSO",1968,NA
"LSO",1969,NA
"LSO",1970,NA
"LSO",1971,NA
"LSO",1972,NA
"LSO",1973,NA
"LSO",1974,NA
"LSO",1975,NA
"LSO",1976,NA
"LSO",1977,NA
"LSO",1978,NA
"LSO",1979,NA
"LSO",1980,NA
"LSO",1981,NA
"LSO",1982,NA
"LSO",1983,NA
"LSO",1984,NA
"LSO",1985,NA
"LSO",1986,54
"LSO",1987,NA
"LSO",1988,NA
"LSO",1989,NA
"LSO",1990,NA
"LSO",1991,NA
"LSO",1992,NA
"LSO",1993,NA
"LSO",1994,53.7
"LSO",1995,NA
"LSO",1996,NA
"LSO",1997,NA
"LSO",1998,NA
"LSO",1999,NA
"LSO",2000,NA
"LSO",2001,NA
"LSO",2002,66.3
"LSO",2003,NA
"LSO",2004,NA
"LSO",2005,NA
"LSO",2006,NA
"LSO",2007,NA
"LSO",2008,NA
"LSO",2009,NA
"LSO",2010,NA
"LSO",2011,NA
"LSO",2012,NA
"LSO",2013,NA
"LSO",2014,NA
"LSO",2015,NA
"LSO",2016,NA
"LSO",2017,32.4
"LSO",2018,NA
"LSO",2019,NA
"LSO",2020,NA
"LSO",2021,NA
"LSO",2022,NA
"LSO",2023,NA
"LSO",2024,NA
"LTE",1960,NA
"LTE",1961,NA
"LTE",1962,NA
"LTE",1963,NA
"LTE",1964,NA
"LTE",1965,NA
"LTE",1966,NA
"LTE",1967,NA
"LTE",1968,NA
"LTE",1969,NA
"LTE",1970,NA
"LTE",1971,NA
"LTE",1972,NA
"LTE",1973,NA
"LTE",1974,NA
"LTE",1975,NA
"LTE",1976,NA
"LTE",1977,NA
"LTE",1978,NA
"LTE",1979,NA
"LTE",1980,NA
"LTE",1981,NA
"LTE",1982,NA
"LTE",1983,NA
"LTE",1984,NA
"LTE",1985,NA
"LTE",1986,NA
"LTE",1987,NA
"LTE",1988,NA
"LTE",1989,NA
"LTE",1990,NA
"LTE",1991,NA
"LTE",1992,NA
"LTE",1993,NA
"LTE",1994,NA
"LTE",1995,NA
"LTE",1996,NA
"LTE",1997,NA
"LTE",1998,NA
"LTE",1999,NA
"LTE",2000,NA
"LTE",2001,NA
"LTE",2002,NA
"LTE",2003,NA
"LTE",2004,NA
"LTE",2005,NA
"LTE",2006,NA
"LTE",2007,NA
"LTE",2008,NA
"LTE",2009,NA
"LTE",2010,NA
"LTE",2011,NA
"LTE",2012,NA
"LTE",2013,NA
"LTE",2014,NA
"LTE",2015,NA
"LTE",2016,NA
"LTE",2017,NA
"LTE",2018,NA
"LTE",2019,NA
"LTE",2020,NA
"LTE",2021,NA
"LTE",2022,NA
"LTE",2023,NA
"LTE",2024,NA
"LTU",1960,NA
"LTU",1961,NA
"LTU",1962,NA
"LTU",1963,NA
"LTU",1964,NA
"LTU",1965,NA
"LTU",1966,NA
"LTU",1967,NA
"LTU",1968,NA
"LTU",1969,NA
"LTU",1970,NA
"LTU",1971,NA
"LTU",1972,NA
"LTU",1973,NA
"LTU",1974,NA
"LTU",1975,NA
"LTU",1976,NA
"LTU",1977,NA
"LTU",1978,NA
"LTU",1979,NA
"LTU",1980,NA
"LTU",1981,NA
"LTU",1982,NA
"LTU",1983,NA
"LTU",1984,NA
"LTU",1985,NA
"LTU",1986,NA
"LTU",1987,NA
"LTU",1988,NA
"LTU",1989,NA
"LTU",1990,NA
"LTU",1991,NA
"LTU",1992,NA
"LTU",1993,NA
"LTU",1994,NA
"LTU",1995,NA
"LTU",1996,NA
"LTU",1997,NA
"LTU",1998,NA
"LTU",1999,NA
"LTU",2000,NA
"LTU",2001,NA
"LTU",2002,NA
"LTU",2003,NA
"LTU",2004,2.7
"LTU",2005,1.8
"LTU",2006,1.5
"LTU",2007,1.3
"LTU",2008,1.4
"LTU",2009,2.2
"LTU",2010,1.5
"LTU",2011,0.7
"LTU",2012,0.9
"LTU",2013,0.7
"LTU",2014,1.3
"LTU",2015,0.7
"LTU",2016,1.3
"LTU",2017,1
"LTU",2018,0.9
"LTU",2019,0.5
"LTU",2020,0.2
"LTU",2021,0.3
"LTU",2022,NA
"LTU",2023,NA
"LTU",2024,NA
"LUX",1960,NA
"LUX",1961,NA
"LUX",1962,NA
"LUX",1963,NA
"LUX",1964,NA
"LUX",1965,NA
"LUX",1966,NA
"LUX",1967,NA
"LUX",1968,NA
"LUX",1969,NA
"LUX",1970,NA
"LUX",1971,NA
"LUX",1972,NA
"LUX",1973,NA
"LUX",1974,NA
"LUX",1975,NA
"LUX",1976,NA
"LUX",1977,NA
"LUX",1978,NA
"LUX",1979,NA
"LUX",1980,NA
"LUX",1981,NA
"LUX",1982,NA
"LUX",1983,NA
"LUX",1984,NA
"LUX",1985,0
"LUX",1986,0
"LUX",1987,0
"LUX",1988,0
"LUX",1989,0
"LUX",1990,0
"LUX",1991,0
"LUX",1992,0
"LUX",1993,0
"LUX",1994,0
"LUX",1995,0
"LUX",1996,0
"LUX",1997,0
"LUX",1998,0
"LUX",1999,0
"LUX",2000,0
"LUX",2001,0
"LUX",2002,0
"LUX",2003,0.1
"LUX",2004,0
"LUX",2005,0
"LUX",2006,0
"LUX",2007,0
"LUX",2008,0
"LUX",2009,0
"LUX",2010,0
"LUX",2011,0.1
"LUX",2012,0
"LUX",2013,0.1
"LUX",2014,0.1
"LUX",2015,0.3
"LUX",2016,0.1
"LUX",2017,0.3
"LUX",2018,0.3
"LUX",2019,0.1
"LUX",2020,0
"LUX",2021,0.1
"LUX",2022,NA
"LUX",2023,NA
"LUX",2024,NA
"LVA",1960,NA
"LVA",1961,NA
"LVA",1962,NA
"LVA",1963,NA
"LVA",1964,NA
"LVA",1965,NA
"LVA",1966,NA
"LVA",1967,NA
"LVA",1968,NA
"LVA",1969,NA
"LVA",1970,NA
"LVA",1971,NA
"LVA",1972,NA
"LVA",1973,NA
"LVA",1974,NA
"LVA",1975,NA
"LVA",1976,NA
"LVA",1977,NA
"LVA",1978,NA
"LVA",1979,NA
"LVA",1980,NA
"LVA",1981,NA
"LVA",1982,NA
"LVA",1983,NA
"LVA",1984,NA
"LVA",1985,NA
"LVA",1986,NA
"LVA",1987,NA
"LVA",1988,NA
"LVA",1989,NA
"LVA",1990,NA
"LVA",1991,NA
"LVA",1992,NA
"LVA",1993,NA
"LVA",1994,NA
"LVA",1995,NA
"LVA",1996,NA
"LVA",1997,NA
"LVA",1998,NA
"LVA",1999,NA
"LVA",2000,NA
"LVA",2001,NA
"LVA",2002,NA
"LVA",2003,NA
"LVA",2004,2.5
"LVA",2005,2.4
"LVA",2006,1.6
"LVA",2007,0.6
"LVA",2008,1.3
"LVA",2009,1.7
"LVA",2010,1.7
"LVA",2011,1
"LVA",2012,1.1
"LVA",2013,1.2
"LVA",2014,0.8
"LVA",2015,0.7
"LVA",2016,0.6
"LVA",2017,0.8
"LVA",2018,0.4
"LVA",2019,0.2
"LVA",2020,0.5
"LVA",2021,0.4
"LVA",2022,NA
"LVA",2023,NA
"LVA",2024,NA
"MAC",1960,NA
"MAC",1961,NA
"MAC",1962,NA
"MAC",1963,NA
"MAC",1964,NA
"MAC",1965,NA
"MAC",1966,NA
"MAC",1967,NA
"MAC",1968,NA
"MAC",1969,NA
"MAC",1970,NA
"MAC",1971,NA
"MAC",1972,NA
"MAC",1973,NA
"MAC",1974,NA
"MAC",1975,NA
"MAC",1976,NA
"MAC",1977,NA
"MAC",1978,NA
"MAC",1979,NA
"MAC",1980,NA
"MAC",1981,NA
"MAC",1982,NA
"MAC",1983,NA
"MAC",1984,NA
"MAC",1985,NA
"MAC",1986,NA
"MAC",1987,NA
"MAC",1988,NA
"MAC",1989,NA
"MAC",1990,NA
"MAC",1991,NA
"MAC",1992,NA
"MAC",1993,NA
"MAC",1994,NA
"MAC",1995,NA
"MAC",1996,NA
"MAC",1997,NA
"MAC",1998,NA
"MAC",1999,NA
"MAC",2000,NA
"MAC",2001,NA
"MAC",2002,NA
"MAC",2003,NA
"MAC",2004,NA
"MAC",2005,NA
"MAC",2006,NA
"MAC",2007,NA
"MAC",2008,NA
"MAC",2009,NA
"MAC",2010,NA
"MAC",2011,NA
"MAC",2012,NA
"MAC",2013,NA
"MAC",2014,NA
"MAC",2015,NA
"MAC",2016,NA
"MAC",2017,NA
"MAC",2018,NA
"MAC",2019,NA
"MAC",2020,NA
"MAC",2021,NA
"MAC",2022,NA
"MAC",2023,NA
"MAC",2024,NA
"MAF",1960,NA
"MAF",1961,NA
"MAF",1962,NA
"MAF",1963,NA
"MAF",1964,NA
"MAF",1965,NA
"MAF",1966,NA
"MAF",1967,NA
"MAF",1968,NA
"MAF",1969,NA
"MAF",1970,NA
"MAF",1971,NA
"MAF",1972,NA
"MAF",1973,NA
"MAF",1974,NA
"MAF",1975,NA
"MAF",1976,NA
"MAF",1977,NA
"MAF",1978,NA
"MAF",1979,NA
"MAF",1980,NA
"MAF",1981,NA
"MAF",1982,NA
"MAF",1983,NA
"MAF",1984,NA
"MAF",1985,NA
"MAF",1986,NA
"MAF",1987,NA
"MAF",1988,NA
"MAF",1989,NA
"MAF",1990,NA
"MAF",1991,NA
"MAF",1992,NA
"MAF",1993,NA
"MAF",1994,NA
"MAF",1995,NA
"MAF",1996,NA
"MAF",1997,NA
"MAF",1998,NA
"MAF",1999,NA
"MAF",2000,NA
"MAF",2001,NA
"MAF",2002,NA
"MAF",2003,NA
"MAF",2004,NA
"MAF",2005,NA
"MAF",2006,NA
"MAF",2007,NA
"MAF",2008,NA
"MAF",2009,NA
"MAF",2010,NA
"MAF",2011,NA
"MAF",2012,NA
"MAF",2013,NA
"MAF",2014,NA
"MAF",2015,NA
"MAF",2016,NA
"MAF",2017,NA
"MAF",2018,NA
"MAF",2019,NA
"MAF",2020,NA
"MAF",2021,NA
"MAF",2022,NA
"MAF",2023,NA
"MAF",2024,NA
"MAR",1960,NA
"MAR",1961,NA
"MAR",1962,NA
"MAR",1963,NA
"MAR",1964,NA
"MAR",1965,NA
"MAR",1966,NA
"MAR",1967,NA
"MAR",1968,NA
"MAR",1969,NA
"MAR",1970,NA
"MAR",1971,NA
"MAR",1972,NA
"MAR",1973,NA
"MAR",1974,NA
"MAR",1975,NA
"MAR",1976,NA
"MAR",1977,NA
"MAR",1978,NA
"MAR",1979,NA
"MAR",1980,NA
"MAR",1981,NA
"MAR",1982,NA
"MAR",1983,NA
"MAR",1984,13.2
"MAR",1985,NA
"MAR",1986,NA
"MAR",1987,NA
"MAR",1988,NA
"MAR",1989,NA
"MAR",1990,4.7
"MAR",1991,NA
"MAR",1992,NA
"MAR",1993,NA
"MAR",1994,NA
"MAR",1995,NA
"MAR",1996,NA
"MAR",1997,NA
"MAR",1998,8.4
"MAR",1999,NA
"MAR",2000,7.9
"MAR",2001,NA
"MAR",2002,NA
"MAR",2003,NA
"MAR",2004,NA
"MAR",2005,NA
"MAR",2006,4.2
"MAR",2007,NA
"MAR",2008,NA
"MAR",2009,NA
"MAR",2010,NA
"MAR",2011,NA
"MAR",2012,NA
"MAR",2013,1.4
"MAR",2014,NA
"MAR",2015,NA
"MAR",2016,NA
"MAR",2017,NA
"MAR",2018,NA
"MAR",2019,NA
"MAR",2020,NA
"MAR",2021,NA
"MAR",2022,NA
"MAR",2023,NA
"MAR",2024,NA
"MCO",1960,NA
"MCO",1961,NA
"MCO",1962,NA
"MCO",1963,NA
"MCO",1964,NA
"MCO",1965,NA
"MCO",1966,NA
"MCO",1967,NA
"MCO",1968,NA
"MCO",1969,NA
"MCO",1970,NA
"MCO",1971,NA
"MCO",1972,NA
"MCO",1973,NA
"MCO",1974,NA
"MCO",1975,NA
"MCO",1976,NA
"MCO",1977,NA
"MCO",1978,NA
"MCO",1979,NA
"MCO",1980,NA
"MCO",1981,NA
"MCO",1982,NA
"MCO",1983,NA
"MCO",1984,NA
"MCO",1985,NA
"MCO",1986,NA
"MCO",1987,NA
"MCO",1988,NA
"MCO",1989,NA
"MCO",1990,NA
"MCO",1991,NA
"MCO",1992,NA
"MCO",1993,NA
"MCO",1994,NA
"MCO",1995,NA
"MCO",1996,NA
"MCO",1997,NA
"MCO",1998,NA
"MCO",1999,NA
"MCO",2000,NA
"MCO",2001,NA
"MCO",2002,NA
"MCO",2003,NA
"MCO",2004,NA
"MCO",2005,NA
"MCO",2006,NA
"MCO",2007,NA
"MCO",2008,NA
"MCO",2009,NA
"MCO",2010,NA
"MCO",2011,NA
"MCO",2012,NA
"MCO",2013,NA
"MCO",2014,NA
"MCO",2015,NA
"MCO",2016,NA
"MCO",2017,NA
"MCO",2018,NA
"MCO",2019,NA
"MCO",2020,NA
"MCO",2021,NA
"MCO",2022,NA
"MCO",2023,NA
"MCO",2024,NA
"MDA",1960,NA
"MDA",1961,NA
"MDA",1962,NA
"MDA",1963,NA
"MDA",1964,NA
"MDA",1965,NA
"MDA",1966,NA
"MDA",1967,NA
"MDA",1968,NA
"MDA",1969,NA
"MDA",1970,NA
"MDA",1971,NA
"MDA",1972,NA
"MDA",1973,NA
"MDA",1974,NA
"MDA",1975,NA
"MDA",1976,NA
"MDA",1977,NA
"MDA",1978,NA
"MDA",1979,NA
"MDA",1980,NA
"MDA",1981,NA
"MDA",1982,NA
"MDA",1983,NA
"MDA",1984,NA
"MDA",1985,NA
"MDA",1986,NA
"MDA",1987,NA
"MDA",1988,NA
"MDA",1989,NA
"MDA",1990,NA
"MDA",1991,NA
"MDA",1992,NA
"MDA",1993,NA
"MDA",1994,NA
"MDA",1995,NA
"MDA",1996,NA
"MDA",1997,13
"MDA",1998,24
"MDA",1999,33.5
"MDA",2000,31.1
"MDA",2001,23.3
"MDA",2002,13.6
"MDA",2003,5.6
"MDA",2004,6.6
"MDA",2005,10.9
"MDA",2006,2
"MDA",2007,1
"MDA",2008,1
"MDA",2009,0.7
"MDA",2010,0.4
"MDA",2011,0.2
"MDA",2012,0.1
"MDA",2013,0
"MDA",2014,0
"MDA",2015,0
"MDA",2016,0.1
"MDA",2017,0
"MDA",2018,0
"MDA",2019,0
"MDA",2020,NA
"MDA",2021,0
"MDA",2022,NA
"MDA",2023,NA
"MDA",2024,NA
"MDG",1960,NA
"MDG",1961,NA
"MDG",1962,NA
"MDG",1963,NA
"MDG",1964,NA
"MDG",1965,NA
"MDG",1966,NA
"MDG",1967,NA
"MDG",1968,NA
"MDG",1969,NA
"MDG",1970,NA
"MDG",1971,NA
"MDG",1972,NA
"MDG",1973,NA
"MDG",1974,NA
"MDG",1975,NA
"MDG",1976,NA
"MDG",1977,NA
"MDG",1978,NA
"MDG",1979,NA
"MDG",1980,48.7
"MDG",1981,NA
"MDG",1982,NA
"MDG",1983,NA
"MDG",1984,NA
"MDG",1985,NA
"MDG",1986,NA
"MDG",1987,NA
"MDG",1988,NA
"MDG",1989,NA
"MDG",1990,NA
"MDG",1991,NA
"MDG",1992,NA
"MDG",1993,73.3
"MDG",1994,NA
"MDG",1995,NA
"MDG",1996,NA
"MDG",1997,69.4
"MDG",1998,NA
"MDG",1999,66.9
"MDG",2000,NA
"MDG",2001,71
"MDG",2002,NA
"MDG",2003,NA
"MDG",2004,NA
"MDG",2005,74.2
"MDG",2006,NA
"MDG",2007,NA
"MDG",2008,NA
"MDG",2009,NA
"MDG",2010,80.2
"MDG",2011,NA
"MDG",2012,80.7
"MDG",2013,NA
"MDG",2014,NA
"MDG",2015,NA
"MDG",2016,NA
"MDG",2017,NA
"MDG",2018,NA
"MDG",2019,NA
"MDG",2020,NA
"MDG",2021,NA
"MDG",2022,NA
"MDG",2023,NA
"MDG",2024,NA
"MDV",1960,NA
"MDV",1961,NA
"MDV",1962,NA
"MDV",1963,NA
"MDV",1964,NA
"MDV",1965,NA
"MDV",1966,NA
"MDV",1967,NA
"MDV",1968,NA
"MDV",1969,NA
"MDV",1970,NA
"MDV",1971,NA
"MDV",1972,NA
"MDV",1973,NA
"MDV",1974,NA
"MDV",1975,NA
"MDV",1976,NA
"MDV",1977,NA
"MDV",1978,NA
"MDV",1979,NA
"MDV",1980,NA
"MDV",1981,NA
"MDV",1982,NA
"MDV",1983,NA
"MDV",1984,NA
"MDV",1985,NA
"MDV",1986,NA
"MDV",1987,NA
"MDV",1988,NA
"MDV",1989,NA
"MDV",1990,NA
"MDV",1991,NA
"MDV",1992,NA
"MDV",1993,NA
"MDV",1994,NA
"MDV",1995,NA
"MDV",1996,NA
"MDV",1997,NA
"MDV",1998,NA
"MDV",1999,NA
"MDV",2000,NA
"MDV",2001,NA
"MDV",2002,6.6
"MDV",2003,NA
"MDV",2004,NA
"MDV",2005,NA
"MDV",2006,NA
"MDV",2007,NA
"MDV",2008,NA
"MDV",2009,3.8
"MDV",2010,NA
"MDV",2011,NA
"MDV",2012,NA
"MDV",2013,NA
"MDV",2014,NA
"MDV",2015,NA
"MDV",2016,0
"MDV",2017,NA
"MDV",2018,NA
"MDV",2019,0
"MDV",2020,NA
"MDV",2021,NA
"MDV",2022,NA
"MDV",2023,NA
"MDV",2024,NA
"MEA",1960,NA
"MEA",1961,NA
"MEA",1962,NA
"MEA",1963,NA
"MEA",1964,NA
"MEA",1965,NA
"MEA",1966,NA
"MEA",1967,NA
"MEA",1968,NA
"MEA",1969,NA
"MEA",1970,NA
"MEA",1971,NA
"MEA",1972,NA
"MEA",1973,NA
"MEA",1974,NA
"MEA",1975,NA
"MEA",1976,NA
"MEA",1977,NA
"MEA",1978,NA
"MEA",1979,NA
"MEA",1980,NA
"MEA",1981,NA
"MEA",1982,NA
"MEA",1983,NA
"MEA",1984,NA
"MEA",1985,7.1
"MEA",1986,7.3
"MEA",1987,7.6
"MEA",1988,7.2
"MEA",1989,7.1
"MEA",1990,6.4
"MEA",1991,6.2
"MEA",1992,5.4
"MEA",1993,5.2
"MEA",1994,4.7
"MEA",1995,4.7
"MEA",1996,4
"MEA",1997,3.6
"MEA",1998,3.3
"MEA",1999,3.2
"MEA",2000,3
"MEA",2001,3
"MEA",2002,NA
"MEA",2003,2.8
"MEA",2004,2.7
"MEA",2005,2.7
"MEA",2006,2.6
"MEA",2007,2.5
"MEA",2008,2.5
"MEA",2009,2.2
"MEA",2010,1.9
"MEA",2011,2
"MEA",2012,2.2
"MEA",2013,2.5
"MEA",2014,2.8
"MEA",2015,3.7
"MEA",2016,4.4
"MEA",2017,4.7
"MEA",2018,4.7
"MEA",2019,NA
"MEA",2020,NA
"MEA",2021,NA
"MEA",2022,NA
"MEA",2023,NA
"MEA",2024,NA
"MEX",1960,NA
"MEX",1961,NA
"MEX",1962,NA
"MEX",1963,NA
"MEX",1964,NA
"MEX",1965,NA
"MEX",1966,NA
"MEX",1967,NA
"MEX",1968,NA
"MEX",1969,NA
"MEX",1970,NA
"MEX",1971,NA
"MEX",1972,NA
"MEX",1973,NA
"MEX",1974,NA
"MEX",1975,NA
"MEX",1976,NA
"MEX",1977,NA
"MEX",1978,NA
"MEX",1979,NA
"MEX",1980,NA
"MEX",1981,NA
"MEX",1982,NA
"MEX",1983,NA
"MEX",1984,NA
"MEX",1985,NA
"MEX",1986,NA
"MEX",1987,NA
"MEX",1988,NA
"MEX",1989,8.7
"MEX",1990,NA
"MEX",1991,NA
"MEX",1992,7.9
"MEX",1993,NA
"MEX",1994,7.9
"MEX",1995,NA
"MEX",1996,14
"MEX",1997,NA
"MEX",1998,15.2
"MEX",1999,NA
"MEX",2000,10.7
"MEX",2001,NA
"MEX",2002,7.5
"MEX",2003,NA
"MEX",2004,7.2
"MEX",2005,7.8
"MEX",2006,5.4
"MEX",2007,NA
"MEX",2008,6
"MEX",2009,NA
"MEX",2010,4.7
"MEX",2011,NA
"MEX",2012,4.2
"MEX",2013,NA
"MEX",2014,4
"MEX",2015,NA
"MEX",2016,2.3
"MEX",2017,NA
"MEX",2018,1.9
"MEX",2019,NA
"MEX",2020,2.1
"MEX",2021,NA
"MEX",2022,1.2
"MEX",2023,NA
"MEX",2024,NA
"MHL",1960,NA
"MHL",1961,NA
"MHL",1962,NA
"MHL",1963,NA
"MHL",1964,NA
"MHL",1965,NA
"MHL",1966,NA
"MHL",1967,NA
"MHL",1968,NA
"MHL",1969,NA
"MHL",1970,NA
"MHL",1971,NA
"MHL",1972,NA
"MHL",1973,NA
"MHL",1974,NA
"MHL",1975,NA
"MHL",1976,NA
"MHL",1977,NA
"MHL",1978,NA
"MHL",1979,NA
"MHL",1980,NA
"MHL",1981,NA
"MHL",1982,NA
"MHL",1983,NA
"MHL",1984,NA
"MHL",1985,NA
"MHL",1986,NA
"MHL",1987,NA
"MHL",1988,NA
"MHL",1989,NA
"MHL",1990,NA
"MHL",1991,NA
"MHL",1992,NA
"MHL",1993,NA
"MHL",1994,NA
"MHL",1995,NA
"MHL",1996,NA
"MHL",1997,NA
"MHL",1998,NA
"MHL",1999,NA
"MHL",2000,NA
"MHL",2001,NA
"MHL",2002,NA
"MHL",2003,NA
"MHL",2004,NA
"MHL",2005,NA
"MHL",2006,NA
"MHL",2007,NA
"MHL",2008,NA
"MHL",2009,NA
"MHL",2010,NA
"MHL",2011,NA
"MHL",2012,NA
"MHL",2013,NA
"MHL",2014,NA
"MHL",2015,NA
"MHL",2016,NA
"MHL",2017,NA
"MHL",2018,NA
"MHL",2019,0.9
"MHL",2020,NA
"MHL",2021,NA
"MHL",2022,NA
"MHL",2023,NA
"MHL",2024,NA
"MIC",1960,NA
"MIC",1961,NA
"MIC",1962,NA
"MIC",1963,NA
"MIC",1964,NA
"MIC",1965,NA
"MIC",1966,NA
"MIC",1967,NA
"MIC",1968,NA
"MIC",1969,NA
"MIC",1970,NA
"MIC",1971,NA
"MIC",1972,NA
"MIC",1973,NA
"MIC",1974,NA
"MIC",1975,NA
"MIC",1976,NA
"MIC",1977,NA
"MIC",1978,NA
"MIC",1979,NA
"MIC",1980,NA
"MIC",1981,NA
"MIC",1982,NA
"MIC",1983,NA
"MIC",1984,NA
"MIC",1985,NA
"MIC",1986,NA
"MIC",1987,NA
"MIC",1988,NA
"MIC",1989,NA
"MIC",1990,NA
"MIC",1991,NA
"MIC",1992,NA
"MIC",1993,NA
"MIC",1994,NA
"MIC",1995,NA
"MIC",1996,NA
"MIC",1997,NA
"MIC",1998,NA
"MIC",1999,NA
"MIC",2000,NA
"MIC",2001,NA
"MIC",2002,NA
"MIC",2003,NA
"MIC",2004,NA
"MIC",2005,NA
"MIC",2006,NA
"MIC",2007,NA
"MIC",2008,NA
"MIC",2009,NA
"MIC",2010,NA
"MIC",2011,NA
"MIC",2012,NA
"MIC",2013,NA
"MIC",2014,NA
"MIC",2015,NA
"MIC",2016,NA
"MIC",2017,NA
"MIC",2018,NA
"MIC",2019,NA
"MIC",2020,NA
"MIC",2021,NA
"MIC",2022,NA
"MIC",2023,NA
"MIC",2024,NA
"MKD",1960,NA
"MKD",1961,NA
"MKD",1962,NA
"MKD",1963,NA
"MKD",1964,NA
"MKD",1965,NA
"MKD",1966,NA
"MKD",1967,NA
"MKD",1968,NA
"MKD",1969,NA
"MKD",1970,NA
"MKD",1971,NA
"MKD",1972,NA
"MKD",1973,NA
"MKD",1974,NA
"MKD",1975,NA
"MKD",1976,NA
"MKD",1977,NA
"MKD",1978,NA
"MKD",1979,NA
"MKD",1980,NA
"MKD",1981,NA
"MKD",1982,NA
"MKD",1983,NA
"MKD",1984,NA
"MKD",1985,NA
"MKD",1986,NA
"MKD",1987,NA
"MKD",1988,NA
"MKD",1989,NA
"MKD",1990,NA
"MKD",1991,NA
"MKD",1992,NA
"MKD",1993,NA
"MKD",1994,NA
"MKD",1995,NA
"MKD",1996,NA
"MKD",1997,NA
"MKD",1998,NA
"MKD",1999,NA
"MKD",2000,NA
"MKD",2001,NA
"MKD",2002,NA
"MKD",2003,NA
"MKD",2004,NA
"MKD",2005,NA
"MKD",2006,NA
"MKD",2007,NA
"MKD",2008,NA
"MKD",2009,9.8
"MKD",2010,10.4
"MKD",2011,9.1
"MKD",2012,6.9
"MKD",2013,5.2
"MKD",2014,4.5
"MKD",2015,5.5
"MKD",2016,4.2
"MKD",2017,4.5
"MKD",2018,3.4
"MKD",2019,2.7
"MKD",2020,NA
"MKD",2021,NA
"MKD",2022,NA
"MKD",2023,NA
"MKD",2024,NA
"MLI",1960,NA
"MLI",1961,NA
"MLI",1962,NA
"MLI",1963,NA
"MLI",1964,NA
"MLI",1965,NA
"MLI",1966,NA
"MLI",1967,NA
"MLI",1968,NA
"MLI",1969,NA
"MLI",1970,NA
"MLI",1971,NA
"MLI",1972,NA
"MLI",1973,NA
"MLI",1974,NA
"MLI",1975,NA
"MLI",1976,NA
"MLI",1977,NA
"MLI",1978,NA
"MLI",1979,NA
"MLI",1980,NA
"MLI",1981,NA
"MLI",1982,NA
"MLI",1983,NA
"MLI",1984,NA
"MLI",1985,NA
"MLI",1986,NA
"MLI",1987,NA
"MLI",1988,NA
"MLI",1989,NA
"MLI",1990,NA
"MLI",1991,NA
"MLI",1992,NA
"MLI",1993,NA
"MLI",1994,84.5
"MLI",1995,NA
"MLI",1996,NA
"MLI",1997,NA
"MLI",1998,NA
"MLI",1999,NA
"MLI",2000,NA
"MLI",2001,57.2
"MLI",2002,NA
"MLI",2003,NA
"MLI",2004,NA
"MLI",2005,NA
"MLI",2006,49.7
"MLI",2007,NA
"MLI",2008,NA
"MLI",2009,48.2
"MLI",2010,NA
"MLI",2011,NA
"MLI",2012,NA
"MLI",2013,NA
"MLI",2014,NA
"MLI",2015,NA
"MLI",2016,NA
"MLI",2017,NA
"MLI",2018,15.2
"MLI",2019,NA
"MLI",2020,NA
"MLI",2021,20.8
"MLI",2022,NA
"MLI",2023,NA
"MLI",2024,NA
"MLT",1960,NA
"MLT",1961,NA
"MLT",1962,NA
"MLT",1963,NA
"MLT",1964,NA
"MLT",1965,NA
"MLT",1966,NA
"MLT",1967,NA
"MLT",1968,NA
"MLT",1969,NA
"MLT",1970,NA
"MLT",1971,NA
"MLT",1972,NA
"MLT",1973,NA
"MLT",1974,NA
"MLT",1975,NA
"MLT",1976,NA
"MLT",1977,NA
"MLT",1978,NA
"MLT",1979,NA
"MLT",1980,NA
"MLT",1981,NA
"MLT",1982,NA
"MLT",1983,NA
"MLT",1984,NA
"MLT",1985,NA
"MLT",1986,NA
"MLT",1987,NA
"MLT",1988,NA
"MLT",1989,NA
"MLT",1990,NA
"MLT",1991,NA
"MLT",1992,NA
"MLT",1993,NA
"MLT",1994,NA
"MLT",1995,NA
"MLT",1996,NA
"MLT",1997,NA
"MLT",1998,NA
"MLT",1999,NA
"MLT",2000,NA
"MLT",2001,NA
"MLT",2002,NA
"MLT",2003,NA
"MLT",2004,NA
"MLT",2005,NA
"MLT",2006,0.5
"MLT",2007,0.4
"MLT",2008,0.1
"MLT",2009,0.4
"MLT",2010,0.2
"MLT",2011,0.2
"MLT",2012,0.1
"MLT",2013,0
"MLT",2014,0
"MLT",2015,0.1
"MLT",2016,0.1
"MLT",2017,0.2
"MLT",2018,0.1
"MLT",2019,0.3
"MLT",2020,0.3
"MLT",2021,NA
"MLT",2022,NA
"MLT",2023,NA
"MLT",2024,NA
"MMR",1960,NA
"MMR",1961,NA
"MMR",1962,NA
"MMR",1963,NA
"MMR",1964,NA
"MMR",1965,NA
"MMR",1966,NA
"MMR",1967,NA
"MMR",1968,NA
"MMR",1969,NA
"MMR",1970,NA
"MMR",1971,NA
"MMR",1972,NA
"MMR",1973,NA
"MMR",1974,NA
"MMR",1975,NA
"MMR",1976,NA
"MMR",1977,NA
"MMR",1978,NA
"MMR",1979,NA
"MMR",1980,NA
"MMR",1981,NA
"MMR",1982,NA
"MMR",1983,NA
"MMR",1984,NA
"MMR",1985,NA
"MMR",1986,NA
"MMR",1987,NA
"MMR",1988,NA
"MMR",1989,NA
"MMR",1990,NA
"MMR",1991,NA
"MMR",1992,NA
"MMR",1993,NA
"MMR",1994,NA
"MMR",1995,NA
"MMR",1996,NA
"MMR",1997,NA
"MMR",1998,NA
"MMR",1999,NA
"MMR",2000,NA
"MMR",2001,NA
"MMR",2002,NA
"MMR",2003,NA
"MMR",2004,NA
"MMR",2005,NA
"MMR",2006,NA
"MMR",2007,NA
"MMR",2008,NA
"MMR",2009,NA
"MMR",2010,NA
"MMR",2011,NA
"MMR",2012,NA
"MMR",2013,NA
"MMR",2014,NA
"MMR",2015,6.2
"MMR",2016,NA
"MMR",2017,2
"MMR",2018,NA
"MMR",2019,NA
"MMR",2020,NA
"MMR",2021,NA
"MMR",2022,NA
"MMR",2023,NA
"MMR",2024,NA
"MNA",1960,NA
"MNA",1961,NA
"MNA",1962,NA
"MNA",1963,NA
"MNA",1964,NA
"MNA",1965,NA
"MNA",1966,NA
"MNA",1967,NA
"MNA",1968,NA
"MNA",1969,NA
"MNA",1970,NA
"MNA",1971,NA
"MNA",1972,NA
"MNA",1973,NA
"MNA",1974,NA
"MNA",1975,NA
"MNA",1976,NA
"MNA",1977,NA
"MNA",1978,NA
"MNA",1979,NA
"MNA",1980,NA
"MNA",1981,NA
"MNA",1982,NA
"MNA",1983,NA
"MNA",1984,NA
"MNA",1985,NA
"MNA",1986,NA
"MNA",1987,NA
"MNA",1988,NA
"MNA",1989,NA
"MNA",1990,NA
"MNA",1991,NA
"MNA",1992,NA
"MNA",1993,NA
"MNA",1994,NA
"MNA",1995,NA
"MNA",1996,NA
"MNA",1997,NA
"MNA",1998,NA
"MNA",1999,NA
"MNA",2000,NA
"MNA",2001,NA
"MNA",2002,NA
"MNA",2003,NA
"MNA",2004,NA
"MNA",2005,NA
"MNA",2006,NA
"MNA",2007,NA
"MNA",2008,NA
"MNA",2009,NA
"MNA",2010,NA
"MNA",2011,NA
"MNA",2012,NA
"MNA",2013,NA
"MNA",2014,NA
"MNA",2015,NA
"MNA",2016,NA
"MNA",2017,NA
"MNA",2018,NA
"MNA",2019,NA
"MNA",2020,NA
"MNA",2021,NA
"MNA",2022,NA
"MNA",2023,NA
"MNA",2024,NA
"MNE",1960,NA
"MNE",1961,NA
"MNE",1962,NA
"MNE",1963,NA
"MNE",1964,NA
"MNE",1965,NA
"MNE",1966,NA
"MNE",1967,NA
"MNE",1968,NA
"MNE",1969,NA
"MNE",1970,NA
"MNE",1971,NA
"MNE",1972,NA
"MNE",1973,NA
"MNE",1974,NA
"MNE",1975,NA
"MNE",1976,NA
"MNE",1977,NA
"MNE",1978,NA
"MNE",1979,NA
"MNE",1980,NA
"MNE",1981,NA
"MNE",1982,NA
"MNE",1983,NA
"MNE",1984,NA
"MNE",1985,NA
"MNE",1986,NA
"MNE",1987,NA
"MNE",1988,NA
"MNE",1989,NA
"MNE",1990,NA
"MNE",1991,NA
"MNE",1992,NA
"MNE",1993,NA
"MNE",1994,NA
"MNE",1995,NA
"MNE",1996,NA
"MNE",1997,NA
"MNE",1998,NA
"MNE",1999,NA
"MNE",2000,NA
"MNE",2001,NA
"MNE",2002,NA
"MNE",2003,NA
"MNE",2004,NA
"MNE",2005,NA
"MNE",2006,NA
"MNE",2007,NA
"MNE",2008,NA
"MNE",2009,NA
"MNE",2010,NA
"MNE",2011,NA
"MNE",2012,3
"MNE",2013,3
"MNE",2014,1.6
"MNE",2015,1.3
"MNE",2016,2.5
"MNE",2017,3.3
"MNE",2018,2.8
"MNE",2019,2
"MNE",2020,1.8
"MNE",2021,2
"MNE",2022,NA
"MNE",2023,NA
"MNE",2024,NA
"MNG",1960,NA
"MNG",1961,NA
"MNG",1962,NA
"MNG",1963,NA
"MNG",1964,NA
"MNG",1965,NA
"MNG",1966,NA
"MNG",1967,NA
"MNG",1968,NA
"MNG",1969,NA
"MNG",1970,NA
"MNG",1971,NA
"MNG",1972,NA
"MNG",1973,NA
"MNG",1974,NA
"MNG",1975,NA
"MNG",1976,NA
"MNG",1977,NA
"MNG",1978,NA
"MNG",1979,NA
"MNG",1980,NA
"MNG",1981,NA
"MNG",1982,NA
"MNG",1983,NA
"MNG",1984,NA
"MNG",1985,NA
"MNG",1986,NA
"MNG",1987,NA
"MNG",1988,NA
"MNG",1989,NA
"MNG",1990,NA
"MNG",1991,NA
"MNG",1992,NA
"MNG",1993,NA
"MNG",1994,NA
"MNG",1995,14.8
"MNG",1996,NA
"MNG",1997,NA
"MNG",1998,28.4
"MNG",1999,NA
"MNG",2000,NA
"MNG",2001,NA
"MNG",2002,11.6
"MNG",2003,NA
"MNG",2004,NA
"MNG",2005,NA
"MNG",2006,NA
"MNG",2007,1.7
"MNG",2008,NA
"MNG",2009,NA
"MNG",2010,1.1
"MNG",2011,0.9
"MNG",2012,0.5
"MNG",2013,NA
"MNG",2014,0.3
"MNG",2015,NA
"MNG",2016,0.7
"MNG",2017,NA
"MNG",2018,0.7
"MNG",2019,NA
"MNG",2020,NA
"MNG",2021,NA
"MNG",2022,0.2
"MNG",2023,NA
"MNG",2024,NA
"MNP",1960,NA
"MNP",1961,NA
"MNP",1962,NA
"MNP",1963,NA
"MNP",1964,NA
"MNP",1965,NA
"MNP",1966,NA
"MNP",1967,NA
"MNP",1968,NA
"MNP",1969,NA
"MNP",1970,NA
"MNP",1971,NA
"MNP",1972,NA
"MNP",1973,NA
"MNP",1974,NA
"MNP",1975,NA
"MNP",1976,NA
"MNP",1977,NA
"MNP",1978,NA
"MNP",1979,NA
"MNP",1980,NA
"MNP",1981,NA
"MNP",1982,NA
"MNP",1983,NA
"MNP",1984,NA
"MNP",1985,NA
"MNP",1986,NA
"MNP",1987,NA
"MNP",1988,NA
"MNP",1989,NA
"MNP",1990,NA
"MNP",1991,NA
"MNP",1992,NA
"MNP",1993,NA
"MNP",1994,NA
"MNP",1995,NA
"MNP",1996,NA
"MNP",1997,NA
"MNP",1998,NA
"MNP",1999,NA
"MNP",2000,NA
"MNP",2001,NA
"MNP",2002,NA
"MNP",2003,NA
"MNP",2004,NA
"MNP",2005,NA
"MNP",2006,NA
"MNP",2007,NA
"MNP",2008,NA
"MNP",2009,NA
"MNP",2010,NA
"MNP",2011,NA
"MNP",2012,NA
"MNP",2013,NA
"MNP",2014,NA
"MNP",2015,NA
"MNP",2016,NA
"MNP",2017,NA
"MNP",2018,NA
"MNP",2019,NA
"MNP",2020,NA
"MNP",2021,NA
"MNP",2022,NA
"MNP",2023,NA
"MNP",2024,NA
"MOZ",1960,NA
"MOZ",1961,NA
"MOZ",1962,NA
"MOZ",1963,NA
"MOZ",1964,NA
"MOZ",1965,NA
"MOZ",1966,NA
"MOZ",1967,NA
"MOZ",1968,NA
"MOZ",1969,NA
"MOZ",1970,NA
"MOZ",1971,NA
"MOZ",1972,NA
"MOZ",1973,NA
"MOZ",1974,NA
"MOZ",1975,NA
"MOZ",1976,NA
"MOZ",1977,NA
"MOZ",1978,NA
"MOZ",1979,NA
"MOZ",1980,NA
"MOZ",1981,NA
"MOZ",1982,NA
"MOZ",1983,NA
"MOZ",1984,NA
"MOZ",1985,NA
"MOZ",1986,NA
"MOZ",1987,NA
"MOZ",1988,NA
"MOZ",1989,NA
"MOZ",1990,NA
"MOZ",1991,NA
"MOZ",1992,NA
"MOZ",1993,NA
"MOZ",1994,NA
"MOZ",1995,NA
"MOZ",1996,82.7
"MOZ",1997,NA
"MOZ",1998,NA
"MOZ",1999,NA
"MOZ",2000,NA
"MOZ",2001,NA
"MOZ",2002,80.6
"MOZ",2003,NA
"MOZ",2004,NA
"MOZ",2005,NA
"MOZ",2006,NA
"MOZ",2007,NA
"MOZ",2008,70.8
"MOZ",2009,NA
"MOZ",2010,NA
"MOZ",2011,NA
"MOZ",2012,NA
"MOZ",2013,NA
"MOZ",2014,64.6
"MOZ",2015,NA
"MOZ",2016,NA
"MOZ",2017,NA
"MOZ",2018,NA
"MOZ",2019,74.5
"MOZ",2020,NA
"MOZ",2021,NA
"MOZ",2022,NA
"MOZ",2023,NA
"MOZ",2024,NA
"MRT",1960,NA
"MRT",1961,NA
"MRT",1962,NA
"MRT",1963,NA
"MRT",1964,NA
"MRT",1965,NA
"MRT",1966,NA
"MRT",1967,NA
"MRT",1968,NA
"MRT",1969,NA
"MRT",1970,NA
"MRT",1971,NA
"MRT",1972,NA
"MRT",1973,NA
"MRT",1974,NA
"MRT",1975,NA
"MRT",1976,NA
"MRT",1977,NA
"MRT",1978,NA
"MRT",1979,NA
"MRT",1980,NA
"MRT",1981,NA
"MRT",1982,NA
"MRT",1983,NA
"MRT",1984,NA
"MRT",1985,NA
"MRT",1986,NA
"MRT",1987,41.4
"MRT",1988,NA
"MRT",1989,NA
"MRT",1990,NA
"MRT",1991,NA
"MRT",1992,NA
"MRT",1993,42.9
"MRT",1994,NA
"MRT",1995,21.8
"MRT",1996,NA
"MRT",1997,NA
"MRT",1998,NA
"MRT",1999,NA
"MRT",2000,21.5
"MRT",2001,NA
"MRT",2002,NA
"MRT",2003,NA
"MRT",2004,18.1
"MRT",2005,NA
"MRT",2006,NA
"MRT",2007,NA
"MRT",2008,11.9
"MRT",2009,NA
"MRT",2010,NA
"MRT",2011,NA
"MRT",2012,NA
"MRT",2013,NA
"MRT",2014,6.5
"MRT",2015,NA
"MRT",2016,NA
"MRT",2017,NA
"MRT",2018,NA
"MRT",2019,5.4
"MRT",2020,NA
"MRT",2021,NA
"MRT",2022,NA
"MRT",2023,NA
"MRT",2024,NA
"MUS",1960,NA
"MUS",1961,NA
"MUS",1962,NA
"MUS",1963,NA
"MUS",1964,NA
"MUS",1965,NA
"MUS",1966,NA
"MUS",1967,NA
"MUS",1968,NA
"MUS",1969,NA
"MUS",1970,NA
"MUS",1971,NA
"MUS",1972,NA
"MUS",1973,NA
"MUS",1974,NA
"MUS",1975,NA
"MUS",1976,NA
"MUS",1977,NA
"MUS",1978,NA
"MUS",1979,NA
"MUS",1980,NA
"MUS",1981,NA
"MUS",1982,NA
"MUS",1983,NA
"MUS",1984,NA
"MUS",1985,NA
"MUS",1986,NA
"MUS",1987,NA
"MUS",1988,NA
"MUS",1989,NA
"MUS",1990,NA
"MUS",1991,NA
"MUS",1992,NA
"MUS",1993,NA
"MUS",1994,NA
"MUS",1995,NA
"MUS",1996,NA
"MUS",1997,NA
"MUS",1998,NA
"MUS",1999,NA
"MUS",2000,NA
"MUS",2001,NA
"MUS",2002,NA
"MUS",2003,NA
"MUS",2004,NA
"MUS",2005,NA
"MUS",2006,0.3
"MUS",2007,NA
"MUS",2008,NA
"MUS",2009,NA
"MUS",2010,NA
"MUS",2011,NA
"MUS",2012,0.4
"MUS",2013,NA
"MUS",2014,NA
"MUS",2015,NA
"MUS",2016,NA
"MUS",2017,0.1
"MUS",2018,NA
"MUS",2019,NA
"MUS",2020,NA
"MUS",2021,NA
"MUS",2022,NA
"MUS",2023,NA
"MUS",2024,NA
"MWI",1960,NA
"MWI",1961,NA
"MWI",1962,NA
"MWI",1963,NA
"MWI",1964,NA
"MWI",1965,NA
"MWI",1966,NA
"MWI",1967,NA
"MWI",1968,NA
"MWI",1969,NA
"MWI",1970,NA
"MWI",1971,NA
"MWI",1972,NA
"MWI",1973,NA
"MWI",1974,NA
"MWI",1975,NA
"MWI",1976,NA
"MWI",1977,NA
"MWI",1978,NA
"MWI",1979,NA
"MWI",1980,NA
"MWI",1981,NA
"MWI",1982,NA
"MWI",1983,NA
"MWI",1984,NA
"MWI",1985,NA
"MWI",1986,NA
"MWI",1987,NA
"MWI",1988,NA
"MWI",1989,NA
"MWI",1990,NA
"MWI",1991,NA
"MWI",1992,NA
"MWI",1993,NA
"MWI",1994,NA
"MWI",1995,NA
"MWI",1996,NA
"MWI",1997,58.5
"MWI",1998,NA
"MWI",1999,NA
"MWI",2000,NA
"MWI",2001,NA
"MWI",2002,NA
"MWI",2003,NA
"MWI",2004,68.9
"MWI",2005,NA
"MWI",2006,NA
"MWI",2007,NA
"MWI",2008,NA
"MWI",2009,NA
"MWI",2010,68.4
"MWI",2011,NA
"MWI",2012,NA
"MWI",2013,NA
"MWI",2014,NA
"MWI",2015,NA
"MWI",2016,65.7
"MWI",2017,NA
"MWI",2018,NA
"MWI",2019,70.1
"MWI",2020,NA
"MWI",2021,NA
"MWI",2022,NA
"MWI",2023,NA
"MWI",2024,NA
"MYS",1960,NA
"MYS",1961,NA
"MYS",1962,NA
"MYS",1963,NA
"MYS",1964,NA
"MYS",1965,NA
"MYS",1966,NA
"MYS",1967,NA
"MYS",1968,NA
"MYS",1969,NA
"MYS",1970,NA
"MYS",1971,NA
"MYS",1972,NA
"MYS",1973,NA
"MYS",1974,NA
"MYS",1975,NA
"MYS",1976,NA
"MYS",1977,NA
"MYS",1978,NA
"MYS",1979,NA
"MYS",1980,NA
"MYS",1981,NA
"MYS",1982,NA
"MYS",1983,NA
"MYS",1984,2.7
"MYS",1985,NA
"MYS",1986,NA
"MYS",1987,1.7
"MYS",1988,NA
"MYS",1989,0.7
"MYS",1990,NA
"MYS",1991,NA
"MYS",1992,1
"MYS",1993,NA
"MYS",1994,NA
"MYS",1995,1.4
"MYS",1996,NA
"MYS",1997,0
"MYS",1998,NA
"MYS",1999,NA
"MYS",2000,NA
"MYS",2001,NA
"MYS",2002,NA
"MYS",2003,1.6
"MYS",2004,NA
"MYS",2005,NA
"MYS",2006,0.8
"MYS",2007,NA
"MYS",2008,0.7
"MYS",2009,NA
"MYS",2010,NA
"MYS",2011,0.1
"MYS",2012,NA
"MYS",2013,0
"MYS",2014,NA
"MYS",2015,0
"MYS",2016,NA
"MYS",2017,NA
"MYS",2018,0
"MYS",2019,NA
"MYS",2020,NA
"MYS",2021,0
"MYS",2022,NA
"MYS",2023,NA
"MYS",2024,NA
"NAC",1960,NA
"NAC",1961,NA
"NAC",1962,NA
"NAC",1963,NA
"NAC",1964,NA
"NAC",1965,NA
"NAC",1966,NA
"NAC",1967,NA
"NAC",1968,NA
"NAC",1969,NA
"NAC",1970,NA
"NAC",1971,NA
"NAC",1972,NA
"NAC",1973,NA
"NAC",1974,NA
"NAC",1975,NA
"NAC",1976,NA
"NAC",1977,NA
"NAC",1978,NA
"NAC",1979,NA
"NAC",1980,NA
"NAC",1981,NA
"NAC",1982,NA
"NAC",1983,NA
"NAC",1984,NA
"NAC",1985,NA
"NAC",1986,NA
"NAC",1987,NA
"NAC",1988,NA
"NAC",1989,NA
"NAC",1990,NA
"NAC",1991,NA
"NAC",1992,NA
"NAC",1993,NA
"NAC",1994,NA
"NAC",1995,NA
"NAC",1996,NA
"NAC",1997,NA
"NAC",1998,NA
"NAC",1999,NA
"NAC",2000,NA
"NAC",2001,NA
"NAC",2002,NA
"NAC",2003,NA
"NAC",2004,NA
"NAC",2005,NA
"NAC",2006,NA
"NAC",2007,NA
"NAC",2008,NA
"NAC",2009,NA
"NAC",2010,NA
"NAC",2011,NA
"NAC",2012,NA
"NAC",2013,NA
"NAC",2014,NA
"NAC",2015,NA
"NAC",2016,NA
"NAC",2017,NA
"NAC",2018,NA
"NAC",2019,NA
"NAC",2020,NA
"NAC",2021,NA
"NAC",2022,NA
"NAC",2023,NA
"NAC",2024,NA
"NAM",1960,NA
"NAM",1961,NA
"NAM",1962,NA
"NAM",1963,NA
"NAM",1964,NA
"NAM",1965,NA
"NAM",1966,NA
"NAM",1967,NA
"NAM",1968,NA
"NAM",1969,NA
"NAM",1970,NA
"NAM",1971,NA
"NAM",1972,NA
"NAM",1973,NA
"NAM",1974,NA
"NAM",1975,NA
"NAM",1976,NA
"NAM",1977,NA
"NAM",1978,NA
"NAM",1979,NA
"NAM",1980,NA
"NAM",1981,NA
"NAM",1982,NA
"NAM",1983,NA
"NAM",1984,NA
"NAM",1985,NA
"NAM",1986,NA
"NAM",1987,NA
"NAM",1988,NA
"NAM",1989,NA
"NAM",1990,NA
"NAM",1991,NA
"NAM",1992,NA
"NAM",1993,NA
"NAM",1994,NA
"NAM",1995,NA
"NAM",1996,NA
"NAM",1997,NA
"NAM",1998,NA
"NAM",1999,NA
"NAM",2000,NA
"NAM",2001,NA
"NAM",2002,NA
"NAM",2003,35.9
"NAM",2004,NA
"NAM",2005,NA
"NAM",2006,NA
"NAM",2007,NA
"NAM",2008,NA
"NAM",2009,26.9
"NAM",2010,NA
"NAM",2011,NA
"NAM",2012,NA
"NAM",2013,NA
"NAM",2014,NA
"NAM",2015,15.6
"NAM",2016,NA
"NAM",2017,NA
"NAM",2018,NA
"NAM",2019,NA
"NAM",2020,NA
"NAM",2021,NA
"NAM",2022,NA
"NAM",2023,NA
"NAM",2024,NA
"NCL",1960,NA
"NCL",1961,NA
"NCL",1962,NA
"NCL",1963,NA
"NCL",1964,NA
"NCL",1965,NA
"NCL",1966,NA
"NCL",1967,NA
"NCL",1968,NA
"NCL",1969,NA
"NCL",1970,NA
"NCL",1971,NA
"NCL",1972,NA
"NCL",1973,NA
"NCL",1974,NA
"NCL",1975,NA
"NCL",1976,NA
"NCL",1977,NA
"NCL",1978,NA
"NCL",1979,NA
"NCL",1980,NA
"NCL",1981,NA
"NCL",1982,NA
"NCL",1983,NA
"NCL",1984,NA
"NCL",1985,NA
"NCL",1986,NA
"NCL",1987,NA
"NCL",1988,NA
"NCL",1989,NA
"NCL",1990,NA
"NCL",1991,NA
"NCL",1992,NA
"NCL",1993,NA
"NCL",1994,NA
"NCL",1995,NA
"NCL",1996,NA
"NCL",1997,NA
"NCL",1998,NA
"NCL",1999,NA
"NCL",2000,NA
"NCL",2001,NA
"NCL",2002,NA
"NCL",2003,NA
"NCL",2004,NA
"NCL",2005,NA
"NCL",2006,NA
"NCL",2007,NA
"NCL",2008,NA
"NCL",2009,NA
"NCL",2010,NA
"NCL",2011,NA
"NCL",2012,NA
"NCL",2013,NA
"NCL",2014,NA
"NCL",2015,NA
"NCL",2016,NA
"NCL",2017,NA
"NCL",2018,NA
"NCL",2019,NA
"NCL",2020,NA
"NCL",2021,NA
"NCL",2022,NA
"NCL",2023,NA
"NCL",2024,NA
"NER",1960,NA
"NER",1961,NA
"NER",1962,NA
"NER",1963,NA
"NER",1964,NA
"NER",1965,NA
"NER",1966,NA
"NER",1967,NA
"NER",1968,NA
"NER",1969,NA
"NER",1970,NA
"NER",1971,NA
"NER",1972,NA
"NER",1973,NA
"NER",1974,NA
"NER",1975,NA
"NER",1976,NA
"NER",1977,NA
"NER",1978,NA
"NER",1979,NA
"NER",1980,NA
"NER",1981,NA
"NER",1982,NA
"NER",1983,NA
"NER",1984,NA
"NER",1985,NA
"NER",1986,NA
"NER",1987,NA
"NER",1988,NA
"NER",1989,NA
"NER",1990,NA
"NER",1991,NA
"NER",1992,84.4
"NER",1993,NA
"NER",1994,85.5
"NER",1995,NA
"NER",1996,NA
"NER",1997,NA
"NER",1998,NA
"NER",1999,NA
"NER",2000,NA
"NER",2001,NA
"NER",2002,NA
"NER",2003,NA
"NER",2004,NA
"NER",2005,80.5
"NER",2006,NA
"NER",2007,78.9
"NER",2008,NA
"NER",2009,NA
"NER",2010,NA
"NER",2011,60.6
"NER",2012,NA
"NER",2013,NA
"NER",2014,53.6
"NER",2015,NA
"NER",2016,NA
"NER",2017,NA
"NER",2018,50.9
"NER",2019,NA
"NER",2020,NA
"NER",2021,50.6
"NER",2022,NA
"NER",2023,NA
"NER",2024,NA
"NGA",1960,NA
"NGA",1961,NA
"NGA",1962,NA
"NGA",1963,NA
"NGA",1964,NA
"NGA",1965,NA
"NGA",1966,NA
"NGA",1967,NA
"NGA",1968,NA
"NGA",1969,NA
"NGA",1970,NA
"NGA",1971,NA
"NGA",1972,NA
"NGA",1973,NA
"NGA",1974,NA
"NGA",1975,NA
"NGA",1976,NA
"NGA",1977,NA
"NGA",1978,NA
"NGA",1979,NA
"NGA",1980,NA
"NGA",1981,NA
"NGA",1982,NA
"NGA",1983,NA
"NGA",1984,NA
"NGA",1985,47.8
"NGA",1986,NA
"NGA",1987,NA
"NGA",1988,NA
"NGA",1989,NA
"NGA",1990,NA
"NGA",1991,NA
"NGA",1992,52.4
"NGA",1993,NA
"NGA",1994,NA
"NGA",1995,NA
"NGA",1996,58.4
"NGA",1997,NA
"NGA",1998,NA
"NGA",1999,NA
"NGA",2000,NA
"NGA",2001,NA
"NGA",2002,NA
"NGA",2003,47.9
"NGA",2004,NA
"NGA",2005,NA
"NGA",2006,NA
"NGA",2007,NA
"NGA",2008,NA
"NGA",2009,NA
"NGA",2010,34.9
"NGA",2011,NA
"NGA",2012,33.8
"NGA",2013,NA
"NGA",2014,NA
"NGA",2015,32.3
"NGA",2016,NA
"NGA",2017,NA
"NGA",2018,30.9
"NGA",2019,NA
"NGA",2020,NA
"NGA",2021,NA
"NGA",2022,NA
"NGA",2023,NA
"NGA",2024,NA
"NIC",1960,NA
"NIC",1961,NA
"NIC",1962,NA
"NIC",1963,NA
"NIC",1964,NA
"NIC",1965,NA
"NIC",1966,NA
"NIC",1967,NA
"NIC",1968,NA
"NIC",1969,NA
"NIC",1970,NA
"NIC",1971,NA
"NIC",1972,NA
"NIC",1973,NA
"NIC",1974,NA
"NIC",1975,NA
"NIC",1976,NA
"NIC",1977,NA
"NIC",1978,NA
"NIC",1979,NA
"NIC",1980,NA
"NIC",1981,NA
"NIC",1982,NA
"NIC",1983,NA
"NIC",1984,NA
"NIC",1985,NA
"NIC",1986,NA
"NIC",1987,NA
"NIC",1988,NA
"NIC",1989,NA
"NIC",1990,NA
"NIC",1991,NA
"NIC",1992,NA
"NIC",1993,38.3
"NIC",1994,NA
"NIC",1995,NA
"NIC",1996,NA
"NIC",1997,NA
"NIC",1998,25.8
"NIC",1999,NA
"NIC",2000,NA
"NIC",2001,17.8
"NIC",2002,NA
"NIC",2003,NA
"NIC",2004,NA
"NIC",2005,9.1
"NIC",2006,NA
"NIC",2007,NA
"NIC",2008,NA
"NIC",2009,8.3
"NIC",2010,NA
"NIC",2011,NA
"NIC",2012,NA
"NIC",2013,NA
"NIC",2014,3.9
"NIC",2015,NA
"NIC",2016,NA
"NIC",2017,NA
"NIC",2018,NA
"NIC",2019,NA
"NIC",2020,NA
"NIC",2021,NA
"NIC",2022,NA
"NIC",2023,NA
"NIC",2024,NA
"NLD",1960,NA
"NLD",1961,NA
"NLD",1962,NA
"NLD",1963,NA
"NLD",1964,NA
"NLD",1965,NA
"NLD",1966,NA
"NLD",1967,NA
"NLD",1968,NA
"NLD",1969,NA
"NLD",1970,NA
"NLD",1971,NA
"NLD",1972,NA
"NLD",1973,NA
"NLD",1974,NA
"NLD",1975,NA
"NLD",1976,NA
"NLD",1977,NA
"NLD",1978,NA
"NLD",1979,NA
"NLD",1980,NA
"NLD",1981,NA
"NLD",1982,NA
"NLD",1983,0.5
"NLD",1984,NA
"NLD",1985,NA
"NLD",1986,NA
"NLD",1987,0.2
"NLD",1988,NA
"NLD",1989,NA
"NLD",1990,1
"NLD",1991,NA
"NLD",1992,NA
"NLD",1993,1.2
"NLD",1994,NA
"NLD",1995,NA
"NLD",1996,NA
"NLD",1997,NA
"NLD",1998,NA
"NLD",1999,0.2
"NLD",2000,NA
"NLD",2001,NA
"NLD",2002,NA
"NLD",2003,NA
"NLD",2004,0.2
"NLD",2005,0.1
"NLD",2006,0
"NLD",2007,0
"NLD",2008,0.1
"NLD",2009,0.1
"NLD",2010,0
"NLD",2011,0.1
"NLD",2012,0.1
"NLD",2013,0.1
"NLD",2014,0.1
"NLD",2015,0.1
"NLD",2016,0
"NLD",2017,0.2
"NLD",2018,0.1
"NLD",2019,0.1
"NLD",2020,0
"NLD",2021,0.1
"NLD",2022,NA
"NLD",2023,NA
"NLD",2024,NA
"NOR",1960,NA
"NOR",1961,NA
"NOR",1962,NA
"NOR",1963,NA
"NOR",1964,NA
"NOR",1965,NA
"NOR",1966,NA
"NOR",1967,NA
"NOR",1968,NA
"NOR",1969,NA
"NOR",1970,NA
"NOR",1971,NA
"NOR",1972,NA
"NOR",1973,NA
"NOR",1974,NA
"NOR",1975,NA
"NOR",1976,NA
"NOR",1977,NA
"NOR",1978,NA
"NOR",1979,0.2
"NOR",1980,NA
"NOR",1981,NA
"NOR",1982,NA
"NOR",1983,NA
"NOR",1984,NA
"NOR",1985,NA
"NOR",1986,0.2
"NOR",1987,NA
"NOR",1988,NA
"NOR",1989,NA
"NOR",1990,NA
"NOR",1991,0.5
"NOR",1992,NA
"NOR",1993,NA
"NOR",1994,NA
"NOR",1995,0.5
"NOR",1996,NA
"NOR",1997,NA
"NOR",1998,NA
"NOR",1999,NA
"NOR",2000,0.2
"NOR",2001,NA
"NOR",2002,NA
"NOR",2003,0.2
"NOR",2004,0.3
"NOR",2005,0.2
"NOR",2006,0.1
"NOR",2007,0.1
"NOR",2008,0.2
"NOR",2009,0.1
"NOR",2010,0.2
"NOR",2011,0.1
"NOR",2012,0.1
"NOR",2013,0.1
"NOR",2014,0.1
"NOR",2015,0.2
"NOR",2016,0.3
"NOR",2017,0.3
"NOR",2018,0.3
"NOR",2019,0.2
"NOR",2020,NA
"NOR",2021,NA
"NOR",2022,NA
"NOR",2023,NA
"NOR",2024,NA
"NPL",1960,NA
"NPL",1961,NA
"NPL",1962,NA
"NPL",1963,NA
"NPL",1964,NA
"NPL",1965,NA
"NPL",1966,NA
"NPL",1967,NA
"NPL",1968,NA
"NPL",1969,NA
"NPL",1970,NA
"NPL",1971,NA
"NPL",1972,NA
"NPL",1973,NA
"NPL",1974,NA
"NPL",1975,NA
"NPL",1976,NA
"NPL",1977,NA
"NPL",1978,NA
"NPL",1979,NA
"NPL",1980,NA
"NPL",1981,NA
"NPL",1982,NA
"NPL",1983,NA
"NPL",1984,NA
"NPL",1985,NA
"NPL",1986,NA
"NPL",1987,NA
"NPL",1988,NA
"NPL",1989,NA
"NPL",1990,NA
"NPL",1991,NA
"NPL",1992,NA
"NPL",1993,NA
"NPL",1994,NA
"NPL",1995,55.2
"NPL",1996,NA
"NPL",1997,NA
"NPL",1998,NA
"NPL",1999,NA
"NPL",2000,NA
"NPL",2001,NA
"NPL",2002,NA
"NPL",2003,40.3
"NPL",2004,NA
"NPL",2005,NA
"NPL",2006,NA
"NPL",2007,NA
"NPL",2008,NA
"NPL",2009,NA
"NPL",2010,8.2
"NPL",2011,NA
"NPL",2012,NA
"NPL",2013,NA
"NPL",2014,NA
"NPL",2015,NA
"NPL",2016,NA
"NPL",2017,NA
"NPL",2018,NA
"NPL",2019,NA
"NPL",2020,NA
"NPL",2021,NA
"NPL",2022,0.4
"NPL",2023,NA
"NPL",2024,NA
"NRU",1960,NA
"NRU",1961,NA
"NRU",1962,NA
"NRU",1963,NA
"NRU",1964,NA
"NRU",1965,NA
"NRU",1966,NA
"NRU",1967,NA
"NRU",1968,NA
"NRU",1969,NA
"NRU",1970,NA
"NRU",1971,NA
"NRU",1972,NA
"NRU",1973,NA
"NRU",1974,NA
"NRU",1975,NA
"NRU",1976,NA
"NRU",1977,NA
"NRU",1978,NA
"NRU",1979,NA
"NRU",1980,NA
"NRU",1981,NA
"NRU",1982,NA
"NRU",1983,NA
"NRU",1984,NA
"NRU",1985,NA
"NRU",1986,NA
"NRU",1987,NA
"NRU",1988,NA
"NRU",1989,NA
"NRU",1990,NA
"NRU",1991,NA
"NRU",1992,NA
"NRU",1993,NA
"NRU",1994,NA
"NRU",1995,NA
"NRU",1996,NA
"NRU",1997,NA
"NRU",1998,NA
"NRU",1999,NA
"NRU",2000,NA
"NRU",2001,NA
"NRU",2002,NA
"NRU",2003,NA
"NRU",2004,NA
"NRU",2005,NA
"NRU",2006,NA
"NRU",2007,NA
"NRU",2008,NA
"NRU",2009,NA
"NRU",2010,NA
"NRU",2011,NA
"NRU",2012,1.7
"NRU",2013,NA
"NRU",2014,NA
"NRU",2015,NA
"NRU",2016,NA
"NRU",2017,NA
"NRU",2018,NA
"NRU",2019,NA
"NRU",2020,NA
"NRU",2021,NA
"NRU",2022,NA
"NRU",2023,NA
"NRU",2024,NA
"NZL",1960,NA
"NZL",1961,NA
"NZL",1962,NA
"NZL",1963,NA
"NZL",1964,NA
"NZL",1965,NA
"NZL",1966,NA
"NZL",1967,NA
"NZL",1968,NA
"NZL",1969,NA
"NZL",1970,NA
"NZL",1971,NA
"NZL",1972,NA
"NZL",1973,NA
"NZL",1974,NA
"NZL",1975,NA
"NZL",1976,NA
"NZL",1977,NA
"NZL",1978,NA
"NZL",1979,NA
"NZL",1980,NA
"NZL",1981,NA
"NZL",1982,NA
"NZL",1983,NA
"NZL",1984,NA
"NZL",1985,NA
"NZL",1986,NA
"NZL",1987,NA
"NZL",1988,NA
"NZL",1989,NA
"NZL",1990,NA
"NZL",1991,NA
"NZL",1992,NA
"NZL",1993,NA
"NZL",1994,NA
"NZL",1995,NA
"NZL",1996,NA
"NZL",1997,NA
"NZL",1998,NA
"NZL",1999,NA
"NZL",2000,NA
"NZL",2001,NA
"NZL",2002,NA
"NZL",2003,NA
"NZL",2004,NA
"NZL",2005,NA
"NZL",2006,NA
"NZL",2007,NA
"NZL",2008,NA
"NZL",2009,NA
"NZL",2010,NA
"NZL",2011,NA
"NZL",2012,NA
"NZL",2013,NA
"NZL",2014,NA
"NZL",2015,NA
"NZL",2016,NA
"NZL",2017,NA
"NZL",2018,NA
"NZL",2019,NA
"NZL",2020,NA
"NZL",2021,NA
"NZL",2022,NA
"NZL",2023,NA
"NZL",2024,NA
"OED",1960,NA
"OED",1961,NA
"OED",1962,NA
"OED",1963,NA
"OED",1964,NA
"OED",1965,NA
"OED",1966,NA
"OED",1967,NA
"OED",1968,NA
"OED",1969,NA
"OED",1970,NA
"OED",1971,NA
"OED",1972,NA
"OED",1973,NA
"OED",1974,NA
"OED",1975,NA
"OED",1976,NA
"OED",1977,NA
"OED",1978,NA
"OED",1979,NA
"OED",1980,NA
"OED",1981,NA
"OED",1982,NA
"OED",1983,NA
"OED",1984,NA
"OED",1985,NA
"OED",1986,NA
"OED",1987,NA
"OED",1988,NA
"OED",1989,NA
"OED",1990,NA
"OED",1991,NA
"OED",1992,NA
"OED",1993,NA
"OED",1994,NA
"OED",1995,NA
"OED",1996,NA
"OED",1997,NA
"OED",1998,NA
"OED",1999,NA
"OED",2000,NA
"OED",2001,NA
"OED",2002,NA
"OED",2003,NA
"OED",2004,NA
"OED",2005,NA
"OED",2006,NA
"OED",2007,NA
"OED",2008,NA
"OED",2009,NA
"OED",2010,NA
"OED",2011,NA
"OED",2012,NA
"OED",2013,NA
"OED",2014,NA
"OED",2015,NA
"OED",2016,NA
"OED",2017,NA
"OED",2018,NA
"OED",2019,NA
"OED",2020,NA
"OED",2021,NA
"OED",2022,NA
"OED",2023,NA
"OED",2024,NA
"OMN",1960,NA
"OMN",1961,NA
"OMN",1962,NA
"OMN",1963,NA
"OMN",1964,NA
"OMN",1965,NA
"OMN",1966,NA
"OMN",1967,NA
"OMN",1968,NA
"OMN",1969,NA
"OMN",1970,NA
"OMN",1971,NA
"OMN",1972,NA
"OMN",1973,NA
"OMN",1974,NA
"OMN",1975,NA
"OMN",1976,NA
"OMN",1977,NA
"OMN",1978,NA
"OMN",1979,NA
"OMN",1980,NA
"OMN",1981,NA
"OMN",1982,NA
"OMN",1983,NA
"OMN",1984,NA
"OMN",1985,NA
"OMN",1986,NA
"OMN",1987,NA
"OMN",1988,NA
"OMN",1989,NA
"OMN",1990,NA
"OMN",1991,NA
"OMN",1992,NA
"OMN",1993,NA
"OMN",1994,NA
"OMN",1995,NA
"OMN",1996,NA
"OMN",1997,NA
"OMN",1998,NA
"OMN",1999,NA
"OMN",2000,NA
"OMN",2001,NA
"OMN",2002,NA
"OMN",2003,NA
"OMN",2004,NA
"OMN",2005,NA
"OMN",2006,NA
"OMN",2007,NA
"OMN",2008,NA
"OMN",2009,NA
"OMN",2010,NA
"OMN",2011,NA
"OMN",2012,NA
"OMN",2013,NA
"OMN",2014,NA
"OMN",2015,NA
"OMN",2016,NA
"OMN",2017,NA
"OMN",2018,NA
"OMN",2019,NA
"OMN",2020,NA
"OMN",2021,NA
"OMN",2022,NA
"OMN",2023,NA
"OMN",2024,NA
"OSS",1960,NA
"OSS",1961,NA
"OSS",1962,NA
"OSS",1963,NA
"OSS",1964,NA
"OSS",1965,NA
"OSS",1966,NA
"OSS",1967,NA
"OSS",1968,NA
"OSS",1969,NA
"OSS",1970,NA
"OSS",1971,NA
"OSS",1972,NA
"OSS",1973,NA
"OSS",1974,NA
"OSS",1975,NA
"OSS",1976,NA
"OSS",1977,NA
"OSS",1978,NA
"OSS",1979,NA
"OSS",1980,NA
"OSS",1981,NA
"OSS",1982,NA
"OSS",1983,NA
"OSS",1984,NA
"OSS",1985,NA
"OSS",1986,NA
"OSS",1987,NA
"OSS",1988,NA
"OSS",1989,NA
"OSS",1990,NA
"OSS",1991,NA
"OSS",1992,NA
"OSS",1993,NA
"OSS",1994,NA
"OSS",1995,NA
"OSS",1996,NA
"OSS",1997,NA
"OSS",1998,NA
"OSS",1999,NA
"OSS",2000,NA
"OSS",2001,NA
"OSS",2002,NA
"OSS",2003,NA
"OSS",2004,NA
"OSS",2005,NA
"OSS",2006,NA
"OSS",2007,NA
"OSS",2008,NA
"OSS",2009,NA
"OSS",2010,NA
"OSS",2011,NA
"OSS",2012,NA
"OSS",2013,NA
"OSS",2014,NA
"OSS",2015,NA
"OSS",2016,NA
"OSS",2017,NA
"OSS",2018,NA
"OSS",2019,NA
"OSS",2020,NA
"OSS",2021,NA
"OSS",2022,NA
"OSS",2023,NA
"OSS",2024,NA
"PAK",1960,NA
"PAK",1961,NA
"PAK",1962,NA
"PAK",1963,NA
"PAK",1964,NA
"PAK",1965,NA
"PAK",1966,NA
"PAK",1967,NA
"PAK",1968,NA
"PAK",1969,NA
"PAK",1970,NA
"PAK",1971,NA
"PAK",1972,NA
"PAK",1973,NA
"PAK",1974,NA
"PAK",1975,NA
"PAK",1976,NA
"PAK",1977,NA
"PAK",1978,NA
"PAK",1979,NA
"PAK",1980,NA
"PAK",1981,NA
"PAK",1982,NA
"PAK",1983,NA
"PAK",1984,NA
"PAK",1985,NA
"PAK",1986,NA
"PAK",1987,67.3
"PAK",1988,NA
"PAK",1989,NA
"PAK",1990,65.1
"PAK",1991,NA
"PAK",1992,NA
"PAK",1993,NA
"PAK",1994,NA
"PAK",1995,NA
"PAK",1996,22.3
"PAK",1997,NA
"PAK",1998,29.8
"PAK",1999,NA
"PAK",2000,NA
"PAK",2001,33.3
"PAK",2002,NA
"PAK",2003,NA
"PAK",2004,20.2
"PAK",2005,20.3
"PAK",2006,NA
"PAK",2007,14.9
"PAK",2008,NA
"PAK",2009,NA
"PAK",2010,9.4
"PAK",2011,9.6
"PAK",2012,NA
"PAK",2013,7.4
"PAK",2014,NA
"PAK",2015,5.1
"PAK",2016,NA
"PAK",2017,NA
"PAK",2018,4.9
"PAK",2019,NA
"PAK",2020,NA
"PAK",2021,NA
"PAK",2022,NA
"PAK",2023,NA
"PAK",2024,NA
"PAN",1960,NA
"PAN",1961,NA
"PAN",1962,NA
"PAN",1963,NA
"PAN",1964,NA
"PAN",1965,NA
"PAN",1966,NA
"PAN",1967,NA
"PAN",1968,NA
"PAN",1969,NA
"PAN",1970,NA
"PAN",1971,NA
"PAN",1972,NA
"PAN",1973,NA
"PAN",1974,NA
"PAN",1975,NA
"PAN",1976,NA
"PAN",1977,NA
"PAN",1978,NA
"PAN",1979,6.2
"PAN",1980,NA
"PAN",1981,NA
"PAN",1982,NA
"PAN",1983,NA
"PAN",1984,NA
"PAN",1985,NA
"PAN",1986,NA
"PAN",1987,NA
"PAN",1988,NA
"PAN",1989,22.4
"PAN",1990,NA
"PAN",1991,20.1
"PAN",1992,NA
"PAN",1993,NA
"PAN",1994,NA
"PAN",1995,15.2
"PAN",1996,NA
"PAN",1997,14.2
"PAN",1998,14.5
"PAN",1999,12.3
"PAN",2000,11.1
"PAN",2001,14
"PAN",2002,9.6
"PAN",2003,9.9
"PAN",2004,8.7
"PAN",2005,8.6
"PAN",2006,9.4
"PAN",2007,6.7
"PAN",2008,4.1
"PAN",2009,2.5
"PAN",2010,3.4
"PAN",2011,2.5
"PAN",2012,3.5
"PAN",2013,2.2
"PAN",2014,2.9
"PAN",2015,1.5
"PAN",2016,1.5
"PAN",2017,2.1
"PAN",2018,1.4
"PAN",2019,1
"PAN",2020,NA
"PAN",2021,1.1
"PAN",2022,NA
"PAN",2023,1.3
"PAN",2024,NA
"PER",1960,NA
"PER",1961,NA
"PER",1962,NA
"PER",1963,NA
"PER",1964,NA
"PER",1965,NA
"PER",1966,NA
"PER",1967,NA
"PER",1968,NA
"PER",1969,NA
"PER",1970,NA
"PER",1971,NA
"PER",1972,NA
"PER",1973,NA
"PER",1974,NA
"PER",1975,NA
"PER",1976,NA
"PER",1977,NA
"PER",1978,NA
"PER",1979,NA
"PER",1980,NA
"PER",1981,NA
"PER",1982,NA
"PER",1983,NA
"PER",1984,NA
"PER",1985,NA
"PER",1986,NA
"PER",1987,NA
"PER",1988,NA
"PER",1989,NA
"PER",1990,NA
"PER",1991,NA
"PER",1992,NA
"PER",1993,NA
"PER",1994,NA
"PER",1995,NA
"PER",1996,NA
"PER",1997,19.8
"PER",1998,19.4
"PER",1999,19.3
"PER",2000,19.3
"PER",2001,20.3
"PER",2002,17.5
"PER",2003,14.7
"PER",2004,16.3
"PER",2005,17.8
"PER",2006,15.6
"PER",2007,13.2
"PER",2008,10.9
"PER",2009,8.8
"PER",2010,6.8
"PER",2011,6.5
"PER",2012,6.1
"PER",2013,5.4
"PER",2014,4.8
"PER",2015,4.7
"PER",2016,4.6
"PER",2017,4.5
"PER",2018,3.6
"PER",2019,3
"PER",2020,5.8
"PER",2021,2.8
"PER",2022,2.7
"PER",2023,NA
"PER",2024,NA
"PHL",1960,NA
"PHL",1961,NA
"PHL",1962,NA
"PHL",1963,NA
"PHL",1964,NA
"PHL",1965,NA
"PHL",1966,NA
"PHL",1967,NA
"PHL",1968,NA
"PHL",1969,NA
"PHL",1970,NA
"PHL",1971,NA
"PHL",1972,NA
"PHL",1973,NA
"PHL",1974,NA
"PHL",1975,NA
"PHL",1976,NA
"PHL",1977,NA
"PHL",1978,NA
"PHL",1979,NA
"PHL",1980,NA
"PHL",1981,NA
"PHL",1982,NA
"PHL",1983,NA
"PHL",1984,NA
"PHL",1985,NA
"PHL",1986,NA
"PHL",1987,NA
"PHL",1988,NA
"PHL",1989,NA
"PHL",1990,NA
"PHL",1991,NA
"PHL",1992,NA
"PHL",1993,NA
"PHL",1994,NA
"PHL",1995,NA
"PHL",1996,NA
"PHL",1997,NA
"PHL",1998,NA
"PHL",1999,NA
"PHL",2000,14.5
"PHL",2001,NA
"PHL",2002,NA
"PHL",2003,13.6
"PHL",2004,NA
"PHL",2005,NA
"PHL",2006,14.9
"PHL",2007,NA
"PHL",2008,NA
"PHL",2009,11.3
"PHL",2010,NA
"PHL",2011,NA
"PHL",2012,10.9
"PHL",2013,NA
"PHL",2014,NA
"PHL",2015,6.5
"PHL",2016,NA
"PHL",2017,NA
"PHL",2018,3
"PHL",2019,NA
"PHL",2020,NA
"PHL",2021,3
"PHL",2022,NA
"PHL",2023,NA
"PHL",2024,NA
"PLW",1960,NA
"PLW",1961,NA
"PLW",1962,NA
"PLW",1963,NA
"PLW",1964,NA
"PLW",1965,NA
"PLW",1966,NA
"PLW",1967,NA
"PLW",1968,NA
"PLW",1969,NA
"PLW",1970,NA
"PLW",1971,NA
"PLW",1972,NA
"PLW",1973,NA
"PLW",1974,NA
"PLW",1975,NA
"PLW",1976,NA
"PLW",1977,NA
"PLW",1978,NA
"PLW",1979,NA
"PLW",1980,NA
"PLW",1981,NA
"PLW",1982,NA
"PLW",1983,NA
"PLW",1984,NA
"PLW",1985,NA
"PLW",1986,NA
"PLW",1987,NA
"PLW",1988,NA
"PLW",1989,NA
"PLW",1990,NA
"PLW",1991,NA
"PLW",1992,NA
"PLW",1993,NA
"PLW",1994,NA
"PLW",1995,NA
"PLW",1996,NA
"PLW",1997,NA
"PLW",1998,NA
"PLW",1999,NA
"PLW",2000,NA
"PLW",2001,NA
"PLW",2002,NA
"PLW",2003,NA
"PLW",2004,NA
"PLW",2005,NA
"PLW",2006,NA
"PLW",2007,NA
"PLW",2008,NA
"PLW",2009,NA
"PLW",2010,NA
"PLW",2011,NA
"PLW",2012,NA
"PLW",2013,NA
"PLW",2014,NA
"PLW",2015,NA
"PLW",2016,NA
"PLW",2017,NA
"PLW",2018,NA
"PLW",2019,NA
"PLW",2020,NA
"PLW",2021,NA
"PLW",2022,NA
"PLW",2023,NA
"PLW",2024,NA
"PNG",1960,NA
"PNG",1961,NA
"PNG",1962,NA
"PNG",1963,NA
"PNG",1964,NA
"PNG",1965,NA
"PNG",1966,NA
"PNG",1967,NA
"PNG",1968,NA
"PNG",1969,NA
"PNG",1970,NA
"PNG",1971,NA
"PNG",1972,NA
"PNG",1973,NA
"PNG",1974,NA
"PNG",1975,NA
"PNG",1976,NA
"PNG",1977,NA
"PNG",1978,NA
"PNG",1979,NA
"PNG",1980,NA
"PNG",1981,NA
"PNG",1982,NA
"PNG",1983,NA
"PNG",1984,NA
"PNG",1985,NA
"PNG",1986,NA
"PNG",1987,NA
"PNG",1988,NA
"PNG",1989,NA
"PNG",1990,NA
"PNG",1991,NA
"PNG",1992,NA
"PNG",1993,NA
"PNG",1994,NA
"PNG",1995,NA
"PNG",1996,52.6
"PNG",1997,NA
"PNG",1998,NA
"PNG",1999,NA
"PNG",2000,NA
"PNG",2001,NA
"PNG",2002,NA
"PNG",2003,NA
"PNG",2004,NA
"PNG",2005,NA
"PNG",2006,NA
"PNG",2007,NA
"PNG",2008,NA
"PNG",2009,39.7
"PNG",2010,NA
"PNG",2011,NA
"PNG",2012,NA
"PNG",2013,NA
"PNG",2014,NA
"PNG",2015,NA
"PNG",2016,NA
"PNG",2017,NA
"PNG",2018,NA
"PNG",2019,NA
"PNG",2020,NA
"PNG",2021,NA
"PNG",2022,NA
"PNG",2023,NA
"PNG",2024,NA
"POL",1960,NA
"POL",1961,NA
"POL",1962,NA
"POL",1963,NA
"POL",1964,NA
"POL",1965,NA
"POL",1966,NA
"POL",1967,NA
"POL",1968,NA
"POL",1969,NA
"POL",1970,NA
"POL",1971,NA
"POL",1972,NA
"POL",1973,NA
"POL",1974,NA
"POL",1975,NA
"POL",1976,NA
"POL",1977,NA
"POL",1978,NA
"POL",1979,NA
"POL",1980,NA
"POL",1981,NA
"POL",1982,NA
"POL",1983,NA
"POL",1984,NA
"POL",1985,NA
"POL",1986,NA
"POL",1987,NA
"POL",1988,NA
"POL",1989,NA
"POL",1990,NA
"POL",1991,NA
"POL",1992,NA
"POL",1993,NA
"POL",1994,NA
"POL",1995,NA
"POL",1996,NA
"POL",1997,NA
"POL",1998,NA
"POL",1999,NA
"POL",2000,NA
"POL",2001,NA
"POL",2002,NA
"POL",2003,NA
"POL",2004,2.2
"POL",2005,0.9
"POL",2006,0.7
"POL",2007,0.5
"POL",2008,0.2
"POL",2009,0.4
"POL",2010,0.3
"POL",2011,0.3
"POL",2012,0.2
"POL",2013,0.4
"POL",2014,0.4
"POL",2015,0.4
"POL",2016,0.2
"POL",2017,0.3
"POL",2018,0.2
"POL",2019,0.1
"POL",2020,0.1
"POL",2021,0.1
"POL",2022,NA
"POL",2023,NA
"POL",2024,NA
"PRE",1960,NA
"PRE",1961,NA
"PRE",1962,NA
"PRE",1963,NA
"PRE",1964,NA
"PRE",1965,NA
"PRE",1966,NA
"PRE",1967,NA
"PRE",1968,NA
"PRE",1969,NA
"PRE",1970,NA
"PRE",1971,NA
"PRE",1972,NA
"PRE",1973,NA
"PRE",1974,NA
"PRE",1975,NA
"PRE",1976,NA
"PRE",1977,NA
"PRE",1978,NA
"PRE",1979,NA
"PRE",1980,NA
"PRE",1981,NA
"PRE",1982,NA
"PRE",1983,NA
"PRE",1984,NA
"PRE",1985,NA
"PRE",1986,NA
"PRE",1987,NA
"PRE",1988,NA
"PRE",1989,NA
"PRE",1990,NA
"PRE",1991,NA
"PRE",1992,NA
"PRE",1993,NA
"PRE",1994,NA
"PRE",1995,NA
"PRE",1996,NA
"PRE",1997,NA
"PRE",1998,NA
"PRE",1999,NA
"PRE",2000,NA
"PRE",2001,NA
"PRE",2002,NA
"PRE",2003,NA
"PRE",2004,NA
"PRE",2005,NA
"PRE",2006,NA
"PRE",2007,NA
"PRE",2008,NA
"PRE",2009,NA
"PRE",2010,NA
"PRE",2011,NA
"PRE",2012,NA
"PRE",2013,NA
"PRE",2014,NA
"PRE",2015,NA
"PRE",2016,NA
"PRE",2017,NA
"PRE",2018,NA
"PRE",2019,NA
"PRE",2020,NA
"PRE",2021,NA
"PRE",2022,NA
"PRE",2023,NA
"PRE",2024,NA
"PRI",1960,NA
"PRI",1961,NA
"PRI",1962,NA
"PRI",1963,NA
"PRI",1964,NA
"PRI",1965,NA
"PRI",1966,NA
"PRI",1967,NA
"PRI",1968,NA
"PRI",1969,NA
"PRI",1970,NA
"PRI",1971,NA
"PRI",1972,NA
"PRI",1973,NA
"PRI",1974,NA
"PRI",1975,NA
"PRI",1976,NA
"PRI",1977,NA
"PRI",1978,NA
"PRI",1979,NA
"PRI",1980,NA
"PRI",1981,NA
"PRI",1982,NA
"PRI",1983,NA
"PRI",1984,NA
"PRI",1985,NA
"PRI",1986,NA
"PRI",1987,NA
"PRI",1988,NA
"PRI",1989,NA
"PRI",1990,NA
"PRI",1991,NA
"PRI",1992,NA
"PRI",1993,NA
"PRI",1994,NA
"PRI",1995,NA
"PRI",1996,NA
"PRI",1997,NA
"PRI",1998,NA
"PRI",1999,NA
"PRI",2000,NA
"PRI",2001,NA
"PRI",2002,NA
"PRI",2003,NA
"PRI",2004,NA
"PRI",2005,NA
"PRI",2006,NA
"PRI",2007,NA
"PRI",2008,NA
"PRI",2009,NA
"PRI",2010,NA
"PRI",2011,NA
"PRI",2012,NA
"PRI",2013,NA
"PRI",2014,NA
"PRI",2015,NA
"PRI",2016,NA
"PRI",2017,NA
"PRI",2018,NA
"PRI",2019,NA
"PRI",2020,NA
"PRI",2021,NA
"PRI",2022,NA
"PRI",2023,NA
"PRI",2024,NA
"PRK",1960,NA
"PRK",1961,NA
"PRK",1962,NA
"PRK",1963,NA
"PRK",1964,NA
"PRK",1965,NA
"PRK",1966,NA
"PRK",1967,NA
"PRK",1968,NA
"PRK",1969,NA
"PRK",1970,NA
"PRK",1971,NA
"PRK",1972,NA
"PRK",1973,NA
"PRK",1974,NA
"PRK",1975,NA
"PRK",1976,NA
"PRK",1977,NA
"PRK",1978,NA
"PRK",1979,NA
"PRK",1980,NA
"PRK",1981,NA
"PRK",1982,NA
"PRK",1983,NA
"PRK",1984,NA
"PRK",1985,NA
"PRK",1986,NA
"PRK",1987,NA
"PRK",1988,NA
"PRK",1989,NA
"PRK",1990,NA
"PRK",1991,NA
"PRK",1992,NA
"PRK",1993,NA
"PRK",1994,NA
"PRK",1995,NA
"PRK",1996,NA
"PRK",1997,NA
"PRK",1998,NA
"PRK",1999,NA
"PRK",2000,NA
"PRK",2001,NA
"PRK",2002,NA
"PRK",2003,NA
"PRK",2004,NA
"PRK",2005,NA
"PRK",2006,NA
"PRK",2007,NA
"PRK",2008,NA
"PRK",2009,NA
"PRK",2010,NA
"PRK",2011,NA
"PRK",2012,NA
"PRK",2013,NA
"PRK",2014,NA
"PRK",2015,NA
"PRK",2016,NA
"PRK",2017,NA
"PRK",2018,NA
"PRK",2019,NA
"PRK",2020,NA
"PRK",2021,NA
"PRK",2022,NA
"PRK",2023,NA
"PRK",2024,NA
"PRT",1960,NA
"PRT",1961,NA
"PRT",1962,NA
"PRT",1963,NA
"PRT",1964,NA
"PRT",1965,NA
"PRT",1966,NA
"PRT",1967,NA
"PRT",1968,NA
"PRT",1969,NA
"PRT",1970,NA
"PRT",1971,NA
"PRT",1972,NA
"PRT",1973,NA
"PRT",1974,NA
"PRT",1975,NA
"PRT",1976,NA
"PRT",1977,NA
"PRT",1978,NA
"PRT",1979,NA
"PRT",1980,NA
"PRT",1981,NA
"PRT",1982,NA
"PRT",1983,NA
"PRT",1984,NA
"PRT",1985,NA
"PRT",1986,NA
"PRT",1987,NA
"PRT",1988,NA
"PRT",1989,NA
"PRT",1990,NA
"PRT",1991,NA
"PRT",1992,NA
"PRT",1993,NA
"PRT",1994,NA
"PRT",1995,NA
"PRT",1996,NA
"PRT",1997,NA
"PRT",1998,NA
"PRT",1999,NA
"PRT",2000,NA
"PRT",2001,NA
"PRT",2002,NA
"PRT",2003,0.9
"PRT",2004,0.5
"PRT",2005,0.5
"PRT",2006,0.1
"PRT",2007,0.3
"PRT",2008,0.1
"PRT",2009,0.2
"PRT",2010,0.1
"PRT",2011,0.5
"PRT",2012,0.7
"PRT",2013,0.9
"PRT",2014,0.5
"PRT",2015,0.5
"PRT",2016,0.4
"PRT",2017,0.4
"PRT",2018,0.3
"PRT",2019,0.1
"PRT",2020,0.5
"PRT",2021,0.2
"PRT",2022,NA
"PRT",2023,NA
"PRT",2024,NA
"PRY",1960,NA
"PRY",1961,NA
"PRY",1962,NA
"PRY",1963,NA
"PRY",1964,NA
"PRY",1965,NA
"PRY",1966,NA
"PRY",1967,NA
"PRY",1968,NA
"PRY",1969,NA
"PRY",1970,NA
"PRY",1971,NA
"PRY",1972,NA
"PRY",1973,NA
"PRY",1974,NA
"PRY",1975,NA
"PRY",1976,NA
"PRY",1977,NA
"PRY",1978,NA
"PRY",1979,NA
"PRY",1980,NA
"PRY",1981,NA
"PRY",1982,NA
"PRY",1983,NA
"PRY",1984,NA
"PRY",1985,NA
"PRY",1986,NA
"PRY",1987,NA
"PRY",1988,NA
"PRY",1989,NA
"PRY",1990,1.2
"PRY",1991,NA
"PRY",1992,NA
"PRY",1993,NA
"PRY",1994,NA
"PRY",1995,12.4
"PRY",1996,NA
"PRY",1997,10.6
"PRY",1998,NA
"PRY",1999,10.2
"PRY",2000,NA
"PRY",2001,8.9
"PRY",2002,13.2
"PRY",2003,8.3
"PRY",2004,5.7
"PRY",2005,6.1
"PRY",2006,7.9
"PRY",2007,7.8
"PRY",2008,4.3
"PRY",2009,5.8
"PRY",2010,5.5
"PRY",2011,5
"PRY",2012,3.3
"PRY",2013,1.8
"PRY",2014,2.4
"PRY",2015,1.9
"PRY",2016,1.7
"PRY",2017,1
"PRY",2018,1.4
"PRY",2019,1
"PRY",2020,0.8
"PRY",2021,0.7
"PRY",2022,1.3
"PRY",2023,NA
"PRY",2024,NA
"PSE",1960,NA
"PSE",1961,NA
"PSE",1962,NA
"PSE",1963,NA
"PSE",1964,NA
"PSE",1965,NA
"PSE",1966,NA
"PSE",1967,NA
"PSE",1968,NA
"PSE",1969,NA
"PSE",1970,NA
"PSE",1971,NA
"PSE",1972,NA
"PSE",1973,NA
"PSE",1974,NA
"PSE",1975,NA
"PSE",1976,NA
"PSE",1977,NA
"PSE",1978,NA
"PSE",1979,NA
"PSE",1980,NA
"PSE",1981,NA
"PSE",1982,NA
"PSE",1983,NA
"PSE",1984,NA
"PSE",1985,NA
"PSE",1986,NA
"PSE",1987,NA
"PSE",1988,NA
"PSE",1989,NA
"PSE",1990,NA
"PSE",1991,NA
"PSE",1992,NA
"PSE",1993,NA
"PSE",1994,NA
"PSE",1995,NA
"PSE",1996,NA
"PSE",1997,NA
"PSE",1998,NA
"PSE",1999,NA
"PSE",2000,NA
"PSE",2001,NA
"PSE",2002,NA
"PSE",2003,NA
"PSE",2004,0.6
"PSE",2005,0.2
"PSE",2006,0.3
"PSE",2007,1.4
"PSE",2008,NA
"PSE",2009,0.3
"PSE",2010,0
"PSE",2011,0.2
"PSE",2012,NA
"PSE",2013,NA
"PSE",2014,NA
"PSE",2015,NA
"PSE",2016,0.5
"PSE",2017,NA
"PSE",2018,NA
"PSE",2019,NA
"PSE",2020,NA
"PSE",2021,NA
"PSE",2022,NA
"PSE",2023,NA
"PSE",2024,NA
"PSS",1960,NA
"PSS",1961,NA
"PSS",1962,NA
"PSS",1963,NA
"PSS",1964,NA
"PSS",1965,NA
"PSS",1966,NA
"PSS",1967,NA
"PSS",1968,NA
"PSS",1969,NA
"PSS",1970,NA
"PSS",1971,NA
"PSS",1972,NA
"PSS",1973,NA
"PSS",1974,NA
"PSS",1975,NA
"PSS",1976,NA
"PSS",1977,NA
"PSS",1978,NA
"PSS",1979,NA
"PSS",1980,NA
"PSS",1981,NA
"PSS",1982,NA
"PSS",1983,NA
"PSS",1984,NA
"PSS",1985,NA
"PSS",1986,NA
"PSS",1987,NA
"PSS",1988,NA
"PSS",1989,NA
"PSS",1990,NA
"PSS",1991,NA
"PSS",1992,NA
"PSS",1993,NA
"PSS",1994,NA
"PSS",1995,NA
"PSS",1996,NA
"PSS",1997,NA
"PSS",1998,NA
"PSS",1999,NA
"PSS",2000,NA
"PSS",2001,NA
"PSS",2002,NA
"PSS",2003,NA
"PSS",2004,NA
"PSS",2005,NA
"PSS",2006,NA
"PSS",2007,NA
"PSS",2008,NA
"PSS",2009,NA
"PSS",2010,NA
"PSS",2011,NA
"PSS",2012,NA
"PSS",2013,NA
"PSS",2014,NA
"PSS",2015,NA
"PSS",2016,NA
"PSS",2017,NA
"PSS",2018,NA
"PSS",2019,NA
"PSS",2020,NA
"PSS",2021,NA
"PSS",2022,NA
"PSS",2023,NA
"PSS",2024,NA
"PST",1960,NA
"PST",1961,NA
"PST",1962,NA
"PST",1963,NA
"PST",1964,NA
"PST",1965,NA
"PST",1966,NA
"PST",1967,NA
"PST",1968,NA
"PST",1969,NA
"PST",1970,NA
"PST",1971,NA
"PST",1972,NA
"PST",1973,NA
"PST",1974,NA
"PST",1975,NA
"PST",1976,NA
"PST",1977,NA
"PST",1978,NA
"PST",1979,NA
"PST",1980,NA
"PST",1981,NA
"PST",1982,NA
"PST",1983,NA
"PST",1984,NA
"PST",1985,NA
"PST",1986,NA
"PST",1987,NA
"PST",1988,NA
"PST",1989,NA
"PST",1990,NA
"PST",1991,NA
"PST",1992,NA
"PST",1993,NA
"PST",1994,NA
"PST",1995,NA
"PST",1996,NA
"PST",1997,NA
"PST",1998,NA
"PST",1999,NA
"PST",2000,NA
"PST",2001,NA
"PST",2002,NA
"PST",2003,NA
"PST",2004,NA
"PST",2005,NA
"PST",2006,NA
"PST",2007,NA
"PST",2008,NA
"PST",2009,NA
"PST",2010,NA
"PST",2011,NA
"PST",2012,NA
"PST",2013,NA
"PST",2014,NA
"PST",2015,NA
"PST",2016,NA
"PST",2017,NA
"PST",2018,NA
"PST",2019,NA
"PST",2020,NA
"PST",2021,NA
"PST",2022,NA
"PST",2023,NA
"PST",2024,NA
"PYF",1960,NA
"PYF",1961,NA
"PYF",1962,NA
"PYF",1963,NA
"PYF",1964,NA
"PYF",1965,NA
"PYF",1966,NA
"PYF",1967,NA
"PYF",1968,NA
"PYF",1969,NA
"PYF",1970,NA
"PYF",1971,NA
"PYF",1972,NA
"PYF",1973,NA
"PYF",1974,NA
"PYF",1975,NA
"PYF",1976,NA
"PYF",1977,NA
"PYF",1978,NA
"PYF",1979,NA
"PYF",1980,NA
"PYF",1981,NA
"PYF",1982,NA
"PYF",1983,NA
"PYF",1984,NA
"PYF",1985,NA
"PYF",1986,NA
"PYF",1987,NA
"PYF",1988,NA
"PYF",1989,NA
"PYF",1990,NA
"PYF",1991,NA
"PYF",1992,NA
"PYF",1993,NA
"PYF",1994,NA
"PYF",1995,NA
"PYF",1996,NA
"PYF",1997,NA
"PYF",1998,NA
"PYF",1999,NA
"PYF",2000,NA
"PYF",2001,NA
"PYF",2002,NA
"PYF",2003,NA
"PYF",2004,NA
"PYF",2005,NA
"PYF",2006,NA
"PYF",2007,NA
"PYF",2008,NA
"PYF",2009,NA
"PYF",2010,NA
"PYF",2011,NA
"PYF",2012,NA
"PYF",2013,NA
"PYF",2014,NA
"PYF",2015,NA
"PYF",2016,NA
"PYF",2017,NA
"PYF",2018,NA
"PYF",2019,NA
"PYF",2020,NA
"PYF",2021,NA
"PYF",2022,NA
"PYF",2023,NA
"PYF",2024,NA
"QAT",1960,NA
"QAT",1961,NA
"QAT",1962,NA
"QAT",1963,NA
"QAT",1964,NA
"QAT",1965,NA
"QAT",1966,NA
"QAT",1967,NA
"QAT",1968,NA
"QAT",1969,NA
"QAT",1970,NA
"QAT",1971,NA
"QAT",1972,NA
"QAT",1973,NA
"QAT",1974,NA
"QAT",1975,NA
"QAT",1976,NA
"QAT",1977,NA
"QAT",1978,NA
"QAT",1979,NA
"QAT",1980,NA
"QAT",1981,NA
"QAT",1982,NA
"QAT",1983,NA
"QAT",1984,NA
"QAT",1985,NA
"QAT",1986,NA
"QAT",1987,NA
"QAT",1988,NA
"QAT",1989,NA
"QAT",1990,NA
"QAT",1991,NA
"QAT",1992,NA
"QAT",1993,NA
"QAT",1994,NA
"QAT",1995,NA
"QAT",1996,NA
"QAT",1997,NA
"QAT",1998,NA
"QAT",1999,NA
"QAT",2000,NA
"QAT",2001,NA
"QAT",2002,NA
"QAT",2003,NA
"QAT",2004,NA
"QAT",2005,NA
"QAT",2006,NA
"QAT",2007,NA
"QAT",2008,NA
"QAT",2009,NA
"QAT",2010,NA
"QAT",2011,NA
"QAT",2012,NA
"QAT",2013,NA
"QAT",2014,NA
"QAT",2015,NA
"QAT",2016,NA
"QAT",2017,0
"QAT",2018,NA
"QAT",2019,NA
"QAT",2020,NA
"QAT",2021,NA
"QAT",2022,NA
"QAT",2023,NA
"QAT",2024,NA
"ROU",1960,NA
"ROU",1961,NA
"ROU",1962,NA
"ROU",1963,NA
"ROU",1964,NA
"ROU",1965,NA
"ROU",1966,NA
"ROU",1967,NA
"ROU",1968,NA
"ROU",1969,NA
"ROU",1970,NA
"ROU",1971,NA
"ROU",1972,NA
"ROU",1973,NA
"ROU",1974,NA
"ROU",1975,NA
"ROU",1976,NA
"ROU",1977,NA
"ROU",1978,NA
"ROU",1979,NA
"ROU",1980,NA
"ROU",1981,NA
"ROU",1982,NA
"ROU",1983,NA
"ROU",1984,NA
"ROU",1985,NA
"ROU",1986,NA
"ROU",1987,NA
"ROU",1988,NA
"ROU",1989,NA
"ROU",1990,NA
"ROU",1991,NA
"ROU",1992,NA
"ROU",1993,NA
"ROU",1994,NA
"ROU",1995,NA
"ROU",1996,NA
"ROU",1997,NA
"ROU",1998,NA
"ROU",1999,NA
"ROU",2000,NA
"ROU",2001,NA
"ROU",2002,NA
"ROU",2003,NA
"ROU",2004,NA
"ROU",2005,NA
"ROU",2006,7.4
"ROU",2007,5.3
"ROU",2008,4.1
"ROU",2009,3.1
"ROU",2010,4.2
"ROU",2011,5.4
"ROU",2012,6.2
"ROU",2013,6.6
"ROU",2014,7
"ROU",2015,5.3
"ROU",2016,3.2
"ROU",2017,3.3
"ROU",2018,2.7
"ROU",2019,2.2
"ROU",2020,1.4
"ROU",2021,1.8
"ROU",2022,NA
"ROU",2023,NA
"ROU",2024,NA
"RUS",1960,NA
"RUS",1961,NA
"RUS",1962,NA
"RUS",1963,NA
"RUS",1964,NA
"RUS",1965,NA
"RUS",1966,NA
"RUS",1967,NA
"RUS",1968,NA
"RUS",1969,NA
"RUS",1970,NA
"RUS",1971,NA
"RUS",1972,NA
"RUS",1973,NA
"RUS",1974,NA
"RUS",1975,NA
"RUS",1976,NA
"RUS",1977,NA
"RUS",1978,NA
"RUS",1979,NA
"RUS",1980,NA
"RUS",1981,NA
"RUS",1982,NA
"RUS",1983,NA
"RUS",1984,NA
"RUS",1985,NA
"RUS",1986,NA
"RUS",1987,NA
"RUS",1988,NA
"RUS",1989,NA
"RUS",1990,NA
"RUS",1991,NA
"RUS",1992,NA
"RUS",1993,NA
"RUS",1994,NA
"RUS",1995,NA
"RUS",1996,NA
"RUS",1997,NA
"RUS",1998,NA
"RUS",1999,NA
"RUS",2000,NA
"RUS",2001,NA
"RUS",2002,NA
"RUS",2003,NA
"RUS",2004,NA
"RUS",2005,NA
"RUS",2006,NA
"RUS",2007,NA
"RUS",2008,NA
"RUS",2009,NA
"RUS",2010,NA
"RUS",2011,NA
"RUS",2012,NA
"RUS",2013,NA
"RUS",2014,0.3
"RUS",2015,0.3
"RUS",2016,0.3
"RUS",2017,0.3
"RUS",2018,0.1
"RUS",2019,0.2
"RUS",2020,0.1
"RUS",2021,0.2
"RUS",2022,NA
"RUS",2023,NA
"RUS",2024,NA
"RWA",1960,NA
"RWA",1961,NA
"RWA",1962,NA
"RWA",1963,NA
"RWA",1964,NA
"RWA",1965,NA
"RWA",1966,NA
"RWA",1967,NA
"RWA",1968,NA
"RWA",1969,NA
"RWA",1970,NA
"RWA",1971,NA
"RWA",1972,NA
"RWA",1973,NA
"RWA",1974,NA
"RWA",1975,NA
"RWA",1976,NA
"RWA",1977,NA
"RWA",1978,NA
"RWA",1979,NA
"RWA",1980,NA
"RWA",1981,NA
"RWA",1982,NA
"RWA",1983,NA
"RWA",1984,NA
"RWA",1985,NA
"RWA",1986,NA
"RWA",1987,NA
"RWA",1988,NA
"RWA",1989,NA
"RWA",1990,NA
"RWA",1991,NA
"RWA",1992,NA
"RWA",1993,NA
"RWA",1994,NA
"RWA",1995,NA
"RWA",1996,NA
"RWA",1997,NA
"RWA",1998,NA
"RWA",1999,NA
"RWA",2000,75.2
"RWA",2001,NA
"RWA",2002,NA
"RWA",2003,NA
"RWA",2004,NA
"RWA",2005,66.1
"RWA",2006,NA
"RWA",2007,NA
"RWA",2008,NA
"RWA",2009,NA
"RWA",2010,59.2
"RWA",2011,NA
"RWA",2012,NA
"RWA",2013,53.7
"RWA",2014,NA
"RWA",2015,NA
"RWA",2016,52
"RWA",2017,NA
"RWA",2018,NA
"RWA",2019,NA
"RWA",2020,NA
"RWA",2021,NA
"RWA",2022,NA
"RWA",2023,NA
"RWA",2024,NA
"SAS",1960,NA
"SAS",1961,NA
"SAS",1962,NA
"SAS",1963,NA
"SAS",1964,NA
"SAS",1965,NA
"SAS",1966,NA
"SAS",1967,NA
"SAS",1968,NA
"SAS",1969,NA
"SAS",1970,NA
"SAS",1971,NA
"SAS",1972,NA
"SAS",1973,NA
"SAS",1974,NA
"SAS",1975,NA
"SAS",1976,NA
"SAS",1977,NA
"SAS",1978,NA
"SAS",1979,NA
"SAS",1980,NA
"SAS",1981,59.8
"SAS",1982,58.6
"SAS",1983,56
"SAS",1984,54.9
"SAS",1985,53.6
"SAS",1986,52.6
"SAS",1987,52.1
"SAS",1988,50.9
"SAS",1989,50.5
"SAS",1990,50
"SAS",1991,48.5
"SAS",1992,46.8
"SAS",1993,46.2
"SAS",1994,44.6
"SAS",1995,43.8
"SAS",1996,42.2
"SAS",1997,NA
"SAS",1998,NA
"SAS",1999,NA
"SAS",2000,NA
"SAS",2001,NA
"SAS",2002,40.4
"SAS",2003,38.9
"SAS",2004,37.2
"SAS",2005,35.5
"SAS",2006,33.8
"SAS",2007,32.1
"SAS",2008,30.9
"SAS",2009,29.5
"SAS",2010,25.4
"SAS",2011,21.6
"SAS",2012,19.8
"SAS",2013,18.9
"SAS",2014,17.8
"SAS",2015,16.6
"SAS",2016,15.7
"SAS",2017,12.6
"SAS",2018,10.1
"SAS",2019,10.6
"SAS",2020,13
"SAS",2021,11.4
"SAS",2022,9.7
"SAS",2023,NA
"SAS",2024,NA
"SAU",1960,NA
"SAU",1961,NA
"SAU",1962,NA
"SAU",1963,NA
"SAU",1964,NA
"SAU",1965,NA
"SAU",1966,NA
"SAU",1967,NA
"SAU",1968,NA
"SAU",1969,NA
"SAU",1970,NA
"SAU",1971,NA
"SAU",1972,NA
"SAU",1973,NA
"SAU",1974,NA
"SAU",1975,NA
"SAU",1976,NA
"SAU",1977,NA
"SAU",1978,NA
"SAU",1979,NA
"SAU",1980,NA
"SAU",1981,NA
"SAU",1982,NA
"SAU",1983,NA
"SAU",1984,NA
"SAU",1985,NA
"SAU",1986,NA
"SAU",1987,NA
"SAU",1988,NA
"SAU",1989,NA
"SAU",1990,NA
"SAU",1991,NA
"SAU",1992,NA
"SAU",1993,NA
"SAU",1994,NA
"SAU",1995,NA
"SAU",1996,NA
"SAU",1997,NA
"SAU",1998,NA
"SAU",1999,NA
"SAU",2000,NA
"SAU",2001,NA
"SAU",2002,NA
"SAU",2003,NA
"SAU",2004,NA
"SAU",2005,NA
"SAU",2006,NA
"SAU",2007,NA
"SAU",2008,NA
"SAU",2009,NA
"SAU",2010,NA
"SAU",2011,NA
"SAU",2012,NA
"SAU",2013,NA
"SAU",2014,NA
"SAU",2015,NA
"SAU",2016,NA
"SAU",2017,NA
"SAU",2018,NA
"SAU",2019,NA
"SAU",2020,NA
"SAU",2021,NA
"SAU",2022,NA
"SAU",2023,NA
"SAU",2024,NA
"SDN",1960,NA
"SDN",1961,NA
"SDN",1962,NA
"SDN",1963,NA
"SDN",1964,NA
"SDN",1965,NA
"SDN",1966,NA
"SDN",1967,NA
"SDN",1968,NA
"SDN",1969,NA
"SDN",1970,NA
"SDN",1971,NA
"SDN",1972,NA
"SDN",1973,NA
"SDN",1974,NA
"SDN",1975,NA
"SDN",1976,NA
"SDN",1977,NA
"SDN",1978,NA
"SDN",1979,NA
"SDN",1980,NA
"SDN",1981,NA
"SDN",1982,NA
"SDN",1983,NA
"SDN",1984,NA
"SDN",1985,NA
"SDN",1986,NA
"SDN",1987,NA
"SDN",1988,NA
"SDN",1989,NA
"SDN",1990,NA
"SDN",1991,NA
"SDN",1992,NA
"SDN",1993,NA
"SDN",1994,NA
"SDN",1995,NA
"SDN",1996,NA
"SDN",1997,NA
"SDN",1998,NA
"SDN",1999,NA
"SDN",2000,NA
"SDN",2001,NA
"SDN",2002,NA
"SDN",2003,NA
"SDN",2004,NA
"SDN",2005,NA
"SDN",2006,NA
"SDN",2007,NA
"SDN",2008,NA
"SDN",2009,18.6
"SDN",2010,NA
"SDN",2011,NA
"SDN",2012,NA
"SDN",2013,NA
"SDN",2014,15.3
"SDN",2015,NA
"SDN",2016,NA
"SDN",2017,NA
"SDN",2018,NA
"SDN",2019,NA
"SDN",2020,NA
"SDN",2021,NA
"SDN",2022,NA
"SDN",2023,NA
"SDN",2024,NA
"SEN",1960,NA
"SEN",1961,NA
"SEN",1962,NA
"SEN",1963,NA
"SEN",1964,NA
"SEN",1965,NA
"SEN",1966,NA
"SEN",1967,NA
"SEN",1968,NA
"SEN",1969,NA
"SEN",1970,NA
"SEN",1971,NA
"SEN",1972,NA
"SEN",1973,NA
"SEN",1974,NA
"SEN",1975,NA
"SEN",1976,NA
"SEN",1977,NA
"SEN",1978,NA
"SEN",1979,NA
"SEN",1980,NA
"SEN",1981,NA
"SEN",1982,NA
"SEN",1983,NA
"SEN",1984,NA
"SEN",1985,NA
"SEN",1986,NA
"SEN",1987,NA
"SEN",1988,NA
"SEN",1989,NA
"SEN",1990,NA
"SEN",1991,70.1
"SEN",1992,NA
"SEN",1993,NA
"SEN",1994,60.3
"SEN",1995,NA
"SEN",1996,NA
"SEN",1997,NA
"SEN",1998,NA
"SEN",1999,NA
"SEN",2000,NA
"SEN",2001,52.4
"SEN",2002,NA
"SEN",2003,NA
"SEN",2004,NA
"SEN",2005,41.1
"SEN",2006,NA
"SEN",2007,NA
"SEN",2008,NA
"SEN",2009,NA
"SEN",2010,NA
"SEN",2011,41
"SEN",2012,NA
"SEN",2013,NA
"SEN",2014,NA
"SEN",2015,NA
"SEN",2016,NA
"SEN",2017,NA
"SEN",2018,9.2
"SEN",2019,NA
"SEN",2020,NA
"SEN",2021,9.9
"SEN",2022,NA
"SEN",2023,NA
"SEN",2024,NA
"SGP",1960,NA
"SGP",1961,NA
"SGP",1962,NA
"SGP",1963,NA
"SGP",1964,NA
"SGP",1965,NA
"SGP",1966,NA
"SGP",1967,NA
"SGP",1968,NA
"SGP",1969,NA
"SGP",1970,NA
"SGP",1971,NA
"SGP",1972,NA
"SGP",1973,NA
"SGP",1974,NA
"SGP",1975,NA
"SGP",1976,NA
"SGP",1977,NA
"SGP",1978,NA
"SGP",1979,NA
"SGP",1980,NA
"SGP",1981,NA
"SGP",1982,NA
"SGP",1983,NA
"SGP",1984,NA
"SGP",1985,NA
"SGP",1986,NA
"SGP",1987,NA
"SGP",1988,NA
"SGP",1989,NA
"SGP",1990,NA
"SGP",1991,NA
"SGP",1992,NA
"SGP",1993,NA
"SGP",1994,NA
"SGP",1995,NA
"SGP",1996,NA
"SGP",1997,NA
"SGP",1998,NA
"SGP",1999,NA
"SGP",2000,NA
"SGP",2001,NA
"SGP",2002,NA
"SGP",2003,NA
"SGP",2004,NA
"SGP",2005,NA
"SGP",2006,NA
"SGP",2007,NA
"SGP",2008,NA
"SGP",2009,NA
"SGP",2010,NA
"SGP",2011,NA
"SGP",2012,NA
"SGP",2013,NA
"SGP",2014,NA
"SGP",2015,NA
"SGP",2016,NA
"SGP",2017,NA
"SGP",2018,NA
"SGP",2019,NA
"SGP",2020,NA
"SGP",2021,NA
"SGP",2022,NA
"SGP",2023,NA
"SGP",2024,NA
"SLB",1960,NA
"SLB",1961,NA
"SLB",1962,NA
"SLB",1963,NA
"SLB",1964,NA
"SLB",1965,NA
"SLB",1966,NA
"SLB",1967,NA
"SLB",1968,NA
"SLB",1969,NA
"SLB",1970,NA
"SLB",1971,NA
"SLB",1972,NA
"SLB",1973,NA
"SLB",1974,NA
"SLB",1975,NA
"SLB",1976,NA
"SLB",1977,NA
"SLB",1978,NA
"SLB",1979,NA
"SLB",1980,NA
"SLB",1981,NA
"SLB",1982,NA
"SLB",1983,NA
"SLB",1984,NA
"SLB",1985,NA
"SLB",1986,NA
"SLB",1987,NA
"SLB",1988,NA
"SLB",1989,NA
"SLB",1990,NA
"SLB",1991,NA
"SLB",1992,NA
"SLB",1993,NA
"SLB",1994,NA
"SLB",1995,NA
"SLB",1996,NA
"SLB",1997,NA
"SLB",1998,NA
"SLB",1999,NA
"SLB",2000,NA
"SLB",2001,NA
"SLB",2002,NA
"SLB",2003,NA
"SLB",2004,NA
"SLB",2005,50.6
"SLB",2006,NA
"SLB",2007,NA
"SLB",2008,NA
"SLB",2009,NA
"SLB",2010,NA
"SLB",2011,NA
"SLB",2012,26.6
"SLB",2013,NA
"SLB",2014,NA
"SLB",2015,NA
"SLB",2016,NA
"SLB",2017,NA
"SLB",2018,NA
"SLB",2019,NA
"SLB",2020,NA
"SLB",2021,NA
"SLB",2022,NA
"SLB",2023,NA
"SLB",2024,NA
"SLE",1960,NA
"SLE",1961,NA
"SLE",1962,NA
"SLE",1963,NA
"SLE",1964,NA
"SLE",1965,NA
"SLE",1966,NA
"SLE",1967,NA
"SLE",1968,NA
"SLE",1969,NA
"SLE",1970,NA
"SLE",1971,NA
"SLE",1972,NA
"SLE",1973,NA
"SLE",1974,NA
"SLE",1975,NA
"SLE",1976,NA
"SLE",1977,NA
"SLE",1978,NA
"SLE",1979,NA
"SLE",1980,NA
"SLE",1981,NA
"SLE",1982,NA
"SLE",1983,NA
"SLE",1984,NA
"SLE",1985,NA
"SLE",1986,NA
"SLE",1987,NA
"SLE",1988,NA
"SLE",1989,NA
"SLE",1990,NA
"SLE",1991,NA
"SLE",1992,NA
"SLE",1993,NA
"SLE",1994,NA
"SLE",1995,NA
"SLE",1996,NA
"SLE",1997,NA
"SLE",1998,NA
"SLE",1999,NA
"SLE",2000,NA
"SLE",2001,NA
"SLE",2002,NA
"SLE",2003,61.3
"SLE",2004,NA
"SLE",2005,NA
"SLE",2006,NA
"SLE",2007,NA
"SLE",2008,NA
"SLE",2009,NA
"SLE",2010,NA
"SLE",2011,38.7
"SLE",2012,NA
"SLE",2013,NA
"SLE",2014,NA
"SLE",2015,NA
"SLE",2016,NA
"SLE",2017,NA
"SLE",2018,26.1
"SLE",2019,NA
"SLE",2020,NA
"SLE",2021,NA
"SLE",2022,NA
"SLE",2023,NA
"SLE",2024,NA
"SLV",1960,NA
"SLV",1961,NA
"SLV",1962,NA
"SLV",1963,NA
"SLV",1964,NA
"SLV",1965,NA
"SLV",1966,NA
"SLV",1967,NA
"SLV",1968,NA
"SLV",1969,NA
"SLV",1970,NA
"SLV",1971,NA
"SLV",1972,NA
"SLV",1973,NA
"SLV",1974,NA
"SLV",1975,NA
"SLV",1976,NA
"SLV",1977,NA
"SLV",1978,NA
"SLV",1979,NA
"SLV",1980,NA
"SLV",1981,NA
"SLV",1982,NA
"SLV",1983,NA
"SLV",1984,NA
"SLV",1985,NA
"SLV",1986,NA
"SLV",1987,NA
"SLV",1988,NA
"SLV",1989,19.4
"SLV",1990,NA
"SLV",1991,22.1
"SLV",1992,NA
"SLV",1993,NA
"SLV",1994,NA
"SLV",1995,13.3
"SLV",1996,15.3
"SLV",1997,NA
"SLV",1998,21
"SLV",1999,17.3
"SLV",2000,12.9
"SLV",2001,14.1
"SLV",2002,14.7
"SLV",2003,15.8
"SLV",2004,11.5
"SLV",2005,11.3
"SLV",2006,7.7
"SLV",2007,5.1
"SLV",2008,7.7
"SLV",2009,7.4
"SLV",2010,6.3
"SLV",2011,5.3
"SLV",2012,4.6
"SLV",2013,3.6
"SLV",2014,3.4
"SLV",2015,2.3
"SLV",2016,2.6
"SLV",2017,2.2
"SLV",2018,1.8
"SLV",2019,1.4
"SLV",2020,NA
"SLV",2021,3.6
"SLV",2022,3.4
"SLV",2023,NA
"SLV",2024,NA
"SMR",1960,NA
"SMR",1961,NA
"SMR",1962,NA
"SMR",1963,NA
"SMR",1964,NA
"SMR",1965,NA
"SMR",1966,NA
"SMR",1967,NA
"SMR",1968,NA
"SMR",1969,NA
"SMR",1970,NA
"SMR",1971,NA
"SMR",1972,NA
"SMR",1973,NA
"SMR",1974,NA
"SMR",1975,NA
"SMR",1976,NA
"SMR",1977,NA
"SMR",1978,NA
"SMR",1979,NA
"SMR",1980,NA
"SMR",1981,NA
"SMR",1982,NA
"SMR",1983,NA
"SMR",1984,NA
"SMR",1985,NA
"SMR",1986,NA
"SMR",1987,NA
"SMR",1988,NA
"SMR",1989,NA
"SMR",1990,NA
"SMR",1991,NA
"SMR",1992,NA
"SMR",1993,NA
"SMR",1994,NA
"SMR",1995,NA
"SMR",1996,NA
"SMR",1997,NA
"SMR",1998,NA
"SMR",1999,NA
"SMR",2000,NA
"SMR",2001,NA
"SMR",2002,NA
"SMR",2003,NA
"SMR",2004,NA
"SMR",2005,NA
"SMR",2006,NA
"SMR",2007,NA
"SMR",2008,NA
"SMR",2009,NA
"SMR",2010,NA
"SMR",2011,NA
"SMR",2012,NA
"SMR",2013,NA
"SMR",2014,NA
"SMR",2015,NA
"SMR",2016,NA
"SMR",2017,NA
"SMR",2018,NA
"SMR",2019,NA
"SMR",2020,NA
"SMR",2021,NA
"SMR",2022,NA
"SMR",2023,NA
"SMR",2024,NA
"SOM",1960,NA
"SOM",1961,NA
"SOM",1962,NA
"SOM",1963,NA
"SOM",1964,NA
"SOM",1965,NA
"SOM",1966,NA
"SOM",1967,NA
"SOM",1968,NA
"SOM",1969,NA
"SOM",1970,NA
"SOM",1971,NA
"SOM",1972,NA
"SOM",1973,NA
"SOM",1974,NA
"SOM",1975,NA
"SOM",1976,NA
"SOM",1977,NA
"SOM",1978,NA
"SOM",1979,NA
"SOM",1980,NA
"SOM",1981,NA
"SOM",1982,NA
"SOM",1983,NA
"SOM",1984,NA
"SOM",1985,NA
"SOM",1986,NA
"SOM",1987,NA
"SOM",1988,NA
"SOM",1989,NA
"SOM",1990,NA
"SOM",1991,NA
"SOM",1992,NA
"SOM",1993,NA
"SOM",1994,NA
"SOM",1995,NA
"SOM",1996,NA
"SOM",1997,NA
"SOM",1998,NA
"SOM",1999,NA
"SOM",2000,NA
"SOM",2001,NA
"SOM",2002,NA
"SOM",2003,NA
"SOM",2004,NA
"SOM",2005,NA
"SOM",2006,NA
"SOM",2007,NA
"SOM",2008,NA
"SOM",2009,NA
"SOM",2010,NA
"SOM",2011,NA
"SOM",2012,NA
"SOM",2013,NA
"SOM",2014,NA
"SOM",2015,NA
"SOM",2016,NA
"SOM",2017,NA
"SOM",2018,NA
"SOM",2019,NA
"SOM",2020,NA
"SOM",2021,NA
"SOM",2022,NA
"SOM",2023,NA
"SOM",2024,NA
"SRB",1960,NA
"SRB",1961,NA
"SRB",1962,NA
"SRB",1963,NA
"SRB",1964,NA
"SRB",1965,NA
"SRB",1966,NA
"SRB",1967,NA
"SRB",1968,NA
"SRB",1969,NA
"SRB",1970,NA
"SRB",1971,NA
"SRB",1972,NA
"SRB",1973,NA
"SRB",1974,NA
"SRB",1975,NA
"SRB",1976,NA
"SRB",1977,NA
"SRB",1978,NA
"SRB",1979,NA
"SRB",1980,NA
"SRB",1981,NA
"SRB",1982,NA
"SRB",1983,NA
"SRB",1984,NA
"SRB",1985,NA
"SRB",1986,NA
"SRB",1987,NA
"SRB",1988,NA
"SRB",1989,NA
"SRB",1990,NA
"SRB",1991,NA
"SRB",1992,NA
"SRB",1993,NA
"SRB",1994,NA
"SRB",1995,NA
"SRB",1996,NA
"SRB",1997,NA
"SRB",1998,NA
"SRB",1999,NA
"SRB",2000,NA
"SRB",2001,NA
"SRB",2002,NA
"SRB",2003,NA
"SRB",2004,NA
"SRB",2005,NA
"SRB",2006,NA
"SRB",2007,NA
"SRB",2008,NA
"SRB",2009,NA
"SRB",2010,NA
"SRB",2011,NA
"SRB",2012,5.3
"SRB",2013,5.8
"SRB",2014,6.9
"SRB",2015,6.6
"SRB",2016,6.4
"SRB",2017,5.4
"SRB",2018,2.9
"SRB",2019,2.3
"SRB",2020,1.6
"SRB",2021,1.2
"SRB",2022,NA
"SRB",2023,NA
"SRB",2024,NA
"SSA",1960,NA
"SSA",1961,NA
"SSA",1962,NA
"SSA",1963,NA
"SSA",1964,NA
"SSA",1965,NA
"SSA",1966,NA
"SSA",1967,NA
"SSA",1968,NA
"SSA",1969,NA
"SSA",1970,NA
"SSA",1971,NA
"SSA",1972,NA
"SSA",1973,NA
"SSA",1974,NA
"SSA",1975,NA
"SSA",1976,NA
"SSA",1977,NA
"SSA",1978,NA
"SSA",1979,NA
"SSA",1980,NA
"SSA",1981,NA
"SSA",1982,NA
"SSA",1983,NA
"SSA",1984,NA
"SSA",1985,NA
"SSA",1986,NA
"SSA",1987,NA
"SSA",1988,NA
"SSA",1989,NA
"SSA",1990,NA
"SSA",1991,NA
"SSA",1992,NA
"SSA",1993,NA
"SSA",1994,NA
"SSA",1995,NA
"SSA",1996,NA
"SSA",1997,NA
"SSA",1998,NA
"SSA",1999,NA
"SSA",2000,NA
"SSA",2001,NA
"SSA",2002,NA
"SSA",2003,NA
"SSA",2004,NA
"SSA",2005,NA
"SSA",2006,NA
"SSA",2007,NA
"SSA",2008,NA
"SSA",2009,NA
"SSA",2010,NA
"SSA",2011,NA
"SSA",2012,NA
"SSA",2013,NA
"SSA",2014,NA
"SSA",2015,NA
"SSA",2016,NA
"SSA",2017,NA
"SSA",2018,NA
"SSA",2019,NA
"SSA",2020,NA
"SSA",2021,NA
"SSA",2022,NA
"SSA",2023,NA
"SSA",2024,NA
"SSD",1960,NA
"SSD",1961,NA
"SSD",1962,NA
"SSD",1963,NA
"SSD",1964,NA
"SSD",1965,NA
"SSD",1966,NA
"SSD",1967,NA
"SSD",1968,NA
"SSD",1969,NA
"SSD",1970,NA
"SSD",1971,NA
"SSD",1972,NA
"SSD",1973,NA
"SSD",1974,NA
"SSD",1975,NA
"SSD",1976,NA
"SSD",1977,NA
"SSD",1978,NA
"SSD",1979,NA
"SSD",1980,NA
"SSD",1981,NA
"SSD",1982,NA
"SSD",1983,NA
"SSD",1984,NA
"SSD",1985,NA
"SSD",1986,NA
"SSD",1987,NA
"SSD",1988,NA
"SSD",1989,NA
"SSD",1990,NA
"SSD",1991,NA
"SSD",1992,NA
"SSD",1993,NA
"SSD",1994,NA
"SSD",1995,NA
"SSD",1996,NA
"SSD",1997,NA
"SSD",1998,NA
"SSD",1999,NA
"SSD",2000,NA
"SSD",2001,NA
"SSD",2002,NA
"SSD",2003,NA
"SSD",2004,NA
"SSD",2005,NA
"SSD",2006,NA
"SSD",2007,NA
"SSD",2008,NA
"SSD",2009,34.5
"SSD",2010,NA
"SSD",2011,NA
"SSD",2012,NA
"SSD",2013,NA
"SSD",2014,NA
"SSD",2015,NA
"SSD",2016,67.3
"SSD",2017,NA
"SSD",2018,NA
"SSD",2019,NA
"SSD",2020,NA
"SSD",2021,NA
"SSD",2022,NA
"SSD",2023,NA
"SSD",2024,NA
"SSF",1960,NA
"SSF",1961,NA
"SSF",1962,NA
"SSF",1963,NA
"SSF",1964,NA
"SSF",1965,NA
"SSF",1966,NA
"SSF",1967,NA
"SSF",1968,NA
"SSF",1969,NA
"SSF",1970,NA
"SSF",1971,NA
"SSF",1972,NA
"SSF",1973,NA
"SSF",1974,NA
"SSF",1975,NA
"SSF",1976,NA
"SSF",1977,NA
"SSF",1978,NA
"SSF",1979,NA
"SSF",1980,NA
"SSF",1981,NA
"SSF",1982,NA
"SSF",1983,NA
"SSF",1984,NA
"SSF",1985,NA
"SSF",1986,NA
"SSF",1987,NA
"SSF",1988,NA
"SSF",1989,NA
"SSF",1990,54.6
"SSF",1991,56.1
"SSF",1992,57.1
"SSF",1993,58.2
"SSF",1994,58.5
"SSF",1995,58
"SSF",1996,57.4
"SSF",1997,57
"SSF",1998,56.7
"SSF",1999,56.4
"SSF",2000,56
"SSF",2001,55
"SSF",2002,54.4
"SSF",2003,53.2
"SSF",2004,50.4
"SSF",2005,48.7
"SSF",2006,47.2
"SSF",2007,46
"SSF",2008,44.5
"SSF",2009,43.9
"SSF",2010,42.1
"SSF",2011,41
"SSF",2012,39.8
"SSF",2013,38.9
"SSF",2014,38.1
"SSF",2015,38.2
"SSF",2016,38
"SSF",2017,37.5
"SSF",2018,36.9
"SSF",2019,36.7
"SSF",2020,NA
"SSF",2021,NA
"SSF",2022,NA
"SSF",2023,NA
"SSF",2024,NA
"SST",1960,NA
"SST",1961,NA
"SST",1962,NA
"SST",1963,NA
"SST",1964,NA
"SST",1965,NA
"SST",1966,NA
"SST",1967,NA
"SST",1968,NA
"SST",1969,NA
"SST",1970,NA
"SST",1971,NA
"SST",1972,NA
"SST",1973,NA
"SST",1974,NA
"SST",1975,NA
"SST",1976,NA
"SST",1977,NA
"SST",1978,NA
"SST",1979,NA
"SST",1980,NA
"SST",1981,NA
"SST",1982,NA
"SST",1983,NA
"SST",1984,NA
"SST",1985,NA
"SST",1986,NA
"SST",1987,NA
"SST",1988,NA
"SST",1989,NA
"SST",1990,NA
"SST",1991,NA
"SST",1992,NA
"SST",1993,NA
"SST",1994,NA
"SST",1995,NA
"SST",1996,NA
"SST",1997,NA
"SST",1998,NA
"SST",1999,NA
"SST",2000,NA
"SST",2001,NA
"SST",2002,NA
"SST",2003,NA
"SST",2004,NA
"SST",2005,NA
"SST",2006,NA
"SST",2007,NA
"SST",2008,NA
"SST",2009,NA
"SST",2010,NA
"SST",2011,NA
"SST",2012,NA
"SST",2013,NA
"SST",2014,NA
"SST",2015,NA
"SST",2016,NA
"SST",2017,NA
"SST",2018,NA
"SST",2019,NA
"SST",2020,NA
"SST",2021,NA
"SST",2022,NA
"SST",2023,NA
"SST",2024,NA
"STP",1960,NA
"STP",1961,NA
"STP",1962,NA
"STP",1963,NA
"STP",1964,NA
"STP",1965,NA
"STP",1966,NA
"STP",1967,NA
"STP",1968,NA
"STP",1969,NA
"STP",1970,NA
"STP",1971,NA
"STP",1972,NA
"STP",1973,NA
"STP",1974,NA
"STP",1975,NA
"STP",1976,NA
"STP",1977,NA
"STP",1978,NA
"STP",1979,NA
"STP",1980,NA
"STP",1981,NA
"STP",1982,NA
"STP",1983,NA
"STP",1984,NA
"STP",1985,NA
"STP",1986,NA
"STP",1987,NA
"STP",1988,NA
"STP",1989,NA
"STP",1990,NA
"STP",1991,NA
"STP",1992,NA
"STP",1993,NA
"STP",1994,NA
"STP",1995,NA
"STP",1996,NA
"STP",1997,NA
"STP",1998,NA
"STP",1999,NA
"STP",2000,20.4
"STP",2001,NA
"STP",2002,NA
"STP",2003,NA
"STP",2004,NA
"STP",2005,NA
"STP",2006,NA
"STP",2007,NA
"STP",2008,NA
"STP",2009,NA
"STP",2010,22.6
"STP",2011,NA
"STP",2012,NA
"STP",2013,NA
"STP",2014,NA
"STP",2015,NA
"STP",2016,NA
"STP",2017,15.7
"STP",2018,NA
"STP",2019,NA
"STP",2020,NA
"STP",2021,NA
"STP",2022,NA
"STP",2023,NA
"STP",2024,NA
"SUR",1960,NA
"SUR",1961,NA
"SUR",1962,NA
"SUR",1963,NA
"SUR",1964,NA
"SUR",1965,NA
"SUR",1966,NA
"SUR",1967,NA
"SUR",1968,NA
"SUR",1969,NA
"SUR",1970,NA
"SUR",1971,NA
"SUR",1972,NA
"SUR",1973,NA
"SUR",1974,NA
"SUR",1975,NA
"SUR",1976,NA
"SUR",1977,NA
"SUR",1978,NA
"SUR",1979,NA
"SUR",1980,NA
"SUR",1981,NA
"SUR",1982,NA
"SUR",1983,NA
"SUR",1984,NA
"SUR",1985,NA
"SUR",1986,NA
"SUR",1987,NA
"SUR",1988,NA
"SUR",1989,NA
"SUR",1990,NA
"SUR",1991,NA
"SUR",1992,NA
"SUR",1993,NA
"SUR",1994,NA
"SUR",1995,NA
"SUR",1996,NA
"SUR",1997,NA
"SUR",1998,NA
"SUR",1999,NA
"SUR",2000,NA
"SUR",2001,NA
"SUR",2002,NA
"SUR",2003,NA
"SUR",2004,NA
"SUR",2005,NA
"SUR",2006,NA
"SUR",2007,NA
"SUR",2008,NA
"SUR",2009,NA
"SUR",2010,NA
"SUR",2011,NA
"SUR",2012,NA
"SUR",2013,NA
"SUR",2014,NA
"SUR",2015,NA
"SUR",2016,NA
"SUR",2017,NA
"SUR",2018,NA
"SUR",2019,NA
"SUR",2020,NA
"SUR",2021,NA
"SUR",2022,1.1
"SUR",2023,NA
"SUR",2024,NA
"SVK",1960,NA
"SVK",1961,NA
"SVK",1962,NA
"SVK",1963,NA
"SVK",1964,NA
"SVK",1965,NA
"SVK",1966,NA
"SVK",1967,NA
"SVK",1968,NA
"SVK",1969,NA
"SVK",1970,NA
"SVK",1971,NA
"SVK",1972,NA
"SVK",1973,NA
"SVK",1974,NA
"SVK",1975,NA
"SVK",1976,NA
"SVK",1977,NA
"SVK",1978,NA
"SVK",1979,NA
"SVK",1980,NA
"SVK",1981,NA
"SVK",1982,NA
"SVK",1983,NA
"SVK",1984,NA
"SVK",1985,NA
"SVK",1986,NA
"SVK",1987,NA
"SVK",1988,NA
"SVK",1989,NA
"SVK",1990,NA
"SVK",1991,NA
"SVK",1992,NA
"SVK",1993,NA
"SVK",1994,NA
"SVK",1995,NA
"SVK",1996,NA
"SVK",1997,NA
"SVK",1998,NA
"SVK",1999,NA
"SVK",2000,NA
"SVK",2001,NA
"SVK",2002,NA
"SVK",2003,NA
"SVK",2004,0.1
"SVK",2005,0.2
"SVK",2006,0.2
"SVK",2007,0.4
"SVK",2008,0.4
"SVK",2009,0.4
"SVK",2010,0.5
"SVK",2011,0.4
"SVK",2012,0.4
"SVK",2013,0.3
"SVK",2014,0.7
"SVK",2015,0.7
"SVK",2016,1.4
"SVK",2017,0.2
"SVK",2018,0.2
"SVK",2019,0.1
"SVK",2020,0.2
"SVK",2021,0.1
"SVK",2022,NA
"SVK",2023,NA
"SVK",2024,NA
"SVN",1960,NA
"SVN",1961,NA
"SVN",1962,NA
"SVN",1963,NA
"SVN",1964,NA
"SVN",1965,NA
"SVN",1966,NA
"SVN",1967,NA
"SVN",1968,NA
"SVN",1969,NA
"SVN",1970,NA
"SVN",1971,NA
"SVN",1972,NA
"SVN",1973,NA
"SVN",1974,NA
"SVN",1975,NA
"SVN",1976,NA
"SVN",1977,NA
"SVN",1978,NA
"SVN",1979,NA
"SVN",1980,NA
"SVN",1981,NA
"SVN",1982,NA
"SVN",1983,NA
"SVN",1984,NA
"SVN",1985,NA
"SVN",1986,NA
"SVN",1987,NA
"SVN",1988,NA
"SVN",1989,NA
"SVN",1990,NA
"SVN",1991,NA
"SVN",1992,NA
"SVN",1993,NA
"SVN",1994,NA
"SVN",1995,NA
"SVN",1996,NA
"SVN",1997,NA
"SVN",1998,NA
"SVN",1999,NA
"SVN",2000,NA
"SVN",2001,NA
"SVN",2002,NA
"SVN",2003,NA
"SVN",2004,0
"SVN",2005,0.1
"SVN",2006,0.1
"SVN",2007,0
"SVN",2008,0
"SVN",2009,0
"SVN",2010,0
"SVN",2011,0
"SVN",2012,0
"SVN",2013,0
"SVN",2014,0
"SVN",2015,0
"SVN",2016,0
"SVN",2017,0
"SVN",2018,0
"SVN",2019,0
"SVN",2020,0
"SVN",2021,0
"SVN",2022,NA
"SVN",2023,NA
"SVN",2024,NA
"SWE",1960,NA
"SWE",1961,NA
"SWE",1962,NA
"SWE",1963,NA
"SWE",1964,NA
"SWE",1965,NA
"SWE",1966,NA
"SWE",1967,NA
"SWE",1968,NA
"SWE",1969,NA
"SWE",1970,NA
"SWE",1971,NA
"SWE",1972,NA
"SWE",1973,NA
"SWE",1974,NA
"SWE",1975,0.5
"SWE",1976,NA
"SWE",1977,NA
"SWE",1978,NA
"SWE",1979,NA
"SWE",1980,NA
"SWE",1981,0.2
"SWE",1982,NA
"SWE",1983,NA
"SWE",1984,NA
"SWE",1985,NA
"SWE",1986,NA
"SWE",1987,0.2
"SWE",1988,NA
"SWE",1989,NA
"SWE",1990,NA
"SWE",1991,NA
"SWE",1992,0.2
"SWE",1993,NA
"SWE",1994,NA
"SWE",1995,0.2
"SWE",1996,NA
"SWE",1997,NA
"SWE",1998,NA
"SWE",1999,NA
"SWE",2000,0
"SWE",2001,0.2
"SWE",2002,0
"SWE",2003,0.3
"SWE",2004,0.4
"SWE",2005,1.1
"SWE",2006,0.4
"SWE",2007,0.4
"SWE",2008,0.6
"SWE",2009,0.5
"SWE",2010,0.5
"SWE",2011,0.6
"SWE",2012,0.5
"SWE",2013,0.7
"SWE",2014,0.5
"SWE",2015,0.6
"SWE",2016,0.3
"SWE",2017,0.2
"SWE",2018,0.7
"SWE",2019,0.3
"SWE",2020,0.4
"SWE",2021,0.6
"SWE",2022,NA
"SWE",2023,NA
"SWE",2024,NA
"SWZ",1960,NA
"SWZ",1961,NA
"SWZ",1962,NA
"SWZ",1963,NA
"SWZ",1964,NA
"SWZ",1965,NA
"SWZ",1966,NA
"SWZ",1967,NA
"SWZ",1968,NA
"SWZ",1969,NA
"SWZ",1970,NA
"SWZ",1971,NA
"SWZ",1972,NA
"SWZ",1973,NA
"SWZ",1974,NA
"SWZ",1975,NA
"SWZ",1976,NA
"SWZ",1977,NA
"SWZ",1978,NA
"SWZ",1979,NA
"SWZ",1980,NA
"SWZ",1981,NA
"SWZ",1982,NA
"SWZ",1983,NA
"SWZ",1984,NA
"SWZ",1985,NA
"SWZ",1986,NA
"SWZ",1987,NA
"SWZ",1988,NA
"SWZ",1989,NA
"SWZ",1990,NA
"SWZ",1991,NA
"SWZ",1992,NA
"SWZ",1993,NA
"SWZ",1994,85.4
"SWZ",1995,NA
"SWZ",1996,NA
"SWZ",1997,NA
"SWZ",1998,NA
"SWZ",1999,NA
"SWZ",2000,56.1
"SWZ",2001,NA
"SWZ",2002,NA
"SWZ",2003,NA
"SWZ",2004,NA
"SWZ",2005,NA
"SWZ",2006,NA
"SWZ",2007,NA
"SWZ",2008,NA
"SWZ",2009,49.3
"SWZ",2010,NA
"SWZ",2011,NA
"SWZ",2012,NA
"SWZ",2013,NA
"SWZ",2014,NA
"SWZ",2015,NA
"SWZ",2016,36.1
"SWZ",2017,NA
"SWZ",2018,NA
"SWZ",2019,NA
"SWZ",2020,NA
"SWZ",2021,NA
"SWZ",2022,NA
"SWZ",2023,NA
"SWZ",2024,NA
"SXM",1960,NA
"SXM",1961,NA
"SXM",1962,NA
"SXM",1963,NA
"SXM",1964,NA
"SXM",1965,NA
"SXM",1966,NA
"SXM",1967,NA
"SXM",1968,NA
"SXM",1969,NA
"SXM",1970,NA
"SXM",1971,NA
"SXM",1972,NA
"SXM",1973,NA
"SXM",1974,NA
"SXM",1975,NA
"SXM",1976,NA
"SXM",1977,NA
"SXM",1978,NA
"SXM",1979,NA
"SXM",1980,NA
"SXM",1981,NA
"SXM",1982,NA
"SXM",1983,NA
"SXM",1984,NA
"SXM",1985,NA
"SXM",1986,NA
"SXM",1987,NA
"SXM",1988,NA
"SXM",1989,NA
"SXM",1990,NA
"SXM",1991,NA
"SXM",1992,NA
"SXM",1993,NA
"SXM",1994,NA
"SXM",1995,NA
"SXM",1996,NA
"SXM",1997,NA
"SXM",1998,NA
"SXM",1999,NA
"SXM",2000,NA
"SXM",2001,NA
"SXM",2002,NA
"SXM",2003,NA
"SXM",2004,NA
"SXM",2005,NA
"SXM",2006,NA
"SXM",2007,NA
"SXM",2008,NA
"SXM",2009,NA
"SXM",2010,NA
"SXM",2011,NA
"SXM",2012,NA
"SXM",2013,NA
"SXM",2014,NA
"SXM",2015,NA
"SXM",2016,NA
"SXM",2017,NA
"SXM",2018,NA
"SXM",2019,NA
"SXM",2020,NA
"SXM",2021,NA
"SXM",2022,NA
"SXM",2023,NA
"SXM",2024,NA
"SYC",1960,NA
"SYC",1961,NA
"SYC",1962,NA
"SYC",1963,NA
"SYC",1964,NA
"SYC",1965,NA
"SYC",1966,NA
"SYC",1967,NA
"SYC",1968,NA
"SYC",1969,NA
"SYC",1970,NA
"SYC",1971,NA
"SYC",1972,NA
"SYC",1973,NA
"SYC",1974,NA
"SYC",1975,NA
"SYC",1976,NA
"SYC",1977,NA
"SYC",1978,NA
"SYC",1979,NA
"SYC",1980,NA
"SYC",1981,NA
"SYC",1982,NA
"SYC",1983,NA
"SYC",1984,NA
"SYC",1985,NA
"SYC",1986,NA
"SYC",1987,NA
"SYC",1988,NA
"SYC",1989,NA
"SYC",1990,NA
"SYC",1991,NA
"SYC",1992,NA
"SYC",1993,NA
"SYC",1994,NA
"SYC",1995,NA
"SYC",1996,NA
"SYC",1997,NA
"SYC",1998,NA
"SYC",1999,NA
"SYC",2000,NA
"SYC",2001,NA
"SYC",2002,NA
"SYC",2003,NA
"SYC",2004,NA
"SYC",2005,NA
"SYC",2006,NA
"SYC",2007,NA
"SYC",2008,NA
"SYC",2009,NA
"SYC",2010,NA
"SYC",2011,NA
"SYC",2012,NA
"SYC",2013,1.2
"SYC",2014,NA
"SYC",2015,NA
"SYC",2016,NA
"SYC",2017,NA
"SYC",2018,0.5
"SYC",2019,NA
"SYC",2020,NA
"SYC",2021,NA
"SYC",2022,NA
"SYC",2023,NA
"SYC",2024,NA
"SYR",1960,NA
"SYR",1961,NA
"SYR",1962,NA
"SYR",1963,NA
"SYR",1964,NA
"SYR",1965,NA
"SYR",1966,NA
"SYR",1967,NA
"SYR",1968,NA
"SYR",1969,NA
"SYR",1970,NA
"SYR",1971,NA
"SYR",1972,NA
"SYR",1973,NA
"SYR",1974,NA
"SYR",1975,NA
"SYR",1976,NA
"SYR",1977,NA
"SYR",1978,NA
"SYR",1979,NA
"SYR",1980,NA
"SYR",1981,NA
"SYR",1982,NA
"SYR",1983,NA
"SYR",1984,NA
"SYR",1985,NA
"SYR",1986,NA
"SYR",1987,NA
"SYR",1988,NA
"SYR",1989,NA
"SYR",1990,NA
"SYR",1991,NA
"SYR",1992,NA
"SYR",1993,NA
"SYR",1994,NA
"SYR",1995,NA
"SYR",1996,2.4
"SYR",1997,NA
"SYR",1998,NA
"SYR",1999,NA
"SYR",2000,NA
"SYR",2001,NA
"SYR",2002,NA
"SYR",2003,1.1
"SYR",2004,NA
"SYR",2005,NA
"SYR",2006,1.8
"SYR",2007,NA
"SYR",2008,NA
"SYR",2009,1.2
"SYR",2010,NA
"SYR",2011,NA
"SYR",2012,NA
"SYR",2013,NA
"SYR",2014,NA
"SYR",2015,NA
"SYR",2016,NA
"SYR",2017,NA
"SYR",2018,NA
"SYR",2019,NA
"SYR",2020,NA
"SYR",2021,NA
"SYR",2022,24.8
"SYR",2023,NA
"SYR",2024,NA
"TCA",1960,NA
"TCA",1961,NA
"TCA",1962,NA
"TCA",1963,NA
"TCA",1964,NA
"TCA",1965,NA
"TCA",1966,NA
"TCA",1967,NA
"TCA",1968,NA
"TCA",1969,NA
"TCA",1970,NA
"TCA",1971,NA
"TCA",1972,NA
"TCA",1973,NA
"TCA",1974,NA
"TCA",1975,NA
"TCA",1976,NA
"TCA",1977,NA
"TCA",1978,NA
"TCA",1979,NA
"TCA",1980,NA
"TCA",1981,NA
"TCA",1982,NA
"TCA",1983,NA
"TCA",1984,NA
"TCA",1985,NA
"TCA",1986,NA
"TCA",1987,NA
"TCA",1988,NA
"TCA",1989,NA
"TCA",1990,NA
"TCA",1991,NA
"TCA",1992,NA
"TCA",1993,NA
"TCA",1994,NA
"TCA",1995,NA
"TCA",1996,NA
"TCA",1997,NA
"TCA",1998,NA
"TCA",1999,NA
"TCA",2000,NA
"TCA",2001,NA
"TCA",2002,NA
"TCA",2003,NA
"TCA",2004,NA
"TCA",2005,NA
"TCA",2006,NA
"TCA",2007,NA
"TCA",2008,NA
"TCA",2009,NA
"TCA",2010,NA
"TCA",2011,NA
"TCA",2012,NA
"TCA",2013,NA
"TCA",2014,NA
"TCA",2015,NA
"TCA",2016,NA
"TCA",2017,NA
"TCA",2018,NA
"TCA",2019,NA
"TCA",2020,NA
"TCA",2021,NA
"TCA",2022,NA
"TCA",2023,NA
"TCA",2024,NA
"TCD",1960,NA
"TCD",1961,NA
"TCD",1962,NA
"TCD",1963,NA
"TCD",1964,NA
"TCD",1965,NA
"TCD",1966,NA
"TCD",1967,NA
"TCD",1968,NA
"TCD",1969,NA
"TCD",1970,NA
"TCD",1971,NA
"TCD",1972,NA
"TCD",1973,NA
"TCD",1974,NA
"TCD",1975,NA
"TCD",1976,NA
"TCD",1977,NA
"TCD",1978,NA
"TCD",1979,NA
"TCD",1980,NA
"TCD",1981,NA
"TCD",1982,NA
"TCD",1983,NA
"TCD",1984,NA
"TCD",1985,NA
"TCD",1986,NA
"TCD",1987,NA
"TCD",1988,NA
"TCD",1989,NA
"TCD",1990,NA
"TCD",1991,NA
"TCD",1992,NA
"TCD",1993,NA
"TCD",1994,NA
"TCD",1995,NA
"TCD",1996,NA
"TCD",1997,NA
"TCD",1998,NA
"TCD",1999,NA
"TCD",2000,NA
"TCD",2001,NA
"TCD",2002,NA
"TCD",2003,57.8
"TCD",2004,NA
"TCD",2005,NA
"TCD",2006,NA
"TCD",2007,NA
"TCD",2008,NA
"TCD",2009,NA
"TCD",2010,NA
"TCD",2011,36.6
"TCD",2012,NA
"TCD",2013,NA
"TCD",2014,NA
"TCD",2015,NA
"TCD",2016,NA
"TCD",2017,NA
"TCD",2018,30.9
"TCD",2019,NA
"TCD",2020,NA
"TCD",2021,NA
"TCD",2022,30.8
"TCD",2023,NA
"TCD",2024,NA
"TEA",1960,NA
"TEA",1961,NA
"TEA",1962,NA
"TEA",1963,NA
"TEA",1964,NA
"TEA",1965,NA
"TEA",1966,NA
"TEA",1967,NA
"TEA",1968,NA
"TEA",1969,NA
"TEA",1970,NA
"TEA",1971,NA
"TEA",1972,NA
"TEA",1973,NA
"TEA",1974,NA
"TEA",1975,NA
"TEA",1976,NA
"TEA",1977,NA
"TEA",1978,NA
"TEA",1979,NA
"TEA",1980,NA
"TEA",1981,NA
"TEA",1982,NA
"TEA",1983,NA
"TEA",1984,NA
"TEA",1985,NA
"TEA",1986,NA
"TEA",1987,NA
"TEA",1988,NA
"TEA",1989,NA
"TEA",1990,NA
"TEA",1991,NA
"TEA",1992,NA
"TEA",1993,NA
"TEA",1994,NA
"TEA",1995,NA
"TEA",1996,NA
"TEA",1997,NA
"TEA",1998,NA
"TEA",1999,NA
"TEA",2000,NA
"TEA",2001,NA
"TEA",2002,NA
"TEA",2003,NA
"TEA",2004,NA
"TEA",2005,NA
"TEA",2006,NA
"TEA",2007,NA
"TEA",2008,NA
"TEA",2009,NA
"TEA",2010,NA
"TEA",2011,NA
"TEA",2012,NA
"TEA",2013,NA
"TEA",2014,NA
"TEA",2015,NA
"TEA",2016,NA
"TEA",2017,NA
"TEA",2018,NA
"TEA",2019,NA
"TEA",2020,NA
"TEA",2021,NA
"TEA",2022,NA
"TEA",2023,NA
"TEA",2024,NA
"TEC",1960,NA
"TEC",1961,NA
"TEC",1962,NA
"TEC",1963,NA
"TEC",1964,NA
"TEC",1965,NA
"TEC",1966,NA
"TEC",1967,NA
"TEC",1968,NA
"TEC",1969,NA
"TEC",1970,NA
"TEC",1971,NA
"TEC",1972,NA
"TEC",1973,NA
"TEC",1974,NA
"TEC",1975,NA
"TEC",1976,NA
"TEC",1977,NA
"TEC",1978,NA
"TEC",1979,NA
"TEC",1980,NA
"TEC",1981,NA
"TEC",1982,NA
"TEC",1983,NA
"TEC",1984,NA
"TEC",1985,NA
"TEC",1986,NA
"TEC",1987,NA
"TEC",1988,NA
"TEC",1989,NA
"TEC",1990,NA
"TEC",1991,NA
"TEC",1992,NA
"TEC",1993,NA
"TEC",1994,NA
"TEC",1995,NA
"TEC",1996,NA
"TEC",1997,NA
"TEC",1998,NA
"TEC",1999,NA
"TEC",2000,NA
"TEC",2001,NA
"TEC",2002,NA
"TEC",2003,NA
"TEC",2004,NA
"TEC",2005,NA
"TEC",2006,NA
"TEC",2007,NA
"TEC",2008,NA
"TEC",2009,NA
"TEC",2010,NA
"TEC",2011,NA
"TEC",2012,NA
"TEC",2013,NA
"TEC",2014,NA
"TEC",2015,NA
"TEC",2016,NA
"TEC",2017,NA
"TEC",2018,NA
"TEC",2019,NA
"TEC",2020,NA
"TEC",2021,NA
"TEC",2022,NA
"TEC",2023,NA
"TEC",2024,NA
"TGO",1960,NA
"TGO",1961,NA
"TGO",1962,NA
"TGO",1963,NA
"TGO",1964,NA
"TGO",1965,NA
"TGO",1966,NA
"TGO",1967,NA
"TGO",1968,NA
"TGO",1969,NA
"TGO",1970,NA
"TGO",1971,NA
"TGO",1972,NA
"TGO",1973,NA
"TGO",1974,NA
"TGO",1975,NA
"TGO",1976,NA
"TGO",1977,NA
"TGO",1978,NA
"TGO",1979,NA
"TGO",1980,NA
"TGO",1981,NA
"TGO",1982,NA
"TGO",1983,NA
"TGO",1984,NA
"TGO",1985,NA
"TGO",1986,NA
"TGO",1987,NA
"TGO",1988,NA
"TGO",1989,NA
"TGO",1990,NA
"TGO",1991,NA
"TGO",1992,NA
"TGO",1993,NA
"TGO",1994,NA
"TGO",1995,NA
"TGO",1996,NA
"TGO",1997,NA
"TGO",1998,NA
"TGO",1999,NA
"TGO",2000,NA
"TGO",2001,NA
"TGO",2002,NA
"TGO",2003,NA
"TGO",2004,NA
"TGO",2005,NA
"TGO",2006,61
"TGO",2007,NA
"TGO",2008,NA
"TGO",2009,NA
"TGO",2010,NA
"TGO",2011,58.9
"TGO",2012,NA
"TGO",2013,NA
"TGO",2014,NA
"TGO",2015,54.7
"TGO",2016,NA
"TGO",2017,NA
"TGO",2018,28.4
"TGO",2019,NA
"TGO",2020,NA
"TGO",2021,26.6
"TGO",2022,NA
"TGO",2023,NA
"TGO",2024,NA
"THA",1960,NA
"THA",1961,NA
"THA",1962,NA
"THA",1963,NA
"THA",1964,NA
"THA",1965,NA
"THA",1966,NA
"THA",1967,NA
"THA",1968,NA
"THA",1969,NA
"THA",1970,NA
"THA",1971,NA
"THA",1972,NA
"THA",1973,NA
"THA",1974,NA
"THA",1975,NA
"THA",1976,NA
"THA",1977,NA
"THA",1978,NA
"THA",1979,NA
"THA",1980,NA
"THA",1981,22.7
"THA",1982,NA
"THA",1983,NA
"THA",1984,NA
"THA",1985,NA
"THA",1986,NA
"THA",1987,NA
"THA",1988,17.6
"THA",1989,NA
"THA",1990,12.3
"THA",1991,NA
"THA",1992,9
"THA",1993,NA
"THA",1994,4.5
"THA",1995,NA
"THA",1996,3.1
"THA",1997,NA
"THA",1998,2.2
"THA",1999,4
"THA",2000,4
"THA",2001,NA
"THA",2002,1.8
"THA",2003,NA
"THA",2004,1.2
"THA",2005,NA
"THA",2006,0.9
"THA",2007,0.5
"THA",2008,0.3
"THA",2009,0.2
"THA",2010,0.3
"THA",2011,0.1
"THA",2012,0.1
"THA",2013,0.1
"THA",2014,0.1
"THA",2015,0
"THA",2016,0
"THA",2017,0
"THA",2018,0
"THA",2019,0.1
"THA",2020,0
"THA",2021,0
"THA",2022,NA
"THA",2023,NA
"THA",2024,NA
"TJK",1960,NA
"TJK",1961,NA
"TJK",1962,NA
"TJK",1963,NA
"TJK",1964,NA
"TJK",1965,NA
"TJK",1966,NA
"TJK",1967,NA
"TJK",1968,NA
"TJK",1969,NA
"TJK",1970,NA
"TJK",1971,NA
"TJK",1972,NA
"TJK",1973,NA
"TJK",1974,NA
"TJK",1975,NA
"TJK",1976,NA
"TJK",1977,NA
"TJK",1978,NA
"TJK",1979,NA
"TJK",1980,NA
"TJK",1981,NA
"TJK",1982,NA
"TJK",1983,NA
"TJK",1984,NA
"TJK",1985,NA
"TJK",1986,NA
"TJK",1987,NA
"TJK",1988,NA
"TJK",1989,NA
"TJK",1990,NA
"TJK",1991,NA
"TJK",1992,NA
"TJK",1993,NA
"TJK",1994,NA
"TJK",1995,NA
"TJK",1996,NA
"TJK",1997,NA
"TJK",1998,NA
"TJK",1999,62
"TJK",2000,NA
"TJK",2001,NA
"TJK",2002,NA
"TJK",2003,36.7
"TJK",2004,21.4
"TJK",2005,NA
"TJK",2006,NA
"TJK",2007,12.8
"TJK",2008,NA
"TJK",2009,6.8
"TJK",2010,NA
"TJK",2011,NA
"TJK",2012,NA
"TJK",2013,NA
"TJK",2014,NA
"TJK",2015,6.1
"TJK",2016,NA
"TJK",2017,NA
"TJK",2018,NA
"TJK",2019,NA
"TJK",2020,NA
"TJK",2021,NA
"TJK",2022,NA
"TJK",2023,NA
"TJK",2024,NA
"TKM",1960,NA
"TKM",1961,NA
"TKM",1962,NA
"TKM",1963,NA
"TKM",1964,NA
"TKM",1965,NA
"TKM",1966,NA
"TKM",1967,NA
"TKM",1968,NA
"TKM",1969,NA
"TKM",1970,NA
"TKM",1971,NA
"TKM",1972,NA
"TKM",1973,NA
"TKM",1974,NA
"TKM",1975,NA
"TKM",1976,NA
"TKM",1977,NA
"TKM",1978,NA
"TKM",1979,NA
"TKM",1980,NA
"TKM",1981,NA
"TKM",1982,NA
"TKM",1983,NA
"TKM",1984,NA
"TKM",1985,NA
"TKM",1986,NA
"TKM",1987,NA
"TKM",1988,NA
"TKM",1989,NA
"TKM",1990,NA
"TKM",1991,NA
"TKM",1992,NA
"TKM",1993,NA
"TKM",1994,NA
"TKM",1995,NA
"TKM",1996,NA
"TKM",1997,NA
"TKM",1998,43.1
"TKM",1999,NA
"TKM",2000,NA
"TKM",2001,NA
"TKM",2002,NA
"TKM",2003,NA
"TKM",2004,NA
"TKM",2005,NA
"TKM",2006,NA
"TKM",2007,NA
"TKM",2008,NA
"TKM",2009,NA
"TKM",2010,NA
"TKM",2011,NA
"TKM",2012,NA
"TKM",2013,NA
"TKM",2014,NA
"TKM",2015,NA
"TKM",2016,NA
"TKM",2017,NA
"TKM",2018,NA
"TKM",2019,NA
"TKM",2020,NA
"TKM",2021,NA
"TKM",2022,NA
"TKM",2023,NA
"TKM",2024,NA
"TLA",1960,NA
"TLA",1961,NA
"TLA",1962,NA
"TLA",1963,NA
"TLA",1964,NA
"TLA",1965,NA
"TLA",1966,NA
"TLA",1967,NA
"TLA",1968,NA
"TLA",1969,NA
"TLA",1970,NA
"TLA",1971,NA
"TLA",1972,NA
"TLA",1973,NA
"TLA",1974,NA
"TLA",1975,NA
"TLA",1976,NA
"TLA",1977,NA
"TLA",1978,NA
"TLA",1979,NA
"TLA",1980,NA
"TLA",1981,NA
"TLA",1982,NA
"TLA",1983,NA
"TLA",1984,NA
"TLA",1985,NA
"TLA",1986,NA
"TLA",1987,NA
"TLA",1988,NA
"TLA",1989,NA
"TLA",1990,NA
"TLA",1991,NA
"TLA",1992,NA
"TLA",1993,NA
"TLA",1994,NA
"TLA",1995,NA
"TLA",1996,NA
"TLA",1997,NA
"TLA",1998,NA
"TLA",1999,NA
"TLA",2000,NA
"TLA",2001,NA
"TLA",2002,NA
"TLA",2003,NA
"TLA",2004,NA
"TLA",2005,NA
"TLA",2006,NA
"TLA",2007,NA
"TLA",2008,NA
"TLA",2009,NA
"TLA",2010,NA
"TLA",2011,NA
"TLA",2012,NA
"TLA",2013,NA
"TLA",2014,NA
"TLA",2015,NA
"TLA",2016,NA
"TLA",2017,NA
"TLA",2018,NA
"TLA",2019,NA
"TLA",2020,NA
"TLA",2021,NA
"TLA",2022,NA
"TLA",2023,NA
"TLA",2024,NA
"TLS",1960,NA
"TLS",1961,NA
"TLS",1962,NA
"TLS",1963,NA
"TLS",1964,NA
"TLS",1965,NA
"TLS",1966,NA
"TLS",1967,NA
"TLS",1968,NA
"TLS",1969,NA
"TLS",1970,NA
"TLS",1971,NA
"TLS",1972,NA
"TLS",1973,NA
"TLS",1974,NA
"TLS",1975,NA
"TLS",1976,NA
"TLS",1977,NA
"TLS",1978,NA
"TLS",1979,NA
"TLS",1980,NA
"TLS",1981,NA
"TLS",1982,NA
"TLS",1983,NA
"TLS",1984,NA
"TLS",1985,NA
"TLS",1986,NA
"TLS",1987,NA
"TLS",1988,NA
"TLS",1989,NA
"TLS",1990,NA
"TLS",1991,NA
"TLS",1992,NA
"TLS",1993,NA
"TLS",1994,NA
"TLS",1995,NA
"TLS",1996,NA
"TLS",1997,NA
"TLS",1998,NA
"TLS",1999,NA
"TLS",2000,NA
"TLS",2001,40.9
"TLS",2002,NA
"TLS",2003,NA
"TLS",2004,NA
"TLS",2005,NA
"TLS",2006,NA
"TLS",2007,40.9
"TLS",2008,NA
"TLS",2009,NA
"TLS",2010,NA
"TLS",2011,NA
"TLS",2012,NA
"TLS",2013,NA
"TLS",2014,24.4
"TLS",2015,NA
"TLS",2016,NA
"TLS",2017,NA
"TLS",2018,NA
"TLS",2019,NA
"TLS",2020,NA
"TLS",2021,NA
"TLS",2022,NA
"TLS",2023,NA
"TLS",2024,NA
"TMN",1960,NA
"TMN",1961,NA
"TMN",1962,NA
"TMN",1963,NA
"TMN",1964,NA
"TMN",1965,NA
"TMN",1966,NA
"TMN",1967,NA
"TMN",1968,NA
"TMN",1969,NA
"TMN",1970,NA
"TMN",1971,NA
"TMN",1972,NA
"TMN",1973,NA
"TMN",1974,NA
"TMN",1975,NA
"TMN",1976,NA
"TMN",1977,NA
"TMN",1978,NA
"TMN",1979,NA
"TMN",1980,NA
"TMN",1981,NA
"TMN",1982,NA
"TMN",1983,NA
"TMN",1984,NA
"TMN",1985,NA
"TMN",1986,NA
"TMN",1987,NA
"TMN",1988,NA
"TMN",1989,NA
"TMN",1990,NA
"TMN",1991,NA
"TMN",1992,NA
"TMN",1993,NA
"TMN",1994,NA
"TMN",1995,NA
"TMN",1996,NA
"TMN",1997,NA
"TMN",1998,NA
"TMN",1999,NA
"TMN",2000,NA
"TMN",2001,NA
"TMN",2002,NA
"TMN",2003,NA
"TMN",2004,NA
"TMN",2005,NA
"TMN",2006,NA
"TMN",2007,NA
"TMN",2008,NA
"TMN",2009,NA
"TMN",2010,NA
"TMN",2011,NA
"TMN",2012,NA
"TMN",2013,NA
"TMN",2014,NA
"TMN",2015,NA
"TMN",2016,NA
"TMN",2017,NA
"TMN",2018,NA
"TMN",2019,NA
"TMN",2020,NA
"TMN",2021,NA
"TMN",2022,NA
"TMN",2023,NA
"TMN",2024,NA
"TON",1960,NA
"TON",1961,NA
"TON",1962,NA
"TON",1963,NA
"TON",1964,NA
"TON",1965,NA
"TON",1966,NA
"TON",1967,NA
"TON",1968,NA
"TON",1969,NA
"TON",1970,NA
"TON",1971,NA
"TON",1972,NA
"TON",1973,NA
"TON",1974,NA
"TON",1975,NA
"TON",1976,NA
"TON",1977,NA
"TON",1978,NA
"TON",1979,NA
"TON",1980,NA
"TON",1981,NA
"TON",1982,NA
"TON",1983,NA
"TON",1984,NA
"TON",1985,NA
"TON",1986,NA
"TON",1987,NA
"TON",1988,NA
"TON",1989,NA
"TON",1990,NA
"TON",1991,NA
"TON",1992,NA
"TON",1993,NA
"TON",1994,NA
"TON",1995,NA
"TON",1996,NA
"TON",1997,NA
"TON",1998,NA
"TON",1999,NA
"TON",2000,3.1
"TON",2001,NA
"TON",2002,NA
"TON",2003,NA
"TON",2004,NA
"TON",2005,NA
"TON",2006,NA
"TON",2007,NA
"TON",2008,NA
"TON",2009,1.3
"TON",2010,NA
"TON",2011,NA
"TON",2012,NA
"TON",2013,NA
"TON",2014,NA
"TON",2015,1.8
"TON",2016,NA
"TON",2017,NA
"TON",2018,NA
"TON",2019,NA
"TON",2020,NA
"TON",2021,0
"TON",2022,NA
"TON",2023,NA
"TON",2024,NA
"TSA",1960,NA
"TSA",1961,NA
"TSA",1962,NA
"TSA",1963,NA
"TSA",1964,NA
"TSA",1965,NA
"TSA",1966,NA
"TSA",1967,NA
"TSA",1968,NA
"TSA",1969,NA
"TSA",1970,NA
"TSA",1971,NA
"TSA",1972,NA
"TSA",1973,NA
"TSA",1974,NA
"TSA",1975,NA
"TSA",1976,NA
"TSA",1977,NA
"TSA",1978,NA
"TSA",1979,NA
"TSA",1980,NA
"TSA",1981,NA
"TSA",1982,NA
"TSA",1983,NA
"TSA",1984,NA
"TSA",1985,NA
"TSA",1986,NA
"TSA",1987,NA
"TSA",1988,NA
"TSA",1989,NA
"TSA",1990,NA
"TSA",1991,NA
"TSA",1992,NA
"TSA",1993,NA
"TSA",1994,NA
"TSA",1995,NA
"TSA",1996,NA
"TSA",1997,NA
"TSA",1998,NA
"TSA",1999,NA
"TSA",2000,NA
"TSA",2001,NA
"TSA",2002,NA
"TSA",2003,NA
"TSA",2004,NA
"TSA",2005,NA
"TSA",2006,NA
"TSA",2007,NA
"TSA",2008,NA
"TSA",2009,NA
"TSA",2010,NA
"TSA",2011,NA
"TSA",2012,NA
"TSA",2013,NA
"TSA",2014,NA
"TSA",2015,NA
"TSA",2016,NA
"TSA",2017,NA
"TSA",2018,NA
"TSA",2019,NA
"TSA",2020,NA
"TSA",2021,NA
"TSA",2022,NA
"TSA",2023,NA
"TSA",2024,NA
"TSS",1960,NA
"TSS",1961,NA
"TSS",1962,NA
"TSS",1963,NA
"TSS",1964,NA
"TSS",1965,NA
"TSS",1966,NA
"TSS",1967,NA
"TSS",1968,NA
"TSS",1969,NA
"TSS",1970,NA
"TSS",1971,NA
"TSS",1972,NA
"TSS",1973,NA
"TSS",1974,NA
"TSS",1975,NA
"TSS",1976,NA
"TSS",1977,NA
"TSS",1978,NA
"TSS",1979,NA
"TSS",1980,NA
"TSS",1981,NA
"TSS",1982,NA
"TSS",1983,NA
"TSS",1984,NA
"TSS",1985,NA
"TSS",1986,NA
"TSS",1987,NA
"TSS",1988,NA
"TSS",1989,NA
"TSS",1990,NA
"TSS",1991,NA
"TSS",1992,NA
"TSS",1993,NA
"TSS",1994,NA
"TSS",1995,NA
"TSS",1996,NA
"TSS",1997,NA
"TSS",1998,NA
"TSS",1999,NA
"TSS",2000,NA
"TSS",2001,NA
"TSS",2002,NA
"TSS",2003,NA
"TSS",2004,NA
"TSS",2005,NA
"TSS",2006,NA
"TSS",2007,NA
"TSS",2008,NA
"TSS",2009,NA
"TSS",2010,NA
"TSS",2011,NA
"TSS",2012,NA
"TSS",2013,NA
"TSS",2014,NA
"TSS",2015,NA
"TSS",2016,NA
"TSS",2017,NA
"TSS",2018,NA
"TSS",2019,NA
"TSS",2020,NA
"TSS",2021,NA
"TSS",2022,NA
"TSS",2023,NA
"TSS",2024,NA
"TTO",1960,NA
"TTO",1961,NA
"TTO",1962,NA
"TTO",1963,NA
"TTO",1964,NA
"TTO",1965,NA
"TTO",1966,NA
"TTO",1967,NA
"TTO",1968,NA
"TTO",1969,NA
"TTO",1970,NA
"TTO",1971,NA
"TTO",1972,NA
"TTO",1973,NA
"TTO",1974,NA
"TTO",1975,NA
"TTO",1976,NA
"TTO",1977,NA
"TTO",1978,NA
"TTO",1979,NA
"TTO",1980,NA
"TTO",1981,NA
"TTO",1982,NA
"TTO",1983,NA
"TTO",1984,NA
"TTO",1985,NA
"TTO",1986,NA
"TTO",1987,NA
"TTO",1988,0
"TTO",1989,NA
"TTO",1990,NA
"TTO",1991,NA
"TTO",1992,1.3
"TTO",1993,NA
"TTO",1994,NA
"TTO",1995,NA
"TTO",1996,NA
"TTO",1997,NA
"TTO",1998,NA
"TTO",1999,NA
"TTO",2000,NA
"TTO",2001,NA
"TTO",2002,NA
"TTO",2003,NA
"TTO",2004,NA
"TTO",2005,NA
"TTO",2006,NA
"TTO",2007,NA
"TTO",2008,NA
"TTO",2009,NA
"TTO",2010,NA
"TTO",2011,NA
"TTO",2012,NA
"TTO",2013,NA
"TTO",2014,NA
"TTO",2015,NA
"TTO",2016,NA
"TTO",2017,NA
"TTO",2018,NA
"TTO",2019,NA
"TTO",2020,NA
"TTO",2021,NA
"TTO",2022,NA
"TTO",2023,NA
"TTO",2024,NA
"TUN",1960,NA
"TUN",1961,NA
"TUN",1962,NA
"TUN",1963,NA
"TUN",1964,NA
"TUN",1965,NA
"TUN",1966,NA
"TUN",1967,NA
"TUN",1968,NA
"TUN",1969,NA
"TUN",1970,NA
"TUN",1971,NA
"TUN",1972,NA
"TUN",1973,NA
"TUN",1974,NA
"TUN",1975,NA
"TUN",1976,NA
"TUN",1977,NA
"TUN",1978,NA
"TUN",1979,NA
"TUN",1980,NA
"TUN",1981,NA
"TUN",1982,NA
"TUN",1983,NA
"TUN",1984,NA
"TUN",1985,13
"TUN",1986,NA
"TUN",1987,NA
"TUN",1988,NA
"TUN",1989,NA
"TUN",1990,9.3
"TUN",1991,NA
"TUN",1992,NA
"TUN",1993,NA
"TUN",1994,NA
"TUN",1995,9.8
"TUN",1996,NA
"TUN",1997,NA
"TUN",1998,NA
"TUN",1999,NA
"TUN",2000,4.3
"TUN",2001,NA
"TUN",2002,NA
"TUN",2003,NA
"TUN",2004,NA
"TUN",2005,2.6
"TUN",2006,NA
"TUN",2007,NA
"TUN",2008,NA
"TUN",2009,NA
"TUN",2010,1.5
"TUN",2011,NA
"TUN",2012,NA
"TUN",2013,NA
"TUN",2014,NA
"TUN",2015,0.1
"TUN",2016,NA
"TUN",2017,NA
"TUN",2018,NA
"TUN",2019,NA
"TUN",2020,NA
"TUN",2021,0.3
"TUN",2022,NA
"TUN",2023,NA
"TUN",2024,NA
"TUR",1960,NA
"TUR",1961,NA
"TUR",1962,NA
"TUR",1963,NA
"TUR",1964,NA
"TUR",1965,NA
"TUR",1966,NA
"TUR",1967,NA
"TUR",1968,NA
"TUR",1969,NA
"TUR",1970,NA
"TUR",1971,NA
"TUR",1972,NA
"TUR",1973,NA
"TUR",1974,NA
"TUR",1975,NA
"TUR",1976,NA
"TUR",1977,NA
"TUR",1978,NA
"TUR",1979,NA
"TUR",1980,NA
"TUR",1981,NA
"TUR",1982,NA
"TUR",1983,NA
"TUR",1984,NA
"TUR",1985,NA
"TUR",1986,NA
"TUR",1987,NA
"TUR",1988,NA
"TUR",1989,NA
"TUR",1990,NA
"TUR",1991,NA
"TUR",1992,NA
"TUR",1993,NA
"TUR",1994,NA
"TUR",1995,NA
"TUR",1996,NA
"TUR",1997,NA
"TUR",1998,NA
"TUR",1999,NA
"TUR",2000,NA
"TUR",2001,NA
"TUR",2002,NA
"TUR",2003,NA
"TUR",2004,NA
"TUR",2005,NA
"TUR",2006,NA
"TUR",2007,NA
"TUR",2008,NA
"TUR",2009,NA
"TUR",2010,NA
"TUR",2011,NA
"TUR",2012,NA
"TUR",2013,NA
"TUR",2014,NA
"TUR",2015,NA
"TUR",2016,NA
"TUR",2017,0.3
"TUR",2018,0.4
"TUR",2019,0.5
"TUR",2020,0.5
"TUR",2021,0.4
"TUR",2022,NA
"TUR",2023,NA
"TUR",2024,NA
"TUV",1960,NA
"TUV",1961,NA
"TUV",1962,NA
"TUV",1963,NA
"TUV",1964,NA
"TUV",1965,NA
"TUV",1966,NA
"TUV",1967,NA
"TUV",1968,NA
"TUV",1969,NA
"TUV",1970,NA
"TUV",1971,NA
"TUV",1972,NA
"TUV",1973,NA
"TUV",1974,NA
"TUV",1975,NA
"TUV",1976,NA
"TUV",1977,NA
"TUV",1978,NA
"TUV",1979,NA
"TUV",1980,NA
"TUV",1981,NA
"TUV",1982,NA
"TUV",1983,NA
"TUV",1984,NA
"TUV",1985,NA
"TUV",1986,NA
"TUV",1987,NA
"TUV",1988,NA
"TUV",1989,NA
"TUV",1990,NA
"TUV",1991,NA
"TUV",1992,NA
"TUV",1993,NA
"TUV",1994,NA
"TUV",1995,NA
"TUV",1996,NA
"TUV",1997,NA
"TUV",1998,NA
"TUV",1999,NA
"TUV",2000,NA
"TUV",2001,NA
"TUV",2002,NA
"TUV",2003,NA
"TUV",2004,NA
"TUV",2005,NA
"TUV",2006,NA
"TUV",2007,NA
"TUV",2008,NA
"TUV",2009,NA
"TUV",2010,3.6
"TUV",2011,NA
"TUV",2012,NA
"TUV",2013,NA
"TUV",2014,NA
"TUV",2015,NA
"TUV",2016,NA
"TUV",2017,NA
"TUV",2018,NA
"TUV",2019,NA
"TUV",2020,NA
"TUV",2021,NA
"TUV",2022,NA
"TUV",2023,NA
"TUV",2024,NA
"TZA",1960,NA
"TZA",1961,NA
"TZA",1962,NA
"TZA",1963,NA
"TZA",1964,NA
"TZA",1965,NA
"TZA",1966,NA
"TZA",1967,NA
"TZA",1968,NA
"TZA",1969,NA
"TZA",1970,NA
"TZA",1971,NA
"TZA",1972,NA
"TZA",1973,NA
"TZA",1974,NA
"TZA",1975,NA
"TZA",1976,NA
"TZA",1977,NA
"TZA",1978,NA
"TZA",1979,NA
"TZA",1980,NA
"TZA",1981,NA
"TZA",1982,NA
"TZA",1983,NA
"TZA",1984,NA
"TZA",1985,NA
"TZA",1986,NA
"TZA",1987,NA
"TZA",1988,NA
"TZA",1989,NA
"TZA",1990,NA
"TZA",1991,69.3
"TZA",1992,NA
"TZA",1993,NA
"TZA",1994,NA
"TZA",1995,NA
"TZA",1996,NA
"TZA",1997,NA
"TZA",1998,NA
"TZA",1999,NA
"TZA",2000,84
"TZA",2001,NA
"TZA",2002,NA
"TZA",2003,NA
"TZA",2004,NA
"TZA",2005,NA
"TZA",2006,NA
"TZA",2007,56.2
"TZA",2008,NA
"TZA",2009,NA
"TZA",2010,NA
"TZA",2011,44.7
"TZA",2012,NA
"TZA",2013,NA
"TZA",2014,NA
"TZA",2015,NA
"TZA",2016,NA
"TZA",2017,NA
"TZA",2018,44.9
"TZA",2019,NA
"TZA",2020,NA
"TZA",2021,NA
"TZA",2022,NA
"TZA",2023,NA
"TZA",2024,NA
"UGA",1960,NA
"UGA",1961,NA
"UGA",1962,NA
"UGA",1963,NA
"UGA",1964,NA
"UGA",1965,NA
"UGA",1966,NA
"UGA",1967,NA
"UGA",1968,NA
"UGA",1969,NA
"UGA",1970,NA
"UGA",1971,NA
"UGA",1972,NA
"UGA",1973,NA
"UGA",1974,NA
"UGA",1975,NA
"UGA",1976,NA
"UGA",1977,NA
"UGA",1978,NA
"UGA",1979,NA
"UGA",1980,NA
"UGA",1981,NA
"UGA",1982,NA
"UGA",1983,NA
"UGA",1984,NA
"UGA",1985,NA
"UGA",1986,NA
"UGA",1987,NA
"UGA",1988,NA
"UGA",1989,58.7
"UGA",1990,NA
"UGA",1991,NA
"UGA",1992,65.1
"UGA",1993,NA
"UGA",1994,NA
"UGA",1995,NA
"UGA",1996,63.9
"UGA",1997,NA
"UGA",1998,NA
"UGA",1999,67.9
"UGA",2000,NA
"UGA",2001,NA
"UGA",2002,66
"UGA",2003,NA
"UGA",2004,NA
"UGA",2005,57.3
"UGA",2006,NA
"UGA",2007,NA
"UGA",2008,NA
"UGA",2009,45.9
"UGA",2010,NA
"UGA",2011,NA
"UGA",2012,37.5
"UGA",2013,NA
"UGA",2014,NA
"UGA",2015,NA
"UGA",2016,42.9
"UGA",2017,NA
"UGA",2018,NA
"UGA",2019,42.1
"UGA",2020,NA
"UGA",2021,NA
"UGA",2022,NA
"UGA",2023,NA
"UGA",2024,NA
"UKR",1960,NA
"UKR",1961,NA
"UKR",1962,NA
"UKR",1963,NA
"UKR",1964,NA
"UKR",1965,NA
"UKR",1966,NA
"UKR",1967,NA
"UKR",1968,NA
"UKR",1969,NA
"UKR",1970,NA
"UKR",1971,NA
"UKR",1972,NA
"UKR",1973,NA
"UKR",1974,NA
"UKR",1975,NA
"UKR",1976,NA
"UKR",1977,NA
"UKR",1978,NA
"UKR",1979,NA
"UKR",1980,NA
"UKR",1981,NA
"UKR",1982,NA
"UKR",1983,NA
"UKR",1984,NA
"UKR",1985,NA
"UKR",1986,NA
"UKR",1987,NA
"UKR",1988,NA
"UKR",1989,NA
"UKR",1990,NA
"UKR",1991,NA
"UKR",1992,3.9
"UKR",1993,1.9
"UKR",1994,NA
"UKR",1995,7.9
"UKR",1996,7.2
"UKR",1997,NA
"UKR",1998,NA
"UKR",1999,NA
"UKR",2000,NA
"UKR",2001,NA
"UKR",2002,2.7
"UKR",2003,1.1
"UKR",2004,0.9
"UKR",2005,0.4
"UKR",2006,0.2
"UKR",2007,0.1
"UKR",2008,0
"UKR",2009,0.1
"UKR",2010,0
"UKR",2011,0
"UKR",2012,0.1
"UKR",2013,0
"UKR",2014,0
"UKR",2015,0.1
"UKR",2016,0.1
"UKR",2017,0
"UKR",2018,0
"UKR",2019,0
"UKR",2020,0
"UKR",2021,NA
"UKR",2022,NA
"UKR",2023,NA
"UKR",2024,NA
"UMC",1960,NA
"UMC",1961,NA
"UMC",1962,NA
"UMC",1963,NA
"UMC",1964,NA
"UMC",1965,NA
"UMC",1966,NA
"UMC",1967,NA
"UMC",1968,NA
"UMC",1969,NA
"UMC",1970,NA
"UMC",1971,NA
"UMC",1972,NA
"UMC",1973,NA
"UMC",1974,NA
"UMC",1975,NA
"UMC",1976,NA
"UMC",1977,NA
"UMC",1978,NA
"UMC",1979,NA
"UMC",1980,NA
"UMC",1981,62.4
"UMC",1982,61.2
"UMC",1983,59.8
"UMC",1984,56.4
"UMC",1985,53.2
"UMC",1986,50.1
"UMC",1987,47.9
"UMC",1988,44
"UMC",1989,50.3
"UMC",1990,49.2
"UMC",1991,48.2
"UMC",1992,46.8
"UMC",1993,45.4
"UMC",1994,41
"UMC",1995,37.4
"UMC",1996,34.7
"UMC",1997,34.8
"UMC",1998,35.7
"UMC",1999,33.3
"UMC",2000,31.1
"UMC",2001,29
"UMC",2002,25.2
"UMC",2003,22.4
"UMC",2004,19.6
"UMC",2005,16.4
"UMC",2006,15.4
"UMC",2007,13.8
"UMC",2008,12.8
"UMC",2009,11.6
"UMC",2010,10.2
"UMC",2011,8
"UMC",2012,6.7
"UMC",2013,3.7
"UMC",2014,3.1
"UMC",2015,2.3
"UMC",2016,1.9
"UMC",2017,1.7
"UMC",2018,1.6
"UMC",2019,1.6
"UMC",2020,1.5
"UMC",2021,1.6
"UMC",2022,1.3
"UMC",2023,NA
"UMC",2024,NA
"URY",1960,NA
"URY",1961,NA
"URY",1962,NA
"URY",1963,NA
"URY",1964,NA
"URY",1965,NA
"URY",1966,NA
"URY",1967,NA
"URY",1968,NA
"URY",1969,NA
"URY",1970,NA
"URY",1971,NA
"URY",1972,NA
"URY",1973,NA
"URY",1974,NA
"URY",1975,NA
"URY",1976,NA
"URY",1977,NA
"URY",1978,NA
"URY",1979,NA
"URY",1980,NA
"URY",1981,0
"URY",1982,NA
"URY",1983,NA
"URY",1984,NA
"URY",1985,NA
"URY",1986,NA
"URY",1987,NA
"URY",1988,NA
"URY",1989,0.7
"URY",1990,NA
"URY",1991,NA
"URY",1992,0.6
"URY",1993,NA
"URY",1994,NA
"URY",1995,0.5
"URY",1996,0.6
"URY",1997,0.6
"URY",1998,0.6
"URY",1999,NA
"URY",2000,0.7
"URY",2001,0.5
"URY",2002,0.6
"URY",2003,0.8
"URY",2004,1
"URY",2005,0.9
"URY",2006,0.6
"URY",2007,0.4
"URY",2008,0.2
"URY",2009,0.3
"URY",2010,0.2
"URY",2011,0.1
"URY",2012,0.2
"URY",2013,0.2
"URY",2014,0.2
"URY",2015,0.1
"URY",2016,0.1
"URY",2017,0.1
"URY",2018,0.1
"URY",2019,0.1
"URY",2020,0.2
"URY",2021,0.1
"URY",2022,0.2
"URY",2023,NA
"URY",2024,NA
"USA",1960,NA
"USA",1961,NA
"USA",1962,NA
"USA",1963,1.2
"USA",1964,1.2
"USA",1965,1
"USA",1966,1
"USA",1967,1
"USA",1968,0.7
"USA",1969,0.5
"USA",1970,1
"USA",1971,0.7
"USA",1972,0.7
"USA",1973,0.7
"USA",1974,0.7
"USA",1975,0.5
"USA",1976,0.5
"USA",1977,0.5
"USA",1978,0.5
"USA",1979,0.5
"USA",1980,0.5
"USA",1981,0.5
"USA",1982,0.7
"USA",1983,0.5
"USA",1984,0.5
"USA",1985,0.5
"USA",1986,0.5
"USA",1987,0.5
"USA",1988,0.5
"USA",1989,0.5
"USA",1990,0.5
"USA",1991,0.5
"USA",1992,0.5
"USA",1993,0.5
"USA",1994,0.5
"USA",1995,0.5
"USA",1996,0.7
"USA",1997,0.7
"USA",1998,0.7
"USA",1999,0.7
"USA",2000,0.7
"USA",2001,0.7
"USA",2002,0.7
"USA",2003,1
"USA",2004,1
"USA",2005,1
"USA",2006,1
"USA",2007,1
"USA",2008,1
"USA",2009,1
"USA",2010,1
"USA",2011,1
"USA",2012,1
"USA",2013,1
"USA",2014,1.2
"USA",2015,1.2
"USA",2016,1
"USA",2017,1.2
"USA",2018,1
"USA",2019,1
"USA",2020,0.2
"USA",2021,0.2
"USA",2022,1.2
"USA",2023,NA
"USA",2024,NA
"UZB",1960,NA
"UZB",1961,NA
"UZB",1962,NA
"UZB",1963,NA
"UZB",1964,NA
"UZB",1965,NA
"UZB",1966,NA
"UZB",1967,NA
"UZB",1968,NA
"UZB",1969,NA
"UZB",1970,NA
"UZB",1971,NA
"UZB",1972,NA
"UZB",1973,NA
"UZB",1974,NA
"UZB",1975,NA
"UZB",1976,NA
"UZB",1977,NA
"UZB",1978,NA
"UZB",1979,NA
"UZB",1980,NA
"UZB",1981,NA
"UZB",1982,NA
"UZB",1983,NA
"UZB",1984,NA
"UZB",1985,NA
"UZB",1986,NA
"UZB",1987,NA
"UZB",1988,NA
"UZB",1989,NA
"UZB",1990,NA
"UZB",1991,NA
"UZB",1992,NA
"UZB",1993,NA
"UZB",1994,NA
"UZB",1995,NA
"UZB",1996,NA
"UZB",1997,NA
"UZB",1998,58.8
"UZB",1999,NA
"UZB",2000,81.3
"UZB",2001,NA
"UZB",2002,80.5
"UZB",2003,81.5
"UZB",2004,NA
"UZB",2005,NA
"UZB",2006,NA
"UZB",2007,NA
"UZB",2008,NA
"UZB",2009,NA
"UZB",2010,NA
"UZB",2011,NA
"UZB",2012,NA
"UZB",2013,NA
"UZB",2014,NA
"UZB",2015,NA
"UZB",2016,NA
"UZB",2017,NA
"UZB",2018,NA
"UZB",2019,NA
"UZB",2020,NA
"UZB",2021,NA
"UZB",2022,2.3
"UZB",2023,NA
"UZB",2024,NA
"VCT",1960,NA
"VCT",1961,NA
"VCT",1962,NA
"VCT",1963,NA
"VCT",1964,NA
"VCT",1965,NA
"VCT",1966,NA
"VCT",1967,NA
"VCT",1968,NA
"VCT",1969,NA
"VCT",1970,NA
"VCT",1971,NA
"VCT",1972,NA
"VCT",1973,NA
"VCT",1974,NA
"VCT",1975,NA
"VCT",1976,NA
"VCT",1977,NA
"VCT",1978,NA
"VCT",1979,NA
"VCT",1980,NA
"VCT",1981,NA
"VCT",1982,NA
"VCT",1983,NA
"VCT",1984,NA
"VCT",1985,NA
"VCT",1986,NA
"VCT",1987,NA
"VCT",1988,NA
"VCT",1989,NA
"VCT",1990,NA
"VCT",1991,NA
"VCT",1992,NA
"VCT",1993,NA
"VCT",1994,NA
"VCT",1995,NA
"VCT",1996,NA
"VCT",1997,NA
"VCT",1998,NA
"VCT",1999,NA
"VCT",2000,NA
"VCT",2001,NA
"VCT",2002,NA
"VCT",2003,NA
"VCT",2004,NA
"VCT",2005,NA
"VCT",2006,NA
"VCT",2007,NA
"VCT",2008,NA
"VCT",2009,NA
"VCT",2010,NA
"VCT",2011,NA
"VCT",2012,NA
"VCT",2013,NA
"VCT",2014,NA
"VCT",2015,NA
"VCT",2016,NA
"VCT",2017,NA
"VCT",2018,NA
"VCT",2019,NA
"VCT",2020,NA
"VCT",2021,NA
"VCT",2022,NA
"VCT",2023,NA
"VCT",2024,NA
"VEN",1960,NA
"VEN",1961,NA
"VEN",1962,NA
"VEN",1963,NA
"VEN",1964,NA
"VEN",1965,NA
"VEN",1966,NA
"VEN",1967,NA
"VEN",1968,NA
"VEN",1969,NA
"VEN",1970,NA
"VEN",1971,NA
"VEN",1972,NA
"VEN",1973,NA
"VEN",1974,NA
"VEN",1975,NA
"VEN",1976,NA
"VEN",1977,NA
"VEN",1978,NA
"VEN",1979,NA
"VEN",1980,NA
"VEN",1981,6.7
"VEN",1982,NA
"VEN",1983,NA
"VEN",1984,NA
"VEN",1985,NA
"VEN",1986,NA
"VEN",1987,7
"VEN",1988,NA
"VEN",1989,5.3
"VEN",1990,NA
"VEN",1991,NA
"VEN",1992,4.5
"VEN",1993,NA
"VEN",1994,NA
"VEN",1995,9.9
"VEN",1996,NA
"VEN",1997,NA
"VEN",1998,10.4
"VEN",1999,11.8
"VEN",2000,NA
"VEN",2001,10.3
"VEN",2002,16.4
"VEN",2003,19.7
"VEN",2004,16.6
"VEN",2005,14.4
"VEN",2006,7.1
"VEN",2007,NA
"VEN",2008,NA
"VEN",2009,NA
"VEN",2010,NA
"VEN",2011,NA
"VEN",2012,NA
"VEN",2013,NA
"VEN",2014,NA
"VEN",2015,NA
"VEN",2016,NA
"VEN",2017,NA
"VEN",2018,NA
"VEN",2019,NA
"VEN",2020,NA
"VEN",2021,NA
"VEN",2022,NA
"VEN",2023,NA
"VEN",2024,NA
"VGB",1960,NA
"VGB",1961,NA
"VGB",1962,NA
"VGB",1963,NA
"VGB",1964,NA
"VGB",1965,NA
"VGB",1966,NA
"VGB",1967,NA
"VGB",1968,NA
"VGB",1969,NA
"VGB",1970,NA
"VGB",1971,NA
"VGB",1972,NA
"VGB",1973,NA
"VGB",1974,NA
"VGB",1975,NA
"VGB",1976,NA
"VGB",1977,NA
"VGB",1978,NA
"VGB",1979,NA
"VGB",1980,NA
"VGB",1981,NA
"VGB",1982,NA
"VGB",1983,NA
"VGB",1984,NA
"VGB",1985,NA
"VGB",1986,NA
"VGB",1987,NA
"VGB",1988,NA
"VGB",1989,NA
"VGB",1990,NA
"VGB",1991,NA
"VGB",1992,NA
"VGB",1993,NA
"VGB",1994,NA
"VGB",1995,NA
"VGB",1996,NA
"VGB",1997,NA
"VGB",1998,NA
"VGB",1999,NA
"VGB",2000,NA
"VGB",2001,NA
"VGB",2002,NA
"VGB",2003,NA
"VGB",2004,NA
"VGB",2005,NA
"VGB",2006,NA
"VGB",2007,NA
"VGB",2008,NA
"VGB",2009,NA
"VGB",2010,NA
"VGB",2011,NA
"VGB",2012,NA
"VGB",2013,NA
"VGB",2014,NA
"VGB",2015,NA
"VGB",2016,NA
"VGB",2017,NA
"VGB",2018,NA
"VGB",2019,NA
"VGB",2020,NA
"VGB",2021,NA
"VGB",2022,NA
"VGB",2023,NA
"VGB",2024,NA
"VIR",1960,NA
"VIR",1961,NA
"VIR",1962,NA
"VIR",1963,NA
"VIR",1964,NA
"VIR",1965,NA
"VIR",1966,NA
"VIR",1967,NA
"VIR",1968,NA
"VIR",1969,NA
"VIR",1970,NA
"VIR",1971,NA
"VIR",1972,NA
"VIR",1973,NA
"VIR",1974,NA
"VIR",1975,NA
"VIR",1976,NA
"VIR",1977,NA
"VIR",1978,NA
"VIR",1979,NA
"VIR",1980,NA
"VIR",1981,NA
"VIR",1982,NA
"VIR",1983,NA
"VIR",1984,NA
"VIR",1985,NA
"VIR",1986,NA
"VIR",1987,NA
"VIR",1988,NA
"VIR",1989,NA
"VIR",1990,NA
"VIR",1991,NA
"VIR",1992,NA
"VIR",1993,NA
"VIR",1994,NA
"VIR",1995,NA
"VIR",1996,NA
"VIR",1997,NA
"VIR",1998,NA
"VIR",1999,NA
"VIR",2000,NA
"VIR",2001,NA
"VIR",2002,NA
"VIR",2003,NA
"VIR",2004,NA
"VIR",2005,NA
"VIR",2006,NA
"VIR",2007,NA
"VIR",2008,NA
"VIR",2009,NA
"VIR",2010,NA
"VIR",2011,NA
"VIR",2012,NA
"VIR",2013,NA
"VIR",2014,NA
"VIR",2015,NA
"VIR",2016,NA
"VIR",2017,NA
"VIR",2018,NA
"VIR",2019,NA
"VIR",2020,NA
"VIR",2021,NA
"VIR",2022,NA
"VIR",2023,NA
"VIR",2024,NA
"VNM",1960,NA
"VNM",1961,NA
"VNM",1962,NA
"VNM",1963,NA
"VNM",1964,NA
"VNM",1965,NA
"VNM",1966,NA
"VNM",1967,NA
"VNM",1968,NA
"VNM",1969,NA
"VNM",1970,NA
"VNM",1971,NA
"VNM",1972,NA
"VNM",1973,NA
"VNM",1974,NA
"VNM",1975,NA
"VNM",1976,NA
"VNM",1977,NA
"VNM",1978,NA
"VNM",1979,NA
"VNM",1980,NA
"VNM",1981,NA
"VNM",1982,NA
"VNM",1983,NA
"VNM",1984,NA
"VNM",1985,NA
"VNM",1986,NA
"VNM",1987,NA
"VNM",1988,NA
"VNM",1989,NA
"VNM",1990,NA
"VNM",1991,NA
"VNM",1992,45.1
"VNM",1993,NA
"VNM",1994,NA
"VNM",1995,NA
"VNM",1996,NA
"VNM",1997,24.4
"VNM",1998,NA
"VNM",1999,NA
"VNM",2000,NA
"VNM",2001,NA
"VNM",2002,29.9
"VNM",2003,NA
"VNM",2004,20.1
"VNM",2005,NA
"VNM",2006,14.9
"VNM",2007,NA
"VNM",2008,11.1
"VNM",2009,NA
"VNM",2010,2.9
"VNM",2011,NA
"VNM",2012,1.7
"VNM",2013,NA
"VNM",2014,1.9
"VNM",2015,NA
"VNM",2016,1.3
"VNM",2017,NA
"VNM",2018,1.2
"VNM",2019,NA
"VNM",2020,0.7
"VNM",2021,NA
"VNM",2022,1
"VNM",2023,NA
"VNM",2024,NA
"VUT",1960,NA
"VUT",1961,NA
"VUT",1962,NA
"VUT",1963,NA
"VUT",1964,NA
"VUT",1965,NA
"VUT",1966,NA
"VUT",1967,NA
"VUT",1968,NA
"VUT",1969,NA
"VUT",1970,NA
"VUT",1971,NA
"VUT",1972,NA
"VUT",1973,NA
"VUT",1974,NA
"VUT",1975,NA
"VUT",1976,NA
"VUT",1977,NA
"VUT",1978,NA
"VUT",1979,NA
"VUT",1980,NA
"VUT",1981,NA
"VUT",1982,NA
"VUT",1983,NA
"VUT",1984,NA
"VUT",1985,NA
"VUT",1986,NA
"VUT",1987,NA
"VUT",1988,NA
"VUT",1989,NA
"VUT",1990,NA
"VUT",1991,NA
"VUT",1992,NA
"VUT",1993,NA
"VUT",1994,NA
"VUT",1995,NA
"VUT",1996,NA
"VUT",1997,NA
"VUT",1998,NA
"VUT",1999,NA
"VUT",2000,NA
"VUT",2001,NA
"VUT",2002,NA
"VUT",2003,NA
"VUT",2004,NA
"VUT",2005,NA
"VUT",2006,NA
"VUT",2007,NA
"VUT",2008,NA
"VUT",2009,NA
"VUT",2010,14.7
"VUT",2011,NA
"VUT",2012,NA
"VUT",2013,NA
"VUT",2014,NA
"VUT",2015,NA
"VUT",2016,NA
"VUT",2017,NA
"VUT",2018,NA
"VUT",2019,10
"VUT",2020,NA
"VUT",2021,NA
"VUT",2022,NA
"VUT",2023,NA
"VUT",2024,NA
"WLD",1960,NA
"WLD",1961,NA
"WLD",1962,NA
"WLD",1963,NA
"WLD",1964,NA
"WLD",1965,NA
"WLD",1966,NA
"WLD",1967,NA
"WLD",1968,NA
"WLD",1969,NA
"WLD",1970,NA
"WLD",1971,NA
"WLD",1972,NA
"WLD",1973,NA
"WLD",1974,NA
"WLD",1975,NA
"WLD",1976,NA
"WLD",1977,NA
"WLD",1978,NA
"WLD",1979,NA
"WLD",1980,NA
"WLD",1981,44
"WLD",1982,43.4
"WLD",1983,42.5
"WLD",1984,41.1
"WLD",1985,39.7
"WLD",1986,38.3
"WLD",1987,37.5
"WLD",1988,35.7
"WLD",1989,38.2
"WLD",1990,37.9
"WLD",1991,37.4
"WLD",1992,36.6
"WLD",1993,36.1
"WLD",1994,34.2
"WLD",1995,32.5
"WLD",1996,31
"WLD",1997,30.8
"WLD",1998,31.1
"WLD",1999,30.2
"WLD",2000,29.3
"WLD",2001,28.3
"WLD",2002,26.8
"WLD",2003,25.3
"WLD",2004,23.3
"WLD",2005,21.5
"WLD",2006,20.5
"WLD",2007,19.2
"WLD",2008,18.3
"WLD",2009,17.4
"WLD",2010,15.7
"WLD",2011,13.9
"WLD",2012,12.9
"WLD",2013,11.5
"WLD",2014,11
"WLD",2015,10.5
"WLD",2016,10.2
"WLD",2017,9.4
"WLD",2018,8.7
"WLD",2019,8.8
"WLD",2020,9.7
"WLD",2021,9.5
"WLD",2022,9
"WLD",2023,NA
"WLD",2024,NA
"WSM",1960,NA
"WSM",1961,NA
"WSM",1962,NA
"WSM",1963,NA
"WSM",1964,NA
"WSM",1965,NA
"WSM",1966,NA
"WSM",1967,NA
"WSM",1968,NA
"WSM",1969,NA
"WSM",1970,NA
"WSM",1971,NA
"WSM",1972,NA
"WSM",1973,NA
"WSM",1974,NA
"WSM",1975,NA
"WSM",1976,NA
"WSM",1977,NA
"WSM",1978,NA
"WSM",1979,NA
"WSM",1980,NA
"WSM",1981,NA
"WSM",1982,NA
"WSM",1983,NA
"WSM",1984,NA
"WSM",1985,NA
"WSM",1986,NA
"WSM",1987,NA
"WSM",1988,NA
"WSM",1989,NA
"WSM",1990,NA
"WSM",1991,NA
"WSM",1992,NA
"WSM",1993,NA
"WSM",1994,NA
"WSM",1995,NA
"WSM",1996,NA
"WSM",1997,NA
"WSM",1998,NA
"WSM",1999,NA
"WSM",2000,NA
"WSM",2001,NA
"WSM",2002,2.2
"WSM",2003,NA
"WSM",2004,NA
"WSM",2005,NA
"WSM",2006,NA
"WSM",2007,NA
"WSM",2008,1.1
"WSM",2009,NA
"WSM",2010,NA
"WSM",2011,NA
"WSM",2012,NA
"WSM",2013,1.2
"WSM",2014,NA
"WSM",2015,NA
"WSM",2016,NA
"WSM",2017,NA
"WSM",2018,NA
"WSM",2019,NA
"WSM",2020,NA
"WSM",2021,NA
"WSM",2022,NA
"WSM",2023,NA
"WSM",2024,NA
"XKX",1960,NA
"XKX",1961,NA
"XKX",1962,NA
"XKX",1963,NA
"XKX",1964,NA
"XKX",1965,NA
"XKX",1966,NA
"XKX",1967,NA
"XKX",1968,NA
"XKX",1969,NA
"XKX",1970,NA
"XKX",1971,NA
"XKX",1972,NA
"XKX",1973,NA
"XKX",1974,NA
"XKX",1975,NA
"XKX",1976,NA
"XKX",1977,NA
"XKX",1978,NA
"XKX",1979,NA
"XKX",1980,NA
"XKX",1981,NA
"XKX",1982,NA
"XKX",1983,NA
"XKX",1984,NA
"XKX",1985,NA
"XKX",1986,NA
"XKX",1987,NA
"XKX",1988,NA
"XKX",1989,NA
"XKX",1990,NA
"XKX",1991,NA
"XKX",1992,NA
"XKX",1993,NA
"XKX",1994,NA
"XKX",1995,NA
"XKX",1996,NA
"XKX",1997,NA
"XKX",1998,NA
"XKX",1999,NA
"XKX",2000,NA
"XKX",2001,NA
"XKX",2002,NA
"XKX",2003,2.4
"XKX",2004,NA
"XKX",2005,4.2
"XKX",2006,4.1
"XKX",2007,NA
"XKX",2008,NA
"XKX",2009,3.4
"XKX",2010,2.9
"XKX",2011,1.9
"XKX",2012,0.8
"XKX",2013,0.4
"XKX",2014,1.1
"XKX",2015,0.8
"XKX",2016,0.8
"XKX",2017,0.4
"XKX",2018,NA
"XKX",2019,NA
"XKX",2020,NA
"XKX",2021,NA
"XKX",2022,NA
"XKX",2023,NA
"XKX",2024,NA
"YEM",1960,NA
"YEM",1961,NA
"YEM",1962,NA
"YEM",1963,NA
"YEM",1964,NA
"YEM",1965,NA
"YEM",1966,NA
"YEM",1967,NA
"YEM",1968,NA
"YEM",1969,NA
"YEM",1970,NA
"YEM",1971,NA
"YEM",1972,NA
"YEM",1973,NA
"YEM",1974,NA
"YEM",1975,NA
"YEM",1976,NA
"YEM",1977,NA
"YEM",1978,NA
"YEM",1979,NA
"YEM",1980,NA
"YEM",1981,NA
"YEM",1982,NA
"YEM",1983,NA
"YEM",1984,NA
"YEM",1985,NA
"YEM",1986,NA
"YEM",1987,NA
"YEM",1988,NA
"YEM",1989,NA
"YEM",1990,NA
"YEM",1991,NA
"YEM",1992,NA
"YEM",1993,NA
"YEM",1994,NA
"YEM",1995,NA
"YEM",1996,NA
"YEM",1997,NA
"YEM",1998,8.1
"YEM",1999,NA
"YEM",2000,NA
"YEM",2001,NA
"YEM",2002,NA
"YEM",2003,NA
"YEM",2004,NA
"YEM",2005,10.5
"YEM",2006,NA
"YEM",2007,NA
"YEM",2008,NA
"YEM",2009,NA
"YEM",2010,NA
"YEM",2011,NA
"YEM",2012,NA
"YEM",2013,NA
"YEM",2014,19.8
"YEM",2015,NA
"YEM",2016,NA
"YEM",2017,NA
"YEM",2018,NA
"YEM",2019,NA
"YEM",2020,NA
"YEM",2021,NA
"YEM",2022,NA
"YEM",2023,NA
"YEM",2024,NA
"ZAF",1960,NA
"ZAF",1961,NA
"ZAF",1962,NA
"ZAF",1963,NA
"ZAF",1964,NA
"ZAF",1965,NA
"ZAF",1966,NA
"ZAF",1967,NA
"ZAF",1968,NA
"ZAF",1969,NA
"ZAF",1970,NA
"ZAF",1971,NA
"ZAF",1972,NA
"ZAF",1973,NA
"ZAF",1974,NA
"ZAF",1975,NA
"ZAF",1976,NA
"ZAF",1977,NA
"ZAF",1978,NA
"ZAF",1979,NA
"ZAF",1980,NA
"ZAF",1981,NA
"ZAF",1982,NA
"ZAF",1983,NA
"ZAF",1984,NA
"ZAF",1985,NA
"ZAF",1986,NA
"ZAF",1987,NA
"ZAF",1988,NA
"ZAF",1989,NA
"ZAF",1990,NA
"ZAF",1991,NA
"ZAF",1992,NA
"ZAF",1993,33.5
"ZAF",1994,NA
"ZAF",1995,NA
"ZAF",1996,NA
"ZAF",1997,NA
"ZAF",1998,NA
"ZAF",1999,NA
"ZAF",2000,36.8
"ZAF",2001,NA
"ZAF",2002,NA
"ZAF",2003,NA
"ZAF",2004,NA
"ZAF",2005,28.3
"ZAF",2006,NA
"ZAF",2007,NA
"ZAF",2008,18.7
"ZAF",2009,NA
"ZAF",2010,18
"ZAF",2011,NA
"ZAF",2012,NA
"ZAF",2013,NA
"ZAF",2014,20.5
"ZAF",2015,NA
"ZAF",2016,NA
"ZAF",2017,NA
"ZAF",2018,NA
"ZAF",2019,NA
"ZAF",2020,NA
"ZAF",2021,NA
"ZAF",2022,NA
"ZAF",2023,NA
"ZAF",2024,NA
"ZMB",1960,NA
"ZMB",1961,NA
"ZMB",1962,NA
"ZMB",1963,NA
"ZMB",1964,NA
"ZMB",1965,NA
"ZMB",1966,NA
"ZMB",1967,NA
"ZMB",1968,NA
"ZMB",1969,NA
"ZMB",1970,NA
"ZMB",1971,NA
"ZMB",1972,NA
"ZMB",1973,NA
"ZMB",1974,NA
"ZMB",1975,NA
"ZMB",1976,NA
"ZMB",1977,NA
"ZMB",1978,NA
"ZMB",1979,NA
"ZMB",1980,NA
"ZMB",1981,NA
"ZMB",1982,NA
"ZMB",1983,NA
"ZMB",1984,NA
"ZMB",1985,NA
"ZMB",1986,NA
"ZMB",1987,NA
"ZMB",1988,NA
"ZMB",1989,NA
"ZMB",1990,NA
"ZMB",1991,57.4
"ZMB",1992,NA
"ZMB",1993,59.1
"ZMB",1994,NA
"ZMB",1995,NA
"ZMB",1996,46.8
"ZMB",1997,NA
"ZMB",1998,47.2
"ZMB",1999,NA
"ZMB",2000,NA
"ZMB",2001,NA
"ZMB",2002,56.4
"ZMB",2003,NA
"ZMB",2004,61.1
"ZMB",2005,NA
"ZMB",2006,64.7
"ZMB",2007,NA
"ZMB",2008,NA
"ZMB",2009,NA
"ZMB",2010,64.4
"ZMB",2011,NA
"ZMB",2012,NA
"ZMB",2013,NA
"ZMB",2014,NA
"ZMB",2015,60.8
"ZMB",2016,NA
"ZMB",2017,NA
"ZMB",2018,NA
"ZMB",2019,NA
"ZMB",2020,NA
"ZMB",2021,NA
"ZMB",2022,64.3
"ZMB",2023,NA
"ZMB",2024,NA
"ZWE",1960,NA
"ZWE",1961,NA
"ZWE",1962,NA
"ZWE",1963,NA
"ZWE",1964,NA
"ZWE",1965,NA
"ZWE",1966,NA
"ZWE",1967,NA
"ZWE",1968,NA
"ZWE",1969,NA
"ZWE",1970,NA
"ZWE",1971,NA
"ZWE",1972,NA
"ZWE",1973,NA
"ZWE",1974,NA
"ZWE",1975,NA
"ZWE",1976,NA
"ZWE",1977,NA
"ZWE",1978,NA
"ZWE",1979,NA
"ZWE",1980,NA
"ZWE",1981,NA
"ZWE",1982,NA
"ZWE",1983,NA
"ZWE",1984,NA
"ZWE",1985,NA
"ZWE",1986,NA
"ZWE",1987,NA
"ZWE",1988,NA
"ZWE",1989,NA
"ZWE",1990,NA
"ZWE",1991,NA
"ZWE",1992,NA
"ZWE",1993,NA
"ZWE",1994,NA
"ZWE",1995,NA
"ZWE",1996,NA
"ZWE",1997,NA
"ZWE",1998,NA
"ZWE",1999,NA
"ZWE",2000,NA
"ZWE",2001,NA
"ZWE",2002,NA
"ZWE",2003,NA
"ZWE",2004,NA
"ZWE",2005,NA
"ZWE",2006,NA
"ZWE",2007,NA
"ZWE",2008,NA
"ZWE",2009,NA
"ZWE",2010,NA
"ZWE",2011,21.6
"ZWE",2012,NA
"ZWE",2013,NA
"ZWE",2014,NA
"ZWE",2015,NA
"ZWE",2016,NA
"ZWE",2017,34.2
"ZWE",2018,NA
"ZWE",2019,39.8
"ZWE",2020,NA
"ZWE",2021,NA
"ZWE",2022,NA
"ZWE",2023,NA
"ZWE",2024,NA
