"iso_code","year","total_population","births_per_1000","deaths_per_1000"
"AGO",1967,5641807,52.229,26.362
"AGO",1968,5702699.5,52.034,25.951
"AGO",1969,5763685,51.777,25.518
"AGO",1970,5852788,51.218,24.956
"AGO",1971,5991102,50.188,24.318
"AGO",1972,6174262.5,49.487,23.68
"AGO",1973,6388528,49.292,23.163
"AGO",1974,6613367,49.17,22.73
"AGO",1975,6842946.5,49.045,22.973
"AGO",1976,7074664.5,48.968,22.899
"AGO",1977,7317829.5,48.845,22.492
"AGO",1978,7576733.5,48.914,22.167
"AGO",1979,7847207,49.014,21.878
"AGO",1980,8133871.5,49.154,21.611
"AGO",1981,8435607,49.404,21.387
"AGO",1982,8751648.5,49.622,21.178
"AGO",1983,9082982.5,49.94,21.881
"AGO",1984,9425917.5,50.308,21.716
"AGO",1985,9779119.5,50.576,21.572
"AGO",1986,10139449.5,50.75,21.427
"AGO",1987,10497857.5,50.778,22.993
"AGO",1988,10861291,50.716,22.42
"AGO",1989,11238562,50.566,22.217
"AGO",1990,11626359.5,50.318,22.055
"AGO",1991,12023528.5,50.042,20.535
"AGO",1992,12423712.5,49.53,21.67
"AGO",1993,12827134.5,49.087,21.448
"AGO",1994,13249764.5,48.733,20.334
"AGO",1995,13699778,48.38,18.7
"AGO",1996,14170973,47.979,18.445
"AGO",1997,14660412.5,47.564,18.184
"AGO",1998,15159370,47.206,18.925
"AGO",1999,15667234.5,46.997,18.518
"AGO",2000,16194868.5,46.853,18.08
"AGO",2001,16747207.5,46.771,17.606
"AGO",2002,17327699.5,46.666,17.071
"AGO",2003,17943712,46.551,15.559
"AGO",2004,18600423,46.46,14.958
"AGO",2005,19291160.5,46.342,14.31
"AGO",2006,20015279,46.123,13.757
"AGO",2007,20778561.5,45.838,12.98
"AGO",2008,21578655,45.507,12.302
"AGO",2009,22414773.5,45.175,11.702
"AGO",2010,23294825,44.661,11.078
"AGO",2011,24218351.5,44.136,10.546
"AGO",2012,25177394,43.61,10.043
"AGO",2013,26165620,43.065,9.578
"AGO",2014,27160769.5,42.503,9.179
"AGO",2015,28157798,41.847,8.809
"AGO",2016,29183070,41.183,8.476
"AGO",2017,30234839,40.595,8.192
"AGO",2018,31297155,40.057,7.928
"AGO",2019,32375632.5,39.539,7.701
"AGO",2020,33451132.5,39.127,7.628
"AGO",2021,34532429,38.67,7.619
"AGO",2022,35635029,38.102,7.097
"AGO",2023,36749906,37.588,6.925
"AGO",2024,37885849.5,37.158,6.84
"AGO",2025,39040038.5,36.624,6.759
"AGO",2026,40215179.5,36.331,6.687
"AGO",2027,41415124.5,35.928,6.613
"AGO",2028,42641676,35.631,6.551
"AGO",2029,43891850.5,35.298,6.495
"AGO",2030,45160458,34.763,6.428
"AGO",2031,46449964.5,34.346,6.367
"AGO",2032,47759509.5,33.891,6.313
"AGO",2033,49091474,33.526,6.261
"AGO",2034,50447455.5,33.16,6.219
"AGO",2035,51821718,32.796,6.178
"AGO",2036,53215939,32.412,6.138
"AGO",2037,54625871,31.865,6.096
"AGO",2038,56053780,31.594,6.067
"AGO",2039,57501916,31.196,6.039
"AGO",2040,58965321.5,30.865,6.011
"AGO",2041,60441178.5,30.37,5.982
"AGO",2042,61927913.5,29.93,5.95
"AGO",2043,63430877.5,29.508,5.927
"AGO",2044,64945298.5,29.125,5.909
"AGO",2045,66464328.5,28.741,5.89
"AGO",2046,68000598,28.402,5.879
"AGO",2047,69554170,28.041,5.865
"AGO",2048,71118784,27.709,5.857
"AGO",2049,72701385,27.367,5.85
"AGO",2050,74295394.5,27.023,5.844
"AGO",2051,75892826,26.671,5.844
"AGO",2052,77501965.5,26.331,5.839
"AGO",2053,79123457.5,25.975,5.837
"AGO",2054,80752716,25.64,5.841
"AGO",2055,82392220.5,25.3,5.848
"AGO",2056,84032204,24.986,5.856
"AGO",2057,85679410,24.654,5.867
"AGO",2058,87336039,24.355,5.879
"AGO",2059,88991591.5,24.05,5.894
"AGO",2060,90647914,23.757,5.911
"AGO",2061,92310988,23.47,5.927
"AGO",2062,93969991,23.178,5.952
"AGO",2063,95625116.5,22.897,5.975
"AGO",2064,97282779,22.624,5.997
"AGO",2065,98933230,22.369,6.023
"AGO",2066,100578469,22.121,6.048
"AGO",2067,102219413,21.865,6.08
"AGO",2068,103858186,21.636,6.119
"AGO",2069,105498663,21.392,6.157
"AGO",2070,107137076,21.154,6.192
"AGO",2071,108767796,20.909,6.233
"AGO",2072,110391405.5,20.668,6.274
"AGO",2073,112014399.5,20.433,6.318
"AGO",2074,113630808.5,20.216,6.362
"AGO",2075,115220841.5,19.981,6.414
"AGO",2076,116788430,19.753,6.461
"AGO",2077,118356154,19.517,6.512
"AGO",2078,119925101.5,19.297,6.571
"AGO",2079,121471112,19.059,6.627
"AGO",2080,123012399,18.834,6.69
"AGO",2081,124542887,18.62,6.755
"AGO",2082,126039002,18.419,6.823
"AGO",2083,127515736,18.216,6.892
"AGO",2084,128986053.5,18.02,6.959
"AGO",2085,130454010.5,17.841,7.025
"AGO",2086,131908573,17.673,7.097
"AGO",2087,133334694.5,17.511,7.173
"AGO",2088,134748103,17.359,7.249
"AGO",2089,136163364,17.206,7.325
"AGO",2090,137556711,17.057,7.402
"AGO",2091,138919849,16.905,7.481
"AGO",2092,140249378.5,16.761,7.566
"AGO",2093,141550054.5,16.629,7.646
"AGO",2094,142835147.5,16.479,7.719
"AGO",2095,144102524.5,16.333,7.797
"AGO",2096,145340832.5,16.166,7.877
"AGO",2097,146549586,16.031,7.953
"AGO",2098,147743369,15.876,8.03
"AGO",2099,148912810,15.725,8.109
"AGO",2100,150045574.5,15.608,8.179
"BDI",1967,3300690,47.532,21.364
"BDI",1968,3380387,47.604,21.345
"BDI",1969,3454590,48.021,21.722
"BDI",1970,3530432.5,47.734,21.54
"BDI",1971,3617289.5,47.892,21.587
"BDI",1972,3617127.5,48.803,40.362
"BDI",1973,3611991,46.648,25.938
"BDI",1974,3703590.5,47.063,21.281
"BDI",1975,3796612,47.934,21.286
"BDI",1976,3882626,47.976,21.088
"BDI",1977,3983582.5,48.06,20.826
"BDI",1978,4100338,48.498,20.48
"BDI",1979,4203530,49.511,20.16
"BDI",1980,4383705.5,48.377,19.236
"BDI",1981,4566014,51.228,19.202
"BDI",1982,4681390,50.089,18.669
"BDI",1983,4808527.5,50.114,18.337
"BDI",1984,4926465,49.34,18.006
"BDI",1985,5034042.5,49.096,17.929
"BDI",1986,5129414.5,48.376,17.93
"BDI",1987,5247786.5,47.957,17.948
"BDI",1988,5365326.5,47.855,20.786
"BDI",1989,5471706,47.42,18.627
"BDI",1990,5587052.5,46.911,18.879
"BDI",1991,5703857,46.481,19.105
"BDI",1992,5858406.5,45.686,18.986
"BDI",1993,5676843,48.909,26.203
"BDI",1994,5713853.5,37.461,17.69
"BDI",1995,6066316,44.965,18.543
"BDI",1996,6070505.5,44.757,18.578
"BDI",1997,6070042,42.237,17.459
"BDI",1998,6187108,41.389,16.497
"BDI",1999,6337155.5,42.211,15.906
"BDI",2000,6470193.5,42.726,15.854
"BDI",2001,6634365,43.035,15.219
"BDI",2002,6824132.5,44.042,14.457
"BDI",2003,7043154.5,44.528,13.818
"BDI",2004,7310656,45.29,13.16
"BDI",2005,7587299,46.154,12.756
"BDI",2006,7865546.5,46.575,12.264
"BDI",2007,8161874,46.726,11.768
"BDI",2008,8505637,46.656,11.297
"BDI",2009,8947645.5,46.489,10.772
"BDI",2010,9376444.5,46.963,10.509
"BDI",2011,9717978,45.978,10.072
"BDI",2012,10071027.5,44.758,9.601
"BDI",2013,10439340.5,43.899,9.201
"BDI",2014,10799785.5,42.901,8.845
"BDI",2015,11047580,42.257,8.688
"BDI",2016,11239451,40.096,8.209
"BDI",2017,11506762,38.618,7.864
"BDI",2018,11859446,37.215,7.559
"BDI",2019,12255336.5,36.579,7.394
"BDI",2020,12617036,35.855,7.191
"BDI",2021,12965481.5,35.06,7.306
"BDI",2022,13321097.5,34.306,6.997
"BDI",2023,13689449.5,33.667,6.718
"BDI",2024,14047786,33.211,6.67
"BDI",2025,14390002.5,32.573,6.624
"BDI",2026,14729157,32.02,6.577
"BDI",2027,15076979,31.564,6.537
"BDI",2028,15444014.5,31.278,6.506
"BDI",2029,15815855.5,31.074,6.487
"BDI",2030,16182016.5,30.936,6.469
"BDI",2031,16555030,30.775,6.449
"BDI",2032,16935238,30.634,6.434
"BDI",2033,17317634,30.518,6.419
"BDI",2034,17700808,30.09,6.403
"BDI",2035,18085841,29.942,6.388
"BDI",2036,18483055,29.526,6.37
"BDI",2037,18893258.5,29.238,6.354
"BDI",2038,19305533,28.967,6.345
"BDI",2039,19718521.5,28.65,6.335
"BDI",2040,20131317.5,28.311,6.331
"BDI",2041,20537556,27.966,6.33
"BDI",2042,20951562.5,27.558,6.323
"BDI",2043,21370848.5,27.156,6.327
"BDI",2044,21785692,26.722,6.337
"BDI",2045,22197887,26.289,6.351
"BDI",2046,22586207.5,25.828,6.372
"BDI",2047,22970064.5,25.322,6.389
"BDI",2048,23358496.5,24.852,6.417
"BDI",2049,23748952.5,24.362,6.443
"BDI",2050,24131720,23.967,6.478
"BDI",2051,24498523,23.53,6.512
"BDI",2052,24871150,23.179,6.557
"BDI",2053,25245547.5,22.84,6.607
"BDI",2054,25619885,22.498,6.651
"BDI",2055,25984925,22.215,6.706
"BDI",2056,26343379.5,21.884,6.759
"BDI",2057,26695956,21.616,6.814
"BDI",2058,27038594.5,21.359,6.875
"BDI",2059,27384211.5,21.132,6.938
"BDI",2060,27730966,20.93,7.001
"BDI",2061,28076064,20.755,7.057
"BDI",2062,28421068,20.583,7.121
"BDI",2063,28759211.5,20.417,7.182
"BDI",2064,29095183,20.249,7.239
"BDI",2065,29449560,20.073,7.295
"BDI",2066,29807611.5,19.915,7.346
"BDI",2067,30158820,19.735,7.399
"BDI",2068,30505790.5,19.557,7.458
"BDI",2069,30843197,19.398,7.51
"BDI",2070,31182954.5,19.209,7.562
"BDI",2071,31506401.5,19.017,7.612
"BDI",2072,31818375.5,18.801,7.662
"BDI",2073,32138558,18.607,7.716
"BDI",2074,32450614,18.387,7.777
"BDI",2075,32760373.5,18.19,7.84
"BDI",2076,33059270.5,17.977,7.91
"BDI",2077,33354542.5,17.749,7.979
"BDI",2078,33650366,17.54,8.062
"BDI",2079,33929290,17.325,8.14
"BDI",2080,34187556,17.122,8.232
"BDI",2081,34443600.5,16.893,8.32
"BDI",2082,34704070.5,16.739,8.422
"BDI",2083,34938900.5,16.566,8.528
"BDI",2084,35161178,16.377,8.632
"BDI",2085,35393143,16.207,8.737
"BDI",2086,35615855,16.042,8.849
"BDI",2087,35813561,15.901,8.965
"BDI",2088,36010793.5,15.741,9.086
"BDI",2089,36216270.5,15.589,9.193
"BDI",2090,36403374.5,15.479,9.294
"BDI",2091,36570011,15.353,9.409
"BDI",2092,36733610,15.241,9.511
"BDI",2093,36895771,15.154,9.604
"BDI",2094,37063880,15.04,9.696
"BDI",2095,37221702.5,14.951,9.771
"BDI",2096,37359555.5,14.869,9.851
"BDI",2097,37495697.5,14.791,9.922
"BDI",2098,37634309,14.709,9.988
"BDI",2099,37763562,14.627,10.045
"BDI",2100,37873961.5,14.538,10.105
"BEN",1967,2872997,47.541,25.018
"BEN",1968,2934257,47.48,24.535
"BEN",1969,2998222.5,47.48,24.081
"BEN",1970,3065057,47.481,23.613
"BEN",1971,3134766.5,47.463,23.208
"BEN",1972,3207542.5,47.44,22.681
"BEN",1973,3283496,47.272,22.17
"BEN",1974,3362633,47.181,21.718
"BEN",1975,3445407,47.145,21.212
"BEN",1976,3532196,47.077,20.708
"BEN",1977,3623202,47.033,20.206
"BEN",1978,3718304.5,46.893,19.794
"BEN",1979,3818528.5,47.401,19.437
"BEN",1980,3925251,47.92,19.14
"BEN",1981,4038307,48.221,18.844
"BEN",1982,4156596,48.046,18.515
"BEN",1983,4278978,47.695,18.167
"BEN",1984,4405894.5,47.564,17.697
"BEN",1985,4538012.5,47.348,17.242
"BEN",1986,4675420,47.092,16.712
"BEN",1987,4818486.5,46.901,16.231
"BEN",1988,4967340.5,46.592,15.674
"BEN",1989,5121657,45.988,15.288
"BEN",1990,5281479,45.713,14.84
"BEN",1991,5446932,45.361,14.486
"BEN",1992,5617844,44.924,13.988
"BEN",1993,5872706,44.07,13.444
"BEN",1994,6096506,45.699,13.445
"BEN",1995,6226773,44.35,13.117
"BEN",1996,6391857.5,43.738,12.817
"BEN",1997,6583365.5,43.381,12.518
"BEN",1998,6789488.5,43.007,12.321
"BEN",1999,7002818,42.548,12.121
"BEN",2000,7221619,42.079,11.89
"BEN",2001,7445596,41.695,11.761
"BEN",2002,7675426.5,41.48,11.583
"BEN",2003,7913070,41.475,11.403
"BEN",2004,8159094,41.329,11.224
"BEN",2005,8426143.5,41.087,10.967
"BEN",2006,8693242,41.341,10.853
"BEN",2007,8953969,40.961,10.661
"BEN",2008,9228466,40.371,10.654
"BEN",2009,9509423,39.982,10.516
"BEN",2010,9797484,39.77,10.405
"BEN",2011,10093623.5,39.691,10.331
"BEN",2012,10397657,39.706,10.259
"BEN",2013,10708833.5,39.582,10.092
"BEN",2014,11030003.5,39.342,9.99
"BEN",2015,11360681,38.996,9.898
"BEN",2016,11697841.5,38.554,9.783
"BEN",2017,12039780,37.84,9.62
"BEN",2018,12383347.5,36.955,9.477
"BEN",2019,12726755,36.036,9.335
"BEN",2020,13070169,35.331,9.17
"BEN",2021,13413417,34.779,9.349
"BEN",2022,13759500.5,34.35,8.948
"BEN",2023,14111034.5,33.879,8.797
"BEN",2024,14462724,33.419,8.71
"BEN",2025,14814459.5,33.046,8.633
"BEN",2026,15170419.5,32.576,8.555
"BEN",2027,15529413.5,32.182,8.488
"BEN",2028,15890280,31.671,8.419
"BEN",2029,16253920,31.351,8.363
"BEN",2030,16618822,30.949,8.315
"BEN",2031,16985930.5,30.583,8.265
"BEN",2032,17357063.5,30.147,8.221
"BEN",2033,17731437.5,29.929,8.185
"BEN",2034,18109912.5,29.644,8.152
"BEN",2035,18492631.5,29.423,8.125
"BEN",2036,18878045,29.08,8.096
"BEN",2037,19264499.5,28.768,8.065
"BEN",2038,19655275,28.427,8.039
"BEN",2039,20049969,28.142,8.024
"BEN",2040,20445759.5,27.934,8.011
"BEN",2041,20843264,27.564,7.994
"BEN",2042,21242981,27.292,7.98
"BEN",2043,21643637,26.975,7.973
"BEN",2044,22042571,26.663,7.964
"BEN",2045,22443646,26.313,7.965
"BEN",2046,22846196,26.051,7.972
"BEN",2047,23245138.5,25.64,7.975
"BEN",2048,23642190.5,25.287,7.971
"BEN",2049,24038607.5,24.926,7.971
"BEN",2050,24433809.5,24.535,7.974
"BEN",2051,24827844.5,24.251,7.985
"BEN",2052,25220854,23.938,8.008
"BEN",2053,25610344.5,23.674,8.024
"BEN",2054,25998164,23.37,8.038
"BEN",2055,26386125,23.059,8.063
"BEN",2056,26768353.5,22.776,8.086
"BEN",2057,27146958.5,22.517,8.109
"BEN",2058,27524089.5,22.283,8.136
"BEN",2059,27899072,22.038,8.171
"BEN",2060,28272759.5,21.816,8.206
"BEN",2061,28643202,21.607,8.243
"BEN",2062,29011907,21.387,8.279
"BEN",2063,29379347.5,21.171,8.322
"BEN",2064,29746076,21.003,8.366
"BEN",2065,30111489,20.829,8.418
"BEN",2066,30471402.5,20.649,8.468
"BEN",2067,30825989.5,20.458,8.517
"BEN",2068,31177482.5,20.279,8.57
"BEN",2069,31528705.5,20.078,8.62
"BEN",2070,31879283,19.884,8.679
"BEN",2071,32224059.5,19.704,8.729
"BEN",2072,32564726,19.498,8.781
"BEN",2073,32900611.5,19.294,8.84
"BEN",2074,33229130,19.056,8.896
"BEN",2075,33548440,18.859,8.955
"BEN",2076,33860334.5,18.663,9.019
"BEN",2077,34169266,18.471,9.078
"BEN",2078,34473295,18.293,9.139
"BEN",2079,34771315.5,18.126,9.203
"BEN",2080,35063024,17.944,9.275
"BEN",2081,35348910.5,17.774,9.337
"BEN",2082,35632346,17.575,9.405
"BEN",2083,35910584,17.399,9.474
"BEN",2084,36178046.5,17.245,9.547
"BEN",2085,36438979.5,17.085,9.622
"BEN",2086,36693858,16.939,9.693
"BEN",2087,36942732.5,16.798,9.769
"BEN",2088,37186929.5,16.661,9.853
"BEN",2089,37424139,16.53,9.932
"BEN",2090,37651973.5,16.381,10.016
"BEN",2091,37871222,16.244,10.093
"BEN",2092,38086110.5,16.11,10.167
"BEN",2093,38295128.5,16.001,10.248
"BEN",2094,38500326.5,15.9,10.324
"BEN",2095,38700678,15.802,10.393
"BEN",2096,38892735,15.697,10.461
"BEN",2097,39074808.5,15.574,10.533
"BEN",2098,39249871,15.473,10.591
"BEN",2099,39421859.5,15.369,10.656
"BEN",2100,39587568,15.26,10.718
"BFA",1967,5326348,47.704,25.696
"BFA",1968,5418643.5,47.881,25.502
"BFA",1969,5513177,47.763,25.332
"BFA",1970,5610304,47.705,24.923
"BFA",1971,5707999,47.624,24.687
"BFA",1972,5807234.5,47.625,24.248
"BFA",1973,5911927,47.799,23.822
"BFA",1974,6024904,48.006,23.237
"BFA",1975,6147569,48.235,22.668
"BFA",1976,6280635,48.35,22.043
"BFA",1977,6428733.5,48.768,21.442
"BFA",1978,6590984,49.264,20.889
"BFA",1979,6763902.5,49.497,20.424
"BFA",1980,6947899.5,49.429,19.888
"BFA",1981,7140271,49.37,19.592
"BFA",1982,7340197,49.115,19.021
"BFA",1983,7551129,48.921,18.665
"BFA",1984,7772255.5,48.941,18.34
"BFA",1985,7999934.5,48.92,18.098
"BFA",1986,8228847,48.603,17.867
"BFA",1987,8457109,48.169,17.694
"BFA",1988,8687435.5,47.669,17.503
"BFA",1989,8921175,47.318,17.354
"BFA",1990,9159356.5,47.125,17.227
"BFA",1991,9394632,46.958,17.142
"BFA",1992,9629275.5,46.566,17.008
"BFA",1993,9871713,46.153,16.873
"BFA",1994,10123798,46.016,16.732
"BFA",1995,10386722.5,46.043,16.594
"BFA",1996,10655942.5,46.074,16.436
"BFA",1997,10934223,45.902,16.43
"BFA",1998,11240664,45.576,15.934
"BFA",1999,11574928.5,45.237,15.636
"BFA",2000,11925545.5,45.239,15.332
"BFA",2001,12295001,44.907,14.998
"BFA",2002,12680896.5,44.483,14.727
"BFA",2003,13082532,44.491,14.335
"BFA",2004,13500533.5,44.124,13.861
"BFA",2005,13932123.5,44.058,13.392
"BFA",2006,14373707,44.381,13.049
"BFA",2007,14816306.5,44.191,12.653
"BFA",2008,15258093,43.923,12.122
"BFA",2009,15710065.5,43.511,11.71
"BFA",2010,16176498,43.2,11.334
"BFA",2011,16661908,42.76,10.905
"BFA",2012,17172287,42.28,10.584
"BFA",2013,17695409,41.703,10.277
"BFA",2014,18229461,40.862,9.966
"BFA",2015,18777487,40.043,9.658
"BFA",2016,19334855.5,38.925,9.366
"BFA",2017,19894407,37.727,9.077
"BFA",2018,20438288,36.006,8.778
"BFA",2019,20961952.5,34.325,8.564
"BFA",2020,21478689.5,32.738,8.325
"BFA",2021,21995243,32.416,8.435
"BFA",2022,22509038.5,32.043,8.135
"BFA",2023,23025776,31.643,7.964
"BFA",2024,23548781,31.336,7.915
"BFA",2025,24074580,30.808,7.838
"BFA",2026,24601700,30.401,7.773
"BFA",2027,25130911,29.949,7.706
"BFA",2028,25661941,29.579,7.65
"BFA",2029,26194607,29.16,7.6
"BFA",2030,26730324.5,28.868,7.555
"BFA",2031,27270863.5,28.564,7.514
"BFA",2032,27815170,28.265,7.485
"BFA",2033,28363850.5,28.062,7.457
"BFA",2034,28916948,27.711,7.431
"BFA",2035,29469746,27.267,7.412
"BFA",2036,30019877.5,26.835,7.389
"BFA",2037,30567560,26.406,7.376
"BFA",2038,31112525,25.972,7.361
"BFA",2039,31654872,25.612,7.352
"BFA",2040,32193645,25.183,7.345
"BFA",2041,32728838,24.808,7.351
"BFA",2042,33260948,24.445,7.356
"BFA",2043,33788598,24.072,7.366
"BFA",2044,34311736,23.715,7.378
"BFA",2045,34829690.5,23.293,7.395
"BFA",2046,35339502.5,22.915,7.418
"BFA",2047,35842178,22.543,7.441
"BFA",2048,36336706,22.183,7.476
"BFA",2049,36823432,21.836,7.51
"BFA",2050,37304383,21.49,7.551
"BFA",2051,37777225,21.166,7.594
"BFA",2052,38242572,20.861,7.644
"BFA",2053,38701585,20.562,7.698
"BFA",2054,39152190,20.306,7.761
"BFA",2055,39594569,20.058,7.829
"BFA",2056,40029935,19.814,7.898
"BFA",2057,40459357.5,19.588,7.969
"BFA",2058,40882711,19.359,8.042
"BFA",2059,41296899,19.134,8.119
"BFA",2060,41703264,18.929,8.191
"BFA",2061,42104629.5,18.721,8.275
"BFA",2062,42497031.5,18.507,8.349
"BFA",2063,42879256,18.319,8.434
"BFA",2064,43255063.5,18.133,8.521
"BFA",2065,43621034.5,17.94,8.607
"BFA",2066,43977050.5,17.771,8.698
"BFA",2067,44325774.5,17.587,8.783
"BFA",2068,44665708,17.428,8.876
"BFA",2069,44996492,17.246,8.972
"BFA",2070,45317075,17.041,9.065
"BFA",2071,45627048.5,16.866,9.16
"BFA",2072,45928075,16.69,9.259
"BFA",2073,46220199.5,16.502,9.365
"BFA",2074,46499298,16.315,9.476
"BFA",2075,46763507.5,16.128,9.585
"BFA",2076,47017350,15.963,9.702
"BFA",2077,47261630,15.791,9.824
"BFA",2078,47491510.5,15.636,9.939
"BFA",2079,47706648.5,15.489,10.072
"BFA",2080,47909726.5,15.331,10.196
"BFA",2081,48101230.5,15.18,10.319
"BFA",2082,48280446,15.045,10.453
"BFA",2083,48448867.5,14.932,10.589
"BFA",2084,48606399.5,14.821,10.719
"BFA",2085,48752490.5,14.712,10.851
"BFA",2086,48888622.5,14.583,10.972
"BFA",2087,49016575.5,14.491,11.09
"BFA",2088,49135258.5,14.399,11.206
"BFA",2089,49242231,14.305,11.317
"BFA",2090,49338636,14.207,11.418
"BFA",2091,49423427,14.103,11.523
"BFA",2092,49500273,14.008,11.613
"BFA",2093,49570113,13.927,11.7
"BFA",2094,49630280,13.86,11.789
"BFA",2095,49681950,13.786,11.865
"BFA",2096,49728799.5,13.723,11.939
"BFA",2097,49771490,13.64,12.01
"BFA",2098,49806205,13.552,12.073
"BFA",2099,49833573.5,13.458,12.122
"BFA",2100,49854228.5,13.384,12.177
"BWA",1967,580932.5,45.523,13.741
"BWA",1968,583965.5,45.489,13.425
"BWA",1969,587066,45.508,13.103
"BWA",1970,590334,45.71,12.784
"BWA",1971,600481,45.484,12.301
"BWA",1972,622407,45.532,11.786
"BWA",1973,652408,45.704,11.294
"BWA",1974,685448,46.113,10.867
"BWA",1975,720379.5,46.195,10.433
"BWA",1976,758507.5,46.229,9.978
"BWA",1977,799574,45.803,9.522
"BWA",1978,849239,45.058,9.031
"BWA",1979,901742.5,44.709,8.683
"BWA",1980,937485,44.651,8.454
"BWA",1981,969996.5,43.449,8.06
"BWA",1982,1009268.5,42.325,7.786
"BWA",1983,1046136.5,41.151,7.559
"BWA",1984,1083660.5,40.188,7.401
"BWA",1985,1121945,39.369,7.312
"BWA",1986,1160650,38.517,7.325
"BWA",1987,1199167,37.154,7.427
"BWA",1988,1235476.5,35.798,7.822
"BWA",1989,1270273.5,34.505,7.931
"BWA",1990,1305696,33.623,8.338
"BWA",1991,1341756.5,32.834,8.822
"BWA",1992,1380032.5,32.353,9.169
"BWA",1993,1420115,31.915,9.599
"BWA",1994,1460022.5,31.27,10.267
"BWA",1995,1498836,29.894,10.894
"BWA",1996,1535914,28.613,11.134
"BWA",1997,1571691.5,27.91,11.534
"BWA",1998,1606899.5,27.747,11.942
"BWA",1999,1641997,27.731,12.288
"BWA",2000,1677382.5,27.936,12.525
"BWA",2001,1712254,27.907,12.657
"BWA",2002,1744762.5,27.647,12.652
"BWA",2003,1775736.5,27.393,12.444
"BWA",2004,1807146,27.309,12.102
"BWA",2005,1839877,27.706,11.735
"BWA",2006,1874516.5,28.141,11.422
"BWA",2007,1911201,28.335,10.633
"BWA",2008,1949970.5,28.396,10.225
"BWA",2009,1990673,28.396,9.975
"BWA",2010,2033110.5,28.365,9.625
"BWA",2011,2073534.5,28.038,9.416
"BWA",2012,2108616.5,27.742,9.151
"BWA",2013,2140682.5,27.183,8.776
"BWA",2014,2172044,26.795,8.358
"BWA",2015,2203273,26.475,7.913
"BWA",2016,2234775.5,26.254,7.463
"BWA",2017,2266747,26.073,7.035
"BWA",2018,2299141,25.897,6.685
"BWA",2019,2332083,25.751,6.408
"BWA",2020,2365893.5,25.532,6.254
"BWA",2021,2401440.5,25.422,8.393
"BWA",2022,2439891.5,25.253,5.826
"BWA",2023,2480244.5,24.713,5.724
"BWA",2024,2521139,24.361,5.738
"BWA",2025,2562122,23.881,5.747
"BWA",2026,2603388,23.386,5.754
"BWA",2027,2644642.5,22.876,5.769
"BWA",2028,2685607.5,22.377,5.785
"BWA",2029,2726043.5,21.855,5.812
"BWA",2030,2765917.5,21.338,5.839
"BWA",2031,2804989,20.857,5.873
"BWA",2032,2843233.5,20.397,5.912
"BWA",2033,2880982.5,19.927,5.955
"BWA",2034,2917977.5,19.496,5.997
"BWA",2035,2954414,19.102,6.049
"BWA",2036,2990135,18.732,6.108
"BWA",2037,3025228,18.421,6.172
"BWA",2038,3059532.5,18.154,6.239
"BWA",2039,3093374.5,17.916,6.315
"BWA",2040,3126640,17.698,6.393
"BWA",2041,3159130.5,17.514,6.476
"BWA",2042,3190970,17.358,6.562
"BWA",2043,3222567,17.199,6.651
"BWA",2044,3254014.5,17.058,6.744
"BWA",2045,3285301,16.91,6.84
"BWA",2046,3317002.5,16.755,6.934
"BWA",2047,3348499.5,16.59,7.035
"BWA",2048,3379112,16.442,7.131
"BWA",2049,3408768,16.28,7.236
"BWA",2050,3437430,16.107,7.347
"BWA",2051,3465408.5,15.938,7.454
"BWA",2052,3493077.5,15.754,7.565
"BWA",2053,3519978,15.592,7.677
"BWA",2054,3545430,15.421,7.794
"BWA",2055,3570057.5,15.245,7.92
"BWA",2056,3594089,15.075,8.04
"BWA",2057,3617756,14.889,8.158
"BWA",2058,3641214,14.7,8.283
"BWA",2059,3662868,14.524,8.407
"BWA",2060,3682967.5,14.336,8.54
"BWA",2061,3702545.5,14.15,8.674
"BWA",2062,3720811.5,13.964,8.807
"BWA",2063,3737290,13.796,8.945
"BWA",2064,3752679,13.646,9.089
"BWA",2065,3767441,13.496,9.225
"BWA",2066,3780895.5,13.342,9.365
"BWA",2067,3793353.5,13.211,9.511
"BWA",2068,3804747,13.083,9.657
"BWA",2069,3814867.5,12.984,9.795
"BWA",2070,3823498.5,12.863,9.944
"BWA",2071,3830655,12.765,10.094
"BWA",2072,3837865,12.661,10.225
"BWA",2073,3844506.5,12.592,10.351
"BWA",2074,3850178.5,12.519,10.474
"BWA",2075,3855867,12.456,10.589
"BWA",2076,3861535.5,12.388,10.698
"BWA",2077,3866643.5,12.325,10.804
"BWA",2078,3871221.5,12.268,10.898
"BWA",2079,3874905,12.204,10.991
"BWA",2080,3877213.5,12.139,11.064
"BWA",2081,3878571.5,12.079,11.137
"BWA",2082,3880017.5,12.006,11.201
"BWA",2083,3881689,11.935,11.262
"BWA",2084,3883105.5,11.852,11.319
"BWA",2085,3884067,11.803,11.36
"BWA",2086,3884583.5,11.735,11.396
"BWA",2087,3885182,11.665,11.422
"BWA",2088,3885442,11.601,11.45
"BWA",2089,3885043.5,11.546,11.479
"BWA",2090,3883332,11.478,11.505
"BWA",2091,3879753.5,11.405,11.548
"BWA",2092,3875608.5,11.321,11.586
"BWA",2093,3871635,11.254,11.624
"BWA",2094,3867504,11.175,11.672
"BWA",2095,3863243,11.112,11.717
"BWA",2096,3858667.5,11.042,11.763
"BWA",2097,3853601.5,10.962,11.822
"BWA",2098,3847968,10.907,11.878
"BWA",2099,3842430.5,10.842,11.934
"BWA",2100,3836824.5,10.783,11.998
"CAF",1967,1960443.5,43.605,21.682
"CAF",1968,2005100,43.838,21.207
"CAF",1969,2051515.5,43.654,20.712
"CAF",1970,2097505,43.434,20.221
"CAF",1971,2141449.5,43.142,19.727
"CAF",1972,2183768.5,42.776,19.243
"CAF",1973,2226008,42.357,18.761
"CAF",1974,2269338.5,42.008,18.311
"CAF",1975,2313916.5,41.716,17.901
"CAF",1976,2348565.5,42.233,17.654
"CAF",1977,2372930.5,42.91,17.441
"CAF",1978,2397961,43.673,17.282
"CAF",1979,2423794.5,44.433,17.16
"CAF",1980,2450535,45.119,17.06
"CAF",1981,2478402,45.784,16.979
"CAF",1982,2507375,46.143,16.897
"CAF",1983,2537399.5,46.543,16.828
"CAF",1984,2568609.5,46.897,16.766
"CAF",1985,2600932.5,47.183,16.707
"CAF",1986,2634257.5,47.473,16.668
"CAF",1987,2669155,47.905,16.656
"CAF",1988,2713965.5,47.781,16.589
"CAF",1989,2783970.5,47.33,16.45
"CAF",1990,2871909.5,46.839,16.369
"CAF",1991,2963191.5,46.243,16.313
"CAF",1992,3058830.5,45.356,16.28
"CAF",1993,3157839,44.698,16.238
"CAF",1994,3257953.5,44.188,16.274
"CAF",1995,3348051.5,44.113,16.411
"CAF",1996,3435965,43.663,16.489
"CAF",1997,3531699.5,43.023,16.583
"CAF",1998,3628826.5,42.556,16.553
"CAF",1999,3729449.5,42.311,16.541
"CAF",2000,3833416.5,42.058,16.632
"CAF",2001,3919487,41.95,16.539
"CAF",2002,4006077.5,41.407,16.298
"CAF",2003,4103086,41.704,15.982
"CAF",2004,4192826,41.558,15.669
"CAF",2005,4288810.5,41.775,15.303
"CAF",2006,4377579,42.193,15.036
"CAF",2007,4462770.5,42.192,14.6
"CAF",2008,4558983.5,42.457,14.243
"CAF",2009,4529046.5,43.644,72.483
"CAF",2010,4492995.5,44.961,15.907
"CAF",2011,4565021.5,45.314,14.008
"CAF",2012,4610848,45.147,13.311
"CAF",2013,4642419,44.657,14.395
"CAF",2014,4623182,44.647,21.406
"CAF",2015,4629320.5,43.338,12.683
"CAF",2016,4713663.5,43.391,13.177
"CAF",2017,4793510.5,43.742,16.943
"CAF",2018,4878657,43.838,12.403
"CAF",2019,4944703.5,44.108,30.25
"CAF",2020,5026628.5,44.475,13.259
"CAF",2021,5112100,45.226,20.89
"CAF",2022,5098039.5,45.425,55.126
"CAF",2023,5152420.5,46.358,9.419
"CAF",2024,5330689.5,46.193,9.379
"CAF",2025,5513282,45.361,9.268
"CAF",2026,5698984,44.707,9.136
"CAF",2027,5888122.5,44.139,9.008
"CAF",2028,6082464.5,43.571,8.875
"CAF",2029,6279732,42.928,8.74
"CAF",2030,6478245.5,42.223,8.594
"CAF",2031,6680057.5,41.413,8.45
"CAF",2032,6884138.5,40.636,8.308
"CAF",2033,7089443,39.564,8.157
"CAF",2034,7296247,38.542,8.013
"CAF",2035,7502587,37.618,7.873
"CAF",2036,7707561,36.679,7.739
"CAF",2037,7911631,35.875,7.614
"CAF",2038,8115862.5,34.994,7.496
"CAF",2039,8321555.5,34.286,7.386
"CAF",2040,8526455,33.488,7.283
"CAF",2041,8729073.5,32.687,7.182
"CAF",2042,8931162.5,32.139,7.095
"CAF",2043,9134995.5,31.656,7.013
"CAF",2044,9341762,31.197,6.947
"CAF",2045,9550893,30.732,6.884
"CAF",2046,9761444,30.287,6.823
"CAF",2047,9972764,29.869,6.773
"CAF",2048,10186017,29.474,6.725
"CAF",2049,10400625.5,29.082,6.679
"CAF",2050,10616752.5,28.634,6.631
"CAF",2051,10834361,28.223,6.599
"CAF",2052,11052358,27.803,6.568
"CAF",2053,11271689.5,27.387,6.541
"CAF",2054,11491188,26.978,6.52
"CAF",2055,11710159.5,26.575,6.511
"CAF",2056,11928607,26.194,6.506
"CAF",2057,12146810.5,25.808,6.504
"CAF",2058,12364354,25.431,6.51
"CAF",2059,12580147.5,25.01,6.516
"CAF",2060,12794248,24.588,6.532
"CAF",2061,13005374.5,24.203,6.552
"CAF",2062,13214263,23.846,6.579
"CAF",2063,13423521.5,23.462,6.616
"CAF",2064,13629236.5,23.073,6.651
"CAF",2065,13830255.5,22.69,6.692
"CAF",2066,14030004,22.304,6.744
"CAF",2067,14229120,21.926,6.794
"CAF",2068,14425337.5,21.542,6.855
"CAF",2069,14618133,21.195,6.922
"CAF",2070,14809843.5,20.858,6.991
"CAF",2071,14997823.5,20.545,7.067
"CAF",2072,15178490.5,20.24,7.146
"CAF",2073,15355547,19.938,7.229
"CAF",2074,15528202.5,19.676,7.313
"CAF",2075,15697683.5,19.407,7.405
"CAF",2076,15868014,19.125,7.494
"CAF",2077,16035525.5,18.886,7.589
"CAF",2078,16196829,18.649,7.689
"CAF",2079,16350362,18.457,7.792
"CAF",2080,16502027,18.251,7.889
"CAF",2081,16652248,18.047,7.991
"CAF",2082,16799360.5,17.849,8.089
"CAF",2083,16945083,17.661,8.183
"CAF",2084,17086351,17.473,8.28
"CAF",2085,17221559,17.304,8.377
"CAF",2086,17354298,17.133,8.472
"CAF",2087,17483565.5,16.951,8.572
"CAF",2088,17607042,16.75,8.668
"CAF",2089,17724407,16.583,8.771
"CAF",2090,17838606.5,16.413,8.872
"CAF",2091,17951022.5,16.25,8.977
"CAF",2092,18059046,16.058,9.075
"CAF",2093,18162241.5,15.868,9.179
"CAF",2094,18261242,15.7,9.279
"CAF",2095,18358755.5,15.535,9.366
"CAF",2096,18451738.5,15.359,9.456
"CAF",2097,18538428,15.191,9.558
"CAF",2098,18622113.5,15.025,9.657
"CAF",2099,18703140,14.882,9.755
"CAF",2100,18779149.5,14.729,9.856
"CIV",1967,4799744,53.547,23.176
"CIV",1968,4990021.5,53.302,22.548
"CIV",1969,5192220.5,53.018,21.906
"CIV",1970,5411567,52.682,21.255
"CIV",1971,5650868,52.427,20.588
"CIV",1972,5909715.5,52.202,19.909
"CIV",1973,6184943.5,52.154,19.263
"CIV",1974,6474057.5,52.033,18.609
"CIV",1975,6776296.5,51.738,17.961
"CIV",1976,7057957.5,51.674,17.395
"CIV",1977,7321950.5,51.027,16.766
"CIV",1978,7603130,49.935,16.104
"CIV",1979,7902267.5,49.582,15.557
"CIV",1980,8220714,49.275,15.138
"CIV",1981,8556596.5,49.01,14.796
"CIV",1982,8907936.5,48.769,14.507
"CIV",1983,9272744,48.478,14.251
"CIV",1984,9650516,48.402,14.009
"CIV",1985,10040482.5,48.13,13.814
"CIV",1986,10440917,47.872,13.66
"CIV",1987,10851474.5,47.699,13.542
"CIV",1988,11275188.5,47.051,13.475
"CIV",1989,11719770.5,46.722,13.438
"CIV",1990,12189777.5,46.487,13.457
"CIV",1991,12683870,46.067,13.478
"CIV",1992,13200310.5,45.559,13.492
"CIV",1993,13735951,44.844,13.484
"CIV",1994,14287201.5,44.169,13.493
"CIV",1995,14855564.5,44.101,13.559
"CIV",1996,15442312,43.969,13.55
"CIV",1997,16047170,44.081,13.547
"CIV",1998,16663948.5,44.183,13.628
"CIV",1999,17215935.5,44.24,13.592
"CIV",2000,17699004,44.278,13.478
"CIV",2001,18178913,43.902,13.36
"CIV",2002,18654771.5,43.4,13.183
"CIV",2003,19125542,42.802,13.092
"CIV",2004,19595000.5,42.276,12.706
"CIV",2005,20068457.5,41.927,12.344
"CIV",2006,20546802,41.441,11.996
"CIV",2007,21030558,40.961,11.611
"CIV",2008,21514438.5,40.474,11.163
"CIV",2009,21997939.5,40.745,10.995
"CIV",2010,22488064.5,40.936,10.851
"CIV",2011,22981999.5,40.846,10.647
"CIV",2012,23467078,40.688,10.482
"CIV",2013,23939775.5,40.451,10.366
"CIV",2014,24527395.5,39.841,10.12
"CIV",2015,25246342.5,38.768,9.798
"CIV",2016,25989404.5,37.742,9.437
"CIV",2017,26733371.5,36.58,9.103
"CIV",2018,27464172.5,35.081,8.776
"CIV",2019,28193009,34.306,8.492
"CIV",2020,28915449.5,33.651,8.493
"CIV",2021,29639736.5,33.081,8.378
"CIV",2022,30395002,32.5,7.816
"CIV",2023,31165654,31.99,7.66
"CIV",2024,31934230,31.564,7.607
"CIV",2025,32711546.5,31.107,7.555
"CIV",2026,33494346,30.72,7.513
"CIV",2027,34281129.5,30.389,7.474
"CIV",2028,35077096,30.079,7.449
"CIV",2029,35883455,29.817,7.43
"CIV",2030,36699009,29.652,7.408
"CIV",2031,37529365.5,29.493,7.394
"CIV",2032,38376606,29.36,7.379
"CIV",2033,39244383.5,29.396,7.381
"CIV",2034,40132807.5,29.192,7.378
"CIV",2035,41033848.5,29.082,7.372
"CIV",2036,41948466.5,28.991,7.373
"CIV",2037,42879998.5,28.898,7.373
"CIV",2038,43824369,28.652,7.369
"CIV",2039,44778745,28.455,7.375
"CIV",2040,45743924.5,28.249,7.371
"CIV",2041,46717432,28.018,7.374
"CIV",2042,47702162.5,27.786,7.375
"CIV",2043,48700665,27.454,7.379
"CIV",2044,49709046,27.164,7.375
"CIV",2045,50716067.5,26.848,7.374
"CIV",2046,51718055.5,26.541,7.378
"CIV",2047,52721463,26.214,7.386
"CIV",2048,53730595.5,25.872,7.39
"CIV",2049,54739406.5,25.557,7.399
"CIV",2050,55746985,25.238,7.41
"CIV",2051,56759561,24.907,7.419
"CIV",2052,57772652,24.597,7.43
"CIV",2053,58783276,24.305,7.446
"CIV",2054,59797639.5,24.024,7.459
"CIV",2055,60815802,23.783,7.47
"CIV",2056,61826433,23.519,7.486
"CIV",2057,62831827,23.3,7.503
"CIV",2058,63843644.5,23.089,7.518
"CIV",2059,64855751.5,22.918,7.538
"CIV",2060,65861370,22.75,7.559
"CIV",2061,66872832,22.57,7.58
"CIV",2062,67888440.5,22.402,7.598
"CIV",2063,68908169,22.236,7.617
"CIV",2064,69935317,22.068,7.636
"CIV",2065,70968219.5,21.9,7.655
"CIV",2066,72013857,21.744,7.673
"CIV",2067,73059532,21.568,7.695
"CIV",2068,74101979,21.419,7.719
"CIV",2069,75138745.5,21.28,7.739
"CIV",2070,76166277.5,21.097,7.763
"CIV",2071,77193744,20.921,7.789
"CIV",2072,78211565,20.73,7.815
"CIV",2073,79219659,20.525,7.838
"CIV",2074,80225056.5,20.323,7.87
"CIV",2075,81235635.5,20.121,7.895
"CIV",2076,82241362.5,19.93,7.927
"CIV",2077,83234027.5,19.732,7.961
"CIV",2078,84223328,19.559,7.993
"CIV",2079,85204417.5,19.366,8.029
"CIV",2080,86179854,19.193,8.073
"CIV",2081,87153993.5,19.029,8.125
"CIV",2082,88121003,18.861,8.176
"CIV",2083,89080799.5,18.703,8.224
"CIV",2084,90020568,18.532,8.282
"CIV",2085,90946503.5,18.379,8.338
"CIV",2086,91879537,18.243,8.393
"CIV",2087,92807680.5,18.101,8.456
"CIV",2088,93723590,17.961,8.52
"CIV",2089,94638954,17.836,8.581
"CIV",2090,95557108,17.687,8.644
"CIV",2091,96471115,17.564,8.701
"CIV",2092,97374900.5,17.46,8.762
"CIV",2093,98256245,17.348,8.816
"CIV",2094,99121205.5,17.219,8.871
"CIV",2095,99975736.5,17.1,8.929
"CIV",2096,100815103,16.977,8.982
"CIV",2097,101636470,16.865,9.033
"CIV",2098,102447191.5,16.743,9.074
"CIV",2099,103251940.5,16.623,9.116
"CIV",2100,104042819.5,16.509,9.15
"CMR",1967,5977318,44.05,19.897
"CMR",1968,6125863,44.382,19.393
"CMR",1969,6283462.5,44.771,18.893
"CMR",1970,6449793,44.875,18.407
"CMR",1971,6624408.5,45.078,18.009
"CMR",1972,6806872,45.048,17.646
"CMR",1973,6996660,45.103,17.376
"CMR",1974,7193583.5,45.112,17.213
"CMR",1975,7397120.5,45.065,17.083
"CMR",1976,7597961.5,45.288,17.002
"CMR",1977,7796501,45.491,16.916
"CMR",1978,8011921,45.447,16.745
"CMR",1979,8239641.5,45.562,16.571
"CMR",1980,8512218.5,45.35,16.238
"CMR",1981,8816376.5,45.702,15.976
"CMR",1982,9028678,46.131,15.711
"CMR",1983,9215397,45.11,15.148
"CMR",1984,9475078,44.708,14.723
"CMR",1985,9761730,44.648,14.293
"CMR",1986,10060342,44.787,14.153
"CMR",1987,10370749.5,44.588,13.719
"CMR",1988,10684968,44.255,13.542
"CMR",1989,11002745,43.847,13.432
"CMR",1990,11331821,43.643,13.383
"CMR",1991,11667180,43.468,13.427
"CMR",1992,12006353.5,43.082,13.425
"CMR",1993,12353131,42.664,13.458
"CMR",1994,12704903,42.247,13.566
"CMR",1995,13058516,41.734,13.589
"CMR",1996,13414757.5,41.196,13.588
"CMR",1997,13775214,40.935,13.557
"CMR",1998,14144859.5,40.993,13.532
"CMR",1999,14525140.5,41.098,13.424
"CMR",2000,14912631,40.878,13.275
"CMR",2001,15309490.5,40.669,13.071
"CMR",2002,15725527.5,40.8,12.849
"CMR",2003,16160340,41.074,12.645
"CMR",2004,16610487.5,41.275,12.445
"CMR",2005,17074594,41.319,12.238
"CMR",2006,17550406.5,41.115,11.978
"CMR",2007,18049896,40.897,11.703
"CMR",2008,18574056.5,40.665,11.435
"CMR",2009,19113973.5,40.359,11.174
"CMR",2010,19668066,39.837,10.86
"CMR",2011,20232303.5,39.217,10.52
"CMR",2012,20809529,38.651,10.105
"CMR",2013,21402376,38.076,9.758
"CMR",2014,22059893,37.548,9.477
"CMR",2015,22763414.5,37.719,9.2
"CMR",2016,23454161.5,37.775,8.908
"CMR",2017,24128601,37.516,8.65
"CMR",2018,24806383,36.899,8.431
"CMR",2019,25506095,36.183,8.163
"CMR",2020,26210558,35.438,8.107
"CMR",2021,26915758.5,34.778,8.258
"CMR",2022,27632771.5,34.268,7.673
"CMR",2023,28372687,33.743,7.151
"CMR",2024,29123743.5,33.344,7.032
"CMR",2025,29879337,32.821,6.911
"CMR",2026,30640816.5,32.364,6.806
"CMR",2027,31410384,31.925,6.707
"CMR",2028,32190668,31.595,6.615
"CMR",2029,32979282.5,31.124,6.53
"CMR",2030,33777189.5,30.75,6.453
"CMR",2031,34584117,30.311,6.384
"CMR",2032,35399671,29.973,6.321
"CMR",2033,36223483,29.595,6.268
"CMR",2034,37054809.5,29.307,6.224
"CMR",2035,37893818,28.872,6.182
"CMR",2036,38742467.5,28.66,6.145
"CMR",2037,39600372.5,28.366,6.116
"CMR",2038,40463011.5,27.964,6.092
"CMR",2039,41332840.5,27.675,6.07
"CMR",2040,42208003,27.313,6.052
"CMR",2041,43089979.5,26.988,6.037
"CMR",2042,43976016.5,26.55,6.02
"CMR",2043,44857801,26.233,6.019
"CMR",2044,45741474.5,25.941,6.014
"CMR",2045,46629039,25.553,6.01
"CMR",2046,47519038,25.238,6.014
"CMR",2047,48413783,24.936,6.022
"CMR",2048,49308765,24.615,6.034
"CMR",2049,50203269.5,24.317,6.047
"CMR",2050,51096317,24.039,6.068
"CMR",2051,51989016,23.747,6.09
"CMR",2052,52885711,23.466,6.107
"CMR",2053,53780179,23.184,6.135
"CMR",2054,54670862,22.886,6.165
"CMR",2055,55557081.5,22.622,6.198
"CMR",2056,56438109,22.351,6.23
"CMR",2057,57320853,22.11,6.264
"CMR",2058,58204677,21.87,6.304
"CMR",2059,59084925.5,21.614,6.343
"CMR",2060,59960896,21.357,6.376
"CMR",2061,60830907.5,21.107,6.412
"CMR",2062,61695066.5,20.891,6.456
"CMR",2063,62554749,20.689,6.496
"CMR",2064,63411694,20.466,6.535
"CMR",2065,64266376,20.247,6.58
"CMR",2066,65117257.5,20.034,6.62
"CMR",2067,65962217.5,19.83,6.661
"CMR",2068,66799157,19.631,6.702
"CMR",2069,67630705,19.444,6.737
"CMR",2070,68458220.5,19.23,6.772
"CMR",2071,69281001.5,19.042,6.804
"CMR",2072,70100398.5,18.851,6.845
"CMR",2073,70912212,18.655,6.891
"CMR",2074,71716675,18.46,6.941
"CMR",2075,72513577.5,18.261,6.987
"CMR",2076,73296756,18.076,7.034
"CMR",2077,74071103.5,17.896,7.08
"CMR",2078,74837842.5,17.71,7.128
"CMR",2079,75593956.5,17.525,7.185
"CMR",2080,76344374.5,17.343,7.241
"CMR",2081,77085039,17.167,7.301
"CMR",2082,77810057.5,17.001,7.356
"CMR",2083,78523921.5,16.831,7.419
"CMR",2084,79226074,16.666,7.482
"CMR",2085,79916765.5,16.516,7.544
"CMR",2086,80595177,16.359,7.609
"CMR",2087,81262709.5,16.218,7.673
"CMR",2088,81920827,16.081,7.735
"CMR",2089,82567871,15.95,7.8
"CMR",2090,83203328.5,15.82,7.861
"CMR",2091,83825950,15.679,7.932
"CMR",2092,84434007,15.554,7.997
"CMR",2093,85029323.5,15.422,8.067
"CMR",2094,85616517.5,15.297,8.13
"CMR",2095,86190175.5,15.164,8.198
"CMR",2096,86750799,15.036,8.259
"CMR",2097,87301733,14.909,8.322
"CMR",2098,87838657,14.787,8.388
"CMR",2099,88362382.5,14.676,8.458
"CMR",2100,88875687.5,14.555,8.524
"COD",1967,18462782,47.87,21.896
"COD",1968,19012189,47.805,21.628
"COD",1969,19570445,47.682,21.377
"COD",1970,20137436,47.568,21.085
"COD",1971,20695568.5,47.397,20.853
"COD",1972,21251160,47.146,20.583
"COD",1973,21827665,46.851,20.358
"COD",1974,22418878.5,46.615,20.14
"COD",1975,23021100.5,46.363,19.924
"COD",1976,23624030.5,46.181,19.761
"COD",1977,24229061.5,45.923,19.581
"COD",1978,24992689,45.438,19.574
"COD",1979,25886782,45.847,19.124
"COD",1980,26711098.5,46.094,18.985
"COD",1981,27500515,46.062,18.849
"COD",1982,28338189.5,46.009,18.667
"COD",1983,29250962.5,46.056,18.463
"COD",1984,30245081,46.176,18.239
"COD",1985,31264816,46.501,18.173
"COD",1986,32265196,46.642,17.963
"COD",1987,33298904,46.547,17.721
"COD",1988,34382752,46.396,17.449
"COD",1989,35486866,46.115,17.168
"COD",1990,36684063.5,45.85,16.859
"COD",1991,37925817.5,45.99,16.616
"COD",1992,39228910,45.713,16.327
"COD",1993,40656336.5,45.881,16.138
"COD",1994,42626875.5,45.341,15.793
"COD",1995,44433704.5,47.204,15.799
"COD",1996,45296123.5,46.999,16.522
"COD",1997,46029902,45.986,15.744
"COD",1998,47297600,44.939,15.865
"COD",1999,48912971,45.228,15.577
"COD",2000,50507441.5,45.298,14.619
"COD",2001,52132646,44.977,14.382
"COD",2002,53750524.5,44.559,14.204
"COD",2003,55343867,44.155,13.814
"COD",2004,56997741,43.781,13.411
"COD",2005,58775724.5,43.728,13.098
"COD",2006,60615907.5,43.973,12.803
"COD",2007,62477752,43.961,12.53
"COD",2008,64390663.5,44.011,12.264
"COD",2009,66412044,44.032,12.006
"COD",2010,68563037.5,43.92,11.654
"COD",2011,70849311.5,43.981,11.367
"COD",2012,73254618.5,43.95,11.113
"COD",2013,75789395,43.69,10.844
"COD",2014,78403242,43.505,10.595
"COD",2015,81035531,43.236,10.349
"COD",2016,83956415,42.875,10.076
"COD",2017,87083398,42.976,9.867
"COD",2018,90047643.5,42.887,9.647
"COD",2019,92947442,42.549,9.46
"COD",2020,95989998,42.19,9.31
"COD",2021,99148932,41.937,9.38
"COD",2022,102396968,41.623,8.93
"COD",2023,105789731.5,41.305,8.525
"COD",2024,109276264.5,40.885,8.424
"COD",2025,112832473,40.411,8.333
"COD",2026,116452161.5,39.802,8.235
"COD",2027,120129746,39.251,8.134
"COD",2028,123871549.5,38.774,8.04
"COD",2029,127674140,38.188,7.945
"COD",2030,131532201,37.67,7.856
"COD",2031,135447495.5,37.128,7.769
"COD",2032,139408612.5,36.469,7.682
"COD",2033,143414030.5,35.937,7.595
"COD",2034,147468135.5,35.396,7.518
"COD",2035,151560102.5,34.75,7.438
"COD",2036,155689455,34.265,7.372
"COD",2037,159848575.5,33.595,7.301
"COD",2038,164045609.5,33.2,7.229
"COD",2039,168296694.5,32.791,7.174
"COD",2040,172595582,32.411,7.122
"COD",2041,176946262.5,32.017,7.065
"COD",2042,181350405,31.645,7.019
"COD",2043,185805164,31.305,6.977
"COD",2044,190312001.5,30.947,6.935
"COD",2045,194865379,30.568,6.895
"COD",2046,199464484.5,30.231,6.863
"COD",2047,204105927,29.855,6.822
"COD",2048,208783693.5,29.511,6.794
"COD",2049,213497692,29.152,6.766
"COD",2050,218246072,28.786,6.739
"COD",2051,223027957,28.423,6.717
"COD",2052,227837013.5,28.063,6.693
"COD",2053,232664917,27.671,6.673
"COD",2054,237508265.5,27.279,6.657
"COD",2055,242361217.5,26.897,6.645
"COD",2056,247217774.5,26.5,6.638
"COD",2057,252076411,26.119,6.637
"COD",2058,256940359.5,25.787,6.639
"COD",2059,261810597.5,25.446,6.644
"COD",2060,266679133.5,25.09,6.652
"COD",2061,271539699.5,24.734,6.663
"COD",2062,276386349,24.387,6.679
"COD",2063,281214645,24.034,6.704
"COD",2064,286020051.5,23.687,6.73
"COD",2065,290802814,23.354,6.752
"COD",2066,295566363,23.051,6.779
"COD",2067,300307025,22.755,6.809
"COD",2068,305024361.5,22.452,6.845
"COD",2069,309717274,22.169,6.881
"COD",2070,314382310,21.865,6.918
"COD",2071,319008023.5,21.604,6.962
"COD",2072,323597049,21.328,7.004
"COD",2073,328151396.5,21.072,7.052
"COD",2074,332668933.5,20.8,7.103
"COD",2075,337148985.5,20.563,7.159
"COD",2076,341591956,20.325,7.213
"COD",2077,345997829.5,20.115,7.272
"COD",2078,350356778,19.873,7.328
"COD",2079,354663932,19.663,7.388
"COD",2080,358920647,19.439,7.45
"COD",2081,363127572,19.226,7.517
"COD",2082,367286366,19.039,7.584
"COD",2083,371405058.5,18.853,7.655
"COD",2084,375476383.5,18.661,7.728
"COD",2085,379483691,18.462,7.808
"COD",2086,383424208.5,18.241,7.886
"COD",2087,387295719.5,18.027,7.965
"COD",2088,391094836,17.851,8.047
"COD",2089,394825387.5,17.637,8.13
"COD",2090,398480920.5,17.44,8.214
"COD",2091,402059256.5,17.259,8.296
"COD",2092,405554504.5,17.074,8.384
"COD",2093,408970520,16.903,8.476
"COD",2094,412322022.5,16.754,8.564
"COD",2095,415597743.5,16.578,8.653
"COD",2096,418781543,16.418,8.746
"COD",2097,421876804.5,16.252,8.833
"COD",2098,424898159,16.109,8.924
"COD",2099,427842825,15.956,9.011
"COD",2100,430709445.5,15.818,9.096
"COG",1967,1278691.5,43.692,14.861
"COG",1968,1316519,43.868,14.407
"COG",1969,1356182.5,43.973,14.086
"COG",1970,1397637.5,44.116,13.798
"COG",1971,1441039,44.356,13.523
"COG",1972,1486468.5,44.508,13.275
"COG",1973,1533680.5,44.315,13.007
"COG",1974,1582301,44.096,12.773
"COG",1975,1627031.5,43.994,12.553
"COG",1976,1667225,43.608,12.33
"COG",1977,1707567.5,43.22,12.077
"COG",1978,1748088.5,42.696,11.871
"COG",1979,1788524,42.228,11.631
"COG",1980,1828984.5,41.761,11.389
"COG",1981,1869759,41.44,11.167
"COG",1982,1910430.5,40.835,10.98
"COG",1983,1950320.5,40.591,10.791
"COG",1984,1999528.5,40.098,10.577
"COG",1985,2059311.5,39.829,10.519
"COG",1986,2120602.5,39.557,10.476
"COG",1987,2183473,39.406,10.469
"COG",1988,2247652.5,39.248,10.494
"COG",1989,2313558,39.071,10.568
"COG",1990,2380560,38.913,10.667
"COG",1991,2449229.5,38.788,10.806
"COG",1992,2519465.5,38.724,10.951
"COG",1993,2595124,38.558,11.153
"COG",1994,2673144.5,38.64,11.385
"COG",1995,2749460.5,38.459,11.476
"COG",1996,2826784.5,38.362,11.608
"COG",1997,2887862,38.367,15.461
"COG",1998,2952061.5,37.521,12.979
"COG",1999,3032873.5,37.049,11.923
"COG",2000,3151345.5,36.164,11.257
"COG",2001,3272537.5,37.087,11.151
"COG",2002,3350770.5,37.316,10.905
"COG",2003,3445752.5,36.955,10.451
"COG",2004,3565554,37.113,10.027
"COG",2005,3696393,37.033,9.616
"COG",2006,3837409,37.097,9.246
"COG",2007,3980430,37.217,8.964
"COG",2008,4113517.5,38,8.655
"COG",2009,4281219,38.009,8.367
"COG",2010,4462290,38.911,8.23
"COG",2011,4609724,38.403,7.952
"COG",2012,4740450,37.82,7.767
"COG",2013,4857099,36.824,7.572
"COG",2014,4975880,35.819,7.347
"COG",2015,5097580.5,34.932,7.166
"COG",2016,5222536,34.093,7.026
"COG",2017,5351011,33.413,6.881
"COG",2018,5483118,32.784,6.758
"COG",2019,5616661,32.183,7.344
"COG",2020,5752790.5,31.741,6.798
"COG",2021,5892183,31.377,6.897
"COG",2022,6035104,30.941,6.571
"COG",2023,6182885,30.627,6.288
"COG",2024,6332961,30.424,6.241
"COG",2025,6484437,30.155,6.207
"COG",2026,6637785.5,29.933,6.175
"COG",2027,6794294,29.745,6.143
"COG",2028,6953972.5,29.601,6.124
"COG",2029,7116463,29.495,6.109
"COG",2030,7282266.5,29.376,6.091
"COG",2031,7452409.5,29.196,6.075
"COG",2032,7626477,29.041,6.068
"COG",2033,7802999,28.825,6.063
"COG",2034,7981344,28.562,6.062
"COG",2035,8160732.5,28.302,6.06
"COG",2036,8341711.5,28.047,6.058
"COG",2037,8524801.5,27.804,6.064
"COG",2038,8709725.5,27.55,6.069
"COG",2039,8896174,27.271,6.068
"COG",2040,9083971.5,26.971,6.077
"COG",2041,9274659.5,26.666,6.082
"COG",2042,9466759.5,26.346,6.09
"COG",2043,9658841.5,26.015,6.095
"COG",2044,9850507,25.669,6.109
"COG",2045,10041901,25.371,6.124
"COG",2046,10234371.5,25.05,6.136
"COG",2047,10427912,24.728,6.15
"COG",2048,10621399,24.415,6.159
"COG",2049,10813655,24.1,6.172
"COG",2050,11006471.5,23.862,6.189
"COG",2051,11200449,23.591,6.202
"COG",2052,11394540.5,23.336,6.216
"COG",2053,11588702.5,23.067,6.231
"COG",2054,11783763,22.833,6.248
"COG",2055,11977754.5,22.606,6.263
"COG",2056,12170788.5,22.383,6.282
"COG",2057,12364401.5,22.179,6.294
"COG",2058,12558479,21.963,6.306
"COG",2059,12754017.5,21.756,6.32
"COG",2060,12950779.5,21.559,6.335
"COG",2061,13148491.5,21.382,6.355
"COG",2062,13348744.5,21.204,6.37
"COG",2063,13549288.5,21.052,6.384
"COG",2064,13747451,20.899,6.397
"COG",2065,13945146.5,20.719,6.406
"COG",2066,14143856,20.538,6.421
"COG",2067,14340898.5,20.359,6.435
"COG",2068,14536301,20.176,6.452
"COG",2069,14733635,19.97,6.468
"COG",2070,14929960.5,19.745,6.492
"COG",2071,15124134.5,19.542,6.517
"COG",2072,15317711.5,19.312,6.551
"COG",2073,15510183,19.126,6.588
"COG",2074,15700216.5,18.933,6.628
"COG",2075,15888666.5,18.751,6.673
"COG",2076,16074470,18.564,6.725
"COG",2077,16257211,18.36,6.774
"COG",2078,16440547,18.18,6.828
"COG",2079,16622258,17.984,6.886
"COG",2080,16802276.5,17.804,6.937
"COG",2081,16980263.5,17.646,6.999
"COG",2082,17158125.5,17.499,7.062
"COG",2083,17336314.5,17.34,7.121
"COG",2084,17511543.5,17.185,7.19
"COG",2085,17683691.5,17.063,7.25
"COG",2086,17854605,16.942,7.317
"COG",2087,18025474,16.808,7.384
"COG",2088,18195509,16.67,7.453
"COG",2089,18362314.5,16.552,7.522
"COG",2090,18525565,16.427,7.595
"COG",2091,18687358,16.295,7.655
"COG",2092,18846994.5,16.158,7.727
"COG",2093,19003266.5,16.035,7.797
"COG",2094,19155559,15.916,7.863
"COG",2095,19305619,15.793,7.924
"COG",2096,19454162.5,15.674,7.979
"COG",2097,19600616.5,15.553,8.038
"COG",2098,19745457.5,15.415,8.092
"COG",2099,19887449.5,15.298,8.145
"COG",2100,20025644,15.183,8.197
"COM",1967,223859.5,47.848,22.203
"COM",1968,230244.5,47.608,21.721
"COM",1969,237001,47.354,21.237
"COM",1970,244184.5,47.197,20.756
"COM",1971,251865,46.952,20.264
"COM",1972,260076.5,46.796,19.807
"COM",1973,268819.5,46.658,19.397
"COM",1974,278075,46.538,19.015
"COM",1975,287692.5,46.477,19.533
"COM",1976,297538,46.487,18.353
"COM",1977,307578.5,46.444,17.996
"COM",1978,317688,46.561,17.636
"COM",1979,327791,46.732,17.333
"COM",1980,337721,46.81,16.917
"COM",1981,347382.5,46.901,16.475
"COM",1982,357139,46.891,16.086
"COM",1983,367233,46.748,15.794
"COM",1984,377636.5,46.639,15.313
"COM",1985,388352,46.366,14.946
"COM",1986,399318,46.032,14.564
"COM",1987,410439,45.609,14.254
"COM",1988,421686.5,45.007,13.837
"COM",1989,433103,44.424,13.546
"COM",1990,444596.5,43.716,13.104
"COM",1991,455556,43.012,12.758
"COM",1992,465112.5,42.291,12.478
"COM",1993,473682,41.008,12.155
"COM",1994,482142.5,39.747,11.819
"COM",1995,490586,38.854,11.535
"COM",1996,499107,38.124,11.296
"COM",1997,507777.5,37.252,11.149
"COM",1998,516597.5,36.417,11.06
"COM",1999,525886.5,35.731,10.705
"COM",2000,536079.5,35.359,10.606
"COM",2001,547220,35.089,10.24
"COM",2002,558923.5,34.744,10.125
"COM",2003,569797.5,34.459,9.834
"COM",2004,580704,34.333,9.623
"COM",2005,592677,34.445,9.456
"COM",2006,604753,34.3,9.293
"COM",2007,616926.5,34.137,9.186
"COM",2008,629307,34.099,8.985
"COM",2009,641947.5,34.279,8.865
"COM",2010,654836,34.437,8.706
"COM",2011,668056,34.512,8.596
"COM",2012,681629.5,34.241,8.471
"COM",2013,696192.5,33.856,8.323
"COM",2014,711502.5,33.322,8.198
"COM",2015,726682,32.78,8.063
"COM",2016,741741,32.093,7.943
"COM",2017,756669.5,31.35,7.828
"COM",2018,771590,30.91,7.733
"COM",2019,786578,30.447,7.644
"COM",2020,802163.5,29.985,7.662
"COM",2021,818174.5,29.498,7.932
"COM",2022,834188,29.062,7.3
"COM",2023,850387,28.653,7.196
"COM",2024,866628,28.232,7.123
"COM",2025,882847.5,27.779,7.031
"COM",2026,899010,27.362,6.941
"COM",2027,915174,26.984,6.856
"COM",2028,931431,26.65,6.778
"COM",2029,947807,26.311,6.709
"COM",2030,964264.5,25.991,6.635
"COM",2031,980775.5,25.678,6.574
"COM",2032,997349.5,25.413,6.519
"COM",2033,1014061.5,25.174,6.463
"COM",2034,1030869.5,24.942,6.416
"COM",2035,1047763,24.709,6.38
"COM",2036,1064851,24.487,6.348
"COM",2037,1081999,24.256,6.316
"COM",2038,1099148,24.005,6.293
"COM",2039,1116420,23.79,6.274
"COM",2040,1133778,23.589,6.266
"COM",2041,1151149,23.351,6.266
"COM",2042,1168511.5,23.152,6.266
"COM",2043,1185959,22.918,6.269
"COM",2044,1203544.5,22.676,6.276
"COM",2045,1221072,22.444,6.286
"COM",2046,1238454.5,22.205,6.301
"COM",2047,1255711,21.971,6.32
"COM",2048,1273038,21.721,6.34
"COM",2049,1290369,21.454,6.362
"COM",2050,1307558,21.217,6.386
"COM",2051,1324685.5,20.96,6.414
"COM",2052,1341720,20.692,6.44
"COM",2053,1358539,20.437,6.459
"COM",2054,1375094.5,20.171,6.483
"COM",2055,1391500,19.948,6.51
"COM",2056,1407725.5,19.731,6.54
"COM",2057,1423737.5,19.487,6.576
"COM",2058,1439574.5,19.271,6.608
"COM",2059,1455278,19.048,6.638
"COM",2060,1470859,18.855,6.664
"COM",2061,1486298.5,18.663,6.698
"COM",2062,1501452,18.462,6.736
"COM",2063,1516378,18.246,6.774
"COM",2064,1531210,18.061,6.811
"COM",2065,1545863,17.874,6.853
"COM",2066,1560376,17.705,6.89
"COM",2067,1574792.5,17.52,6.928
"COM",2068,1589013,17.354,6.973
"COM",2069,1602954.5,17.183,7.008
"COM",2070,1616592,17.014,7.051
"COM",2071,1630120.5,16.837,7.096
"COM",2072,1643543,16.682,7.143
"COM",2073,1656713,16.536,7.19
"COM",2074,1669672,16.404,7.234
"COM",2075,1682479.5,16.234,7.283
"COM",2076,1695136.5,16.078,7.334
"COM",2077,1707465.5,15.94,7.387
"COM",2078,1719485.5,15.796,7.444
"COM",2079,1731166,15.633,7.508
"COM",2080,1742529,15.489,7.572
"COM",2081,1753679.5,15.324,7.635
"COM",2082,1764609,15.181,7.701
"COM",2083,1775397,15.037,7.77
"COM",2084,1785888.5,14.883,7.843
"COM",2085,1795935,14.739,7.909
"COM",2086,1805706.5,14.591,7.977
"COM",2087,1815169,14.454,8.046
"COM",2088,1824310,14.324,8.121
"COM",2089,1833228.5,14.192,8.202
"COM",2090,1841867,14.078,8.273
"COM",2091,1850197,13.949,8.343
"COM",2092,1858160,13.818,8.421
"COM",2093,1865734,13.685,8.502
"COM",2094,1873047.5,13.561,8.571
"COM",2095,1880188.5,13.461,8.641
"COM",2096,1886980.5,13.356,8.717
"COM",2097,1893461,13.258,8.8
"COM",2098,1899646,13.158,8.872
"COM",2099,1905479.5,13.045,8.946
"COM",2100,1911034,12.938,9.012
"CPV",1967,261404.5,41.766,14.169
"CPV",1968,270164,41.178,13.756
"CPV",1969,279247.5,40.736,13.429
"CPV",1970,287885,40.576,13.212
"CPV",1971,294046.5,41.499,13.07
"CPV",1972,297386,42.254,12.945
"CPV",1973,299881,42.798,12.776
"CPV",1974,302570,43.335,12.613
"CPV",1975,305847,43.767,12.376
"CPV",1976,309455,43.908,12.133
"CPV",1977,312833.5,43.841,11.76
"CPV",1978,316147.5,43.587,11.474
"CPV",1979,319480,43.213,11.214
"CPV",1980,323301,42.734,10.949
"CPV",1981,327846,42.718,10.782
"CPV",1982,332724,42.48,10.632
"CPV",1983,337653.5,42.259,10.463
"CPV",1984,342505,42.018,10.385
"CPV",1985,347365,42.077,10.109
"CPV",1986,352311.5,41.961,9.903
"CPV",1987,357302,41.651,9.67
"CPV",1988,362328.5,41.233,9.43
"CPV",1989,367803.5,40.746,9.185
"CPV",1990,375428.5,40.186,8.918
"CPV",1991,384586,39.667,8.728
"CPV",1992,393415,38.824,8.536
"CPV",1993,401965,37.709,8.34
"CPV",1994,410227.5,35.957,8.142
"CPV",1995,418104.5,34.209,8.463
"CPV",1996,425581,32.511,7.575
"CPV",1997,432797.5,31.128,7.276
"CPV",1998,439783.5,30.137,6.972
"CPV",1999,446519.5,29.027,6.657
"CPV",2000,453317.5,27.862,6.35
"CPV",2001,460293,26.762,6.102
"CPV",2002,467046,25.701,5.836
"CPV",2003,473383,24.746,5.657
"CPV",2004,479369.5,23.943,5.533
"CPV",2005,485115.5,22.797,5.425
"CPV",2006,490727.5,21.612,5.351
"CPV",2007,496189.5,20.583,5.349
"CPV",2008,501355,19.857,5.27
"CPV",2009,506141,19.504,5.247
"CPV",2010,509784.5,20.42,5.224
"CPV",2011,511446.5,20.578,5.182
"CPV",2012,511955,19.108,5.129
"CPV",2013,512225,18.401,5.165
"CPV",2014,512325.5,18.079,5.154
"CPV",2015,512393.5,17.459,5.136
"CPV",2016,512554.5,17.32,5.15
"CPV",2017,512893,16.8,5.115
"CPV",2018,513415,15.451,5.162
"CPV",2019,514104,14.288,5.004
"CPV",2020,514679.5,13.142,5.886
"CPV",2021,516649,12.569,5.648
"CPV",2022,519741,12.438,5.004
"CPV",2023,522330.5,12.33,5.059
"CPV",2024,524877,12.222,5.096
"CPV",2025,527325.5,12.069,5.149
"CPV",2026,529629.5,11.952,5.21
"CPV",2027,531871.5,11.846,5.277
"CPV",2028,534115,11.743,5.347
"CPV",2029,536347.5,11.656,5.423
"CPV",2030,538614,11.578,5.51
"CPV",2031,540763.5,11.514,5.603
"CPV",2032,542795,11.477,5.703
"CPV",2033,544758,11.437,5.809
"CPV",2034,546652,11.423,5.921
"CPV",2035,548591,11.385,6.037
"CPV",2036,550474,11.349,6.159
"CPV",2037,552287,11.31,6.279
"CPV",2038,554081.5,11.255,6.409
"CPV",2039,555797,11.217,6.541
"CPV",2040,557374,11.16,6.674
"CPV",2041,558818,11.086,6.809
"CPV",2042,560137,11.02,6.947
"CPV",2043,561347,10.931,7.087
"CPV",2044,562463.5,10.825,7.224
"CPV",2045,563476.5,10.708,7.359
"CPV",2046,564354,10.587,7.492
"CPV",2047,565021,10.44,7.624
"CPV",2048,565507.5,10.246,7.756
"CPV",2049,565897.5,10.041,7.894
"CPV",2050,566134,9.801,8.03
"CPV",2051,566201,9.565,8.167
"CPV",2052,566144.5,9.304,8.304
"CPV",2053,565911,9.04,8.452
"CPV",2054,565404.5,8.792,8.604
"CPV",2055,564662,8.556,8.763
"CPV",2056,563784,8.347,8.919
"CPV",2057,562743.5,8.156,9.088
"CPV",2058,561509.5,7.99,9.267
"CPV",2059,560054,7.843,9.46
"CPV",2060,558428.5,7.722,9.662
"CPV",2061,556660,7.647,9.878
"CPV",2062,554681,7.601,10.096
"CPV",2063,552571,7.583,10.332
"CPV",2064,550404,7.589,10.577
"CPV",2065,548114.5,7.602,10.824
"CPV",2066,545627.5,7.628,11.076
"CPV",2067,542940.5,7.647,11.344
"CPV",2068,540163.5,7.672,11.619
"CPV",2069,537327,7.695,11.886
"CPV",2070,534406,7.711,12.153
"CPV",2071,531509,7.735,12.414
"CPV",2072,528562,7.766,12.665
"CPV",2073,525477.5,7.774,12.918
"CPV",2074,522290,7.776,13.168
"CPV",2075,518975,7.775,13.404
"CPV",2076,515553,7.759,13.641
"CPV",2077,512082.5,7.741,13.873
"CPV",2078,508554.5,7.704,14.086
"CPV",2079,504874.5,7.666,14.278
"CPV",2080,501052,7.623,14.459
"CPV",2081,497147,7.56,14.636
"CPV",2082,493164.5,7.487,14.79
"CPV",2083,489172,7.404,14.934
"CPV",2084,485114,7.334,15.072
"CPV",2085,480955.5,7.243,15.195
"CPV",2086,476784.5,7.156,15.318
"CPV",2087,472595,7.084,15.44
"CPV",2088,468371.5,7.007,15.56
"CPV",2089,464068.5,6.95,15.663
"CPV",2090,459734.5,6.892,15.78
"CPV",2091,455444,6.846,15.884
"CPV",2092,451160,6.808,16.002
"CPV",2093,446839,6.802,16.123
"CPV",2094,442499,6.802,16.252
"CPV",2095,438182.5,6.812,16.378
"CPV",2096,433905,6.831,16.507
"CPV",2097,429649,6.871,16.624
"CPV",2098,425417,6.907,16.766
"CPV",2099,421185.5,6.964,16.876
"CPV",2100,416940.5,7.021,17.004
"DJI",1967,121649,46.959,18.323
"DJI",1968,128250.5,46.96,18.019
"DJI",1969,136078.5,46.562,17.538
"DJI",1970,145175,46.489,17.222
"DJI",1971,155136,46.222,17.316
"DJI",1972,166256.5,45.822,16.443
"DJI",1973,178449,45.339,16.007
"DJI",1974,192613.5,44.681,15.603
"DJI",1975,209908,43.944,15.199
"DJI",1976,230737,43.282,14.818
"DJI",1977,254613,42.747,14.485
"DJI",1978,280031.5,42.378,14.217
"DJI",1979,304513,42.158,14.004
"DJI",1980,325815,41.991,13.794
"DJI",1981,343047,41.801,13.659
"DJI",1982,356880,41.525,13.341
"DJI",1983,369553,41.16,13.042
"DJI",1984,384053,40.614,12.718
"DJI",1985,402687,40.008,12.428
"DJI",1986,426341.5,39.484,12.109
"DJI",1987,454398.5,39.066,11.872
"DJI",1988,484523,38.754,11.704
"DJI",1989,523355,37.856,11.391
"DJI",1990,579538.5,37.2,11.189
"DJI",1991,631092,37.804,11.575
"DJI",1992,626009.5,39.873,12.762
"DJI",1993,614245.5,37.125,11.393
"DJI",1994,626710,37.197,11.684
"DJI",1995,633074,35.893,11.17
"DJI",1996,648348,34.789,11.024
"DJI",1997,671817.5,33.653,10.946
"DJI",1998,699352,33.47,10.814
"DJI",1999,724218,33.531,10.76
"DJI",2000,747318.5,33.459,10.692
"DJI",2001,771313,33.267,10.307
"DJI",2002,795574,33.006,10.171
"DJI",2003,813519,32.678,10.133
"DJI",2004,826123.5,31.601,10.108
"DJI",2005,839167,30.568,9.88
"DJI",2006,855764,29.391,9.641
"DJI",2007,874527.5,28.485,9.449
"DJI",2008,892733.5,27.554,9.233
"DJI",2009,911527,26.905,8.997
"DJI",2010,930251.5,26.291,8.85
"DJI",2011,948557.5,25.657,8.612
"DJI",2012,966747.5,25.061,8.484
"DJI",2013,984824.5,24.592,8.359
"DJI",2014,1002717.5,24.094,8.28
"DJI",2015,1020313,23.567,8.162
"DJI",2016,1037653,23.061,8.007
"DJI",2017,1054840.5,22.703,7.921
"DJI",2018,1071882,22.313,7.83
"DJI",2019,1088709,21.913,7.797
"DJI",2020,1105188.5,21.578,8.033
"DJI",2021,1121248,21.308,8.327
"DJI",2022,1137096,21.032,7.544
"DJI",2023,1152943.5,20.769,7.456
"DJI",2024,1168722,20.931,7.487
"DJI",2025,1184076.5,20.675,7.507
"DJI",2026,1199459.5,20.421,7.527
"DJI",2027,1215017,20.21,7.551
"DJI",2028,1230585,20.006,7.57
"DJI",2029,1246670,19.82,7.597
"DJI",2030,1262678.5,19.647,7.633
"DJI",2031,1278332.5,19.465,7.67
"DJI",2032,1293446.5,19.259,7.709
"DJI",2033,1307799,19.061,7.752
"DJI",2034,1321611.5,18.866,7.795
"DJI",2035,1335498.5,18.653,7.845
"DJI",2036,1349355.5,18.471,7.901
"DJI",2037,1363479,18.234,7.953
"DJI",2038,1377782.5,18.008,8.016
"DJI",2039,1391867.5,17.766,8.076
"DJI",2040,1406635,17.541,8.14
"DJI",2041,1421792,17.318,8.209
"DJI",2042,1436438,17.106,8.284
"DJI",2043,1449563.5,16.877,8.369
"DJI",2044,1461638,16.625,8.448
"DJI",2045,1474041,16.39,8.529
"DJI",2046,1486460.5,16.202,8.613
"DJI",2047,1498041,16.013,8.697
"DJI",2048,1508875.5,15.809,8.783
"DJI",2049,1519725,15.604,8.871
"DJI",2050,1530539.5,15.446,8.96
"DJI",2051,1540678,15.284,9.049
"DJI",2052,1551185.5,15.138,9.129
"DJI",2053,1563318,14.994,9.204
"DJI",2054,1575385,14.908,9.281
"DJI",2055,1585525,14.822,9.356
"DJI",2056,1596244.5,14.695,9.425
"DJI",2057,1608923.5,14.614,9.485
"DJI",2058,1620968,14.557,9.553
"DJI",2059,1631690.5,14.521,9.601
"DJI",2060,1641579.5,14.466,9.651
"DJI",2061,1650916,14.392,9.703
"DJI",2062,1660268,14.324,9.754
"DJI",2063,1668392.5,14.263,9.811
"DJI",2064,1675183,14.159,9.862
"DJI",2065,1682959.5,14.038,9.893
"DJI",2066,1692208.5,13.939,9.922
"DJI",2067,1701039.5,13.853,9.969
"DJI",2068,1708895.5,13.758,10.009
"DJI",2069,1715719.5,13.654,10.055
"DJI",2070,1721909,13.542,10.101
"DJI",2071,1728303.5,13.45,10.151
"DJI",2072,1733908,13.359,10.203
"DJI",2073,1739114,13.233,10.252
"DJI",2074,1745548.5,13.119,10.302
"DJI",2075,1752289.5,13.029,10.351
"DJI",2076,1758378,12.944,10.413
"DJI",2077,1763800,12.857,10.467
"DJI",2078,1768275.5,12.753,10.528
"DJI",2079,1772774,12.657,10.576
"DJI",2080,1776612.5,12.594,10.635
"DJI",2081,1779748.5,12.504,10.695
"DJI",2082,1783929,12.424,10.754
"DJI",2083,1788197,12.376,10.808
"DJI",2084,1792318,12.302,10.857
"DJI",2085,1797213.5,12.263,10.896
"DJI",2086,1801621,12.222,10.939
"DJI",2087,1805476,12.177,10.988
"DJI",2088,1809856,12.151,11.021
"DJI",2089,1813893,12.115,11.047
"DJI",2090,1816933,12.099,11.071
"DJI",2091,1819197,12.053,11.11
"DJI",2092,1821226.5,12.015,11.145
"DJI",2093,1824782.5,11.97,11.157
"DJI",2094,1828090.5,11.953,11.173
"DJI",2095,1830016.5,11.903,11.19
"DJI",2096,1831873,11.869,11.214
"DJI",2097,1834654,11.801,11.218
"DJI",2098,1838050.5,11.771,11.229
"DJI",2099,1840308.5,11.737,11.242
"DJI",2100,1841534,11.674,11.253
"DZA",1967,12876117.5,47.008,22.444
"DZA",1968,13172614,46.844,22.205
"DZA",1969,13475959.5,46.74,21.915
"DZA",1970,13783719.5,46.676,21.533
"DZA",1971,14098936,46.298,21.043
"DZA",1972,14427071.5,45.968,20.448
"DZA",1973,14771147.5,45.697,19.786
"DZA",1974,15133502,45.449,19.05
"DZA",1975,15678596,44.709,18.061
"DZA",1976,16409170,44.181,17.355
"DZA",1977,17015993.5,43.898,16.547
"DZA",1978,17506973.5,43.574,15.478
"DZA",1979,18036654.5,43.275,14.23
"DZA",1980,18607174,42.96,12.865
"DZA",1981,19220704.5,42.169,11.205
"DZA",1982,19872348,41.226,10.006
"DZA",1983,20558115.5,40.299,9.111
"DZA",1984,21271969,39.2,8.339
"DZA",1985,22008544.5,38.144,7.602
"DZA",1986,22745498.5,36.092,7.003
"DZA",1987,23443624,34.067,6.541
"DZA",1988,24109535.5,32.6,6.17
"DZA",1989,24754485.5,31.293,5.902
"DZA",1990,25375810,29.931,5.799
"DZA",1991,25987927.5,29.487,5.751
"DZA",1992,26628567.5,29.296,5.739
"DZA",1993,27277048,28.138,5.727
"DZA",1994,27887278.5,27.29,5.974
"DZA",1995,28470190.5,24.56,5.835
"DZA",1996,29033044.5,22.352,5.694
"DZA",1997,29579300.5,20.738,5.52
"DZA",1998,30054133,19.603,5.431
"DZA",1999,30474353.5,19.453,5.205
"DZA",2000,30903892.5,19.574,5.109
"DZA",2001,31331221.5,19.405,5.022
"DZA",2002,31750834.5,19.096,4.88
"DZA",2003,32175817.5,19.614,4.874
"DZA",2004,32628286,20.337,4.744
"DZA",2005,33109249,21.136,4.731
"DZA",2006,33623506,21.998,4.724
"DZA",2007,34189416,22.873,4.733
"DZA",2008,34816961,23.735,4.72
"DZA",2009,35490445,24.189,4.705
"DZA",2010,36188235.5,24.556,4.678
"DZA",2011,36903375.5,24.76,4.658
"DZA",2012,37646166,25.656,4.654
"DZA",2013,38414171.5,25.524,4.641
"DZA",2014,39205030.5,26.063,4.646
"DZA",2015,40019529,25.811,4.645
"DZA",2016,40850721,25.439,4.647
"DZA",2017,41689299,25.015,4.66
"DZA",2018,42505035,24.063,4.667
"DZA",2019,43294546,23.379,4.681
"DZA",2020,44042091,22.43,5.988
"DZA",2021,44761099,21.392,4.96
"DZA",2022,45477389.5,20.491,4.602
"DZA",2023,46164219,19.625,4.641
"DZA",2024,46814307.5,18.837,4.618
"DZA",2025,47435311.5,18.034,4.645
"DZA",2026,48028333.5,17.327,4.683
"DZA",2027,48593408,16.701,4.73
"DZA",2028,49135522.5,16.171,4.787
"DZA",2029,49655378.5,15.738,4.847
"DZA",2030,50154165.5,15.387,4.918
"DZA",2031,50637358.5,15.105,4.996
"DZA",2032,51113494.5,14.901,5.083
"DZA",2033,51584240.5,14.789,5.173
"DZA",2034,52048003.5,14.757,5.271
"DZA",2035,52516789.5,14.751,5.37
"DZA",2036,52986267,14.818,5.472
"DZA",2037,53452776,14.883,5.575
"DZA",2038,53921846.5,14.994,5.678
"DZA",2039,54396252,15.108,5.783
"DZA",2040,54873476,15.218,5.886
"DZA",2041,55351988,15.295,5.994
"DZA",2042,55834555,15.361,6.098
"DZA",2043,56319592.5,15.401,6.21
"DZA",2044,56806178.5,15.412,6.318
"DZA",2045,57290156.5,15.346,6.426
"DZA",2046,57767666.5,15.25,6.532
"DZA",2047,58234169.5,15.099,6.638
"DZA",2048,58690885.5,14.911,6.743
"DZA",2049,59136158,14.671,6.853
"DZA",2050,59565554.5,14.425,6.965
"DZA",2051,59975606,14.157,7.081
"DZA",2052,60357127,13.851,7.195
"DZA",2053,60714899,13.556,7.31
"DZA",2054,61054229.5,13.245,7.425
"DZA",2055,61368719,12.95,7.544
"DZA",2056,61662094,12.643,7.667
"DZA",2057,61929848.5,12.377,7.793
"DZA",2058,62171439.5,12.127,7.917
"DZA",2059,62392707.5,11.908,8.043
"DZA",2060,62589958,11.699,8.168
"DZA",2061,62763869.5,11.543,8.291
"DZA",2062,62925695,11.409,8.418
"DZA",2063,63074913,11.311,8.538
"DZA",2064,63211556.5,11.246,8.655
"DZA",2065,63340461.5,11.204,8.759
"DZA",2066,63457814.5,11.192,8.862
"DZA",2067,63567476.5,11.182,8.966
"DZA",2068,63671455,11.178,9.06
"DZA",2069,63770662.5,11.201,9.144
"DZA",2070,63858952,11.228,9.212
"DZA",2071,63949916.5,11.245,9.274
"DZA",2072,64051596,11.256,9.326
"DZA",2073,64149758,11.277,9.374
"DZA",2074,64245958,11.271,9.396
"DZA",2075,64342159,11.268,9.414
"DZA",2076,64431152,11.24,9.427
"DZA",2077,64514920,11.2,9.434
"DZA",2078,64597243,11.136,9.434
"DZA",2079,64675917.5,11.068,9.422
"DZA",2080,64750725.5,10.977,9.406
"DZA",2081,64815573.5,10.876,9.387
"DZA",2082,64870707.5,10.753,9.36
"DZA",2083,64921815,10.631,9.34
"DZA",2084,64969834,10.5,9.326
"DZA",2085,65014716.5,10.364,9.317
"DZA",2086,65055632.5,10.228,9.312
"DZA",2087,65087129,10.098,9.318
"DZA",2088,65107986.5,9.979,9.341
"DZA",2089,65115447.5,9.866,9.38
"DZA",2090,65115474.5,9.75,9.431
"DZA",2091,65105744,9.655,9.503
"DZA",2092,65081097,9.562,9.595
"DZA",2093,65052821,9.488,9.708
"DZA",2094,65010260.5,9.428,9.832
"DZA",2095,64951512,9.372,9.966
"DZA",2096,64882626,9.332,10.115
"DZA",2097,64802067,9.299,10.275
"DZA",2098,64709155.5,9.291,10.46
"DZA",2099,64602941,9.273,10.641
"DZA",2100,64487527.5,9.273,10.831
"EGY",1967,32196360,42.806,18.303
"EGY",1968,32998318.5,42.485,17.954
"EGY",1969,33811614.5,42.208,17.821
"EGY",1970,34623989.5,41.907,17.59
"EGY",1971,35433367.5,41.786,17.279
"EGY",1972,36258328,41.631,16.993
"EGY",1973,37102042.5,41.19,16.796
"EGY",1974,37969667,41.134,16.218
"EGY",1975,38875326.5,41.206,15.796
"EGY",1976,39795557,41.25,15.354
"EGY",1977,40748869.5,40.99,14.847
"EGY",1978,41761431,40.842,14.33
"EGY",1979,42818628,40.561,13.805
"EGY",1980,43950413,40.155,13.263
"EGY",1981,45147224,39.44,12.709
"EGY",1982,46407611,39.316,12.196
"EGY",1983,47786402,39.309,11.718
"EGY",1984,49247334.5,38.671,11.232
"EGY",1985,50734968,38.13,10.758
"EGY",1986,52206295,37.316,10.303
"EGY",1987,53674434.5,36.629,9.874
"EGY",1988,55187681.5,36.04,9.483
"EGY",1989,56710642,34.872,9.1
"EGY",1990,58396618,33.545,8.702
"EGY",1991,60028997.5,32.367,8.363
"EGY",1992,61480660.5,31.149,8.03
"EGY",1993,62915680.5,30.108,7.707
"EGY",1994,64285589,29.246,7.424
"EGY",1995,65652622.5,28.58,7.15
"EGY",1996,67028048,28.21,6.918
"EGY",1997,68431740.5,28.215,6.732
"EGY",1998,69943294,28.303,6.575
"EGY",1999,71520954,27.894,6.436
"EGY",2000,73083284,27.392,6.319
"EGY",2001,74652029,27.252,6.235
"EGY",2002,76239137,27.076,6.175
"EGY",2003,77853548,26.866,6.131
"EGY",2004,79477443.5,26.569,6.101
"EGY",2005,81101003.5,26.566,6.09
"EGY",2006,82700403,26.562,6.086
"EGY",2007,84276225,26.849,6.092
"EGY",2008,85864789.5,26.976,6.095
"EGY",2009,87501635.5,27.209,6.088
"EGY",2010,89196072.5,27.491,6.076
"EGY",2011,91093059,27.476,6.049
"EGY",2012,93161001.5,28.117,5.999
"EGY",2013,95333553,28.591,5.966
"EGY",2014,97528654,28.393,5.879
"EGY",2015,99597342,28.184,5.818
"EGY",2016,101644589,26.679,5.707
"EGY",2017,103696057.5,26.1,5.628
"EGY",2018,105682093.5,23.592,5.533
"EGY",2019,107553158,22.267,5.477
"EGY",2020,109315123.5,22.004,6.407
"EGY",2021,110957008,21.154,7.036
"EGY",2022,112618249.5,21.091,5.675
"EGY",2023,114535771.5,21.004,5.461
"EGY",2024,116538257.5,20.915,5.506
"EGY",2025,118365994.5,20.699,5.55
"EGY",2026,120101175.5,20.477,5.599
"EGY",2027,121847616.5,20.279,5.643
"EGY",2028,123608457,20.106,5.689
"EGY",2029,125373049.5,19.978,5.739
"EGY",2030,127139321.5,19.872,5.797
"EGY",2031,128912251.5,19.786,5.849
"EGY",2032,130695078,19.726,5.901
"EGY",2033,132485605,19.669,5.955
"EGY",2034,134287840,19.607,6.007
"EGY",2035,136097217.5,19.537,6.062
"EGY",2036,137913263,19.455,6.118
"EGY",2037,139738696,19.358,6.169
"EGY",2038,141565830.5,19.25,6.223
"EGY",2039,143393263.5,19.122,6.269
"EGY",2040,145213654,18.947,6.322
"EGY",2041,147018556.5,18.713,6.374
"EGY",2042,148800781,18.437,6.421
"EGY",2043,150547656,18.128,6.471
"EGY",2044,152255334,17.762,6.523
"EGY",2045,153919189,17.382,6.576
"EGY",2046,155535947.5,17.045,6.631
"EGY",2047,157114405.5,16.742,6.686
"EGY",2048,158657389.5,16.448,6.743
"EGY",2049,160161613.5,16.186,6.799
"EGY",2050,161630192,15.952,6.857
"EGY",2051,163063539,15.748,6.918
"EGY",2052,164468973,15.548,6.981
"EGY",2053,165849961.5,15.376,7.052
"EGY",2054,167203818.5,15.232,7.114
"EGY",2055,168531682.5,15.104,7.179
"EGY",2056,169835152,14.987,7.248
"EGY",2057,171117535.5,14.865,7.321
"EGY",2058,172379099.5,14.767,7.393
"EGY",2059,173622457.5,14.675,7.456
"EGY",2060,174845206,14.594,7.532
"EGY",2061,176046973.5,14.525,7.604
"EGY",2062,177229968.5,14.439,7.675
"EGY",2063,178398627,14.336,7.746
"EGY",2064,179552862,14.25,7.817
"EGY",2065,180677455,14.155,7.883
"EGY",2066,181775598.5,14.077,7.954
"EGY",2067,182855193,13.98,8.016
"EGY",2068,183911492.5,13.869,8.073
"EGY",2069,184941154.5,13.75,8.14
"EGY",2070,185940690.5,13.631,8.203
"EGY",2071,186912359.5,13.509,8.265
"EGY",2072,187857200,13.383,8.323
"EGY",2073,188769063,13.251,8.376
"EGY",2074,189649295.5,13.103,8.433
"EGY",2075,190502723,12.953,8.491
"EGY",2076,191327318.5,12.822,8.551
"EGY",2077,192118607.5,12.681,8.599
"EGY",2078,192875362,12.55,8.646
"EGY",2079,193602706.5,12.425,8.698
"EGY",2080,194292900.5,12.291,8.757
"EGY",2081,194947814.5,12.182,8.809
"EGY",2082,195572349.5,12.075,8.869
"EGY",2083,196164362,11.981,8.933
"EGY",2084,196727669,11.898,9.004
"EGY",2085,197258868.5,11.819,9.08
"EGY",2086,197760951,11.744,9.154
"EGY",2087,198240475,11.685,9.232
"EGY",2088,198692010.5,11.608,9.31
"EGY",2089,199110320.5,11.552,9.386
"EGY",2090,199500190,11.49,9.46
"EGY",2091,199868284,11.44,9.552
"EGY",2092,200211943,11.388,9.635
"EGY",2093,200529821,11.329,9.725
"EGY",2094,200820194,11.262,9.813
"EGY",2095,201078011,11.189,9.903
"EGY",2096,201300655.5,11.131,9.994
"EGY",2097,201487950,11.069,10.074
"EGY",2098,201650877.5,11.015,10.151
"EGY",2099,201787334.5,10.952,10.234
"EGY",2100,201895183.5,10.885,10.309
"ERI",1967,1152338.5,47.594,23.303
"ERI",1968,1181737,47.337,22.985
"ERI",1969,1212005.5,47.029,22.66
"ERI",1970,1243453,46.977,22.299
"ERI",1971,1276154,46.603,21.927
"ERI",1972,1309234.5,46.224,22.584
"ERI",1973,1342669.5,45.958,22.148
"ERI",1974,1375688,45.877,23.989
"ERI",1975,1408210,45.826,23.833
"ERI",1976,1443807,45.716,20.609
"ERI",1977,1482565,45.44,20.284
"ERI",1978,1522378,45.137,19.944
"ERI",1979,1563331.5,44.928,19.612
"ERI",1980,1605797.5,44.782,19.005
"ERI",1981,1649939.5,44.758,18.742
"ERI",1982,1695461,44.799,18.761
"ERI",1983,1736160.5,44.951,25.702
"ERI",1984,1771730.5,44.89,25.078
"ERI",1985,1807816.5,44.827,24.16
"ERI",1986,1845164,44.696,23.305
"ERI",1987,1888669,44.492,16.838
"ERI",1988,1938254.5,44.337,16.393
"ERI",1989,1987017,43.908,16.581
"ERI",1990,2032737,43.316,15.323
"ERI",1991,1919570.5,46.07,15.99
"ERI",1992,1798748,42.304,13.705
"ERI",1993,1856006.5,40.853,13.009
"ERI",1994,1913915,42.145,12.735
"ERI",1995,2025267,39.469,11.741
"ERI",1996,2128464,43.277,12.007
"ERI",1997,2152134.5,41.218,11.502
"ERI",1998,2180418.5,39.91,14.533
"ERI",1999,2212780.5,38.424,18.033
"ERI",2000,2247031,37.969,11.145
"ERI",2001,2312078.5,36.353,9.892
"ERI",2002,2392978,37.081,9.736
"ERI",2003,2493903,35.894,9.313
"ERI",2004,2598283.5,37,9.233
"ERI",2005,2661214.5,36.369,8.964
"ERI",2006,2703502,36.179,8.633
"ERI",2007,2743222.5,34.965,8.317
"ERI",2008,2816327.5,34.136,8.077
"ERI",2009,2887885,34.213,7.825
"ERI",2010,2945186.5,33.453,7.615
"ERI",2011,2998485,33.032,7.417
"ERI",2012,3036988.5,32.41,7.248
"ERI",2013,3074360.5,31.702,7.124
"ERI",2014,3095172.5,31.456,6.989
"ERI",2015,3105546,30.554,6.828
"ERI",2016,3124698,30.092,6.729
"ERI",2017,3150347,29.551,6.604
"ERI",2018,3192760.5,29.195,6.484
"ERI",2019,3240194,29.119,6.413
"ERI",2020,3291270.5,28.872,6.582
"ERI",2021,3350183,28.818,6.612
"ERI",2022,3409447,28.675,6.319
"ERI",2023,3470389.5,28.544,6.047
"ERI",2024,3535603,28.719,5.995
"ERI",2025,3607003,28.632,5.941
"ERI",2026,3682669,28.62,5.893
"ERI",2027,3760374,28.507,5.842
"ERI",2028,3840143,28.369,5.788
"ERI",2029,3920472,28.208,5.738
"ERI",2030,4002672,27.975,5.689
"ERI",2031,4085045.5,27.727,5.641
"ERI",2032,4166513.5,27.425,5.588
"ERI",2033,4249505.5,27.069,5.542
"ERI",2034,4334729.5,26.659,5.497
"ERI",2035,4420922.5,26.236,5.457
"ERI",2036,4509757,25.768,5.413
"ERI",2037,4601934.5,25.358,5.379
"ERI",2038,4692343.5,24.91,5.353
"ERI",2039,4780475.5,24.461,5.326
"ERI",2040,4868676.5,24.009,5.306
"ERI",2041,4954488,23.602,5.294
"ERI",2042,5039301,23.139,5.278
"ERI",2043,5124265,22.749,5.269
"ERI",2044,5207870,22.35,5.264
"ERI",2045,5292768,21.995,5.264
"ERI",2046,5375967.5,21.669,5.268
"ERI",2047,5456501,21.34,5.271
"ERI",2048,5537542,21.042,5.279
"ERI",2049,5617356.5,20.786,5.291
"ERI",2050,5696062,20.524,5.303
"ERI",2051,5775739,20.304,5.321
"ERI",2052,5858065,20.081,5.337
"ERI",2053,5941185.5,19.88,5.353
"ERI",2054,6018816,19.725,5.374
"ERI",2055,6095239,19.508,5.393
"ERI",2056,6170190.5,19.329,5.422
"ERI",2057,6243951.5,19.106,5.448
"ERI",2058,6321628.5,18.917,5.478
"ERI",2059,6399810.5,18.719,5.514
"ERI",2060,6478361,18.531,5.546
"ERI",2061,6556896,18.348,5.58
"ERI",2062,6632337,18.153,5.622
"ERI",2063,6709274.5,17.921,5.663
"ERI",2064,6784082,17.752,5.714
"ERI",2065,6852234.5,17.519,5.761
"ERI",2066,6922395.5,17.263,5.817
"ERI",2067,6992724,17.026,5.88
"ERI",2068,7061501,16.784,5.939
"ERI",2069,7129181.5,16.579,6.013
"ERI",2070,7194167,16.342,6.09
"ERI",2071,7257209,16.137,6.172
"ERI",2072,7318844.5,15.934,6.259
"ERI",2073,7381153.5,15.757,6.348
"ERI",2074,7439758,15.571,6.444
"ERI",2075,7497515,15.385,6.548
"ERI",2076,7555651,15.208,6.655
"ERI",2077,7610587.5,15.026,6.764
"ERI",2078,7664749.5,14.876,6.878
"ERI",2079,7716193,14.736,6.992
"ERI",2080,7768723.5,14.576,7.105
"ERI",2081,7816263,14.459,7.228
"ERI",2082,7858174.5,14.317,7.346
"ERI",2083,7901725,14.186,7.46
"ERI",2084,7946506.5,14.066,7.572
"ERI",2085,7992739.5,13.949,7.685
"ERI",2086,8036914,13.857,7.795
"ERI",2087,8076333,13.768,7.903
"ERI",2088,8112913,13.661,8.009
"ERI",2089,8148192.5,13.55,8.114
"ERI",2090,8182351.5,13.428,8.211
"ERI",2091,8214604.5,13.337,8.307
"ERI",2092,8247063.5,13.218,8.391
"ERI",2093,8277311.5,13.13,8.479
"ERI",2094,8302904.5,13.024,8.558
"ERI",2095,8328759,12.916,8.632
"ERI",2096,8352718.5,12.82,8.696
"ERI",2097,8374835,12.707,8.762
"ERI",2098,8397345.5,12.595,8.816
"ERI",2099,8420966.5,12.5,8.869
"ERI",2100,8444381.5,12.408,8.918
"ESH",1967,50624,50.849,22.733
"ESH",1968,55984,51.219,22.379
"ESH",1969,61644,51.382,22.13
"ESH",1970,71727.5,48.241,20.537
"ESH",1971,78720.5,41.529,20.592
"ESH",1972,78249.5,41.036,20.408
"ESH",1973,77646,40.855,19.88
"ESH",1974,76477.5,41.25,19.272
"ESH",1975,66889.5,46.465,29.446
"ESH",1976,64489,37.622,23.117
"ESH",1977,77388.5,38.292,21.682
"ESH",1978,90890.5,44.514,21.095
"ESH",1979,104981.5,48.42,24.966
"ESH",1980,117374.5,51.669,24.396
"ESH",1981,126896,51.861,20.532
"ESH",1982,134481,51.094,19.786
"ESH",1983,140584.5,49.844,18.912
"ESH",1984,146150,48.053,17.945
"ESH",1985,151759.5,46.237,16.992
"ESH",1986,157364,43.932,16.072
"ESH",1987,162878,41.674,15.488
"ESH",1988,168408,39.496,13.22
"ESH",1989,173923,37.564,13.291
"ESH",1990,179544,35.727,9.93
"ESH",1991,185300.5,33.769,9.5
"ESH",1992,190938,32.116,9.117
"ESH",1993,196473.5,30.643,8.782
"ESH",1994,201918,29.374,8.482
"ESH",1995,209924.5,27.94,8.127
"ESH",1996,221387,27.182,7.956
"ESH",1997,233772.5,26.629,7.827
"ESH",1998,246303.5,26.125,7.698
"ESH",1999,258969.5,25.603,7.558
"ESH",2000,271943.5,25.003,7.416
"ESH",2001,285188,24.212,7.277
"ESH",2002,298463.5,23.365,7.126
"ESH",2003,311784,22.754,6.993
"ESH",2004,325189.5,22.292,6.866
"ESH",2005,338699,22.051,6.764
"ESH",2006,352647.5,21.846,6.674
"ESH",2007,366861.5,21.657,6.584
"ESH",2008,380822.5,21.45,6.509
"ESH",2009,394957,21.202,6.413
"ESH",2010,409715.5,20.979,6.335
"ESH",2011,425087,20.629,6.273
"ESH",2012,441030.5,20.329,6.229
"ESH",2013,457424,19.892,6.174
"ESH",2014,472579,19.562,6.159
"ESH",2015,486222,19.099,6.138
"ESH",2016,499650.5,18.664,6.124
"ESH",2017,512843,18.24,6.128
"ESH",2018,525782,17.765,6.148
"ESH",2019,538440,17.288,6.181
"ESH",2020,549365,16.885,6.238
"ESH",2021,558619,16.399,6.26
"ESH",2022,568738.5,15.899,6.29
"ESH",2023,579729,15.503,6.344
"ESH",2024,590506,15.394,6.442
"ESH",2025,600903.5,15.031,6.514
"ESH",2026,610813,14.747,6.598
"ESH",2027,620332.5,14.467,6.696
"ESH",2028,629583.5,14.213,6.801
"ESH",2029,638579.5,13.998,6.908
"ESH",2030,647479.5,13.829,7.02
"ESH",2031,656174,13.699,7.136
"ESH",2032,664596.5,13.582,7.252
"ESH",2033,672820,13.484,7.379
"ESH",2034,680600.5,13.413,7.503
"ESH",2035,688152,13.342,7.63
"ESH",2036,695574.5,13.286,7.76
"ESH",2037,702654,13.232,7.888
"ESH",2038,709524.5,13.176,8.018
"ESH",2039,716268.5,13.134,8.151
"ESH",2040,722864.5,13.099,8.28
"ESH",2041,729396,13.053,8.401
"ESH",2042,735831,13.011,8.523
"ESH",2043,741990.5,12.963,8.64
"ESH",2044,747825.5,12.897,8.774
"ESH",2045,753418,12.833,8.9
"ESH",2046,758703,12.752,9.03
"ESH",2047,763688,12.666,9.155
"ESH",2048,768305,12.576,9.291
"ESH",2049,772793,12.478,9.429
"ESH",2050,777315.5,12.387,9.561
"ESH",2051,781596,12.283,9.696
"ESH",2052,785744.5,12.191,9.836
"ESH",2053,789761.5,12.094,9.977
"ESH",2054,793557,11.978,10.111
"ESH",2055,797073,11.88,10.251
"ESH",2056,800190,11.779,10.398
"ESH",2057,803064.5,11.686,10.534
"ESH",2058,805709,11.608,10.665
"ESH",2059,807936,11.518,10.796
"ESH",2060,809953.5,11.443,10.927
"ESH",2061,812040,11.404,11.047
"ESH",2062,814057.5,11.361,11.166
"ESH",2063,815833.5,11.319,11.255
"ESH",2064,817450.5,11.278,11.342
"ESH",2065,819004.5,11.229,11.421
"ESH",2066,820374.5,11.197,11.489
"ESH",2067,821621,11.161,11.543
"ESH",2068,822710,11.145,11.585
"ESH",2069,823483.5,11.123,11.611
"ESH",2070,824293,11.102,11.628
"ESH",2071,824999.5,11.089,11.629
"ESH",2072,825601,11.066,11.602
"ESH",2073,826485,11.035,11.584
"ESH",2074,827408,11.004,11.534
"ESH",2075,828239,10.973,11.484
"ESH",2076,829086,10.936,11.428
"ESH",2077,829861,10.887,11.371
"ESH",2078,830795,10.857,11.295
"ESH",2079,831808.5,10.827,11.236
"ESH",2080,832607.5,10.788,11.169
"ESH",2081,833329,10.736,11.125
"ESH",2082,834028.5,10.693,11.072
"ESH",2083,834627,10.64,11.024
"ESH",2084,835065,10.584,10.999
"ESH",2085,835410,10.524,10.987
"ESH",2086,835856,10.458,10.971
"ESH",2087,836247.5,10.407,10.978
"ESH",2088,836500.5,10.341,10.984
"ESH",2089,836624,10.293,11.001
"ESH",2090,836543.5,10.254,11.021
"ESH",2091,836415,10.202,11.06
"ESH",2092,836198,10.151,11.109
"ESH",2093,835809.5,10.107,11.156
"ESH",2094,835285.5,10.064,11.216
"ESH",2095,834712,10.021,11.28
"ESH",2096,834183,9.986,11.339
"ESH",2097,833655,9.967,11.399
"ESH",2098,832927.5,9.94,11.464
"ESH",2099,832124.5,9.916,11.529
"ESH",2100,831293.5,9.893,11.587
"ETH",1967,25620276,49.595,22.457
"ETH",1968,26337930,49.544,22.374
"ETH",1969,27072570.5,49.561,22.359
"ETH",1970,27829128,49.732,22.393
"ETH",1971,28600106,49.863,22.344
"ETH",1972,29374608.5,49.963,23.416
"ETH",1973,30166785,50.121,23.352
"ETH",1974,30957273,50.371,25.262
"ETH",1975,31723252.5,50.63,25.367
"ETH",1976,32534418.5,50.719,23.069
"ETH",1977,33167272,51.24,23.219
"ETH",1978,33734592.5,50.99,23.025
"ETH",1979,34238652,51.291,22.458
"ETH",1980,34428514.5,51.435,22.171
"ETH",1981,35304012,50.33,21.471
"ETH",1982,36701290,50.818,21.368
"ETH",1983,37740817,51.098,28.219
"ETH",1984,38735722,51.382,27.614
"ETH",1985,39842136,51.561,26.536
"ETH",1986,41037655.5,51.498,25.905
"ETH",1987,42460039.5,51.181,19.225
"ETH",1988,44150825.5,50.929,19.37
"ETH",1989,45879690.5,50.815,19.39
"ETH",1990,47609754.5,50.789,19.71
"ETH",1991,49717198,50.248,18.48
"ETH",1992,51853747.5,50.396,18.116
"ETH",1993,53708891.5,50.063,17.762
"ETH",1994,55611508,49.627,17.473
"ETH",1995,57537335,49,17.176
"ETH",1996,59467635.5,48.551,16.662
"ETH",1997,61404538.5,47.862,16.185
"ETH",1998,63363524,46.985,15.658
"ETH",1999,65374561,46.393,15.632
"ETH",2000,67411494,45.59,14.681
"ETH",2001,69487762,44.987,14.222
"ETH",2002,71635517,44.264,13.697
"ETH",2003,73832663,43.334,13.114
"ETH",2004,76077206,42.712,12.519
"ETH",2005,78367470.5,42.104,12.074
"ETH",2006,80703490,41.086,11.427
"ETH",2007,83103217.5,40.054,10.732
"ETH",2008,85543668,38.886,10.067
"ETH",2009,88007636.5,37.538,9.505
"ETH",2010,90538513.5,36.571,8.98
"ETH",2011,93149970,35.671,8.534
"ETH",2012,95798767,34.563,8.118
"ETH",2013,98438751,33.644,7.78
"ETH",2014,101115609.5,33.408,7.461
"ETH",2015,103867134.5,33.331,7.206
"ETH",2016,106718162,33.329,6.999
"ETH",2017,109666481,33.222,6.786
"ETH",2018,112664152.5,33.394,6.631
"ETH",2019,115737382.5,33.549,6.481
"ETH",2020,118917671.5,33.31,6.403
"ETH",2021,122138588.5,32.876,6.638
"ETH",2022,125384286.5,32.413,6.093
"ETH",2023,128691692,31.903,5.96
"ETH",2024,132059767.5,31.469,5.879
"ETH",2025,135472050.5,30.831,5.8
"ETH",2026,138902185,30.331,5.725
"ETH",2027,142364797,29.826,5.65
"ETH",2028,145841261.5,29.313,5.585
"ETH",2029,149336061.5,28.811,5.524
"ETH",2030,152855357,28.298,5.47
"ETH",2031,156382428,27.78,5.42
"ETH",2032,159923899,27.27,5.377
"ETH",2033,163453315.5,26.785,5.331
"ETH",2034,166978793.5,26.304,5.294
"ETH",2035,170532954,25.86,5.264
"ETH",2036,174097775,25.431,5.239
"ETH",2037,177661138,25.054,5.218
"ETH",2038,181235896.5,24.706,5.202
"ETH",2039,184835110.5,24.362,5.191
"ETH",2040,188450902,24.062,5.178
"ETH",2041,192068629.5,23.788,5.175
"ETH",2042,195695304.5,23.527,5.171
"ETH",2043,199347986,23.252,5.173
"ETH",2044,203014371,22.967,5.18
"ETH",2045,206673639.5,22.689,5.182
"ETH",2046,210337848,22.393,5.189
"ETH",2047,214023508,22.107,5.196
"ETH",2048,217710205,21.862,5.206
"ETH",2049,221377337,21.592,5.22
"ETH",2050,225021874.5,21.293,5.237
"ETH",2051,228687200.5,21.051,5.25
"ETH",2052,232351187,20.775,5.265
"ETH",2053,235962631,20.492,5.28
"ETH",2054,239552288,20.229,5.304
"ETH",2055,243110907.5,19.94,5.331
"ETH",2056,246680484,19.69,5.359
"ETH",2057,250236662,19.438,5.388
"ETH",2058,253710523,19.183,5.416
"ETH",2059,257197861,18.93,5.448
"ETH",2060,260708340.5,18.678,5.477
"ETH",2061,264199560.5,18.436,5.517
"ETH",2062,267645242.5,18.204,5.562
"ETH",2063,271030544,17.976,5.609
"ETH",2064,274384528.5,17.746,5.651
"ETH",2065,277696130.5,17.536,5.698
"ETH",2066,280962142,17.337,5.749
"ETH",2067,284228959.5,17.127,5.804
"ETH",2068,287470102.5,16.928,5.86
"ETH",2069,290649757,16.734,5.918
"ETH",2070,293790937.5,16.563,5.979
"ETH",2071,296898927.5,16.394,6.042
"ETH",2072,299991561.5,16.226,6.111
"ETH",2073,303031540,16.069,6.177
"ETH",2074,306045179.5,15.907,6.252
"ETH",2075,309057820,15.738,6.319
"ETH",2076,312022570,15.595,6.395
"ETH",2077,314937464,15.437,6.47
"ETH",2078,317795949.5,15.274,6.542
"ETH",2079,320556434,15.109,6.616
"ETH",2080,323238508,14.962,6.693
"ETH",2081,325898295,14.826,6.771
"ETH",2082,328548346,14.687,6.846
"ETH",2083,331139301.5,14.542,6.92
"ETH",2084,333649598.5,14.399,6.997
"ETH",2085,336129183,14.254,7.075
"ETH",2086,338594904.5,14.124,7.153
"ETH",2087,340987034.5,14.002,7.224
"ETH",2088,343252759,13.896,7.3
"ETH",2089,345446107.5,13.766,7.373
"ETH",2090,347651462.5,13.636,7.443
"ETH",2091,349838449,13.532,7.511
"ETH",2092,351932640,13.424,7.582
"ETH",2093,353977283.5,13.314,7.654
"ETH",2094,356019001.5,13.2,7.726
"ETH",2095,357996250,13.104,7.797
"ETH",2096,359956948,13.001,7.862
"ETH",2097,361920506.5,12.898,7.935
"ETH",2098,363782120.5,12.801,8.005
"ETH",2099,365542014,12.715,8.071
"ETH",2100,367289596.5,12.615,8.138
"GAB",1967,563108,34.079,18.305
"GAB",1968,572257,34.399,17.944
"GAB",1969,583276,34.654,17.562
"GAB",1970,595845.5,35.064,17.215
"GAB",1971,608348.5,35.546,16.878
"GAB",1972,620960,36.025,16.548
"GAB",1973,633995.5,36.293,16.212
"GAB",1974,647690.5,36.502,15.843
"GAB",1975,662197,36.879,15.493
"GAB",1976,677628,37.283,15.151
"GAB",1977,693983.5,37.653,14.825
"GAB",1978,711244.5,37.999,14.499
"GAB",1979,729374.5,38.229,14.163
"GAB",1980,748389,38.57,13.847
"GAB",1981,768385.5,38.955,13.541
"GAB",1982,789286,39.015,13.305
"GAB",1983,811005.5,39.124,13.03
"GAB",1984,833501,38.961,12.746
"GAB",1985,856726,38.85,12.45
"GAB",1986,880704.5,38.71,12.184
"GAB",1987,905478.5,38.687,11.948
"GAB",1988,931020.5,38.465,11.733
"GAB",1989,957137.5,38.007,11.512
"GAB",1990,983734,37.594,11.308
"GAB",1991,1010818.5,37.16,11.107
"GAB",1992,1038380.5,36.746,10.927
"GAB",1993,1066404.5,36.295,10.756
"GAB",1994,1094720.5,35.514,10.602
"GAB",1995,1123212.5,34.728,10.431
"GAB",1996,1152015,34.146,10.318
"GAB",1997,1181439.5,33.906,10.161
"GAB",1998,1211735.5,33.71,10.027
"GAB",1999,1243016.5,33.478,9.882
"GAB",2000,1275572.5,33.429,9.746
"GAB",2001,1309588.5,33.228,9.602
"GAB",2002,1345135,33.076,9.452
"GAB",2003,1382349.5,32.869,9.262
"GAB",2004,1421608.5,32.748,9.102
"GAB",2005,1463495,32.682,8.926
"GAB",2006,1508337,32.612,8.755
"GAB",2007,1556237.5,32.585,8.556
"GAB",2008,1607175,32.617,8.35
"GAB",2009,1661556,32.869,8.171
"GAB",2010,1719879,33.031,7.994
"GAB",2011,1781984.5,33.011,7.802
"GAB",2012,1846889.5,32.49,7.615
"GAB",2013,1913058.5,31.919,7.44
"GAB",2014,1978399.5,31.384,7.272
"GAB",2015,2040989.5,31.085,7.138
"GAB",2016,2100306,30.983,7.024
"GAB",2017,2156900,30.774,6.918
"GAB",2018,2212317.5,30.537,6.817
"GAB",2019,2267705.5,30.146,6.693
"GAB",2020,2322539,29.541,6.831
"GAB",2021,2376722,28.938,6.802
"GAB",2022,2430747,28.3,6.519
"GAB",2023,2484788.5,27.666,6.269
"GAB",2024,2538951.5,27.127,6.226
"GAB",2025,2593129.5,26.646,6.182
"GAB",2026,2647399.5,26.246,6.148
"GAB",2027,2701851,25.804,6.123
"GAB",2028,2756476.5,25.452,6.103
"GAB",2029,2811346,25.197,6.092
"GAB",2030,2866667,24.961,6.086
"GAB",2031,2922500.5,24.709,6.086
"GAB",2032,2978805.5,24.515,6.092
"GAB",2033,3035703.5,24.357,6.096
"GAB",2034,3093221.5,24.212,6.103
"GAB",2035,3151467.5,24.073,6.113
"GAB",2036,3210583.5,23.956,6.134
"GAB",2037,3270297.5,23.808,6.146
"GAB",2038,3330504.5,23.693,6.16
"GAB",2039,3391378.5,23.569,6.185
"GAB",2040,3452988.5,23.419,6.203
"GAB",2041,3515217,23.266,6.226
"GAB",2042,3577741,23.065,6.25
"GAB",2043,3640561.5,22.871,6.273
"GAB",2044,3703794.5,22.651,6.296
"GAB",2045,3767429,22.425,6.322
"GAB",2046,3831210,22.207,6.351
"GAB",2047,3894845.5,21.947,6.373
"GAB",2048,3958287.5,21.663,6.396
"GAB",2049,4021472,21.413,6.426
"GAB",2050,4084533,21.142,6.459
"GAB",2051,4147626.5,20.858,6.483
"GAB",2052,4210534,20.605,6.516
"GAB",2053,4273199,20.366,6.542
"GAB",2054,4335945.5,20.138,6.575
"GAB",2055,4398423.5,19.918,6.603
"GAB",2056,4460549,19.687,6.63
"GAB",2057,4522305.5,19.48,6.659
"GAB",2058,4583752.5,19.237,6.685
"GAB",2059,4645217,19.02,6.718
"GAB",2060,4706268,18.826,6.741
"GAB",2061,4766791,18.638,6.769
"GAB",2062,4827102.5,18.477,6.807
"GAB",2063,4887483.5,18.344,6.834
"GAB",2064,4947899,18.213,6.859
"GAB",2065,5008163.5,18.057,6.883
"GAB",2066,5068346,17.899,6.904
"GAB",2067,5128605.5,17.746,6.924
"GAB",2068,5188652.5,17.634,6.948
"GAB",2069,5248439.5,17.48,6.968
"GAB",2070,5308219.5,17.351,6.982
"GAB",2071,5368059,17.215,6.998
"GAB",2072,5427832.5,17.103,7.011
"GAB",2073,5487381,16.976,7.031
"GAB",2074,5546513.5,16.826,7.04
"GAB",2075,5605450,16.667,7.052
"GAB",2076,5664223.5,16.545,7.059
"GAB",2077,5722839,16.402,7.067
"GAB",2078,5781305.5,16.267,7.08
"GAB",2079,5839310.5,16.136,7.103
"GAB",2080,5896871.5,15.993,7.117
"GAB",2081,5953993,15.832,7.135
"GAB",2082,6010585,15.666,7.166
"GAB",2083,6066494,15.516,7.191
"GAB",2084,6121551,15.368,7.225
"GAB",2085,6175548,15.229,7.263
"GAB",2086,6229008,15.093,7.302
"GAB",2087,6282274,14.95,7.346
"GAB",2088,6335085,14.826,7.393
"GAB",2089,6386843,14.712,7.445
"GAB",2090,6437490,14.596,7.506
"GAB",2091,6487337,14.474,7.574
"GAB",2092,6536350,14.374,7.64
"GAB",2093,6584735.5,14.29,7.715
"GAB",2094,6632416,14.175,7.789
"GAB",2095,6679617,14.07,7.861
"GAB",2096,6726250,13.969,7.934
"GAB",2097,6771938,13.892,8.005
"GAB",2098,6816441,13.803,8.071
"GAB",2099,6859975,13.715,8.137
"GAB",2100,6903322.5,13.633,8.199
"GHA",1967,8271913,47.747,19.077
"GHA",1968,8475729.5,47.663,19.014
"GHA",1969,8690383,47.885,18.896
"GHA",1970,8925812.5,47.677,18.779
"GHA",1971,9176264,47.397,18.47
"GHA",1972,9438187,46.922,17.76
"GHA",1973,9714616.5,46.438,17.267
"GHA",1974,10000523.5,45.89,16.812
"GHA",1975,10294308.5,45.302,16.328
"GHA",1976,10594913,44.737,15.877
"GHA",1977,10911870.5,44.371,15.464
"GHA",1978,11248450,44.126,15.284
"GHA",1979,11597255.5,44.017,15.144
"GHA",1980,11941448,44.128,15.085
"GHA",1981,12281712,43.933,14.656
"GHA",1982,12643819,43.575,14.386
"GHA",1983,13029836.5,43.35,14.198
"GHA",1984,13370589.5,43.383,14.061
"GHA",1985,13661229.5,43.081,13.675
"GHA",1986,13965216.5,42.724,13.28
"GHA",1987,14289107.5,42.228,12.882
"GHA",1988,14636568,41.495,12.456
"GHA",1989,15006812.5,40.89,12.067
"GHA",1990,15394648.5,40.473,11.748
"GHA",1991,15787496,39.897,11.51
"GHA",1992,16184855.5,39.203,11.266
"GHA",1993,16589519,38.491,11.084
"GHA",1994,16993189.5,37.493,11.036
"GHA",1995,17399016.5,36.727,10.763
"GHA",1996,17810181.5,35.838,10.557
"GHA",1997,18238957.5,35.6,10.389
"GHA",1998,18688036.5,35.468,10.248
"GHA",1999,19149864.5,35.552,10.11
"GHA",2000,19637087,35.898,9.991
"GHA",2001,20167068.5,35.62,9.866
"GHA",2002,20729388,35.223,9.722
"GHA",2003,21296705,34.779,9.58
"GHA",2004,21868298,34.282,9.436
"GHA",2005,22449438,34.403,9.314
"GHA",2006,23040702,33.877,9.161
"GHA",2007,23642279,33.223,9.015
"GHA",2008,24249946,32.789,8.884
"GHA",2009,24862664.5,32.585,8.741
"GHA",2010,25474994.5,32.672,8.604
"GHA",2011,26095088,32.685,8.485
"GHA",2012,26734268.5,32.519,8.333
"GHA",2013,27386192.5,32.219,8.169
"GHA",2014,28041592.5,31.547,7.981
"GHA",2015,28696067.5,31.114,7.845
"GHA",2016,29356741.5,30.172,7.693
"GHA",2017,30008354,28.926,7.558
"GHA",2018,30637584.5,28.388,7.448
"GHA",2019,31258945,27.891,7.34
"GHA",2020,31887809,27.43,7.439
"GHA",2021,32518665,27.034,7.482
"GHA",2022,33149152,26.596,7.095
"GHA",2023,33787914,26.31,7.04
"GHA",2024,34427413.5,25.92,7.009
"GHA",2025,35064272.5,25.607,6.987
"GHA",2026,35697557,25.316,6.969
"GHA",2027,36328263,25.035,6.954
"GHA",2028,36959314,24.798,6.943
"GHA",2029,37589710,24.552,6.942
"GHA",2030,38222089,24.319,6.944
"GHA",2031,38856803,24.099,6.952
"GHA",2032,39492793.5,23.887,6.966
"GHA",2033,40132725,23.717,6.981
"GHA",2034,40774155.5,23.514,7.001
"GHA",2035,41412554.5,23.315,7.026
"GHA",2036,42047456,23.103,7.054
"GHA",2037,42682175,22.866,7.082
"GHA",2038,43314977,22.645,7.118
"GHA",2039,43942858.5,22.425,7.154
"GHA",2040,44568350,22.179,7.196
"GHA",2041,45190635.5,21.95,7.241
"GHA",2042,45808599.5,21.703,7.286
"GHA",2043,46421965,21.465,7.325
"GHA",2044,47030358,21.197,7.372
"GHA",2045,47634273.5,20.956,7.421
"GHA",2046,48231610,20.717,7.471
"GHA",2047,48823459,20.47,7.517
"GHA",2048,49408509.5,20.219,7.566
"GHA",2049,49984440.5,19.985,7.612
"GHA",2050,50553047,19.729,7.667
"GHA",2051,51112489.5,19.463,7.721
"GHA",2052,51660600,19.221,7.775
"GHA",2053,52200453.5,18.987,7.828
"GHA",2054,52732753,18.792,7.882
"GHA",2055,53257057,18.584,7.933
"GHA",2056,53773860,18.382,7.98
"GHA",2057,54281344.5,18.185,8.037
"GHA",2058,54779347,17.994,8.101
"GHA",2059,55269089,17.809,8.155
"GHA",2060,55750054,17.638,8.222
"GHA",2061,56223233,17.481,8.277
"GHA",2062,56688794.5,17.331,8.337
"GHA",2063,57143822.5,17.193,8.398
"GHA",2064,57590434.5,17.057,8.455
"GHA",2065,58027209,16.896,8.502
"GHA",2066,58454299,16.755,8.555
"GHA",2067,58876561,16.607,8.605
"GHA",2068,59291914,16.451,8.658
"GHA",2069,59695869.5,16.3,8.705
"GHA",2070,60088945.5,16.148,8.747
"GHA",2071,60477744,16.013,8.79
"GHA",2072,60858973,15.878,8.828
"GHA",2073,61229391,15.751,8.872
"GHA",2074,61592819,15.62,8.922
"GHA",2075,61951859,15.474,8.966
"GHA",2076,62303140.5,15.358,9.015
"GHA",2077,62642670.5,15.217,9.066
"GHA",2078,62974917,15.071,9.117
"GHA",2079,63296773,14.939,9.167
"GHA",2080,63606282,14.81,9.224
"GHA",2081,63905540.5,14.668,9.274
"GHA",2082,64193034,14.536,9.333
"GHA",2083,64469403,14.4,9.396
"GHA",2084,64731608.5,14.264,9.466
"GHA",2085,64981219.5,14.147,9.537
"GHA",2086,65221846.5,14.046,9.596
"GHA",2087,65456512.5,13.933,9.667
"GHA",2088,65683291,13.808,9.734
"GHA",2089,65897245,13.687,9.8
"GHA",2090,66099925,13.59,9.861
"GHA",2091,66291458,13.505,9.92
"GHA",2092,66469227.5,13.397,9.982
"GHA",2093,66634785.5,13.302,10.041
"GHA",2094,66792569,13.215,10.104
"GHA",2095,66940847.5,13.131,10.172
"GHA",2096,67078480,13.059,10.231
"GHA",2097,67208861,12.952,10.291
"GHA",2098,67332183,12.868,10.343
"GHA",2099,67445746,12.758,10.389
"GHA",2100,67547746,12.675,10.447
"GIN",1967,4040153.5,45.475,26.354
"GIN",1968,4118549.5,45.468,26.07
"GIN",1969,4198299.5,45.484,25.762
"GIN",1970,4277535.5,45.517,25.548
"GIN",1971,4355200.5,45.571,25.283
"GIN",1972,4431291.5,45.595,25.026
"GIN",1973,4506323.5,45.631,24.824
"GIN",1974,4580510,45.614,24.587
"GIN",1975,4653875.5,45.61,24.28
"GIN",1976,4727022,45.614,23.941
"GIN",1977,4801128,45.725,23.649
"GIN",1978,4877853.5,45.71,23.279
"GIN",1979,4959282.5,45.735,22.921
"GIN",1980,5047419.5,45.75,22.533
"GIN",1981,5143288.5,45.72,22.151
"GIN",1982,5247671.5,45.928,21.759
"GIN",1983,5359814,45.857,21.485
"GIN",1984,5480095.5,45.959,21.025
"GIN",1985,5610372.5,46.066,20.7
"GIN",1986,5750668,46.165,20.405
"GIN",1987,5900197.5,46.255,20.124
"GIN",1988,6056573.5,46.187,19.841
"GIN",1989,6215811.5,46.036,19.538
"GIN",1990,6434374,45.452,19.043
"GIN",1991,6697165.5,45.778,18.707
"GIN",1992,6914366,45.861,18.428
"GIN",1993,7128177.5,45.362,17.92
"GIN",1994,7345107,45.061,17.636
"GIN",1995,7553249.5,44.28,17.054
"GIN",1996,7770035,44.176,16.519
"GIN",1997,7931370,43.935,16.15
"GIN",1998,8081990,42.783,15.638
"GIN",1999,8265123,42.356,15.258
"GIN",2000,8428831.5,41.833,14.892
"GIN",2001,8539960,41.318,14.662
"GIN",2002,8674065.5,40.56,14.157
"GIN",2003,8870781.5,40.284,13.818
"GIN",2004,9062725.5,40.244,13.533
"GIN",2005,9245844.5,40.411,13.241
"GIN",2006,9441170.5,40.307,12.925
"GIN",2007,9662280.5,40.207,12.67
"GIN",2008,9898869.5,40.08,12.367
"GIN",2009,10143534.5,39.928,12.135
"GIN",2010,10396086,39.635,11.883
"GIN",2011,10656810,39.165,11.641
"GIN",2012,10921580.5,38.7,11.406
"GIN",2013,11191873,38.379,11.178
"GIN",2014,11472924,38.046,11.066
"GIN",2015,11767070,37.767,10.861
"GIN",2016,12073030,37.414,10.527
"GIN",2017,12385659,36.891,10.365
"GIN",2018,12704774,36.329,10.151
"GIN",2019,13034346,35.952,9.945
"GIN",2020,13371183,35.518,9.919
"GIN",2021,13710513,34.983,9.811
"GIN",2022,14055137,34.381,9.3
"GIN",2023,14405468,33.848,9.125
"GIN",2024,14754785.5,33.325,9.028
"GIN",2025,15099727,32.752,8.932
"GIN",2026,15441992.5,32.208,8.839
"GIN",2027,15784089,31.776,8.748
"GIN",2028,16126574.5,31.202,8.665
"GIN",2029,16466756,30.643,8.583
"GIN",2030,16807147,30.14,8.501
"GIN",2031,17147633.5,29.662,8.437
"GIN",2032,17485892,29.217,8.374
"GIN",2033,17822202,28.688,8.311
"GIN",2034,18154406.5,28.197,8.252
"GIN",2035,18486013,27.745,8.2
"GIN",2036,18820865.5,27.404,8.153
"GIN",2037,19155753.5,26.981,8.114
"GIN",2038,19489368.5,26.641,8.076
"GIN",2039,19823858,26.313,8.045
"GIN",2040,20160750,25.955,8.019
"GIN",2041,20497029,25.601,7.998
"GIN",2042,20830651.5,25.248,7.98
"GIN",2043,21163498.5,24.919,7.969
"GIN",2044,21492051,24.573,7.956
"GIN",2045,21817244.5,24.223,7.955
"GIN",2046,22141685,23.903,7.955
"GIN",2047,22463112.5,23.592,7.955
"GIN",2048,22780053.5,23.268,7.965
"GIN",2049,23092613,22.975,7.973
"GIN",2050,23404583.5,22.696,7.992
"GIN",2051,23715929,22.388,8.006
"GIN",2052,24024292.5,22.08,8.033
"GIN",2053,24331757.5,21.831,8.066
"GIN",2054,24634040,21.537,8.108
"GIN",2055,24929831,21.238,8.149
"GIN",2056,25221691,20.968,8.198
"GIN",2057,25506951.5,20.685,8.251
"GIN",2058,25788344,20.402,8.308
"GIN",2059,26064814,20.11,8.369
"GIN",2060,26331823.5,19.854,8.444
"GIN",2061,26593082.5,19.607,8.519
"GIN",2062,26851423.5,19.384,8.601
"GIN",2063,27105402,19.149,8.685
"GIN",2064,27352387,18.918,8.775
"GIN",2065,27591502,18.702,8.861
"GIN",2066,27825619.5,18.505,8.958
"GIN",2067,28054752.5,18.321,9.044
"GIN",2068,28277332,18.128,9.141
"GIN",2069,28493739.5,17.938,9.237
"GIN",2070,28702813.5,17.762,9.341
"GIN",2071,28905304,17.571,9.442
"GIN",2072,29101028,17.401,9.549
"GIN",2073,29289078.5,17.257,9.655
"GIN",2074,29471574,17.077,9.756
"GIN",2075,29650855.5,16.918,9.854
"GIN",2076,29823857,16.754,9.953
"GIN",2077,29986521.5,16.597,10.047
"GIN",2078,30142675.5,16.439,10.143
"GIN",2079,30295880,16.285,10.233
"GIN",2080,30441885,16.15,10.328
"GIN",2081,30582998,16.006,10.412
"GIN",2082,30719062.5,15.855,10.504
"GIN",2083,30847390,15.714,10.597
"GIN",2084,30969915,15.575,10.686
"GIN",2085,31086363,15.452,10.774
"GIN",2086,31194418.5,15.312,10.861
"GIN",2087,31289849.5,15.169,10.956
"GIN",2088,31378745,15.044,11.048
"GIN",2089,31462979,14.914,11.138
"GIN",2090,31539456.5,14.779,11.233
"GIN",2091,31607972.5,14.658,11.334
"GIN",2092,31672846.5,14.529,11.427
"GIN",2093,31734350,14.418,11.52
"GIN",2094,31789057.5,14.317,11.608
"GIN",2095,31835991.5,14.211,11.699
"GIN",2096,31877187,14.111,11.789
"GIN",2097,31915980.5,14.009,11.877
"GIN",2098,31951320,13.928,11.963
"GIN",2099,31982067,13.838,12.034
"GIN",2100,32007046.5,13.753,12.116
"GMB",1967,481588,48.175,25.701
"GMB",1968,495269,47.853,25.209
"GMB",1969,509440.5,47.645,24.738
"GMB",1970,524105,47.371,24.231
"GMB",1971,539388,47.585,23.776
"GMB",1972,555370,47.539,23.352
"GMB",1973,571991.5,47.464,22.906
"GMB",1974,589085,47.252,22.421
"GMB",1975,606820.5,47.279,22.138
"GMB",1976,625666.5,47.359,21.735
"GMB",1977,645770,47.474,21.501
"GMB",1978,667103,47.609,21.491
"GMB",1979,689781,47.832,20.949
"GMB",1980,713913.5,48.191,20.785
"GMB",1981,739125.5,48.451,21.181
"GMB",1982,765752.5,48.762,20.17
"GMB",1983,794525,49.002,19.834
"GMB",1984,825631,49.303,19.525
"GMB",1985,858874,49.014,18.98
"GMB",1986,894019.5,48.849,18.43
"GMB",1987,931090.5,48.457,17.899
"GMB",1988,970160.5,48.125,17.266
"GMB",1989,1011357.5,47.908,16.758
"GMB",1990,1054695.5,47.721,16.278
"GMB",1991,1099959,47.213,15.772
"GMB",1992,1145582.5,46.637,15.255
"GMB",1993,1188365,46.114,14.725
"GMB",1994,1227226.5,45.893,14.212
"GMB",1995,1264312.5,45.102,13.717
"GMB",1996,1301410.5,44.118,13.188
"GMB",1997,1338889.5,43.196,12.766
"GMB",1998,1376987,42.542,12.155
"GMB",1999,1415779,41.779,11.737
"GMB",2000,1455084.5,41.055,11.332
"GMB",2001,1495011,40.517,10.983
"GMB",2002,1535691,40.027,10.623
"GMB",2003,1577611.5,39.728,10.27
"GMB",2004,1621311.5,39.709,9.933
"GMB",2005,1667037,39.686,9.687
"GMB",2006,1715275.5,39.884,9.373
"GMB",2007,1765773.5,39.537,9.152
"GMB",2008,1817852,39.151,8.878
"GMB",2009,1871422.5,38.941,8.71
"GMB",2010,1926629.5,38.872,8.48
"GMB",2011,1983783.5,38.808,8.275
"GMB",2012,2043094.5,38.814,8.103
"GMB",2013,2103819.5,38.097,7.909
"GMB",2014,2164528,36.907,7.716
"GMB",2015,2224529,35.746,7.501
"GMB",2016,2283769.5,34.593,7.288
"GMB",2017,2342189,33.451,7.123
"GMB",2018,2399632,32.324,6.964
"GMB",2019,2456844,31.921,6.807
"GMB",2020,2515733.5,31.525,6.797
"GMB",2021,2576009.5,31.171,7.01
"GMB",2022,2636470,30.771,6.635
"GMB",2023,2697845.5,30.429,6.292
"GMB",2024,2759987.5,29.857,6.249
"GMB",2025,2822093,29.253,6.211
"GMB",2026,2884079.5,28.652,6.176
"GMB",2027,2945881,28.073,6.146
"GMB",2028,3007546.5,27.522,6.123
"GMB",2029,3069018,26.991,6.108
"GMB",2030,3130133.5,26.498,6.105
"GMB",2031,3190996.5,26.022,6.1
"GMB",2032,3251824.5,25.581,6.098
"GMB",2033,3312596.5,25.179,6.101
"GMB",2034,3373121,24.783,6.108
"GMB",2035,3433425.5,24.403,6.122
"GMB",2036,3493576,24.032,6.138
"GMB",2037,3553533,23.691,6.154
"GMB",2038,3613501,23.366,6.172
"GMB",2039,3673340,23.039,6.192
"GMB",2040,3732797.5,22.702,6.218
"GMB",2041,3791800.5,22.385,6.242
"GMB",2042,3850536,22.079,6.269
"GMB",2043,3909026.5,21.753,6.295
"GMB",2044,3966913,21.423,6.326
"GMB",2045,4024237,21.091,6.36
"GMB",2046,4080969.5,20.779,6.387
"GMB",2047,4137202.5,20.489,6.416
"GMB",2048,4192849,20.169,6.456
"GMB",2049,4247714,19.842,6.492
"GMB",2050,4301895.5,19.547,6.533
"GMB",2051,4355371.5,19.254,6.57
"GMB",2052,4408051,18.966,6.615
"GMB",2053,4459829,18.686,6.665
"GMB",2054,4510992,18.389,6.712
"GMB",2055,4561378,18.13,6.764
"GMB",2056,4610743.5,17.888,6.819
"GMB",2057,4659371.5,17.638,6.883
"GMB",2058,4707076,17.41,6.956
"GMB",2059,4753935,17.189,7.033
"GMB",2060,4800124.5,16.974,7.114
"GMB",2061,4845632,16.765,7.196
"GMB",2062,4890160.5,16.538,7.287
"GMB",2063,4933387.5,16.338,7.388
"GMB",2064,4975512,16.139,7.487
"GMB",2065,5016711,15.958,7.593
"GMB",2066,5056651.5,15.748,7.7
"GMB",2067,5095058,15.578,7.805
"GMB",2068,5132304.5,15.401,7.92
"GMB",2069,5168420,15.236,8.034
"GMB",2070,5203320.5,15.097,8.142
"GMB",2071,5236938,14.925,8.256
"GMB",2072,5269246.5,14.774,8.37
"GMB",2073,5300647.5,14.618,8.485
"GMB",2074,5331109.5,14.49,8.596
"GMB",2075,5360347,14.343,8.713
"GMB",2076,5388209.5,14.205,8.831
"GMB",2077,5414851.5,14.063,8.948
"GMB",2078,5440450.5,13.927,9.07
"GMB",2079,5464708.5,13.794,9.182
"GMB",2080,5487552,13.665,9.298
"GMB",2081,5509186.5,13.532,9.413
"GMB",2082,5529536,13.398,9.531
"GMB",2083,5548562.5,13.263,9.645
"GMB",2084,5566453.5,13.133,9.759
"GMB",2085,5583274,13.009,9.869
"GMB",2086,5598753.5,12.896,9.982
"GMB",2087,5613091.5,12.798,10.104
"GMB",2088,5626529.5,12.705,10.216
"GMB",2089,5638780.5,12.61,10.32
"GMB",2090,5649789,12.536,10.439
"GMB",2091,5659537.5,12.452,10.548
"GMB",2092,5668247.5,12.359,10.655
"GMB",2093,5676130.5,12.271,10.759
"GMB",2094,5682735,12.193,10.866
"GMB",2095,5688119,12.096,10.968
"GMB",2096,5692690,12.01,11.062
"GMB",2097,5696418,11.939,11.155
"GMB",2098,5699398.5,11.878,11.244
"GMB",2099,5701720.5,11.792,11.33
"GMB",2100,5703042.5,11.73,11.406
"GNB",1967,569011,38.636,26.787
"GNB",1968,578170,38.776,26.17
"GNB",1969,581610,39.602,26.092
"GNB",1970,584402.5,38.591,25.532
"GNB",1971,586220.5,39.531,25.571
"GNB",1972,586619.5,38.606,25.121
"GNB",1973,592807.5,39.073,24.852
"GNB",1974,613338.5,38.767,21.94
"GNB",1975,650966,40.79,22.359
"GNB",1976,694190.5,42.527,22.808
"GNB",1977,741789.5,44.013,23.14
"GNB",1978,791694.5,45.332,23.268
"GNB",1979,819867.5,47.804,23.731
"GNB",1980,829302.5,48.621,23.269
"GNB",1981,842431.5,48.769,23.116
"GNB",1982,855891,48.802,22.945
"GNB",1983,869592,48.69,22.768
"GNB",1984,883519,48.438,22.563
"GNB",1985,897697.5,48.077,22.327
"GNB",1986,912126.5,47.652,22.106
"GNB",1987,926862.5,47.222,21.815
"GNB",1988,942061,46.823,21.411
"GNB",1989,957789.5,46.468,21.112
"GNB",1990,973669.5,45.296,20.713
"GNB",1991,994639.5,44.938,20.279
"GNB",1992,1024356,44.809,19.674
"GNB",1993,1058744.5,44.595,19.147
"GNB",1994,1092030.5,44.499,18.955
"GNB",1995,1119949.5,44.264,18.243
"GNB",1996,1143535,43.873,17.833
"GNB",1997,1165545,43.624,18.063
"GNB",1998,1187472.5,43.213,17.621
"GNB",1999,1210206,42.74,17.194
"GNB",2000,1234740.5,42.346,15.769
"GNB",2001,1261273,41.794,15.264
"GNB",2002,1289307.5,41.564,14.758
"GNB",2003,1318806,41.296,14.265
"GNB",2004,1349562.5,40.801,13.759
"GNB",2005,1381585.5,40.571,13.539
"GNB",2006,1415302.5,40.253,12.778
"GNB",2007,1450985.5,40.016,12.25
"GNB",2008,1488054.5,39.348,11.902
"GNB",2009,1526377,38.748,11.265
"GNB",2010,1566346.5,38.308,10.813
"GNB",2011,1608076.5,38.019,10.405
"GNB",2012,1651416.5,37.577,10.037
"GNB",2013,1695973,37.082,9.681
"GNB",2014,1741122.5,36.096,9.323
"GNB",2015,1786456.5,35.199,8.976
"GNB",2016,1831893.5,34.217,8.662
"GNB",2017,1877071.5,33.036,8.36
"GNB",2018,1922167.5,32.374,8.1
"GNB",2019,1967696,31.848,7.863
"GNB",2020,2013255,31.406,8.201
"GNB",2021,2058841.5,30.969,8.023
"GNB",2022,2105529,30.458,7.224
"GNB",2023,2153339,30.037,7.05
"GNB",2024,2201352,29.56,7.009
"GNB",2025,2249515,29.103,6.977
"GNB",2026,2297808,28.737,6.944
"GNB",2027,2346189,28.391,6.924
"GNB",2028,2394230,28.048,6.909
"GNB",2029,2441582,27.697,6.9
"GNB",2030,2488934.5,27.283,6.883
"GNB",2031,2536900,26.921,6.875
"GNB",2032,2585578,26.535,6.867
"GNB",2033,2634708,26.184,6.863
"GNB",2034,2683088.5,25.853,6.864
"GNB",2035,2730132.5,25.432,6.871
"GNB",2036,2777890,25.05,6.869
"GNB",2037,2826168,24.703,6.879
"GNB",2038,2873933.5,24.338,6.891
"GNB",2039,2921987,23.975,6.905
"GNB",2040,2969702.5,23.667,6.923
"GNB",2041,3016544.5,23.366,6.948
"GNB",2042,3063169.5,23.049,6.977
"GNB",2043,3109930,22.738,7.007
"GNB",2044,3156711.5,22.417,7.044
"GNB",2045,3204248.5,22.111,7.081
"GNB",2046,3251467.5,21.801,7.12
"GNB",2047,3298567,21.487,7.16
"GNB",2048,3345863.5,21.221,7.213
"GNB",2049,3392567.5,20.938,7.265
"GNB",2050,3438607.5,20.677,7.318
"GNB",2051,3483363.5,20.424,7.379
"GNB",2052,3526637,20.164,7.444
"GNB",2053,3568018.5,19.915,7.515
"GNB",2054,3609515,19.647,7.581
"GNB",2055,3650911.5,19.407,7.661
"GNB",2056,3690437.5,19.178,7.732
"GNB",2057,3729321,18.962,7.806
"GNB",2058,3768463.5,18.748,7.885
"GNB",2059,3807309.5,18.535,7.969
"GNB",2060,3844366.5,18.336,8.046
"GNB",2061,3880714,18.124,8.125
"GNB",2062,3917381,17.927,8.21
"GNB",2063,3953069,17.755,8.286
"GNB",2064,3987778.5,17.557,8.368
"GNB",2065,4021990,17.368,8.449
"GNB",2066,4054507,17.208,8.538
"GNB",2067,4085424,17.028,8.623
"GNB",2068,4116218,16.843,8.71
"GNB",2069,4146289,16.674,8.798
"GNB",2070,4175014,16.51,8.887
"GNB",2071,4203006,16.331,8.969
"GNB",2072,4230802,16.167,9.061
"GNB",2073,4258339,16.025,9.143
"GNB",2074,4284634,15.889,9.239
"GNB",2075,4310602,15.749,9.319
"GNB",2076,4336156.5,15.62,9.411
"GNB",2077,4360025.5,15.475,9.498
"GNB",2078,4382401,15.339,9.595
"GNB",2079,4403529,15.195,9.689
"GNB",2080,4423686.5,15.046,9.789
"GNB",2081,4441582,14.918,9.885
"GNB",2082,4457888,14.798,9.995
"GNB",2083,4473732.5,14.674,10.096
"GNB",2084,4489789.5,14.539,10.187
"GNB",2085,4505908,14.417,10.28
"GNB",2086,4521433,14.31,10.369
"GNB",2087,4535928,14.221,10.449
"GNB",2088,4549000.5,14.117,10.533
"GNB",2089,4561204.5,14.006,10.621
"GNB",2090,4572871,13.904,10.703
"GNB",2091,4584153.5,13.818,10.78
"GNB",2092,4595710,13.709,10.845
"GNB",2093,4607343.5,13.628,10.916
"GNB",2094,4618631,13.538,10.974
"GNB",2095,4628442,13.464,11.048
"GNB",2096,4636972.5,13.379,11.102
"GNB",2097,4645198,13.318,11.171
"GNB",2098,4652243,13.232,11.227
"GNB",2099,4658938.5,13.137,11.282
"GNB",2100,4665484.5,13.048,11.338
"GNQ",1967,311805,40.922,21.247
"GNQ",1968,318848.5,41.203,21.078
"GNQ",1969,322516.5,41.64,33.6
"GNQ",1970,320803,42.158,33.694
"GNQ",1971,315939.5,42.644,27.381
"GNQ",1972,309468,42.987,21.753
"GNQ",1973,302281.5,43.124,21.595
"GNQ",1974,294953,43.162,23.846
"GNQ",1975,287901.5,43.152,27.245
"GNQ",1976,281030.5,43.143,34.422
"GNQ",1977,276779,43.11,23.056
"GNQ",1978,276530.5,43.031,22.655
"GNQ",1979,279846.5,42.89,22.213
"GNQ",1980,288643.5,42.712,17.968
"GNQ",1981,303251.5,42.559,17.588
"GNQ",1982,322216.5,42.574,17.184
"GNQ",1983,343420.5,42.789,16.913
"GNQ",1984,364899.5,44.494,16.879
"GNQ",1985,385547,45.762,16.767
"GNQ",1986,404728.5,46.523,16.723
"GNQ",1987,422522,46.807,16.685
"GNQ",1988,439651,46.72,16.546
"GNQ",1989,456808.5,46.452,16.408
"GNQ",1990,474274,46.094,16.243
"GNQ",1991,492217.5,45.689,16.065
"GNQ",1992,510770,45.275,15.889
"GNQ",1993,530023,44.868,15.703
"GNQ",1994,550138,44.475,15.507
"GNQ",1995,571263.5,43.888,15.275
"GNQ",1996,593492,43.324,15.013
"GNQ",1997,616893,42.781,14.729
"GNQ",1998,641474,42.268,14.435
"GNQ",1999,667214,41.783,14.108
"GNQ",2000,703279,40.795,13.592
"GNQ",2001,749835.5,40.426,13.251
"GNQ",2002,797957,40.174,12.925
"GNQ",2003,847862.5,39.991,12.665
"GNQ",2004,899916.5,39.832,12.423
"GNQ",2005,947367,39.915,12.348
"GNQ",2006,990343,39.682,12.01
"GNQ",2007,1036044,39.388,11.713
"GNQ",2008,1084530,39.005,11.398
"GNQ",2009,1135673,38.548,11.089
"GNQ",2010,1189085,38.018,10.797
"GNQ",2011,1241835.5,37.495,10.517
"GNQ",2012,1293483,36.773,10.219
"GNQ",2013,1346218,36.034,9.918
"GNQ",2014,1399827.5,35.282,9.644
"GNQ",2015,1453923,34.531,9.397
"GNQ",2016,1508186,33.792,9.14
"GNQ",2017,1562395.5,33.07,8.915
"GNQ",2018,1616422,32.4,8.686
"GNQ",2019,1670177,31.783,8.496
"GNQ",2020,1716468.5,31.351,8.633
"GNQ",2021,1758786.5,30.703,8.438
"GNQ",2022,1803545,30.123,8.015
"GNQ",2023,1847549,29.604,7.878
"GNQ",2024,1892516.5,29.994,7.851
"GNQ",2025,1938431,29.586,7.804
"GNQ",2026,1984468,29.174,7.753
"GNQ",2027,2030754.5,28.781,7.706
"GNQ",2028,2077262.5,28.444,7.674
"GNQ",2029,2123702,28.116,7.64
"GNQ",2030,2170445,27.807,7.61
"GNQ",2031,2218084,27.533,7.59
"GNQ",2032,2267030,27.271,7.569
"GNQ",2033,2315999,27.022,7.562
"GNQ",2034,2364852.5,26.738,7.547
"GNQ",2035,2414269.5,26.462,7.534
"GNQ",2036,2463889,26.204,7.522
"GNQ",2037,2513958,25.931,7.513
"GNQ",2038,2564853,25.63,7.506
"GNQ",2039,2615425,25.334,7.502
"GNQ",2040,2665585.5,25.047,7.502
"GNQ",2041,2715482,24.773,7.504
"GNQ",2042,2764776,24.474,7.494
"GNQ",2043,2813773,24.204,7.492
"GNQ",2044,2862518.5,23.919,7.495
"GNQ",2045,2911235,23.631,7.495
"GNQ",2046,2959096.5,23.336,7.5
"GNQ",2047,3005559.5,23.041,7.507
"GNQ",2048,3051491,22.741,7.52
"GNQ",2049,3097638,22.452,7.523
"GNQ",2050,3143728,22.146,7.529
"GNQ",2051,3190136.5,21.862,7.534
"GNQ",2052,3237093.5,21.588,7.546
"GNQ",2053,3284237,21.344,7.564
"GNQ",2054,3331639,21.069,7.572
"GNQ",2055,3379132,20.829,7.584
"GNQ",2056,3425911,20.585,7.594
"GNQ",2057,3472109,20.333,7.611
"GNQ",2058,3518909,20.095,7.628
"GNQ",2059,3565520.5,19.876,7.645
"GNQ",2060,3610535,19.653,7.657
"GNQ",2061,3654515,19.429,7.672
"GNQ",2062,3697765,19.256,7.691
"GNQ",2063,3740624,19.059,7.706
"GNQ",2064,3784117,18.841,7.72
"GNQ",2065,3827946,18.621,7.737
"GNQ",2066,3870741,18.41,7.751
"GNQ",2067,3912453.5,18.186,7.759
"GNQ",2068,3953190,17.976,7.767
"GNQ",2069,3994220,17.743,7.78
"GNQ",2070,4036253,17.534,7.785
"GNQ",2071,4077613.5,17.352,7.8
"GNQ",2072,4118432.5,17.128,7.808
"GNQ",2073,4159066.5,16.942,7.822
"GNQ",2074,4199394,16.763,7.837
"GNQ",2075,4240148.5,16.559,7.847
"GNQ",2076,4281147,16.399,7.869
"GNQ",2077,4320748.5,16.256,7.895
"GNQ",2078,4358628.5,16.084,7.927
"GNQ",2079,4396373.5,15.916,7.946
"GNQ",2080,4433199,15.767,7.979
"GNQ",2081,4468442,15.609,8.012
"GNQ",2082,4502424.5,15.459,8.059
"GNQ",2083,4535219,15.298,8.114
"GNQ",2084,4568716,15.144,8.169
"GNQ",2085,4601320,14.995,8.233
"GNQ",2086,4631729.5,14.828,8.308
"GNQ",2087,4661875,14.685,8.379
"GNQ",2088,4692341,14.548,8.467
"GNQ",2089,4722945,14.414,8.545
"GNQ",2090,4751860,14.278,8.636
"GNQ",2091,4778440.5,14.16,8.73
"GNQ",2092,4805066.5,14.062,8.823
"GNQ",2093,4832455,13.931,8.912
"GNQ",2094,4859877.5,13.823,9.002
"GNQ",2095,4886362,13.711,9.088
"GNQ",2096,4910969.5,13.607,9.186
"GNQ",2097,4934751.5,13.508,9.272
"GNQ",2098,4958289,13.402,9.337
"GNQ",2099,4981039,13.303,9.404
"GNQ",2100,5003223,13.212,9.476
"KEN",1967,10111056.5,54.055,14.799
"KEN",1968,10518822.5,53.519,14.356
"KEN",1969,10939695,53.059,13.952
"KEN",1970,11368791.5,52.54,13.568
"KEN",1971,11788904,52.224,13.213
"KEN",1972,12206060.5,51.513,12.798
"KEN",1973,12634835,50.805,12.375
"KEN",1974,13070078,50.2,11.944
"KEN",1975,13511670.5,49.825,11.519
"KEN",1976,13957623,49.593,11.138
"KEN",1977,14428819,49.151,10.747
"KEN",1978,14934125.5,48.855,10.373
"KEN",1979,15460666,48.561,10.051
"KEN",1980,16018459,48.211,9.731
"KEN",1981,16601507.5,48.176,9.482
"KEN",1982,17206175,47.793,9.254
"KEN",1983,17846373.5,47.356,8.996
"KEN",1984,18514906,47.16,8.832
"KEN",1985,19201767.5,46.86,8.7
"KEN",1986,19901646,46.647,8.68
"KEN",1987,20616096.5,46.294,8.696
"KEN",1988,21356219,45.598,8.81
"KEN",1989,22118434,44.888,8.917
"KEN",1990,22892651.5,43.93,9.461
"KEN",1991,23646513.5,43.051,9.641
"KEN",1992,24382459.5,42.078,9.882
"KEN",1993,25117188,41.417,10.021
"KEN",1994,25857130,40.862,10.205
"KEN",1995,26601751.5,40.831,10.292
"KEN",1996,27344211,40.632,10.376
"KEN",1997,28101767.5,40.541,10.383
"KEN",1998,28888057.5,40.617,10.31
"KEN",1999,29733407.5,40.327,10.109
"KEN",2000,30642890,40.238,9.942
"KEN",2001,31619170,40.188,9.709
"KEN",2002,32629808.5,39.938,9.535
"KEN",2003,33652223,39.459,9.203
"KEN",2004,34713455.5,39.1,8.893
"KEN",2005,35796484,38.783,8.6
"KEN",2006,36904008,38.492,8.323
"KEN",2007,38036349.5,38.299,8.142
"KEN",2008,39206351.5,37.851,7.886
"KEN",2009,40408891,37.169,7.631
"KEN",2010,41598566.5,36.266,7.424
"KEN",2011,42758461,35.009,7.275
"KEN",2012,43888303,33.674,7.208
"KEN",2013,44986790.5,32.427,7.175
"KEN",2014,46051440.5,31.542,7.149
"KEN",2015,47088526,30.908,7.14
"KEN",2016,48139687,30.202,7.169
"KEN",2017,49197765.5,29.602,7.126
"KEN",2018,50207107.5,29.037,7.186
"KEN",2019,51202827.5,28.226,7.294
"KEN",2020,52217333.5,27.782,7.937
"KEN",2021,53219165.5,27.611,8.124
"KEN",2022,54252460.5,27.342,7.212
"KEN",2023,55339002.5,27.106,7.211
"KEN",2024,56432944.5,26.968,7.18
"KEN",2025,57532492.5,26.782,7.149
"KEN",2026,58636411.5,26.576,7.126
"KEN",2027,59745752.5,26.39,7.109
"KEN",2028,60860444.5,26.194,7.097
"KEN",2029,61979186.5,25.982,7.092
"KEN",2030,63102245.5,25.753,7.09
"KEN",2031,64230117.5,25.532,7.09
"KEN",2032,65359034.5,25.242,7.096
"KEN",2033,66484810.5,24.915,7.109
"KEN",2034,67604630,24.57,7.119
"KEN",2035,68715909,24.213,7.137
"KEN",2036,69818885.5,23.853,7.159
"KEN",2037,70910401,23.451,7.181
"KEN",2038,71990934,23.057,7.2
"KEN",2039,73057766,22.659,7.234
"KEN",2040,74108863,22.28,7.264
"KEN",2041,75144351.5,21.896,7.301
"KEN",2042,76161724,21.524,7.346
"KEN",2043,77159124,21.16,7.39
"KEN",2044,78134980,20.778,7.437
"KEN",2045,79088835.5,20.412,7.494
"KEN",2046,80022375.5,20.095,7.55
"KEN",2047,80938647,19.821,7.601
"KEN",2048,81837664.5,19.582,7.661
"KEN",2049,82721771,19.342,7.727
"KEN",2050,83593239,19.113,7.792
"KEN",2051,84451673,18.922,7.862
"KEN",2052,85294265,18.736,7.933
"KEN",2053,86120946.5,18.567,8.007
"KEN",2054,86932928.5,18.389,8.083
"KEN",2055,87732152,18.226,8.156
"KEN",2056,88519873.5,18.063,8.227
"KEN",2057,89300067.5,17.916,8.304
"KEN",2058,90072742,17.748,8.378
"KEN",2059,90829757.5,17.589,8.458
"KEN",2060,91569580,17.416,8.545
"KEN",2061,92293872.5,17.231,8.628
"KEN",2062,93001109.5,17.056,8.71
"KEN",2063,93685074.5,16.856,8.793
"KEN",2064,94345004.5,16.674,8.878
"KEN",2065,94982484,16.5,8.965
"KEN",2066,95598343.5,16.3,9.05
"KEN",2067,96191419.5,16.107,9.137
"KEN",2068,96760578,15.913,9.227
"KEN",2069,97305742,15.709,9.317
"KEN",2070,97825655.5,15.54,9.407
"KEN",2071,98322810,15.373,9.5
"KEN",2072,98797656.5,15.22,9.597
"KEN",2073,99244966,15.046,9.693
"KEN",2074,99664917.5,14.884,9.789
"KEN",2075,100062620,14.753,9.885
"KEN",2076,100440787.5,14.598,9.987
"KEN",2077,100798000,14.463,10.073
"KEN",2078,101131619,14.331,10.172
"KEN",2079,101445389,14.201,10.268
"KEN",2080,101743624,14.089,10.363
"KEN",2081,102022686,13.972,10.454
"KEN",2082,102279086.5,13.874,10.546
"KEN",2083,102517578,13.784,10.642
"KEN",2084,102739285.5,13.705,10.733
"KEN",2085,102945214,13.629,10.812
"KEN",2086,103137632.5,13.549,10.895
"KEN",2087,103314919.5,13.458,10.979
"KEN",2088,103478200,13.38,11.052
"KEN",2089,103628689.5,13.299,11.119
"KEN",2090,103764127.5,13.205,11.186
"KEN",2091,103881423.5,13.13,11.256
"KEN",2092,103980502,13.041,11.312
"KEN",2093,104061382.5,12.957,11.377
"KEN",2094,104125115,12.854,11.437
"KEN",2095,104175477,12.759,11.494
"KEN",2096,104212773.5,12.66,11.55
"KEN",2097,104231294,12.569,11.6
"KEN",2098,104234507.5,12.479,11.656
"KEN",2099,104224937.5,12.377,11.696
"KEN",2100,104195500.5,12.29,11.742
"LBR",1967,1358434.5,48.959,25.02
"LBR",1968,1393529.5,48.767,24.702
"LBR",1969,1429605,48.569,24.313
"LBR",1970,1466676,47.888,23.891
"LBR",1971,1504077,47.43,23.485
"LBR",1972,1542670,47.592,23.05
"LBR",1973,1583587.5,47.778,22.712
"LBR",1974,1626362,47.886,22.369
"LBR",1975,1670913,48.1,22.079
"LBR",1976,1717059.5,48.329,21.814
"LBR",1977,1766019,48.49,21.547
"LBR",1978,1818247.5,48.714,21.318
"LBR",1979,1872712.5,48.945,21.111
"LBR",1980,1929252.5,48.647,20.941
"LBR",1981,1986866.5,48.405,20.722
"LBR",1982,2045073.5,48.034,20.589
"LBR",1983,2107113.5,47.741,20.423
"LBR",1984,2173312,47.684,20.325
"LBR",1985,2240539,47.559,20.785
"LBR",1986,2308511,47.241,20.417
"LBR",1987,2377229.5,46.656,20.513
"LBR",1988,2446941,46.209,20.584
"LBR",1989,2517858,45.763,20.647
"LBR",1990,2223667,52.919,29.188
"LBR",1991,1956518,44.621,20.381
"LBR",1992,2072461.5,44.631,20.407
"LBR",1993,2155126,45.004,21.057
"LBR",1994,2149928.5,46.153,21.919
"LBR",1995,2169161.5,44.22,19.599
"LBR",1996,2232288.5,44.955,19.693
"LBR",1997,2412989,41.709,16.245
"LBR",1998,2670123.5,43.223,16.203
"LBR",1999,2821683.5,43.316,15.627
"LBR",2000,2928116.5,43.238,14.843
"LBR",2001,3015337.5,42.571,13.978
"LBR",2002,3094781.5,42.001,13.358
"LBR",2003,3119532.5,42.001,13.941
"LBR",2004,3156891.5,41.116,12.051
"LBR",2005,3301014.5,40.619,11.392
"LBR",2006,3490786.5,40.842,11.021
"LBR",2007,3669049.5,40.397,10.644
"LBR",2008,3821003.5,39.663,10.343
"LBR",2009,3943027.5,38.81,10.043
"LBR",2010,4058890,37.967,9.819
"LBR",2011,4221178.5,36.93,9.569
"LBR",2012,4373043.5,37.426,9.534
"LBR",2013,4470238.5,36.234,9.359
"LBR",2014,4564293.5,35.221,9.66
"LBR",2015,4659431,34.343,9.559
"LBR",2016,4755608,33.926,8.934
"LBR",2017,4848924.5,33.384,8.765
"LBR",2018,4944726,32.955,8.64
"LBR",2019,5043720.5,32.431,8.513
"LBR",2020,5149463.5,31.923,8.497
"LBR",2021,5259323,31.524,8.51
"LBR",2022,5373294,31.189,8.159
"LBR",2023,5493031,30.96,8.071
"LBR",2024,5612817,30.577,8.016
"LBR",2025,5731206,30.267,7.97
"LBR",2026,5853949,29.889,7.92
"LBR",2027,5986800,29.546,7.867
"LBR",2028,6118760,29.242,7.84
"LBR",2029,6245086,28.918,7.806
"LBR",2030,6366291,28.439,7.773
"LBR",2031,6486741,28.135,7.742
"LBR",2032,6614253.5,27.659,7.709
"LBR",2033,6744921,27.31,7.687
"LBR",2034,6873680,26.974,7.674
"LBR",2035,7003557,26.607,7.652
"LBR",2036,7142322.5,26.256,7.632
"LBR",2037,7278756.5,25.929,7.626
"LBR",2038,7408712.5,25.582,7.614
"LBR",2039,7545500.5,25.235,7.607
"LBR",2040,7681688,24.934,7.616
"LBR",2041,7817083.5,24.588,7.616
"LBR",2042,7954176,24.284,7.627
"LBR",2043,8077161.5,23.967,7.642
"LBR",2044,8194125.5,23.604,7.649
"LBR",2045,8310644.5,23.279,7.67
"LBR",2046,8428910,22.908,7.684
"LBR",2047,8552022.5,22.586,7.706
"LBR",2048,8673948.5,22.293,7.731
"LBR",2049,8795828,21.996,7.758
"LBR",2050,8910530,21.712,7.786
"LBR",2051,9020146,21.425,7.824
"LBR",2052,9131262.5,21.159,7.861
"LBR",2053,9244652,20.864,7.896
"LBR",2054,9354471.5,20.582,7.942
"LBR",2055,9464169.5,20.318,7.986
"LBR",2056,9582133,20.09,8.031
"LBR",2057,9697546.5,19.899,8.086
"LBR",2058,9803797,19.69,8.145
"LBR",2059,9919664.5,19.425,8.189
"LBR",2060,10038635,19.265,8.256
"LBR",2061,10146136,19.079,8.318
"LBR",2062,10252826.5,18.89,8.384
"LBR",2063,10357794,18.691,8.448
"LBR",2064,10457336.5,18.531,8.512
"LBR",2065,10556602.5,18.317,8.585
"LBR",2066,10653854,18.142,8.668
"LBR",2067,10751265,17.924,8.743
"LBR",2068,10844393,17.76,8.827
"LBR",2069,10933089.5,17.555,8.902
"LBR",2070,11024770.5,17.412,8.988
"LBR",2071,11118942.5,17.219,9.073
"LBR",2072,11211061,17.077,9.164
"LBR",2073,11300823,16.91,9.253
"LBR",2074,11398814,16.758,9.344
"LBR",2075,11491637.5,16.646,9.44
"LBR",2076,11577779.5,16.487,9.535
"LBR",2077,11660120,16.332,9.639
"LBR",2078,11735916.5,16.148,9.744
"LBR",2079,11811751.5,15.991,9.848
"LBR",2080,11888868.5,15.849,9.958
"LBR",2081,11960822.5,15.706,10.065
"LBR",2082,12014584,15.58,10.191
"LBR",2083,12061957.5,15.395,10.294
"LBR",2084,12112680,15.263,10.407
"LBR",2085,12168809.5,15.113,10.504
"LBR",2086,12232316,15.006,10.603
"LBR",2087,12280692.5,14.917,10.704
"LBR",2088,12313540,14.792,10.804
"LBR",2089,12354966.5,14.652,10.892
"LBR",2090,12402843.5,14.551,10.974
"LBR",2091,12437480,14.462,11.059
"LBR",2092,12462188,14.365,11.153
"LBR",2093,12492893.5,14.254,11.236
"LBR",2094,12524174,14.175,11.315
"LBR",2095,12549171,14.074,11.394
"LBR",2096,12577658,13.97,11.459
"LBR",2097,12608050,13.899,11.523
"LBR",2098,12631591.5,13.834,11.588
"LBR",2099,12647182,13.749,11.648
"LBR",2100,12665394.5,13.664,11.704
"LBY",1967,1898199.5,48.332,15.728
"LBY",1968,1952781,47.297,14.538
"LBY",1969,2014293.5,46.603,13.449
"LBY",1970,2082589,46.365,12.519
"LBY",1971,2153533.5,46.495,11.699
"LBY",1972,2226091,45.937,10.959
"LBY",1973,2314192.5,45.34,10.228
"LBY",1974,2432211,46.301,9.57
"LBY",1975,2571556,45.926,9.037
"LBY",1976,2721237,45.687,8.518
"LBY",1977,2881533,45.476,8.076
"LBY",1978,3052526.5,45.217,7.652
"LBY",1979,3233846,44.854,7.292
"LBY",1980,3424377.5,44.354,6.965
"LBY",1981,3621486.5,42.569,6.608
"LBY",1982,3724765.5,42.265,6.421
"LBY",1983,3718960.5,38.962,6.108
"LBY",1984,3773633.5,34.837,5.68
"LBY",1985,3898745,33.69,5.426
"LBY",1986,4017403.5,32.403,5.19
"LBY",1987,4129739,31.085,4.991
"LBY",1988,4237754.5,29.725,4.837
"LBY",1989,4342920,28.366,4.69
"LBY",1990,4445239.5,27.042,4.569
"LBY",1991,4544399.5,25.717,4.464
"LBY",1992,4640352,24.533,4.369
"LBY",1993,4733045,23.441,4.309
"LBY",1994,4822037,22.69,4.282
"LBY",1995,4906843,22.152,4.287
"LBY",1996,4987393,21.762,4.329
"LBY",1997,5064639,21.576,4.418
"LBY",1998,5140704.5,21.576,4.533
"LBY",1999,5218037.5,21.656,4.649
"LBY",2000,5305021.5,21.691,4.761
"LBY",2001,5403639,22.057,4.778
"LBY",2002,5508410.5,22.497,4.779
"LBY",2003,5619397.5,22.92,4.743
"LBY",2004,5736692.5,23.376,4.699
"LBY",2005,5858798,23.903,4.646
"LBY",2006,5980211,23.931,4.593
"LBY",2007,6104379.5,23.712,4.594
"LBY",2008,6235430,23.437,4.596
"LBY",2009,6366686.5,23.155,4.605
"LBY",2010,6497839,23.545,4.627
"LBY",2011,6343203,24.905,5.827
"LBY",2012,6179327.5,22.587,4.971
"LBY",2013,6304628.5,22.54,4.97
"LBY",2014,6427251.5,22.623,5.443
"LBY",2015,6531819.5,21.921,5.372
"LBY",2016,6632125.5,21.252,5.38
"LBY",2017,6738769.5,20.511,5.094
"LBY",2018,6849054.5,19.844,5.007
"LBY",2019,6951032.5,19.241,5.165
"LBY",2020,7045399,18.737,5.544
"LBY",2021,7135175,18.176,5.842
"LBY",2022,7223804.5,17.537,4.808
"LBY",2023,7305659,17.024,6.654
"LBY",2024,7381023,16.495,6.534
"LBY",2025,7458554.5,16.112,5.619
"LBY",2026,7539851.5,15.777,4.917
"LBY",2027,7627488,15.493,4.983
"LBY",2028,7716841.5,15.28,5.055
"LBY",2029,7802212,15.116,5.136
"LBY",2030,7885806.5,14.957,5.22
"LBY",2031,7969108.5,14.837,5.303
"LBY",2032,8048490,14.751,5.391
"LBY",2033,8126638,14.68,5.489
"LBY",2034,8206613.5,14.615,5.584
"LBY",2035,8283953.5,14.557,5.689
"LBY",2036,8357485.5,14.515,5.794
"LBY",2037,8431727.5,14.458,5.907
"LBY",2038,8506598,14.391,6.025
"LBY",2039,8579854,14.316,6.151
"LBY",2040,8651417,14.241,6.278
"LBY",2041,8719615.5,14.145,6.406
"LBY",2042,8786619.5,14.033,6.543
"LBY",2043,8854390,13.882,6.682
"LBY",2044,8920027.5,13.723,6.82
"LBY",2045,8983948.5,13.559,6.963
"LBY",2046,9043672.5,13.368,7.111
"LBY",2047,9098408.5,13.174,7.262
"LBY",2048,9154064.5,12.975,7.415
"LBY",2049,9208613,12.774,7.578
"LBY",2050,9260605.5,12.578,7.735
"LBY",2051,9310578.5,12.372,7.894
"LBY",2052,9358996,12.166,8.051
"LBY",2053,9406049,11.977,8.199
"LBY",2054,9450576.5,11.803,8.356
"LBY",2055,9488716,11.645,8.51
"LBY",2056,9517261.5,11.499,8.663
"LBY",2057,9545122.5,11.347,8.806
"LBY",2058,9574203.5,11.223,8.942
"LBY",2059,9602353,11.103,9.074
"LBY",2060,9626505,11.01,9.191
"LBY",2061,9646521.5,10.916,9.312
"LBY",2062,9667883.5,10.859,9.419
"LBY",2063,9684360,10.819,9.523
"LBY",2064,9700892.5,10.775,9.609
"LBY",2065,9721658,10.753,9.679
"LBY",2066,9740137,10.739,9.738
"LBY",2067,9755033.5,10.726,9.799
"LBY",2068,9771007,10.712,9.846
"LBY",2069,9790087.5,10.701,9.873
"LBY",2070,9807898.5,10.691,9.907
"LBY",2071,9822262,10.682,9.924
"LBY",2072,9838795,10.645,9.942
"LBY",2073,9857314,10.628,9.946
"LBY",2074,9870656,10.596,9.961
"LBY",2075,9882193,10.542,9.976
"LBY",2076,9894570,10.498,9.984
"LBY",2077,9903765,10.441,10.007
"LBY",2078,9908671,10.371,10.027
"LBY",2079,9917079,10.295,10.06
"LBY",2080,9928367.5,10.229,10.085
"LBY",2081,9939397,10.147,10.122
"LBY",2082,9949686.5,10.068,10.162
"LBY",2083,9955709.5,9.988,10.217
"LBY",2084,9960825.5,9.897,10.278
"LBY",2085,9967332.5,9.808,10.345
"LBY",2086,9970720.5,9.735,10.427
"LBY",2087,9969103,9.649,10.514
"LBY",2088,9961976.5,9.593,10.618
"LBY",2089,9951464,9.513,10.727
"LBY",2090,9938209,9.44,10.845
"LBY",2091,9925703,9.377,10.969
"LBY",2092,9913953,9.331,11.09
"LBY",2093,9899041,9.297,11.206
"LBY",2094,9885716,9.265,11.321
"LBY",2095,9874245,9.245,11.437
"LBY",2096,9860175.5,9.236,11.549
"LBY",2097,9841870,9.232,11.657
"LBY",2098,9821377,9.235,11.764
"LBY",2099,9802013,9.22,11.852
"LBY",2100,9783568.5,9.216,11.93
"LSO",1967,913982.5,42.544,16.383
"LSO",1968,948104.5,41.878,16.047
"LSO",1969,983202.5,41.266,15.699
"LSO",1970,1019272.5,40.791,15.347
"LSO",1971,1056246,40.454,15.045
"LSO",1972,1094063,40.183,14.735
"LSO",1973,1132696.5,39.943,14.465
"LSO",1974,1172420,40.244,14.277
"LSO",1975,1213643.5,40.622,13.999
"LSO",1976,1253213.5,41.001,13.778
"LSO",1977,1289967,41.097,13.457
"LSO",1978,1327240,41.015,13.074
"LSO",1979,1366169,40.791,12.654
"LSO",1980,1406520.5,40.384,12.217
"LSO",1981,1448069,39.922,11.741
"LSO",1982,1490731.5,39.463,11.328
"LSO",1983,1534413,38.948,10.99
"LSO",1984,1578986.5,38.42,10.69
"LSO",1985,1624378.5,37.931,10.49
"LSO",1986,1666138,37.529,10.381
"LSO",1987,1703390,38.333,10.32
"LSO",1988,1739840.5,37.364,10.259
"LSO",1989,1775435.5,36.273,10.215
"LSO",1990,1809696,35.13,10.231
"LSO",1991,1842378.5,34.188,10.292
"LSO",1992,1873274.5,33.168,10.438
"LSO",1993,1901793,31.95,10.652
"LSO",1994,1927707,31.015,10.976
"LSO",1995,1951436.5,30.564,11.414
"LSO",1996,1972418.5,30.414,12.047
"LSO",1997,1988130.5,30.224,12.802
"LSO",1998,1998049,29.238,13.778
"LSO",1999,2003233.5,28.457,14.783
"LSO",2000,2003913,28.248,15.879
"LSO",2001,2000853,28.716,17.126
"LSO",2002,1994679,29.365,18.198
"LSO",2003,1985058.5,29.294,19.152
"LSO",2004,1971129,28.736,19.974
"LSO",2005,1953076,28.561,20.455
"LSO",2006,1945062.5,28.627,20.795
"LSO",2007,1953268.5,29.484,20.39
"LSO",2008,1966540.5,29.642,19.803
"LSO",2009,1980883,29.354,19.088
"LSO",2010,1996251,29.163,18.204
"LSO",2011,2014009,30.209,17.475
"LSO",2012,2034354.5,30.027,16.464
"LSO",2013,2056504,29.988,15.503
"LSO",2014,2080089,29.5,14.634
"LSO",2015,2104611.5,29.178,13.932
"LSO",2016,2130422,28.932,13.259
"LSO",2017,2157110.5,28.241,12.664
"LSO",2018,2183603,27.361,12.197
"LSO",2019,2209405.5,26.44,11.83
"LSO",2020,2235726.5,25.628,11.887
"LSO",2021,2261542,24.896,12.601
"LSO",2022,2286110.5,24.392,10.918
"LSO",2023,2311472,24.109,10.648
"LSO",2024,2337422.5,23.762,10.478
"LSO",2025,2363324.5,23.456,10.314
"LSO",2026,2389336,23.149,10.158
"LSO",2027,2415368.5,22.844,10.013
"LSO",2028,2441442,22.565,9.883
"LSO",2029,2467683,22.323,9.763
"LSO",2030,2493818.5,22.092,9.654
"LSO",2031,2520021,21.873,9.556
"LSO",2032,2546490.5,21.673,9.466
"LSO",2033,2573110,21.479,9.382
"LSO",2034,2599779,21.295,9.312
"LSO",2035,2626567,21.086,9.245
"LSO",2036,2653498,20.89,9.189
"LSO",2037,2680080,20.659,9.142
"LSO",2038,2706202.5,20.38,9.105
"LSO",2039,2732145.5,20.115,9.072
"LSO",2040,2757875.5,19.879,9.051
"LSO",2041,2783369,19.624,9.032
"LSO",2042,2808543.5,19.327,9.024
"LSO",2043,2833260,19.057,9.02
"LSO",2044,2857504.5,18.792,9.026
"LSO",2045,2881339,18.517,9.032
"LSO",2046,2904783.5,18.253,9.046
"LSO",2047,2927864.5,17.997,9.08
"LSO",2048,2950413,17.773,9.114
"LSO",2049,2972157,17.526,9.157
"LSO",2050,2993076.5,17.298,9.206
"LSO",2051,3013558,17.073,9.264
"LSO",2052,3033468.5,16.867,9.325
"LSO",2053,3052322,16.65,9.388
"LSO",2054,3070098.5,16.439,9.461
"LSO",2055,3087284,16.228,9.539
"LSO",2056,3103870,16.032,9.622
"LSO",2057,3119743,15.836,9.708
"LSO",2058,3135128.5,15.673,9.803
"LSO",2059,3150018,15.514,9.912
"LSO",2060,3164303,15.37,10.001
"LSO",2061,3177872,15.243,10.103
"LSO",2062,3190884.5,15.114,10.208
"LSO",2063,3202918,14.997,10.316
"LSO",2064,3213881.5,14.856,10.425
"LSO",2065,3224032,14.734,10.537
"LSO",2066,3233714.5,14.621,10.641
"LSO",2067,3243285.5,14.524,10.745
"LSO",2068,3252543,14.426,10.843
"LSO",2069,3261245.5,14.324,10.947
"LSO",2070,3269324,14.217,11.033
"LSO",2071,3276547,14.108,11.131
"LSO",2072,3282697,14.004,11.205
"LSO",2073,3288163,13.893,11.288
"LSO",2074,3293322.5,13.785,11.365
"LSO",2075,3297636.5,13.682,11.438
"LSO",2076,3301209,13.571,11.505
"LSO",2077,3304588,13.469,11.57
"LSO",2078,3307444,13.363,11.632
"LSO",2079,3309742,13.251,11.683
"LSO",2080,3311356,13.143,11.737
"LSO",2081,3312334,13.033,11.799
"LSO",2082,3312871,12.934,11.851
"LSO",2083,3312995.5,12.86,11.888
"LSO",2084,3312880,12.757,11.937
"LSO",2085,3312368.5,12.662,11.985
"LSO",2086,3311724.5,12.567,12.045
"LSO",2087,3310742,12.485,12.105
"LSO",2088,3309192,12.42,12.157
"LSO",2089,3307347,12.347,12.209
"LSO",2090,3305222,12.276,12.266
"LSO",2091,3302682,12.205,12.327
"LSO",2092,3299293,12.149,12.381
"LSO",2093,3295485,12.087,12.441
"LSO",2094,3291601.5,12.013,12.503
"LSO",2095,3287138.5,11.939,12.558
"LSO",2096,3282243.5,11.885,12.607
"LSO",2097,3277008.5,11.839,12.658
"LSO",2098,3271337.5,11.781,12.704
"LSO",2099,3265513,11.712,12.748
"LSO",2100,3259299,11.662,12.794
"MAR",1967,13968175,46.751,18.072
"MAR",1968,14347899.5,45.921,17.524
"MAR",1969,14734255.5,45.179,17.018
"MAR",1970,15129448.5,44.725,16.567
"MAR",1971,15527225,44.174,16.152
"MAR",1972,15924692,43.766,15.731
"MAR",1973,16326268.5,43.236,15.324
"MAR",1974,16733842.5,42.636,14.899
"MAR",1975,17150786,42.129,14.455
"MAR",1976,17574182.5,41.384,13.95
"MAR",1977,18014756.5,40.561,13.407
"MAR",1978,18477385,39.869,12.872
"MAR",1979,18955588.5,39.542,12.344
"MAR",1980,19459943,39.301,11.837
"MAR",1981,19985401.5,39.037,11.37
"MAR",1982,20520318,38.403,10.874
"MAR",1983,21060695.5,37.26,10.371
"MAR",1984,21593778,36.028,9.902
"MAR",1985,22113953.5,34.798,9.438
"MAR",1986,22600803,33.715,9.021
"MAR",1987,23054391.5,32.647,8.66
"MAR",1988,23500524.5,31.567,8.342
"MAR",1989,23939414.5,30.568,8.053
"MAR",1990,24375551,29.766,7.797
"MAR",1991,24799014,29.369,7.6
"MAR",1992,25212468.5,28.26,7.41
"MAR",1993,25614586,27.04,7.219
"MAR",1994,26000822.5,26.344,7.059
"MAR",1995,26399428.5,25.766,6.956
"MAR",1996,26808107.5,25.532,6.825
"MAR",1997,27213337,25.141,6.738
"MAR",1998,27621648,24.478,6.644
"MAR",1999,28027179.5,23.42,6.541
"MAR",2000,28423435.5,22.689,6.458
"MAR",2001,28814642.5,22.087,6.379
"MAR",2002,29198141.5,21.6,6.32
"MAR",2003,29571415.5,21.589,6.282
"MAR",2004,29953018.5,21.686,6.27
"MAR",2005,30358144,21.818,6.195
"MAR",2006,30771177.5,21.858,6.155
"MAR",2007,31186468,21.922,6.097
"MAR",2008,31606766.5,21.859,6.047
"MAR",2009,32030778,21.913,6.01
"MAR",2010,32467015.5,21.871,5.984
"MAR",2011,32912587.5,21.506,5.91
"MAR",2012,33355241.5,20.978,5.847
"MAR",2013,33787571,20.341,5.771
"MAR",2014,34204780,19.787,5.716
"MAR",2015,34607588.5,19.488,5.686
"MAR",2016,35023457.5,19.224,5.672
"MAR",2017,35446392,18.918,5.63
"MAR",2018,35839760,18.573,5.616
"MAR",2019,36210898,18.258,5.629
"MAR",2020,36584208,17.85,6.479
"MAR",2021,36954442.5,17.458,6.422
"MAR",2022,37329064,17.035,5.572
"MAR",2023,37712505,16.701,5.638
"MAR",2024,38081173,16.402,5.726
"MAR",2025,38430770,16.108,5.813
"MAR",2026,38762441,15.836,5.908
"MAR",2027,39080099,15.577,6.011
"MAR",2028,39384125.5,15.357,6.116
"MAR",2029,39674560,15.152,6.223
"MAR",2030,39953460,14.975,6.336
"MAR",2031,40221743,14.774,6.456
"MAR",2032,40477986.5,14.61,6.57
"MAR",2033,40722975,14.457,6.69
"MAR",2034,40957244,14.31,6.811
"MAR",2035,41182093.5,14.182,6.936
"MAR",2036,41398230,14.049,7.051
"MAR",2037,41604033,13.933,7.173
"MAR",2038,41802274.5,13.82,7.297
"MAR",2039,41990445,13.699,7.412
"MAR",2040,42168205,13.583,7.52
"MAR",2041,42339041.5,13.452,7.64
"MAR",2042,42500327,13.33,7.753
"MAR",2043,42650495,13.203,7.866
"MAR",2044,42792498,13.073,7.968
"MAR",2045,42925306,12.927,8.079
"MAR",2046,43046179,12.783,8.184
"MAR",2047,43158169,12.645,8.288
"MAR",2048,43262402.5,12.512,8.387
"MAR",2049,43355720,12.35,8.485
"MAR",2050,43440430.5,12.212,8.584
"MAR",2051,43517148.5,12.059,8.683
"MAR",2052,43582317.5,11.927,8.792
"MAR",2053,43635688,11.795,8.898
"MAR",2054,43677271,11.656,9.002
"MAR",2055,43707695.5,11.518,9.109
"MAR",2056,43726125,11.388,9.215
"MAR",2057,43734770,11.277,9.329
"MAR",2058,43736171,11.16,9.455
"MAR",2059,43727216,11.054,9.57
"MAR",2060,43707410,10.961,9.69
"MAR",2061,43679639.5,10.876,9.81
"MAR",2062,43642756,10.795,9.929
"MAR",2063,43597897.5,10.711,10.048
"MAR",2064,43545672.5,10.645,10.174
"MAR",2065,43482772.5,10.576,10.293
"MAR",2066,43414312,10.514,10.416
"MAR",2067,43341074,10.462,10.535
"MAR",2068,43260129.5,10.418,10.656
"MAR",2069,43173139,10.362,10.768
"MAR",2070,43078138.5,10.305,10.875
"MAR",2071,42976746.5,10.245,10.971
"MAR",2072,42869613.5,10.191,11.066
"MAR",2073,42755096.5,10.136,11.165
"MAR",2074,42634713.5,10.085,11.256
"MAR",2075,42509927,10.035,11.344
"MAR",2076,42380729,9.979,11.434
"MAR",2077,42246043.5,9.911,11.524
"MAR",2078,42105473.5,9.845,11.591
"MAR",2079,41958512.5,9.785,11.657
"MAR",2080,41806425.5,9.723,11.726
"MAR",2081,41650319.5,9.667,11.789
"MAR",2082,41489709,9.604,11.848
"MAR",2083,41325691.5,9.531,11.912
"MAR",2084,41156547,9.466,11.976
"MAR",2085,40980568.5,9.399,12.046
"MAR",2086,40800251,9.342,12.108
"MAR",2087,40617856.5,9.287,12.174
"MAR",2088,40433495,9.223,12.236
"MAR",2089,40243913,9.168,12.322
"MAR",2090,40048050,9.11,12.404
"MAR",2091,39847267,9.055,12.488
"MAR",2092,39642311.5,9.032,12.578
"MAR",2093,39433969.5,8.992,12.67
"MAR",2094,39222843.5,8.954,12.762
"MAR",2095,39008469,8.923,12.86
"MAR",2096,38789885.5,8.893,12.962
"MAR",2097,38568204.5,8.864,13.065
"MAR",2098,38343505,8.843,13.16
"MAR",2099,38115526,8.833,13.257
"MAR",2100,37884370,8.809,13.342
"MDG",1967,6136486,45.861,18.6
"MDG",1968,6306493.5,46.147,18.26
"MDG",1969,6484716,46.457,17.996
"MDG",1970,6672003,46.826,17.616
"MDG",1971,6868868,47.211,17.422
"MDG",1972,7074397.5,47.359,17.231
"MDG",1973,7288048.5,47.387,16.958
"MDG",1974,7509726,47.364,16.706
"MDG",1975,7739336,47.368,16.516
"MDG",1976,7976830.5,47.355,16.387
"MDG",1977,8222240,47.362,16.3
"MDG",1978,8475864,47.371,16.261
"MDG",1979,8737580.5,47.218,16.231
"MDG",1980,9006032.5,46.814,16.247
"MDG",1981,9279010.5,46.205,16.295
"MDG",1982,9557670.5,45.908,16.117
"MDG",1983,9843044.5,45.463,15.992
"MDG",1984,10134550.5,45.154,15.859
"MDG",1985,10433142.5,44.813,15.656
"MDG",1986,10736857,43.984,15.384
"MDG",1987,11047291.5,43.762,15.011
"MDG",1988,11369462.5,43.805,14.735
"MDG",1989,11704998.5,43.85,14.437
"MDG",1990,12055639,44.106,14.193
"MDG",1991,12421412,44.089,13.896
"MDG",1992,12800869.5,43.945,13.601
"MDG",1993,13197345.5,44.096,13.12
"MDG",1994,13613850,44.248,12.797
"MDG",1995,14051275.5,44.481,12.437
"MDG",1996,14510711.5,44.55,12.06
"MDG",1997,14990813.5,44.415,11.668
"MDG",1998,15489364.5,44.078,11.255
"MDG",1999,16000506,43.151,10.841
"MDG",2000,16516338,42,10.464
"MDG",2001,17032939,41.116,10.02
"MDG",2002,17549913,40.202,9.688
"MDG",2003,18071853.5,39.513,9.361
"MDG",2004,18606608,38.976,9.077
"MDG",2005,19159706.5,38.446,8.793
"MDG",2006,19730909,38.007,8.536
"MDG",2007,20318583,37.754,8.334
"MDG",2008,20923840.5,37.537,8.117
"MDG",2009,21547279.5,37.396,7.972
"MDG",2010,22183340.5,36.746,7.826
"MDG",2011,22822299.5,35.751,7.683
"MDG",2012,23462438,35.061,7.602
"MDG",2013,24109290.5,34.672,7.536
"MDG",2014,24764348,34.18,7.495
"MDG",2015,25426702.5,33.771,7.461
"MDG",2016,26099952,33.613,7.452
"MDG",2017,26788374.5,33.592,7.48
"MDG",2018,27494926,33.651,7.491
"MDG",2019,28219554,33.594,7.518
"MDG",2020,28953556.5,33.31,7.869
"MDG",2021,29691083,32.911,7.94
"MDG",2022,30437260.5,32.498,7.728
"MDG",2023,31195932.5,32.095,7.528
"MDG",2024,31964956,31.714,7.471
"MDG",2025,32740678,31.255,7.415
"MDG",2026,33522051.5,30.837,7.357
"MDG",2027,34308793,30.398,7.309
"MDG",2028,35099857,29.951,7.268
"MDG",2029,35894678,29.521,7.232
"MDG",2030,36693183,29.111,7.191
"MDG",2031,37495706,28.721,7.16
"MDG",2032,38301317,28.293,7.125
"MDG",2033,39109380,27.904,7.101
"MDG",2034,39919950,27.537,7.078
"MDG",2035,40733844,27.207,7.052
"MDG",2036,41551315.5,26.864,7.038
"MDG",2037,42371340.5,26.538,7.025
"MDG",2038,43194159.5,26.224,7.017
"MDG",2039,44019293,25.916,7.005
"MDG",2040,44846894.5,25.625,6.997
"MDG",2041,45676979,25.325,6.997
"MDG",2042,46508814.5,25.035,6.994
"MDG",2043,47342294.5,24.742,6.994
"MDG",2044,48176604,24.448,6.995
"MDG",2045,49011274,24.169,6.998
"MDG",2046,49846527.5,23.906,7.005
"MDG",2047,50682067,23.64,7.016
"MDG",2048,51517352.5,23.38,7.033
"MDG",2049,52351990,23.135,7.052
"MDG",2050,53185475,22.874,7.072
"MDG",2051,54016765,22.603,7.096
"MDG",2052,54845299.5,22.35,7.117
"MDG",2053,55671143.5,22.101,7.143
"MDG",2054,56493659,21.853,7.174
"MDG",2055,57313021,21.629,7.209
"MDG",2056,58129737.5,21.414,7.245
"MDG",2057,58942314.5,21.177,7.282
"MDG",2058,59750169,20.962,7.32
"MDG",2059,60554110,20.744,7.362
"MDG",2060,61352873,20.521,7.404
"MDG",2061,62145241,20.303,7.451
"MDG",2062,62930945.5,20.081,7.498
"MDG",2063,63709342.5,19.865,7.549
"MDG",2064,64480301.5,19.652,7.597
"MDG",2065,65242944,19.436,7.652
"MDG",2066,65997235.5,19.242,7.712
"MDG",2067,66743591.5,19.026,7.767
"MDG",2068,67480961.5,18.822,7.825
"MDG",2069,68208619.5,18.639,7.893
"MDG",2070,68926090,18.454,7.961
"MDG",2071,69634456,18.274,8.018
"MDG",2072,70333405.5,18.096,8.088
"MDG",2073,71020890,17.91,8.158
"MDG",2074,71697362,17.733,8.225
"MDG",2075,72362744,17.556,8.303
"MDG",2076,73015741,17.388,8.373
"MDG",2077,73657474.5,17.235,8.449
"MDG",2078,74288081.5,17.085,8.524
"MDG",2079,74906310,16.917,8.599
"MDG",2080,75512393.5,16.77,8.66
"MDG",2081,76107250,16.625,8.735
"MDG",2082,76691311.5,16.49,8.801
"MDG",2083,77265181,16.362,8.853
"MDG",2084,77828809.5,16.224,8.904
"MDG",2085,78382366,16.1,8.956
"MDG",2086,78926159.5,15.987,9.002
"MDG",2087,79459876.5,15.861,9.061
"MDG",2088,79982950,15.734,9.113
"MDG",2089,80493878,15.593,9.161
"MDG",2090,80992577.5,15.466,9.206
"MDG",2091,81480825.5,15.346,9.253
"MDG",2092,81958317.5,15.224,9.317
"MDG",2093,82423996,15.113,9.367
"MDG",2094,82878063.5,14.995,9.417
"MDG",2095,83319302,14.869,9.469
"MDG",2096,83748160,14.748,9.525
"MDG",2097,84165542.5,14.632,9.584
"MDG",2098,84570967,14.53,9.645
"MDG",2099,84962957,14.402,9.718
"MDG",2100,85341147.5,14.286,9.776
"MLI",1967,5990906,50.611,32.642
"MLI",1968,6082978.5,50.613,32.299
"MLI",1969,6177704,50.532,32.02
"MLI",1970,6276472,50.445,31.493
"MLI",1971,6377944,50.486,31.108
"MLI",1972,6483726,50.421,30.419
"MLI",1973,6597106.5,50.453,29.868
"MLI",1974,6715436.5,50.464,29.252
"MLI",1975,6837261,50.558,28.587
"MLI",1976,6960978.5,50.627,27.961
"MLI",1977,7090978.5,50.532,27.253
"MLI",1978,7229651.5,50.443,26.562
"MLI",1979,7375265.5,50.662,25.924
"MLI",1980,7530514.5,50.571,25.266
"MLI",1981,7692765.5,50.408,24.64
"MLI",1982,7860194.5,49.969,23.902
"MLI",1983,8034400.5,49.412,23.051
"MLI",1984,8208598.5,49.009,22.442
"MLI",1985,8374663,48.787,21.952
"MLI",1986,8531277,48.782,21.377
"MLI",1987,8681164,48.372,20.856
"MLI",1988,8833996.5,48.225,20.414
"MLI",1989,8999937.5,47.698,19.928
"MLI",1990,9178830,47.047,19.559
"MLI",1991,9362888.5,47.169,19.223
"MLI",1992,9553540.5,46.891,18.88
"MLI",1993,9754786,46.679,18.541
"MLI",1994,9967031.5,46.545,18.216
"MLI",1995,10185365.5,45.879,17.839
"MLI",1996,10407278,45.831,17.586
"MLI",1997,10646495,46.09,17.12
"MLI",1998,10919573,46.396,16.73
"MLI",1999,11227414.5,47.017,16.404
"MLI",2000,11559290.5,47.091,16.02
"MLI",2001,11912158,47.14,15.536
"MLI",2002,12288050,47.348,15.062
"MLI",2003,12684955,47.566,14.632
"MLI",2004,13102409,47.774,14.214
"MLI",2005,13538647.5,47.891,13.843
"MLI",2006,13990139.5,47.602,13.459
"MLI",2007,14457775.5,47.394,13.101
"MLI",2008,14940782.5,47.203,12.756
"MLI",2009,15435538.5,47.015,12.437
"MLI",2010,15945198,46.892,12.12
"MLI",2011,16469048.5,46.477,11.812
"MLI",2012,16957032.5,46.279,11.559
"MLI",2013,17459615,45.461,11.217
"MLI",2014,18020266.5,44.983,10.887
"MLI",2015,18593022,44.474,10.59
"MLI",2016,19191289.5,43.911,10.268
"MLI",2017,19813010.5,43.444,10.033
"MLI",2018,20442029.5,42.585,9.774
"MLI",2019,21068404.5,41.139,9.475
"MLI",2020,21713835.5,40.959,9.502
"MLI",2021,22388630.5,40.707,9.277
"MLI",2022,23072640,40.345,8.859
"MLI",2023,23769127.5,40.029,8.627
"MLI",2024,24478595.5,39.532,8.51
"MLI",2025,25198821.5,39.17,8.376
"MLI",2026,25932275,38.771,8.246
"MLI",2027,26679169.5,38.407,8.131
"MLI",2028,27440610.5,38.089,8.018
"MLI",2029,28215511.5,37.754,7.907
"MLI",2030,29002865,37.277,7.798
"MLI",2031,29804538.5,36.913,7.695
"MLI",2032,30618888.5,36.46,7.597
"MLI",2033,31442796.5,36.079,7.504
"MLI",2034,32276676,35.526,7.401
"MLI",2035,33118345,34.907,7.302
"MLI",2036,33967888.5,34.466,7.221
"MLI",2037,34823450,33.897,7.137
"MLI",2038,35685574,33.418,7.063
"MLI",2039,36549482.5,32.764,6.991
"MLI",2040,37413643,32.22,6.926
"MLI",2041,38280866,31.721,6.867
"MLI",2042,39151278.5,31.206,6.812
"MLI",2043,40026323.5,30.746,6.766
"MLI",2044,40902503,30.284,6.73
"MLI",2045,41778981.5,29.835,6.697
"MLI",2046,42655645,29.355,6.668
"MLI",2047,43530854,28.892,6.65
"MLI",2048,44405719.5,28.452,6.636
"MLI",2049,45279773.5,28.006,6.632
"MLI",2050,46154079,27.585,6.622
"MLI",2051,47029244,27.179,6.619
"MLI",2052,47903086,26.814,6.623
"MLI",2053,48774667,26.426,6.63
"MLI",2054,49641485.5,26.048,6.631
"MLI",2055,50506620,25.692,6.642
"MLI",2056,51370058,25.366,6.654
"MLI",2057,52230256,25.03,6.669
"MLI",2058,53087109.5,24.674,6.686
"MLI",2059,53938845,24.332,6.707
"MLI",2060,54787469.5,23.995,6.722
"MLI",2061,55631884.5,23.672,6.747
"MLI",2062,56469741,23.388,6.777
"MLI",2063,57301040,23.07,6.805
"MLI",2064,58125507,22.76,6.828
"MLI",2065,58941086.5,22.449,6.857
"MLI",2066,59750129.5,22.155,6.894
"MLI",2067,60555494.5,21.873,6.925
"MLI",2068,61354443.5,21.566,6.963
"MLI",2069,62143099.5,21.267,7.005
"MLI",2070,62919460,20.991,7.05
"MLI",2071,63687759.5,20.707,7.097
"MLI",2072,64444735,20.414,7.149
"MLI",2073,65187035.5,20.149,7.215
"MLI",2074,65916527,19.871,7.28
"MLI",2075,66630542,19.622,7.352
"MLI",2076,67329807.5,19.383,7.428
"MLI",2077,68016981,19.134,7.504
"MLI",2078,68691458,18.915,7.585
"MLI",2079,69351708.5,18.686,7.673
"MLI",2080,69994175.5,18.466,7.764
"MLI",2081,70623129,18.241,7.858
"MLI",2082,71238141.5,18.051,7.955
"MLI",2083,71836423.5,17.838,8.055
"MLI",2084,72418544.5,17.647,8.158
"MLI",2085,72981194.5,17.461,8.257
"MLI",2086,73525510,17.287,8.362
"MLI",2087,74054456,17.091,8.465
"MLI",2088,74567715.5,16.924,8.573
"MLI",2089,75062755,16.764,8.678
"MLI",2090,75539858,16.594,8.78
"MLI",2091,75997352,16.427,8.889
"MLI",2092,76434608.5,16.247,8.992
"MLI",2093,76855738.5,16.103,9.092
"MLI",2094,77265138.5,15.951,9.189
"MLI",2095,77657031.5,15.79,9.293
"MLI",2096,78027659.5,15.645,9.396
"MLI",2097,78380621,15.5,9.498
"MLI",2098,78719915,15.346,9.599
"MLI",2099,79044476,15.221,9.695
"MLI",2100,79354047.5,15.09,9.786
"MOZ",1967,7724549.5,47.879,22.888
"MOZ",1968,7892613,47.775,22.736
"MOZ",1969,8066951,47.628,22.566
"MOZ",1970,8250506.5,47.517,22.381
"MOZ",1971,8456316.5,47.177,22.209
"MOZ",1972,8692935.5,46.955,22.131
"MOZ",1973,8954241.5,47.314,21.98
"MOZ",1974,9236093,47.751,21.694
"MOZ",1975,9540817.5,48.391,21.351
"MOZ",1976,9867209,49.159,21.398
"MOZ",1977,10224975,49.777,21.494
"MOZ",1978,10618250,50.848,21.615
"MOZ",1979,11028809.5,51.856,21.829
"MOZ",1980,11336221.5,52.967,22.129
"MOZ",1981,11568126.5,51.85,23.997
"MOZ",1982,11824369.5,50.978,23.789
"MOZ",1983,12073822,50.521,23.673
"MOZ",1984,12315954,50.11,25.384
"MOZ",1985,12548948.5,49.668,25.154
"MOZ",1986,12770578,49.25,23.205
"MOZ",1987,12822573.5,49.419,23.337
"MOZ",1988,12800558,48.591,21.289
"MOZ",1989,12906842,47.959,20.932
"MOZ",1990,13094536.5,47.431,20.451
"MOZ",1991,13352089.5,46.802,20.014
"MOZ",1992,13613315.5,46.24,19.621
"MOZ",1993,14051192,45.102,18.804
"MOZ",1994,15033852.5,43.561,17.964
"MOZ",1995,15960529.5,44.434,18.017
"MOZ",1996,16492480,44.365,17.531
"MOZ",1997,16949982,44.271,17.061
"MOZ",1998,17340463.5,44.037,16.676
"MOZ",1999,17734506.5,43.91,16.178
"MOZ",2000,18129652.5,43.583,15.664
"MOZ",2001,18537729,43.073,15.044
"MOZ",2002,18958338,42.473,14.524
"MOZ",2003,19392475,41.971,14.074
"MOZ",2004,19840313,41.638,13.666
"MOZ",2005,20304569,41.356,13.277
"MOZ",2006,20787086.5,41.117,12.926
"MOZ",2007,21287635,41.268,12.57
"MOZ",2008,21819036,42.277,12.261
"MOZ",2009,22391744.5,42.908,11.929
"MOZ",2010,22999235,42.806,11.543
"MOZ",2011,23649039,42.454,11.108
"MOZ",2012,24337846.5,42.019,10.665
"MOZ",2013,25051611,41.554,10.233
"MOZ",2014,25788475,40.792,9.779
"MOZ",2015,26547572.5,40.426,9.371
"MOZ",2016,27337104.5,40.093,8.984
"MOZ",2017,28166393.5,39.755,8.633
"MOZ",2018,29018644.5,39.448,8.324
"MOZ",2019,29884380,39.117,8.078
"MOZ",2020,30783688,38.736,8.007
"MOZ",2021,31707800,38.403,8.403
"MOZ",2022,32656246,37.99,7.255
"MOZ",2023,33635160,37.486,7.002
"MOZ",2024,34631766,37.028,6.908
"MOZ",2025,35631653,36.608,6.826
"MOZ",2026,36639850.5,36.129,6.741
"MOZ",2027,37668657.5,35.619,6.654
"MOZ",2028,38714098.5,35.249,6.581
"MOZ",2029,39774943.5,34.711,6.503
"MOZ",2030,40846754.5,34.221,6.424
"MOZ",2031,41931257,33.655,6.353
"MOZ",2032,43032892.5,33.088,6.284
"MOZ",2033,44144534.5,32.514,6.215
"MOZ",2034,45273526.5,31.999,6.149
"MOZ",2035,46411773.5,31.49,6.09
"MOZ",2036,47548670,31.018,6.034
"MOZ",2037,48684556.5,30.518,5.984
"MOZ",2038,49822036.5,30.035,5.936
"MOZ",2039,50971125,29.595,5.894
"MOZ",2040,52124214.5,29.132,5.866
"MOZ",2041,53271002,28.653,5.832
"MOZ",2042,54423406.5,28.197,5.814
"MOZ",2043,55574712,27.767,5.801
"MOZ",2044,56716583.5,27.352,5.795
"MOZ",2045,57851792.5,26.929,5.792
"MOZ",2046,58981108,26.53,5.793
"MOZ",2047,60117595,26.131,5.794
"MOZ",2048,61254584.5,25.777,5.803
"MOZ",2049,62397013.5,25.412,5.819
"MOZ",2050,63530951.5,25.024,5.835
"MOZ",2051,64647084.5,24.646,5.855
"MOZ",2052,65767624,24.297,5.883
"MOZ",2053,66879233.5,23.966,5.911
"MOZ",2054,67980806.5,23.63,5.945
"MOZ",2055,69093714,23.271,5.982
"MOZ",2056,70220051.5,22.929,6.026
"MOZ",2057,71343960.5,22.603,6.072
"MOZ",2058,72454910,22.307,6.119
"MOZ",2059,73557988,22.033,6.165
"MOZ",2060,74638116,21.755,6.216
"MOZ",2061,75711926,21.459,6.269
"MOZ",2062,76774212,21.171,6.334
"MOZ",2063,77787902,20.897,6.395
"MOZ",2064,78781097.5,20.613,6.455
"MOZ",2065,79768191,20.331,6.519
"MOZ",2066,80749334,20.08,6.587
"MOZ",2067,81717081,19.817,6.662
"MOZ",2068,82665217.5,19.56,6.734
"MOZ",2069,83625445.5,19.305,6.808
"MOZ",2070,84572376,19.061,6.888
"MOZ",2071,85489513,18.806,6.965
"MOZ",2072,86391303,18.563,7.038
"MOZ",2073,87272453.5,18.335,7.125
"MOZ",2074,88127645.5,18.139,7.214
"MOZ",2075,88965292,17.934,7.298
"MOZ",2076,89793732.5,17.733,7.382
"MOZ",2077,90607531.5,17.544,7.469
"MOZ",2078,91416315,17.347,7.558
"MOZ",2079,92208244,17.16,7.653
"MOZ",2080,92965358,16.986,7.742
"MOZ",2081,93700184,16.817,7.833
"MOZ",2082,94432105.5,16.653,7.929
"MOZ",2083,95159922.5,16.473,8.024
"MOZ",2084,95857815.5,16.306,8.117
"MOZ",2085,96529133,16.144,8.206
"MOZ",2086,97186136,15.981,8.303
"MOZ",2087,97829472.5,15.817,8.4
"MOZ",2088,98454607,15.673,8.505
"MOZ",2089,99063449.5,15.542,8.597
"MOZ",2090,99654091,15.412,8.697
"MOZ",2091,100196027.5,15.27,8.804
"MOZ",2092,100715459.5,15.132,8.902
"MOZ",2093,101237604.5,15.003,8.994
"MOZ",2094,101738215,14.885,9.083
"MOZ",2095,102217894,14.764,9.177
"MOZ",2096,102685103.5,14.626,9.268
"MOZ",2097,103127006,14.497,9.364
"MOZ",2098,103552013.5,14.378,9.455
"MOZ",2099,103958623.5,14.259,9.543
"MOZ",2100,104346533.5,14.159,9.635
"MRT",1967,1003843,47.797,17.062
"MRT",1968,1034739,47.633,16.679
"MRT",1969,1066753.5,47.486,16.314
"MRT",1970,1099806,47.285,16.023
"MRT",1971,1133702,46.989,15.871
"MRT",1972,1168355,46.643,15.673
"MRT",1973,1203837.5,46.374,15.537
"MRT",1974,1240188.5,46.101,15.375
"MRT",1975,1277330,45.753,15.24
"MRT",1976,1315336.5,45.597,15.073
"MRT",1977,1353768.5,45.438,14.892
"MRT",1978,1392713,45.167,14.623
"MRT",1979,1432758,44.686,14.299
"MRT",1980,1474042.5,44.524,13.978
"MRT",1981,1516876.5,44.395,13.647
"MRT",1982,1561175.5,43.981,13.269
"MRT",1983,1606746.5,43.591,12.978
"MRT",1984,1653692.5,43.225,12.563
"MRT",1985,1702106.5,42.775,12.151
"MRT",1986,1751835,42.223,11.79
"MRT",1987,1803014.5,41.912,11.387
"MRT",1988,1855858.5,41.588,11.061
"MRT",1989,1903048,41.783,10.956
"MRT",1990,1951878,41.395,10.689
"MRT",1991,2009738,41.296,10.555
"MRT",1992,2088135.5,40.712,10.302
"MRT",1993,2174328,41.667,10.316
"MRT",1994,2249453.5,41.682,10.31
"MRT",1995,2312017,41.538,10.291
"MRT",1996,2358188,40.71,10.204
"MRT",1997,2411306,39.404,9.824
"MRT",1998,2474650.5,38.625,9.512
"MRT",1999,2541698,38.119,9.18
"MRT",2000,2613441.5,37.914,8.861
"MRT",2001,2678759.5,37.983,8.578
"MRT",2002,2738654.5,37.855,8.281
"MRT",2003,2802046,37.912,8.004
"MRT",2004,2868663.5,38.273,7.744
"MRT",2005,2939058.5,38.436,7.494
"MRT",2006,3013660,38.762,7.242
"MRT",2007,3093059.5,39.041,7.068
"MRT",2008,3183268.5,39.074,6.896
"MRT",2009,3284448.5,39.005,6.953
"MRT",2010,3390964.5,38.939,7.054
"MRT",2011,3502811.5,38.941,7.205
"MRT",2012,3619034,38.74,7.381
"MRT",2013,3734318.5,38.509,7.564
"MRT",2014,3848513.5,38.127,7.26
"MRT",2015,3965958.5,37.778,6.993
"MRT",2016,4086656.5,37.402,6.731
"MRT",2017,4210599.5,37.046,6.513
"MRT",2018,4337685,36.621,6.286
"MRT",2019,4467708,36.211,6.115
"MRT",2020,4600131,35.735,6.41
"MRT",2021,4734874.5,35.342,6.29
"MRT",2022,4875637.5,34.844,5.627
"MRT",2023,5022441.5,34.423,5.52
"MRT",2024,5169395.5,34.03,5.414
"MRT",2025,5315064.5,33.659,5.317
"MRT",2026,5461319,33.199,5.228
"MRT",2027,5608791,32.858,5.148
"MRT",2028,5757956.5,32.498,5.073
"MRT",2029,5909196.5,32.064,5.009
"MRT",2030,6062528,31.743,4.95
"MRT",2031,6217789,31.392,4.899
"MRT",2032,6374845.5,30.963,4.848
"MRT",2033,6533840.5,30.42,4.802
"MRT",2034,6694450.5,30.105,4.766
"MRT",2035,6856318.5,29.688,4.729
"MRT",2036,7019234.5,29.242,4.697
"MRT",2037,7183119,28.901,4.674
"MRT",2038,7348364.5,28.495,4.647
"MRT",2039,7514741.5,28.147,4.627
"MRT",2040,7681908.5,27.783,4.608
"MRT",2041,7850223,27.444,4.601
"MRT",2042,8020484,27.121,4.59
"MRT",2043,8192549,26.8,4.583
"MRT",2044,8365182,26.38,4.579
"MRT",2045,8538531,26.075,4.575
"MRT",2046,8713259.5,25.715,4.576
"MRT",2047,8888481,25.426,4.58
"MRT",2048,9064219,25.101,4.584
"MRT",2049,9240178,24.796,4.593
"MRT",2050,9415598,24.521,4.604
"MRT",2051,9592000.5,24.246,4.617
"MRT",2052,9769711,23.954,4.633
"MRT",2053,9947449.5,23.625,4.647
"MRT",2054,10124330,23.283,4.663
"MRT",2055,10300450,22.995,4.686
"MRT",2056,10475608.5,22.708,4.712
"MRT",2057,10650676,22.406,4.738
"MRT",2058,10827339,22.127,4.768
"MRT",2059,11004481.5,21.877,4.805
"MRT",2060,11180219.5,21.627,4.834
"MRT",2061,11355028.5,21.362,4.865
"MRT",2062,11529733.5,21.118,4.898
"MRT",2063,11703701.5,20.879,4.935
"MRT",2064,11877946,20.647,4.976
"MRT",2065,12051735,20.404,5.015
"MRT",2066,12224644,20.162,5.06
"MRT",2067,12397847,19.948,5.101
"MRT",2068,12569361,19.731,5.148
"MRT",2069,12739404.5,19.507,5.193
"MRT",2070,12908450,19.303,5.246
"MRT",2071,13076824.5,19.091,5.294
"MRT",2072,13244154,18.881,5.346
"MRT",2073,13409179,18.685,5.401
"MRT",2074,13572516.5,18.506,5.456
"MRT",2075,13734751.5,18.263,5.513
"MRT",2076,13895840.5,18.055,5.573
"MRT",2077,14055488.5,17.844,5.633
"MRT",2078,14213521.5,17.644,5.694
"MRT",2079,14368501,17.438,5.757
"MRT",2080,14520791,17.258,5.819
"MRT",2081,14672014.5,17.076,5.883
"MRT",2082,14821348.5,16.896,5.948
"MRT",2083,14968968,16.715,6.015
"MRT",2084,15114732,16.57,6.084
"MRT",2085,15257621.5,16.414,6.158
"MRT",2086,15398692,16.277,6.229
"MRT",2087,15538559,16.122,6.305
"MRT",2088,15676051,15.97,6.383
"MRT",2089,15810311.5,15.823,6.453
"MRT",2090,15941788,15.671,6.53
"MRT",2091,16071137.5,15.513,6.605
"MRT",2092,16197736,15.366,6.681
"MRT",2093,16321552.5,15.213,6.758
"MRT",2094,16443139.5,15.065,6.837
"MRT",2095,16561438,14.921,6.913
"MRT",2096,16677789.5,14.794,6.986
"MRT",2097,16792538,14.675,7.062
"MRT",2098,16904645,14.551,7.136
"MRT",2099,17013069.5,14.426,7.216
"MRT",2100,17118469.5,14.317,7.292
"MUS",1967,784257,29.661,8.503
"MUS",1968,799280.5,29.815,8.344
"MUS",1969,813741,26.191,7.914
"MUS",1970,827695.5,25.61,7.493
"MUS",1971,841106.5,24.138,7.415
"MUS",1972,853603.5,24.201,7.466
"MUS",1973,865144.5,22.662,7.228
"MUS",1974,876463,26.133,7.48
"MUS",1975,888023,25.065,7.553
"MUS",1976,899852,25.39,7.855
"MUS",1977,912147,25.523,7.58
"MUS",1978,925276.5,25.551,7.422
"MUS",1979,939387,25.171,7.14
"MUS",1980,954216,24.595,6.968
"MUS",1981,969218,23.717,6.721
"MUS",1982,983609.5,22.829,6.475
"MUS",1983,997366.5,21.824,6.365
"MUS",1984,1011238,20.516,6.331
"MUS",1985,1025063.5,18.975,6.344
"MUS",1986,1038344,18.017,6.327
"MUS",1987,1051111.5,18.509,6.285
"MUS",1988,1063593.5,19.284,6.286
"MUS",1989,1075982,20.136,6.373
"MUS",1990,1089023.5,20.773,6.382
"MUS",1991,1103041,20.514,6.337
"MUS",1992,1117670,20.866,6.362
"MUS",1993,1132393.5,20.217,6.37
"MUS",1994,1146548,19.433,6.42
"MUS",1995,1159820.5,18.37,6.408
"MUS",1996,1172383,18.06,6.547
"MUS",1997,1184298.5,17.244,6.581
"MUS",1998,1195105.5,16.165,6.567
"MUS",1999,1205891.5,17.102,6.437
"MUS",2000,1216628.5,16.565,6.376
"MUS",2001,1225801,15.791,6.418
"MUS",2002,1234085.5,15.839,6.551
"MUS",2003,1242098.5,15.321,6.58
"MUS",2004,1249799.5,15.168,6.619
"MUS",2005,1257215,14.653,6.706
"MUS",2006,1263780.5,13.664,6.743
"MUS",2007,1269518.5,13.227,6.826
"MUS",2008,1274635,12.59,6.841
"MUS",2009,1278972,11.95,6.94
"MUS",2010,1282709.5,11.648,6.852
"MUS",2011,1286267,11.513,6.81
"MUS",2012,1289170,11.452,6.88
"MUS",2013,1290983.5,10.901,7.017
"MUS",2014,1292004.5,10.468,7.108
"MUS",2015,1292275.5,10.013,7.275
"MUS",2016,1291803.5,10.217,7.399
"MUS",2017,1290655,10.51,7.514
"MUS",2018,1288833.5,10.247,8
"MUS",2019,1286270,10.118,8.358
"MUS",2020,1283223,10.384,8.252
"MUS",2021,1279623.5,10.123,9.9
"MUS",2022,1276129.5,9.504,9.597
"MUS",2023,1273588,9.268,8.734
"MUS",2024,1271169,9.125,9.049
"MUS",2025,1268279.5,8.994,9.238
"MUS",2026,1265058.5,8.896,9.433
"MUS",2027,1261631.5,8.813,9.631
"MUS",2028,1258043,8.724,9.83
"MUS",2029,1254283,8.644,10.037
"MUS",2030,1250432.5,8.584,10.25
"MUS",2031,1246392,8.512,10.462
"MUS",2032,1242019,8.455,10.679
"MUS",2033,1237319.5,8.387,10.903
"MUS",2034,1232297,8.327,11.124
"MUS",2035,1226954.5,8.261,11.344
"MUS",2036,1221285,8.172,11.564
"MUS",2037,1215308,8.09,11.786
"MUS",2038,1209009,7.995,12.009
"MUS",2039,1202318.5,7.881,12.226
"MUS",2040,1195222.5,7.747,12.447
"MUS",2041,1187768.5,7.596,12.67
"MUS",2042,1179996,7.455,12.886
"MUS",2043,1171863.5,7.296,13.086
"MUS",2044,1163409.5,7.167,13.281
"MUS",2045,1154659,7.035,13.481
"MUS",2046,1145607.5,6.921,13.674
"MUS",2047,1136303.5,6.83,13.857
"MUS",2048,1126763.5,6.756,14.03
"MUS",2049,1117043.5,6.692,14.2
"MUS",2050,1107196.5,6.645,14.359
"MUS",2051,1097238.5,6.618,14.523
"MUS",2052,1087163.5,6.591,14.673
"MUS",2053,1076968,6.568,14.831
"MUS",2054,1066684,6.559,14.972
"MUS",2055,1056362,6.543,15.116
"MUS",2056,1045956,6.518,15.259
"MUS",2057,1035486,6.498,15.403
"MUS",2058,1025017,6.476,15.55
"MUS",2059,1014505.5,6.462,15.704
"MUS",2060,1003907,6.458,15.85
"MUS",2061,993252,6.45,16.012
"MUS",2062,982551.5,6.445,16.172
"MUS",2063,971819,6.439,16.336
"MUS",2064,961039.5,6.428,16.506
"MUS",2065,950173,6.425,16.688
"MUS",2066,939284,6.412,16.862
"MUS",2067,928394,6.417,17.045
"MUS",2068,917477,6.418,17.234
"MUS",2069,906519,6.409,17.408
"MUS",2070,895473,6.397,17.592
"MUS",2071,884397,6.37,17.774
"MUS",2072,873283,6.342,17.965
"MUS",2073,862098.5,6.31,18.137
"MUS",2074,850895.5,6.279,18.323
"MUS",2075,839680.5,6.237,18.501
"MUS",2076,828445.5,6.199,18.669
"MUS",2077,817161,6.161,18.856
"MUS",2078,805863,6.125,19.024
"MUS",2079,794587,6.092,19.188
"MUS",2080,783338,6.078,19.354
"MUS",2081,772116,6.058,19.516
"MUS",2082,760899.5,6.046,19.664
"MUS",2083,749743,6.036,19.798
"MUS",2084,738679,6.043,19.91
"MUS",2085,727678,6.041,20.027
"MUS",2086,716760,6.063,20.113
"MUS",2087,705978.5,6.077,20.199
"MUS",2088,695346,6.092,20.264
"MUS",2089,684842,6.115,20.316
"MUS",2090,674493.5,6.147,20.323
"MUS",2091,664322.5,6.178,20.32
"MUS",2092,654335,6.206,20.312
"MUS",2093,644528.5,6.238,20.271
"MUS",2094,634920,6.273,20.213
"MUS",2095,625529.5,6.298,20.113
"MUS",2096,616351.5,6.324,20.005
"MUS",2097,607381.5,6.343,19.904
"MUS",2098,598624.5,6.363,19.775
"MUS",2099,590075.5,6.379,19.624
"MUS",2100,581716,6.392,19.499
"MWI",1967,4303012,54.276,29.487
"MWI",1968,4411054,54.364,29.352
"MWI",1969,4521183.5,54.137,29.117
"MWI",1970,4633944,53.96,28.75
"MWI",1971,4751434,53.695,28.226
"MWI",1972,4874474.5,53.463,27.67
"MWI",1973,5003937.5,53.201,26.916
"MWI",1974,5141337.5,52.891,26.085
"MWI",1975,5287366.5,52.719,25.247
"MWI",1976,5443384,52.572,24.387
"MWI",1977,5614983,52.365,23.526
"MWI",1978,5810131.5,52.356,22.666
"MWI",1979,6028749,52.435,22.226
"MWI",1980,6265529,52.705,21.942
"MWI",1981,6516454.5,52.377,21.772
"MWI",1982,6778879,52.031,21.733
"MWI",1983,7051709.5,51.389,21.691
"MWI",1984,7332809.5,50.756,21.825
"MWI",1985,7620508.5,50.356,21.988
"MWI",1986,7906480,49.787,22.149
"MWI",1987,8293174,48.606,22.01
"MWI",1988,8753261.5,48.754,22.831
"MWI",1989,9176220.5,48.451,22.518
"MWI",1990,9545852,48.437,22.231
"MWI",1991,9844226.5,48.393,21.962
"MWI",1992,10135079,48.062,21.514
"MWI",1993,10284024,48.409,21.519
"MWI",1994,10164894,48.413,21.316
"MWI",1995,10150117,46.836,20.556
"MWI",1996,10352227.5,46.213,20.127
"MWI",1997,10562035,46.002,19.735
"MWI",1998,10792876,45.856,19.412
"MWI",1999,11047804,45.416,18.657
"MWI",2000,11315942,44.572,18.022
"MWI",2001,11593058.5,44.179,17.367
"MWI",2002,11880440,43.955,16.779
"MWI",2003,12181574,43.907,15.903
"MWI",2004,12500737,43.965,15.076
"MWI",2005,12840031.5,44.003,14.32
"MWI",2006,13198700.5,43.755,13.667
"MWI",2007,13576343,43.274,13.053
"MWI",2008,13976417.5,42.564,12.386
"MWI",2009,14395788,41.745,11.541
"MWI",2010,14826463,40.686,10.708
"MWI",2011,15265022.5,39.69,9.939
"MWI",2012,15709577,38.564,9.239
"MWI",2013,16161815.5,37.722,8.623
"MWI",2014,16621538,36.503,8.081
"MWI",2015,17085587,35.296,7.642
"MWI",2016,17557739,34.225,7.184
"MWI",2017,18039715,33.682,6.816
"MWI",2018,18528081,33.227,6.546
"MWI",2019,19025752,32.902,6.301
"MWI",2020,19533887.5,32.536,6.189
"MWI",2021,20047258,32.066,6.257
"MWI",2022,20568728,31.738,5.803
"MWI",2023,21104482.5,31.381,5.363
"MWI",2024,21655286,31.143,5.292
"MWI",2025,22216119.5,30.848,5.237
"MWI",2026,22785535,30.381,5.184
"MWI",2027,23366187.5,30.071,5.136
"MWI",2028,23954450.5,29.701,5.091
"MWI",2029,24553502,29.407,5.053
"MWI",2030,25160287.5,28.902,5.013
"MWI",2031,25763535,28.481,4.991
"MWI",2032,26366761,28.041,4.964
"MWI",2033,26978421,27.616,4.941
"MWI",2034,27595298,27.186,4.928
"MWI",2035,28213795,26.748,4.921
"MWI",2036,28835600,26.307,4.917
"MWI",2037,29462509.5,25.876,4.916
"MWI",2038,30081752,25.473,4.925
"MWI",2039,30691587,25.051,4.933
"MWI",2040,31302098,24.656,4.949
"MWI",2041,31911246,24.278,4.973
"MWI",2042,32517507.5,23.896,5.002
"MWI",2043,33122491,23.548,5.035
"MWI",2044,33736528,23.2,5.073
"MWI",2045,34350954,22.888,5.117
"MWI",2046,34959611,22.589,5.162
"MWI",2047,35567993,22.27,5.211
"MWI",2048,36165760.5,21.985,5.265
"MWI",2049,36761003,21.714,5.32
"MWI",2050,37361682.5,21.447,5.379
"MWI",2051,37964325,21.19,5.442
"MWI",2052,38568583.5,20.915,5.506
"MWI",2053,39174573,20.685,5.571
"MWI",2054,39770455.5,20.457,5.64
"MWI",2055,40357521.5,20.208,5.71
"MWI",2056,40938489.5,19.958,5.787
"MWI",2057,41511359,19.732,5.857
"MWI",2058,42081234,19.522,5.935
"MWI",2059,42655652,19.31,6.013
"MWI",2060,43228183.5,19.074,6.09
"MWI",2061,43785931,18.838,6.167
"MWI",2062,44330130,18.624,6.243
"MWI",2063,44854818,18.397,6.32
"MWI",2064,45372466.5,18.182,6.4
"MWI",2065,45890787.5,17.979,6.485
"MWI",2066,46408691,17.773,6.572
"MWI",2067,46922128,17.556,6.648
"MWI",2068,47427612.5,17.375,6.734
"MWI",2069,47923944.5,17.209,6.823
"MWI",2070,48410340,17.038,6.907
"MWI",2071,48890060,16.85,6.992
"MWI",2072,49355296,16.671,7.074
"MWI",2073,49806633.5,16.49,7.161
"MWI",2074,50256738.5,16.329,7.243
"MWI",2075,50708852.5,16.162,7.322
"MWI",2076,51164010,15.998,7.406
"MWI",2077,51618822.5,15.852,7.491
"MWI",2078,52055278.5,15.711,7.574
"MWI",2079,52475230,15.561,7.659
"MWI",2080,52893307.5,15.403,7.737
"MWI",2081,53304783,15.266,7.818
"MWI",2082,53704434.5,15.123,7.901
"MWI",2083,54094648.5,14.984,7.984
"MWI",2084,54461680,14.877,8.072
"MWI",2085,54812020.5,14.76,8.16
"MWI",2086,55159958.5,14.633,8.242
"MWI",2087,55500709.5,14.499,8.322
"MWI",2088,55839159,14.368,8.406
"MWI",2089,56166457.5,14.255,8.484
"MWI",2090,56481187.5,14.14,8.563
"MWI",2091,56783372.5,14.014,8.651
"MWI",2092,57074420.5,13.886,8.73
"MWI",2093,57354603.5,13.752,8.801
"MWI",2094,57621842.5,13.634,8.87
"MWI",2095,57879214.5,13.528,8.941
"MWI",2096,58135895.5,13.426,9.006
"MWI",2097,58389576.5,13.326,9.075
"MWI",2098,58636392,13.223,9.14
"MWI",2099,58888533,13.134,9.195
"MWI",2100,59141258,13.046,9.255
"MYT",1967,32265,45.88,9.833
"MYT",1968,33242.5,46.511,9.355
"MYT",1969,34148,46.628,8.886
"MYT",1970,35096,46.788,8.408
"MYT",1971,36112.5,46.936,7.995
"MYT",1972,37216,47.016,7.59
"MYT",1973,38395,47.127,7.214
"MYT",1974,39650,47.248,6.854
"MYT",1975,40967.5,47.517,6.525
"MYT",1976,42335.5,47.449,6.209
"MYT",1977,43757.5,47.373,5.91
"MYT",1978,45420,47.02,5.615
"MYT",1979,47584,46.872,5.32
"MYT",1980,50145.5,47.27,5.043
"MYT",1981,52930,47.536,4.802
"MYT",1982,55901,47.64,4.575
"MYT",1983,58995,47.583,4.368
"MYT",1984,62172,47.305,4.171
"MYT",1985,65587.5,46.656,3.976
"MYT",1986,69619,46.14,3.784
"MYT",1987,74219,46.082,3.63
"MYT",1988,79114,45.92,3.484
"MYT",1989,84268,45.586,3.356
"MYT",1990,89592.5,45.103,3.237
"MYT",1991,95097,44.592,3.114
"MYT",1992,101193.5,43.866,2.998
"MYT",1993,107969.5,43.447,2.912
"MYT",1994,115133.5,43.042,2.835
"MYT",1995,122575.5,42.591,2.775
"MYT",1996,130162.5,42.111,2.713
"MYT",1997,137431,41.325,2.65
"MYT",1998,143975,40.138,2.574
"MYT",1999,150207.5,38.593,2.499
"MYT",2000,156492,37.141,2.433
"MYT",2001,162701,35.722,2.393
"MYT",2002,168080,34.519,2.372
"MYT",2003,171690,33.25,2.37
"MYT",2004,175032.5,31.67,2.327
"MYT",2005,179601,33.766,2.306
"MYT",2006,184991.5,35.451,2.221
"MYT",2007,190760.5,36.955,2.138
"MYT",2008,196406,37.694,2.087
"MYT",2009,201895.5,37.244,2.075
"MYT",2010,207421.5,36.567,2.093
"MYT",2011,212978.5,35.731,2.144
"MYT",2012,218992,34.915,2.231
"MYT",2013,226623,35.015,2.308
"MYT",2014,235775,35.807,2.392
"MYT",2015,245579.5,36.784,2.495
"MYT",2016,255872,36.855,2.584
"MYT",2017,265164.5,36.365,2.623
"MYT",2018,269689.5,36.547,2.693
"MYT",2019,274910.5,35.104,2.718
"MYT",2020,284370.5,32.004,3.142
"MYT",2021,294421,35.672,3.564
"MYT",2022,305268.5,35.685,2.934
"MYT",2023,316015.5,35.396,2.703
"MYT",2024,326505.5,34.518,2.679
"MYT",2025,337011,33.701,2.659
"MYT",2026,347536,32.993,2.643
"MYT",2027,358141.5,32.354,2.631
"MYT",2028,368839,31.812,2.626
"MYT",2029,379631.5,31.27,2.623
"MYT",2030,390534.5,30.872,2.624
"MYT",2031,401566,30.399,2.629
"MYT",2032,412770,29.987,2.638
"MYT",2033,424085,29.634,2.649
"MYT",2034,435506.5,29.309,2.664
"MYT",2035,447061,29.026,2.684
"MYT",2036,458800.5,28.737,2.703
"MYT",2037,470796.5,28.502,2.723
"MYT",2038,482984,28.248,2.745
"MYT",2039,495412,28.04,2.768
"MYT",2040,508067,27.863,2.793
"MYT",2041,521023,27.638,2.819
"MYT",2042,534258.5,27.476,2.849
"MYT",2043,547618.5,27.262,2.877
"MYT",2044,561093,27.025,2.906
"MYT",2045,574854,26.767,2.934
"MYT",2046,588841.5,26.447,2.964
"MYT",2047,602912.5,26.106,2.996
"MYT",2048,617090.5,25.777,3.027
"MYT",2049,631299,25.395,3.059
"MYT",2050,645426,25.055,3.092
"MYT",2051,659490.5,24.688,3.129
"MYT",2052,673682,24.343,3.162
"MYT",2053,687989,23.994,3.198
"MYT",2054,702327.5,23.67,3.235
"MYT",2055,716834.5,23.332,3.274
"MYT",2056,731545,23.02,3.315
"MYT",2057,746236.5,22.728,3.353
"MYT",2058,760803,22.46,3.392
"MYT",2059,775267,22.16,3.436
"MYT",2060,789689.5,21.885,3.48
"MYT",2061,804101,21.591,3.526
"MYT",2062,818563.5,21.356,3.569
"MYT",2063,833137.5,21.12,3.612
"MYT",2064,847786,20.893,3.655
"MYT",2065,862566.5,20.67,3.695
"MYT",2066,877669,20.486,3.731
"MYT",2067,893066.5,20.316,3.768
"MYT",2068,908453,20.143,3.799
"MYT",2069,923844.5,19.942,3.828
"MYT",2070,939449.5,19.737,3.853
"MYT",2071,954880,19.577,3.876
"MYT",2072,970252.5,19.388,3.898
"MYT",2073,985809,19.241,3.919
"MYT",2074,1001202,19.069,3.937
"MYT",2075,1016435,18.884,3.958
"MYT",2076,1031613.5,18.7,3.97
"MYT",2077,1046937,18.499,3.985
"MYT",2078,1062293,18.335,3.999
"MYT",2079,1077390,18.15,4.012
"MYT",2080,1092332.5,17.934,4.027
"MYT",2081,1107216,17.73,4.047
"MYT",2082,1122152.5,17.514,4.071
"MYT",2083,1137076,17.329,4.096
"MYT",2084,1151858,17.139,4.12
"MYT",2085,1166679.5,16.926,4.153
"MYT",2086,1181438,16.696,4.193
"MYT",2087,1196049,16.521,4.235
"MYT",2088,1210645,16.341,4.287
"MYT",2089,1225035,16.181,4.346
"MYT",2090,1239191,15.991,4.412
"MYT",2091,1253201.5,15.821,4.488
"MYT",2092,1267105.5,15.638,4.568
"MYT",2093,1280888,15.476,4.659
"MYT",2094,1294722.5,15.32,4.753
"MYT",2095,1308695,15.177,4.85
"MYT",2096,1322544.5,15.041,4.955
"MYT",2097,1336073,14.913,5.06
"MYT",2098,1349404,14.799,5.165
"MYT",2099,1362494,14.687,5.273
"MYT",2100,1375550.5,14.544,5.381
"NAM",1967,696045,43.017,15.004
"NAM",1968,715541.5,43.217,14.609
"NAM",1969,736119.5,43.286,14.232
"NAM",1970,757868,43.446,13.871
"NAM",1971,780584,43.551,13.488
"NAM",1972,804398.5,43.726,13.137
"NAM",1973,828928,43.854,12.784
"NAM",1974,854320,43.873,12.452
"NAM",1975,881032,43.718,12.07
"NAM",1976,906566,43.523,11.771
"NAM",1977,931104,42.813,11.408
"NAM",1978,947269,42.649,11.168
"NAM",1979,962825,40.844,10.797
"NAM",1980,981434.5,40.603,11.929
"NAM",1981,992500.5,39.822,11.673
"NAM",1982,1010308.5,38.448,11.254
"NAM",1983,1037511,38.282,10.998
"NAM",1984,1065989.5,38.286,10.711
"NAM",1985,1096890,38.32,10.445
"NAM",1986,1131080.5,38.335,10.252
"NAM",1987,1167888.5,38.562,10.015
"NAM",1988,1209696,38.735,9.969
"NAM",1989,1288947.5,38.226,8.966
"NAM",1990,1369302.5,40.957,8.856
"NAM",1991,1415683.5,40.477,9.027
"NAM",1992,1461322,39.275,9.203
"NAM",1993,1508697.5,37.876,9.467
"NAM",1994,1556304,36.273,9.725
"NAM",1995,1602170.5,34.453,10.037
"NAM",1996,1646103.5,32.946,10.361
"NAM",1997,1689263.5,32.771,10.716
"NAM",1998,1732744.5,32.9,11.258
"NAM",1999,1776368,32.629,11.669
"NAM",2000,1818647,31.612,12.213
"NAM",2001,1857048,30.481,12.742
"NAM",2002,1889970.5,29.636,12.733
"NAM",2003,1917463.5,29.028,12.801
"NAM",2004,1942082,28.918,12.71
"NAM",2005,1966581.5,29.316,12.582
"NAM",2006,1991887.5,29.734,12.318
"NAM",2007,2018600,29.979,11.932
"NAM",2008,2047056,30.265,11.63
"NAM",2009,2077393.5,30.616,11.389
"NAM",2010,2109810.5,31.006,11.077
"NAM",2011,2146325,31.142,10.848
"NAM",2012,2194654,31.352,10.299
"NAM",2013,2252507.5,31.177,9.956
"NAM",2014,2312138.5,31.011,9.567
"NAM",2015,2374299.5,30.668,9.253
"NAM",2016,2439213,30.31,8.898
"NAM",2017,2506853,29.652,8.52
"NAM",2018,2577326.5,29.067,8.127
"NAM",2019,2650494.5,28.386,7.722
"NAM",2020,2728761.5,27.687,7.519
"NAM",2021,2810547.5,27.022,9.175
"NAM",2022,2889662.5,26.343,7.471
"NAM",2023,2963095,25.89,6.169
"NAM",2024,3030131,25.891,6.176
"NAM",2025,3092816.5,25.442,6.183
"NAM",2026,3153246,25.03,6.197
"NAM",2027,3212904.5,24.632,6.21
"NAM",2028,3272163,24.258,6.233
"NAM",2029,3330805.5,23.887,6.264
"NAM",2030,3389958,23.526,6.292
"NAM",2031,3449496,23.239,6.327
"NAM",2032,3508237,22.963,6.368
"NAM",2033,3565341.5,22.736,6.408
"NAM",2034,3621821,22.493,6.448
"NAM",2035,3678879.5,22.288,6.496
"NAM",2036,3735930.5,22.109,6.551
"NAM",2037,3792795.5,21.94,6.603
"NAM",2038,3850301,21.761,6.651
"NAM",2039,3907180.5,21.583,6.711
"NAM",2040,3962405,21.401,6.777
"NAM",2041,4017678.5,21.197,6.841
"NAM",2042,4073357,21.015,6.904
"NAM",2043,4129570,20.782,6.968
"NAM",2044,4186104,20.568,7.026
"NAM",2045,4243349.5,20.339,7.089
"NAM",2046,4299961,20.122,7.153
"NAM",2047,4355498,19.868,7.219
"NAM",2048,4409449.5,19.633,7.287
"NAM",2049,4460501.5,19.387,7.355
"NAM",2050,4512300.5,19.133,7.425
"NAM",2051,4564906,18.904,7.497
"NAM",2052,4616271.5,18.669,7.57
"NAM",2053,4666786,18.445,7.643
"NAM",2054,4716094,18.21,7.718
"NAM",2055,4764871.5,17.956,7.797
"NAM",2056,4812927.5,17.744,7.878
"NAM",2057,4859148,17.504,7.956
"NAM",2058,4904467.5,17.231,8.039
"NAM",2059,4948806,17.005,8.12
"NAM",2060,4992780.5,16.785,8.201
"NAM",2061,5035412,16.592,8.288
"NAM",2062,5076029.5,16.41,8.377
"NAM",2063,5115886,16.234,8.463
"NAM",2064,5153864.5,16.086,8.554
"NAM",2065,5189914,15.942,8.644
"NAM",2066,5226207,15.787,8.733
"NAM",2067,5262697.5,15.666,8.816
"NAM",2068,5297729,15.545,8.913
"NAM",2069,5330812,15.404,9
"NAM",2070,5361952,15.282,9.09
"NAM",2071,5392094,15.147,9.178
"NAM",2072,5421638.5,15.04,9.272
"NAM",2073,5449974.5,14.95,9.368
"NAM",2074,5478137.5,14.857,9.443
"NAM",2075,5507229,14.754,9.513
"NAM",2076,5535422.5,14.623,9.584
"NAM",2077,5561882.5,14.497,9.654
"NAM",2078,5587411.5,14.387,9.715
"NAM",2079,5611420,14.278,9.788
"NAM",2080,5635057,14.149,9.852
"NAM",2081,5658707.5,14.009,9.913
"NAM",2082,5680541.5,13.892,9.966
"NAM",2083,5700529.5,13.758,10.026
"NAM",2084,5719149,13.625,10.09
"NAM",2085,5736757.5,13.515,10.154
"NAM",2086,5754869,13.409,10.199
"NAM",2087,5772717,13.293,10.26
"NAM",2088,5788735.5,13.176,10.32
"NAM",2089,5803190.5,13.045,10.396
"NAM",2090,5817169,12.95,10.463
"NAM",2091,5830570,12.865,10.531
"NAM",2092,5842812,12.763,10.595
"NAM",2093,5854300.5,12.649,10.68
"NAM",2094,5863779.5,12.544,10.754
"NAM",2095,5871652.5,12.451,10.83
"NAM",2096,5877535,12.374,10.902
"NAM",2097,5881977.5,12.294,10.981
"NAM",2098,5887091.5,12.221,11.065
"NAM",2099,5892539,12.145,11.145
"NAM",2100,5897944,12.077,11.221
"NER",1967,4283590,55.999,27.668
"NER",1968,4403637,55.785,27.785
"NER",1969,4525725,55.62,27.914
"NER",1970,4650274.5,55.581,28.016
"NER",1971,4776225,55.501,28.655
"NER",1972,4904845,55.478,28.196
"NER",1973,5037865.5,55.462,28.13
"NER",1974,5174953.5,55.503,27.946
"NER",1975,5317019,55.483,27.655
"NER",1976,5464961.5,55.488,27.219
"NER",1977,5619716,55.539,26.749
"NER",1978,5782932.5,56.015,26.339
"NER",1979,5955555.5,56.258,25.928
"NER",1980,6135971,56.54,25.697
"NER",1981,6322006,56.596,25.603
"NER",1982,6512732,56.58,25.562
"NER",1983,6708643.5,56.559,25.56
"NER",1984,6909971,56.479,25.638
"NER",1985,7118457,56.388,25.594
"NER",1986,7335811,56.097,25.512
"NER",1987,7561149.5,55.936,25.336
"NER",1988,7793748.5,55.477,25.03
"NER",1989,8034780.5,55.163,24.636
"NER",1990,8286059.5,55.093,24.126
"NER",1991,8546900.5,54.791,23.607
"NER",1992,8817633.5,54.524,22.918
"NER",1993,9100789,54.327,22.227
"NER",1994,9398258.5,54.106,21.544
"NER",1995,9714528.5,54.092,20.778
"NER",1996,10044851.5,54.082,20.112
"NER",1997,10383969.5,54.021,19.473
"NER",1998,10741412.5,53.991,18.882
"NER",1999,11117411,53.767,18.308
"NER",2000,11509630,53.39,17.7
"NER",2001,11920647.5,53.015,17.076
"NER",2002,12349144,52.581,16.403
"NER",2003,12796984,52.178,15.662
"NER",2004,13265836.5,51.776,14.965
"NER",2005,13756191.5,51.417,14.258
"NER",2006,14268581,50.967,13.586
"NER",2007,14803609.5,50.594,12.981
"NER",2008,15361914.5,50.172,12.434
"NER",2009,15943675.5,49.8,12
"NER",2010,16548834.5,49.353,11.605
"NER",2011,17176283,48.823,11.261
"NER",2012,17836769.5,48.217,10.99
"NER",2013,18519898.5,47.796,10.751
"NER",2014,19215909,47.2,10.532
"NER",2015,19939498,46.577,10.386
"NER",2016,20685753.5,45.881,10.156
"NER",2017,21435446.5,45.057,9.957
"NER",2018,22188069,44.181,9.769
"NER",2019,22947757.5,43.366,9.573
"NER",2020,23717613.5,42.6,9.526
"NER",2021,24502140,41.932,9.55
"NER",2022,25311973,41.95,9.173
"NER",2023,26159867,41.892,8.859
"NER",2024,27032412.5,41.42,8.719
"NER",2025,27917831,40.769,8.581
"NER",2026,28814878,40.154,8.44
"NER",2027,29723696.5,39.461,8.29
"NER",2028,30643562.5,38.778,8.142
"NER",2029,31575094.5,38.194,8.005
"NER",2030,32518075,37.534,7.866
"NER",2031,33469617.5,36.773,7.733
"NER",2032,34428639,36.118,7.608
"NER",2033,35397037,35.564,7.489
"NER",2034,36372384.5,34.76,7.366
"NER",2035,37353463,34.168,7.255
"NER",2036,38340145,33.47,7.152
"NER",2037,39330376,32.795,7.047
"NER",2038,40323470.5,32.117,6.951
"NER",2039,41318411.5,31.516,6.859
"NER",2040,42316740.5,30.967,6.779
"NER",2041,43319238.5,30.399,6.703
"NER",2042,44326122.5,29.911,6.634
"NER",2043,45337255,29.428,6.573
"NER",2044,46353161.5,28.993,6.52
"NER",2045,47374117,28.559,6.469
"NER",2046,48398000.5,28.088,6.427
"NER",2047,49423856.5,27.645,6.388
"NER",2048,50452204,27.245,6.355
"NER",2049,51482566,26.829,6.325
"NER",2050,52513876,26.425,6.294
"NER",2051,53546930,26.052,6.268
"NER",2052,54579905.5,25.666,6.258
"NER",2053,55611925.5,25.285,6.25
"NER",2054,56642907,24.896,6.242
"NER",2055,57670448.5,24.488,6.24
"NER",2056,58692350,24.088,6.241
"NER",2057,59709194.5,23.724,6.242
"NER",2058,60721691.5,23.339,6.262
"NER",2059,61727053.5,22.967,6.281
"NER",2060,62724334.5,22.613,6.305
"NER",2061,63714662.5,22.267,6.335
"NER",2062,64697091,21.918,6.368
"NER",2063,65669718.5,21.595,6.407
"NER",2064,66632379.5,21.269,6.448
"NER",2065,67583439.5,20.936,6.495
"NER",2066,68524007.5,20.64,6.544
"NER",2067,69454657.5,20.328,6.6
"NER",2068,70372169,20.023,6.658
"NER",2069,71276437,19.747,6.724
"NER",2070,72166391,19.462,6.801
"NER",2071,73041676.5,19.181,6.875
"NER",2072,73903260.5,18.942,6.959
"NER",2073,74749790.5,18.695,7.047
"NER",2074,75580229,18.452,7.137
"NER",2075,76395928,18.227,7.232
"NER",2076,77197233,17.997,7.328
"NER",2077,77981277.5,17.777,7.429
"NER",2078,78747339,17.552,7.532
"NER",2079,79495448.5,17.348,7.632
"NER",2080,80226967.5,17.165,7.739
"NER",2081,80941159.5,16.96,7.85
"NER",2082,81637348,16.779,7.954
"NER",2083,82315711,16.585,8.07
"NER",2084,82973775.5,16.386,8.188
"NER",2085,83611322,16.202,8.302
"NER",2086,84227766.5,16.016,8.418
"NER",2087,84823965,15.853,8.537
"NER",2088,85401756,15.683,8.646
"NER",2089,85960005.5,15.529,8.757
"NER",2090,86498189,15.392,8.875
"NER",2091,87017328,15.25,8.991
"NER",2092,87517732,15.114,9.094
"NER",2093,87998816,14.966,9.205
"NER",2094,88458927,14.815,9.316
"NER",2095,88899374.5,14.682,9.415
"NER",2096,89321566,14.545,9.517
"NER",2097,89724980.5,14.397,9.623
"NER",2098,90108441.5,14.27,9.721
"NER",2099,90472397.5,14.158,9.818
"NER",2100,90819274,14.046,9.912
"NGA",1967,52293064.5,47.064,26.356
"NGA",1968,53432783.5,47.161,25.297
"NGA",1969,54631913.5,47.261,25.049
"NGA",1970,55893837.5,47.384,24.206
"NGA",1971,57214684,47.765,23.752
"NGA",1972,58601748,47.953,23.228
"NGA",1973,60082139.5,48.194,22.804
"NGA",1974,61679144,48.658,22.315
"NGA",1975,63410815.5,49.009,21.906
"NGA",1976,65258009,49.001,21
"NGA",1977,67234589.5,49.115,20.5
"NGA",1978,69326532,49.252,20.12
"NGA",1979,71498241.5,48.797,19.778
"NGA",1980,73764641.5,48.288,19.526
"NGA",1981,76068103.5,47.858,19.201
"NGA",1982,78378701,47.529,19.034
"NGA",1983,80438260,47.529,19.034
"NGA",1984,82526443,46.541,18.937
"NGA",1985,84897972.5,45.899,18.928
"NGA",1986,87235953,45.292,18.984
"NGA",1987,89591715.5,44.848,18.926
"NGA",1988,92020090,44.715,18.89
"NGA",1989,94531014,44.79,18.848
"NGA",1990,97120925,44.513,18.855
"NGA",1991,99720161.5,44.321,18.972
"NGA",1992,102372770.5,44.211,18.851
"NGA",1993,105122069.5,44.109,18.675
"NGA",1994,107935714,43.991,18.65
"NGA",1995,110819428,44.079,18.535
"NGA",1996,113754778.5,43.85,18.513
"NGA",1997,116754791.5,43.509,18.358
"NGA",1998,119846254.5,43.218,18.153
"NGA",1999,123047320,43.447,17.803
"NGA",2000,126382494,43.892,17.439
"NGA",2001,129862594.5,43.934,17.149
"NGA",2002,133471988.5,43.822,16.799
"NGA",2003,137202644.5,43.71,16.37
"NGA",2004,141057045,43.474,15.986
"NGA",2005,145017253.5,43.37,15.692
"NGA",2006,149077333.5,43.172,15.43
"NGA",2007,153267261,42.897,15.067
"NGA",2008,157595014,42.803,14.801
"NGA",2009,162049464,42.497,14.554
"NGA",2010,166642885.5,42.139,14.36
"NGA",2011,171379597.5,41.793,14.203
"NGA",2012,176200624.5,41.116,14.019
"NGA",2013,181049443,40.441,13.864
"NGA",2014,185896915,39.892,13.736
"NGA",2015,190671878,38.951,13.656
"NGA",2016,195443700,37.771,13.408
"NGA",2017,200254578.5,36.693,13.192
"NGA",2018,204938754.5,35.69,12.952
"NGA",2019,209485641,34.685,12.679
"NGA",2020,213996181,33.732,12.586
"NGA",2021,218529286.5,33.546,12.306
"NGA",2022,223150895.5,33.192,11.953
"NGA",2023,227882945,32.954,11.74
"NGA",2024,232679477.5,32.493,11.641
"NGA",2025,237527781.5,32.167,11.558
"NGA",2026,242431832,31.81,11.47
"NGA",2027,247374262.5,31.386,11.391
"NGA",2028,252346127.5,31.008,11.316
"NGA",2029,257352638,30.696,11.254
"NGA",2030,262380969.5,30.279,11.197
"NGA",2031,267421074.5,29.918,11.135
"NGA",2032,272483642,29.577,11.073
"NGA",2033,277555115,29.141,11.014
"NGA",2034,282622397,28.762,10.958
"NGA",2035,287685762.5,28.374,10.911
"NGA",2036,292739396,27.986,10.864
"NGA",2037,297773244,27.554,10.818
"NGA",2038,302782358.5,27.146,10.773
"NGA",2039,307764756,26.748,10.732
"NGA",2040,312710415.5,26.306,10.689
"NGA",2041,317607244,25.855,10.655
"NGA",2042,322450309.5,25.42,10.613
"NGA",2043,327243939.5,25.019,10.584
"NGA",2044,331983358,24.616,10.566
"NGA",2045,336662501.5,24.22,10.541
"NGA",2046,341281763,23.849,10.526
"NGA",2047,345844009,23.486,10.512
"NGA",2048,350347769,23.124,10.496
"NGA",2049,354792425,22.802,10.489
"NGA",2050,359185555.5,22.496,10.49
"NGA",2051,363523610.5,22.189,10.489
"NGA",2052,367803706.5,21.931,10.498
"NGA",2053,372023922.5,21.641,10.507
"NGA",2054,376177420,21.348,10.512
"NGA",2055,380268493.5,21.083,10.523
"NGA",2056,384300680,20.84,10.539
"NGA",2057,388268095.5,20.585,10.565
"NGA",2058,392170713.5,20.359,10.58
"NGA",2059,396009371.5,20.132,10.601
"NGA",2060,399785267,19.908,10.624
"NGA",2061,403501394.5,19.67,10.647
"NGA",2062,407149193.5,19.421,10.679
"NGA",2063,410725690.5,19.188,10.712
"NGA",2064,414232572,18.963,10.745
"NGA",2065,417659131,18.743,10.786
"NGA",2066,420998046.5,18.523,10.837
"NGA",2067,424256028,18.329,10.881
"NGA",2068,427425878,18.125,10.931
"NGA",2069,430503484,17.917,10.989
"NGA",2070,433485694,17.718,11.056
"NGA",2071,436373279.5,17.522,11.118
"NGA",2072,439170599,17.332,11.189
"NGA",2073,441867332,17.148,11.266
"NGA",2074,444465529,16.972,11.349
"NGA",2075,446969592.5,16.794,11.43
"NGA",2076,449370432,16.62,11.513
"NGA",2077,451660302,16.452,11.618
"NGA",2078,453850397,16.294,11.713
"NGA",2079,455942794.5,16.15,11.817
"NGA",2080,457921590,15.995,11.927
"NGA",2081,459785704.5,15.85,12.033
"NGA",2082,461539632,15.727,12.144
"NGA",2083,463189386.5,15.59,12.246
"NGA",2084,464743616.5,15.475,12.364
"NGA",2085,466191503.5,15.346,12.483
"NGA",2086,467531292,15.227,12.597
"NGA",2087,468768175,15.115,12.705
"NGA",2088,469901801,15.002,12.8
"NGA",2089,470940051.5,14.908,12.904
"NGA",2090,471885518.5,14.804,13.009
"NGA",2091,472741815.5,14.699,13.098
"NGA",2092,473500175.5,14.583,13.19
"NGA",2093,474160897,14.492,13.278
"NGA",2094,474739496.5,14.408,13.359
"NGA",2095,475247942,14.323,13.437
"NGA",2096,475693113,14.245,13.511
"NGA",2097,476068925,14.156,13.582
"NGA",2098,476375125.5,14.077,13.659
"NGA",2099,476601903.5,13.977,13.718
"NGA",2100,476747781,13.895,13.786
"REU",1967,440311,36.99,8.546
"REU",1968,450379.5,35.933,8.279
"REU",1969,460060.5,33.837,7.94
"REU",1970,469088,29.728,7.592
"REU",1971,477601,28.665,7.296
"REU",1972,486030.5,28.585,7.09
"REU",1973,494459.5,28.512,6.915
"REU",1974,502827.5,28.559,6.729
"REU",1975,511301.5,28.445,6.528
"REU",1976,519934.5,27.862,6.337
"REU",1977,528559,27.213,6.138
"REU",1978,537082,26.409,5.953
"REU",1979,545367.5,25.295,5.779
"REU",1980,553134,23.514,5.663
"REU",1981,560977,24.058,5.464
"REU",1982,569638.5,21.668,5.259
"REU",1983,579232,21.762,5.128
"REU",1984,589683,22.068,5.025
"REU",1985,600411,21.426,5.012
"REU",1986,610883,20.266,4.962
"REU",1987,621104,19.927,4.979
"REU",1988,631260,19.612,4.951
"REU",1989,641485,19.623,4.986
"REU",1990,652572,20.639,4.991
"REU",1991,664454.5,19.974,5.015
"REU",1992,676420,19.64,5.008
"REU",1993,688100,18.323,5.02
"REU",1994,699365,17.777,5.001
"REU",1995,710455,17.301,5.009
"REU",1996,721451.5,17.148,5.013
"REU",1997,732711.5,17.749,5.024
"REU",1998,744065,17.644,5.035
"REU",1999,754114,17.991,5.083
"REU",2000,763140.5,19.409,5.142
"REU",2001,772235.5,19.254,5.201
"REU",2002,781303,19.075,5.228
"REU",2003,790560.5,19.337,5.25
"REU",2004,797000.5,19.616,5.298
"REU",2005,800224,19.831,5.209
"REU",2006,806679.5,18.952,4.996
"REU",2007,818729,18.658,4.755
"REU",2008,830488,18.566,4.63
"REU",2009,838467.5,17.752,4.56
"REU",2010,844471.5,16.281,4.508
"REU",2011,846782,16.183,4.468
"REU",2012,845058.5,16.424,4.519
"REU",2013,847595.5,16.075,4.568
"REU",2014,858670,15.818,4.651
"REU",2015,865012,15.496,4.817
"REU",2016,862859.5,15.333,4.903
"REU",2017,858754,15.094,5.047
"REU",2018,856942,14.092,5.219
"REU",2019,857327.5,13.86,5.453
"REU",2020,861446,13.74,5.417
"REU",2021,868079,14.022,6.254
"REU",2022,871540.5,13.911,6.413
"REU",2023,874883,13.719,5.482
"REU",2024,878590.5,13.329,5.63
"REU",2025,882405.5,13.024,5.782
"REU",2026,886298,12.778,5.946
"REU",2027,890208.5,12.577,6.108
"REU",2028,893951.5,12.396,6.282
"REU",2029,897509,12.26,6.457
"REU",2030,900869,12.165,6.633
"REU",2031,904250.5,12.092,6.816
"REU",2032,907646,12.067,7.002
"REU",2033,910820,12.057,7.188
"REU",2034,913802,12.064,7.376
"REU",2035,916696.5,12.107,7.571
"REU",2036,919617,12.151,7.764
"REU",2037,922370,12.205,7.957
"REU",2038,924933,12.239,8.153
"REU",2039,927293.5,12.277,8.352
"REU",2040,929478,12.265,8.547
"REU",2041,931613.5,12.249,8.745
"REU",2042,933671.5,12.228,8.95
"REU",2043,935654,12.169,9.146
"REU",2044,937463.5,12.072,9.334
"REU",2045,938886.5,11.976,9.523
"REU",2046,939906.5,11.859,9.716
"REU",2047,940782,11.722,9.897
"REU",2048,941356,11.575,10.071
"REU",2049,941558,11.429,10.249
"REU",2050,941413,11.285,10.411
"REU",2051,940883.5,11.137,10.569
"REU",2052,940171.5,10.988,10.713
"REU",2053,939235,10.859,10.846
"REU",2054,938060.5,10.737,10.963
"REU",2055,936698,10.629,11.074
"REU",2056,935203,10.538,11.148
"REU",2057,933485,10.454,11.225
"REU",2058,931581.5,10.385,11.284
"REU",2059,929722.5,10.341,11.327
"REU",2060,927740,10.306,11.351
"REU",2061,925731.5,10.269,11.363
"REU",2062,923787,10.24,11.35
"REU",2063,921829.5,10.225,11.326
"REU",2064,919894.5,10.209,11.296
"REU",2065,917948,10.213,11.259
"REU",2066,915977,10.221,11.212
"REU",2067,914046,10.229,11.148
"REU",2068,912200,10.238,11.086
"REU",2069,910532.5,10.258,11.03
"REU",2070,908898.5,10.267,10.965
"REU",2071,907232.5,10.282,10.904
"REU",2072,905736.5,10.283,10.841
"REU",2073,904325.5,10.286,10.773
"REU",2074,902944,10.281,10.725
"REU",2075,901673.5,10.265,10.669
"REU",2076,900399,10.232,10.611
"REU",2077,899148,10.194,10.564
"REU",2078,897902,10.136,10.522
"REU",2079,896496.5,10.085,10.482
"REU",2080,895009,10.008,10.441
"REU",2081,893518.5,9.925,10.395
"REU",2082,892043,9.827,10.36
"REU",2083,890601.5,9.731,10.328
"REU",2084,889070,9.629,10.311
"REU",2085,887427,9.523,10.294
"REU",2086,885686.5,9.431,10.292
"REU",2087,883880,9.348,10.291
"REU",2088,882050,9.275,10.304
"REU",2089,880063.5,9.202,10.327
"REU",2090,878016,9.135,10.35
"REU",2091,875948,9.082,10.405
"REU",2092,873761,9.03,10.467
"REU",2093,871384,8.989,10.542
"REU",2094,868887,8.962,10.629
"REU",2095,866343.5,8.933,10.722
"REU",2096,863769,8.915,10.835
"REU",2097,861096,8.901,10.968
"REU",2098,858235,8.896,11.107
"REU",2099,855278.5,8.891,11.241
"REU",2100,852214,8.891,11.384
"RWA",1967,3629577,47.437,17.667
"RWA",1968,3744010,47.564,17.804
"RWA",1969,3861271,47.898,18.013
"RWA",1970,3980668.5,48.228,18.265
"RWA",1971,4100044,48.451,18.557
"RWA",1972,4220335,48.851,18.9
"RWA",1973,4345046.5,49.414,19.26
"RWA",1974,4474228,49.965,19.626
"RWA",1975,4607728,50.406,19.893
"RWA",1976,4745954.5,51.126,20.012
"RWA",1977,4888240.5,51.619,19.908
"RWA",1978,5035170.5,52.065,19.538
"RWA",1979,5189540.5,52.521,18.9
"RWA",1980,5353259,52.684,18.128
"RWA",1981,5527230.5,52.697,17.278
"RWA",1982,5711549,52.387,16.469
"RWA",1983,5905311.5,51.792,15.765
"RWA",1984,6107627,51.119,15.207
"RWA",1985,6317228,50.209,14.783
"RWA",1986,6531881,49.031,14.504
"RWA",1987,6749492.5,47.821,14.375
"RWA",1988,6968071,46.557,14.445
"RWA",1989,7184706,45.307,15.016
"RWA",1990,7375307,44.074,15.886
"RWA",1991,7526965.5,42.785,16.688
"RWA",1992,7683266.5,42.245,17.773
"RWA",1993,7981132,41.542,18.497
"RWA",1994,6792352.5,48.038,153.963
"RWA",1995,5674118,39.517,18.168
"RWA",1996,6708764,37.219,16.283
"RWA",1997,7755238,40.51,17.985
"RWA",1998,8081680.5,42.159,17.76
"RWA",1999,8147911.5,42.14,16.303
"RWA",2000,8213930.5,42.112,15.173
"RWA",2001,8287094.5,42.113,14.257
"RWA",2002,8400180,41.784,13.328
"RWA",2003,8586875,41.402,12.143
"RWA",2004,8816843.5,41.145,11.058
"RWA",2005,9054528,40.638,10.253
"RWA",2006,9299246,39.861,9.52
"RWA",2007,9549933.5,38.833,8.907
"RWA",2008,9804268.5,37.643,8.336
"RWA",2009,10060431.5,36.315,7.784
"RWA",2010,10317553.5,35.149,7.347
"RWA",2011,10573733,33.8,7.043
"RWA",2012,10829901,32.852,6.759
"RWA",2013,11093340,32.409,6.598
"RWA",2014,11364757,32.24,6.478
"RWA",2015,11640022,32.098,6.401
"RWA",2016,11919183,31.971,6.336
"RWA",2017,12202060.5,31.666,6.234
"RWA",2018,12487996,31.231,6.206
"RWA",2019,12776103,30.672,6.132
"RWA",2020,13065837,30.021,6.089
"RWA",2021,13355260,29.389,6.185
"RWA",2022,13651030,28.859,5.993
"RWA",2023,13954471.5,28.348,5.935
"RWA",2024,14256566.5,28.062,5.895
"RWA",2025,14569340.5,27.737,5.853
"RWA",2026,14889693,27.487,5.821
"RWA",2027,15214327.5,27.192,5.791
"RWA",2028,15536461.5,26.9,5.771
"RWA",2029,15844658,26.558,5.751
"RWA",2030,16154705,26.21,5.728
"RWA",2031,16473108.5,25.904,5.713
"RWA",2032,16771822.5,25.656,5.704
"RWA",2033,17073475,25.28,5.689
"RWA",2034,17402254,25.012,5.677
"RWA",2035,17746318.5,24.744,5.67
"RWA",2036,18076776.5,24.546,5.672
"RWA",2037,18395846,24.223,5.666
"RWA",2038,18729788,23.924,5.661
"RWA",2039,19076787.5,23.583,5.656
"RWA",2040,19440770,23.305,5.66
"RWA",2041,19806175,23.091,5.657
"RWA",2042,20153985,22.725,5.664
"RWA",2043,20500835,22.375,5.668
"RWA",2044,20837082.5,22.098,5.687
"RWA",2045,21152657.5,21.752,5.699
"RWA",2046,21459156,21.47,5.724
"RWA",2047,21764589.5,21.128,5.746
"RWA",2048,22086121.5,20.83,5.774
"RWA",2049,22403893.5,20.552,5.799
"RWA",2050,22707910,20.26,5.835
"RWA",2051,23007764.5,19.951,5.869
"RWA",2052,23300259.5,19.667,5.912
"RWA",2053,23582537.5,19.369,5.959
"RWA",2054,23867623,19.091,6.011
"RWA",2055,24159450.5,18.854,6.065
"RWA",2056,24442070.5,18.67,6.127
"RWA",2057,24708957.5,18.479,6.188
"RWA",2058,25005558,18.243,6.249
"RWA",2059,25305692.5,18.107,6.316
"RWA",2060,25576760.5,17.904,6.385
"RWA",2061,25865302,17.702,6.451
"RWA",2062,26141277.5,17.541,6.527
"RWA",2063,26401102,17.345,6.603
"RWA",2064,26669009,17.179,6.679
"RWA",2065,26933366,17.008,6.756
"RWA",2066,27184216,16.86,6.827
"RWA",2067,27431209,16.69,6.899
"RWA",2068,27684409.5,16.536,6.965
"RWA",2069,27912791,16.383,7.039
"RWA",2070,28138805,16.198,7.112
"RWA",2071,28368474.5,16.024,7.179
"RWA",2072,28589814.5,15.827,7.249
"RWA",2073,28809910.5,15.657,7.319
"RWA",2074,29015583.5,15.472,7.387
"RWA",2075,29214158,15.309,7.453
"RWA",2076,29400700.5,15.139,7.525
"RWA",2077,29584169,14.953,7.601
"RWA",2078,29770220.5,14.803,7.679
"RWA",2079,29952990,14.637,7.745
"RWA",2080,30141578,14.483,7.822
"RWA",2081,30322788.5,14.35,7.895
"RWA",2082,30500836.5,14.2,7.97
"RWA",2083,30678624,14.043,8.044
"RWA",2084,30835598.5,13.904,8.122
"RWA",2085,30977277.5,13.747,8.204
"RWA",2086,31124888,13.599,8.29
"RWA",2087,31296840.5,13.479,8.37
"RWA",2088,31464667.5,13.403,8.451
"RWA",2089,31633739,13.276,8.53
"RWA",2090,31781408.5,13.226,8.606
"RWA",2091,31883054.5,13.112,8.693
"RWA",2092,31994600,13.005,8.773
"RWA",2093,32121007.5,12.892,8.85
"RWA",2094,32229106.5,12.818,8.93
"RWA",2095,32336908.5,12.703,9.002
"RWA",2096,32444593,12.624,9.083
"RWA",2097,32523673,12.516,9.153
"RWA",2098,32600426,12.406,9.229
"RWA",2099,32692043,12.303,9.293
"RWA",2100,32779346,12.222,9.355
"SDN",1967,10550597.5,48.825,15.026
"SDN",1968,10917999.5,48.826,14.853
"SDN",1969,11298936.5,48.809,14.672
"SDN",1970,11695771,48.793,14.506
"SDN",1971,12105539,48.855,14.355
"SDN",1972,12527856,48.35,14.159
"SDN",1973,13049314.5,47.559,13.902
"SDN",1974,13580723,46.473,13.746
"SDN",1975,14064797.5,45.876,13.539
"SDN",1976,14569715.5,45.711,13.451
"SDN",1977,15086614.5,45.295,13.274
"SDN",1978,15695002.5,45.002,13.273
"SDN",1979,16355351.5,45.296,13.2
"SDN",1980,17058905,45.206,12.793
"SDN",1981,17780572.5,45.565,12.659
"SDN",1982,18486645.5,45.429,12.629
"SDN",1983,19109770.5,45.569,15.731
"SDN",1984,19546528,45.114,15.574
"SDN",1985,19905871.5,44.714,15.407
"SDN",1986,20288238,44.501,12.48
"SDN",1987,20704904,44.182,12.382
"SDN",1988,21138431.5,44.09,12.271
"SDN",1989,21578022,44.009,12.322
"SDN",1990,22021480.5,43.784,11.999
"SDN",1991,22470676,43.766,11.964
"SDN",1992,22927354.5,43.664,11.773
"SDN",1993,23445592,43.372,11.671
"SDN",1994,24043948.5,42.981,11.179
"SDN",1995,24672142.5,42.574,10.931
"SDN",1996,25231527.5,42.244,10.818
"SDN",1997,25799821.5,41.644,10.549
"SDN",1998,26458999,41.151,10.358
"SDN",1999,27130613,40.99,10.182
"SDN",2000,27816744.5,40.836,9.972
"SDN",2001,28516770,40.65,9.781
"SDN",2002,29228727,40.439,9.717
"SDN",2003,29896035,40.206,10.161
"SDN",2004,30556637,39.967,10.861
"SDN",2005,31262443.5,39.612,10.599
"SDN",2006,31992435,39.187,9.063
"SDN",2007,32764134.5,38.871,8.569
"SDN",2008,33623979.5,38.392,8.597
"SDN",2009,34569112.5,38.084,7.947
"SDN",2010,35414399.5,37.987,7.819
"SDN",2011,36140806,37.317,7.686
"SDN",2012,36923178,36.59,7.528
"SDN",2013,37785848.5,36.015,7.474
"SDN",2014,38823318,35.491,7.21
"SDN",2015,40024431.5,35.683,7.069
"SDN",2016,41259892,35.412,6.948
"SDN",2017,42714306.5,35.023,6.741
"SDN",2018,44230596,35.074,6.646
"SDN",2019,45548175.5,34.909,6.549
"SDN",2020,46789231,34.48,6.786
"SDN",2021,48066924,33.913,6.996
"SDN",2022,49383345.5,33.535,6.522
"SDN",2023,50042790.5,33.612,6.404
"SDN",2024,50448962.5,32.996,6.335
"SDN",2025,51662147.5,32.063,6.238
"SDN",2026,53282718.5,31.793,6.203
"SDN",2027,54724217.5,31.514,6.189
"SDN",2028,55993834.5,31.017,6.16
"SDN",2029,57275439.5,30.546,6.124
"SDN",2030,58571616.5,29.987,6.097
"SDN",2031,59872937.5,29.422,6.072
"SDN",2032,61179479.5,28.978,6.055
"SDN",2033,62497203.5,28.442,6.038
"SDN",2034,63822357.5,28.092,6.031
"SDN",2035,65148316.5,27.584,6.015
"SDN",2036,66470015.5,27.077,6.001
"SDN",2037,67791240.5,26.705,5.994
"SDN",2038,69107709.5,26.355,5.996
"SDN",2039,70416626,26.008,5.99
"SDN",2040,71730599.5,25.679,5.989
"SDN",2041,73056219.5,25.373,5.994
"SDN",2042,74387559.5,25.093,5.998
"SDN",2043,75723662.5,24.829,6.006
"SDN",2044,77066454.5,24.562,6.011
"SDN",2045,78415203,24.334,6.022
"SDN",2046,79767267.5,24.061,6.033
"SDN",2047,81115238.5,23.847,6.046
"SDN",2048,82463196,23.642,6.065
"SDN",2049,83828354,23.39,6.08
"SDN",2050,85206382.5,23.146,6.101
"SDN",2051,86579066.5,22.912,6.127
"SDN",2052,87948533.5,22.689,6.149
"SDN",2053,89312188,22.444,6.178
"SDN",2054,90675082,22.213,6.208
"SDN",2055,92037873.5,21.976,6.242
"SDN",2056,93382430.5,21.709,6.274
"SDN",2057,94710345,21.456,6.317
"SDN",2058,96030148,21.19,6.358
"SDN",2059,97334646.5,20.926,6.405
"SDN",2060,98627438.5,20.667,6.454
"SDN",2061,99911421.5,20.356,6.514
"SDN",2062,101188855.5,20.108,6.569
"SDN",2063,102453590.5,19.861,6.629
"SDN",2064,103694991.5,19.618,6.693
"SDN",2065,104912031.5,19.381,6.759
"SDN",2066,106120308,19.153,6.837
"SDN",2067,107327492.5,18.937,6.902
"SDN",2068,108500280.5,18.745,6.972
"SDN",2069,109646932,18.542,7.043
"SDN",2070,110783065.5,18.34,7.12
"SDN",2071,111909753,18.161,7.188
"SDN",2072,113032703.5,17.996,7.263
"SDN",2073,114137401,17.85,7.332
"SDN",2074,115223067,17.695,7.401
"SDN",2075,116288195,17.525,7.473
"SDN",2076,117323933,17.391,7.546
"SDN",2077,118343023.5,17.239,7.629
"SDN",2078,119357995.5,17.095,7.7
"SDN",2079,120351201,16.957,7.767
"SDN",2080,121318083.5,16.805,7.838
"SDN",2081,122265939.5,16.653,7.908
"SDN",2082,123204358,16.517,7.971
"SDN",2083,124144980.5,16.365,8.032
"SDN",2084,125083376,16.24,8.086
"SDN",2085,126001731,16.087,8.137
"SDN",2086,126896229,15.934,8.192
"SDN",2087,127774773.5,15.773,8.246
"SDN",2088,128626454.5,15.637,8.304
"SDN",2089,129448911.5,15.494,8.357
"SDN",2090,130241609.5,15.337,8.413
"SDN",2091,131002820,15.187,8.471
"SDN",2092,131753188,15.047,8.528
"SDN",2093,132484572,14.897,8.585
"SDN",2094,133162560,14.747,8.639
"SDN",2095,133817374.5,14.588,8.699
"SDN",2096,134465730.5,14.456,8.757
"SDN",2097,135099798,14.332,8.818
"SDN",2098,135721793.5,14.212,8.884
"SDN",2099,136314738.5,14.105,8.95
"SDN",2100,136890755,13.995,9.015
"SEN",1967,4083870,50.089,24.421
"SEN",1968,4207587.5,49.971,24.246
"SEN",1969,4334973.5,49.927,24
"SEN",1970,4466327.5,49.895,23.64
"SEN",1971,4601864,49.854,23.232
"SEN",1972,4741630.5,49.764,22.764
"SEN",1973,4885180.5,49.585,22.189
"SEN",1974,5029437,49.448,21.617
"SEN",1975,5170810,49.433,20.944
"SEN",1976,5308563.5,49.412,20.256
"SEN",1977,5439549,49.282,19.567
"SEN",1978,5568096.5,49,18.874
"SEN",1979,5702894.5,48.58,18.17
"SEN",1980,5845638,48.263,17.521
"SEN",1981,5997160.5,47.9,16.899
"SEN",1982,6156961,47.361,16.289
"SEN",1983,6324504,46.847,15.592
"SEN",1984,6499363.5,46.197,14.944
"SEN",1985,6683286.5,45.443,14.288
"SEN",1986,6878192,44.451,13.5
"SEN",1987,7081530.5,43.728,12.87
"SEN",1988,7289618,42.675,12.252
"SEN",1989,7502206.5,42.173,11.809
"SEN",1990,7720523,41.836,11.507
"SEN",1991,7943085,41.198,11.271
"SEN",1992,8168395,40.664,11.101
"SEN",1993,8396287.5,40.314,11.046
"SEN",1994,8624078,39.851,10.965
"SEN",1995,8848101,39.564,11.021
"SEN",1996,9067014,39.281,11.111
"SEN",1997,9283495,39.244,11.108
"SEN",1998,9502952,39.247,11.108
"SEN",1999,9730887,39.559,10.996
"SEN",2000,9968260,39.3,10.815
"SEN",2001,10212942,38.858,10.493
"SEN",2002,10466214,38.624,10.071
"SEN",2003,10721176,38.675,9.867
"SEN",2004,10975704.5,38.381,9.473
"SEN",2005,11235472,37.984,9.155
"SEN",2006,11500094.5,37.583,8.769
"SEN",2007,11770343.5,37.272,8.389
"SEN",2008,12048959,37.344,8.158
"SEN",2009,12337389,37.29,7.929
"SEN",2010,12635412.5,37.254,7.739
"SEN",2011,12958896.5,37.391,7.505
"SEN",2012,13310494.5,37.536,7.316
"SEN",2013,13710849,36.748,7.094
"SEN",2014,14152101.5,35.48,6.861
"SEN",2015,14593330.5,34.505,6.615
"SEN",2016,15034520.5,33.828,6.459
"SEN",2017,15475001.5,32.801,6.283
"SEN",2018,15914498.5,31.596,6.119
"SEN",2019,16352921.5,30.405,5.979
"SEN",2020,16789219.5,29.931,6.052
"SEN",2021,17220866.5,29.71,6.307
"SEN",2022,17651103,29.46,5.92
"SEN",2023,18077573.5,29.423,5.581
"SEN",2024,18501984.5,29.184,5.505
"SEN",2025,18931966.5,28.931,5.437
"SEN",2026,19366548,28.632,5.373
"SEN",2027,19807246.5,28.366,5.314
"SEN",2028,20254562.5,28.128,5.262
"SEN",2029,20706625.5,27.828,5.215
"SEN",2030,21163191.5,27.517,5.172
"SEN",2031,21623713,27.107,5.138
"SEN",2032,22085926,26.772,5.11
"SEN",2033,22548839,26.372,5.081
"SEN",2034,23012027,26.024,5.061
"SEN",2035,23476596.5,25.622,5.053
"SEN",2036,23942226,25.21,5.043
"SEN",2037,24407572.5,24.891,5.038
"SEN",2038,24872522.5,24.431,5.034
"SEN",2039,25335986,24.092,5.043
"SEN",2040,25797510,23.741,5.051
"SEN",2041,26257473.5,23.394,5.058
"SEN",2042,26716433,23.055,5.076
"SEN",2043,27174899.5,22.73,5.092
"SEN",2044,27632997.5,22.438,5.111
"SEN",2045,28089699,22.175,5.138
"SEN",2046,28546283.5,21.933,5.166
"SEN",2047,29002003.5,21.677,5.201
"SEN",2048,29457240,21.445,5.237
"SEN",2049,29911843,21.253,5.281
"SEN",2050,30364954,21.047,5.327
"SEN",2051,30817068,20.834,5.37
"SEN",2052,31266520,20.64,5.422
"SEN",2053,31715367.5,20.449,5.48
"SEN",2054,32163471.5,20.265,5.538
"SEN",2055,32611132,20.111,5.596
"SEN",2056,33059738,19.935,5.653
"SEN",2057,33506164,19.755,5.715
"SEN",2058,33950082,19.551,5.78
"SEN",2059,34388716,19.35,5.848
"SEN",2060,34822199.5,19.145,5.916
"SEN",2061,35254385.5,18.976,5.987
"SEN",2062,35683980,18.779,6.059
"SEN",2063,36108794,18.586,6.136
"SEN",2064,36528693.5,18.407,6.214
"SEN",2065,36943862,18.225,6.295
"SEN",2066,37353741,18.017,6.374
"SEN",2067,37755946,17.823,6.458
"SEN",2068,38150500.5,17.608,6.539
"SEN",2069,38540718,17.396,6.627
"SEN",2070,38922604,17.198,6.717
"SEN",2071,39295915.5,16.98,6.81
"SEN",2072,39663959.5,16.79,6.892
"SEN",2073,40025538.5,16.595,6.986
"SEN",2074,40380144,16.426,7.075
"SEN",2075,40728579.5,16.261,7.169
"SEN",2076,41067913,16.104,7.26
"SEN",2077,41396628.5,15.953,7.351
"SEN",2078,41717856.5,15.8,7.445
"SEN",2079,42031581,15.641,7.529
"SEN",2080,42337037.5,15.496,7.612
"SEN",2081,42636507.5,15.377,7.695
"SEN",2082,42930175.5,15.28,7.776
"SEN",2083,43219712,15.144,7.859
"SEN",2084,43502150,15.023,7.94
"SEN",2085,43775826,14.922,8.017
"SEN",2086,44043715.5,14.792,8.093
"SEN",2087,44302685,14.653,8.154
"SEN",2088,44552208.5,14.531,8.229
"SEN",2089,44795888.5,14.388,8.292
"SEN",2090,45032516.5,14.257,8.355
"SEN",2091,45260648.5,14.122,8.406
"SEN",2092,45482105.5,14.009,8.466
"SEN",2093,45697070,13.896,8.518
"SEN",2094,45906692,13.798,8.564
"SEN",2095,46109589.5,13.693,8.614
"SEN",2096,46304466,13.574,8.666
"SEN",2097,46493350,13.462,8.716
"SEN",2098,46674418.5,13.349,8.763
"SEN",2099,46847493.5,13.257,8.807
"SEN",2100,47014186,13.147,8.867
"SHN",1967,5551.5,29.581,9.709
"SHN",1968,5622,30.389,9.721
"SHN",1969,5696,30.776,9.675
"SHN",1970,5776,29.645,9.649
"SHN",1971,5857.5,27.699,9.557
"SHN",1972,5932.5,26.189,9.472
"SHN",1973,6002,25.19,9.407
"SHN",1974,6067,24.675,9.381
"SHN",1975,6128,24.026,9.299
"SHN",1976,6172.5,23.004,9.241
"SHN",1977,6223.5,22.242,9.184
"SHN",1978,6286,22.032,9.158
"SHN",1979,6339,22.117,9.11
"SHN",1980,6390.5,22.431,9.091
"SHN",1981,6445.5,22.958,9.047
"SHN",1982,6510.5,22.884,8.985
"SHN",1983,6574,22.205,9.01
"SHN",1984,6623.5,21.32,9.065
"SHN",1985,6654,20.523,9.112
"SHN",1986,6682.5,20.157,9.216
"SHN",1987,6699.5,19.848,9.399
"SHN",1988,6686,19.748,9.28
"SHN",1989,6655,19.537,9.194
"SHN",1990,6617,18.998,9.103
"SHN",1991,6572.5,18.38,9.105
"SHN",1992,6524,17.679,8.939
"SHN",1993,6473,16.818,8.93
"SHN",1994,6412.5,15.856,8.931
"SHN",1995,6348.5,15.021,8.688
"SHN",1996,6287,14.113,8.649
"SHN",1997,6224.5,13.498,8.61
"SHN",1998,6158.5,12.915,8.387
"SHN",1999,6090,12.648,8.134
"SHN",2000,6016.5,12.357,8.608
"SHN",2001,5938,11.917,8.678
"SHN",2002,5850,11.47,9.226
"SHN",2003,5752.5,10.998,9.211
"SHN",2004,5651,10.496,9.038
"SHN",2005,5543,10.063,9.513
"SHN",2006,5432.5,9.609,10.299
"SHN",2007,5322.5,9.145,11.807
"SHN",2008,5272.5,8.566,12.24
"SHN",2009,5296,8.623,12.091
"SHN",2010,5329,8.763,11.789
"SHN",2011,5364.5,8.871,11.969
"SHN",2012,5403,8.935,12.408
"SHN",2013,5435,8.939,12.594
"SHN",2014,5466,8.93,13.449
"SHN",2015,5505,8.834,14.038
"SHN",2016,5517,8.737,13.716
"SHN",2017,5501,8.644,13.544
"SHN",2018,5481.5,8.428,14.1
"SHN",2019,5458.5,8.182,14.507
"SHN",2020,5430,7.934,15.072
"SHN",2021,5390,7.682,16.156
"SHN",2022,5343,7.481,16.474
"SHN",2023,5288.5,7.344,16.839
"SHN",2024,5237.5,7.238,16.998
"SHN",2025,5196.5,7.182,17.134
"SHN",2026,5147.5,7.137,17.295
"SHN",2027,5091,7.117,17.492
"SHN",2028,5039,7.1,17.652
"SHN",2029,4984.5,7.109,17.823
"SHN",2030,4928.5,7.145,17.984
"SHN",2031,4874,7.225,18.152
"SHN",2032,4818.5,7.336,18.315
"SHN",2033,4764,7.473,18.465
"SHN",2034,4709.5,7.636,18.602
"SHN",2035,4656,7.805,18.719
"SHN",2036,4607.5,7.985,18.793
"SHN",2037,4559.5,8.17,18.88
"SHN",2038,4505,8.358,18.985
"SHN",2039,4456.5,8.521,19.059
"SHN",2040,4412,8.649,19.113
"SHN",2041,4364,8.772,19.175
"SHN",2042,4320.5,8.866,19.192
"SHN",2043,4274,8.932,19.216
"SHN",2044,4230.5,8.967,19.228
"SHN",2045,4186.5,8.976,19.226
"SHN",2046,4140,8.938,19.227
"SHN",2047,4096.5,8.869,19.222
"SHN",2048,4052.5,8.783,19.203
"SHN",2049,4012.5,8.671,19.161
"SHN",2050,3968,8.563,19.125
"SHN",2051,3924.5,8.437,19.069
"SHN",2052,3881.5,8.322,19.001
"SHN",2053,3834,8.202,18.934
"SHN",2054,3790,8.096,18.841
"SHN",2055,3747,8.002,18.73
"SHN",2056,3706.5,7.923,18.582
"SHN",2057,3666.5,7.869,18.415
"SHN",2058,3625.5,7.843,18.262
"SHN",2059,3584,7.842,18.093
"SHN",2060,3545,7.848,17.912
"SHN",2061,3506.5,7.888,17.73
"SHN",2062,3469,7.946,17.531
"SHN",2063,3435,8.013,17.341
"SHN",2064,3400.5,8.099,17.15
"SHN",2065,3370.5,8.173,16.96
"SHN",2066,3342.5,8.264,16.767
"SHN",2067,3309,8.375,16.614
"SHN",2068,3279.5,8.482,16.472
"SHN",2069,3251.5,8.573,16.328
"SHN",2070,3225.5,8.664,16.202
"SHN",2071,3205.5,8.714,16.057
"SHN",2072,3183.5,8.787,15.944
"SHN",2073,3160,8.845,15.867
"SHN",2074,3137.5,8.869,15.786
"SHN",2075,3117,8.878,15.71
"SHN",2076,3092.5,8.892,15.653
"SHN",2077,3068.5,8.882,15.595
"SHN",2078,3048.5,8.842,15.51
"SHN",2079,3032,8.78,15.394
"SHN",2080,3017,8.702,15.272
"SHN",2081,2994,8.629,15.199
"SHN",2082,2970.5,8.558,15.133
"SHN",2083,2952,8.476,15.043
"SHN",2084,2930,8.398,14.976
"SHN",2085,2908.5,8.327,14.919
"SHN",2086,2891,8.25,14.845
"SHN",2087,2872.5,8.171,14.784
"SHN",2088,2855.5,8.102,14.726
"SHN",2089,2836,8.051,14.682
"SHN",2090,2812.5,8.036,14.692
"SHN",2091,2792,8.027,14.705
"SHN",2092,2772,8.018,14.736
"SHN",2093,2754,8.008,14.781
"SHN",2094,2734.5,8.019,14.85
"SHN",2095,2717,8.048,14.922
"SHN",2096,2704.5,8.078,14.954
"SHN",2097,2688.5,8.116,15.029
"SHN",2098,2670.5,8.16,15.121
"SHN",2099,2652.5,8.219,15.198
"SHN",2100,2635,8.272,15.261
"SLE",1967,2562384,47.924,27.734
"SLE",1968,2611531.5,47.654,27.311
"SLE",1969,2661365,47.466,26.887
"SLE",1970,2712286,47.368,26.532
"SLE",1971,2763222.5,47.284,26.119
"SLE",1972,2814388,47.184,25.766
"SLE",1973,2866955,47.163,25.383
"SLE",1974,2920459,47.426,25.047
"SLE",1975,2974656.5,47.311,24.599
"SLE",1976,3028820,47.193,24.245
"SLE",1977,3085354.5,47.121,23.894
"SLE",1978,3145517,47.166,23.599
"SLE",1979,3207499,46.999,23.307
"SLE",1980,3272089,46.838,23.021
"SLE",1981,3338940,46.787,22.794
"SLE",1982,3408183,46.785,22.591
"SLE",1983,3481645.5,46.741,22.434
"SLE",1984,3558758.5,46.791,22.324
"SLE",1985,3638437.5,46.704,22.279
"SLE",1986,3728379.5,46.605,22.224
"SLE",1987,3829718,46.599,21.993
"SLE",1988,3934517.5,46.401,21.914
"SLE",1989,4034037,46.252,21.885
"SLE",1990,4196828.5,45.481,21.468
"SLE",1991,4246267,47.523,22.683
"SLE",1992,4166366,46.988,22.206
"SLE",1993,4157129.5,46.946,22.093
"SLE",1994,4173105,46.777,22.458
"SLE",1995,4179179,46.766,22.626
"SLE",1996,4199210,46.482,21.682
"SLE",1997,4253715.5,46.273,21.487
"SLE",1998,4295785,46.3,22.112
"SLE",1999,4318043.5,46.127,22.437
"SLE",2000,4423611.5,45.045,20.008
"SLE",2001,4692715.5,44.013,19.156
"SLE",2002,4971434.5,44.281,18.85
"SLE",2003,5177687,43.473,18.305
"SLE",2004,5355716.5,42.465,17.695
"SLE",2005,5501712.5,41.97,17.026
"SLE",2006,5624466,41.807,16.182
"SLE",2007,5749352.5,41.058,15.709
"SLE",2008,5894722.5,40.589,15.167
"SLE",2009,6055646.5,39.853,14.642
"SLE",2010,6222714,39.115,14.152
"SLE",2011,6387251,38.518,13.647
"SLE",2012,6551080,37.775,13.212
"SLE",2013,6714051.5,36.6,12.581
"SLE",2014,6876385,35.62,12.332
"SLE",2015,7037655,34.658,11.6
"SLE",2016,7205328.5,34.194,10.769
"SLE",2017,7379299,33.808,10.329
"SLE",2018,7554563,33.34,9.676
"SLE",2019,7731991,32.808,9.39
"SLE",2020,7912558,32.196,9.319
"SLE",2021,8094602,31.644,8.996
"SLE",2022,8276806.5,31.071,8.523
"SLE",2023,8460512,30.601,8.287
"SLE",2024,8642022.5,30.108,8.211
"SLE",2025,8819794,29.512,8.126
"SLE",2026,8996744.5,29.047,8.054
"SLE",2027,9174692.5,28.65,7.989
"SLE",2028,9349025,28.045,7.928
"SLE",2029,9520817.5,27.53,7.871
"SLE",2030,9694858,27.105,7.828
"SLE",2031,9870298.5,26.701,7.787
"SLE",2032,10047199.5,26.308,7.758
"SLE",2033,10221014,25.926,7.729
"SLE",2034,10391490.5,25.532,7.707
"SLE",2035,10563167.5,25.139,7.686
"SLE",2036,10734347.5,24.755,7.674
"SLE",2037,10902268.5,24.366,7.663
"SLE",2038,11066150,23.998,7.665
"SLE",2039,11230061,23.616,7.667
"SLE",2040,11398400,23.263,7.681
"SLE",2041,11566216.5,22.926,7.692
"SLE",2042,11728791.5,22.618,7.709
"SLE",2043,11887937,22.275,7.733
"SLE",2044,12049426,21.933,7.757
"SLE",2045,12208880.5,21.623,7.788
"SLE",2046,12363457.5,21.307,7.824
"SLE",2047,12512756,21.007,7.865
"SLE",2048,12659611.5,20.701,7.908
"SLE",2049,12805142.5,20.425,7.956
"SLE",2050,12948325,20.143,8.011
"SLE",2051,13093462.5,19.879,8.073
"SLE",2052,13236024.5,19.615,8.135
"SLE",2053,13372796,19.343,8.197
"SLE",2054,13502271,19.089,8.264
"SLE",2055,13629114.5,18.804,8.333
"SLE",2056,13755179,18.567,8.41
"SLE",2057,13876264.5,18.328,8.49
"SLE",2058,13993957,18.105,8.572
"SLE",2059,14107963,17.883,8.655
"SLE",2060,14219379.5,17.679,8.743
"SLE",2061,14327425,17.477,8.836
"SLE",2062,14435385,17.27,8.932
"SLE",2063,14539892,17.057,9.033
"SLE",2064,14636716,16.854,9.133
"SLE",2065,14732950,16.665,9.23
"SLE",2066,14829171,16.502,9.332
"SLE",2067,14924589.5,16.338,9.443
"SLE",2068,15015899,16.178,9.552
"SLE",2069,15099726,15.994,9.666
"SLE",2070,15177973,15.803,9.772
"SLE",2071,15251751.5,15.645,9.889
"SLE",2072,15321992.5,15.489,10.006
"SLE",2073,15390199,15.372,10.113
"SLE",2074,15450927.5,15.217,10.238
"SLE",2075,15507865,15.046,10.351
"SLE",2076,15564818,14.893,10.473
"SLE",2077,15617354.5,14.75,10.598
"SLE",2078,15667010.5,14.626,10.718
"SLE",2079,15712159.5,14.488,10.839
"SLE",2080,15751832.5,14.369,10.95
"SLE",2081,15790543,14.253,11.071
"SLE",2082,15828182.5,14.143,11.183
"SLE",2083,15862677.5,14.02,11.303
"SLE",2084,15891034,13.907,11.405
"SLE",2085,15913301,13.797,11.513
"SLE",2086,15937244,13.673,11.616
"SLE",2087,15958640,13.583,11.714
"SLE",2088,15973460.5,13.498,11.81
"SLE",2089,15986028,13.397,11.902
"SLE",2090,15996608,13.313,11.994
"SLE",2091,16004831,13.228,12.088
"SLE",2092,16009636,13.13,12.178
"SLE",2093,16008707,13.053,12.26
"SLE",2094,16006576,12.961,12.344
"SLE",2095,16002502.5,12.889,12.42
"SLE",2096,15992900.5,12.809,12.502
"SLE",2097,15980211,12.742,12.581
"SLE",2098,15966369,12.663,12.649
"SLE",2099,15952535.5,12.576,12.722
"SLE",2100,15934256.5,12.49,12.796
"SOM",1967,3454537,45.682,19.775
"SOM",1968,3546590.5,45.614,19.615
"SOM",1969,3641015.5,45.565,19.461
"SOM",1970,3738448.5,45.536,19.315
"SOM",1971,3837691,45.548,19.179
"SOM",1972,3939435.5,45.559,19.034
"SOM",1973,4045592,45.602,18.897
"SOM",1974,4151842,45.701,20.456
"SOM",1975,4257535.5,45.862,20.261
"SOM",1976,4365812,46.039,20.083
"SOM",1977,4484049.5,46.16,18.324
"SOM",1978,4814892.5,45.181,17.623
"SOM",1979,5449116.5,44.948,17.234
"SOM",1980,5936153.5,47.449,18.004
"SOM",1981,5982849,49.464,18.507
"SOM",1982,6003839.5,48.338,17.892
"SOM",1983,6198430,48.541,17.763
"SOM",1984,6428389,48.52,17.561
"SOM",1985,6693289.5,48.734,17.664
"SOM",1986,6974787.5,48.857,17.542
"SOM",1987,7228302,49.323,17.285
"SOM",1988,7235360,50.772,20.974
"SOM",1989,7114817,50.38,18.72
"SOM",1990,7082811.5,50.255,18.465
"SOM",1991,6813759.5,51.9,44.114
"SOM",1992,6495107,51.489,42.637
"SOM",1993,6681399,50.121,15.254
"SOM",1994,7026796.5,51.11,15.966
"SOM",1995,7285007,50.63,15.694
"SOM",1996,7554473.5,50.996,15.943
"SOM",1997,7824525,50.848,16.099
"SOM",1998,8155417,50.677,15.758
"SOM",1999,8492059.5,50.658,15.858
"SOM",2000,8838713,50.443,15.749
"SOM",2001,9198493,50.374,15.688
"SOM",2002,9550063,50.373,15.691
"SOM",2003,9909157,50.123,15.691
"SOM",2004,10280998,49.904,15.67
"SOM",2005,10644228,49.615,15.501
"SOM",2006,10975501.5,49.391,15.443
"SOM",2007,11322581.5,48.908,15.32
"SOM",2008,11663084,48.763,14.959
"SOM",2009,11961201,48.426,14.501
"SOM",2010,12261756.5,48.062,16.617
"SOM",2011,12348830,48.58,32.124
"SOM",2012,12461160.5,48.159,16.102
"SOM",2013,12869594.5,47.744,12.893
"SOM",2014,13339491,47.457,12.637
"SOM",2015,13806963.5,47.171,12.292
"SOM",2016,14348740,46.561,12.054
"SOM",2017,14916629.5,46.155,14.073
"SOM",2018,15452486.5,45.67,12.391
"SOM",2019,16030971,45.139,10.908
"SOM",2020,16651190.5,44.544,10.834
"SOM",2021,17271431.5,44.094,11.3
"SOM",2022,17801897,43.789,12.812
"SOM",2023,18358615,42.964,9.835
"SOM",2024,19009151,42.346,9.741
"SOM",2025,19654739,41.833,9.655
"SOM",2026,20305907,41.191,9.553
"SOM",2027,20959062.5,40.437,9.453
"SOM",2028,21601815.5,39.806,9.358
"SOM",2029,22247719,39.09,9.257
"SOM",2030,22915044,38.335,9.15
"SOM",2031,23589796,37.799,9.064
"SOM",2032,24258798,37.156,8.976
"SOM",2033,24921841.5,36.716,8.905
"SOM",2034,25593672.5,36.118,8.826
"SOM",2035,26294950,35.603,8.751
"SOM",2036,27009203.5,35.061,8.681
"SOM",2037,27731177.5,34.494,8.614
"SOM",2038,28455758.5,33.909,8.558
"SOM",2039,29167905,33.485,8.501
"SOM",2040,29896287,33.014,8.447
"SOM",2041,30635962.5,32.547,8.397
"SOM",2042,31350035,32.003,8.349
"SOM",2043,32057986,31.489,8.3
"SOM",2044,32780428.5,31.038,8.254
"SOM",2045,33510166,30.642,8.217
"SOM",2046,34248032,30.248,8.185
"SOM",2047,34996381.5,29.866,8.156
"SOM",2048,35743967,29.502,8.132
"SOM",2049,36474691,29.15,8.108
"SOM",2050,37206511.5,28.763,8.087
"SOM",2051,37953802,28.381,8.072
"SOM",2052,38698969.5,27.969,8.061
"SOM",2053,39446516.5,27.567,8.047
"SOM",2054,40219729.5,27.164,8.035
"SOM",2055,41010251.5,26.786,8.031
"SOM",2056,41786442.5,26.421,8.034
"SOM",2057,42542106.5,26.069,8.042
"SOM",2058,43279602.5,25.696,8.05
"SOM",2059,44047066,25.281,8.049
"SOM",2060,44852917,24.931,8.056
"SOM",2061,45622310.5,24.621,8.081
"SOM",2062,46352100.5,24.274,8.11
"SOM",2063,47079492,23.907,8.138
"SOM",2064,47817867.5,23.542,8.165
"SOM",2065,48561646,23.21,8.196
"SOM",2066,49283340,22.9,8.239
"SOM",2067,49980517,22.601,8.283
"SOM",2068,50661329.5,22.293,8.331
"SOM",2069,51337409.5,21.969,8.377
"SOM",2070,52028355,21.69,8.418
"SOM",2071,52719072.5,21.451,8.476
"SOM",2072,53391390.5,21.193,8.529
"SOM",2073,54055704.5,20.94,8.582
"SOM",2074,54721033,20.689,8.643
"SOM",2075,55346361.5,20.461,8.718
"SOM",2076,55939214,20.191,8.778
"SOM",2077,56553615.5,19.934,8.848
"SOM",2078,57175655.5,19.711,8.92
"SOM",2079,57789232,19.482,8.988
"SOM",2080,58378679.5,19.266,9.069
"SOM",2081,58912967,19.048,9.143
"SOM",2082,59446278,18.843,9.212
"SOM",2083,60002128,18.64,9.29
"SOM",2084,60548571.5,18.44,9.371
"SOM",2085,61103034,18.224,9.45
"SOM",2086,61650280.5,18.044,9.529
"SOM",2087,62150135,17.848,9.618
"SOM",2088,62610061,17.633,9.703
"SOM",2089,63051763.5,17.432,9.792
"SOM",2090,63508877,17.231,9.877
"SOM",2091,63981467,17.043,9.964
"SOM",2092,64427620.5,16.894,10.053
"SOM",2093,64848123.5,16.744,10.156
"SOM",2094,65253641.5,16.569,10.252
"SOM",2095,65643453.5,16.401,10.349
"SOM",2096,66025186.5,16.242,10.444
"SOM",2097,66383632.5,16.098,10.55
"SOM",2098,66716884,15.957,10.652
"SOM",2099,67052062,15.827,10.753
"SOM",2100,67364024,15.704,10.863
"SSD",1967,3277648,53.737,41.119
"SSD",1968,3321527.5,53.977,40.666
"SSD",1969,3365533,54.284,41.8
"SSD",1970,3409614,54.488,41.356
"SSD",1971,3468645.5,54.566,33.72
"SSD",1972,3542497.5,54.519,33.403
"SSD",1973,3627383.5,54.263,28.138
"SSD",1974,3723259,53.937,27.836
"SSD",1975,3821493.5,53.679,27.542
"SSD",1976,3921910,53.376,27.28
"SSD",1977,4024032.5,52.997,26.932
"SSD",1978,4127656.5,52.684,26.676
"SSD",1979,4232604.5,52.271,26.391
"SSD",1980,4339030.5,51.981,26.098
"SSD",1981,4447272,51.66,25.765
"SSD",1982,4557686,51.399,25.368
"SSD",1983,4661574,51.078,28.745
"SSD",1984,4750626.5,50.835,31.686
"SSD",1985,4834296,50.682,30.96
"SSD",1986,4921240.5,50.626,30.407
"SSD",1987,4962395.5,50.557,49.397
"SSD",1988,4848028.5,51.863,77.739
"SSD",1989,4713228.5,53.111,35.345
"SSD",1990,4737633,52.293,34.795
"SSD",1991,4836677,52.416,34.248
"SSD",1992,4909749.5,52.538,46.657
"SSD",1993,4956002.5,52.672,46.058
"SSD",1994,5071184,52.705,20.088
"SSD",1995,5225835.5,52.709,31.58
"SSD",1996,5356925,52.639,30.849
"SSD",1997,5509135.5,51.64,29.594
"SSD",1998,5620067.5,51.204,53.367
"SSD",1999,5771628.5,50.673,19.361
"SSD",2000,6032267.5,49.816,17.315
"SSD",2001,6308391.5,48.921,16.566
"SSD",2002,6596806.5,48.029,15.89
"SSD",2003,6903126.5,46.77,14.057
"SSD",2004,7233041,45.513,13.455
"SSD",2005,7590143,44.3,12.776
"SSD",2006,7976526.5,43.183,12.254
"SSD",2007,8388787.5,42.307,11.725
"SSD",2008,8817647,41.624,11.2
"SSD",2009,9243556,41.025,10.857
"SSD",2010,9745953.5,39.878,10.388
"SSD",2011,10288109,39.791,10.322
"SSD",2012,10756240,39.141,10.044
"SSD",2013,11166275.5,38.295,9.997
"SSD",2014,11235072.5,38.191,17.932
"SSD",2015,11107561.5,35.407,22.034
"SSD",2016,10830102,35.052,24.844
"SSD",2017,10259153.5,32.802,25.765
"SSD",2018,10122977,29.068,12.423
"SSD",2019,10423384,29.421,9.302
"SSD",2020,10698467,29.441,9.594
"SSD",2021,10865780,29.693,10.038
"SSD",2022,11021177.5,29.066,9.906
"SSD",2023,11483374,28.59,9.609
"SSD",2024,11943408.5,29.222,9.821
"SSD",2025,12188788,29.348,9.861
"SSD",2026,12436037,29.428,9.898
"SSD",2027,12687303,29.494,9.936
"SSD",2028,12941500,29.496,9.968
"SSD",2029,13198084.5,29.477,10
"SSD",2030,13457453.5,29.385,10.03
"SSD",2031,13725412,29.178,10.053
"SSD",2032,13996351,28.905,10.065
"SSD",2033,14261765,28.542,10.077
"SSD",2034,14527550.5,28.078,10.082
"SSD",2035,14798599.5,27.562,10.081
"SSD",2036,15070095.5,27.052,10.077
"SSD",2037,15335703,26.516,10.068
"SSD",2038,15595970.5,25.95,10.064
"SSD",2039,15850694,25.427,10.069
"SSD",2040,16101480.5,24.94,10.07
"SSD",2041,16350150.5,24.47,10.066
"SSD",2042,16593363.5,24.011,10.079
"SSD",2043,16829207,23.587,10.087
"SSD",2044,17060174,23.179,10.103
"SSD",2045,17286409.5,22.849,10.12
"SSD",2046,17509696,22.498,10.138
"SSD",2047,17728337,22.18,10.166
"SSD",2048,17938440,21.886,10.187
"SSD",2049,18142896,21.61,10.222
"SSD",2050,18341973.5,21.365,10.247
"SSD",2051,18542996.5,21.137,10.267
"SSD",2052,18754446,20.895,10.295
"SSD",2053,18960799,20.69,10.321
"SSD",2054,19160600.5,20.44,10.342
"SSD",2055,19359462.5,20.231,10.365
"SSD",2056,19552147.5,20.034,10.383
"SSD",2057,19744938,19.8,10.393
"SSD",2058,19933628.5,19.591,10.41
"SSD",2059,20122595,19.37,10.419
"SSD",2060,20307632,19.167,10.437
"SSD",2061,20482898.5,18.961,10.453
"SSD",2062,20659135.5,18.745,10.479
"SSD",2063,20835763,18.552,10.502
"SSD",2064,21010107,18.331,10.533
"SSD",2065,21185710.5,18.137,10.568
"SSD",2066,21356305,17.963,10.617
"SSD",2067,21521042.5,17.777,10.674
"SSD",2068,21690000.5,17.581,10.727
"SSD",2069,21849261,17.41,10.796
"SSD",2070,21989973.5,17.213,10.883
"SSD",2071,22132134,16.983,10.968
"SSD",2072,22278428,16.758,11.065
"SSD",2073,22420565,16.571,11.182
"SSD",2074,22561548.5,16.386,11.306
"SSD",2075,22690769,16.224,11.442
"SSD",2076,22798640,16.055,11.585
"SSD",2077,22902423,15.876,11.733
"SSD",2078,23005183,15.71,11.892
"SSD",2079,23101521.5,15.577,12.051
"SSD",2080,23186729,15.439,12.211
"SSD",2081,23260637,15.305,12.374
"SSD",2082,23335453.5,15.172,12.525
"SSD",2083,23407693,15.046,12.672
"SSD",2084,23477727,14.935,12.817
"SSD",2085,23535227.5,14.83,12.958
"SSD",2086,23583756,14.727,13.082
"SSD",2087,23627723.5,14.657,13.196
"SSD",2088,23667427,14.551,13.292
"SSD",2089,23710145.5,14.462,13.383
"SSD",2090,23741231,14.397,13.472
"SSD",2091,23761300,14.321,13.552
"SSD",2092,23780454.5,14.245,13.619
"SSD",2093,23794667,14.163,13.684
"SSD",2094,23798293,14.071,13.728
"SSD",2095,23801612,13.969,13.767
"SSD",2096,23810975.5,13.876,13.798
"SSD",2097,23815418,13.806,13.836
"SSD",2098,23823439,13.717,13.864
"SSD",2099,23835038,13.623,13.895
"SSD",2100,23840772.5,13.526,13.93
"STP",1967,73596,37.708,14.704
"STP",1968,74765,37.787,14.155
"STP",1969,76083,38.188,13.72
"STP",1970,77626.5,38.805,13.301
"STP",1971,79330,39.489,12.675
"STP",1972,81041,39.945,12.402
"STP",1973,82798,40.311,12.178
"STP",1974,84672,40.611,12.006
"STP",1975,86708,40.865,11.86
"STP",1976,88922.5,41.081,11.755
"STP",1977,91301,41.271,11.652
"STP",1978,93794,41.428,11.57
"STP",1979,96252.5,41.573,11.521
"STP",1980,98544,41.612,11.521
"STP",1981,100615,41.526,11.563
"STP",1982,102508,41.331,11.602
"STP",1983,104380.5,41.216,11.516
"STP",1984,106394,41.106,11.375
"STP",1985,108658,41.038,11.201
"STP",1986,111150,40.998,12.383
"STP",1987,113919.5,40.973,10.778
"STP",1988,116938.5,40.928,10.627
"STP",1989,119979,40.859,11.06
"STP",1990,122980,40.749,10.509
"STP",1991,125696.5,40.65,10.41
"STP",1992,128110,40.234,10.398
"STP",1993,130467,39.808,10.367
"STP",1994,132732.5,39.406,10.322
"STP",1995,134895,39.542,10.276
"STP",1996,136962,39.346,10.186
"STP",1997,138921.5,39.172,10.083
"STP",1998,140751,39.227,9.954
"STP",1999,142442,39.442,9.81
"STP",2000,144018.5,39.748,9.653
"STP",2001,146375,39.965,9.421
"STP",2002,149921.5,39.841,9.219
"STP",2003,153814,39.551,8.983
"STP",2004,157705,39.206,8.704
"STP",2005,161639.5,38.979,8.68
"STP",2006,165638,38.851,8.322
"STP",2007,169699.5,38.915,8.119
"STP",2008,173793,38.468,7.99
"STP",2009,177853.5,37.892,7.816
"STP",2010,181802,37.323,7.67
"STP",2011,185649.5,36.847,7.516
"STP",2012,189439,36.364,7.324
"STP",2013,193147.5,35.361,7.148
"STP",2014,196767,34.27,6.925
"STP",2015,200291,33.025,6.719
"STP",2016,203688.5,31.691,6.53
"STP",2017,206970.5,30.564,6.371
"STP",2018,210187,29.804,6.219
"STP",2019,213392,29.229,6.117
"STP",2020,217434.5,28.643,6.227
"STP",2021,221961,28.518,6.196
"STP",2022,226305,28.277,5.732
"STP",2023,230871.5,28.185,5.572
"STP",2024,235536.5,28.094,5.53
"STP",2025,240254,27.837,5.489
"STP",2026,244993.5,27.66,5.449
"STP",2027,249788,27.485,5.408
"STP",2028,254661,27.239,5.372
"STP",2029,259597,27.11,5.34
"STP",2030,264564.5,26.845,5.317
"STP",2031,269570,26.644,5.294
"STP",2032,274644,26.43,5.274
"STP",2033,279766.5,26.207,5.259
"STP",2034,284919.5,25.961,5.244
"STP",2035,290088,25.597,5.232
"STP",2036,295273,25.291,5.229
"STP",2037,300444,24.945,5.228
"STP",2038,305594,24.585,5.232
"STP",2039,310735.5,24.221,5.244
"STP",2040,315842,23.826,5.261
"STP",2041,320888.5,23.44,5.278
"STP",2042,325897.5,23.088,5.293
"STP",2043,330917,22.767,5.32
"STP",2044,335928.5,22.446,5.344
"STP",2045,340926,22.155,5.373
"STP",2046,345887.5,21.847,5.4
"STP",2047,350765.5,21.525,5.428
"STP",2048,355582,21.192,5.457
"STP",2049,360361,20.887,5.487
"STP",2050,365114.5,20.61,5.522
"STP",2051,369875.5,20.397,5.557
"STP",2052,374599.5,20.18,5.597
"STP",2053,379279,19.98,5.637
"STP",2054,383940,19.801,5.68
"STP",2055,388581,19.627,5.718
"STP",2056,393165,19.444,5.759
"STP",2057,397709.5,19.249,5.804
"STP",2058,402245.5,19.066,5.851
"STP",2059,406746.5,18.858,5.891
"STP",2060,411255.5,18.68,5.936
"STP",2061,415743.5,18.52,5.984
"STP",2062,420207,18.336,6.027
"STP",2063,424633.5,18.173,6.072
"STP",2064,429018.5,17.992,6.12
"STP",2065,433328.5,17.803,6.167
"STP",2066,437581,17.607,6.215
"STP",2067,441805.5,17.418,6.263
"STP",2068,445912.5,17.238,6.312
"STP",2069,449964,17.034,6.354
"STP",2070,453954,16.827,6.398
"STP",2071,457813.5,16.633,6.446
"STP",2072,461578,16.438,6.498
"STP",2073,465248.5,16.251,6.548
"STP",2074,468845,16.067,6.601
"STP",2075,472398.5,15.863,6.653
"STP",2076,475898.5,15.689,6.712
"STP",2077,479357.5,15.533,6.776
"STP",2078,482720.5,15.367,6.84
"STP",2079,485964,15.187,6.912
"STP",2080,489154.5,15.012,6.983
"STP",2081,492243.5,14.869,7.059
"STP",2082,495208.5,14.727,7.148
"STP",2083,498110,14.615,7.236
"STP",2084,500912,14.488,7.33
"STP",2085,503602,14.361,7.425
"STP",2086,506190,14.238,7.52
"STP",2087,508704.5,14.129,7.626
"STP",2088,511201.5,14.018,7.729
"STP",2089,513627.5,13.924,7.829
"STP",2090,515960.5,13.833,7.935
"STP",2091,518192,13.715,8.035
"STP",2092,520329.5,13.611,8.132
"STP",2093,522383.5,13.493,8.224
"STP",2094,524330.5,13.391,8.319
"STP",2095,526160.5,13.279,8.406
"STP",2096,527916.5,13.184,8.499
"STP",2097,529616.5,13.077,8.579
"STP",2098,531203.5,12.976,8.653
"STP",2099,532659.5,12.853,8.729
"STP",2100,534013.5,12.742,8.796
"SWZ",1967,409030.5,47.528,16.3
"SWZ",1968,419146.5,48.051,15.965
"SWZ",1969,429874.5,48.608,15.659
"SWZ",1970,441215.5,49.055,15.345
"SWZ",1971,453182.5,49.477,15.022
"SWZ",1972,465787.5,49.792,14.684
"SWZ",1973,479038,50.091,14.301
"SWZ",1974,492987.5,50.348,13.894
"SWZ",1975,507672.5,50.572,13.444
"SWZ",1976,523330,50.681,12.971
"SWZ",1977,540348.5,50.609,12.468
"SWZ",1978,558445.5,50.395,11.955
"SWZ",1979,577199,50.093,11.46
"SWZ",1980,596644.5,49.804,10.999
"SWZ",1981,616808.5,49.464,10.597
"SWZ",1982,637652,48.936,10.135
"SWZ",1983,658957,48.402,10.641
"SWZ",1984,680782.5,47.799,9.388
"SWZ",1985,706196,46.866,8.867
"SWZ",1986,734732,45.372,8.494
"SWZ",1987,763810.5,43.893,8.17
"SWZ",1988,799798,42.158,7.904
"SWZ",1989,837800,41.608,7.881
"SWZ",1990,872428.5,40.43,7.936
"SWZ",1991,908189.5,39.514,8.136
"SWZ",1992,943416,38.677,8.525
"SWZ",1993,971318.5,37.905,9.031
"SWZ",1994,971212.5,37.33,9.836
"SWZ",1995,970433.5,33.978,10.248
"SWZ",1996,989841.5,33.131,11.049
"SWZ",1997,1006635,32.383,11.833
"SWZ",1998,1019652.5,32.157,12.775
"SWZ",1999,1030782,32.488,13.648
"SWZ",2000,1041413.5,32.59,14.509
"SWZ",2001,1051064.5,32.44,15.482
"SWZ",2002,1059441.5,32.247,16.272
"SWZ",2003,1066700,32.333,16.962
"SWZ",2004,1073158.5,32.557,17.667
"SWZ",2005,1079021.5,32.535,17.757
"SWZ",2006,1084436,32.232,17.355
"SWZ",2007,1090705,32.163,16.948
"SWZ",2008,1098091.5,32.28,16.548
"SWZ",2009,1105153.5,31.889,15.913
"SWZ",2010,1111650,30.867,14.988
"SWZ",2011,1117833.5,30.402,14.617
"SWZ",2012,1123863.5,29.952,13.661
"SWZ",2013,1129990,29.646,12.917
"SWZ",2014,1136299,29.02,12.205
"SWZ",2015,1142812.5,28.308,11.487
"SWZ",2016,1149507.5,27.623,10.891
"SWZ",2017,1158194.5,26.926,10.281
"SWZ",2018,1168929.5,26.412,9.822
"SWZ",2019,1179874,25.889,9.372
"SWZ",2020,1192729.5,25.39,9.545
"SWZ",2021,1206593.5,24.957,10.607
"SWZ",2022,1218916.5,24.611,8.1
"SWZ",2023,1230506,24.073,7.7
"SWZ",2024,1242821.5,23.648,7.731
"SWZ",2025,1256174,23.251,7.757
"SWZ",2026,1269858.5,22.886,7.786
"SWZ",2027,1283222,22.529,7.825
"SWZ",2028,1295967.5,22.199,7.864
"SWZ",2029,1308349.5,21.887,7.906
"SWZ",2030,1320918.5,21.561,7.945
"SWZ",2031,1333170.5,21.29,7.985
"SWZ",2032,1344896.5,20.97,8.029
"SWZ",2033,1356744,20.677,8.077
"SWZ",2034,1368359,20.404,8.128
"SWZ",2035,1379418,20.142,8.18
"SWZ",2036,1390155,19.904,8.232
"SWZ",2037,1400445,19.659,8.294
"SWZ",2038,1410501,19.392,8.353
"SWZ",2039,1420451,19.152,8.41
"SWZ",2040,1429781,18.935,8.474
"SWZ",2041,1439043.5,18.673,8.541
"SWZ",2042,1448110,18.422,8.617
"SWZ",2043,1456449.5,18.169,8.693
"SWZ",2044,1464369.5,17.931,8.773
"SWZ",2045,1472137,17.681,8.847
"SWZ",2046,1479611,17.435,8.926
"SWZ",2047,1486494,17.194,9.013
"SWZ",2048,1493022.5,16.943,9.105
"SWZ",2049,1499434.5,16.723,9.203
"SWZ",2050,1505331,16.511,9.305
"SWZ",2051,1510781.5,16.294,9.404
"SWZ",2052,1515942,16.067,9.512
"SWZ",2053,1520481,15.863,9.625
"SWZ",2054,1524362.5,15.684,9.743
"SWZ",2055,1527664.5,15.505,9.869
"SWZ",2056,1530611,15.328,9.996
"SWZ",2057,1533361,15.157,10.13
"SWZ",2058,1536017.5,15.017,10.268
"SWZ",2059,1538248.5,14.868,10.401
"SWZ",2060,1539564.5,14.713,10.544
"SWZ",2061,1540354.5,14.564,10.687
"SWZ",2062,1540952.5,14.424,10.831
"SWZ",2063,1541076,14.287,10.978
"SWZ",2064,1540779.5,14.156,11.127
"SWZ",2065,1540153,14.014,11.279
"SWZ",2066,1539333,13.88,11.424
"SWZ",2067,1538053,13.776,11.562
"SWZ",2068,1536165,13.649,11.699
"SWZ",2069,1533890.5,13.529,11.831
"SWZ",2070,1531453,13.424,11.972
"SWZ",2071,1528713,13.325,12.105
"SWZ",2072,1525547,13.217,12.231
"SWZ",2073,1522095.5,13.112,12.355
"SWZ",2074,1518055.5,13.013,12.478
"SWZ",2075,1513671,12.898,12.592
"SWZ",2076,1509060,12.805,12.701
"SWZ",2077,1504249,12.706,12.809
"SWZ",2078,1499640.5,12.61,12.91
"SWZ",2079,1494933,12.521,13.021
"SWZ",2080,1489790.5,12.433,13.116
"SWZ",2081,1484437,12.349,13.221
"SWZ",2082,1478618.5,12.262,13.311
"SWZ",2083,1472249,12.18,13.42
"SWZ",2084,1465479,12.098,13.524
"SWZ",2085,1458343,12.014,13.617
"SWZ",2086,1451217,11.929,13.724
"SWZ",2087,1444221,11.857,13.804
"SWZ",2088,1437187.5,11.786,13.89
"SWZ",2089,1429871.5,11.719,13.97
"SWZ",2090,1422364,11.641,14.057
"SWZ",2091,1414661.5,11.568,14.146
"SWZ",2092,1406865.5,11.499,14.223
"SWZ",2093,1399107,11.431,14.307
"SWZ",2094,1391140,11.391,14.382
"SWZ",2095,1383009.5,11.344,14.465
"SWZ",2096,1374858.5,11.292,14.534
"SWZ",2097,1366736,11.25,14.618
"SWZ",2098,1358519.5,11.201,14.687
"SWZ",2099,1349837,11.156,14.765
"SWZ",2100,1340879,11.108,14.82
"SYC",1967,50667.5,35.545,11.179
"SYC",1968,51884.5,33.115,10.73
"SYC",1969,53081.5,31.691,10.331
"SYC",1970,54252,30.197,9.908
"SYC",1971,55510.5,32.039,9.68
"SYC",1972,56889,29.252,9.159
"SYC",1973,58300.5,27.5,8.736
"SYC",1974,59739.5,29.913,8.532
"SYC",1975,61217.5,28.535,8.263
"SYC",1976,62743,25.227,7.993
"SYC",1977,64104,23.925,7.842
"SYC",1978,64986.5,25.954,7.822
"SYC",1979,65603,25.236,7.73
"SYC",1980,66260.5,26.826,7.74
"SYC",1981,66949.5,26.572,7.716
"SYC",1982,67650.5,23.357,7.632
"SYC",1983,68360,24.609,7.646
"SYC",1984,69083,25.421,7.683
"SYC",1985,69822.5,24.933,7.726
"SYC",1986,70564.5,25.173,7.793
"SYC",1987,71337.5,24.289,7.86
"SYC",1988,72210.5,23.461,7.875
"SYC",1989,73117.5,22.72,7.797
"SYC",1990,73983,22.33,7.734
"SYC",1991,74816.5,23.143,7.703
"SYC",1992,75617,21.776,7.671
"SYC",1993,76409,22.295,7.675
"SYC",1994,77261.5,22.376,7.665
"SYC",1995,78125.5,20.32,7.638
"SYC",1996,78882,19.902,7.649
"SYC",1997,79650.5,18.37,7.736
"SYC",1998,80722.5,17.476,7.664
"SYC",1999,82021,17.532,7.651
"SYC",2000,83318,17.63,7.661
"SYC",2001,84605.5,16.807,7.674
"SYC",2002,85857,17.042,7.716
"SYC",2003,87034,17.023,7.727
"SYC",2004,88155.5,16.751,7.71
"SYC",2005,89266,17.733,7.649
"SYC",2006,90373,16.864,7.622
"SYC",2007,91468,17.603,7.631
"SYC",2008,92547.5,18.096,7.639
"SYC",2009,93628,18.254,7.683
"SYC",2010,94971,16.663,7.727
"SYC",2011,97024,17.614,7.74
"SYC",2012,99543,17.736,7.702
"SYC",2013,102092.5,15.923,7.684
"SYC",2014,104654.5,15.597,7.711
"SYC",2015,107229.5,15.822,7.764
"SYC",2016,109821,16.174,7.834
"SYC",2017,112426.5,16.089,7.91
"SYC",2018,115040,15.708,8.021
"SYC",2019,117650.5,15.27,8.153
"SYC",2020,120291,14.787,6.867
"SYC",2021,122987.5,14.345,9.196
"SYC",2022,125522.5,13.893,9.431
"SYC",2023,127950.5,13.629,8.217
"SYC",2024,130418.5,13.439,8.152
"SYC",2025,132778.5,13.343,8.103
"SYC",2026,134959,13.237,8.088
"SYC",2027,136897.5,13.129,8.096
"SYC",2028,138520.5,12.983,8.127
"SYC",2029,139722,12.819,8.191
"SYC",2030,140399.5,12.624,8.284
"SYC",2031,140778,12.353,8.385
"SYC",2032,141118.5,12.118,8.5
"SYC",2033,141408.5,11.886,8.634
"SYC",2034,141664,11.688,8.784
"SYC",2035,141890.5,11.516,8.943
"SYC",2036,142081.5,11.367,9.111
"SYC",2037,142238,11.246,9.285
"SYC",2038,142360,11.14,9.473
"SYC",2039,142454.5,11.06,9.653
"SYC",2040,142544,11.01,9.838
"SYC",2041,142601.5,10.972,10.029
"SYC",2042,142620,10.926,10.216
"SYC",2043,142618,10.89,10.41
"SYC",2044,142582,10.853,10.606
"SYC",2045,142524,10.831,10.802
"SYC",2046,142436,10.82,10.994
"SYC",2047,142306,10.823,11.188
"SYC",2048,142150.5,10.81,11.362
"SYC",2049,141960.5,10.802,11.545
"SYC",2050,141746.5,10.78,11.711
"SYC",2051,141517.5,10.754,11.878
"SYC",2052,141270,10.73,12.054
"SYC",2053,141012.5,10.708,12.211
"SYC",2054,140719.5,10.678,12.369
"SYC",2055,140387.5,10.634,12.534
"SYC",2056,140036,10.584,12.69
"SYC",2057,139653,10.535,12.834
"SYC",2058,139246,10.494,12.978
"SYC",2059,138821.5,10.45,13.124
"SYC",2060,138369,10.397,13.266
"SYC",2061,137887.5,10.345,13.404
"SYC",2062,137380.5,10.286,13.541
"SYC",2063,136841.5,10.231,13.675
"SYC",2064,136275.5,10.168,13.797
"SYC",2065,135691.5,10.113,13.926
"SYC",2066,135090.5,10.081,14.051
"SYC",2067,134488,10.048,14.153
"SYC",2068,133879,9.997,14.274
"SYC",2069,133264.5,9.974,14.369
"SYC",2070,132634,9.95,14.463
"SYC",2071,131984.5,9.943,14.524
"SYC",2072,131334,9.929,14.588
"SYC",2073,130675.5,9.924,14.637
"SYC",2074,130012,9.92,14.665
"SYC",2075,129344,9.922,14.682
"SYC",2076,128676.5,9.927,14.684
"SYC",2077,128008.5,9.928,14.674
"SYC",2078,127334,9.93,14.657
"SYC",2079,126668.5,9.933,14.614
"SYC",2080,126013,9.913,14.545
"SYC",2081,125372.5,9.91,14.48
"SYC",2082,124747.5,9.904,14.392
"SYC",2083,124136.5,9.904,14.289
"SYC",2084,123548,9.894,14.162
"SYC",2085,122972,9.886,14.034
"SYC",2086,122413.5,9.866,13.899
"SYC",2087,121872,9.853,13.764
"SYC",2088,121356,9.826,13.639
"SYC",2089,120858,9.8,13.486
"SYC",2090,120376,9.768,13.328
"SYC",2091,119912.5,9.739,13.198
"SYC",2092,119450,9.695,13.079
"SYC",2093,119000.5,9.653,12.96
"SYC",2094,118554.5,9.607,12.862
"SYC",2095,118105.5,9.566,12.768
"SYC",2096,117666.5,9.516,12.701
"SYC",2097,117238.5,9.461,12.64
"SYC",2098,116811.5,9.429,12.602
"SYC",2099,116384,9.403,12.589
"SYC",2100,115963.5,9.363,12.582
"TCD",1967,3508512.5,45.99,24.288
"TCD",1968,3578231,46.253,24.045
"TCD",1969,3651113.5,46.661,23.815
"TCD",1970,3727828,47.071,23.556
"TCD",1971,3807316.5,47.501,24.019
"TCD",1972,3893252,49.322,23.343
"TCD",1973,3985908.5,49.324,23.127
"TCD",1974,4078356.5,49.189,22.978
"TCD",1975,4167234,49.1,22.868
"TCD",1976,4251296.5,49.001,22.815
"TCD",1977,4331667,48.826,22.624
"TCD",1978,4411366,48.54,22.452
"TCD",1979,4505384,48.287,22.145
"TCD",1980,4515452.5,49.518,22.396
"TCD",1981,4520959.5,46.598,21.845
"TCD",1982,4738483,45.968,20.829
"TCD",1983,4979130,50.009,20.951
"TCD",1984,5045144.5,51.269,21.238
"TCD",1985,5096268.5,49.248,20.63
"TCD",1986,5251069,49.122,20.107
"TCD",1987,5438309,50.443,21.611
"TCD",1988,5625602.5,51.502,19.774
"TCD",1989,5819586,52.127,19.739
"TCD",1990,5982833,52.689,20.604
"TCD",1991,6205676.5,51.711,19.466
"TCD",1992,6474656,53.335,19.457
"TCD",1993,6629146,54.237,19.544
"TCD",1994,6783450,52.201,19.18
"TCD",1995,7089064,51.582,18.572
"TCD",1996,7410108,52.971,18.614
"TCD",1997,7670366,52.416,18.385
"TCD",1998,7938840,52.244,18.227
"TCD",1999,8222705,51.83,17.989
"TCD",2000,8512093,51.589,17.852
"TCD",2001,8804124,51.241,17.478
"TCD",2002,9116192.5,50.473,17.236
"TCD",2003,9487833,50.028,16.855
"TCD",2004,9920036,50.375,16.692
"TCD",2005,10328091.5,50.672,16.561
"TCD",2006,10706424,50.303,16.489
"TCD",2007,11081660.5,50.107,16.111
"TCD",2008,11476295.5,49.53,15.77
"TCD",2009,11893753.5,49.257,15.463
"TCD",2010,12312575,48.979,15.178
"TCD",2011,12754997,48.49,14.857
"TCD",2012,13210998,48.177,14.55
"TCD",2013,13691079.5,47.429,14.231
"TCD",2014,14188678.5,47.052,14.071
"TCD",2015,14647621,46.51,13.876
"TCD",2016,15114655,45.533,13.548
"TCD",2017,15622759,44.917,13.277
"TCD",2018,16156530.5,44.401,12.857
"TCD",2019,16685223,44.316,12.519
"TCD",2020,17224679,43.75,12.328
"TCD",2021,17828273.5,43.284,12.162
"TCD",2022,18455315.5,43.35,11.486
"TCD",2023,19319064,42.396,11.032
"TCD",2024,20299123,43.264,11.08
"TCD",2025,21003705,43.198,11.066
"TCD",2026,21560380,42.196,10.942
"TCD",2027,22175375.5,41.228,10.796
"TCD",2028,22847749.5,40.39,10.68
"TCD",2029,23526039.5,39.76,10.582
"TCD",2030,24207479,39.04,10.489
"TCD",2031,24897239.5,38.453,10.392
"TCD",2032,25596231.5,37.698,10.297
"TCD",2033,26297840.5,37.071,10.209
"TCD",2034,26997407.5,36.458,10.125
"TCD",2035,27697279,35.88,10.051
"TCD",2036,28410504.5,35.305,9.98
"TCD",2037,29132971.5,34.792,9.904
"TCD",2038,29856455.5,34.292,9.841
"TCD",2039,30584706.5,33.805,9.788
"TCD",2040,31307342,33.368,9.748
"TCD",2041,32035124.5,32.914,9.699
"TCD",2042,32777673,32.536,9.649
"TCD",2043,33525244.5,32.154,9.615
"TCD",2044,34272321,31.817,9.584
"TCD",2045,35026393,31.447,9.549
"TCD",2046,35788067,31.091,9.524
"TCD",2047,36546919.5,30.76,9.497
"TCD",2048,37317470,30.404,9.471
"TCD",2049,38088925.5,30.065,9.45
"TCD",2050,38857686,29.695,9.421
"TCD",2051,39636032.5,29.321,9.399
"TCD",2052,40417241,28.955,9.385
"TCD",2053,41198789,28.589,9.375
"TCD",2054,41975488.5,28.217,9.365
"TCD",2055,42754651,27.823,9.352
"TCD",2056,43535493.5,27.45,9.345
"TCD",2057,44307097.5,27.073,9.347
"TCD",2058,45076265,26.68,9.345
"TCD",2059,45852726,26.292,9.343
"TCD",2060,46632974,25.92,9.341
"TCD",2061,47394752.5,25.572,9.345
"TCD",2062,48138588.5,25.181,9.357
"TCD",2063,48877551.5,24.807,9.374
"TCD",2064,49618990,24.422,9.385
"TCD",2065,50353311,24.088,9.413
"TCD",2066,51077560.5,23.769,9.435
"TCD",2067,51782710,23.441,9.463
"TCD",2068,52470753,23.14,9.486
"TCD",2069,53159584.5,22.856,9.525
"TCD",2070,53842126.5,22.563,9.56
"TCD",2071,54524657.5,22.307,9.6
"TCD",2072,55209883.5,22.054,9.65
"TCD",2073,55884821,21.811,9.698
"TCD",2074,56539258,21.584,9.746
"TCD",2075,57185785.5,21.344,9.793
"TCD",2076,57827024,21.1,9.845
"TCD",2077,58458806.5,20.849,9.89
"TCD",2078,59090653,20.607,9.947
"TCD",2079,59717801.5,20.381,10.004
"TCD",2080,60327438,20.152,10.056
"TCD",2081,60926274.5,19.934,10.114
"TCD",2082,61499867,19.718,10.171
"TCD",2083,62056322,19.511,10.233
"TCD",2084,62614532.5,19.316,10.295
"TCD",2085,63162285.5,19.1,10.357
"TCD",2086,63691683.5,18.874,10.426
"TCD",2087,64204341,18.655,10.501
"TCD",2088,64696819.5,18.444,10.572
"TCD",2089,65177199,18.232,10.641
"TCD",2090,65661962,18.023,10.711
"TCD",2091,66127376.5,17.829,10.786
"TCD",2092,66573216,17.628,10.869
"TCD",2093,67005884,17.448,10.95
"TCD",2094,67409184,17.273,11.033
"TCD",2095,67793404.5,17.087,11.125
"TCD",2096,68175869,16.928,11.213
"TCD",2097,68557149,16.784,11.303
"TCD",2098,68907302,16.62,11.394
"TCD",2099,69227469.5,16.469,11.492
"TCD",2100,69546607,16.327,11.58
"TGO",1967,1995890,48.007,19.885
"TGO",1968,2080225.5,47.941,19.526
"TGO",1969,2164814,48.172,19.26
"TGO",1970,2244773.5,48.283,18.948
"TGO",1971,2317976,48.486,18.63
"TGO",1972,2384994.5,48.477,18.285
"TGO",1973,2448749,48.441,17.93
"TGO",1974,2511760.5,48.363,17.569
"TGO",1975,2574622.5,48.208,17.201
"TGO",1976,2637795.5,48.036,16.828
"TGO",1977,2701894.5,47.634,16.333
"TGO",1978,2768147.5,47.195,15.784
"TGO",1979,2839854,46.695,15.303
"TGO",1980,2920893.5,46.115,14.808
"TGO",1981,3013042.5,45.632,14.329
"TGO",1982,3115042,45.082,13.942
"TGO",1983,3222899,44.542,13.571
"TGO",1984,3332837,44.032,13.3
"TGO",1985,3441091.5,43.576,13.077
"TGO",1986,3547952,43.295,12.867
"TGO",1987,3657508.5,42.967,12.69
"TGO",1988,3769742,42.533,12.58
"TGO",1989,3883411,42.057,12.59
"TGO",1990,3998761,41.666,12.607
"TGO",1991,4115560.5,41.221,12.693
"TGO",1992,4233617,40.794,12.715
"TGO",1993,4207453.5,41.704,13.198
"TGO",1994,4222939.5,39.393,12.617
"TGO",1995,4410832,38.96,12.59
"TGO",1996,4577860,38.553,12.467
"TGO",1997,4725030,38.26,12.417
"TGO",1998,4860912.5,38.1,12.304
"TGO",1999,5000269,38.039,12.074
"TGO",2000,5140036.5,37.948,11.903
"TGO",2001,5277382,37.903,11.79
"TGO",2002,5413273.5,37.776,11.61
"TGO",2003,5552166.5,37.528,11.43
"TGO",2004,5696508,37.14,11.234
"TGO",2005,5844631,37.434,11.065
"TGO",2006,6010668.5,37.661,10.93
"TGO",2007,6188344,38.005,10.834
"TGO",2008,6368812,37.953,10.683
"TGO",2009,6551865.5,38.043,10.553
"TGO",2010,6732590,37.91,10.388
"TGO",2011,6916474,37.105,10.154
"TGO",2012,7100736,36.144,9.941
"TGO",2013,7285442,35.414,9.704
"TGO",2014,7472450.5,34.996,9.48
"TGO",2015,7663195.5,34.669,9.253
"TGO",2016,7858289,34.409,9.039
"TGO",2017,8057139.5,33.923,8.814
"TGO",2018,8258778,33.413,8.598
"TGO",2019,8463068,32.925,8.394
"TGO",2020,8669720.5,32.454,8.386
"TGO",2021,8878378.5,32.015,8.293
"TGO",2022,9089738.5,31.535,7.872
"TGO",2023,9304337.5,31.142,7.702
"TGO",2024,9515235.5,30.748,7.658
"TGO",2025,9721607.5,30.453,7.61
"TGO",2026,9930918.5,30.148,7.571
"TGO",2027,10142996.5,29.899,7.537
"TGO",2028,10356495.5,29.613,7.503
"TGO",2029,10572460.5,29.38,7.474
"TGO",2030,10792997,29.16,7.446
"TGO",2031,11018536,28.981,7.427
"TGO",2032,11246761,28.794,7.402
"TGO",2033,11475982,28.54,7.379
"TGO",2034,11705826.5,28.304,7.36
"TGO",2035,11937684,28.053,7.34
"TGO",2036,12170508,27.814,7.328
"TGO",2037,12404347,27.595,7.312
"TGO",2038,12641136.5,27.327,7.3
"TGO",2039,12881276.5,27.101,7.297
"TGO",2040,13121351.5,26.866,7.29
"TGO",2041,13361760,26.589,7.281
"TGO",2042,13604976.5,26.314,7.275
"TGO",2043,13851202,26.057,7.274
"TGO",2044,14099649.5,25.754,7.271
"TGO",2045,14347511.5,25.487,7.273
"TGO",2046,14595249.5,25.197,7.279
"TGO",2047,14841670,24.894,7.289
"TGO",2048,15088054,24.623,7.291
"TGO",2049,15337441.5,24.357,7.306
"TGO",2050,15584777.5,24.101,7.322
"TGO",2051,15831366.5,23.831,7.333
"TGO",2052,16078297,23.587,7.352
"TGO",2053,16321187,23.358,7.368
"TGO",2054,16562847,23.127,7.379
"TGO",2055,16808372.5,22.898,7.4
"TGO",2056,17053773,22.707,7.415
"TGO",2057,17294590,22.52,7.439
"TGO",2058,17533071.5,22.306,7.462
"TGO",2059,17768601.5,22.106,7.491
"TGO",2060,18005439.5,21.919,7.504
"TGO",2061,18244746.5,21.753,7.528
"TGO",2062,18484309,21.562,7.548
"TGO",2063,18726403.5,21.394,7.569
"TGO",2064,18967622.5,21.218,7.595
"TGO",2065,19205742.5,21.028,7.617
"TGO",2066,19445325,20.856,7.642
"TGO",2067,19684297.5,20.713,7.671
"TGO",2068,19923664.5,20.508,7.691
"TGO",2069,20162518,20.344,7.722
"TGO",2070,20395141.5,20.147,7.758
"TGO",2071,20624540.5,19.949,7.791
"TGO",2072,20853146,19.783,7.825
"TGO",2073,21082716.5,19.579,7.863
"TGO",2074,21313198.5,19.394,7.901
"TGO",2075,21543950,19.183,7.942
"TGO",2076,21771403,19.004,7.985
"TGO",2077,21989993.5,18.84,8.036
"TGO",2078,22202395,18.675,8.08
"TGO",2079,22419579.5,18.517,8.128
"TGO",2080,22642368.5,18.376,8.178
"TGO",2081,22862552.5,18.242,8.237
"TGO",2082,23077378,18.093,8.296
"TGO",2083,23286745.5,17.932,8.35
"TGO",2084,23490958,17.765,8.398
"TGO",2085,23691334.5,17.601,8.452
"TGO",2086,23891769.5,17.438,8.501
"TGO",2087,24082474.5,17.302,8.554
"TGO",2088,24266779.5,17.136,8.609
"TGO",2089,24452438,17.01,8.668
"TGO",2090,24632971,16.861,8.724
"TGO",2091,24811521.5,16.734,8.782
"TGO",2092,24986355.5,16.61,8.831
"TGO",2093,25154167.5,16.472,8.891
"TGO",2094,25325646,16.339,8.94
"TGO",2095,25496673.5,16.226,8.971
"TGO",2096,25661542.5,16.088,9.017
"TGO",2097,25825693,15.96,9.061
"TGO",2098,25986594,15.851,9.098
"TGO",2099,26145662,15.723,9.143
"TGO",2100,26300754,15.607,9.182
"TUN",1967,4760969.5,44.978,17.121
"TUN",1968,4879898.5,43.605,16.095
"TUN",1969,5004697,42.271,15.245
"TUN",1970,5131396.5,41.046,14.107
"TUN",1971,5261657.5,40.311,13.267
"TUN",1972,5396557,39.749,12.465
"TUN",1973,5537242,39.552,11.826
"TUN",1974,5684674,39.349,11.168
"TUN",1975,5839262,39.177,10.579
"TUN",1976,5996994,38.828,10.023
"TUN",1977,6155930.5,37.827,9.474
"TUN",1978,6309390,36.394,8.934
"TUN",1979,6456419,35.034,8.477
"TUN",1980,6606195,33.988,8.089
"TUN",1981,6758284.5,33.926,7.791
"TUN",1982,6908642.5,33.248,7.498
"TUN",1983,7053800,32.695,7.194
"TUN",1984,7220044.5,32.185,6.924
"TUN",1985,7409903,31.844,6.696
"TUN",1986,7600301.5,31.224,6.474
"TUN",1987,7789987,29.853,6.22
"TUN",1988,7974440.5,28.231,6.013
"TUN",1989,8151660,26.601,5.842
"TUN",1990,8324509,25.956,5.753
"TUN",1991,8501827,25.211,5.657
"TUN",1992,8682511.5,24.466,5.58
"TUN",1993,8857910,23.668,5.501
"TUN",1994,9018448,22.434,5.397
"TUN",1995,9161258.5,21.041,5.285
"TUN",1996,9294432,19.762,5.171
"TUN",1997,9421269.5,18.706,5.085
"TUN",1998,9541667,17.735,5.019
"TUN",1999,9655963.5,16.904,5.012
"TUN",2000,9764935.5,16.549,5.028
"TUN",2001,9869677.5,16.227,5.067
"TUN",2002,9971515.5,16.036,5.095
"TUN",2003,10071632,16.249,5.136
"TUN",2004,10166163,16.333,5.186
"TUN",2005,10255472.5,16.496,5.246
"TUN",2006,10346410,16.612,5.309
"TUN",2007,10441702.5,16.769,5.38
"TUN",2008,10542635,17.008,5.448
"TUN",2009,10650680.5,17.303,5.523
"TUN",2010,10765980,17.94,5.604
"TUN",2011,10886035.5,18.892,5.719
"TUN",2012,11009646.5,19.58,5.791
"TUN",2013,11141360.5,19.755,5.871
"TUN",2014,11274288,19.658,5.931
"TUN",2015,11402264,19.415,5.996
"TUN",2016,11528673.5,18.954,6.041
"TUN",2017,11650498.5,18.168,6.068
"TUN",2018,11765514.5,17.344,6.087
"TUN",2019,11875081,16.82,6.099
"TUN",2020,11974057,15.787,6.648
"TUN",2021,12048622.5,13.999,8.348
"TUN",2022,12119333.5,14.124,6.159
"TUN",2023,12200431,13.748,6.071
"TUN",2024,12277109,13.37,6.128
"TUN",2025,12348573,12.998,6.215
"TUN",2026,12415138.5,12.644,6.306
"TUN",2027,12476097.5,12.317,6.405
"TUN",2028,12531992,12.037,6.505
"TUN",2029,12582708,11.79,6.622
"TUN",2030,12628142,11.579,6.736
"TUN",2031,12669921,11.406,6.866
"TUN",2032,12709149,11.287,6.996
"TUN",2033,12746529,11.212,7.138
"TUN",2034,12781010,11.186,7.283
"TUN",2035,12812268.5,11.193,7.432
"TUN",2036,12842491,11.247,7.584
"TUN",2037,12872060.5,11.317,7.739
"TUN",2038,12900188.5,11.411,7.895
"TUN",2039,12927305.5,11.52,8.042
"TUN",2040,12953864.5,11.614,8.194
"TUN",2041,12979693,11.712,8.337
"TUN",2042,13005236,11.798,8.482
"TUN",2043,13030303,11.829,8.628
"TUN",2044,13054101.5,11.821,8.767
"TUN",2045,13076089,11.787,8.9
"TUN",2046,13095744.5,11.716,9.032
"TUN",2047,13113222,11.618,9.159
"TUN",2048,13127664.5,11.48,9.284
"TUN",2049,13138145,11.309,9.401
"TUN",2050,13145141,11.132,9.53
"TUN",2051,13148161.5,10.913,9.651
"TUN",2052,13146730.5,10.684,9.761
"TUN",2053,13141448.5,10.455,9.884
"TUN",2054,13131365.5,10.234,10.005
"TUN",2055,13116211.5,10.006,10.127
"TUN",2056,13096443.5,9.793,10.243
"TUN",2057,13072218.5,9.602,10.369
"TUN",2058,13044594.5,9.412,10.501
"TUN",2059,13014042,9.249,10.642
"TUN",2060,12979263.5,9.124,10.777
"TUN",2061,12940831,9.011,10.913
"TUN",2062,12900063,8.925,11.051
"TUN",2063,12856799.5,8.869,11.184
"TUN",2064,12811783.5,8.835,11.328
"TUN",2065,12764362.5,8.816,11.471
"TUN",2066,12715107.5,8.825,11.603
"TUN",2067,12664872.5,8.858,11.73
"TUN",2068,12613236,8.898,11.866
"TUN",2069,12560479.5,8.957,11.988
"TUN",2070,12507103,9.007,12.105
"TUN",2071,12453270.5,9.061,12.219
"TUN",2072,12399596.5,9.112,12.322
"TUN",2073,12345709.5,9.164,12.412
"TUN",2074,12291711.5,9.21,12.479
"TUN",2075,12237861.5,9.249,12.558
"TUN",2076,12184079.5,9.273,12.614
"TUN",2077,12129776.5,9.272,12.669
"TUN",2078,12073349.5,9.253,12.717
"TUN",2079,12016009,9.219,12.753
"TUN",2080,11959126.5,9.183,12.758
"TUN",2081,11903150,9.123,12.772
"TUN",2082,11846743,9.057,12.776
"TUN",2083,11788911.5,8.973,12.788
"TUN",2084,11730690,8.877,12.788
"TUN",2085,11672127,8.775,12.775
"TUN",2086,11612095.5,8.665,12.786
"TUN",2087,11550653,8.564,12.794
"TUN",2088,11488837,8.454,12.815
"TUN",2089,11425876,8.35,12.835
"TUN",2090,11361333.5,8.25,12.872
"TUN",2091,11295676.5,8.161,12.931
"TUN",2092,11228787.5,8.104,12.993
"TUN",2093,11160652.5,8.049,13.057
"TUN",2094,11090878.5,7.996,13.15
"TUN",2095,11019843,7.963,13.266
"TUN",2096,10947928,7.936,13.396
"TUN",2097,10875777.5,7.92,13.534
"TUN",2098,10802950.5,7.928,13.686
"TUN",2099,10728330.5,7.939,13.84
"TUN",2100,10652235,7.953,14.012
"TZA",1967,12200109,50.316,19.598
"TZA",1968,12602076.5,50.171,19.266
"TZA",1969,13036700,50.318,18.997
"TZA",1970,13492677.5,50.434,18.714
"TZA",1971,13971450.5,50.555,18.417
"TZA",1972,14479308.5,50.374,18.1
"TZA",1973,15010100.5,50.332,17.792
"TZA",1974,15561630,50.581,17.477
"TZA",1975,16138360.5,50.217,17.134
"TZA",1976,16736210.5,49.837,16.758
"TZA",1977,17352929.5,49.529,16.397
"TZA",1978,17976566,49.226,16.126
"TZA",1979,18592038,48.816,15.824
"TZA",1980,19189769.5,48.312,15.511
"TZA",1981,19784703.5,47.861,15.235
"TZA",1982,20398570.5,47.529,15.045
"TZA",1983,21079874,47.121,14.876
"TZA",1984,21779065.5,46.374,14.81
"TZA",1985,22501692.5,45.683,14.669
"TZA",1986,23258959,44.869,14.529
"TZA",1987,24030378.5,44.305,14.402
"TZA",1988,24769686.5,44.046,14.31
"TZA",1989,25438759,43.525,14.284
"TZA",1990,26110206.5,42.996,14.24
"TZA",1991,26780436,42.68,14.226
"TZA",1992,27457587.5,42.317,14.348
"TZA",1993,28332691.5,41.727,14.266
"TZA",1994,29442356,41.522,14.216
"TZA",1995,30383497,41.897,14.284
"TZA",1996,30945762,42.349,14.283
"TZA",1997,31578089,42.054,14.106
"TZA",1998,32420458,42.143,13.741
"TZA",1999,33300330.5,41.804,13.316
"TZA",2000,34260138.5,41.528,12.772
"TZA",2001,35198299,41.398,12.242
"TZA",2002,36121303.5,41.171,11.737
"TZA",2003,37089555,41.335,11.18
"TZA",2004,38109668.5,41.527,10.685
"TZA",2005,39182076,41.465,10.222
"TZA",2006,40294902.5,40.973,9.755
"TZA",2007,41435512.5,40.168,9.318
"TZA",2008,42570728,39.579,8.954
"TZA",2009,43633981.5,39.162,8.635
"TZA",2010,44758487.5,38.756,8.293
"TZA",2011,46029367,38.108,8.021
"TZA",2012,47374260.5,38.102,7.72
"TZA",2013,48824128.5,38.408,7.501
"TZA",2014,50351511.5,38.355,7.261
"TZA",2015,52020962,37.622,7.002
"TZA",2016,53824013,37.632,6.8
"TZA",2017,55652890,37.611,6.581
"TZA",2018,57437144.5,37.335,6.382
"TZA",2019,59174891,36.883,6.183
"TZA",2020,60972797.5,36.437,5.909
"TZA",2021,62830412,36.015,6.091
"TZA",2022,64711821,35.637,5.844
"TZA",2023,66617606.5,35.222,5.791
"TZA",2024,68560157,34.801,5.721
"TZA",2025,70545865,34.294,5.656
"TZA",2026,72563780.5,33.895,5.594
"TZA",2027,74604808,33.436,5.538
"TZA",2028,76670491.5,32.985,5.485
"TZA",2029,78773195,32.593,5.432
"TZA",2030,80913124,32.194,5.383
"TZA",2031,83087938,31.859,5.341
"TZA",2032,85293132.5,31.383,5.296
"TZA",2033,87520493,31.028,5.26
"TZA",2034,89788678.5,30.758,5.224
"TZA",2035,92091429,30.44,5.193
"TZA",2036,94420812,30.078,5.163
"TZA",2037,96775776.5,29.661,5.138
"TZA",2038,99156471,29.407,5.121
"TZA",2039,101567530,29.097,5.104
"TZA",2040,103999358.5,28.781,5.096
"TZA",2041,106448480,28.386,5.084
"TZA",2042,108926277,28.151,5.081
"TZA",2043,111433794,27.856,5.075
"TZA",2044,113966271.5,27.599,5.075
"TZA",2045,116525473,27.18,5.072
"TZA",2046,119109675.5,27.042,5.078
"TZA",2047,121721027.5,26.765,5.079
"TZA",2048,124351302,26.398,5.086
"TZA",2049,126981406,25.984,5.095
"TZA",2050,129621102.5,25.761,5.108
"TZA",2051,132280447,25.482,5.121
"TZA",2052,134947338,25.227,5.137
"TZA",2053,137623542,24.905,5.152
"TZA",2054,140321278.5,24.635,5.175
"TZA",2055,143049421,24.377,5.198
"TZA",2056,145803872,24.092,5.217
"TZA",2057,148564295,23.88,5.245
"TZA",2058,151321489.5,23.674,5.275
"TZA",2059,154082241,23.429,5.304
"TZA",2060,156850592,23.184,5.328
"TZA",2061,159634033,22.974,5.357
"TZA",2062,162433739,22.743,5.387
"TZA",2063,165240211.5,22.487,5.417
"TZA",2064,168047180.5,22.239,5.448
"TZA",2065,170875356.5,22.017,5.479
"TZA",2066,173697363.5,21.794,5.512
"TZA",2067,176492989.5,21.588,5.55
"TZA",2068,179288247.5,21.377,5.588
"TZA",2069,182085990,21.156,5.628
"TZA",2070,184885708,20.936,5.663
"TZA",2071,187680954.5,20.726,5.699
"TZA",2072,190465797,20.511,5.74
"TZA",2073,193247337,20.29,5.782
"TZA",2074,196034262,20.076,5.823
"TZA",2075,198812940,19.872,5.858
"TZA",2076,201583012.5,19.681,5.898
"TZA",2077,204343865,19.48,5.939
"TZA",2078,207088057,19.287,5.983
"TZA",2079,209822259,19.094,6.033
"TZA",2080,212537418.5,18.917,6.078
"TZA",2081,215229470,18.74,6.13
"TZA",2082,217903515,18.593,6.178
"TZA",2083,220561526.5,18.43,6.221
"TZA",2084,223212513,18.276,6.272
"TZA",2085,225866208.5,18.114,6.323
"TZA",2086,228511354.5,17.941,6.376
"TZA",2087,231124134,17.793,6.43
"TZA",2088,233711112,17.627,6.48
"TZA",2089,236276108.5,17.461,6.538
"TZA",2090,238809591,17.295,6.586
"TZA",2091,241325554.5,17.141,6.635
"TZA",2092,243825084.5,16.966,6.687
"TZA",2093,246295329.5,16.796,6.74
"TZA",2094,248729231,16.648,6.794
"TZA",2095,251132949,16.5,6.845
"TZA",2096,253520804,16.355,6.895
"TZA",2097,255892767,16.235,6.948
"TZA",2098,258233882,16.102,7.008
"TZA",2099,260543975,15.969,7.063
"TZA",2100,262834721,15.811,7.116
"UGA",1967,9408923.5,48.188,16.655
"UGA",1968,9708632.5,48.422,16.52
"UGA",1969,10014857.5,48.423,16.422
"UGA",1970,10321603.5,48.689,16.407
"UGA",1971,10618206,48.928,18.01
"UGA",1972,10885796,48.931,18.071
"UGA",1973,11144235.5,48.706,18.127
"UGA",1974,11424846,48.586,18.321
"UGA",1975,11725240,48.721,18.506
"UGA",1976,12037294.5,48.642,18.78
"UGA",1977,12359669,48.585,19.036
"UGA",1978,12692113,48.578,19.274
"UGA",1979,13002162.5,48.827,19.476
"UGA",1980,13275741,48.706,20.814
"UGA",1981,13556452,48.785,20.752
"UGA",1982,13873631,48.78,20.61
"UGA",1983,14221881.5,48.898,20.425
"UGA",1984,14607677.5,49.029,20.192
"UGA",1985,15023680.5,49.72,18.933
"UGA",1986,15467579,50.361,18.831
"UGA",1987,15954170,50.926,17.869
"UGA",1988,16470483,51.018,17.761
"UGA",1989,17010698,50.906,17.67
"UGA",1990,17569897.5,50.968,17.542
"UGA",1991,18155901.5,50.587,17.389
"UGA",1992,18785032,50.565,17.18
"UGA",1993,19445160.5,50.469,17.04
"UGA",1994,20108801,50.502,16.93
"UGA",1995,20665667.5,50.609,16.871
"UGA",1996,21231549.5,49.531,16.575
"UGA",1997,21856045.5,49.591,16.304
"UGA",1998,22515806.5,48.839,15.921
"UGA",1999,23257280.5,48.675,15.345
"UGA",2000,24000150,48.247,14.786
"UGA",2001,24745675.5,47.915,14.101
"UGA",2002,25532870,47.446,13.421
"UGA",2003,26352124,46.962,12.757
"UGA",2004,27154515,46.508,11.942
"UGA",2005,27963289,45.833,11.177
"UGA",2006,28794003.5,45.184,10.456
"UGA",2007,29653430.5,44.524,9.793
"UGA",2008,30539552.5,43.784,9.208
"UGA",2009,31451151,43.381,8.705
"UGA",2010,32390801.5,42.889,8.263
"UGA",2011,33354543.5,42.22,7.824
"UGA",2012,34337437.5,41.419,7.419
"UGA",2013,35337042,40.551,7.038
"UGA",2014,36395538.5,39.714,6.699
"UGA",2015,37531445.5,39.007,6.372
"UGA",2016,38799152,38.279,6.073
"UGA",2017,40177388,37.944,5.82
"UGA",2018,41565831,37.673,5.613
"UGA",2019,42999637.5,37.212,5.42
"UGA",2020,44457152.5,36.803,5.373
"UGA",2021,45910930,36.342,5.339
"UGA",2022,47312719.5,35.8,5.035
"UGA",2023,48656601.5,35.201,4.842
"UGA",2024,50015092.5,34.436,4.767
"UGA",2025,51384894,33.756,4.708
"UGA",2026,52761469.5,33.111,4.656
"UGA",2027,54144272.5,32.425,4.605
"UGA",2028,55532558,31.765,4.561
"UGA",2029,56922790,31.06,4.52
"UGA",2030,58312939.5,30.427,4.484
"UGA",2031,59703534.5,29.766,4.459
"UGA",2032,61089056,29.061,4.439
"UGA",2033,62464107.5,28.458,4.423
"UGA",2034,63833868.5,27.91,4.413
"UGA",2035,65205574,27.368,4.404
"UGA",2036,66573733,26.876,4.407
"UGA",2037,67942631.5,26.454,4.412
"UGA",2038,69312207.5,26.046,4.425
"UGA",2039,70669874.5,25.624,4.435
"UGA",2040,72020418.5,25.202,4.45
"UGA",2041,73372653,24.815,4.468
"UGA",2042,74730004,24.467,4.492
"UGA",2043,76090990,24.109,4.516
"UGA",2044,77449521,23.746,4.547
"UGA",2045,78797992,23.407,4.584
"UGA",2046,80139175,23.057,4.619
"UGA",2047,81478502,22.69,4.657
"UGA",2048,82812094.5,22.344,4.698
"UGA",2049,84130053,22.02,4.744
"UGA",2050,85431202,21.65,4.793
"UGA",2051,86718842,21.305,4.843
"UGA",2052,87994728,20.978,4.895
"UGA",2053,89259476,20.669,4.956
"UGA",2054,90505891.5,20.346,5.014
"UGA",2055,91729146.5,20.026,5.078
"UGA",2056,92930867,19.688,5.143
"UGA",2057,94115086.5,19.365,5.21
"UGA",2058,95281800,19.073,5.275
"UGA",2059,96426131.5,18.762,5.344
"UGA",2060,97542311,18.45,5.418
"UGA",2061,98640640,18.179,5.49
"UGA",2062,99723532,17.9,5.568
"UGA",2063,100778773,17.627,5.647
"UGA",2064,101810173.5,17.36,5.73
"UGA",2065,102815036.5,17.103,5.814
"UGA",2066,103793951.5,16.844,5.903
"UGA",2067,104749949.5,16.593,5.995
"UGA",2068,105679495,16.36,6.086
"UGA",2069,106581040.5,16.148,6.178
"UGA",2070,107461466.5,15.947,6.277
"UGA",2071,108317271.5,15.751,6.379
"UGA",2072,109144755.5,15.56,6.481
"UGA",2073,109944912.5,15.378,6.589
"UGA",2074,110717752.5,15.164,6.696
"UGA",2075,111470717,14.971,6.803
"UGA",2076,112201024,14.788,6.917
"UGA",2077,112898955,14.595,7.035
"UGA",2078,113567433,14.402,7.147
"UGA",2079,114203979.5,14.234,7.259
"UGA",2080,114812179.5,14.066,7.371
"UGA",2081,115393561.5,13.907,7.486
"UGA",2082,115943223.5,13.745,7.602
"UGA",2083,116468067.5,13.565,7.723
"UGA",2084,116958194,13.406,7.846
"UGA",2085,117410683,13.264,7.968
"UGA",2086,117831253.5,13.123,8.088
"UGA",2087,118229691,12.972,8.205
"UGA",2088,118604118,12.827,8.313
"UGA",2089,118950728.5,12.69,8.423
"UGA",2090,119267678.5,12.552,8.536
"UGA",2091,119548482.5,12.422,8.652
"UGA",2092,119802176.5,12.285,8.758
"UGA",2093,120030493.5,12.151,8.864
"UGA",2094,120223595.5,12.02,8.973
"UGA",2095,120394755,11.9,9.081
"UGA",2096,120537698,11.79,9.187
"UGA",2097,120644959,11.683,9.293
"UGA",2098,120728726,11.571,9.402
"UGA",2099,120794428.5,11.455,9.51
"UGA",2100,120835191.5,11.347,9.615
"ZAF",1967,20314065.5,39.929,12.67
"ZAF",1968,20957287,39.812,12.526
"ZAF",1969,21614676,39.708,12.375
"ZAF",1970,22279984,39.376,12.217
"ZAF",1971,22942143,39.25,12.018
"ZAF",1972,23609456,38.85,11.795
"ZAF",1973,24294263,38.394,11.573
"ZAF",1974,24989108.5,37.666,11.317
"ZAF",1975,25690940,37.011,11.015
"ZAF",1976,26395450,36.331,10.758
"ZAF",1977,27118952,35.568,10.459
"ZAF",1978,27869507.5,35.082,10.168
"ZAF",1979,28634162,34.942,9.918
"ZAF",1980,29518857.5,34.663,9.648
"ZAF",1981,30541044.5,34.585,9.444
"ZAF",1982,31615338.5,34.797,9.254
"ZAF",1983,32739304.5,34.631,9.065
"ZAF",1984,33892788,34.527,8.887
"ZAF",1985,35042093,34.246,8.737
"ZAF",1986,36180515,33.597,8.621
"ZAF",1987,37326190.5,33.198,8.488
"ZAF",1988,38480648.5,31.976,8.348
"ZAF",1989,39628575.5,30.576,8.253
"ZAF",1990,40746267.5,28.735,8.232
"ZAF",1991,41687898,28.075,8.23
"ZAF",1992,42443509,27.017,8.3
"ZAF",1993,43297156.5,26.612,8.384
"ZAF",1994,44004139.5,24.579,8.703
"ZAF",1995,44541554.5,25.612,8.92
"ZAF",1996,45123018,24.857,9.103
"ZAF",1997,45666838,23.909,9.282
"ZAF",1998,46223880.5,23.151,9.586
"ZAF",1999,46730335,22.7,9.975
"ZAF",2000,47159718.5,21.567,10.393
"ZAF",2001,47566800.5,21.266,11.074
"ZAF",2002,48019415,20.928,11.954
"ZAF",2003,48500348,21.388,12.831
"ZAF",2004,48991420.5,22.136,13.103
"ZAF",2005,49490032.5,22.718,13.333
"ZAF",2006,49998277,23.144,13.392
"ZAF",2007,50528583.5,23.088,13.122
"ZAF",2008,51114598.5,24.33,12.683
"ZAF",2009,51728516,22.779,12.067
"ZAF",2010,52344051,22.178,11.349
"ZAF",2011,52995205,22.075,10.721
"ZAF",2012,53782566.5,22.118,10.149
"ZAF",2013,54678791.5,21.894,9.962
"ZAF",2014,55594838.5,21.784,9.647
"ZAF",2015,56723536.5,21.007,9.217
"ZAF",2016,57259551,20.27,9.069
"ZAF",2017,57635162,20.038,8.83
"ZAF",2018,58613000.5,19.85,8.789
"ZAF",2019,59587885.5,19.694,8.75
"ZAF",2020,60562381,19.522,9.683
"ZAF",2021,61502603,19.354,11.933
"ZAF",2022,62378410,19.079,9.402
"ZAF",2023,63212383.5,18.775,9.239
"ZAF",2024,64007186.5,18.48,9.237
"ZAF",2025,64747319.5,18.159,9.274
"ZAF",2026,65453084.5,17.842,9.314
"ZAF",2027,66143021.5,17.57,9.354
"ZAF",2028,66830384.5,17.31,9.396
"ZAF",2029,67506849.5,17.072,9.442
"ZAF",2030,68161359,16.815,9.485
"ZAF",2031,68798579.5,16.582,9.538
"ZAF",2032,69426438.5,16.373,9.59
"ZAF",2033,70040480.5,16.173,9.645
"ZAF",2034,70641572,15.979,9.701
"ZAF",2035,71234752,15.795,9.766
"ZAF",2036,71816378.5,15.642,9.826
"ZAF",2037,72387813.5,15.507,9.886
"ZAF",2038,72949616.5,15.4,9.952
"ZAF",2039,73496158.5,15.315,10.018
"ZAF",2040,74035623.5,15.24,10.087
"ZAF",2041,74575448,15.198,10.154
"ZAF",2042,75111900.5,15.146,10.22
"ZAF",2043,75641513,15.102,10.281
"ZAF",2044,76164460,15.049,10.349
"ZAF",2045,76681449.5,14.98,10.407
"ZAF",2046,77199547.5,14.897,10.474
"ZAF",2047,77716654.5,14.797,10.535
"ZAF",2048,78215322.5,14.682,10.599
"ZAF",2049,78699586,14.556,10.663
"ZAF",2050,79177328,14.425,10.718
"ZAF",2051,79652213,14.308,10.777
"ZAF",2052,80115431.5,14.231,10.837
"ZAF",2053,80557028,14.133,10.895
"ZAF",2054,80994204,14.043,10.951
"ZAF",2055,81427426.5,13.953,11.005
"ZAF",2056,81844862.5,13.859,11.059
"ZAF",2057,82252531,13.779,11.108
"ZAF",2058,82658549.5,13.694,11.146
"ZAF",2059,83056837.5,13.625,11.192
"ZAF",2060,83443513.5,13.551,11.234
"ZAF",2061,83818397.5,13.476,11.272
"ZAF",2062,84187506,13.394,11.308
"ZAF",2063,84556165,13.303,11.347
"ZAF",2064,84918442,13.24,11.381
"ZAF",2065,85261576.5,13.187,11.42
"ZAF",2066,85591617,13.117,11.456
"ZAF",2067,85916396.5,13.044,11.488
"ZAF",2068,86231080.5,12.977,11.514
"ZAF",2069,86539583,12.925,11.543
"ZAF",2070,86857023,12.877,11.562
"ZAF",2071,87183487.5,12.821,11.583
"ZAF",2072,87486535,12.773,11.604
"ZAF",2073,87766053.5,12.725,11.619
"ZAF",2074,88046049.5,12.672,11.628
"ZAF",2075,88323147,12.626,11.641
"ZAF",2076,88589554.5,12.578,11.646
"ZAF",2077,88858009,12.53,11.646
"ZAF",2078,89132767,12.462,11.637
"ZAF",2079,89403956,12.431,11.636
"ZAF",2080,89674092.5,12.403,11.637
"ZAF",2081,89944244,12.365,11.631
"ZAF",2082,90208634.5,12.338,11.621
"ZAF",2083,90469061.5,12.302,11.611
"ZAF",2084,90721519,12.262,11.602
"ZAF",2085,90957535.5,12.222,11.589
"ZAF",2086,91196448.5,12.174,11.574
"ZAF",2087,91444345.5,12.146,11.56
"ZAF",2088,91687476,12.101,11.542
"ZAF",2089,91926609.5,12.056,11.54
"ZAF",2090,92160724,12.011,11.524
"ZAF",2091,92399701.5,11.971,11.517
"ZAF",2092,92635393.5,11.941,11.504
"ZAF",2093,92860583.5,11.91,11.502
"ZAF",2094,93085412,11.881,11.497
"ZAF",2095,93300481.5,11.837,11.49
"ZAF",2096,93502147.5,11.792,11.495
"ZAF",2097,93695465.5,11.771,11.502
"ZAF",2098,93893514,11.728,11.498
"ZAF",2099,94101365.5,11.707,11.495
"ZAF",2100,94314448,11.686,11.499
"ZMB",1967,3936342.5,48.799,15.281
"ZMB",1968,4065592.5,48.914,15.139
"ZMB",1969,4197116,48.93,14.94
"ZMB",1970,4321718.5,49.324,14.759
"ZMB",1971,4442525.5,49.435,14.489
"ZMB",1972,4569308.5,49.588,14.211
"ZMB",1973,4702692.5,49.681,13.902
"ZMB",1974,4842746,49.657,13.627
"ZMB",1975,4990086,49.954,13.43
"ZMB",1976,5143842.5,49.531,13.223
"ZMB",1977,5302479.5,49.225,13.099
"ZMB",1978,5465374,48.696,13.029
"ZMB",1979,5631728,48.175,13.092
"ZMB",1980,5802833,47.521,13.259
"ZMB",1981,5983289,47.33,13.432
"ZMB",1982,6178637,47.287,13.684
"ZMB",1983,6381038.5,47.324,13.989
"ZMB",1984,6580490.5,47.308,14.378
"ZMB",1985,6780953,47.445,14.802
"ZMB",1986,6986471.5,47.396,15.224
"ZMB",1987,7191282,47.273,15.594
"ZMB",1988,7391440,47.096,15.963
"ZMB",1989,7589216,47.114,16.356
"ZMB",1990,7786169,46.969,16.68
"ZMB",1991,7981650,46.858,17.045
"ZMB",1992,8176680,46.551,17.205
"ZMB",1993,8373921,46.632,17.265
"ZMB",1994,8576269,46.73,17.344
"ZMB",1995,8785763.5,46.755,17.401
"ZMB",1996,9004053,46.578,17.428
"ZMB",1997,9237062.5,46.308,17.273
"ZMB",1998,9482408.5,46.184,17.123
"ZMB",1999,9740005,45.901,16.815
"ZMB",2000,10017631.5,45.465,16.198
"ZMB",2001,10325185.5,44.774,15.459
"ZMB",2002,10647949,44.332,14.651
"ZMB",2003,10983595,43.945,13.792
"ZMB",2004,11338198,43.921,13.109
"ZMB",2005,11718819,43.838,12.371
"ZMB",2006,12129553,43.681,11.702
"ZMB",2007,12565085.5,43.178,11.047
"ZMB",2008,13021324,42.632,10.411
"ZMB",2009,13490389.5,42.034,9.829
"ZMB",2010,13965594,41.393,9.29
"ZMB",2011,14437795.5,40.661,8.818
"ZMB",2012,14913629,39.864,8.389
"ZMB",2013,15398997,38.983,8.017
"ZMB",2014,15895315,38.114,7.686
"ZMB",2015,16399088.5,37.344,7.402
"ZMB",2016,16914423,36.617,7.203
"ZMB",2017,17441319.5,35.938,7.005
"ZMB",2018,17973569,35.464,6.775
"ZMB",2019,18513839.5,35.006,6.482
"ZMB",2020,19059395,34.408,6.26
"ZMB",2021,19603607.5,33.93,6.607
"ZMB",2022,20152938,33.542,5.583
"ZMB",2023,20723965,33.081,5.207
"ZMB",2024,21314955.5,32.724,5.165
"ZMB",2025,21913874,32.351,5.132
"ZMB",2026,22521915.5,32.016,5.104
"ZMB",2027,23138720.5,31.649,5.08
"ZMB",2028,23761373,31.144,5.059
"ZMB",2029,24389686,30.833,5.047
"ZMB",2030,25024901,30.446,5.041
"ZMB",2031,25666504,30.064,5.038
"ZMB",2032,26311951.5,29.622,5.038
"ZMB",2033,26960087.5,29.174,5.039
"ZMB",2034,27611630,28.775,5.048
"ZMB",2035,28266892,28.385,5.063
"ZMB",2036,28925109,27.971,5.078
"ZMB",2037,29583491.5,27.513,5.096
"ZMB",2038,30240566,27.078,5.115
"ZMB",2039,30895597,26.623,5.14
"ZMB",2040,31550402,26.25,5.17
"ZMB",2041,32204346,25.885,5.205
"ZMB",2042,32856603,25.555,5.245
"ZMB",2043,33510512,25.218,5.284
"ZMB",2044,34165933.5,24.883,5.332
"ZMB",2045,34821106,24.563,5.376
"ZMB",2046,35475810,24.266,5.427
"ZMB",2047,36129283.5,23.977,5.475
"ZMB",2048,36782266,23.707,5.528
"ZMB",2049,37434683,23.431,5.584
"ZMB",2050,38083385.5,23.131,5.638
"ZMB",2051,38728892,22.876,5.695
"ZMB",2052,39372618.5,22.629,5.755
"ZMB",2053,40014832.5,22.429,5.814
"ZMB",2054,40657072,22.168,5.875
"ZMB",2055,41298203,21.938,5.936
"ZMB",2056,41935997.5,21.702,5.996
"ZMB",2057,42570791.5,21.465,6.052
"ZMB",2058,43204515.5,21.228,6.109
"ZMB",2059,43837013,21.007,6.167
"ZMB",2060,44467763,20.78,6.229
"ZMB",2061,45094628.5,20.562,6.285
"ZMB",2062,45716223.5,20.349,6.339
"ZMB",2063,46332957,20.133,6.398
"ZMB",2064,46944874.5,19.92,6.455
"ZMB",2065,47551640,19.696,6.512
"ZMB",2066,48151598.5,19.49,6.572
"ZMB",2067,48746695.5,19.304,6.637
"ZMB",2068,49337935,19.107,6.687
"ZMB",2069,49926672,18.897,6.738
"ZMB",2070,50510900.5,18.697,6.794
"ZMB",2071,51087503.5,18.519,6.85
"ZMB",2072,51658255.5,18.336,6.913
"ZMB",2073,52223082,18.145,6.966
"ZMB",2074,52779956,17.963,7.026
"ZMB",2075,53329331,17.787,7.091
"ZMB",2076,53871615,17.627,7.159
"ZMB",2077,54408371,17.486,7.224
"ZMB",2078,54939096.5,17.317,7.289
"ZMB",2079,55460046.5,17.159,7.36
"ZMB",2080,55974886,16.999,7.427
"ZMB",2081,56483810,16.854,7.498
"ZMB",2082,56983253,16.742,7.566
"ZMB",2083,57474889,16.606,7.639
"ZMB",2084,57959298.5,16.473,7.706
"ZMB",2085,58434266,16.302,7.773
"ZMB",2086,58901192,16.156,7.837
"ZMB",2087,59362386.5,16.007,7.897
"ZMB",2088,59811058.5,15.856,7.962
"ZMB",2089,60248234,15.729,8.029
"ZMB",2090,60677382.5,15.586,8.093
"ZMB",2091,61098686.5,15.485,8.16
"ZMB",2092,61512696,15.378,8.224
"ZMB",2093,61915359,15.239,8.29
"ZMB",2094,62311179,15.12,8.351
"ZMB",2095,62698035,14.993,8.416
"ZMB",2096,63070547.5,14.86,8.479
"ZMB",2097,63434684,14.721,8.537
"ZMB",2098,63791046,14.581,8.601
"ZMB",2099,64136920.5,14.46,8.662
"ZMB",2100,64473916.5,14.357,8.726
"ZWE",1967,4748307,45.822,11.872
"ZWE",1968,4900440.5,45.667,11.616
"ZWE",1969,5058180.5,45.523,11.395
"ZWE",1970,5215918,45.54,11.226
"ZWE",1971,5374711.5,45.611,11.111
"ZWE",1972,5542445,45.995,11.042
"ZWE",1973,5720404,46.384,11.092
"ZWE",1974,5908328.5,46.395,11.054
"ZWE",1975,6098658,46.623,11.05
"ZWE",1976,6287105,46.524,11.306
"ZWE",1977,6449512.5,46.51,11.602
"ZWE",1978,6543575,46.766,12.69
"ZWE",1979,6647556.5,46.305,12.66
"ZWE",1980,7041303,44.84,10.588
"ZWE",1981,7498634.5,46.313,10.125
"ZWE",1982,7796496,45.723,9.818
"ZWE",1983,8098404.5,44.988,9.605
"ZWE",1984,8391488,43.721,9.156
"ZWE",1985,8686813,42.336,8.865
"ZWE",1986,8982578,40.936,8.663
"ZWE",1987,9284644,39.499,8.613
"ZWE",1988,9583093.5,37.653,8.696
"ZWE",1989,9864797.5,36.387,8.932
"ZWE",1990,10137281.5,35.51,9.325
"ZWE",1991,10404815.5,34.913,9.834
"ZWE",1992,10702699.5,34.269,10.416
"ZWE",1993,10860287.5,32.379,11.381
"ZWE",1994,10873148.5,32.025,12.128
"ZWE",1995,10974598.5,31.665,12.831
"ZWE",1996,11158359.5,32.405,14.009
"ZWE",1997,11369827.5,33.372,14.349
"ZWE",1998,11594297,34.47,15.011
"ZWE",1999,11783457.5,35.615,15.893
"ZWE",2000,11892055,36.128,16.254
"ZWE",2001,11971901.5,36.463,17.426
"ZWE",2002,12087653,36.539,16.339
"ZWE",2003,12232322.5,36.613,16.743
"ZWE",2004,12365896,36.326,16.246
"ZWE",2005,12483431.5,35.803,15.893
"ZWE",2006,12636445,35.203,15.501
"ZWE",2007,12804058,35.651,15.204
"ZWE",2008,12959149.5,36.361,14.714
"ZWE",2009,13142789.5,37.518,13.983
"ZWE",2010,13356547.5,37.869,12.745
"ZWE",2011,13595424,38.142,11.694
"ZWE",2012,13817887,37.805,10.946
"ZWE",2013,14013808.5,36.975,10.233
"ZWE",2014,14207358.5,35.407,9.621
"ZWE",2015,14399013,33.918,9.18
"ZWE",2016,14600294,32.704,8.816
"ZWE",2017,14812482,31.813,8.587
"ZWE",2018,15034452,31.327,8.321
"ZWE",2019,15271367.5,31.121,8.281
"ZWE",2020,15526888.5,30.988,8.138
"ZWE",2021,15797210,30.932,8.782
"ZWE",2022,16069055.5,30.882,7.779
"ZWE",2023,16340821.5,30.41,7.614
"ZWE",2024,16634372.5,29.891,7.498
"ZWE",2025,16950795,29.54,7.392
"ZWE",2026,17273580,29.253,7.294
"ZWE",2027,17600613,29.04,7.207
"ZWE",2028,17932008.5,28.913,7.127
"ZWE",2029,18268955,28.776,7.043
"ZWE",2030,18610348.5,28.645,6.97
"ZWE",2031,18956198,28.494,6.903
"ZWE",2032,19311355.5,28.31,6.833
"ZWE",2033,19675921.5,28.051,6.774
"ZWE",2034,20041123,27.794,6.713
"ZWE",2035,20409146.5,27.497,6.649
"ZWE",2036,20778653,27.189,6.595
"ZWE",2037,21144735.5,26.854,6.544
"ZWE",2038,21512908,26.506,6.496
"ZWE",2039,21881117.5,26.182,6.455
"ZWE",2040,22250109.5,25.841,6.419
"ZWE",2041,22627422,25.466,6.385
"ZWE",2042,23000894,25.171,6.361
"ZWE",2043,23371287.5,24.796,6.335
"ZWE",2044,23740627.5,24.416,6.321
"ZWE",2045,24102380.5,24.032,6.315
"ZWE",2046,24462477.5,23.652,6.312
"ZWE",2047,24816446.5,23.278,6.324
"ZWE",2048,25168410,22.931,6.336
"ZWE",2049,25518501.5,22.612,6.352
"ZWE",2050,25866384.5,22.295,6.371
"ZWE",2051,26217391.5,22.015,6.395
"ZWE",2052,26563784,21.704,6.431
"ZWE",2053,26904740,21.422,6.471
"ZWE",2054,27237565.5,21.149,6.516
"ZWE",2055,27563873,20.915,6.559
"ZWE",2056,27885041.5,20.673,6.608
"ZWE",2057,28202519.5,20.432,6.661
"ZWE",2058,28518421,20.229,6.711
"ZWE",2059,28825882.5,20.025,6.763
"ZWE",2060,29129003,19.803,6.821
"ZWE",2061,29433746,19.591,6.872
"ZWE",2062,29740361.5,19.402,6.925
"ZWE",2063,30043621,19.215,6.976
"ZWE",2064,30336214,19.03,7.025
"ZWE",2065,30624953,18.845,7.074
"ZWE",2066,30911494.5,18.669,7.119
"ZWE",2067,31192888.5,18.467,7.161
"ZWE",2068,31470983.5,18.271,7.204
"ZWE",2069,31743464,18.089,7.245
"ZWE",2070,32010414,17.881,7.286
"ZWE",2071,32270422.5,17.68,7.331
"ZWE",2072,32534295,17.479,7.378
"ZWE",2073,32801158.5,17.293,7.424
"ZWE",2074,33057422.5,17.113,7.473
"ZWE",2075,33302299.5,16.945,7.52
"ZWE",2076,33543536.5,16.733,7.571
"ZWE",2077,33780328,16.551,7.624
"ZWE",2078,34006592,16.381,7.688
"ZWE",2079,34225355,16.194,7.752
"ZWE",2080,34440027,16.028,7.825
"ZWE",2081,34648029,15.864,7.906
"ZWE",2082,34843630.5,15.699,7.995
"ZWE",2083,35030513,15.544,8.082
"ZWE",2084,35213311,15.376,8.173
"ZWE",2085,35387624.5,15.217,8.266
"ZWE",2086,35556301,15.07,8.359
"ZWE",2087,35721394,14.917,8.452
"ZWE",2088,35871639,14.783,8.549
"ZWE",2089,36012386.5,14.653,8.65
"ZWE",2090,36154189,14.52,8.746
"ZWE",2091,36284409,14.42,8.83
"ZWE",2092,36405082,14.296,8.915
"ZWE",2093,36516148.5,14.181,9.005
"ZWE",2094,36625729,14.072,9.081
"ZWE",2095,36739733.5,13.979,9.156
"ZWE",2096,36840486.5,13.872,9.226
"ZWE",2097,36932287.5,13.774,9.296
"ZWE",2098,37019886,13.68,9.356
"ZWE",2099,37096559.5,13.569,9.417
"ZWE",2100,37166572,13.462,9.48
