"variable","year","week","value","date_start","date_stop"
"DMI",1970,1,0.298403225806452,1969-12-29,1970-01-04
"ENSO3",1970,1,0.634354838709677,1969-12-29,1970-01-04
"ENSO34",1970,1,0.540806451612903,1969-12-29,1970-01-04
"ENSO4",1970,1,0.371451612903226,1969-12-29,1970-01-04
"DMI",1970,2,0.303548387096774,1970-01-05,1970-01-11
"ENSO3",1970,2,0.540322580645161,1970-01-05,1970-01-11
"ENSO34",1970,2,0.507096774193548,1970-01-05,1970-01-11
"ENSO4",1970,2,0.376774193548387,1970-01-05,1970-01-11
"DMI",1970,3,0.310096774193548,1970-01-12,1970-01-18
"ENSO3",1970,3,0.420645161290323,1970-01-12,1970-01-18
"ENSO34",1970,3,0.464193548387097,1970-01-12,1970-01-18
"ENSO4",1970,3,0.383548387096774,1970-01-12,1970-01-18
"DMI",1970,4,0.316645161290323,1970-01-19,1970-01-25
"ENSO3",1970,4,0.300967741935484,1970-01-19,1970-01-25
"ENSO34",1970,4,0.421290322580645,1970-01-19,1970-01-25
"ENSO4",1970,4,0.390322580645161,1970-01-19,1970-01-25
"DMI",1970,5,0.323193548387097,1970-01-26,1970-02-01
"ENSO3",1970,5,0.181290322580645,1970-01-26,1970-02-01
"ENSO34",1970,5,0.378387096774194,1970-01-26,1970-02-01
"ENSO4",1970,5,0.397096774193548,1970-01-26,1970-02-01
"DMI",1970,6,0.289142857142857,1970-02-02,1970-02-08
"ENSO3",1970,6,0.0971428571428571,1970-02-02,1970-02-08
"ENSO34",1970,6,0.345714285714286,1970-02-02,1970-02-08
"ENSO4",1970,6,0.381428571428571,1970-02-02,1970-02-08
"DMI",1970,7,0.224642857142857,1970-02-09,1970-02-15
"ENSO3",1970,7,0.0396428571428571,1970-02-09,1970-02-15
"ENSO34",1970,7,0.320714285714286,1970-02-09,1970-02-15
"ENSO4",1970,7,0.348928571428571,1970-02-09,1970-02-15
"DMI",1970,8,0.160142857142857,1970-02-16,1970-02-22
"ENSO3",1970,8,-0.0178571428571429,1970-02-16,1970-02-22
"ENSO34",1970,8,0.295714285714286,1970-02-16,1970-02-22
"ENSO4",1970,8,0.316428571428571,1970-02-16,1970-02-22
"DMI",1970,9,0.0956428571428572,1970-02-23,1970-03-01
"ENSO3",1970,9,-0.0753571428571429,1970-02-23,1970-03-01
"ENSO34",1970,9,0.270714285714286,1970-02-23,1970-03-01
"ENSO4",1970,9,0.283928571428571,1970-02-23,1970-03-01
"DMI",1970,10,0.0874838709677419,1970-03-02,1970-03-08
"ENSO3",1970,10,-0.118064516129032,1970-03-02,1970-03-08
"ENSO34",1970,10,0.249677419354839,1970-03-02,1970-03-08
"ENSO4",1970,10,0.254516129032258,1970-03-02,1970-03-08
"DMI",1970,11,0.12158064516129,1970-03-09,1970-03-15
"ENSO3",1970,11,-0.149677419354839,1970-03-09,1970-03-15
"ENSO34",1970,11,0.231612903225806,1970-03-09,1970-03-15
"ENSO4",1970,11,0.22741935483871,1970-03-09,1970-03-15
"DMI",1970,12,0.155677419354839,1970-03-16,1970-03-22
"ENSO3",1970,12,-0.181290322580645,1970-03-16,1970-03-22
"ENSO34",1970,12,0.213548387096774,1970-03-16,1970-03-22
"ENSO4",1970,12,0.200322580645161,1970-03-16,1970-03-22
"DMI",1970,13,0.189774193548387,1970-03-23,1970-03-29
"ENSO3",1970,13,-0.212903225806452,1970-03-23,1970-03-29
"ENSO34",1970,13,0.195483870967742,1970-03-23,1970-03-29
"ENSO4",1970,13,0.173225806451613,1970-03-23,1970-03-29
"DMI",1970,14,0.215150537634409,1970-03-30,1970-04-05
"ENSO3",1970,14,-0.25615975422427,1970-03-30,1970-04-05
"ENSO34",1970,14,0.173010752688172,1970-03-30,1970-04-05
"ENSO4",1970,14,0.155468509984639,1970-03-30,1970-04-05
"DMI",1970,15,0.209133333333333,1970-04-06,1970-04-12
"ENSO3",1970,15,-0.341333333333333,1970-04-06,1970-04-12
"ENSO34",1970,15,0.134666666666667,1970-04-06,1970-04-12
"ENSO4",1970,15,0.171333333333333,1970-04-06,1970-04-12
"DMI",1970,16,0.2005,1970-04-13,1970-04-19
"ENSO3",1970,16,-0.43,1970-04-13,1970-04-19
"ENSO34",1970,16,0.095,1970-04-13,1970-04-19
"ENSO4",1970,16,0.19,1970-04-13,1970-04-19
"DMI",1970,17,0.191866666666667,1970-04-20,1970-04-26
"ENSO3",1970,17,-0.518666666666667,1970-04-20,1970-04-26
"ENSO34",1970,17,0.0553333333333333,1970-04-20,1970-04-26
"ENSO4",1970,17,0.208666666666667,1970-04-20,1970-04-26
"DMI",1970,18,0.175923195084485,1970-04-27,1970-05-03
"ENSO3",1970,18,-0.605222734254992,1970-04-27,1970-05-03
"ENSO34",1970,18,0.0138095238095238,1970-04-27,1970-05-03
"ENSO4",1970,18,0.222043010752688,1970-04-27,1970-05-03
"DMI",1970,19,0.072258064516129,1970-05-04,1970-05-10
"ENSO3",1970,19,-0.666451612903226,1970-05-04,1970-05-10
"ENSO34",1970,19,-0.05,1970-05-04,1970-05-10
"ENSO4",1970,19,0.171935483870968,1970-05-04,1970-05-10
"DMI",1970,20,-0.0557741935483871,1970-05-11,1970-05-17
"ENSO3",1970,20,-0.720645161290323,1970-05-11,1970-05-17
"ENSO34",1970,20,-0.12,1970-05-11,1970-05-17
"ENSO4",1970,20,0.104193548387097,1970-05-11,1970-05-17
"DMI",1970,21,-0.183806451612903,1970-05-18,1970-05-24
"ENSO3",1970,21,-0.774838709677419,1970-05-18,1970-05-24
"ENSO34",1970,21,-0.19,1970-05-18,1970-05-24
"ENSO4",1970,21,0.0364516129032258,1970-05-18,1970-05-24
"DMI",1970,22,-0.311838709677419,1970-05-25,1970-05-31
"ENSO3",1970,22,-0.829032258064516,1970-05-25,1970-05-31
"ENSO34",1970,22,-0.26,1970-05-25,1970-05-31
"ENSO4",1970,22,-0.0312903225806452,1970-05-25,1970-05-31
"DMI",1970,23,-0.4035,1970-06-01,1970-06-07
"ENSO3",1970,23,-0.942,1970-06-01,1970-06-07
"ENSO34",1970,23,-0.368,1970-06-01,1970-06-07
"ENSO4",1970,23,-0.087,1970-06-01,1970-06-07
"DMI",1970,24,-0.446666666666667,1970-06-08,1970-06-14
"ENSO3",1970,24,-1.13333333333333,1970-06-08,1970-06-14
"ENSO34",1970,24,-0.526666666666667,1970-06-08,1970-06-14
"ENSO4",1970,24,-0.126666666666667,1970-06-08,1970-06-14
"DMI",1970,25,-0.489833333333333,1970-06-15,1970-06-21
"ENSO3",1970,25,-1.32466666666667,1970-06-15,1970-06-21
"ENSO34",1970,25,-0.685333333333333,1970-06-15,1970-06-21
"ENSO4",1970,25,-0.166333333333333,1970-06-15,1970-06-21
"DMI",1970,26,-0.533,1970-06-22,1970-06-28
"ENSO3",1970,26,-1.516,1970-06-22,1970-06-28
"ENSO34",1970,26,-0.844,1970-06-22,1970-06-28
"ENSO4",1970,26,-0.206,1970-06-22,1970-06-28
"DMI",1970,27,-0.557264976958525,1970-06-29,1970-07-05
"ENSO3",1970,27,-1.65952995391705,1970-06-29,1970-07-05
"ENSO34",1970,27,-0.968903225806452,1970-06-29,1970-07-05
"ENSO4",1970,27,-0.249092165898617,1970-06-29,1970-07-05
"DMI",1970,28,-0.513483870967742,1970-07-06,1970-07-12
"ENSO3",1970,28,-1.63096774193548,1970-07-06,1970-07-12
"ENSO34",1970,28,-0.972258064516129,1970-07-06,1970-07-12
"ENSO4",1970,28,-0.304516129032258,1970-07-06,1970-07-12
"DMI",1970,29,-0.464032258064516,1970-07-13,1970-07-19
"ENSO3",1970,29,-1.58806451612903,1970-07-13,1970-07-19
"ENSO34",1970,29,-0.965483870967742,1970-07-13,1970-07-19
"ENSO4",1970,29,-0.360967741935484,1970-07-13,1970-07-19
"DMI",1970,30,-0.41458064516129,1970-07-20,1970-07-26
"ENSO3",1970,30,-1.54516129032258,1970-07-20,1970-07-26
"ENSO34",1970,30,-0.958709677419355,1970-07-20,1970-07-26
"ENSO4",1970,30,-0.41741935483871,1970-07-20,1970-07-26
"DMI",1970,31,-0.367285714285714,1970-07-27,1970-08-02
"ENSO3",1970,31,-1.50119815668203,1970-07-27,1970-08-02
"ENSO34",1970,31,-0.951290322580645,1970-07-27,1970-08-02
"ENSO4",1970,31,-0.473133640552995,1970-07-27,1970-08-02
"DMI",1970,32,-0.391161290322581,1970-08-03,1970-08-09
"ENSO3",1970,32,-1.42225806451613,1970-08-03,1970-08-09
"ENSO34",1970,32,-0.92258064516129,1970-08-03,1970-08-09
"ENSO4",1970,32,-0.504516129032258,1970-08-03,1970-08-09
"DMI",1970,33,-0.447387096774194,1970-08-10,1970-08-16
"ENSO3",1970,33,-1.32741935483871,1970-08-10,1970-08-16
"ENSO34",1970,33,-0.884193548387097,1970-08-10,1970-08-16
"ENSO4",1970,33,-0.524838709677419,1970-08-10,1970-08-16
"DMI",1970,34,-0.503612903225806,1970-08-17,1970-08-23
"ENSO3",1970,34,-1.23258064516129,1970-08-17,1970-08-23
"ENSO34",1970,34,-0.845806451612903,1970-08-17,1970-08-23
"ENSO4",1970,34,-0.545161290322581,1970-08-17,1970-08-23
"DMI",1970,35,-0.559838709677419,1970-08-24,1970-08-30
"ENSO3",1970,35,-1.13774193548387,1970-08-24,1970-08-30
"ENSO34",1970,35,-0.80741935483871,1970-08-24,1970-08-30
"ENSO4",1970,35,-0.565483870967742,1970-08-24,1970-08-30
"DMI",1970,36,-0.601566820276498,1970-08-31,1970-09-06
"ENSO3",1970,36,-1.05764976958525,1970-08-31,1970-09-06
"ENSO34",1970,36,-0.771497695852535,1970-08-31,1970-09-06
"ENSO4",1970,36,-0.587442396313364,1970-08-31,1970-09-06
"DMI",1970,37,-0.6114,1970-09-07,1970-09-13
"ENSO3",1970,37,-1.01,1970-09-07,1970-09-13
"ENSO34",1970,37,-0.741,1970-09-07,1970-09-13
"ENSO4",1970,37,-0.613,1970-09-07,1970-09-13
"DMI",1970,38,-0.620266666666667,1970-09-14,1970-09-20
"ENSO3",1970,38,-0.963333333333333,1970-09-14,1970-09-20
"ENSO34",1970,38,-0.710666666666667,1970-09-14,1970-09-20
"ENSO4",1970,38,-0.638666666666667,1970-09-14,1970-09-20
"DMI",1970,39,-0.629133333333333,1970-09-21,1970-09-27
"ENSO3",1970,39,-0.916666666666667,1970-09-21,1970-09-27
"ENSO34",1970,39,-0.680333333333333,1970-09-21,1970-09-27
"ENSO4",1970,39,-0.664333333333333,1970-09-21,1970-09-27
"DMI",1970,40,-0.627762211981567,1970-09-28,1970-10-04
"ENSO3",1970,40,-0.883456221198157,1970-09-28,1970-10-04
"ENSO34",1970,40,-0.659244239631336,1970-09-28,1970-10-04
"ENSO4",1970,40,-0.682986175115207,1970-09-28,1970-10-04
"DMI",1970,41,-0.563258064516129,1970-10-05,1970-10-11
"ENSO3",1970,41,-0.933225806451613,1970-10-05,1970-10-11
"ENSO34",1970,41,-0.695161290322581,1970-10-05,1970-10-11
"ENSO4",1970,41,-0.658387096774193,1970-10-05,1970-10-11
"DMI",1970,42,-0.488516129032258,1970-10-12,1970-10-18
"ENSO3",1970,42,-0.996451612903226,1970-10-12,1970-10-18
"ENSO34",1970,42,-0.740322580645161,1970-10-12,1970-10-18
"ENSO4",1970,42,-0.626774193548387,1970-10-12,1970-10-18
"DMI",1970,43,-0.413774193548387,1970-10-19,1970-10-25
"ENSO3",1970,43,-1.05967741935484,1970-10-19,1970-10-25
"ENSO34",1970,43,-0.785483870967742,1970-10-19,1970-10-25
"ENSO4",1970,43,-0.595161290322581,1970-10-19,1970-10-25
"DMI",1970,44,-0.339032258064516,1970-10-26,1970-11-01
"ENSO3",1970,44,-1.12290322580645,1970-10-26,1970-11-01
"ENSO34",1970,44,-0.830645161290323,1970-10-26,1970-11-01
"ENSO4",1970,44,-0.563548387096774,1970-10-26,1970-11-01
"DMI",1970,45,-0.2974,1970-11-02,1970-11-08
"ENSO3",1970,45,-1.16466666666667,1970-11-02,1970-11-08
"ENSO34",1970,45,-0.884666666666667,1970-11-02,1970-11-08
"ENSO4",1970,45,-0.606,1970-11-02,1970-11-08
"DMI",1970,46,-0.2806,1970-11-09,1970-11-15
"ENSO3",1970,46,-1.19033333333333,1970-11-09,1970-11-15
"ENSO34",1970,46,-0.945333333333333,1970-11-09,1970-11-15
"ENSO4",1970,46,-0.704,1970-11-09,1970-11-15
"DMI",1970,47,-0.2638,1970-11-16,1970-11-22
"ENSO3",1970,47,-1.216,1970-11-16,1970-11-22
"ENSO34",1970,47,-1.006,1970-11-16,1970-11-22
"ENSO4",1970,47,-0.802,1970-11-16,1970-11-22
"DMI",1970,48,-0.247,1970-11-23,1970-11-29
"ENSO3",1970,48,-1.24166666666667,1970-11-23,1970-11-29
"ENSO34",1970,48,-1.06666666666667,1970-11-23,1970-11-29
"ENSO4",1970,48,-0.9,1970-11-23,1970-11-29
"DMI",1970,49,-0.20541198156682,1970-11-30,1970-12-06
"ENSO3",1970,49,-1.26293241167435,1970-11-30,1970-12-06
"ENSO34",1970,49,-1.13364669738863,1970-11-30,1970-12-06
"ENSO4",1970,49,-0.989428571428571,1970-11-30,1970-12-06
"DMI",1970,50,-0.109290322580645,1970-12-07,1970-12-13
"ENSO3",1970,50,-1.27451612903226,1970-12-07,1970-12-13
"ENSO34",1970,50,-1.21451612903226,1970-12-07,1970-12-13
"ENSO4",1970,50,-1.06,1970-12-07,1970-12-13
"DMI",1970,51,-0.0115161290322581,1970-12-14,1970-12-20
"ENSO3",1970,51,-1.2858064516129,1970-12-14,1970-12-20
"ENSO34",1970,51,-1.2958064516129,1970-12-14,1970-12-20
"ENSO4",1970,51,-1.13,1970-12-14,1970-12-20
"DMI",1970,52,0.086258064516129,1970-12-21,1970-12-27
"ENSO3",1970,52,-1.29709677419355,1970-12-21,1970-12-27
"ENSO34",1970,52,-1.37709677419355,1970-12-21,1970-12-27
"ENSO4",1970,52,-1.2,1970-12-21,1970-12-27
"DMI",1970,53,0.175488479262673,1970-12-28,1971-01-03
"ENSO3",1970,53,-1.30921658986175,1970-12-28,1971-01-03
"ENSO34",1970,53,-1.45078341013825,1970-12-28,1971-01-03
"ENSO4",1970,53,-1.26184331797235,1970-12-28,1971-01-03
"DMI",1971,1,0.162193548387097,1971-01-04,1971-01-10
"ENSO3",1971,1,-1.33129032258065,1971-01-04,1971-01-10
"ENSO34",1971,1,-1.43322580645161,1971-01-04,1971-01-10
"ENSO4",1971,1,-1.2258064516129,1971-01-04,1971-01-10
"DMI",1971,2,0.12041935483871,1971-01-11,1971-01-17
"ENSO3",1971,2,-1.35612903225806,1971-01-11,1971-01-17
"ENSO34",1971,2,-1.39032258064516,1971-01-11,1971-01-17
"ENSO4",1971,2,-1.16258064516129,1971-01-11,1971-01-17
"DMI",1971,3,0.0786451612903226,1971-01-18,1971-01-24
"ENSO3",1971,3,-1.38096774193548,1971-01-18,1971-01-24
"ENSO34",1971,3,-1.34741935483871,1971-01-18,1971-01-24
"ENSO4",1971,3,-1.09935483870968,1971-01-18,1971-01-24
"DMI",1971,4,0.0368709677419355,1971-01-25,1971-01-31
"ENSO3",1971,4,-1.4058064516129,1971-01-25,1971-01-31
"ENSO34",1971,4,-1.30451612903226,1971-01-25,1971-01-31
"ENSO4",1971,4,-1.03612903225806,1971-01-25,1971-01-31
"DMI",1971,5,0.0338928571428571,1971-02-01,1971-02-07
"ENSO3",1971,5,-1.39321428571429,1971-02-01,1971-02-07
"ENSO34",1971,5,-1.28107142857143,1971-02-01,1971-02-07
"ENSO4",1971,5,-1.01071428571429,1971-02-01,1971-02-07
"DMI",1971,6,0.0826428571428571,1971-02-08,1971-02-14
"ENSO3",1971,6,-1.33071428571429,1971-02-08,1971-02-14
"ENSO34",1971,6,-1.28357142857143,1971-02-08,1971-02-14
"ENSO4",1971,6,-1.03571428571429,1971-02-08,1971-02-14
"DMI",1971,7,0.131392857142857,1971-02-15,1971-02-21
"ENSO3",1971,7,-1.26821428571429,1971-02-15,1971-02-21
"ENSO34",1971,7,-1.28607142857143,1971-02-15,1971-02-21
"ENSO4",1971,7,-1.06071428571429,1971-02-15,1971-02-21
"DMI",1971,8,0.180142857142857,1971-02-22,1971-02-28
"ENSO3",1971,8,-1.20571428571429,1971-02-22,1971-02-28
"ENSO34",1971,8,-1.28857142857143,1971-02-22,1971-02-28
"ENSO4",1971,8,-1.08571428571429,1971-02-22,1971-02-28
"DMI",1971,9,0.211096774193548,1971-03-01,1971-03-07
"ENSO3",1971,9,-1.13225806451613,1971-03-01,1971-03-07
"ENSO34",1971,9,-1.25903225806452,1971-03-01,1971-03-07
"ENSO4",1971,9,-1.06516129032258,1971-03-01,1971-03-07
"DMI",1971,10,0.218322580645161,1971-03-08,1971-03-14
"ENSO3",1971,10,-1.0441935483871,1971-03-08,1971-03-14
"ENSO34",1971,10,-1.18677419354839,1971-03-08,1971-03-14
"ENSO4",1971,10,-0.983870967741935,1971-03-08,1971-03-14
"DMI",1971,11,0.225548387096774,1971-03-15,1971-03-21
"ENSO3",1971,11,-0.956129032258064,1971-03-15,1971-03-21
"ENSO34",1971,11,-1.11451612903226,1971-03-15,1971-03-21
"ENSO4",1971,11,-0.90258064516129,1971-03-15,1971-03-21
"DMI",1971,12,0.232774193548387,1971-03-22,1971-03-28
"ENSO3",1971,12,-0.868064516129032,1971-03-22,1971-03-28
"ENSO34",1971,12,-1.04225806451613,1971-03-22,1971-03-28
"ENSO4",1971,12,-0.821290322580645,1971-03-22,1971-03-28
"DMI",1971,13,0.230143778801843,1971-03-29,1971-04-04
"ENSO3",1971,13,-0.793354838709677,1971-03-29,1971-04-04
"ENSO34",1971,13,-0.974562211981567,1971-03-29,1971-04-04
"ENSO4",1971,13,-0.747668202764977,1971-03-29,1971-04-04
"DMI",1971,14,0.166733333333333,1971-04-05,1971-04-11
"ENSO3",1971,14,-0.801,1971-04-05,1971-04-11
"ENSO34",1971,14,-0.935,1971-04-05,1971-04-11
"ENSO4",1971,14,-0.721333333333333,1971-04-05,1971-04-11
"DMI",1971,15,0.0934666666666667,1971-04-12,1971-04-18
"ENSO3",1971,15,-0.822,1971-04-12,1971-04-18
"ENSO34",1971,15,-0.9,1971-04-12,1971-04-18
"ENSO4",1971,15,-0.702666666666667,1971-04-12,1971-04-18
"DMI",1971,16,0.0202,1971-04-19,1971-04-25
"ENSO3",1971,16,-0.843,1971-04-19,1971-04-25
"ENSO34",1971,16,-0.865,1971-04-19,1971-04-25
"ENSO4",1971,16,-0.684,1971-04-19,1971-04-25
"DMI",1971,17,-0.0523179723502304,1971-04-26,1971-05-02
"ENSO3",1971,17,-0.863294930875576,1971-04-26,1971-05-02
"ENSO34",1971,17,-0.830529953917051,1971-04-26,1971-05-02
"ENSO4",1971,17,-0.666082949308756,1971-04-26,1971-05-02
"DMI",1971,18,-0.100129032258065,1971-05-03,1971-05-09
"ENSO3",1971,18,-0.860322580645161,1971-05-03,1971-05-09
"ENSO34",1971,18,-0.813548387096774,1971-05-03,1971-05-09
"ENSO4",1971,18,-0.672903225806452,1971-05-03,1971-05-09
"DMI",1971,19,-0.136709677419355,1971-05-10,1971-05-16
"ENSO3",1971,19,-0.846774193548387,1971-05-10,1971-05-16
"ENSO34",1971,19,-0.804516129032258,1971-05-10,1971-05-16
"ENSO4",1971,19,-0.690967741935484,1971-05-10,1971-05-16
"DMI",1971,20,-0.173290322580645,1971-05-17,1971-05-23
"ENSO3",1971,20,-0.833225806451613,1971-05-17,1971-05-23
"ENSO34",1971,20,-0.795483870967742,1971-05-17,1971-05-23
"ENSO4",1971,20,-0.709032258064516,1971-05-17,1971-05-23
"DMI",1971,21,-0.209870967741935,1971-05-24,1971-05-30
"ENSO3",1971,21,-0.819677419354839,1971-05-24,1971-05-30
"ENSO34",1971,21,-0.786451612903226,1971-05-24,1971-05-30
"ENSO4",1971,21,-0.727096774193548,1971-05-24,1971-05-30
"DMI",1971,22,-0.24368202764977,1971-05-31,1971-06-06
"ENSO3",1971,22,-0.796705069124424,1971-05-31,1971-06-06
"ENSO34",1971,22,-0.770184331797235,1971-05-31,1971-06-06
"ENSO4",1971,22,-0.746059907834101,1971-05-31,1971-06-06
"DMI",1971,23,-0.2714,1971-06-07,1971-06-13
"ENSO3",1971,23,-0.753,1971-06-07,1971-06-13
"ENSO34",1971,23,-0.738,1971-06-07,1971-06-13
"ENSO4",1971,23,-0.767,1971-06-07,1971-06-13
"DMI",1971,24,-0.298933333333333,1971-06-14,1971-06-20
"ENSO3",1971,24,-0.708666666666667,1971-06-14,1971-06-20
"ENSO34",1971,24,-0.705333333333333,1971-06-14,1971-06-20
"ENSO4",1971,24,-0.788,1971-06-14,1971-06-20
"DMI",1971,25,-0.326466666666667,1971-06-21,1971-06-27
"ENSO3",1971,25,-0.664333333333333,1971-06-21,1971-06-27
"ENSO34",1971,25,-0.672666666666667,1971-06-21,1971-06-27
"ENSO4",1971,25,-0.809,1971-06-21,1971-06-27
"DMI",1971,26,-0.355964976958525,1971-06-28,1971-07-04
"ENSO3",1971,26,-0.63068202764977,1971-06-28,1971-07-04
"ENSO34",1971,26,-0.644276497695853,1971-06-28,1971-07-04
"ENSO4",1971,26,-0.828534562211982,1971-06-28,1971-07-04
"DMI",1971,27,-0.39758064516129,1971-07-05,1971-07-11
"ENSO3",1971,27,-0.662903225806452,1971-07-05,1971-07-11
"ENSO34",1971,27,-0.642258064516129,1971-07-05,1971-07-11
"ENSO4",1971,27,-0.839032258064516,1971-07-05,1971-07-11
"DMI",1971,28,-0.441161290322581,1971-07-12,1971-07-18
"ENSO3",1971,28,-0.705806451612903,1971-07-12,1971-07-18
"ENSO34",1971,28,-0.644516129032258,1971-07-12,1971-07-18
"ENSO4",1971,28,-0.848064516129032,1971-07-12,1971-07-18
"DMI",1971,29,-0.484741935483871,1971-07-19,1971-07-25
"ENSO3",1971,29,-0.748709677419355,1971-07-19,1971-07-25
"ENSO34",1971,29,-0.646774193548387,1971-07-19,1971-07-25
"ENSO4",1971,29,-0.857096774193548,1971-07-19,1971-07-25
"DMI",1971,30,-0.528322580645161,1971-07-26,1971-08-01
"ENSO3",1971,30,-0.791612903225806,1971-07-26,1971-08-01
"ENSO34",1971,30,-0.649032258064516,1971-07-26,1971-08-01
"ENSO4",1971,30,-0.866129032258064,1971-07-26,1971-08-01
"DMI",1971,31,-0.572677419354839,1971-08-02,1971-08-08
"ENSO3",1971,31,-0.803548387096774,1971-08-02,1971-08-08
"ENSO34",1971,31,-0.662903225806452,1971-08-02,1971-08-08
"ENSO4",1971,31,-0.894516129032258,1971-08-02,1971-08-08
"DMI",1971,32,-0.617612903225806,1971-08-09,1971-08-15
"ENSO3",1971,32,-0.792258064516129,1971-08-09,1971-08-15
"ENSO34",1971,32,-0.685483870967742,1971-08-09,1971-08-15
"ENSO4",1971,32,-0.93741935483871,1971-08-09,1971-08-15
"DMI",1971,33,-0.662548387096774,1971-08-16,1971-08-22
"ENSO3",1971,33,-0.780967741935484,1971-08-16,1971-08-22
"ENSO34",1971,33,-0.708064516129032,1971-08-16,1971-08-22
"ENSO4",1971,33,-0.980322580645161,1971-08-16,1971-08-22
"DMI",1971,34,-0.707483870967742,1971-08-23,1971-08-29
"ENSO3",1971,34,-0.769677419354839,1971-08-23,1971-08-29
"ENSO34",1971,34,-0.730645161290323,1971-08-23,1971-08-29
"ENSO4",1971,34,-1.02322580645161,1971-08-23,1971-08-29
"DMI",1971,35,-0.737677419354839,1971-08-30,1971-09-05
"ENSO3",1971,35,-0.775929339477727,1971-08-30,1971-09-05
"ENSO34",1971,35,-0.750046082949309,1971-08-30,1971-09-05
"ENSO4",1971,35,-1.03594470046083,1971-08-30,1971-09-05
"DMI",1971,36,-0.7148,1971-09-06,1971-09-12
"ENSO3",1971,36,-0.845333333333333,1971-09-06,1971-09-12
"ENSO34",1971,36,-0.758,1971-09-06,1971-09-12
"ENSO4",1971,36,-0.94,1971-09-06,1971-09-12
"DMI",1971,37,-0.6875,1971-09-13,1971-09-19
"ENSO3",1971,37,-0.92,1971-09-13,1971-09-19
"ENSO34",1971,37,-0.765,1971-09-13,1971-09-19
"ENSO4",1971,37,-0.835,1971-09-13,1971-09-19
"DMI",1971,38,-0.6602,1971-09-20,1971-09-26
"ENSO3",1971,38,-0.994666666666667,1971-09-20,1971-09-26
"ENSO34",1971,38,-0.772,1971-09-20,1971-09-26
"ENSO4",1971,38,-0.73,1971-09-20,1971-09-26
"DMI",1971,39,-0.625640552995392,1971-09-27,1971-10-03
"ENSO3",1971,39,-1.06490015360983,1971-09-27,1971-10-03
"ENSO34",1971,39,-0.779539170506912,1971-09-27,1971-10-03
"ENSO4",1971,39,-0.631013824884793,1971-09-27,1971-10-03
"DMI",1971,40,-0.503967741935484,1971-10-04,1971-10-10
"ENSO3",1971,40,-1.08193548387097,1971-10-04,1971-10-10
"ENSO34",1971,40,-0.793548387096774,1971-10-04,1971-10-10
"ENSO4",1971,40,-0.604193548387097,1971-10-04,1971-10-10
"DMI",1971,41,-0.358096774193548,1971-10-11,1971-10-17
"ENSO3",1971,41,-1.0841935483871,1971-10-11,1971-10-17
"ENSO34",1971,41,-0.809354838709677,1971-10-11,1971-10-17
"ENSO4",1971,41,-0.59741935483871,1971-10-11,1971-10-17
"DMI",1971,42,-0.212225806451613,1971-10-18,1971-10-24
"ENSO3",1971,42,-1.08645161290323,1971-10-18,1971-10-24
"ENSO34",1971,42,-0.825161290322581,1971-10-18,1971-10-24
"ENSO4",1971,42,-0.590645161290323,1971-10-18,1971-10-24
"DMI",1971,43,-0.0663548387096774,1971-10-25,1971-10-31
"ENSO3",1971,43,-1.08870967741935,1971-10-25,1971-10-31
"ENSO34",1971,43,-0.840967741935484,1971-10-25,1971-10-31
"ENSO4",1971,43,-0.583870967741935,1971-10-25,1971-10-31
"DMI",1971,44,0.0368,1971-11-01,1971-11-07
"ENSO3",1971,44,-1.096,1971-11-01,1971-11-07
"ENSO34",1971,44,-0.854,1971-11-01,1971-11-07
"ENSO4",1971,44,-0.569,1971-11-01,1971-11-07
"DMI",1971,45,0.083,1971-11-08,1971-11-14
"ENSO3",1971,45,-1.11,1971-11-08,1971-11-14
"ENSO34",1971,45,-0.863333333333333,1971-11-08,1971-11-14
"ENSO4",1971,45,-0.543333333333333,1971-11-08,1971-11-14
"DMI",1971,46,0.1292,1971-11-15,1971-11-21
"ENSO3",1971,46,-1.124,1971-11-15,1971-11-21
"ENSO34",1971,46,-0.872666666666667,1971-11-15,1971-11-21
"ENSO4",1971,46,-0.517666666666667,1971-11-15,1971-11-21
"DMI",1971,47,0.1754,1971-11-22,1971-11-28
"ENSO3",1971,47,-1.138,1971-11-22,1971-11-28
"ENSO34",1971,47,-0.882,1971-11-22,1971-11-28
"ENSO4",1971,47,-0.492,1971-11-22,1971-11-28
"DMI",1971,48,0.208853456221198,1971-11-29,1971-12-05
"ENSO3",1971,48,-1.12241474654378,1971-11-29,1971-12-05
"ENSO34",1971,48,-0.875142857142857,1971-11-29,1971-12-05
"ENSO4",1971,48,-0.468806451612903,1971-11-29,1971-12-05
"DMI",1971,49,0.19641935483871,1971-12-06,1971-12-12
"ENSO3",1971,49,-1.00032258064516,1971-12-06,1971-12-12
"ENSO34",1971,49,-0.81,1971-12-06,1971-12-12
"ENSO4",1971,49,-0.454516129032258,1971-12-06,1971-12-12
"DMI",1971,50,0.180161290322581,1971-12-13,1971-12-19
"ENSO3",1971,50,-0.869354838709677,1971-12-13,1971-12-19
"ENSO34",1971,50,-0.74,1971-12-13,1971-12-19
"ENSO4",1971,50,-0.440967741935484,1971-12-13,1971-12-19
"DMI",1971,51,0.163903225806452,1971-12-20,1971-12-26
"ENSO3",1971,51,-0.738387096774193,1971-12-20,1971-12-26
"ENSO34",1971,51,-0.67,1971-12-20,1971-12-26
"ENSO4",1971,51,-0.42741935483871,1971-12-20,1971-12-26
"DMI",1971,52,0.146322580645161,1971-12-27,1972-01-02
"ENSO3",1971,52,-0.608940092165899,1971-12-27,1972-01-02
"ENSO34",1971,52,-0.599769585253456,1971-12-27,1972-01-02
"ENSO4",1971,52,-0.412396313364055,1971-12-27,1972-01-02
"DMI",1972,1,0.0850967741935484,1972-01-03,1972-01-09
"ENSO3",1972,1,-0.529677419354839,1972-01-03,1972-01-09
"ENSO34",1972,1,-0.521935483870968,1972-01-03,1972-01-09
"ENSO4",1972,1,-0.348709677419355,1972-01-03,1972-01-09
"DMI",1972,2,0.00403225806451612,1972-01-10,1972-01-16
"ENSO3",1972,2,-0.473225806451613,1972-01-10,1972-01-16
"ENSO34",1972,2,-0.440645161290323,1972-01-10,1972-01-16
"ENSO4",1972,2,-0.262903225806452,1972-01-10,1972-01-16
"DMI",1972,3,-0.0770322580645161,1972-01-17,1972-01-23
"ENSO3",1972,3,-0.416774193548387,1972-01-17,1972-01-23
"ENSO34",1972,3,-0.359354838709677,1972-01-17,1972-01-23
"ENSO4",1972,3,-0.177096774193548,1972-01-17,1972-01-23
"DMI",1972,4,-0.158096774193548,1972-01-24,1972-01-30
"ENSO3",1972,4,-0.360322580645161,1972-01-24,1972-01-30
"ENSO34",1972,4,-0.278064516129032,1972-01-24,1972-01-30
"ENSO4",1972,4,-0.0912903225806451,1972-01-24,1972-01-30
"DMI",1972,5,-0.196094390592722,1972-01-31,1972-02-06
"ENSO3",1972,5,-0.312285078658827,1972-01-31,1972-02-06
"ENSO34",1972,5,-0.223875734943588,1972-01-31,1972-02-06
"ENSO4",1972,5,-0.0302733195614174,1972-01-31,1972-02-06
"DMI",1972,6,-0.139344827586207,1972-02-07,1972-02-13
"ENSO3",1972,6,-0.282758620689655,1972-02-07,1972-02-13
"ENSO34",1972,6,-0.229310344827586,1972-02-07,1972-02-13
"ENSO4",1972,6,-0.0237931034482759,1972-02-07,1972-02-13
"DMI",1972,7,-0.0797241379310345,1972-02-14,1972-02-20
"ENSO3",1972,7,-0.253793103448276,1972-02-14,1972-02-20
"ENSO34",1972,7,-0.236551724137931,1972-02-14,1972-02-20
"ENSO4",1972,7,-0.0189655172413793,1972-02-14,1972-02-20
"DMI",1972,8,-0.0201034482758621,1972-02-21,1972-02-27
"ENSO3",1972,8,-0.224827586206897,1972-02-21,1972-02-27
"ENSO34",1972,8,-0.243793103448276,1972-02-21,1972-02-27
"ENSO4",1972,8,-0.0141379310344828,1972-02-21,1972-02-27
"DMI",1972,9,0.0319580486254569,1972-02-28,1972-03-05
"ENSO3",1972,9,-0.177810265374225,1972-02-28,1972-03-05
"ENSO34",1972,9,-0.228358493564278,1972-02-28,1972-03-05
"ENSO4",1972,9,0.0053726362625139,1972-02-28,1972-03-05
"DMI",1972,10,0.0568064516129032,1972-03-06,1972-03-12
"ENSO3",1972,10,-0.0658064516129032,1972-03-06,1972-03-12
"ENSO34",1972,10,-0.131290322580645,1972-03-06,1972-03-12
"ENSO4",1972,10,0.077741935483871,1972-03-06,1972-03-12
"DMI",1972,11,0.0793870967741935,1972-03-13,1972-03-19
"ENSO3",1972,11,0.0516129032258064,1972-03-13,1972-03-19
"ENSO34",1972,11,-0.0274193548387097,1972-03-13,1972-03-19
"ENSO4",1972,11,0.154516129032258,1972-03-13,1972-03-19
"DMI",1972,12,0.101967741935484,1972-03-20,1972-03-26
"ENSO3",1972,12,0.169032258064516,1972-03-20,1972-03-26
"ENSO34",1972,12,0.0764516129032258,1972-03-20,1972-03-26
"ENSO4",1972,12,0.231290322580645,1972-03-20,1972-03-26
"DMI",1972,13,0.124211367127496,1972-03-27,1972-04-02
"ENSO3",1972,13,0.284864823348694,1972-03-27,1972-04-02
"ENSO34",1972,13,0.178774193548387,1972-03-27,1972-04-02
"ENSO4",1972,13,0.307164362519201,1972-03-27,1972-04-02
"DMI",1972,14,0.135333333333333,1972-04-03,1972-04-09
"ENSO3",1972,14,0.348333333333333,1972-04-03,1972-04-09
"ENSO34",1972,14,0.23,1972-04-03,1972-04-09
"ENSO4",1972,14,0.353333333333333,1972-04-03,1972-04-09
"DMI",1972,15,0.1414,1972-04-10,1972-04-16
"ENSO3",1972,15,0.388,1972-04-10,1972-04-16
"ENSO34",1972,15,0.258,1972-04-10,1972-04-16
"ENSO4",1972,15,0.386,1972-04-10,1972-04-16
"DMI",1972,16,0.147466666666667,1972-04-17,1972-04-23
"ENSO3",1972,16,0.427666666666667,1972-04-17,1972-04-23
"ENSO34",1972,16,0.286,1972-04-17,1972-04-23
"ENSO4",1972,16,0.418666666666667,1972-04-17,1972-04-23
"DMI",1972,17,0.153533333333333,1972-04-24,1972-04-30
"ENSO3",1972,17,0.467333333333333,1972-04-24,1972-04-30
"ENSO34",1972,17,0.314,1972-04-24,1972-04-30
"ENSO4",1972,17,0.451333333333333,1972-04-24,1972-04-30
"DMI",1972,18,0.213322580645161,1972-05-01,1972-05-07
"ENSO3",1972,18,0.53258064516129,1972-05-01,1972-05-07
"ENSO34",1972,18,0.361935483870968,1972-05-01,1972-05-07
"ENSO4",1972,18,0.458387096774194,1972-05-01,1972-05-07
"DMI",1972,19,0.344741935483871,1972-05-08,1972-05-14
"ENSO3",1972,19,0.631935483870968,1972-05-08,1972-05-14
"ENSO34",1972,19,0.436451612903226,1972-05-08,1972-05-14
"ENSO4",1972,19,0.431290322580645,1972-05-08,1972-05-14
"DMI",1972,20,0.476161290322581,1972-05-15,1972-05-21
"ENSO3",1972,20,0.731290322580645,1972-05-15,1972-05-21
"ENSO34",1972,20,0.510967741935484,1972-05-15,1972-05-21
"ENSO4",1972,20,0.404193548387097,1972-05-15,1972-05-21
"DMI",1972,21,0.60758064516129,1972-05-22,1972-05-28
"ENSO3",1972,21,0.830645161290323,1972-05-22,1972-05-28
"ENSO34",1972,21,0.585483870967742,1972-05-22,1972-05-28
"ENSO4",1972,21,0.377096774193548,1972-05-22,1972-05-28
"DMI",1972,22,0.722022119815668,1972-05-29,1972-06-04
"ENSO3",1972,22,0.92926267281106,1972-05-29,1972-06-04
"ENSO34",1972,22,0.655732718894009,1972-05-29,1972-06-04
"ENSO4",1972,22,0.351889400921659,1972-05-29,1972-06-04
"DMI",1972,23,0.731766666666667,1972-06-05,1972-06-11
"ENSO3",1972,23,1.02333333333333,1972-06-05,1972-06-11
"ENSO34",1972,23,0.699666666666667,1972-06-05,1972-06-11
"ENSO4",1972,23,0.338333333333333,1972-06-05,1972-06-11
"DMI",1972,24,0.724533333333333,1972-06-12,1972-06-18
"ENSO3",1972,24,1.11666666666667,1972-06-12,1972-06-18
"ENSO34",1972,24,0.739333333333333,1972-06-12,1972-06-18
"ENSO4",1972,24,0.326666666666667,1972-06-12,1972-06-18
"DMI",1972,25,0.7173,1972-06-19,1972-06-25
"ENSO3",1972,25,1.21,1972-06-19,1972-06-25
"ENSO34",1972,25,0.779,1972-06-19,1972-06-25
"ENSO4",1972,25,0.315,1972-06-19,1972-06-25
"DMI",1972,26,0.709306451612903,1972-06-26,1972-07-02
"ENSO3",1972,26,1.30460829493088,1972-06-26,1972-07-02
"ENSO34",1972,26,0.820023041474654,1972-06-26,1972-07-02
"ENSO4",1972,26,0.303064516129032,1972-06-26,1972-07-02
"DMI",1972,27,0.676225806451613,1972-07-03,1972-07-09
"ENSO3",1972,27,1.44129032258065,1972-07-03,1972-07-09
"ENSO34",1972,27,0.905806451612903,1972-07-03,1972-07-09
"ENSO4",1972,27,0.282258064516129,1972-07-03,1972-07-09
"DMI",1972,28,0.631741935483871,1972-07-10,1972-07-16
"ENSO3",1972,28,1.59709677419355,1972-07-10,1972-07-16
"ENSO34",1972,28,1.01193548387097,1972-07-10,1972-07-16
"ENSO4",1972,28,0.25741935483871,1972-07-10,1972-07-16
"DMI",1972,29,0.587258064516129,1972-07-17,1972-07-23
"ENSO3",1972,29,1.75290322580645,1972-07-17,1972-07-23
"ENSO34",1972,29,1.11806451612903,1972-07-17,1972-07-23
"ENSO4",1972,29,0.23258064516129,1972-07-17,1972-07-23
"DMI",1972,30,0.542774193548387,1972-07-24,1972-07-30
"ENSO3",1972,30,1.90870967741935,1972-07-24,1972-07-30
"ENSO34",1972,30,1.2241935483871,1972-07-24,1972-07-30
"ENSO4",1972,30,0.207741935483871,1972-07-24,1972-07-30
"DMI",1972,31,0.501677419354839,1972-07-31,1972-08-06
"ENSO3",1972,31,1.99055299539171,1972-07-31,1972-08-06
"ENSO34",1972,31,1.29023041474654,1972-07-31,1972-08-06
"ENSO4",1972,31,0.193271889400922,1972-07-31,1972-08-06
"DMI",1972,32,0.468032258064516,1972-08-07,1972-08-13
"ENSO3",1972,32,1.90967741935484,1972-08-07,1972-08-13
"ENSO34",1972,32,1.26806451612903,1972-08-07,1972-08-13
"ENSO4",1972,32,0.201612903225806,1972-08-07,1972-08-13
"DMI",1972,33,0.434612903225806,1972-08-14,1972-08-20
"ENSO3",1972,33,1.82387096774194,1972-08-14,1972-08-20
"ENSO34",1972,33,1.24322580645161,1972-08-14,1972-08-20
"ENSO4",1972,33,0.210645161290323,1972-08-14,1972-08-20
"DMI",1972,34,0.401193548387097,1972-08-21,1972-08-27
"ENSO3",1972,34,1.73806451612903,1972-08-21,1972-08-27
"ENSO34",1972,34,1.21838709677419,1972-08-21,1972-08-27
"ENSO4",1972,34,0.219677419354839,1972-08-21,1972-08-27
"DMI",1972,35,0.36930599078341,1972-08-28,1972-09-03
"ENSO3",1972,35,1.66151152073733,1972-08-28,1972-09-03
"ENSO34",1972,35,1.20335483870968,1972-08-28,1972-09-03
"ENSO4",1972,35,0.235013824884793,1972-08-28,1972-09-03
"DMI",1972,36,0.3558,1972-09-04,1972-09-10
"ENSO3",1972,36,1.696,1972-09-04,1972-09-10
"ENSO34",1972,36,1.306,1972-09-04,1972-09-10
"ENSO4",1972,36,0.326,1972-09-04,1972-09-10
"DMI",1972,37,0.3474,1972-09-11,1972-09-17
"ENSO3",1972,37,1.76133333333333,1972-09-11,1972-09-17
"ENSO34",1972,37,1.44133333333333,1972-09-11,1972-09-17
"ENSO4",1972,37,0.438,1972-09-11,1972-09-17
"DMI",1972,38,0.339,1972-09-18,1972-09-24
"ENSO3",1972,38,1.82666666666667,1972-09-18,1972-09-24
"ENSO34",1972,38,1.57666666666667,1972-09-18,1972-09-24
"ENSO4",1972,38,0.55,1972-09-18,1972-09-24
"DMI",1972,39,0.3306,1972-09-25,1972-10-01
"ENSO3",1972,39,1.892,1972-09-25,1972-10-01
"ENSO34",1972,39,1.712,1972-09-25,1972-10-01
"ENSO4",1972,39,0.662,1972-09-25,1972-10-01
"DMI",1972,40,0.371387096774194,1972-10-02,1972-10-08
"ENSO3",1972,40,1.94967741935484,1972-10-02,1972-10-08
"ENSO34",1972,40,1.78290322580645,1972-10-02,1972-10-08
"ENSO4",1972,40,0.697096774193548,1972-10-02,1972-10-08
"DMI",1972,41,0.449064516129032,1972-10-09,1972-10-15
"ENSO3",1972,41,2.00161290322581,1972-10-09,1972-10-15
"ENSO34",1972,41,1.80548387096774,1972-10-09,1972-10-15
"ENSO4",1972,41,0.674516129032258,1972-10-09,1972-10-15
"DMI",1972,42,0.526741935483871,1972-10-16,1972-10-22
"ENSO3",1972,42,2.05354838709677,1972-10-16,1972-10-22
"ENSO34",1972,42,1.82806451612903,1972-10-16,1972-10-22
"ENSO4",1972,42,0.651935483870968,1972-10-16,1972-10-22
"DMI",1972,43,0.60441935483871,1972-10-23,1972-10-29
"ENSO3",1972,43,2.10548387096774,1972-10-23,1972-10-29
"ENSO34",1972,43,1.85064516129032,1972-10-23,1972-10-29
"ENSO4",1972,43,0.629354838709677,1972-10-23,1972-10-29
"DMI",1972,44,0.657006144393241,1972-10-30,1972-11-05
"ENSO3",1972,44,2.16062980030722,1972-10-30,1972-11-05
"ENSO34",1972,44,1.88385560675883,1972-10-30,1972-11-05
"ENSO4",1972,44,0.624715821812596,1972-10-30,1972-11-05
"DMI",1972,45,0.619266666666667,1972-11-06,1972-11-12
"ENSO3",1972,45,2.22733333333333,1972-11-06,1972-11-12
"ENSO34",1972,45,1.95533333333333,1972-11-06,1972-11-12
"ENSO4",1972,45,0.684666666666667,1972-11-06,1972-11-12
"DMI",1972,46,0.574,1972-11-13,1972-11-19
"ENSO3",1972,46,2.295,1972-11-13,1972-11-19
"ENSO34",1972,46,2.03,1972-11-13,1972-11-19
"ENSO4",1972,46,0.75,1972-11-13,1972-11-19
"DMI",1972,47,0.528733333333333,1972-11-20,1972-11-26
"ENSO3",1972,47,2.36266666666667,1972-11-20,1972-11-26
"ENSO34",1972,47,2.10466666666667,1972-11-20,1972-11-26
"ENSO4",1972,47,0.815333333333333,1972-11-20,1972-11-26
"DMI",1972,48,0.480238095238095,1972-11-27,1972-12-03
"ENSO3",1972,48,2.41485407066052,1972-11-27,1972-12-03
"ENSO34",1972,48,2.16660522273425,1972-11-27,1972-12-03
"ENSO4",1972,48,0.876113671274962,1972-11-27,1972-12-03
"DMI",1972,49,0.393,1972-12-04,1972-12-10
"ENSO3",1972,49,2.28129032258065,1972-12-04,1972-12-10
"ENSO34",1972,49,2.0758064516129,1972-12-04,1972-12-10
"ENSO4",1972,49,0.882258064516129,1972-12-04,1972-12-10
"DMI",1972,50,0.295,1972-12-11,1972-12-17
"ENSO3",1972,50,2.09612903225806,1972-12-11,1972-12-17
"ENSO34",1972,50,1.94258064516129,1972-12-11,1972-12-17
"ENSO4",1972,50,0.873225806451613,1972-12-11,1972-12-17
"DMI",1972,51,0.197,1972-12-18,1972-12-24
"ENSO3",1972,51,1.91096774193548,1972-12-18,1972-12-24
"ENSO34",1972,51,1.80935483870968,1972-12-18,1972-12-24
"ENSO4",1972,51,0.864193548387097,1972-12-18,1972-12-24
"DMI",1972,52,0.099,1972-12-25,1972-12-31
"ENSO3",1972,52,1.7258064516129,1972-12-25,1972-12-31
"ENSO34",1972,52,1.67612903225806,1972-12-25,1972-12-31
"ENSO4",1972,52,0.855161290322581,1972-12-25,1972-12-31
"DMI",1973,1,0.0313870967741935,1973-01-01,1973-01-07
"ENSO3",1973,1,1.54161290322581,1973-01-01,1973-01-07
"ENSO34",1973,1,1.54967741935484,1973-01-01,1973-01-07
"ENSO4",1973,1,0.826774193548387,1973-01-01,1973-01-07
"DMI",1973,2,0.00429032258064516,1973-01-08,1973-01-14
"ENSO3",1973,2,1.35870967741935,1973-01-08,1973-01-14
"ENSO34",1973,2,1.43225806451613,1973-01-08,1973-01-14
"ENSO4",1973,2,0.77258064516129,1973-01-08,1973-01-14
"DMI",1973,3,-0.0228064516129032,1973-01-15,1973-01-21
"ENSO3",1973,3,1.1758064516129,1973-01-15,1973-01-21
"ENSO34",1973,3,1.31483870967742,1973-01-15,1973-01-21
"ENSO4",1973,3,0.718387096774194,1973-01-15,1973-01-21
"DMI",1973,4,-0.0499032258064516,1973-01-22,1973-01-28
"ENSO3",1973,4,0.992903225806452,1973-01-22,1973-01-28
"ENSO34",1973,4,1.19741935483871,1973-01-22,1973-01-28
"ENSO4",1973,4,0.664193548387097,1973-01-22,1973-01-28
"DMI",1973,5,-0.0713554970375247,1973-01-29,1973-02-04
"ENSO3",1973,5,0.817090190915076,1973-01-29,1973-02-04
"ENSO34",1973,5,1.07907175773535,1973-01-29,1973-02-04
"ENSO4",1973,5,0.611431863067808,1973-01-29,1973-02-04
"DMI",1973,6,-0.058,1973-02-05,1973-02-11
"ENSO3",1973,6,0.685,1973-02-05,1973-02-11
"ENSO34",1973,6,0.955,1973-02-05,1973-02-11
"ENSO4",1973,6,0.5675,1973-02-05,1973-02-11
"DMI",1973,7,-0.039,1973-02-12,1973-02-18
"ENSO3",1973,7,0.56,1973-02-12,1973-02-18
"ENSO34",1973,7,0.83,1973-02-12,1973-02-18
"ENSO4",1973,7,0.525,1973-02-12,1973-02-18
"DMI",1973,8,-0.02,1973-02-19,1973-02-25
"ENSO3",1973,8,0.435,1973-02-19,1973-02-25
"ENSO34",1973,8,0.705,1973-02-19,1973-02-25
"ENSO4",1973,8,0.4825,1973-02-19,1973-02-25
"DMI",1973,9,-0.0065339038841343,1973-02-26,1973-03-04
"ENSO3",1973,9,0.307610269914417,1973-02-26,1973-03-04
"ENSO34",1973,9,0.577333772218565,1973-02-26,1973-03-04
"ENSO4",1973,9,0.431932192231731,1973-02-26,1973-03-04
"DMI",1973,10,-0.0271935483870968,1973-03-05,1973-03-11
"ENSO3",1973,10,0.165483870967742,1973-03-05,1973-03-11
"ENSO34",1973,10,0.433225806451613,1973-03-05,1973-03-11
"ENSO4",1973,10,0.331612903225806,1973-03-05,1973-03-11
"DMI",1973,11,-0.0533870967741936,1973-03-12,1973-03-18
"ENSO3",1973,11,0.0209677419354839,1973-03-12,1973-03-18
"ENSO34",1973,11,0.286451612903226,1973-03-12,1973-03-18
"ENSO4",1973,11,0.223225806451613,1973-03-12,1973-03-18
"DMI",1973,12,-0.0795806451612903,1973-03-19,1973-03-25
"ENSO3",1973,12,-0.123548387096774,1973-03-19,1973-03-25
"ENSO34",1973,12,0.139677419354839,1973-03-19,1973-03-25
"ENSO4",1973,12,0.114838709677419,1973-03-19,1973-03-25
"DMI",1973,13,-0.105774193548387,1973-03-26,1973-04-01
"ENSO3",1973,13,-0.268064516129032,1973-03-26,1973-04-01
"ENSO34",1973,13,-0.00709677419354833,1973-03-26,1973-04-01
"ENSO4",1973,13,0.00645161290322582,1973-03-26,1973-04-01
"DMI",1973,14,-0.0900666666666667,1973-04-02,1973-04-08
"ENSO3",1973,14,-0.404666666666667,1973-04-02,1973-04-08
"ENSO34",1973,14,-0.135333333333333,1973-04-02,1973-04-08
"ENSO4",1973,14,-0.0453333333333333,1973-04-02,1973-04-08
"DMI",1973,15,-0.0429333333333333,1973-04-09,1973-04-15
"ENSO3",1973,15,-0.535333333333333,1973-04-09,1973-04-15
"ENSO34",1973,15,-0.249666666666667,1973-04-09,1973-04-15
"ENSO4",1973,15,-0.0546666666666667,1973-04-09,1973-04-15
"DMI",1973,16,0.0042,1973-04-16,1973-04-22
"ENSO3",1973,16,-0.666,1973-04-16,1973-04-22
"ENSO34",1973,16,-0.364,1973-04-16,1973-04-22
"ENSO4",1973,16,-0.064,1973-04-16,1973-04-22
"DMI",1973,17,0.0513333333333333,1973-04-23,1973-04-29
"ENSO3",1973,17,-0.796666666666667,1973-04-23,1973-04-29
"ENSO34",1973,17,-0.478333333333333,1973-04-23,1973-04-29
"ENSO4",1973,17,-0.0733333333333333,1973-04-23,1973-04-29
"DMI",1973,18,0.0626095238095238,1973-04-30,1973-05-06
"ENSO3",1973,18,-0.892172043010753,1973-04-30,1973-05-06
"ENSO34",1973,18,-0.578403993855607,1973-04-30,1973-05-06
"ENSO4",1973,18,-0.112989247311828,1973-04-30,1973-05-06
"DMI",1973,19,-0.00499999999999999,1973-05-07,1973-05-13
"ENSO3",1973,19,-0.910322580645161,1973-05-07,1973-05-13
"ENSO34",1973,19,-0.647096774193548,1973-05-07,1973-05-13
"ENSO4",1973,19,-0.219354838709677,1973-05-07,1973-05-13
"DMI",1973,20,-0.075,1973-05-14,1973-05-20
"ENSO3",1973,20,-0.926129032258065,1973-05-14,1973-05-20
"ENSO34",1973,20,-0.714838709677419,1973-05-14,1973-05-20
"ENSO4",1973,20,-0.327741935483871,1973-05-14,1973-05-20
"DMI",1973,21,-0.145,1973-05-21,1973-05-27
"ENSO3",1973,21,-0.941935483870968,1973-05-21,1973-05-27
"ENSO34",1973,21,-0.78258064516129,1973-05-21,1973-05-27
"ENSO4",1973,21,-0.436129032258065,1973-05-21,1973-05-27
"DMI",1973,22,-0.214571428571429,1973-05-28,1973-06-03
"ENSO3",1973,22,-0.960917050691244,1973-05-28,1973-06-03
"ENSO34",1973,22,-0.850175115207373,1973-05-28,1973-06-03
"ENSO4",1973,22,-0.540594470046083,1973-05-28,1973-06-03
"DMI",1973,23,-0.279,1973-06-04,1973-06-10
"ENSO3",1973,23,-1.018,1973-06-04,1973-06-10
"ENSO34",1973,23,-0.916,1973-06-04,1973-06-10
"ENSO4",1973,23,-0.598,1973-06-04,1973-06-10
"DMI",1973,24,-0.342,1973-06-11,1973-06-17
"ENSO3",1973,24,-1.08566666666667,1973-06-11,1973-06-17
"ENSO34",1973,24,-0.981333333333333,1973-06-11,1973-06-17
"ENSO4",1973,24,-0.642333333333333,1973-06-11,1973-06-17
"DMI",1973,25,-0.405,1973-06-18,1973-06-24
"ENSO3",1973,25,-1.15333333333333,1973-06-18,1973-06-24
"ENSO34",1973,25,-1.04666666666667,1973-06-18,1973-06-24
"ENSO4",1973,25,-0.686666666666667,1973-06-18,1973-06-24
"DMI",1973,26,-0.468,1973-06-25,1973-07-01
"ENSO3",1973,26,-1.221,1973-06-25,1973-07-01
"ENSO34",1973,26,-1.112,1973-06-25,1973-07-01
"ENSO4",1973,26,-0.731,1973-06-25,1973-07-01
"DMI",1973,27,-0.509451612903226,1973-07-02,1973-07-08
"ENSO3",1973,27,-1.24612903225806,1973-07-02,1973-07-08
"ENSO34",1973,27,-1.14903225806452,1973-07-02,1973-07-08
"ENSO4",1973,27,-0.775806451612903,1973-07-02,1973-07-08
"DMI",1973,28,-0.534741935483871,1973-07-09,1973-07-15
"ENSO3",1973,28,-1.23935483870968,1973-07-09,1973-07-15
"ENSO34",1973,28,-1.16483870967742,1973-07-09,1973-07-15
"ENSO4",1973,28,-0.820967741935484,1973-07-09,1973-07-15
"DMI",1973,29,-0.560032258064516,1973-07-16,1973-07-22
"ENSO3",1973,29,-1.23258064516129,1973-07-16,1973-07-22
"ENSO34",1973,29,-1.18064516129032,1973-07-16,1973-07-22
"ENSO4",1973,29,-0.866129032258064,1973-07-16,1973-07-22
"DMI",1973,30,-0.585322580645161,1973-07-23,1973-07-29
"ENSO3",1973,30,-1.2258064516129,1973-07-23,1973-07-29
"ENSO34",1973,30,-1.19645161290323,1973-07-23,1973-07-29
"ENSO4",1973,30,-0.911290322580645,1973-07-23,1973-07-29
"DMI",1973,31,-0.613101382488479,1973-07-30,1973-08-05
"ENSO3",1973,31,-1.21857142857143,1973-07-30,1973-08-05
"ENSO34",1973,31,-1.21778801843318,1973-07-30,1973-08-05
"ENSO4",1973,31,-0.959216589861751,1973-07-30,1973-08-05
"DMI",1973,32,-0.649838709677419,1973-08-06,1973-08-12
"ENSO3",1973,32,-1.20967741935484,1973-08-06,1973-08-12
"ENSO34",1973,32,-1.25903225806452,1973-08-06,1973-08-12
"ENSO4",1973,32,-1.01709677419355,1973-08-06,1973-08-12
"DMI",1973,33,-0.687322580645161,1973-08-13,1973-08-19
"ENSO3",1973,33,-1.20064516129032,1973-08-13,1973-08-19
"ENSO34",1973,33,-1.30193548387097,1973-08-13,1973-08-19
"ENSO4",1973,33,-1.0758064516129,1973-08-13,1973-08-19
"DMI",1973,34,-0.724806451612903,1973-08-20,1973-08-26
"ENSO3",1973,34,-1.19161290322581,1973-08-20,1973-08-26
"ENSO34",1973,34,-1.34483870967742,1973-08-20,1973-08-26
"ENSO4",1973,34,-1.13451612903226,1973-08-20,1973-08-26
"DMI",1973,35,-0.759982488479263,1973-08-27,1973-09-02
"ENSO3",1973,35,-1.18357450076805,1973-08-27,1973-09-02
"ENSO34",1973,35,-1.38772350230415,1973-08-27,1973-09-02
"ENSO4",1973,35,-1.19245622119816,1973-08-27,1973-09-02
"DMI",1973,36,-0.719,1973-09-03,1973-09-09
"ENSO3",1973,36,-1.20833333333333,1973-09-03,1973-09-09
"ENSO34",1973,36,-1.43,1973-09-03,1973-09-09
"ENSO4",1973,36,-1.225,1973-09-03,1973-09-09
"DMI",1973,37,-0.6434,1973-09-10,1973-09-16
"ENSO3",1973,37,-1.248,1973-09-10,1973-09-16
"ENSO34",1973,37,-1.472,1973-09-10,1973-09-16
"ENSO4",1973,37,-1.246,1973-09-10,1973-09-16
"DMI",1973,38,-0.5678,1973-09-17,1973-09-23
"ENSO3",1973,38,-1.28766666666667,1973-09-17,1973-09-23
"ENSO34",1973,38,-1.514,1973-09-17,1973-09-23
"ENSO4",1973,38,-1.267,1973-09-17,1973-09-23
"DMI",1973,39,-0.4922,1973-09-24,1973-09-30
"ENSO3",1973,39,-1.32733333333333,1973-09-24,1973-09-30
"ENSO34",1973,39,-1.556,1973-09-24,1973-09-30
"ENSO4",1973,39,-1.288,1973-09-24,1973-09-30
"DMI",1973,40,-0.420741935483871,1973-10-01,1973-10-07
"ENSO3",1973,40,-1.37322580645161,1973-10-01,1973-10-07
"ENSO34",1973,40,-1.62741935483871,1973-10-01,1973-10-07
"ENSO4",1973,40,-1.32709677419355,1973-10-01,1973-10-07
"DMI",1973,41,-0.354806451612903,1973-10-08,1973-10-14
"ENSO3",1973,41,-1.42741935483871,1973-10-08,1973-10-14
"ENSO34",1973,41,-1.73806451612903,1973-10-08,1973-10-14
"ENSO4",1973,41,-1.39032258064516,1973-10-08,1973-10-14
"DMI",1973,42,-0.288870967741935,1973-10-15,1973-10-21
"ENSO3",1973,42,-1.48161290322581,1973-10-15,1973-10-21
"ENSO34",1973,42,-1.84870967741935,1973-10-15,1973-10-21
"ENSO4",1973,42,-1.45354838709677,1973-10-15,1973-10-21
"DMI",1973,43,-0.222935483870968,1973-10-22,1973-10-28
"ENSO3",1973,43,-1.5358064516129,1973-10-22,1973-10-28
"ENSO34",1973,43,-1.95935483870968,1973-10-22,1973-10-28
"ENSO4",1973,43,-1.51677419354839,1973-10-22,1973-10-28
"DMI",1973,44,-0.159245161290323,1973-10-29,1973-11-04
"ENSO3",1973,44,-1.58364976958525,1973-10-29,1973-11-04
"ENSO34",1973,44,-2.05959447004608,1973-10-29,1973-11-04
"ENSO4",1973,44,-1.58025806451613,1973-10-29,1973-11-04
"DMI",1973,45,-0.1094,1973-11-05,1973-11-11
"ENSO3",1973,45,-1.59233333333333,1973-11-05,1973-11-11
"ENSO34",1973,45,-2.09566666666667,1973-11-05,1973-11-11
"ENSO4",1973,45,-1.64533333333333,1973-11-05,1973-11-11
"DMI",1973,46,-0.0618,1973-11-12,1973-11-18
"ENSO3",1973,46,-1.59466666666667,1973-11-12,1973-11-18
"ENSO34",1973,46,-2.12133333333333,1973-11-12,1973-11-18
"ENSO4",1973,46,-1.71066666666667,1973-11-12,1973-11-18
"DMI",1973,47,-0.0142,1973-11-19,1973-11-25
"ENSO3",1973,47,-1.597,1973-11-19,1973-11-25
"ENSO34",1973,47,-2.147,1973-11-19,1973-11-25
"ENSO4",1973,47,-1.776,1973-11-19,1973-11-25
"DMI",1973,48,0.0334976958525346,1973-11-26,1973-12-02
"ENSO3",1973,48,-1.5991935483871,1973-11-26,1973-12-02
"ENSO34",1973,48,-2.17140552995392,1973-11-26,1973-12-02
"ENSO4",1973,48,-1.83935483870968,1973-11-26,1973-12-02
"DMI",1973,49,0.0844193548387097,1973-12-03,1973-12-09
"ENSO3",1973,49,-1.59677419354839,1973-12-03,1973-12-09
"ENSO34",1973,49,-2.1541935483871,1973-12-03,1973-12-09
"ENSO4",1973,49,-1.83741935483871,1973-12-03,1973-12-09
"DMI",1973,50,0.136806451612903,1973-12-10,1973-12-16
"ENSO3",1973,50,-1.59225806451613,1973-12-10,1973-12-16
"ENSO34",1973,50,-2.11806451612903,1973-12-10,1973-12-16
"ENSO4",1973,50,-1.8058064516129,1973-12-10,1973-12-16
"DMI",1973,51,0.189193548387097,1973-12-17,1973-12-23
"ENSO3",1973,51,-1.58774193548387,1973-12-17,1973-12-23
"ENSO34",1973,51,-2.08193548387097,1973-12-17,1973-12-23
"ENSO4",1973,51,-1.7741935483871,1973-12-17,1973-12-23
"DMI",1973,52,0.24158064516129,1973-12-24,1973-12-30
"ENSO3",1973,52,-1.58322580645161,1973-12-24,1973-12-30
"ENSO34",1973,52,-2.0458064516129,1973-12-24,1973-12-30
"ENSO4",1973,52,-1.74258064516129,1973-12-24,1973-12-30
"DMI",1974,1,0.269428571428571,1973-12-31,1974-01-06
"ENSO3",1974,1,-1.553133640553,1973-12-31,1974-01-06
"ENSO34",1974,1,-1.98479262672811,1973-12-31,1974-01-06
"ENSO4",1974,1,-1.68124423963134,1973-12-31,1974-01-06
"DMI",1974,2,0.243290322580645,1974-01-07,1974-01-13
"ENSO3",1974,2,-1.46677419354839,1974-01-07,1974-01-13
"ENSO34",1974,2,-1.86903225806452,1974-01-07,1974-01-13
"ENSO4",1974,2,-1.55451612903226,1974-01-07,1974-01-13
"DMI",1974,3,0.215516129032258,1974-01-14,1974-01-20
"ENSO3",1974,3,-1.37870967741935,1974-01-14,1974-01-20
"ENSO34",1974,3,-1.75161290322581,1974-01-14,1974-01-20
"ENSO4",1974,3,-1.4258064516129,1974-01-14,1974-01-20
"DMI",1974,4,0.187741935483871,1974-01-21,1974-01-27
"ENSO3",1974,4,-1.29064516129032,1974-01-21,1974-01-27
"ENSO34",1974,4,-1.6341935483871,1974-01-21,1974-01-27
"ENSO4",1974,4,-1.29709677419355,1974-01-21,1974-01-27
"DMI",1974,5,0.163091672152732,1974-01-28,1974-02-03
"ENSO3",1974,5,-1.20414581961817,1974-01-28,1974-02-03
"ENSO34",1974,5,-1.52304476629361,1974-01-28,1974-02-03
"ENSO4",1974,5,-1.17626728110599,1974-01-28,1974-02-03
"DMI",1974,6,0.175928571428571,1974-02-04,1974-02-10
"ENSO3",1974,6,-1.13642857142857,1974-02-04,1974-02-10
"ENSO34",1974,6,-1.48714285714286,1974-02-04,1974-02-10
"ENSO4",1974,6,-1.15,1974-02-04,1974-02-10
"DMI",1974,7,0.199178571428571,1974-02-11,1974-02-17
"ENSO3",1974,7,-1.07392857142857,1974-02-11,1974-02-17
"ENSO34",1974,7,-1.47214285714286,1974-02-11,1974-02-17
"ENSO4",1974,7,-1.15,1974-02-11,1974-02-17
"DMI",1974,8,0.222428571428571,1974-02-18,1974-02-24
"ENSO3",1974,8,-1.01142857142857,1974-02-18,1974-02-24
"ENSO34",1974,8,-1.45714285714286,1974-02-18,1974-02-24
"ENSO4",1974,8,-1.15,1974-02-18,1974-02-24
"DMI",1974,9,0.240079986833443,1974-02-25,1974-03-03
"ENSO3",1974,9,-0.947639894667544,1974-02-25,1974-03-03
"ENSO34",1974,9,-1.43697827518104,1974-02-25,1974-03-03
"ENSO4",1974,9,-1.14709677419355,1974-02-25,1974-03-03
"DMI",1974,10,0.190548387096774,1974-03-04,1974-03-10
"ENSO3",1974,10,-0.868387096774193,1974-03-04,1974-03-10
"ENSO34",1974,10,-1.35483870967742,1974-03-04,1974-03-10
"ENSO4",1974,10,-1.10935483870968,1974-03-04,1974-03-10
"DMI",1974,11,0.122354838709677,1974-03-11,1974-03-17
"ENSO3",1974,11,-0.784838709677419,1974-03-11,1974-03-17
"ENSO34",1974,11,-1.25548387096774,1974-03-11,1974-03-17
"ENSO4",1974,11,-1.06193548387097,1974-03-11,1974-03-17
"DMI",1974,12,0.0541612903225807,1974-03-18,1974-03-24
"ENSO3",1974,12,-0.701290322580645,1974-03-18,1974-03-24
"ENSO34",1974,12,-1.15612903225806,1974-03-18,1974-03-24
"ENSO4",1974,12,-1.01451612903226,1974-03-18,1974-03-24
"DMI",1974,13,-0.0140322580645161,1974-03-25,1974-03-31
"ENSO3",1974,13,-0.617741935483871,1974-03-25,1974-03-31
"ENSO34",1974,13,-1.05677419354839,1974-03-25,1974-03-31
"ENSO4",1974,13,-0.967096774193548,1974-03-25,1974-03-31
"DMI",1974,14,-0.0716,1974-04-01,1974-04-07
"ENSO3",1974,14,-0.55,1974-04-01,1974-04-07
"ENSO34",1974,14,-0.979,1974-04-01,1974-04-07
"ENSO4",1974,14,-0.922,1974-04-01,1974-04-07
"DMI",1974,15,-0.115,1974-04-08,1974-04-14
"ENSO3",1974,15,-0.503333333333333,1974-04-08,1974-04-14
"ENSO34",1974,15,-0.93,1974-04-08,1974-04-14
"ENSO4",1974,15,-0.88,1974-04-08,1974-04-14
"DMI",1974,16,-0.1584,1974-04-15,1974-04-21
"ENSO3",1974,16,-0.456666666666667,1974-04-15,1974-04-21
"ENSO34",1974,16,-0.881,1974-04-15,1974-04-21
"ENSO4",1974,16,-0.838,1974-04-15,1974-04-21
"DMI",1974,17,-0.2018,1974-04-22,1974-04-28
"ENSO3",1974,17,-0.41,1974-04-22,1974-04-28
"ENSO34",1974,17,-0.832,1974-04-22,1974-04-28
"ENSO4",1974,17,-0.796,1974-04-22,1974-04-28
"DMI",1974,18,-0.226573271889401,1974-04-29,1974-05-05
"ENSO3",1974,18,-0.36594470046083,1974-04-29,1974-05-05
"ENSO34",1974,18,-0.788852534562212,1974-04-29,1974-05-05
"ENSO4",1974,18,-0.764875576036866,1974-04-29,1974-05-05
"DMI",1974,19,-0.184290322580645,1974-05-06,1974-05-12
"ENSO3",1974,19,-0.331290322580645,1974-05-06,1974-05-12
"ENSO34",1974,19,-0.766774193548387,1974-05-06,1974-05-12
"ENSO4",1974,19,-0.772903225806452,1974-05-06,1974-05-12
"DMI",1974,20,-0.13641935483871,1974-05-13,1974-05-19
"ENSO3",1974,20,-0.29741935483871,1974-05-13,1974-05-19
"ENSO34",1974,20,-0.746451612903226,1974-05-13,1974-05-19
"ENSO4",1974,20,-0.784193548387097,1974-05-13,1974-05-19
"DMI",1974,21,-0.0885483870967742,1974-05-20,1974-05-26
"ENSO3",1974,21,-0.263548387096774,1974-05-20,1974-05-26
"ENSO34",1974,21,-0.726129032258064,1974-05-20,1974-05-26
"ENSO4",1974,21,-0.795483870967742,1974-05-20,1974-05-26
"DMI",1974,22,-0.0427115207373272,1974-05-27,1974-06-02
"ENSO3",1974,22,-0.23036866359447,1974-05-27,1974-06-02
"ENSO34",1974,22,-0.705983102918587,1974-05-27,1974-06-02
"ENSO4",1974,22,-0.806972350230415,1974-05-27,1974-06-02
"DMI",1974,23,-0.064,1974-06-03,1974-06-09
"ENSO3",1974,23,-0.22,1974-06-03,1974-06-09
"ENSO34",1974,23,-0.691666666666667,1974-06-03,1974-06-09
"ENSO4",1974,23,-0.825,1974-06-03,1974-06-09
"DMI",1974,24,-0.1158,1974-06-10,1974-06-16
"ENSO3",1974,24,-0.22,1974-06-10,1974-06-16
"ENSO34",1974,24,-0.68,1974-06-10,1974-06-16
"ENSO4",1974,24,-0.846,1974-06-10,1974-06-16
"DMI",1974,25,-0.1676,1974-06-17,1974-06-23
"ENSO3",1974,25,-0.22,1974-06-17,1974-06-23
"ENSO34",1974,25,-0.668333333333333,1974-06-17,1974-06-23
"ENSO4",1974,25,-0.867,1974-06-17,1974-06-23
"DMI",1974,26,-0.2194,1974-06-24,1974-06-30
"ENSO3",1974,26,-0.22,1974-06-24,1974-06-30
"ENSO34",1974,26,-0.656666666666667,1974-06-24,1974-06-30
"ENSO4",1974,26,-0.888,1974-06-24,1974-06-30
"DMI",1974,27,-0.273,1974-07-01,1974-07-07
"ENSO3",1974,27,-0.194838709677419,1974-07-01,1974-07-07
"ENSO34",1974,27,-0.618064516129032,1974-07-01,1974-07-07
"ENSO4",1974,27,-0.883548387096774,1974-07-01,1974-07-07
"DMI",1974,28,-0.329,1974-07-08,1974-07-14
"ENSO3",1974,28,-0.136129032258065,1974-07-08,1974-07-14
"ENSO34",1974,28,-0.543548387096774,1974-07-08,1974-07-14
"ENSO4",1974,28,-0.845161290322581,1974-07-08,1974-07-14
"DMI",1974,29,-0.385,1974-07-15,1974-07-21
"ENSO3",1974,29,-0.0774193548387097,1974-07-15,1974-07-21
"ENSO34",1974,29,-0.469032258064516,1974-07-15,1974-07-21
"ENSO4",1974,29,-0.806774193548387,1974-07-15,1974-07-21
"DMI",1974,30,-0.441,1974-07-22,1974-07-28
"ENSO3",1974,30,-0.0187096774193548,1974-07-22,1974-07-28
"ENSO34",1974,30,-0.394516129032258,1974-07-22,1974-07-28
"ENSO4",1974,30,-0.768387096774194,1974-07-22,1974-07-28
"DMI",1974,31,-0.494677419354839,1974-07-29,1974-08-04
"ENSO3",1974,31,0.0253456221198157,1974-07-29,1974-08-04
"ENSO34",1974,31,-0.329953917050691,1974-07-29,1974-08-04
"ENSO4",1974,31,-0.739124423963134,1974-07-29,1974-08-04
"DMI",1974,32,-0.534032258064516,1974-08-05,1974-08-11
"ENSO3",1974,32,-0.0209677419354839,1974-08-05,1974-08-11
"ENSO34",1974,32,-0.326774193548387,1974-08-05,1974-08-11
"ENSO4",1974,32,-0.766129032258065,1974-08-05,1974-08-11
"DMI",1974,33,-0.571064516129032,1974-08-12,1974-08-18
"ENSO3",1974,33,-0.0819354838709677,1974-08-12,1974-08-18
"ENSO34",1974,33,-0.333548387096774,1974-08-12,1974-08-18
"ENSO4",1974,33,-0.802258064516129,1974-08-12,1974-08-18
"DMI",1974,34,-0.608096774193548,1974-08-19,1974-08-25
"ENSO3",1974,34,-0.142903225806452,1974-08-19,1974-08-25
"ENSO34",1974,34,-0.340322580645161,1974-08-19,1974-08-25
"ENSO4",1974,34,-0.838387096774194,1974-08-19,1974-08-25
"DMI",1974,35,-0.645129032258065,1974-08-26,1974-09-01
"ENSO3",1974,35,-0.203870967741935,1974-08-26,1974-09-01
"ENSO34",1974,35,-0.347096774193548,1974-08-26,1974-09-01
"ENSO4",1974,35,-0.874516129032258,1974-08-26,1974-09-01
"DMI",1974,36,-0.685533333333333,1974-09-02,1974-09-08
"ENSO3",1974,36,-0.283333333333333,1974-09-02,1974-09-08
"ENSO34",1974,36,-0.403333333333333,1974-09-02,1974-09-08
"ENSO4",1974,36,-0.899333333333333,1974-09-02,1974-09-08
"DMI",1974,37,-0.728466666666667,1974-09-09,1974-09-15
"ENSO3",1974,37,-0.376666666666667,1974-09-09,1974-09-15
"ENSO34",1974,37,-0.496666666666667,1974-09-09,1974-09-15
"ENSO4",1974,37,-0.915666666666667,1974-09-09,1974-09-15
"DMI",1974,38,-0.7714,1974-09-16,1974-09-22
"ENSO3",1974,38,-0.47,1974-09-16,1974-09-22
"ENSO34",1974,38,-0.59,1974-09-16,1974-09-22
"ENSO4",1974,38,-0.932,1974-09-16,1974-09-22
"DMI",1974,39,-0.814333333333333,1974-09-23,1974-09-29
"ENSO3",1974,39,-0.563333333333333,1974-09-23,1974-09-29
"ENSO34",1974,39,-0.683333333333333,1974-09-23,1974-09-29
"ENSO4",1974,39,-0.948333333333333,1974-09-23,1974-09-29
"DMI",1974,40,-0.823801228878648,1974-09-30,1974-10-06
"ENSO3",1974,40,-0.636390168970814,1974-09-30,1974-10-06
"ENSO34",1974,40,-0.762611367127496,1974-09-30,1974-10-06
"ENSO4",1974,40,-0.963814132104455,1974-09-30,1974-10-06
"DMI",1974,41,-0.759645161290323,1974-10-07,1974-10-13
"ENSO3",1974,41,-0.664838709677419,1974-10-07,1974-10-13
"ENSO34",1974,41,-0.810967741935484,1974-10-07,1974-10-13
"ENSO4",1974,41,-0.97741935483871,1974-10-07,1974-10-13
"DMI",1974,42,-0.693258064516129,1974-10-14,1974-10-20
"ENSO3",1974,42,-0.691935483870968,1974-10-14,1974-10-20
"ENSO34",1974,42,-0.858387096774194,1974-10-14,1974-10-20
"ENSO4",1974,42,-0.990967741935484,1974-10-14,1974-10-20
"DMI",1974,43,-0.626870967741936,1974-10-21,1974-10-27
"ENSO3",1974,43,-0.719032258064516,1974-10-21,1974-10-27
"ENSO34",1974,43,-0.905806451612903,1974-10-21,1974-10-27
"ENSO4",1974,43,-1.00451612903226,1974-10-21,1974-10-27
"DMI",1974,44,-0.561819815668203,1974-10-28,1974-11-03
"ENSO3",1974,44,-0.744327188940092,1974-10-28,1974-11-03
"ENSO34",1974,44,-0.94889400921659,1974-10-28,1974-11-03
"ENSO4",1974,44,-1.01552073732719,1974-10-28,1974-11-03
"DMI",1974,45,-0.5128,1974-11-04,1974-11-10
"ENSO3",1974,45,-0.748,1974-11-04,1974-11-10
"ENSO34",1974,45,-0.94,1974-11-04,1974-11-10
"ENSO4",1974,45,-0.996,1974-11-04,1974-11-10
"DMI",1974,46,-0.468233333333333,1974-11-11,1974-11-17
"ENSO3",1974,46,-0.745666666666667,1974-11-11,1974-11-17
"ENSO34",1974,46,-0.916666666666667,1974-11-11,1974-11-17
"ENSO4",1974,46,-0.968,1974-11-11,1974-11-17
"DMI",1974,47,-0.423666666666667,1974-11-18,1974-11-24
"ENSO3",1974,47,-0.743333333333333,1974-11-18,1974-11-24
"ENSO34",1974,47,-0.893333333333333,1974-11-18,1974-11-24
"ENSO4",1974,47,-0.94,1974-11-18,1974-11-24
"DMI",1974,48,-0.3791,1974-11-25,1974-12-01
"ENSO3",1974,48,-0.741,1974-11-25,1974-12-01
"ENSO34",1974,48,-0.87,1974-11-25,1974-12-01
"ENSO4",1974,48,-0.912,1974-11-25,1974-12-01
"DMI",1974,49,-0.360903225806452,1974-12-02,1974-12-08
"ENSO3",1974,49,-0.701290322580645,1974-12-02,1974-12-08
"ENSO34",1974,49,-0.796774193548387,1974-12-02,1974-12-08
"ENSO4",1974,49,-0.874193548387097,1974-12-02,1974-12-08
"DMI",1974,50,-0.362483870967742,1974-12-09,1974-12-15
"ENSO3",1974,50,-0.633548387096774,1974-12-09,1974-12-15
"ENSO34",1974,50,-0.686129032258065,1974-12-09,1974-12-15
"ENSO4",1974,50,-0.829032258064516,1974-12-09,1974-12-15
"DMI",1974,51,-0.364064516129032,1974-12-16,1974-12-22
"ENSO3",1974,51,-0.565806451612903,1974-12-16,1974-12-22
"ENSO34",1974,51,-0.575483870967742,1974-12-16,1974-12-22
"ENSO4",1974,51,-0.783870967741935,1974-12-16,1974-12-22
"DMI",1974,52,-0.365645161290323,1974-12-23,1974-12-29
"ENSO3",1974,52,-0.498064516129032,1974-12-23,1974-12-29
"ENSO34",1974,52,-0.464838709677419,1974-12-23,1974-12-29
"ENSO4",1974,52,-0.738709677419355,1974-12-23,1974-12-29
"DMI",1975,1,-0.361465437788018,1974-12-30,1975-01-05
"ENSO3",1975,1,-0.446912442396313,1974-12-30,1975-01-05
"ENSO34",1975,1,-0.374930875576037,1974-12-30,1975-01-05
"ENSO4",1975,1,-0.686635944700461,1974-12-30,1975-01-05
"DMI",1975,2,-0.336548387096774,1975-01-06,1975-01-12
"ENSO3",1975,2,-0.455483870967742,1975-01-06,1975-01-12
"ENSO34",1975,2,-0.359677419354839,1975-01-06,1975-01-12
"ENSO4",1975,2,-0.609677419354839,1975-01-06,1975-01-12
"DMI",1975,3,-0.309903225806452,1975-01-13,1975-01-19
"ENSO3",1975,3,-0.469032258064516,1975-01-13,1975-01-19
"ENSO34",1975,3,-0.350645161290323,1975-01-13,1975-01-19
"ENSO4",1975,3,-0.530645161290323,1975-01-13,1975-01-19
"DMI",1975,4,-0.283258064516129,1975-01-20,1975-01-26
"ENSO3",1975,4,-0.48258064516129,1975-01-20,1975-01-26
"ENSO34",1975,4,-0.341612903225806,1975-01-20,1975-01-26
"ENSO4",1975,4,-0.451612903225806,1975-01-20,1975-01-26
"DMI",1975,5,-0.25825362080316,1975-01-27,1975-02-02
"ENSO3",1975,5,-0.495546412113232,1975-01-27,1975-02-02
"ENSO34",1975,5,-0.33409150757077,1975-01-27,1975-02-02
"ENSO4",1975,5,-0.375469058591178,1975-01-27,1975-02-02
"DMI",1975,6,-0.287392857142857,1975-02-03,1975-02-09
"ENSO3",1975,6,-0.489285714285714,1975-02-03,1975-02-09
"ENSO34",1975,6,-0.376428571428571,1975-02-03,1975-02-09
"ENSO4",1975,6,-0.394642857142857,1975-02-03,1975-02-09
"DMI",1975,7,-0.341142857142857,1975-02-10,1975-02-16
"ENSO3",1975,7,-0.474285714285714,1975-02-10,1975-02-16
"ENSO34",1975,7,-0.441428571428571,1975-02-10,1975-02-16
"ENSO4",1975,7,-0.457142857142857,1975-02-10,1975-02-16
"DMI",1975,8,-0.394892857142857,1975-02-17,1975-02-23
"ENSO3",1975,8,-0.459285714285714,1975-02-17,1975-02-23
"ENSO34",1975,8,-0.506428571428571,1975-02-17,1975-02-23
"ENSO4",1975,8,-0.519642857142857,1975-02-17,1975-02-23
"DMI",1975,9,-0.445006747860435,1975-02-24,1975-03-02
"ENSO3",1975,9,-0.443808426596445,1975-02-24,1975-03-02
"ENSO34",1975,9,-0.570102040816327,1975-02-24,1975-03-02
"ENSO4",1975,9,-0.581420342330481,1975-02-24,1975-03-02
"DMI",1975,10,-0.375129032258065,1975-03-03,1975-03-09
"ENSO3",1975,10,-0.41258064516129,1975-03-03,1975-03-09
"ENSO34",1975,10,-0.59,1975-03-03,1975-03-09
"ENSO4",1975,10,-0.619354838709677,1975-03-03,1975-03-09
"DMI",1975,11,-0.250709677419355,1975-03-10,1975-03-16
"ENSO3",1975,11,-0.374193548387097,1975-03-10,1975-03-16
"ENSO34",1975,11,-0.59,1975-03-10,1975-03-16
"ENSO4",1975,11,-0.646451612903226,1975-03-10,1975-03-16
"DMI",1975,12,-0.126290322580645,1975-03-17,1975-03-23
"ENSO3",1975,12,-0.335806451612903,1975-03-17,1975-03-23
"ENSO34",1975,12,-0.59,1975-03-17,1975-03-23
"ENSO4",1975,12,-0.673548387096774,1975-03-17,1975-03-23
"DMI",1975,13,-0.00187096774193548,1975-03-24,1975-03-30
"ENSO3",1975,13,-0.29741935483871,1975-03-24,1975-03-30
"ENSO34",1975,13,-0.59,1975-03-24,1975-03-30
"ENSO4",1975,13,-0.700645161290323,1975-03-24,1975-03-30
"DMI",1975,14,0.0829608294930876,1975-03-31,1975-04-06
"ENSO3",1975,14,-0.317926267281106,1975-03-31,1975-04-06
"ENSO34",1975,14,-0.619285714285714,1975-03-31,1975-04-06
"ENSO4",1975,14,-0.730875576036866,1975-03-31,1975-04-06
"DMI",1975,15,0.0807,1975-04-07,1975-04-13
"ENSO3",1975,15,-0.468,1975-04-07,1975-04-13
"ENSO34",1975,15,-0.713,1975-04-07,1975-04-13
"ENSO4",1975,15,-0.768,1975-04-07,1975-04-13
"DMI",1975,16,0.0758,1975-04-14,1975-04-20
"ENSO3",1975,16,-0.622,1975-04-14,1975-04-20
"ENSO34",1975,16,-0.808666666666667,1975-04-14,1975-04-20
"ENSO4",1975,16,-0.805333333333333,1975-04-14,1975-04-20
"DMI",1975,17,0.0709,1975-04-21,1975-04-27
"ENSO3",1975,17,-0.776,1975-04-21,1975-04-27
"ENSO34",1975,17,-0.904333333333333,1975-04-21,1975-04-27
"ENSO4",1975,17,-0.842666666666667,1975-04-21,1975-04-27
"DMI",1975,18,0.0662958525345622,1975-04-28,1975-05-04
"ENSO3",1975,18,-0.91584331797235,1975-04-28,1975-05-04
"ENSO34",1975,18,-0.995198156682028,1975-04-28,1975-05-04
"ENSO4",1975,18,-0.879299539170507,1975-04-28,1975-05-04
"DMI",1975,19,0.0635161290322581,1975-05-05,1975-05-11
"ENSO3",1975,19,-0.968387096774194,1975-05-05,1975-05-11
"ENSO34",1975,19,-1.05645161290323,1975-05-05,1975-05-11
"ENSO4",1975,19,-0.911612903225806,1975-05-05,1975-05-11
"DMI",1975,20,0.0610322580645161,1975-05-12,1975-05-18
"ENSO3",1975,20,-1.00677419354839,1975-05-12,1975-05-18
"ENSO34",1975,20,-1.11290322580645,1975-05-12,1975-05-18
"ENSO4",1975,20,-0.943225806451613,1975-05-12,1975-05-18
"DMI",1975,21,0.0585483870967742,1975-05-19,1975-05-25
"ENSO3",1975,21,-1.04516129032258,1975-05-19,1975-05-25
"ENSO34",1975,21,-1.16935483870968,1975-05-19,1975-05-25
"ENSO4",1975,21,-0.974838709677419,1975-05-19,1975-05-25
"DMI",1975,22,0.0560645161290323,1975-05-26,1975-06-01
"ENSO3",1975,22,-1.08354838709677,1975-05-26,1975-06-01
"ENSO34",1975,22,-1.2258064516129,1975-05-26,1975-06-01
"ENSO4",1975,22,-1.00645161290323,1975-05-26,1975-06-01
"DMI",1975,23,0.0424666666666667,1975-06-02,1975-06-08
"ENSO3",1975,23,-1.07066666666667,1975-06-02,1975-06-08
"ENSO34",1975,23,-1.24866666666667,1975-06-02,1975-06-08
"ENSO4",1975,23,-1.07066666666667,1975-06-02,1975-06-08
"DMI",1975,24,0.0205333333333333,1975-06-09,1975-06-15
"ENSO3",1975,24,-1.01933333333333,1975-06-09,1975-06-15
"ENSO34",1975,24,-1.24633333333333,1975-06-09,1975-06-15
"ENSO4",1975,24,-1.15933333333333,1975-06-09,1975-06-15
"DMI",1975,25,-0.0014,1975-06-16,1975-06-22
"ENSO3",1975,25,-0.968,1975-06-16,1975-06-22
"ENSO34",1975,25,-1.244,1975-06-16,1975-06-22
"ENSO4",1975,25,-1.248,1975-06-16,1975-06-22
"DMI",1975,26,-0.0233333333333333,1975-06-23,1975-06-29
"ENSO3",1975,26,-0.916666666666667,1975-06-23,1975-06-29
"ENSO34",1975,26,-1.24166666666667,1975-06-23,1975-06-29
"ENSO4",1975,26,-1.33666666666667,1975-06-23,1975-06-29
"DMI",1975,27,-0.0596353302611367,1975-06-30,1975-07-06
"ENSO3",1975,27,-0.863766513056836,1975-06-30,1975-07-06
"ENSO34",1975,27,-1.23451766513057,1975-06-30,1975-07-06
"ENSO4",1975,27,-1.41339784946237,1975-06-30,1975-07-06
"DMI",1975,28,-0.127548387096774,1975-07-07,1975-07-13
"ENSO3",1975,28,-0.80741935483871,1975-07-07,1975-07-13
"ENSO34",1975,28,-1.21677419354839,1975-07-07,1975-07-13
"ENSO4",1975,28,-1.46387096774194,1975-07-07,1975-07-13
"DMI",1975,29,-0.19641935483871,1975-07-14,1975-07-20
"ENSO3",1975,29,-0.750967741935484,1975-07-14,1975-07-20
"ENSO34",1975,29,-1.19870967741935,1975-07-14,1975-07-20
"ENSO4",1975,29,-1.51354838709677,1975-07-14,1975-07-20
"DMI",1975,30,-0.265290322580645,1975-07-21,1975-07-27
"ENSO3",1975,30,-0.694516129032258,1975-07-21,1975-07-27
"ENSO34",1975,30,-1.18064516129032,1975-07-21,1975-07-27
"ENSO4",1975,30,-1.56322580645161,1975-07-21,1975-07-27
"DMI",1975,31,-0.337036866359447,1975-07-28,1975-08-03
"ENSO3",1975,31,-0.647465437788018,1975-07-28,1975-08-03
"ENSO34",1975,31,-1.16755760368664,1975-07-28,1975-08-03
"ENSO4",1975,31,-1.61400921658986,1975-07-28,1975-08-03
"DMI",1975,32,-0.443290322580645,1975-08-04,1975-08-10
"ENSO3",1975,32,-0.713225806451613,1975-08-04,1975-08-10
"ENSO34",1975,32,-1.2141935483871,1975-08-04,1975-08-10
"ENSO4",1975,32,-1.67806451612903,1975-08-04,1975-08-10
"DMI",1975,33,-0.559129032258064,1975-08-11,1975-08-17
"ENSO3",1975,33,-0.810322580645161,1975-08-11,1975-08-17
"ENSO34",1975,33,-1.27741935483871,1975-08-11,1975-08-17
"ENSO4",1975,33,-1.7458064516129,1975-08-11,1975-08-17
"DMI",1975,34,-0.674967741935484,1975-08-18,1975-08-24
"ENSO3",1975,34,-0.90741935483871,1975-08-18,1975-08-24
"ENSO34",1975,34,-1.34064516129032,1975-08-18,1975-08-24
"ENSO4",1975,34,-1.81354838709677,1975-08-18,1975-08-24
"DMI",1975,35,-0.790806451612903,1975-08-25,1975-08-31
"ENSO3",1975,35,-1.00451612903226,1975-08-25,1975-08-31
"ENSO34",1975,35,-1.40387096774194,1975-08-25,1975-08-31
"ENSO4",1975,35,-1.88129032258065,1975-08-25,1975-08-31
"DMI",1975,36,-0.8769,1975-09-01,1975-09-07
"ENSO3",1975,36,-1.076,1975-09-01,1975-09-07
"ENSO34",1975,36,-1.443,1975-09-01,1975-09-07
"ENSO4",1975,36,-1.921,1975-09-01,1975-09-07
"DMI",1975,37,-0.923333333333333,1975-09-08,1975-09-14
"ENSO3",1975,37,-1.11333333333333,1975-09-08,1975-09-14
"ENSO34",1975,37,-1.45,1975-09-08,1975-09-14
"ENSO4",1975,37,-1.92333333333333,1975-09-08,1975-09-14
"DMI",1975,38,-0.969766666666667,1975-09-15,1975-09-21
"ENSO3",1975,38,-1.15066666666667,1975-09-15,1975-09-21
"ENSO34",1975,38,-1.457,1975-09-15,1975-09-21
"ENSO4",1975,38,-1.92566666666667,1975-09-15,1975-09-21
"DMI",1975,39,-1.0162,1975-09-22,1975-09-28
"ENSO3",1975,39,-1.188,1975-09-22,1975-09-28
"ENSO34",1975,39,-1.464,1975-09-22,1975-09-28
"ENSO4",1975,39,-1.928,1975-09-22,1975-09-28
"DMI",1975,40,-1.01960875576037,1975-09-29,1975-10-05
"ENSO3",1975,40,-1.21771428571429,1975-09-29,1975-10-05
"ENSO34",1975,40,-1.46911059907834,1975-09-29,1975-10-05
"ENSO4",1975,40,-1.9275529953917,1975-09-29,1975-10-05
"DMI",1975,41,-0.868129032258065,1975-10-06,1975-10-12
"ENSO3",1975,41,-1.22,1975-10-06,1975-10-12
"ENSO34",1975,41,-1.46741935483871,1975-10-06,1975-10-12
"ENSO4",1975,41,-1.91709677419355,1975-10-06,1975-10-12
"DMI",1975,42,-0.703741935483871,1975-10-13,1975-10-19
"ENSO3",1975,42,-1.22,1975-10-13,1975-10-19
"ENSO34",1975,42,-1.46516129032258,1975-10-13,1975-10-19
"ENSO4",1975,42,-1.9058064516129,1975-10-13,1975-10-19
"DMI",1975,43,-0.539354838709677,1975-10-20,1975-10-26
"ENSO3",1975,43,-1.22,1975-10-20,1975-10-26
"ENSO34",1975,43,-1.46290322580645,1975-10-20,1975-10-26
"ENSO4",1975,43,-1.89451612903226,1975-10-20,1975-10-26
"DMI",1975,44,-0.37757019969278,1975-10-27,1975-11-02
"ENSO3",1975,44,-1.22152380952381,1975-10-27,1975-11-02
"ENSO34",1975,44,-1.46154838709677,1975-10-27,1975-11-02
"ENSO4",1975,44,-1.88345622119816,1975-10-27,1975-11-02
"DMI",1975,45,-0.301666666666667,1975-11-03,1975-11-09
"ENSO3",1975,45,-1.27333333333333,1975-11-03,1975-11-09
"ENSO34",1975,45,-1.49,1975-11-03,1975-11-09
"ENSO4",1975,45,-1.88,1975-11-03,1975-11-09
"DMI",1975,46,-0.2648,1975-11-10,1975-11-16
"ENSO3",1975,46,-1.348,1975-11-10,1975-11-16
"ENSO34",1975,46,-1.532,1975-11-10,1975-11-16
"ENSO4",1975,46,-1.88,1975-11-10,1975-11-16
"DMI",1975,47,-0.227933333333333,1975-11-17,1975-11-23
"ENSO3",1975,47,-1.42266666666667,1975-11-17,1975-11-23
"ENSO34",1975,47,-1.574,1975-11-17,1975-11-23
"ENSO4",1975,47,-1.88,1975-11-17,1975-11-23
"DMI",1975,48,-0.191066666666667,1975-11-24,1975-11-30
"ENSO3",1975,48,-1.49733333333333,1975-11-24,1975-11-30
"ENSO34",1975,48,-1.616,1975-11-24,1975-11-30
"ENSO4",1975,48,-1.88,1975-11-24,1975-11-30
"DMI",1975,49,-0.153064516129032,1975-12-01,1975-12-07
"ENSO3",1975,49,-1.55064516129032,1975-12-01,1975-12-07
"ENSO34",1975,49,-1.65548387096774,1975-12-01,1975-12-07
"ENSO4",1975,49,-1.83548387096774,1975-12-01,1975-12-07
"DMI",1975,50,-0.113548387096774,1975-12-08,1975-12-14
"ENSO3",1975,50,-1.57548387096774,1975-12-08,1975-12-14
"ENSO34",1975,50,-1.69161290322581,1975-12-08,1975-12-14
"ENSO4",1975,50,-1.73161290322581,1975-12-08,1975-12-14
"DMI",1975,51,-0.0740322580645161,1975-12-15,1975-12-21
"ENSO3",1975,51,-1.60032258064516,1975-12-15,1975-12-21
"ENSO34",1975,51,-1.72774193548387,1975-12-15,1975-12-21
"ENSO4",1975,51,-1.62774193548387,1975-12-15,1975-12-21
"DMI",1975,52,-0.0345161290322581,1975-12-22,1975-12-28
"ENSO3",1975,52,-1.62516129032258,1975-12-22,1975-12-28
"ENSO34",1975,52,-1.76387096774194,1975-12-22,1975-12-28
"ENSO4",1975,52,-1.52387096774194,1975-12-22,1975-12-28
"DMI",1976,1,0.0021520737327189,1975-12-29,1976-01-04
"ENSO3",1976,1,-1.62953917050691,1975-12-29,1976-01-04
"ENSO34",1976,1,-1.77483870967742,1975-12-29,1976-01-04
"ENSO4",1976,1,-1.42027649769585,1975-12-29,1976-01-04
"DMI",1976,2,0.021258064516129,1976-01-05,1976-01-11
"ENSO3",1976,2,-1.50774193548387,1976-01-05,1976-01-11
"ENSO34",1976,2,-1.63064516129032,1976-01-05,1976-01-11
"ENSO4",1976,2,-1.31838709677419,1976-01-05,1976-01-11
"DMI",1976,3,0.0375161290322581,1976-01-12,1976-01-18
"ENSO3",1976,3,-1.36548387096774,1976-01-12,1976-01-18
"ENSO34",1976,3,-1.46129032258065,1976-01-12,1976-01-18
"ENSO4",1976,3,-1.21677419354839,1976-01-12,1976-01-18
"DMI",1976,4,0.0537741935483871,1976-01-19,1976-01-25
"ENSO3",1976,4,-1.22322580645161,1976-01-19,1976-01-25
"ENSO34",1976,4,-1.29193548387097,1976-01-19,1976-01-25
"ENSO4",1976,4,-1.11516129032258,1976-01-19,1976-01-25
"DMI",1976,5,0.0700322580645161,1976-01-26,1976-02-01
"ENSO3",1976,5,-1.08096774193548,1976-01-26,1976-02-01
"ENSO34",1976,5,-1.12258064516129,1976-01-26,1976-02-01
"ENSO4",1976,5,-1.01354838709677,1976-01-26,1976-02-01
"DMI",1976,6,0.0691379310344828,1976-02-02,1976-02-08
"ENSO3",1976,6,-0.957931034482759,1976-02-02,1976-02-08
"ENSO34",1976,6,-0.998965517241379,1976-02-02,1976-02-08
"ENSO4",1976,6,-0.917586206896552,1976-02-02,1976-02-08
"DMI",1976,7,0.0553793103448276,1976-02-09,1976-02-15
"ENSO3",1976,7,-0.849310344827586,1976-02-09,1976-02-15
"ENSO34",1976,7,-0.909655172413793,1976-02-09,1976-02-15
"ENSO4",1976,7,-0.825862068965517,1976-02-09,1976-02-15
"DMI",1976,8,0.0416206896551724,1976-02-16,1976-02-22
"ENSO3",1976,8,-0.740689655172414,1976-02-16,1976-02-22
"ENSO34",1976,8,-0.820344827586207,1976-02-16,1976-02-22
"ENSO4",1976,8,-0.734137931034483,1976-02-16,1976-02-22
"DMI",1976,9,0.0278620689655172,1976-02-23,1976-02-29
"ENSO3",1976,9,-0.632068965517241,1976-02-23,1976-02-29
"ENSO34",1976,9,-0.731034482758621,1976-02-23,1976-02-29
"ENSO4",1976,9,-0.642413793103448,1976-02-23,1976-02-29
"DMI",1976,10,0.0298709677419355,1976-03-01,1976-03-07
"ENSO3",1976,10,-0.537096774193548,1976-03-01,1976-03-07
"ENSO34",1976,10,-0.654838709677419,1976-03-01,1976-03-07
"ENSO4",1976,10,-0.582258064516129,1976-03-01,1976-03-07
"DMI",1976,11,0.0529032258064516,1976-03-08,1976-03-14
"ENSO3",1976,11,-0.460322580645161,1976-03-08,1976-03-14
"ENSO34",1976,11,-0.596129032258065,1976-03-08,1976-03-14
"ENSO4",1976,11,-0.564193548387097,1976-03-08,1976-03-14
"DMI",1976,12,0.0759354838709677,1976-03-15,1976-03-21
"ENSO3",1976,12,-0.383548387096774,1976-03-15,1976-03-21
"ENSO34",1976,12,-0.53741935483871,1976-03-15,1976-03-21
"ENSO4",1976,12,-0.546129032258065,1976-03-15,1976-03-21
"DMI",1976,13,0.0989677419354839,1976-03-22,1976-03-28
"ENSO3",1976,13,-0.306774193548387,1976-03-22,1976-03-28
"ENSO34",1976,13,-0.478709677419355,1976-03-22,1976-03-28
"ENSO4",1976,13,-0.528064516129032,1976-03-22,1976-03-28
"DMI",1976,14,0.115579723502304,1976-03-29,1976-04-04
"ENSO3",1976,14,-0.234829493087558,1976-03-29,1976-04-04
"ENSO34",1976,14,-0.429188940092166,1976-03-29,1976-04-04
"ENSO4",1976,14,-0.512497695852535,1976-03-29,1976-04-04
"DMI",1976,15,0.0926,1976-04-05,1976-04-11
"ENSO3",1976,15,-0.192666666666667,1976-04-05,1976-04-11
"ENSO34",1976,15,-0.436333333333333,1976-04-05,1976-04-11
"ENSO4",1976,15,-0.512333333333333,1976-04-05,1976-04-11
"DMI",1976,16,0.0632,1976-04-12,1976-04-18
"ENSO3",1976,16,-0.155333333333333,1976-04-12,1976-04-18
"ENSO34",1976,16,-0.452666666666667,1976-04-12,1976-04-18
"ENSO4",1976,16,-0.514666666666667,1976-04-12,1976-04-18
"DMI",1976,17,0.0338,1976-04-19,1976-04-25
"ENSO3",1976,17,-0.118,1976-04-19,1976-04-25
"ENSO34",1976,17,-0.469,1976-04-19,1976-04-25
"ENSO4",1976,17,-0.517,1976-04-19,1976-04-25
"DMI",1976,18,0.00671889400921658,1976-04-26,1976-05-02
"ENSO3",1976,18,-0.078294930875576,1976-04-26,1976-05-02
"ENSO34",1976,18,-0.482741935483871,1976-04-26,1976-05-02
"ENSO4",1976,18,-0.519009216589862,1976-04-26,1976-05-02
"DMI",1976,19,0.0561612903225806,1976-05-03,1976-05-09
"ENSO3",1976,19,0.0396774193548387,1976-05-03,1976-05-09
"ENSO34",1976,19,-0.410967741935484,1976-05-03,1976-05-09
"ENSO4",1976,19,-0.510322580645161,1976-05-03,1976-05-09
"DMI",1976,20,0.140387096774194,1976-05-10,1976-05-16
"ENSO3",1976,20,0.193225806451613,1976-05-10,1976-05-16
"ENSO34",1976,20,-0.300322580645161,1976-05-10,1976-05-16
"ENSO4",1976,20,-0.496774193548387,1976-05-10,1976-05-16
"DMI",1976,21,0.224612903225806,1976-05-17,1976-05-23
"ENSO3",1976,21,0.346774193548387,1976-05-17,1976-05-23
"ENSO34",1976,21,-0.189677419354839,1976-05-17,1976-05-23
"ENSO4",1976,21,-0.483225806451613,1976-05-17,1976-05-23
"DMI",1976,22,0.308838709677419,1976-05-24,1976-05-30
"ENSO3",1976,22,0.500322580645161,1976-05-24,1976-05-30
"ENSO34",1976,22,-0.0790322580645161,1976-05-24,1976-05-30
"ENSO4",1976,22,-0.469677419354839,1976-05-24,1976-05-30
"DMI",1976,23,0.383352534562212,1976-05-31,1976-06-06
"ENSO3",1976,23,0.624009216589862,1976-05-31,1976-06-06
"ENSO34",1976,23,0.00845622119815668,1976-05-31,1976-06-06
"ENSO4",1976,23,-0.46241935483871,1976-05-31,1976-06-06
"DMI",1976,24,0.4365,1976-06-07,1976-06-13
"ENSO3",1976,24,0.682,1976-06-07,1976-06-13
"ENSO34",1976,24,0.045,1976-06-07,1976-06-13
"ENSO4",1976,24,-0.469,1976-06-07,1976-06-13
"DMI",1976,25,0.489,1976-06-14,1976-06-20
"ENSO3",1976,25,0.738,1976-06-14,1976-06-20
"ENSO34",1976,25,0.08,1976-06-14,1976-06-20
"ENSO4",1976,25,-0.476,1976-06-14,1976-06-20
"DMI",1976,26,0.5415,1976-06-21,1976-06-27
"ENSO3",1976,26,0.794,1976-06-21,1976-06-27
"ENSO34",1976,26,0.115,1976-06-21,1976-06-27
"ENSO4",1976,26,-0.483,1976-06-21,1976-06-27
"DMI",1976,27,0.57410599078341,1976-06-28,1976-07-04
"ENSO3",1976,27,0.846460829493088,1976-06-28,1976-07-04
"ENSO34",1976,27,0.150138248847926,1976-06-28,1976-07-04
"ENSO4",1976,27,-0.488036866359447,1976-06-28,1976-07-04
"DMI",1976,28,0.484032258064516,1976-07-05,1976-07-11
"ENSO3",1976,28,0.877096774193548,1976-07-05,1976-07-11
"ENSO34",1976,28,0.186129032258065,1976-07-05,1976-07-11
"ENSO4",1976,28,-0.480967741935484,1976-07-05,1976-07-11
"DMI",1976,29,0.374064516129032,1976-07-12,1976-07-18
"ENSO3",1976,29,0.904193548387097,1976-07-12,1976-07-18
"ENSO34",1976,29,0.222258064516129,1976-07-12,1976-07-18
"ENSO4",1976,29,-0.471935483870968,1976-07-12,1976-07-18
"DMI",1976,30,0.264096774193548,1976-07-19,1976-07-25
"ENSO3",1976,30,0.931290322580645,1976-07-19,1976-07-25
"ENSO34",1976,30,0.258387096774194,1976-07-19,1976-07-25
"ENSO4",1976,30,-0.462903225806452,1976-07-19,1976-07-25
"DMI",1976,31,0.154129032258065,1976-07-26,1976-08-01
"ENSO3",1976,31,0.958387096774194,1976-07-26,1976-08-01
"ENSO34",1976,31,0.294516129032258,1976-07-26,1976-08-01
"ENSO4",1976,31,-0.453870967741935,1976-07-26,1976-08-01
"DMI",1976,32,0.0663548387096774,1976-08-02,1976-08-08
"ENSO3",1976,32,0.966129032258064,1976-08-02,1976-08-08
"ENSO34",1976,32,0.343548387096774,1976-08-02,1976-08-08
"ENSO4",1976,32,-0.398387096774194,1976-08-02,1976-08-08
"DMI",1976,33,-0.0047741935483871,1976-08-09,1976-08-15
"ENSO3",1976,33,0.959354838709677,1976-08-09,1976-08-15
"ENSO34",1976,33,0.402258064516129,1976-08-09,1976-08-15
"ENSO4",1976,33,-0.308064516129032,1976-08-09,1976-08-15
"DMI",1976,34,-0.0759032258064516,1976-08-16,1976-08-22
"ENSO3",1976,34,0.95258064516129,1976-08-16,1976-08-22
"ENSO34",1976,34,0.460967741935484,1976-08-16,1976-08-22
"ENSO4",1976,34,-0.217741935483871,1976-08-16,1976-08-22
"DMI",1976,35,-0.147032258064516,1976-08-23,1976-08-29
"ENSO3",1976,35,0.945806451612903,1976-08-23,1976-08-29
"ENSO34",1976,35,0.519677419354839,1976-08-23,1976-08-29
"ENSO4",1976,35,-0.12741935483871,1976-08-23,1976-08-29
"DMI",1976,36,-0.204740399385561,1976-08-30,1976-09-05
"ENSO3",1976,36,0.948033794162826,1976-08-30,1976-09-05
"ENSO34",1976,36,0.580215053763441,1976-08-30,1976-09-05
"ENSO4",1976,36,-0.0460061443932412,1976-08-30,1976-09-05
"DMI",1976,37,-0.214133333333333,1976-09-06,1976-09-12
"ENSO3",1976,37,0.982666666666667,1976-09-06,1976-09-12
"ENSO34",1976,37,0.647333333333333,1976-09-06,1976-09-12
"ENSO4",1976,37,0.00333333333333333,1976-09-06,1976-09-12
"DMI",1976,38,-0.2195,1976-09-13,1976-09-19
"ENSO3",1976,38,1.02,1976-09-13,1976-09-19
"ENSO34",1976,38,0.715,1976-09-13,1976-09-19
"ENSO4",1976,38,0.05,1976-09-13,1976-09-19
"DMI",1976,39,-0.224866666666667,1976-09-20,1976-09-26
"ENSO3",1976,39,1.05733333333333,1976-09-20,1976-09-26
"ENSO34",1976,39,0.782666666666667,1976-09-20,1976-09-26
"ENSO4",1976,39,0.0966666666666667,1976-09-20,1976-09-26
"DMI",1976,40,-0.229213517665131,1976-09-27,1976-10-03
"ENSO3",1976,40,1.09168970814132,1976-09-27,1976-10-03
"ENSO34",1976,40,0.846466973886329,1976-09-27,1976-10-03
"ENSO4",1976,40,0.142688172043011,1976-09-27,1976-10-03
"DMI",1976,41,-0.221322580645161,1976-10-04,1976-10-10
"ENSO3",1976,41,1.09032258064516,1976-10-04,1976-10-10
"ENSO34",1976,41,0.863870967741936,1976-10-04,1976-10-10
"ENSO4",1976,41,0.180967741935484,1976-10-04,1976-10-10
"DMI",1976,42,-0.210032258064516,1976-10-11,1976-10-17
"ENSO3",1976,42,1.07903225806452,1976-10-11,1976-10-17
"ENSO34",1976,42,0.868387096774194,1976-10-11,1976-10-17
"ENSO4",1976,42,0.217096774193548,1976-10-11,1976-10-17
"DMI",1976,43,-0.198741935483871,1976-10-18,1976-10-24
"ENSO3",1976,43,1.06774193548387,1976-10-18,1976-10-24
"ENSO34",1976,43,0.872903225806452,1976-10-18,1976-10-24
"ENSO4",1976,43,0.253225806451613,1976-10-18,1976-10-24
"DMI",1976,44,-0.187451612903226,1976-10-25,1976-10-31
"ENSO3",1976,44,1.05645161290323,1976-10-25,1976-10-31
"ENSO34",1976,44,0.87741935483871,1976-10-25,1976-10-31
"ENSO4",1976,44,0.289354838709677,1976-10-25,1976-10-31
"DMI",1976,45,-0.1601,1976-11-01,1976-11-07
"ENSO3",1976,45,1.021,1976-11-01,1976-11-07
"ENSO34",1976,45,0.856,1976-11-01,1976-11-07
"ENSO4",1976,45,0.284,1976-11-01,1976-11-07
"DMI",1976,46,-0.111333333333333,1976-11-08,1976-11-14
"ENSO3",1976,46,0.953333333333333,1976-11-08,1976-11-14
"ENSO34",1976,46,0.8,1976-11-08,1976-11-14
"ENSO4",1976,46,0.223333333333333,1976-11-08,1976-11-14
"DMI",1976,47,-0.0625666666666667,1976-11-15,1976-11-21
"ENSO3",1976,47,0.885666666666667,1976-11-15,1976-11-21
"ENSO34",1976,47,0.744,1976-11-15,1976-11-21
"ENSO4",1976,47,0.162666666666667,1976-11-15,1976-11-21
"DMI",1976,48,-0.0138,1976-11-22,1976-11-28
"ENSO3",1976,48,0.818,1976-11-22,1976-11-28
"ENSO34",1976,48,0.688,1976-11-22,1976-11-28
"ENSO4",1976,48,0.102,1976-11-22,1976-11-28
"DMI",1976,49,0.0235857142857143,1976-11-29,1976-12-05
"ENSO3",1976,49,0.772898617511521,1976-11-29,1976-12-05
"ENSO34",1976,49,0.652645161290323,1976-11-29,1976-12-05
"ENSO4",1976,49,0.0532534562211982,1976-11-29,1976-12-05
"DMI",1976,50,0.02,1976-12-06,1976-12-12
"ENSO3",1976,50,0.809032258064516,1976-12-06,1976-12-12
"ENSO34",1976,50,0.691612903225806,1976-12-06,1976-12-12
"ENSO4",1976,50,0.0474193548387097,1976-12-06,1976-12-12
"DMI",1976,51,0.013,1976-12-13,1976-12-19
"ENSO3",1976,51,0.851935483870968,1976-12-13,1976-12-19
"ENSO34",1976,51,0.736774193548387,1976-12-13,1976-12-19
"ENSO4",1976,51,0.0451612903225806,1976-12-13,1976-12-19
"DMI",1976,52,0.006,1976-12-20,1976-12-26
"ENSO3",1976,52,0.894838709677419,1976-12-20,1976-12-26
"ENSO34",1976,52,0.781935483870968,1976-12-20,1976-12-26
"ENSO4",1976,52,0.0429032258064516,1976-12-20,1976-12-26
"DMI",1976,53,-0.00204608294930876,1976-12-27,1977-01-02
"ENSO3",1976,53,0.935299539170507,1976-12-27,1977-01-02
"ENSO34",1976,53,0.824838709677419,1976-12-27,1977-01-02
"ENSO4",1976,53,0.0409216589861751,1976-12-27,1977-01-02
"DMI",1977,1,-0.0446129032258065,1977-01-03,1977-01-09
"ENSO3",1977,1,0.895161290322581,1977-01-03,1977-01-09
"ENSO34",1977,1,0.793225806451613,1977-01-03,1977-01-09
"ENSO4",1977,1,0.0480645161290323,1977-01-03,1977-01-09
"DMI",1977,2,-0.102870967741935,1977-01-10,1977-01-16
"ENSO3",1977,2,0.818387096774194,1977-01-10,1977-01-16
"ENSO34",1977,2,0.727741935483871,1977-01-10,1977-01-16
"ENSO4",1977,2,0.0593548387096774,1977-01-10,1977-01-16
"DMI",1977,3,-0.161129032258065,1977-01-17,1977-01-23
"ENSO3",1977,3,0.741612903225806,1977-01-17,1977-01-23
"ENSO34",1977,3,0.662258064516129,1977-01-17,1977-01-23
"ENSO4",1977,3,0.0706451612903226,1977-01-17,1977-01-23
"DMI",1977,4,-0.219387096774194,1977-01-24,1977-01-30
"ENSO3",1977,4,0.664838709677419,1977-01-24,1977-01-30
"ENSO34",1977,4,0.596774193548387,1977-01-24,1977-01-30
"ENSO4",1977,4,0.0819354838709677,1977-01-24,1977-01-30
"DMI",1977,5,-0.226520243581303,1977-01-31,1977-02-06
"ENSO3",1977,5,0.595495391705069,1977-01-31,1977-02-06
"ENSO34",1977,5,0.539856813693219,1977-01-31,1977-02-06
"ENSO4",1977,5,0.0851777485187623,1977-01-31,1977-02-06
"DMI",1977,6,-0.121178571428571,1977-02-07,1977-02-13
"ENSO3",1977,6,0.5425,1977-02-07,1977-02-13
"ENSO34",1977,6,0.501785714285714,1977-02-07,1977-02-13
"ENSO4",1977,6,0.0707142857142857,1977-02-07,1977-02-13
"DMI",1977,7,-0.0124285714285714,1977-02-14,1977-02-20
"ENSO3",1977,7,0.49,1977-02-14,1977-02-20
"ENSO34",1977,7,0.464285714285714,1977-02-14,1977-02-20
"ENSO4",1977,7,0.0557142857142857,1977-02-14,1977-02-20
"DMI",1977,8,0.0963214285714286,1977-02-21,1977-02-27
"ENSO3",1977,8,0.4375,1977-02-21,1977-02-27
"ENSO34",1977,8,0.426785714285714,1977-02-21,1977-02-27
"ENSO4",1977,8,0.0407142857142857,1977-02-21,1977-02-27
"DMI",1977,9,0.157748354180382,1977-02-28,1977-03-06
"ENSO3",1977,9,0.338168202764977,1977-02-28,1977-03-06
"ENSO34",1977,9,0.355834430546412,1977-02-28,1977-03-06
"ENSO4",1977,9,0.0192462146148782,1977-02-28,1977-03-06
"DMI",1977,10,0.115064516129032,1977-03-07,1977-03-13
"ENSO3",1977,10,0.135806451612903,1977-03-07,1977-03-13
"ENSO34",1977,10,0.211290322580645,1977-03-07,1977-03-13
"ENSO4",1977,10,-0.0164516129032258,1977-03-07,1977-03-13
"DMI",1977,11,0.0692258064516129,1977-03-14,1977-03-20
"ENSO3",1977,11,-0.0696774193548387,1977-03-14,1977-03-20
"ENSO34",1977,11,0.0645161290322581,1977-03-14,1977-03-20
"ENSO4",1977,11,-0.0525806451612903,1977-03-14,1977-03-20
"DMI",1977,12,0.0233870967741935,1977-03-21,1977-03-27
"ENSO3",1977,12,-0.275161290322581,1977-03-21,1977-03-27
"ENSO34",1977,12,-0.082258064516129,1977-03-21,1977-03-27
"ENSO4",1977,12,-0.0887096774193548,1977-03-21,1977-03-27
"DMI",1977,13,-0.0241023041474654,1977-03-28,1977-04-03
"ENSO3",1977,13,-0.463921658986175,1977-03-28,1977-04-03
"ENSO34",1977,13,-0.216903225806452,1977-03-28,1977-04-03
"ENSO4",1977,13,-0.122341013824885,1977-03-28,1977-04-03
"DMI",1977,14,-0.0914,1977-04-04,1977-04-10
"ENSO3",1977,14,-0.452,1977-04-04,1977-04-10
"ENSO34",1977,14,-0.206,1977-04-04,1977-04-10
"ENSO4",1977,14,-0.126,1977-04-04,1977-04-10
"DMI",1977,15,-0.1642,1977-04-11,1977-04-17
"ENSO3",1977,15,-0.384333333333333,1977-04-11,1977-04-17
"ENSO34",1977,15,-0.154666666666667,1977-04-11,1977-04-17
"ENSO4",1977,15,-0.121333333333333,1977-04-11,1977-04-17
"DMI",1977,16,-0.237,1977-04-18,1977-04-24
"ENSO3",1977,16,-0.316666666666667,1977-04-18,1977-04-24
"ENSO34",1977,16,-0.103333333333333,1977-04-18,1977-04-24
"ENSO4",1977,16,-0.116666666666667,1977-04-18,1977-04-24
"DMI",1977,17,-0.3098,1977-04-25,1977-05-01
"ENSO3",1977,17,-0.249,1977-04-25,1977-05-01
"ENSO34",1977,17,-0.052,1977-04-25,1977-05-01
"ENSO4",1977,17,-0.112,1977-04-25,1977-05-01
"DMI",1977,18,-0.309258064516129,1977-05-02,1977-05-08
"ENSO3",1977,18,-0.170967741935484,1977-05-02,1977-05-08
"ENSO34",1977,18,0.0203225806451613,1977-05-02,1977-05-08
"ENSO4",1977,18,-0.0803225806451613,1977-05-02,1977-05-08
"DMI",1977,19,-0.253709677419355,1977-05-09,1977-05-15
"ENSO3",1977,19,-0.0851612903225806,1977-05-09,1977-05-15
"ENSO34",1977,19,0.108387096774194,1977-05-09,1977-05-15
"ENSO4",1977,19,-0.0283870967741936,1977-05-09,1977-05-15
"DMI",1977,20,-0.198161290322581,1977-05-16,1977-05-22
"ENSO3",1977,20,0.000645161290322577,1977-05-16,1977-05-22
"ENSO34",1977,20,0.196451612903226,1977-05-16,1977-05-22
"ENSO4",1977,20,0.0235483870967742,1977-05-16,1977-05-22
"DMI",1977,21,-0.142612903225806,1977-05-23,1977-05-29
"ENSO3",1977,21,0.0864516129032258,1977-05-23,1977-05-29
"ENSO34",1977,21,0.284516129032258,1977-05-23,1977-05-29
"ENSO4",1977,21,0.0754838709677419,1977-05-23,1977-05-29
"DMI",1977,22,-0.102019969278034,1977-05-30,1977-06-05
"ENSO3",1977,22,0.154270353302611,1977-05-30,1977-06-05
"ENSO34",1977,22,0.35889400921659,1977-05-30,1977-06-05
"ENSO4",1977,22,0.128248847926267,1977-05-30,1977-06-05
"DMI",1977,23,-0.115266666666667,1977-06-06,1977-06-12
"ENSO3",1977,23,0.157333333333333,1977-06-06,1977-06-12
"ENSO34",1977,23,0.384,1977-06-06,1977-06-12
"ENSO4",1977,23,0.184,1977-06-06,1977-06-12
"DMI",1977,24,-0.133,1977-06-13,1977-06-19
"ENSO3",1977,24,0.155,1977-06-13,1977-06-19
"ENSO34",1977,24,0.405,1977-06-13,1977-06-19
"ENSO4",1977,24,0.24,1977-06-13,1977-06-19
"DMI",1977,25,-0.150733333333333,1977-06-20,1977-06-26
"ENSO3",1977,25,0.152666666666667,1977-06-20,1977-06-26
"ENSO34",1977,25,0.426,1977-06-20,1977-06-26
"ENSO4",1977,25,0.296,1977-06-20,1977-06-26
"DMI",1977,26,-0.168611367127496,1977-06-27,1977-07-03
"ENSO3",1977,26,0.145499231950845,1977-06-27,1977-07-03
"ENSO34",1977,26,0.44294930875576,1977-06-27,1977-07-03
"ENSO4",1977,26,0.348986175115207,1977-06-27,1977-07-03
"DMI",1977,27,-0.188225806451613,1977-07-04,1977-07-10
"ENSO3",1977,27,0.0803225806451613,1977-07-04,1977-07-10
"ENSO34",1977,27,0.411290322580645,1977-07-04,1977-07-10
"ENSO4",1977,27,0.365806451612903,1977-07-04,1977-07-10
"DMI",1977,28,-0.208322580645161,1977-07-11,1977-07-17
"ENSO3",1977,28,-0.000967741935483872,1977-07-11,1977-07-17
"ENSO34",1977,28,0.366129032258065,1977-07-11,1977-07-17
"ENSO4",1977,28,0.37258064516129,1977-07-11,1977-07-17
"DMI",1977,29,-0.22841935483871,1977-07-18,1977-07-24
"ENSO3",1977,29,-0.082258064516129,1977-07-18,1977-07-24
"ENSO34",1977,29,0.320967741935484,1977-07-18,1977-07-24
"ENSO4",1977,29,0.379354838709677,1977-07-18,1977-07-24
"DMI",1977,30,-0.248516129032258,1977-07-25,1977-07-31
"ENSO3",1977,30,-0.163548387096774,1977-07-25,1977-07-31
"ENSO34",1977,30,0.275806451612903,1977-07-25,1977-07-31
"ENSO4",1977,30,0.386129032258064,1977-07-25,1977-07-31
"DMI",1977,31,-0.259903225806452,1977-08-01,1977-08-07
"ENSO3",1977,31,-0.188709677419355,1977-08-01,1977-08-07
"ENSO34",1977,31,0.268387096774194,1977-08-01,1977-08-07
"ENSO4",1977,31,0.399677419354839,1977-08-01,1977-08-07
"DMI",1977,32,-0.259677419354839,1977-08-08,1977-08-14
"ENSO3",1977,32,-0.139032258064516,1977-08-08,1977-08-14
"ENSO34",1977,32,0.311290322580645,1977-08-08,1977-08-14
"ENSO4",1977,32,0.422258064516129,1977-08-08,1977-08-14
"DMI",1977,33,-0.259451612903226,1977-08-15,1977-08-21
"ENSO3",1977,33,-0.0893548387096774,1977-08-15,1977-08-21
"ENSO34",1977,33,0.354193548387097,1977-08-15,1977-08-21
"ENSO4",1977,33,0.444838709677419,1977-08-15,1977-08-21
"DMI",1977,34,-0.259225806451613,1977-08-22,1977-08-28
"ENSO3",1977,34,-0.0396774193548387,1977-08-22,1977-08-28
"ENSO34",1977,34,0.397096774193548,1977-08-22,1977-08-28
"ENSO4",1977,34,0.46741935483871,1977-08-22,1977-08-28
"DMI",1977,35,-0.244627649769585,1977-08-29,1977-09-04
"ENSO3",1977,35,0.0193456221198157,1977-08-29,1977-09-04
"ENSO34",1977,35,0.447603686635945,1977-08-29,1977-09-04
"ENSO4",1977,35,0.48694930875576,1977-08-29,1977-09-04
"DMI",1977,36,-0.1414,1977-09-05,1977-09-11
"ENSO3",1977,36,0.136,1977-09-05,1977-09-11
"ENSO34",1977,36,0.545,1977-09-05,1977-09-11
"ENSO4",1977,36,0.487666666666667,1977-09-05,1977-09-11
"DMI",1977,37,-0.0238,1977-09-12,1977-09-18
"ENSO3",1977,37,0.262,1977-09-12,1977-09-18
"ENSO34",1977,37,0.65,1977-09-12,1977-09-18
"ENSO4",1977,37,0.485333333333333,1977-09-12,1977-09-18
"DMI",1977,38,0.0938,1977-09-19,1977-09-25
"ENSO3",1977,38,0.388,1977-09-19,1977-09-25
"ENSO34",1977,38,0.755,1977-09-19,1977-09-25
"ENSO4",1977,38,0.483,1977-09-19,1977-09-25
"DMI",1977,39,0.207285714285714,1977-09-26,1977-10-02
"ENSO3",1977,39,0.511566820276498,1977-09-26,1977-10-02
"ENSO34",1977,39,0.858502304147465,1977-09-26,1977-10-02
"ENSO4",1977,39,0.481359447004608,1977-09-26,1977-10-02
"DMI",1977,40,0.185,1977-10-03,1977-10-09
"ENSO3",1977,40,0.554838709677419,1977-10-03,1977-10-09
"ENSO34",1977,40,0.91258064516129,1977-10-03,1977-10-09
"ENSO4",1977,40,0.50258064516129,1977-10-03,1977-10-09
"DMI",1977,41,0.101,1977-10-10,1977-10-16
"ENSO3",1977,41,0.561612903225806,1977-10-10,1977-10-16
"ENSO34",1977,41,0.944193548387097,1977-10-10,1977-10-16
"ENSO4",1977,41,0.534193548387097,1977-10-10,1977-10-16
"DMI",1977,42,0.017,1977-10-17,1977-10-23
"ENSO3",1977,42,0.568387096774194,1977-10-17,1977-10-23
"ENSO34",1977,42,0.975806451612903,1977-10-17,1977-10-23
"ENSO4",1977,42,0.565806451612903,1977-10-17,1977-10-23
"DMI",1977,43,-0.067,1977-10-24,1977-10-30
"ENSO3",1977,43,0.575161290322581,1977-10-24,1977-10-30
"ENSO34",1977,43,1.00741935483871,1977-10-24,1977-10-30
"ENSO4",1977,43,0.59741935483871,1977-10-24,1977-10-30
"DMI",1977,44,-0.117642857142857,1977-10-31,1977-11-06
"ENSO3",1977,44,0.576290322580645,1977-10-31,1977-11-06
"ENSO34",1977,44,1.03364055299539,1977-10-31,1977-11-06
"ENSO4",1977,44,0.62721198156682,1977-10-31,1977-11-06
"DMI",1977,45,-0.0949,1977-11-07,1977-11-13
"ENSO3",1977,45,0.565,1977-11-07,1977-11-13
"ENSO34",1977,45,1.048,1977-11-07,1977-11-13
"ENSO4",1977,45,0.653,1977-11-07,1977-11-13
"DMI",1977,46,-0.0699333333333333,1977-11-14,1977-11-20
"ENSO3",1977,46,0.553333333333333,1977-11-14,1977-11-20
"ENSO34",1977,46,1.062,1977-11-14,1977-11-20
"ENSO4",1977,46,0.678666666666667,1977-11-14,1977-11-20
"DMI",1977,47,-0.0449666666666667,1977-11-21,1977-11-27
"ENSO3",1977,47,0.541666666666667,1977-11-21,1977-11-27
"ENSO34",1977,47,1.076,1977-11-21,1977-11-27
"ENSO4",1977,47,0.704333333333333,1977-11-21,1977-11-27
"DMI",1977,48,-0.0402,1977-11-28,1977-12-04
"ENSO3",1977,48,0.528940092165899,1977-11-28,1977-12-04
"ENSO34",1977,48,1.07805529953917,1977-11-28,1977-12-04
"ENSO4",1977,48,0.71994470046083,1977-11-28,1977-12-04
"DMI",1977,49,-0.16,1977-12-05,1977-12-11
"ENSO3",1977,49,0.509677419354839,1977-12-05,1977-12-11
"ENSO34",1977,49,1.00645161290323,1977-12-05,1977-12-11
"ENSO4",1977,49,0.673548387096774,1977-12-05,1977-12-11
"DMI",1977,50,-0.3,1977-12-12,1977-12-18
"ENSO3",1977,50,0.489354838709677,1977-12-12,1977-12-18
"ENSO34",1977,50,0.922903225806452,1977-12-12,1977-12-18
"ENSO4",1977,50,0.617096774193548,1977-12-12,1977-12-18
"DMI",1977,51,-0.44,1977-12-19,1977-12-25
"ENSO3",1977,51,0.469032258064516,1977-12-19,1977-12-25
"ENSO34",1977,51,0.839354838709677,1977-12-19,1977-12-25
"ENSO4",1977,51,0.560645161290323,1977-12-19,1977-12-25
"DMI",1977,52,-0.58,1977-12-26,1978-01-01
"ENSO3",1977,52,0.448709677419355,1977-12-26,1978-01-01
"ENSO34",1977,52,0.755806451612903,1977-12-26,1978-01-01
"ENSO4",1977,52,0.504193548387097,1977-12-26,1978-01-01
"DMI",1978,1,-0.625806451612903,1978-01-02,1978-01-08
"ENSO3",1978,1,0.412903225806452,1978-01-02,1978-01-08
"ENSO34",1978,1,0.692903225806452,1978-01-02,1978-01-08
"ENSO4",1978,1,0.467096774193548,1978-01-02,1978-01-08
"DMI",1978,2,-0.600967741935484,1978-01-09,1978-01-15
"ENSO3",1978,2,0.365483870967742,1978-01-09,1978-01-15
"ENSO34",1978,2,0.645483870967742,1978-01-09,1978-01-15
"ENSO4",1978,2,0.444516129032258,1978-01-09,1978-01-15
"DMI",1978,3,-0.576129032258065,1978-01-16,1978-01-22
"ENSO3",1978,3,0.318064516129032,1978-01-16,1978-01-22
"ENSO34",1978,3,0.598064516129032,1978-01-16,1978-01-22
"ENSO4",1978,3,0.421935483870968,1978-01-16,1978-01-22
"DMI",1978,4,-0.551290322580645,1978-01-23,1978-01-29
"ENSO3",1978,4,0.270645161290323,1978-01-23,1978-01-29
"ENSO34",1978,4,0.550645161290323,1978-01-23,1978-01-29
"ENSO4",1978,4,0.399354838709677,1978-01-23,1978-01-29
"DMI",1978,5,-0.534173798551679,1978-01-30,1978-02-05
"ENSO3",1978,5,0.214025674786043,1978-01-30,1978-02-05
"ENSO34",1978,5,0.489944042132982,1978-01-30,1978-02-05
"ENSO4",1978,5,0.36352534562212,1978-01-30,1978-02-05
"DMI",1978,6,-0.544857142857143,1978-02-06,1978-02-12
"ENSO3",1978,6,0.124285714285714,1978-02-06,1978-02-12
"ENSO34",1978,6,0.381428571428571,1978-02-06,1978-02-12
"ENSO4",1978,6,0.28,1978-02-06,1978-02-12
"DMI",1978,7,-0.557857142857143,1978-02-13,1978-02-19
"ENSO3",1978,7,0.0317857142857143,1978-02-13,1978-02-19
"ENSO34",1978,7,0.268928571428571,1978-02-13,1978-02-19
"ENSO4",1978,7,0.1925,1978-02-13,1978-02-19
"DMI",1978,8,-0.570857142857143,1978-02-20,1978-02-26
"ENSO3",1978,8,-0.0607142857142857,1978-02-20,1978-02-26
"ENSO34",1978,8,0.156428571428571,1978-02-20,1978-02-26
"ENSO4",1978,8,0.105,1978-02-20,1978-02-26
"DMI",1978,9,-0.564245556287031,1978-02-27,1978-03-05
"ENSO3",1978,9,-0.161064845292956,1978-02-27,1978-03-05
"ENSO34",1978,9,0.0470720868992758,1978-02-27,1978-03-05
"ENSO4",1978,9,0.0302880184331797,1978-02-27,1978-03-05
"DMI",1978,10,-0.487032258064516,1978-03-06,1978-03-12
"ENSO3",1978,10,-0.289677419354839,1978-03-06,1978-03-12
"ENSO34",1978,10,-0.0509677419354839,1978-03-06,1978-03-12
"ENSO4",1978,10,0.00161290322580645,1978-03-06,1978-03-12
"DMI",1978,11,-0.403935483870968,1978-03-13,1978-03-19
"ENSO3",1978,11,-0.420645161290323,1978-03-13,1978-03-19
"ENSO34",1978,11,-0.148064516129032,1978-03-13,1978-03-19
"ENSO4",1978,11,-0.0232258064516129,1978-03-13,1978-03-19
"DMI",1978,12,-0.320838709677419,1978-03-20,1978-03-26
"ENSO3",1978,12,-0.551612903225806,1978-03-20,1978-03-26
"ENSO34",1978,12,-0.245161290322581,1978-03-20,1978-03-26
"ENSO4",1978,12,-0.0480645161290323,1978-03-20,1978-03-26
"DMI",1978,13,-0.240956835637481,1978-03-27,1978-04-02
"ENSO3",1978,13,-0.680336405529954,1978-03-27,1978-04-02
"ENSO34",1978,13,-0.340847926267281,1978-03-27,1978-04-02
"ENSO4",1978,13,-0.0723010752688172,1978-03-27,1978-04-02
"DMI",1978,14,-0.267166666666667,1978-04-03,1978-04-09
"ENSO3",1978,14,-0.735,1978-04-03,1978-04-09
"ENSO34",1978,14,-0.39,1978-04-03,1978-04-09
"ENSO4",1978,14,-0.0766666666666667,1978-04-03,1978-04-09
"DMI",1978,15,-0.3416,1978-04-10,1978-04-16
"ENSO3",1978,15,-0.756,1978-04-10,1978-04-16
"ENSO34",1978,15,-0.418,1978-04-10,1978-04-16
"ENSO4",1978,15,-0.072,1978-04-10,1978-04-16
"DMI",1978,16,-0.416033333333333,1978-04-17,1978-04-23
"ENSO3",1978,16,-0.777,1978-04-17,1978-04-23
"ENSO34",1978,16,-0.446,1978-04-17,1978-04-23
"ENSO4",1978,16,-0.0673333333333333,1978-04-17,1978-04-23
"DMI",1978,17,-0.490466666666667,1978-04-24,1978-04-30
"ENSO3",1978,17,-0.798,1978-04-24,1978-04-30
"ENSO34",1978,17,-0.474,1978-04-24,1978-04-30
"ENSO4",1978,17,-0.0626666666666667,1978-04-24,1978-04-30
"DMI",1978,18,-0.498258064516129,1978-05-01,1978-05-07
"ENSO3",1978,18,-0.799354838709677,1978-05-01,1978-05-07
"ENSO34",1978,18,-0.486129032258065,1978-05-01,1978-05-07
"ENSO4",1978,18,-0.0861290322580645,1978-05-01,1978-05-07
"DMI",1978,19,-0.417193548387097,1978-05-08,1978-05-14
"ENSO3",1978,19,-0.774516129032258,1978-05-08,1978-05-14
"ENSO34",1978,19,-0.477096774193548,1978-05-08,1978-05-14
"ENSO4",1978,19,-0.147096774193548,1978-05-08,1978-05-14
"DMI",1978,20,-0.336129032258065,1978-05-15,1978-05-21
"ENSO3",1978,20,-0.749677419354839,1978-05-15,1978-05-21
"ENSO34",1978,20,-0.468064516129032,1978-05-15,1978-05-21
"ENSO4",1978,20,-0.208064516129032,1978-05-15,1978-05-21
"DMI",1978,21,-0.255064516129032,1978-05-22,1978-05-28
"ENSO3",1978,21,-0.724838709677419,1978-05-22,1978-05-28
"ENSO34",1978,21,-0.459032258064516,1978-05-22,1978-05-28
"ENSO4",1978,21,-0.269032258064516,1978-05-22,1978-05-28
"DMI",1978,22,-0.18201198156682,1978-05-29,1978-06-04
"ENSO3",1978,22,-0.703612903225806,1978-05-29,1978-06-04
"ENSO34",1978,22,-0.451963133640553,1978-05-29,1978-06-04
"ENSO4",1978,22,-0.320248847926267,1978-05-29,1978-06-04
"DMI",1978,23,-0.158366666666667,1978-06-05,1978-06-11
"ENSO3",1978,23,-0.704666666666667,1978-06-05,1978-06-11
"ENSO34",1978,23,-0.457,1978-06-05,1978-06-11
"ENSO4",1978,23,-0.311333333333333,1978-06-05,1978-06-11
"DMI",1978,24,-0.142733333333333,1978-06-12,1978-06-18
"ENSO3",1978,24,-0.709333333333333,1978-06-12,1978-06-18
"ENSO34",1978,24,-0.464,1978-06-12,1978-06-18
"ENSO4",1978,24,-0.292666666666667,1978-06-12,1978-06-18
"DMI",1978,25,-0.1271,1978-06-19,1978-06-25
"ENSO3",1978,25,-0.714,1978-06-19,1978-06-25
"ENSO34",1978,25,-0.471,1978-06-19,1978-06-25
"ENSO4",1978,25,-0.274,1978-06-19,1978-06-25
"DMI",1978,26,-0.112324884792627,1978-06-26,1978-07-02
"ENSO3",1978,26,-0.718571428571429,1978-06-26,1978-07-02
"ENSO34",1978,26,-0.478502304147465,1978-06-26,1978-07-02
"ENSO4",1978,26,-0.256267281105991,1978-06-26,1978-07-02
"DMI",1978,27,-0.125870967741935,1978-07-03,1978-07-09
"ENSO3",1978,27,-0.72,1978-07-03,1978-07-09
"ENSO34",1978,27,-0.50258064516129,1978-07-03,1978-07-09
"ENSO4",1978,27,-0.269354838709677,1978-07-03,1978-07-09
"DMI",1978,28,-0.152290322580645,1978-07-10,1978-07-16
"ENSO3",1978,28,-0.72,1978-07-10,1978-07-16
"ENSO34",1978,28,-0.534193548387097,1978-07-10,1978-07-16
"ENSO4",1978,28,-0.296451612903226,1978-07-10,1978-07-16
"DMI",1978,29,-0.178709677419355,1978-07-17,1978-07-23
"ENSO3",1978,29,-0.72,1978-07-17,1978-07-23
"ENSO34",1978,29,-0.565806451612903,1978-07-17,1978-07-23
"ENSO4",1978,29,-0.323548387096774,1978-07-17,1978-07-23
"DMI",1978,30,-0.205129032258065,1978-07-24,1978-07-30
"ENSO3",1978,30,-0.72,1978-07-24,1978-07-30
"ENSO34",1978,30,-0.59741935483871,1978-07-24,1978-07-30
"ENSO4",1978,30,-0.350645161290323,1978-07-24,1978-07-30
"DMI",1978,31,-0.226018433179724,1978-07-31,1978-08-06
"ENSO3",1978,31,-0.702718894009217,1978-07-31,1978-08-06
"ENSO34",1978,31,-0.617972350230415,1978-07-31,1978-08-06
"ENSO4",1978,31,-0.374976958525346,1978-07-31,1978-08-06
"DMI",1978,32,-0.234741935483871,1978-08-07,1978-08-13
"ENSO3",1978,32,-0.64741935483871,1978-08-07,1978-08-13
"ENSO34",1978,32,-0.614193548387097,1978-08-07,1978-08-13
"ENSO4",1978,32,-0.393225806451613,1978-08-07,1978-08-13
"DMI",1978,33,-0.243096774193548,1978-08-14,1978-08-20
"ENSO3",1978,33,-0.590967741935484,1978-08-14,1978-08-20
"ENSO34",1978,33,-0.609677419354839,1978-08-14,1978-08-20
"ENSO4",1978,33,-0.411290322580645,1978-08-14,1978-08-20
"DMI",1978,34,-0.251451612903226,1978-08-21,1978-08-27
"ENSO3",1978,34,-0.534516129032258,1978-08-21,1978-08-27
"ENSO34",1978,34,-0.605161290322581,1978-08-21,1978-08-27
"ENSO4",1978,34,-0.429354838709677,1978-08-21,1978-08-27
"DMI",1978,35,-0.262737788018433,1978-08-28,1978-09-03
"ENSO3",1978,35,-0.476806451612903,1978-08-28,1978-09-03
"ENSO34",1978,35,-0.597207373271889,1978-08-28,1978-09-03
"ENSO4",1978,35,-0.4443133640553,1978-08-28,1978-09-03
"DMI",1978,36,-0.3092,1978-09-04,1978-09-10
"ENSO3",1978,36,-0.404,1978-09-04,1978-09-10
"ENSO34",1978,36,-0.548,1978-09-04,1978-09-10
"ENSO4",1978,36,-0.422,1978-09-04,1978-09-10
"DMI",1978,37,-0.365433333333333,1978-09-11,1978-09-17
"ENSO3",1978,37,-0.327,1978-09-11,1978-09-17
"ENSO34",1978,37,-0.487333333333333,1978-09-11,1978-09-17
"ENSO4",1978,37,-0.389333333333333,1978-09-11,1978-09-17
"DMI",1978,38,-0.421666666666667,1978-09-18,1978-09-24
"ENSO3",1978,38,-0.25,1978-09-18,1978-09-24
"ENSO34",1978,38,-0.426666666666667,1978-09-18,1978-09-24
"ENSO4",1978,38,-0.356666666666667,1978-09-18,1978-09-24
"DMI",1978,39,-0.4779,1978-09-25,1978-10-01
"ENSO3",1978,39,-0.173,1978-09-25,1978-10-01
"ENSO34",1978,39,-0.366,1978-09-25,1978-10-01
"ENSO4",1978,39,-0.324,1978-09-25,1978-10-01
"DMI",1978,40,-0.496322580645161,1978-10-02,1978-10-08
"ENSO3",1978,40,-0.124516129032258,1978-10-02,1978-10-08
"ENSO34",1978,40,-0.315483870967742,1978-10-02,1978-10-08
"ENSO4",1978,40,-0.290645161290323,1978-10-02,1978-10-08
"DMI",1978,41,-0.486387096774194,1978-10-09,1978-10-15
"ENSO3",1978,41,-0.0974193548387097,1978-10-09,1978-10-15
"ENSO34",1978,41,-0.27258064516129,1978-10-09,1978-10-15
"ENSO4",1978,41,-0.256774193548387,1978-10-09,1978-10-15
"DMI",1978,42,-0.476451612903226,1978-10-16,1978-10-22
"ENSO3",1978,42,-0.0703225806451613,1978-10-16,1978-10-22
"ENSO34",1978,42,-0.229677419354839,1978-10-16,1978-10-22
"ENSO4",1978,42,-0.222903225806452,1978-10-16,1978-10-22
"DMI",1978,43,-0.466516129032258,1978-10-23,1978-10-29
"ENSO3",1978,43,-0.0432258064516129,1978-10-23,1978-10-29
"ENSO34",1978,43,-0.186774193548387,1978-10-23,1978-10-29
"ENSO4",1978,43,-0.189032258064516,1978-10-23,1978-10-29
"DMI",1978,44,-0.449179723502304,1978-10-30,1978-11-05
"ENSO3",1978,44,-0.00832565284178187,1978-10-30,1978-11-05
"ENSO34",1978,44,-0.142150537634409,1978-10-30,1978-11-05
"ENSO4",1978,44,-0.159216589861751,1978-10-30,1978-11-05
"DMI",1978,45,-0.4052,1978-11-06,1978-11-12
"ENSO3",1978,45,0.0546666666666667,1978-11-06,1978-11-12
"ENSO34",1978,45,-0.0913333333333333,1978-11-06,1978-11-12
"ENSO4",1978,45,-0.144,1978-11-06,1978-11-12
"DMI",1978,46,-0.359,1978-11-13,1978-11-19
"ENSO3",1978,46,0.12,1978-11-13,1978-11-19
"ENSO34",1978,46,-0.04,1978-11-13,1978-11-19
"ENSO4",1978,46,-0.13,1978-11-13,1978-11-19
"DMI",1978,47,-0.3128,1978-11-20,1978-11-26
"ENSO3",1978,47,0.185333333333333,1978-11-20,1978-11-26
"ENSO34",1978,47,0.0113333333333333,1978-11-20,1978-11-26
"ENSO4",1978,47,-0.116,1978-11-20,1978-11-26
"DMI",1978,48,-0.261451612903226,1978-11-27,1978-12-03
"ENSO3",1978,48,0.241827956989247,1978-11-27,1978-12-03
"ENSO34",1978,48,0.059247311827957,1978-11-27,1978-12-03
"ENSO4",1978,48,-0.0989861751152074,1978-11-27,1978-12-03
"DMI",1978,49,-0.148322580645161,1978-12-04,1978-12-10
"ENSO3",1978,49,0.192258064516129,1978-12-04,1978-12-10
"ENSO34",1978,49,0.0661290322580645,1978-12-04,1978-12-10
"ENSO4",1978,49,-0.0458064516129032,1978-12-04,1978-12-10
"DMI",1978,50,-0.0180322580645162,1978-12-11,1978-12-17
"ENSO3",1978,50,0.113225806451613,1978-12-11,1978-12-17
"ENSO34",1978,50,0.0616129032258065,1978-12-11,1978-12-17
"ENSO4",1978,50,0.0174193548387097,1978-12-11,1978-12-17
"DMI",1978,51,0.112258064516129,1978-12-18,1978-12-24
"ENSO3",1978,51,0.0341935483870968,1978-12-18,1978-12-24
"ENSO34",1978,51,0.0570967741935484,1978-12-18,1978-12-24
"ENSO4",1978,51,0.0806451612903226,1978-12-18,1978-12-24
"DMI",1978,52,0.242548387096774,1978-12-25,1978-12-31
"ENSO3",1978,52,-0.0448387096774193,1978-12-25,1978-12-31
"ENSO34",1978,52,0.0525806451612903,1978-12-25,1978-12-31
"ENSO4",1978,52,0.143870967741936,1978-12-25,1978-12-31
"DMI",1979,1,0.271032258064516,1979-01-01,1979-01-07
"ENSO3",1979,1,-0.100645161290323,1979-01-01,1979-01-07
"ENSO34",1979,1,0.0538709677419355,1979-01-01,1979-01-07
"ENSO4",1979,1,0.191612903225806,1979-01-01,1979-01-07
"DMI",1979,2,0.163774193548387,1979-01-08,1979-01-14
"ENSO3",1979,2,-0.125483870967742,1979-01-08,1979-01-14
"ENSO34",1979,2,0.0629032258064516,1979-01-08,1979-01-14
"ENSO4",1979,2,0.218709677419355,1979-01-08,1979-01-14
"DMI",1979,3,0.0565161290322581,1979-01-15,1979-01-21
"ENSO3",1979,3,-0.150322580645161,1979-01-15,1979-01-21
"ENSO34",1979,3,0.0719354838709677,1979-01-15,1979-01-21
"ENSO4",1979,3,0.245806451612903,1979-01-15,1979-01-21
"DMI",1979,4,-0.0507419354838709,1979-01-22,1979-01-28
"ENSO3",1979,4,-0.175161290322581,1979-01-22,1979-01-28
"ENSO34",1979,4,0.0809677419354839,1979-01-22,1979-01-28
"ENSO4",1979,4,0.272903225806452,1979-01-22,1979-01-28
"DMI",1979,5,-0.141070441079658,1979-01-29,1979-02-04
"ENSO3",1979,5,-0.193285055957867,1979-01-29,1979-02-04
"ENSO34",1979,5,0.0901184990125082,1979-01-29,1979-02-04
"ENSO4",1979,5,0.294233048057933,1979-01-29,1979-02-04
"DMI",1979,6,-0.127,1979-02-05,1979-02-11
"ENSO3",1979,6,-0.17,1979-02-05,1979-02-11
"ENSO34",1979,6,0.1,1979-02-05,1979-02-11
"ENSO4",1979,6,0.28,1979-02-05,1979-02-11
"DMI",1979,7,-0.096,1979-02-12,1979-02-18
"ENSO3",1979,7,-0.14,1979-02-12,1979-02-18
"ENSO34",1979,7,0.11,1979-02-12,1979-02-18
"ENSO4",1979,7,0.26,1979-02-12,1979-02-18
"DMI",1979,8,-0.065,1979-02-19,1979-02-25
"ENSO3",1979,8,-0.11,1979-02-19,1979-02-25
"ENSO34",1979,8,0.12,1979-02-19,1979-02-25
"ENSO4",1979,8,0.24,1979-02-19,1979-02-25
"DMI",1979,9,-0.0425793285055958,1979-02-26,1979-03-04
"ENSO3",1979,9,-0.074825543120474,1979-02-26,1979-03-04
"ENSO34",1979,9,0.129881500987492,1979-02-26,1979-03-04
"ENSO4",1979,9,0.218301514154049,1979-02-26,1979-03-04
"DMI",1979,10,-0.0730645161290323,1979-03-05,1979-03-11
"ENSO3",1979,10,-0.00774193548387097,1979-03-05,1979-03-11
"ENSO34",1979,10,0.139032258064516,1979-03-05,1979-03-11
"ENSO4",1979,10,0.186129032258065,1979-03-05,1979-03-11
"DMI",1979,11,-0.112129032258065,1979-03-12,1979-03-18
"ENSO3",1979,11,0.0645161290322581,1979-03-12,1979-03-18
"ENSO34",1979,11,0.148064516129032,1979-03-12,1979-03-18
"ENSO4",1979,11,0.152258064516129,1979-03-12,1979-03-18
"DMI",1979,12,-0.151193548387097,1979-03-19,1979-03-25
"ENSO3",1979,12,0.136774193548387,1979-03-19,1979-03-25
"ENSO34",1979,12,0.157096774193548,1979-03-19,1979-03-25
"ENSO4",1979,12,0.118387096774194,1979-03-19,1979-03-25
"DMI",1979,13,-0.190258064516129,1979-03-26,1979-04-01
"ENSO3",1979,13,0.209032258064516,1979-03-26,1979-04-01
"ENSO34",1979,13,0.166129032258065,1979-03-26,1979-04-01
"ENSO4",1979,13,0.0845161290322581,1979-03-26,1979-04-01
"DMI",1979,14,-0.2386,1979-04-02,1979-04-08
"ENSO3",1979,14,0.218666666666667,1979-04-02,1979-04-08
"ENSO34",1979,14,0.135333333333333,1979-04-02,1979-04-08
"ENSO4",1979,14,0.0433333333333333,1979-04-02,1979-04-08
"DMI",1979,15,-0.2939,1979-04-09,1979-04-15
"ENSO3",1979,15,0.181333333333333,1979-04-09,1979-04-15
"ENSO34",1979,15,0.0746666666666667,1979-04-09,1979-04-15
"ENSO4",1979,15,-0.00333333333333333,1979-04-09,1979-04-15
"DMI",1979,16,-0.3492,1979-04-16,1979-04-22
"ENSO3",1979,16,0.144,1979-04-16,1979-04-22
"ENSO34",1979,16,0.014,1979-04-16,1979-04-22
"ENSO4",1979,16,-0.05,1979-04-16,1979-04-22
"DMI",1979,17,-0.4045,1979-04-23,1979-04-29
"ENSO3",1979,17,0.106666666666667,1979-04-23,1979-04-29
"ENSO34",1979,17,-0.0466666666666667,1979-04-23,1979-04-29
"ENSO4",1979,17,-0.0966666666666667,1979-04-23,1979-04-29
"DMI",1979,18,-0.404714746543779,1979-04-30,1979-05-06
"ENSO3",1979,18,0.0959692780337942,1979-04-30,1979-05-06
"ENSO34",1979,18,-0.0797757296466974,1979-04-30,1979-05-06
"ENSO4",1979,18,-0.130430107526882,1979-04-30,1979-05-06
"DMI",1979,19,-0.283741935483871,1979-05-07,1979-05-13
"ENSO3",1979,19,0.143870967741935,1979-05-07,1979-05-13
"ENSO34",1979,19,-0.052258064516129,1979-05-07,1979-05-13
"ENSO4",1979,19,-0.135806451612903,1979-05-07,1979-05-13
"DMI",1979,20,-0.159096774193548,1979-05-14,1979-05-20
"ENSO3",1979,20,0.193548387096774,1979-05-14,1979-05-20
"ENSO34",1979,20,-0.0229032258064516,1979-05-14,1979-05-20
"ENSO4",1979,20,-0.140322580645161,1979-05-14,1979-05-20
"DMI",1979,21,-0.0344516129032258,1979-05-21,1979-05-27
"ENSO3",1979,21,0.243225806451613,1979-05-21,1979-05-27
"ENSO34",1979,21,0.00645161290322581,1979-05-21,1979-05-27
"ENSO4",1979,21,-0.144838709677419,1979-05-21,1979-05-27
"DMI",1979,22,0.0765193548387097,1979-05-28,1979-06-03
"ENSO3",1979,22,0.285004608294931,1979-05-28,1979-06-03
"ENSO34",1979,22,0.0305806451612903,1979-05-28,1979-06-03
"ENSO4",1979,22,-0.147792626728111,1979-05-28,1979-06-03
"DMI",1979,23,0.0234,1979-06-04,1979-06-10
"ENSO3",1979,23,0.232,1979-06-04,1979-06-10
"ENSO34",1979,23,-0.008,1979-06-04,1979-06-10
"ENSO4",1979,23,-0.132,1979-06-04,1979-06-10
"DMI",1979,24,-0.0753,1979-06-11,1979-06-17
"ENSO3",1979,24,0.152666666666667,1979-06-11,1979-06-17
"ENSO34",1979,24,-0.064,1979-06-11,1979-06-17
"ENSO4",1979,24,-0.111,1979-06-11,1979-06-17
"DMI",1979,25,-0.174,1979-06-18,1979-06-24
"ENSO3",1979,25,0.0733333333333333,1979-06-18,1979-06-24
"ENSO34",1979,25,-0.12,1979-06-18,1979-06-24
"ENSO4",1979,25,-0.09,1979-06-18,1979-06-24
"DMI",1979,26,-0.2727,1979-06-25,1979-07-01
"ENSO3",1979,26,-0.00599999999999999,1979-06-25,1979-07-01
"ENSO34",1979,26,-0.176,1979-06-25,1979-07-01
"ENSO4",1979,26,-0.069,1979-06-25,1979-07-01
"DMI",1979,27,-0.303516129032258,1979-07-02,1979-07-08
"ENSO3",1979,27,0.0258064516129032,1979-07-02,1979-07-08
"ENSO34",1979,27,-0.147096774193548,1979-07-02,1979-07-08
"ENSO4",1979,27,-0.0690322580645161,1979-07-02,1979-07-08
"DMI",1979,28,-0.28341935483871,1979-07-09,1979-07-15
"ENSO3",1979,28,0.140967741935484,1979-07-09,1979-07-15
"ENSO34",1979,28,-0.0545161290322581,1979-07-09,1979-07-15
"ENSO4",1979,28,-0.0848387096774194,1979-07-09,1979-07-15
"DMI",1979,29,-0.263322580645161,1979-07-16,1979-07-22
"ENSO3",1979,29,0.256129032258065,1979-07-16,1979-07-22
"ENSO34",1979,29,0.0380645161290323,1979-07-16,1979-07-22
"ENSO4",1979,29,-0.100645161290323,1979-07-16,1979-07-22
"DMI",1979,30,-0.243225806451613,1979-07-23,1979-07-29
"ENSO3",1979,30,0.371290322580645,1979-07-23,1979-07-29
"ENSO34",1979,30,0.130645161290323,1979-07-23,1979-07-29
"ENSO4",1979,30,-0.116451612903226,1979-07-23,1979-07-29
"DMI",1979,31,-0.229718894009217,1979-07-30,1979-08-05
"ENSO3",1979,31,0.478617511520737,1979-07-30,1979-08-05
"ENSO34",1979,31,0.216774193548387,1979-07-30,1979-08-05
"ENSO4",1979,31,-0.129953917050691,1979-07-30,1979-08-05
"DMI",1979,32,-0.239935483870968,1979-08-06,1979-08-12
"ENSO3",1979,32,0.557741935483871,1979-08-06,1979-08-12
"ENSO34",1979,32,0.279677419354839,1979-08-06,1979-08-12
"ENSO4",1979,32,-0.135161290322581,1979-08-06,1979-08-12
"DMI",1979,33,-0.252129032258065,1979-08-13,1979-08-19
"ENSO3",1979,33,0.634516129032258,1979-08-13,1979-08-19
"ENSO34",1979,33,0.340645161290323,1979-08-13,1979-08-19
"ENSO4",1979,33,-0.139677419354839,1979-08-13,1979-08-19
"DMI",1979,34,-0.264322580645161,1979-08-20,1979-08-26
"ENSO3",1979,34,0.711290322580645,1979-08-20,1979-08-26
"ENSO34",1979,34,0.401612903225806,1979-08-20,1979-08-26
"ENSO4",1979,34,-0.144193548387097,1979-08-20,1979-08-26
"DMI",1979,35,-0.276429185867896,1979-08-27,1979-09-02
"ENSO3",1979,35,0.785354838709677,1979-08-27,1979-09-02
"ENSO34",1979,35,0.460574500768049,1979-08-27,1979-09-02
"ENSO4",1979,35,-0.147807987711214,1979-08-27,1979-09-02
"DMI",1979,36,-0.285666666666667,1979-09-03,1979-09-09
"ENSO3",1979,36,0.77,1979-09-03,1979-09-09
"ENSO34",1979,36,0.453333333333333,1979-09-03,1979-09-09
"ENSO4",1979,36,-0.121666666666667,1979-09-03,1979-09-09
"DMI",1979,37,-0.2936,1979-09-10,1979-09-16
"ENSO3",1979,37,0.714,1979-09-10,1979-09-16
"ENSO34",1979,37,0.416,1979-09-10,1979-09-16
"ENSO4",1979,37,-0.082,1979-09-10,1979-09-16
"DMI",1979,38,-0.301533333333333,1979-09-17,1979-09-23
"ENSO3",1979,38,0.658,1979-09-17,1979-09-23
"ENSO34",1979,38,0.378666666666667,1979-09-17,1979-09-23
"ENSO4",1979,38,-0.0423333333333333,1979-09-17,1979-09-23
"DMI",1979,39,-0.309466666666667,1979-09-24,1979-09-30
"ENSO3",1979,39,0.602,1979-09-24,1979-09-30
"ENSO34",1979,39,0.341333333333333,1979-09-24,1979-09-30
"ENSO4",1979,39,-0.00266666666666667,1979-09-24,1979-09-30
"DMI",1979,40,-0.307903225806452,1979-10-01,1979-10-07
"ENSO3",1979,40,0.56516129032258,1979-10-01,1979-10-07
"ENSO34",1979,40,0.322903225806452,1979-10-01,1979-10-07
"ENSO4",1979,40,0.0238709677419355,1979-10-01,1979-10-07
"DMI",1979,41,-0.293677419354839,1979-10-08,1979-10-14
"ENSO3",1979,41,0.553870967741935,1979-10-08,1979-10-14
"ENSO34",1979,41,0.329677419354839,1979-10-08,1979-10-14
"ENSO4",1979,41,0.0329032258064516,1979-10-08,1979-10-14
"DMI",1979,42,-0.279451612903226,1979-10-15,1979-10-21
"ENSO3",1979,42,0.54258064516129,1979-10-15,1979-10-21
"ENSO34",1979,42,0.336451612903226,1979-10-15,1979-10-21
"ENSO4",1979,42,0.0419354838709677,1979-10-15,1979-10-21
"DMI",1979,43,-0.265225806451613,1979-10-22,1979-10-28
"ENSO3",1979,43,0.531290322580645,1979-10-22,1979-10-28
"ENSO34",1979,43,0.343225806451613,1979-10-22,1979-10-28
"ENSO4",1979,43,0.0509677419354839,1979-10-22,1979-10-28
"DMI",1979,44,-0.248456221198157,1979-10-29,1979-11-04
"ENSO3",1979,44,0.523096774193548,1979-10-29,1979-11-04
"ENSO34",1979,44,0.358884792626728,1979-10-29,1979-11-04
"ENSO4",1979,44,0.0714654377880184,1979-10-29,1979-11-04
"DMI",1979,45,-0.216,1979-11-05,1979-11-11
"ENSO3",1979,45,0.534,1979-11-05,1979-11-11
"ENSO34",1979,45,0.429333333333333,1979-11-05,1979-11-11
"ENSO4",1979,45,0.162666666666667,1979-11-05,1979-11-11
"DMI",1979,46,-0.181,1979-11-12,1979-11-18
"ENSO3",1979,46,0.548,1979-11-12,1979-11-18
"ENSO34",1979,46,0.508666666666667,1979-11-12,1979-11-18
"ENSO4",1979,46,0.265333333333333,1979-11-12,1979-11-18
"DMI",1979,47,-0.146,1979-11-19,1979-11-25
"ENSO3",1979,47,0.562,1979-11-19,1979-11-25
"ENSO34",1979,47,0.588,1979-11-19,1979-11-25
"ENSO4",1979,47,0.368,1979-11-19,1979-11-25
"DMI",1979,48,-0.111976958525346,1979-11-26,1979-12-02
"ENSO3",1979,48,0.574976958525346,1979-11-26,1979-12-02
"ENSO34",1979,48,0.665069124423963,1979-11-26,1979-12-02
"ENSO4",1979,48,0.468294930875576,1979-11-26,1979-12-02
"DMI",1979,49,-0.110193548387097,1979-12-03,1979-12-09
"ENSO3",1979,49,0.554193548387097,1979-12-03,1979-12-09
"ENSO34",1979,49,0.66741935483871,1979-12-03,1979-12-09
"ENSO4",1979,49,0.490322580645161,1979-12-03,1979-12-09
"DMI",1979,50,-0.123064516129032,1979-12-10,1979-12-16
"ENSO3",1979,50,0.518064516129032,1979-12-10,1979-12-16
"ENSO34",1979,50,0.635806451612903,1979-12-10,1979-12-16
"ENSO4",1979,50,0.476774193548387,1979-12-10,1979-12-16
"DMI",1979,51,-0.135935483870968,1979-12-17,1979-12-23
"ENSO3",1979,51,0.481935483870968,1979-12-17,1979-12-23
"ENSO34",1979,51,0.604193548387097,1979-12-17,1979-12-23
"ENSO4",1979,51,0.463225806451613,1979-12-17,1979-12-23
"DMI",1979,52,-0.148806451612903,1979-12-24,1979-12-30
"ENSO3",1979,52,0.445806451612903,1979-12-24,1979-12-30
"ENSO34",1979,52,0.57258064516129,1979-12-24,1979-12-30
"ENSO4",1979,52,0.449677419354839,1979-12-24,1979-12-30
"DMI",1980,1,-0.160640552995392,1979-12-31,1980-01-06
"ENSO3",1980,1,0.393087557603687,1979-12-31,1980-01-06
"ENSO34",1980,1,0.535437788018433,1979-12-31,1980-01-06
"ENSO4",1980,1,0.451336405529954,1979-12-31,1980-01-06
"DMI",1980,2,-0.170193548387097,1980-01-07,1980-01-13
"ENSO3",1980,2,0.303870967741935,1980-01-07,1980-01-13
"ENSO34",1980,2,0.486129032258065,1980-01-07,1980-01-13
"ENSO4",1980,2,0.486451612903226,1980-01-07,1980-01-13
"DMI",1980,3,-0.179677419354839,1980-01-14,1980-01-20
"ENSO3",1980,3,0.213548387096774,1980-01-14,1980-01-20
"ENSO34",1980,3,0.436451612903226,1980-01-14,1980-01-20
"ENSO4",1980,3,0.52258064516129,1980-01-14,1980-01-20
"DMI",1980,4,-0.189161290322581,1980-01-21,1980-01-27
"ENSO3",1980,4,0.123225806451613,1980-01-21,1980-01-27
"ENSO34",1980,4,0.386774193548387,1980-01-21,1980-01-27
"ENSO4",1980,4,0.558709677419355,1980-01-21,1980-01-27
"DMI",1980,5,-0.201271412680756,1980-01-28,1980-02-03
"ENSO3",1980,5,0.0362164309550294,1980-01-28,1980-02-03
"ENSO34",1980,5,0.33659145081837,1980-01-28,1980-02-03
"ENSO4",1980,5,0.589671063085969,1980-01-28,1980-02-03
"DMI",1980,6,-0.244896551724138,1980-02-04,1980-02-10
"ENSO3",1980,6,-0.0110344827586207,1980-02-04,1980-02-10
"ENSO34",1980,6,0.280344827586207,1980-02-04,1980-02-10
"ENSO4",1980,6,0.558620689655172,1980-02-04,1980-02-10
"DMI",1980,7,-0.297275862068966,1980-02-11,1980-02-17
"ENSO3",1980,7,-0.0472413793103448,1980-02-11,1980-02-17
"ENSO34",1980,7,0.222413793103448,1980-02-11,1980-02-17
"ENSO4",1980,7,0.510344827586207,1980-02-11,1980-02-17
"DMI",1980,8,-0.349655172413793,1980-02-18,1980-02-24
"ENSO3",1980,8,-0.083448275862069,1980-02-18,1980-02-24
"ENSO34",1980,8,0.16448275862069,1980-02-18,1980-02-24
"ENSO4",1980,8,0.462068965517241,1980-02-18,1980-02-24
"DMI",1980,9,-0.399481646273637,1980-02-25,1980-03-02
"ENSO3",1980,9,-0.118132846019387,1980-02-25,1980-03-02
"ENSO34",1980,9,0.10824090259018,1980-02-25,1980-03-02
"ENSO4",1980,9,0.414317495630065,1980-02-25,1980-03-02
"DMI",1980,10,-0.365064516129032,1980-03-03,1980-03-09
"ENSO3",1980,10,-0.10258064516129,1980-03-03,1980-03-09
"ENSO34",1980,10,0.107741935483871,1980-03-03,1980-03-09
"ENSO4",1980,10,0.383870967741936,1980-03-03,1980-03-09
"DMI",1980,11,-0.292354838709677,1980-03-10,1980-03-16
"ENSO3",1980,11,-0.0641935483870968,1980-03-10,1980-03-16
"ENSO34",1980,11,0.13258064516129,1980-03-10,1980-03-16
"ENSO4",1980,11,0.361290322580645,1980-03-10,1980-03-16
"DMI",1980,12,-0.219645161290323,1980-03-17,1980-03-23
"ENSO3",1980,12,-0.0258064516129032,1980-03-17,1980-03-23
"ENSO34",1980,12,0.15741935483871,1980-03-17,1980-03-23
"ENSO4",1980,12,0.338709677419355,1980-03-17,1980-03-23
"DMI",1980,13,-0.146935483870968,1980-03-24,1980-03-30
"ENSO3",1980,13,0.0125806451612903,1980-03-24,1980-03-30
"ENSO34",1980,13,0.182258064516129,1980-03-24,1980-03-30
"ENSO4",1980,13,0.316129032258064,1980-03-24,1980-03-30
"DMI",1980,14,-0.0944124423963134,1980-03-31,1980-04-06
"ENSO3",1980,14,0.0413594470046083,1980-03-31,1980-04-06
"ENSO34",1980,14,0.194493087557604,1980-03-31,1980-04-06
"ENSO4",1980,14,0.304032258064516,1980-03-31,1980-04-06
"DMI",1980,15,-0.0863,1980-04-07,1980-04-13
"ENSO3",1980,15,0.049,1980-04-07,1980-04-13
"ENSO34",1980,15,0.179,1980-04-07,1980-04-13
"ENSO4",1980,15,0.315,1980-04-07,1980-04-13
"DMI",1980,16,-0.0795333333333333,1980-04-14,1980-04-20
"ENSO3",1980,16,0.056,1980-04-14,1980-04-20
"ENSO34",1980,16,0.162666666666667,1980-04-14,1980-04-20
"ENSO4",1980,16,0.326666666666667,1980-04-14,1980-04-20
"DMI",1980,17,-0.0727666666666667,1980-04-21,1980-04-27
"ENSO3",1980,17,0.063,1980-04-21,1980-04-27
"ENSO34",1980,17,0.146333333333333,1980-04-21,1980-04-27
"ENSO4",1980,17,0.338333333333333,1980-04-21,1980-04-27
"DMI",1980,18,-0.0755658986175115,1980-04-28,1980-05-04
"ENSO3",1980,18,0.0768847926267281,1980-04-28,1980-05-04
"ENSO34",1980,18,0.138635944700461,1980-04-28,1980-05-04
"ENSO4",1980,18,0.345529953917051,1980-04-28,1980-05-04
"DMI",1980,19,-0.137354838709677,1980-05-05,1980-05-11
"ENSO3",1980,19,0.133225806451613,1980-05-05,1980-05-11
"ENSO34",1980,19,0.184193548387097,1980-05-05,1980-05-11
"ENSO4",1980,19,0.325161290322581,1980-05-05,1980-05-11
"DMI",1980,20,-0.208709677419355,1980-05-12,1980-05-18
"ENSO3",1980,20,0.196451612903226,1980-05-12,1980-05-18
"ENSO34",1980,20,0.238387096774194,1980-05-12,1980-05-18
"ENSO4",1980,20,0.300322580645161,1980-05-12,1980-05-18
"DMI",1980,21,-0.280064516129032,1980-05-19,1980-05-25
"ENSO3",1980,21,0.259677419354839,1980-05-19,1980-05-25
"ENSO34",1980,21,0.29258064516129,1980-05-19,1980-05-25
"ENSO4",1980,21,0.275483870967742,1980-05-19,1980-05-25
"DMI",1980,22,-0.35141935483871,1980-05-26,1980-06-01
"ENSO3",1980,22,0.322903225806452,1980-05-26,1980-06-01
"ENSO34",1980,22,0.346774193548387,1980-05-26,1980-06-01
"ENSO4",1980,22,0.250645161290323,1980-05-26,1980-06-01
"DMI",1980,23,-0.4192,1980-06-02,1980-06-08
"ENSO3",1980,23,0.29,1980-06-02,1980-06-08
"ENSO34",1980,23,0.323333333333333,1980-06-02,1980-06-08
"ENSO4",1980,23,0.230666666666667,1980-06-02,1980-06-08
"DMI",1980,24,-0.4843,1980-06-09,1980-06-15
"ENSO3",1980,24,0.185,1980-06-09,1980-06-15
"ENSO34",1980,24,0.241666666666667,1980-06-09,1980-06-15
"ENSO4",1980,24,0.214333333333333,1980-06-09,1980-06-15
"DMI",1980,25,-0.5494,1980-06-16,1980-06-22
"ENSO3",1980,25,0.08,1980-06-16,1980-06-22
"ENSO34",1980,25,0.16,1980-06-16,1980-06-22
"ENSO4",1980,25,0.198,1980-06-16,1980-06-22
"DMI",1980,26,-0.6145,1980-06-23,1980-06-29
"ENSO3",1980,26,-0.025,1980-06-23,1980-06-29
"ENSO34",1980,26,0.0783333333333333,1980-06-23,1980-06-29
"ENSO4",1980,26,0.181666666666667,1980-06-23,1980-06-29
"DMI",1980,27,-0.670800460829493,1980-06-30,1980-07-06
"ENSO3",1980,27,-0.103387096774194,1980-06-30,1980-07-06
"ENSO34",1980,27,0.00438556067588326,1980-06-30,1980-07-06
"ENSO4",1980,27,0.152360983102919,1980-06-30,1980-07-06
"DMI",1980,28,-0.707741935483871,1980-07-07,1980-07-13
"ENSO3",1980,28,-0.123225806451613,1980-07-07,1980-07-13
"ENSO34",1980,28,-0.0525806451612903,1980-07-07,1980-07-13
"ENSO4",1980,28,0.0945161290322581,1980-07-07,1980-07-13
"DMI",1980,29,-0.744096774193548,1980-07-14,1980-07-20
"ENSO3",1980,29,-0.141290322580645,1980-07-14,1980-07-20
"ENSO34",1980,29,-0.109032258064516,1980-07-14,1980-07-20
"ENSO4",1980,29,0.0358064516129032,1980-07-14,1980-07-20
"DMI",1980,30,-0.780451612903226,1980-07-21,1980-07-27
"ENSO3",1980,30,-0.159354838709677,1980-07-21,1980-07-27
"ENSO34",1980,30,-0.165483870967742,1980-07-21,1980-07-27
"ENSO4",1980,30,-0.0229032258064516,1980-07-21,1980-07-27
"DMI",1980,31,-0.813516129032258,1980-07-28,1980-08-03
"ENSO3",1980,31,-0.174377880184332,1980-07-28,1980-08-03
"ENSO34",1980,31,-0.216958525345622,1980-07-28,1980-08-03
"ENSO4",1980,31,-0.0781566820276498,1980-07-28,1980-08-03
"DMI",1980,32,-0.807096774193548,1980-08-04,1980-08-10
"ENSO3",1980,32,-0.152903225806452,1980-08-04,1980-08-10
"ENSO34",1980,32,-0.208709677419355,1980-08-04,1980-08-10
"ENSO4",1980,32,-0.0919354838709677,1980-08-04,1980-08-10
"DMI",1980,33,-0.789709677419355,1980-08-11,1980-08-17
"ENSO3",1980,33,-0.121290322580645,1980-08-11,1980-08-17
"ENSO34",1980,33,-0.183870967741935,1980-08-11,1980-08-17
"ENSO4",1980,33,-0.0941935483870968,1980-08-11,1980-08-17
"DMI",1980,34,-0.772322580645161,1980-08-18,1980-08-24
"ENSO3",1980,34,-0.0896774193548387,1980-08-18,1980-08-24
"ENSO34",1980,34,-0.159032258064516,1980-08-18,1980-08-24
"ENSO4",1980,34,-0.0964516129032258,1980-08-18,1980-08-24
"DMI",1980,35,-0.754935483870968,1980-08-25,1980-08-31
"ENSO3",1980,35,-0.0580645161290323,1980-08-25,1980-08-31
"ENSO34",1980,35,-0.134193548387097,1980-08-25,1980-08-31
"ENSO4",1980,35,-0.0987096774193548,1980-08-25,1980-08-31
"DMI",1980,36,-0.7362,1980-09-01,1980-09-07
"ENSO3",1980,36,-0.062,1980-09-01,1980-09-07
"ENSO34",1980,36,-0.119,1980-09-01,1980-09-07
"ENSO4",1980,36,-0.08,1980-09-01,1980-09-07
"DMI",1980,37,-0.715666666666667,1980-09-08,1980-09-14
"ENSO3",1980,37,-0.113333333333333,1980-09-08,1980-09-14
"ENSO34",1980,37,-0.116666666666667,1980-09-08,1980-09-14
"ENSO4",1980,37,-0.0333333333333333,1980-09-08,1980-09-14
"DMI",1980,38,-0.695133333333333,1980-09-15,1980-09-21
"ENSO3",1980,38,-0.164666666666667,1980-09-15,1980-09-21
"ENSO34",1980,38,-0.114333333333333,1980-09-15,1980-09-21
"ENSO4",1980,38,0.0133333333333333,1980-09-15,1980-09-21
"DMI",1980,39,-0.6746,1980-09-22,1980-09-28
"ENSO3",1980,39,-0.216,1980-09-22,1980-09-28
"ENSO34",1980,39,-0.112,1980-09-22,1980-09-28
"ENSO4",1980,39,0.06,1980-09-22,1980-09-28
"DMI",1980,40,-0.647197235023041,1980-09-29,1980-10-05
"ENSO3",1980,40,-0.244414746543779,1980-09-29,1980-10-05
"ENSO34",1980,40,-0.100465437788018,1980-09-29,1980-10-05
"ENSO4",1980,40,0.104976958525346,1980-09-29,1980-10-05
"DMI",1980,41,-0.595064516129032,1980-10-06,1980-10-12
"ENSO3",1980,41,-0.190322580645161,1980-10-06,1980-10-12
"ENSO34",1980,41,-0.0558064516129032,1980-10-06,1980-10-12
"ENSO4",1980,41,0.143870967741936,1980-10-06,1980-10-12
"DMI",1980,42,-0.540870967741935,1980-10-13,1980-10-19
"ENSO3",1980,42,-0.129354838709677,1980-10-13,1980-10-19
"ENSO34",1980,42,-0.00838709677419354,1980-10-13,1980-10-19
"ENSO4",1980,42,0.182258064516129,1980-10-13,1980-10-19
"DMI",1980,43,-0.486677419354839,1980-10-20,1980-10-26
"ENSO3",1980,43,-0.0683870967741936,1980-10-20,1980-10-26
"ENSO34",1980,43,0.0390322580645161,1980-10-20,1980-10-26
"ENSO4",1980,43,0.220645161290323,1980-10-20,1980-10-26
"DMI",1980,44,-0.433904147465438,1980-10-27,1980-11-02
"ENSO3",1980,44,-0.00775883256528418,1980-10-27,1980-11-02
"ENSO34",1980,44,0.0867219662058372,1980-10-27,1980-11-02
"ENSO4",1980,44,0.257582181259601,1980-10-27,1980-11-02
"DMI",1980,45,-0.428,1980-11-03,1980-11-09
"ENSO3",1980,45,0.0416666666666667,1980-11-03,1980-11-09
"ENSO34",1980,45,0.143333333333333,1980-11-03,1980-11-09
"ENSO4",1980,45,0.246666666666667,1980-11-03,1980-11-09
"DMI",1980,46,-0.4434,1980-11-10,1980-11-16
"ENSO3",1980,46,0.086,1980-11-10,1980-11-16
"ENSO34",1980,46,0.204,1980-11-10,1980-11-16
"ENSO4",1980,46,0.214,1980-11-10,1980-11-16
"DMI",1980,47,-0.4588,1980-11-17,1980-11-23
"ENSO3",1980,47,0.130333333333333,1980-11-17,1980-11-23
"ENSO34",1980,47,0.264666666666667,1980-11-17,1980-11-23
"ENSO4",1980,47,0.181333333333333,1980-11-17,1980-11-23
"DMI",1980,48,-0.4742,1980-11-24,1980-11-30
"ENSO3",1980,48,0.174666666666667,1980-11-24,1980-11-30
"ENSO34",1980,48,0.325333333333333,1980-11-24,1980-11-30
"ENSO4",1980,48,0.148666666666667,1980-11-24,1980-11-30
"DMI",1980,49,-0.455709677419355,1980-12-01,1980-12-07
"ENSO3",1980,49,0.109032258064516,1980-12-01,1980-12-07
"ENSO34",1980,49,0.281612903225806,1980-12-01,1980-12-07
"ENSO4",1980,49,0.106774193548387,1980-12-01,1980-12-07
"DMI",1980,50,-0.392032258064516,1980-12-08,1980-12-14
"ENSO3",1980,50,-0.103225806451613,1980-12-08,1980-12-14
"ENSO34",1980,50,0.0987096774193548,1980-12-08,1980-12-14
"ENSO4",1980,50,0.0525806451612903,1980-12-08,1980-12-14
"DMI",1980,51,-0.328354838709677,1980-12-15,1980-12-21
"ENSO3",1980,51,-0.315483870967742,1980-12-15,1980-12-21
"ENSO34",1980,51,-0.0841935483870968,1980-12-15,1980-12-21
"ENSO4",1980,51,-0.00161290322580644,1980-12-15,1980-12-21
"DMI",1980,52,-0.264677419354839,1980-12-22,1980-12-28
"ENSO3",1980,52,-0.527741935483871,1980-12-22,1980-12-28
"ENSO34",1980,52,-0.267096774193548,1980-12-22,1980-12-28
"ENSO4",1980,52,-0.0558064516129032,1980-12-22,1980-12-28
"DMI",1981,1,-0.203903225806452,1980-12-29,1981-01-04
"ENSO3",1981,1,-0.711520737327189,1980-12-29,1981-01-04
"ENSO34",1981,1,-0.427603686635945,1980-12-29,1981-01-04
"ENSO4",1981,1,-0.101152073732719,1980-12-29,1981-01-04
"DMI",1981,2,-0.161032258064516,1981-01-05,1981-01-11
"ENSO3",1981,2,-0.719677419354839,1981-01-05,1981-01-11
"ENSO34",1981,2,-0.45,1981-01-05,1981-01-11
"ENSO4",1981,2,-0.0919354838709677,1981-01-05,1981-01-11
"DMI",1981,3,-0.121064516129032,1981-01-12,1981-01-18
"ENSO3",1981,3,-0.699354838709677,1981-01-12,1981-01-18
"ENSO34",1981,3,-0.45,1981-01-12,1981-01-18
"ENSO4",1981,3,-0.0738709677419355,1981-01-12,1981-01-18
"DMI",1981,4,-0.0810967741935484,1981-01-19,1981-01-25
"ENSO3",1981,4,-0.679032258064516,1981-01-19,1981-01-25
"ENSO34",1981,4,-0.45,1981-01-19,1981-01-25
"ENSO4",1981,4,-0.0558064516129032,1981-01-19,1981-01-25
"DMI",1981,5,-0.0411290322580645,1981-01-26,1981-02-01
"ENSO3",1981,5,-0.658709677419355,1981-01-26,1981-02-01
"ENSO34",1981,5,-0.45,1981-01-26,1981-02-01
"ENSO4",1981,5,-0.037741935483871,1981-01-26,1981-02-01
"DMI",1981,6,-0.0167142857142857,1981-02-02,1981-02-08
"ENSO3",1981,6,-0.591428571428571,1981-02-02,1981-02-08
"ENSO34",1981,6,-0.388571428571429,1981-02-02,1981-02-08
"ENSO4",1981,6,0,1981-02-02,1981-02-08
"DMI",1981,7,-0.00396428571428571,1981-02-09,1981-02-15
"ENSO3",1981,7,-0.488928571428571,1981-02-09,1981-02-15
"ENSO34",1981,7,-0.281071428571429,1981-02-09,1981-02-15
"ENSO4",1981,7,0.0525,1981-02-09,1981-02-15
"DMI",1981,8,0.00878571428571429,1981-02-16,1981-02-22
"ENSO3",1981,8,-0.386428571428571,1981-02-16,1981-02-22
"ENSO34",1981,8,-0.173571428571429,1981-02-16,1981-02-22
"ENSO4",1981,8,0.105,1981-02-16,1981-02-22
"DMI",1981,9,0.0215357142857143,1981-02-23,1981-03-01
"ENSO3",1981,9,-0.283928571428571,1981-02-23,1981-03-01
"ENSO34",1981,9,-0.0660714285714286,1981-02-23,1981-03-01
"ENSO4",1981,9,0.1575,1981-02-23,1981-03-01
"DMI",1981,10,0.0353870967741935,1981-03-02,1981-03-08
"ENSO3",1981,10,-0.251612903225806,1981-03-02,1981-03-08
"ENSO34",1981,10,-0.0393548387096774,1981-03-02,1981-03-08
"ENSO4",1981,10,0.146451612903226,1981-03-02,1981-03-08
"DMI",1981,11,0.0500645161290323,1981-03-09,1981-03-15
"ENSO3",1981,11,-0.271935483870968,1981-03-09,1981-03-15
"ENSO34",1981,11,-0.0732258064516129,1981-03-09,1981-03-15
"ENSO4",1981,11,0.087741935483871,1981-03-09,1981-03-15
"DMI",1981,12,0.064741935483871,1981-03-16,1981-03-22
"ENSO3",1981,12,-0.292258064516129,1981-03-16,1981-03-22
"ENSO34",1981,12,-0.107096774193548,1981-03-16,1981-03-22
"ENSO4",1981,12,0.0290322580645161,1981-03-16,1981-03-22
"DMI",1981,13,0.0794193548387097,1981-03-23,1981-03-29
"ENSO3",1981,13,-0.31258064516129,1981-03-23,1981-03-29
"ENSO34",1981,13,-0.140967741935484,1981-03-23,1981-03-29
"ENSO4",1981,13,-0.0296774193548387,1981-03-23,1981-03-29
"DMI",1981,14,0.085863287250384,1981-03-30,1981-04-05
"ENSO3",1981,14,-0.323041474654378,1981-03-30,1981-04-05
"ENSO34",1981,14,-0.165069124423963,1981-03-30,1981-04-05
"ENSO4",1981,14,-0.0749769585253456,1981-03-30,1981-04-05
"DMI",1981,15,0.0626666666666667,1981-04-06,1981-04-12
"ENSO3",1981,15,-0.298,1981-04-06,1981-04-12
"ENSO34",1981,15,-0.154,1981-04-06,1981-04-12
"ENSO4",1981,15,-0.072,1981-04-06,1981-04-12
"DMI",1981,16,0.037,1981-04-13,1981-04-19
"ENSO3",1981,16,-0.27,1981-04-13,1981-04-19
"ENSO34",1981,16,-0.14,1981-04-13,1981-04-19
"ENSO4",1981,16,-0.065,1981-04-13,1981-04-19
"DMI",1981,17,0.0113333333333333,1981-04-20,1981-04-26
"ENSO3",1981,17,-0.242,1981-04-20,1981-04-26
"ENSO34",1981,17,-0.126,1981-04-20,1981-04-26
"ENSO4",1981,17,-0.058,1981-04-20,1981-04-26
"DMI",1981,18,-0.0158310291858679,1981-04-27,1981-05-03
"ENSO3",1981,18,-0.213225806451613,1981-04-27,1981-05-03
"ENSO34",1981,18,-0.113410138248848,1981-04-27,1981-05-03
"ENSO4",1981,18,-0.0546082949308756,1981-04-27,1981-05-03
"DMI",1981,19,-0.0609677419354839,1981-05-04,1981-05-10
"ENSO3",1981,19,-0.175161290322581,1981-05-04,1981-05-10
"ENSO34",1981,19,-0.117741935483871,1981-05-04,1981-05-10
"ENSO4",1981,19,-0.0945161290322581,1981-05-04,1981-05-10
"DMI",1981,20,-0.111096774193548,1981-05-11,1981-05-17
"ENSO3",1981,20,-0.134516129032258,1981-05-11,1981-05-17
"ENSO34",1981,20,-0.126774193548387,1981-05-11,1981-05-17
"ENSO4",1981,20,-0.146451612903226,1981-05-11,1981-05-17
"DMI",1981,21,-0.161225806451613,1981-05-18,1981-05-24
"ENSO3",1981,21,-0.0938709677419355,1981-05-18,1981-05-24
"ENSO34",1981,21,-0.135806451612903,1981-05-18,1981-05-24
"ENSO4",1981,21,-0.198387096774194,1981-05-18,1981-05-24
"DMI",1981,22,-0.211354838709677,1981-05-25,1981-05-31
"ENSO3",1981,22,-0.0532258064516129,1981-05-25,1981-05-31
"ENSO34",1981,22,-0.144838709677419,1981-05-25,1981-05-31
"ENSO4",1981,22,-0.250322580645161,1981-05-25,1981-05-31
"DMI",1981,23,-0.272,1981-06-01,1981-06-07
"ENSO3",1981,23,-0.061,1981-06-01,1981-06-07
"ENSO34",1981,23,-0.178,1981-06-01,1981-06-07
"ENSO4",1981,23,-0.294,1981-06-01,1981-06-07
"DMI",1981,24,-0.346666666666667,1981-06-08,1981-06-14
"ENSO3",1981,24,-0.133333333333333,1981-06-08,1981-06-14
"ENSO34",1981,24,-0.243333333333333,1981-06-08,1981-06-14
"ENSO4",1981,24,-0.326666666666667,1981-06-08,1981-06-14
"DMI",1981,25,-0.421333333333333,1981-06-15,1981-06-21
"ENSO3",1981,25,-0.205666666666667,1981-06-15,1981-06-21
"ENSO34",1981,25,-0.308666666666667,1981-06-15,1981-06-21
"ENSO4",1981,25,-0.359333333333333,1981-06-15,1981-06-21
"DMI",1981,26,-0.496,1981-06-22,1981-06-28
"ENSO3",1981,26,-0.278,1981-06-22,1981-06-28
"ENSO34",1981,26,-0.374,1981-06-22,1981-06-28
"ENSO4",1981,26,-0.392,1981-06-22,1981-06-28
"DMI",1981,27,-0.558562211981567,1981-06-29,1981-07-05
"ENSO3",1981,27,-0.334649769585253,1981-06-29,1981-07-05
"ENSO34",1981,27,-0.414479262672811,1981-06-29,1981-07-05
"ENSO4",1981,27,-0.412930875576037,1981-06-29,1981-07-05
"DMI",1981,28,-0.577548387096774,1981-07-06,1981-07-12
"ENSO3",1981,28,-0.334838709677419,1981-07-06,1981-07-12
"ENSO34",1981,28,-0.365483870967742,1981-07-06,1981-07-12
"ENSO4",1981,28,-0.391612903225806,1981-07-06,1981-07-12
"DMI",1981,29,-0.592903225806452,1981-07-13,1981-07-19
"ENSO3",1981,29,-0.330322580645161,1981-07-13,1981-07-19
"ENSO34",1981,29,-0.309032258064516,1981-07-13,1981-07-19
"ENSO4",1981,29,-0.366774193548387,1981-07-13,1981-07-19
"DMI",1981,30,-0.608258064516129,1981-07-20,1981-07-26
"ENSO3",1981,30,-0.325806451612903,1981-07-20,1981-07-26
"ENSO34",1981,30,-0.25258064516129,1981-07-20,1981-07-26
"ENSO4",1981,30,-0.341935483870968,1981-07-20,1981-07-26
"DMI",1981,31,-0.62389400921659,1981-07-27,1981-08-02
"ENSO3",1981,31,-0.319723502304147,1981-07-27,1981-08-02
"ENSO34",1981,31,-0.196774193548387,1981-07-27,1981-08-02
"ENSO4",1981,31,-0.316958525345622,1981-07-27,1981-08-02
"DMI",1981,32,-0.648806451612903,1981-08-03,1981-08-09
"ENSO3",1981,32,-0.261935483870968,1981-08-03,1981-08-09
"ENSO34",1981,32,-0.162258064516129,1981-08-03,1981-08-09
"ENSO4",1981,32,-0.28741935483871,1981-08-03,1981-08-09
"DMI",1981,33,-0.677935483870968,1981-08-10,1981-08-16
"ENSO3",1981,33,-0.180645161290323,1981-08-10,1981-08-16
"ENSO34",1981,33,-0.13741935483871,1981-08-10,1981-08-16
"ENSO4",1981,33,-0.255806451612903,1981-08-10,1981-08-16
"DMI",1981,34,-0.707064516129032,1981-08-17,1981-08-23
"ENSO3",1981,34,-0.0993548387096774,1981-08-17,1981-08-23
"ENSO34",1981,34,-0.11258064516129,1981-08-17,1981-08-23
"ENSO4",1981,34,-0.224193548387097,1981-08-17,1981-08-23
"DMI",1981,35,-0.736193548387097,1981-08-24,1981-08-30
"ENSO3",1981,35,-0.0180645161290323,1981-08-24,1981-08-30
"ENSO34",1981,35,-0.087741935483871,1981-08-24,1981-08-30
"ENSO4",1981,35,-0.19258064516129,1981-08-24,1981-08-30
"DMI",1981,36,-0.745619815668203,1981-08-31,1981-09-06
"ENSO3",1981,36,0.0433410138248848,1981-08-31,1981-09-06
"ENSO34",1981,36,-0.0676497695852535,1981-08-31,1981-09-06
"ENSO4",1981,36,-0.16778801843318,1981-08-31,1981-09-06
"DMI",1981,37,-0.7117,1981-09-07,1981-09-13
"ENSO3",1981,37,0.061,1981-09-07,1981-09-13
"ENSO34",1981,37,-0.058,1981-09-07,1981-09-13
"ENSO4",1981,37,-0.158,1981-09-07,1981-09-13
"DMI",1981,38,-0.676466666666667,1981-09-14,1981-09-20
"ENSO3",1981,38,0.0773333333333333,1981-09-14,1981-09-20
"ENSO34",1981,38,-0.0486666666666667,1981-09-14,1981-09-20
"ENSO4",1981,38,-0.148666666666667,1981-09-14,1981-09-20
"DMI",1981,39,-0.641233333333333,1981-09-21,1981-09-27
"ENSO3",1981,39,0.0936666666666667,1981-09-21,1981-09-27
"ENSO34",1981,39,-0.0393333333333333,1981-09-21,1981-09-27
"ENSO4",1981,39,-0.139333333333333,1981-09-21,1981-09-27
"DMI",1981,40,-0.602627649769585,1981-09-28,1981-10-04
"ENSO3",1981,40,0.102193548387097,1981-09-28,1981-10-04
"ENSO34",1981,40,-0.037778801843318,1981-09-28,1981-10-04
"ENSO4",1981,40,-0.130589861751152,1981-09-28,1981-10-04
"DMI",1981,41,-0.543225806451613,1981-10-05,1981-10-11
"ENSO3",1981,41,0.0625806451612903,1981-10-05,1981-10-11
"ENSO34",1981,41,-0.0841935483870968,1981-10-05,1981-10-11
"ENSO4",1981,41,-0.125483870967742,1981-10-05,1981-10-11
"DMI",1981,42,-0.480451612903226,1981-10-12,1981-10-18
"ENSO3",1981,42,0.0151612903225806,1981-10-12,1981-10-18
"ENSO34",1981,42,-0.138387096774194,1981-10-12,1981-10-18
"ENSO4",1981,42,-0.120967741935484,1981-10-12,1981-10-18
"DMI",1981,43,-0.417677419354839,1981-10-19,1981-10-25
"ENSO3",1981,43,-0.032258064516129,1981-10-19,1981-10-25
"ENSO34",1981,43,-0.19258064516129,1981-10-19,1981-10-25
"ENSO4",1981,43,-0.116451612903226,1981-10-19,1981-10-25
"DMI",1981,44,-0.354903225806452,1981-10-26,1981-11-01
"ENSO3",1981,44,-0.0796774193548387,1981-10-26,1981-11-01
"ENSO34",1981,44,-0.246774193548387,1981-10-26,1981-11-01
"ENSO4",1981,44,-0.111935483870968,1981-10-26,1981-11-01
"DMI",1981,45,-0.2868,1981-11-02,1981-11-08
"ENSO3",1981,45,-0.048,1981-11-02,1981-11-08
"ENSO34",1981,45,-0.224666666666667,1981-11-02,1981-11-08
"ENSO4",1981,45,-0.082,1981-11-02,1981-11-08
"DMI",1981,46,-0.2147,1981-11-09,1981-11-15
"ENSO3",1981,46,0.043,1981-11-09,1981-11-15
"ENSO34",1981,46,-0.145333333333333,1981-11-09,1981-11-15
"ENSO4",1981,46,-0.033,1981-11-09,1981-11-15
"DMI",1981,47,-0.1426,1981-11-16,1981-11-22
"ENSO3",1981,47,0.134,1981-11-16,1981-11-22
"ENSO34",1981,47,-0.066,1981-11-16,1981-11-22
"ENSO4",1981,47,0.016,1981-11-16,1981-11-22
"DMI",1981,48,-0.0705,1981-11-23,1981-11-29
"ENSO3",1981,48,0.225,1981-11-23,1981-11-29
"ENSO34",1981,48,0.0133333333333333,1981-11-23,1981-11-29
"ENSO4",1981,48,0.065,1981-11-23,1981-11-29
"DMI",1981,49,-0.00920414746543779,1981-11-30,1981-12-06
"ENSO3",1981,49,0.281921658986175,1981-11-30,1981-12-06
"ENSO34",1981,49,0.0607772657450077,1981-11-30,1981-12-06
"ENSO4",1981,49,0.0831013824884793,1981-11-30,1981-12-06
"DMI",1981,50,0.0283225806451613,1981-12-07,1981-12-13
"ENSO3",1981,50,0.263870967741935,1981-12-07,1981-12-13
"ENSO34",1981,50,0.0380645161290323,1981-12-07,1981-12-13
"ENSO4",1981,50,0.0332258064516129,1981-12-07,1981-12-13
"DMI",1981,51,0.0651290322580645,1981-12-14,1981-12-20
"ENSO3",1981,51,0.243548387096774,1981-12-14,1981-12-20
"ENSO34",1981,51,0.0132258064516129,1981-12-14,1981-12-20
"ENSO4",1981,51,-0.0187096774193548,1981-12-14,1981-12-20
"DMI",1981,52,0.101935483870968,1981-12-21,1981-12-27
"ENSO3",1981,52,0.223225806451613,1981-12-21,1981-12-27
"ENSO34",1981,52,-0.0116129032258065,1981-12-21,1981-12-27
"ENSO4",1981,52,-0.0706451612903226,1981-12-21,1981-12-27
"DMI",1981,53,0.136792626728111,1981-12-28,1982-01-03
"ENSO3",1981,53,0.201520737327189,1981-12-28,1982-01-03
"ENSO34",1981,53,-0.0361751152073733,1981-12-28,1982-01-03
"ENSO4",1981,53,-0.118433179723502,1981-12-28,1982-01-03
"DMI",1982,1,0.148258064516129,1982-01-04,1982-01-10
"ENSO3",1982,1,0.163225806451613,1982-01-04,1982-01-10
"ENSO34",1982,1,-0.0574193548387097,1982-01-04,1982-01-10
"ENSO4",1982,1,-0.116451612903226,1982-01-04,1982-01-10
"DMI",1982,2,0.153225806451613,1982-01-11,1982-01-17
"ENSO3",1982,2,0.120322580645161,1982-01-11,1982-01-17
"ENSO34",1982,2,-0.077741935483871,1982-01-11,1982-01-17
"ENSO4",1982,2,-0.100645161290323,1982-01-11,1982-01-17
"DMI",1982,3,0.158193548387097,1982-01-18,1982-01-24
"ENSO3",1982,3,0.0774193548387097,1982-01-18,1982-01-24
"ENSO34",1982,3,-0.0980645161290323,1982-01-18,1982-01-24
"ENSO4",1982,3,-0.0848387096774194,1982-01-18,1982-01-24
"DMI",1982,4,0.163161290322581,1982-01-25,1982-01-31
"ENSO3",1982,4,0.0345161290322581,1982-01-25,1982-01-31
"ENSO34",1982,4,-0.118387096774194,1982-01-25,1982-01-31
"ENSO4",1982,4,-0.0690322580645161,1982-01-25,1982-01-31
"DMI",1982,5,0.154,1982-02-01,1982-02-07
"ENSO3",1982,5,-0.00285714285714285,1982-02-01,1982-02-07
"ENSO34",1982,5,-0.118214285714286,1982-02-01,1982-02-07
"ENSO4",1982,5,-0.0342857142857143,1982-02-01,1982-02-07
"DMI",1982,6,0.126,1982-02-08,1982-02-14
"ENSO3",1982,6,-0.0328571428571429,1982-02-08,1982-02-14
"ENSO34",1982,6,-0.0907142857142857,1982-02-08,1982-02-14
"ENSO4",1982,6,0.0257142857142857,1982-02-08,1982-02-14
"DMI",1982,7,0.098,1982-02-15,1982-02-21
"ENSO3",1982,7,-0.0628571428571429,1982-02-15,1982-02-21
"ENSO34",1982,7,-0.0632142857142857,1982-02-15,1982-02-21
"ENSO4",1982,7,0.0857142857142857,1982-02-15,1982-02-21
"DMI",1982,8,0.07,1982-02-22,1982-02-28
"ENSO3",1982,8,-0.0928571428571429,1982-02-22,1982-02-28
"ENSO34",1982,8,-0.0357142857142857,1982-02-22,1982-02-28
"ENSO4",1982,8,0.145714285714286,1982-02-22,1982-02-28
"DMI",1982,9,0.0602903225806452,1982-03-01,1982-03-07
"ENSO3",1982,9,-0.08,1982-03-01,1982-03-07
"ENSO34",1982,9,0.00516129032258064,1982-03-01,1982-03-07
"ENSO4",1982,9,0.198387096774194,1982-03-01,1982-03-07
"DMI",1982,10,0.0749677419354839,1982-03-08,1982-03-14
"ENSO3",1982,10,-0.01,1982-03-08,1982-03-14
"ENSO34",1982,10,0.0638709677419355,1982-03-08,1982-03-14
"ENSO4",1982,10,0.241290322580645,1982-03-08,1982-03-14
"DMI",1982,11,0.0896451612903226,1982-03-15,1982-03-21
"ENSO3",1982,11,0.06,1982-03-15,1982-03-21
"ENSO34",1982,11,0.12258064516129,1982-03-15,1982-03-21
"ENSO4",1982,11,0.284193548387097,1982-03-15,1982-03-21
"DMI",1982,12,0.104322580645161,1982-03-22,1982-03-28
"ENSO3",1982,12,0.13,1982-03-22,1982-03-28
"ENSO34",1982,12,0.181290322580645,1982-03-22,1982-03-28
"ENSO4",1982,12,0.327096774193548,1982-03-22,1982-03-28
"DMI",1982,13,0.120174193548387,1982-03-29,1982-04-04
"ENSO3",1982,13,0.203714285714286,1982-03-29,1982-04-04
"ENSO34",1982,13,0.24452534562212,1982-03-29,1982-04-04
"ENSO4",1982,13,0.369032258064516,1982-03-29,1982-04-04
"DMI",1982,14,0.143266666666667,1982-04-05,1982-04-11
"ENSO3",1982,14,0.300333333333333,1982-04-05,1982-04-11
"ENSO34",1982,14,0.335666666666667,1982-04-05,1982-04-11
"ENSO4",1982,14,0.405,1982-04-05,1982-04-11
"DMI",1982,15,0.167533333333333,1982-04-12,1982-04-18
"ENSO3",1982,15,0.400666666666667,1982-04-12,1982-04-18
"ENSO34",1982,15,0.431333333333333,1982-04-12,1982-04-18
"ENSO4",1982,15,0.44,1982-04-12,1982-04-18
"DMI",1982,16,0.1918,1982-04-19,1982-04-25
"ENSO3",1982,16,0.501,1982-04-19,1982-04-25
"ENSO34",1982,16,0.527,1982-04-19,1982-04-25
"ENSO4",1982,16,0.475,1982-04-19,1982-04-25
"DMI",1982,17,0.215718894009217,1982-04-26,1982-05-02
"ENSO3",1982,17,0.600483870967742,1982-04-26,1982-05-02
"ENSO34",1982,17,0.621958525345622,1982-04-26,1982-05-02
"ENSO4",1982,17,0.509746543778802,1982-04-26,1982-05-02
"DMI",1982,18,0.228161290322581,1982-05-03,1982-05-09
"ENSO3",1982,18,0.671935483870968,1982-05-03,1982-05-09
"ENSO34",1982,18,0.693548387096774,1982-05-03,1982-05-09
"ENSO4",1982,18,0.536129032258065,1982-05-03,1982-05-09
"DMI",1982,19,0.235387096774194,1982-05-10,1982-05-16
"ENSO3",1982,19,0.730645161290323,1982-05-10,1982-05-16
"ENSO34",1982,19,0.754516129032258,1982-05-10,1982-05-16
"ENSO4",1982,19,0.558709677419355,1982-05-10,1982-05-16
"DMI",1982,20,0.242612903225806,1982-05-17,1982-05-23
"ENSO3",1982,20,0.789354838709677,1982-05-17,1982-05-23
"ENSO34",1982,20,0.815483870967742,1982-05-17,1982-05-23
"ENSO4",1982,20,0.581290322580645,1982-05-17,1982-05-23
"DMI",1982,21,0.249838709677419,1982-05-24,1982-05-30
"ENSO3",1982,21,0.848064516129032,1982-05-24,1982-05-30
"ENSO34",1982,21,0.876451612903226,1982-05-24,1982-05-30
"ENSO4",1982,21,0.603870967741935,1982-05-24,1982-05-30
"DMI",1982,22,0.255566820276498,1982-05-31,1982-06-06
"ENSO3",1982,22,0.869516129032258,1982-05-31,1982-06-06
"ENSO34",1982,22,0.898755760368664,1982-05-31,1982-06-06
"ENSO4",1982,22,0.590967741935484,1982-05-31,1982-06-06
"DMI",1982,23,0.258,1982-06-07,1982-06-13
"ENSO3",1982,23,0.809,1982-06-07,1982-06-13
"ENSO34",1982,23,0.836,1982-06-07,1982-06-13
"ENSO4",1982,23,0.5,1982-06-07,1982-06-13
"DMI",1982,24,0.260333333333333,1982-06-14,1982-06-20
"ENSO3",1982,24,0.746,1982-06-14,1982-06-20
"ENSO34",1982,24,0.770666666666667,1982-06-14,1982-06-20
"ENSO4",1982,24,0.406666666666667,1982-06-14,1982-06-20
"DMI",1982,25,0.262666666666667,1982-06-21,1982-06-27
"ENSO3",1982,25,0.683,1982-06-21,1982-06-27
"ENSO34",1982,25,0.705333333333333,1982-06-21,1982-06-27
"ENSO4",1982,25,0.313333333333333,1982-06-21,1982-06-27
"DMI",1982,26,0.264465437788018,1982-06-28,1982-07-04
"ENSO3",1982,26,0.641539170506912,1982-06-28,1982-07-04
"ENSO34",1982,26,0.656018433179724,1982-06-28,1982-07-04
"ENSO4",1982,26,0.232534562211982,1982-06-28,1982-07-04
"DMI",1982,27,0.262967741935484,1982-07-05,1982-07-11
"ENSO3",1982,27,0.732903225806452,1982-07-05,1982-07-11
"ENSO34",1982,27,0.705483870967742,1982-07-05,1982-07-11
"ENSO4",1982,27,0.229032258064516,1982-07-05,1982-07-11
"DMI",1982,28,0.260935483870968,1982-07-12,1982-07-18
"ENSO3",1982,28,0.845806451612903,1982-07-12,1982-07-18
"ENSO34",1982,28,0.770967741935484,1982-07-12,1982-07-18
"ENSO4",1982,28,0.238064516129032,1982-07-12,1982-07-18
"DMI",1982,29,0.258903225806452,1982-07-19,1982-07-25
"ENSO3",1982,29,0.958709677419355,1982-07-19,1982-07-25
"ENSO34",1982,29,0.836451612903226,1982-07-19,1982-07-25
"ENSO4",1982,29,0.247096774193548,1982-07-19,1982-07-25
"DMI",1982,30,0.256870967741936,1982-07-26,1982-08-01
"ENSO3",1982,30,1.07161290322581,1982-07-26,1982-08-01
"ENSO34",1982,30,0.901935483870968,1982-07-26,1982-08-01
"ENSO4",1982,30,0.256129032258064,1982-07-26,1982-08-01
"DMI",1982,31,0.28,1982-08-02,1982-08-08
"ENSO3",1982,31,1.20903225806452,1982-08-02,1982-08-08
"ENSO34",1982,31,0.989354838709677,1982-08-02,1982-08-08
"ENSO4",1982,31,0.275483870967742,1982-08-02,1982-08-08
"DMI",1982,32,0.322,1982-08-09,1982-08-15
"ENSO3",1982,32,1.36483870967742,1982-08-09,1982-08-15
"ENSO34",1982,32,1.09322580645161,1982-08-09,1982-08-15
"ENSO4",1982,32,0.30258064516129,1982-08-09,1982-08-15
"DMI",1982,33,0.364,1982-08-16,1982-08-22
"ENSO3",1982,33,1.52064516129032,1982-08-16,1982-08-22
"ENSO34",1982,33,1.19709677419355,1982-08-16,1982-08-22
"ENSO4",1982,33,0.329677419354839,1982-08-16,1982-08-22
"DMI",1982,34,0.406,1982-08-23,1982-08-29
"ENSO3",1982,34,1.67645161290323,1982-08-23,1982-08-29
"ENSO34",1982,34,1.30096774193548,1982-08-23,1982-08-29
"ENSO4",1982,34,0.356774193548387,1982-08-23,1982-08-29
"DMI",1982,35,0.448047619047619,1982-08-30,1982-09-05
"ENSO3",1982,35,1.82569892473118,1982-08-30,1982-09-05
"ENSO34",1982,35,1.41268817204301,1982-08-30,1982-09-05
"ENSO4",1982,35,0.400721966205837,1982-08-30,1982-09-05
"DMI",1982,36,0.490266666666667,1982-09-06,1982-09-12
"ENSO3",1982,36,1.95133333333333,1982-09-06,1982-09-12
"ENSO34",1982,36,1.55266666666667,1982-09-06,1982-09-12
"ENSO4",1982,36,0.505333333333333,1982-09-06,1982-09-12
"DMI",1982,37,0.5325,1982-09-13,1982-09-19
"ENSO3",1982,37,2.075,1982-09-13,1982-09-19
"ENSO34",1982,37,1.695,1982-09-13,1982-09-19
"ENSO4",1982,37,0.615,1982-09-13,1982-09-19
"DMI",1982,38,0.574733333333333,1982-09-20,1982-09-26
"ENSO3",1982,38,2.19866666666667,1982-09-20,1982-09-26
"ENSO34",1982,38,1.83733333333333,1982-09-20,1982-09-26
"ENSO4",1982,38,0.724666666666667,1982-09-20,1982-09-26
"DMI",1982,39,0.609694316436252,1982-09-27,1982-10-03
"ENSO3",1982,39,2.31960061443932,1982-09-27,1982-10-03
"ENSO34",1982,39,1.97192012288786,1982-09-27,1982-10-03
"ENSO4",1982,39,0.824439324116743,1982-09-27,1982-10-03
"DMI",1982,40,0.557387096774194,1982-10-04,1982-10-10
"ENSO3",1982,40,2.40774193548387,1982-10-04,1982-10-10
"ENSO34",1982,40,2.01354838709677,1982-10-04,1982-10-10
"ENSO4",1982,40,0.805483870967742,1982-10-04,1982-10-10
"DMI",1982,41,0.480838709677419,1982-10-11,1982-10-17
"ENSO3",1982,41,2.48677419354839,1982-10-11,1982-10-17
"ENSO34",1982,41,2.02935483870968,1982-10-11,1982-10-17
"ENSO4",1982,41,0.753548387096774,1982-10-11,1982-10-17
"DMI",1982,42,0.404290322580645,1982-10-18,1982-10-24
"ENSO3",1982,42,2.5658064516129,1982-10-18,1982-10-24
"ENSO34",1982,42,2.04516129032258,1982-10-18,1982-10-24
"ENSO4",1982,42,0.701612903225806,1982-10-18,1982-10-24
"DMI",1982,43,0.327741935483871,1982-10-25,1982-10-31
"ENSO3",1982,43,2.64483870967742,1982-10-25,1982-10-31
"ENSO34",1982,43,2.06096774193548,1982-10-25,1982-10-31
"ENSO4",1982,43,0.649677419354839,1982-10-25,1982-10-31
"DMI",1982,44,0.2394,1982-11-01,1982-11-07
"ENSO3",1982,44,2.728,1982-11-01,1982-11-07
"ENSO34",1982,44,2.096,1982-11-01,1982-11-07
"ENSO4",1982,44,0.624,1982-11-01,1982-11-07
"DMI",1982,45,0.135333333333333,1982-11-08,1982-11-14
"ENSO3",1982,45,2.81666666666667,1982-11-08,1982-11-14
"ENSO34",1982,45,2.15666666666667,1982-11-08,1982-11-14
"ENSO4",1982,45,0.633333333333333,1982-11-08,1982-11-14
"DMI",1982,46,0.0312666666666667,1982-11-15,1982-11-21
"ENSO3",1982,46,2.90533333333333,1982-11-15,1982-11-21
"ENSO34",1982,46,2.21733333333333,1982-11-15,1982-11-21
"ENSO4",1982,46,0.642666666666667,1982-11-15,1982-11-21
"DMI",1982,47,-0.0728,1982-11-22,1982-11-28
"ENSO3",1982,47,2.994,1982-11-22,1982-11-28
"ENSO34",1982,47,2.278,1982-11-22,1982-11-28
"ENSO4",1982,47,0.652,1982-11-22,1982-11-28
"DMI",1982,48,-0.170375115207373,1982-11-29,1982-12-05
"ENSO3",1982,48,3.05673732718894,1982-11-29,1982-12-05
"ENSO34",1982,48,2.33089400921659,1982-11-29,1982-12-05
"ENSO4",1982,48,0.664036866359447,1982-11-29,1982-12-05
"DMI",1982,49,-0.24458064516129,1982-12-06,1982-12-12
"ENSO3",1982,49,3.02612903225806,1982-12-06,1982-12-12
"ENSO34",1982,49,2.3558064516129,1982-12-06,1982-12-12
"ENSO4",1982,49,0.685806451612903,1982-12-06,1982-12-12
"DMI",1982,50,-0.316838709677419,1982-12-13,1982-12-19
"ENSO3",1982,50,2.98774193548387,1982-12-13,1982-12-19
"ENSO34",1982,50,2.37838709677419,1982-12-13,1982-12-19
"ENSO4",1982,50,0.708387096774194,1982-12-13,1982-12-19
"DMI",1982,51,-0.389096774193548,1982-12-20,1982-12-26
"ENSO3",1982,51,2.94935483870968,1982-12-20,1982-12-26
"ENSO34",1982,51,2.40096774193548,1982-12-20,1982-12-26
"ENSO4",1982,51,0.730967741935484,1982-12-20,1982-12-26
"DMI",1982,52,-0.460364055299539,1982-12-27,1983-01-02
"ENSO3",1982,52,2.90963133640553,1982-12-27,1983-01-02
"ENSO34",1982,52,2.4221198156682,1982-12-27,1983-01-02
"ENSO4",1982,52,0.75294930875576,1982-12-27,1983-01-02
"DMI",1983,1,-0.498935483870968,1983-01-03,1983-01-09
"ENSO3",1983,1,2.8258064516129,1983-01-03,1983-01-09
"ENSO34",1983,1,2.39612903225806,1983-01-03,1983-01-09
"ENSO4",1983,1,0.755161290322581,1983-01-03,1983-01-09
"DMI",1983,2,-0.522645161290323,1983-01-10,1983-01-16
"ENSO3",1983,2,2.72193548387097,1983-01-10,1983-01-16
"ENSO34",1983,2,2.34870967741936,1983-01-10,1983-01-16
"ENSO4",1983,2,0.748387096774194,1983-01-10,1983-01-16
"DMI",1983,3,-0.546354838709677,1983-01-17,1983-01-23
"ENSO3",1983,3,2.61806451612903,1983-01-17,1983-01-23
"ENSO34",1983,3,2.30129032258065,1983-01-17,1983-01-23
"ENSO4",1983,3,0.741612903225806,1983-01-17,1983-01-23
"DMI",1983,4,-0.570064516129032,1983-01-24,1983-01-30
"ENSO3",1983,4,2.5141935483871,1983-01-24,1983-01-30
"ENSO34",1983,4,2.25387096774194,1983-01-24,1983-01-30
"ENSO4",1983,4,0.734838709677419,1983-01-24,1983-01-30
"DMI",1983,5,-0.599143680052666,1983-01-31,1983-02-06
"ENSO3",1983,5,2.4092116524029,1983-01-31,1983-02-06
"ENSO34",1983,5,2.18040651744569,1983-01-31,1983-02-06
"ENSO4",1983,5,0.714066820276498,1983-01-31,1983-02-06
"DMI",1983,6,-0.640035714285714,1983-02-07,1983-02-13
"ENSO3",1983,6,2.30178571428571,1983-02-07,1983-02-13
"ENSO34",1983,6,2.04964285714286,1983-02-07,1983-02-13
"ENSO4",1983,6,0.6625,1983-02-07,1983-02-13
"DMI",1983,7,-0.681285714285714,1983-02-14,1983-02-20
"ENSO3",1983,7,2.19428571428571,1983-02-14,1983-02-20
"ENSO34",1983,7,1.91714285714286,1983-02-14,1983-02-20
"ENSO4",1983,7,0.61,1983-02-14,1983-02-20
"DMI",1983,8,-0.722535714285714,1983-02-21,1983-02-27
"ENSO3",1983,8,2.08678571428571,1983-02-21,1983-02-27
"ENSO34",1983,8,1.78464285714286,1983-02-21,1983-02-27
"ENSO4",1983,8,0.5575,1983-02-21,1983-02-27
"DMI",1983,9,-0.737609776168532,1983-02-28,1983-03-06
"ENSO3",1983,9,1.99283903884134,1983-02-28,1983-03-06
"ENSO34",1983,9,1.65330315997367,1983-02-28,1983-03-06
"ENSO4",1983,9,0.503099078341014,1983-02-28,1983-03-06
"DMI",1983,10,-0.695096774193548,1983-03-07,1983-03-13
"ENSO3",1983,10,1.92870967741935,1983-03-07,1983-03-13
"ENSO34",1983,10,1.52451612903226,1983-03-07,1983-03-13
"ENSO4",1983,10,0.444516129032258,1983-03-07,1983-03-13
"DMI",1983,11,-0.650838709677419,1983-03-14,1983-03-20
"ENSO3",1983,11,1.86548387096774,1983-03-14,1983-03-20
"ENSO34",1983,11,1.3958064516129,1983-03-14,1983-03-20
"ENSO4",1983,11,0.385806451612903,1983-03-14,1983-03-20
"DMI",1983,12,-0.60658064516129,1983-03-21,1983-03-27
"ENSO3",1983,12,1.80225806451613,1983-03-21,1983-03-27
"ENSO34",1983,12,1.26709677419355,1983-03-21,1983-03-27
"ENSO4",1983,12,0.327096774193548,1983-03-21,1983-03-27
"DMI",1983,13,-0.557932258064516,1983-03-28,1983-04-03
"ENSO3",1983,13,1.74618894009217,1983-03-28,1983-04-03
"ENSO34",1983,13,1.14626728110599,1983-03-28,1983-04-03
"ENSO4",1983,13,0.272410138248848,1983-03-28,1983-04-03
"DMI",1983,14,-0.4566,1983-04-04,1983-04-10
"ENSO3",1983,14,1.776,1983-04-04,1983-04-10
"ENSO34",1983,14,1.12,1983-04-04,1983-04-10
"ENSO4",1983,14,0.266,1983-04-04,1983-04-10
"DMI",1983,15,-0.340633333333333,1983-04-11,1983-04-17
"ENSO3",1983,15,1.82966666666667,1983-04-11,1983-04-17
"ENSO34",1983,15,1.12,1983-04-11,1983-04-17
"ENSO4",1983,15,0.273,1983-04-11,1983-04-17
"DMI",1983,16,-0.224666666666667,1983-04-18,1983-04-24
"ENSO3",1983,16,1.88333333333333,1983-04-18,1983-04-24
"ENSO34",1983,16,1.12,1983-04-18,1983-04-24
"ENSO4",1983,16,0.28,1983-04-18,1983-04-24
"DMI",1983,17,-0.1087,1983-04-25,1983-05-01
"ENSO3",1983,17,1.937,1983-04-25,1983-05-01
"ENSO34",1983,17,1.12,1983-04-25,1983-05-01
"ENSO4",1983,17,0.287,1983-04-25,1983-05-01
"DMI",1983,18,-0.00351612903225806,1983-05-02,1983-05-08
"ENSO3",1983,18,1.93161290322581,1983-05-02,1983-05-08
"ENSO34",1983,18,1.05548387096774,1983-05-02,1983-05-08
"ENSO4",1983,18,0.256451612903226,1983-05-02,1983-05-08
"DMI",1983,19,0.0935806451612903,1983-05-09,1983-05-15
"ENSO3",1983,19,1.88193548387097,1983-05-09,1983-05-15
"ENSO34",1983,19,0.94258064516129,1983-05-09,1983-05-15
"ENSO4",1983,19,0.197741935483871,1983-05-09,1983-05-15
"DMI",1983,20,0.190677419354839,1983-05-16,1983-05-22
"ENSO3",1983,20,1.83225806451613,1983-05-16,1983-05-22
"ENSO34",1983,20,0.829677419354839,1983-05-16,1983-05-22
"ENSO4",1983,20,0.139032258064516,1983-05-16,1983-05-22
"DMI",1983,21,0.287774193548387,1983-05-23,1983-05-29
"ENSO3",1983,21,1.78258064516129,1983-05-23,1983-05-29
"ENSO34",1983,21,0.716774193548387,1983-05-23,1983-05-29
"ENSO4",1983,21,0.0803225806451613,1983-05-23,1983-05-29
"DMI",1983,22,0.372388632872504,1983-05-30,1983-06-05
"ENSO3",1983,22,1.70923195084485,1983-05-30,1983-06-05
"ENSO34",1983,22,0.592150537634409,1983-05-30,1983-06-05
"ENSO4",1983,22,0.0159754224270353,1983-05-30,1983-06-05
"DMI",1983,23,0.412066666666667,1983-06-06,1983-06-12
"ENSO3",1983,23,1.55066666666667,1983-06-06,1983-06-12
"ENSO34",1983,23,0.425333333333333,1983-06-06,1983-06-12
"ENSO4",1983,23,-0.0686666666666667,1983-06-06,1983-06-12
"DMI",1983,24,0.448,1983-06-13,1983-06-19
"ENSO3",1983,24,1.385,1983-06-13,1983-06-19
"ENSO34",1983,24,0.255,1983-06-13,1983-06-19
"ENSO4",1983,24,-0.155,1983-06-13,1983-06-19
"DMI",1983,25,0.483933333333333,1983-06-20,1983-06-26
"ENSO3",1983,25,1.21933333333333,1983-06-20,1983-06-26
"ENSO34",1983,25,0.0846666666666667,1983-06-20,1983-06-26
"ENSO4",1983,25,-0.241333333333333,1983-06-20,1983-06-26
"DMI",1983,26,0.515178187403994,1983-06-27,1983-07-03
"ENSO3",1983,26,1.061044546851,1983-06-27,1983-07-03
"ENSO34",1983,26,-0.0755145929339478,1983-06-27,1983-07-03
"ENSO4",1983,26,-0.322657450076805,1983-06-27,1983-07-03
"DMI",1983,27,0.490161290322581,1983-07-04,1983-07-10
"ENSO3",1983,27,0.991290322580645,1983-07-04,1983-07-10
"ENSO34",1983,27,-0.113870967741935,1983-07-04,1983-07-10
"ENSO4",1983,27,-0.343870967741935,1983-07-04,1983-07-10
"DMI",1983,28,0.449516129032258,1983-07-11,1983-07-17
"ENSO3",1983,28,0.946129032258065,1983-07-11,1983-07-17
"ENSO34",1983,28,-0.118387096774194,1983-07-11,1983-07-17
"ENSO4",1983,28,-0.348387096774194,1983-07-11,1983-07-17
"DMI",1983,29,0.408870967741935,1983-07-18,1983-07-24
"ENSO3",1983,29,0.900967741935484,1983-07-18,1983-07-24
"ENSO34",1983,29,-0.122903225806452,1983-07-18,1983-07-24
"ENSO4",1983,29,-0.352903225806452,1983-07-18,1983-07-24
"DMI",1983,30,0.368225806451613,1983-07-25,1983-07-31
"ENSO3",1983,30,0.855806451612903,1983-07-25,1983-07-31
"ENSO34",1983,30,-0.12741935483871,1983-07-25,1983-07-31
"ENSO4",1983,30,-0.35741935483871,1983-07-25,1983-07-31
"DMI",1983,31,0.304935483870968,1983-08-01,1983-08-07
"ENSO3",1983,31,0.767096774193548,1983-08-01,1983-08-07
"ENSO34",1983,31,-0.165806451612903,1983-08-01,1983-08-07
"ENSO4",1983,31,-0.387096774193548,1983-08-01,1983-08-07
"DMI",1983,32,0.211451612903226,1983-08-08,1983-08-14
"ENSO3",1983,32,0.620322580645161,1983-08-08,1983-08-14
"ENSO34",1983,32,-0.249354838709677,1983-08-08,1983-08-14
"ENSO4",1983,32,-0.450322580645161,1983-08-08,1983-08-14
"DMI",1983,33,0.117967741935484,1983-08-15,1983-08-21
"ENSO3",1983,33,0.473548387096774,1983-08-15,1983-08-21
"ENSO34",1983,33,-0.332903225806452,1983-08-15,1983-08-21
"ENSO4",1983,33,-0.513548387096774,1983-08-15,1983-08-21
"DMI",1983,34,0.0244838709677419,1983-08-22,1983-08-28
"ENSO3",1983,34,0.326774193548387,1983-08-22,1983-08-28
"ENSO34",1983,34,-0.416451612903226,1983-08-22,1983-08-28
"ENSO4",1983,34,-0.576774193548387,1983-08-22,1983-08-28
"DMI",1983,35,-0.0638101382488479,1983-08-29,1983-09-04
"ENSO3",1983,35,0.178829493087558,1983-08-29,1983-09-04
"ENSO34",1983,35,-0.504912442396313,1983-08-29,1983-09-04
"ENSO4",1983,35,-0.638543778801843,1983-08-29,1983-09-04
"DMI",1983,36,-0.1201,1983-09-05,1983-09-11
"ENSO3",1983,36,0.0236666666666667,1983-09-05,1983-09-11
"ENSO34",1983,36,-0.623666666666667,1983-09-05,1983-09-11
"ENSO4",1983,36,-0.691333333333333,1983-09-05,1983-09-11
"DMI",1983,37,-0.1712,1983-09-12,1983-09-18
"ENSO3",1983,37,-0.132666666666667,1983-09-12,1983-09-18
"ENSO34",1983,37,-0.747333333333333,1983-09-12,1983-09-18
"ENSO4",1983,37,-0.742666666666667,1983-09-12,1983-09-18
"DMI",1983,38,-0.2223,1983-09-19,1983-09-25
"ENSO3",1983,38,-0.289,1983-09-19,1983-09-25
"ENSO34",1983,38,-0.871,1983-09-19,1983-09-25
"ENSO4",1983,38,-0.794,1983-09-19,1983-09-25
"DMI",1983,39,-0.272610599078341,1983-09-26,1983-10-02
"ENSO3",1983,39,-0.44352534562212,1983-09-26,1983-10-02
"ENSO34",1983,39,-0.992603686635945,1983-09-26,1983-10-02
"ENSO4",1983,39,-0.84442396313364,1983-09-26,1983-10-02
"DMI",1983,40,-0.296870967741935,1983-10-03,1983-10-09
"ENSO3",1983,40,-0.538387096774193,1983-10-03,1983-10-09
"ENSO34",1983,40,-1.04612903225806,1983-10-03,1983-10-09
"ENSO4",1983,40,-0.864838709677419,1983-10-03,1983-10-09
"DMI",1983,41,-0.309290322580645,1983-10-10,1983-10-16
"ENSO3",1983,41,-0.606129032258065,1983-10-10,1983-10-16
"ENSO34",1983,41,-1.06870967741935,1983-10-10,1983-10-16
"ENSO4",1983,41,-0.871612903225806,1983-10-10,1983-10-16
"DMI",1983,42,-0.321709677419355,1983-10-17,1983-10-23
"ENSO3",1983,42,-0.673870967741935,1983-10-17,1983-10-23
"ENSO34",1983,42,-1.09129032258065,1983-10-17,1983-10-23
"ENSO4",1983,42,-0.878387096774194,1983-10-17,1983-10-23
"DMI",1983,43,-0.334129032258065,1983-10-24,1983-10-30
"ENSO3",1983,43,-0.741612903225807,1983-10-24,1983-10-30
"ENSO34",1983,43,-1.11387096774194,1983-10-24,1983-10-30
"ENSO4",1983,43,-0.885161290322581,1983-10-24,1983-10-30
"DMI",1983,44,-0.325460829493088,1983-10-31,1983-11-06
"ENSO3",1983,44,-0.77647465437788,1983-10-31,1983-11-06
"ENSO34",1983,44,-1.11668202764977,1983-10-31,1983-11-06
"ENSO4",1983,44,-0.874861751152074,1983-10-31,1983-11-06
"DMI",1983,45,-0.2704,1983-11-07,1983-11-13
"ENSO3",1983,45,-0.739,1983-11-07,1983-11-13
"ENSO34",1983,45,-1.076,1983-11-07,1983-11-13
"ENSO4",1983,45,-0.827,1983-11-07,1983-11-13
"DMI",1983,46,-0.213933333333333,1983-11-14,1983-11-20
"ENSO3",1983,46,-0.699333333333333,1983-11-14,1983-11-20
"ENSO34",1983,46,-1.034,1983-11-14,1983-11-20
"ENSO4",1983,46,-0.778,1983-11-14,1983-11-20
"DMI",1983,47,-0.157466666666667,1983-11-21,1983-11-27
"ENSO3",1983,47,-0.659666666666667,1983-11-21,1983-11-27
"ENSO34",1983,47,-0.992,1983-11-21,1983-11-27
"ENSO4",1983,47,-0.729,1983-11-21,1983-11-27
"DMI",1983,48,-0.111287557603687,1983-11-28,1983-12-04
"ENSO3",1983,48,-0.62458064516129,1983-11-28,1983-12-04
"ENSO34",1983,48,-0.950995391705069,1983-11-28,1983-12-04
"ENSO4",1983,48,-0.686552995391705,1983-11-28,1983-12-04
"DMI",1983,49,-0.128548387096774,1983-12-05,1983-12-11
"ENSO3",1983,49,-0.617741935483871,1983-12-05,1983-12-11
"ENSO34",1983,49,-0.916129032258065,1983-12-05,1983-12-11
"ENSO4",1983,49,-0.684516129032258,1983-12-05,1983-12-11
"DMI",1983,50,-0.156096774193548,1983-12-12,1983-12-18
"ENSO3",1983,50,-0.615483870967742,1983-12-12,1983-12-18
"ENSO34",1983,50,-0.882258064516129,1983-12-12,1983-12-18
"ENSO4",1983,50,-0.689032258064516,1983-12-12,1983-12-18
"DMI",1983,51,-0.183645161290323,1983-12-19,1983-12-25
"ENSO3",1983,51,-0.613225806451613,1983-12-19,1983-12-25
"ENSO34",1983,51,-0.848387096774194,1983-12-19,1983-12-25
"ENSO4",1983,51,-0.693548387096774,1983-12-19,1983-12-25
"DMI",1983,52,-0.211193548387097,1983-12-26,1984-01-01
"ENSO3",1983,52,-0.610967741935484,1983-12-26,1984-01-01
"ENSO34",1983,52,-0.814516129032258,1983-12-26,1984-01-01
"ENSO4",1983,52,-0.698064516129032,1983-12-26,1984-01-01
"DMI",1984,1,-0.213451612903226,1984-01-02,1984-01-08
"ENSO3",1984,1,-0.588064516129032,1984-01-02,1984-01-08
"ENSO34",1984,1,-0.765161290322581,1984-01-02,1984-01-08
"ENSO4",1984,1,-0.693548387096774,1984-01-02,1984-01-08
"DMI",1984,2,-0.196741935483871,1984-01-09,1984-01-15
"ENSO3",1984,2,-0.549677419354839,1984-01-09,1984-01-15
"ENSO34",1984,2,-0.704193548387097,1984-01-09,1984-01-15
"ENSO4",1984,2,-0.682258064516129,1984-01-09,1984-01-15
"DMI",1984,3,-0.180032258064516,1984-01-16,1984-01-22
"ENSO3",1984,3,-0.511290322580645,1984-01-16,1984-01-22
"ENSO34",1984,3,-0.643225806451613,1984-01-16,1984-01-22
"ENSO4",1984,3,-0.670967741935484,1984-01-16,1984-01-22
"DMI",1984,4,-0.163322580645161,1984-01-23,1984-01-29
"ENSO3",1984,4,-0.472903225806452,1984-01-23,1984-01-29
"ENSO34",1984,4,-0.582258064516129,1984-01-23,1984-01-29
"ENSO4",1984,4,-0.659677419354839,1984-01-23,1984-01-29
"DMI",1984,5,-0.148692992213571,1984-01-30,1984-02-05
"ENSO3",1984,5,-0.432990624503417,1984-01-30,1984-02-05
"ENSO34",1984,5,-0.531269664706817,1984-01-30,1984-02-05
"ENSO4",1984,5,-0.656109963451454,1984-01-30,1984-02-05
"DMI",1984,6,-0.141551724137931,1984-02-06,1984-02-12
"ENSO3",1984,6,-0.387586206896552,1984-02-06,1984-02-12
"ENSO34",1984,6,-0.516206896551724,1984-02-06,1984-02-12
"ENSO4",1984,6,-0.680344827586207,1984-02-06,1984-02-12
"DMI",1984,7,-0.135034482758621,1984-02-13,1984-02-19
"ENSO3",1984,7,-0.341724137931035,1984-02-13,1984-02-19
"ENSO34",1984,7,-0.504137931034483,1984-02-13,1984-02-19
"ENSO4",1984,7,-0.706896551724138,1984-02-13,1984-02-19
"DMI",1984,8,-0.12851724137931,1984-02-20,1984-02-26
"ENSO3",1984,8,-0.295862068965517,1984-02-20,1984-02-26
"ENSO34",1984,8,-0.492068965517241,1984-02-20,1984-02-26
"ENSO4",1984,8,-0.733448275862069,1984-02-20,1984-02-26
"DMI",1984,9,-0.118042269187987,1984-02-27,1984-03-04
"ENSO3",1984,9,-0.260592722072144,1984-02-27,1984-03-04
"ENSO34",1984,9,-0.484795804862546,1984-02-27,1984-03-04
"ENSO4",1984,9,-0.759237247735579,1984-02-27,1984-03-04
"DMI",1984,10,-0.0831612903225806,1984-03-05,1984-03-11
"ENSO3",1984,10,-0.290645161290323,1984-03-05,1984-03-11
"ENSO34",1984,10,-0.507096774193548,1984-03-05,1984-03-11
"ENSO4",1984,10,-0.780322580645161,1984-03-05,1984-03-11
"DMI",1984,11,-0.0443225806451613,1984-03-12,1984-03-18
"ENSO3",1984,11,-0.331290322580645,1984-03-12,1984-03-18
"ENSO34",1984,11,-0.534193548387097,1984-03-12,1984-03-18
"ENSO4",1984,11,-0.800645161290323,1984-03-12,1984-03-18
"DMI",1984,12,-0.00548387096774194,1984-03-19,1984-03-25
"ENSO3",1984,12,-0.371935483870968,1984-03-19,1984-03-25
"ENSO34",1984,12,-0.561290322580645,1984-03-19,1984-03-25
"ENSO4",1984,12,-0.820967741935484,1984-03-19,1984-03-25
"DMI",1984,13,0.0333548387096774,1984-03-26,1984-04-01
"ENSO3",1984,13,-0.41258064516129,1984-03-26,1984-04-01
"ENSO34",1984,13,-0.588387096774194,1984-03-26,1984-04-01
"ENSO4",1984,13,-0.841290322580645,1984-03-26,1984-04-01
"DMI",1984,14,0.00266666666666667,1984-04-02,1984-04-08
"ENSO3",1984,14,-0.475333333333333,1984-04-02,1984-04-08
"ENSO34",1984,14,-0.605333333333333,1984-04-02,1984-04-08
"ENSO4",1984,14,-0.85,1984-04-02,1984-04-08
"DMI",1984,15,-0.0801666666666666,1984-04-09,1984-04-15
"ENSO3",1984,15,-0.554666666666667,1984-04-09,1984-04-15
"ENSO34",1984,15,-0.614666666666667,1984-04-09,1984-04-15
"ENSO4",1984,15,-0.85,1984-04-09,1984-04-15
"DMI",1984,16,-0.163,1984-04-16,1984-04-22
"ENSO3",1984,16,-0.634,1984-04-16,1984-04-22
"ENSO34",1984,16,-0.624,1984-04-16,1984-04-22
"ENSO4",1984,16,-0.85,1984-04-16,1984-04-22
"DMI",1984,17,-0.245833333333333,1984-04-23,1984-04-29
"ENSO3",1984,17,-0.713333333333333,1984-04-23,1984-04-29
"ENSO34",1984,17,-0.633333333333333,1984-04-23,1984-04-29
"ENSO4",1984,17,-0.85,1984-04-23,1984-04-29
"DMI",1984,18,-0.306903993855607,1984-04-30,1984-05-06
"ENSO3",1984,18,-0.791192012288787,1984-04-30,1984-05-06
"ENSO34",1984,18,-0.657781874039939,1984-04-30,1984-05-06
"ENSO4",1984,18,-0.845161290322581,1984-04-30,1984-05-06
"DMI",1984,19,-0.320096774193548,1984-05-07,1984-05-13
"ENSO3",1984,19,-0.865806451612903,1984-05-07,1984-05-13
"ENSO34",1984,19,-0.715483870967742,1984-05-07,1984-05-13
"ENSO4",1984,19,-0.829677419354839,1984-05-07,1984-05-13
"DMI",1984,20,-0.331838709677419,1984-05-14,1984-05-20
"ENSO3",1984,20,-0.940322580645161,1984-05-14,1984-05-20
"ENSO34",1984,20,-0.774193548387097,1984-05-14,1984-05-20
"ENSO4",1984,20,-0.813870967741935,1984-05-14,1984-05-20
"DMI",1984,21,-0.34358064516129,1984-05-21,1984-05-27
"ENSO3",1984,21,-1.01483870967742,1984-05-21,1984-05-27
"ENSO34",1984,21,-0.832903225806452,1984-05-21,1984-05-27
"ENSO4",1984,21,-0.798064516129032,1984-05-21,1984-05-27
"DMI",1984,22,-0.354732258064516,1984-05-28,1984-06-03
"ENSO3",1984,22,-1.0775069124424,1984-05-28,1984-06-03
"ENSO34",1984,22,-0.880875576036866,1984-05-28,1984-06-03
"ENSO4",1984,22,-0.77936866359447,1984-05-28,1984-06-03
"DMI",1984,23,-0.3588,1984-06-04,1984-06-10
"ENSO3",1984,23,-0.998,1984-06-04,1984-06-10
"ENSO34",1984,23,-0.8,1984-06-04,1984-06-10
"ENSO4",1984,23,-0.726,1984-06-04,1984-06-10
"DMI",1984,24,-0.3609,1984-06-11,1984-06-17
"ENSO3",1984,24,-0.879,1984-06-11,1984-06-17
"ENSO34",1984,24,-0.683333333333333,1984-06-11,1984-06-17
"ENSO4",1984,24,-0.663,1984-06-11,1984-06-17
"DMI",1984,25,-0.363,1984-06-18,1984-06-24
"ENSO3",1984,25,-0.76,1984-06-18,1984-06-24
"ENSO34",1984,25,-0.566666666666667,1984-06-18,1984-06-24
"ENSO4",1984,25,-0.6,1984-06-18,1984-06-24
"DMI",1984,26,-0.3651,1984-06-25,1984-07-01
"ENSO3",1984,26,-0.641,1984-06-25,1984-07-01
"ENSO34",1984,26,-0.45,1984-06-25,1984-07-01
"ENSO4",1984,26,-0.537,1984-06-25,1984-07-01
"DMI",1984,27,-0.383032258064516,1984-07-02,1984-07-08
"ENSO3",1984,27,-0.578387096774194,1984-07-02,1984-07-08
"ENSO34",1984,27,-0.4,1984-07-02,1984-07-08
"ENSO4",1984,27,-0.517741935483871,1984-07-02,1984-07-08
"DMI",1984,28,-0.412838709677419,1984-07-09,1984-07-15
"ENSO3",1984,28,-0.558064516129032,1984-07-09,1984-07-15
"ENSO34",1984,28,-0.4,1984-07-09,1984-07-15
"ENSO4",1984,28,-0.531290322580645,1984-07-09,1984-07-15
"DMI",1984,29,-0.442645161290323,1984-07-16,1984-07-22
"ENSO3",1984,29,-0.537741935483871,1984-07-16,1984-07-22
"ENSO34",1984,29,-0.4,1984-07-16,1984-07-22
"ENSO4",1984,29,-0.544838709677419,1984-07-16,1984-07-22
"DMI",1984,30,-0.472451612903226,1984-07-23,1984-07-29
"ENSO3",1984,30,-0.51741935483871,1984-07-23,1984-07-29
"ENSO34",1984,30,-0.4,1984-07-23,1984-07-29
"ENSO4",1984,30,-0.558387096774194,1984-07-23,1984-07-29
"DMI",1984,31,-0.501244239631336,1984-07-30,1984-08-05
"ENSO3",1984,31,-0.496175115207373,1984-07-30,1984-08-05
"ENSO34",1984,31,-0.397695852534562,1984-07-30,1984-08-05
"ENSO4",1984,31,-0.558571428571428,1984-07-30,1984-08-05
"DMI",1984,32,-0.526387096774193,1984-08-06,1984-08-12
"ENSO3",1984,32,-0.471612903225806,1984-08-06,1984-08-12
"ENSO34",1984,32,-0.387096774193548,1984-08-06,1984-08-12
"ENSO4",1984,32,-0.510645161290323,1984-08-06,1984-08-12
"DMI",1984,33,-0.551225806451613,1984-08-13,1984-08-19
"ENSO3",1984,33,-0.446774193548387,1984-08-13,1984-08-19
"ENSO34",1984,33,-0.375806451612903,1984-08-13,1984-08-19
"ENSO4",1984,33,-0.458709677419355,1984-08-13,1984-08-19
"DMI",1984,34,-0.576064516129032,1984-08-20,1984-08-26
"ENSO3",1984,34,-0.421935483870968,1984-08-20,1984-08-26
"ENSO34",1984,34,-0.364516129032258,1984-08-20,1984-08-26
"ENSO4",1984,34,-0.406774193548387,1984-08-20,1984-08-26
"DMI",1984,35,-0.600615360983103,1984-08-27,1984-09-02
"ENSO3",1984,35,-0.39984178187404,1984-08-27,1984-09-02
"ENSO34",1984,35,-0.355741935483871,1984-08-27,1984-09-02
"ENSO4",1984,35,-0.357612903225806,1984-08-27,1984-09-02
"DMI",1984,36,-0.615666666666667,1984-09-03,1984-09-09
"ENSO3",1984,36,-0.468333333333333,1984-09-03,1984-09-09
"ENSO34",1984,36,-0.43,1984-09-03,1984-09-09
"ENSO4",1984,36,-0.4,1984-09-03,1984-09-09
"DMI",1984,37,-0.6264,1984-09-10,1984-09-16
"ENSO3",1984,37,-0.578,1984-09-10,1984-09-16
"ENSO34",1984,37,-0.542,1984-09-10,1984-09-16
"ENSO4",1984,37,-0.484,1984-09-10,1984-09-16
"DMI",1984,38,-0.637133333333333,1984-09-17,1984-09-23
"ENSO3",1984,38,-0.687666666666667,1984-09-17,1984-09-23
"ENSO34",1984,38,-0.654,1984-09-17,1984-09-23
"ENSO4",1984,38,-0.568,1984-09-17,1984-09-23
"DMI",1984,39,-0.647866666666667,1984-09-24,1984-09-30
"ENSO3",1984,39,-0.797333333333333,1984-09-24,1984-09-30
"ENSO34",1984,39,-0.766,1984-09-24,1984-09-30
"ENSO4",1984,39,-0.652,1984-09-24,1984-09-30
"DMI",1984,40,-0.631161290322581,1984-10-01,1984-10-07
"ENSO3",1984,40,-0.871612903225806,1984-10-01,1984-10-07
"ENSO34",1984,40,-0.863870967741935,1984-10-01,1984-10-07
"ENSO4",1984,40,-0.720322580645161,1984-10-01,1984-10-07
"DMI",1984,41,-0.577870967741935,1984-10-08,1984-10-14
"ENSO3",1984,41,-0.898709677419355,1984-10-08,1984-10-14
"ENSO34",1984,41,-0.942903225806452,1984-10-08,1984-10-14
"ENSO4",1984,41,-0.767741935483871,1984-10-08,1984-10-14
"DMI",1984,42,-0.52458064516129,1984-10-15,1984-10-21
"ENSO3",1984,42,-0.925806451612903,1984-10-15,1984-10-21
"ENSO34",1984,42,-1.02193548387097,1984-10-15,1984-10-21
"ENSO4",1984,42,-0.815161290322581,1984-10-15,1984-10-21
"DMI",1984,43,-0.471290322580645,1984-10-22,1984-10-28
"ENSO3",1984,43,-0.952903225806452,1984-10-22,1984-10-28
"ENSO34",1984,43,-1.10096774193548,1984-10-22,1984-10-28
"ENSO4",1984,43,-0.86258064516129,1984-10-22,1984-10-28
"DMI",1984,44,-0.42052534562212,1984-10-29,1984-11-04
"ENSO3",1984,44,-0.987539170506912,1984-10-29,1984-11-04
"ENSO34",1984,44,-1.18032258064516,1984-10-29,1984-11-04
"ENSO4",1984,44,-0.909907834101383,1984-10-29,1984-11-04
"DMI",1984,45,-0.385333333333333,1984-11-05,1984-11-11
"ENSO3",1984,45,-1.06866666666667,1984-11-05,1984-11-11
"ENSO34",1984,45,-1.26166666666667,1984-11-05,1984-11-11
"ENSO4",1984,45,-0.956666666666667,1984-11-05,1984-11-11
"DMI",1984,46,-0.352666666666667,1984-11-12,1984-11-18
"ENSO3",1984,46,-1.15733333333333,1984-11-12,1984-11-18
"ENSO34",1984,46,-1.34333333333333,1984-11-12,1984-11-18
"ENSO4",1984,46,-1.00333333333333,1984-11-12,1984-11-18
"DMI",1984,47,-0.32,1984-11-19,1984-11-25
"ENSO3",1984,47,-1.246,1984-11-19,1984-11-25
"ENSO34",1984,47,-1.425,1984-11-19,1984-11-25
"ENSO4",1984,47,-1.05,1984-11-19,1984-11-25
"DMI",1984,48,-0.288866359447005,1984-11-26,1984-12-02
"ENSO3",1984,48,-1.33124423963134,1984-11-26,1984-12-02
"ENSO34",1984,48,-1.50205069124424,1984-11-26,1984-12-02
"ENSO4",1984,48,-1.09304147465438,1984-11-26,1984-12-02
"DMI",1984,49,-0.308322580645161,1984-12-03,1984-12-09
"ENSO3",1984,49,-1.30354838709677,1984-12-03,1984-12-09
"ENSO34",1984,49,-1.42677419354839,1984-12-03,1984-12-09
"ENSO4",1984,49,-1.01645161290323,1984-12-03,1984-12-09
"DMI",1984,50,-0.350774193548387,1984-12-10,1984-12-16
"ENSO3",1984,50,-1.22451612903226,1984-12-10,1984-12-16
"ENSO34",1984,50,-1.28225806451613,1984-12-10,1984-12-16
"ENSO4",1984,50,-0.885483870967742,1984-12-10,1984-12-16
"DMI",1984,51,-0.393225806451613,1984-12-17,1984-12-23
"ENSO3",1984,51,-1.14548387096774,1984-12-17,1984-12-23
"ENSO34",1984,51,-1.13774193548387,1984-12-17,1984-12-23
"ENSO4",1984,51,-0.754516129032258,1984-12-17,1984-12-23
"DMI",1984,52,-0.435677419354839,1984-12-24,1984-12-30
"ENSO3",1984,52,-1.06645161290323,1984-12-24,1984-12-30
"ENSO34",1984,52,-0.993225806451613,1984-12-24,1984-12-30
"ENSO4",1984,52,-0.623548387096774,1984-12-24,1984-12-30
"DMI",1985,1,-0.47626267281106,1984-12-31,1985-01-06
"ENSO3",1985,1,-1.01230414746544,1984-12-31,1985-01-06
"ENSO34",1985,1,-0.894331797235023,1984-12-31,1985-01-06
"ENSO4",1985,1,-0.537511520737327,1984-12-31,1985-01-06
"DMI",1985,2,-0.512741935483871,1985-01-07,1985-01-13
"ENSO3",1985,2,-1.01290322580645,1985-01-07,1985-01-13
"ENSO34",1985,2,-0.895806451612903,1985-01-07,1985-01-13
"ENSO4",1985,2,-0.550322580645161,1985-01-07,1985-01-13
"DMI",1985,3,-0.549096774193548,1985-01-14,1985-01-20
"ENSO3",1985,3,-1.01516129032258,1985-01-14,1985-01-20
"ENSO34",1985,3,-0.900322580645161,1985-01-14,1985-01-20
"ENSO4",1985,3,-0.566129032258065,1985-01-14,1985-01-20
"DMI",1985,4,-0.585451612903226,1985-01-21,1985-01-27
"ENSO3",1985,4,-1.01741935483871,1985-01-21,1985-01-27
"ENSO34",1985,4,-0.904838709677419,1985-01-21,1985-01-27
"ENSO4",1985,4,-0.581935483870968,1985-01-21,1985-01-27
"DMI",1985,5,-0.618264318630678,1985-01-28,1985-02-03
"ENSO3",1985,5,-1.01831468071099,1985-01-28,1985-02-03
"ENSO34",1985,5,-0.909843647136274,1985-01-28,1985-02-03
"ENSO4",1985,5,-0.599529295589203,1985-01-28,1985-02-03
"DMI",1985,6,-0.608571428571429,1985-02-04,1985-02-10
"ENSO3",1985,6,-1.00285714285714,1985-02-04,1985-02-10
"ENSO34",1985,6,-0.920714285714286,1985-02-04,1985-02-10
"ENSO4",1985,6,-0.638571428571429,1985-02-04,1985-02-10
"DMI",1985,7,-0.587071428571429,1985-02-11,1985-02-17
"ENSO3",1985,7,-0.982857142857143,1985-02-11,1985-02-17
"ENSO34",1985,7,-0.933214285714286,1985-02-11,1985-02-17
"ENSO4",1985,7,-0.683571428571429,1985-02-11,1985-02-17
"DMI",1985,8,-0.565571428571429,1985-02-18,1985-02-24
"ENSO3",1985,8,-0.962857142857143,1985-02-18,1985-02-24
"ENSO34",1985,8,-0.945714285714286,1985-02-18,1985-02-24
"ENSO4",1985,8,-0.728571428571429,1985-02-18,1985-02-24
"DMI",1985,9,-0.540673469387755,1985-02-25,1985-03-03
"ENSO3",1985,9,-0.944634628044766,1985-02-25,1985-03-03
"ENSO34",1985,9,-0.957725477287689,1985-02-25,1985-03-03
"ENSO4",1985,9,-0.77164581961817,1985-02-25,1985-03-03
"DMI",1985,10,-0.475,1985-03-04,1985-03-10
"ENSO3",1985,10,-0.947741935483871,1985-03-04,1985-03-10
"ENSO34",1985,10,-0.963870967741935,1985-03-04,1985-03-10
"ENSO4",1985,10,-0.791612903225806,1985-03-04,1985-03-10
"DMI",1985,11,-0.398,1985-03-11,1985-03-17
"ENSO3",1985,11,-0.956774193548387,1985-03-11,1985-03-17
"ENSO34",1985,11,-0.968387096774194,1985-03-11,1985-03-17
"ENSO4",1985,11,-0.805161290322581,1985-03-11,1985-03-17
"DMI",1985,12,-0.321,1985-03-18,1985-03-24
"ENSO3",1985,12,-0.965806451612903,1985-03-18,1985-03-24
"ENSO34",1985,12,-0.972903225806452,1985-03-18,1985-03-24
"ENSO4",1985,12,-0.818709677419355,1985-03-18,1985-03-24
"DMI",1985,13,-0.244,1985-03-25,1985-03-31
"ENSO3",1985,13,-0.974838709677419,1985-03-25,1985-03-31
"ENSO34",1985,13,-0.97741935483871,1985-03-25,1985-03-31
"ENSO4",1985,13,-0.832258064516129,1985-03-25,1985-03-31
"DMI",1985,14,-0.2023,1985-04-01,1985-04-07
"ENSO3",1985,14,-0.993,1985-04-01,1985-04-07
"ENSO34",1985,14,-0.972,1985-04-01,1985-04-07
"ENSO4",1985,14,-0.831,1985-04-01,1985-04-07
"DMI",1985,15,-0.207666666666667,1985-04-08,1985-04-14
"ENSO3",1985,15,-1.02333333333333,1985-04-08,1985-04-14
"ENSO34",1985,15,-0.953333333333333,1985-04-08,1985-04-14
"ENSO4",1985,15,-0.81,1985-04-08,1985-04-14
"DMI",1985,16,-0.213033333333333,1985-04-15,1985-04-21
"ENSO3",1985,16,-1.05366666666667,1985-04-15,1985-04-21
"ENSO34",1985,16,-0.934666666666667,1985-04-15,1985-04-21
"ENSO4",1985,16,-0.789,1985-04-15,1985-04-21
"DMI",1985,17,-0.2184,1985-04-22,1985-04-28
"ENSO3",1985,17,-1.084,1985-04-22,1985-04-28
"ENSO34",1985,17,-0.916,1985-04-22,1985-04-28
"ENSO4",1985,17,-0.768,1985-04-22,1985-04-28
"DMI",1985,18,-0.241381105990783,1985-04-29,1985-05-05
"ENSO3",1985,18,-1.09616129032258,1985-04-29,1985-05-05
"ENSO34",1985,18,-0.894691244239631,1985-04-29,1985-05-05
"ENSO4",1985,18,-0.750824884792627,1985-04-29,1985-05-05
"DMI",1985,19,-0.327774193548387,1985-05-06,1985-05-12
"ENSO3",1985,19,-1.04290322580645,1985-05-06,1985-05-12
"ENSO34",1985,19,-0.863870967741936,1985-05-06,1985-05-12
"ENSO4",1985,19,-0.74741935483871,1985-05-06,1985-05-12
"DMI",1985,20,-0.419451612903226,1985-05-13,1985-05-19
"ENSO3",1985,20,-0.984193548387097,1985-05-13,1985-05-19
"ENSO34",1985,20,-0.832258064516129,1985-05-13,1985-05-19
"ENSO4",1985,20,-0.745161290322581,1985-05-13,1985-05-19
"DMI",1985,21,-0.511129032258064,1985-05-20,1985-05-26
"ENSO3",1985,21,-0.925483870967742,1985-05-20,1985-05-26
"ENSO34",1985,21,-0.800645161290323,1985-05-20,1985-05-26
"ENSO4",1985,21,-0.742903225806452,1985-05-20,1985-05-26
"DMI",1985,22,-0.599859293394777,1985-05-27,1985-06-02
"ENSO3",1985,22,-0.86821044546851,1985-05-27,1985-06-02
"ENSO34",1985,22,-0.768963133640553,1985-05-27,1985-06-02
"ENSO4",1985,22,-0.739215053763441,1985-05-27,1985-06-02
"DMI",1985,23,-0.591333333333333,1985-06-03,1985-06-09
"ENSO3",1985,23,-0.858333333333333,1985-06-03,1985-06-09
"ENSO34",1985,23,-0.735,1985-06-03,1985-06-09
"ENSO4",1985,23,-0.688333333333333,1985-06-03,1985-06-09
"DMI",1985,24,-0.5386,1985-06-10,1985-06-16
"ENSO3",1985,24,-0.87,1985-06-10,1985-06-16
"ENSO34",1985,24,-0.7,1985-06-10,1985-06-16
"ENSO4",1985,24,-0.616,1985-06-10,1985-06-16
"DMI",1985,25,-0.485866666666667,1985-06-17,1985-06-23
"ENSO3",1985,25,-0.881666666666667,1985-06-17,1985-06-23
"ENSO34",1985,25,-0.665,1985-06-17,1985-06-23
"ENSO4",1985,25,-0.543666666666667,1985-06-17,1985-06-23
"DMI",1985,26,-0.433133333333333,1985-06-24,1985-06-30
"ENSO3",1985,26,-0.893333333333333,1985-06-24,1985-06-30
"ENSO34",1985,26,-0.63,1985-06-24,1985-06-30
"ENSO4",1985,26,-0.471333333333333,1985-06-24,1985-06-30
"DMI",1985,27,-0.40841935483871,1985-07-01,1985-07-07
"ENSO3",1985,27,-0.889354838709677,1985-07-01,1985-07-07
"ENSO34",1985,27,-0.598387096774194,1985-07-01,1985-07-07
"ENSO4",1985,27,-0.41741935483871,1985-07-01,1985-07-07
"DMI",1985,28,-0.421064516129032,1985-07-08,1985-07-14
"ENSO3",1985,28,-0.864516129032258,1985-07-08,1985-07-14
"ENSO34",1985,28,-0.571290322580645,1985-07-08,1985-07-14
"ENSO4",1985,28,-0.388064516129032,1985-07-08,1985-07-14
"DMI",1985,29,-0.433709677419355,1985-07-15,1985-07-21
"ENSO3",1985,29,-0.839677419354839,1985-07-15,1985-07-21
"ENSO34",1985,29,-0.544193548387097,1985-07-15,1985-07-21
"ENSO4",1985,29,-0.358709677419355,1985-07-15,1985-07-21
"DMI",1985,30,-0.446354838709677,1985-07-22,1985-07-28
"ENSO3",1985,30,-0.814838709677419,1985-07-22,1985-07-28
"ENSO34",1985,30,-0.517096774193548,1985-07-22,1985-07-28
"ENSO4",1985,30,-0.329354838709677,1985-07-22,1985-07-28
"DMI",1985,31,-0.451341013824885,1985-07-29,1985-08-04
"ENSO3",1985,31,-0.791658986175115,1985-07-29,1985-08-04
"ENSO34",1985,31,-0.495529953917051,1985-07-29,1985-08-04
"ENSO4",1985,31,-0.303594470046083,1985-07-29,1985-08-04
"DMI",1985,32,-0.409096774193548,1985-08-05,1985-08-11
"ENSO3",1985,32,-0.778709677419355,1985-08-05,1985-08-11
"ENSO34",1985,32,-0.508064516129032,1985-08-05,1985-08-11
"ENSO4",1985,32,-0.3,1985-08-05,1985-08-11
"DMI",1985,33,-0.359193548387097,1985-08-12,1985-08-18
"ENSO3",1985,33,-0.76741935483871,1985-08-12,1985-08-18
"ENSO34",1985,33,-0.526129032258065,1985-08-12,1985-08-18
"ENSO4",1985,33,-0.3,1985-08-12,1985-08-18
"DMI",1985,34,-0.309290322580645,1985-08-19,1985-08-25
"ENSO3",1985,34,-0.756129032258064,1985-08-19,1985-08-25
"ENSO34",1985,34,-0.544193548387097,1985-08-19,1985-08-25
"ENSO4",1985,34,-0.3,1985-08-19,1985-08-25
"DMI",1985,35,-0.259387096774194,1985-08-26,1985-09-01
"ENSO3",1985,35,-0.744838709677419,1985-08-26,1985-09-01
"ENSO34",1985,35,-0.562258064516129,1985-08-26,1985-09-01
"ENSO4",1985,35,-0.3,1985-08-26,1985-09-01
"DMI",1985,36,-0.272666666666667,1985-09-02,1985-09-08
"ENSO3",1985,36,-0.753333333333333,1985-09-02,1985-09-08
"ENSO34",1985,36,-0.579333333333333,1985-09-02,1985-09-08
"ENSO4",1985,36,-0.297333333333333,1985-09-02,1985-09-08
"DMI",1985,37,-0.333333333333333,1985-09-09,1985-09-15
"ENSO3",1985,37,-0.776666666666667,1985-09-09,1985-09-15
"ENSO34",1985,37,-0.595666666666667,1985-09-09,1985-09-15
"ENSO4",1985,37,-0.292666666666667,1985-09-09,1985-09-15
"DMI",1985,38,-0.394,1985-09-16,1985-09-22
"ENSO3",1985,38,-0.8,1985-09-16,1985-09-22
"ENSO34",1985,38,-0.612,1985-09-16,1985-09-22
"ENSO4",1985,38,-0.288,1985-09-16,1985-09-22
"DMI",1985,39,-0.454666666666667,1985-09-23,1985-09-29
"ENSO3",1985,39,-0.823333333333333,1985-09-23,1985-09-29
"ENSO34",1985,39,-0.628333333333333,1985-09-23,1985-09-29
"ENSO4",1985,39,-0.283333333333333,1985-09-23,1985-09-29
"DMI",1985,40,-0.457222734254992,1985-09-30,1985-10-06
"ENSO3",1985,40,-0.828463901689708,1985-09-30,1985-10-06
"ENSO34",1985,40,-0.625150537634409,1985-09-30,1985-10-06
"ENSO4",1985,40,-0.272491551459293,1985-09-30,1985-10-06
"DMI",1985,41,-0.331935483870968,1985-10-07,1985-10-13
"ENSO3",1985,41,-0.793548387096774,1985-10-07,1985-10-13
"ENSO34",1985,41,-0.579032258064516,1985-10-07,1985-10-13
"ENSO4",1985,41,-0.248064516129032,1985-10-07,1985-10-13
"DMI",1985,42,-0.202774193548387,1985-10-14,1985-10-20
"ENSO3",1985,42,-0.75741935483871,1985-10-14,1985-10-20
"ENSO34",1985,42,-0.531612903225806,1985-10-14,1985-10-20
"ENSO4",1985,42,-0.223225806451613,1985-10-14,1985-10-20
"DMI",1985,43,-0.0736129032258065,1985-10-21,1985-10-27
"ENSO3",1985,43,-0.721290322580645,1985-10-21,1985-10-27
"ENSO34",1985,43,-0.484193548387097,1985-10-21,1985-10-27
"ENSO4",1985,43,-0.198387096774194,1985-10-21,1985-10-27
"DMI",1985,44,0.040626267281106,1985-10-28,1985-11-03
"ENSO3",1985,44,-0.687230414746544,1985-10-28,1985-11-03
"ENSO34",1985,44,-0.439248847926267,1985-10-28,1985-11-03
"ENSO4",1985,44,-0.173783410138249,1985-10-28,1985-11-03
"DMI",1985,45,-0.0242,1985-11-04,1985-11-10
"ENSO3",1985,45,-0.678,1985-11-04,1985-11-10
"ENSO34",1985,45,-0.424,1985-11-04,1985-11-10
"ENSO4",1985,45,-0.152,1985-11-04,1985-11-10
"DMI",1985,46,-0.138766666666667,1985-11-11,1985-11-17
"ENSO3",1985,46,-0.675666666666667,1985-11-11,1985-11-17
"ENSO34",1985,46,-0.417,1985-11-11,1985-11-17
"ENSO4",1985,46,-0.131,1985-11-11,1985-11-17
"DMI",1985,47,-0.253333333333333,1985-11-18,1985-11-24
"ENSO3",1985,47,-0.673333333333333,1985-11-18,1985-11-24
"ENSO34",1985,47,-0.41,1985-11-18,1985-11-24
"ENSO4",1985,47,-0.11,1985-11-18,1985-11-24
"DMI",1985,48,-0.3679,1985-11-25,1985-12-01
"ENSO3",1985,48,-0.671,1985-11-25,1985-12-01
"ENSO34",1985,48,-0.403,1985-11-25,1985-12-01
"ENSO4",1985,48,-0.089,1985-11-25,1985-12-01
"DMI",1985,49,-0.377774193548387,1985-12-02,1985-12-08
"ENSO3",1985,49,-0.689354838709677,1985-12-02,1985-12-08
"ENSO34",1985,49,-0.450322580645161,1985-12-02,1985-12-08
"ENSO4",1985,49,-0.11741935483871,1985-12-02,1985-12-08
"DMI",1985,50,-0.309129032258064,1985-12-09,1985-12-15
"ENSO3",1985,50,-0.723225806451613,1985-12-09,1985-12-15
"ENSO34",1985,50,-0.538387096774194,1985-12-09,1985-12-15
"ENSO4",1985,50,-0.182903225806452,1985-12-09,1985-12-15
"DMI",1985,51,-0.240483870967742,1985-12-16,1985-12-22
"ENSO3",1985,51,-0.757096774193548,1985-12-16,1985-12-22
"ENSO34",1985,51,-0.626451612903226,1985-12-16,1985-12-22
"ENSO4",1985,51,-0.248387096774194,1985-12-16,1985-12-22
"DMI",1985,52,-0.171838709677419,1985-12-23,1985-12-29
"ENSO3",1985,52,-0.790967741935484,1985-12-23,1985-12-29
"ENSO34",1985,52,-0.714516129032258,1985-12-23,1985-12-29
"ENSO4",1985,52,-0.313870967741935,1985-12-23,1985-12-29
"DMI",1986,1,-0.118216589861751,1985-12-30,1986-01-05
"ENSO3",1986,1,-0.805023041474654,1985-12-30,1986-01-05
"ENSO34",1986,1,-0.777695852534562,1985-12-30,1986-01-05
"ENSO4",1986,1,-0.359539170506912,1985-12-30,1986-01-05
"DMI",1986,2,-0.118677419354839,1986-01-06,1986-01-12
"ENSO3",1986,2,-0.747741935483871,1986-01-06,1986-01-12
"ENSO34",1986,2,-0.751290322580645,1986-01-06,1986-01-12
"ENSO4",1986,2,-0.333870967741935,1986-01-06,1986-01-12
"DMI",1986,3,-0.123645161290323,1986-01-13,1986-01-19
"ENSO3",1986,3,-0.684516129032258,1986-01-13,1986-01-19
"ENSO34",1986,3,-0.71741935483871,1986-01-13,1986-01-19
"ENSO4",1986,3,-0.302258064516129,1986-01-13,1986-01-19
"DMI",1986,4,-0.128612903225806,1986-01-20,1986-01-26
"ENSO3",1986,4,-0.621290322580645,1986-01-20,1986-01-26
"ENSO34",1986,4,-0.683548387096774,1986-01-20,1986-01-26
"ENSO4",1986,4,-0.270645161290323,1986-01-20,1986-01-26
"DMI",1986,5,-0.133810895325872,1986-01-27,1986-02-02
"ENSO3",1986,5,-0.558997695852535,1986-01-27,1986-02-02
"ENSO34",1986,5,-0.649705398288348,1986-01-27,1986-02-02
"ENSO4",1986,5,-0.240187623436471,1986-01-27,1986-02-02
"DMI",1986,6,-0.146607142857143,1986-02-03,1986-02-09
"ENSO3",1986,6,-0.5275,1986-02-03,1986-02-09
"ENSO34",1986,6,-0.616785714285714,1986-02-03,1986-02-09
"ENSO4",1986,6,-0.247857142857143,1986-02-03,1986-02-09
"DMI",1986,7,-0.162857142857143,1986-02-10,1986-02-16
"ENSO3",1986,7,-0.51,1986-02-10,1986-02-16
"ENSO34",1986,7,-0.584285714285714,1986-02-10,1986-02-16
"ENSO4",1986,7,-0.272857142857143,1986-02-10,1986-02-16
"DMI",1986,8,-0.179107142857143,1986-02-17,1986-02-23
"ENSO3",1986,8,-0.4925,1986-02-17,1986-02-23
"ENSO34",1986,8,-0.551785714285714,1986-02-17,1986-02-23
"ENSO4",1986,8,-0.297857142857143,1986-02-17,1986-02-23
"DMI",1986,9,-0.195421823568137,1986-02-24,1986-03-02
"ENSO3",1986,9,-0.475264976958525,1986-02-24,1986-03-02
"ENSO34",1986,9,-0.519488150098749,1986-02-24,1986-03-02
"ENSO4",1986,9,-0.322070441079658,1986-02-24,1986-03-02
"DMI",1986,10,-0.213870967741935,1986-03-03,1986-03-09
"ENSO3",1986,10,-0.466774193548387,1986-03-03,1986-03-09
"ENSO34",1986,10,-0.493870967741936,1986-03-03,1986-03-09
"ENSO4",1986,10,-0.320322580645161,1986-03-03,1986-03-09
"DMI",1986,11,-0.233290322580645,1986-03-10,1986-03-16
"ENSO3",1986,11,-0.462258064516129,1986-03-10,1986-03-16
"ENSO34",1986,11,-0.471290322580645,1986-03-10,1986-03-16
"ENSO4",1986,11,-0.306774193548387,1986-03-10,1986-03-16
"DMI",1986,12,-0.252709677419355,1986-03-17,1986-03-23
"ENSO3",1986,12,-0.457741935483871,1986-03-17,1986-03-23
"ENSO34",1986,12,-0.448709677419355,1986-03-17,1986-03-23
"ENSO4",1986,12,-0.293225806451613,1986-03-17,1986-03-23
"DMI",1986,13,-0.272129032258065,1986-03-24,1986-03-30
"ENSO3",1986,13,-0.453225806451613,1986-03-24,1986-03-30
"ENSO34",1986,13,-0.426129032258064,1986-03-24,1986-03-30
"ENSO4",1986,13,-0.279677419354839,1986-03-24,1986-03-30
"DMI",1986,14,-0.276175115207373,1986-03-31,1986-04-06
"ENSO3",1986,14,-0.46294930875576,1986-03-31,1986-04-06
"ENSO34",1986,14,-0.414746543778802,1986-03-31,1986-04-06
"ENSO4",1986,14,-0.266705069124424,1986-03-31,1986-04-06
"DMI",1986,15,-0.2464,1986-04-07,1986-04-13
"ENSO3",1986,15,-0.504,1986-04-07,1986-04-13
"ENSO34",1986,15,-0.428,1986-04-07,1986-04-13
"ENSO4",1986,15,-0.255,1986-04-07,1986-04-13
"DMI",1986,16,-0.2156,1986-04-14,1986-04-20
"ENSO3",1986,16,-0.546,1986-04-14,1986-04-20
"ENSO34",1986,16,-0.442,1986-04-14,1986-04-20
"ENSO4",1986,16,-0.243333333333333,1986-04-14,1986-04-20
"DMI",1986,17,-0.1848,1986-04-21,1986-04-27
"ENSO3",1986,17,-0.588,1986-04-21,1986-04-27
"ENSO34",1986,17,-0.456,1986-04-21,1986-04-27
"ENSO4",1986,17,-0.231666666666667,1986-04-21,1986-04-27
"DMI",1986,18,-0.1612,1986-04-28,1986-05-04
"ENSO3",1986,18,-0.614903225806452,1986-04-28,1986-05-04
"ENSO34",1986,18,-0.457502304147465,1986-04-28,1986-05-04
"ENSO4",1986,18,-0.213963133640553,1986-04-28,1986-05-04
"DMI",1986,19,-0.182,1986-05-05,1986-05-11
"ENSO3",1986,19,-0.548709677419355,1986-05-05,1986-05-11
"ENSO34",1986,19,-0.381935483870968,1986-05-05,1986-05-11
"ENSO4",1986,19,-0.159032258064516,1986-05-05,1986-05-11
"DMI",1986,20,-0.21,1986-05-12,1986-05-18
"ENSO3",1986,20,-0.46741935483871,1986-05-12,1986-05-18
"ENSO34",1986,20,-0.293870967741935,1986-05-12,1986-05-18
"ENSO4",1986,20,-0.0980645161290322,1986-05-12,1986-05-18
"DMI",1986,21,-0.238,1986-05-19,1986-05-25
"ENSO3",1986,21,-0.386129032258065,1986-05-19,1986-05-25
"ENSO34",1986,21,-0.205806451612903,1986-05-19,1986-05-25
"ENSO4",1986,21,-0.0370967741935484,1986-05-19,1986-05-25
"DMI",1986,22,-0.266,1986-05-26,1986-06-01
"ENSO3",1986,22,-0.304838709677419,1986-05-26,1986-06-01
"ENSO34",1986,22,-0.117741935483871,1986-05-26,1986-06-01
"ENSO4",1986,22,0.0238709677419355,1986-05-26,1986-06-01
"DMI",1986,23,-0.313733333333333,1986-06-02,1986-06-08
"ENSO3",1986,23,-0.23,1986-06-02,1986-06-08
"ENSO34",1986,23,-0.048,1986-06-02,1986-06-08
"ENSO4",1986,23,0.0633333333333333,1986-06-02,1986-06-08
"DMI",1986,24,-0.376266666666667,1986-06-09,1986-06-15
"ENSO3",1986,24,-0.16,1986-06-09,1986-06-15
"ENSO34",1986,24,0.008,1986-06-09,1986-06-15
"ENSO4",1986,24,0.0866666666666667,1986-06-09,1986-06-15
"DMI",1986,25,-0.4388,1986-06-16,1986-06-22
"ENSO3",1986,25,-0.09,1986-06-16,1986-06-22
"ENSO34",1986,25,0.064,1986-06-16,1986-06-22
"ENSO4",1986,25,0.11,1986-06-16,1986-06-22
"DMI",1986,26,-0.501333333333333,1986-06-23,1986-06-29
"ENSO3",1986,26,-0.02,1986-06-23,1986-06-29
"ENSO34",1986,26,0.12,1986-06-23,1986-06-29
"ENSO4",1986,26,0.133333333333333,1986-06-23,1986-06-29
"DMI",1986,27,-0.534700768049155,1986-06-30,1986-07-06
"ENSO3",1986,27,0.0244239631336406,1986-06-30,1986-07-06
"ENSO34",1986,27,0.164387096774194,1986-06-30,1986-07-06
"ENSO4",1986,27,0.161274961597542,1986-06-30,1986-07-06
"DMI",1986,28,-0.503903225806452,1986-07-07,1986-07-13
"ENSO3",1986,28,0.0125806451612903,1986-07-07,1986-07-13
"ENSO34",1986,28,0.183225806451613,1986-07-07,1986-07-13
"ENSO4",1986,28,0.199354838709677,1986-07-07,1986-07-13
"DMI",1986,29,-0.471161290322581,1986-07-14,1986-07-20
"ENSO3",1986,29,-0.000967741935483871,1986-07-14,1986-07-20
"ENSO34",1986,29,0.201290322580645,1986-07-14,1986-07-20
"ENSO4",1986,29,0.237741935483871,1986-07-14,1986-07-20
"DMI",1986,30,-0.43841935483871,1986-07-21,1986-07-27
"ENSO3",1986,30,-0.0145161290322581,1986-07-21,1986-07-27
"ENSO34",1986,30,0.219354838709677,1986-07-21,1986-07-27
"ENSO4",1986,30,0.276129032258065,1986-07-21,1986-07-27
"DMI",1986,31,-0.404101382488479,1986-07-28,1986-08-03
"ENSO3",1986,31,-0.0223963133640553,1986-07-28,1986-08-03
"ENSO34",1986,31,0.241152073732719,1986-07-28,1986-08-03
"ENSO4",1986,31,0.314516129032258,1986-07-28,1986-08-03
"DMI",1986,32,-0.350870967741935,1986-08-04,1986-08-10
"ENSO3",1986,32,0.037741935483871,1986-08-04,1986-08-10
"ENSO34",1986,32,0.307741935483871,1986-08-04,1986-08-10
"ENSO4",1986,32,0.352903225806452,1986-08-04,1986-08-10
"DMI",1986,33,-0.292387096774194,1986-08-11,1986-08-17
"ENSO3",1986,33,0.116774193548387,1986-08-11,1986-08-17
"ENSO34",1986,33,0.386774193548387,1986-08-11,1986-08-17
"ENSO4",1986,33,0.391290322580645,1986-08-11,1986-08-17
"DMI",1986,34,-0.233903225806452,1986-08-18,1986-08-24
"ENSO3",1986,34,0.195806451612903,1986-08-18,1986-08-24
"ENSO34",1986,34,0.465806451612903,1986-08-18,1986-08-24
"ENSO4",1986,34,0.429677419354839,1986-08-18,1986-08-24
"DMI",1986,35,-0.17541935483871,1986-08-25,1986-08-31
"ENSO3",1986,35,0.274838709677419,1986-08-25,1986-08-31
"ENSO34",1986,35,0.544838709677419,1986-08-25,1986-08-31
"ENSO4",1986,35,0.468064516129032,1986-08-25,1986-08-31
"DMI",1986,36,-0.1326,1986-09-01,1986-09-07
"ENSO3",1986,36,0.365,1986-09-01,1986-09-07
"ENSO34",1986,36,0.621,1986-09-01,1986-09-07
"ENSO4",1986,36,0.497,1986-09-01,1986-09-07
"DMI",1986,37,-0.110666666666667,1986-09-08,1986-09-14
"ENSO3",1986,37,0.47,1986-09-08,1986-09-14
"ENSO34",1986,37,0.693333333333333,1986-09-08,1986-09-14
"ENSO4",1986,37,0.513333333333333,1986-09-08,1986-09-14
"DMI",1986,38,-0.0887333333333333,1986-09-15,1986-09-21
"ENSO3",1986,38,0.575,1986-09-15,1986-09-21
"ENSO34",1986,38,0.765666666666667,1986-09-15,1986-09-21
"ENSO4",1986,38,0.529666666666667,1986-09-15,1986-09-21
"DMI",1986,39,-0.0668,1986-09-22,1986-09-28
"ENSO3",1986,39,0.68,1986-09-22,1986-09-28
"ENSO34",1986,39,0.838,1986-09-22,1986-09-28
"ENSO4",1986,39,0.546,1986-09-22,1986-09-28
"DMI",1986,40,-0.0583751152073733,1986-09-29,1986-10-05
"ENSO3",1986,40,0.768640552995392,1986-09-29,1986-10-05
"ENSO34",1986,40,0.902023041474654,1986-09-29,1986-10-05
"ENSO4",1986,40,0.563608294930876,1986-09-29,1986-10-05
"DMI",1986,41,-0.0985806451612903,1986-10-06,1986-10-12
"ENSO3",1986,41,0.798387096774194,1986-10-06,1986-10-12
"ENSO34",1986,41,0.936129032258065,1986-10-06,1986-10-12
"ENSO4",1986,41,0.585806451612903,1986-10-06,1986-10-12
"DMI",1986,42,-0.142838709677419,1986-10-13,1986-10-19
"ENSO3",1986,42,0.823225806451613,1986-10-13,1986-10-19
"ENSO34",1986,42,0.967741935483871,1986-10-13,1986-10-19
"ENSO4",1986,42,0.608387096774194,1986-10-13,1986-10-19
"DMI",1986,43,-0.187096774193548,1986-10-20,1986-10-26
"ENSO3",1986,43,0.848064516129032,1986-10-20,1986-10-26
"ENSO34",1986,43,0.999354838709677,1986-10-20,1986-10-26
"ENSO4",1986,43,0.630967741935484,1986-10-20,1986-10-26
"DMI",1986,44,-0.230594470046083,1986-10-27,1986-11-02
"ENSO3",1986,44,0.871729646697389,1986-10-27,1986-11-02
"ENSO34",1986,44,1.03003686635945,1986-10-27,1986-11-02
"ENSO4",1986,44,0.652706605222734,1986-10-27,1986-11-02
"DMI",1986,45,-0.249,1986-11-03,1986-11-09
"ENSO3",1986,45,0.856666666666667,1986-11-03,1986-11-09
"ENSO34",1986,45,1.03,1986-11-03,1986-11-09
"ENSO4",1986,45,0.646666666666667,1986-11-03,1986-11-09
"DMI",1986,46,-0.256,1986-11-10,1986-11-16
"ENSO3",1986,46,0.824,1986-11-10,1986-11-16
"ENSO34",1986,46,1.016,1986-11-10,1986-11-16
"ENSO4",1986,46,0.628,1986-11-10,1986-11-16
"DMI",1986,47,-0.263,1986-11-17,1986-11-23
"ENSO3",1986,47,0.791333333333333,1986-11-17,1986-11-23
"ENSO34",1986,47,1.002,1986-11-17,1986-11-23
"ENSO4",1986,47,0.609333333333333,1986-11-17,1986-11-23
"DMI",1986,48,-0.27,1986-11-24,1986-11-30
"ENSO3",1986,48,0.758666666666667,1986-11-24,1986-11-30
"ENSO34",1986,48,0.988,1986-11-24,1986-11-30
"ENSO4",1986,48,0.590666666666667,1986-11-24,1986-11-30
"DMI",1986,49,-0.255322580645161,1986-12-01,1986-12-07
"ENSO3",1986,49,0.769032258064516,1986-12-01,1986-12-07
"ENSO34",1986,49,1.00032258064516,1986-12-01,1986-12-07
"ENSO4",1986,49,0.581935483870968,1986-12-01,1986-12-07
"DMI",1986,50,-0.211741935483871,1986-12-08,1986-12-14
"ENSO3",1986,50,0.836774193548387,1986-12-08,1986-12-14
"ENSO34",1986,50,1.04774193548387,1986-12-08,1986-12-14
"ENSO4",1986,50,0.586451612903226,1986-12-08,1986-12-14
"DMI",1986,51,-0.168161290322581,1986-12-15,1986-12-21
"ENSO3",1986,51,0.904516129032258,1986-12-15,1986-12-21
"ENSO34",1986,51,1.09516129032258,1986-12-15,1986-12-21
"ENSO4",1986,51,0.590967741935484,1986-12-15,1986-12-21
"DMI",1986,52,-0.12458064516129,1986-12-22,1986-12-28
"ENSO3",1986,52,0.972258064516129,1986-12-22,1986-12-28
"ENSO34",1986,52,1.14258064516129,1986-12-22,1986-12-28
"ENSO4",1986,52,0.595483870967742,1986-12-22,1986-12-28
"DMI",1987,1,-0.082963133640553,1986-12-29,1987-01-04
"ENSO3",1987,1,1.03004608294931,1986-12-29,1987-01-04
"ENSO34",1987,1,1.18364055299539,1986-12-29,1987-01-04
"ENSO4",1987,1,0.604976958525346,1986-12-29,1987-01-04
"DMI",1987,2,-0.0534516129032258,1987-01-05,1987-01-11
"ENSO3",1987,2,1.02645161290323,1987-01-05,1987-01-11
"ENSO34",1987,2,1.18548387096774,1987-01-05,1987-01-11
"ENSO4",1987,2,0.645161290322581,1987-01-05,1987-01-11
"DMI",1987,3,-0.0259032258064516,1987-01-12,1987-01-18
"ENSO3",1987,3,1.01290322580645,1987-01-12,1987-01-18
"ENSO34",1987,3,1.18096774193548,1987-01-12,1987-01-18
"ENSO4",1987,3,0.690322580645161,1987-01-12,1987-01-18
"DMI",1987,4,0.00164516129032258,1987-01-19,1987-01-25
"ENSO3",1987,4,0.999354838709677,1987-01-19,1987-01-25
"ENSO34",1987,4,1.17645161290323,1987-01-19,1987-01-25
"ENSO4",1987,4,0.735483870967742,1987-01-19,1987-01-25
"DMI",1987,5,0.0291935483870968,1987-01-26,1987-02-01
"ENSO3",1987,5,0.985806451612903,1987-01-26,1987-02-01
"ENSO34",1987,5,1.17193548387097,1987-01-26,1987-02-01
"ENSO4",1987,5,0.780645161290323,1987-01-26,1987-02-01
"DMI",1987,6,0.0155714285714286,1987-02-02,1987-02-08
"ENSO3",1987,6,0.99,1987-02-02,1987-02-08
"ENSO34",1987,6,1.18,1987-02-02,1987-02-08
"ENSO4",1987,6,0.808571428571429,1987-02-02,1987-02-08
"DMI",1987,7,-0.0289285714285714,1987-02-09,1987-02-15
"ENSO3",1987,7,1.0075,1987-02-09,1987-02-15
"ENSO34",1987,7,1.1975,1987-02-09,1987-02-15
"ENSO4",1987,7,0.823571428571429,1987-02-09,1987-02-15
"DMI",1987,8,-0.0734285714285714,1987-02-16,1987-02-22
"ENSO3",1987,8,1.025,1987-02-16,1987-02-22
"ENSO34",1987,8,1.215,1987-02-16,1987-02-22
"ENSO4",1987,8,0.838571428571429,1987-02-16,1987-02-22
"DMI",1987,9,-0.117928571428571,1987-02-23,1987-03-01
"ENSO3",1987,9,1.0425,1987-02-23,1987-03-01
"ENSO34",1987,9,1.2325,1987-02-23,1987-03-01
"ENSO4",1987,9,0.853571428571429,1987-02-23,1987-03-01
"DMI",1987,10,-0.13958064516129,1987-03-02,1987-03-08
"ENSO3",1987,10,1.03709677419355,1987-03-02,1987-03-08
"ENSO34",1987,10,1.19483870967742,1987-03-02,1987-03-08
"ENSO4",1987,10,0.816129032258065,1987-03-02,1987-03-08
"DMI",1987,11,-0.144096774193548,1987-03-09,1987-03-15
"ENSO3",1987,11,1.01451612903226,1987-03-09,1987-03-15
"ENSO34",1987,11,1.1158064516129,1987-03-09,1987-03-15
"ENSO4",1987,11,0.739354838709677,1987-03-09,1987-03-15
"DMI",1987,12,-0.148612903225806,1987-03-16,1987-03-22
"ENSO3",1987,12,0.991935483870968,1987-03-16,1987-03-22
"ENSO34",1987,12,1.03677419354839,1987-03-16,1987-03-22
"ENSO4",1987,12,0.66258064516129,1987-03-16,1987-03-22
"DMI",1987,13,-0.153129032258065,1987-03-23,1987-03-29
"ENSO3",1987,13,0.969354838709677,1987-03-23,1987-03-29
"ENSO34",1987,13,0.957741935483871,1987-03-23,1987-03-29
"ENSO4",1987,13,0.585806451612903,1987-03-23,1987-03-29
"DMI",1987,14,-0.141390168970814,1987-03-30,1987-04-05
"ENSO3",1987,14,0.957096774193548,1987-03-30,1987-04-05
"ENSO34",1987,14,0.8957910906298,1987-03-30,1987-04-05
"ENSO4",1987,14,0.526605222734255,1987-03-30,1987-04-05
"DMI",1987,15,-0.0711333333333333,1987-04-06,1987-04-12
"ENSO3",1987,15,0.982,1987-04-06,1987-04-12
"ENSO34",1987,15,0.895333333333333,1987-04-06,1987-04-12
"ENSO4",1987,15,0.530666666666667,1987-04-06,1987-04-12
"DMI",1987,16,0.004,1987-04-13,1987-04-19
"ENSO3",1987,16,1.01,1987-04-13,1987-04-19
"ENSO34",1987,16,0.9,1987-04-13,1987-04-19
"ENSO4",1987,16,0.54,1987-04-13,1987-04-19
"DMI",1987,17,0.0791333333333333,1987-04-20,1987-04-26
"ENSO3",1987,17,1.038,1987-04-20,1987-04-26
"ENSO34",1987,17,0.904666666666667,1987-04-20,1987-04-26
"ENSO4",1987,17,0.549333333333333,1987-04-20,1987-04-26
"DMI",1987,18,0.14889247311828,1987-04-27,1987-05-03
"ENSO3",1987,18,1.06497695852535,1987-04-27,1987-05-03
"ENSO34",1987,18,0.913609831029186,1987-04-27,1987-05-03
"ENSO4",1987,18,0.560860215053763,1987-04-27,1987-05-03
"DMI",1987,19,0.154161290322581,1987-05-04,1987-05-10
"ENSO3",1987,19,1.07967741935484,1987-05-04,1987-05-10
"ENSO34",1987,19,0.973870967741935,1987-05-04,1987-05-10
"ENSO4",1987,19,0.598709677419355,1987-05-04,1987-05-10
"DMI",1987,20,0.141516129032258,1987-05-11,1987-05-17
"ENSO3",1987,20,1.09096774193548,1987-05-11,1987-05-17
"ENSO34",1987,20,1.04838709677419,1987-05-11,1987-05-17
"ENSO4",1987,20,0.643870967741936,1987-05-11,1987-05-17
"DMI",1987,21,0.128870967741935,1987-05-18,1987-05-24
"ENSO3",1987,21,1.10225806451613,1987-05-18,1987-05-24
"ENSO34",1987,21,1.12290322580645,1987-05-18,1987-05-24
"ENSO4",1987,21,0.689032258064516,1987-05-18,1987-05-24
"DMI",1987,22,0.116225806451613,1987-05-25,1987-05-31
"ENSO3",1987,22,1.11354838709677,1987-05-25,1987-05-31
"ENSO34",1987,22,1.19741935483871,1987-05-25,1987-05-31
"ENSO4",1987,22,0.734193548387097,1987-05-25,1987-05-31
"DMI",1987,23,0.1188,1987-06-01,1987-06-07
"ENSO3",1987,23,1.142,1987-06-01,1987-06-07
"ENSO34",1987,23,1.25,1987-06-01,1987-06-07
"ENSO4",1987,23,0.752,1987-06-01,1987-06-07
"DMI",1987,24,0.141666666666667,1987-06-08,1987-06-14
"ENSO3",1987,24,1.19333333333333,1987-06-08,1987-06-14
"ENSO34",1987,24,1.27333333333333,1987-06-08,1987-06-14
"ENSO4",1987,24,0.733333333333333,1987-06-08,1987-06-14
"DMI",1987,25,0.164533333333333,1987-06-15,1987-06-21
"ENSO3",1987,25,1.24466666666667,1987-06-15,1987-06-21
"ENSO34",1987,25,1.29666666666667,1987-06-15,1987-06-21
"ENSO4",1987,25,0.714666666666667,1987-06-15,1987-06-21
"DMI",1987,26,0.1874,1987-06-22,1987-06-28
"ENSO3",1987,26,1.296,1987-06-22,1987-06-28
"ENSO34",1987,26,1.32,1987-06-22,1987-06-28
"ENSO4",1987,26,0.696,1987-06-22,1987-06-28
"DMI",1987,27,0.209747465437788,1987-06-29,1987-07-05
"ENSO3",1987,27,1.34100460829493,1987-06-29,1987-07-05
"ENSO34",1987,27,1.34502304147465,1987-06-29,1987-07-05
"ENSO4",1987,27,0.68252534562212,1987-06-29,1987-07-05
"DMI",1987,28,0.230225806451613,1987-07-06,1987-07-12
"ENSO3",1987,28,1.36322580645161,1987-07-06,1987-07-12
"ENSO34",1987,28,1.37612903225806,1987-07-06,1987-07-12
"ENSO4",1987,28,0.687741935483871,1987-07-06,1987-07-12
"DMI",1987,29,0.250548387096774,1987-07-13,1987-07-19
"ENSO3",1987,29,1.38354838709677,1987-07-13,1987-07-19
"ENSO34",1987,29,1.40774193548387,1987-07-13,1987-07-19
"ENSO4",1987,29,0.694516129032258,1987-07-13,1987-07-19
"DMI",1987,30,0.270870967741935,1987-07-20,1987-07-26
"ENSO3",1987,30,1.40387096774194,1987-07-20,1987-07-26
"ENSO34",1987,30,1.43935483870968,1987-07-20,1987-07-26
"ENSO4",1987,30,0.701290322580645,1987-07-20,1987-07-26
"DMI",1987,31,0.291221198156682,1987-07-27,1987-08-02
"ENSO3",1987,31,1.42470046082949,1987-07-27,1987-08-02
"ENSO34",1987,31,1.4705529953917,1987-07-27,1987-08-02
"ENSO4",1987,31,0.708479262672811,1987-07-27,1987-08-02
"DMI",1987,32,0.312483870967742,1987-08-03,1987-08-09
"ENSO3",1987,32,1.46225806451613,1987-08-03,1987-08-09
"ENSO34",1987,32,1.48806451612903,1987-08-03,1987-08-09
"ENSO4",1987,32,0.729354838709677,1987-08-03,1987-08-09
"DMI",1987,33,0.334161290322581,1987-08-10,1987-08-16
"ENSO3",1987,33,1.50741935483871,1987-08-10,1987-08-16
"ENSO34",1987,33,1.49935483870968,1987-08-10,1987-08-16
"ENSO4",1987,33,0.756451612903226,1987-08-10,1987-08-16
"DMI",1987,34,0.355838709677419,1987-08-17,1987-08-23
"ENSO3",1987,34,1.55258064516129,1987-08-17,1987-08-23
"ENSO34",1987,34,1.51064516129032,1987-08-17,1987-08-23
"ENSO4",1987,34,0.783548387096774,1987-08-17,1987-08-23
"DMI",1987,35,0.377516129032258,1987-08-24,1987-08-30
"ENSO3",1987,35,1.59774193548387,1987-08-24,1987-08-30
"ENSO34",1987,35,1.52193548387097,1987-08-24,1987-08-30
"ENSO4",1987,35,0.810645161290322,1987-08-24,1987-08-30
"DMI",1987,36,0.382700460829493,1987-08-31,1987-09-06
"ENSO3",1987,36,1.6005069124424,1987-08-31,1987-09-06
"ENSO34",1987,36,1.5176267281106,1987-08-31,1987-09-06
"ENSO4",1987,36,0.837304147465438,1987-08-31,1987-09-06
"DMI",1987,37,0.3516,1987-09-07,1987-09-13
"ENSO3",1987,37,1.51,1987-09-07,1987-09-13
"ENSO34",1987,37,1.479,1987-09-07,1987-09-13
"ENSO4",1987,37,0.863,1987-09-07,1987-09-13
"DMI",1987,38,0.3194,1987-09-14,1987-09-20
"ENSO3",1987,38,1.41666666666667,1987-09-14,1987-09-20
"ENSO34",1987,38,1.43933333333333,1987-09-14,1987-09-20
"ENSO4",1987,38,0.888666666666667,1987-09-14,1987-09-20
"DMI",1987,39,0.2872,1987-09-21,1987-09-27
"ENSO3",1987,39,1.32333333333333,1987-09-21,1987-09-27
"ENSO34",1987,39,1.39966666666667,1987-09-21,1987-09-27
"ENSO4",1987,39,0.914333333333333,1987-09-21,1987-09-27
"DMI",1987,40,0.25048202764977,1987-09-28,1987-10-04
"ENSO3",1987,40,1.2394930875576,1987-09-28,1987-10-04
"ENSO34",1987,40,1.36292165898618,1987-09-28,1987-10-04
"ENSO4",1987,40,0.938792626728111,1987-09-28,1987-10-04
"DMI",1987,41,0.185903225806452,1987-10-05,1987-10-11
"ENSO3",1987,41,1.2141935483871,1987-10-05,1987-10-11
"ENSO34",1987,41,1.3441935483871,1987-10-05,1987-10-11
"ENSO4",1987,41,0.955806451612903,1987-10-05,1987-10-11
"DMI",1987,42,0.116806451612903,1987-10-12,1987-10-18
"ENSO3",1987,42,1.19838709677419,1987-10-12,1987-10-18
"ENSO34",1987,42,1.32838709677419,1987-10-12,1987-10-18
"ENSO4",1987,42,0.971612903225806,1987-10-12,1987-10-18
"DMI",1987,43,0.0477096774193548,1987-10-19,1987-10-25
"ENSO3",1987,43,1.18258064516129,1987-10-19,1987-10-25
"ENSO34",1987,43,1.31258064516129,1987-10-19,1987-10-25
"ENSO4",1987,43,0.98741935483871,1987-10-19,1987-10-25
"DMI",1987,44,-0.0213870967741935,1987-10-26,1987-11-01
"ENSO3",1987,44,1.16677419354839,1987-10-26,1987-11-01
"ENSO34",1987,44,1.29677419354839,1987-10-26,1987-11-01
"ENSO4",1987,44,1.00322580645161,1987-10-26,1987-11-01
"DMI",1987,45,-0.0239333333333333,1987-11-02,1987-11-08
"ENSO3",1987,45,1.148,1987-11-02,1987-11-08
"ENSO34",1987,45,1.258,1987-11-02,1987-11-08
"ENSO4",1987,45,1.00066666666667,1987-11-02,1987-11-08
"DMI",1987,46,0.0234333333333333,1987-11-09,1987-11-15
"ENSO3",1987,46,1.127,1987-11-09,1987-11-15
"ENSO34",1987,46,1.202,1987-11-09,1987-11-15
"ENSO4",1987,46,0.984333333333333,1987-11-09,1987-11-15
"DMI",1987,47,0.0708,1987-11-16,1987-11-22
"ENSO3",1987,47,1.106,1987-11-16,1987-11-22
"ENSO34",1987,47,1.146,1987-11-16,1987-11-22
"ENSO4",1987,47,0.968,1987-11-16,1987-11-22
"DMI",1987,48,0.118166666666667,1987-11-23,1987-11-29
"ENSO3",1987,48,1.085,1987-11-23,1987-11-29
"ENSO34",1987,48,1.09,1987-11-23,1987-11-29
"ENSO4",1987,48,0.951666666666667,1987-11-23,1987-11-29
"DMI",1987,49,0.164927342549923,1987-11-30,1987-12-06
"ENSO3",1987,49,1.03171889400922,1987-11-30,1987-12-06
"ENSO34",1987,49,1.02625806451613,1987-11-30,1987-12-06
"ENSO4",1987,49,0.921669738863287,1987-11-30,1987-12-06
"DMI",1987,50,0.210354838709677,1987-12-07,1987-12-13
"ENSO3",1987,50,0.90741935483871,1987-12-07,1987-12-13
"ENSO34",1987,50,0.945483870967742,1987-12-07,1987-12-13
"ENSO4",1987,50,0.861612903225806,1987-12-07,1987-12-13
"DMI",1987,51,0.255741935483871,1987-12-14,1987-12-20
"ENSO3",1987,51,0.780967741935484,1987-12-14,1987-12-20
"ENSO34",1987,51,0.864193548387097,1987-12-14,1987-12-20
"ENSO4",1987,51,0.800645161290323,1987-12-14,1987-12-20
"DMI",1987,52,0.301129032258065,1987-12-21,1987-12-27
"ENSO3",1987,52,0.654516129032258,1987-12-21,1987-12-27
"ENSO34",1987,52,0.782903225806452,1987-12-21,1987-12-27
"ENSO4",1987,52,0.739677419354839,1987-12-21,1987-12-27
"DMI",1987,53,0.336728110599078,1987-12-28,1988-01-03
"ENSO3",1987,53,0.53,1987-12-28,1988-01-03
"ENSO34",1987,53,0.701889400921659,1987-12-28,1988-01-03
"ENSO4",1987,53,0.67926267281106,1987-12-28,1988-01-03
"DMI",1988,1,0.254870967741935,1988-01-04,1988-01-10
"ENSO3",1988,1,0.428709677419355,1988-01-04,1988-01-10
"ENSO34",1988,1,0.624193548387097,1988-01-04,1988-01-10
"ENSO4",1988,1,0.625483870967742,1988-01-04,1988-01-10
"DMI",1988,2,0.140387096774194,1988-01-11,1988-01-17
"ENSO3",1988,2,0.333870967741935,1988-01-11,1988-01-17
"ENSO34",1988,2,0.54741935483871,1988-01-11,1988-01-17
"ENSO4",1988,2,0.573548387096774,1988-01-11,1988-01-17
"DMI",1988,3,0.0259032258064516,1988-01-18,1988-01-24
"ENSO3",1988,3,0.239032258064516,1988-01-18,1988-01-24
"ENSO34",1988,3,0.470645161290323,1988-01-18,1988-01-24
"ENSO4",1988,3,0.521612903225806,1988-01-18,1988-01-24
"DMI",1988,4,-0.0885806451612903,1988-01-25,1988-01-31
"ENSO3",1988,4,0.144193548387097,1988-01-25,1988-01-31
"ENSO34",1988,4,0.393870967741935,1988-01-25,1988-01-31
"ENSO4",1988,4,0.469677419354839,1988-01-25,1988-01-31
"DMI",1988,5,-0.170448275862069,1988-02-01,1988-02-07
"ENSO3",1988,5,0.0910344827586207,1988-02-01,1988-02-07
"ENSO34",1988,5,0.343793103448276,1988-02-01,1988-02-07
"ENSO4",1988,5,0.426551724137931,1988-02-01,1988-02-07
"DMI",1988,6,-0.208827586206897,1988-02-08,1988-02-14
"ENSO3",1988,6,0.093448275862069,1988-02-08,1988-02-14
"ENSO34",1988,6,0.329310344827586,1988-02-08,1988-02-14
"ENSO4",1988,6,0.395172413793103,1988-02-08,1988-02-14
"DMI",1988,7,-0.247206896551724,1988-02-15,1988-02-21
"ENSO3",1988,7,0.0958620689655172,1988-02-15,1988-02-21
"ENSO34",1988,7,0.314827586206897,1988-02-15,1988-02-21
"ENSO4",1988,7,0.363793103448276,1988-02-15,1988-02-21
"DMI",1988,8,-0.285586206896552,1988-02-22,1988-02-28
"ENSO3",1988,8,0.0982758620689655,1988-02-22,1988-02-28
"ENSO34",1988,8,0.300344827586207,1988-02-22,1988-02-28
"ENSO4",1988,8,0.332413793103448,1988-02-22,1988-02-28
"DMI",1988,9,-0.299428730335293,1988-02-29,1988-03-06
"ENSO3",1988,9,0.0411949785475926,1988-02-29,1988-03-06
"ENSO34",1988,9,0.236378515811219,1988-02-29,1988-03-06
"ENSO4",1988,9,0.271239472429684,1988-02-29,1988-03-06
"DMI",1988,10,-0.259290322580645,1988-03-07,1988-03-13
"ENSO3",1988,10,-0.146774193548387,1988-03-07,1988-03-13
"ENSO34",1988,10,0.0635483870967742,1988-03-07,1988-03-13
"ENSO4",1988,10,0.144516129032258,1988-03-07,1988-03-13
"DMI",1988,11,-0.217516129032258,1988-03-14,1988-03-20
"ENSO3",1988,11,-0.338709677419355,1988-03-14,1988-03-20
"ENSO34",1988,11,-0.11258064516129,1988-03-14,1988-03-20
"ENSO4",1988,11,0.0158064516129032,1988-03-14,1988-03-20
"DMI",1988,12,-0.175741935483871,1988-03-21,1988-03-27
"ENSO3",1988,12,-0.530645161290323,1988-03-21,1988-03-27
"ENSO34",1988,12,-0.288709677419355,1988-03-21,1988-03-27
"ENSO4",1988,12,-0.112903225806452,1988-03-21,1988-03-27
"DMI",1988,13,-0.14202534562212,1988-03-28,1988-04-03
"ENSO3",1988,13,-0.7186866359447,1988-03-28,1988-04-03
"ENSO34",1988,13,-0.46205529953917,1988-03-28,1988-04-03
"ENSO4",1988,13,-0.238304147465438,1988-03-28,1988-04-03
"DMI",1988,14,-0.205,1988-04-04,1988-04-10
"ENSO3",1988,14,-0.86,1988-04-04,1988-04-10
"ENSO34",1988,14,-0.602,1988-04-04,1988-04-10
"ENSO4",1988,14,-0.324,1988-04-04,1988-04-10
"DMI",1988,15,-0.294833333333333,1988-04-11,1988-04-17
"ENSO3",1988,15,-0.988333333333333,1988-04-11,1988-04-17
"ENSO34",1988,15,-0.732666666666667,1988-04-11,1988-04-17
"ENSO4",1988,15,-0.398666666666667,1988-04-11,1988-04-17
"DMI",1988,16,-0.384666666666667,1988-04-18,1988-04-24
"ENSO3",1988,16,-1.11666666666667,1988-04-18,1988-04-24
"ENSO34",1988,16,-0.863333333333333,1988-04-18,1988-04-24
"ENSO4",1988,16,-0.473333333333333,1988-04-18,1988-04-24
"DMI",1988,17,-0.4745,1988-04-25,1988-05-01
"ENSO3",1988,17,-1.245,1988-04-25,1988-05-01
"ENSO34",1988,17,-0.994,1988-04-25,1988-05-01
"ENSO4",1988,17,-0.548,1988-04-25,1988-05-01
"DMI",1988,18,-0.481903225806452,1988-05-02,1988-05-08
"ENSO3",1988,18,-1.37096774193548,1988-05-02,1988-05-08
"ENSO34",1988,18,-1.10290322580645,1988-05-02,1988-05-08
"ENSO4",1988,18,-0.604516129032258,1988-05-02,1988-05-08
"DMI",1988,19,-0.427483870967742,1988-05-09,1988-05-15
"ENSO3",1988,19,-1.49516129032258,1988-05-09,1988-05-15
"ENSO34",1988,19,-1.19548387096774,1988-05-09,1988-05-15
"ENSO4",1988,19,-0.64741935483871,1988-05-09,1988-05-15
"DMI",1988,20,-0.373064516129032,1988-05-16,1988-05-22
"ENSO3",1988,20,-1.61935483870968,1988-05-16,1988-05-22
"ENSO34",1988,20,-1.28806451612903,1988-05-16,1988-05-22
"ENSO4",1988,20,-0.690322580645161,1988-05-16,1988-05-22
"DMI",1988,21,-0.318645161290323,1988-05-23,1988-05-29
"ENSO3",1988,21,-1.74354838709677,1988-05-23,1988-05-29
"ENSO34",1988,21,-1.38064516129032,1988-05-23,1988-05-29
"ENSO4",1988,21,-0.733225806451613,1988-05-23,1988-05-29
"DMI",1988,22,-0.269522273425499,1988-05-30,1988-06-05
"ENSO3",1988,22,-1.83858678955453,1988-05-30,1988-06-05
"ENSO34",1988,22,-1.45814132104455,1988-05-30,1988-06-05
"ENSO4",1988,22,-0.774516129032258,1988-05-30,1988-06-05
"DMI",1988,23,-0.239466666666667,1988-06-06,1988-06-12
"ENSO3",1988,23,-1.82866666666667,1988-06-06,1988-06-12
"ENSO34",1988,23,-1.48133333333333,1988-06-06,1988-06-12
"ENSO4",1988,23,-0.81,1988-06-06,1988-06-12
"DMI",1988,24,-0.211,1988-06-13,1988-06-19
"ENSO3",1988,24,-1.81,1988-06-13,1988-06-19
"ENSO34",1988,24,-1.5,1988-06-13,1988-06-19
"ENSO4",1988,24,-0.845,1988-06-13,1988-06-19
"DMI",1988,25,-0.182533333333333,1988-06-20,1988-06-26
"ENSO3",1988,25,-1.79133333333333,1988-06-20,1988-06-26
"ENSO34",1988,25,-1.51866666666667,1988-06-20,1988-06-26
"ENSO4",1988,25,-0.88,1988-06-20,1988-06-26
"DMI",1988,26,-0.157731182795699,1988-06-27,1988-07-03
"ENSO3",1988,26,-1.77090629800307,1988-06-27,1988-07-03
"ENSO34",1988,26,-1.53480798771121,1988-06-27,1988-07-03
"ENSO4",1988,26,-0.912442396313364,1988-06-27,1988-07-03
"DMI",1988,27,-0.176903225806452,1988-07-04,1988-07-10
"ENSO3",1988,27,-1.72935483870968,1988-07-04,1988-07-10
"ENSO34",1988,27,-1.52064516129032,1988-07-04,1988-07-10
"ENSO4",1988,27,-0.914193548387097,1988-07-04,1988-07-10
"DMI",1988,28,-0.208290322580645,1988-07-11,1988-07-17
"ENSO3",1988,28,-1.68193548387097,1988-07-11,1988-07-17
"ENSO34",1988,28,-1.49806451612903,1988-07-11,1988-07-17
"ENSO4",1988,28,-0.90741935483871,1988-07-11,1988-07-17
"DMI",1988,29,-0.239677419354839,1988-07-18,1988-07-24
"ENSO3",1988,29,-1.63451612903226,1988-07-18,1988-07-24
"ENSO34",1988,29,-1.47548387096774,1988-07-18,1988-07-24
"ENSO4",1988,29,-0.900645161290323,1988-07-18,1988-07-24
"DMI",1988,30,-0.271064516129032,1988-07-25,1988-07-31
"ENSO3",1988,30,-1.58709677419355,1988-07-25,1988-07-31
"ENSO34",1988,30,-1.45290322580645,1988-07-25,1988-07-31
"ENSO4",1988,30,-0.893870967741936,1988-07-25,1988-07-31
"DMI",1988,31,-0.299161290322581,1988-08-01,1988-08-07
"ENSO3",1988,31,-1.54451612903226,1988-08-01,1988-08-07
"ENSO34",1988,31,-1.42935483870968,1988-08-01,1988-08-07
"ENSO4",1988,31,-0.903548387096774,1988-08-01,1988-08-07
"DMI",1988,32,-0.322870967741935,1988-08-08,1988-08-14
"ENSO3",1988,32,-1.50838709677419,1988-08-08,1988-08-14
"ENSO34",1988,32,-1.40451612903226,1988-08-08,1988-08-14
"ENSO4",1988,32,-0.935161290322581,1988-08-08,1988-08-14
"DMI",1988,33,-0.34658064516129,1988-08-15,1988-08-21
"ENSO3",1988,33,-1.47225806451613,1988-08-15,1988-08-21
"ENSO34",1988,33,-1.37967741935484,1988-08-15,1988-08-21
"ENSO4",1988,33,-0.966774193548387,1988-08-15,1988-08-21
"DMI",1988,34,-0.370290322580645,1988-08-22,1988-08-28
"ENSO3",1988,34,-1.43612903225806,1988-08-22,1988-08-28
"ENSO34",1988,34,-1.35483870967742,1988-08-22,1988-08-28
"ENSO4",1988,34,-0.998387096774194,1988-08-22,1988-08-28
"DMI",1988,35,-0.394839631336406,1988-08-29,1988-09-04
"ENSO3",1988,35,-1.4175668202765,1988-08-29,1988-09-04
"ENSO34",1988,35,-1.35475576036866,1988-08-29,1988-09-04
"ENSO4",1988,35,-1.04184331797235,1988-08-29,1988-09-04
"DMI",1988,36,-0.424566666666667,1988-09-05,1988-09-11
"ENSO3",1988,36,-1.50733333333333,1988-09-05,1988-09-11
"ENSO34",1988,36,-1.50733333333333,1988-09-05,1988-09-11
"ENSO4",1988,36,-1.15833333333333,1988-09-05,1988-09-11
"DMI",1988,37,-0.455133333333333,1988-09-12,1988-09-18
"ENSO3",1988,37,-1.61466666666667,1988-09-12,1988-09-18
"ENSO34",1988,37,-1.68466666666667,1988-09-12,1988-09-18
"ENSO4",1988,37,-1.28666666666667,1988-09-12,1988-09-18
"DMI",1988,38,-0.4857,1988-09-19,1988-09-25
"ENSO3",1988,38,-1.722,1988-09-19,1988-09-25
"ENSO34",1988,38,-1.862,1988-09-19,1988-09-25
"ENSO4",1988,38,-1.415,1988-09-19,1988-09-25
"DMI",1988,39,-0.514066820276498,1988-09-26,1988-10-02
"ENSO3",1988,39,-1.82705069124424,1988-09-26,1988-10-02
"ENSO34",1988,39,-2.03612903225806,1988-09-26,1988-10-02
"ENSO4",1988,39,-1.54103686635945,1988-09-26,1988-10-02
"DMI",1988,40,-0.469838709677419,1988-10-03,1988-10-09
"ENSO3",1988,40,-1.85677419354839,1988-10-03,1988-10-09
"ENSO34",1988,40,-2.10451612903226,1988-10-03,1988-10-09
"ENSO4",1988,40,-1.59129032258065,1988-10-03,1988-10-09
"DMI",1988,41,-0.392612903225806,1988-10-10,1988-10-16
"ENSO3",1988,41,-1.85225806451613,1988-10-10,1988-10-16
"ENSO34",1988,41,-2.12483870967742,1988-10-10,1988-10-16
"ENSO4",1988,41,-1.60709677419355,1988-10-10,1988-10-16
"DMI",1988,42,-0.315387096774194,1988-10-17,1988-10-23
"ENSO3",1988,42,-1.84774193548387,1988-10-17,1988-10-23
"ENSO34",1988,42,-2.14516129032258,1988-10-17,1988-10-23
"ENSO4",1988,42,-1.62290322580645,1988-10-17,1988-10-23
"DMI",1988,43,-0.238161290322581,1988-10-24,1988-10-30
"ENSO3",1988,43,-1.84322580645161,1988-10-24,1988-10-30
"ENSO34",1988,43,-2.16548387096774,1988-10-24,1988-10-30
"ENSO4",1988,43,-1.63870967741935,1988-10-24,1988-10-30
"DMI",1988,44,-0.160361751152074,1988-10-31,1988-11-06
"ENSO3",1988,44,-1.83437788018433,1988-10-31,1988-11-06
"ENSO34",1988,44,-2.16529953917051,1988-10-31,1988-11-06
"ENSO4",1988,44,-1.64539170506912,1988-10-31,1988-11-06
"DMI",1988,45,-0.0813,1988-11-07,1988-11-13
"ENSO3",1988,45,-1.816,1988-11-07,1988-11-13
"ENSO34",1988,45,-2.12,1988-11-07,1988-11-13
"ENSO4",1988,45,-1.632,1988-11-07,1988-11-13
"DMI",1988,46,-0.00220000000000001,1988-11-14,1988-11-20
"ENSO3",1988,46,-1.79733333333333,1988-11-14,1988-11-20
"ENSO34",1988,46,-2.07333333333333,1988-11-14,1988-11-20
"ENSO4",1988,46,-1.618,1988-11-14,1988-11-20
"DMI",1988,47,0.0769,1988-11-21,1988-11-27
"ENSO3",1988,47,-1.77866666666667,1988-11-21,1988-11-27
"ENSO34",1988,47,-2.02666666666667,1988-11-21,1988-11-27
"ENSO4",1988,47,-1.604,1988-11-21,1988-11-27
"DMI",1988,48,0.13423133640553,1988-11-28,1988-12-04
"ENSO3",1988,48,-1.75205529953917,1988-11-28,1988-12-04
"ENSO34",1988,48,-1.98488479262673,1988-11-28,1988-12-04
"ENSO4",1988,48,-1.59226728110599,1988-11-28,1988-12-04
"DMI",1988,49,0.0573225806451613,1988-12-05,1988-12-11
"ENSO3",1988,49,-1.67645161290323,1988-12-05,1988-12-11
"ENSO34",1988,49,-1.97322580645161,1988-12-05,1988-12-11
"ENSO4",1988,49,-1.59451612903226,1988-12-05,1988-12-11
"DMI",1988,50,-0.0413548387096774,1988-12-12,1988-12-18
"ENSO3",1988,50,-1.59290322580645,1988-12-12,1988-12-18
"ENSO34",1988,50,-1.96645161290323,1988-12-12,1988-12-18
"ENSO4",1988,50,-1.59903225806452,1988-12-12,1988-12-18
"DMI",1988,51,-0.140032258064516,1988-12-19,1988-12-25
"ENSO3",1988,51,-1.50935483870968,1988-12-19,1988-12-25
"ENSO34",1988,51,-1.95967741935484,1988-12-19,1988-12-25
"ENSO4",1988,51,-1.60354838709677,1988-12-19,1988-12-25
"DMI",1988,52,-0.238709677419355,1988-12-26,1989-01-01
"ENSO3",1988,52,-1.4258064516129,1988-12-26,1989-01-01
"ENSO34",1988,52,-1.95290322580645,1988-12-26,1989-01-01
"ENSO4",1988,52,-1.60806451612903,1988-12-26,1989-01-01
"DMI",1989,1,-0.250548387096774,1989-01-02,1989-01-08
"ENSO3",1989,1,-1.31258064516129,1989-01-02,1989-01-08
"ENSO34",1989,1,-1.87516129032258,1989-01-02,1989-01-08
"ENSO4",1989,1,-1.57774193548387,1989-01-02,1989-01-08
"DMI",1989,2,-0.197258064516129,1989-01-09,1989-01-15
"ENSO3",1989,2,-1.17709677419355,1989-01-09,1989-01-15
"ENSO34",1989,2,-1.7441935483871,1989-01-09,1989-01-15
"ENSO4",1989,2,-1.52129032258065,1989-01-09,1989-01-15
"DMI",1989,3,-0.143967741935484,1989-01-16,1989-01-22
"ENSO3",1989,3,-1.04161290322581,1989-01-16,1989-01-22
"ENSO34",1989,3,-1.61322580645161,1989-01-16,1989-01-22
"ENSO4",1989,3,-1.46483870967742,1989-01-16,1989-01-22
"DMI",1989,4,-0.0906774193548387,1989-01-23,1989-01-29
"ENSO3",1989,4,-0.906129032258065,1989-01-23,1989-01-29
"ENSO34",1989,4,-1.48225806451613,1989-01-23,1989-01-29
"ENSO4",1989,4,-1.40838709677419,1989-01-23,1989-01-29
"DMI",1989,5,-0.0622422646477946,1989-01-30,1989-02-05
"ENSO3",1989,5,-0.811050032916392,1989-01-30,1989-02-05
"ENSO34",1989,5,-1.37597761685319,1989-01-30,1989-02-05
"ENSO4",1989,5,-1.3578439763002,1989-01-30,1989-02-05
"DMI",1989,6,-0.123285714285714,1989-02-06,1989-02-12
"ENSO3",1989,6,-0.861428571428571,1989-02-06,1989-02-12
"ENSO34",1989,6,-1.35857142857143,1989-02-06,1989-02-12
"ENSO4",1989,6,-1.32857142857143,1989-02-06,1989-02-12
"DMI",1989,7,-0.191785714285714,1989-02-13,1989-02-19
"ENSO3",1989,7,-0.923928571428571,1989-02-13,1989-02-19
"ENSO34",1989,7,-1.34857142857143,1989-02-13,1989-02-19
"ENSO4",1989,7,-1.30107142857143,1989-02-13,1989-02-19
"DMI",1989,8,-0.260285714285714,1989-02-20,1989-02-26
"ENSO3",1989,8,-0.986428571428571,1989-02-20,1989-02-26
"ENSO34",1989,8,-1.33857142857143,1989-02-20,1989-02-26
"ENSO4",1989,8,-1.27357142857143,1989-02-20,1989-02-26
"DMI",1989,9,-0.322225477287689,1989-02-27,1989-03-05
"ENSO3",1989,9,-1.02880019749835,1989-02-27,1989-03-05
"ENSO34",1989,9,-1.32047399605003,1989-02-27,1989-03-05
"ENSO4",1989,9,-1.23878044766294,1989-02-27,1989-03-05
"DMI",1989,10,-0.360548387096774,1989-03-06,1989-03-12
"ENSO3",1989,10,-0.998709677419355,1989-03-06,1989-03-12
"ENSO34",1989,10,-1.27322580645161,1989-03-06,1989-03-12
"ENSO4",1989,10,-1.17774193548387,1989-03-06,1989-03-12
"DMI",1989,11,-0.396903225806452,1989-03-13,1989-03-19
"ENSO3",1989,11,-0.96258064516129,1989-03-13,1989-03-19
"ENSO34",1989,11,-1.22354838709677,1989-03-13,1989-03-19
"ENSO4",1989,11,-1.11451612903226,1989-03-13,1989-03-19
"DMI",1989,12,-0.433258064516129,1989-03-20,1989-03-26
"ENSO3",1989,12,-0.926451612903226,1989-03-20,1989-03-26
"ENSO34",1989,12,-1.17387096774194,1989-03-20,1989-03-26
"ENSO4",1989,12,-1.05129032258065,1989-03-20,1989-03-26
"DMI",1989,13,-0.469413824884793,1989-03-27,1989-04-02
"ENSO3",1989,13,-0.890583717357911,1989-03-27,1989-04-02
"ENSO34",1989,13,-1.1237311827957,1989-03-27,1989-04-02
"ENSO4",1989,13,-0.988259600614439,1989-03-27,1989-04-02
"DMI",1989,14,-0.499,1989-04-03,1989-04-09
"ENSO3",1989,14,-0.863333333333333,1989-04-03,1989-04-09
"ENSO34",1989,14,-1.05833333333333,1989-04-03,1989-04-09
"ENSO4",1989,14,-0.931666666666667,1989-04-03,1989-04-09
"DMI",1989,15,-0.5256,1989-04-10,1989-04-16
"ENSO3",1989,15,-0.84,1989-04-10,1989-04-16
"ENSO34",1989,15,-0.986,1989-04-10,1989-04-16
"ENSO4",1989,15,-0.878,1989-04-10,1989-04-16
"DMI",1989,16,-0.5522,1989-04-17,1989-04-23
"ENSO3",1989,16,-0.816666666666667,1989-04-17,1989-04-23
"ENSO34",1989,16,-0.913666666666667,1989-04-17,1989-04-23
"ENSO4",1989,16,-0.824333333333333,1989-04-17,1989-04-23
"DMI",1989,17,-0.5788,1989-04-24,1989-04-30
"ENSO3",1989,17,-0.793333333333333,1989-04-24,1989-04-30
"ENSO34",1989,17,-0.841333333333333,1989-04-24,1989-04-30
"ENSO4",1989,17,-0.770666666666667,1989-04-24,1989-04-30
"DMI",1989,18,-0.612,1989-05-01,1989-05-07
"ENSO3",1989,18,-0.745161290322581,1989-05-01,1989-05-07
"ENSO34",1989,18,-0.784516129032258,1989-05-01,1989-05-07
"ENSO4",1989,18,-0.749677419354839,1989-05-01,1989-05-07
"DMI",1989,19,-0.654,1989-05-08,1989-05-14
"ENSO3",1989,19,-0.663870967741936,1989-05-08,1989-05-14
"ENSO34",1989,19,-0.748387096774194,1989-05-08,1989-05-14
"ENSO4",1989,19,-0.772258064516129,1989-05-08,1989-05-14
"DMI",1989,20,-0.696,1989-05-15,1989-05-21
"ENSO3",1989,20,-0.58258064516129,1989-05-15,1989-05-21
"ENSO34",1989,20,-0.712258064516129,1989-05-15,1989-05-21
"ENSO4",1989,20,-0.794838709677419,1989-05-15,1989-05-21
"DMI",1989,21,-0.738,1989-05-22,1989-05-28
"ENSO3",1989,21,-0.501290322580645,1989-05-22,1989-05-28
"ENSO34",1989,21,-0.676129032258065,1989-05-22,1989-05-28
"ENSO4",1989,21,-0.81741935483871,1989-05-22,1989-05-28
"DMI",1989,22,-0.765342857142857,1989-05-29,1989-06-04
"ENSO3",1989,22,-0.425668202764977,1989-05-29,1989-06-04
"ENSO34",1989,22,-0.639566820276498,1989-05-29,1989-06-04
"ENSO4",1989,22,-0.829806451612903,1989-05-29,1989-06-04
"DMI",1989,23,-0.7023,1989-06-05,1989-06-11
"ENSO3",1989,23,-0.385,1989-06-05,1989-06-11
"ENSO34",1989,23,-0.600333333333333,1989-06-05,1989-06-11
"ENSO4",1989,23,-0.779333333333333,1989-06-05,1989-06-11
"DMI",1989,24,-0.6246,1989-06-12,1989-06-18
"ENSO3",1989,24,-0.35,1989-06-12,1989-06-18
"ENSO34",1989,24,-0.560666666666667,1989-06-12,1989-06-18
"ENSO4",1989,24,-0.718666666666667,1989-06-12,1989-06-18
"DMI",1989,25,-0.5469,1989-06-19,1989-06-25
"ENSO3",1989,25,-0.315,1989-06-19,1989-06-25
"ENSO34",1989,25,-0.521,1989-06-19,1989-06-25
"ENSO4",1989,25,-0.658,1989-06-19,1989-06-25
"DMI",1989,26,-0.470205069124424,1989-06-26,1989-07-02
"ENSO3",1989,26,-0.281820276497696,1989-06-26,1989-07-02
"ENSO34",1989,26,-0.482649769585253,1989-06-26,1989-07-02
"ENSO4",1989,26,-0.598709677419355,1989-06-26,1989-07-02
"DMI",1989,27,-0.426677419354839,1989-07-03,1989-07-09
"ENSO3",1989,27,-0.308709677419355,1989-07-03,1989-07-09
"ENSO34",1989,27,-0.487741935483871,1989-07-03,1989-07-09
"ENSO4",1989,27,-0.584838709677419,1989-07-03,1989-07-09
"DMI",1989,28,-0.398225806451613,1989-07-10,1989-07-16
"ENSO3",1989,28,-0.362903225806452,1989-07-10,1989-07-16
"ENSO34",1989,28,-0.51258064516129,1989-07-10,1989-07-16
"ENSO4",1989,28,-0.591612903225806,1989-07-10,1989-07-16
"DMI",1989,29,-0.369774193548387,1989-07-17,1989-07-23
"ENSO3",1989,29,-0.417096774193548,1989-07-17,1989-07-23
"ENSO34",1989,29,-0.53741935483871,1989-07-17,1989-07-23
"ENSO4",1989,29,-0.598387096774194,1989-07-17,1989-07-23
"DMI",1989,30,-0.341322580645161,1989-07-24,1989-07-30
"ENSO3",1989,30,-0.471290322580645,1989-07-24,1989-07-30
"ENSO34",1989,30,-0.562258064516129,1989-07-24,1989-07-30
"ENSO4",1989,30,-0.605161290322581,1989-07-24,1989-07-30
"DMI",1989,31,-0.31494470046083,1989-07-31,1989-08-06
"ENSO3",1989,31,-0.495760368663594,1989-07-31,1989-08-06
"ENSO34",1989,31,-0.565668202764977,1989-07-31,1989-08-06
"ENSO4",1989,31,-0.593963133640553,1989-07-31,1989-08-06
"DMI",1989,32,-0.293129032258065,1989-08-07,1989-08-13
"ENSO3",1989,32,-0.454838709677419,1989-08-07,1989-08-13
"ENSO34",1989,32,-0.521935483870968,1989-08-07,1989-08-13
"ENSO4",1989,32,-0.543225806451613,1989-08-07,1989-08-13
"DMI",1989,33,-0.271451612903226,1989-08-14,1989-08-20
"ENSO3",1989,33,-0.411935483870968,1989-08-14,1989-08-20
"ENSO34",1989,33,-0.476774193548387,1989-08-14,1989-08-20
"ENSO4",1989,33,-0.491290322580645,1989-08-14,1989-08-20
"DMI",1989,34,-0.249774193548387,1989-08-21,1989-08-27
"ENSO3",1989,34,-0.369032258064516,1989-08-21,1989-08-27
"ENSO34",1989,34,-0.431612903225806,1989-08-21,1989-08-27
"ENSO4",1989,34,-0.439354838709677,1989-08-21,1989-08-27
"DMI",1989,35,-0.232095391705069,1989-08-28,1989-09-03
"ENSO3",1989,35,-0.329327188940092,1989-08-28,1989-09-03
"ENSO34",1989,35,-0.389502304147465,1989-08-28,1989-09-03
"ENSO4",1989,35,-0.390599078341014,1989-08-28,1989-09-03
"DMI",1989,36,-0.2624,1989-09-04,1989-09-10
"ENSO3",1989,36,-0.328,1989-09-04,1989-09-10
"ENSO34",1989,36,-0.384,1989-09-04,1989-09-10
"ENSO4",1989,36,-0.38,1989-09-04,1989-09-10
"DMI",1989,37,-0.306033333333333,1989-09-11,1989-09-17
"ENSO3",1989,37,-0.337333333333333,1989-09-11,1989-09-17
"ENSO34",1989,37,-0.388666666666667,1989-09-11,1989-09-17
"ENSO4",1989,37,-0.38,1989-09-11,1989-09-17
"DMI",1989,38,-0.349666666666667,1989-09-18,1989-09-24
"ENSO3",1989,38,-0.346666666666667,1989-09-18,1989-09-24
"ENSO34",1989,38,-0.393333333333333,1989-09-18,1989-09-24
"ENSO4",1989,38,-0.38,1989-09-18,1989-09-24
"DMI",1989,39,-0.3933,1989-09-25,1989-10-01
"ENSO3",1989,39,-0.356,1989-09-25,1989-10-01
"ENSO34",1989,39,-0.398,1989-09-25,1989-10-01
"ENSO4",1989,39,-0.38,1989-09-25,1989-10-01
"DMI",1989,40,-0.402451612903226,1989-10-02,1989-10-08
"ENSO3",1989,40,-0.35741935483871,1989-10-02,1989-10-08
"ENSO34",1989,40,-0.387096774193548,1989-10-02,1989-10-08
"ENSO4",1989,40,-0.365806451612903,1989-10-02,1989-10-08
"DMI",1989,41,-0.385741935483871,1989-10-09,1989-10-15
"ENSO3",1989,41,-0.352903225806452,1989-10-09,1989-10-15
"ENSO34",1989,41,-0.364516129032258,1989-10-09,1989-10-15
"ENSO4",1989,41,-0.340967741935484,1989-10-09,1989-10-15
"DMI",1989,42,-0.369032258064516,1989-10-16,1989-10-22
"ENSO3",1989,42,-0.348387096774194,1989-10-16,1989-10-22
"ENSO34",1989,42,-0.341935483870968,1989-10-16,1989-10-22
"ENSO4",1989,42,-0.316129032258065,1989-10-16,1989-10-22
"DMI",1989,43,-0.352322580645161,1989-10-23,1989-10-29
"ENSO3",1989,43,-0.343870967741935,1989-10-23,1989-10-29
"ENSO34",1989,43,-0.319354838709677,1989-10-23,1989-10-29
"ENSO4",1989,43,-0.291290322580645,1989-10-23,1989-10-29
"DMI",1989,44,-0.330880184331797,1989-10-30,1989-11-05
"ENSO3",1989,44,-0.341228878648234,1989-10-30,1989-11-05
"ENSO34",1989,44,-0.293287250384025,1989-10-30,1989-11-05
"ENSO4",1989,44,-0.253901689708141,1989-10-30,1989-11-05
"DMI",1989,45,-0.2924,1989-11-06,1989-11-12
"ENSO3",1989,45,-0.345333333333333,1989-11-06,1989-11-12
"ENSO34",1989,45,-0.254666666666667,1989-11-06,1989-11-12
"ENSO4",1989,45,-0.171333333333333,1989-11-06,1989-11-12
"DMI",1989,46,-0.2525,1989-11-13,1989-11-19
"ENSO3",1989,46,-0.35,1989-11-13,1989-11-19
"ENSO34",1989,46,-0.215,1989-11-13,1989-11-19
"ENSO4",1989,46,-0.085,1989-11-13,1989-11-19
"DMI",1989,47,-0.2126,1989-11-20,1989-11-26
"ENSO3",1989,47,-0.354666666666667,1989-11-20,1989-11-26
"ENSO34",1989,47,-0.175333333333333,1989-11-20,1989-11-26
"ENSO4",1989,47,0.00133333333333331,1989-11-20,1989-11-26
"DMI",1989,48,-0.174202764976959,1989-11-27,1989-12-03
"ENSO3",1989,48,-0.357803379416283,1989-11-27,1989-12-03
"ENSO34",1989,48,-0.136021505376344,1989-11-27,1989-12-03
"ENSO4",1989,48,0.0841781874039939,1989-11-27,1989-12-03
"DMI",1989,49,-0.153838709677419,1989-12-04,1989-12-10
"ENSO3",1989,49,-0.34258064516129,1989-12-04,1989-12-10
"ENSO34",1989,49,-0.100967741935484,1989-12-04,1989-12-10
"ENSO4",1989,49,0.125161290322581,1989-12-04,1989-12-10
"DMI",1989,50,-0.138483870967742,1989-12-11,1989-12-17
"ENSO3",1989,50,-0.322258064516129,1989-12-11,1989-12-17
"ENSO34",1989,50,-0.0670967741935484,1989-12-11,1989-12-17
"ENSO4",1989,50,0.154516129032258,1989-12-11,1989-12-17
"DMI",1989,51,-0.123129032258065,1989-12-18,1989-12-24
"ENSO3",1989,51,-0.301935483870968,1989-12-18,1989-12-24
"ENSO34",1989,51,-0.0332258064516129,1989-12-18,1989-12-24
"ENSO4",1989,51,0.183870967741935,1989-12-18,1989-12-24
"DMI",1989,52,-0.107774193548387,1989-12-25,1989-12-31
"ENSO3",1989,52,-0.281612903225806,1989-12-25,1989-12-31
"ENSO34",1989,52,0.000645161290322571,1989-12-25,1989-12-31
"ENSO4",1989,52,0.213225806451613,1989-12-25,1989-12-31
"DMI",1990,1,-0.117387096774194,1990-01-01,1990-01-07
"ENSO3",1990,1,-0.230322580645161,1990-01-01,1990-01-07
"ENSO34",1990,1,0.0529032258064516,1990-01-01,1990-01-07
"ENSO4",1990,1,0.249354838709677,1990-01-01,1990-01-07
"DMI",1990,2,-0.160290322580645,1990-01-08,1990-01-14
"ENSO3",1990,2,-0.137741935483871,1990-01-08,1990-01-14
"ENSO34",1990,2,0.129677419354839,1990-01-08,1990-01-14
"ENSO4",1990,2,0.294516129032258,1990-01-08,1990-01-14
"DMI",1990,3,-0.203193548387097,1990-01-15,1990-01-21
"ENSO3",1990,3,-0.0451612903225806,1990-01-15,1990-01-21
"ENSO34",1990,3,0.206451612903226,1990-01-15,1990-01-21
"ENSO4",1990,3,0.339677419354839,1990-01-15,1990-01-21
"DMI",1990,4,-0.246096774193548,1990-01-22,1990-01-28
"ENSO3",1990,4,0.0474193548387097,1990-01-22,1990-01-28
"ENSO34",1990,4,0.283225806451613,1990-01-22,1990-01-28
"ENSO4",1990,4,0.384838709677419,1990-01-22,1990-01-28
"DMI",1990,5,-0.2792771560237,1990-01-29,1990-02-04
"ENSO3",1990,5,0.120704410796577,1990-01-29,1990-02-04
"ENSO34",1990,5,0.34570111915734,1990-01-29,1990-02-04
"ENSO4",1990,5,0.425082290980908,1990-01-29,1990-02-04
"DMI",1990,6,-0.2525,1990-02-05,1990-02-11
"ENSO3",1990,6,0.075,1990-02-05,1990-02-11
"ENSO34",1990,6,0.32,1990-02-05,1990-02-11
"ENSO4",1990,6,0.435,1990-02-05,1990-02-11
"DMI",1990,7,-0.216,1990-02-12,1990-02-18
"ENSO3",1990,7,0.01,1990-02-12,1990-02-18
"ENSO34",1990,7,0.28,1990-02-12,1990-02-18
"ENSO4",1990,7,0.44,1990-02-12,1990-02-18
"DMI",1990,8,-0.1795,1990-02-19,1990-02-25
"ENSO3",1990,8,-0.055,1990-02-19,1990-02-25
"ENSO34",1990,8,0.24,1990-02-19,1990-02-25
"ENSO4",1990,8,0.445,1990-02-19,1990-02-25
"DMI",1990,9,-0.154160631994733,1990-02-26,1990-03-04
"ENSO3",1990,9,-0.104851876234365,1990-02-26,1990-03-04
"ENSO34",1990,9,0.206556945358789,1990-02-26,1990-03-04
"ENSO4",1990,9,0.4449637919684,1990-02-26,1990-03-04
"DMI",1990,10,-0.197645161290323,1990-03-05,1990-03-11
"ENSO3",1990,10,-0.0612903225806452,1990-03-05,1990-03-11
"ENSO34",1990,10,0.213548387096774,1990-03-05,1990-03-11
"ENSO4",1990,10,0.413870967741935,1990-03-05,1990-03-11
"DMI",1990,11,-0.252290322580645,1990-03-12,1990-03-18
"ENSO3",1990,11,-0.00258064516129032,1990-03-12,1990-03-18
"ENSO34",1990,11,0.227096774193548,1990-03-12,1990-03-18
"ENSO4",1990,11,0.377741935483871,1990-03-12,1990-03-18
"DMI",1990,12,-0.306935483870968,1990-03-19,1990-03-25
"ENSO3",1990,12,0.0561290322580645,1990-03-19,1990-03-25
"ENSO34",1990,12,0.240645161290323,1990-03-19,1990-03-25
"ENSO4",1990,12,0.341612903225806,1990-03-19,1990-03-25
"DMI",1990,13,-0.36158064516129,1990-03-26,1990-04-01
"ENSO3",1990,13,0.114838709677419,1990-03-26,1990-04-01
"ENSO34",1990,13,0.254193548387097,1990-03-26,1990-04-01
"ENSO4",1990,13,0.305483870967742,1990-03-26,1990-04-01
"DMI",1990,14,-0.380066666666667,1990-04-02,1990-04-08
"ENSO3",1990,14,0.153333333333333,1990-04-02,1990-04-08
"ENSO34",1990,14,0.268,1990-04-02,1990-04-08
"ENSO4",1990,14,0.283333333333333,1990-04-02,1990-04-08
"DMI",1990,15,-0.371433333333333,1990-04-09,1990-04-15
"ENSO3",1990,15,0.176666666666667,1990-04-09,1990-04-15
"ENSO34",1990,15,0.282,1990-04-09,1990-04-15
"ENSO4",1990,15,0.271666666666667,1990-04-09,1990-04-15
"DMI",1990,16,-0.3628,1990-04-16,1990-04-22
"ENSO3",1990,16,0.2,1990-04-16,1990-04-22
"ENSO34",1990,16,0.296,1990-04-16,1990-04-22
"ENSO4",1990,16,0.26,1990-04-16,1990-04-22
"DMI",1990,17,-0.354166666666667,1990-04-23,1990-04-29
"ENSO3",1990,17,0.223333333333333,1990-04-23,1990-04-29
"ENSO34",1990,17,0.31,1990-04-23,1990-04-29
"ENSO4",1990,17,0.248333333333333,1990-04-23,1990-04-29
"DMI",1990,18,-0.36338356374808,1990-04-30,1990-05-06
"ENSO3",1990,18,0.223625192012289,1990-04-30,1990-05-06
"ENSO34",1990,18,0.297594470046083,1990-04-30,1990-05-06
"ENSO4",1990,18,0.230560675883257,1990-04-30,1990-05-06
"DMI",1990,19,-0.411870967741935,1990-05-07,1990-05-13
"ENSO3",1990,19,0.173225806451613,1990-05-07,1990-05-13
"ENSO34",1990,19,0.227096774193548,1990-05-07,1990-05-13
"ENSO4",1990,19,0.199354838709677,1990-05-07,1990-05-13
"DMI",1990,20,-0.461548387096774,1990-05-14,1990-05-20
"ENSO3",1990,20,0.121290322580645,1990-05-14,1990-05-20
"ENSO34",1990,20,0.154838709677419,1990-05-14,1990-05-20
"ENSO4",1990,20,0.167741935483871,1990-05-14,1990-05-20
"DMI",1990,21,-0.511225806451613,1990-05-21,1990-05-27
"ENSO3",1990,21,0.0693548387096774,1990-05-21,1990-05-27
"ENSO34",1990,21,0.0825806451612903,1990-05-21,1990-05-27
"ENSO4",1990,21,0.136129032258064,1990-05-21,1990-05-27
"DMI",1990,22,-0.553261751152074,1990-05-28,1990-06-03
"ENSO3",1990,22,0.0193133640552995,1990-05-28,1990-06-03
"ENSO34",1990,22,0.016889400921659,1990-05-28,1990-06-03
"ENSO4",1990,22,0.108880184331797,1990-05-28,1990-06-03
"DMI",1990,23,-0.5036,1990-06-04,1990-06-10
"ENSO3",1990,23,-0.008,1990-06-04,1990-06-10
"ENSO34",1990,23,0.03,1990-06-04,1990-06-10
"ENSO4",1990,23,0.134,1990-06-04,1990-06-10
"DMI",1990,24,-0.428466666666667,1990-06-11,1990-06-17
"ENSO3",1990,24,-0.029,1990-06-11,1990-06-17
"ENSO34",1990,24,0.065,1990-06-11,1990-06-17
"ENSO4",1990,24,0.173666666666667,1990-06-11,1990-06-17
"DMI",1990,25,-0.353333333333333,1990-06-18,1990-06-24
"ENSO3",1990,25,-0.05,1990-06-18,1990-06-24
"ENSO34",1990,25,0.1,1990-06-18,1990-06-24
"ENSO4",1990,25,0.213333333333333,1990-06-18,1990-06-24
"DMI",1990,26,-0.2782,1990-06-25,1990-07-01
"ENSO3",1990,26,-0.071,1990-06-25,1990-07-01
"ENSO34",1990,26,0.135,1990-06-25,1990-07-01
"ENSO4",1990,26,0.253,1990-06-25,1990-07-01
"DMI",1990,27,-0.264838709677419,1990-07-02,1990-07-08
"ENSO3",1990,27,-0.0696774193548387,1990-07-02,1990-07-08
"ENSO34",1990,27,0.15258064516129,1990-07-02,1990-07-08
"ENSO4",1990,27,0.280322580645161,1990-07-02,1990-07-08
"DMI",1990,28,-0.297806451612903,1990-07-09,1990-07-15
"ENSO3",1990,28,-0.0516129032258065,1990-07-09,1990-07-15
"ENSO34",1990,28,0.157096774193548,1990-07-09,1990-07-15
"ENSO4",1990,28,0.298387096774194,1990-07-09,1990-07-15
"DMI",1990,29,-0.330774193548387,1990-07-16,1990-07-22
"ENSO3",1990,29,-0.0335483870967742,1990-07-16,1990-07-22
"ENSO34",1990,29,0.161612903225806,1990-07-16,1990-07-22
"ENSO4",1990,29,0.316451612903226,1990-07-16,1990-07-22
"DMI",1990,30,-0.363741935483871,1990-07-23,1990-07-29
"ENSO3",1990,30,-0.0154838709677419,1990-07-23,1990-07-29
"ENSO34",1990,30,0.166129032258065,1990-07-23,1990-07-29
"ENSO4",1990,30,0.334516129032258,1990-07-23,1990-07-29
"DMI",1990,31,-0.380350230414747,1990-07-30,1990-08-05
"ENSO3",1990,31,0.00396313364055299,1990-07-30,1990-08-05
"ENSO34",1990,31,0.16741935483871,1990-07-30,1990-08-05
"ENSO4",1990,31,0.344746543778802,1990-07-30,1990-08-05
"DMI",1990,32,-0.338064516129032,1990-08-06,1990-08-12
"ENSO3",1990,32,0.0283870967741935,1990-08-06,1990-08-12
"ENSO34",1990,32,0.157096774193548,1990-08-06,1990-08-12
"ENSO4",1990,32,0.326774193548387,1990-08-06,1990-08-12
"DMI",1990,33,-0.290870967741935,1990-08-13,1990-08-19
"ENSO3",1990,33,0.0532258064516129,1990-08-13,1990-08-19
"ENSO34",1990,33,0.145806451612903,1990-08-13,1990-08-19
"ENSO4",1990,33,0.306451612903226,1990-08-13,1990-08-19
"DMI",1990,34,-0.243677419354839,1990-08-20,1990-08-26
"ENSO3",1990,34,0.0780645161290323,1990-08-20,1990-08-26
"ENSO34",1990,34,0.134516129032258,1990-08-20,1990-08-26
"ENSO4",1990,34,0.286129032258065,1990-08-20,1990-08-26
"DMI",1990,35,-0.198218433179723,1990-08-27,1990-09-02
"ENSO3",1990,35,0.101586789554531,1990-08-27,1990-09-02
"ENSO34",1990,35,0.123503840245776,1990-08-27,1990-09-02
"ENSO4",1990,35,0.266983102918587,1990-08-27,1990-09-02
"DMI",1990,36,-0.21,1990-09-03,1990-09-09
"ENSO3",1990,36,0.0816666666666667,1990-09-03,1990-09-09
"ENSO34",1990,36,0.121666666666667,1990-09-03,1990-09-09
"ENSO4",1990,36,0.286666666666667,1990-09-03,1990-09-09
"DMI",1990,37,-0.2478,1990-09-10,1990-09-16
"ENSO3",1990,37,0.042,1990-09-10,1990-09-16
"ENSO34",1990,37,0.124,1990-09-10,1990-09-16
"ENSO4",1990,37,0.324,1990-09-10,1990-09-16
"DMI",1990,38,-0.2856,1990-09-17,1990-09-23
"ENSO3",1990,38,0.00233333333333335,1990-09-17,1990-09-23
"ENSO34",1990,38,0.126333333333333,1990-09-17,1990-09-23
"ENSO4",1990,38,0.361333333333333,1990-09-17,1990-09-23
"DMI",1990,39,-0.3234,1990-09-24,1990-09-30
"ENSO3",1990,39,-0.0373333333333333,1990-09-24,1990-09-30
"ENSO34",1990,39,0.128666666666667,1990-09-24,1990-09-30
"ENSO4",1990,39,0.398666666666667,1990-09-24,1990-09-30
"DMI",1990,40,-0.320709677419355,1990-10-01,1990-10-07
"ENSO3",1990,40,-0.0658064516129032,1990-10-01,1990-10-07
"ENSO34",1990,40,0.125161290322581,1990-10-01,1990-10-07
"ENSO4",1990,40,0.415161290322581,1990-10-01,1990-10-07
"DMI",1990,41,-0.264032258064516,1990-10-08,1990-10-14
"ENSO3",1990,41,-0.0793548387096774,1990-10-08,1990-10-14
"ENSO34",1990,41,0.113870967741935,1990-10-08,1990-10-14
"ENSO4",1990,41,0.403870967741935,1990-10-08,1990-10-14
"DMI",1990,42,-0.207354838709677,1990-10-15,1990-10-21
"ENSO3",1990,42,-0.0929032258064516,1990-10-15,1990-10-21
"ENSO34",1990,42,0.10258064516129,1990-10-15,1990-10-21
"ENSO4",1990,42,0.39258064516129,1990-10-15,1990-10-21
"DMI",1990,43,-0.150677419354839,1990-10-22,1990-10-28
"ENSO3",1990,43,-0.106451612903226,1990-10-22,1990-10-28
"ENSO34",1990,43,0.0912903225806452,1990-10-22,1990-10-28
"ENSO4",1990,43,0.381290322580645,1990-10-22,1990-10-28
"DMI",1990,44,-0.09816866359447,1990-10-29,1990-11-04
"ENSO3",1990,44,-0.115769585253456,1990-10-29,1990-11-04
"ENSO34",1990,44,0.0882396313364055,1990-10-29,1990-11-04
"ENSO4",1990,44,0.379096774193548,1990-10-29,1990-11-04
"DMI",1990,45,-0.0713666666666667,1990-11-05,1990-11-11
"ENSO3",1990,45,-0.099,1990-11-05,1990-11-11
"ENSO34",1990,45,0.136,1990-11-05,1990-11-11
"ENSO4",1990,45,0.433,1990-11-05,1990-11-11
"DMI",1990,46,-0.0487333333333333,1990-11-12,1990-11-18
"ENSO3",1990,46,-0.078,1990-11-12,1990-11-18
"ENSO34",1990,46,0.192,1990-11-12,1990-11-18
"ENSO4",1990,46,0.496,1990-11-12,1990-11-18
"DMI",1990,47,-0.0261,1990-11-19,1990-11-25
"ENSO3",1990,47,-0.057,1990-11-19,1990-11-25
"ENSO34",1990,47,0.248,1990-11-19,1990-11-25
"ENSO4",1990,47,0.559,1990-11-19,1990-11-25
"DMI",1990,48,-0.00364285714285714,1990-11-26,1990-12-02
"ENSO3",1990,48,-0.0354608294930876,1990-11-26,1990-12-02
"ENSO34",1990,48,0.303732718894009,1990-11-26,1990-12-02
"ENSO4",1990,48,0.620806451612903,1990-11-26,1990-12-02
"DMI",1990,49,0.013,1990-12-03,1990-12-09
"ENSO3",1990,49,0.00387096774193548,1990-12-03,1990-12-09
"ENSO34",1990,49,0.350645161290323,1990-12-03,1990-12-09
"ENSO4",1990,49,0.643225806451613,1990-12-03,1990-12-09
"DMI",1990,50,0.027,1990-12-10,1990-12-16
"ENSO3",1990,50,0.0512903225806452,1990-12-10,1990-12-16
"ENSO34",1990,50,0.393548387096774,1990-12-10,1990-12-16
"ENSO4",1990,50,0.647741935483871,1990-12-10,1990-12-16
"DMI",1990,51,0.041,1990-12-17,1990-12-23
"ENSO3",1990,51,0.0987096774193548,1990-12-17,1990-12-23
"ENSO34",1990,51,0.436451612903226,1990-12-17,1990-12-23
"ENSO4",1990,51,0.652258064516129,1990-12-17,1990-12-23
"DMI",1990,52,0.055,1990-12-24,1990-12-30
"ENSO3",1990,52,0.146129032258065,1990-12-24,1990-12-30
"ENSO34",1990,52,0.479354838709677,1990-12-24,1990-12-30
"ENSO4",1990,52,0.656774193548387,1990-12-24,1990-12-30
"DMI",1991,1,0.0535161290322581,1990-12-31,1991-01-06
"ENSO3",1991,1,0.168663594470046,1990-12-31,1991-01-06
"ENSO34",1991,1,0.495990783410138,1990-12-31,1991-01-06
"ENSO4",1991,1,0.655760368663595,1990-12-31,1991-01-06
"DMI",1991,2,0.0179677419354839,1991-01-07,1991-01-13
"ENSO3",1991,2,0.136451612903226,1991-01-07,1991-01-13
"ENSO34",1991,2,0.454838709677419,1991-01-07,1991-01-13
"ENSO4",1991,2,0.64258064516129,1991-01-07,1991-01-13
"DMI",1991,3,-0.0186129032258065,1991-01-14,1991-01-20
"ENSO3",1991,3,0.10258064516129,1991-01-14,1991-01-20
"ENSO34",1991,3,0.411935483870968,1991-01-14,1991-01-20
"ENSO4",1991,3,0.629032258064516,1991-01-14,1991-01-20
"DMI",1991,4,-0.0551935483870968,1991-01-21,1991-01-27
"ENSO3",1991,4,0.0687096774193548,1991-01-21,1991-01-27
"ENSO34",1991,4,0.369032258064516,1991-01-21,1991-01-27
"ENSO4",1991,4,0.615483870967742,1991-01-21,1991-01-27
"DMI",1991,5,-0.0886161948650428,1991-01-28,1991-02-03
"ENSO3",1991,5,0.036453258722844,1991-01-28,1991-02-03
"ENSO34",1991,5,0.325388413429888,1991-01-28,1991-02-03
"ENSO4",1991,5,0.600162936142199,1991-01-28,1991-02-03
"DMI",1991,6,-0.0841428571428571,1991-02-04,1991-02-10
"ENSO3",1991,6,0.0235714285714286,1991-02-04,1991-02-10
"ENSO34",1991,6,0.272857142857143,1991-02-04,1991-02-10
"ENSO4",1991,6,0.563571428571429,1991-02-04,1991-02-10
"DMI",1991,7,-0.0691428571428571,1991-02-11,1991-02-17
"ENSO3",1991,7,0.0160714285714286,1991-02-11,1991-02-17
"ENSO34",1991,7,0.217857142857143,1991-02-11,1991-02-17
"ENSO4",1991,7,0.521071428571429,1991-02-11,1991-02-17
"DMI",1991,8,-0.0541428571428571,1991-02-18,1991-02-24
"ENSO3",1991,8,0.00857142857142857,1991-02-18,1991-02-24
"ENSO34",1991,8,0.162857142857143,1991-02-18,1991-02-24
"ENSO4",1991,8,0.478571428571429,1991-02-18,1991-02-24
"DMI",1991,9,-0.0355543120473996,1991-02-25,1991-03-03
"ENSO3",1991,9,0.000286372613561553,1991-02-25,1991-03-03
"ENSO34",1991,9,0.112745227123107,1991-02-25,1991-03-03
"ENSO4",1991,9,0.44033245556287,1991-02-25,1991-03-03
"DMI",1991,10,0.0260967741935484,1991-03-04,1991-03-10
"ENSO3",1991,10,-0.0174193548387097,1991-03-04,1991-03-10
"ENSO34",1991,10,0.121290322580645,1991-03-04,1991-03-10
"ENSO4",1991,10,0.453225806451613,1991-03-04,1991-03-10
"DMI",1991,11,0.0997096774193548,1991-03-11,1991-03-17
"ENSO3",1991,11,-0.037741935483871,1991-03-11,1991-03-17
"ENSO34",1991,11,0.146129032258065,1991-03-11,1991-03-17
"ENSO4",1991,11,0.480322580645161,1991-03-11,1991-03-17
"DMI",1991,12,0.173322580645161,1991-03-18,1991-03-24
"ENSO3",1991,12,-0.0580645161290323,1991-03-18,1991-03-24
"ENSO34",1991,12,0.170967741935484,1991-03-18,1991-03-24
"ENSO4",1991,12,0.50741935483871,1991-03-18,1991-03-24
"DMI",1991,13,0.246935483870968,1991-03-25,1991-03-31
"ENSO3",1991,13,-0.0783870967741935,1991-03-25,1991-03-31
"ENSO34",1991,13,0.195806451612903,1991-03-25,1991-03-31
"ENSO4",1991,13,0.534516129032258,1991-03-25,1991-03-31
"DMI",1991,14,0.298,1991-04-01,1991-04-07
"ENSO3",1991,14,-0.044,1991-04-01,1991-04-07
"ENSO34",1991,14,0.233,1991-04-01,1991-04-07
"ENSO4",1991,14,0.551,1991-04-01,1991-04-07
"DMI",1991,15,0.319,1991-04-08,1991-04-14
"ENSO3",1991,15,0.0633333333333333,1991-04-08,1991-04-14
"ENSO34",1991,15,0.286666666666667,1991-04-08,1991-04-14
"ENSO4",1991,15,0.553333333333333,1991-04-08,1991-04-14
"DMI",1991,16,0.34,1991-04-15,1991-04-21
"ENSO3",1991,16,0.170666666666667,1991-04-15,1991-04-21
"ENSO34",1991,16,0.340333333333333,1991-04-15,1991-04-21
"ENSO4",1991,16,0.555666666666667,1991-04-15,1991-04-21
"DMI",1991,17,0.361,1991-04-22,1991-04-28
"ENSO3",1991,17,0.278,1991-04-22,1991-04-28
"ENSO34",1991,17,0.394,1991-04-22,1991-04-28
"ENSO4",1991,17,0.558,1991-04-22,1991-04-28
"DMI",1991,18,0.37236866359447,1991-04-29,1991-05-05
"ENSO3",1991,18,0.377714285714286,1991-04-29,1991-05-05
"ENSO34",1991,18,0.446391705069124,1991-04-29,1991-05-05
"ENSO4",1991,18,0.560778801843318,1991-04-29,1991-05-05
"DMI",1991,19,0.349064516129032,1991-05-06,1991-05-12
"ENSO3",1991,19,0.45,1991-05-06,1991-05-12
"ENSO34",1991,19,0.494193548387097,1991-05-06,1991-05-12
"ENSO4",1991,19,0.565161290322581,1991-05-06,1991-05-12
"DMI",1991,20,0.322870967741935,1991-05-13,1991-05-19
"ENSO3",1991,20,0.52,1991-05-13,1991-05-19
"ENSO34",1991,20,0.541612903225806,1991-05-13,1991-05-19
"ENSO4",1991,20,0.569677419354839,1991-05-13,1991-05-19
"DMI",1991,21,0.296677419354839,1991-05-20,1991-05-26
"ENSO3",1991,21,0.59,1991-05-20,1991-05-26
"ENSO34",1991,21,0.589032258064516,1991-05-20,1991-05-26
"ENSO4",1991,21,0.574193548387097,1991-05-20,1991-05-26
"DMI",1991,22,0.271051766513057,1991-05-27,1991-06-02
"ENSO3",1991,22,0.658857142857143,1991-05-27,1991-06-02
"ENSO34",1991,22,0.635341013824885,1991-05-27,1991-06-02
"ENSO4",1991,22,0.578236559139785,1991-05-27,1991-06-02
"DMI",1991,23,0.264166666666667,1991-06-03,1991-06-09
"ENSO3",1991,23,0.69,1991-06-03,1991-06-09
"ENSO34",1991,23,0.645,1991-06-03,1991-06-09
"ENSO4",1991,23,0.566666666666667,1991-06-03,1991-06-09
"DMI",1991,24,0.2658,1991-06-10,1991-06-16
"ENSO3",1991,24,0.704,1991-06-10,1991-06-16
"ENSO34",1991,24,0.638,1991-06-10,1991-06-16
"ENSO4",1991,24,0.548,1991-06-10,1991-06-16
"DMI",1991,25,0.267433333333333,1991-06-17,1991-06-23
"ENSO3",1991,25,0.718,1991-06-17,1991-06-23
"ENSO34",1991,25,0.631,1991-06-17,1991-06-23
"ENSO4",1991,25,0.529333333333333,1991-06-17,1991-06-23
"DMI",1991,26,0.269066666666667,1991-06-24,1991-06-30
"ENSO3",1991,26,0.732,1991-06-24,1991-06-30
"ENSO34",1991,26,0.624,1991-06-24,1991-06-30
"ENSO4",1991,26,0.510666666666667,1991-06-24,1991-06-30
"DMI",1991,27,0.249483870967742,1991-07-01,1991-07-07
"ENSO3",1991,27,0.696451612903226,1991-07-01,1991-07-07
"ENSO34",1991,27,0.601612903225806,1991-07-01,1991-07-07
"ENSO4",1991,27,0.500967741935484,1991-07-01,1991-07-07
"DMI",1991,28,0.201612903225806,1991-07-08,1991-07-14
"ENSO3",1991,28,0.594838709677419,1991-07-08,1991-07-14
"ENSO34",1991,28,0.558709677419355,1991-07-08,1991-07-14
"ENSO4",1991,28,0.503225806451613,1991-07-08,1991-07-14
"DMI",1991,29,0.153741935483871,1991-07-15,1991-07-21
"ENSO3",1991,29,0.493225806451613,1991-07-15,1991-07-21
"ENSO34",1991,29,0.515806451612903,1991-07-15,1991-07-21
"ENSO4",1991,29,0.505483870967742,1991-07-15,1991-07-21
"DMI",1991,30,0.105870967741935,1991-07-22,1991-07-28
"ENSO3",1991,30,0.391612903225806,1991-07-22,1991-07-28
"ENSO34",1991,30,0.472903225806452,1991-07-22,1991-07-28
"ENSO4",1991,30,0.507741935483871,1991-07-22,1991-07-28
"DMI",1991,31,0.0649953917050691,1991-07-29,1991-08-04
"ENSO3",1991,31,0.297188940092166,1991-07-29,1991-08-04
"ENSO34",1991,31,0.429447004608295,1991-07-29,1991-08-04
"ENSO4",1991,31,0.504193548387097,1991-07-29,1991-08-04
"DMI",1991,32,0.067258064516129,1991-08-05,1991-08-11
"ENSO3",1991,32,0.247096774193548,1991-08-05,1991-08-11
"ENSO34",1991,32,0.38258064516129,1991-08-05,1991-08-11
"ENSO4",1991,32,0.464838709677419,1991-08-05,1991-08-11
"DMI",1991,33,0.0765161290322581,1991-08-12,1991-08-18
"ENSO3",1991,33,0.204193548387097,1991-08-12,1991-08-18
"ENSO34",1991,33,0.335161290322581,1991-08-12,1991-08-18
"ENSO4",1991,33,0.419677419354839,1991-08-12,1991-08-18
"DMI",1991,34,0.0857741935483871,1991-08-19,1991-08-25
"ENSO3",1991,34,0.161290322580645,1991-08-19,1991-08-25
"ENSO34",1991,34,0.287741935483871,1991-08-19,1991-08-25
"ENSO4",1991,34,0.374516129032258,1991-08-19,1991-08-25
"DMI",1991,35,0.0950322580645161,1991-08-26,1991-09-01
"ENSO3",1991,35,0.118387096774194,1991-08-26,1991-09-01
"ENSO34",1991,35,0.240322580645161,1991-08-26,1991-09-01
"ENSO4",1991,35,0.329354838709677,1991-08-26,1991-09-01
"DMI",1991,36,0.0818,1991-09-02,1991-09-08
"ENSO3",1991,36,0.172,1991-09-02,1991-09-08
"ENSO34",1991,36,0.312,1991-09-02,1991-09-08
"ENSO4",1991,36,0.364666666666667,1991-09-02,1991-09-08
"DMI",1991,37,0.0517,1991-09-09,1991-09-15
"ENSO3",1991,37,0.298,1991-09-09,1991-09-15
"ENSO34",1991,37,0.473,1991-09-09,1991-09-15
"ENSO4",1991,37,0.460333333333333,1991-09-09,1991-09-15
"DMI",1991,38,0.0216,1991-09-16,1991-09-22
"ENSO3",1991,38,0.424,1991-09-16,1991-09-22
"ENSO34",1991,38,0.634,1991-09-16,1991-09-22
"ENSO4",1991,38,0.556,1991-09-16,1991-09-22
"DMI",1991,39,-0.0085,1991-09-23,1991-09-29
"ENSO3",1991,39,0.55,1991-09-23,1991-09-29
"ENSO34",1991,39,0.795,1991-09-23,1991-09-29
"ENSO4",1991,39,0.651666666666667,1991-09-23,1991-09-29
"DMI",1991,40,-0.0245470046082949,1991-09-30,1991-10-06
"ENSO3",1991,40,0.664387096774193,1991-09-30,1991-10-06
"ENSO34",1991,40,0.922612903225806,1991-09-30,1991-10-06
"ENSO4",1991,40,0.716665130568356,1991-09-30,1991-10-06
"DMI",1991,41,-0.00967741935483871,1991-10-07,1991-10-13
"ENSO3",1991,41,0.753225806451613,1991-10-07,1991-10-13
"ENSO34",1991,41,0.976774193548387,1991-10-07,1991-10-13
"ENSO4",1991,41,0.714193548387097,1991-10-07,1991-10-13
"DMI",1991,42,0.00612903225806452,1991-10-14,1991-10-20
"ENSO3",1991,42,0.841290322580645,1991-10-14,1991-10-20
"ENSO34",1991,42,1.02870967741935,1991-10-14,1991-10-20
"ENSO4",1991,42,0.709677419354839,1991-10-14,1991-10-20
"DMI",1991,43,0.0219354838709677,1991-10-21,1991-10-27
"ENSO3",1991,43,0.929354838709677,1991-10-21,1991-10-27
"ENSO34",1991,43,1.08064516129032,1991-10-21,1991-10-27
"ENSO4",1991,43,0.705161290322581,1991-10-21,1991-10-27
"DMI",1991,44,0.0374027649769585,1991-10-28,1991-11-03
"ENSO3",1991,44,1.01617050691244,1991-10-28,1991-11-03
"ENSO34",1991,44,1.13625806451613,1991-10-28,1991-11-03
"ENSO4",1991,44,0.702635944700461,1991-10-28,1991-11-03
"DMI",1991,45,0.0488,1991-11-04,1991-11-10
"ENSO3",1991,45,1.088,1991-11-04,1991-11-10
"ENSO34",1991,45,1.236,1991-11-04,1991-11-10
"ENSO4",1991,45,0.724,1991-11-04,1991-11-10
"DMI",1991,46,0.0590666666666667,1991-11-11,1991-11-17
"ENSO3",1991,46,1.15566666666667,1991-11-11,1991-11-17
"ENSO34",1991,46,1.348,1991-11-11,1991-11-17
"ENSO4",1991,46,0.752,1991-11-11,1991-11-17
"DMI",1991,47,0.0693333333333333,1991-11-18,1991-11-24
"ENSO3",1991,47,1.22333333333333,1991-11-18,1991-11-24
"ENSO34",1991,47,1.46,1991-11-18,1991-11-24
"ENSO4",1991,47,0.78,1991-11-18,1991-11-24
"DMI",1991,48,0.0796,1991-11-25,1991-12-01
"ENSO3",1991,48,1.291,1991-11-25,1991-12-01
"ENSO34",1991,48,1.572,1991-11-25,1991-12-01
"ENSO4",1991,48,0.808,1991-11-25,1991-12-01
"DMI",1991,49,0.031741935483871,1991-12-02,1991-12-08
"ENSO3",1991,49,1.32903225806452,1991-12-02,1991-12-08
"ENSO34",1991,49,1.61870967741936,1991-12-02,1991-12-08
"ENSO4",1991,49,0.798064516129032,1991-12-02,1991-12-08
"DMI",1991,50,-0.0597096774193548,1991-12-09,1991-12-15
"ENSO3",1991,50,1.34483870967742,1991-12-09,1991-12-15
"ENSO34",1991,50,1.61645161290323,1991-12-09,1991-12-15
"ENSO4",1991,50,0.759677419354839,1991-12-09,1991-12-15
"DMI",1991,51,-0.151161290322581,1991-12-16,1991-12-22
"ENSO3",1991,51,1.36064516129032,1991-12-16,1991-12-22
"ENSO34",1991,51,1.6141935483871,1991-12-16,1991-12-22
"ENSO4",1991,51,0.721290322580645,1991-12-16,1991-12-22
"DMI",1991,52,-0.242612903225806,1991-12-23,1991-12-29
"ENSO3",1991,52,1.37645161290323,1991-12-23,1991-12-29
"ENSO34",1991,52,1.61193548387097,1991-12-23,1991-12-29
"ENSO4",1991,52,0.682903225806452,1991-12-23,1991-12-29
"DMI",1992,1,-0.318534562211982,1991-12-30,1992-01-05
"ENSO3",1992,1,1.38073732718894,1991-12-30,1992-01-05
"ENSO34",1992,1,1.61059907834101,1991-12-30,1992-01-05
"ENSO4",1992,1,0.66294930875576,1991-12-30,1992-01-05
"DMI",1992,2,-0.338548387096774,1992-01-06,1992-01-12
"ENSO3",1992,2,1.34354838709677,1992-01-06,1992-01-12
"ENSO34",1992,2,1.61258064516129,1992-01-06,1992-01-12
"ENSO4",1992,2,0.709354838709677,1992-01-06,1992-01-12
"DMI",1992,3,-0.353903225806452,1992-01-13,1992-01-19
"ENSO3",1992,3,1.30290322580645,1992-01-13,1992-01-19
"ENSO34",1992,3,1.61483870967742,1992-01-13,1992-01-19
"ENSO4",1992,3,0.761290322580645,1992-01-13,1992-01-19
"DMI",1992,4,-0.369258064516129,1992-01-20,1992-01-26
"ENSO3",1992,4,1.26225806451613,1992-01-20,1992-01-26
"ENSO34",1992,4,1.61709677419355,1992-01-20,1992-01-26
"ENSO4",1992,4,0.813225806451613,1992-01-20,1992-01-26
"DMI",1992,5,-0.385688701732083,1992-01-27,1992-02-02
"ENSO3",1992,5,1.22234387414588,1992-01-27,1992-02-02
"ENSO34",1992,5,1.61871762275544,1992-01-27,1992-02-02
"ENSO4",1992,5,0.864002860320992,1992-01-27,1992-02-02
"DMI",1992,6,-0.437620689655172,1992-02-03,1992-02-09
"ENSO3",1992,6,1.20655172413793,1992-02-03,1992-02-09
"ENSO34",1992,6,1.59931034482759,1992-02-03,1992-02-09
"ENSO4",1992,6,0.876551724137931,1992-02-03,1992-02-09
"DMI",1992,7,-0.505689655172414,1992-02-10,1992-02-16
"ENSO3",1992,7,1.20172413793103,1992-02-10,1992-02-16
"ENSO34",1992,7,1.57034482758621,1992-02-10,1992-02-16
"ENSO4",1992,7,0.871724137931034,1992-02-10,1992-02-16
"DMI",1992,8,-0.573758620689655,1992-02-17,1992-02-23
"ENSO3",1992,8,1.19689655172414,1992-02-17,1992-02-23
"ENSO34",1992,8,1.54137931034483,1992-02-17,1992-02-23
"ENSO4",1992,8,0.866896551724138,1992-02-17,1992-02-23
"DMI",1992,9,-0.641827586206897,1992-02-24,1992-03-01
"ENSO3",1992,9,1.19206896551724,1992-02-24,1992-03-01
"ENSO34",1992,9,1.51241379310345,1992-02-24,1992-03-01
"ENSO4",1992,9,0.862068965517241,1992-02-24,1992-03-01
"DMI",1992,10,-0.655774193548387,1992-03-02,1992-03-08
"ENSO3",1992,10,1.20677419354839,1992-03-02,1992-03-08
"ENSO34",1992,10,1.48838709677419,1992-03-02,1992-03-08
"ENSO4",1992,10,0.847096774193548,1992-03-02,1992-03-08
"DMI",1992,11,-0.629129032258065,1992-03-09,1992-03-15
"ENSO3",1992,11,1.23612903225806,1992-03-09,1992-03-15
"ENSO34",1992,11,1.46806451612903,1992-03-09,1992-03-15
"ENSO4",1992,11,0.824516129032258,1992-03-09,1992-03-15
"DMI",1992,12,-0.602483870967742,1992-03-16,1992-03-22
"ENSO3",1992,12,1.26548387096774,1992-03-16,1992-03-22
"ENSO34",1992,12,1.44774193548387,1992-03-16,1992-03-22
"ENSO4",1992,12,0.801935483870968,1992-03-16,1992-03-22
"DMI",1992,13,-0.575838709677419,1992-03-23,1992-03-29
"ENSO3",1992,13,1.29483870967742,1992-03-23,1992-03-29
"ENSO34",1992,13,1.42741935483871,1992-03-23,1992-03-29
"ENSO4",1992,13,0.779354838709677,1992-03-23,1992-03-29
"DMI",1992,14,-0.554440860215054,1992-03-30,1992-04-05
"ENSO3",1992,14,1.3210599078341,1992-03-30,1992-04-05
"ENSO34",1992,14,1.40457757296467,1992-03-30,1992-04-05
"ENSO4",1992,14,0.759477726574501,1992-03-30,1992-04-05
"DMI",1992,15,-0.551933333333333,1992-04-06,1992-04-12
"ENSO3",1992,15,1.336,1992-04-06,1992-04-12
"ENSO34",1992,15,1.37266666666667,1992-04-06,1992-04-12
"ENSO4",1992,15,0.749333333333333,1992-04-06,1992-04-12
"DMI",1992,16,-0.551,1992-04-13,1992-04-19
"ENSO3",1992,16,1.35,1992-04-13,1992-04-19
"ENSO34",1992,16,1.34,1992-04-13,1992-04-19
"ENSO4",1992,16,0.74,1992-04-13,1992-04-19
"DMI",1992,17,-0.550066666666667,1992-04-20,1992-04-26
"ENSO3",1992,17,1.364,1992-04-20,1992-04-26
"ENSO34",1992,17,1.30733333333333,1992-04-20,1992-04-26
"ENSO4",1992,17,0.730666666666667,1992-04-20,1992-04-26
"DMI",1992,18,-0.553503840245776,1992-04-27,1992-05-03
"ENSO3",1992,18,1.36428571428571,1992-04-27,1992-05-03
"ENSO34",1992,18,1.26643625192012,1992-04-27,1992-05-03
"ENSO4",1992,18,0.717204301075269,1992-04-27,1992-05-03
"DMI",1992,19,-0.609387096774194,1992-05-04,1992-05-10
"ENSO3",1992,19,1.2,1992-05-04,1992-05-10
"ENSO34",1992,19,1.12677419354839,1992-05-04,1992-05-10
"ENSO4",1992,19,0.654193548387097,1992-05-04,1992-05-10
"DMI",1992,20,-0.67983870967742,1992-05-11,1992-05-17
"ENSO3",1992,20,0.99,1992-05-11,1992-05-17
"ENSO34",1992,20,0.959677419354839,1992-05-11,1992-05-17
"ENSO4",1992,20,0.57741935483871,1992-05-11,1992-05-17
"DMI",1992,21,-0.750290322580645,1992-05-18,1992-05-24
"ENSO3",1992,21,0.78,1992-05-18,1992-05-24
"ENSO34",1992,21,0.79258064516129,1992-05-18,1992-05-24
"ENSO4",1992,21,0.500645161290323,1992-05-18,1992-05-24
"DMI",1992,22,-0.820741935483871,1992-05-25,1992-05-31
"ENSO3",1992,22,0.57,1992-05-25,1992-05-31
"ENSO34",1992,22,0.625483870967742,1992-05-25,1992-05-31
"ENSO4",1992,22,0.423870967741936,1992-05-25,1992-05-31
"DMI",1992,23,-0.8228,1992-06-01,1992-06-07
"ENSO3",1992,23,0.404,1992-06-01,1992-06-07
"ENSO34",1992,23,0.504,1992-06-01,1992-06-07
"ENSO4",1992,23,0.38,1992-06-01,1992-06-07
"DMI",1992,24,-0.733666666666667,1992-06-08,1992-06-14
"ENSO3",1992,24,0.296666666666667,1992-06-08,1992-06-14
"ENSO34",1992,24,0.443333333333333,1992-06-08,1992-06-14
"ENSO4",1992,24,0.38,1992-06-08,1992-06-14
"DMI",1992,25,-0.644533333333333,1992-06-15,1992-06-21
"ENSO3",1992,25,0.189333333333333,1992-06-15,1992-06-21
"ENSO34",1992,25,0.382666666666667,1992-06-15,1992-06-21
"ENSO4",1992,25,0.38,1992-06-15,1992-06-21
"DMI",1992,26,-0.5554,1992-06-22,1992-06-28
"ENSO3",1992,26,0.082,1992-06-22,1992-06-28
"ENSO34",1992,26,0.322,1992-06-22,1992-06-28
"ENSO4",1992,26,0.38,1992-06-22,1992-06-28
"DMI",1992,27,-0.497775115207373,1992-06-29,1992-07-05
"ENSO3",1992,27,-0.0190967741935484,1992-06-29,1992-07-05
"ENSO34",1992,27,0.254359447004608,1992-06-29,1992-07-05
"ENSO4",1992,27,0.369400921658986,1992-06-29,1992-07-05
"DMI",1992,28,-0.55358064516129,1992-07-06,1992-07-12
"ENSO3",1992,28,-0.097741935483871,1992-07-06,1992-07-12
"ENSO34",1992,28,0.161612903225806,1992-07-06,1992-07-12
"ENSO4",1992,28,0.320645161290323,1992-07-06,1992-07-12
"DMI",1992,29,-0.618838709677419,1992-07-13,1992-07-19
"ENSO3",1992,29,-0.174516129032258,1992-07-13,1992-07-19
"ENSO34",1992,29,0.0667741935483871,1992-07-13,1992-07-19
"ENSO4",1992,29,0.268709677419355,1992-07-13,1992-07-19
"DMI",1992,30,-0.684096774193548,1992-07-20,1992-07-26
"ENSO3",1992,30,-0.251290322580645,1992-07-20,1992-07-26
"ENSO34",1992,30,-0.0280645161290323,1992-07-20,1992-07-26
"ENSO4",1992,30,0.216774193548387,1992-07-20,1992-07-26
"DMI",1992,31,-0.748322580645161,1992-07-27,1992-08-02
"ENSO3",1992,31,-0.326497695852535,1992-07-27,1992-08-02
"ENSO34",1992,31,-0.120921658986175,1992-07-27,1992-08-02
"ENSO4",1992,31,0.165714285714286,1992-07-27,1992-08-02
"DMI",1992,32,-0.778483870967742,1992-08-03,1992-08-09
"ENSO3",1992,32,-0.35,1992-08-03,1992-08-09
"ENSO34",1992,32,-0.148387096774194,1992-08-03,1992-08-09
"ENSO4",1992,32,0.143548387096774,1992-08-03,1992-08-09
"DMI",1992,33,-0.793161290322581,1992-08-10,1992-08-16
"ENSO3",1992,33,-0.35,1992-08-10,1992-08-16
"ENSO34",1992,33,-0.146129032258065,1992-08-10,1992-08-16
"ENSO4",1992,33,0.134516129032258,1992-08-10,1992-08-16
"DMI",1992,34,-0.807838709677419,1992-08-17,1992-08-23
"ENSO3",1992,34,-0.35,1992-08-17,1992-08-23
"ENSO34",1992,34,-0.143870967741936,1992-08-17,1992-08-23
"ENSO4",1992,34,0.125483870967742,1992-08-17,1992-08-23
"DMI",1992,35,-0.822516129032258,1992-08-24,1992-08-30
"ENSO3",1992,35,-0.35,1992-08-24,1992-08-30
"ENSO34",1992,35,-0.141612903225806,1992-08-24,1992-08-30
"ENSO4",1992,35,0.116451612903226,1992-08-24,1992-08-30
"DMI",1992,36,-0.817986175115207,1992-08-31,1992-09-06
"ENSO3",1992,36,-0.349285714285714,1992-08-31,1992-09-06
"ENSO34",1992,36,-0.155046082949309,1992-08-31,1992-09-06
"ENSO4",1992,36,0.103755760368664,1992-08-31,1992-09-06
"DMI",1992,37,-0.7712,1992-09-07,1992-09-13
"ENSO3",1992,37,-0.347,1992-09-07,1992-09-13
"ENSO34",1992,37,-0.203,1992-09-07,1992-09-13
"ENSO4",1992,37,0.083,1992-09-07,1992-09-13
"DMI",1992,38,-0.723133333333333,1992-09-14,1992-09-20
"ENSO3",1992,38,-0.344666666666667,1992-09-14,1992-09-20
"ENSO34",1992,38,-0.252,1992-09-14,1992-09-20
"ENSO4",1992,38,0.062,1992-09-14,1992-09-20
"DMI",1992,39,-0.675066666666667,1992-09-21,1992-09-27
"ENSO3",1992,39,-0.342333333333333,1992-09-21,1992-09-27
"ENSO34",1992,39,-0.301,1992-09-21,1992-09-27
"ENSO4",1992,39,0.041,1992-09-21,1992-09-27
"DMI",1992,40,-0.626581566820277,1992-09-28,1992-10-04
"ENSO3",1992,40,-0.338903225806452,1992-09-28,1992-10-04
"ENSO34",1992,40,-0.338193548387097,1992-09-28,1992-10-04
"ENSO4",1992,40,0.0250599078341014,1992-09-28,1992-10-04
"DMI",1992,41,-0.575516129032258,1992-10-05,1992-10-11
"ENSO3",1992,41,-0.328709677419355,1992-10-05,1992-10-11
"ENSO34",1992,41,-0.30258064516129,1992-10-05,1992-10-11
"ENSO4",1992,41,0.0403225806451613,1992-10-05,1992-10-11
"DMI",1992,42,-0.524032258064516,1992-10-12,1992-10-18
"ENSO3",1992,42,-0.31741935483871,1992-10-12,1992-10-18
"ENSO34",1992,42,-0.255161290322581,1992-10-12,1992-10-18
"ENSO4",1992,42,0.0606451612903226,1992-10-12,1992-10-18
"DMI",1992,43,-0.472548387096774,1992-10-19,1992-10-25
"ENSO3",1992,43,-0.306129032258065,1992-10-19,1992-10-25
"ENSO34",1992,43,-0.207741935483871,1992-10-19,1992-10-25
"ENSO4",1992,43,0.0809677419354839,1992-10-19,1992-10-25
"DMI",1992,44,-0.421064516129032,1992-10-26,1992-11-01
"ENSO3",1992,44,-0.294838709677419,1992-10-26,1992-11-01
"ENSO34",1992,44,-0.160322580645161,1992-10-26,1992-11-01
"ENSO4",1992,44,0.101290322580645,1992-10-26,1992-11-01
"DMI",1992,45,-0.388066666666667,1992-11-02,1992-11-08
"ENSO3",1992,45,-0.286,1992-11-02,1992-11-08
"ENSO34",1992,45,-0.116,1992-11-02,1992-11-08
"ENSO4",1992,45,0.134,1992-11-02,1992-11-08
"DMI",1992,46,-0.368933333333333,1992-11-09,1992-11-15
"ENSO3",1992,46,-0.279,1992-11-09,1992-11-15
"ENSO34",1992,46,-0.074,1992-11-09,1992-11-15
"ENSO4",1992,46,0.176,1992-11-09,1992-11-15
"DMI",1992,47,-0.3498,1992-11-16,1992-11-22
"ENSO3",1992,47,-0.272,1992-11-16,1992-11-22
"ENSO34",1992,47,-0.032,1992-11-16,1992-11-22
"ENSO4",1992,47,0.218,1992-11-16,1992-11-22
"DMI",1992,48,-0.330666666666667,1992-11-23,1992-11-29
"ENSO3",1992,48,-0.265,1992-11-23,1992-11-29
"ENSO34",1992,48,0.01,1992-11-23,1992-11-29
"ENSO4",1992,48,0.26,1992-11-23,1992-11-29
"DMI",1992,49,-0.309026420890937,1992-11-30,1992-12-06
"ENSO3",1992,49,-0.24631797235023,1992-11-30,1992-12-06
"ENSO34",1992,49,0.0557327188940092,1992-11-30,1992-12-06
"ENSO4",1992,49,0.301585253456221,1992-11-30,1992-12-06
"DMI",1992,50,-0.281870967741935,1992-12-07,1992-12-13
"ENSO3",1992,50,-0.201935483870968,1992-12-07,1992-12-13
"ENSO34",1992,50,0.109677419354839,1992-12-07,1992-12-13
"ENSO4",1992,50,0.342258064516129,1992-12-07,1992-12-13
"DMI",1992,51,-0.254548387096774,1992-12-14,1992-12-20
"ENSO3",1992,51,-0.156774193548387,1992-12-14,1992-12-20
"ENSO34",1992,51,0.163870967741935,1992-12-14,1992-12-20
"ENSO4",1992,51,0.382903225806452,1992-12-14,1992-12-20
"DMI",1992,52,-0.227225806451613,1992-12-21,1992-12-27
"ENSO3",1992,52,-0.111612903225806,1992-12-21,1992-12-27
"ENSO34",1992,52,0.218064516129032,1992-12-21,1992-12-27
"ENSO4",1992,52,0.423548387096774,1992-12-21,1992-12-27
"DMI",1992,53,-0.198382488479263,1992-12-28,1993-01-03
"ENSO3",1992,53,-0.0650691244239631,1992-12-28,1993-01-03
"ENSO34",1992,53,0.270875576036866,1992-12-28,1993-01-03
"ENSO4",1992,53,0.461705069124424,1992-12-28,1993-01-03
"DMI",1993,1,-0.151290322580645,1993-01-04,1993-01-10
"ENSO3",1993,1,-0.00193548387096774,1993-01-04,1993-01-10
"ENSO34",1993,1,0.307096774193548,1993-01-04,1993-01-10
"ENSO4",1993,1,0.47,1993-01-04,1993-01-10
"DMI",1993,2,-0.0991290322580645,1993-01-11,1993-01-17
"ENSO3",1993,2,0.0658064516129032,1993-01-11,1993-01-17
"ENSO34",1993,2,0.338709677419355,1993-01-11,1993-01-17
"ENSO4",1993,2,0.47,1993-01-11,1993-01-17
"DMI",1993,3,-0.0469677419354839,1993-01-18,1993-01-24
"ENSO3",1993,3,0.133548387096774,1993-01-18,1993-01-24
"ENSO34",1993,3,0.370322580645161,1993-01-18,1993-01-24
"ENSO4",1993,3,0.47,1993-01-18,1993-01-24
"DMI",1993,4,0.00519354838709677,1993-01-25,1993-01-31
"ENSO3",1993,4,0.201290322580645,1993-01-25,1993-01-31
"ENSO34",1993,4,0.401935483870968,1993-01-25,1993-01-31
"ENSO4",1993,4,0.47,1993-01-25,1993-01-31
"DMI",1993,5,-0.000357142857142848,1993-02-01,1993-02-07
"ENSO3",1993,5,0.252857142857143,1993-02-01,1993-02-07
"ENSO34",1993,5,0.425357142857143,1993-02-01,1993-02-07
"ENSO4",1993,5,0.459285714285714,1993-02-01,1993-02-07
"DMI",1993,6,-0.0828571428571428,1993-02-08,1993-02-14
"ENSO3",1993,6,0.282857142857143,1993-02-08,1993-02-14
"ENSO34",1993,6,0.437857142857143,1993-02-08,1993-02-14
"ENSO4",1993,6,0.434285714285714,1993-02-08,1993-02-14
"DMI",1993,7,-0.165357142857143,1993-02-15,1993-02-21
"ENSO3",1993,7,0.312857142857143,1993-02-15,1993-02-21
"ENSO34",1993,7,0.450357142857143,1993-02-15,1993-02-21
"ENSO4",1993,7,0.409285714285714,1993-02-15,1993-02-21
"DMI",1993,8,-0.247857142857143,1993-02-22,1993-02-28
"ENSO3",1993,8,0.342857142857143,1993-02-22,1993-02-28
"ENSO34",1993,8,0.462857142857143,1993-02-22,1993-02-28
"ENSO4",1993,8,0.384285714285714,1993-02-22,1993-02-28
"DMI",1993,9,-0.283967741935484,1993-03-01,1993-03-07
"ENSO3",1993,9,0.414193548387097,1993-03-01,1993-03-07
"ENSO34",1993,9,0.513548387096774,1993-03-01,1993-03-07
"ENSO4",1993,9,0.384516129032258,1993-03-01,1993-03-07
"DMI",1993,10,-0.258225806451613,1993-03-08,1993-03-14
"ENSO3",1993,10,0.540645161290323,1993-03-08,1993-03-14
"ENSO34",1993,10,0.615161290322581,1993-03-08,1993-03-14
"ENSO4",1993,10,0.418387096774194,1993-03-08,1993-03-14
"DMI",1993,11,-0.232483870967742,1993-03-15,1993-03-21
"ENSO3",1993,11,0.667096774193548,1993-03-15,1993-03-21
"ENSO34",1993,11,0.716774193548387,1993-03-15,1993-03-21
"ENSO4",1993,11,0.452258064516129,1993-03-15,1993-03-21
"DMI",1993,12,-0.206741935483871,1993-03-22,1993-03-28
"ENSO3",1993,12,0.793548387096774,1993-03-22,1993-03-28
"ENSO34",1993,12,0.818387096774194,1993-03-22,1993-03-28
"ENSO4",1993,12,0.486129032258065,1993-03-22,1993-03-28
"DMI",1993,13,-0.179752073732719,1993-03-29,1993-04-04
"ENSO3",1993,13,0.908230414746544,1993-03-29,1993-04-04
"ENSO34",1993,13,0.90784331797235,1993-03-29,1993-04-04
"ENSO4",1993,13,0.515852534562212,1993-03-29,1993-04-04
"DMI",1993,14,-0.145066666666667,1993-04-05,1993-04-11
"ENSO3",1993,14,0.950333333333333,1993-04-05,1993-04-11
"ENSO34",1993,14,0.922333333333333,1993-04-05,1993-04-11
"ENSO4",1993,14,0.52,1993-04-05,1993-04-11
"DMI",1993,15,-0.109133333333333,1993-04-12,1993-04-18
"ENSO3",1993,15,0.980666666666667,1993-04-12,1993-04-18
"ENSO34",1993,15,0.924666666666667,1993-04-12,1993-04-18
"ENSO4",1993,15,0.52,1993-04-12,1993-04-18
"DMI",1993,16,-0.0732,1993-04-19,1993-04-25
"ENSO3",1993,16,1.011,1993-04-19,1993-04-25
"ENSO34",1993,16,0.927,1993-04-19,1993-04-25
"ENSO4",1993,16,0.52,1993-04-19,1993-04-25
"DMI",1993,17,-0.0383732718894009,1993-04-26,1993-05-02
"ENSO3",1993,17,1.03877880184332,1993-04-26,1993-05-02
"ENSO34",1993,17,0.92794930875576,1993-04-26,1993-05-02
"ENSO4",1993,17,0.519493087557604,1993-04-26,1993-05-02
"DMI",1993,18,-0.0400645161290323,1993-05-03,1993-05-09
"ENSO3",1993,18,0.982258064516129,1993-05-03,1993-05-09
"ENSO34",1993,18,0.883225806451613,1993-05-03,1993-05-09
"ENSO4",1993,18,0.502258064516129,1993-05-03,1993-05-09
"DMI",1993,19,-0.0583548387096774,1993-05-10,1993-05-16
"ENSO3",1993,19,0.88741935483871,1993-05-10,1993-05-16
"ENSO34",1993,19,0.817741935483871,1993-05-10,1993-05-16
"ENSO4",1993,19,0.47741935483871,1993-05-10,1993-05-16
"DMI",1993,20,-0.0766451612903226,1993-05-17,1993-05-23
"ENSO3",1993,20,0.79258064516129,1993-05-17,1993-05-23
"ENSO34",1993,20,0.752258064516129,1993-05-17,1993-05-23
"ENSO4",1993,20,0.45258064516129,1993-05-17,1993-05-23
"DMI",1993,21,-0.0949354838709677,1993-05-24,1993-05-30
"ENSO3",1993,21,0.697741935483871,1993-05-24,1993-05-30
"ENSO34",1993,21,0.686774193548387,1993-05-24,1993-05-30
"ENSO4",1993,21,0.427741935483871,1993-05-24,1993-05-30
"DMI",1993,22,-0.110769585253456,1993-05-31,1993-06-06
"ENSO3",1993,22,0.596221198156682,1993-05-31,1993-06-06
"ENSO34",1993,22,0.619193548387097,1993-05-31,1993-06-06
"ENSO4",1993,22,0.408364055299539,1993-05-31,1993-06-06
"DMI",1993,23,-0.1212,1993-06-07,1993-06-13
"ENSO3",1993,23,0.48,1993-06-07,1993-06-13
"ENSO34",1993,23,0.547,1993-06-07,1993-06-13
"ENSO4",1993,23,0.401,1993-06-07,1993-06-13
"DMI",1993,24,-0.131466666666667,1993-06-14,1993-06-20
"ENSO3",1993,24,0.363333333333333,1993-06-14,1993-06-20
"ENSO34",1993,24,0.474666666666667,1993-06-14,1993-06-20
"ENSO4",1993,24,0.394,1993-06-14,1993-06-20
"DMI",1993,25,-0.141733333333333,1993-06-21,1993-06-27
"ENSO3",1993,25,0.246666666666667,1993-06-21,1993-06-27
"ENSO34",1993,25,0.402333333333333,1993-06-21,1993-06-27
"ENSO4",1993,25,0.387,1993-06-21,1993-06-27
"DMI",1993,26,-0.154973271889401,1993-06-28,1993-07-04
"ENSO3",1993,26,0.140967741935484,1993-06-28,1993-07-04
"ENSO34",1993,26,0.33415668202765,1993-06-28,1993-07-04
"ENSO4",1993,26,0.378921658986175,1993-06-28,1993-07-04
"DMI",1993,27,-0.186548387096774,1993-07-05,1993-07-11
"ENSO3",1993,27,0.102903225806452,1993-07-05,1993-07-11
"ENSO34",1993,27,0.291612903225806,1993-07-05,1993-07-11
"ENSO4",1993,27,0.364193548387097,1993-07-05,1993-07-11
"DMI",1993,28,-0.221096774193548,1993-07-12,1993-07-18
"ENSO3",1993,28,0.0758064516129032,1993-07-12,1993-07-18
"ENSO34",1993,28,0.253225806451613,1993-07-12,1993-07-18
"ENSO4",1993,28,0.348387096774194,1993-07-12,1993-07-18
"DMI",1993,29,-0.255645161290323,1993-07-19,1993-07-25
"ENSO3",1993,29,0.0487096774193548,1993-07-19,1993-07-25
"ENSO34",1993,29,0.214838709677419,1993-07-19,1993-07-25
"ENSO4",1993,29,0.33258064516129,1993-07-19,1993-07-25
"DMI",1993,30,-0.290193548387097,1993-07-26,1993-08-01
"ENSO3",1993,30,0.0216129032258064,1993-07-26,1993-08-01
"ENSO34",1993,30,0.176451612903226,1993-07-26,1993-08-01
"ENSO4",1993,30,0.316774193548387,1993-07-26,1993-08-01
"DMI",1993,31,-0.28758064516129,1993-08-02,1993-08-08
"ENSO3",1993,31,0.0203225806451613,1993-08-02,1993-08-08
"ENSO34",1993,31,0.172903225806452,1993-08-02,1993-08-08
"ENSO4",1993,31,0.319032258064516,1993-08-02,1993-08-08
"DMI",1993,32,-0.257096774193548,1993-08-09,1993-08-15
"ENSO3",1993,32,0.0383870967741936,1993-08-09,1993-08-15
"ENSO34",1993,32,0.195483870967742,1993-08-09,1993-08-15
"ENSO4",1993,32,0.334838709677419,1993-08-09,1993-08-15
"DMI",1993,33,-0.226612903225806,1993-08-16,1993-08-22
"ENSO3",1993,33,0.0564516129032258,1993-08-16,1993-08-22
"ENSO34",1993,33,0.218064516129032,1993-08-16,1993-08-22
"ENSO4",1993,33,0.350645161290323,1993-08-16,1993-08-22
"DMI",1993,34,-0.196129032258065,1993-08-23,1993-08-29
"ENSO3",1993,34,0.0745161290322581,1993-08-23,1993-08-29
"ENSO34",1993,34,0.240645161290323,1993-08-23,1993-08-29
"ENSO4",1993,34,0.366451612903226,1993-08-23,1993-08-29
"DMI",1993,35,-0.171199692780338,1993-08-30,1993-09-05
"ENSO3",1993,35,0.0946082949308756,1993-08-30,1993-09-05
"ENSO34",1993,35,0.263379416282642,1993-08-30,1993-09-05
"ENSO4",1993,35,0.376175115207373,1993-08-30,1993-09-05
"DMI",1993,36,-0.166266666666667,1993-09-06,1993-09-12
"ENSO3",1993,36,0.122,1993-09-06,1993-09-12
"ENSO34",1993,36,0.286666666666667,1993-09-06,1993-09-12
"ENSO4",1993,36,0.364,1993-09-06,1993-09-12
"DMI",1993,37,-0.163,1993-09-13,1993-09-19
"ENSO3",1993,37,0.15,1993-09-13,1993-09-19
"ENSO34",1993,37,0.31,1993-09-13,1993-09-19
"ENSO4",1993,37,0.35,1993-09-13,1993-09-19
"DMI",1993,38,-0.159733333333333,1993-09-20,1993-09-26
"ENSO3",1993,38,0.178,1993-09-20,1993-09-26
"ENSO34",1993,38,0.333333333333333,1993-09-20,1993-09-26
"ENSO4",1993,38,0.336,1993-09-20,1993-09-26
"DMI",1993,39,-0.156569892473118,1993-09-27,1993-10-03
"ENSO3",1993,39,0.202903225806452,1993-09-27,1993-10-03
"ENSO34",1993,39,0.354132104454685,1993-09-27,1993-10-03
"ENSO4",1993,39,0.324377880184332,1993-09-27,1993-10-03
"DMI",1993,40,-0.154645161290323,1993-10-04,1993-10-10
"ENSO3",1993,40,0.190645161290323,1993-10-04,1993-10-10
"ENSO34",1993,40,0.344516129032258,1993-10-04,1993-10-10
"ENSO4",1993,40,0.341290322580645,1993-10-04,1993-10-10
"DMI",1993,41,-0.153064516129032,1993-10-11,1993-10-17
"ENSO3",1993,41,0.168064516129032,1993-10-11,1993-10-17
"ENSO34",1993,41,0.326451612903226,1993-10-11,1993-10-17
"ENSO4",1993,41,0.366129032258065,1993-10-11,1993-10-17
"DMI",1993,42,-0.151483870967742,1993-10-18,1993-10-24
"ENSO3",1993,42,0.145483870967742,1993-10-18,1993-10-24
"ENSO34",1993,42,0.308387096774194,1993-10-18,1993-10-24
"ENSO4",1993,42,0.390967741935484,1993-10-18,1993-10-24
"DMI",1993,43,-0.149903225806452,1993-10-25,1993-10-31
"ENSO3",1993,43,0.122903225806452,1993-10-25,1993-10-31
"ENSO34",1993,43,0.290322580645161,1993-10-25,1993-10-31
"ENSO4",1993,43,0.415806451612903,1993-10-25,1993-10-31
"DMI",1993,44,-0.1547,1993-11-01,1993-11-07
"ENSO3",1993,44,0.099,1993-11-01,1993-11-07
"ENSO34",1993,44,0.271,1993-11-01,1993-11-07
"ENSO4",1993,44,0.424,1993-11-01,1993-11-07
"DMI",1993,45,-0.168,1993-11-08,1993-11-14
"ENSO3",1993,45,0.0733333333333333,1993-11-08,1993-11-14
"ENSO34",1993,45,0.25,1993-11-08,1993-11-14
"ENSO4",1993,45,0.41,1993-11-08,1993-11-14
"DMI",1993,46,-0.1813,1993-11-15,1993-11-21
"ENSO3",1993,46,0.0476666666666667,1993-11-15,1993-11-21
"ENSO34",1993,46,0.229,1993-11-15,1993-11-21
"ENSO4",1993,46,0.396,1993-11-15,1993-11-21
"DMI",1993,47,-0.1946,1993-11-22,1993-11-28
"ENSO3",1993,47,0.022,1993-11-22,1993-11-28
"ENSO34",1993,47,0.208,1993-11-22,1993-11-28
"ENSO4",1993,47,0.382,1993-11-22,1993-11-28
"DMI",1993,48,-0.194540552995392,1993-11-29,1993-12-05
"ENSO3",1993,48,-0.000271889400921659,1993-11-29,1993-12-05
"ENSO34",1993,48,0.183912442396313,1993-11-29,1993-12-05
"ENSO4",1993,48,0.362562211981567,1993-11-29,1993-12-05
"DMI",1993,49,-0.146387096774194,1993-12-06,1993-12-12
"ENSO3",1993,49,-0.0103225806451613,1993-12-06,1993-12-12
"ENSO34",1993,49,0.148709677419355,1993-12-06,1993-12-12
"ENSO4",1993,49,0.323548387096774,1993-12-06,1993-12-12
"DMI",1993,50,-0.0942258064516129,1993-12-13,1993-12-19
"ENSO3",1993,50,-0.0193548387096774,1993-12-13,1993-12-19
"ENSO34",1993,50,0.11258064516129,1993-12-13,1993-12-19
"ENSO4",1993,50,0.282903225806452,1993-12-13,1993-12-19
"DMI",1993,51,-0.0420645161290323,1993-12-20,1993-12-26
"ENSO3",1993,51,-0.0283870967741936,1993-12-20,1993-12-26
"ENSO34",1993,51,0.0764516129032258,1993-12-20,1993-12-26
"ENSO4",1993,51,0.242258064516129,1993-12-20,1993-12-26
"DMI",1993,52,0.0082442396313364,1993-12-27,1994-01-02
"ENSO3",1993,52,-0.0383870967741936,1993-12-27,1994-01-02
"ENSO34",1993,52,0.040184331797235,1993-12-27,1994-01-02
"ENSO4",1993,52,0.201705069124424,1993-12-27,1994-01-02
"DMI",1994,1,-0.00258064516129032,1994-01-03,1994-01-09
"ENSO3",1994,1,-0.0803225806451613,1994-01-03,1994-01-09
"ENSO34",1994,1,-0.000645161290322582,1994-01-03,1994-01-09
"ENSO4",1994,1,0.164193548387097,1994-01-03,1994-01-09
"DMI",1994,2,-0.0411935483870968,1994-01-10,1994-01-16
"ENSO3",1994,2,-0.136774193548387,1994-01-10,1994-01-16
"ENSO34",1994,2,-0.0435483870967742,1994-01-10,1994-01-16
"ENSO4",1994,2,0.128064516129032,1994-01-10,1994-01-16
"DMI",1994,3,-0.0798064516129032,1994-01-17,1994-01-23
"ENSO3",1994,3,-0.193225806451613,1994-01-17,1994-01-23
"ENSO34",1994,3,-0.0864516129032258,1994-01-17,1994-01-23
"ENSO4",1994,3,0.0919354838709677,1994-01-17,1994-01-23
"DMI",1994,4,-0.11841935483871,1994-01-24,1994-01-30
"ENSO3",1994,4,-0.249677419354839,1994-01-24,1994-01-30
"ENSO34",1994,4,-0.129354838709677,1994-01-24,1994-01-30
"ENSO4",1994,4,0.0558064516129032,1994-01-24,1994-01-30
"DMI",1994,5,-0.118579328505596,1994-01-31,1994-02-06
"ENSO3",1994,5,-0.294205069124424,1994-01-31,1994-02-06
"ENSO34",1994,5,-0.151471362738644,1994-01-31,1994-02-06
"ENSO4",1994,5,0.0368597761685319,1994-01-31,1994-02-06
"DMI",1994,6,-0.0341428571428571,1994-02-07,1994-02-13
"ENSO3",1994,6,-0.3125,1994-02-07,1994-02-13
"ENSO34",1994,6,-0.127857142857143,1994-02-07,1994-02-13
"ENSO4",1994,6,0.0557142857142857,1994-02-07,1994-02-13
"DMI",1994,7,0.0528571428571429,1994-02-14,1994-02-20
"ENSO3",1994,7,-0.33,1994-02-14,1994-02-20
"ENSO34",1994,7,-0.102857142857143,1994-02-14,1994-02-20
"ENSO4",1994,7,0.0757142857142857,1994-02-14,1994-02-20
"DMI",1994,8,0.139857142857143,1994-02-21,1994-02-27
"ENSO3",1994,8,-0.3475,1994-02-21,1994-02-27
"ENSO34",1994,8,-0.0778571428571429,1994-02-21,1994-02-27
"ENSO4",1994,8,0.0957142857142857,1994-02-21,1994-02-27
"DMI",1994,9,0.210524028966425,1994-02-28,1994-03-06
"ENSO3",1994,9,-0.364481566820276,1994-02-28,1994-03-06
"ENSO34",1994,9,-0.0542890059249506,1994-02-28,1994-03-06
"ENSO4",1994,9,0.119269256089533,1994-02-28,1994-03-06
"DMI",1994,10,0.245258064516129,1994-03-07,1994-03-13
"ENSO3",1994,10,-0.380322580645161,1994-03-07,1994-03-13
"ENSO34",1994,10,-0.0338709677419355,1994-03-07,1994-03-13
"ENSO4",1994,10,0.150645161290323,1994-03-07,1994-03-13
"DMI",1994,11,0.278903225806452,1994-03-14,1994-03-20
"ENSO3",1994,11,-0.396129032258065,1994-03-14,1994-03-20
"ENSO34",1994,11,-0.0135483870967742,1994-03-14,1994-03-20
"ENSO4",1994,11,0.182258064516129,1994-03-14,1994-03-20
"DMI",1994,12,0.312548387096774,1994-03-21,1994-03-27
"ENSO3",1994,12,-0.411935483870968,1994-03-21,1994-03-27
"ENSO34",1994,12,0.0067741935483871,1994-03-21,1994-03-27
"ENSO4",1994,12,0.213870967741935,1994-03-21,1994-03-27
"DMI",1994,13,0.346890783410138,1994-03-28,1994-04-03
"ENSO3",1994,13,-0.42363133640553,1994-03-28,1994-04-03
"ENSO34",1994,13,0.0274239631336405,1994-03-28,1994-04-03
"ENSO4",1994,13,0.243834101382488,1994-03-28,1994-04-03
"DMI",1994,14,0.3896,1994-04-04,1994-04-10
"ENSO3",1994,14,-0.386,1994-04-04,1994-04-10
"ENSO34",1994,14,0.052,1994-04-04,1994-04-10
"ENSO4",1994,14,0.254,1994-04-04,1994-04-10
"DMI",1994,15,0.434633333333333,1994-04-11,1994-04-17
"ENSO3",1994,15,-0.334666666666667,1994-04-11,1994-04-17
"ENSO34",1994,15,0.0776666666666667,1994-04-11,1994-04-17
"ENSO4",1994,15,0.258666666666667,1994-04-11,1994-04-17
"DMI",1994,16,0.479666666666667,1994-04-18,1994-04-24
"ENSO3",1994,16,-0.283333333333333,1994-04-18,1994-04-24
"ENSO34",1994,16,0.103333333333333,1994-04-18,1994-04-24
"ENSO4",1994,16,0.263333333333333,1994-04-18,1994-04-24
"DMI",1994,17,0.5247,1994-04-25,1994-05-01
"ENSO3",1994,17,-0.232,1994-04-25,1994-05-01
"ENSO34",1994,17,0.129,1994-04-25,1994-05-01
"ENSO4",1994,17,0.268,1994-04-25,1994-05-01
"DMI",1994,18,0.529677419354839,1994-05-02,1994-05-08
"ENSO3",1994,18,-0.185483870967742,1994-05-02,1994-05-08
"ENSO34",1994,18,0.156774193548387,1994-05-02,1994-05-08
"ENSO4",1994,18,0.282903225806452,1994-05-02,1994-05-08
"DMI",1994,19,0.504612903225806,1994-05-09,1994-05-15
"ENSO3",1994,19,-0.14258064516129,1994-05-09,1994-05-15
"ENSO34",1994,19,0.186129032258065,1994-05-09,1994-05-15
"ENSO4",1994,19,0.305483870967742,1994-05-09,1994-05-15
"DMI",1994,20,0.479548387096774,1994-05-16,1994-05-22
"ENSO3",1994,20,-0.0996774193548387,1994-05-16,1994-05-22
"ENSO34",1994,20,0.215483870967742,1994-05-16,1994-05-22
"ENSO4",1994,20,0.328064516129032,1994-05-16,1994-05-22
"DMI",1994,21,0.454483870967742,1994-05-23,1994-05-29
"ENSO3",1994,21,-0.0567741935483871,1994-05-23,1994-05-29
"ENSO34",1994,21,0.244838709677419,1994-05-23,1994-05-29
"ENSO4",1994,21,0.350645161290323,1994-05-23,1994-05-29
"DMI",1994,22,0.440439324116743,1994-05-30,1994-06-05
"ENSO3",1994,22,-0.0397695852534562,1994-05-30,1994-06-05
"ENSO34",1994,22,0.262964669738863,1994-05-30,1994-06-05
"ENSO4",1994,22,0.379093701996928,1994-05-30,1994-06-05
"DMI",1994,23,0.466066666666667,1994-06-06,1994-06-12
"ENSO3",1994,23,-0.116,1994-06-06,1994-06-12
"ENSO34",1994,23,0.240666666666667,1994-06-06,1994-06-12
"ENSO4",1994,23,0.428666666666667,1994-06-06,1994-06-12
"DMI",1994,24,0.495,1994-06-13,1994-06-19
"ENSO3",1994,24,-0.2,1994-06-13,1994-06-19
"ENSO34",1994,24,0.215,1994-06-13,1994-06-19
"ENSO4",1994,24,0.48,1994-06-13,1994-06-19
"DMI",1994,25,0.523933333333333,1994-06-20,1994-06-26
"ENSO3",1994,25,-0.284,1994-06-20,1994-06-26
"ENSO34",1994,25,0.189333333333333,1994-06-20,1994-06-26
"ENSO4",1994,25,0.531333333333333,1994-06-20,1994-06-26
"DMI",1994,26,0.554606758832565,1994-06-27,1994-07-03
"ENSO3",1994,26,-0.360230414746544,1994-06-27,1994-07-03
"ENSO34",1994,26,0.170215053763441,1994-06-27,1994-07-03
"ENSO4",1994,26,0.582288786482335,1994-06-27,1994-07-03
"DMI",1994,27,0.606161290322581,1994-07-04,1994-07-10
"ENSO3",1994,27,-0.343225806451613,1994-07-04,1994-07-10
"ENSO34",1994,27,0.229677419354839,1994-07-04,1994-07-10
"ENSO4",1994,27,0.628709677419355,1994-07-04,1994-07-10
"DMI",1994,28,0.663516129032258,1994-07-11,1994-07-17
"ENSO3",1994,28,-0.300322580645161,1994-07-11,1994-07-17
"ENSO34",1994,28,0.310967741935484,1994-07-11,1994-07-17
"ENSO4",1994,28,0.673870967741935,1994-07-11,1994-07-17
"DMI",1994,29,0.720870967741935,1994-07-18,1994-07-24
"ENSO3",1994,29,-0.25741935483871,1994-07-18,1994-07-24
"ENSO34",1994,29,0.392258064516129,1994-07-18,1994-07-24
"ENSO4",1994,29,0.719032258064516,1994-07-18,1994-07-24
"DMI",1994,30,0.778225806451613,1994-07-25,1994-07-31
"ENSO3",1994,30,-0.214516129032258,1994-07-25,1994-07-31
"ENSO34",1994,30,0.473548387096774,1994-07-25,1994-07-31
"ENSO4",1994,30,0.764193548387097,1994-07-25,1994-07-31
"DMI",1994,31,0.783709677419355,1994-08-01,1994-08-07
"ENSO3",1994,31,-0.170645161290323,1994-08-01,1994-08-07
"ENSO34",1994,31,0.508387096774194,1994-08-01,1994-08-07
"ENSO4",1994,31,0.769677419354839,1994-08-01,1994-08-07
"DMI",1994,32,0.720032258064516,1994-08-08,1994-08-14
"ENSO3",1994,32,-0.125483870967742,1994-08-08,1994-08-14
"ENSO34",1994,32,0.481290322580645,1994-08-08,1994-08-14
"ENSO4",1994,32,0.722258064516129,1994-08-08,1994-08-14
"DMI",1994,33,0.656354838709677,1994-08-15,1994-08-21
"ENSO3",1994,33,-0.0803225806451613,1994-08-15,1994-08-21
"ENSO34",1994,33,0.454193548387097,1994-08-15,1994-08-21
"ENSO4",1994,33,0.674838709677419,1994-08-15,1994-08-21
"DMI",1994,34,0.592677419354839,1994-08-22,1994-08-28
"ENSO3",1994,34,-0.0351612903225806,1994-08-22,1994-08-28
"ENSO34",1994,34,0.427096774193548,1994-08-22,1994-08-28
"ENSO4",1994,34,0.62741935483871,1994-08-22,1994-08-28
"DMI",1994,35,0.541882949308756,1994-08-29,1994-09-04
"ENSO3",1994,35,0.0218986175115207,1994-08-29,1994-09-04
"ENSO34",1994,35,0.417603686635945,1994-08-29,1994-09-04
"ENSO4",1994,35,0.591806451612903,1994-08-29,1994-09-04
"DMI",1994,36,0.570533333333333,1994-09-05,1994-09-11
"ENSO3",1994,36,0.152333333333333,1994-09-05,1994-09-11
"ENSO34",1994,36,0.516666666666667,1994-09-05,1994-09-11
"ENSO4",1994,36,0.629,1994-09-05,1994-09-11
"DMI",1994,37,0.612066666666667,1994-09-12,1994-09-18
"ENSO3",1994,37,0.294666666666667,1994-09-12,1994-09-18
"ENSO34",1994,37,0.633333333333333,1994-09-12,1994-09-18
"ENSO4",1994,37,0.678,1994-09-12,1994-09-18
"DMI",1994,38,0.6536,1994-09-19,1994-09-25
"ENSO3",1994,38,0.437,1994-09-19,1994-09-25
"ENSO34",1994,38,0.75,1994-09-19,1994-09-25
"ENSO4",1994,38,0.727,1994-09-19,1994-09-25
"DMI",1994,39,0.692350230414747,1994-09-26,1994-10-02
"ENSO3",1994,39,0.577488479262673,1994-09-26,1994-10-02
"ENSO34",1994,39,0.865391705069124,1994-09-26,1994-10-02
"ENSO4",1994,39,0.775691244239631,1994-09-26,1994-10-02
"DMI",1994,40,0.639258064516129,1994-10-03,1994-10-09
"ENSO3",1994,40,0.657096774193548,1994-10-03,1994-10-09
"ENSO34",1994,40,0.938709677419355,1994-10-03,1994-10-09
"ENSO4",1994,40,0.814193548387097,1994-10-03,1994-10-09
"DMI",1994,41,0.54441935483871,1994-10-10,1994-10-16
"ENSO3",1994,41,0.709032258064516,1994-10-10,1994-10-16
"ENSO34",1994,41,0.992903225806452,1994-10-10,1994-10-16
"ENSO4",1994,41,0.848064516129032,1994-10-10,1994-10-16
"DMI",1994,42,0.44958064516129,1994-10-17,1994-10-23
"ENSO3",1994,42,0.760967741935484,1994-10-17,1994-10-23
"ENSO34",1994,42,1.04709677419355,1994-10-17,1994-10-23
"ENSO4",1994,42,0.881935483870968,1994-10-17,1994-10-23
"DMI",1994,43,0.354741935483871,1994-10-24,1994-10-30
"ENSO3",1994,43,0.812903225806452,1994-10-24,1994-10-30
"ENSO34",1994,43,1.10129032258065,1994-10-24,1994-10-30
"ENSO4",1994,43,0.915806451612903,1994-10-24,1994-10-30
"DMI",1994,44,0.287221198156682,1994-10-31,1994-11-06
"ENSO3",1994,44,0.85536866359447,1994-10-31,1994-11-06
"ENSO34",1994,44,1.14389400921659,1994-10-31,1994-11-06
"ENSO4",1994,44,0.937165898617511,1994-10-31,1994-11-06
"DMI",1994,45,0.2798,1994-11-07,1994-11-13
"ENSO3",1994,45,0.877,1994-11-07,1994-11-13
"ENSO34",1994,45,1.161,1994-11-07,1994-11-13
"ENSO4",1994,45,0.931,1994-11-07,1994-11-13
"DMI",1994,46,0.2742,1994-11-14,1994-11-20
"ENSO3",1994,46,0.898,1994-11-14,1994-11-20
"ENSO34",1994,46,1.17733333333333,1994-11-14,1994-11-20
"ENSO4",1994,46,0.924,1994-11-14,1994-11-20
"DMI",1994,47,0.2686,1994-11-21,1994-11-27
"ENSO3",1994,47,0.919,1994-11-21,1994-11-27
"ENSO34",1994,47,1.19366666666667,1994-11-21,1994-11-27
"ENSO4",1994,47,0.917,1994-11-21,1994-11-27
"DMI",1994,48,0.260284792626728,1994-11-28,1994-12-04
"ENSO3",1994,48,0.934663594470046,1994-11-28,1994-12-04
"ENSO34",1994,48,1.20495852534562,1994-11-28,1994-12-04
"ENSO4",1994,48,0.910857142857143,1994-11-28,1994-12-04
"DMI",1994,49,0.235225806451613,1994-12-05,1994-12-11
"ENSO3",1994,49,0.91741935483871,1994-12-05,1994-12-11
"ENSO34",1994,49,1.18516129032258,1994-12-05,1994-12-11
"ENSO4",1994,49,0.91,1994-12-05,1994-12-11
"DMI",1994,50,0.207451612903226,1994-12-12,1994-12-18
"ENSO3",1994,50,0.894838709677419,1994-12-12,1994-12-18
"ENSO34",1994,50,1.16032258064516,1994-12-12,1994-12-18
"ENSO4",1994,50,0.91,1994-12-12,1994-12-18
"DMI",1994,51,0.179677419354839,1994-12-19,1994-12-25
"ENSO3",1994,51,0.872258064516129,1994-12-19,1994-12-25
"ENSO34",1994,51,1.13548387096774,1994-12-19,1994-12-25
"ENSO4",1994,51,0.91,1994-12-19,1994-12-25
"DMI",1994,52,0.151903225806452,1994-12-26,1995-01-01
"ENSO3",1994,52,0.849677419354839,1994-12-26,1995-01-01
"ENSO34",1994,52,1.11064516129032,1994-12-26,1995-01-01
"ENSO4",1994,52,0.91,1994-12-26,1995-01-01
"DMI",1995,1,0.143096774193548,1995-01-02,1995-01-08
"ENSO3",1995,1,0.806451612903226,1995-01-02,1995-01-08
"ENSO34",1995,1,1.07032258064516,1995-01-02,1995-01-08
"ENSO4",1995,1,0.908709677419355,1995-01-02,1995-01-08
"DMI",1995,2,0.148516129032258,1995-01-09,1995-01-15
"ENSO3",1995,2,0.747741935483871,1995-01-09,1995-01-15
"ENSO34",1995,2,1.01838709677419,1995-01-09,1995-01-15
"ENSO4",1995,2,0.906451612903226,1995-01-09,1995-01-15
"DMI",1995,3,0.153935483870968,1995-01-16,1995-01-22
"ENSO3",1995,3,0.689032258064516,1995-01-16,1995-01-22
"ENSO34",1995,3,0.966451612903226,1995-01-16,1995-01-22
"ENSO4",1995,3,0.904193548387097,1995-01-16,1995-01-22
"DMI",1995,4,0.159354838709677,1995-01-23,1995-01-29
"ENSO3",1995,4,0.630322580645161,1995-01-23,1995-01-29
"ENSO34",1995,4,0.914516129032258,1995-01-23,1995-01-29
"ENSO4",1995,4,0.901935483870968,1995-01-23,1995-01-29
"DMI",1995,5,0.152749835418038,1995-01-30,1995-02-05
"ENSO3",1995,5,0.557063857801185,1995-01-30,1995-02-05
"ENSO34",1995,5,0.853791968400263,1995-01-30,1995-02-05
"ENSO4",1995,5,0.896056616194865,1995-01-30,1995-02-05
"DMI",1995,6,0.102857142857143,1995-02-06,1995-02-12
"ENSO3",1995,6,0.431428571428571,1995-02-06,1995-02-12
"ENSO34",1995,6,0.761428571428571,1995-02-06,1995-02-12
"ENSO4",1995,6,0.877142857142857,1995-02-06,1995-02-12
"DMI",1995,7,0.0493571428571429,1995-02-13,1995-02-19
"ENSO3",1995,7,0.301428571428571,1995-02-13,1995-02-19
"ENSO34",1995,7,0.666428571428571,1995-02-13,1995-02-19
"ENSO4",1995,7,0.857142857142857,1995-02-13,1995-02-19
"DMI",1995,8,-0.00414285714285716,1995-02-20,1995-02-26
"ENSO3",1995,8,0.171428571428571,1995-02-20,1995-02-26
"ENSO34",1995,8,0.571428571428571,1995-02-20,1995-02-26
"ENSO4",1995,8,0.837142857142857,1995-02-20,1995-02-26
"DMI",1995,9,-0.0546046741277156,1995-02-27,1995-03-05
"ENSO3",1995,9,0.0545951283739302,1995-02-27,1995-03-05
"ENSO34",1995,9,0.485678077682686,1995-02-27,1995-03-05
"ENSO4",1995,9,0.808782093482554,1995-02-27,1995-03-05
"DMI",1995,10,-0.0941290322580645,1995-03-06,1995-03-12
"ENSO3",1995,10,-0.0148387096774194,1995-03-06,1995-03-12
"ENSO34",1995,10,0.433225806451613,1995-03-06,1995-03-12
"ENSO4",1995,10,0.750322580645161,1995-03-06,1995-03-12
"DMI",1995,11,-0.132741935483871,1995-03-13,1995-03-19
"ENSO3",1995,11,-0.0803225806451613,1995-03-13,1995-03-19
"ENSO34",1995,11,0.383548387096774,1995-03-13,1995-03-19
"ENSO4",1995,11,0.689354838709677,1995-03-13,1995-03-19
"DMI",1995,12,-0.171354838709677,1995-03-20,1995-03-26
"ENSO3",1995,12,-0.145806451612903,1995-03-20,1995-03-26
"ENSO34",1995,12,0.333870967741935,1995-03-20,1995-03-26
"ENSO4",1995,12,0.628387096774194,1995-03-20,1995-03-26
"DMI",1995,13,-0.209322580645161,1995-03-27,1995-04-02
"ENSO3",1995,13,-0.211382488479263,1995-03-27,1995-04-02
"ENSO34",1995,13,0.284064516129032,1995-03-27,1995-04-02
"ENSO4",1995,13,0.568377880184332,1995-03-27,1995-04-02
"DMI",1995,14,-0.226,1995-04-03,1995-04-09
"ENSO3",1995,14,-0.28,1995-04-03,1995-04-09
"ENSO34",1995,14,0.23,1995-04-03,1995-04-09
"ENSO4",1995,14,0.54,1995-04-03,1995-04-09
"DMI",1995,15,-0.233,1995-04-10,1995-04-16
"ENSO3",1995,15,-0.35,1995-04-10,1995-04-16
"ENSO34",1995,15,0.174,1995-04-10,1995-04-16
"ENSO4",1995,15,0.526,1995-04-10,1995-04-16
"DMI",1995,16,-0.24,1995-04-17,1995-04-23
"ENSO3",1995,16,-0.42,1995-04-17,1995-04-23
"ENSO34",1995,16,0.118,1995-04-17,1995-04-23
"ENSO4",1995,16,0.512,1995-04-17,1995-04-23
"DMI",1995,17,-0.247,1995-04-24,1995-04-30
"ENSO3",1995,17,-0.49,1995-04-24,1995-04-30
"ENSO34",1995,17,0.062,1995-04-24,1995-04-30
"ENSO4",1995,17,0.498,1995-04-24,1995-04-30
"DMI",1995,18,-0.234258064516129,1995-05-01,1995-05-07
"ENSO3",1995,18,-0.500967741935484,1995-05-01,1995-05-07
"ENSO34",1995,18,0.0348387096774194,1995-05-01,1995-05-07
"ENSO4",1995,18,0.484193548387097,1995-05-01,1995-05-07
"DMI",1995,19,-0.195193548387097,1995-05-08,1995-05-14
"ENSO3",1995,19,-0.433225806451613,1995-05-08,1995-05-14
"ENSO34",1995,19,0.0461290322580645,1995-05-08,1995-05-14
"ENSO4",1995,19,0.470645161290323,1995-05-08,1995-05-14
"DMI",1995,20,-0.156129032258065,1995-05-15,1995-05-21
"ENSO3",1995,20,-0.365483870967742,1995-05-15,1995-05-21
"ENSO34",1995,20,0.0574193548387097,1995-05-15,1995-05-21
"ENSO4",1995,20,0.457096774193548,1995-05-15,1995-05-21
"DMI",1995,21,-0.117064516129032,1995-05-22,1995-05-28
"ENSO3",1995,21,-0.297741935483871,1995-05-22,1995-05-28
"ENSO34",1995,21,0.0687096774193548,1995-05-22,1995-05-28
"ENSO4",1995,21,0.443548387096774,1995-05-22,1995-05-28
"DMI",1995,22,-0.0853834101382488,1995-05-29,1995-06-04
"ENSO3",1995,22,-0.23458064516129,1995-05-29,1995-06-04
"ENSO34",1995,22,0.0771889400921659,1995-05-29,1995-06-04
"ENSO4",1995,22,0.426516129032258,1995-05-29,1995-06-04
"DMI",1995,23,-0.0992333333333333,1995-06-05,1995-06-11
"ENSO3",1995,23,-0.199666666666667,1995-06-05,1995-06-11
"ENSO34",1995,23,0.0683333333333333,1995-06-05,1995-06-11
"ENSO4",1995,23,0.388,1995-06-05,1995-06-11
"DMI",1995,24,-0.120466666666667,1995-06-12,1995-06-18
"ENSO3",1995,24,-0.169333333333333,1995-06-12,1995-06-18
"ENSO34",1995,24,0.0566666666666667,1995-06-12,1995-06-18
"ENSO4",1995,24,0.346,1995-06-12,1995-06-18
"DMI",1995,25,-0.1417,1995-06-19,1995-06-25
"ENSO3",1995,25,-0.139,1995-06-19,1995-06-25
"ENSO34",1995,25,0.045,1995-06-19,1995-06-25
"ENSO4",1995,25,0.304,1995-06-19,1995-06-25
"DMI",1995,26,-0.162384792626728,1995-06-26,1995-07-02
"ENSO3",1995,26,-0.111497695852535,1995-06-26,1995-07-02
"ENSO34",1995,26,0.0316820276497696,1995-06-26,1995-07-02
"ENSO4",1995,26,0.261889400921659,1995-06-26,1995-07-02
"DMI",1995,27,-0.164967741935484,1995-07-03,1995-07-09
"ENSO3",1995,27,-0.17741935483871,1995-07-03,1995-07-09
"ENSO34",1995,27,-0.0361290322580645,1995-07-03,1995-07-09
"ENSO4",1995,27,0.216129032258065,1995-07-03,1995-07-09
"DMI",1995,28,-0.159322580645161,1995-07-10,1995-07-16
"ENSO3",1995,28,-0.285806451612903,1995-07-10,1995-07-16
"ENSO34",1995,28,-0.128709677419355,1995-07-10,1995-07-16
"ENSO4",1995,28,0.168709677419355,1995-07-10,1995-07-16
"DMI",1995,29,-0.153677419354839,1995-07-17,1995-07-23
"ENSO3",1995,29,-0.394193548387097,1995-07-17,1995-07-23
"ENSO34",1995,29,-0.221290322580645,1995-07-17,1995-07-23
"ENSO4",1995,29,0.121290322580645,1995-07-17,1995-07-23
"DMI",1995,30,-0.148032258064516,1995-07-24,1995-07-30
"ENSO3",1995,30,-0.50258064516129,1995-07-24,1995-07-30
"ENSO34",1995,30,-0.313870967741936,1995-07-24,1995-07-30
"ENSO4",1995,30,0.0738709677419355,1995-07-24,1995-07-30
"DMI",1995,31,-0.146603686635945,1995-07-31,1995-08-06
"ENSO3",1995,31,-0.586082949308756,1995-07-31,1995-08-06
"ENSO34",1995,31,-0.391244239631336,1995-07-31,1995-08-06
"ENSO4",1995,31,0.0319815668202765,1995-07-31,1995-08-06
"DMI",1995,32,-0.154451612903226,1995-08-07,1995-08-13
"ENSO3",1995,32,-0.614838709677419,1995-08-07,1995-08-13
"ENSO34",1995,32,-0.435161290322581,1995-08-07,1995-08-13
"ENSO4",1995,32,0.00225806451612903,1995-08-07,1995-08-13
"DMI",1995,33,-0.16258064516129,1995-08-14,1995-08-20
"ENSO3",1995,33,-0.641935483870968,1995-08-14,1995-08-20
"ENSO34",1995,33,-0.478064516129032,1995-08-14,1995-08-20
"ENSO4",1995,33,-0.0270967741935484,1995-08-14,1995-08-20
"DMI",1995,34,-0.170709677419355,1995-08-21,1995-08-27
"ENSO3",1995,34,-0.669032258064516,1995-08-21,1995-08-27
"ENSO34",1995,34,-0.520967741935484,1995-08-21,1995-08-27
"ENSO4",1995,34,-0.0564516129032258,1995-08-21,1995-08-27
"DMI",1995,35,-0.181012442396313,1995-08-28,1995-09-03
"ENSO3",1995,35,-0.694898617511521,1995-08-28,1995-09-03
"ENSO34",1995,35,-0.563387096774194,1995-08-28,1995-09-03
"ENSO4",1995,35,-0.0867235023041475,1995-08-28,1995-09-03
"DMI",1995,36,-0.2174,1995-09-04,1995-09-10
"ENSO3",1995,36,-0.706,1995-09-04,1995-09-10
"ENSO34",1995,36,-0.6,1995-09-04,1995-09-10
"ENSO4",1995,36,-0.128,1995-09-04,1995-09-10
"DMI",1995,37,-0.261033333333333,1995-09-11,1995-09-17
"ENSO3",1995,37,-0.713,1995-09-11,1995-09-17
"ENSO34",1995,37,-0.635,1995-09-11,1995-09-17
"ENSO4",1995,37,-0.172333333333333,1995-09-11,1995-09-17
"DMI",1995,38,-0.304666666666667,1995-09-18,1995-09-24
"ENSO3",1995,38,-0.72,1995-09-18,1995-09-24
"ENSO34",1995,38,-0.67,1995-09-18,1995-09-24
"ENSO4",1995,38,-0.216666666666667,1995-09-18,1995-09-24
"DMI",1995,39,-0.3483,1995-09-25,1995-10-01
"ENSO3",1995,39,-0.727,1995-09-25,1995-10-01
"ENSO34",1995,39,-0.705,1995-09-25,1995-10-01
"ENSO4",1995,39,-0.261,1995-09-25,1995-10-01
"DMI",1995,40,-0.35758064516129,1995-10-02,1995-10-08
"ENSO3",1995,40,-0.73258064516129,1995-10-02,1995-10-08
"ENSO34",1995,40,-0.727741935483871,1995-10-02,1995-10-08
"ENSO4",1995,40,-0.28258064516129,1995-10-02,1995-10-08
"DMI",1995,41,-0.341096774193548,1995-10-09,1995-10-15
"ENSO3",1995,41,-0.737096774193548,1995-10-09,1995-10-15
"ENSO34",1995,41,-0.741290322580645,1995-10-09,1995-10-15
"ENSO4",1995,41,-0.287096774193548,1995-10-09,1995-10-15
"DMI",1995,42,-0.324612903225806,1995-10-16,1995-10-22
"ENSO3",1995,42,-0.741612903225806,1995-10-16,1995-10-22
"ENSO34",1995,42,-0.754838709677419,1995-10-16,1995-10-22
"ENSO4",1995,42,-0.291612903225806,1995-10-16,1995-10-22
"DMI",1995,43,-0.308129032258064,1995-10-23,1995-10-29
"ENSO3",1995,43,-0.746129032258064,1995-10-23,1995-10-29
"ENSO34",1995,43,-0.768387096774194,1995-10-23,1995-10-29
"ENSO4",1995,43,-0.296129032258065,1995-10-23,1995-10-29
"DMI",1995,44,-0.276723502304147,1995-10-30,1995-11-05
"ENSO3",1995,44,-0.749247311827957,1995-10-30,1995-11-05
"ENSO34",1995,44,-0.7763133640553,1995-10-30,1995-11-05
"ENSO4",1995,44,-0.296866359447005,1995-10-30,1995-11-05
"DMI",1995,45,-0.1916,1995-11-06,1995-11-12
"ENSO3",1995,45,-0.747333333333333,1995-11-06,1995-11-12
"ENSO34",1995,45,-0.764,1995-11-06,1995-11-12
"ENSO4",1995,45,-0.284,1995-11-06,1995-11-12
"DMI",1995,46,-0.102,1995-11-13,1995-11-19
"ENSO3",1995,46,-0.745,1995-11-13,1995-11-19
"ENSO34",1995,46,-0.75,1995-11-13,1995-11-19
"ENSO4",1995,46,-0.27,1995-11-13,1995-11-19
"DMI",1995,47,-0.0124,1995-11-20,1995-11-26
"ENSO3",1995,47,-0.742666666666667,1995-11-20,1995-11-26
"ENSO34",1995,47,-0.736,1995-11-20,1995-11-26
"ENSO4",1995,47,-0.256,1995-11-20,1995-11-26
"DMI",1995,48,0.0701797235023042,1995-11-27,1995-12-03
"ENSO3",1995,48,-0.73826420890937,1995-11-27,1995-12-03
"ENSO34",1995,48,-0.721889400921659,1995-11-27,1995-12-03
"ENSO4",1995,48,-0.244377880184332,1995-11-27,1995-12-03
"DMI",1995,49,0.0685161290322581,1995-12-04,1995-12-10
"ENSO3",1995,49,-0.709032258064516,1995-12-04,1995-12-10
"ENSO34",1995,49,-0.706451612903226,1995-12-04,1995-12-10
"ENSO4",1995,49,-0.261290322580645,1995-12-04,1995-12-10
"DMI",1995,50,0.0434516129032258,1995-12-11,1995-12-17
"ENSO3",1995,50,-0.672903225806452,1995-12-11,1995-12-17
"ENSO34",1995,50,-0.690645161290323,1995-12-11,1995-12-17
"ENSO4",1995,50,-0.286129032258065,1995-12-11,1995-12-17
"DMI",1995,51,0.0183870967741935,1995-12-18,1995-12-24
"ENSO3",1995,51,-0.636774193548387,1995-12-18,1995-12-24
"ENSO34",1995,51,-0.674838709677419,1995-12-18,1995-12-24
"ENSO4",1995,51,-0.310967741935484,1995-12-18,1995-12-24
"DMI",1995,52,-0.00667741935483871,1995-12-25,1995-12-31
"ENSO3",1995,52,-0.600645161290323,1995-12-25,1995-12-31
"ENSO34",1995,52,-0.659032258064516,1995-12-25,1995-12-31
"ENSO4",1995,52,-0.335806451612903,1995-12-25,1995-12-31
"DMI",1996,1,-0.0221612903225806,1996-01-01,1996-01-07
"ENSO3",1996,1,-0.575161290322581,1996-01-01,1996-01-07
"ENSO34",1996,1,-0.650967741935484,1996-01-01,1996-01-07
"ENSO4",1996,1,-0.346129032258065,1996-01-01,1996-01-07
"DMI",1996,2,-0.0248709677419355,1996-01-08,1996-01-14
"ENSO3",1996,2,-0.563870967741935,1996-01-08,1996-01-14
"ENSO34",1996,2,-0.653225806451613,1996-01-08,1996-01-14
"ENSO4",1996,2,-0.337096774193548,1996-01-08,1996-01-14
"DMI",1996,3,-0.0275806451612903,1996-01-15,1996-01-21
"ENSO3",1996,3,-0.55258064516129,1996-01-15,1996-01-21
"ENSO34",1996,3,-0.655483870967742,1996-01-15,1996-01-21
"ENSO4",1996,3,-0.328064516129032,1996-01-15,1996-01-21
"DMI",1996,4,-0.0302903225806452,1996-01-22,1996-01-28
"ENSO3",1996,4,-0.541290322580645,1996-01-22,1996-01-28
"ENSO34",1996,4,-0.657741935483871,1996-01-22,1996-01-28
"ENSO4",1996,4,-0.319032258064516,1996-01-22,1996-01-28
"DMI",1996,5,-0.0342051485777848,1996-01-29,1996-02-04
"ENSO3",1996,5,-0.524288892420149,1996-01-29,1996-02-04
"ENSO34",1996,5,-0.654403305259812,1996-01-29,1996-02-04
"ENSO4",1996,5,-0.307854759256317,1996-01-29,1996-02-04
"DMI",1996,6,-0.045551724137931,1996-02-05,1996-02-11
"ENSO3",1996,6,-0.472068965517241,1996-02-05,1996-02-11
"ENSO34",1996,6,-0.616551724137931,1996-02-05,1996-02-11
"ENSO4",1996,6,-0.283448275862069,1996-02-05,1996-02-11
"DMI",1996,7,-0.0581034482758621,1996-02-12,1996-02-18
"ENSO3",1996,7,-0.414137931034483,1996-02-12,1996-02-18
"ENSO34",1996,7,-0.573103448275862,1996-02-12,1996-02-18
"ENSO4",1996,7,-0.256896551724138,1996-02-12,1996-02-18
"DMI",1996,8,-0.0706551724137931,1996-02-19,1996-02-25
"ENSO3",1996,8,-0.356206896551724,1996-02-19,1996-02-25
"ENSO34",1996,8,-0.529655172413793,1996-02-19,1996-02-25
"ENSO4",1996,8,-0.230344827586207,1996-02-19,1996-02-25
"DMI",1996,9,-0.0863646909264262,1996-02-26,1996-03-03
"ENSO3",1996,9,-0.305417130144605,1996-02-26,1996-03-03
"ENSO34",1996,9,-0.486931511202924,1996-02-26,1996-03-03
"ENSO4",1996,9,-0.20514222151597,1996-02-26,1996-03-03
"DMI",1996,10,-0.139967741935484,1996-03-04,1996-03-10
"ENSO3",1996,10,-0.340322580645161,1996-03-04,1996-03-10
"ENSO34",1996,10,-0.452903225806452,1996-03-04,1996-03-10
"ENSO4",1996,10,-0.196129032258065,1996-03-04,1996-03-10
"DMI",1996,11,-0.204096774193548,1996-03-11,1996-03-17
"ENSO3",1996,11,-0.399032258064516,1996-03-11,1996-03-17
"ENSO34",1996,11,-0.421290322580645,1996-03-11,1996-03-17
"ENSO4",1996,11,-0.191612903225806,1996-03-11,1996-03-17
"DMI",1996,12,-0.268225806451613,1996-03-18,1996-03-24
"ENSO3",1996,12,-0.457741935483871,1996-03-18,1996-03-24
"ENSO34",1996,12,-0.389677419354839,1996-03-18,1996-03-24
"ENSO4",1996,12,-0.187096774193548,1996-03-18,1996-03-24
"DMI",1996,13,-0.332354838709677,1996-03-25,1996-03-31
"ENSO3",1996,13,-0.516451612903226,1996-03-25,1996-03-31
"ENSO34",1996,13,-0.358064516129032,1996-03-25,1996-03-31
"ENSO4",1996,13,-0.18258064516129,1996-03-25,1996-03-31
"DMI",1996,14,-0.3587,1996-04-01,1996-04-07
"ENSO3",1996,14,-0.548,1996-04-01,1996-04-07
"ENSO34",1996,14,-0.346,1996-04-01,1996-04-07
"ENSO4",1996,14,-0.184,1996-04-01,1996-04-07
"DMI",1996,15,-0.334666666666667,1996-04-08,1996-04-14
"ENSO3",1996,15,-0.543333333333333,1996-04-08,1996-04-14
"ENSO34",1996,15,-0.36,1996-04-08,1996-04-14
"ENSO4",1996,15,-0.193333333333333,1996-04-08,1996-04-14
"DMI",1996,16,-0.310633333333333,1996-04-15,1996-04-21
"ENSO3",1996,16,-0.538666666666667,1996-04-15,1996-04-21
"ENSO34",1996,16,-0.374,1996-04-15,1996-04-21
"ENSO4",1996,16,-0.202666666666667,1996-04-15,1996-04-21
"DMI",1996,17,-0.2866,1996-04-22,1996-04-28
"ENSO3",1996,17,-0.534,1996-04-22,1996-04-28
"ENSO34",1996,17,-0.388,1996-04-22,1996-04-28
"ENSO4",1996,17,-0.212,1996-04-22,1996-04-28
"DMI",1996,18,-0.273370046082949,1996-04-29,1996-05-05
"ENSO3",1996,18,-0.521529953917051,1996-04-29,1996-05-05
"ENSO34",1996,18,-0.386239631336406,1996-04-29,1996-05-05
"ENSO4",1996,18,-0.211133640552995,1996-04-29,1996-05-05
"DMI",1996,19,-0.299032258064516,1996-05-06,1996-05-12
"ENSO3",1996,19,-0.480967741935484,1996-05-06,1996-05-12
"ENSO34",1996,19,-0.327741935483871,1996-05-06,1996-05-12
"ENSO4",1996,19,-0.173548387096774,1996-05-06,1996-05-12
"DMI",1996,20,-0.327935483870968,1996-05-13,1996-05-19
"ENSO3",1996,20,-0.438064516129032,1996-05-13,1996-05-19
"ENSO34",1996,20,-0.264516129032258,1996-05-13,1996-05-19
"ENSO4",1996,20,-0.132903225806452,1996-05-13,1996-05-19
"DMI",1996,21,-0.356838709677419,1996-05-20,1996-05-26
"ENSO3",1996,21,-0.395161290322581,1996-05-20,1996-05-26
"ENSO34",1996,21,-0.201290322580645,1996-05-20,1996-05-26
"ENSO4",1996,21,-0.092258064516129,1996-05-20,1996-05-26
"DMI",1996,22,-0.386337788018433,1996-05-27,1996-06-02
"ENSO3",1996,22,-0.352752688172043,1996-05-27,1996-06-02
"ENSO34",1996,22,-0.139450076804916,1996-05-27,1996-06-02
"ENSO4",1996,22,-0.0531090629800307,1996-05-27,1996-06-02
"DMI",1996,23,-0.4355,1996-06-03,1996-06-09
"ENSO3",1996,23,-0.326666666666667,1996-06-03,1996-06-09
"ENSO34",1996,23,-0.123333333333333,1996-06-03,1996-06-09
"ENSO4",1996,23,-0.0633333333333333,1996-06-03,1996-06-09
"DMI",1996,24,-0.4936,1996-06-10,1996-06-16
"ENSO3",1996,24,-0.308,1996-06-10,1996-06-16
"ENSO34",1996,24,-0.128,1996-06-10,1996-06-16
"ENSO4",1996,24,-0.096,1996-06-10,1996-06-16
"DMI",1996,25,-0.5517,1996-06-17,1996-06-23
"ENSO3",1996,25,-0.289333333333333,1996-06-17,1996-06-23
"ENSO34",1996,25,-0.132666666666667,1996-06-17,1996-06-23
"ENSO4",1996,25,-0.128666666666667,1996-06-17,1996-06-23
"DMI",1996,26,-0.6098,1996-06-24,1996-06-30
"ENSO3",1996,26,-0.270666666666667,1996-06-24,1996-06-30
"ENSO34",1996,26,-0.137333333333333,1996-06-24,1996-06-30
"ENSO4",1996,26,-0.161333333333333,1996-06-24,1996-06-30
"DMI",1996,27,-0.646677419354839,1996-07-01,1996-07-07
"ENSO3",1996,27,-0.261935483870968,1996-07-01,1996-07-07
"ENSO34",1996,27,-0.155483870967742,1996-07-01,1996-07-07
"ENSO4",1996,27,-0.189677419354839,1996-07-01,1996-07-07
"DMI",1996,28,-0.655258064516129,1996-07-08,1996-07-14
"ENSO3",1996,28,-0.266451612903226,1996-07-08,1996-07-14
"ENSO34",1996,28,-0.191612903225806,1996-07-08,1996-07-14
"ENSO4",1996,28,-0.212258064516129,1996-07-08,1996-07-14
"DMI",1996,29,-0.663838709677419,1996-07-15,1996-07-21
"ENSO3",1996,29,-0.270967741935484,1996-07-15,1996-07-21
"ENSO34",1996,29,-0.227741935483871,1996-07-15,1996-07-21
"ENSO4",1996,29,-0.234838709677419,1996-07-15,1996-07-21
"DMI",1996,30,-0.67241935483871,1996-07-22,1996-07-28
"ENSO3",1996,30,-0.275483870967742,1996-07-22,1996-07-28
"ENSO34",1996,30,-0.263870967741935,1996-07-22,1996-07-28
"ENSO4",1996,30,-0.25741935483871,1996-07-22,1996-07-28
"DMI",1996,31,-0.680806451612903,1996-07-29,1996-08-04
"ENSO3",1996,31,-0.280829493087558,1996-07-29,1996-08-04
"ENSO34",1996,31,-0.29668202764977,1996-07-29,1996-08-04
"ENSO4",1996,31,-0.27668202764977,1996-07-29,1996-08-04
"DMI",1996,32,-0.688,1996-08-05,1996-08-11
"ENSO3",1996,32,-0.291290322580645,1996-08-05,1996-08-11
"ENSO34",1996,32,-0.309032258064516,1996-08-05,1996-08-11
"ENSO4",1996,32,-0.275483870967742,1996-08-05,1996-08-11
"DMI",1996,33,-0.695,1996-08-12,1996-08-18
"ENSO3",1996,33,-0.30258064516129,1996-08-12,1996-08-18
"ENSO34",1996,33,-0.318064516129032,1996-08-12,1996-08-18
"ENSO4",1996,33,-0.270967741935484,1996-08-12,1996-08-18
"DMI",1996,34,-0.702,1996-08-19,1996-08-25
"ENSO3",1996,34,-0.313870967741936,1996-08-19,1996-08-25
"ENSO34",1996,34,-0.327096774193548,1996-08-19,1996-08-25
"ENSO4",1996,34,-0.266451612903226,1996-08-19,1996-08-25
"DMI",1996,35,-0.709,1996-08-26,1996-09-01
"ENSO3",1996,35,-0.325161290322581,1996-08-26,1996-09-01
"ENSO34",1996,35,-0.336129032258065,1996-08-26,1996-09-01
"ENSO4",1996,35,-0.261935483870968,1996-08-26,1996-09-01
"DMI",1996,36,-0.7648,1996-09-02,1996-09-08
"ENSO3",1996,36,-0.338,1996-09-02,1996-09-08
"ENSO34",1996,36,-0.332,1996-09-02,1996-09-08
"ENSO4",1996,36,-0.250666666666667,1996-09-02,1996-09-08
"DMI",1996,37,-0.8572,1996-09-09,1996-09-15
"ENSO3",1996,37,-0.352,1996-09-09,1996-09-15
"ENSO34",1996,37,-0.318,1996-09-09,1996-09-15
"ENSO4",1996,37,-0.234333333333333,1996-09-09,1996-09-15
"DMI",1996,38,-0.9496,1996-09-16,1996-09-22
"ENSO3",1996,38,-0.366,1996-09-16,1996-09-22
"ENSO34",1996,38,-0.304,1996-09-16,1996-09-22
"ENSO4",1996,38,-0.218,1996-09-16,1996-09-22
"DMI",1996,39,-1.042,1996-09-23,1996-09-29
"ENSO3",1996,39,-0.38,1996-09-23,1996-09-29
"ENSO34",1996,39,-0.29,1996-09-23,1996-09-29
"ENSO4",1996,39,-0.201666666666667,1996-09-23,1996-09-29
"DMI",1996,40,-1.08461658986175,1996-09-30,1996-10-06
"ENSO3",1996,40,-0.396626728110599,1996-09-30,1996-10-06
"ENSO34",1996,40,-0.281668202764977,1996-09-30,1996-10-06
"ENSO4",1996,40,-0.182729646697389,1996-09-30,1996-10-06
"DMI",1996,41,-1.01770967741935,1996-10-07,1996-10-13
"ENSO3",1996,41,-0.419032258064516,1996-10-07,1996-10-13
"ENSO34",1996,41,-0.285806451612903,1996-10-07,1996-10-13
"ENSO4",1996,41,-0.158064516129032,1996-10-07,1996-10-13
"DMI",1996,42,-0.947483870967742,1996-10-14,1996-10-20
"ENSO3",1996,42,-0.441612903225806,1996-10-14,1996-10-20
"ENSO34",1996,42,-0.290322580645161,1996-10-14,1996-10-20
"ENSO4",1996,42,-0.133225806451613,1996-10-14,1996-10-20
"DMI",1996,43,-0.877258064516129,1996-10-21,1996-10-27
"ENSO3",1996,43,-0.464193548387097,1996-10-21,1996-10-27
"ENSO34",1996,43,-0.294838709677419,1996-10-21,1996-10-27
"ENSO4",1996,43,-0.108387096774194,1996-10-21,1996-10-27
"DMI",1996,44,-0.805846082949309,1996-10-28,1996-11-03
"ENSO3",1996,44,-0.489820276497696,1996-10-28,1996-11-03
"ENSO34",1996,44,-0.300935483870968,1996-10-28,1996-11-03
"ENSO4",1996,44,-0.0834976958525346,1996-10-28,1996-11-03
"DMI",1996,45,-0.7202,1996-11-04,1996-11-10
"ENSO3",1996,45,-0.552,1996-11-04,1996-11-10
"ENSO34",1996,45,-0.326,1996-11-04,1996-11-10
"ENSO4",1996,45,-0.058,1996-11-04,1996-11-10
"DMI",1996,46,-0.6306,1996-11-11,1996-11-17
"ENSO3",1996,46,-0.624333333333333,1996-11-11,1996-11-17
"ENSO34",1996,46,-0.356333333333333,1996-11-11,1996-11-17
"ENSO4",1996,46,-0.0323333333333333,1996-11-11,1996-11-17
"DMI",1996,47,-0.541,1996-11-18,1996-11-24
"ENSO3",1996,47,-0.696666666666667,1996-11-18,1996-11-24
"ENSO34",1996,47,-0.386666666666667,1996-11-18,1996-11-24
"ENSO4",1996,47,-0.00666666666666667,1996-11-18,1996-11-24
"DMI",1996,48,-0.4514,1996-11-25,1996-12-01
"ENSO3",1996,48,-0.769,1996-11-25,1996-12-01
"ENSO34",1996,48,-0.417,1996-11-25,1996-12-01
"ENSO4",1996,48,0.019,1996-11-25,1996-12-01
"DMI",1996,49,-0.373903225806452,1996-12-02,1996-12-08
"ENSO3",1996,49,-0.787096774193548,1996-12-02,1996-12-08
"ENSO34",1996,49,-0.43,1996-12-02,1996-12-08
"ENSO4",1996,49,0.0390322580645161,1996-12-02,1996-12-08
"DMI",1996,50,-0.305483870967742,1996-12-09,1996-12-15
"ENSO3",1996,50,-0.764516129032258,1996-12-09,1996-12-15
"ENSO34",1996,50,-0.43,1996-12-09,1996-12-15
"ENSO4",1996,50,0.0548387096774194,1996-12-09,1996-12-15
"DMI",1996,51,-0.237064516129032,1996-12-16,1996-12-22
"ENSO3",1996,51,-0.741935483870968,1996-12-16,1996-12-22
"ENSO34",1996,51,-0.43,1996-12-16,1996-12-22
"ENSO4",1996,51,0.0706451612903226,1996-12-16,1996-12-22
"DMI",1996,52,-0.168645161290323,1996-12-23,1996-12-29
"ENSO3",1996,52,-0.719354838709677,1996-12-23,1996-12-29
"ENSO34",1996,52,-0.43,1996-12-23,1996-12-29
"ENSO4",1996,52,0.0864516129032258,1996-12-23,1996-12-29
"DMI",1997,1,-0.105479262672811,1996-12-30,1997-01-05
"ENSO3",1997,1,-0.687096774193548,1996-12-30,1997-01-05
"ENSO34",1997,1,-0.421244239631336,1996-12-30,1997-01-05
"ENSO4",1997,1,0.103179723502304,1996-12-30,1997-01-05
"DMI",1997,2,-0.0612258064516129,1997-01-06,1997-01-12
"ENSO3",1997,2,-0.62,1997-01-06,1997-01-12
"ENSO34",1997,2,-0.380967741935484,1997-01-06,1997-01-12
"ENSO4",1997,2,0.123225806451613,1997-01-06,1997-01-12
"DMI",1997,3,-0.0185483870967742,1997-01-13,1997-01-19
"ENSO3",1997,3,-0.55,1997-01-13,1997-01-19
"ENSO34",1997,3,-0.338064516129032,1997-01-13,1997-01-19
"ENSO4",1997,3,0.143548387096774,1997-01-13,1997-01-19
"DMI",1997,4,0.0241290322580645,1997-01-20,1997-01-26
"ENSO3",1997,4,-0.48,1997-01-20,1997-01-26
"ENSO34",1997,4,-0.295161290322581,1997-01-20,1997-01-26
"ENSO4",1997,4,0.163870967741935,1997-01-20,1997-01-26
"DMI",1997,5,0.06575181040158,1997-01-27,1997-02-02
"ENSO3",1997,5,-0.409132653061224,1997-01-27,1997-02-02
"ENSO34",1997,5,-0.252215273206057,1997-01-27,1997-02-02
"ENSO4",1997,5,0.183829822251481,1997-01-27,1997-02-02
"DMI",1997,6,0.0725714285714286,1997-02-03,1997-02-09
"ENSO3",1997,6,-0.309642857142857,1997-02-03,1997-02-09
"ENSO34",1997,6,-0.207857142857143,1997-02-03,1997-02-09
"ENSO4",1997,6,0.191785714285714,1997-02-03,1997-02-09
"DMI",1997,7,0.0635714285714286,1997-02-10,1997-02-16
"ENSO3",1997,7,-0.197142857142857,1997-02-10,1997-02-16
"ENSO34",1997,7,-0.162857142857143,1997-02-10,1997-02-16
"ENSO4",1997,7,0.194285714285714,1997-02-10,1997-02-16
"DMI",1997,8,0.0545714285714286,1997-02-17,1997-02-23
"ENSO3",1997,8,-0.0846428571428571,1997-02-17,1997-02-23
"ENSO34",1997,8,-0.117857142857143,1997-02-17,1997-02-23
"ENSO4",1997,8,0.196785714285714,1997-02-17,1997-02-23
"DMI",1997,9,0.045805793285056,1997-02-24,1997-03-02
"ENSO3",1997,9,0.0265750493745885,1997-02-24,1997-03-02
"ENSO34",1997,9,-0.0719321922317314,1997-02-24,1997-03-02
"ENSO4",1997,9,0.20075543120474,1997-02-24,1997-03-02
"DMI",1997,10,0.0447741935483871,1997-03-03,1997-03-09
"ENSO3",1997,10,0.0954838709677419,1997-03-03,1997-03-09
"ENSO34",1997,10,0.00451612903225807,1997-03-03,1997-03-09
"ENSO4",1997,10,0.253225806451613,1997-03-03,1997-03-09
"DMI",1997,11,0.047258064516129,1997-03-10,1997-03-16
"ENSO3",1997,11,0.145161290322581,1997-03-10,1997-03-16
"ENSO34",1997,11,0.0948387096774194,1997-03-10,1997-03-16
"ENSO4",1997,11,0.327741935483871,1997-03-10,1997-03-16
"DMI",1997,12,0.049741935483871,1997-03-17,1997-03-23
"ENSO3",1997,12,0.194838709677419,1997-03-17,1997-03-23
"ENSO34",1997,12,0.185161290322581,1997-03-17,1997-03-23
"ENSO4",1997,12,0.402258064516129,1997-03-17,1997-03-23
"DMI",1997,13,0.0522258064516129,1997-03-24,1997-03-30
"ENSO3",1997,13,0.244516129032258,1997-03-24,1997-03-30
"ENSO34",1997,13,0.275483870967742,1997-03-24,1997-03-30
"ENSO4",1997,13,0.476774193548387,1997-03-24,1997-03-30
"DMI",1997,14,0.0518778801843318,1997-03-31,1997-04-06
"ENSO3",1997,14,0.335414746543779,1997-03-31,1997-04-06
"ENSO34",1997,14,0.376013824884793,1997-03-31,1997-04-06
"ENSO4",1997,14,0.538479262672811,1997-03-31,1997-04-06
"DMI",1997,15,0.0453,1997-04-07,1997-04-13
"ENSO3",1997,15,0.517,1997-04-07,1997-04-13
"ENSO34",1997,15,0.499,1997-04-07,1997-04-13
"ENSO4",1997,15,0.572,1997-04-07,1997-04-13
"DMI",1997,16,0.0385333333333333,1997-04-14,1997-04-20
"ENSO3",1997,16,0.701333333333333,1997-04-14,1997-04-20
"ENSO34",1997,16,0.622666666666667,1997-04-14,1997-04-20
"ENSO4",1997,16,0.604666666666667,1997-04-14,1997-04-20
"DMI",1997,17,0.0317666666666667,1997-04-21,1997-04-27
"ENSO3",1997,17,0.885666666666667,1997-04-21,1997-04-27
"ENSO34",1997,17,0.746333333333333,1997-04-21,1997-04-27
"ENSO4",1997,17,0.637333333333333,1997-04-21,1997-04-27
"DMI",1997,18,0.0274046082949309,1997-04-28,1997-05-04
"ENSO3",1997,18,1.06429493087558,1997-04-28,1997-05-04
"ENSO34",1997,18,0.862599078341014,1997-04-28,1997-05-04
"ENSO4",1997,18,0.662129032258065,1997-04-28,1997-05-04
"DMI",1997,19,0.0378709677419355,1997-05-05,1997-05-11
"ENSO3",1997,19,1.20774193548387,1997-05-05,1997-05-11
"ENSO34",1997,19,0.933225806451613,1997-05-05,1997-05-11
"ENSO4",1997,19,0.638387096774194,1997-05-05,1997-05-11
"DMI",1997,20,0.050741935483871,1997-05-12,1997-05-18
"ENSO3",1997,20,1.34548387096774,1997-05-12,1997-05-18
"ENSO34",1997,20,0.996451612903226,1997-05-12,1997-05-18
"ENSO4",1997,20,0.606774193548387,1997-05-12,1997-05-18
"DMI",1997,21,0.0636129032258065,1997-05-19,1997-05-25
"ENSO3",1997,21,1.48322580645161,1997-05-19,1997-05-25
"ENSO34",1997,21,1.05967741935484,1997-05-19,1997-05-25
"ENSO4",1997,21,0.575161290322581,1997-05-19,1997-05-25
"DMI",1997,22,0.0764838709677419,1997-05-26,1997-06-01
"ENSO3",1997,22,1.62096774193548,1997-05-26,1997-06-01
"ENSO34",1997,22,1.12290322580645,1997-05-26,1997-06-01
"ENSO4",1997,22,0.543548387096774,1997-05-26,1997-06-01
"DMI",1997,23,0.130666666666667,1997-06-02,1997-06-08
"ENSO3",1997,23,1.75866666666667,1997-06-02,1997-06-08
"ENSO34",1997,23,1.21,1997-06-02,1997-06-08
"ENSO4",1997,23,0.554,1997-06-02,1997-06-08
"DMI",1997,24,0.215833333333333,1997-06-09,1997-06-15
"ENSO3",1997,24,1.89633333333333,1997-06-09,1997-06-15
"ENSO34",1997,24,1.315,1997-06-09,1997-06-15
"ENSO4",1997,24,0.596,1997-06-09,1997-06-15
"DMI",1997,25,0.301,1997-06-16,1997-06-22
"ENSO3",1997,25,2.034,1997-06-16,1997-06-22
"ENSO34",1997,25,1.42,1997-06-16,1997-06-22
"ENSO4",1997,25,0.638,1997-06-16,1997-06-22
"DMI",1997,26,0.386166666666667,1997-06-23,1997-06-29
"ENSO3",1997,26,2.17166666666667,1997-06-23,1997-06-29
"ENSO34",1997,26,1.525,1997-06-23,1997-06-29
"ENSO4",1997,26,0.68,1997-06-23,1997-06-29
"DMI",1997,27,0.458188172043011,1997-06-30,1997-07-06
"ENSO3",1997,27,2.30037019969278,1997-06-30,1997-07-06
"ENSO34",1997,27,1.62135944700461,1997-06-30,1997-07-06
"ENSO4",1997,27,0.712599078341014,1997-06-30,1997-07-06
"DMI",1997,28,0.501290322580645,1997-07-07,1997-07-13
"ENSO3",1997,28,2.40935483870968,1997-07-07,1997-07-13
"ENSO34",1997,28,1.69870967741935,1997-07-07,1997-07-13
"ENSO4",1997,28,0.724516129032258,1997-07-07,1997-07-13
"DMI",1997,29,0.543516129032258,1997-07-14,1997-07-20
"ENSO3",1997,29,2.51774193548387,1997-07-14,1997-07-20
"ENSO34",1997,29,1.77548387096774,1997-07-14,1997-07-20
"ENSO4",1997,29,0.735806451612903,1997-07-14,1997-07-20
"DMI",1997,30,0.585741935483871,1997-07-21,1997-07-27
"ENSO3",1997,30,2.62612903225806,1997-07-21,1997-07-27
"ENSO34",1997,30,1.85225806451613,1997-07-21,1997-07-27
"ENSO4",1997,30,0.747096774193548,1997-07-21,1997-07-27
"DMI",1997,31,0.627276497695853,1997-07-28,1997-08-03
"ENSO3",1997,31,2.72912442396313,1997-07-28,1997-08-03
"ENSO34",1997,31,1.92654377880184,1997-07-28,1997-08-03
"ENSO4",1997,31,0.759078341013825,1997-07-28,1997-08-03
"DMI",1997,32,0.660516129032258,1997-08-04,1997-08-10
"ENSO3",1997,32,2.76741935483871,1997-08-04,1997-08-10
"ENSO34",1997,32,1.97096774193548,1997-08-04,1997-08-10
"ENSO4",1997,32,0.779354838709677,1997-08-04,1997-08-10
"DMI",1997,33,0.691451612903226,1997-08-11,1997-08-17
"ENSO3",1997,33,2.78774193548387,1997-08-11,1997-08-17
"ENSO34",1997,33,2.00709677419355,1997-08-11,1997-08-17
"ENSO4",1997,33,0.801935483870968,1997-08-11,1997-08-17
"DMI",1997,34,0.722387096774194,1997-08-18,1997-08-24
"ENSO3",1997,34,2.80806451612903,1997-08-18,1997-08-24
"ENSO34",1997,34,2.04322580645161,1997-08-18,1997-08-24
"ENSO4",1997,34,0.824516129032258,1997-08-18,1997-08-24
"DMI",1997,35,0.753322580645161,1997-08-25,1997-08-31
"ENSO3",1997,35,2.82838709677419,1997-08-25,1997-08-31
"ENSO34",1997,35,2.07935483870968,1997-08-25,1997-08-31
"ENSO4",1997,35,0.847096774193548,1997-08-25,1997-08-31
"DMI",1997,36,0.7812,1997-09-01,1997-09-07
"ENSO3",1997,36,2.867,1997-09-01,1997-09-07
"ENSO34",1997,36,2.119,1997-09-01,1997-09-07
"ENSO4",1997,36,0.857,1997-09-01,1997-09-07
"DMI",1997,37,0.805,1997-09-08,1997-09-14
"ENSO3",1997,37,2.93,1997-09-08,1997-09-14
"ENSO34",1997,37,2.16333333333333,1997-09-08,1997-09-14
"ENSO4",1997,37,0.85,1997-09-08,1997-09-14
"DMI",1997,38,0.8288,1997-09-15,1997-09-21
"ENSO3",1997,38,2.993,1997-09-15,1997-09-21
"ENSO34",1997,38,2.20766666666667,1997-09-15,1997-09-21
"ENSO4",1997,38,0.843,1997-09-15,1997-09-21
"DMI",1997,39,0.8526,1997-09-22,1997-09-28
"ENSO3",1997,39,3.056,1997-09-22,1997-09-28
"ENSO34",1997,39,2.252,1997-09-22,1997-09-28
"ENSO4",1997,39,0.836,1997-09-22,1997-09-28
"DMI",1997,40,0.890252534562212,1997-09-29,1997-10-05
"ENSO3",1997,40,3.11121198156682,1997-09-29,1997-10-05
"ENSO34",1997,40,2.29327649769585,1997-09-29,1997-10-05
"ENSO4",1997,40,0.835497695852535,1997-09-29,1997-10-05
"DMI",1997,41,0.977774193548387,1997-10-06,1997-10-12
"ENSO3",1997,41,3.13838709677419,1997-10-06,1997-10-12
"ENSO34",1997,41,2.32354838709677,1997-10-06,1997-10-12
"ENSO4",1997,41,0.858387096774194,1997-10-06,1997-10-12
"DMI",1997,42,1.06945161290323,1997-10-13,1997-10-19
"ENSO3",1997,42,3.16322580645161,1997-10-13,1997-10-19
"ENSO34",1997,42,2.35290322580645,1997-10-13,1997-10-19
"ENSO4",1997,42,0.883225806451613,1997-10-13,1997-10-19
"DMI",1997,43,1.16112903225806,1997-10-20,1997-10-26
"ENSO3",1997,43,3.18806451612903,1997-10-20,1997-10-26
"ENSO34",1997,43,2.38225806451613,1997-10-20,1997-10-26
"ENSO4",1997,43,0.908064516129032,1997-10-20,1997-10-26
"DMI",1997,44,1.24895453149002,1997-10-27,1997-11-02
"ENSO3",1997,44,3.21249155145929,1997-10-27,1997-11-02
"ENSO34",1997,44,2.41044239631336,1997-10-27,1997-11-02
"ENSO4",1997,44,0.93163440860215,1997-10-27,1997-11-02
"DMI",1997,45,1.20966666666667,1997-11-03,1997-11-09
"ENSO3",1997,45,3.22333333333333,1997-11-03,1997-11-09
"ENSO34",1997,45,2.4,1997-11-03,1997-11-09
"ENSO4",1997,45,0.913333333333333,1997-11-03,1997-11-09
"DMI",1997,46,1.1126,1997-11-10,1997-11-16
"ENSO3",1997,46,3.228,1997-11-10,1997-11-16
"ENSO34",1997,46,2.372,1997-11-10,1997-11-16
"ENSO4",1997,46,0.876,1997-11-10,1997-11-16
"DMI",1997,47,1.01553333333333,1997-11-17,1997-11-23
"ENSO3",1997,47,3.23266666666667,1997-11-17,1997-11-23
"ENSO34",1997,47,2.344,1997-11-17,1997-11-23
"ENSO4",1997,47,0.838666666666667,1997-11-17,1997-11-23
"DMI",1997,48,0.918466666666667,1997-11-24,1997-11-30
"ENSO3",1997,48,3.23733333333333,1997-11-24,1997-11-30
"ENSO34",1997,48,2.316,1997-11-24,1997-11-30
"ENSO4",1997,48,0.801333333333333,1997-11-24,1997-11-30
"DMI",1997,49,0.830290322580645,1997-12-01,1997-12-07
"ENSO3",1997,49,3.21967741935484,1997-12-01,1997-12-07
"ENSO34",1997,49,2.31161290322581,1997-12-01,1997-12-07
"ENSO4",1997,49,0.79258064516129,1997-12-01,1997-12-07
"DMI",1997,50,0.753967741935484,1997-12-08,1997-12-14
"ENSO3",1997,50,3.17225806451613,1997-12-08,1997-12-14
"ENSO34",1997,50,2.33870967741935,1997-12-08,1997-12-14
"ENSO4",1997,50,0.821935483870968,1997-12-08,1997-12-14
"DMI",1997,51,0.677645161290323,1997-12-15,1997-12-21
"ENSO3",1997,51,3.12483870967742,1997-12-15,1997-12-21
"ENSO34",1997,51,2.3658064516129,1997-12-15,1997-12-21
"ENSO4",1997,51,0.851290322580645,1997-12-15,1997-12-21
"DMI",1997,52,0.601322580645161,1997-12-22,1997-12-28
"ENSO3",1997,52,3.07741935483871,1997-12-22,1997-12-28
"ENSO34",1997,52,2.39290322580645,1997-12-22,1997-12-28
"ENSO4",1997,52,0.880645161290323,1997-12-22,1997-12-28
"DMI",1998,1,0.531497695852535,1997-12-29,1998-01-04
"ENSO3",1998,1,3.02115207373272,1997-12-29,1998-01-04
"ENSO34",1998,1,2.40728110599078,1997-12-29,1998-01-04
"ENSO4",1998,1,0.904746543778802,1997-12-29,1998-01-04
"DMI",1998,2,0.501741935483871,1998-01-05,1998-01-11
"ENSO3",1998,2,2.91032258064516,1998-01-05,1998-01-11
"ENSO34",1998,2,2.34322580645161,1998-01-05,1998-01-11
"ENSO4",1998,2,0.896451612903226,1998-01-05,1998-01-11
"DMI",1998,3,0.478483870967742,1998-01-12,1998-01-18
"ENSO3",1998,3,2.79064516129032,1998-01-12,1998-01-18
"ENSO34",1998,3,2.26645161290323,1998-01-12,1998-01-18
"ENSO4",1998,3,0.882903225806452,1998-01-12,1998-01-18
"DMI",1998,4,0.455225806451613,1998-01-19,1998-01-25
"ENSO3",1998,4,2.67096774193548,1998-01-19,1998-01-25
"ENSO34",1998,4,2.18967741935484,1998-01-19,1998-01-25
"ENSO4",1998,4,0.869354838709677,1998-01-19,1998-01-25
"DMI",1998,5,0.431967741935484,1998-01-26,1998-02-01
"ENSO3",1998,5,2.55129032258065,1998-01-26,1998-02-01
"ENSO34",1998,5,2.11290322580645,1998-01-26,1998-02-01
"ENSO4",1998,5,0.855806451612903,1998-01-26,1998-02-01
"DMI",1998,6,0.353857142857143,1998-02-02,1998-02-08
"ENSO3",1998,6,2.43285714285714,1998-02-02,1998-02-08
"ENSO34",1998,6,1.99571428571429,1998-02-02,1998-02-08
"ENSO4",1998,6,0.801428571428571,1998-02-02,1998-02-08
"DMI",1998,7,0.234607142857143,1998-02-09,1998-02-15
"ENSO3",1998,7,2.31535714285714,1998-02-09,1998-02-15
"ENSO34",1998,7,1.84821428571429,1998-02-09,1998-02-15
"ENSO4",1998,7,0.716428571428571,1998-02-09,1998-02-15
"DMI",1998,8,0.115357142857143,1998-02-16,1998-02-22
"ENSO3",1998,8,2.19785714285714,1998-02-16,1998-02-22
"ENSO34",1998,8,1.70071428571429,1998-02-16,1998-02-22
"ENSO4",1998,8,0.631428571428571,1998-02-16,1998-02-22
"DMI",1998,9,-0.00389285714285714,1998-02-23,1998-03-01
"ENSO3",1998,9,2.08035714285714,1998-02-23,1998-03-01
"ENSO34",1998,9,1.55321428571429,1998-02-23,1998-03-01
"ENSO4",1998,9,0.546428571428571,1998-02-23,1998-03-01
"DMI",1998,10,-0.0418387096774194,1998-03-02,1998-03-08
"ENSO3",1998,10,1.96290322580645,1998-03-02,1998-03-08
"ENSO34",1998,10,1.41387096774194,1998-03-02,1998-03-08
"ENSO4",1998,10,0.473870967741935,1998-03-02,1998-03-08
"DMI",1998,11,-0.0188064516129032,1998-03-09,1998-03-15
"ENSO3",1998,11,1.84548387096774,1998-03-09,1998-03-15
"ENSO34",1998,11,1.28064516129032,1998-03-09,1998-03-15
"ENSO4",1998,11,0.410645161290323,1998-03-09,1998-03-15
"DMI",1998,12,0.00422580645161291,1998-03-16,1998-03-22
"ENSO3",1998,12,1.72806451612903,1998-03-16,1998-03-22
"ENSO34",1998,12,1.14741935483871,1998-03-16,1998-03-22
"ENSO4",1998,12,0.34741935483871,1998-03-16,1998-03-22
"DMI",1998,13,0.027258064516129,1998-03-23,1998-03-29
"ENSO3",1998,13,1.61064516129032,1998-03-23,1998-03-29
"ENSO34",1998,13,1.0141935483871,1998-03-23,1998-03-29
"ENSO4",1998,13,0.284193548387097,1998-03-23,1998-03-29
"DMI",1998,14,0.0500184331797235,1998-03-30,1998-04-05
"ENSO3",1998,14,1.50480798771121,1998-03-30,1998-04-05
"ENSO34",1998,14,0.897680491551459,1998-03-30,1998-04-05
"ENSO4",1998,14,0.231966205837174,1998-03-30,1998-04-05
"DMI",1998,15,0.0718,1998-04-06,1998-04-12
"ENSO3",1998,15,1.44066666666667,1998-04-06,1998-04-12
"ENSO34",1998,15,0.841333333333333,1998-04-06,1998-04-12
"ENSO4",1998,15,0.219333333333333,1998-04-06,1998-04-12
"DMI",1998,16,0.0935,1998-04-13,1998-04-19
"ENSO3",1998,16,1.38,1998-04-13,1998-04-19
"ENSO34",1998,16,0.79,1998-04-13,1998-04-19
"ENSO4",1998,16,0.21,1998-04-13,1998-04-19
"DMI",1998,17,0.1152,1998-04-20,1998-04-26
"ENSO3",1998,17,1.31933333333333,1998-04-20,1998-04-26
"ENSO34",1998,17,0.738666666666667,1998-04-20,1998-04-26
"ENSO4",1998,17,0.200666666666667,1998-04-20,1998-04-26
"DMI",1998,18,0.135668202764977,1998-04-27,1998-05-03
"ENSO3",1998,18,1.24634408602151,1998-04-27,1998-05-03
"ENSO34",1998,18,0.67568356374808,1998-04-27,1998-05-03
"ENSO4",1998,18,0.185545314900154,1998-04-27,1998-05-03
"DMI",1998,19,0.141354838709677,1998-05-04,1998-05-10
"ENSO3",1998,19,1.02548387096774,1998-05-04,1998-05-10
"ENSO34",1998,19,0.472903225806452,1998-05-04,1998-05-10
"ENSO4",1998,19,0.100967741935484,1998-05-04,1998-05-10
"DMI",1998,20,0.142935483870968,1998-05-11,1998-05-17
"ENSO3",1998,20,0.763548387096774,1998-05-11,1998-05-17
"ENSO34",1998,20,0.231290322580645,1998-05-11,1998-05-17
"ENSO4",1998,20,-0.00290322580645161,1998-05-11,1998-05-17
"DMI",1998,21,0.144516129032258,1998-05-18,1998-05-24
"ENSO3",1998,21,0.501612903225807,1998-05-18,1998-05-24
"ENSO34",1998,21,-0.0103225806451613,1998-05-18,1998-05-24
"ENSO4",1998,21,-0.106774193548387,1998-05-18,1998-05-24
"DMI",1998,22,0.146096774193548,1998-05-25,1998-05-31
"ENSO3",1998,22,0.239677419354839,1998-05-25,1998-05-31
"ENSO34",1998,22,-0.251935483870968,1998-05-25,1998-05-31
"ENSO4",1998,22,-0.210645161290323,1998-05-25,1998-05-31
"DMI",1998,23,0.0938,1998-06-01,1998-06-07
"ENSO3",1998,23,0.064,1998-06-01,1998-06-07
"ENSO34",1998,23,-0.424,1998-06-01,1998-06-07
"ENSO4",1998,23,-0.288,1998-06-01,1998-06-07
"DMI",1998,24,-0.0303333333333333,1998-06-08,1998-06-14
"ENSO3",1998,24,0.00333333333333333,1998-06-08,1998-06-14
"ENSO34",1998,24,-0.503333333333333,1998-06-08,1998-06-14
"ENSO4",1998,24,-0.33,1998-06-08,1998-06-14
"DMI",1998,25,-0.154466666666667,1998-06-15,1998-06-21
"ENSO3",1998,25,-0.0573333333333333,1998-06-15,1998-06-21
"ENSO34",1998,25,-0.582666666666667,1998-06-15,1998-06-21
"ENSO4",1998,25,-0.372,1998-06-15,1998-06-21
"DMI",1998,26,-0.2786,1998-06-22,1998-06-28
"ENSO3",1998,26,-0.118,1998-06-22,1998-06-28
"ENSO34",1998,26,-0.662,1998-06-22,1998-06-28
"ENSO4",1998,26,-0.414,1998-06-22,1998-06-28
"DMI",1998,27,-0.386386175115207,1998-06-29,1998-07-05
"ENSO3",1998,27,-0.17089400921659,1998-06-29,1998-07-05
"ENSO34",1998,27,-0.729751152073733,1998-06-29,1998-07-05
"ENSO4",1998,27,-0.456184331797235,1998-06-29,1998-07-05
"DMI",1998,28,-0.435322580645161,1998-07-06,1998-07-12
"ENSO3",1998,28,-0.195806451612903,1998-07-06,1998-07-12
"ENSO34",1998,28,-0.755806451612903,1998-07-06,1998-07-12
"ENSO4",1998,28,-0.499032258064516,1998-07-06,1998-07-12
"DMI",1998,29,-0.479354838709677,1998-07-13,1998-07-19
"ENSO3",1998,29,-0.218387096774194,1998-07-13,1998-07-19
"ENSO34",1998,29,-0.778387096774193,1998-07-13,1998-07-19
"ENSO4",1998,29,-0.541935483870968,1998-07-13,1998-07-19
"DMI",1998,30,-0.523387096774193,1998-07-20,1998-07-26
"ENSO3",1998,30,-0.240967741935484,1998-07-20,1998-07-26
"ENSO34",1998,30,-0.800967741935484,1998-07-20,1998-07-26
"ENSO4",1998,30,-0.584838709677419,1998-07-20,1998-07-26
"DMI",1998,31,-0.566133640552995,1998-07-27,1998-08-02
"ENSO3",1998,31,-0.263963133640553,1998-07-27,1998-08-02
"ENSO34",1998,31,-0.823041474654378,1998-07-27,1998-08-02
"ENSO4",1998,31,-0.627142857142857,1998-07-27,1998-08-02
"DMI",1998,32,-0.566451612903226,1998-08-03,1998-08-09
"ENSO3",1998,32,-0.300645161290323,1998-08-03,1998-08-09
"ENSO34",1998,32,-0.828387096774194,1998-08-03,1998-08-09
"ENSO4",1998,32,-0.649677419354839,1998-08-03,1998-08-09
"DMI",1998,33,-0.547483870967742,1998-08-10,1998-08-16
"ENSO3",1998,33,-0.343548387096774,1998-08-10,1998-08-16
"ENSO34",1998,33,-0.826129032258064,1998-08-10,1998-08-16
"ENSO4",1998,33,-0.663225806451613,1998-08-10,1998-08-16
"DMI",1998,34,-0.528516129032258,1998-08-17,1998-08-23
"ENSO3",1998,34,-0.386451612903226,1998-08-17,1998-08-23
"ENSO34",1998,34,-0.823870967741935,1998-08-17,1998-08-23
"ENSO4",1998,34,-0.676774193548387,1998-08-17,1998-08-23
"DMI",1998,35,-0.509548387096774,1998-08-24,1998-08-30
"ENSO3",1998,35,-0.429354838709677,1998-08-24,1998-08-30
"ENSO34",1998,35,-0.821612903225806,1998-08-24,1998-08-30
"ENSO4",1998,35,-0.690322580645161,1998-08-24,1998-08-30
"DMI",1998,36,-0.514029953917051,1998-08-31,1998-09-06
"ENSO3",1998,36,-0.479124423963134,1998-08-31,1998-09-06
"ENSO34",1998,36,-0.84647465437788,1998-08-31,1998-09-06
"ENSO4",1998,36,-0.72258064516129,1998-08-31,1998-09-06
"DMI",1998,37,-0.5701,1998-09-07,1998-09-13
"ENSO3",1998,37,-0.544,1998-09-07,1998-09-13
"ENSO34",1998,37,-0.931,1998-09-07,1998-09-13
"ENSO4",1998,37,-0.796,1998-09-07,1998-09-13
"DMI",1998,38,-0.627733333333333,1998-09-14,1998-09-20
"ENSO3",1998,38,-0.609333333333333,1998-09-14,1998-09-20
"ENSO34",1998,38,-1.01733333333333,1998-09-14,1998-09-20
"ENSO4",1998,38,-0.870666666666667,1998-09-14,1998-09-20
"DMI",1998,39,-0.685366666666667,1998-09-21,1998-09-27
"ENSO3",1998,39,-0.674666666666667,1998-09-21,1998-09-27
"ENSO34",1998,39,-1.10366666666667,1998-09-21,1998-09-27
"ENSO4",1998,39,-0.945333333333333,1998-09-21,1998-09-27
"DMI",1998,40,-0.733454377880184,1998-09-28,1998-10-04
"ENSO3",1998,40,-0.731170506912442,1998-09-28,1998-10-04
"ENSO34",1998,40,-1.18053456221198,1998-09-28,1998-10-04
"ENSO4",1998,40,-1.01306912442396,1998-09-28,1998-10-04
"DMI",1998,41,-0.722677419354839,1998-10-05,1998-10-11
"ENSO3",1998,41,-0.733225806451613,1998-10-05,1998-10-11
"ENSO34",1998,41,-1.19903225806452,1998-10-05,1998-10-11
"ENSO4",1998,41,-1.03806451612903,1998-10-05,1998-10-11
"DMI",1998,42,-0.702354838709677,1998-10-12,1998-10-18
"ENSO3",1998,42,-0.726451612903226,1998-10-12,1998-10-18
"ENSO34",1998,42,-1.20806451612903,1998-10-12,1998-10-18
"ENSO4",1998,42,-1.05612903225806,1998-10-12,1998-10-18
"DMI",1998,43,-0.682032258064516,1998-10-19,1998-10-25
"ENSO3",1998,43,-0.719677419354839,1998-10-19,1998-10-25
"ENSO34",1998,43,-1.21709677419355,1998-10-19,1998-10-25
"ENSO4",1998,43,-1.0741935483871,1998-10-19,1998-10-25
"DMI",1998,44,-0.661709677419355,1998-10-26,1998-11-01
"ENSO3",1998,44,-0.712903225806452,1998-10-26,1998-11-01
"ENSO34",1998,44,-1.22612903225806,1998-10-26,1998-11-01
"ENSO4",1998,44,-1.09225806451613,1998-10-26,1998-11-01
"DMI",1998,45,-0.610733333333333,1998-11-02,1998-11-08
"ENSO3",1998,45,-0.748666666666667,1998-11-02,1998-11-08
"ENSO34",1998,45,-1.26733333333333,1998-11-02,1998-11-08
"ENSO4",1998,45,-1.11866666666667,1998-11-02,1998-11-08
"DMI",1998,46,-0.536766666666667,1998-11-09,1998-11-15
"ENSO3",1998,46,-0.816333333333333,1998-11-09,1998-11-15
"ENSO34",1998,46,-1.33266666666667,1998-11-09,1998-11-15
"ENSO4",1998,46,-1.15133333333333,1998-11-09,1998-11-15
"DMI",1998,47,-0.4628,1998-11-16,1998-11-22
"ENSO3",1998,47,-0.884,1998-11-16,1998-11-22
"ENSO34",1998,47,-1.398,1998-11-16,1998-11-22
"ENSO4",1998,47,-1.184,1998-11-16,1998-11-22
"DMI",1998,48,-0.388833333333333,1998-11-23,1998-11-29
"ENSO3",1998,48,-0.951666666666667,1998-11-23,1998-11-29
"ENSO34",1998,48,-1.46333333333333,1998-11-23,1998-11-29
"ENSO4",1998,48,-1.21666666666667,1998-11-23,1998-11-29
"DMI",1998,49,-0.323269892473118,1998-11-30,1998-12-06
"ENSO3",1998,49,-0.996545314900154,1998-11-30,1998-12-06
"ENSO34",1998,49,-1.51004915514593,1998-11-30,1998-12-06
"ENSO4",1998,49,-1.25730568356375,1998-11-30,1998-12-06
"DMI",1998,50,-0.276193548387097,1998-12-07,1998-12-13
"ENSO3",1998,50,-0.991290322580645,1998-12-07,1998-12-13
"ENSO34",1998,50,-1.5158064516129,1998-12-07,1998-12-13
"ENSO4",1998,50,-1.31548387096774,1998-12-07,1998-12-13
"DMI",1998,51,-0.229677419354839,1998-12-14,1998-12-20
"ENSO3",1998,51,-0.984516129032258,1998-12-14,1998-12-20
"ENSO34",1998,51,-1.52032258064516,1998-12-14,1998-12-20
"ENSO4",1998,51,-1.3741935483871,1998-12-14,1998-12-20
"DMI",1998,52,-0.183161290322581,1998-12-21,1998-12-27
"ENSO3",1998,52,-0.977741935483871,1998-12-21,1998-12-27
"ENSO34",1998,52,-1.52483870967742,1998-12-21,1998-12-27
"ENSO4",1998,52,-1.43290322580645,1998-12-21,1998-12-27
"DMI",1998,53,-0.138221198156682,1998-12-28,1999-01-03
"ENSO3",1998,53,-0.968617511520737,1998-12-28,1999-01-03
"ENSO34",1998,53,-1.52741935483871,1998-12-28,1999-01-03
"ENSO4",1998,53,-1.48705069124424,1998-12-28,1999-01-03
"DMI",1999,1,-0.112193548387097,1999-01-04,1999-01-10
"ENSO3",1999,1,-0.931290322580645,1999-01-04,1999-01-10
"ENSO34",1999,1,-1.50677419354839,1999-01-04,1999-01-10
"ENSO4",1999,1,-1.48645161290323,1999-01-04,1999-01-10
"DMI",1999,2,-0.0914193548387097,1999-01-11,1999-01-17
"ENSO3",1999,2,-0.886129032258064,1999-01-11,1999-01-17
"ENSO34",1999,2,-1.47967741935484,1999-01-11,1999-01-17
"ENSO4",1999,2,-1.47064516129032,1999-01-11,1999-01-17
"DMI",1999,3,-0.0706451612903226,1999-01-18,1999-01-24
"ENSO3",1999,3,-0.840967741935484,1999-01-18,1999-01-24
"ENSO34",1999,3,-1.45258064516129,1999-01-18,1999-01-24
"ENSO4",1999,3,-1.45483870967742,1999-01-18,1999-01-24
"DMI",1999,4,-0.0498709677419355,1999-01-25,1999-01-31
"ENSO3",1999,4,-0.795806451612903,1999-01-25,1999-01-31
"ENSO34",1999,4,-1.42548387096774,1999-01-25,1999-01-31
"ENSO4",1999,4,-1.43903225806452,1999-01-25,1999-01-31
"DMI",1999,5,-0.023,1999-02-01,1999-02-07
"ENSO3",1999,5,-0.727142857142857,1999-02-01,1999-02-07
"ENSO34",1999,5,-1.3575,1999-02-01,1999-02-07
"ENSO4",1999,5,-1.38607142857143,1999-02-01,1999-02-07
"DMI",1999,6,0.012,1999-02-08,1999-02-14
"ENSO3",1999,6,-0.627142857142857,1999-02-08,1999-02-14
"ENSO34",1999,6,-1.235,1999-02-08,1999-02-14
"ENSO4",1999,6,-1.28357142857143,1999-02-08,1999-02-14
"DMI",1999,7,0.047,1999-02-15,1999-02-21
"ENSO3",1999,7,-0.527142857142857,1999-02-15,1999-02-21
"ENSO34",1999,7,-1.1125,1999-02-15,1999-02-21
"ENSO4",1999,7,-1.18107142857143,1999-02-15,1999-02-21
"DMI",1999,8,0.082,1999-02-22,1999-02-28
"ENSO3",1999,8,-0.427142857142857,1999-02-22,1999-02-28
"ENSO34",1999,8,-0.99,1999-02-22,1999-02-28
"ENSO4",1999,8,-1.07857142857143,1999-02-22,1999-02-28
"DMI",1999,9,0.0919354838709677,1999-03-01,1999-03-07
"ENSO3",1999,9,-0.395161290322581,1999-03-01,1999-03-07
"ENSO34",1999,9,-0.909354838709677,1999-03-01,1999-03-07
"ENSO4",1999,9,-1.00645161290323,1999-03-01,1999-03-07
"DMI",1999,10,0.0684516129032258,1999-03-08,1999-03-14
"ENSO3",1999,10,-0.453870967741935,1999-03-08,1999-03-14
"ENSO34",1999,10,-0.884516129032258,1999-03-08,1999-03-14
"ENSO4",1999,10,-0.974838709677419,1999-03-08,1999-03-14
"DMI",1999,11,0.0449677419354839,1999-03-15,1999-03-21
"ENSO3",1999,11,-0.51258064516129,1999-03-15,1999-03-21
"ENSO34",1999,11,-0.859677419354839,1999-03-15,1999-03-21
"ENSO4",1999,11,-0.943225806451613,1999-03-15,1999-03-21
"DMI",1999,12,0.0214838709677419,1999-03-22,1999-03-28
"ENSO3",1999,12,-0.571290322580645,1999-03-22,1999-03-28
"ENSO34",1999,12,-0.834838709677419,1999-03-22,1999-03-28
"ENSO4",1999,12,-0.911612903225806,1999-03-22,1999-03-28
"DMI",1999,13,-0.0043815668202765,1999-03-29,1999-04-04
"ENSO3",1999,13,-0.621668202764977,1999-03-29,1999-04-04
"ENSO34",1999,13,-0.814755760368664,1999-03-29,1999-04-04
"ENSO4",1999,13,-0.882728110599078,1999-03-29,1999-04-04
"DMI",1999,14,-0.0449333333333333,1999-04-05,1999-04-11
"ENSO3",1999,14,-0.620666666666667,1999-04-05,1999-04-11
"ENSO34",1999,14,-0.824,1999-04-05,1999-04-11
"ENSO4",1999,14,-0.870666666666667,1999-04-05,1999-04-11
"DMI",1999,15,-0.0878666666666667,1999-04-12,1999-04-18
"ENSO3",1999,15,-0.611333333333333,1999-04-12,1999-04-18
"ENSO34",1999,15,-0.838,1999-04-12,1999-04-18
"ENSO4",1999,15,-0.861333333333333,1999-04-12,1999-04-18
"DMI",1999,16,-0.1308,1999-04-19,1999-04-25
"ENSO3",1999,16,-0.602,1999-04-19,1999-04-25
"ENSO34",1999,16,-0.852,1999-04-19,1999-04-25
"ENSO4",1999,16,-0.852,1999-04-19,1999-04-25
"DMI",1999,17,-0.172668202764977,1999-04-26,1999-05-02
"ENSO3",1999,17,-0.59331797235023,1999-04-26,1999-05-02
"ENSO34",1999,17,-0.866082949308756,1999-04-26,1999-05-02
"ENSO4",1999,17,-0.84258064516129,1999-04-26,1999-05-02
"DMI",1999,18,-0.179387096774194,1999-05-03,1999-05-09
"ENSO3",1999,18,-0.606129032258064,1999-05-03,1999-05-09
"ENSO34",1999,18,-0.882903225806452,1999-05-03,1999-05-09
"ENSO4",1999,18,-0.830322580645161,1999-05-03,1999-05-09
"DMI",1999,19,-0.170129032258064,1999-05-10,1999-05-16
"ENSO3",1999,19,-0.628709677419355,1999-05-10,1999-05-16
"ENSO34",1999,19,-0.900967741935484,1999-05-10,1999-05-16
"ENSO4",1999,19,-0.816774193548387,1999-05-10,1999-05-16
"DMI",1999,20,-0.160870967741935,1999-05-17,1999-05-23
"ENSO3",1999,20,-0.651290322580645,1999-05-17,1999-05-23
"ENSO34",1999,20,-0.919032258064516,1999-05-17,1999-05-23
"ENSO4",1999,20,-0.803225806451613,1999-05-17,1999-05-23
"DMI",1999,21,-0.151612903225806,1999-05-24,1999-05-30
"ENSO3",1999,21,-0.673870967741935,1999-05-24,1999-05-30
"ENSO34",1999,21,-0.937096774193548,1999-05-24,1999-05-30
"ENSO4",1999,21,-0.789677419354839,1999-05-24,1999-05-30
"DMI",1999,22,-0.126831797235023,1999-05-31,1999-06-06
"ENSO3",1999,22,-0.685967741935484,1999-05-31,1999-06-06
"ENSO34",1999,22,-0.941774193548387,1999-05-31,1999-06-06
"ENSO4",1999,22,-0.783133640552995,1999-05-31,1999-06-06
"DMI",1999,23,-0.0679,1999-06-07,1999-06-13
"ENSO3",1999,23,-0.675,1999-06-07,1999-06-13
"ENSO34",1999,23,-0.917,1999-06-07,1999-06-13
"ENSO4",1999,23,-0.792,1999-06-07,1999-06-13
"DMI",1999,24,-0.00793333333333332,1999-06-14,1999-06-20
"ENSO3",1999,24,-0.663333333333333,1999-06-14,1999-06-20
"ENSO34",1999,24,-0.891333333333333,1999-06-14,1999-06-20
"ENSO4",1999,24,-0.801333333333333,1999-06-14,1999-06-20
"DMI",1999,25,0.0520333333333333,1999-06-21,1999-06-27
"ENSO3",1999,25,-0.651666666666667,1999-06-21,1999-06-27
"ENSO34",1999,25,-0.865666666666667,1999-06-21,1999-06-27
"ENSO4",1999,25,-0.810666666666667,1999-06-21,1999-06-27
"DMI",1999,26,0.102196313364055,1999-06-28,1999-07-04
"ENSO3",1999,26,-0.644193548387097,1999-06-28,1999-07-04
"ENSO34",1999,26,-0.847013824884793,1999-06-28,1999-07-04
"ENSO4",1999,26,-0.821622119815668,1999-06-28,1999-07-04
"DMI",1999,27,0.0919032258064516,1999-07-05,1999-07-11
"ENSO3",1999,27,-0.66258064516129,1999-07-05,1999-07-11
"ENSO34",1999,27,-0.871612903225806,1999-07-05,1999-07-11
"ENSO4",1999,27,-0.84258064516129,1999-07-05,1999-07-11
"DMI",1999,28,0.0718064516129032,1999-07-12,1999-07-18
"ENSO3",1999,28,-0.685161290322581,1999-07-12,1999-07-18
"ENSO34",1999,28,-0.903225806451613,1999-07-12,1999-07-18
"ENSO4",1999,28,-0.865161290322581,1999-07-12,1999-07-18
"DMI",1999,29,0.0517096774193548,1999-07-19,1999-07-25
"ENSO3",1999,29,-0.707741935483871,1999-07-19,1999-07-25
"ENSO34",1999,29,-0.934838709677419,1999-07-19,1999-07-25
"ENSO4",1999,29,-0.887741935483871,1999-07-19,1999-07-25
"DMI",1999,30,0.0316129032258065,1999-07-26,1999-08-01
"ENSO3",1999,30,-0.730322580645161,1999-07-26,1999-08-01
"ENSO34",1999,30,-0.966451612903226,1999-07-26,1999-08-01
"ENSO4",1999,30,-0.910322580645161,1999-07-26,1999-08-01
"DMI",1999,31,0.0135806451612903,1999-08-02,1999-08-08
"ENSO3",1999,31,-0.765806451612903,1999-08-02,1999-08-08
"ENSO34",1999,31,-0.961935483870968,1999-08-02,1999-08-08
"ENSO4",1999,31,-0.899354838709677,1999-08-02,1999-08-08
"DMI",1999,32,-0.00290322580645162,1999-08-09,1999-08-15
"ENSO3",1999,32,-0.810967741935484,1999-08-09,1999-08-15
"ENSO34",1999,32,-0.930322580645161,1999-08-09,1999-08-15
"ENSO4",1999,32,-0.863225806451613,1999-08-09,1999-08-15
"DMI",1999,33,-0.0193870967741936,1999-08-16,1999-08-22
"ENSO3",1999,33,-0.856129032258064,1999-08-16,1999-08-22
"ENSO34",1999,33,-0.898709677419355,1999-08-16,1999-08-22
"ENSO4",1999,33,-0.827096774193548,1999-08-16,1999-08-22
"DMI",1999,34,-0.0358709677419355,1999-08-23,1999-08-29
"ENSO3",1999,34,-0.901290322580645,1999-08-23,1999-08-29
"ENSO34",1999,34,-0.867096774193548,1999-08-23,1999-08-29
"ENSO4",1999,34,-0.790967741935484,1999-08-23,1999-08-29
"DMI",1999,35,-0.0556574500768049,1999-08-30,1999-09-05
"ENSO3",1999,35,-0.947711213517665,1999-08-30,1999-09-05
"ENSO34",1999,35,-0.850983102918587,1999-08-30,1999-09-05
"ENSO4",1999,35,-0.766021505376344,1999-08-30,1999-09-05
"DMI",1999,36,-0.0873333333333333,1999-09-06,1999-09-12
"ENSO3",1999,36,-0.998666666666667,1999-09-06,1999-09-12
"ENSO34",1999,36,-0.890666666666667,1999-09-06,1999-09-12
"ENSO4",1999,36,-0.781333333333333,1999-09-06,1999-09-12
"DMI",1999,37,-0.12,1999-09-13,1999-09-19
"ENSO3",1999,37,-1.05,1999-09-13,1999-09-19
"ENSO34",1999,37,-0.935,1999-09-13,1999-09-19
"ENSO4",1999,37,-0.8,1999-09-13,1999-09-19
"DMI",1999,38,-0.152666666666667,1999-09-20,1999-09-26
"ENSO3",1999,38,-1.10133333333333,1999-09-20,1999-09-26
"ENSO34",1999,38,-0.979333333333333,1999-09-20,1999-09-26
"ENSO4",1999,38,-0.818666666666667,1999-09-20,1999-09-26
"DMI",1999,39,-0.182310291858679,1999-09-27,1999-10-03
"ENSO3",1999,39,-1.15311827956989,1999-09-27,1999-10-03
"ENSO34",1999,39,-1.02620583717358,1999-09-27,1999-10-03
"ENSO4",1999,39,-0.839093701996928,1999-09-27,1999-10-03
"DMI",1999,40,-0.175677419354839,1999-10-04,1999-10-10
"ENSO3",1999,40,-1.21032258064516,1999-10-04,1999-10-10
"ENSO34",1999,40,-1.10354838709677,1999-10-04,1999-10-10
"ENSO4",1999,40,-0.880645161290323,1999-10-04,1999-10-10
"DMI",1999,41,-0.158967741935484,1999-10-11,1999-10-17
"ENSO3",1999,41,-1.26903225806452,1999-10-11,1999-10-17
"ENSO34",1999,41,-1.18935483870968,1999-10-11,1999-10-17
"ENSO4",1999,41,-0.928064516129032,1999-10-11,1999-10-17
"DMI",1999,42,-0.142258064516129,1999-10-18,1999-10-24
"ENSO3",1999,42,-1.32774193548387,1999-10-18,1999-10-24
"ENSO34",1999,42,-1.27516129032258,1999-10-18,1999-10-24
"ENSO4",1999,42,-0.975483870967742,1999-10-18,1999-10-24
"DMI",1999,43,-0.125548387096774,1999-10-25,1999-10-31
"ENSO3",1999,43,-1.38645161290323,1999-10-25,1999-10-31
"ENSO34",1999,43,-1.36096774193548,1999-10-25,1999-10-31
"ENSO4",1999,43,-1.02290322580645,1999-10-25,1999-10-31
"DMI",1999,44,-0.1192,1999-11-01,1999-11-07
"ENSO3",1999,44,-1.424,1999-11-01,1999-11-07
"ENSO34",1999,44,-1.423,1999-11-01,1999-11-07
"ENSO4",1999,44,-1.065,1999-11-01,1999-11-07
"DMI",1999,45,-0.126666666666667,1999-11-08,1999-11-14
"ENSO3",1999,45,-1.43333333333333,1999-11-08,1999-11-14
"ENSO34",1999,45,-1.45333333333333,1999-11-08,1999-11-14
"ENSO4",1999,45,-1.1,1999-11-08,1999-11-14
"DMI",1999,46,-0.134133333333333,1999-11-15,1999-11-21
"ENSO3",1999,46,-1.44266666666667,1999-11-15,1999-11-21
"ENSO34",1999,46,-1.48366666666667,1999-11-15,1999-11-21
"ENSO4",1999,46,-1.135,1999-11-15,1999-11-21
"DMI",1999,47,-0.1416,1999-11-22,1999-11-28
"ENSO3",1999,47,-1.452,1999-11-22,1999-11-28
"ENSO34",1999,47,-1.514,1999-11-22,1999-11-28
"ENSO4",1999,47,-1.17,1999-11-22,1999-11-28
"DMI",1999,48,-0.146482949308756,1999-11-29,1999-12-05
"ENSO3",1999,48,-1.47094930875576,1999-11-29,1999-12-05
"ENSO34",1999,48,-1.54966359447005,1999-11-29,1999-12-05
"ENSO4",1999,48,-1.20476958525346,1999-11-29,1999-12-05
"DMI",1999,49,-0.142064516129032,1999-12-06,1999-12-12
"ENSO3",1999,49,-1.52451612903226,1999-12-06,1999-12-12
"ENSO34",1999,49,-1.60451612903226,1999-12-06,1999-12-12
"ENSO4",1999,49,-1.23870967741935,1999-12-06,1999-12-12
"DMI",1999,50,-0.136870967741935,1999-12-13,1999-12-19
"ENSO3",1999,50,-1.58096774193548,1999-12-13,1999-12-19
"ENSO34",1999,50,-1.66096774193548,1999-12-13,1999-12-19
"ENSO4",1999,50,-1.27258064516129,1999-12-13,1999-12-19
"DMI",1999,51,-0.131677419354839,1999-12-20,1999-12-26
"ENSO3",1999,51,-1.63741935483871,1999-12-20,1999-12-26
"ENSO34",1999,51,-1.71741935483871,1999-12-20,1999-12-26
"ENSO4",1999,51,-1.30645161290323,1999-12-20,1999-12-26
"DMI",1999,52,-0.126055299539171,1999-12-27,2000-01-02
"ENSO3",1999,52,-1.69013824884793,1999-12-27,2000-01-02
"ENSO34",1999,52,-1.77152073732719,1999-12-27,2000-01-02
"ENSO4",1999,52,-1.33976958525346,1999-12-27,2000-01-02
"DMI",2000,1,-0.106290322580645,2000-01-03,2000-01-09
"ENSO3",2000,1,-1.61967741935484,2000-01-03,2000-01-09
"ENSO34",2000,1,-1.74806451612903,2000-01-03,2000-01-09
"ENSO4",2000,1,-1.35483870967742,2000-01-03,2000-01-09
"DMI",2000,2,-0.0800967741935484,2000-01-10,2000-01-16
"ENSO3",2000,2,-1.49322580645161,2000-01-10,2000-01-16
"ENSO34",2000,2,-1.68935483870968,2000-01-10,2000-01-16
"ENSO4",2000,2,-1.36161290322581,2000-01-10,2000-01-16
"DMI",2000,3,-0.0539032258064516,2000-01-17,2000-01-23
"ENSO3",2000,3,-1.36677419354839,2000-01-17,2000-01-23
"ENSO34",2000,3,-1.63064516129032,2000-01-17,2000-01-23
"ENSO4",2000,3,-1.36838709677419,2000-01-17,2000-01-23
"DMI",2000,4,-0.0277096774193548,2000-01-24,2000-01-30
"ENSO3",2000,4,-1.24032258064516,2000-01-24,2000-01-30
"ENSO34",2000,4,-1.57193548387097,2000-01-24,2000-01-30
"ENSO4",2000,4,-1.37516129032258,2000-01-24,2000-01-30
"DMI",2000,5,0.00147529000476721,2000-01-31,2000-02-06
"ENSO3",2000,5,-1.12819640870809,2000-01-31,2000-02-06
"ENSO34",2000,5,-1.51124741776577,2000-01-31,2000-02-06
"ENSO4",2000,5,-1.37690608612744,2000-01-31,2000-02-06
"DMI",2000,6,0.0372413793103448,2000-02-07,2000-02-13
"ENSO3",2000,6,-1.04758620689655,2000-02-07,2000-02-13
"ENSO34",2000,6,-1.44620689655172,2000-02-07,2000-02-13
"ENSO4",2000,6,-1.36758620689655,2000-02-07,2000-02-13
"DMI",2000,7,0.0732068965517242,2000-02-14,2000-02-20
"ENSO3",2000,7,-0.967931034482759,2000-02-14,2000-02-20
"ENSO34",2000,7,-1.38103448275862,2000-02-14,2000-02-20
"ENSO4",2000,7,-1.35793103448276,2000-02-14,2000-02-20
"DMI",2000,8,0.109172413793103,2000-02-21,2000-02-27
"ENSO3",2000,8,-0.888275862068965,2000-02-21,2000-02-27
"ENSO34",2000,8,-1.31586206896552,2000-02-21,2000-02-27
"ENSO4",2000,8,-1.34827586206897,2000-02-21,2000-02-27
"DMI",2000,9,0.137844112505959,2000-02-28,2000-03-05
"ENSO3",2000,9,-0.800913713650087,2000-02-28,2000-03-05
"ENSO34",2000,9,-1.24279199110122,2000-02-28,2000-03-05
"ENSO4",2000,9,-1.32953122517082,2000-02-28,2000-03-05
"DMI",2000,10,0.140258064516129,2000-03-06,2000-03-12
"ENSO3",2000,10,-0.685806451612903,2000-03-06,2000-03-12
"ENSO34",2000,10,-1.14129032258065,2000-03-06,2000-03-12
"ENSO4",2000,10,-1.27806451612903,2000-03-06,2000-03-12
"DMI",2000,11,0.140483870967742,2000-03-13,2000-03-19
"ENSO3",2000,11,-0.568387096774194,2000-03-13,2000-03-19
"ENSO34",2000,11,-1.03741935483871,2000-03-13,2000-03-19
"ENSO4",2000,11,-1.22387096774194,2000-03-13,2000-03-19
"DMI",2000,12,0.140709677419355,2000-03-20,2000-03-26
"ENSO3",2000,12,-0.450967741935484,2000-03-20,2000-03-26
"ENSO34",2000,12,-0.933548387096774,2000-03-20,2000-03-26
"ENSO4",2000,12,-1.16967741935484,2000-03-20,2000-03-26
"DMI",2000,13,0.140797542242704,2000-03-27,2000-04-02
"ENSO3",2000,13,-0.33689708141321,2000-03-27,2000-04-02
"ENSO34",2000,13,-0.831797235023041,2000-03-27,2000-04-02
"ENSO4",2000,13,-1.11573271889401,2000-03-27,2000-04-02
"DMI",2000,14,0.136333333333333,2000-04-03,2000-04-09
"ENSO3",2000,14,-0.333333333333333,2000-04-03,2000-04-09
"ENSO34",2000,14,-0.8,2000-04-03,2000-04-09
"ENSO4",2000,14,-1.07,2000-04-03,2000-04-09
"DMI",2000,15,0.1298,2000-04-10,2000-04-16
"ENSO3",2000,15,-0.38,2000-04-10,2000-04-16
"ENSO34",2000,15,-0.8,2000-04-10,2000-04-16
"ENSO4",2000,15,-1.028,2000-04-10,2000-04-16
"DMI",2000,16,0.123266666666667,2000-04-17,2000-04-23
"ENSO3",2000,16,-0.426666666666667,2000-04-17,2000-04-23
"ENSO34",2000,16,-0.8,2000-04-17,2000-04-23
"ENSO4",2000,16,-0.986,2000-04-17,2000-04-23
"DMI",2000,17,0.116733333333333,2000-04-24,2000-04-30
"ENSO3",2000,17,-0.473333333333333,2000-04-24,2000-04-30
"ENSO34",2000,17,-0.8,2000-04-24,2000-04-30
"ENSO4",2000,17,-0.944,2000-04-24,2000-04-30
"DMI",2000,18,0.0999354838709677,2000-05-01,2000-05-07
"ENSO3",2000,18,-0.524193548387097,2000-05-01,2000-05-07
"ENSO34",2000,18,-0.795161290322581,2000-05-01,2000-05-07
"ENSO4",2000,18,-0.895806451612903,2000-05-01,2000-05-07
"DMI",2000,19,0.0694516129032258,2000-05-08,2000-05-14
"ENSO3",2000,19,-0.580645161290323,2000-05-08,2000-05-14
"ENSO34",2000,19,-0.783870967741936,2000-05-08,2000-05-14
"ENSO4",2000,19,-0.839354838709677,2000-05-08,2000-05-14
"DMI",2000,20,0.0389677419354839,2000-05-15,2000-05-21
"ENSO3",2000,20,-0.637096774193548,2000-05-15,2000-05-21
"ENSO34",2000,20,-0.77258064516129,2000-05-15,2000-05-21
"ENSO4",2000,20,-0.782903225806452,2000-05-15,2000-05-21
"DMI",2000,21,0.00848387096774193,2000-05-22,2000-05-28
"ENSO3",2000,21,-0.693548387096774,2000-05-22,2000-05-28
"ENSO34",2000,21,-0.761290322580645,2000-05-22,2000-05-28
"ENSO4",2000,21,-0.726451612903226,2000-05-22,2000-05-28
"DMI",2000,22,-0.0154387096774194,2000-05-29,2000-06-04
"ENSO3",2000,22,-0.738230414746544,2000-05-29,2000-06-04
"ENSO34",2000,22,-0.746239631336405,2000-05-29,2000-06-04
"ENSO4",2000,22,-0.674341013824885,2000-05-29,2000-06-04
"DMI",2000,23,0.0011,2000-06-05,2000-06-11
"ENSO3",2000,23,-0.710333333333333,2000-06-05,2000-06-11
"ENSO34",2000,23,-0.708,2000-06-05,2000-06-11
"ENSO4",2000,23,-0.649,2000-06-05,2000-06-11
"DMI",2000,24,0.0242,2000-06-12,2000-06-18
"ENSO3",2000,24,-0.670666666666667,2000-06-12,2000-06-18
"ENSO34",2000,24,-0.666,2000-06-12,2000-06-18
"ENSO4",2000,24,-0.628,2000-06-12,2000-06-18
"DMI",2000,25,0.0473,2000-06-19,2000-06-25
"ENSO3",2000,25,-0.631,2000-06-19,2000-06-25
"ENSO34",2000,25,-0.624,2000-06-19,2000-06-25
"ENSO4",2000,25,-0.607,2000-06-19,2000-06-25
"DMI",2000,26,0.0701774193548387,2000-06-26,2000-07-02
"ENSO3",2000,26,-0.591221198156682,2000-06-26,2000-07-02
"ENSO34",2000,26,-0.581889400921659,2000-06-26,2000-07-02
"ENSO4",2000,26,-0.585783410138249,2000-06-26,2000-07-02
"DMI",2000,27,0.0857096774193548,2000-07-03,2000-07-09
"ENSO3",2000,27,-0.547741935483871,2000-07-03,2000-07-09
"ENSO34",2000,27,-0.536129032258065,2000-07-03,2000-07-09
"ENSO4",2000,27,-0.55741935483871,2000-07-03,2000-07-09
"DMI",2000,28,0.0979032258064516,2000-07-10,2000-07-16
"ENSO3",2000,28,-0.50258064516129,2000-07-10,2000-07-16
"ENSO34",2000,28,-0.488709677419355,2000-07-10,2000-07-16
"ENSO4",2000,28,-0.525806451612903,2000-07-10,2000-07-16
"DMI",2000,29,0.110096774193548,2000-07-17,2000-07-23
"ENSO3",2000,29,-0.45741935483871,2000-07-17,2000-07-23
"ENSO34",2000,29,-0.441290322580645,2000-07-17,2000-07-23
"ENSO4",2000,29,-0.494193548387097,2000-07-17,2000-07-23
"DMI",2000,30,0.122290322580645,2000-07-24,2000-07-30
"ENSO3",2000,30,-0.412258064516129,2000-07-24,2000-07-30
"ENSO34",2000,30,-0.393870967741935,2000-07-24,2000-07-30
"ENSO4",2000,30,-0.46258064516129,2000-07-24,2000-07-30
"DMI",2000,31,0.115059907834101,2000-07-31,2000-08-06
"ENSO3",2000,31,-0.376082949308756,2000-07-31,2000-08-06
"ENSO34",2000,31,-0.363041474654378,2000-07-31,2000-08-06
"ENSO4",2000,31,-0.437880184331797,2000-07-31,2000-08-06
"DMI",2000,32,0.0650967741935484,2000-08-07,2000-08-13
"ENSO3",2000,32,-0.359677419354839,2000-08-07,2000-08-13
"ENSO34",2000,32,-0.368709677419355,2000-08-07,2000-08-13
"ENSO4",2000,32,-0.428387096774194,2000-08-07,2000-08-13
"DMI",2000,33,0.0138387096774194,2000-08-14,2000-08-20
"ENSO3",2000,33,-0.343870967741935,2000-08-14,2000-08-20
"ENSO34",2000,33,-0.375483870967742,2000-08-14,2000-08-20
"ENSO4",2000,33,-0.419354838709677,2000-08-14,2000-08-20
"DMI",2000,34,-0.0374193548387097,2000-08-21,2000-08-27
"ENSO3",2000,34,-0.328064516129032,2000-08-21,2000-08-27
"ENSO34",2000,34,-0.382258064516129,2000-08-21,2000-08-27
"ENSO4",2000,34,-0.410322580645161,2000-08-21,2000-08-27
"DMI",2000,35,-0.0861963133640553,2000-08-28,2000-09-03
"ENSO3",2000,35,-0.315654377880184,2000-08-28,2000-09-03
"ENSO34",2000,35,-0.390903225806452,2000-08-28,2000-09-03
"ENSO4",2000,35,-0.402986175115207,2000-08-28,2000-09-03
"DMI",2000,36,-0.1052,2000-09-04,2000-09-10
"ENSO3",2000,36,-0.344,2000-09-04,2000-09-10
"ENSO34",2000,36,-0.422,2000-09-04,2000-09-10
"ENSO4",2000,36,-0.416,2000-09-04,2000-09-10
"DMI",2000,37,-0.115933333333333,2000-09-11,2000-09-17
"ENSO3",2000,37,-0.383666666666667,2000-09-11,2000-09-17
"ENSO34",2000,37,-0.459333333333333,2000-09-11,2000-09-17
"ENSO4",2000,37,-0.434666666666667,2000-09-11,2000-09-17
"DMI",2000,38,-0.126666666666667,2000-09-18,2000-09-24
"ENSO3",2000,38,-0.423333333333333,2000-09-18,2000-09-24
"ENSO34",2000,38,-0.496666666666667,2000-09-18,2000-09-24
"ENSO4",2000,38,-0.453333333333333,2000-09-18,2000-09-24
"DMI",2000,39,-0.1374,2000-09-25,2000-10-01
"ENSO3",2000,39,-0.463,2000-09-25,2000-10-01
"ENSO34",2000,39,-0.534,2000-09-25,2000-10-01
"ENSO4",2000,39,-0.472,2000-09-25,2000-10-01
"DMI",2000,40,-0.163161290322581,2000-10-02,2000-10-08
"ENSO3",2000,40,-0.510967741935484,2000-10-02,2000-10-08
"ENSO34",2000,40,-0.575806451612903,2000-10-02,2000-10-08
"ENSO4",2000,40,-0.485161290322581,2000-10-02,2000-10-08
"DMI",2000,41,-0.200193548387097,2000-10-09,2000-10-15
"ENSO3",2000,41,-0.565161290322581,2000-10-09,2000-10-15
"ENSO34",2000,41,-0.620967741935484,2000-10-09,2000-10-15
"ENSO4",2000,41,-0.494193548387097,2000-10-09,2000-10-15
"DMI",2000,42,-0.237225806451613,2000-10-16,2000-10-22
"ENSO3",2000,42,-0.619354838709677,2000-10-16,2000-10-22
"ENSO34",2000,42,-0.666129032258065,2000-10-16,2000-10-22
"ENSO4",2000,42,-0.503225806451613,2000-10-16,2000-10-22
"DMI",2000,43,-0.274258064516129,2000-10-23,2000-10-29
"ENSO3",2000,43,-0.673548387096774,2000-10-23,2000-10-29
"ENSO34",2000,43,-0.711290322580645,2000-10-23,2000-10-29
"ENSO4",2000,43,-0.512258064516129,2000-10-23,2000-10-29
"DMI",2000,44,-0.300970814132104,2000-10-30,2000-11-05
"ENSO3",2000,44,-0.71668202764977,2000-10-30,2000-11-05
"ENSO34",2000,44,-0.755330261136713,2000-10-30,2000-11-05
"ENSO4",2000,44,-0.532780337941628,2000-10-30,2000-11-05
"DMI",2000,45,-0.290533333333333,2000-11-06,2000-11-12
"ENSO3",2000,45,-0.72,2000-11-06,2000-11-12
"ENSO34",2000,45,-0.795333333333333,2000-11-06,2000-11-12
"ENSO4",2000,45,-0.594666666666667,2000-11-06,2000-11-12
"DMI",2000,46,-0.277,2000-11-13,2000-11-19
"ENSO3",2000,46,-0.72,2000-11-13,2000-11-19
"ENSO34",2000,46,-0.835,2000-11-13,2000-11-19
"ENSO4",2000,46,-0.66,2000-11-13,2000-11-19
"DMI",2000,47,-0.263466666666667,2000-11-20,2000-11-26
"ENSO3",2000,47,-0.72,2000-11-20,2000-11-26
"ENSO34",2000,47,-0.874666666666667,2000-11-20,2000-11-26
"ENSO4",2000,47,-0.725333333333333,2000-11-20,2000-11-26
"DMI",2000,48,-0.253291858678955,2000-11-27,2000-12-03
"ENSO3",2000,48,-0.719861751152074,2000-11-27,2000-12-03
"ENSO34",2000,48,-0.911351766513057,2000-11-27,2000-12-03
"ENSO4",2000,48,-0.786943164362519,2000-11-27,2000-12-03
"DMI",2000,49,-0.28341935483871,2000-12-04,2000-12-10
"ENSO3",2000,49,-0.718064516129032,2000-12-04,2000-12-10
"ENSO34",2000,49,-0.912258064516129,2000-12-04,2000-12-10
"ENSO4",2000,49,-0.803870967741936,2000-12-04,2000-12-10
"DMI",2000,50,-0.324741935483871,2000-12-11,2000-12-17
"ENSO3",2000,50,-0.715806451612903,2000-12-11,2000-12-17
"ENSO34",2000,50,-0.903225806451613,2000-12-11,2000-12-17
"ENSO4",2000,50,-0.808387096774194,2000-12-11,2000-12-17
"DMI",2000,51,-0.366064516129032,2000-12-18,2000-12-24
"ENSO3",2000,51,-0.713548387096774,2000-12-18,2000-12-24
"ENSO34",2000,51,-0.894193548387097,2000-12-18,2000-12-24
"ENSO4",2000,51,-0.812903225806452,2000-12-18,2000-12-24
"DMI",2000,52,-0.407387096774194,2000-12-25,2000-12-31
"ENSO3",2000,52,-0.711290322580645,2000-12-25,2000-12-31
"ENSO34",2000,52,-0.885161290322581,2000-12-25,2000-12-31
"ENSO4",2000,52,-0.81741935483871,2000-12-25,2000-12-31
"DMI",2001,1,-0.390935483870968,2001-01-01,2001-01-07
"ENSO3",2001,1,-0.68,2001-01-01,2001-01-07
"ENSO34",2001,1,-0.855806451612903,2001-01-01,2001-01-07
"ENSO4",2001,1,-0.81516129032258,2001-01-01,2001-01-07
"DMI",2001,2,-0.297451612903226,2001-01-08,2001-01-14
"ENSO3",2001,2,-0.61,2001-01-08,2001-01-14
"ENSO34",2001,2,-0.799354838709677,2001-01-08,2001-01-14
"ENSO4",2001,2,-0.803870967741935,2001-01-08,2001-01-14
"DMI",2001,3,-0.203967741935484,2001-01-15,2001-01-21
"ENSO3",2001,3,-0.54,2001-01-15,2001-01-21
"ENSO34",2001,3,-0.742903225806452,2001-01-15,2001-01-21
"ENSO4",2001,3,-0.79258064516129,2001-01-15,2001-01-21
"DMI",2001,4,-0.110483870967742,2001-01-22,2001-01-28
"ENSO3",2001,4,-0.47,2001-01-22,2001-01-28
"ENSO34",2001,4,-0.686451612903226,2001-01-22,2001-01-28
"ENSO4",2001,4,-0.781290322580645,2001-01-22,2001-01-28
"DMI",2001,5,-0.0282327188940092,2001-01-29,2001-02-04
"ENSO3",2001,5,-0.399387755102041,2001-01-29,2001-02-04
"ENSO34",2001,5,-0.63232060566162,2001-01-29,2001-02-04
"ENSO4",2001,5,-0.766484529295589,2001-01-29,2001-02-04
"DMI",2001,6,-0.01525,2001-02-05,2001-02-11
"ENSO3",2001,6,-0.325,2001-02-05,2001-02-11
"ENSO34",2001,6,-0.5925,2001-02-05,2001-02-11
"ENSO4",2001,6,-0.73,2001-02-05,2001-02-11
"DMI",2001,7,-0.0135,2001-02-12,2001-02-18
"ENSO3",2001,7,-0.25,2001-02-12,2001-02-18
"ENSO34",2001,7,-0.555,2001-02-12,2001-02-18
"ENSO4",2001,7,-0.69,2001-02-12,2001-02-18
"DMI",2001,8,-0.01175,2001-02-19,2001-02-25
"ENSO3",2001,8,-0.175,2001-02-19,2001-02-25
"ENSO34",2001,8,-0.5175,2001-02-19,2001-02-25
"ENSO4",2001,8,-0.65,2001-02-19,2001-02-25
"DMI",2001,9,-0.00617741935483871,2001-02-26,2001-03-04
"ENSO3",2001,9,-0.10724818959842,2001-02-26,2001-03-04
"ENSO34",2001,9,-0.479614878209348,2001-02-26,2001-03-04
"ENSO4",2001,9,-0.607156023699802,2001-02-26,2001-03-04
"DMI",2001,10,0.0229677419354839,2001-03-05,2001-03-11
"ENSO3",2001,10,-0.0841935483870968,2001-03-05,2001-03-11
"ENSO34",2001,10,-0.439354838709677,2001-03-05,2001-03-11
"ENSO4",2001,10,-0.546774193548387,2001-03-05,2001-03-11
"DMI",2001,11,0.0559354838709678,2001-03-12,2001-03-18
"ENSO3",2001,11,-0.0683870967741936,2001-03-12,2001-03-18
"ENSO34",2001,11,-0.398709677419355,2001-03-12,2001-03-18
"ENSO4",2001,11,-0.483548387096774,2001-03-12,2001-03-18
"DMI",2001,12,0.0889032258064516,2001-03-19,2001-03-25
"ENSO3",2001,12,-0.0525806451612903,2001-03-19,2001-03-25
"ENSO34",2001,12,-0.358064516129032,2001-03-19,2001-03-25
"ENSO4",2001,12,-0.420322580645161,2001-03-19,2001-03-25
"DMI",2001,13,0.121870967741935,2001-03-26,2001-04-01
"ENSO3",2001,13,-0.0367741935483871,2001-03-26,2001-04-01
"ENSO34",2001,13,-0.31741935483871,2001-03-26,2001-04-01
"ENSO4",2001,13,-0.357096774193548,2001-03-26,2001-04-01
"DMI",2001,14,0.136133333333333,2001-04-02,2001-04-08
"ENSO3",2001,14,-0.0673333333333333,2001-04-02,2001-04-08
"ENSO34",2001,14,-0.3,2001-04-02,2001-04-08
"ENSO4",2001,14,-0.316666666666667,2001-04-02,2001-04-08
"DMI",2001,15,0.136366666666667,2001-04-09,2001-04-15
"ENSO3",2001,15,-0.132666666666667,2001-04-09,2001-04-15
"ENSO34",2001,15,-0.3,2001-04-09,2001-04-15
"ENSO4",2001,15,-0.293333333333333,2001-04-09,2001-04-15
"DMI",2001,16,0.1366,2001-04-16,2001-04-22
"ENSO3",2001,16,-0.198,2001-04-16,2001-04-22
"ENSO34",2001,16,-0.3,2001-04-16,2001-04-22
"ENSO4",2001,16,-0.27,2001-04-16,2001-04-22
"DMI",2001,17,0.136833333333333,2001-04-23,2001-04-29
"ENSO3",2001,17,-0.263333333333333,2001-04-23,2001-04-29
"ENSO34",2001,17,-0.3,2001-04-23,2001-04-29
"ENSO4",2001,17,-0.246666666666667,2001-04-23,2001-04-29
"DMI",2001,18,0.136303993855607,2001-04-30,2001-05-06
"ENSO3",2001,18,-0.303827956989247,2001-04-30,2001-05-06
"ENSO34",2001,18,-0.286866359447005,2001-04-30,2001-05-06
"ENSO4",2001,18,-0.218033794162826,2001-04-30,2001-05-06
"DMI",2001,19,0.134096774193548,2001-05-07,2001-05-13
"ENSO3",2001,19,-0.289677419354839,2001-05-07,2001-05-13
"ENSO34",2001,19,-0.244838709677419,2001-05-07,2001-05-13
"ENSO4",2001,19,-0.177741935483871,2001-05-07,2001-05-13
"DMI",2001,20,0.131838709677419,2001-05-14,2001-05-20
"ENSO3",2001,20,-0.273870967741935,2001-05-14,2001-05-20
"ENSO34",2001,20,-0.201935483870968,2001-05-14,2001-05-20
"ENSO4",2001,20,-0.137096774193548,2001-05-14,2001-05-20
"DMI",2001,21,0.12958064516129,2001-05-21,2001-05-27
"ENSO3",2001,21,-0.258064516129032,2001-05-21,2001-05-27
"ENSO34",2001,21,-0.159032258064516,2001-05-21,2001-05-27
"ENSO4",2001,21,-0.0964516129032258,2001-05-21,2001-05-27
"DMI",2001,22,0.123646543778802,2001-05-28,2001-06-03
"ENSO3",2001,22,-0.242225806451613,2001-05-28,2001-06-03
"ENSO34",2001,22,-0.117041474654378,2001-05-28,2001-06-03
"ENSO4",2001,22,-0.0551520737327189,2001-05-28,2001-06-03
"DMI",2001,23,0.0736,2001-06-04,2001-06-10
"ENSO3",2001,23,-0.226,2001-06-04,2001-06-10
"ENSO34",2001,23,-0.086,2001-06-04,2001-06-10
"ENSO4",2001,23,-0.006,2001-06-04,2001-06-10
"DMI",2001,24,0.0113,2001-06-11,2001-06-17
"ENSO3",2001,24,-0.209666666666667,2001-06-11,2001-06-17
"ENSO34",2001,24,-0.058,2001-06-11,2001-06-17
"ENSO4",2001,24,0.0453333333333333,2001-06-11,2001-06-17
"DMI",2001,25,-0.051,2001-06-18,2001-06-24
"ENSO3",2001,25,-0.193333333333333,2001-06-18,2001-06-24
"ENSO34",2001,25,-0.03,2001-06-18,2001-06-24
"ENSO4",2001,25,0.0966666666666667,2001-06-18,2001-06-24
"DMI",2001,26,-0.1133,2001-06-25,2001-07-01
"ENSO3",2001,26,-0.177,2001-06-25,2001-07-01
"ENSO34",2001,26,-0.002,2001-06-25,2001-07-01
"ENSO4",2001,26,0.148,2001-06-25,2001-07-01
"DMI",2001,27,-0.160774193548387,2001-07-02,2001-07-08
"ENSO3",2001,27,-0.184193548387097,2001-07-02,2001-07-08
"ENSO34",2001,27,-0.00032258064516129,2001-07-02,2001-07-08
"ENSO4",2001,27,0.175161290322581,2001-07-02,2001-07-08
"DMI",2001,28,-0.197129032258065,2001-07-09,2001-07-15
"ENSO3",2001,28,-0.209032258064516,2001-07-09,2001-07-15
"ENSO34",2001,28,-0.0183870967741935,2001-07-09,2001-07-15
"ENSO4",2001,28,0.184193548387097,2001-07-09,2001-07-15
"DMI",2001,29,-0.233483870967742,2001-07-16,2001-07-22
"ENSO3",2001,29,-0.233870967741935,2001-07-16,2001-07-22
"ENSO34",2001,29,-0.0364516129032258,2001-07-16,2001-07-22
"ENSO4",2001,29,0.193225806451613,2001-07-16,2001-07-22
"DMI",2001,30,-0.269838709677419,2001-07-23,2001-07-29
"ENSO3",2001,30,-0.258709677419355,2001-07-23,2001-07-29
"ENSO34",2001,30,-0.0545161290322581,2001-07-23,2001-07-29
"ENSO4",2001,30,0.202258064516129,2001-07-23,2001-07-29
"DMI",2001,31,-0.295179723502304,2001-07-30,2001-08-05
"ENSO3",2001,31,-0.296451612903226,2001-07-30,2001-08-05
"ENSO34",2001,31,-0.0785714285714286,2001-07-30,2001-08-05
"ENSO4",2001,31,0.213133640552995,2001-07-30,2001-08-05
"DMI",2001,32,-0.280870967741935,2001-08-06,2001-08-12
"ENSO3",2001,32,-0.380645161290323,2001-08-06,2001-08-12
"ENSO34",2001,32,-0.124193548387097,2001-08-06,2001-08-12
"ENSO4",2001,32,0.230645161290323,2001-08-06,2001-08-12
"DMI",2001,33,-0.263258064516129,2001-08-13,2001-08-19
"ENSO3",2001,33,-0.468709677419355,2001-08-13,2001-08-19
"ENSO34",2001,33,-0.171612903225806,2001-08-13,2001-08-19
"ENSO4",2001,33,0.248709677419355,2001-08-13,2001-08-19
"DMI",2001,34,-0.245645161290323,2001-08-20,2001-08-26
"ENSO3",2001,34,-0.556774193548387,2001-08-20,2001-08-26
"ENSO34",2001,34,-0.219032258064516,2001-08-20,2001-08-26
"ENSO4",2001,34,0.266774193548387,2001-08-20,2001-08-26
"DMI",2001,35,-0.229477419354839,2001-08-27,2001-09-02
"ENSO3",2001,35,-0.642374807987711,2001-08-27,2001-09-02
"ENSO34",2001,35,-0.265388632872504,2001-08-27,2001-09-02
"ENSO4",2001,35,0.283850998463902,2001-08-27,2001-09-02
"DMI",2001,36,-0.261,2001-09-03,2001-09-09
"ENSO3",2001,36,-0.646666666666667,2001-09-03,2001-09-09
"ENSO34",2001,36,-0.276666666666667,2001-09-03,2001-09-09
"ENSO4",2001,36,0.268333333333333,2001-09-03,2001-09-09
"DMI",2001,37,-0.3142,2001-09-10,2001-09-16
"ENSO3",2001,37,-0.614,2001-09-10,2001-09-16
"ENSO34",2001,37,-0.272,2001-09-10,2001-09-16
"ENSO4",2001,37,0.238,2001-09-10,2001-09-16
"DMI",2001,38,-0.3674,2001-09-17,2001-09-23
"ENSO3",2001,38,-0.581333333333333,2001-09-17,2001-09-23
"ENSO34",2001,38,-0.267333333333333,2001-09-17,2001-09-23
"ENSO4",2001,38,0.207666666666667,2001-09-17,2001-09-23
"DMI",2001,39,-0.4206,2001-09-24,2001-09-30
"ENSO3",2001,39,-0.548666666666667,2001-09-24,2001-09-30
"ENSO34",2001,39,-0.262666666666667,2001-09-24,2001-09-30
"ENSO4",2001,39,0.177333333333333,2001-09-24,2001-09-30
"DMI",2001,40,-0.431064516129032,2001-10-01,2001-10-07
"ENSO3",2001,40,-0.535806451612903,2001-10-01,2001-10-07
"ENSO34",2001,40,-0.261935483870968,2001-10-01,2001-10-07
"ENSO4",2001,40,0.16,2001-10-01,2001-10-07
"DMI",2001,41,-0.384548387096774,2001-10-08,2001-10-14
"ENSO3",2001,41,-0.549354838709677,2001-10-08,2001-10-14
"ENSO34",2001,41,-0.266451612903226,2001-10-08,2001-10-14
"ENSO4",2001,41,0.16,2001-10-08,2001-10-14
"DMI",2001,42,-0.338032258064516,2001-10-15,2001-10-21
"ENSO3",2001,42,-0.562903225806452,2001-10-15,2001-10-21
"ENSO34",2001,42,-0.270967741935484,2001-10-15,2001-10-21
"ENSO4",2001,42,0.16,2001-10-15,2001-10-21
"DMI",2001,43,-0.291516129032258,2001-10-22,2001-10-28
"ENSO3",2001,43,-0.576451612903226,2001-10-22,2001-10-28
"ENSO34",2001,43,-0.275483870967742,2001-10-22,2001-10-28
"ENSO4",2001,43,0.16,2001-10-22,2001-10-28
"DMI",2001,44,-0.245152995391705,2001-10-29,2001-11-04
"ENSO3",2001,44,-0.589769585253456,2001-10-29,2001-11-04
"ENSO34",2001,44,-0.284589861751152,2001-10-29,2001-11-04
"ENSO4",2001,44,0.155714285714286,2001-10-29,2001-11-04
"DMI",2001,45,-0.199733333333333,2001-11-05,2001-11-11
"ENSO3",2001,45,-0.601666666666667,2001-11-05,2001-11-11
"ENSO34",2001,45,-0.322,2001-11-05,2001-11-11
"ENSO4",2001,45,0.125,2001-11-05,2001-11-11
"DMI",2001,46,-0.154466666666667,2001-11-12,2001-11-18
"ENSO3",2001,46,-0.613333333333333,2001-11-12,2001-11-18
"ENSO34",2001,46,-0.364,2001-11-12,2001-11-18
"ENSO4",2001,46,0.09,2001-11-12,2001-11-18
"DMI",2001,47,-0.1092,2001-11-19,2001-11-25
"ENSO3",2001,47,-0.625,2001-11-19,2001-11-25
"ENSO34",2001,47,-0.406,2001-11-19,2001-11-25
"ENSO4",2001,47,0.055,2001-11-19,2001-11-25
"DMI",2001,48,-0.0652764976958525,2001-11-26,2001-12-02
"ENSO3",2001,48,-0.63573732718894,2001-11-26,2001-12-02
"ENSO34",2001,48,-0.445668202764977,2001-11-26,2001-12-02
"ENSO4",2001,48,0.0219124423963134,2001-11-26,2001-12-02
"DMI",2001,49,-0.0656774193548387,2001-12-03,2001-12-09
"ENSO3",2001,49,-0.615806451612903,2001-12-03,2001-12-09
"ENSO34",2001,49,-0.408387096774194,2001-12-03,2001-12-09
"ENSO4",2001,49,0.0519354838709677,2001-12-03,2001-12-09
"DMI",2001,50,-0.0862258064516129,2001-12-10,2001-12-16
"ENSO3",2001,50,-0.581935483870968,2001-12-10,2001-12-16
"ENSO34",2001,50,-0.336129032258065,2001-12-10,2001-12-16
"ENSO4",2001,50,0.110645161290323,2001-12-10,2001-12-16
"DMI",2001,51,-0.106774193548387,2001-12-17,2001-12-23
"ENSO3",2001,51,-0.548064516129032,2001-12-17,2001-12-23
"ENSO34",2001,51,-0.263870967741936,2001-12-17,2001-12-23
"ENSO4",2001,51,0.169354838709677,2001-12-17,2001-12-23
"DMI",2001,52,-0.127322580645161,2001-12-24,2001-12-30
"ENSO3",2001,52,-0.514193548387097,2001-12-24,2001-12-30
"ENSO34",2001,52,-0.191612903225806,2001-12-24,2001-12-30
"ENSO4",2001,52,0.228064516129032,2001-12-24,2001-12-30
"DMI",2002,1,-0.138539170506912,2001-12-31,2002-01-06
"ENSO3",2002,1,-0.470645161290323,2001-12-31,2002-01-06
"ENSO34",2002,1,-0.131797235023041,2001-12-31,2002-01-06
"ENSO4",2002,1,0.26741935483871,2001-12-31,2002-01-06
"DMI",2002,2,-0.129225806451613,2002-01-07,2002-01-13
"ENSO3",2002,2,-0.405806451612903,2002-01-07,2002-01-13
"ENSO34",2002,2,-0.0993548387096774,2002-01-07,2002-01-13
"ENSO4",2002,2,0.264193548387097,2002-01-07,2002-01-13
"DMI",2002,3,-0.119290322580645,2002-01-14,2002-01-20
"ENSO3",2002,3,-0.340322580645161,2002-01-14,2002-01-20
"ENSO34",2002,3,-0.067741935483871,2002-01-14,2002-01-20
"ENSO4",2002,3,0.259677419354839,2002-01-14,2002-01-20
"DMI",2002,4,-0.109354838709677,2002-01-21,2002-01-27
"ENSO3",2002,4,-0.274838709677419,2002-01-21,2002-01-27
"ENSO34",2002,4,-0.0361290322580645,2002-01-21,2002-01-27
"ENSO4",2002,4,0.255161290322581,2002-01-21,2002-01-27
"DMI",2002,5,-0.0984052007899934,2002-01-28,2002-02-03
"ENSO3",2002,5,-0.207241606319947,2002-01-28,2002-02-03
"ENSO34",2002,5,-0.00476793943383805,2002-01-28,2002-02-03
"ENSO4",2002,5,0.251074720210665,2002-01-28,2002-02-03
"DMI",2002,6,-0.0752857142857143,2002-02-04,2002-02-10
"ENSO3",2002,6,-0.114285714285714,2002-02-04,2002-02-10
"ENSO34",2002,6,0.0235714285714286,2002-02-04,2002-02-10
"ENSO4",2002,6,0.252142857142857,2002-02-04,2002-02-10
"DMI",2002,7,-0.0487857142857143,2002-02-11,2002-02-17
"ENSO3",2002,7,-0.0142857142857143,2002-02-11,2002-02-17
"ENSO34",2002,7,0.0510714285714286,2002-02-11,2002-02-17
"ENSO4",2002,7,0.254642857142857,2002-02-11,2002-02-17
"DMI",2002,8,-0.0222857142857143,2002-02-18,2002-02-24
"ENSO3",2002,8,0.0857142857142857,2002-02-18,2002-02-24
"ENSO34",2002,8,0.0785714285714286,2002-02-18,2002-02-24
"ENSO4",2002,8,0.257142857142857,2002-02-18,2002-02-24
"DMI",2002,9,-0.00238512179065174,2002-02-25,2002-03-03
"ENSO3",2002,9,0.177656352863726,2002-02-25,2002-03-03
"ENSO34",2002,9,0.10480250164582,2002-02-25,2002-03-03
"ENSO4",2002,9,0.261010533245556,2002-02-25,2002-03-03
"DMI",2002,10,-0.0616774193548387,2002-03-04,2002-03-10
"ENSO3",2002,10,0.172903225806452,2002-03-04,2002-03-10
"ENSO34",2002,10,0.115806451612903,2002-03-04,2002-03-10
"ENSO4",2002,10,0.281290322580645,2002-03-04,2002-03-10
"DMI",2002,11,-0.142967741935484,2002-03-11,2002-03-17
"ENSO3",2002,11,0.141290322580645,2002-03-11,2002-03-17
"ENSO34",2002,11,0.12258064516129,2002-03-11,2002-03-17
"ENSO4",2002,11,0.306129032258065,2002-03-11,2002-03-17
"DMI",2002,12,-0.224258064516129,2002-03-18,2002-03-24
"ENSO3",2002,12,0.109677419354839,2002-03-18,2002-03-24
"ENSO34",2002,12,0.129354838709677,2002-03-18,2002-03-24
"ENSO4",2002,12,0.330967741935484,2002-03-18,2002-03-24
"DMI",2002,13,-0.305548387096774,2002-03-25,2002-03-31
"ENSO3",2002,13,0.0780645161290323,2002-03-25,2002-03-31
"ENSO34",2002,13,0.136129032258065,2002-03-25,2002-03-31
"ENSO4",2002,13,0.355806451612903,2002-03-25,2002-03-31
"DMI",2002,14,-0.3497,2002-04-01,2002-04-07
"ENSO3",2002,14,0.069,2002-04-01,2002-04-07
"ENSO34",2002,14,0.147,2002-04-01,2002-04-07
"ENSO4",2002,14,0.37,2002-04-01,2002-04-07
"DMI",2002,15,-0.344333333333333,2002-04-08,2002-04-14
"ENSO3",2002,15,0.09,2002-04-08,2002-04-14
"ENSO34",2002,15,0.163333333333333,2002-04-08,2002-04-14
"ENSO4",2002,15,0.37,2002-04-08,2002-04-14
"DMI",2002,16,-0.338966666666667,2002-04-15,2002-04-21
"ENSO3",2002,16,0.111,2002-04-15,2002-04-21
"ENSO34",2002,16,0.179666666666667,2002-04-15,2002-04-21
"ENSO4",2002,16,0.37,2002-04-15,2002-04-21
"DMI",2002,17,-0.3336,2002-04-22,2002-04-28
"ENSO3",2002,17,0.132,2002-04-22,2002-04-28
"ENSO34",2002,17,0.196,2002-04-22,2002-04-28
"ENSO4",2002,17,0.37,2002-04-22,2002-04-28
"DMI",2002,18,-0.322923041474654,2002-04-29,2002-05-05
"ENSO3",2002,18,0.16115668202765,2002-04-29,2002-05-05
"ENSO34",2002,18,0.230658986175115,2002-04-29,2002-05-05
"ENSO4",2002,18,0.380138248847926,2002-04-29,2002-05-05
"DMI",2002,19,-0.293129032258065,2002-05-06,2002-05-12
"ENSO3",2002,19,0.219677419354839,2002-05-06,2002-05-12
"ENSO34",2002,19,0.331290322580645,2002-05-06,2002-05-12
"ENSO4",2002,19,0.426774193548387,2002-05-06,2002-05-12
"DMI",2002,20,-0.261741935483871,2002-05-13,2002-05-19
"ENSO3",2002,20,0.280645161290323,2002-05-13,2002-05-19
"ENSO34",2002,20,0.43741935483871,2002-05-13,2002-05-19
"ENSO4",2002,20,0.476451612903226,2002-05-13,2002-05-19
"DMI",2002,21,-0.230354838709677,2002-05-20,2002-05-26
"ENSO3",2002,21,0.341612903225806,2002-05-20,2002-05-26
"ENSO34",2002,21,0.543548387096774,2002-05-20,2002-05-26
"ENSO4",2002,21,0.526129032258065,2002-05-20,2002-05-26
"DMI",2002,22,-0.199941628264209,2002-05-27,2002-06-02
"ENSO3",2002,22,0.400622119815668,2002-05-27,2002-06-02
"ENSO34",2002,22,0.646987711213518,2002-05-27,2002-06-02
"ENSO4",2002,22,0.574792626728111,2002-05-27,2002-06-02
"DMI",2002,23,-0.201666666666667,2002-06-03,2002-06-09
"ENSO3",2002,23,0.395,2002-06-03,2002-06-09
"ENSO34",2002,23,0.661666666666667,2002-06-03,2002-06-09
"ENSO4",2002,23,0.59,2002-06-03,2002-06-09
"DMI",2002,24,-0.218,2002-06-10,2002-06-16
"ENSO3",2002,24,0.36,2002-06-10,2002-06-16
"ENSO34",2002,24,0.636,2002-06-10,2002-06-16
"ENSO4",2002,24,0.59,2002-06-10,2002-06-16
"DMI",2002,25,-0.234333333333333,2002-06-17,2002-06-23
"ENSO3",2002,25,0.325,2002-06-17,2002-06-23
"ENSO34",2002,25,0.610333333333333,2002-06-17,2002-06-23
"ENSO4",2002,25,0.59,2002-06-17,2002-06-23
"DMI",2002,26,-0.250666666666667,2002-06-24,2002-06-30
"ENSO3",2002,26,0.29,2002-06-24,2002-06-30
"ENSO34",2002,26,0.584666666666667,2002-06-24,2002-06-30
"ENSO4",2002,26,0.59,2002-06-24,2002-06-30
"DMI",2002,27,-0.254967741935484,2002-07-01,2002-07-07
"ENSO3",2002,27,0.276774193548387,2002-07-01,2002-07-07
"ENSO34",2002,27,0.58258064516129,2002-07-01,2002-07-07
"ENSO4",2002,27,0.592903225806452,2002-07-01,2002-07-07
"DMI",2002,28,-0.243225806451613,2002-07-08,2002-07-14
"ENSO3",2002,28,0.29258064516129,2002-07-08,2002-07-14
"ENSO34",2002,28,0.611935483870968,2002-07-08,2002-07-14
"ENSO4",2002,28,0.599677419354839,2002-07-08,2002-07-14
"DMI",2002,29,-0.231483870967742,2002-07-15,2002-07-21
"ENSO3",2002,29,0.308387096774194,2002-07-15,2002-07-21
"ENSO34",2002,29,0.641290322580645,2002-07-15,2002-07-21
"ENSO4",2002,29,0.606451612903226,2002-07-15,2002-07-21
"DMI",2002,30,-0.219741935483871,2002-07-22,2002-07-28
"ENSO3",2002,30,0.324193548387097,2002-07-22,2002-07-28
"ENSO34",2002,30,0.670645161290323,2002-07-22,2002-07-28
"ENSO4",2002,30,0.613225806451613,2002-07-22,2002-07-28
"DMI",2002,31,-0.195778801843318,2002-07-29,2002-08-04
"ENSO3",2002,31,0.342764976958525,2002-07-29,2002-08-04
"ENSO34",2002,31,0.699723502304147,2002-07-29,2002-08-04
"ENSO4",2002,31,0.619170506912442,2002-07-29,2002-08-04
"DMI",2002,32,-0.0964516129032258,2002-08-05,2002-08-11
"ENSO3",2002,32,0.378387096774194,2002-08-05,2002-08-11
"ENSO34",2002,32,0.727096774193548,2002-08-05,2002-08-11
"ENSO4",2002,32,0.62,2002-08-05,2002-08-11
"DMI",2002,33,0.0150967741935484,2002-08-12,2002-08-18
"ENSO3",2002,33,0.416774193548387,2002-08-12,2002-08-18
"ENSO34",2002,33,0.754193548387097,2002-08-12,2002-08-18
"ENSO4",2002,33,0.62,2002-08-12,2002-08-18
"DMI",2002,34,0.126645161290323,2002-08-19,2002-08-25
"ENSO3",2002,34,0.455161290322581,2002-08-19,2002-08-25
"ENSO34",2002,34,0.781290322580645,2002-08-19,2002-08-25
"ENSO4",2002,34,0.62,2002-08-19,2002-08-25
"DMI",2002,35,0.238193548387097,2002-08-26,2002-09-01
"ENSO3",2002,35,0.493548387096774,2002-08-26,2002-09-01
"ENSO34",2002,35,0.808387096774194,2002-08-26,2002-09-01
"ENSO4",2002,35,0.62,2002-08-26,2002-09-01
"DMI",2002,36,0.301866666666667,2002-09-02,2002-09-08
"ENSO3",2002,36,0.566,2002-09-02,2002-09-08
"ENSO34",2002,36,0.865333333333333,2002-09-02,2002-09-08
"ENSO4",2002,36,0.644,2002-09-02,2002-09-08
"DMI",2002,37,0.329633333333333,2002-09-09,2002-09-15
"ENSO3",2002,37,0.664,2002-09-09,2002-09-15
"ENSO34",2002,37,0.944666666666667,2002-09-09,2002-09-15
"ENSO4",2002,37,0.686,2002-09-09,2002-09-15
"DMI",2002,38,0.3574,2002-09-16,2002-09-22
"ENSO3",2002,38,0.762,2002-09-16,2002-09-22
"ENSO34",2002,38,1.024,2002-09-16,2002-09-22
"ENSO4",2002,38,0.728,2002-09-16,2002-09-22
"DMI",2002,39,0.385166666666667,2002-09-23,2002-09-29
"ENSO3",2002,39,0.86,2002-09-23,2002-09-29
"ENSO34",2002,39,1.10333333333333,2002-09-23,2002-09-29
"ENSO4",2002,39,0.77,2002-09-23,2002-09-29
"DMI",2002,40,0.383073886328725,2002-09-30,2002-10-06
"ENSO3",2002,40,0.949428571428572,2002-09-30,2002-10-06
"ENSO34",2002,40,1.17566205837174,2002-09-30,2002-10-06
"ENSO4",2002,40,0.809511520737327,2002-09-30,2002-10-06
"DMI",2002,41,0.315290322580645,2002-10-07,2002-10-13
"ENSO3",2002,41,1.02,2002-10-07,2002-10-13
"ENSO34",2002,41,1.23258064516129,2002-10-07,2002-10-13
"ENSO4",2002,41,0.843548387096774,2002-10-07,2002-10-13
"DMI",2002,42,0.245516129032258,2002-10-14,2002-10-20
"ENSO3",2002,42,1.09,2002-10-14,2002-10-20
"ENSO34",2002,42,1.28903225806452,2002-10-14,2002-10-20
"ENSO4",2002,42,0.87741935483871,2002-10-14,2002-10-20
"DMI",2002,43,0.175741935483871,2002-10-21,2002-10-27
"ENSO3",2002,43,1.16,2002-10-21,2002-10-27
"ENSO34",2002,43,1.34548387096774,2002-10-21,2002-10-27
"ENSO4",2002,43,0.911290322580645,2002-10-21,2002-10-27
"DMI",2002,44,0.106611059907834,2002-10-28,2002-11-03
"ENSO3",2002,44,1.22585714285714,2002-10-28,2002-11-03
"ENSO34",2002,44,1.39847926267281,2002-10-28,2002-11-03
"ENSO4",2002,44,0.941516129032258,2002-10-28,2002-11-03
"DMI",2002,45,0.0452,2002-11-04,2002-11-10
"ENSO3",2002,45,1.242,2002-11-04,2002-11-10
"ENSO34",2002,45,1.41,2002-11-04,2002-11-10
"ENSO4",2002,45,0.928,2002-11-04,2002-11-10
"DMI",2002,46,-0.0140666666666667,2002-11-11,2002-11-17
"ENSO3",2002,46,1.24433333333333,2002-11-11,2002-11-17
"ENSO34",2002,46,1.41,2002-11-11,2002-11-17
"ENSO4",2002,46,0.902333333333333,2002-11-11,2002-11-17
"DMI",2002,47,-0.0733333333333333,2002-11-18,2002-11-24
"ENSO3",2002,47,1.24666666666667,2002-11-18,2002-11-24
"ENSO34",2002,47,1.41,2002-11-18,2002-11-24
"ENSO4",2002,47,0.876666666666667,2002-11-18,2002-11-24
"DMI",2002,48,-0.1326,2002-11-25,2002-12-01
"ENSO3",2002,48,1.249,2002-11-25,2002-12-01
"ENSO34",2002,48,1.41,2002-11-25,2002-12-01
"ENSO4",2002,48,0.851,2002-11-25,2002-12-01
"DMI",2002,49,-0.168451612903226,2002-12-02,2002-12-08
"ENSO3",2002,49,1.18032258064516,2002-12-02,2002-12-08
"ENSO34",2002,49,1.35451612903226,2002-12-02,2002-12-08
"ENSO4",2002,49,0.823225806451613,2002-12-02,2002-12-08
"DMI",2002,50,-0.186741935483871,2002-12-09,2002-12-15
"ENSO3",2002,50,1.05838709677419,2002-12-09,2002-12-15
"ENSO34",2002,50,1.25741935483871,2002-12-09,2002-12-15
"ENSO4",2002,50,0.793870967741935,2002-12-09,2002-12-15
"DMI",2002,51,-0.205032258064516,2002-12-16,2002-12-22
"ENSO3",2002,51,0.936451612903226,2002-12-16,2002-12-22
"ENSO34",2002,51,1.16032258064516,2002-12-16,2002-12-22
"ENSO4",2002,51,0.764516129032258,2002-12-16,2002-12-22
"DMI",2002,52,-0.223322580645161,2002-12-23,2002-12-29
"ENSO3",2002,52,0.814516129032258,2002-12-23,2002-12-29
"ENSO34",2002,52,1.06322580645161,2002-12-23,2002-12-29
"ENSO4",2002,52,0.735161290322581,2002-12-23,2002-12-29
"DMI",2003,1,-0.226082949308756,2002-12-30,2003-01-05
"ENSO3",2003,1,0.697649769585253,2002-12-30,2003-01-05
"ENSO34",2003,1,0.970276497695853,2002-12-30,2003-01-05
"ENSO4",2003,1,0.710875576036866,2002-12-30,2003-01-05
"DMI",2003,2,-0.172935483870968,2003-01-06,2003-01-12
"ENSO3",2003,2,0.599032258064516,2003-01-06,2003-01-12
"ENSO34",2003,2,0.892258064516129,2003-01-06,2003-01-12
"ENSO4",2003,2,0.704838709677419,2003-01-06,2003-01-12
"DMI",2003,3,-0.115129032258065,2003-01-13,2003-01-19
"ENSO3",2003,3,0.501935483870968,2003-01-13,2003-01-19
"ENSO34",2003,3,0.815483870967742,2003-01-13,2003-01-19
"ENSO4",2003,3,0.700322580645161,2003-01-13,2003-01-19
"DMI",2003,4,-0.0573225806451613,2003-01-20,2003-01-26
"ENSO3",2003,4,0.404838709677419,2003-01-20,2003-01-26
"ENSO34",2003,4,0.738709677419355,2003-01-20,2003-01-26
"ENSO4",2003,4,0.695806451612903,2003-01-20,2003-01-26
"DMI",2003,5,-0.000981566820276492,2003-01-27,2003-02-02
"ENSO3",2003,5,0.308805134957209,2003-01-27,2003-02-02
"ENSO34",2003,5,0.662685977616853,2003-01-27,2003-02-02
"ENSO4",2003,5,0.69117840684661,2003-01-27,2003-02-02
"DMI",2003,6,0.007,2003-02-03,2003-02-09
"ENSO3",2003,6,0.247857142857143,2003-02-03,2003-02-09
"ENSO34",2003,6,0.611428571428571,2003-02-03,2003-02-09
"ENSO4",2003,6,0.682857142857143,2003-02-03,2003-02-09
"DMI",2003,7,-0.007,2003-02-10,2003-02-16
"ENSO3",2003,7,0.202857142857143,2003-02-10,2003-02-16
"ENSO34",2003,7,0.571428571428571,2003-02-10,2003-02-16
"ENSO4",2003,7,0.672857142857143,2003-02-10,2003-02-16
"DMI",2003,8,-0.021,2003-02-17,2003-02-23
"ENSO3",2003,8,0.157857142857143,2003-02-17,2003-02-23
"ENSO34",2003,8,0.531428571428571,2003-02-17,2003-02-23
"ENSO4",2003,8,0.662857142857143,2003-02-17,2003-02-23
"DMI",2003,9,-0.0349907834101382,2003-02-24,2003-03-02
"ENSO3",2003,9,0.111379196840026,2003-02-24,2003-03-02
"ENSO34",2003,9,0.489894667544437,2003-02-24,2003-03-02
"ENSO4",2003,9,0.652001316655694,2003-02-24,2003-03-02
"DMI",2003,10,-0.0486774193548387,2003-03-03,2003-03-09
"ENSO3",2003,10,0.0161290322580645,2003-03-03,2003-03-09
"ENSO34",2003,10,0.397741935483871,2003-03-03,2003-03-09
"ENSO4",2003,10,0.612903225806452,2003-03-03,2003-03-09
"DMI",2003,11,-0.0622258064516129,2003-03-10,2003-03-16
"ENSO3",2003,11,-0.101290322580645,2003-03-10,2003-03-16
"ENSO34",2003,11,0.28258064516129,2003-03-10,2003-03-16
"ENSO4",2003,11,0.560967741935484,2003-03-10,2003-03-16
"DMI",2003,12,-0.0757741935483871,2003-03-17,2003-03-23
"ENSO3",2003,12,-0.218709677419355,2003-03-17,2003-03-23
"ENSO34",2003,12,0.16741935483871,2003-03-17,2003-03-23
"ENSO4",2003,12,0.509032258064516,2003-03-17,2003-03-23
"DMI",2003,13,-0.0893225806451613,2003-03-24,2003-03-30
"ENSO3",2003,13,-0.336129032258065,2003-03-24,2003-03-30
"ENSO34",2003,13,0.052258064516129,2003-03-24,2003-03-30
"ENSO4",2003,13,0.457096774193548,2003-03-24,2003-03-30
"DMI",2003,14,-0.103366359447005,2003-03-31,2003-04-06
"ENSO3",2003,14,-0.451175115207373,2003-03-31,2003-04-06
"ENSO34",2003,14,-0.0626497695852535,2003-03-31,2003-04-06
"ENSO4",2003,14,0.397488479262673,2003-03-31,2003-04-06
"DMI",2003,15,-0.1185,2003-04-07,2003-04-13
"ENSO3",2003,15,-0.561,2003-04-07,2003-04-13
"ENSO34",2003,15,-0.177,2003-04-07,2003-04-13
"ENSO4",2003,15,0.321,2003-04-07,2003-04-13
"DMI",2003,16,-0.133666666666667,2003-04-14,2003-04-20
"ENSO3",2003,16,-0.670666666666667,2003-04-14,2003-04-20
"ENSO34",2003,16,-0.291333333333333,2003-04-14,2003-04-20
"ENSO4",2003,16,0.244,2003-04-14,2003-04-20
"DMI",2003,17,-0.148833333333333,2003-04-21,2003-04-27
"ENSO3",2003,17,-0.780333333333333,2003-04-21,2003-04-27
"ENSO34",2003,17,-0.405666666666667,2003-04-21,2003-04-27
"ENSO4",2003,17,0.167,2003-04-21,2003-04-27
"DMI",2003,18,-0.153764976958525,2003-04-28,2003-05-04
"ENSO3",2003,18,-0.86578801843318,2003-04-28,2003-05-04
"ENSO34",2003,18,-0.496875576036866,2003-04-28,2003-05-04
"ENSO4",2003,18,0.102193548387097,2003-04-28,2003-05-04
"DMI",2003,19,-0.0955806451612903,2003-05-05,2003-05-11
"ENSO3",2003,19,-0.801935483870968,2003-05-05,2003-05-11
"ENSO34",2003,19,-0.445483870967742,2003-05-05,2003-05-11
"ENSO4",2003,19,0.11258064516129,2003-05-05,2003-05-11
"DMI",2003,20,-0.0271612903225806,2003-05-12,2003-05-18
"ENSO3",2003,20,-0.713870967741935,2003-05-12,2003-05-18
"ENSO34",2003,20,-0.370967741935484,2003-05-12,2003-05-18
"ENSO4",2003,20,0.135161290322581,2003-05-12,2003-05-18
"DMI",2003,21,0.0412580645161291,2003-05-19,2003-05-25
"ENSO3",2003,21,-0.625806451612903,2003-05-19,2003-05-25
"ENSO34",2003,21,-0.296451612903226,2003-05-19,2003-05-25
"ENSO4",2003,21,0.157741935483871,2003-05-19,2003-05-25
"DMI",2003,22,0.109677419354839,2003-05-26,2003-06-01
"ENSO3",2003,22,-0.537741935483871,2003-05-26,2003-06-01
"ENSO34",2003,22,-0.221935483870968,2003-05-26,2003-06-01
"ENSO4",2003,22,0.180322580645161,2003-05-26,2003-06-01
"DMI",2003,23,0.137933333333333,2003-06-02,2003-06-08
"ENSO3",2003,23,-0.432,2003-06-02,2003-06-08
"ENSO34",2003,23,-0.146,2003-06-02,2003-06-08
"ENSO4",2003,23,0.198,2003-06-02,2003-06-08
"DMI",2003,24,0.136066666666667,2003-06-09,2003-06-15
"ENSO3",2003,24,-0.313,2003-06-09,2003-06-15
"ENSO34",2003,24,-0.069,2003-06-09,2003-06-15
"ENSO4",2003,24,0.212,2003-06-09,2003-06-15
"DMI",2003,25,0.1342,2003-06-16,2003-06-22
"ENSO3",2003,25,-0.194,2003-06-16,2003-06-22
"ENSO34",2003,25,0.008,2003-06-16,2003-06-22
"ENSO4",2003,25,0.226,2003-06-16,2003-06-22
"DMI",2003,26,0.132333333333333,2003-06-23,2003-06-29
"ENSO3",2003,26,-0.075,2003-06-23,2003-06-29
"ENSO34",2003,26,0.085,2003-06-23,2003-06-29
"ENSO4",2003,26,0.24,2003-06-23,2003-06-29
"DMI",2003,27,0.129448233486943,2003-06-30,2003-07-06
"ENSO3",2003,27,0.0117188940092166,2003-06-30,2003-07-06
"ENSO34",2003,27,0.132207373271889,2003-06-30,2003-07-06
"ENSO4",2003,27,0.247640552995392,2003-06-30,2003-07-06
"DMI",2003,28,0.124322580645161,2003-07-07,2003-07-13
"ENSO3",2003,28,0.0274193548387097,2003-07-07,2003-07-13
"ENSO34",2003,28,0.113870967741935,2003-07-07,2003-07-13
"ENSO4",2003,28,0.241290322580645,2003-07-07,2003-07-13
"DMI",2003,29,0.119129032258065,2003-07-14,2003-07-20
"ENSO3",2003,29,0.0409677419354839,2003-07-14,2003-07-20
"ENSO34",2003,29,0.0935483870967742,2003-07-14,2003-07-20
"ENSO4",2003,29,0.234516129032258,2003-07-14,2003-07-20
"DMI",2003,30,0.113935483870968,2003-07-21,2003-07-27
"ENSO3",2003,30,0.0545161290322581,2003-07-21,2003-07-27
"ENSO34",2003,30,0.0732258064516129,2003-07-21,2003-07-27
"ENSO4",2003,30,0.227741935483871,2003-07-21,2003-07-27
"DMI",2003,31,0.106723502304147,2003-07-28,2003-08-03
"ENSO3",2003,31,0.0665437788018433,2003-07-28,2003-08-03
"ENSO34",2003,31,0.0555299539170507,2003-07-28,2003-08-03
"ENSO4",2003,31,0.221935483870968,2003-07-28,2003-08-03
"DMI",2003,32,0.0752903225806452,2003-08-04,2003-08-10
"ENSO3",2003,32,0.0603225806451613,2003-08-04,2003-08-10
"ENSO34",2003,32,0.0693548387096774,2003-08-04,2003-08-10
"ENSO4",2003,32,0.227741935483871,2003-08-04,2003-08-10
"DMI",2003,33,0.0371290322580645,2003-08-11,2003-08-17
"ENSO3",2003,33,0.0490322580645161,2003-08-11,2003-08-17
"ENSO34",2003,33,0.0919354838709677,2003-08-11,2003-08-17
"ENSO4",2003,33,0.236774193548387,2003-08-11,2003-08-17
"DMI",2003,34,-0.00103225806451612,2003-08-18,2003-08-24
"ENSO3",2003,34,0.037741935483871,2003-08-18,2003-08-24
"ENSO34",2003,34,0.114516129032258,2003-08-18,2003-08-24
"ENSO4",2003,34,0.245806451612903,2003-08-18,2003-08-24
"DMI",2003,35,-0.0391935483870968,2003-08-25,2003-08-31
"ENSO3",2003,35,0.0264516129032258,2003-08-25,2003-08-31
"ENSO34",2003,35,0.137096774193548,2003-08-25,2003-08-31
"ENSO4",2003,35,0.254838709677419,2003-08-25,2003-08-31
"DMI",2003,36,-0.0792,2003-09-01,2003-09-07
"ENSO3",2003,36,0.057,2003-09-01,2003-09-07
"ENSO34",2003,36,0.181,2003-09-01,2003-09-07
"ENSO4",2003,36,0.283,2003-09-01,2003-09-07
"DMI",2003,37,-0.121666666666667,2003-09-08,2003-09-14
"ENSO3",2003,37,0.143333333333333,2003-09-08,2003-09-14
"ENSO34",2003,37,0.253333333333333,2003-09-08,2003-09-14
"ENSO4",2003,37,0.336666666666667,2003-09-08,2003-09-14
"DMI",2003,38,-0.164133333333333,2003-09-15,2003-09-21
"ENSO3",2003,38,0.229666666666667,2003-09-15,2003-09-21
"ENSO34",2003,38,0.325666666666667,2003-09-15,2003-09-21
"ENSO4",2003,38,0.390333333333333,2003-09-15,2003-09-21
"DMI",2003,39,-0.2066,2003-09-22,2003-09-28
"ENSO3",2003,39,0.316,2003-09-22,2003-09-28
"ENSO34",2003,39,0.398,2003-09-22,2003-09-28
"ENSO4",2003,39,0.444,2003-09-22,2003-09-28
"DMI",2003,40,-0.236529032258065,2003-09-29,2003-10-05
"ENSO3",2003,40,0.382870967741936,2003-09-29,2003-10-05
"ENSO34",2003,40,0.452345622119816,2003-09-29,2003-10-05
"ENSO4",2003,40,0.489479262672811,2003-09-29,2003-10-05
"DMI",2003,41,-0.221322580645161,2003-10-06,2003-10-12
"ENSO3",2003,41,0.379677419354839,2003-10-06,2003-10-12
"ENSO34",2003,41,0.441935483870968,2003-10-06,2003-10-12
"ENSO4",2003,41,0.505483870967742,2003-10-06,2003-10-12
"DMI",2003,42,-0.202354838709677,2003-10-13,2003-10-19
"ENSO3",2003,42,0.370645161290323,2003-10-13,2003-10-19
"ENSO34",2003,42,0.426129032258065,2003-10-13,2003-10-19
"ENSO4",2003,42,0.519032258064516,2003-10-13,2003-10-19
"DMI",2003,43,-0.183387096774194,2003-10-20,2003-10-26
"ENSO3",2003,43,0.361612903225806,2003-10-20,2003-10-26
"ENSO34",2003,43,0.410322580645161,2003-10-20,2003-10-26
"ENSO4",2003,43,0.53258064516129,2003-10-20,2003-10-26
"DMI",2003,44,-0.16314930875576,2003-10-27,2003-11-02
"ENSO3",2003,44,0.353622119815668,2003-10-27,2003-11-02
"ENSO34",2003,44,0.394505376344086,2003-10-27,2003-11-02
"ENSO4",2003,44,0.545185867895545,2003-10-27,2003-11-02
"DMI",2003,45,-0.101,2003-11-03,2003-11-09
"ENSO3",2003,45,0.38,2003-11-03,2003-11-09
"ENSO34",2003,45,0.378333333333333,2003-11-03,2003-11-09
"ENSO4",2003,45,0.526666666666667,2003-11-03,2003-11-09
"DMI",2003,46,-0.0198,2003-11-10,2003-11-16
"ENSO3",2003,46,0.422,2003-11-10,2003-11-16
"ENSO34",2003,46,0.362,2003-11-10,2003-11-16
"ENSO4",2003,46,0.494,2003-11-10,2003-11-16
"DMI",2003,47,0.0614,2003-11-17,2003-11-23
"ENSO3",2003,47,0.464,2003-11-17,2003-11-23
"ENSO34",2003,47,0.345666666666667,2003-11-17,2003-11-23
"ENSO4",2003,47,0.461333333333333,2003-11-17,2003-11-23
"DMI",2003,48,0.1426,2003-11-24,2003-11-30
"ENSO3",2003,48,0.506,2003-11-24,2003-11-30
"ENSO34",2003,48,0.329333333333333,2003-11-24,2003-11-30
"ENSO4",2003,48,0.428666666666667,2003-11-24,2003-11-30
"DMI",2003,49,0.174967741935484,2003-12-01,2003-12-07
"ENSO3",2003,49,0.520322580645161,2003-12-01,2003-12-07
"ENSO34",2003,49,0.314193548387097,2003-12-01,2003-12-07
"ENSO4",2003,49,0.409032258064516,2003-12-01,2003-12-07
"DMI",2003,50,0.142225806451613,2003-12-08,2003-12-14
"ENSO3",2003,50,0.497741935483871,2003-12-08,2003-12-14
"ENSO34",2003,50,0.300645161290323,2003-12-08,2003-12-14
"ENSO4",2003,50,0.406774193548387,2003-12-08,2003-12-14
"DMI",2003,51,0.109483870967742,2003-12-15,2003-12-21
"ENSO3",2003,51,0.475161290322581,2003-12-15,2003-12-21
"ENSO34",2003,51,0.287096774193548,2003-12-15,2003-12-21
"ENSO4",2003,51,0.404516129032258,2003-12-15,2003-12-21
"DMI",2003,52,0.076741935483871,2003-12-22,2003-12-28
"ENSO3",2003,52,0.45258064516129,2003-12-22,2003-12-28
"ENSO34",2003,52,0.273548387096774,2003-12-22,2003-12-28
"ENSO4",2003,52,0.402258064516129,2003-12-22,2003-12-28
"DMI",2004,1,0.0499447004608295,2003-12-29,2004-01-04
"ENSO3",2004,1,0.424746543778802,2003-12-29,2004-01-04
"ENSO34",2004,1,0.259170506912442,2003-12-29,2004-01-04
"ENSO4",2004,1,0.398064516129032,2003-12-29,2004-01-04
"DMI",2004,2,0.0598064516129032,2004-01-05,2004-01-11
"ENSO3",2004,2,0.364516129032258,2004-01-05,2004-01-11
"ENSO34",2004,2,0.239677419354839,2004-01-05,2004-01-11
"ENSO4",2004,2,0.381935483870968,2004-01-05,2004-01-11
"DMI",2004,3,0.0756129032258065,2004-01-12,2004-01-18
"ENSO3",2004,3,0.299032258064516,2004-01-12,2004-01-18
"ENSO34",2004,3,0.219354838709677,2004-01-12,2004-01-18
"ENSO4",2004,3,0.363870967741936,2004-01-12,2004-01-18
"DMI",2004,4,0.0914193548387097,2004-01-19,2004-01-25
"ENSO3",2004,4,0.233548387096774,2004-01-19,2004-01-25
"ENSO34",2004,4,0.199032258064516,2004-01-19,2004-01-25
"ENSO4",2004,4,0.345806451612903,2004-01-19,2004-01-25
"DMI",2004,5,0.107225806451613,2004-01-26,2004-02-01
"ENSO3",2004,5,0.168064516129032,2004-01-26,2004-02-01
"ENSO34",2004,5,0.178709677419355,2004-01-26,2004-02-01
"ENSO4",2004,5,0.327741935483871,2004-01-26,2004-02-01
"DMI",2004,6,0.108896551724138,2004-02-02,2004-02-08
"ENSO3",2004,6,0.112413793103448,2004-02-02,2004-02-08
"ENSO34",2004,6,0.132758620689655,2004-02-02,2004-02-08
"ENSO4",2004,6,0.286896551724138,2004-02-02,2004-02-08
"DMI",2004,7,0.0999655172413793,2004-02-09,2004-02-15
"ENSO3",2004,7,0.0641379310344828,2004-02-09,2004-02-15
"ENSO34",2004,7,0.0675862068965517,2004-02-09,2004-02-15
"ENSO4",2004,7,0.228965517241379,2004-02-09,2004-02-15
"DMI",2004,8,0.0910344827586207,2004-02-16,2004-02-22
"ENSO3",2004,8,0.0158620689655172,2004-02-16,2004-02-22
"ENSO34",2004,8,0.00241379310344828,2004-02-16,2004-02-22
"ENSO4",2004,8,0.171034482758621,2004-02-16,2004-02-22
"DMI",2004,9,0.0821034482758621,2004-02-23,2004-02-29
"ENSO3",2004,9,-0.0324137931034483,2004-02-23,2004-02-29
"ENSO34",2004,9,-0.0627586206896552,2004-02-23,2004-02-29
"ENSO4",2004,9,0.113103448275862,2004-02-23,2004-02-29
"DMI",2004,10,0.0618064516129032,2004-03-01,2004-03-07
"ENSO3",2004,10,-0.0580645161290323,2004-03-01,2004-03-07
"ENSO34",2004,10,-0.0845161290322581,2004-03-01,2004-03-07
"ENSO4",2004,10,0.0945161290322581,2004-03-01,2004-03-07
"DMI",2004,11,0.0263548387096774,2004-03-08,2004-03-14
"ENSO3",2004,11,-0.0535483870967742,2004-03-08,2004-03-14
"ENSO34",2004,11,-0.0483870967741936,2004-03-08,2004-03-14
"ENSO4",2004,11,0.128387096774194,2004-03-08,2004-03-14
"DMI",2004,12,-0.00909677419354839,2004-03-15,2004-03-21
"ENSO3",2004,12,-0.0490322580645161,2004-03-15,2004-03-21
"ENSO34",2004,12,-0.012258064516129,2004-03-15,2004-03-21
"ENSO4",2004,12,0.162258064516129,2004-03-15,2004-03-21
"DMI",2004,13,-0.0445483870967742,2004-03-22,2004-03-28
"ENSO3",2004,13,-0.0445161290322581,2004-03-22,2004-03-28
"ENSO34",2004,13,0.0238709677419355,2004-03-22,2004-03-28
"ENSO4",2004,13,0.196129032258065,2004-03-22,2004-03-28
"DMI",2004,14,-0.0895161290322581,2004-03-29,2004-04-04
"ENSO3",2004,14,-0.0485529953917051,2004-03-29,2004-04-04
"ENSO34",2004,14,0.0567188940092166,2004-03-29,2004-04-04
"ENSO4",2004,14,0.227566820276498,2004-03-29,2004-04-04
"DMI",2004,15,-0.193166666666667,2004-04-05,2004-04-11
"ENSO3",2004,15,-0.105333333333333,2004-04-05,2004-04-11
"ENSO34",2004,15,0.0693333333333333,2004-04-05,2004-04-11
"ENSO4",2004,15,0.244,2004-04-05,2004-04-11
"DMI",2004,16,-0.306333333333333,2004-04-12,2004-04-18
"ENSO3",2004,16,-0.170666666666667,2004-04-12,2004-04-18
"ENSO34",2004,16,0.0786666666666667,2004-04-12,2004-04-18
"ENSO4",2004,16,0.258,2004-04-12,2004-04-18
"DMI",2004,17,-0.4195,2004-04-19,2004-04-25
"ENSO3",2004,17,-0.236,2004-04-19,2004-04-25
"ENSO34",2004,17,0.088,2004-04-19,2004-04-25
"ENSO4",2004,17,0.272,2004-04-19,2004-04-25
"DMI",2004,18,-0.529523041474654,2004-04-26,2004-05-02
"ENSO3",2004,18,-0.299400921658986,2004-04-26,2004-05-02
"ENSO34",2004,18,0.0973271889400922,2004-04-26,2004-05-02
"ENSO4",2004,18,0.285760368663594,2004-04-26,2004-05-02
"DMI",2004,19,-0.535806451612903,2004-05-03,2004-05-09
"ENSO3",2004,19,-0.299032258064516,2004-05-03,2004-05-09
"ENSO34",2004,19,0.106451612903226,2004-05-03,2004-05-09
"ENSO4",2004,19,0.291612903225806,2004-05-03,2004-05-09
"DMI",2004,20,-0.494935483870968,2004-05-10,2004-05-16
"ENSO3",2004,20,-0.269677419354839,2004-05-10,2004-05-16
"ENSO34",2004,20,0.115483870967742,2004-05-10,2004-05-16
"ENSO4",2004,20,0.293870967741935,2004-05-10,2004-05-16
"DMI",2004,21,-0.454064516129032,2004-05-17,2004-05-23
"ENSO3",2004,21,-0.240322580645161,2004-05-17,2004-05-23
"ENSO34",2004,21,0.124516129032258,2004-05-17,2004-05-23
"ENSO4",2004,21,0.296129032258065,2004-05-17,2004-05-23
"DMI",2004,22,-0.413193548387097,2004-05-24,2004-05-30
"ENSO3",2004,22,-0.210967741935484,2004-05-24,2004-05-30
"ENSO34",2004,22,0.133548387096774,2004-05-24,2004-05-30
"ENSO4",2004,22,0.298387096774194,2004-05-24,2004-05-30
"DMI",2004,23,-0.378905529953917,2004-05-31,2004-06-06
"ENSO3",2004,23,-0.179170506912442,2004-05-31,2004-06-06
"ENSO34",2004,23,0.159101382488479,2004-05-31,2004-06-06
"ENSO4",2004,23,0.31352534562212,2004-05-31,2004-06-06
"DMI",2004,24,-0.3591,2004-06-07,2004-06-13
"ENSO3",2004,24,-0.142,2004-06-07,2004-06-13
"ENSO34",2004,24,0.221,2004-06-07,2004-06-13
"ENSO4",2004,24,0.357,2004-06-07,2004-06-13
"DMI",2004,25,-0.339733333333333,2004-06-14,2004-06-20
"ENSO3",2004,25,-0.104666666666667,2004-06-14,2004-06-20
"ENSO34",2004,25,0.284,2004-06-14,2004-06-20
"ENSO4",2004,25,0.401333333333333,2004-06-14,2004-06-20
"DMI",2004,26,-0.320366666666667,2004-06-21,2004-06-27
"ENSO3",2004,26,-0.0673333333333333,2004-06-21,2004-06-27
"ENSO34",2004,26,0.347,2004-06-21,2004-06-27
"ENSO4",2004,26,0.445666666666667,2004-06-21,2004-06-27
"DMI",2004,27,-0.298698617511521,2004-06-28,2004-07-04
"ENSO3",2004,27,-0.0268294930875576,2004-06-28,2004-07-04
"ENSO34",2004,27,0.409198156682028,2004-06-28,2004-07-04
"ENSO4",2004,27,0.486230414746544,2004-06-28,2004-07-04
"DMI",2004,28,-0.262838709677419,2004-07-05,2004-07-11
"ENSO3",2004,28,0.0332258064516129,2004-07-05,2004-07-11
"ENSO34",2004,28,0.466451612903226,2004-07-05,2004-07-11
"ENSO4",2004,28,0.503548387096774,2004-07-05,2004-07-11
"DMI",2004,29,-0.224677419354839,2004-07-12,2004-07-18
"ENSO3",2004,29,0.0964516129032258,2004-07-12,2004-07-18
"ENSO34",2004,29,0.522903225806452,2004-07-12,2004-07-18
"ENSO4",2004,29,0.517096774193548,2004-07-12,2004-07-18
"DMI",2004,30,-0.186516129032258,2004-07-19,2004-07-25
"ENSO3",2004,30,0.159677419354839,2004-07-19,2004-07-25
"ENSO34",2004,30,0.579354838709677,2004-07-19,2004-07-25
"ENSO4",2004,30,0.530645161290323,2004-07-19,2004-07-25
"DMI",2004,31,-0.148354838709677,2004-07-26,2004-08-01
"ENSO3",2004,31,0.222903225806452,2004-07-26,2004-08-01
"ENSO34",2004,31,0.635806451612903,2004-07-26,2004-08-01
"ENSO4",2004,31,0.544193548387097,2004-07-26,2004-08-01
"DMI",2004,32,-0.128645161290323,2004-08-02,2004-08-08
"ENSO3",2004,32,0.260322580645161,2004-08-02,2004-08-08
"ENSO34",2004,32,0.661290322580645,2004-08-02,2004-08-08
"ENSO4",2004,32,0.571935483870968,2004-08-02,2004-08-08
"DMI",2004,33,-0.122774193548387,2004-08-09,2004-08-15
"ENSO3",2004,33,0.278387096774194,2004-08-09,2004-08-15
"ENSO34",2004,33,0.663548387096774,2004-08-09,2004-08-15
"ENSO4",2004,33,0.610322580645161,2004-08-09,2004-08-15
"DMI",2004,34,-0.116903225806452,2004-08-16,2004-08-22
"ENSO3",2004,34,0.296451612903226,2004-08-16,2004-08-22
"ENSO34",2004,34,0.665806451612903,2004-08-16,2004-08-22
"ENSO4",2004,34,0.648709677419355,2004-08-16,2004-08-22
"DMI",2004,35,-0.111032258064516,2004-08-23,2004-08-29
"ENSO3",2004,35,0.314516129032258,2004-08-23,2004-08-29
"ENSO34",2004,35,0.668064516129032,2004-08-23,2004-08-29
"ENSO4",2004,35,0.687096774193548,2004-08-23,2004-08-29
"DMI",2004,36,-0.101502304147465,2004-08-30,2004-09-05
"ENSO3",2004,36,0.335560675883257,2004-08-30,2004-09-05
"ENSO34",2004,36,0.672718894009217,2004-08-30,2004-09-05
"ENSO4",2004,36,0.719078341013825,2004-08-30,2004-09-05
"DMI",2004,37,-0.0788,2004-09-06,2004-09-12
"ENSO3",2004,37,0.367333333333333,2004-09-06,2004-09-12
"ENSO34",2004,37,0.686,2004-09-06,2004-09-12
"ENSO4",2004,37,0.728,2004-09-06,2004-09-12
"DMI",2004,38,-0.055,2004-09-13,2004-09-19
"ENSO3",2004,38,0.4,2004-09-13,2004-09-19
"ENSO34",2004,38,0.7,2004-09-13,2004-09-19
"ENSO4",2004,38,0.735,2004-09-13,2004-09-19
"DMI",2004,39,-0.0312,2004-09-20,2004-09-26
"ENSO3",2004,39,0.432666666666667,2004-09-20,2004-09-26
"ENSO34",2004,39,0.714,2004-09-20,2004-09-26
"ENSO4",2004,39,0.742,2004-09-20,2004-09-26
"DMI",2004,40,-0.0109170506912442,2004-09-27,2004-10-03
"ENSO3",2004,40,0.463609831029186,2004-09-27,2004-10-03
"ENSO34",2004,40,0.725622119815668,2004-09-27,2004-10-03
"ENSO4",2004,40,0.748294930875576,2004-09-27,2004-10-03
"DMI",2004,41,-0.0328387096774194,2004-10-04,2004-10-10
"ENSO3",2004,41,0.473870967741935,2004-10-04,2004-10-10
"ENSO34",2004,41,0.708709677419355,2004-10-04,2004-10-10
"ENSO4",2004,41,0.746129032258064,2004-10-04,2004-10-10
"DMI",2004,42,-0.0664838709677419,2004-10-11,2004-10-17
"ENSO3",2004,42,0.478387096774194,2004-10-11,2004-10-17
"ENSO34",2004,42,0.683870967741935,2004-10-11,2004-10-17
"ENSO4",2004,42,0.741612903225806,2004-10-11,2004-10-17
"DMI",2004,43,-0.100129032258065,2004-10-18,2004-10-24
"ENSO3",2004,43,0.482903225806452,2004-10-18,2004-10-24
"ENSO34",2004,43,0.659032258064516,2004-10-18,2004-10-24
"ENSO4",2004,43,0.737096774193548,2004-10-18,2004-10-24
"DMI",2004,44,-0.133774193548387,2004-10-25,2004-10-31
"ENSO3",2004,44,0.48741935483871,2004-10-25,2004-10-31
"ENSO34",2004,44,0.634193548387097,2004-10-25,2004-10-31
"ENSO4",2004,44,0.73258064516129,2004-10-25,2004-10-31
"DMI",2004,45,-0.1509,2004-11-01,2004-11-07
"ENSO3",2004,45,0.495,2004-11-01,2004-11-07
"ENSO34",2004,45,0.629,2004-11-01,2004-11-07
"ENSO4",2004,45,0.732,2004-11-01,2004-11-07
"DMI",2004,46,-0.146,2004-11-08,2004-11-14
"ENSO3",2004,46,0.506666666666667,2004-11-08,2004-11-14
"ENSO34",2004,46,0.65,2004-11-08,2004-11-14
"ENSO4",2004,46,0.736666666666667,2004-11-08,2004-11-14
"DMI",2004,47,-0.1411,2004-11-15,2004-11-21
"ENSO3",2004,47,0.518333333333333,2004-11-15,2004-11-21
"ENSO34",2004,47,0.671,2004-11-15,2004-11-21
"ENSO4",2004,47,0.741333333333333,2004-11-15,2004-11-21
"DMI",2004,48,-0.1362,2004-11-22,2004-11-28
"ENSO3",2004,48,0.53,2004-11-22,2004-11-28
"ENSO34",2004,48,0.692,2004-11-22,2004-11-28
"ENSO4",2004,48,0.746,2004-11-22,2004-11-28
"DMI",2004,49,-0.13193133640553,2004-11-29,2004-12-05
"ENSO3",2004,49,0.527304147465438,2004-11-29,2004-12-05
"ENSO34",2004,49,0.701801843317972,2004-11-29,2004-12-05
"ENSO4",2004,49,0.752940092165899,2004-11-29,2004-12-05
"DMI",2004,50,-0.129935483870968,2004-12-06,2004-12-12
"ENSO3",2004,50,0.472903225806452,2004-12-06,2004-12-12
"ENSO34",2004,50,0.671290322580645,2004-12-06,2004-12-12
"ENSO4",2004,50,0.768064516129032,2004-12-06,2004-12-12
"DMI",2004,51,-0.128129032258065,2004-12-13,2004-12-19
"ENSO3",2004,51,0.414193548387097,2004-12-13,2004-12-19
"ENSO34",2004,51,0.63741935483871,2004-12-13,2004-12-19
"ENSO4",2004,51,0.783870967741935,2004-12-13,2004-12-19
"DMI",2004,52,-0.126322580645161,2004-12-20,2004-12-26
"ENSO3",2004,52,0.355483870967742,2004-12-20,2004-12-26
"ENSO34",2004,52,0.603548387096774,2004-12-20,2004-12-26
"ENSO4",2004,52,0.799677419354839,2004-12-20,2004-12-26
"DMI",2004,53,-0.126562211981567,2004-12-27,2005-01-02
"ENSO3",2004,53,0.296175115207373,2004-12-27,2005-01-02
"ENSO34",2004,53,0.568986175115207,2004-12-27,2005-01-02
"ENSO4",2004,53,0.814147465437788,2004-12-27,2005-01-02
"DMI",2005,1,-0.194322580645161,2005-01-03,2005-01-09
"ENSO3",2005,1,0.217096774193548,2005-01-03,2005-01-09
"ENSO34",2005,1,0.511612903225807,2005-01-03,2005-01-09
"ENSO4",2005,1,0.784516129032258,2005-01-03,2005-01-09
"DMI",2005,2,-0.292774193548387,2005-01-10,2005-01-16
"ENSO3",2005,2,0.129032258064516,2005-01-10,2005-01-16
"ENSO34",2005,2,0.443870967741936,2005-01-10,2005-01-16
"ENSO4",2005,2,0.734838709677419,2005-01-10,2005-01-16
"DMI",2005,3,-0.391225806451613,2005-01-17,2005-01-23
"ENSO3",2005,3,0.0409677419354839,2005-01-17,2005-01-23
"ENSO34",2005,3,0.376129032258065,2005-01-17,2005-01-23
"ENSO4",2005,3,0.68516129032258,2005-01-17,2005-01-23
"DMI",2005,4,-0.489677419354839,2005-01-24,2005-01-30
"ENSO3",2005,4,-0.0470967741935484,2005-01-24,2005-01-30
"ENSO34",2005,4,0.308387096774194,2005-01-24,2005-01-30
"ENSO4",2005,4,0.635483870967742,2005-01-24,2005-01-30
"DMI",2005,5,-0.548194865042791,2005-01-31,2005-02-06
"ENSO3",2005,5,-0.112029295589203,2005-01-31,2005-02-06
"ENSO34",2005,5,0.262913100724161,2005-01-31,2005-02-06
"ENSO4",2005,5,0.594126069782752,2005-01-31,2005-02-06
"DMI",2005,6,-0.518857142857143,2005-02-07,2005-02-13
"ENSO3",2005,6,-0.126071428571429,2005-02-07,2005-02-13
"ENSO34",2005,6,0.266428571428571,2005-02-07,2005-02-13
"ENSO4",2005,6,0.571071428571429,2005-02-07,2005-02-13
"DMI",2005,7,-0.486857142857143,2005-02-14,2005-02-20
"ENSO3",2005,7,-0.138571428571429,2005-02-14,2005-02-20
"ENSO34",2005,7,0.271428571428571,2005-02-14,2005-02-20
"ENSO4",2005,7,0.548571428571429,2005-02-14,2005-02-20
"DMI",2005,8,-0.454857142857143,2005-02-21,2005-02-27
"ENSO3",2005,8,-0.151071428571429,2005-02-21,2005-02-27
"ENSO34",2005,8,0.276428571428571,2005-02-21,2005-02-27
"ENSO4",2005,8,0.526071428571429,2005-02-21,2005-02-27
"DMI",2005,9,-0.396984858459513,2005-02-28,2005-03-06
"ENSO3",2005,9,-0.139007570770244,2005-02-28,2005-03-06
"ENSO34",2005,9,0.279897959183673,2005-02-28,2005-03-06
"ENSO4",2005,9,0.500781764318631,2005-02-28,2005-03-06
"DMI",2005,10,-0.282193548387097,2005-03-07,2005-03-13
"ENSO3",2005,10,-0.0729032258064516,2005-03-07,2005-03-13
"ENSO34",2005,10,0.28,2005-03-07,2005-03-13
"ENSO4",2005,10,0.469354838709677,2005-03-07,2005-03-13
"DMI",2005,11,-0.165677419354839,2005-03-14,2005-03-20
"ENSO3",2005,11,-0.00516129032258063,2005-03-14,2005-03-20
"ENSO34",2005,11,0.28,2005-03-14,2005-03-20
"ENSO4",2005,11,0.437741935483871,2005-03-14,2005-03-20
"DMI",2005,12,-0.0491612903225806,2005-03-21,2005-03-27
"ENSO3",2005,12,0.0625806451612903,2005-03-21,2005-03-27
"ENSO34",2005,12,0.28,2005-03-21,2005-03-27
"ENSO4",2005,12,0.406129032258065,2005-03-21,2005-03-27
"DMI",2005,13,0.0585497695852535,2005-03-28,2005-04-03
"ENSO3",2005,13,0.127746543778802,2005-03-28,2005-04-03
"ENSO34",2005,13,0.280285714285714,2005-03-28,2005-04-03
"ENSO4",2005,13,0.375165898617512,2005-03-28,2005-04-03
"DMI",2005,14,0.0606,2005-04-04,2005-04-10
"ENSO3",2005,14,0.162,2005-04-04,2005-04-10
"ENSO34",2005,14,0.284,2005-04-04,2005-04-10
"ENSO4",2005,14,0.352,2005-04-04,2005-04-10
"DMI",2005,15,0.0333,2005-04-11,2005-04-17
"ENSO3",2005,15,0.187666666666667,2005-04-11,2005-04-17
"ENSO34",2005,15,0.288666666666667,2005-04-11,2005-04-17
"ENSO4",2005,15,0.331,2005-04-11,2005-04-17
"DMI",2005,16,0.006,2005-04-18,2005-04-24
"ENSO3",2005,16,0.213333333333333,2005-04-18,2005-04-24
"ENSO34",2005,16,0.293333333333333,2005-04-18,2005-04-24
"ENSO4",2005,16,0.31,2005-04-18,2005-04-24
"DMI",2005,17,-0.0213,2005-04-25,2005-05-01
"ENSO3",2005,17,0.239,2005-04-25,2005-05-01
"ENSO34",2005,17,0.298,2005-04-25,2005-05-01
"ENSO4",2005,17,0.289,2005-04-25,2005-05-01
"DMI",2005,18,-0.0514516129032258,2005-05-02,2005-05-08
"ENSO3",2005,18,0.240967741935484,2005-05-02,2005-05-08
"ENSO34",2005,18,0.289677419354839,2005-05-02,2005-05-08
"ENSO4",2005,18,0.274838709677419,2005-05-02,2005-05-08
"DMI",2005,19,-0.083741935483871,2005-05-09,2005-05-15
"ENSO3",2005,19,0.225161290322581,2005-05-09,2005-05-15
"ENSO34",2005,19,0.271612903225806,2005-05-09,2005-05-15
"ENSO4",2005,19,0.265806451612903,2005-05-09,2005-05-15
"DMI",2005,20,-0.116032258064516,2005-05-16,2005-05-22
"ENSO3",2005,20,0.209354838709677,2005-05-16,2005-05-22
"ENSO34",2005,20,0.253548387096774,2005-05-16,2005-05-22
"ENSO4",2005,20,0.256774193548387,2005-05-16,2005-05-22
"DMI",2005,21,-0.148322580645161,2005-05-23,2005-05-29
"ENSO3",2005,21,0.193548387096774,2005-05-23,2005-05-29
"ENSO34",2005,21,0.235483870967742,2005-05-23,2005-05-29
"ENSO4",2005,21,0.247741935483871,2005-05-23,2005-05-29
"DMI",2005,22,-0.183927803379416,2005-05-30,2005-06-05
"ENSO3",2005,22,0.178110599078341,2005-05-30,2005-06-05
"ENSO34",2005,22,0.210153609831029,2005-05-30,2005-06-05
"ENSO4",2005,22,0.233886328725038,2005-05-30,2005-06-05
"DMI",2005,23,-0.231466666666667,2005-06-06,2005-06-12
"ENSO3",2005,23,0.164,2005-06-06,2005-06-12
"ENSO34",2005,23,0.158666666666667,2005-06-06,2005-06-12
"ENSO4",2005,23,0.202666666666667,2005-06-06,2005-06-12
"DMI",2005,24,-0.28,2005-06-13,2005-06-19
"ENSO3",2005,24,0.15,2005-06-13,2005-06-19
"ENSO34",2005,24,0.105,2005-06-13,2005-06-19
"ENSO4",2005,24,0.17,2005-06-13,2005-06-19
"DMI",2005,25,-0.328533333333333,2005-06-20,2005-06-26
"ENSO3",2005,25,0.136,2005-06-20,2005-06-26
"ENSO34",2005,25,0.0513333333333333,2005-06-20,2005-06-26
"ENSO4",2005,25,0.137333333333333,2005-06-20,2005-06-26
"DMI",2005,26,-0.373556067588326,2005-06-27,2005-07-03
"ENSO3",2005,26,0.122442396313364,2005-06-27,2005-07-03
"ENSO34",2005,26,0.00053763440860214,2005-06-27,2005-07-03
"ENSO4",2005,26,0.106666666666667,2005-06-27,2005-07-03
"DMI",2005,27,-0.376451612903226,2005-07-04,2005-07-10
"ENSO3",2005,27,0.114193548387097,2005-07-04,2005-07-10
"ENSO34",2005,27,-0.0158064516129032,2005-07-04,2005-07-10
"ENSO4",2005,27,0.1,2005-07-04,2005-07-10
"DMI",2005,28,-0.367645161290323,2005-07-11,2005-07-17
"ENSO3",2005,28,0.10741935483871,2005-07-11,2005-07-17
"ENSO34",2005,28,-0.0225806451612903,2005-07-11,2005-07-17
"ENSO4",2005,28,0.1,2005-07-11,2005-07-17
"DMI",2005,29,-0.358838709677419,2005-07-18,2005-07-24
"ENSO3",2005,29,0.100645161290323,2005-07-18,2005-07-24
"ENSO34",2005,29,-0.0293548387096774,2005-07-18,2005-07-24
"ENSO4",2005,29,0.1,2005-07-18,2005-07-24
"DMI",2005,30,-0.350032258064516,2005-07-25,2005-07-31
"ENSO3",2005,30,0.0938709677419355,2005-07-25,2005-07-31
"ENSO34",2005,30,-0.0361290322580645,2005-07-25,2005-07-31
"ENSO4",2005,30,0.1,2005-07-25,2005-07-31
"DMI",2005,31,-0.363290322580645,2005-08-01,2005-08-07
"ENSO3",2005,31,0.0570967741935484,2005-08-01,2005-08-07
"ENSO34",2005,31,-0.0438709677419355,2005-08-01,2005-08-07
"ENSO4",2005,31,0.1,2005-08-01,2005-08-07
"DMI",2005,32,-0.405967741935484,2005-08-08,2005-08-14
"ENSO3",2005,32,-0.0196774193548387,2005-08-08,2005-08-14
"ENSO34",2005,32,-0.0529032258064516,2005-08-08,2005-08-14
"ENSO4",2005,32,0.1,2005-08-08,2005-08-14
"DMI",2005,33,-0.448645161290323,2005-08-15,2005-08-21
"ENSO3",2005,33,-0.0964516129032258,2005-08-15,2005-08-21
"ENSO34",2005,33,-0.0619354838709677,2005-08-15,2005-08-21
"ENSO4",2005,33,0.1,2005-08-15,2005-08-21
"DMI",2005,34,-0.491322580645161,2005-08-22,2005-08-28
"ENSO3",2005,34,-0.173225806451613,2005-08-22,2005-08-28
"ENSO34",2005,34,-0.0709677419354839,2005-08-22,2005-08-28
"ENSO4",2005,34,0.1,2005-08-22,2005-08-28
"DMI",2005,35,-0.525974193548387,2005-08-29,2005-09-04
"ENSO3",2005,35,-0.245741935483871,2005-08-29,2005-09-04
"ENSO34",2005,35,-0.0808940092165899,2005-08-29,2005-09-04
"ENSO4",2005,35,0.0997142857142857,2005-08-29,2005-09-04
"DMI",2005,36,-0.511133333333333,2005-09-05,2005-09-11
"ENSO3",2005,36,-0.292,2005-09-05,2005-09-11
"ENSO34",2005,36,-0.0963333333333333,2005-09-05,2005-09-11
"ENSO4",2005,36,0.0976666666666667,2005-09-05,2005-09-11
"DMI",2005,37,-0.488266666666667,2005-09-12,2005-09-18
"ENSO3",2005,37,-0.334,2005-09-12,2005-09-18
"ENSO34",2005,37,-0.112666666666667,2005-09-12,2005-09-18
"ENSO4",2005,37,0.0953333333333333,2005-09-12,2005-09-18
"DMI",2005,38,-0.4654,2005-09-19,2005-09-25
"ENSO3",2005,38,-0.376,2005-09-19,2005-09-25
"ENSO34",2005,38,-0.129,2005-09-19,2005-09-25
"ENSO4",2005,38,0.093,2005-09-19,2005-09-25
"DMI",2005,39,-0.442244239631336,2005-09-26,2005-10-02
"ENSO3",2005,39,-0.419400921658986,2005-09-26,2005-10-02
"ENSO34",2005,39,-0.146336405529954,2005-09-26,2005-10-02
"ENSO4",2005,39,0.0901152073732719,2005-09-26,2005-10-02
"DMI",2005,40,-0.409548387096774,2005-10-03,2005-10-09
"ENSO3",2005,40,-0.509032258064516,2005-10-03,2005-10-09
"ENSO34",2005,40,-0.196774193548387,2005-10-03,2005-10-09
"ENSO4",2005,40,0.0690322580645161,2005-10-03,2005-10-09
"DMI",2005,41,-0.372516129032258,2005-10-10,2005-10-16
"ENSO3",2005,41,-0.619677419354839,2005-10-10,2005-10-16
"ENSO34",2005,41,-0.262258064516129,2005-10-10,2005-10-16
"ENSO4",2005,41,0.0396774193548387,2005-10-10,2005-10-16
"DMI",2005,42,-0.335483870967742,2005-10-17,2005-10-23
"ENSO3",2005,42,-0.730322580645161,2005-10-17,2005-10-23
"ENSO34",2005,42,-0.327741935483871,2005-10-17,2005-10-23
"ENSO4",2005,42,0.0103225806451613,2005-10-17,2005-10-23
"DMI",2005,43,-0.298451612903226,2005-10-24,2005-10-30
"ENSO3",2005,43,-0.840967741935484,2005-10-24,2005-10-30
"ENSO34",2005,43,-0.393225806451613,2005-10-24,2005-10-30
"ENSO4",2005,43,-0.0190322580645161,2005-10-24,2005-10-30
"DMI",2005,44,-0.274755760368664,2005-10-31,2005-11-06
"ENSO3",2005,44,-0.942741935483871,2005-10-31,2005-11-06
"ENSO34",2005,44,-0.460806451612903,2005-10-31,2005-11-06
"ENSO4",2005,44,-0.0544009216589862,2005-10-31,2005-11-06
"DMI",2005,45,-0.2804,2005-11-07,2005-11-13
"ENSO3",2005,45,-1.025,2005-11-07,2005-11-13
"ENSO34",2005,45,-0.533,2005-11-07,2005-11-13
"ENSO4",2005,45,-0.103,2005-11-07,2005-11-13
"DMI",2005,46,-0.286933333333333,2005-11-14,2005-11-20
"ENSO3",2005,46,-1.10666666666667,2005-11-14,2005-11-20
"ENSO34",2005,46,-0.605333333333333,2005-11-14,2005-11-20
"ENSO4",2005,46,-0.152,2005-11-14,2005-11-20
"DMI",2005,47,-0.293466666666667,2005-11-21,2005-11-27
"ENSO3",2005,47,-1.18833333333333,2005-11-21,2005-11-27
"ENSO34",2005,47,-0.677666666666667,2005-11-21,2005-11-27
"ENSO4",2005,47,-0.201,2005-11-21,2005-11-27
"DMI",2005,48,-0.294637788018433,2005-11-28,2005-12-04
"ENSO3",2005,48,-1.24976958525346,2005-11-28,2005-12-04
"ENSO34",2005,48,-0.747502304147465,2005-11-28,2005-12-04
"ENSO4",2005,48,-0.252018433179724,2005-11-28,2005-12-04
"DMI",2005,49,-0.262741935483871,2005-12-05,2005-12-11
"ENSO3",2005,49,-1.18645161290323,2005-12-05,2005-12-11
"ENSO34",2005,49,-0.801935483870968,2005-12-05,2005-12-11
"ENSO4",2005,49,-0.315483870967742,2005-12-05,2005-12-11
"DMI",2005,50,-0.225483870967742,2005-12-12,2005-12-18
"ENSO3",2005,50,-1.10290322580645,2005-12-12,2005-12-18
"ENSO34",2005,50,-0.853870967741935,2005-12-12,2005-12-18
"ENSO4",2005,50,-0.380967741935484,2005-12-12,2005-12-18
"DMI",2005,51,-0.188225806451613,2005-12-19,2005-12-25
"ENSO3",2005,51,-1.01935483870968,2005-12-19,2005-12-25
"ENSO34",2005,51,-0.905806451612903,2005-12-19,2005-12-25
"ENSO4",2005,51,-0.446451612903226,2005-12-19,2005-12-25
"DMI",2005,52,-0.150967741935484,2005-12-26,2006-01-01
"ENSO3",2005,52,-0.935806451612903,2005-12-26,2006-01-01
"ENSO34",2005,52,-0.957741935483871,2005-12-26,2006-01-01
"ENSO4",2005,52,-0.511935483870968,2005-12-26,2006-01-01
"DMI",2006,1,-0.156935483870968,2006-01-02,2006-01-08
"ENSO3",2006,1,-0.835483870967742,2006-01-02,2006-01-08
"ENSO34",2006,1,-0.945161290322581,2006-01-02,2006-01-08
"ENSO4",2006,1,-0.555483870967742,2006-01-02,2006-01-08
"DMI",2006,2,-0.195322580645161,2006-01-09,2006-01-15
"ENSO3",2006,2,-0.72258064516129,2006-01-09,2006-01-15
"ENSO34",2006,2,-0.884193548387097,2006-01-09,2006-01-15
"ENSO4",2006,2,-0.58258064516129,2006-01-09,2006-01-15
"DMI",2006,3,-0.233709677419355,2006-01-16,2006-01-22
"ENSO3",2006,3,-0.609677419354839,2006-01-16,2006-01-22
"ENSO34",2006,3,-0.823225806451613,2006-01-16,2006-01-22
"ENSO4",2006,3,-0.609677419354839,2006-01-16,2006-01-22
"DMI",2006,4,-0.272096774193548,2006-01-23,2006-01-29
"ENSO3",2006,4,-0.496774193548387,2006-01-23,2006-01-29
"ENSO34",2006,4,-0.762258064516129,2006-01-23,2006-01-29
"ENSO4",2006,4,-0.636774193548387,2006-01-23,2006-01-29
"DMI",2006,5,-0.298619157340355,2006-01-30,2006-02-05
"ENSO3",2006,5,-0.416096115865701,2006-01-30,2006-02-05
"ENSO34",2006,5,-0.714753127057274,2006-01-30,2006-02-05
"ENSO4",2006,5,-0.649157340355497,2006-01-30,2006-02-05
"DMI",2006,6,-0.282428571428571,2006-02-06,2006-02-12
"ENSO3",2006,6,-0.451428571428571,2006-02-06,2006-02-12
"ENSO34",2006,6,-0.715714285714286,2006-02-06,2006-02-12
"ENSO4",2006,6,-0.608571428571429,2006-02-06,2006-02-12
"DMI",2006,7,-0.262678571428571,2006-02-13,2006-02-19
"ENSO3",2006,7,-0.496428571428571,2006-02-13,2006-02-19
"ENSO34",2006,7,-0.720714285714286,2006-02-13,2006-02-19
"ENSO4",2006,7,-0.563571428571429,2006-02-13,2006-02-19
"DMI",2006,8,-0.242928571428571,2006-02-20,2006-02-26
"ENSO3",2006,8,-0.541428571428571,2006-02-20,2006-02-26
"ENSO34",2006,8,-0.725714285714286,2006-02-20,2006-02-26
"ENSO4",2006,8,-0.518571428571429,2006-02-20,2006-02-26
"DMI",2006,9,-0.217485681369322,2006-02-27,2006-03-05
"ENSO3",2006,9,-0.562498354180382,2006-02-27,2006-03-05
"ENSO34",2006,9,-0.709878209348255,2006-02-27,2006-03-05
"ENSO4",2006,9,-0.47077353522054,2006-02-27,2006-03-05
"DMI",2006,10,-0.171548387096774,2006-03-06,2006-03-12
"ENSO3",2006,10,-0.49741935483871,2006-03-06,2006-03-12
"ENSO34",2006,10,-0.619032258064516,2006-03-06,2006-03-12
"ENSO4",2006,10,-0.412903225806452,2006-03-06,2006-03-12
"DMI",2006,11,-0.123903225806452,2006-03-13,2006-03-19
"ENSO3",2006,11,-0.425161290322581,2006-03-13,2006-03-19
"ENSO34",2006,11,-0.521935483870968,2006-03-13,2006-03-19
"ENSO4",2006,11,-0.354193548387097,2006-03-13,2006-03-19
"DMI",2006,12,-0.076258064516129,2006-03-20,2006-03-26
"ENSO3",2006,12,-0.352903225806452,2006-03-20,2006-03-26
"ENSO34",2006,12,-0.424838709677419,2006-03-20,2006-03-26
"ENSO4",2006,12,-0.295483870967742,2006-03-20,2006-03-26
"DMI",2006,13,-0.0304995391705069,2006-03-27,2006-04-02
"ENSO3",2006,13,-0.281548387096774,2006-03-27,2006-04-02
"ENSO34",2006,13,-0.328818740399386,2006-03-27,2006-04-02
"ENSO4",2006,13,-0.236924731182796,2006-03-27,2006-04-02
"DMI",2006,14,-0.047,2006-04-03,2006-04-09
"ENSO3",2006,14,-0.24,2006-04-03,2006-04-09
"ENSO34",2006,14,-0.268333333333333,2006-04-03,2006-04-09
"ENSO4",2006,14,-0.183333333333333,2006-04-03,2006-04-09
"DMI",2006,15,-0.0918,2006-04-10,2006-04-16
"ENSO3",2006,15,-0.212,2006-04-10,2006-04-16
"ENSO34",2006,15,-0.224,2006-04-10,2006-04-16
"ENSO4",2006,15,-0.132,2006-04-10,2006-04-16
"DMI",2006,16,-0.1366,2006-04-17,2006-04-23
"ENSO3",2006,16,-0.184,2006-04-17,2006-04-23
"ENSO34",2006,16,-0.179666666666667,2006-04-17,2006-04-23
"ENSO4",2006,16,-0.0806666666666667,2006-04-17,2006-04-23
"DMI",2006,17,-0.1814,2006-04-24,2006-04-30
"ENSO3",2006,17,-0.156,2006-04-24,2006-04-30
"ENSO34",2006,17,-0.135333333333333,2006-04-24,2006-04-30
"ENSO4",2006,17,-0.0293333333333333,2006-04-24,2006-04-30
"DMI",2006,18,-0.192677419354839,2006-05-01,2006-05-07
"ENSO3",2006,18,-0.128387096774194,2006-05-01,2006-05-07
"ENSO34",2006,18,-0.0906451612903226,2006-05-01,2006-05-07
"ENSO4",2006,18,0.0154838709677419,2006-05-01,2006-05-07
"DMI",2006,19,-0.159258064516129,2006-05-08,2006-05-14
"ENSO3",2006,19,-0.101290322580645,2006-05-08,2006-05-14
"ENSO34",2006,19,-0.0454838709677419,2006-05-08,2006-05-14
"ENSO4",2006,19,0.0516129032258065,2006-05-08,2006-05-14
"DMI",2006,20,-0.125838709677419,2006-05-15,2006-05-21
"ENSO3",2006,20,-0.0741935483870968,2006-05-15,2006-05-21
"ENSO34",2006,20,-0.000322580645161285,2006-05-15,2006-05-21
"ENSO4",2006,20,0.087741935483871,2006-05-15,2006-05-21
"DMI",2006,21,-0.0924193548387097,2006-05-22,2006-05-28
"ENSO3",2006,21,-0.0470967741935484,2006-05-22,2006-05-28
"ENSO34",2006,21,0.0448387096774194,2006-05-22,2006-05-28
"ENSO4",2006,21,0.123870967741935,2006-05-22,2006-05-28
"DMI",2006,22,-0.0602635944700461,2006-05-29,2006-06-04
"ENSO3",2006,22,-0.0230322580645161,2006-05-29,2006-06-04
"ENSO34",2006,22,0.0827557603686636,2006-05-29,2006-06-04
"ENSO4",2006,22,0.157004608294931,2006-05-29,2006-06-04
"DMI",2006,23,-0.0359,2006-06-05,2006-06-11
"ENSO3",2006,23,-0.0176666666666667,2006-06-05,2006-06-11
"ENSO34",2006,23,0.076,2006-06-05,2006-06-11
"ENSO4",2006,23,0.171666666666667,2006-06-05,2006-06-11
"DMI",2006,24,-0.0128,2006-06-12,2006-06-18
"ENSO3",2006,24,-0.0153333333333333,2006-06-12,2006-06-18
"ENSO34",2006,24,0.062,2006-06-12,2006-06-18
"ENSO4",2006,24,0.183333333333333,2006-06-12,2006-06-18
"DMI",2006,25,0.0103,2006-06-19,2006-06-25
"ENSO3",2006,25,-0.013,2006-06-19,2006-06-25
"ENSO34",2006,25,0.048,2006-06-19,2006-06-25
"ENSO4",2006,25,0.195,2006-06-19,2006-06-25
"DMI",2006,26,0.0337995391705069,2006-06-26,2006-07-02
"ENSO3",2006,26,-0.00900921658986175,2006-06-26,2006-07-02
"ENSO34",2006,26,0.035852534562212,2006-06-26,2006-07-02
"ENSO4",2006,26,0.207534562211982,2006-06-26,2006-07-02
"DMI",2006,27,0.0704838709677419,2006-07-03,2006-07-09
"ENSO3",2006,27,0.0496774193548387,2006-07-03,2006-07-09
"ENSO34",2006,27,0.0848387096774194,2006-07-03,2006-07-09
"ENSO4",2006,27,0.248709677419355,2006-07-03,2006-07-09
"DMI",2006,28,0.113161290322581,2006-07-10,2006-07-16
"ENSO3",2006,28,0.133225806451613,2006-07-10,2006-07-16
"ENSO34",2006,28,0.161612903225806,2006-07-10,2006-07-16
"ENSO4",2006,28,0.302903225806452,2006-07-10,2006-07-16
"DMI",2006,29,0.155838709677419,2006-07-17,2006-07-23
"ENSO3",2006,29,0.216774193548387,2006-07-17,2006-07-23
"ENSO34",2006,29,0.238387096774194,2006-07-17,2006-07-23
"ENSO4",2006,29,0.357096774193548,2006-07-17,2006-07-23
"DMI",2006,30,0.198516129032258,2006-07-24,2006-07-30
"ENSO3",2006,30,0.300322580645161,2006-07-24,2006-07-30
"ENSO34",2006,30,0.315161290322581,2006-07-24,2006-07-30
"ENSO4",2006,30,0.411290322580645,2006-07-24,2006-07-30
"DMI",2006,31,0.241884792626728,2006-07-31,2006-08-06
"ENSO3",2006,31,0.382488479262673,2006-07-31,2006-08-06
"ENSO34",2006,31,0.386405529953917,2006-07-31,2006-08-06
"ENSO4",2006,31,0.457188940092166,2006-07-31,2006-08-06
"DMI",2006,32,0.286774193548387,2006-08-07,2006-08-13
"ENSO3",2006,32,0.461612903225806,2006-08-07,2006-08-13
"ENSO34",2006,32,0.445483870967742,2006-08-07,2006-08-13
"ENSO4",2006,32,0.484838709677419,2006-08-07,2006-08-13
"DMI",2006,33,0.331709677419355,2006-08-14,2006-08-20
"ENSO3",2006,33,0.540645161290323,2006-08-14,2006-08-20
"ENSO34",2006,33,0.504193548387097,2006-08-14,2006-08-20
"ENSO4",2006,33,0.511935483870968,2006-08-14,2006-08-20
"DMI",2006,34,0.376645161290323,2006-08-21,2006-08-27
"ENSO3",2006,34,0.619677419354839,2006-08-21,2006-08-27
"ENSO34",2006,34,0.562903225806452,2006-08-21,2006-08-27
"ENSO4",2006,34,0.539032258064516,2006-08-21,2006-08-27
"DMI",2006,35,0.420958064516129,2006-08-28,2006-09-03
"ENSO3",2006,35,0.695870967741935,2006-08-28,2006-09-03
"ENSO34",2006,35,0.619875576036866,2006-08-28,2006-09-03
"ENSO4",2006,35,0.565755760368664,2006-08-28,2006-09-03
"DMI",2006,36,0.4578,2006-09-04,2006-09-10
"ENSO3",2006,36,0.738,2006-09-04,2006-09-10
"ENSO34",2006,36,0.656,2006-09-04,2006-09-10
"ENSO4",2006,36,0.588,2006-09-04,2006-09-10
"DMI",2006,37,0.492566666666667,2006-09-11,2006-09-17
"ENSO3",2006,37,0.770666666666667,2006-09-11,2006-09-17
"ENSO34",2006,37,0.686333333333333,2006-09-11,2006-09-17
"ENSO4",2006,37,0.609,2006-09-11,2006-09-17
"DMI",2006,38,0.527333333333333,2006-09-18,2006-09-24
"ENSO3",2006,38,0.803333333333333,2006-09-18,2006-09-24
"ENSO34",2006,38,0.716666666666667,2006-09-18,2006-09-24
"ENSO4",2006,38,0.63,2006-09-18,2006-09-24
"DMI",2006,39,0.5621,2006-09-25,2006-10-01
"ENSO3",2006,39,0.836,2006-09-25,2006-10-01
"ENSO34",2006,39,0.747,2006-09-25,2006-10-01
"ENSO4",2006,39,0.651,2006-09-25,2006-10-01
"DMI",2006,40,0.567193548387097,2006-10-02,2006-10-08
"ENSO3",2006,40,0.860322580645161,2006-10-02,2006-10-08
"ENSO34",2006,40,0.788387096774193,2006-10-02,2006-10-08
"ENSO4",2006,40,0.672903225806452,2006-10-02,2006-10-08
"DMI",2006,41,0.550032258064516,2006-10-09,2006-10-15
"ENSO3",2006,41,0.878387096774194,2006-10-09,2006-10-15
"ENSO34",2006,41,0.838064516129032,2006-10-09,2006-10-15
"ENSO4",2006,41,0.695483870967742,2006-10-09,2006-10-15
"DMI",2006,42,0.532870967741935,2006-10-16,2006-10-22
"ENSO3",2006,42,0.896451612903226,2006-10-16,2006-10-22
"ENSO34",2006,42,0.887741935483871,2006-10-16,2006-10-22
"ENSO4",2006,42,0.718064516129032,2006-10-16,2006-10-22
"DMI",2006,43,0.515709677419355,2006-10-23,2006-10-29
"ENSO3",2006,43,0.914516129032258,2006-10-23,2006-10-29
"ENSO34",2006,43,0.93741935483871,2006-10-23,2006-10-29
"ENSO4",2006,43,0.740645161290323,2006-10-23,2006-10-29
"DMI",2006,44,0.486384024577573,2006-10-30,2006-11-05
"ENSO3",2006,44,0.935084485407066,2006-10-30,2006-11-05
"ENSO34",2006,44,0.982672811059908,2006-10-30,2006-11-05
"ENSO4",2006,44,0.76147465437788,2006-10-30,2006-11-05
"DMI",2006,45,0.413266666666667,2006-11-06,2006-11-12
"ENSO3",2006,45,0.964666666666667,2006-11-06,2006-11-12
"ENSO34",2006,45,1.012,2006-11-06,2006-11-12
"ENSO4",2006,45,0.776,2006-11-06,2006-11-12
"DMI",2006,46,0.3365,2006-11-13,2006-11-19
"ENSO3",2006,46,0.995,2006-11-13,2006-11-19
"ENSO34",2006,46,1.04,2006-11-13,2006-11-19
"ENSO4",2006,46,0.79,2006-11-13,2006-11-19
"DMI",2006,47,0.259733333333333,2006-11-20,2006-11-26
"ENSO3",2006,47,1.02533333333333,2006-11-20,2006-11-26
"ENSO34",2006,47,1.068,2006-11-20,2006-11-26
"ENSO4",2006,47,0.804,2006-11-20,2006-11-26
"DMI",2006,48,0.188385560675883,2006-11-27,2006-12-03
"ENSO3",2006,48,1.04786482334869,2006-11-27,2006-12-03
"ENSO34",2006,48,1.08723502304147,2006-11-27,2006-12-03
"ENSO4",2006,48,0.813133640552995,2006-11-27,2006-12-03
"DMI",2006,49,0.182064516129032,2006-12-04,2006-12-10
"ENSO3",2006,49,0.976774193548387,2006-12-04,2006-12-10
"ENSO34",2006,49,1.00129032258065,2006-12-04,2006-12-10
"ENSO4",2006,49,0.763870967741935,2006-12-04,2006-12-10
"DMI",2006,50,0.193806451612903,2006-12-11,2006-12-17
"ENSO3",2006,50,0.879677419354839,2006-12-11,2006-12-17
"ENSO34",2006,50,0.886129032258065,2006-12-11,2006-12-17
"ENSO4",2006,50,0.698387096774194,2006-12-11,2006-12-17
"DMI",2006,51,0.205548387096774,2006-12-18,2006-12-24
"ENSO3",2006,51,0.78258064516129,2006-12-18,2006-12-24
"ENSO34",2006,51,0.770967741935484,2006-12-18,2006-12-24
"ENSO4",2006,51,0.632903225806452,2006-12-18,2006-12-24
"DMI",2006,52,0.217290322580645,2006-12-25,2006-12-31
"ENSO3",2006,52,0.685483870967742,2006-12-25,2006-12-31
"ENSO34",2006,52,0.655806451612903,2006-12-25,2006-12-31
"ENSO4",2006,52,0.56741935483871,2006-12-25,2006-12-31
"DMI",2007,1,0.216838709677419,2007-01-01,2007-01-07
"ENSO3",2007,1,0.569032258064516,2007-01-01,2007-01-07
"ENSO34",2007,1,0.544516129032258,2007-01-01,2007-01-07
"ENSO4",2007,1,0.51258064516129,2007-01-01,2007-01-07
"DMI",2007,2,0.200129032258065,2007-01-08,2007-01-14
"ENSO3",2007,2,0.426774193548387,2007-01-08,2007-01-14
"ENSO34",2007,2,0.438387096774194,2007-01-08,2007-01-14
"ENSO4",2007,2,0.471935483870968,2007-01-08,2007-01-14
"DMI",2007,3,0.18341935483871,2007-01-15,2007-01-21
"ENSO3",2007,3,0.284516129032258,2007-01-15,2007-01-21
"ENSO34",2007,3,0.332258064516129,2007-01-15,2007-01-21
"ENSO4",2007,3,0.431290322580645,2007-01-15,2007-01-21
"DMI",2007,4,0.166709677419355,2007-01-22,2007-01-28
"ENSO3",2007,4,0.142258064516129,2007-01-22,2007-01-28
"ENSO34",2007,4,0.226129032258065,2007-01-22,2007-01-28
"ENSO4",2007,4,0.390645161290323,2007-01-22,2007-01-28
"DMI",2007,5,0.151005266622778,2007-01-29,2007-02-04
"ENSO3",2007,5,0.00639894667544437,2007-01-29,2007-02-04
"ENSO34",2007,5,0.12473008558262,2007-01-29,2007-02-04
"ENSO4",2007,5,0.348854509545754,2007-01-29,2007-02-04
"DMI",2007,6,0.1415,2007-02-05,2007-02-11
"ENSO3",2007,6,-0.09,2007-02-05,2007-02-11
"ENSO34",2007,6,0.0525,2007-02-05,2007-02-11
"ENSO4",2007,6,0.3,2007-02-05,2007-02-11
"DMI",2007,7,0.133,2007-02-12,2007-02-18
"ENSO3",2007,7,-0.18,2007-02-12,2007-02-18
"ENSO34",2007,7,-0.015,2007-02-12,2007-02-18
"ENSO4",2007,7,0.25,2007-02-12,2007-02-18
"DMI",2007,8,0.1245,2007-02-19,2007-02-25
"ENSO3",2007,8,-0.27,2007-02-19,2007-02-25
"ENSO34",2007,8,-0.0825,2007-02-19,2007-02-25
"ENSO4",2007,8,0.2,2007-02-19,2007-02-25
"DMI",2007,9,0.116598420013167,2007-02-26,2007-03-04
"ENSO3",2007,9,-0.351468071099408,2007-02-26,2007-03-04
"ENSO34",2007,9,-0.142011191573404,2007-02-26,2007-03-04
"ENSO4",2007,9,0.154739960500329,2007-02-26,2007-03-04
"DMI",2007,10,0.112387096774194,2007-03-05,2007-03-11
"ENSO3",2007,10,-0.380322580645161,2007-03-05,2007-03-11
"ENSO34",2007,10,-0.152258064516129,2007-03-05,2007-03-11
"ENSO4",2007,10,0.138709677419355,2007-03-05,2007-03-11
"DMI",2007,11,0.108774193548387,2007-03-12,2007-03-18
"ENSO3",2007,11,-0.400645161290323,2007-03-12,2007-03-18
"ENSO34",2007,11,-0.154516129032258,2007-03-12,2007-03-18
"ENSO4",2007,11,0.12741935483871,2007-03-12,2007-03-18
"DMI",2007,12,0.105161290322581,2007-03-19,2007-03-25
"ENSO3",2007,12,-0.420967741935484,2007-03-19,2007-03-25
"ENSO34",2007,12,-0.156774193548387,2007-03-19,2007-03-25
"ENSO4",2007,12,0.116129032258065,2007-03-19,2007-03-25
"DMI",2007,13,0.101548387096774,2007-03-26,2007-04-01
"ENSO3",2007,13,-0.441290322580645,2007-03-26,2007-04-01
"ENSO34",2007,13,-0.159032258064516,2007-03-26,2007-04-01
"ENSO4",2007,13,0.104838709677419,2007-03-26,2007-04-01
"DMI",2007,14,0.122666666666667,2007-04-02,2007-04-08
"ENSO3",2007,14,-0.491333333333333,2007-04-02,2007-04-08
"ENSO34",2007,14,-0.190666666666667,2007-04-02,2007-04-08
"ENSO4",2007,14,0.08,2007-04-02,2007-04-08
"DMI",2007,15,0.162333333333333,2007-04-09,2007-04-15
"ENSO3",2007,15,-0.563666666666667,2007-04-09,2007-04-15
"ENSO34",2007,15,-0.244333333333333,2007-04-09,2007-04-15
"ENSO4",2007,15,0.045,2007-04-09,2007-04-15
"DMI",2007,16,0.202,2007-04-16,2007-04-22
"ENSO3",2007,16,-0.636,2007-04-16,2007-04-22
"ENSO34",2007,16,-0.298,2007-04-16,2007-04-22
"ENSO4",2007,16,0.01,2007-04-16,2007-04-22
"DMI",2007,17,0.241666666666667,2007-04-23,2007-04-29
"ENSO3",2007,17,-0.708333333333333,2007-04-23,2007-04-29
"ENSO34",2007,17,-0.351666666666667,2007-04-23,2007-04-29
"ENSO4",2007,17,-0.025,2007-04-23,2007-04-29
"DMI",2007,18,0.252600614439324,2007-04-30,2007-05-06
"ENSO3",2007,18,-0.741242703533026,2007-04-30,2007-05-06
"ENSO34",2007,18,-0.373006144393241,2007-04-30,2007-05-06
"ENSO4",2007,18,-0.0430645161290323,2007-04-30,2007-05-06
"DMI",2007,19,0.200322580645161,2007-05-07,2007-05-13
"ENSO3",2007,19,-0.68741935483871,2007-05-07,2007-05-13
"ENSO34",2007,19,-0.323225806451613,2007-05-07,2007-05-13
"ENSO4",2007,19,-0.0238709677419355,2007-05-07,2007-05-13
"DMI",2007,20,0.146129032258065,2007-05-14,2007-05-20
"ENSO3",2007,20,-0.630967741935484,2007-05-14,2007-05-20
"ENSO34",2007,20,-0.271290322580645,2007-05-14,2007-05-20
"ENSO4",2007,20,-0.0035483870967742,2007-05-14,2007-05-20
"DMI",2007,21,0.0919354838709677,2007-05-21,2007-05-27
"ENSO3",2007,21,-0.574516129032258,2007-05-21,2007-05-27
"ENSO34",2007,21,-0.219354838709677,2007-05-21,2007-05-27
"ENSO4",2007,21,0.0167741935483871,2007-05-21,2007-05-27
"DMI",2007,22,0.0412741935483871,2007-05-28,2007-06-03
"ENSO3",2007,22,-0.523235023041475,2007-05-28,2007-06-03
"ENSO34",2007,22,-0.173599078341014,2007-05-28,2007-06-03
"ENSO4",2007,22,0.033852534562212,2007-05-28,2007-06-03
"DMI",2007,23,0.033,2007-06-04,2007-06-10
"ENSO3",2007,23,-0.534,2007-06-04,2007-06-10
"ENSO34",2007,23,-0.202,2007-06-04,2007-06-10
"ENSO4",2007,23,0.012,2007-06-04,2007-06-10
"DMI",2007,24,0.0365,2007-06-11,2007-06-17
"ENSO3",2007,24,-0.562,2007-06-11,2007-06-17
"ENSO34",2007,24,-0.251,2007-06-11,2007-06-17
"ENSO4",2007,24,-0.0206666666666667,2007-06-11,2007-06-17
"DMI",2007,25,0.04,2007-06-18,2007-06-24
"ENSO3",2007,25,-0.59,2007-06-18,2007-06-24
"ENSO34",2007,25,-0.3,2007-06-18,2007-06-24
"ENSO4",2007,25,-0.0533333333333333,2007-06-18,2007-06-24
"DMI",2007,26,0.0435,2007-06-25,2007-07-01
"ENSO3",2007,26,-0.618,2007-06-25,2007-07-01
"ENSO34",2007,26,-0.349,2007-06-25,2007-07-01
"ENSO4",2007,26,-0.086,2007-06-25,2007-07-01
"DMI",2007,27,0.0696451612903226,2007-07-02,2007-07-08
"ENSO3",2007,27,-0.67258064516129,2007-07-02,2007-07-08
"ENSO34",2007,27,-0.395806451612903,2007-07-02,2007-07-08
"ENSO4",2007,27,-0.109032258064516,2007-07-02,2007-07-08
"DMI",2007,28,0.112774193548387,2007-07-09,2007-07-15
"ENSO3",2007,28,-0.747096774193548,2007-07-09,2007-07-15
"ENSO34",2007,28,-0.440967741935484,2007-07-09,2007-07-15
"ENSO4",2007,28,-0.124838709677419,2007-07-09,2007-07-15
"DMI",2007,29,0.155903225806452,2007-07-16,2007-07-22
"ENSO3",2007,29,-0.821612903225806,2007-07-16,2007-07-22
"ENSO34",2007,29,-0.486129032258064,2007-07-16,2007-07-22
"ENSO4",2007,29,-0.140645161290323,2007-07-16,2007-07-22
"DMI",2007,30,0.199032258064516,2007-07-23,2007-07-29
"ENSO3",2007,30,-0.896129032258065,2007-07-23,2007-07-29
"ENSO34",2007,30,-0.531290322580645,2007-07-23,2007-07-29
"ENSO4",2007,30,-0.156451612903226,2007-07-23,2007-07-29
"DMI",2007,31,0.2333133640553,2007-07-30,2007-08-05
"ENSO3",2007,31,-0.970645161290323,2007-07-30,2007-08-05
"ENSO34",2007,31,-0.58889400921659,2007-07-30,2007-08-05
"ENSO4",2007,31,-0.187004608294931,2007-07-30,2007-08-05
"DMI",2007,32,0.235741935483871,2007-08-06,2007-08-12
"ENSO3",2007,32,-1.04516129032258,2007-08-06,2007-08-12
"ENSO34",2007,32,-0.691290322580645,2007-08-06,2007-08-12
"ENSO4",2007,32,-0.270645161290323,2007-08-06,2007-08-12
"DMI",2007,33,0.235516129032258,2007-08-13,2007-08-19
"ENSO3",2007,33,-1.11967741935484,2007-08-13,2007-08-19
"ENSO34",2007,33,-0.79741935483871,2007-08-13,2007-08-19
"ENSO4",2007,33,-0.358709677419355,2007-08-13,2007-08-19
"DMI",2007,34,0.235290322580645,2007-08-20,2007-08-26
"ENSO3",2007,34,-1.1941935483871,2007-08-20,2007-08-26
"ENSO34",2007,34,-0.903548387096774,2007-08-20,2007-08-26
"ENSO4",2007,34,-0.446774193548387,2007-08-20,2007-08-26
"DMI",2007,35,0.234273886328725,2007-08-27,2007-09-02
"ENSO3",2007,35,-1.26809370199693,2007-08-27,2007-09-02
"ENSO34",2007,35,-1.00922580645161,2007-08-27,2007-09-02
"ENSO4",2007,35,-0.534041474654378,2007-08-27,2007-09-02
"DMI",2007,36,0.207166666666667,2007-09-03,2007-09-09
"ENSO3",2007,36,-1.32166666666667,2007-09-03,2007-09-09
"ENSO34",2007,36,-1.1,2007-09-03,2007-09-09
"ENSO4",2007,36,-0.595,2007-09-03,2007-09-09
"DMI",2007,37,0.1682,2007-09-10,2007-09-16
"ENSO3",2007,37,-1.366,2007-09-10,2007-09-16
"ENSO34",2007,37,-1.184,2007-09-10,2007-09-16
"ENSO4",2007,37,-0.644,2007-09-10,2007-09-16
"DMI",2007,38,0.129233333333333,2007-09-17,2007-09-23
"ENSO3",2007,38,-1.41033333333333,2007-09-17,2007-09-23
"ENSO34",2007,38,-1.268,2007-09-17,2007-09-23
"ENSO4",2007,38,-0.693,2007-09-17,2007-09-23
"DMI",2007,39,0.0902666666666667,2007-09-24,2007-09-30
"ENSO3",2007,39,-1.45466666666667,2007-09-24,2007-09-30
"ENSO34",2007,39,-1.352,2007-09-24,2007-09-30
"ENSO4",2007,39,-0.742,2007-09-24,2007-09-30
"DMI",2007,40,0.0591935483870968,2007-10-01,2007-10-07
"ENSO3",2007,40,-1.50225806451613,2007-10-01,2007-10-07
"ENSO34",2007,40,-1.41741935483871,2007-10-01,2007-10-07
"ENSO4",2007,40,-0.802903225806452,2007-10-01,2007-10-07
"DMI",2007,41,0.0386451612903226,2007-10-08,2007-10-14
"ENSO3",2007,41,-1.5541935483871,2007-10-08,2007-10-14
"ENSO34",2007,41,-1.45806451612903,2007-10-08,2007-10-14
"ENSO4",2007,41,-0.879677419354839,2007-10-08,2007-10-14
"DMI",2007,42,0.0180967741935484,2007-10-15,2007-10-21
"ENSO3",2007,42,-1.60612903225806,2007-10-15,2007-10-21
"ENSO34",2007,42,-1.49870967741935,2007-10-15,2007-10-21
"ENSO4",2007,42,-0.956451612903226,2007-10-15,2007-10-21
"DMI",2007,43,-0.0024516129032258,2007-10-22,2007-10-28
"ENSO3",2007,43,-1.65806451612903,2007-10-22,2007-10-28
"ENSO34",2007,43,-1.53935483870968,2007-10-22,2007-10-28
"ENSO4",2007,43,-1.03322580645161,2007-10-22,2007-10-28
"DMI",2007,44,-0.0263124423963134,2007-10-29,2007-11-04
"ENSO3",2007,44,-1.70249769585253,2007-10-29,2007-11-04
"ENSO34",2007,44,-1.5758801843318,2007-10-29,2007-11-04
"ENSO4",2007,44,-1.09974193548387,2007-10-29,2007-11-04
"DMI",2007,45,-0.0706,2007-11-05,2007-11-11
"ENSO3",2007,45,-1.70066666666667,2007-11-05,2007-11-11
"ENSO34",2007,45,-1.587,2007-11-05,2007-11-11
"ENSO4",2007,45,-1.103,2007-11-05,2007-11-11
"DMI",2007,46,-0.1182,2007-11-12,2007-11-18
"ENSO3",2007,46,-1.69133333333333,2007-11-12,2007-11-18
"ENSO34",2007,46,-1.594,2007-11-12,2007-11-18
"ENSO4",2007,46,-1.096,2007-11-12,2007-11-18
"DMI",2007,47,-0.1658,2007-11-19,2007-11-25
"ENSO3",2007,47,-1.682,2007-11-19,2007-11-25
"ENSO34",2007,47,-1.601,2007-11-19,2007-11-25
"ENSO4",2007,47,-1.089,2007-11-19,2007-11-25
"DMI",2007,48,-0.210852534562212,2007-11-26,2007-12-02
"ENSO3",2007,48,-1.67253456221198,2007-11-26,2007-12-02
"ENSO34",2007,48,-1.6086866359447,2007-11-26,2007-12-02
"ENSO4",2007,48,-1.08352534562212,2007-11-26,2007-12-02
"DMI",2007,49,-0.171838709677419,2007-12-03,2007-12-09
"ENSO3",2007,49,-1.65870967741935,2007-12-03,2007-12-09
"ENSO34",2007,49,-1.63903225806452,2007-12-03,2007-12-09
"ENSO4",2007,49,-1.12838709677419,2007-12-03,2007-12-09
"DMI",2007,50,-0.0946129032258065,2007-12-10,2007-12-16
"ENSO3",2007,50,-1.64290322580645,2007-12-10,2007-12-16
"ENSO34",2007,50,-1.67967741935484,2007-12-10,2007-12-16
"ENSO4",2007,50,-1.19612903225806,2007-12-10,2007-12-16
"DMI",2007,51,-0.0173870967741935,2007-12-17,2007-12-23
"ENSO3",2007,51,-1.62709677419355,2007-12-17,2007-12-23
"ENSO34",2007,51,-1.72032258064516,2007-12-17,2007-12-23
"ENSO4",2007,51,-1.26387096774194,2007-12-17,2007-12-23
"DMI",2007,52,0.0598387096774194,2007-12-24,2007-12-30
"ENSO3",2007,52,-1.61129032258065,2007-12-24,2007-12-30
"ENSO34",2007,52,-1.76096774193548,2007-12-24,2007-12-30
"ENSO4",2007,52,-1.33161290322581,2007-12-24,2007-12-30
"DMI",2008,1,0.100497695852535,2007-12-31,2008-01-06
"ENSO3",2008,1,-1.57612903225806,2007-12-31,2008-01-06
"ENSO34",2008,1,-1.78294930875576,2007-12-31,2008-01-06
"ENSO4",2008,1,-1.38414746543779,2007-12-31,2008-01-06
"DMI",2008,2,0.0607096774193548,2008-01-07,2008-01-13
"ENSO3",2008,2,-1.49838709677419,2008-01-07,2008-01-13
"ENSO34",2008,2,-1.76387096774194,2008-01-07,2008-01-13
"ENSO4",2008,2,-1.40322580645161,2008-01-07,2008-01-13
"DMI",2008,3,0.0184838709677419,2008-01-14,2008-01-20
"ENSO3",2008,3,-1.41935483870968,2008-01-14,2008-01-20
"ENSO34",2008,3,-1.74354838709677,2008-01-14,2008-01-20
"ENSO4",2008,3,-1.42129032258065,2008-01-14,2008-01-20
"DMI",2008,4,-0.023741935483871,2008-01-21,2008-01-27
"ENSO3",2008,4,-1.34032258064516,2008-01-21,2008-01-27
"ENSO34",2008,4,-1.72322580645161,2008-01-21,2008-01-27
"ENSO4",2008,4,-1.43935483870968,2008-01-21,2008-01-27
"DMI",2008,5,-0.0608849515334499,2008-01-28,2008-02-03
"ENSO3",2008,5,-1.25844430319403,2008-01-28,2008-02-03
"ENSO34",2008,5,-1.69631495312252,2008-01-28,2008-02-03
"ENSO4",2008,5,-1.45291434927697,2008-01-28,2008-02-03
"DMI",2008,6,-0.0370344827586207,2008-02-04,2008-02-10
"ENSO3",2008,6,-1.14241379310345,2008-02-04,2008-02-10
"ENSO34",2008,6,-1.59034482758621,2008-02-04,2008-02-10
"ENSO4",2008,6,-1.41241379310345,2008-02-04,2008-02-10
"DMI",2008,7,0.00375862068965517,2008-02-11,2008-02-17
"ENSO3",2008,7,-1.01689655172414,2008-02-11,2008-02-17
"ENSO34",2008,7,-1.46241379310345,2008-02-11,2008-02-17
"ENSO4",2008,7,-1.35689655172414,2008-02-11,2008-02-17
"DMI",2008,8,0.044551724137931,2008-02-18,2008-02-24
"ENSO3",2008,8,-0.891379310344828,2008-02-18,2008-02-24
"ENSO34",2008,8,-1.33448275862069,2008-02-18,2008-02-24
"ENSO4",2008,8,-1.30137931034483,2008-02-18,2008-02-24
"DMI",2008,9,0.083360241538217,2008-02-25,2008-03-02
"ENSO3",2008,9,-0.767225488638169,2008-02-25,2008-03-02
"ENSO34",2008,9,-1.20787223899571,2008-02-25,2008-03-02
"ENSO4",2008,9,-1.24570475131098,2008-02-25,2008-03-02
"DMI",2008,10,0.0566774193548387,2008-03-03,2008-03-09
"ENSO3",2008,10,-0.688064516129032,2008-03-03,2008-03-09
"ENSO34",2008,10,-1.12483870967742,2008-03-03,2008-03-09
"ENSO4",2008,10,-1.18483870967742,2008-03-03,2008-03-09
"DMI",2008,11,0.000225806451612906,2008-03-10,2008-03-16
"ENSO3",2008,11,-0.629354838709677,2008-03-10,2008-03-16
"ENSO34",2008,11,-1.06161290322581,2008-03-10,2008-03-16
"ENSO4",2008,11,-1.12161290322581,2008-03-10,2008-03-16
"DMI",2008,12,-0.0562258064516129,2008-03-17,2008-03-23
"ENSO3",2008,12,-0.570645161290323,2008-03-17,2008-03-23
"ENSO34",2008,12,-0.998387096774193,2008-03-17,2008-03-23
"ENSO4",2008,12,-1.05838709677419,2008-03-17,2008-03-23
"DMI",2008,13,-0.112677419354839,2008-03-24,2008-03-30
"ENSO3",2008,13,-0.511935483870968,2008-03-24,2008-03-30
"ENSO34",2008,13,-0.935161290322581,2008-03-24,2008-03-30
"ENSO4",2008,13,-0.995161290322581,2008-03-24,2008-03-30
"DMI",2008,14,-0.128205069124424,2008-03-31,2008-04-06
"ENSO3",2008,14,-0.451198156682028,2008-03-31,2008-04-06
"ENSO34",2008,14,-0.873433179723502,2008-03-31,2008-04-06
"ENSO4",2008,14,-0.944147465437788,2008-03-31,2008-04-06
"DMI",2008,15,-0.0537,2008-04-07,2008-04-13
"ENSO3",2008,15,-0.386,2008-04-07,2008-04-13
"ENSO34",2008,15,-0.815,2008-04-07,2008-04-13
"ENSO4",2008,15,-0.92,2008-04-07,2008-04-13
"DMI",2008,16,0.0235333333333333,2008-04-14,2008-04-20
"ENSO3",2008,16,-0.320666666666667,2008-04-14,2008-04-20
"ENSO34",2008,16,-0.756666666666667,2008-04-14,2008-04-20
"ENSO4",2008,16,-0.896666666666667,2008-04-14,2008-04-20
"DMI",2008,17,0.100766666666667,2008-04-21,2008-04-27
"ENSO3",2008,17,-0.255333333333333,2008-04-21,2008-04-27
"ENSO34",2008,17,-0.698333333333333,2008-04-21,2008-04-27
"ENSO4",2008,17,-0.873333333333333,2008-04-21,2008-04-27
"DMI",2008,18,0.169565898617512,2008-04-28,2008-05-04
"ENSO3",2008,18,-0.193852534562212,2008-04-28,2008-05-04
"ENSO34",2008,18,-0.641612903225806,2008-04-28,2008-05-04
"ENSO4",2008,18,-0.847603686635945,2008-04-28,2008-05-04
"DMI",2008,19,0.186354838709677,2008-05-05,2008-05-11
"ENSO3",2008,19,-0.156129032258065,2008-05-05,2008-05-11
"ENSO34",2008,19,-0.594838709677419,2008-05-05,2008-05-11
"ENSO4",2008,19,-0.807096774193548,2008-05-05,2008-05-11
"DMI",2008,20,0.194709677419355,2008-05-12,2008-05-18
"ENSO3",2008,20,-0.122258064516129,2008-05-12,2008-05-18
"ENSO34",2008,20,-0.549677419354839,2008-05-12,2008-05-18
"ENSO4",2008,20,-0.764193548387097,2008-05-12,2008-05-18
"DMI",2008,21,0.203064516129032,2008-05-19,2008-05-25
"ENSO3",2008,21,-0.0883870967741936,2008-05-19,2008-05-25
"ENSO34",2008,21,-0.504516129032258,2008-05-19,2008-05-25
"ENSO4",2008,21,-0.721290322580645,2008-05-19,2008-05-25
"DMI",2008,22,0.21141935483871,2008-05-26,2008-06-01
"ENSO3",2008,22,-0.0545161290322581,2008-05-26,2008-06-01
"ENSO34",2008,22,-0.459354838709677,2008-05-26,2008-06-01
"ENSO4",2008,22,-0.678387096774194,2008-05-26,2008-06-01
"DMI",2008,23,0.219133333333333,2008-06-02,2008-06-08
"ENSO3",2008,23,0.00933333333333333,2008-06-02,2008-06-08
"ENSO34",2008,23,-0.386666666666667,2008-06-02,2008-06-08
"ENSO4",2008,23,-0.632,2008-06-02,2008-06-08
"DMI",2008,24,0.226366666666667,2008-06-09,2008-06-15
"ENSO3",2008,24,0.0956666666666666,2008-06-09,2008-06-15
"ENSO34",2008,24,-0.293333333333333,2008-06-09,2008-06-15
"ENSO4",2008,24,-0.583,2008-06-09,2008-06-15
"DMI",2008,25,0.2336,2008-06-16,2008-06-22
"ENSO3",2008,25,0.182,2008-06-16,2008-06-22
"ENSO34",2008,25,-0.2,2008-06-16,2008-06-22
"ENSO4",2008,25,-0.534,2008-06-16,2008-06-22
"DMI",2008,26,0.240833333333333,2008-06-23,2008-06-29
"ENSO3",2008,26,0.268333333333333,2008-06-23,2008-06-29
"ENSO34",2008,26,-0.106666666666667,2008-06-23,2008-06-29
"ENSO4",2008,26,-0.485,2008-06-23,2008-06-29
"DMI",2008,27,0.237419201228879,2008-06-30,2008-07-06
"ENSO3",2008,27,0.342754224270353,2008-06-30,2008-07-06
"ENSO34",2008,27,-0.0419047619047619,2008-06-30,2008-07-06
"ENSO4",2008,27,-0.445470046082949,2008-06-30,2008-07-06
"DMI",2008,28,0.21058064516129,2008-07-07,2008-07-13
"ENSO3",2008,28,0.390967741935484,2008-07-07,2008-07-13
"ENSO34",2008,28,-0.04,2008-07-07,2008-07-13
"ENSO4",2008,28,-0.426774193548387,2008-07-07,2008-07-13
"DMI",2008,29,0.183032258064516,2008-07-14,2008-07-20
"ENSO3",2008,29,0.438387096774194,2008-07-14,2008-07-20
"ENSO34",2008,29,-0.04,2008-07-14,2008-07-20
"ENSO4",2008,29,-0.408709677419355,2008-07-14,2008-07-20
"DMI",2008,30,0.155483870967742,2008-07-21,2008-07-27
"ENSO3",2008,30,0.485806451612903,2008-07-21,2008-07-27
"ENSO34",2008,30,-0.04,2008-07-21,2008-07-27
"ENSO4",2008,30,-0.390645161290323,2008-07-21,2008-07-27
"DMI",2008,31,0.129096774193548,2008-07-28,2008-08-03
"ENSO3",2008,31,0.523271889400922,2008-07-28,2008-08-03
"ENSO34",2008,31,-0.0433179723502304,2008-07-28,2008-08-03
"ENSO4",2008,31,-0.374792626728111,2008-07-28,2008-08-03
"DMI",2008,32,0.116645161290323,2008-08-04,2008-08-10
"ENSO3",2008,32,0.441290322580645,2008-08-04,2008-08-10
"ENSO34",2008,32,-0.0864516129032258,2008-08-04,2008-08-10
"ENSO4",2008,32,-0.385483870967742,2008-08-04,2008-08-10
"DMI",2008,33,0.108064516129032,2008-08-11,2008-08-17
"ENSO3",2008,33,0.326129032258065,2008-08-11,2008-08-17
"ENSO34",2008,33,-0.140645161290323,2008-08-11,2008-08-17
"ENSO4",2008,33,-0.403548387096774,2008-08-11,2008-08-17
"DMI",2008,34,0.0994838709677419,2008-08-18,2008-08-24
"ENSO3",2008,34,0.210967741935484,2008-08-18,2008-08-24
"ENSO34",2008,34,-0.194838709677419,2008-08-18,2008-08-24
"ENSO4",2008,34,-0.421612903225806,2008-08-18,2008-08-24
"DMI",2008,35,0.0909032258064516,2008-08-25,2008-08-31
"ENSO3",2008,35,0.0958064516129033,2008-08-25,2008-08-31
"ENSO34",2008,35,-0.249032258064516,2008-08-25,2008-08-31
"ENSO4",2008,35,-0.439677419354839,2008-08-25,2008-08-31
"DMI",2008,36,0.0803,2008-09-01,2008-09-07
"ENSO3",2008,36,0.025,2008-09-01,2008-09-07
"ENSO34",2008,36,-0.282,2008-09-01,2008-09-07
"ENSO4",2008,36,-0.445,2008-09-01,2008-09-07
"DMI",2008,37,0.067,2008-09-08,2008-09-14
"ENSO3",2008,37,0.0133333333333333,2008-09-08,2008-09-14
"ENSO34",2008,37,-0.286666666666667,2008-09-08,2008-09-14
"ENSO4",2008,37,-0.433333333333333,2008-09-08,2008-09-14
"DMI",2008,38,0.0537,2008-09-15,2008-09-21
"ENSO3",2008,38,0.00166666666666666,2008-09-15,2008-09-21
"ENSO34",2008,38,-0.291333333333333,2008-09-15,2008-09-21
"ENSO4",2008,38,-0.421666666666667,2008-09-15,2008-09-21
"DMI",2008,39,0.0404,2008-09-22,2008-09-28
"ENSO3",2008,39,-0.01,2008-09-22,2008-09-28
"ENSO34",2008,39,-0.296,2008-09-22,2008-09-28
"ENSO4",2008,39,-0.41,2008-09-22,2008-09-28
"DMI",2008,40,0.0225792626728111,2008-09-29,2008-10-05
"ENSO3",2008,40,-0.0252764976958525,2008-09-29,2008-10-05
"ENSO34",2008,40,-0.302940092165899,2008-09-29,2008-10-05
"ENSO4",2008,40,-0.406244239631336,2008-09-29,2008-10-05
"DMI",2008,41,-0.0115161290322581,2008-10-06,2008-10-12
"ENSO3",2008,41,-0.0535483870967742,2008-10-06,2008-10-12
"ENSO34",2008,41,-0.318064516129032,2008-10-06,2008-10-12
"ENSO4",2008,41,-0.430967741935484,2008-10-06,2008-10-12
"DMI",2008,42,-0.0469677419354839,2008-10-13,2008-10-19
"ENSO3",2008,42,-0.0829032258064516,2008-10-13,2008-10-19
"ENSO34",2008,42,-0.333870967741935,2008-10-13,2008-10-19
"ENSO4",2008,42,-0.458064516129032,2008-10-13,2008-10-19
"DMI",2008,43,-0.0824193548387097,2008-10-20,2008-10-26
"ENSO3",2008,43,-0.112258064516129,2008-10-20,2008-10-26
"ENSO34",2008,43,-0.349677419354839,2008-10-20,2008-10-26
"ENSO4",2008,43,-0.485161290322581,2008-10-20,2008-10-26
"DMI",2008,44,-0.116790322580645,2008-10-27,2008-11-02
"ENSO3",2008,44,-0.143299539170507,2008-10-27,2008-11-02
"ENSO34",2008,44,-0.36768509984639,2008-10-27,2008-11-02
"ENSO4",2008,44,-0.512657450076805,2008-10-27,2008-11-02
"DMI",2008,45,-0.1155,2008-11-03,2008-11-09
"ENSO3",2008,45,-0.23,2008-11-03,2008-11-09
"ENSO34",2008,45,-0.458333333333333,2008-11-03,2008-11-09
"ENSO4",2008,45,-0.553333333333333,2008-11-03,2008-11-09
"DMI",2008,46,-0.098,2008-11-10,2008-11-16
"ENSO3",2008,46,-0.342,2008-11-10,2008-11-16
"ENSO34",2008,46,-0.582,2008-11-10,2008-11-16
"ENSO4",2008,46,-0.6,2008-11-10,2008-11-16
"DMI",2008,47,-0.0805,2008-11-17,2008-11-23
"ENSO3",2008,47,-0.454,2008-11-17,2008-11-23
"ENSO34",2008,47,-0.705666666666667,2008-11-17,2008-11-23
"ENSO4",2008,47,-0.646666666666667,2008-11-17,2008-11-23
"DMI",2008,48,-0.063,2008-11-24,2008-11-30
"ENSO3",2008,48,-0.566,2008-11-24,2008-11-30
"ENSO34",2008,48,-0.829333333333333,2008-11-24,2008-11-30
"ENSO4",2008,48,-0.693333333333333,2008-11-24,2008-11-30
"DMI",2008,49,-0.0448709677419355,2008-12-01,2008-12-07
"ENSO3",2008,49,-0.629032258064516,2008-12-01,2008-12-07
"ENSO34",2008,49,-0.909677419354839,2008-12-01,2008-12-07
"ENSO4",2008,49,-0.719032258064516,2008-12-01,2008-12-07
"DMI",2008,50,-0.0259032258064516,2008-12-08,2008-12-14
"ENSO3",2008,50,-0.626774193548387,2008-12-08,2008-12-14
"ENSO34",2008,50,-0.932258064516129,2008-12-08,2008-12-14
"ENSO4",2008,50,-0.716774193548387,2008-12-08,2008-12-14
"DMI",2008,51,-0.00693548387096775,2008-12-15,2008-12-21
"ENSO3",2008,51,-0.624516129032258,2008-12-15,2008-12-21
"ENSO34",2008,51,-0.954838709677419,2008-12-15,2008-12-21
"ENSO4",2008,51,-0.714516129032258,2008-12-15,2008-12-21
"DMI",2008,52,0.0120322580645161,2008-12-22,2008-12-28
"ENSO3",2008,52,-0.622258064516129,2008-12-22,2008-12-28
"ENSO34",2008,52,-0.97741935483871,2008-12-22,2008-12-28
"ENSO4",2008,52,-0.712258064516129,2008-12-22,2008-12-28
"DMI",2009,1,0.0323271889400922,2008-12-29,2009-01-04
"ENSO3",2009,1,-0.61668202764977,2008-12-29,2009-01-04
"ENSO34",2009,1,-0.989216589861751,2008-12-29,2009-01-04
"ENSO4",2009,1,-0.705023041474654,2008-12-29,2009-01-04
"DMI",2009,2,0.0608064516129032,2009-01-05,2009-01-11
"ENSO3",2009,2,-0.590645161290323,2009-01-05,2009-01-11
"ENSO34",2009,2,-0.934516129032258,2009-01-05,2009-01-11
"ENSO4",2009,2,-0.667096774193548,2009-01-05,2009-01-11
"DMI",2009,3,0.0906129032258065,2009-01-12,2009-01-18
"ENSO3",2009,3,-0.561290322580645,2009-01-12,2009-01-18
"ENSO34",2009,3,-0.869032258064516,2009-01-12,2009-01-18
"ENSO4",2009,3,-0.624193548387097,2009-01-12,2009-01-18
"DMI",2009,4,0.12041935483871,2009-01-19,2009-01-25
"ENSO3",2009,4,-0.531935483870968,2009-01-19,2009-01-25
"ENSO34",2009,4,-0.803548387096774,2009-01-19,2009-01-25
"ENSO4",2009,4,-0.581290322580645,2009-01-19,2009-01-25
"DMI",2009,5,0.150225806451613,2009-01-26,2009-02-01
"ENSO3",2009,5,-0.50258064516129,2009-01-26,2009-02-01
"ENSO34",2009,5,-0.738064516129032,2009-01-26,2009-02-01
"ENSO4",2009,5,-0.538387096774193,2009-01-26,2009-02-01
"DMI",2009,6,0.154,2009-02-02,2009-02-08
"ENSO3",2009,6,-0.528571428571429,2009-02-02,2009-02-08
"ENSO34",2009,6,-0.711428571428571,2009-02-02,2009-02-08
"ENSO4",2009,6,-0.495714285714286,2009-02-02,2009-02-08
"DMI",2009,7,0.13825,2009-02-09,2009-02-15
"ENSO3",2009,7,-0.596071428571429,2009-02-09,2009-02-15
"ENSO34",2009,7,-0.713928571428571,2009-02-09,2009-02-15
"ENSO4",2009,7,-0.453214285714286,2009-02-09,2009-02-15
"DMI",2009,8,0.1225,2009-02-16,2009-02-22
"ENSO3",2009,8,-0.663571428571429,2009-02-16,2009-02-22
"ENSO34",2009,8,-0.716428571428571,2009-02-16,2009-02-22
"ENSO4",2009,8,-0.410714285714286,2009-02-16,2009-02-22
"DMI",2009,9,0.10675,2009-02-23,2009-03-01
"ENSO3",2009,9,-0.731071428571429,2009-02-23,2009-03-01
"ENSO34",2009,9,-0.718928571428571,2009-02-23,2009-03-01
"ENSO4",2009,9,-0.368214285714286,2009-02-23,2009-03-01
"DMI",2009,10,0.103354838709677,2009-03-02,2009-03-08
"ENSO3",2009,10,-0.670967741935484,2009-03-02,2009-03-08
"ENSO34",2009,10,-0.659354838709677,2009-03-02,2009-03-08
"ENSO4",2009,10,-0.316451612903226,2009-03-02,2009-03-08
"DMI",2009,11,0.109225806451613,2009-03-09,2009-03-15
"ENSO3",2009,11,-0.515161290322581,2009-03-09,2009-03-15
"ENSO34",2009,11,-0.553225806451613,2009-03-09,2009-03-15
"ENSO4",2009,11,-0.257741935483871,2009-03-09,2009-03-15
"DMI",2009,12,0.115096774193548,2009-03-16,2009-03-22
"ENSO3",2009,12,-0.359354838709677,2009-03-16,2009-03-22
"ENSO34",2009,12,-0.447096774193548,2009-03-16,2009-03-22
"ENSO4",2009,12,-0.199032258064516,2009-03-16,2009-03-22
"DMI",2009,13,0.120967741935484,2009-03-23,2009-03-29
"ENSO3",2009,13,-0.203548387096774,2009-03-23,2009-03-29
"ENSO34",2009,13,-0.340967741935484,2009-03-23,2009-03-29
"ENSO4",2009,13,-0.140322580645161,2009-03-23,2009-03-29
"DMI",2009,14,0.131831029185868,2009-03-30,2009-04-05
"ENSO3",2009,14,-0.0600153609831029,2009-03-30,2009-04-05
"ENSO34",2009,14,-0.236497695852535,2009-03-30,2009-04-05
"ENSO4",2009,14,-0.081689708141321,2009-03-30,2009-04-05
"DMI",2009,15,0.160666666666667,2009-04-06,2009-04-12
"ENSO3",2009,15,0.0393333333333333,2009-04-06,2009-04-12
"ENSO34",2009,15,-0.138,2009-04-06,2009-04-12
"ENSO4",2009,15,-0.0233333333333333,2009-04-06,2009-04-12
"DMI",2009,16,0.191,2009-04-13,2009-04-19
"ENSO3",2009,16,0.135,2009-04-13,2009-04-19
"ENSO34",2009,16,-0.04,2009-04-13,2009-04-19
"ENSO4",2009,16,0.035,2009-04-13,2009-04-19
"DMI",2009,17,0.221333333333333,2009-04-20,2009-04-26
"ENSO3",2009,17,0.230666666666667,2009-04-20,2009-04-26
"ENSO34",2009,17,0.058,2009-04-20,2009-04-26
"ENSO4",2009,17,0.0933333333333333,2009-04-20,2009-04-26
"DMI",2009,18,0.247652841781874,2009-04-27,2009-05-03
"ENSO3",2009,18,0.325591397849462,2009-04-27,2009-05-03
"ENSO34",2009,18,0.154423963133641,2009-04-27,2009-05-03
"ENSO4",2009,18,0.150583717357911,2009-04-27,2009-05-03
"DMI",2009,19,0.225806451612903,2009-05-04,2009-05-10
"ENSO3",2009,19,0.411612903225806,2009-05-04,2009-05-10
"ENSO34",2009,19,0.231935483870968,2009-05-04,2009-05-10
"ENSO4",2009,19,0.194838709677419,2009-05-04,2009-05-10
"DMI",2009,20,0.19058064516129,2009-05-11,2009-05-17
"ENSO3",2009,20,0.495161290322581,2009-05-11,2009-05-17
"ENSO34",2009,20,0.304193548387097,2009-05-11,2009-05-17
"ENSO4",2009,20,0.235483870967742,2009-05-11,2009-05-17
"DMI",2009,21,0.155354838709677,2009-05-18,2009-05-24
"ENSO3",2009,21,0.578709677419355,2009-05-18,2009-05-24
"ENSO34",2009,21,0.376451612903226,2009-05-18,2009-05-24
"ENSO4",2009,21,0.276129032258065,2009-05-18,2009-05-24
"DMI",2009,22,0.120129032258065,2009-05-25,2009-05-31
"ENSO3",2009,22,0.662258064516129,2009-05-25,2009-05-31
"ENSO34",2009,22,0.448709677419355,2009-05-25,2009-05-31
"ENSO4",2009,22,0.316774193548387,2009-05-25,2009-05-31
"DMI",2009,23,0.0708,2009-06-01,2009-06-07
"ENSO3",2009,23,0.728,2009-06-01,2009-06-07
"ENSO34",2009,23,0.51,2009-06-01,2009-06-07
"ENSO4",2009,23,0.352,2009-06-01,2009-06-07
"DMI",2009,24,0.00266666666666666,2009-06-08,2009-06-14
"ENSO3",2009,24,0.77,2009-06-08,2009-06-14
"ENSO34",2009,24,0.556666666666667,2009-06-08,2009-06-14
"ENSO4",2009,24,0.38,2009-06-08,2009-06-14
"DMI",2009,25,-0.0654666666666667,2009-06-15,2009-06-21
"ENSO3",2009,25,0.812,2009-06-15,2009-06-21
"ENSO34",2009,25,0.603333333333333,2009-06-15,2009-06-21
"ENSO4",2009,25,0.408,2009-06-15,2009-06-21
"DMI",2009,26,-0.1336,2009-06-22,2009-06-28
"ENSO3",2009,26,0.854,2009-06-22,2009-06-28
"ENSO34",2009,26,0.65,2009-06-22,2009-06-28
"ENSO4",2009,26,0.436,2009-06-22,2009-06-28
"DMI",2009,27,-0.183773271889401,2009-06-29,2009-07-05
"ENSO3",2009,27,0.879594470046083,2009-06-29,2009-07-05
"ENSO34",2009,27,0.683917050691244,2009-06-29,2009-07-05
"ENSO4",2009,27,0.465658986175115,2009-06-29,2009-07-05
"DMI",2009,28,-0.169290322580645,2009-07-06,2009-07-12
"ENSO3",2009,28,0.846129032258065,2009-07-06,2009-07-12
"ENSO34",2009,28,0.671935483870968,2009-07-06,2009-07-12
"ENSO4",2009,28,0.501290322580645,2009-07-06,2009-07-12
"DMI",2009,29,-0.14941935483871,2009-07-13,2009-07-19
"ENSO3",2009,29,0.807741935483871,2009-07-13,2009-07-19
"ENSO34",2009,29,0.656129032258065,2009-07-13,2009-07-19
"ENSO4",2009,29,0.53741935483871,2009-07-13,2009-07-19
"DMI",2009,30,-0.129548387096774,2009-07-20,2009-07-26
"ENSO3",2009,30,0.769354838709677,2009-07-20,2009-07-26
"ENSO34",2009,30,0.640322580645161,2009-07-20,2009-07-26
"ENSO4",2009,30,0.573548387096774,2009-07-20,2009-07-26
"DMI",2009,31,-0.110078341013825,2009-07-27,2009-08-02
"ENSO3",2009,31,0.731935483870968,2009-07-27,2009-08-02
"ENSO34",2009,31,0.625115207373272,2009-07-27,2009-08-02
"ENSO4",2009,31,0.608801843317972,2009-07-27,2009-08-02
"DMI",2009,32,-0.103838709677419,2009-08-03,2009-08-09
"ENSO3",2009,32,0.726451612903226,2009-08-03,2009-08-09
"ENSO34",2009,32,0.629677419354839,2009-08-03,2009-08-09
"ENSO4",2009,32,0.615161290322581,2009-08-03,2009-08-09
"DMI",2009,33,-0.103612903225806,2009-08-10,2009-08-16
"ENSO3",2009,33,0.735483870967742,2009-08-10,2009-08-16
"ENSO34",2009,33,0.643225806451613,2009-08-10,2009-08-16
"ENSO4",2009,33,0.608387096774194,2009-08-10,2009-08-16
"DMI",2009,34,-0.103387096774194,2009-08-17,2009-08-23
"ENSO3",2009,34,0.744516129032258,2009-08-17,2009-08-23
"ENSO34",2009,34,0.656774193548387,2009-08-17,2009-08-23
"ENSO4",2009,34,0.601612903225806,2009-08-17,2009-08-23
"DMI",2009,35,-0.103161290322581,2009-08-24,2009-08-30
"ENSO3",2009,35,0.753548387096774,2009-08-24,2009-08-30
"ENSO34",2009,35,0.670322580645161,2009-08-24,2009-08-30
"ENSO4",2009,35,0.594838709677419,2009-08-24,2009-08-30
"DMI",2009,36,-0.0965760368663594,2009-08-31,2009-09-06
"ENSO3",2009,36,0.761244239631336,2009-08-31,2009-09-06
"ENSO34",2009,36,0.699723502304147,2009-08-31,2009-09-06
"ENSO4",2009,36,0.613709677419355,2009-08-31,2009-09-06
"DMI",2009,37,-0.076,2009-09-07,2009-09-13
"ENSO3",2009,37,0.766,2009-09-07,2009-09-13
"ENSO34",2009,37,0.764,2009-09-07,2009-09-13
"ENSO4",2009,37,0.689,2009-09-07,2009-09-13
"DMI",2009,38,-0.055,2009-09-14,2009-09-20
"ENSO3",2009,38,0.770666666666667,2009-09-14,2009-09-20
"ENSO34",2009,38,0.829333333333333,2009-09-14,2009-09-20
"ENSO4",2009,38,0.766,2009-09-14,2009-09-20
"DMI",2009,39,-0.034,2009-09-21,2009-09-27
"ENSO3",2009,39,0.775333333333333,2009-09-21,2009-09-27
"ENSO34",2009,39,0.894666666666667,2009-09-21,2009-09-27
"ENSO4",2009,39,0.843,2009-09-21,2009-09-27
"DMI",2009,40,-0.0170645161290323,2009-09-28,2009-10-04
"ENSO3",2009,40,0.790764976958525,2009-09-28,2009-10-04
"ENSO34",2009,40,0.966654377880184,2009-09-28,2009-10-04
"ENSO4",2009,40,0.918589861751152,2009-09-28,2009-10-04
"DMI",2009,41,-0.0251935483870968,2009-10-05,2009-10-11
"ENSO3",2009,41,0.87258064516129,2009-10-05,2009-10-11
"ENSO34",2009,41,1.07967741935484,2009-10-05,2009-10-11
"ENSO4",2009,41,0.985483870967742,2009-10-05,2009-10-11
"DMI",2009,42,-0.0373870967741936,2009-10-12,2009-10-18
"ENSO3",2009,42,0.965161290322581,2009-10-12,2009-10-18
"ENSO34",2009,42,1.19935483870968,2009-10-12,2009-10-18
"ENSO4",2009,42,1.05096774193548,2009-10-12,2009-10-18
"DMI",2009,43,-0.0495806451612903,2009-10-19,2009-10-25
"ENSO3",2009,43,1.05774193548387,2009-10-19,2009-10-25
"ENSO34",2009,43,1.31903225806452,2009-10-19,2009-10-25
"ENSO4",2009,43,1.11645161290323,2009-10-19,2009-10-25
"DMI",2009,44,-0.0617741935483871,2009-10-26,2009-11-01
"ENSO3",2009,44,1.15032258064516,2009-10-26,2009-11-01
"ENSO34",2009,44,1.43870967741935,2009-10-26,2009-11-01
"ENSO4",2009,44,1.18193548387097,2009-10-26,2009-11-01
"DMI",2009,45,-0.0367333333333333,2009-11-02,2009-11-08
"ENSO3",2009,45,1.22733333333333,2009-11-02,2009-11-08
"ENSO34",2009,45,1.53266666666667,2009-11-02,2009-11-08
"ENSO4",2009,45,1.22333333333333,2009-11-02,2009-11-08
"DMI",2009,46,0.0162333333333333,2009-11-09,2009-11-15
"ENSO3",2009,46,1.29266666666667,2009-11-09,2009-11-15
"ENSO34",2009,46,1.60733333333333,2009-11-09,2009-11-15
"ENSO4",2009,46,1.24666666666667,2009-11-09,2009-11-15
"DMI",2009,47,0.0692,2009-11-16,2009-11-22
"ENSO3",2009,47,1.358,2009-11-16,2009-11-22
"ENSO34",2009,47,1.682,2009-11-16,2009-11-22
"ENSO4",2009,47,1.27,2009-11-16,2009-11-22
"DMI",2009,48,0.122166666666667,2009-11-23,2009-11-29
"ENSO3",2009,48,1.42333333333333,2009-11-23,2009-11-29
"ENSO34",2009,48,1.75666666666667,2009-11-23,2009-11-29
"ENSO4",2009,48,1.29333333333333,2009-11-23,2009-11-29
"DMI",2009,49,0.168181720430108,2009-11-30,2009-12-06
"ENSO3",2009,49,1.44309062980031,2009-11-30,2009-12-06
"ENSO34",2009,49,1.7822089093702,2009-11-30,2009-12-06
"ENSO4",2009,49,1.3026113671275,2009-11-30,2009-12-06
"DMI",2009,50,0.198903225806452,2009-12-07,2009-12-13
"ENSO3",2009,50,1.36258064516129,2009-12-07,2009-12-13
"ENSO34",2009,50,1.69967741935484,2009-12-07,2009-12-13
"ENSO4",2009,50,1.28096774193548,2009-12-07,2009-12-13
"DMI",2009,51,0.229161290322581,2009-12-14,2009-12-20
"ENSO3",2009,51,1.27903225806452,2009-12-14,2009-12-20
"ENSO34",2009,51,1.61387096774194,2009-12-14,2009-12-20
"ENSO4",2009,51,1.25838709677419,2009-12-14,2009-12-20
"DMI",2009,52,0.25941935483871,2009-12-21,2009-12-27
"ENSO3",2009,52,1.19548387096774,2009-12-21,2009-12-27
"ENSO34",2009,52,1.52806451612903,2009-12-21,2009-12-27
"ENSO4",2009,52,1.2358064516129,2009-12-21,2009-12-27
"DMI",2009,53,0.284078341013825,2009-12-28,2010-01-03
"ENSO3",2009,53,1.11276497695853,2009-12-28,2010-01-03
"ENSO34",2009,53,1.44405529953917,2009-12-28,2010-01-03
"ENSO4",2009,53,1.21101382488479,2009-12-28,2010-01-03
"DMI",2010,1,0.241548387096774,2010-01-04,2010-01-10
"ENSO3",2010,1,1.04,2010-01-04,2010-01-10
"ENSO34",2010,1,1.38161290322581,2010-01-04,2010-01-10
"ENSO4",2010,1,1.15967741935484,2010-01-04,2010-01-10
"DMI",2010,2,0.180354838709677,2010-01-11,2010-01-17
"ENSO3",2010,2,0.97,2010-01-11,2010-01-17
"ENSO34",2010,2,1.32516129032258,2010-01-11,2010-01-17
"ENSO4",2010,2,1.10096774193548,2010-01-11,2010-01-17
"DMI",2010,3,0.119161290322581,2010-01-18,2010-01-24
"ENSO3",2010,3,0.9,2010-01-18,2010-01-24
"ENSO34",2010,3,1.26870967741935,2010-01-18,2010-01-24
"ENSO4",2010,3,1.04225806451613,2010-01-18,2010-01-24
"DMI",2010,4,0.0579677419354839,2010-01-25,2010-01-31
"ENSO3",2010,4,0.83,2010-01-25,2010-01-31
"ENSO34",2010,4,1.21225806451613,2010-01-25,2010-01-31
"ENSO4",2010,4,0.983548387096774,2010-01-25,2010-01-31
"DMI",2010,5,0.0696071428571429,2010-02-01,2010-02-07
"ENSO3",2010,5,0.770714285714286,2010-02-01,2010-02-07
"ENSO34",2010,5,1.16821428571429,2010-02-01,2010-02-07
"ENSO4",2010,5,0.944642857142857,2010-02-01,2010-02-07
"DMI",2010,6,0.178357142857143,2010-02-08,2010-02-14
"ENSO3",2010,6,0.725714285714286,2010-02-08,2010-02-14
"ENSO34",2010,6,1.14071428571429,2010-02-08,2010-02-14
"ENSO4",2010,6,0.932142857142857,2010-02-08,2010-02-14
"DMI",2010,7,0.287107142857143,2010-02-15,2010-02-21
"ENSO3",2010,7,0.680714285714286,2010-02-15,2010-02-21
"ENSO34",2010,7,1.11321428571429,2010-02-15,2010-02-21
"ENSO4",2010,7,0.919642857142857,2010-02-15,2010-02-21
"DMI",2010,8,0.395857142857143,2010-02-22,2010-02-28
"ENSO3",2010,8,0.635714285714286,2010-02-22,2010-02-28
"ENSO34",2010,8,1.08571428571429,2010-02-22,2010-02-28
"ENSO4",2010,8,0.907142857142857,2010-02-22,2010-02-28
"DMI",2010,9,0.449483870967742,2010-03-01,2010-03-07
"ENSO3",2010,9,0.602258064516129,2010-03-01,2010-03-07
"ENSO34",2010,9,1.02064516129032,2010-03-01,2010-03-07
"ENSO4",2010,9,0.880645161290323,2010-03-01,2010-03-07
"DMI",2010,10,0.429612903225806,2010-03-08,2010-03-14
"ENSO3",2010,10,0.584193548387097,2010-03-08,2010-03-14
"ENSO34",2010,10,0.905483870967742,2010-03-08,2010-03-14
"ENSO4",2010,10,0.835483870967742,2010-03-08,2010-03-14
"DMI",2010,11,0.409741935483871,2010-03-15,2010-03-21
"ENSO3",2010,11,0.566129032258065,2010-03-15,2010-03-21
"ENSO34",2010,11,0.790322580645161,2010-03-15,2010-03-21
"ENSO4",2010,11,0.790322580645161,2010-03-15,2010-03-21
"DMI",2010,12,0.389870967741935,2010-03-22,2010-03-28
"ENSO3",2010,12,0.548064516129032,2010-03-22,2010-03-28
"ENSO34",2010,12,0.675161290322581,2010-03-22,2010-03-28
"ENSO4",2010,12,0.745161290322581,2010-03-22,2010-03-28
"DMI",2010,13,0.361004608294931,2010-03-29,2010-04-04
"ENSO3",2010,13,0.516783410138249,2010-03-29,2010-04-04
"ENSO34",2010,13,0.553815668202765,2010-03-29,2010-04-04
"ENSO4",2010,13,0.688387096774194,2010-03-29,2010-04-04
"DMI",2010,14,0.276666666666667,2010-04-05,2010-04-11
"ENSO3",2010,14,0.404,2010-04-05,2010-04-11
"ENSO34",2010,14,0.394333333333333,2010-04-05,2010-04-11
"ENSO4",2010,14,0.56,2010-04-05,2010-04-11
"DMI",2010,15,0.183333333333333,2010-04-12,2010-04-18
"ENSO3",2010,15,0.278,2010-04-12,2010-04-18
"ENSO34",2010,15,0.228666666666667,2010-04-12,2010-04-18
"ENSO4",2010,15,0.42,2010-04-12,2010-04-18
"DMI",2010,16,0.09,2010-04-19,2010-04-25
"ENSO3",2010,16,0.152,2010-04-19,2010-04-25
"ENSO34",2010,16,0.063,2010-04-19,2010-04-25
"ENSO4",2010,16,0.28,2010-04-19,2010-04-25
"DMI",2010,17,-0.00193548387096777,2010-04-26,2010-05-02
"ENSO3",2010,17,0.0261751152073733,2010-04-26,2010-05-02
"ENSO34",2010,17,-0.101451612903226,2010-04-26,2010-05-02
"ENSO4",2010,17,0.141244239631336,2010-04-26,2010-05-02
"DMI",2010,18,-0.047741935483871,2010-05-03,2010-05-09
"ENSO3",2010,18,-0.0938709677419355,2010-05-03,2010-05-09
"ENSO34",2010,18,-0.225806451612903,2010-05-03,2010-05-09
"ENSO4",2010,18,0.0435483870967742,2010-05-03,2010-05-09
"DMI",2010,19,-0.0725806451612903,2010-05-10,2010-05-16
"ENSO3",2010,19,-0.211290322580645,2010-05-10,2010-05-16
"ENSO34",2010,19,-0.331935483870968,2010-05-10,2010-05-16
"ENSO4",2010,19,-0.0354838709677419,2010-05-10,2010-05-16
"DMI",2010,20,-0.0974193548387097,2010-05-17,2010-05-23
"ENSO3",2010,20,-0.328709677419355,2010-05-17,2010-05-23
"ENSO34",2010,20,-0.438064516129032,2010-05-17,2010-05-23
"ENSO4",2010,20,-0.114516129032258,2010-05-17,2010-05-23
"DMI",2010,21,-0.122258064516129,2010-05-24,2010-05-30
"ENSO3",2010,21,-0.446129032258065,2010-05-24,2010-05-30
"ENSO34",2010,21,-0.544193548387097,2010-05-24,2010-05-30
"ENSO4",2010,21,-0.193548387096774,2010-05-24,2010-05-30
"DMI",2010,22,-0.129564516129032,2010-05-31,2010-06-06
"ENSO3",2010,22,-0.549746543778802,2010-05-31,2010-06-06
"ENSO34",2010,22,-0.637119815668203,2010-05-31,2010-06-06
"ENSO4",2010,22,-0.274101382488479,2010-05-31,2010-06-06
"DMI",2010,23,-0.0983,2010-06-07,2010-06-13
"ENSO3",2010,23,-0.623,2010-06-07,2010-06-13
"ENSO34",2010,23,-0.701,2010-06-07,2010-06-13
"ENSO4",2010,23,-0.358,2010-06-07,2010-06-13
"DMI",2010,24,-0.0658666666666667,2010-06-14,2010-06-20
"ENSO3",2010,24,-0.695333333333333,2010-06-14,2010-06-20
"ENSO34",2010,24,-0.764,2010-06-14,2010-06-20
"ENSO4",2010,24,-0.442,2010-06-14,2010-06-20
"DMI",2010,25,-0.0334333333333333,2010-06-21,2010-06-27
"ENSO3",2010,25,-0.767666666666667,2010-06-21,2010-06-27
"ENSO34",2010,25,-0.827,2010-06-21,2010-06-27
"ENSO4",2010,25,-0.526,2010-06-21,2010-06-27
"DMI",2010,26,-0.00665806451612903,2010-06-28,2010-07-04
"ENSO3",2010,26,-0.837502304147465,2010-06-28,2010-07-04
"ENSO34",2010,26,-0.894451612903226,2010-06-28,2010-07-04
"ENSO4",2010,26,-0.613815668202765,2010-06-28,2010-07-04
"DMI",2010,27,-0.0147741935483871,2010-07-05,2010-07-11
"ENSO3",2010,27,-0.891935483870968,2010-07-05,2010-07-11
"ENSO34",2010,27,-0.989354838709677,2010-07-05,2010-07-11
"ENSO4",2010,27,-0.725161290322581,2010-07-05,2010-07-11
"DMI",2010,28,-0.0285483870967742,2010-07-12,2010-07-18
"ENSO3",2010,28,-0.943870967741935,2010-07-12,2010-07-18
"ENSO34",2010,28,-1.08870967741935,2010-07-12,2010-07-18
"ENSO4",2010,28,-0.840322580645161,2010-07-12,2010-07-18
"DMI",2010,29,-0.0423225806451613,2010-07-19,2010-07-25
"ENSO3",2010,29,-0.995806451612903,2010-07-19,2010-07-25
"ENSO34",2010,29,-1.18806451612903,2010-07-19,2010-07-25
"ENSO4",2010,29,-0.955483870967742,2010-07-19,2010-07-25
"DMI",2010,30,-0.0560967741935484,2010-07-26,2010-08-01
"ENSO3",2010,30,-1.04774193548387,2010-07-26,2010-08-01
"ENSO34",2010,30,-1.28741935483871,2010-07-26,2010-08-01
"ENSO4",2010,30,-1.07064516129032,2010-07-26,2010-08-01
"DMI",2010,31,-0.0885806451612903,2010-08-02,2010-08-08
"ENSO3",2010,31,-1.10483870967742,2010-08-02,2010-08-08
"ENSO34",2010,31,-1.35967741935484,2010-08-02,2010-08-08
"ENSO4",2010,31,-1.14064516129032,2010-08-02,2010-08-08
"DMI",2010,32,-0.135096774193548,2010-08-09,2010-08-15
"ENSO3",2010,32,-1.1658064516129,2010-08-09,2010-08-15
"ENSO34",2010,32,-1.41161290322581,2010-08-09,2010-08-15
"ENSO4",2010,32,-1.17677419354839,2010-08-09,2010-08-15
"DMI",2010,33,-0.181612903225806,2010-08-16,2010-08-22
"ENSO3",2010,33,-1.22677419354839,2010-08-16,2010-08-22
"ENSO34",2010,33,-1.46354838709677,2010-08-16,2010-08-22
"ENSO4",2010,33,-1.21290322580645,2010-08-16,2010-08-22
"DMI",2010,34,-0.228129032258065,2010-08-23,2010-08-29
"ENSO3",2010,34,-1.28774193548387,2010-08-23,2010-08-29
"ENSO34",2010,34,-1.51548387096774,2010-08-23,2010-08-29
"ENSO4",2010,34,-1.24903225806452,2010-08-23,2010-08-29
"DMI",2010,35,-0.273199692780338,2010-08-30,2010-09-05
"ENSO3",2010,35,-1.35341013824885,2010-08-30,2010-09-05
"ENSO34",2010,35,-1.56110599078341,2010-08-30,2010-09-05
"ENSO4",2010,35,-1.28350230414747,2010-08-30,2010-09-05
"DMI",2010,36,-0.313066666666667,2010-09-06,2010-09-12
"ENSO3",2010,36,-1.436,2010-09-06,2010-09-12
"ENSO34",2010,36,-1.584,2010-09-06,2010-09-12
"ENSO4",2010,36,-1.312,2010-09-06,2010-09-12
"DMI",2010,37,-0.3525,2010-09-13,2010-09-19
"ENSO3",2010,37,-1.52,2010-09-13,2010-09-19
"ENSO34",2010,37,-1.605,2010-09-13,2010-09-19
"ENSO4",2010,37,-1.34,2010-09-13,2010-09-19
"DMI",2010,38,-0.391933333333333,2010-09-20,2010-09-26
"ENSO3",2010,38,-1.604,2010-09-20,2010-09-26
"ENSO34",2010,38,-1.626,2010-09-20,2010-09-26
"ENSO4",2010,38,-1.368,2010-09-20,2010-09-26
"DMI",2010,39,-0.429754224270353,2010-09-27,2010-10-03
"ENSO3",2010,39,-1.68092165898618,2010-09-27,2010-10-03
"ENSO34",2010,39,-1.64460829493088,2010-09-27,2010-10-03
"ENSO4",2010,39,-1.39442396313364,2010-09-27,2010-10-03
"DMI",2010,40,-0.448225806451613,2010-10-04,2010-10-10
"ENSO3",2010,40,-1.67290322580645,2010-10-04,2010-10-10
"ENSO34",2010,40,-1.63451612903226,2010-10-04,2010-10-10
"ENSO4",2010,40,-1.40193548387097,2010-10-04,2010-10-10
"DMI",2010,41,-0.461322580645161,2010-10-11,2010-10-17
"ENSO3",2010,41,-1.64129032258065,2010-10-11,2010-10-17
"ENSO34",2010,41,-1.61645161290323,2010-10-11,2010-10-17
"ENSO4",2010,41,-1.4041935483871,2010-10-11,2010-10-17
"DMI",2010,42,-0.47441935483871,2010-10-18,2010-10-24
"ENSO3",2010,42,-1.60967741935484,2010-10-18,2010-10-24
"ENSO34",2010,42,-1.59838709677419,2010-10-18,2010-10-24
"ENSO4",2010,42,-1.40645161290323,2010-10-18,2010-10-24
"DMI",2010,43,-0.487516129032258,2010-10-25,2010-10-31
"ENSO3",2010,43,-1.57806451612903,2010-10-25,2010-10-31
"ENSO34",2010,43,-1.58032258064516,2010-10-25,2010-10-31
"ENSO4",2010,43,-1.40870967741935,2010-10-25,2010-10-31
"DMI",2010,44,-0.4667,2010-11-01,2010-11-07
"ENSO3",2010,44,-1.559,2010-11-01,2010-11-07
"ENSO34",2010,44,-1.576,2010-11-01,2010-11-07
"ENSO4",2010,44,-1.406,2010-11-01,2010-11-07
"DMI",2010,45,-0.400666666666667,2010-11-08,2010-11-14
"ENSO3",2010,45,-1.55666666666667,2010-11-08,2010-11-14
"ENSO34",2010,45,-1.59,2010-11-08,2010-11-14
"ENSO4",2010,45,-1.39666666666667,2010-11-08,2010-11-14
"DMI",2010,46,-0.334633333333333,2010-11-15,2010-11-21
"ENSO3",2010,46,-1.55433333333333,2010-11-15,2010-11-21
"ENSO34",2010,46,-1.604,2010-11-15,2010-11-21
"ENSO4",2010,46,-1.38733333333333,2010-11-15,2010-11-21
"DMI",2010,47,-0.2686,2010-11-22,2010-11-28
"ENSO3",2010,47,-1.552,2010-11-22,2010-11-28
"ENSO34",2010,47,-1.618,2010-11-22,2010-11-28
"ENSO4",2010,47,-1.378,2010-11-22,2010-11-28
"DMI",2010,48,-0.19742534562212,2010-11-29,2010-12-05
"ENSO3",2010,48,-1.54369124423963,2010-11-29,2010-12-05
"ENSO34",2010,48,-1.63236866359447,2010-11-29,2010-12-05
"ENSO4",2010,48,-1.37103225806452,2010-11-29,2010-12-05
"DMI",2010,49,-0.107741935483871,2010-12-06,2010-12-12
"ENSO3",2010,49,-1.51387096774194,2010-12-06,2010-12-12
"ENSO34",2010,49,-1.64806451612903,2010-12-06,2010-12-12
"ENSO4",2010,49,-1.37258064516129,2010-12-06,2010-12-12
"DMI",2010,50,-0.016516129032258,2010-12-13,2010-12-19
"ENSO3",2010,50,-1.48225806451613,2010-12-13,2010-12-19
"ENSO34",2010,50,-1.66387096774194,2010-12-13,2010-12-19
"ENSO4",2010,50,-1.37483870967742,2010-12-13,2010-12-19
"DMI",2010,51,0.0747096774193549,2010-12-20,2010-12-26
"ENSO3",2010,51,-1.45064516129032,2010-12-20,2010-12-26
"ENSO34",2010,51,-1.67967741935484,2010-12-20,2010-12-26
"ENSO4",2010,51,-1.37709677419355,2010-12-20,2010-12-26
"DMI",2010,52,0.164304147465438,2010-12-27,2011-01-02
"ENSO3",2010,52,-1.41705069124424,2010-12-27,2011-01-02
"ENSO34",2010,52,-1.693133640553,2010-12-27,2011-01-02
"ENSO4",2010,52,-1.37764976958525,2010-12-27,2011-01-02
"DMI",2011,1,0.200064516129032,2011-01-03,2011-01-09
"ENSO3",2011,1,-1.31806451612903,2011-01-03,2011-01-09
"ENSO34",2011,1,-1.62903225806452,2011-01-03,2011-01-09
"ENSO4",2011,1,-1.32193548387097,2011-01-03,2011-01-09
"DMI",2011,2,0.211354838709677,2011-01-10,2011-01-16
"ENSO3",2011,2,-1.18935483870968,2011-01-10,2011-01-16
"ENSO34",2011,2,-1.52967741935484,2011-01-10,2011-01-16
"ENSO4",2011,2,-1.24064516129032,2011-01-10,2011-01-16
"DMI",2011,3,0.222645161290323,2011-01-17,2011-01-23
"ENSO3",2011,3,-1.06064516129032,2011-01-17,2011-01-23
"ENSO34",2011,3,-1.43032258064516,2011-01-17,2011-01-23
"ENSO4",2011,3,-1.15935483870968,2011-01-17,2011-01-23
"DMI",2011,4,0.233935483870968,2011-01-24,2011-01-30
"ENSO3",2011,4,-0.931935483870968,2011-01-24,2011-01-30
"ENSO34",2011,4,-1.33096774193548,2011-01-24,2011-01-30
"ENSO4",2011,4,-1.07806451612903,2011-01-24,2011-01-30
"DMI",2011,5,0.251335911784068,2011-01-31,2011-02-06
"ENSO3",2011,5,-0.837269585253456,2011-01-31,2011-02-06
"ENSO34",2011,5,-1.24059907834101,2011-01-31,2011-02-06
"ENSO4",2011,5,-1.00023041474654,2011-01-31,2011-02-06
"DMI",2011,6,0.282178571428571,2011-02-07,2011-02-13
"ENSO3",2011,6,-0.8175,2011-02-07,2011-02-13
"ENSO34",2011,6,-1.17,2011-02-07,2011-02-13
"ENSO4",2011,6,-0.93,2011-02-07,2011-02-13
"DMI",2011,7,0.313428571428571,2011-02-14,2011-02-20
"ENSO3",2011,7,-0.8,2011-02-14,2011-02-20
"ENSO34",2011,7,-1.1,2011-02-14,2011-02-20
"ENSO4",2011,7,-0.86,2011-02-14,2011-02-20
"DMI",2011,8,0.344678571428571,2011-02-21,2011-02-27
"ENSO3",2011,8,-0.7825,2011-02-21,2011-02-27
"ENSO34",2011,8,-1.03,2011-02-21,2011-02-27
"ENSO4",2011,8,-0.79,2011-02-21,2011-02-27
"DMI",2011,9,0.351638742593812,2011-02-28,2011-03-06
"ENSO3",2011,9,-0.742016129032258,2011-02-28,2011-03-06
"ENSO34",2011,9,-0.964838709677419,2011-02-28,2011-03-06
"ENSO4",2011,9,-0.737972350230415,2011-02-28,2011-03-06
"DMI",2011,10,0.305161290322581,2011-03-07,2011-03-13
"ENSO3",2011,10,-0.650967741935484,2011-03-07,2011-03-13
"ENSO34",2011,10,-0.910322580645161,2011-03-07,2011-03-13
"ENSO4",2011,10,-0.725483870967742,2011-03-07,2011-03-13
"DMI",2011,11,0.257064516129032,2011-03-14,2011-03-20
"ENSO3",2011,11,-0.558387096774194,2011-03-14,2011-03-20
"ENSO34",2011,11,-0.856129032258064,2011-03-14,2011-03-20
"ENSO4",2011,11,-0.714193548387097,2011-03-14,2011-03-20
"DMI",2011,12,0.208967741935484,2011-03-21,2011-03-27
"ENSO3",2011,12,-0.465806451612903,2011-03-21,2011-03-27
"ENSO34",2011,12,-0.801935483870968,2011-03-21,2011-03-27
"ENSO4",2011,12,-0.702903225806452,2011-03-21,2011-03-27
"DMI",2011,13,0.160344239631336,2011-03-28,2011-04-03
"ENSO3",2011,13,-0.377036866359447,2011-03-28,2011-04-03
"ENSO34",2011,13,-0.748059907834101,2011-03-28,2011-04-03
"ENSO4",2011,13,-0.690018433179723,2011-03-28,2011-04-03
"DMI",2011,14,0.1054,2011-04-04,2011-04-10
"ENSO3",2011,14,-0.334,2011-04-04,2011-04-10
"ENSO34",2011,14,-0.698,2011-04-04,2011-04-10
"ENSO4",2011,14,-0.658,2011-04-04,2011-04-10
"DMI",2011,15,0.0487,2011-04-11,2011-04-17
"ENSO3",2011,15,-0.303666666666667,2011-04-11,2011-04-17
"ENSO34",2011,15,-0.649,2011-04-11,2011-04-17
"ENSO4",2011,15,-0.620666666666667,2011-04-11,2011-04-17
"DMI",2011,16,-0.00799999999999999,2011-04-18,2011-04-24
"ENSO3",2011,16,-0.273333333333333,2011-04-18,2011-04-24
"ENSO34",2011,16,-0.6,2011-04-18,2011-04-24
"ENSO4",2011,16,-0.583333333333333,2011-04-18,2011-04-24
"DMI",2011,17,-0.0647,2011-04-25,2011-05-01
"ENSO3",2011,17,-0.243,2011-04-25,2011-05-01
"ENSO34",2011,17,-0.551,2011-04-25,2011-05-01
"ENSO4",2011,17,-0.546,2011-04-25,2011-05-01
"DMI",2011,18,-0.0704193548387097,2011-05-02,2011-05-08
"ENSO3",2011,18,-0.188709677419355,2011-05-02,2011-05-08
"ENSO34",2011,18,-0.493870967741936,2011-05-02,2011-05-08
"ENSO4",2011,18,-0.515806451612903,2011-05-02,2011-05-08
"DMI",2011,19,-0.0379032258064516,2011-05-09,2011-05-15
"ENSO3",2011,19,-0.116451612903226,2011-05-09,2011-05-15
"ENSO34",2011,19,-0.430645161290323,2011-05-09,2011-05-15
"ENSO4",2011,19,-0.490967741935484,2011-05-09,2011-05-15
"DMI",2011,20,-0.00538709677419355,2011-05-16,2011-05-22
"ENSO3",2011,20,-0.0441935483870968,2011-05-16,2011-05-22
"ENSO34",2011,20,-0.36741935483871,2011-05-16,2011-05-22
"ENSO4",2011,20,-0.466129032258065,2011-05-16,2011-05-22
"DMI",2011,21,0.0271290322580645,2011-05-23,2011-05-29
"ENSO3",2011,21,0.0280645161290323,2011-05-23,2011-05-29
"ENSO34",2011,21,-0.304193548387097,2011-05-23,2011-05-29
"ENSO4",2011,21,-0.441290322580645,2011-05-23,2011-05-29
"DMI",2011,22,0.0610092165898617,2011-05-30,2011-06-05
"ENSO3",2011,22,0.084147465437788,2011-05-30,2011-06-05
"ENSO34",2011,22,-0.252918586789555,2011-05-30,2011-06-05
"ENSO4",2011,22,-0.423901689708141,2011-05-30,2011-06-05
"DMI",2011,23,0.0998,2011-06-06,2011-06-12
"ENSO3",2011,23,0.082,2011-06-06,2011-06-12
"ENSO34",2011,23,-0.244666666666667,2011-06-06,2011-06-12
"ENSO4",2011,23,-0.433333333333333,2011-06-06,2011-06-12
"DMI",2011,24,0.139,2011-06-13,2011-06-19
"ENSO3",2011,24,0.075,2011-06-13,2011-06-19
"ENSO34",2011,24,-0.24,2011-06-13,2011-06-19
"ENSO4",2011,24,-0.445,2011-06-13,2011-06-19
"DMI",2011,25,0.1782,2011-06-20,2011-06-26
"ENSO3",2011,25,0.068,2011-06-20,2011-06-26
"ENSO34",2011,25,-0.235333333333333,2011-06-20,2011-06-26
"ENSO4",2011,25,-0.456666666666667,2011-06-20,2011-06-26
"DMI",2011,26,0.216672811059908,2011-06-27,2011-07-03
"ENSO3",2011,26,0.0550691244239631,2011-06-27,2011-07-03
"ENSO34",2011,26,-0.23689708141321,2011-06-27,2011-07-03
"ENSO4",2011,26,-0.469139784946237,2011-06-27,2011-07-03
"DMI",2011,27,0.24641935483871,2011-07-04,2011-07-10
"ENSO3",2011,27,-0.0290322580645161,2011-07-04,2011-07-10
"ENSO34",2011,27,-0.313225806451613,2011-07-04,2011-07-10
"ENSO4",2011,27,-0.491290322580645,2011-07-04,2011-07-10
"DMI",2011,28,0.273741935483871,2011-07-11,2011-07-17
"ENSO3",2011,28,-0.132903225806452,2011-07-11,2011-07-17
"ENSO34",2011,28,-0.410322580645161,2011-07-11,2011-07-17
"ENSO4",2011,28,-0.516129032258065,2011-07-11,2011-07-17
"DMI",2011,29,0.301064516129032,2011-07-18,2011-07-24
"ENSO3",2011,29,-0.236774193548387,2011-07-18,2011-07-24
"ENSO34",2011,29,-0.50741935483871,2011-07-18,2011-07-24
"ENSO4",2011,29,-0.540967741935484,2011-07-18,2011-07-24
"DMI",2011,30,0.328387096774194,2011-07-25,2011-07-31
"ENSO3",2011,30,-0.340645161290323,2011-07-25,2011-07-31
"ENSO34",2011,30,-0.604516129032258,2011-07-25,2011-07-31
"ENSO4",2011,30,-0.565806451612903,2011-07-25,2011-07-31
"DMI",2011,31,0.330258064516129,2011-08-01,2011-08-07
"ENSO3",2011,31,-0.427096774193548,2011-08-01,2011-08-07
"ENSO34",2011,31,-0.669677419354839,2011-08-01,2011-08-07
"ENSO4",2011,31,-0.589677419354839,2011-08-01,2011-08-07
"DMI",2011,32,0.298193548387097,2011-08-08,2011-08-14
"ENSO3",2011,32,-0.490322580645161,2011-08-08,2011-08-14
"ENSO34",2011,32,-0.692258064516129,2011-08-08,2011-08-14
"ENSO4",2011,32,-0.612258064516129,2011-08-08,2011-08-14
"DMI",2011,33,0.266129032258065,2011-08-15,2011-08-21
"ENSO3",2011,33,-0.553548387096774,2011-08-15,2011-08-21
"ENSO34",2011,33,-0.714838709677419,2011-08-15,2011-08-21
"ENSO4",2011,33,-0.634838709677419,2011-08-15,2011-08-21
"DMI",2011,34,0.234064516129032,2011-08-22,2011-08-28
"ENSO3",2011,34,-0.616774193548387,2011-08-22,2011-08-28
"ENSO34",2011,34,-0.73741935483871,2011-08-22,2011-08-28
"ENSO4",2011,34,-0.65741935483871,2011-08-22,2011-08-28
"DMI",2011,35,0.210326267281106,2011-08-29,2011-09-04
"ENSO3",2011,35,-0.680829493087558,2011-08-29,2011-09-04
"ENSO34",2011,35,-0.762092165898618,2011-08-29,2011-09-04
"ENSO4",2011,35,-0.679235023041475,2011-08-29,2011-09-04
"DMI",2011,36,0.237933333333333,2011-09-05,2011-09-11
"ENSO3",2011,36,-0.75,2011-09-05,2011-09-11
"ENSO34",2011,36,-0.799666666666667,2011-09-05,2011-09-11
"ENSO4",2011,36,-0.696333333333333,2011-09-05,2011-09-11
"DMI",2011,37,0.273866666666667,2011-09-12,2011-09-18
"ENSO3",2011,37,-0.82,2011-09-12,2011-09-18
"ENSO34",2011,37,-0.839333333333333,2011-09-12,2011-09-18
"ENSO4",2011,37,-0.712666666666667,2011-09-12,2011-09-18
"DMI",2011,38,0.3098,2011-09-19,2011-09-25
"ENSO3",2011,38,-0.89,2011-09-19,2011-09-25
"ENSO34",2011,38,-0.879,2011-09-19,2011-09-25
"ENSO4",2011,38,-0.729,2011-09-19,2011-09-25
"DMI",2011,39,0.344907834101382,2011-09-26,2011-10-02
"ENSO3",2011,39,-0.958847926267281,2011-09-26,2011-10-02
"ENSO34",2011,39,-0.918594470046083,2011-09-26,2011-10-02
"ENSO4",2011,39,-0.744953917050691,2011-09-26,2011-10-02
"DMI",2011,40,0.352774193548387,2011-10-03,2011-10-09
"ENSO3",2011,40,-0.989677419354839,2011-10-03,2011-10-09
"ENSO34",2011,40,-0.955806451612903,2011-10-03,2011-10-09
"ENSO4",2011,40,-0.748387096774194,2011-10-03,2011-10-09
"DMI",2011,41,0.348258064516129,2011-10-10,2011-10-16
"ENSO3",2011,41,-1.00322580645161,2011-10-10,2011-10-16
"ENSO34",2011,41,-0.991935483870968,2011-10-10,2011-10-16
"ENSO4",2011,41,-0.746129032258064,2011-10-10,2011-10-16
"DMI",2011,42,0.343741935483871,2011-10-17,2011-10-23
"ENSO3",2011,42,-1.01677419354839,2011-10-17,2011-10-23
"ENSO34",2011,42,-1.02806451612903,2011-10-17,2011-10-23
"ENSO4",2011,42,-0.743870967741936,2011-10-17,2011-10-23
"DMI",2011,43,0.339225806451613,2011-10-24,2011-10-30
"ENSO3",2011,43,-1.03032258064516,2011-10-24,2011-10-30
"ENSO34",2011,43,-1.0641935483871,2011-10-24,2011-10-30
"ENSO4",2011,43,-0.741612903225806,2011-10-24,2011-10-30
"DMI",2011,44,0.30294930875576,2011-10-31,2011-11-06
"ENSO3",2011,44,-1.021866359447,2011-10-31,2011-11-06
"ENSO34",2011,44,-1.08640552995392,2011-10-31,2011-11-06
"ENSO4",2011,44,-0.76147465437788,2011-10-31,2011-11-06
"DMI",2011,45,0.1968,2011-11-07,2011-11-13
"ENSO3",2011,45,-0.965,2011-11-07,2011-11-13
"ENSO34",2011,45,-1.078,2011-11-07,2011-11-13
"ENSO4",2011,45,-0.83,2011-11-07,2011-11-13
"DMI",2011,46,0.0885333333333334,2011-11-14,2011-11-20
"ENSO3",2011,46,-0.906666666666667,2011-11-14,2011-11-20
"ENSO34",2011,46,-1.06866666666667,2011-11-14,2011-11-20
"ENSO4",2011,46,-0.9,2011-11-14,2011-11-20
"DMI",2011,47,-0.0197333333333333,2011-11-21,2011-11-27
"ENSO3",2011,47,-0.848333333333333,2011-11-21,2011-11-27
"ENSO34",2011,47,-1.05933333333333,2011-11-21,2011-11-27
"ENSO4",2011,47,-0.97,2011-11-21,2011-11-27
"DMI",2011,48,-0.109931797235023,2011-11-28,2011-12-04
"ENSO3",2011,48,-0.795483870967742,2011-11-28,2011-12-04
"ENSO34",2011,48,-1.04782488479263,2011-11-28,2011-12-04
"ENSO4",2011,48,-1.03059907834101,2011-11-28,2011-12-04
"DMI",2011,49,-0.0887096774193548,2011-12-05,2011-12-11
"ENSO3",2011,49,-0.776451612903226,2011-12-05,2011-12-11
"ENSO34",2011,49,-1.02290322580645,2011-12-05,2011-12-11
"ENSO4",2011,49,-1.03322580645161,2011-12-05,2011-12-11
"DMI",2011,50,-0.0494193548387097,2011-12-12,2011-12-18
"ENSO3",2011,50,-0.762903225806452,2011-12-12,2011-12-18
"ENSO34",2011,50,-0.995806451612903,2011-12-12,2011-12-18
"ENSO4",2011,50,-1.02645161290323,2011-12-12,2011-12-18
"DMI",2011,51,-0.0101290322580645,2011-12-19,2011-12-25
"ENSO3",2011,51,-0.749354838709677,2011-12-19,2011-12-25
"ENSO34",2011,51,-0.968709677419355,2011-12-19,2011-12-25
"ENSO4",2011,51,-1.01967741935484,2011-12-19,2011-12-25
"DMI",2011,52,0.0291612903225806,2011-12-26,2012-01-01
"ENSO3",2011,52,-0.735806451612903,2011-12-26,2012-01-01
"ENSO34",2011,52,-0.941612903225806,2011-12-26,2012-01-01
"ENSO4",2011,52,-1.01290322580645,2011-12-26,2012-01-01
"DMI",2012,1,0.03,2012-01-02,2012-01-08
"ENSO3",2012,1,-0.653870967741935,2012-01-02,2012-01-08
"ENSO34",2012,1,-0.888709677419355,2012-01-02,2012-01-08
"ENSO4",2012,1,-0.97258064516129,2012-01-02,2012-01-08
"DMI",2012,2,0.002,2012-01-09,2012-01-15
"ENSO3",2012,2,-0.520645161290323,2012-01-09,2012-01-15
"ENSO34",2012,2,-0.816451612903226,2012-01-09,2012-01-15
"ENSO4",2012,2,-0.907096774193548,2012-01-09,2012-01-15
"DMI",2012,3,-0.026,2012-01-16,2012-01-22
"ENSO3",2012,3,-0.38741935483871,2012-01-16,2012-01-22
"ENSO34",2012,3,-0.744193548387097,2012-01-16,2012-01-22
"ENSO4",2012,3,-0.841612903225806,2012-01-16,2012-01-22
"DMI",2012,4,-0.054,2012-01-23,2012-01-29
"ENSO3",2012,4,-0.254193548387097,2012-01-23,2012-01-29
"ENSO34",2012,4,-0.671935483870968,2012-01-23,2012-01-29
"ENSO4",2012,4,-0.776129032258065,2012-01-23,2012-01-29
"DMI",2012,5,-0.0711625615763547,2012-01-30,2012-02-05
"ENSO3",2012,5,-0.148649292865088,2012-01-30,2012-02-05
"ENSO34",2012,5,-0.608020022246941,2012-01-30,2012-02-05
"ENSO4",2012,5,-0.716127443190847,2012-01-30,2012-02-05
"DMI",2012,6,-0.0493103448275862,2012-02-06,2012-02-12
"ENSO3",2012,6,-0.142758620689655,2012-02-06,2012-02-12
"ENSO34",2012,6,-0.574137931034483,2012-02-06,2012-02-12
"ENSO4",2012,6,-0.675862068965517,2012-02-06,2012-02-12
"DMI",2012,7,-0.0242068965517241,2012-02-13,2012-02-19
"ENSO3",2012,7,-0.145172413793103,2012-02-13,2012-02-19
"ENSO34",2012,7,-0.542758620689655,2012-02-13,2012-02-19
"ENSO4",2012,7,-0.637241379310345,2012-02-13,2012-02-19
"DMI",2012,8,0.000896551724137926,2012-02-20,2012-02-26
"ENSO3",2012,8,-0.147586206896552,2012-02-20,2012-02-26
"ENSO34",2012,8,-0.511379310344828,2012-02-20,2012-02-26
"ENSO4",2012,8,-0.598620689655172,2012-02-20,2012-02-26
"DMI",2012,9,0.014714126807564,2012-02-27,2012-03-04
"ENSO3",2012,9,-0.145556968059749,2012-02-27,2012-03-04
"ENSO34",2012,9,-0.478588908310822,2012-02-27,2012-03-04
"ENSO4",2012,9,-0.558093119338948,2012-02-27,2012-03-04
"DMI",2012,10,-0.0410645161290323,2012-03-05,2012-03-11
"ENSO3",2012,10,-0.116129032258065,2012-03-05,2012-03-11
"ENSO34",2012,10,-0.437096774193548,2012-03-05,2012-03-11
"ENSO4",2012,10,-0.505806451612903,2012-03-05,2012-03-11
"DMI",2012,11,-0.108129032258065,2012-03-12,2012-03-18
"ENSO3",2012,11,-0.082258064516129,2012-03-12,2012-03-18
"ENSO34",2012,11,-0.394193548387097,2012-03-12,2012-03-18
"ENSO4",2012,11,-0.451612903225806,2012-03-12,2012-03-18
"DMI",2012,12,-0.175193548387097,2012-03-19,2012-03-25
"ENSO3",2012,12,-0.0483870967741935,2012-03-19,2012-03-25
"ENSO34",2012,12,-0.351290322580645,2012-03-19,2012-03-25
"ENSO4",2012,12,-0.39741935483871,2012-03-19,2012-03-25
"DMI",2012,13,-0.242258064516129,2012-03-26,2012-04-01
"ENSO3",2012,13,-0.0145161290322581,2012-03-26,2012-04-01
"ENSO34",2012,13,-0.308387096774194,2012-03-26,2012-04-01
"ENSO4",2012,13,-0.343225806451613,2012-03-26,2012-04-01
"DMI",2012,14,-0.2842,2012-04-02,2012-04-08
"ENSO3",2012,14,0.00133333333333333,2012-04-02,2012-04-08
"ENSO34",2012,14,-0.275333333333333,2012-04-02,2012-04-08
"ENSO4",2012,14,-0.314666666666667,2012-04-02,2012-04-08
"DMI",2012,15,-0.3073,2012-04-09,2012-04-15
"ENSO3",2012,15,0.00366666666666667,2012-04-09,2012-04-15
"ENSO34",2012,15,-0.249666666666667,2012-04-09,2012-04-15
"ENSO4",2012,15,-0.305333333333333,2012-04-09,2012-04-15
"DMI",2012,16,-0.3304,2012-04-16,2012-04-22
"ENSO3",2012,16,0.006,2012-04-16,2012-04-22
"ENSO34",2012,16,-0.224,2012-04-16,2012-04-22
"ENSO4",2012,16,-0.296,2012-04-16,2012-04-22
"DMI",2012,17,-0.3535,2012-04-23,2012-04-29
"ENSO3",2012,17,0.00833333333333333,2012-04-23,2012-04-29
"ENSO34",2012,17,-0.198333333333333,2012-04-23,2012-04-29
"ENSO4",2012,17,-0.286666666666667,2012-04-23,2012-04-29
"DMI",2012,18,-0.343883410138249,2012-04-30,2012-05-06
"ENSO3",2012,18,0.0438233486943164,2012-04-30,2012-05-06
"ENSO34",2012,18,-0.158403993855607,2012-04-30,2012-05-06
"ENSO4",2012,18,-0.2718955453149,2012-04-30,2012-05-06
"DMI",2012,19,-0.262290322580645,2012-05-07,2012-05-13
"ENSO3",2012,19,0.152258064516129,2012-05-07,2012-05-13
"ENSO34",2012,19,-0.0870967741935484,2012-05-07,2012-05-13
"ENSO4",2012,19,-0.245161290322581,2012-05-07,2012-05-13
"DMI",2012,20,-0.178516129032258,2012-05-14,2012-05-20
"ENSO3",2012,20,0.262903225806452,2012-05-14,2012-05-20
"ENSO34",2012,20,-0.0148387096774193,2012-05-14,2012-05-20
"ENSO4",2012,20,-0.218064516129032,2012-05-14,2012-05-20
"DMI",2012,21,-0.094741935483871,2012-05-21,2012-05-27
"ENSO3",2012,21,0.373548387096774,2012-05-21,2012-05-27
"ENSO34",2012,21,0.0574193548387097,2012-05-21,2012-05-27
"ENSO4",2012,21,-0.190967741935484,2012-05-21,2012-05-27
"DMI",2012,22,-0.0083110599078341,2012-05-28,2012-06-03
"ENSO3",2012,22,0.482133640552995,2012-05-28,2012-06-03
"ENSO34",2012,22,0.129539170506912,2012-05-28,2012-06-03
"ENSO4",2012,22,-0.164101382488479,2012-05-28,2012-06-03
"DMI",2012,23,0.11,2012-06-04,2012-06-10
"ENSO3",2012,23,0.566,2012-06-04,2012-06-10
"ENSO34",2012,23,0.2,2012-06-04,2012-06-10
"ENSO4",2012,23,-0.14,2012-06-04,2012-06-10
"DMI",2012,24,0.237166666666667,2012-06-11,2012-06-17
"ENSO3",2012,24,0.643,2012-06-11,2012-06-17
"ENSO34",2012,24,0.27,2012-06-11,2012-06-17
"ENSO4",2012,24,-0.116666666666667,2012-06-11,2012-06-17
"DMI",2012,25,0.364333333333333,2012-06-18,2012-06-24
"ENSO3",2012,25,0.72,2012-06-18,2012-06-24
"ENSO34",2012,25,0.34,2012-06-18,2012-06-24
"ENSO4",2012,25,-0.0933333333333333,2012-06-18,2012-06-24
"DMI",2012,26,0.4915,2012-06-25,2012-07-01
"ENSO3",2012,26,0.797,2012-06-25,2012-07-01
"ENSO34",2012,26,0.41,2012-06-25,2012-07-01
"ENSO4",2012,26,-0.07,2012-06-25,2012-07-01
"DMI",2012,27,0.559677419354839,2012-07-02,2012-07-08
"ENSO3",2012,27,0.819677419354839,2012-07-02,2012-07-08
"ENSO34",2012,27,0.468387096774194,2012-07-02,2012-07-08
"ENSO4",2012,27,-0.0161290322580645,2012-07-02,2012-07-08
"DMI",2012,28,0.583612903225807,2012-07-09,2012-07-15
"ENSO3",2012,28,0.801612903225806,2012-07-09,2012-07-15
"ENSO34",2012,28,0.518064516129032,2012-07-09,2012-07-15
"ENSO4",2012,28,0.0606451612903226,2012-07-09,2012-07-15
"DMI",2012,29,0.607548387096774,2012-07-16,2012-07-22
"ENSO3",2012,29,0.783548387096774,2012-07-16,2012-07-22
"ENSO34",2012,29,0.567741935483871,2012-07-16,2012-07-22
"ENSO4",2012,29,0.13741935483871,2012-07-16,2012-07-22
"DMI",2012,30,0.631483870967742,2012-07-23,2012-07-29
"ENSO3",2012,30,0.765483870967742,2012-07-23,2012-07-29
"ENSO34",2012,30,0.61741935483871,2012-07-23,2012-07-29
"ENSO4",2012,30,0.214193548387097,2012-07-23,2012-07-29
"DMI",2012,31,0.641364055299539,2012-07-30,2012-08-05
"ENSO3",2012,31,0.734516129032258,2012-07-30,2012-08-05
"ENSO34",2012,31,0.646820276497696,2012-07-30,2012-08-05
"ENSO4",2012,31,0.275299539170507,2012-07-30,2012-08-05
"DMI",2012,32,0.600645161290323,2012-08-06,2012-08-12
"ENSO3",2012,32,0.657096774193548,2012-08-06,2012-08-12
"ENSO34",2012,32,0.603225806451613,2012-08-06,2012-08-12
"ENSO4",2012,32,0.28,2012-08-06,2012-08-12
"DMI",2012,33,0.555709677419355,2012-08-13,2012-08-19
"ENSO3",2012,33,0.575806451612903,2012-08-13,2012-08-19
"ENSO34",2012,33,0.553548387096774,2012-08-13,2012-08-19
"ENSO4",2012,33,0.28,2012-08-13,2012-08-19
"DMI",2012,34,0.510774193548387,2012-08-20,2012-08-26
"ENSO3",2012,34,0.494516129032258,2012-08-20,2012-08-26
"ENSO34",2012,34,0.503870967741936,2012-08-20,2012-08-26
"ENSO4",2012,34,0.28,2012-08-20,2012-08-26
"DMI",2012,35,0.46512242703533,2012-08-27,2012-09-02
"ENSO3",2012,35,0.413218125960061,2012-08-27,2012-09-02
"ENSO34",2012,35,0.454207373271889,2012-08-27,2012-09-02
"ENSO4",2012,35,0.280238095238095,2012-08-27,2012-09-02
"DMI",2012,36,0.395833333333333,2012-09-03,2012-09-09
"ENSO3",2012,36,0.331666666666667,2012-09-03,2012-09-09
"ENSO34",2012,36,0.405,2012-09-03,2012-09-09
"ENSO4",2012,36,0.288333333333333,2012-09-03,2012-09-09
"DMI",2012,37,0.3158,2012-09-10,2012-09-16
"ENSO3",2012,37,0.25,2012-09-10,2012-09-16
"ENSO34",2012,37,0.356,2012-09-10,2012-09-16
"ENSO4",2012,37,0.3,2012-09-10,2012-09-16
"DMI",2012,38,0.235766666666667,2012-09-17,2012-09-23
"ENSO3",2012,38,0.168333333333333,2012-09-17,2012-09-23
"ENSO34",2012,38,0.307,2012-09-17,2012-09-23
"ENSO4",2012,38,0.311666666666667,2012-09-17,2012-09-23
"DMI",2012,39,0.155733333333333,2012-09-24,2012-09-30
"ENSO3",2012,39,0.0866666666666666,2012-09-24,2012-09-30
"ENSO34",2012,39,0.258,2012-09-24,2012-09-30
"ENSO4",2012,39,0.323333333333333,2012-09-24,2012-09-30
"DMI",2012,40,0.0896774193548387,2012-10-01,2012-10-07
"ENSO3",2012,40,0.0525806451612903,2012-10-01,2012-10-07
"ENSO34",2012,40,0.239677419354839,2012-10-01,2012-10-07
"ENSO4",2012,40,0.332903225806452,2012-10-01,2012-10-07
"DMI",2012,41,0.042258064516129,2012-10-08,2012-10-14
"ENSO3",2012,41,0.0819354838709677,2012-10-08,2012-10-14
"ENSO34",2012,41,0.262258064516129,2012-10-08,2012-10-14
"ENSO4",2012,41,0.339677419354839,2012-10-08,2012-10-14
"DMI",2012,42,-0.00516129032258066,2012-10-15,2012-10-21
"ENSO3",2012,42,0.111290322580645,2012-10-15,2012-10-21
"ENSO34",2012,42,0.284838709677419,2012-10-15,2012-10-21
"ENSO4",2012,42,0.346451612903226,2012-10-15,2012-10-21
"DMI",2012,43,-0.0525806451612903,2012-10-22,2012-10-28
"ENSO3",2012,43,0.140645161290323,2012-10-22,2012-10-28
"ENSO34",2012,43,0.30741935483871,2012-10-22,2012-10-28
"ENSO4",2012,43,0.353225806451613,2012-10-22,2012-10-28
"DMI",2012,44,-0.0836792626728111,2012-10-29,2012-11-04
"ENSO3",2012,44,0.153548387096774,2012-10-29,2012-11-04
"ENSO34",2012,44,0.314092165898618,2012-10-29,2012-11-04
"ENSO4",2012,44,0.351741935483871,2012-10-29,2012-11-04
"DMI",2012,45,-0.0141333333333333,2012-11-05,2012-11-11
"ENSO3",2012,45,0.065,2012-11-05,2012-11-11
"ENSO34",2012,45,0.222666666666667,2012-11-05,2012-11-11
"ENSO4",2012,45,0.299333333333333,2012-11-05,2012-11-11
"DMI",2012,46,0.0717333333333333,2012-11-12,2012-11-18
"ENSO3",2012,46,-0.04,2012-11-12,2012-11-18
"ENSO34",2012,46,0.115333333333333,2012-11-12,2012-11-18
"ENSO4",2012,46,0.238666666666667,2012-11-12,2012-11-18
"DMI",2012,47,0.1576,2012-11-19,2012-11-25
"ENSO3",2012,47,-0.145,2012-11-19,2012-11-25
"ENSO34",2012,47,0.00800000000000001,2012-11-19,2012-11-25
"ENSO4",2012,47,0.178,2012-11-19,2012-11-25
"DMI",2012,48,0.240179723502304,2012-11-26,2012-12-02
"ENSO3",2012,48,-0.249285714285714,2012-11-26,2012-12-02
"ENSO34",2012,48,-0.0984792626728111,2012-11-26,2012-12-02
"ENSO4",2012,48,0.117834101382488,2012-11-26,2012-12-02
"DMI",2012,49,0.214290322580645,2012-12-03,2012-12-09
"ENSO3",2012,49,-0.33,2012-12-03,2012-12-09
"ENSO34",2012,49,-0.176774193548387,2012-12-03,2012-12-09
"ENSO4",2012,49,0.0741935483870968,2012-12-03,2012-12-09
"DMI",2012,50,0.139096774193548,2012-12-10,2012-12-16
"ENSO3",2012,50,-0.4,2012-12-10,2012-12-16
"ENSO34",2012,50,-0.242258064516129,2012-12-10,2012-12-16
"ENSO4",2012,50,0.0380645161290323,2012-12-10,2012-12-16
"DMI",2012,51,0.0639032258064516,2012-12-17,2012-12-23
"ENSO3",2012,51,-0.47,2012-12-17,2012-12-23
"ENSO34",2012,51,-0.307741935483871,2012-12-17,2012-12-23
"ENSO4",2012,51,0.00193548387096775,2012-12-17,2012-12-23
"DMI",2012,52,-0.0112903225806452,2012-12-24,2012-12-30
"ENSO3",2012,52,-0.54,2012-12-24,2012-12-30
"ENSO34",2012,52,-0.373225806451613,2012-12-24,2012-12-30
"ENSO4",2012,52,-0.0341935483870968,2012-12-24,2012-12-30
"DMI",2013,1,-0.0459078341013825,2012-12-31,2013-01-06
"ENSO3",2013,1,-0.57889400921659,2012-12-31,2013-01-06
"ENSO34",2013,1,-0.417281105990783,2012-12-31,2013-01-06
"ENSO4",2013,1,-0.0654838709677419,2012-12-31,2013-01-06
"DMI",2013,2,0.00874193548387097,2013-01-07,2013-01-13
"ENSO3",2013,2,-0.549354838709677,2013-01-07,2013-01-13
"ENSO34",2013,2,-0.414193548387097,2013-01-07,2013-01-13
"ENSO4",2013,2,-0.0861290322580645,2013-01-07,2013-01-13
"DMI",2013,3,0.0660967741935484,2013-01-14,2013-01-20
"ENSO3",2013,3,-0.517741935483871,2013-01-14,2013-01-20
"ENSO34",2013,3,-0.409677419354839,2013-01-14,2013-01-20
"ENSO4",2013,3,-0.106451612903226,2013-01-14,2013-01-20
"DMI",2013,4,0.123451612903226,2013-01-21,2013-01-27
"ENSO3",2013,4,-0.486129032258065,2013-01-21,2013-01-27
"ENSO34",2013,4,-0.405161290322581,2013-01-21,2013-01-27
"ENSO4",2013,4,-0.126774193548387,2013-01-21,2013-01-27
"DMI",2013,5,0.175672481895984,2013-01-28,2013-02-03
"ENSO3",2013,5,-0.448951612903226,2013-01-28,2013-02-03
"ENSO34",2013,5,-0.39694206714944,2013-01-28,2013-02-03
"ENSO4",2013,5,-0.146311718235681,2013-01-28,2013-02-03
"DMI",2013,6,0.166285714285714,2013-02-04,2013-02-10
"ENSO3",2013,6,-0.345,2013-02-04,2013-02-10
"ENSO34",2013,6,-0.344285714285714,2013-02-04,2013-02-10
"ENSO4",2013,6,-0.156428571428571,2013-02-04,2013-02-10
"DMI",2013,7,0.139785714285714,2013-02-11,2013-02-17
"ENSO3",2013,7,-0.2225,2013-02-11,2013-02-17
"ENSO34",2013,7,-0.279285714285714,2013-02-11,2013-02-17
"ENSO4",2013,7,-0.163928571428571,2013-02-11,2013-02-17
"DMI",2013,8,0.113285714285714,2013-02-18,2013-02-24
"ENSO3",2013,8,-0.1,2013-02-18,2013-02-24
"ENSO34",2013,8,-0.214285714285714,2013-02-18,2013-02-24
"ENSO4",2013,8,-0.171428571428571,2013-02-18,2013-02-24
"DMI",2013,9,0.083154707044108,2013-02-25,2013-03-03
"ENSO3",2013,9,0.012926267281106,2013-02-25,2013-03-03
"ENSO34",2013,9,-0.152435813034891,2013-02-25,2013-03-03
"ENSO4",2013,9,-0.176810401579987,2013-02-25,2013-03-03
"DMI",2013,10,0.00945161290322581,2013-03-04,2013-03-10
"ENSO3",2013,10,0.0109677419354839,2013-03-04,2013-03-10
"ENSO34",2013,10,-0.128387096774194,2013-03-04,2013-03-10
"ENSO4",2013,10,-0.156774193548387,2013-03-04,2013-03-10
"DMI",2013,11,-0.0763548387096774,2013-03-11,2013-03-17
"ENSO3",2013,11,-0.0229032258064516,2013-03-11,2013-03-17
"ENSO34",2013,11,-0.114838709677419,2013-03-11,2013-03-17
"ENSO4",2013,11,-0.129677419354839,2013-03-11,2013-03-17
"DMI",2013,12,-0.162161290322581,2013-03-18,2013-03-24
"ENSO3",2013,12,-0.0567741935483871,2013-03-18,2013-03-24
"ENSO34",2013,12,-0.101290322580645,2013-03-18,2013-03-24
"ENSO4",2013,12,-0.10258064516129,2013-03-18,2013-03-24
"DMI",2013,13,-0.247967741935484,2013-03-25,2013-03-31
"ENSO3",2013,13,-0.0906451612903226,2013-03-25,2013-03-31
"ENSO34",2013,13,-0.087741935483871,2013-03-25,2013-03-31
"ENSO4",2013,13,-0.0754838709677419,2013-03-25,2013-03-31
"DMI",2013,14,-0.3179,2013-04-01,2013-04-07
"ENSO3",2013,14,-0.166,2013-04-01,2013-04-07
"ENSO34",2013,14,-0.1,2013-04-01,2013-04-07
"ENSO4",2013,14,-0.06,2013-04-01,2013-04-07
"DMI",2013,15,-0.366666666666667,2013-04-08,2013-04-14
"ENSO3",2013,15,-0.296666666666667,2013-04-08,2013-04-14
"ENSO34",2013,15,-0.146666666666667,2013-04-08,2013-04-14
"ENSO4",2013,15,-0.06,2013-04-08,2013-04-14
"DMI",2013,16,-0.415433333333333,2013-04-15,2013-04-21
"ENSO3",2013,16,-0.427333333333333,2013-04-15,2013-04-21
"ENSO34",2013,16,-0.193333333333333,2013-04-15,2013-04-21
"ENSO4",2013,16,-0.06,2013-04-15,2013-04-21
"DMI",2013,17,-0.4642,2013-04-22,2013-04-28
"ENSO3",2013,17,-0.558,2013-04-22,2013-04-28
"ENSO34",2013,17,-0.24,2013-04-22,2013-04-28
"ENSO4",2013,17,-0.06,2013-04-22,2013-04-28
"DMI",2013,18,-0.502599539170507,2013-04-29,2013-05-05
"ENSO3",2013,18,-0.66384331797235,2013-04-29,2013-05-05
"ENSO34",2013,18,-0.279447004608295,2013-04-29,2013-05-05
"ENSO4",2013,18,-0.0627649769585253,2013-04-29,2013-05-05
"DMI",2013,19,-0.503677419354839,2013-05-06,2013-05-12
"ENSO3",2013,19,-0.680322580645161,2013-05-06,2013-05-12
"ENSO34",2013,19,-0.292903225806452,2013-05-06,2013-05-12
"ENSO4",2013,19,-0.0754838709677419,2013-05-06,2013-05-12
"DMI",2013,20,-0.501645161290323,2013-05-13,2013-05-19
"ENSO3",2013,20,-0.689354838709677,2013-05-13,2013-05-19
"ENSO34",2013,20,-0.304193548387097,2013-05-13,2013-05-19
"ENSO4",2013,20,-0.0890322580645161,2013-05-13,2013-05-19
"DMI",2013,21,-0.499612903225806,2013-05-20,2013-05-26
"ENSO3",2013,21,-0.698387096774194,2013-05-20,2013-05-26
"ENSO34",2013,21,-0.315483870967742,2013-05-20,2013-05-26
"ENSO4",2013,21,-0.10258064516129,2013-05-20,2013-05-26
"DMI",2013,22,-0.496112596006144,2013-05-27,2013-06-02
"ENSO3",2013,22,-0.706520737327189,2013-05-27,2013-06-02
"ENSO34",2013,22,-0.326305683563748,2013-05-27,2013-06-02
"ENSO4",2013,22,-0.115804915514593,2013-05-27,2013-06-02
"DMI",2013,23,-0.444166666666667,2013-06-03,2013-06-09
"ENSO3",2013,23,-0.685,2013-06-03,2013-06-09
"ENSO34",2013,23,-0.321666666666667,2013-06-03,2013-06-09
"ENSO4",2013,23,-0.118333333333333,2013-06-03,2013-06-09
"DMI",2013,24,-0.3702,2013-06-10,2013-06-16
"ENSO3",2013,24,-0.65,2013-06-10,2013-06-16
"ENSO34",2013,24,-0.31,2013-06-10,2013-06-16
"ENSO4",2013,24,-0.116,2013-06-10,2013-06-16
"DMI",2013,25,-0.296233333333333,2013-06-17,2013-06-23
"ENSO3",2013,25,-0.615,2013-06-17,2013-06-23
"ENSO34",2013,25,-0.298333333333333,2013-06-17,2013-06-23
"ENSO4",2013,25,-0.113666666666667,2013-06-17,2013-06-23
"DMI",2013,26,-0.222266666666667,2013-06-24,2013-06-30
"ENSO3",2013,26,-0.58,2013-06-24,2013-06-30
"ENSO34",2013,26,-0.286666666666667,2013-06-24,2013-06-30
"ENSO4",2013,26,-0.111333333333333,2013-06-24,2013-06-30
"DMI",2013,27,-0.181354838709677,2013-07-01,2013-07-07
"ENSO3",2013,27,-0.552258064516129,2013-07-01,2013-07-07
"ENSO34",2013,27,-0.280967741935484,2013-07-01,2013-07-07
"ENSO4",2013,27,-0.0974193548387097,2013-07-01,2013-07-07
"DMI",2013,28,-0.184516129032258,2013-07-08,2013-07-14
"ENSO3",2013,28,-0.534193548387097,2013-07-08,2013-07-14
"ENSO34",2013,28,-0.283225806451613,2013-07-08,2013-07-14
"ENSO4",2013,28,-0.0680645161290323,2013-07-08,2013-07-14
"DMI",2013,29,-0.187677419354839,2013-07-15,2013-07-21
"ENSO3",2013,29,-0.516129032258065,2013-07-15,2013-07-21
"ENSO34",2013,29,-0.285483870967742,2013-07-15,2013-07-21
"ENSO4",2013,29,-0.0387096774193548,2013-07-15,2013-07-21
"DMI",2013,30,-0.190838709677419,2013-07-22,2013-07-28
"ENSO3",2013,30,-0.498064516129032,2013-07-22,2013-07-28
"ENSO34",2013,30,-0.287741935483871,2013-07-22,2013-07-28
"ENSO4",2013,30,-0.00935483870967742,2013-07-22,2013-07-28
"DMI",2013,31,-0.196820276497696,2013-07-29,2013-08-04
"ENSO3",2013,31,-0.475023041474654,2013-07-29,2013-08-04
"ENSO34",2013,31,-0.284193548387097,2013-07-29,2013-08-04
"ENSO4",2013,31,0.015852534562212,2013-07-29,2013-08-04
"DMI",2013,32,-0.220193548387097,2013-08-05,2013-08-11
"ENSO3",2013,32,-0.421290322580645,2013-08-05,2013-08-11
"ENSO34",2013,32,-0.244838709677419,2013-08-05,2013-08-11
"ENSO4",2013,32,0.0154838709677419,2013-08-05,2013-08-11
"DMI",2013,33,-0.246387096774194,2013-08-12,2013-08-18
"ENSO3",2013,33,-0.36258064516129,2013-08-12,2013-08-18
"ENSO34",2013,33,-0.199677419354839,2013-08-12,2013-08-18
"ENSO4",2013,33,0.0109677419354839,2013-08-12,2013-08-18
"DMI",2013,34,-0.27258064516129,2013-08-19,2013-08-25
"ENSO3",2013,34,-0.303870967741935,2013-08-19,2013-08-25
"ENSO34",2013,34,-0.154516129032258,2013-08-19,2013-08-25
"ENSO4",2013,34,0.00645161290322581,2013-08-19,2013-08-25
"DMI",2013,35,-0.298774193548387,2013-08-26,2013-09-01
"ENSO3",2013,35,-0.245161290322581,2013-08-26,2013-09-01
"ENSO34",2013,35,-0.109354838709677,2013-08-26,2013-09-01
"ENSO4",2013,35,0.00193548387096774,2013-08-26,2013-09-01
"DMI",2013,36,-0.291066666666667,2013-09-02,2013-09-08
"ENSO3",2013,36,-0.204,2013-09-02,2013-09-08
"ENSO34",2013,36,-0.11,2013-09-02,2013-09-08
"ENSO4",2013,36,-0.00666666666666667,2013-09-02,2013-09-08
"DMI",2013,37,-0.257933333333333,2013-09-09,2013-09-15
"ENSO3",2013,37,-0.176,2013-09-09,2013-09-15
"ENSO34",2013,37,-0.145,2013-09-09,2013-09-15
"ENSO4",2013,37,-0.0183333333333333,2013-09-09,2013-09-15
"DMI",2013,38,-0.2248,2013-09-16,2013-09-22
"ENSO3",2013,38,-0.148,2013-09-16,2013-09-22
"ENSO34",2013,38,-0.18,2013-09-16,2013-09-22
"ENSO4",2013,38,-0.03,2013-09-16,2013-09-22
"DMI",2013,39,-0.191666666666667,2013-09-23,2013-09-29
"ENSO3",2013,39,-0.12,2013-09-23,2013-09-29
"ENSO34",2013,39,-0.215,2013-09-23,2013-09-29
"ENSO4",2013,39,-0.0416666666666667,2013-09-23,2013-09-29
"DMI",2013,40,-0.14330752688172,2013-09-30,2013-10-06
"ENSO3",2013,40,-0.10126267281106,2013-09-30,2013-10-06
"ENSO34",2013,40,-0.224078341013825,2013-09-30,2013-10-06
"ENSO4",2013,40,-0.0352457757296467,2013-09-30,2013-10-06
"DMI",2013,41,-0.0614516129032258,2013-10-07,2013-10-13
"ENSO3",2013,41,-0.102903225806452,2013-10-07,2013-10-13
"ENSO34",2013,41,-0.176129032258065,2013-10-07,2013-10-13
"ENSO4",2013,41,0.0109677419354839,2013-10-07,2013-10-13
"DMI",2013,42,0.0214193548387097,2013-10-14,2013-10-20
"ENSO3",2013,42,-0.105161290322581,2013-10-14,2013-10-20
"ENSO34",2013,42,-0.126451612903226,2013-10-14,2013-10-20
"ENSO4",2013,42,0.0583870967741936,2013-10-14,2013-10-20
"DMI",2013,43,0.104290322580645,2013-10-21,2013-10-27
"ENSO3",2013,43,-0.10741935483871,2013-10-21,2013-10-27
"ENSO34",2013,43,-0.0767741935483871,2013-10-21,2013-10-27
"ENSO4",2013,43,0.105806451612903,2013-10-21,2013-10-27
"DMI",2013,44,0.181258986175115,2013-10-28,2013-11-03
"ENSO3",2013,44,-0.108253456221198,2013-10-28,2013-11-03
"ENSO34",2013,44,-0.0311382488479263,2013-10-28,2013-11-03
"ENSO4",2013,44,0.14689400921659,2013-10-28,2013-11-03
"DMI",2013,45,0.1874,2013-11-04,2013-11-10
"ENSO3",2013,45,-0.092,2013-11-04,2013-11-10
"ENSO34",2013,45,-0.034,2013-11-04,2013-11-10
"ENSO4",2013,45,0.112,2013-11-04,2013-11-10
"DMI",2013,46,0.173866666666667,2013-11-11,2013-11-17
"ENSO3",2013,46,-0.071,2013-11-11,2013-11-17
"ENSO34",2013,46,-0.0503333333333333,2013-11-11,2013-11-17
"ENSO4",2013,46,0.056,2013-11-11,2013-11-17
"DMI",2013,47,0.160333333333333,2013-11-18,2013-11-24
"ENSO3",2013,47,-0.05,2013-11-18,2013-11-24
"ENSO34",2013,47,-0.0666666666666667,2013-11-18,2013-11-24
"ENSO4",2013,47,1.58603289232165e-17,2013-11-18,2013-11-24
"DMI",2013,48,0.1468,2013-11-25,2013-12-01
"ENSO3",2013,48,-0.029,2013-11-25,2013-12-01
"ENSO34",2013,48,-0.083,2013-11-25,2013-12-01
"ENSO4",2013,48,-0.056,2013-11-25,2013-12-01
"DMI",2013,49,0.109774193548387,2013-12-02,2013-12-08
"ENSO3",2013,49,-0.052258064516129,2013-12-02,2013-12-08
"ENSO34",2013,49,-0.13258064516129,2013-12-02,2013-12-08
"ENSO4",2013,49,-0.0993548387096774,2013-12-02,2013-12-08
"DMI",2013,50,0.0551290322580645,2013-12-09,2013-12-15
"ENSO3",2013,50,-0.108709677419355,2013-12-09,2013-12-15
"ENSO34",2013,50,-0.207096774193548,2013-12-09,2013-12-15
"ENSO4",2013,50,-0.133225806451613,2013-12-09,2013-12-15
"DMI",2013,51,0.000483870967741923,2013-12-16,2013-12-22
"ENSO3",2013,51,-0.165161290322581,2013-12-16,2013-12-22
"ENSO34",2013,51,-0.281612903225806,2013-12-16,2013-12-22
"ENSO4",2013,51,-0.167096774193548,2013-12-16,2013-12-22
"DMI",2013,52,-0.0541612903225807,2013-12-23,2013-12-29
"ENSO3",2013,52,-0.221612903225806,2013-12-23,2013-12-29
"ENSO34",2013,52,-0.356129032258064,2013-12-23,2013-12-29
"ENSO4",2013,52,-0.200967741935484,2013-12-23,2013-12-29
"DMI",2014,1,-0.0971013824884793,2013-12-30,2014-01-05
"ENSO3",2014,1,-0.28405529953917,2013-12-30,2014-01-05
"ENSO34",2014,1,-0.416820276497696,2013-12-30,2014-01-05
"ENSO4",2014,1,-0.213640552995392,2013-12-30,2014-01-05
"DMI",2014,2,-0.0979032258064516,2014-01-06,2014-01-12
"ENSO3",2014,2,-0.368064516129032,2014-01-06,2014-01-12
"ENSO34",2014,2,-0.427741935483871,2014-01-06,2014-01-12
"ENSO4",2014,2,-0.15,2014-01-06,2014-01-12
"DMI",2014,3,-0.0951935483870968,2014-01-13,2014-01-19
"ENSO3",2014,3,-0.453870967741936,2014-01-13,2014-01-19
"ENSO34",2014,3,-0.434516129032258,2014-01-13,2014-01-19
"ENSO4",2014,3,-0.08,2014-01-13,2014-01-19
"DMI",2014,4,-0.0924838709677419,2014-01-20,2014-01-26
"ENSO3",2014,4,-0.539677419354839,2014-01-20,2014-01-26
"ENSO34",2014,4,-0.441290322580645,2014-01-20,2014-01-26
"ENSO4",2014,4,-0.01,2014-01-20,2014-01-26
"DMI",2014,5,-0.0901458196181699,2014-01-27,2014-02-02
"ENSO3",2014,5,-0.621232718894009,2014-01-27,2014-02-02
"ENSO34",2014,5,-0.445987491770902,2014-01-27,2014-02-02
"ENSO4",2014,5,0.0595408163265306,2014-01-27,2014-02-02
"DMI",2014,6,-0.100071428571429,2014-02-03,2014-02-09
"ENSO3",2014,6,-0.5625,2014-02-03,2014-02-09
"ENSO34",2014,6,-0.382142857142857,2014-02-03,2014-02-09
"ENSO4",2014,6,0.113928571428571,2014-02-03,2014-02-09
"DMI",2014,7,-0.115571428571429,2014-02-10,2014-02-16
"ENSO3",2014,7,-0.44,2014-02-10,2014-02-16
"ENSO34",2014,7,-0.287142857142857,2014-02-10,2014-02-16
"ENSO4",2014,7,0.161428571428571,2014-02-10,2014-02-16
"DMI",2014,8,-0.131071428571429,2014-02-17,2014-02-23
"ENSO3",2014,8,-0.3175,2014-02-17,2014-02-23
"ENSO34",2014,8,-0.192142857142857,2014-02-17,2014-02-23
"ENSO4",2014,8,0.208928571428571,2014-02-17,2014-02-23
"DMI",2014,9,-0.145826530612245,2014-02-24,2014-03-02
"ENSO3",2014,9,-0.195748847926267,2014-02-24,2014-03-02
"ENSO34",2014,9,-0.0974687294272548,2014-02-24,2014-03-02
"ENSO4",2014,9,0.255735681369322,2014-02-24,2014-03-02
"DMI",2014,10,-0.136,2014-03-03,2014-03-09
"ENSO3",2014,10,-0.0987096774193548,2014-03-03,2014-03-09
"ENSO34",2014,10,-0.0135483870967742,2014-03-03,2014-03-09
"ENSO4",2014,10,0.279677419354839,2014-03-03,2014-03-09
"DMI",2014,11,-0.115,2014-03-10,2014-03-16
"ENSO3",2014,11,-0.0129032258064516,2014-03-10,2014-03-16
"ENSO34",2014,11,0.0654838709677419,2014-03-10,2014-03-16
"ENSO4",2014,11,0.293225806451613,2014-03-10,2014-03-16
"DMI",2014,12,-0.094,2014-03-17,2014-03-23
"ENSO3",2014,12,0.0729032258064516,2014-03-17,2014-03-23
"ENSO34",2014,12,0.144516129032258,2014-03-17,2014-03-23
"ENSO4",2014,12,0.306774193548387,2014-03-17,2014-03-23
"DMI",2014,13,-0.073,2014-03-24,2014-03-30
"ENSO3",2014,13,0.158709677419355,2014-03-24,2014-03-30
"ENSO34",2014,13,0.223548387096774,2014-03-24,2014-03-30
"ENSO4",2014,13,0.320322580645161,2014-03-24,2014-03-30
"DMI",2014,14,-0.0608571428571429,2014-03-31,2014-04-06
"ENSO3",2014,14,0.241820276497696,2014-03-31,2014-04-06
"ENSO34",2014,14,0.290529953917051,2014-03-31,2014-04-06
"ENSO4",2014,14,0.335437788018433,2014-03-31,2014-04-06
"DMI",2014,15,-0.0682,2014-04-07,2014-04-13
"ENSO3",2014,15,0.319,2014-04-07,2014-04-13
"ENSO34",2014,15,0.331,2014-04-07,2014-04-13
"ENSO4",2014,15,0.354,2014-04-07,2014-04-13
"DMI",2014,16,-0.0761333333333333,2014-04-14,2014-04-20
"ENSO3",2014,16,0.396,2014-04-14,2014-04-20
"ENSO34",2014,16,0.370666666666667,2014-04-14,2014-04-20
"ENSO4",2014,16,0.372666666666667,2014-04-14,2014-04-20
"DMI",2014,17,-0.0840666666666667,2014-04-21,2014-04-27
"ENSO3",2014,17,0.473,2014-04-21,2014-04-27
"ENSO34",2014,17,0.410333333333333,2014-04-21,2014-04-27
"ENSO4",2014,17,0.391333333333333,2014-04-21,2014-04-27
"DMI",2014,18,-0.0892589861751152,2014-04-28,2014-05-04
"ENSO3",2014,18,0.55052534562212,2014-04-28,2014-05-04
"ENSO34",2014,18,0.445972350230415,2014-04-28,2014-05-04
"ENSO4",2014,18,0.407161290322581,2014-04-28,2014-05-04
"DMI",2014,19,-0.0775483870967742,2014-05-05,2014-05-11
"ENSO3",2014,19,0.631290322580645,2014-05-05,2014-05-11
"ENSO34",2014,19,0.456774193548387,2014-05-05,2014-05-11
"ENSO4",2014,19,0.405483870967742,2014-05-05,2014-05-11
"DMI",2014,20,-0.0630967741935484,2014-05-12,2014-05-18
"ENSO3",2014,20,0.71258064516129,2014-05-12,2014-05-18
"ENSO34",2014,20,0.463548387096774,2014-05-12,2014-05-18
"ENSO4",2014,20,0.400967741935484,2014-05-12,2014-05-18
"DMI",2014,21,-0.0486451612903226,2014-05-19,2014-05-25
"ENSO3",2014,21,0.793870967741936,2014-05-19,2014-05-25
"ENSO34",2014,21,0.470322580645161,2014-05-19,2014-05-25
"ENSO4",2014,21,0.396451612903226,2014-05-19,2014-05-25
"DMI",2014,22,-0.0341935483870968,2014-05-26,2014-06-01
"ENSO3",2014,22,0.875161290322581,2014-05-26,2014-06-01
"ENSO34",2014,22,0.477096774193548,2014-05-26,2014-06-01
"ENSO4",2014,22,0.391935483870968,2014-05-26,2014-06-01
"DMI",2014,23,-0.0726666666666667,2014-06-02,2014-06-08
"ENSO3",2014,23,0.863333333333333,2014-06-02,2014-06-08
"ENSO34",2014,23,0.433333333333333,2014-06-02,2014-06-08
"ENSO4",2014,23,0.368666666666667,2014-06-02,2014-06-08
"DMI",2014,24,-0.150833333333333,2014-06-09,2014-06-15
"ENSO3",2014,24,0.781666666666667,2014-06-09,2014-06-15
"ENSO34",2014,24,0.351666666666667,2014-06-09,2014-06-15
"ENSO4",2014,24,0.331333333333333,2014-06-09,2014-06-15
"DMI",2014,25,-0.229,2014-06-16,2014-06-22
"ENSO3",2014,25,0.7,2014-06-16,2014-06-22
"ENSO34",2014,25,0.27,2014-06-16,2014-06-22
"ENSO4",2014,25,0.294,2014-06-16,2014-06-22
"DMI",2014,26,-0.307166666666667,2014-06-23,2014-06-29
"ENSO3",2014,26,0.618333333333333,2014-06-23,2014-06-29
"ENSO34",2014,26,0.188333333333333,2014-06-23,2014-06-29
"ENSO4",2014,26,0.256666666666667,2014-06-23,2014-06-29
"DMI",2014,27,-0.36202688172043,2014-06-30,2014-07-06
"ENSO3",2014,27,0.548533026113671,2014-06-30,2014-07-06
"ENSO34",2014,27,0.132357910906298,2014-06-30,2014-07-06
"ENSO4",2014,27,0.237674347158218,2014-06-30,2014-07-06
"DMI",2014,28,-0.365612903225806,2014-07-07,2014-07-13
"ENSO3",2014,28,0.504838709677419,2014-07-07,2014-07-13
"ENSO34",2014,28,0.132903225806452,2014-07-07,2014-07-13
"ENSO4",2014,28,0.259032258064516,2014-07-07,2014-07-13
"DMI",2014,29,-0.367645161290323,2014-07-14,2014-07-20
"ENSO3",2014,29,0.461935483870968,2014-07-14,2014-07-20
"ENSO34",2014,29,0.135161290322581,2014-07-14,2014-07-20
"ENSO4",2014,29,0.281612903225806,2014-07-14,2014-07-20
"DMI",2014,30,-0.369677419354839,2014-07-21,2014-07-27
"ENSO3",2014,30,0.419032258064516,2014-07-21,2014-07-27
"ENSO34",2014,30,0.13741935483871,2014-07-21,2014-07-27
"ENSO4",2014,30,0.304193548387097,2014-07-21,2014-07-27
"DMI",2014,31,-0.368447004608295,2014-07-28,2014-08-03
"ENSO3",2014,31,0.378617511520737,2014-07-28,2014-08-03
"ENSO34",2014,31,0.142718894009217,2014-07-28,2014-08-03
"ENSO4",2014,31,0.327327188940092,2014-07-28,2014-08-03
"DMI",2014,32,-0.328064516129032,2014-08-04,2014-08-10
"ENSO3",2014,32,0.368064516129032,2014-08-04,2014-08-10
"ENSO34",2014,32,0.184516129032258,2014-08-04,2014-08-10
"ENSO4",2014,32,0.357096774193548,2014-08-04,2014-08-10
"DMI",2014,33,-0.276806451612903,2014-08-11,2014-08-17
"ENSO3",2014,33,0.365806451612903,2014-08-11,2014-08-17
"ENSO34",2014,33,0.236451612903226,2014-08-11,2014-08-17
"ENSO4",2014,33,0.388709677419355,2014-08-11,2014-08-17
"DMI",2014,34,-0.225548387096774,2014-08-18,2014-08-24
"ENSO3",2014,34,0.363548387096774,2014-08-18,2014-08-24
"ENSO34",2014,34,0.288387096774194,2014-08-18,2014-08-24
"ENSO4",2014,34,0.420322580645161,2014-08-18,2014-08-24
"DMI",2014,35,-0.174290322580645,2014-08-25,2014-08-31
"ENSO3",2014,35,0.361290322580645,2014-08-25,2014-08-31
"ENSO34",2014,35,0.340322580645161,2014-08-25,2014-08-31
"ENSO4",2014,35,0.451935483870968,2014-08-25,2014-08-31
"DMI",2014,36,-0.1164,2014-09-01,2014-09-07
"ENSO3",2014,36,0.387,2014-09-01,2014-09-07
"ENSO34",2014,36,0.381,2014-09-01,2014-09-07
"ENSO4",2014,36,0.476,2014-09-01,2014-09-07
"DMI",2014,37,-0.0496666666666667,2014-09-08,2014-09-14
"ENSO3",2014,37,0.45,2014-09-08,2014-09-14
"ENSO34",2014,37,0.406666666666667,2014-09-08,2014-09-14
"ENSO4",2014,37,0.49,2014-09-08,2014-09-14
"DMI",2014,38,0.0170666666666667,2014-09-15,2014-09-21
"ENSO3",2014,38,0.513,2014-09-15,2014-09-21
"ENSO34",2014,38,0.432333333333333,2014-09-15,2014-09-21
"ENSO4",2014,38,0.504,2014-09-15,2014-09-21
"DMI",2014,39,0.0838,2014-09-22,2014-09-28
"ENSO3",2014,39,0.576,2014-09-22,2014-09-28
"ENSO34",2014,39,0.458,2014-09-22,2014-09-28
"ENSO4",2014,39,0.518,2014-09-22,2014-09-28
"DMI",2014,40,0.130877419354839,2014-09-29,2014-10-05
"ENSO3",2014,40,0.639506912442396,2014-09-29,2014-10-05
"ENSO34",2014,40,0.497322580645161,2014-09-29,2014-10-05
"ENSO4",2014,40,0.542046082949309,2014-09-29,2014-10-05
"DMI",2014,41,0.107193548387097,2014-10-06,2014-10-12
"ENSO3",2014,41,0.704838709677419,2014-10-06,2014-10-12
"ENSO34",2014,41,0.585806451612903,2014-10-06,2014-10-12
"ENSO4",2014,41,0.602258064516129,2014-10-06,2014-10-12
"DMI",2014,42,0.0776129032258064,2014-10-13,2014-10-19
"ENSO3",2014,42,0.770322580645161,2014-10-13,2014-10-19
"ENSO34",2014,42,0.678387096774194,2014-10-13,2014-10-19
"ENSO4",2014,42,0.665483870967742,2014-10-13,2014-10-19
"DMI",2014,43,0.0480322580645161,2014-10-20,2014-10-26
"ENSO3",2014,43,0.835806451612903,2014-10-20,2014-10-26
"ENSO34",2014,43,0.770967741935484,2014-10-20,2014-10-26
"ENSO4",2014,43,0.728709677419355,2014-10-20,2014-10-26
"DMI",2014,44,0.0192267281105991,2014-10-27,2014-11-02
"ENSO3",2014,44,0.899382488479263,2014-10-27,2014-11-02
"ENSO34",2014,44,0.861087557603687,2014-10-27,2014-11-02
"ENSO4",2014,44,0.790168970814132,2014-10-27,2014-11-02
"DMI",2014,45,0.016,2014-11-03,2014-11-09
"ENSO3",2014,45,0.9,2014-11-03,2014-11-09
"ENSO34",2014,45,0.87,2014-11-03,2014-11-09
"ENSO4",2014,45,0.793333333333333,2014-11-03,2014-11-09
"DMI",2014,46,0.0244,2014-11-10,2014-11-16
"ENSO3",2014,46,0.872,2014-11-10,2014-11-16
"ENSO34",2014,46,0.842,2014-11-10,2014-11-16
"ENSO4",2014,46,0.77,2014-11-10,2014-11-16
"DMI",2014,47,0.0328,2014-11-17,2014-11-23
"ENSO3",2014,47,0.844,2014-11-17,2014-11-23
"ENSO34",2014,47,0.814,2014-11-17,2014-11-23
"ENSO4",2014,47,0.746666666666667,2014-11-17,2014-11-23
"DMI",2014,48,0.0412,2014-11-24,2014-11-30
"ENSO3",2014,48,0.816,2014-11-24,2014-11-30
"ENSO34",2014,48,0.786,2014-11-24,2014-11-30
"ENSO4",2014,48,0.723333333333333,2014-11-24,2014-11-30
"DMI",2014,49,0.0318709677419355,2014-12-01,2014-12-07
"ENSO3",2014,49,0.760322580645161,2014-12-01,2014-12-07
"ENSO34",2014,49,0.75258064516129,2014-12-01,2014-12-07
"ENSO4",2014,49,0.71,2014-12-01,2014-12-07
"DMI",2014,50,-0.00109677419354839,2014-12-08,2014-12-14
"ENSO3",2014,50,0.667741935483871,2014-12-08,2014-12-14
"ENSO34",2014,50,0.711935483870968,2014-12-08,2014-12-14
"ENSO4",2014,50,0.71,2014-12-08,2014-12-14
"DMI",2014,51,-0.0340645161290323,2014-12-15,2014-12-21
"ENSO3",2014,51,0.575161290322581,2014-12-15,2014-12-21
"ENSO34",2014,51,0.671290322580645,2014-12-15,2014-12-21
"ENSO4",2014,51,0.71,2014-12-15,2014-12-21
"DMI",2014,52,-0.0670322580645161,2014-12-22,2014-12-28
"ENSO3",2014,52,0.48258064516129,2014-12-22,2014-12-28
"ENSO34",2014,52,0.630645161290323,2014-12-22,2014-12-28
"ENSO4",2014,52,0.71,2014-12-22,2014-12-28
"DMI",2015,1,-0.10273732718894,2014-12-29,2015-01-04
"ENSO3",2015,1,0.394976958525346,2014-12-29,2015-01-04
"ENSO34",2015,1,0.59442396313364,2014-12-29,2015-01-04
"ENSO4",2015,1,0.713594470046083,2014-12-29,2015-01-04
"DMI",2015,2,-0.155322580645161,2015-01-05,2015-01-11
"ENSO3",2015,2,0.338064516129032,2015-01-05,2015-01-11
"ENSO34",2015,2,0.585483870967742,2015-01-05,2015-01-11
"ENSO4",2015,2,0.739354838709677,2015-01-05,2015-01-11
"DMI",2015,3,-0.210645161290323,2015-01-12,2015-01-18
"ENSO3",2015,3,0.286129032258065,2015-01-12,2015-01-18
"ENSO34",2015,3,0.580967741935484,2015-01-12,2015-01-18
"ENSO4",2015,3,0.768709677419355,2015-01-12,2015-01-18
"DMI",2015,4,-0.265967741935484,2015-01-19,2015-01-25
"ENSO3",2015,4,0.234193548387097,2015-01-19,2015-01-25
"ENSO34",2015,4,0.576451612903226,2015-01-19,2015-01-25
"ENSO4",2015,4,0.798064516129032,2015-01-19,2015-01-25
"DMI",2015,5,-0.321290322580645,2015-01-26,2015-02-01
"ENSO3",2015,5,0.182258064516129,2015-01-26,2015-02-01
"ENSO34",2015,5,0.571935483870968,2015-01-26,2015-02-01
"ENSO4",2015,5,0.82741935483871,2015-01-26,2015-02-01
"DMI",2015,6,-0.330142857142857,2015-02-02,2015-02-08
"ENSO3",2015,6,0.148571428571429,2015-02-02,2015-02-08
"ENSO34",2015,6,0.557142857142857,2015-02-02,2015-02-08
"ENSO4",2015,6,0.828571428571429,2015-02-02,2015-02-08
"DMI",2015,7,-0.304142857142857,2015-02-09,2015-02-15
"ENSO3",2015,7,0.128571428571429,2015-02-09,2015-02-15
"ENSO34",2015,7,0.534642857142857,2015-02-09,2015-02-15
"ENSO4",2015,7,0.808571428571429,2015-02-09,2015-02-15
"DMI",2015,8,-0.278142857142857,2015-02-16,2015-02-22
"ENSO3",2015,8,0.108571428571429,2015-02-16,2015-02-22
"ENSO34",2015,8,0.512142857142857,2015-02-16,2015-02-22
"ENSO4",2015,8,0.788571428571429,2015-02-16,2015-02-22
"DMI",2015,9,-0.252142857142857,2015-02-23,2015-03-01
"ENSO3",2015,9,0.0885714285714286,2015-02-23,2015-03-01
"ENSO34",2015,9,0.489642857142857,2015-02-23,2015-03-01
"ENSO4",2015,9,0.768571428571429,2015-02-23,2015-03-01
"DMI",2015,10,-0.210935483870968,2015-03-02,2015-03-08
"ENSO3",2015,10,0.166451612903226,2015-03-02,2015-03-08
"ENSO34",2015,10,0.534193548387097,2015-03-02,2015-03-08
"ENSO4",2015,10,0.793548387096774,2015-03-02,2015-03-08
"DMI",2015,11,-0.158322580645161,2015-03-09,2015-03-15
"ENSO3",2015,11,0.317741935483871,2015-03-09,2015-03-15
"ENSO34",2015,11,0.629032258064516,2015-03-09,2015-03-15
"ENSO4",2015,11,0.852258064516129,2015-03-09,2015-03-15
"DMI",2015,12,-0.105709677419355,2015-03-16,2015-03-22
"ENSO3",2015,12,0.469032258064516,2015-03-16,2015-03-22
"ENSO34",2015,12,0.723870967741935,2015-03-16,2015-03-22
"ENSO4",2015,12,0.910967741935484,2015-03-16,2015-03-22
"DMI",2015,13,-0.0530967741935484,2015-03-23,2015-03-29
"ENSO3",2015,13,0.620322580645161,2015-03-23,2015-03-29
"ENSO34",2015,13,0.818709677419355,2015-03-23,2015-03-29
"ENSO4",2015,13,0.969677419354839,2015-03-23,2015-03-29
"DMI",2015,14,0.000588325652841779,2015-03-30,2015-04-05
"ENSO3",2015,14,0.752165898617511,2015-03-30,2015-04-05
"ENSO34",2015,14,0.900860215053763,2015-03-30,2015-04-05
"ENSO4",2015,14,1.01402457757296,2015-03-30,2015-04-05
"DMI",2015,15,0.0581333333333333,2015-04-06,2015-04-12
"ENSO3",2015,15,0.814,2015-04-06,2015-04-12
"ENSO34",2015,15,0.937333333333333,2015-04-06,2015-04-12
"ENSO4",2015,15,1.00666666666667,2015-04-06,2015-04-12
"DMI",2015,16,0.116,2015-04-13,2015-04-19
"ENSO3",2015,16,0.87,2015-04-13,2015-04-19
"ENSO34",2015,16,0.97,2015-04-13,2015-04-19
"ENSO4",2015,16,0.995,2015-04-13,2015-04-19
"DMI",2015,17,0.173866666666667,2015-04-20,2015-04-26
"ENSO3",2015,17,0.926,2015-04-20,2015-04-26
"ENSO34",2015,17,1.00266666666667,2015-04-20,2015-04-26
"ENSO4",2015,17,0.983333333333333,2015-04-20,2015-04-26
"DMI",2015,18,0.228964669738863,2015-04-27,2015-05-03
"ENSO3",2015,18,0.986175115207373,2015-04-27,2015-05-03
"ENSO34",2015,18,1.03665130568356,2015-04-27,2015-05-03
"ENSO4",2015,18,0.973486943164362,2015-04-27,2015-05-03
"DMI",2015,19,0.250838709677419,2015-05-04,2015-05-10
"ENSO3",2015,19,1.09645161290323,2015-05-04,2015-05-10
"ENSO34",2015,19,1.08645161290323,2015-05-04,2015-05-10
"ENSO4",2015,19,0.985483870967742,2015-05-04,2015-05-10
"DMI",2015,20,0.263483870967742,2015-05-11,2015-05-17
"ENSO3",2015,20,1.22064516129032,2015-05-11,2015-05-17
"ENSO34",2015,20,1.14064516129032,2015-05-11,2015-05-17
"ENSO4",2015,20,1.00354838709677,2015-05-11,2015-05-17
"DMI",2015,21,0.276129032258065,2015-05-18,2015-05-24
"ENSO3",2015,21,1.34483870967742,2015-05-18,2015-05-24
"ENSO34",2015,21,1.19483870967742,2015-05-18,2015-05-24
"ENSO4",2015,21,1.02161290322581,2015-05-18,2015-05-24
"DMI",2015,22,0.288774193548387,2015-05-25,2015-05-31
"ENSO3",2015,22,1.46903225806452,2015-05-25,2015-05-31
"ENSO34",2015,22,1.24903225806452,2015-05-25,2015-05-31
"ENSO4",2015,22,1.03967741935484,2015-05-25,2015-05-31
"DMI",2015,23,0.2889,2015-06-01,2015-06-07
"ENSO3",2015,23,1.573,2015-06-01,2015-06-07
"ENSO34",2015,23,1.308,2015-06-01,2015-06-07
"ENSO4",2015,23,1.049,2015-06-01,2015-06-07
"DMI",2015,24,0.272333333333333,2015-06-08,2015-06-14
"ENSO3",2015,24,1.65,2015-06-08,2015-06-14
"ENSO34",2015,24,1.37333333333333,2015-06-08,2015-06-14
"ENSO4",2015,24,1.04666666666667,2015-06-08,2015-06-14
"DMI",2015,25,0.255766666666667,2015-06-15,2015-06-21
"ENSO3",2015,25,1.727,2015-06-15,2015-06-21
"ENSO34",2015,25,1.43866666666667,2015-06-15,2015-06-21
"ENSO4",2015,25,1.04433333333333,2015-06-15,2015-06-21
"DMI",2015,26,0.2392,2015-06-22,2015-06-28
"ENSO3",2015,26,1.804,2015-06-22,2015-06-28
"ENSO34",2015,26,1.504,2015-06-22,2015-06-28
"ENSO4",2015,26,1.042,2015-06-22,2015-06-28
"DMI",2015,27,0.24177465437788,2015-06-29,2015-07-05
"ENSO3",2015,27,1.87496313364055,2015-06-29,2015-07-05
"ENSO34",2015,27,1.57028571428571,2015-06-29,2015-07-05
"ENSO4",2015,27,1.04060368663594,2015-06-29,2015-07-05
"DMI",2015,28,0.313258064516129,2015-07-06,2015-07-12
"ENSO3",2015,28,1.9241935483871,2015-07-06,2015-07-12
"ENSO34",2015,28,1.64,2015-07-06,2015-07-12
"ENSO4",2015,28,1.04258064516129,2015-07-06,2015-07-12
"DMI",2015,29,0.390483870967742,2015-07-13,2015-07-19
"ENSO3",2015,29,1.97161290322581,2015-07-13,2015-07-19
"ENSO34",2015,29,1.71,2015-07-13,2015-07-19
"ENSO4",2015,29,1.04483870967742,2015-07-13,2015-07-19
"DMI",2015,30,0.467709677419355,2015-07-20,2015-07-26
"ENSO3",2015,30,2.01903225806452,2015-07-20,2015-07-26
"ENSO34",2015,30,1.78,2015-07-20,2015-07-26
"ENSO4",2015,30,1.04709677419355,2015-07-20,2015-07-26
"DMI",2015,31,0.542101382488479,2015-07-27,2015-08-02
"ENSO3",2015,31,2.06677419354839,2015-07-27,2015-08-02
"ENSO34",2015,31,1.84921658986175,2015-07-27,2015-08-02
"ENSO4",2015,31,1.04963133640553,2015-07-27,2015-08-02
"DMI",2015,32,0.522967741935484,2015-08-03,2015-08-09
"ENSO3",2015,32,2.12516129032258,2015-08-03,2015-08-09
"ENSO34",2015,32,1.89258064516129,2015-08-03,2015-08-09
"ENSO4",2015,32,1.06129032258065,2015-08-03,2015-08-09
"DMI",2015,33,0.461322580645161,2015-08-10,2015-08-16
"ENSO3",2015,33,2.18838709677419,2015-08-10,2015-08-16
"ENSO34",2015,33,1.9241935483871,2015-08-10,2015-08-16
"ENSO4",2015,33,1.07709677419355,2015-08-10,2015-08-16
"DMI",2015,34,0.399677419354839,2015-08-17,2015-08-23
"ENSO3",2015,34,2.25161290322581,2015-08-17,2015-08-23
"ENSO34",2015,34,1.9558064516129,2015-08-17,2015-08-23
"ENSO4",2015,34,1.09290322580645,2015-08-17,2015-08-23
"DMI",2015,35,0.338032258064516,2015-08-24,2015-08-30
"ENSO3",2015,35,2.31483870967742,2015-08-24,2015-08-30
"ENSO34",2015,35,1.98741935483871,2015-08-24,2015-08-30
"ENSO4",2015,35,1.10870967741935,2015-08-24,2015-08-30
"DMI",2015,36,0.308758064516129,2015-08-31,2015-09-06
"ENSO3",2015,36,2.3665668202765,2015-08-31,2015-09-06
"ENSO34",2015,36,2.02364055299539,2015-08-31,2015-09-06
"ENSO4",2015,36,1.12467741935484,2015-08-31,2015-09-06
"DMI",2015,37,0.3507,2015-09-07,2015-09-13
"ENSO3",2015,37,2.393,2015-09-07,2015-09-13
"ENSO34",2015,37,2.07,2015-09-07,2015-09-13
"ENSO4",2015,37,1.141,2015-09-07,2015-09-13
"DMI",2015,38,0.3948,2015-09-14,2015-09-20
"ENSO3",2015,38,2.41866666666667,2015-09-14,2015-09-20
"ENSO34",2015,38,2.11666666666667,2015-09-14,2015-09-20
"ENSO4",2015,38,1.15733333333333,2015-09-14,2015-09-20
"DMI",2015,39,0.4389,2015-09-21,2015-09-27
"ENSO3",2015,39,2.44433333333333,2015-09-21,2015-09-27
"ENSO34",2015,39,2.16333333333333,2015-09-21,2015-09-27
"ENSO4",2015,39,1.17366666666667,2015-09-21,2015-09-27
"DMI",2015,40,0.473839631336405,2015-09-28,2015-10-04
"ENSO3",2015,40,2.47128110599078,2015-09-28,2015-10-04
"ENSO34",2015,40,2.21423963133641,2015-09-28,2015-10-04
"ENSO4",2015,40,1.1990599078341,2015-09-28,2015-10-04
"DMI",2015,41,0.452290322580645,2015-10-05,2015-10-11
"ENSO3",2015,41,2.50612903225806,2015-10-05,2015-10-11
"ENSO34",2015,41,2.29129032258064,2015-10-05,2015-10-11
"ENSO4",2015,41,1.28032258064516,2015-10-05,2015-10-11
"DMI",2015,42,0.42158064516129,2015-10-12,2015-10-18
"ENSO3",2015,42,2.54225806451613,2015-10-12,2015-10-18
"ENSO34",2015,42,2.37258064516129,2015-10-12,2015-10-18
"ENSO4",2015,42,1.37064516129032,2015-10-12,2015-10-18
"DMI",2015,43,0.390870967741935,2015-10-19,2015-10-25
"ENSO3",2015,43,2.57838709677419,2015-10-19,2015-10-25
"ENSO34",2015,43,2.45387096774194,2015-10-19,2015-10-25
"ENSO4",2015,43,1.46096774193548,2015-10-19,2015-10-25
"DMI",2015,44,0.360161290322581,2015-10-26,2015-11-01
"ENSO3",2015,44,2.61451612903226,2015-10-26,2015-11-01
"ENSO34",2015,44,2.53516129032258,2015-10-26,2015-11-01
"ENSO4",2015,44,1.55129032258065,2015-10-26,2015-11-01
"DMI",2015,45,0.337,2015-11-02,2015-11-08
"ENSO3",2015,45,2.63266666666667,2015-11-02,2015-11-08
"ENSO34",2015,45,2.56866666666667,2015-11-02,2015-11-08
"ENSO4",2015,45,1.57933333333333,2015-11-02,2015-11-08
"DMI",2015,46,0.3195,2015-11-09,2015-11-15
"ENSO3",2015,46,2.63733333333333,2015-11-09,2015-11-15
"ENSO34",2015,46,2.56633333333333,2015-11-09,2015-11-15
"ENSO4",2015,46,1.56066666666667,2015-11-09,2015-11-15
"DMI",2015,47,0.302,2015-11-16,2015-11-22
"ENSO3",2015,47,2.642,2015-11-16,2015-11-22
"ENSO34",2015,47,2.564,2015-11-16,2015-11-22
"ENSO4",2015,47,1.542,2015-11-16,2015-11-22
"DMI",2015,48,0.2845,2015-11-23,2015-11-29
"ENSO3",2015,48,2.64666666666667,2015-11-23,2015-11-29
"ENSO34",2015,48,2.56166666666667,2015-11-23,2015-11-29
"ENSO4",2015,48,1.52333333333333,2015-11-23,2015-11-29
"DMI",2015,49,0.271942396313364,2015-11-30,2015-12-06
"ENSO3",2015,49,2.64921351766513,2015-11-30,2015-12-06
"ENSO34",2015,49,2.56004761904762,2015-11-30,2015-12-06
"ENSO4",2015,49,1.49793855606759,2015-11-30,2015-12-06
"DMI",2015,50,0.270258064516129,2015-12-07,2015-12-13
"ENSO3",2015,50,2.64709677419355,2015-12-07,2015-12-13
"ENSO34",2015,50,2.56,2015-12-07,2015-12-13
"ENSO4",2015,50,1.45774193548387,2015-12-07,2015-12-13
"DMI",2015,51,0.268903225806452,2015-12-14,2015-12-20
"ENSO3",2015,51,2.64483870967742,2015-12-14,2015-12-20
"ENSO34",2015,51,2.56,2015-12-14,2015-12-20
"ENSO4",2015,51,1.41709677419355,2015-12-14,2015-12-20
"DMI",2015,52,0.267548387096774,2015-12-21,2015-12-27
"ENSO3",2015,52,2.64258064516129,2015-12-21,2015-12-27
"ENSO34",2015,52,2.56,2015-12-21,2015-12-27
"ENSO4",2015,52,1.37645161290323,2015-12-21,2015-12-27
"DMI",2015,53,0.261078341013825,2015-12-28,2016-01-03
"ENSO3",2015,53,2.63023041474654,2015-12-28,2016-01-03
"ENSO34",2015,53,2.55377880184332,2015-12-28,2016-01-03
"ENSO4",2015,53,1.3378801843318,2015-12-28,2016-01-03
"DMI",2016,1,0.193225806451613,2016-01-04,2016-01-10
"ENSO3",2016,1,2.49677419354839,2016-01-04,2016-01-10
"ENSO34",2016,1,2.47290322580645,2016-01-04,2016-01-10
"ENSO4",2016,1,1.3241935483871,2016-01-04,2016-01-10
"DMI",2016,2,0.108322580645161,2016-01-11,2016-01-17
"ENSO3",2016,2,2.32967741935484,2016-01-11,2016-01-17
"ENSO34",2016,2,2.37129032258064,2016-01-11,2016-01-17
"ENSO4",2016,2,1.31741935483871,2016-01-11,2016-01-17
"DMI",2016,3,0.0234193548387097,2016-01-18,2016-01-24
"ENSO3",2016,3,2.16258064516129,2016-01-18,2016-01-24
"ENSO34",2016,3,2.26967741935484,2016-01-18,2016-01-24
"ENSO4",2016,3,1.31064516129032,2016-01-18,2016-01-24
"DMI",2016,4,-0.0614838709677419,2016-01-25,2016-01-31
"ENSO3",2016,4,1.99548387096774,2016-01-25,2016-01-31
"ENSO34",2016,4,2.16806451612903,2016-01-25,2016-01-31
"ENSO4",2016,4,1.30387096774194,2016-01-25,2016-01-31
"DMI",2016,5,-0.099551724137931,2016-02-01,2016-02-07
"ENSO3",2016,5,1.86068965517241,2016-02-01,2016-02-07
"ENSO34",2016,5,2.05724137931034,2016-02-01,2016-02-07
"ENSO4",2016,5,1.28448275862069,2016-02-01,2016-02-07
"DMI",2016,6,-0.0751724137931035,2016-02-08,2016-02-14
"ENSO3",2016,6,1.76896551724138,2016-02-08,2016-02-14
"ENSO34",2016,6,1.93413793103448,2016-02-08,2016-02-14
"ENSO4",2016,6,1.24827586206897,2016-02-08,2016-02-14
"DMI",2016,7,-0.0507931034482759,2016-02-15,2016-02-21
"ENSO3",2016,7,1.67724137931034,2016-02-15,2016-02-21
"ENSO34",2016,7,1.81103448275862,2016-02-15,2016-02-21
"ENSO4",2016,7,1.21206896551724,2016-02-15,2016-02-21
"DMI",2016,8,-0.0264137931034483,2016-02-22,2016-02-28
"ENSO3",2016,8,1.58551724137931,2016-02-22,2016-02-28
"ENSO34",2016,8,1.68793103448276,2016-02-22,2016-02-28
"ENSO4",2016,8,1.17586206896552,2016-02-22,2016-02-28
"DMI",2016,9,0.00121674876847291,2016-02-29,2016-03-06
"ENSO3",2016,9,1.47071984744955,2016-02-29,2016-03-06
"ENSO34",2016,9,1.56449388209121,2016-02-29,2016-03-06
"ENSO4",2016,9,1.13207532178611,2016-02-29,2016-03-06
"DMI",2016,10,0.036,2016-03-07,2016-03-13
"ENSO3",2016,10,1.30516129032258,2016-03-07,2016-03-13
"ENSO34",2016,10,1.44032258064516,2016-03-07,2016-03-13
"ENSO4",2016,10,1.07161290322581,2016-03-07,2016-03-13
"DMI",2016,11,0.071,2016-03-14,2016-03-20
"ENSO3",2016,11,1.13806451612903,2016-03-14,2016-03-20
"ENSO34",2016,11,1.31612903225806,2016-03-14,2016-03-20
"ENSO4",2016,11,1.01064516129032,2016-03-14,2016-03-20
"DMI",2016,12,0.106,2016-03-21,2016-03-27
"ENSO3",2016,12,0.970967741935484,2016-03-21,2016-03-27
"ENSO34",2016,12,1.19193548387097,2016-03-21,2016-03-27
"ENSO4",2016,12,0.949677419354839,2016-03-21,2016-03-27
"DMI",2016,13,0.135157142857143,2016-03-28,2016-04-03
"ENSO3",2016,13,0.805958525345622,2016-03-28,2016-04-03
"ENSO34",2016,13,1.06677419354839,2016-03-28,2016-04-03
"ENSO4",2016,13,0.888870967741936,2016-03-28,2016-04-03
"DMI",2016,14,0.0942,2016-04-04,2016-04-10
"ENSO3",2016,14,0.666,2016-04-04,2016-04-10
"ENSO34",2016,14,0.93,2016-04-04,2016-04-10
"ENSO4",2016,14,0.83,2016-04-04,2016-04-10
"DMI",2016,15,0.0337666666666667,2016-04-11,2016-04-17
"ENSO3",2016,15,0.533,2016-04-11,2016-04-17
"ENSO34",2016,15,0.79,2016-04-11,2016-04-17
"ENSO4",2016,15,0.771666666666667,2016-04-11,2016-04-17
"DMI",2016,16,-0.0266666666666667,2016-04-18,2016-04-24
"ENSO3",2016,16,0.4,2016-04-18,2016-04-24
"ENSO34",2016,16,0.65,2016-04-18,2016-04-24
"ENSO4",2016,16,0.713333333333333,2016-04-18,2016-04-24
"DMI",2016,17,-0.0871,2016-04-25,2016-05-01
"ENSO3",2016,17,0.267,2016-04-25,2016-05-01
"ENSO34",2016,17,0.51,2016-04-25,2016-05-01
"ENSO4",2016,17,0.655,2016-04-25,2016-05-01
"DMI",2016,18,-0.15558064516129,2016-05-02,2016-05-08
"ENSO3",2016,18,0.197096774193548,2016-05-02,2016-05-08
"ENSO34",2016,18,0.399677419354839,2016-05-02,2016-05-08
"ENSO4",2016,18,0.606774193548387,2016-05-02,2016-05-08
"DMI",2016,19,-0.230096774193548,2016-05-09,2016-05-15
"ENSO3",2016,19,0.174516129032258,2016-05-09,2016-05-15
"ENSO34",2016,19,0.311612903225806,2016-05-09,2016-05-15
"ENSO4",2016,19,0.566129032258065,2016-05-09,2016-05-15
"DMI",2016,20,-0.304612903225806,2016-05-16,2016-05-22
"ENSO3",2016,20,0.151935483870968,2016-05-16,2016-05-22
"ENSO34",2016,20,0.223548387096774,2016-05-16,2016-05-22
"ENSO4",2016,20,0.525483870967742,2016-05-16,2016-05-22
"DMI",2016,21,-0.379129032258065,2016-05-23,2016-05-29
"ENSO3",2016,21,0.129354838709677,2016-05-23,2016-05-29
"ENSO34",2016,21,0.135483870967742,2016-05-23,2016-05-29
"ENSO4",2016,21,0.484838709677419,2016-05-23,2016-05-29
"DMI",2016,22,-0.453437788018433,2016-05-30,2016-06-05
"ENSO3",2016,22,0.094715821812596,2016-05-30,2016-06-05
"ENSO34",2016,22,0.0506298003072197,2016-05-30,2016-06-05
"ENSO4",2016,22,0.442488479262673,2016-05-30,2016-06-05
"DMI",2016,23,-0.527,2016-06-06,2016-06-12
"ENSO3",2016,23,0.0166666666666667,2016-06-06,2016-06-12
"ENSO34",2016,23,-0.0226666666666667,2016-06-06,2016-06-12
"ENSO4",2016,23,0.394,2016-06-06,2016-06-12
"DMI",2016,24,-0.6005,2016-06-13,2016-06-19
"ENSO3",2016,24,-0.065,2016-06-13,2016-06-19
"ENSO34",2016,24,-0.095,2016-06-13,2016-06-19
"ENSO4",2016,24,0.345,2016-06-13,2016-06-19
"DMI",2016,25,-0.674,2016-06-20,2016-06-26
"ENSO3",2016,25,-0.146666666666667,2016-06-20,2016-06-26
"ENSO34",2016,25,-0.167333333333333,2016-06-20,2016-06-26
"ENSO4",2016,25,0.296,2016-06-20,2016-06-26
"DMI",2016,26,-0.738658986175115,2016-06-27,2016-07-03
"ENSO3",2016,26,-0.226927803379416,2016-06-27,2016-07-03
"ENSO34",2016,26,-0.238417818740399,2016-06-27,2016-07-03
"ENSO4",2016,26,0.246958525345622,2016-06-27,2016-07-03
"DMI",2016,27,-0.697225806451613,2016-07-04,2016-07-10
"ENSO3",2016,27,-0.290322580645161,2016-07-04,2016-07-10
"ENSO34",2016,27,-0.294516129032258,2016-07-04,2016-07-10
"ENSO4",2016,27,0.19741935483871,2016-07-04,2016-07-10
"DMI",2016,28,-0.626322580645161,2016-07-11,2016-07-17
"ENSO3",2016,28,-0.349032258064516,2016-07-11,2016-07-17
"ENSO34",2016,28,-0.346451612903226,2016-07-11,2016-07-17
"ENSO4",2016,28,0.147741935483871,2016-07-11,2016-07-17
"DMI",2016,29,-0.55541935483871,2016-07-18,2016-07-24
"ENSO3",2016,29,-0.407741935483871,2016-07-18,2016-07-24
"ENSO34",2016,29,-0.398387096774194,2016-07-18,2016-07-24
"ENSO4",2016,29,0.0980645161290322,2016-07-18,2016-07-24
"DMI",2016,30,-0.484516129032258,2016-07-25,2016-07-31
"ENSO3",2016,30,-0.466451612903226,2016-07-25,2016-07-31
"ENSO34",2016,30,-0.450322580645161,2016-07-25,2016-07-31
"ENSO4",2016,30,0.0483870967741935,2016-07-25,2016-07-31
"DMI",2016,31,-0.443322580645161,2016-08-01,2016-08-07
"ENSO3",2016,31,-0.47,2016-08-01,2016-08-07
"ENSO34",2016,31,-0.478064516129032,2016-08-01,2016-08-07
"ENSO4",2016,31,0.00258064516129032,2016-08-01,2016-08-07
"DMI",2016,32,-0.441741935483871,2016-08-08,2016-08-14
"ENSO3",2016,32,-0.4,2016-08-08,2016-08-14
"ENSO34",2016,32,-0.473548387096774,2016-08-08,2016-08-14
"ENSO4",2016,32,-0.0380645161290323,2016-08-08,2016-08-14
"DMI",2016,33,-0.440161290322581,2016-08-15,2016-08-21
"ENSO3",2016,33,-0.33,2016-08-15,2016-08-21
"ENSO34",2016,33,-0.469032258064516,2016-08-15,2016-08-21
"ENSO4",2016,33,-0.0787096774193548,2016-08-15,2016-08-21
"DMI",2016,34,-0.43858064516129,2016-08-22,2016-08-28
"ENSO3",2016,34,-0.26,2016-08-22,2016-08-28
"ENSO34",2016,34,-0.464516129032258,2016-08-22,2016-08-28
"ENSO4",2016,34,-0.119354838709677,2016-08-22,2016-08-28
"DMI",2016,35,-0.435336405529954,2016-08-29,2016-09-04
"ENSO3",2016,35,-0.208,2016-08-29,2016-09-04
"ENSO34",2016,35,-0.468838709677419,2016-08-29,2016-09-04
"ENSO4",2016,35,-0.161308755760369,2016-08-29,2016-09-04
"DMI",2016,36,-0.421833333333333,2016-09-05,2016-09-11
"ENSO3",2016,36,-0.267,2016-09-05,2016-09-11
"ENSO34",2016,36,-0.527666666666667,2016-09-05,2016-09-11
"ENSO4",2016,36,-0.211333333333333,2016-09-05,2016-09-11
"DMI",2016,37,-0.406666666666667,2016-09-12,2016-09-18
"ENSO3",2016,37,-0.344,2016-09-12,2016-09-18
"ENSO34",2016,37,-0.595333333333333,2016-09-12,2016-09-18
"ENSO4",2016,37,-0.262666666666667,2016-09-12,2016-09-18
"DMI",2016,38,-0.3915,2016-09-19,2016-09-25
"ENSO3",2016,38,-0.421,2016-09-19,2016-09-25
"ENSO34",2016,38,-0.663,2016-09-19,2016-09-25
"ENSO4",2016,38,-0.314,2016-09-19,2016-09-25
"DMI",2016,39,-0.376688940092166,2016-09-26,2016-10-02
"ENSO3",2016,39,-0.496244239631336,2016-09-26,2016-10-02
"ENSO34",2016,39,-0.728732718894009,2016-09-26,2016-10-02
"ENSO4",2016,39,-0.363870967741936,2016-09-26,2016-10-02
"DMI",2016,40,-0.373612903225806,2016-10-03,2016-10-09
"ENSO3",2016,40,-0.513548387096774,2016-10-03,2016-10-09
"ENSO34",2016,40,-0.730645161290323,2016-10-03,2016-10-09
"ENSO4",2016,40,-0.365483870967742,2016-10-03,2016-10-09
"DMI",2016,41,-0.375870967741935,2016-10-10,2016-10-16
"ENSO3",2016,41,-0.504516129032258,2016-10-10,2016-10-16
"ENSO34",2016,41,-0.703548387096774,2016-10-10,2016-10-16
"ENSO4",2016,41,-0.345161290322581,2016-10-10,2016-10-16
"DMI",2016,42,-0.378129032258065,2016-10-17,2016-10-23
"ENSO3",2016,42,-0.495483870967742,2016-10-17,2016-10-23
"ENSO34",2016,42,-0.676451612903226,2016-10-17,2016-10-23
"ENSO4",2016,42,-0.324838709677419,2016-10-17,2016-10-23
"DMI",2016,43,-0.380387096774194,2016-10-24,2016-10-30
"ENSO3",2016,43,-0.486451612903226,2016-10-24,2016-10-30
"ENSO34",2016,43,-0.649354838709677,2016-10-24,2016-10-30
"ENSO4",2016,43,-0.304516129032258,2016-10-24,2016-10-30
"DMI",2016,44,-0.376811059907834,2016-10-31,2016-11-06
"ENSO3",2016,44,-0.480184331797235,2016-10-31,2016-11-06
"ENSO34",2016,44,-0.621981566820276,2016-10-31,2016-11-06
"ENSO4",2016,44,-0.278986175115207,2016-10-31,2016-11-06
"DMI",2016,45,-0.3604,2016-11-07,2016-11-13
"ENSO3",2016,45,-0.48,2016-11-07,2016-11-13
"ENSO34",2016,45,-0.594,2016-11-07,2016-11-13
"ENSO4",2016,45,-0.242,2016-11-07,2016-11-13
"DMI",2016,46,-0.3436,2016-11-14,2016-11-20
"ENSO3",2016,46,-0.48,2016-11-14,2016-11-20
"ENSO34",2016,46,-0.566,2016-11-14,2016-11-20
"ENSO4",2016,46,-0.204666666666667,2016-11-14,2016-11-20
"DMI",2016,47,-0.3268,2016-11-21,2016-11-27
"ENSO3",2016,47,-0.48,2016-11-21,2016-11-27
"ENSO34",2016,47,-0.538,2016-11-21,2016-11-27
"ENSO4",2016,47,-0.167333333333333,2016-11-21,2016-11-27
"DMI",2016,48,-0.305863594470046,2016-11-28,2016-12-04
"ENSO3",2016,48,-0.469216589861751,2016-11-28,2016-12-04
"ENSO34",2016,48,-0.508728110599078,2016-11-28,2016-12-04
"ENSO4",2016,48,-0.134571428571429,2016-11-28,2016-12-04
"DMI",2016,49,-0.25941935483871,2016-12-05,2016-12-11
"ENSO3",2016,49,-0.391935483870968,2016-12-05,2016-12-11
"ENSO34",2016,49,-0.471612903225806,2016-12-05,2016-12-11
"ENSO4",2016,49,-0.13,2016-12-05,2016-12-11
"DMI",2016,50,-0.208838709677419,2016-12-12,2016-12-18
"ENSO3",2016,50,-0.303870967741935,2016-12-12,2016-12-18
"ENSO34",2016,50,-0.433225806451613,2016-12-12,2016-12-18
"ENSO4",2016,50,-0.13,2016-12-12,2016-12-18
"DMI",2016,51,-0.158258064516129,2016-12-19,2016-12-25
"ENSO3",2016,51,-0.215806451612903,2016-12-19,2016-12-25
"ENSO34",2016,51,-0.394838709677419,2016-12-19,2016-12-25
"ENSO4",2016,51,-0.13,2016-12-19,2016-12-25
"DMI",2016,52,-0.107677419354839,2016-12-26,2017-01-01
"ENSO3",2016,52,-0.127741935483871,2016-12-26,2017-01-01
"ENSO34",2016,52,-0.356451612903226,2016-12-26,2017-01-01
"ENSO4",2016,52,-0.13,2016-12-26,2017-01-01
"DMI",2017,1,-0.0618709677419355,2017-01-02,2017-01-08
"ENSO3",2017,1,-0.0267741935483871,2017-01-02,2017-01-08
"ENSO34",2017,1,-0.29741935483871,2017-01-02,2017-01-08
"ENSO4",2017,1,-0.105483870967742,2017-01-02,2017-01-08
"DMI",2017,2,-0.0196451612903226,2017-01-09,2017-01-15
"ENSO3",2017,2,0.0838709677419355,2017-01-09,2017-01-15
"ENSO34",2017,2,-0.222903225806452,2017-01-09,2017-01-15
"ENSO4",2017,2,-0.0625806451612903,2017-01-09,2017-01-15
"DMI",2017,3,0.0225806451612903,2017-01-16,2017-01-22
"ENSO3",2017,3,0.194516129032258,2017-01-16,2017-01-22
"ENSO34",2017,3,-0.148387096774194,2017-01-16,2017-01-22
"ENSO4",2017,3,-0.0196774193548387,2017-01-16,2017-01-22
"DMI",2017,4,0.0648064516129032,2017-01-23,2017-01-29
"ENSO3",2017,4,0.305161290322581,2017-01-23,2017-01-29
"ENSO34",2017,4,-0.0738709677419355,2017-01-23,2017-01-29
"ENSO4",2017,4,0.0232258064516129,2017-01-23,2017-01-29
"DMI",2017,5,0.111475971033575,2017-01-30,2017-02-05
"ENSO3",2017,5,0.38506254114549,2017-01-30,2017-02-05
"ENSO34",2017,5,-0.018643844634628,2017-01-30,2017-02-05
"ENSO4",2017,5,0.0517610269914417,2017-01-30,2017-02-05
"DMI",2017,6,0.174142857142857,2017-02-06,2017-02-12
"ENSO3",2017,6,0.354285714285714,2017-02-06,2017-02-12
"ENSO34",2017,6,-0.0328571428571429,2017-02-06,2017-02-12
"ENSO4",2017,6,0.0285714285714286,2017-02-06,2017-02-12
"DMI",2017,7,0.238142857142857,2017-02-13,2017-02-19
"ENSO3",2017,7,0.314285714285714,2017-02-13,2017-02-19
"ENSO34",2017,7,-0.0528571428571429,2017-02-13,2017-02-19
"ENSO4",2017,7,0.00107142857142857,2017-02-13,2017-02-19
"DMI",2017,8,0.302142857142857,2017-02-20,2017-02-26
"ENSO3",2017,8,0.274285714285714,2017-02-20,2017-02-26
"ENSO34",2017,8,-0.0728571428571429,2017-02-20,2017-02-26
"ENSO4",2017,8,-0.0264285714285714,2017-02-20,2017-02-26
"DMI",2017,9,0.359625411454905,2017-02-27,2017-03-05
"ENSO3",2017,9,0.250743910467413,2017-02-27,2017-03-05
"ENSO34",2017,9,-0.0744897959183674,2017-02-27,2017-03-05
"ENSO4",2017,9,-0.0372564186965109,2017-02-27,2017-03-05
"DMI",2017,10,0.393645161290323,2017-03-06,2017-03-12
"ENSO3",2017,10,0.286451612903226,2017-03-06,2017-03-12
"ENSO34",2017,10,-0.01,2017-03-06,2017-03-12
"ENSO4",2017,10,0.0119354838709677,2017-03-06,2017-03-12
"DMI",2017,11,0.425709677419355,2017-03-13,2017-03-19
"ENSO3",2017,11,0.327096774193548,2017-03-13,2017-03-19
"ENSO34",2017,11,0.06,2017-03-13,2017-03-19
"ENSO4",2017,11,0.0661290322580645,2017-03-13,2017-03-19
"DMI",2017,12,0.457774193548387,2017-03-20,2017-03-26
"ENSO3",2017,12,0.367741935483871,2017-03-20,2017-03-26
"ENSO34",2017,12,0.13,2017-03-20,2017-03-26
"ENSO4",2017,12,0.120322580645161,2017-03-20,2017-03-26
"DMI",2017,13,0.489360522273426,2017-03-27,2017-04-02
"ENSO3",2017,13,0.407033794162826,2017-03-27,2017-04-02
"ENSO34",2017,13,0.198952380952381,2017-03-27,2017-04-02
"ENSO4",2017,13,0.173886328725038,2017-03-27,2017-04-02
"DMI",2017,14,0.505166666666667,2017-04-03,2017-04-09
"ENSO3",2017,14,0.401666666666667,2017-04-03,2017-04-09
"ENSO34",2017,14,0.233333333333333,2017-04-03,2017-04-09
"ENSO4",2017,14,0.206666666666667,2017-04-03,2017-04-09
"DMI",2017,15,0.5138,2017-04-10,2017-04-16
"ENSO3",2017,15,0.376,2017-04-10,2017-04-16
"ENSO34",2017,15,0.252,2017-04-10,2017-04-16
"ENSO4",2017,15,0.23,2017-04-10,2017-04-16
"DMI",2017,16,0.522433333333333,2017-04-17,2017-04-23
"ENSO3",2017,16,0.350333333333333,2017-04-17,2017-04-23
"ENSO34",2017,16,0.270666666666667,2017-04-17,2017-04-23
"ENSO4",2017,16,0.253333333333333,2017-04-17,2017-04-23
"DMI",2017,17,0.531066666666667,2017-04-24,2017-04-30
"ENSO3",2017,17,0.324666666666667,2017-04-24,2017-04-30
"ENSO34",2017,17,0.289333333333333,2017-04-24,2017-04-30
"ENSO4",2017,17,0.276666666666667,2017-04-24,2017-04-30
"DMI",2017,18,0.525161290322581,2017-05-01,2017-05-07
"ENSO3",2017,18,0.285806451612903,2017-05-01,2017-05-07
"ENSO34",2017,18,0.292258064516129,2017-05-01,2017-05-07
"ENSO4",2017,18,0.294838709677419,2017-05-01,2017-05-07
"DMI",2017,19,0.499870967741936,2017-05-08,2017-05-14
"ENSO3",2017,19,0.229354838709677,2017-05-08,2017-05-14
"ENSO34",2017,19,0.274193548387097,2017-05-08,2017-05-14
"ENSO4",2017,19,0.306129032258065,2017-05-08,2017-05-14
"DMI",2017,20,0.47458064516129,2017-05-15,2017-05-21
"ENSO3",2017,20,0.172903225806452,2017-05-15,2017-05-21
"ENSO34",2017,20,0.256129032258064,2017-05-15,2017-05-21
"ENSO4",2017,20,0.31741935483871,2017-05-15,2017-05-21
"DMI",2017,21,0.449290322580645,2017-05-22,2017-05-28
"ENSO3",2017,21,0.116451612903226,2017-05-22,2017-05-28
"ENSO34",2017,21,0.238064516129032,2017-05-22,2017-05-28
"ENSO4",2017,21,0.328709677419355,2017-05-22,2017-05-28
"DMI",2017,22,0.429839631336406,2017-05-29,2017-06-04
"ENSO3",2017,22,0.0674838709677419,2017-05-29,2017-06-04
"ENSO34",2017,22,0.22221198156682,2017-05-29,2017-06-04
"ENSO4",2017,22,0.337188940092166,2017-05-29,2017-06-04
"DMI",2017,23,0.4464,2017-06-05,2017-06-11
"ENSO3",2017,23,0.0646666666666667,2017-06-05,2017-06-11
"ENSO34",2017,23,0.22,2017-06-05,2017-06-11
"ENSO4",2017,23,0.328333333333333,2017-06-05,2017-06-11
"DMI",2017,24,0.4688,2017-06-12,2017-06-18
"ENSO3",2017,24,0.0693333333333333,2017-06-12,2017-06-18
"ENSO34",2017,24,0.22,2017-06-12,2017-06-18
"ENSO4",2017,24,0.316666666666667,2017-06-12,2017-06-18
"DMI",2017,25,0.4912,2017-06-19,2017-06-25
"ENSO3",2017,25,0.074,2017-06-19,2017-06-25
"ENSO34",2017,25,0.22,2017-06-19,2017-06-25
"ENSO4",2017,25,0.305,2017-06-19,2017-06-25
"DMI",2017,26,0.512354838709677,2017-06-26,2017-07-02
"ENSO3",2017,26,0.0764976958525346,2017-06-26,2017-07-02
"ENSO34",2017,26,0.21815668202765,2017-06-26,2017-07-02
"ENSO4",2017,26,0.293018433179723,2017-06-26,2017-07-02
"DMI",2017,27,0.49241935483871,2017-07-03,2017-07-09
"ENSO3",2017,27,0.00741935483870968,2017-07-03,2017-07-09
"ENSO34",2017,27,0.155483870967742,2017-07-03,2017-07-09
"ENSO4",2017,27,0.270645161290323,2017-07-03,2017-07-09
"DMI",2017,28,0.453806451612903,2017-07-10,2017-07-16
"ENSO3",2017,28,-0.0941935483870968,2017-07-10,2017-07-16
"ENSO34",2017,28,0.0651612903225806,2017-07-10,2017-07-16
"ENSO4",2017,28,0.243548387096774,2017-07-10,2017-07-16
"DMI",2017,29,0.415193548387097,2017-07-17,2017-07-23
"ENSO3",2017,29,-0.195806451612903,2017-07-17,2017-07-23
"ENSO34",2017,29,-0.0251612903225807,2017-07-17,2017-07-23
"ENSO4",2017,29,0.216451612903226,2017-07-17,2017-07-23
"DMI",2017,30,0.37658064516129,2017-07-24,2017-07-30
"ENSO3",2017,30,-0.29741935483871,2017-07-24,2017-07-30
"ENSO34",2017,30,-0.115483870967742,2017-07-24,2017-07-30
"ENSO4",2017,30,0.189354838709677,2017-07-24,2017-07-30
"DMI",2017,31,0.328013824884793,2017-07-31,2017-08-06
"ENSO3",2017,31,-0.403179723502304,2017-07-31,2017-08-06
"ENSO34",2017,31,-0.204423963133641,2017-07-31,2017-08-06
"ENSO4",2017,31,0.151889400921659,2017-07-31,2017-08-06
"DMI",2017,32,0.257548387096774,2017-08-07,2017-08-13
"ENSO3",2017,32,-0.518064516129032,2017-08-07,2017-08-13
"ENSO34",2017,32,-0.290322580645161,2017-08-07,2017-08-13
"ENSO4",2017,32,0.0916129032258065,2017-08-07,2017-08-13
"DMI",2017,33,0.18641935483871,2017-08-14,2017-08-20
"ENSO3",2017,33,-0.633225806451613,2017-08-14,2017-08-20
"ENSO34",2017,33,-0.376129032258065,2017-08-14,2017-08-20
"ENSO4",2017,33,0.0306451612903226,2017-08-14,2017-08-20
"DMI",2017,34,0.115290322580645,2017-08-21,2017-08-27
"ENSO3",2017,34,-0.748387096774194,2017-08-21,2017-08-27
"ENSO34",2017,34,-0.461935483870968,2017-08-21,2017-08-27
"ENSO4",2017,34,-0.0303225806451613,2017-08-21,2017-08-27
"DMI",2017,35,0.0482589861751152,2017-08-28,2017-09-03
"ENSO3",2017,35,-0.855640552995392,2017-08-28,2017-09-03
"ENSO34",2017,35,-0.541917050691244,2017-08-28,2017-09-03
"ENSO4",2017,35,-0.0875576036866359,2017-08-28,2017-09-03
"DMI",2017,36,0.0304,2017-09-04,2017-09-10
"ENSO3",2017,36,-0.868,2017-09-04,2017-09-10
"ENSO34",2017,36,-0.552,2017-09-04,2017-09-10
"ENSO4",2017,36,-0.1,2017-09-04,2017-09-10
"DMI",2017,37,0.0262,2017-09-11,2017-09-17
"ENSO3",2017,37,-0.854,2017-09-11,2017-09-17
"ENSO34",2017,37,-0.542666666666667,2017-09-11,2017-09-17
"ENSO4",2017,37,-0.1,2017-09-11,2017-09-17
"DMI",2017,38,0.022,2017-09-18,2017-09-24
"ENSO3",2017,38,-0.84,2017-09-18,2017-09-24
"ENSO34",2017,38,-0.533333333333333,2017-09-18,2017-09-24
"ENSO4",2017,38,-0.1,2017-09-18,2017-09-24
"DMI",2017,39,0.0178,2017-09-25,2017-10-01
"ENSO3",2017,39,-0.826,2017-09-25,2017-10-01
"ENSO34",2017,39,-0.524,2017-09-25,2017-10-01
"ENSO4",2017,39,-0.1,2017-09-25,2017-10-01
"DMI",2017,40,0.0512258064516129,2017-10-02,2017-10-08
"ENSO3",2017,40,-0.856129032258064,2017-10-02,2017-10-08
"ENSO34",2017,40,-0.561290322580645,2017-10-02,2017-10-08
"ENSO4",2017,40,-0.114193548387097,2017-10-02,2017-10-08
"DMI",2017,41,0.112870967741935,2017-10-09,2017-10-15
"ENSO3",2017,41,-0.919354838709677,2017-10-09,2017-10-15
"ENSO34",2017,41,-0.633548387096774,2017-10-09,2017-10-15
"ENSO4",2017,41,-0.139032258064516,2017-10-09,2017-10-15
"DMI",2017,42,0.174516129032258,2017-10-16,2017-10-22
"ENSO3",2017,42,-0.98258064516129,2017-10-16,2017-10-22
"ENSO34",2017,42,-0.705806451612903,2017-10-16,2017-10-22
"ENSO4",2017,42,-0.163870967741935,2017-10-16,2017-10-22
"DMI",2017,43,0.236161290322581,2017-10-23,2017-10-29
"ENSO3",2017,43,-1.0458064516129,2017-10-23,2017-10-29
"ENSO34",2017,43,-0.778064516129032,2017-10-23,2017-10-29
"ENSO4",2017,43,-0.188709677419355,2017-10-23,2017-10-29
"DMI",2017,44,0.276654377880184,2017-10-30,2017-11-05
"ENSO3",2017,44,-1.09565284178187,2017-10-30,2017-11-05
"ENSO34",2017,44,-0.83605222734255,2017-10-30,2017-11-05
"ENSO4",2017,44,-0.213241167434716,2017-10-30,2017-11-05
"DMI",2017,45,0.241,2017-11-06,2017-11-12
"ENSO3",2017,45,-1.09733333333333,2017-11-06,2017-11-12
"ENSO34",2017,45,-0.842666666666667,2017-11-06,2017-11-12
"ENSO4",2017,45,-0.236666666666667,2017-11-06,2017-11-12
"DMI",2017,46,0.199,2017-11-13,2017-11-19
"ENSO3",2017,46,-1.095,2017-11-13,2017-11-19
"ENSO34",2017,46,-0.845,2017-11-13,2017-11-19
"ENSO4",2017,46,-0.26,2017-11-13,2017-11-19
"DMI",2017,47,0.157,2017-11-20,2017-11-26
"ENSO3",2017,47,-1.09266666666667,2017-11-20,2017-11-26
"ENSO34",2017,47,-0.847333333333333,2017-11-20,2017-11-26
"ENSO4",2017,47,-0.283333333333333,2017-11-20,2017-11-26
"DMI",2017,48,0.113299539170507,2017-11-27,2017-12-03
"ENSO3",2017,48,-1.0915821812596,2017-11-27,2017-12-03
"ENSO34",2017,48,-0.849662058371736,2017-11-27,2017-12-03
"ENSO4",2017,48,-0.305238095238095,2017-11-27,2017-12-03
"DMI",2017,49,0.0491935483870968,2017-12-04,2017-12-10
"ENSO3",2017,49,-1.10548387096774,2017-12-04,2017-12-10
"ENSO34",2017,49,-0.851935483870968,2017-12-04,2017-12-10
"ENSO4",2017,49,-0.31,2017-12-04,2017-12-10
"DMI",2017,50,-0.0205806451612903,2017-12-11,2017-12-17
"ENSO3",2017,50,-1.12354838709677,2017-12-11,2017-12-17
"ENSO34",2017,50,-0.854193548387097,2017-12-11,2017-12-17
"ENSO4",2017,50,-0.31,2017-12-11,2017-12-17
"DMI",2017,51,-0.0903548387096774,2017-12-18,2017-12-24
"ENSO3",2017,51,-1.14161290322581,2017-12-18,2017-12-24
"ENSO34",2017,51,-0.856451612903226,2017-12-18,2017-12-24
"ENSO4",2017,51,-0.31,2017-12-18,2017-12-24
"DMI",2017,52,-0.160129032258065,2017-12-25,2017-12-31
"ENSO3",2017,52,-1.15967741935484,2017-12-25,2017-12-31
"ENSO34",2017,52,-0.858709677419355,2017-12-25,2017-12-31
"ENSO4",2017,52,-0.31,2017-12-25,2017-12-31
"DMI",2018,1,-0.159838709677419,2018-01-01,2018-01-07
"ENSO3",2018,1,-1.13129032258065,2018-01-01,2018-01-07
"ENSO34",2018,1,-0.84741935483871,2018-01-01,2018-01-07
"ENSO4",2018,1,-0.299354838709677,2018-01-01,2018-01-07
"DMI",2018,2,-0.0661290322580645,2018-01-08,2018-01-14
"ENSO3",2018,2,-1.04096774193548,2018-01-08,2018-01-14
"ENSO34",2018,2,-0.818064516129032,2018-01-08,2018-01-14
"ENSO4",2018,2,-0.274516129032258,2018-01-08,2018-01-14
"DMI",2018,3,0.0275806451612903,2018-01-15,2018-01-21
"ENSO3",2018,3,-0.950645161290323,2018-01-15,2018-01-21
"ENSO34",2018,3,-0.788709677419355,2018-01-15,2018-01-21
"ENSO4",2018,3,-0.249677419354839,2018-01-15,2018-01-21
"DMI",2018,4,0.121290322580645,2018-01-22,2018-01-28
"ENSO3",2018,4,-0.860322580645161,2018-01-22,2018-01-28
"ENSO34",2018,4,-0.759354838709677,2018-01-22,2018-01-28
"ENSO4",2018,4,-0.224838709677419,2018-01-22,2018-01-28
"DMI",2018,5,0.193270243581303,2018-01-29,2018-02-04
"ENSO3",2018,5,-0.784121132323897,2018-01-29,2018-02-04
"ENSO34",2018,5,-0.733594470046083,2018-01-29,2018-02-04
"ENSO4",2018,5,-0.199674127715602,2018-01-29,2018-02-04
"DMI",2018,6,0.13125,2018-02-05,2018-02-11
"ENSO3",2018,6,-0.795,2018-02-05,2018-02-11
"ENSO34",2018,6,-0.73,2018-02-05,2018-02-11
"ENSO4",2018,6,-0.1725,2018-02-05,2018-02-11
"DMI",2018,7,0.0475,2018-02-12,2018-02-18
"ENSO3",2018,7,-0.82,2018-02-12,2018-02-18
"ENSO34",2018,7,-0.73,2018-02-12,2018-02-18
"ENSO4",2018,7,-0.145,2018-02-12,2018-02-18
"DMI",2018,8,-0.03625,2018-02-19,2018-02-25
"ENSO3",2018,8,-0.845,2018-02-19,2018-02-25
"ENSO34",2018,8,-0.73,2018-02-19,2018-02-25
"ENSO4",2018,8,-0.1175,2018-02-19,2018-02-25
"DMI",2018,9,-0.108721856484529,2018-02-26,2018-03-04
"ENSO3",2018,9,-0.854772876892693,2018-02-26,2018-03-04
"ENSO34",2018,9,-0.719769585253456,2018-02-26,2018-03-04
"ENSO4",2018,9,-0.0859019091507571,2018-02-26,2018-03-04
"DMI",2018,10,-0.111645161290323,2018-03-05,2018-03-11
"ENSO3",2018,10,-0.770645161290323,2018-03-05,2018-03-11
"ENSO34",2018,10,-0.646451612903226,2018-03-05,2018-03-11
"ENSO4",2018,10,-0.0290322580645161,2018-03-05,2018-03-11
"DMI",2018,11,-0.103290322580645,2018-03-12,2018-03-18
"ENSO3",2018,11,-0.671290322580645,2018-03-12,2018-03-18
"ENSO34",2018,11,-0.562903225806452,2018-03-12,2018-03-18
"ENSO4",2018,11,0.0319354838709677,2018-03-12,2018-03-18
"DMI",2018,12,-0.0949354838709677,2018-03-19,2018-03-25
"ENSO3",2018,12,-0.571935483870968,2018-03-19,2018-03-25
"ENSO34",2018,12,-0.479354838709677,2018-03-19,2018-03-25
"ENSO4",2018,12,0.0929032258064516,2018-03-19,2018-03-25
"DMI",2018,13,-0.0865806451612903,2018-03-26,2018-04-01
"ENSO3",2018,13,-0.47258064516129,2018-03-26,2018-04-01
"ENSO34",2018,13,-0.395806451612903,2018-03-26,2018-04-01
"ENSO4",2018,13,0.153870967741935,2018-03-26,2018-04-01
"DMI",2018,14,-0.0556666666666667,2018-04-02,2018-04-08
"ENSO3",2018,14,-0.396666666666667,2018-04-02,2018-04-08
"ENSO34",2018,14,-0.328,2018-04-02,2018-04-08
"ENSO4",2018,14,0.194666666666667,2018-04-02,2018-04-08
"DMI",2018,15,-0.00783333333333333,2018-04-09,2018-04-15
"ENSO3",2018,15,-0.338333333333333,2018-04-09,2018-04-15
"ENSO34",2018,15,-0.272,2018-04-09,2018-04-15
"ENSO4",2018,15,0.220333333333333,2018-04-09,2018-04-15
"DMI",2018,16,0.04,2018-04-16,2018-04-22
"ENSO3",2018,16,-0.28,2018-04-16,2018-04-22
"ENSO34",2018,16,-0.216,2018-04-16,2018-04-22
"ENSO4",2018,16,0.246,2018-04-16,2018-04-22
"DMI",2018,17,0.0878333333333333,2018-04-23,2018-04-29
"ENSO3",2018,17,-0.221666666666667,2018-04-23,2018-04-29
"ENSO34",2018,17,-0.16,2018-04-23,2018-04-29
"ENSO4",2018,17,0.271666666666667,2018-04-23,2018-04-29
"DMI",2018,18,0.123304915514593,2018-04-30,2018-05-06
"ENSO3",2018,18,-0.155614439324117,2018-04-30,2018-05-06
"ENSO34",2018,18,-0.104552995391705,2018-04-30,2018-05-06
"ENSO4",2018,18,0.28947619047619,2018-04-30,2018-05-06
"DMI",2018,19,0.13158064516129,2018-05-07,2018-05-13
"ENSO3",2018,19,-0.0725806451612903,2018-05-07,2018-05-13
"ENSO34",2018,19,-0.0503225806451613,2018-05-07,2018-05-13
"ENSO4",2018,19,0.29,2018-05-07,2018-05-13
"DMI",2018,20,0.139032258064516,2018-05-14,2018-05-20
"ENSO3",2018,20,0.0109677419354839,2018-05-14,2018-05-20
"ENSO34",2018,20,0.00387096774193549,2018-05-14,2018-05-20
"ENSO4",2018,20,0.29,2018-05-14,2018-05-20
"DMI",2018,21,0.146483870967742,2018-05-21,2018-05-27
"ENSO3",2018,21,0.0945161290322581,2018-05-21,2018-05-27
"ENSO34",2018,21,0.0580645161290323,2018-05-21,2018-05-27
"ENSO4",2018,21,0.29,2018-05-21,2018-05-27
"DMI",2018,22,0.152022119815668,2018-05-28,2018-06-03
"ENSO3",2018,22,0.174092165898618,2018-05-28,2018-06-03
"ENSO34",2018,22,0.111082949308756,2018-05-28,2018-06-03
"ENSO4",2018,22,0.290714285714286,2018-05-28,2018-06-03
"DMI",2018,23,0.1346,2018-06-04,2018-06-10
"ENSO3",2018,23,0.206,2018-06-04,2018-06-10
"ENSO34",2018,23,0.15,2018-06-04,2018-06-10
"ENSO4",2018,23,0.3,2018-06-04,2018-06-10
"DMI",2018,24,0.1108,2018-06-11,2018-06-17
"ENSO3",2018,24,0.224666666666667,2018-06-11,2018-06-17
"ENSO34",2018,24,0.185,2018-06-11,2018-06-17
"ENSO4",2018,24,0.311666666666667,2018-06-11,2018-06-17
"DMI",2018,25,0.087,2018-06-18,2018-06-24
"ENSO3",2018,25,0.243333333333333,2018-06-18,2018-06-24
"ENSO34",2018,25,0.22,2018-06-18,2018-06-24
"ENSO4",2018,25,0.323333333333333,2018-06-18,2018-06-24
"DMI",2018,26,0.0632,2018-06-25,2018-07-01
"ENSO3",2018,26,0.262,2018-06-25,2018-07-01
"ENSO34",2018,26,0.255,2018-06-25,2018-07-01
"ENSO4",2018,26,0.335,2018-06-25,2018-07-01
"DMI",2018,27,0.0619032258064516,2018-07-02,2018-07-08
"ENSO3",2018,27,0.219677419354839,2018-07-02,2018-07-08
"ENSO34",2018,27,0.241612903225806,2018-07-02,2018-07-08
"ENSO4",2018,27,0.355483870967742,2018-07-02,2018-07-08
"DMI",2018,28,0.0774838709677419,2018-07-09,2018-07-15
"ENSO3",2018,28,0.131612903225806,2018-07-09,2018-07-15
"ENSO34",2018,28,0.191935483870968,2018-07-09,2018-07-15
"ENSO4",2018,28,0.38258064516129,2018-07-09,2018-07-15
"DMI",2018,29,0.0930645161290323,2018-07-16,2018-07-22
"ENSO3",2018,29,0.0435483870967742,2018-07-16,2018-07-22
"ENSO34",2018,29,0.142258064516129,2018-07-16,2018-07-22
"ENSO4",2018,29,0.409677419354839,2018-07-16,2018-07-22
"DMI",2018,30,0.108645161290323,2018-07-23,2018-07-29
"ENSO3",2018,30,-0.0445161290322581,2018-07-23,2018-07-29
"ENSO34",2018,30,0.0925806451612903,2018-07-23,2018-07-29
"ENSO4",2018,30,0.436774193548387,2018-07-23,2018-07-29
"DMI",2018,31,0.143258064516129,2018-07-30,2018-08-05
"ENSO3",2018,31,-0.102626728110599,2018-07-30,2018-08-05
"ENSO34",2018,31,0.0645622119815668,2018-07-30,2018-08-05
"ENSO4",2018,31,0.46294930875576,2018-07-30,2018-08-05
"DMI",2018,32,0.246387096774194,2018-08-06,2018-08-12
"ENSO3",2018,32,-0.0529032258064516,2018-08-06,2018-08-12
"ENSO34",2018,32,0.114516129032258,2018-08-06,2018-08-12
"ENSO4",2018,32,0.485806451612903,2018-08-06,2018-08-12
"DMI",2018,33,0.355225806451613,2018-08-13,2018-08-19
"ENSO3",2018,33,0.00580645161290323,2018-08-13,2018-08-19
"ENSO34",2018,33,0.170967741935484,2018-08-13,2018-08-19
"ENSO4",2018,33,0.508387096774194,2018-08-13,2018-08-19
"DMI",2018,34,0.464064516129032,2018-08-20,2018-08-26
"ENSO3",2018,34,0.0645161290322581,2018-08-20,2018-08-26
"ENSO34",2018,34,0.22741935483871,2018-08-20,2018-08-26
"ENSO4",2018,34,0.530967741935484,2018-08-20,2018-08-26
"DMI",2018,35,0.571067741935484,2018-08-27,2018-09-02
"ENSO3",2018,35,0.124741935483871,2018-08-27,2018-09-02
"ENSO34",2018,35,0.285290322580645,2018-08-27,2018-09-02
"ENSO4",2018,35,0.55442089093702,2018-08-27,2018-09-02
"DMI",2018,36,0.6175,2018-09-03,2018-09-09
"ENSO3",2018,36,0.235,2018-09-03,2018-09-09
"ENSO34",2018,36,0.39,2018-09-03,2018-09-09
"ENSO4",2018,36,0.606666666666667,2018-09-03,2018-09-09
"DMI",2018,37,0.6364,2018-09-10,2018-09-16
"ENSO3",2018,37,0.368,2018-09-10,2018-09-16
"ENSO34",2018,37,0.516,2018-09-10,2018-09-16
"ENSO4",2018,37,0.672,2018-09-10,2018-09-16
"DMI",2018,38,0.6553,2018-09-17,2018-09-23
"ENSO3",2018,38,0.501,2018-09-17,2018-09-23
"ENSO34",2018,38,0.642,2018-09-17,2018-09-23
"ENSO4",2018,38,0.737333333333333,2018-09-17,2018-09-23
"DMI",2018,39,0.6742,2018-09-24,2018-09-30
"ENSO3",2018,39,0.634,2018-09-24,2018-09-30
"ENSO34",2018,39,0.768,2018-09-24,2018-09-30
"ENSO4",2018,39,0.802666666666667,2018-09-24,2018-09-30
"DMI",2018,40,0.667096774193548,2018-10-01,2018-10-07
"ENSO3",2018,40,0.738064516129032,2018-10-01,2018-10-07
"ENSO34",2018,40,0.855483870967742,2018-10-01,2018-10-07
"ENSO4",2018,40,0.837096774193548,2018-10-01,2018-10-07
"DMI",2018,41,0.625322580645161,2018-10-08,2018-10-14
"ENSO3",2018,41,0.803548387096774,2018-10-08,2018-10-14
"ENSO34",2018,41,0.891612903225806,2018-10-08,2018-10-14
"ENSO4",2018,41,0.830322580645161,2018-10-08,2018-10-14
"DMI",2018,42,0.583548387096774,2018-10-15,2018-10-21
"ENSO3",2018,42,0.869032258064516,2018-10-15,2018-10-21
"ENSO34",2018,42,0.927741935483871,2018-10-15,2018-10-21
"ENSO4",2018,42,0.823548387096774,2018-10-15,2018-10-21
"DMI",2018,43,0.541774193548387,2018-10-22,2018-10-28
"ENSO3",2018,43,0.934516129032258,2018-10-22,2018-10-28
"ENSO34",2018,43,0.963870967741935,2018-10-22,2018-10-28
"ENSO4",2018,43,0.816774193548387,2018-10-22,2018-10-28
"DMI",2018,44,0.499658064516129,2018-10-29,2018-11-04
"ENSO3",2018,44,0.991410138248848,2018-10-29,2018-11-04
"ENSO34",2018,44,0.994718894009217,2018-10-29,2018-11-04
"ENSO4",2018,44,0.813115207373272,2018-10-29,2018-11-04
"DMI",2018,45,0.455433333333333,2018-11-05,2018-11-11
"ENSO3",2018,45,0.995333333333333,2018-11-05,2018-11-11
"ENSO34",2018,45,0.993,2018-11-05,2018-11-11
"ENSO4",2018,45,0.828666666666667,2018-11-05,2018-11-11
"DMI",2018,46,0.410866666666667,2018-11-12,2018-11-18
"ENSO3",2018,46,0.990666666666667,2018-11-12,2018-11-18
"ENSO34",2018,46,0.986,2018-11-12,2018-11-18
"ENSO4",2018,46,0.847333333333333,2018-11-12,2018-11-18
"DMI",2018,47,0.3663,2018-11-19,2018-11-25
"ENSO3",2018,47,0.986,2018-11-19,2018-11-25
"ENSO34",2018,47,0.979,2018-11-19,2018-11-25
"ENSO4",2018,47,0.866,2018-11-19,2018-11-25
"DMI",2018,48,0.323002304147465,2018-11-26,2018-12-02
"ENSO3",2018,48,0.97963133640553,2018-11-26,2018-12-02
"ENSO34",2018,48,0.970023041474654,2018-11-26,2018-12-02
"ENSO4",2018,48,0.882488479262673,2018-11-26,2018-12-02
"DMI",2018,49,0.32158064516129,2018-12-03,2018-12-09
"ENSO3",2018,49,0.917096774193548,2018-12-03,2018-12-09
"ENSO34",2018,49,0.895806451612903,2018-12-03,2018-12-09
"ENSO4",2018,49,0.827096774193548,2018-12-03,2018-12-09
"DMI",2018,50,0.339193548387097,2018-12-10,2018-12-16
"ENSO3",2018,50,0.829032258064516,2018-12-10,2018-12-16
"ENSO34",2018,50,0.791935483870968,2018-12-10,2018-12-16
"ENSO4",2018,50,0.739032258064516,2018-12-10,2018-12-16
"DMI",2018,51,0.356806451612903,2018-12-17,2018-12-23
"ENSO3",2018,51,0.740967741935484,2018-12-17,2018-12-23
"ENSO34",2018,51,0.688064516129032,2018-12-17,2018-12-23
"ENSO4",2018,51,0.650967741935484,2018-12-17,2018-12-23
"DMI",2018,52,0.37441935483871,2018-12-24,2018-12-30
"ENSO3",2018,52,0.652903225806452,2018-12-24,2018-12-30
"ENSO34",2018,52,0.584193548387097,2018-12-24,2018-12-30
"ENSO4",2018,52,0.562903225806452,2018-12-24,2018-12-30
"DMI",2019,1,0.388645161290323,2018-12-31,2019-01-06
"ENSO3",2019,1,0.591797235023041,2018-12-31,2019-01-06
"ENSO34",2019,1,0.519723502304147,2018-12-31,2019-01-06
"ENSO4",2019,1,0.513548387096774,2018-12-31,2019-01-06
"DMI",2019,2,0.39541935483871,2019-01-07,2019-01-13
"ENSO3",2019,2,0.59,2019-01-07,2019-01-13
"ENSO34",2019,2,0.541935483870968,2019-01-07,2019-01-13
"ENSO4",2019,2,0.549354838709677,2019-01-07,2019-01-13
"DMI",2019,3,0.401967741935484,2019-01-14,2019-01-20
"ENSO3",2019,3,0.59,2019-01-14,2019-01-20
"ENSO34",2019,3,0.566774193548387,2019-01-14,2019-01-20
"ENSO4",2019,3,0.587741935483871,2019-01-14,2019-01-20
"DMI",2019,4,0.408516129032258,2019-01-21,2019-01-27
"ENSO3",2019,4,0.59,2019-01-21,2019-01-27
"ENSO34",2019,4,0.591612903225807,2019-01-21,2019-01-27
"ENSO4",2019,4,0.626129032258065,2019-01-21,2019-01-27
"DMI",2019,5,0.411724818959842,2019-01-28,2019-02-03
"ENSO3",2019,5,0.590459183673469,2019-01-28,2019-02-03
"ENSO34",2019,5,0.617839038841343,2019-01-28,2019-02-03
"ENSO4",2019,5,0.662318959842001,2019-01-28,2019-02-03
"DMI",2019,6,0.374857142857143,2019-02-04,2019-02-10
"ENSO3",2019,6,0.596428571428571,2019-02-04,2019-02-10
"ENSO34",2019,6,0.660714285714286,2019-02-04,2019-02-10
"ENSO4",2019,6,0.672142857142857,2019-02-04,2019-02-10
"DMI",2019,7,0.326857142857143,2019-02-11,2019-02-17
"ENSO3",2019,7,0.603928571428571,2019-02-11,2019-02-17
"ENSO34",2019,7,0.708214285714286,2019-02-11,2019-02-17
"ENSO4",2019,7,0.674642857142857,2019-02-11,2019-02-17
"DMI",2019,8,0.278857142857143,2019-02-18,2019-02-24
"ENSO3",2019,8,0.611428571428571,2019-02-18,2019-02-24
"ENSO34",2019,8,0.755714285714286,2019-02-18,2019-02-24
"ENSO4",2019,8,0.677142857142857,2019-02-18,2019-02-24
"DMI",2019,9,0.234265964450296,2019-02-25,2019-03-03
"ENSO3",2019,9,0.618745885450955,2019-02-25,2019-03-03
"ENSO34",2019,9,0.798370638578012,2019-02-25,2019-03-03
"ENSO4",2019,9,0.678107307439105,2019-02-25,2019-03-03
"DMI",2019,10,0.23058064516129,2019-03-04,2019-03-10
"ENSO3",2019,10,0.623870967741936,2019-03-04,2019-03-10
"ENSO34",2019,10,0.782903225806452,2019-03-04,2019-03-10
"ENSO4",2019,10,0.660645161290323,2019-03-04,2019-03-10
"DMI",2019,11,0.238258064516129,2019-03-11,2019-03-17
"ENSO3",2019,11,0.628387096774194,2019-03-11,2019-03-17
"ENSO34",2019,11,0.751290322580645,2019-03-11,2019-03-17
"ENSO4",2019,11,0.638064516129032,2019-03-11,2019-03-17
"DMI",2019,12,0.245935483870968,2019-03-18,2019-03-24
"ENSO3",2019,12,0.632903225806452,2019-03-18,2019-03-24
"ENSO34",2019,12,0.719677419354839,2019-03-18,2019-03-24
"ENSO4",2019,12,0.615483870967742,2019-03-18,2019-03-24
"DMI",2019,13,0.253612903225806,2019-03-25,2019-03-31
"ENSO3",2019,13,0.63741935483871,2019-03-25,2019-03-31
"ENSO34",2019,13,0.688064516129032,2019-03-25,2019-03-31
"ENSO4",2019,13,0.592903225806452,2019-03-25,2019-03-31
"DMI",2019,14,0.2861,2019-04-01,2019-04-07
"ENSO3",2019,14,0.631,2019-04-01,2019-04-07
"ENSO34",2019,14,0.664,2019-04-01,2019-04-07
"ENSO4",2019,14,0.587,2019-04-01,2019-04-07
"DMI",2019,15,0.351666666666667,2019-04-08,2019-04-14
"ENSO3",2019,15,0.61,2019-04-08,2019-04-14
"ENSO34",2019,15,0.65,2019-04-08,2019-04-14
"ENSO4",2019,15,0.603333333333333,2019-04-08,2019-04-14
"DMI",2019,16,0.417233333333333,2019-04-15,2019-04-21
"ENSO3",2019,16,0.589,2019-04-15,2019-04-21
"ENSO34",2019,16,0.636,2019-04-15,2019-04-21
"ENSO4",2019,16,0.619666666666667,2019-04-15,2019-04-21
"DMI",2019,17,0.4828,2019-04-22,2019-04-28
"ENSO3",2019,17,0.568,2019-04-22,2019-04-28
"ENSO34",2019,17,0.622,2019-04-22,2019-04-28
"ENSO4",2019,17,0.636,2019-04-22,2019-04-28
"DMI",2019,18,0.538027188940092,2019-04-29,2019-05-05
"ENSO3",2019,18,0.546677419354839,2019-04-29,2019-05-05
"ENSO34",2019,18,0.613161290322581,2019-04-29,2019-05-05
"ENSO4",2019,18,0.653147465437788,2019-04-29,2019-05-05
"DMI",2019,19,0.556032258064516,2019-05-06,2019-05-12
"ENSO3",2019,19,0.524193548387097,2019-05-06,2019-05-12
"ENSO34",2019,19,0.622903225806452,2019-05-06,2019-05-12
"ENSO4",2019,19,0.673225806451613,2019-05-06,2019-05-12
"DMI",2019,20,0.570935483870968,2019-05-13,2019-05-19
"ENSO3",2019,20,0.501612903225806,2019-05-13,2019-05-19
"ENSO34",2019,20,0.634193548387097,2019-05-13,2019-05-19
"ENSO4",2019,20,0.693548387096774,2019-05-13,2019-05-19
"DMI",2019,21,0.585838709677419,2019-05-20,2019-05-26
"ENSO3",2019,21,0.479032258064516,2019-05-20,2019-05-26
"ENSO34",2019,21,0.645483870967742,2019-05-20,2019-05-26
"ENSO4",2019,21,0.713870967741935,2019-05-20,2019-05-26
"DMI",2019,22,0.600399692780338,2019-05-27,2019-06-02
"ENSO3",2019,22,0.45510291858679,2019-05-27,2019-06-02
"ENSO34",2019,22,0.655353302611367,2019-05-27,2019-06-02
"ENSO4",2019,22,0.73368356374808,2019-05-27,2019-06-02
"DMI",2019,23,0.603666666666667,2019-06-03,2019-06-09
"ENSO3",2019,23,0.386666666666667,2019-06-03,2019-06-09
"ENSO34",2019,23,0.618333333333333,2019-06-03,2019-06-09
"ENSO4",2019,23,0.736666666666667,2019-06-03,2019-06-09
"DMI",2019,24,0.6018,2019-06-10,2019-06-16
"ENSO3",2019,24,0.298,2019-06-10,2019-06-16
"ENSO34",2019,24,0.56,2019-06-10,2019-06-16
"ENSO4",2019,24,0.732,2019-06-10,2019-06-16
"DMI",2019,25,0.599933333333333,2019-06-17,2019-06-23
"ENSO3",2019,25,0.209333333333333,2019-06-17,2019-06-23
"ENSO34",2019,25,0.501666666666667,2019-06-17,2019-06-23
"ENSO4",2019,25,0.727333333333333,2019-06-17,2019-06-23
"DMI",2019,26,0.598066666666667,2019-06-24,2019-06-30
"ENSO3",2019,26,0.120666666666667,2019-06-24,2019-06-30
"ENSO34",2019,26,0.443333333333333,2019-06-24,2019-06-30
"ENSO4",2019,26,0.722666666666667,2019-06-24,2019-06-30
"DMI",2019,27,0.58141935483871,2019-07-01,2019-07-07
"ENSO3",2019,27,0.0661290322580645,2019-07-01,2019-07-07
"ENSO34",2019,27,0.388709677419355,2019-07-01,2019-07-07
"ENSO4",2019,27,0.70258064516129,2019-07-01,2019-07-07
"DMI",2019,28,0.545064516129032,2019-07-08,2019-07-14
"ENSO3",2019,28,0.0570967741935484,2019-07-08,2019-07-14
"ENSO34",2019,28,0.339032258064516,2019-07-08,2019-07-14
"ENSO4",2019,28,0.661935483870968,2019-07-08,2019-07-14
"DMI",2019,29,0.508709677419355,2019-07-15,2019-07-21
"ENSO3",2019,29,0.0480645161290323,2019-07-15,2019-07-21
"ENSO34",2019,29,0.289354838709677,2019-07-15,2019-07-21
"ENSO4",2019,29,0.621290322580645,2019-07-15,2019-07-21
"DMI",2019,30,0.472354838709677,2019-07-22,2019-07-28
"ENSO3",2019,30,0.0390322580645161,2019-07-22,2019-07-28
"ENSO34",2019,30,0.239677419354839,2019-07-22,2019-07-28
"ENSO4",2019,30,0.580645161290323,2019-07-22,2019-07-28
"DMI",2019,31,0.453087557603687,2019-07-29,2019-08-04
"ENSO3",2019,31,0.0241935483870968,2019-07-29,2019-08-04
"ENSO34",2019,31,0.193870967741935,2019-07-29,2019-08-04
"ENSO4",2019,31,0.544147465437788,2019-07-29,2019-08-04
"DMI",2019,32,0.539193548387097,2019-08-05,2019-08-11
"ENSO3",2019,32,-0.0264516129032258,2019-08-05,2019-08-11
"ENSO34",2019,32,0.171935483870968,2019-08-05,2019-08-11
"ENSO4",2019,32,0.533225806451613,2019-08-05,2019-08-11
"DMI",2019,33,0.642387096774194,2019-08-12,2019-08-18
"ENSO3",2019,33,-0.0829032258064516,2019-08-12,2019-08-18
"ENSO34",2019,33,0.153870967741935,2019-08-12,2019-08-18
"ENSO4",2019,33,0.526451612903226,2019-08-12,2019-08-18
"DMI",2019,34,0.74558064516129,2019-08-19,2019-08-25
"ENSO3",2019,34,-0.139354838709677,2019-08-19,2019-08-25
"ENSO34",2019,34,0.135806451612903,2019-08-19,2019-08-25
"ENSO4",2019,34,0.519677419354839,2019-08-19,2019-08-25
"DMI",2019,35,0.848774193548387,2019-08-26,2019-09-01
"ENSO3",2019,35,-0.195806451612903,2019-08-26,2019-09-01
"ENSO34",2019,35,0.117741935483871,2019-08-26,2019-09-01
"ENSO4",2019,35,0.512903225806452,2019-08-26,2019-09-01
"DMI",2019,36,0.902466666666667,2019-09-02,2019-09-08
"ENSO3",2019,36,-0.177333333333333,2019-09-02,2019-09-08
"ENSO34",2019,36,0.168666666666667,2019-09-02,2019-09-08
"ENSO4",2019,36,0.556666666666667,2019-09-02,2019-09-08
"DMI",2019,37,0.919033333333333,2019-09-09,2019-09-15
"ENSO3",2019,37,-0.102666666666667,2019-09-09,2019-09-15
"ENSO34",2019,37,0.271333333333333,2019-09-09,2019-09-15
"ENSO4",2019,37,0.638333333333333,2019-09-09,2019-09-15
"DMI",2019,38,0.9356,2019-09-16,2019-09-22
"ENSO3",2019,38,-0.028,2019-09-16,2019-09-22
"ENSO34",2019,38,0.374,2019-09-16,2019-09-22
"ENSO4",2019,38,0.72,2019-09-16,2019-09-22
"DMI",2019,39,0.952166666666667,2019-09-23,2019-09-29
"ENSO3",2019,39,0.0466666666666667,2019-09-23,2019-09-29
"ENSO34",2019,39,0.476666666666667,2019-09-23,2019-09-29
"ENSO4",2019,39,0.801666666666667,2019-09-23,2019-09-29
"DMI",2019,40,0.95474485407066,2019-09-30,2019-10-06
"ENSO3",2019,40,0.121978494623656,2019-09-30,2019-10-06
"ENSO34",2019,40,0.561038402457757,2019-09-30,2019-10-06
"ENSO4",2019,40,0.859715821812596,2019-09-30,2019-10-06
"DMI",2019,41,0.926548387096774,2019-10-07,2019-10-13
"ENSO3",2019,41,0.198709677419355,2019-10-07,2019-10-13
"ENSO34",2019,41,0.605161290322581,2019-10-07,2019-10-13
"ENSO4",2019,41,0.865806451612903,2019-10-07,2019-10-13
"DMI",2019,42,0.89741935483871,2019-10-14,2019-10-20
"ENSO3",2019,42,0.275483870967742,2019-10-14,2019-10-20
"ENSO34",2019,42,0.648064516129032,2019-10-14,2019-10-20
"ENSO4",2019,42,0.870322580645161,2019-10-14,2019-10-20
"DMI",2019,43,0.868290322580645,2019-10-21,2019-10-27
"ENSO3",2019,43,0.352258064516129,2019-10-21,2019-10-27
"ENSO34",2019,43,0.690967741935484,2019-10-21,2019-10-27
"ENSO4",2019,43,0.874838709677419,2019-10-21,2019-10-27
"DMI",2019,44,0.832487557603687,2019-10-28,2019-11-03
"ENSO3",2019,44,0.421617511520737,2019-10-28,2019-11-03
"ENSO34",2019,44,0.727958525345622,2019-10-28,2019-11-03
"ENSO4",2019,44,0.877506912442396,2019-10-28,2019-11-03
"DMI",2019,45,0.7166,2019-11-04,2019-11-10
"ENSO3",2019,45,0.402,2019-11-04,2019-11-10
"ENSO34",2019,45,0.694,2019-11-04,2019-11-10
"ENSO4",2019,45,0.858,2019-11-04,2019-11-10
"DMI",2019,46,0.578466666666667,2019-11-11,2019-11-17
"ENSO3",2019,46,0.357666666666667,2019-11-11,2019-11-17
"ENSO34",2019,46,0.640333333333333,2019-11-11,2019-11-17
"ENSO4",2019,46,0.832333333333333,2019-11-11,2019-11-17
"DMI",2019,47,0.440333333333333,2019-11-18,2019-11-24
"ENSO3",2019,47,0.313333333333333,2019-11-18,2019-11-24
"ENSO34",2019,47,0.586666666666667,2019-11-18,2019-11-24
"ENSO4",2019,47,0.806666666666667,2019-11-18,2019-11-24
"DMI",2019,48,0.3022,2019-11-25,2019-12-01
"ENSO3",2019,48,0.269,2019-11-25,2019-12-01
"ENSO34",2019,48,0.533,2019-11-25,2019-12-01
"ENSO4",2019,48,0.781,2019-11-25,2019-12-01
"DMI",2019,49,0.233967741935484,2019-12-02,2019-12-08
"ENSO3",2019,49,0.265483870967742,2019-12-02,2019-12-08
"ENSO34",2019,49,0.526774193548387,2019-12-02,2019-12-08
"ENSO4",2019,49,0.784193548387097,2019-12-02,2019-12-08
"DMI",2019,50,0.218161290322581,2019-12-09,2019-12-15
"ENSO3",2019,50,0.29258064516129,2019-12-09,2019-12-15
"ENSO34",2019,50,0.556129032258065,2019-12-09,2019-12-15
"ENSO4",2019,50,0.809032258064516,2019-12-09,2019-12-15
"DMI",2019,51,0.202354838709677,2019-12-16,2019-12-22
"ENSO3",2019,51,0.319677419354839,2019-12-16,2019-12-22
"ENSO34",2019,51,0.585483870967742,2019-12-16,2019-12-22
"ENSO4",2019,51,0.833870967741935,2019-12-16,2019-12-22
"DMI",2019,52,0.186548387096774,2019-12-23,2019-12-29
"ENSO3",2019,52,0.346774193548387,2019-12-23,2019-12-29
"ENSO34",2019,52,0.614838709677419,2019-12-23,2019-12-29
"ENSO4",2019,52,0.858709677419355,2019-12-23,2019-12-29
"DMI",2020,1,0.168483870967742,2019-12-30,2020-01-05
"ENSO3",2020,1,0.360506912442396,2019-12-30,2020-01-05
"ENSO34",2020,1,0.630829493087558,2019-12-30,2020-01-05
"ENSO4",2020,1,0.875714285714286,2019-12-30,2020-01-05
"DMI",2020,2,0.142290322580645,2020-01-06,2020-01-12
"ENSO3",2020,2,0.326129032258064,2020-01-06,2020-01-12
"ENSO34",2020,2,0.598709677419355,2020-01-06,2020-01-12
"ENSO4",2020,2,0.864516129032258,2020-01-06,2020-01-12
"DMI",2020,3,0.11541935483871,2020-01-13,2020-01-19
"ENSO3",2020,3,0.287741935483871,2020-01-13,2020-01-19
"ENSO34",2020,3,0.56258064516129,2020-01-13,2020-01-19
"ENSO4",2020,3,0.850967741935484,2020-01-13,2020-01-19
"DMI",2020,4,0.0885483870967742,2020-01-20,2020-01-26
"ENSO3",2020,4,0.249354838709677,2020-01-20,2020-01-26
"ENSO34",2020,4,0.526451612903226,2020-01-20,2020-01-26
"ENSO4",2020,4,0.83741935483871,2020-01-20,2020-01-26
"DMI",2020,5,0.0620533926585095,2020-01-27,2020-02-02
"ENSO3",2020,5,0.210667408231368,2020-01-27,2020-02-02
"ENSO34",2020,5,0.490468774829175,2020-01-27,2020-02-02
"ENSO4",2020,5,0.823556332432862,2020-01-27,2020-02-02
"DMI",2020,6,0.0479655172413793,2020-02-03,2020-02-09
"ENSO3",2020,6,0.162068965517241,2020-02-03,2020-02-09
"ENSO34",2020,6,0.459310344827586,2020-02-03,2020-02-09
"ENSO4",2020,6,0.799310344827586,2020-02-03,2020-02-09
"DMI",2020,7,0.0395172413793103,2020-02-10,2020-02-16
"ENSO3",2020,7,0.108965517241379,2020-02-10,2020-02-16
"ENSO34",2020,7,0.430344827586207,2020-02-10,2020-02-16
"ENSO4",2020,7,0.770344827586207,2020-02-10,2020-02-16
"DMI",2020,8,0.0310689655172414,2020-02-17,2020-02-23
"ENSO3",2020,8,0.0558620689655173,2020-02-17,2020-02-23
"ENSO34",2020,8,0.401379310344828,2020-02-17,2020-02-23
"ENSO4",2020,8,0.741379310344828,2020-02-17,2020-02-23
"DMI",2020,9,0.0226206896551724,2020-02-24,2020-03-01
"ENSO3",2020,9,0.00275862068965518,2020-02-24,2020-03-01
"ENSO34",2020,9,0.372413793103448,2020-02-24,2020-03-01
"ENSO4",2020,9,0.712413793103448,2020-02-24,2020-03-01
"DMI",2020,10,0.0151290322580645,2020-03-02,2020-03-08
"ENSO3",2020,10,0.0264516129032258,2020-03-02,2020-03-08
"ENSO34",2020,10,0.376774193548387,2020-03-02,2020-03-08
"ENSO4",2020,10,0.688387096774194,2020-03-02,2020-03-08
"DMI",2020,11,0.00835483870967742,2020-03-09,2020-03-15
"ENSO3",2020,11,0.107741935483871,2020-03-09,2020-03-15
"ENSO34",2020,11,0.406129032258065,2020-03-09,2020-03-15
"ENSO4",2020,11,0.668064516129032,2020-03-09,2020-03-15
"DMI",2020,12,0.00158064516129032,2020-03-16,2020-03-22
"ENSO3",2020,12,0.189032258064516,2020-03-16,2020-03-22
"ENSO34",2020,12,0.435483870967742,2020-03-16,2020-03-22
"ENSO4",2020,12,0.647741935483871,2020-03-16,2020-03-22
"DMI",2020,13,-0.00519354838709677,2020-03-23,2020-03-29
"ENSO3",2020,13,0.270322580645161,2020-03-23,2020-03-29
"ENSO34",2020,13,0.464838709677419,2020-03-23,2020-03-29
"ENSO4",2020,13,0.62741935483871,2020-03-23,2020-03-29
"DMI",2020,14,0.00412903225806452,2020-03-30,2020-04-05
"ENSO3",2020,14,0.307403993855607,2020-03-30,2020-04-05
"ENSO34",2020,14,0.45915514592934,2020-03-30,2020-04-05
"ENSO4",2020,14,0.590768049155146,2020-03-30,2020-04-05
"DMI",2020,15,0.0714,2020-04-06,2020-04-12
"ENSO3",2020,15,0.185333333333333,2020-04-06,2020-04-12
"ENSO34",2020,15,0.327333333333333,2020-04-06,2020-04-12
"ENSO4",2020,15,0.495333333333333,2020-04-06,2020-04-12
"DMI",2020,16,0.1435,2020-04-13,2020-04-19
"ENSO3",2020,16,0.05,2020-04-13,2020-04-19
"ENSO34",2020,16,0.185,2020-04-13,2020-04-19
"ENSO4",2020,16,0.395,2020-04-13,2020-04-19
"DMI",2020,17,0.2156,2020-04-20,2020-04-26
"ENSO3",2020,17,-0.0853333333333334,2020-04-20,2020-04-26
"ENSO34",2020,17,0.0426666666666667,2020-04-20,2020-04-26
"ENSO4",2020,17,0.294666666666667,2020-04-20,2020-04-26
"DMI",2020,18,0.285442396313364,2020-04-27,2020-05-03
"ENSO3",2020,18,-0.216390168970814,2020-04-27,2020-05-03
"ENSO34",2020,18,-0.0921966205837174,2020-04-27,2020-05-03
"ENSO4",2020,18,0.200614439324117,2020-04-27,2020-05-03
"DMI",2020,19,0.328193548387097,2020-05-04,2020-05-10
"ENSO3",2020,19,-0.296129032258065,2020-05-04,2020-05-10
"ENSO34",2020,19,-0.13741935483871,2020-05-04,2020-05-10
"ENSO4",2020,19,0.181935483870968,2020-05-04,2020-05-10
"DMI",2020,20,0.36341935483871,2020-05-11,2020-05-17
"ENSO3",2020,20,-0.361612903225806,2020-05-11,2020-05-17
"ENSO34",2020,20,-0.157741935483871,2020-05-11,2020-05-17
"ENSO4",2020,20,0.184193548387097,2020-05-11,2020-05-17
"DMI",2020,21,0.398645161290323,2020-05-18,2020-05-24
"ENSO3",2020,21,-0.427096774193548,2020-05-18,2020-05-24
"ENSO34",2020,21,-0.178064516129032,2020-05-18,2020-05-24
"ENSO4",2020,21,0.186451612903226,2020-05-18,2020-05-24
"DMI",2020,22,0.433870967741935,2020-05-25,2020-05-31
"ENSO3",2020,22,-0.49258064516129,2020-05-25,2020-05-31
"ENSO34",2020,22,-0.198387096774194,2020-05-25,2020-05-31
"ENSO4",2020,22,0.188709677419355,2020-05-25,2020-05-31
"DMI",2020,23,0.4406,2020-06-01,2020-06-07
"ENSO3",2020,23,-0.513,2020-06-01,2020-06-07
"ENSO34",2020,23,-0.193,2020-06-01,2020-06-07
"ENSO4",2020,23,0.188,2020-06-01,2020-06-07
"DMI",2020,24,0.409333333333333,2020-06-08,2020-06-14
"ENSO3",2020,24,-0.473333333333333,2020-06-08,2020-06-14
"ENSO34",2020,24,-0.153333333333333,2020-06-08,2020-06-14
"ENSO4",2020,24,0.183333333333333,2020-06-08,2020-06-14
"DMI",2020,25,0.378066666666667,2020-06-15,2020-06-21
"ENSO3",2020,25,-0.433666666666667,2020-06-15,2020-06-21
"ENSO34",2020,25,-0.113666666666667,2020-06-15,2020-06-21
"ENSO4",2020,25,0.178666666666667,2020-06-15,2020-06-21
"DMI",2020,26,0.3468,2020-06-22,2020-06-28
"ENSO3",2020,26,-0.394,2020-06-22,2020-06-28
"ENSO34",2020,26,-0.074,2020-06-22,2020-06-28
"ENSO4",2020,26,0.174,2020-06-22,2020-06-28
"DMI",2020,27,0.298734562211982,2020-06-29,2020-07-05
"ENSO3",2020,27,-0.366115207373272,2020-06-29,2020-07-05
"ENSO34",2020,27,-0.0599400921658986,2020-06-29,2020-07-05
"ENSO4",2020,27,0.15784331797235,2020-06-29,2020-07-05
"DMI",2020,28,0.190193548387097,2020-07-06,2020-07-12
"ENSO3",2020,28,-0.380645161290323,2020-07-06,2020-07-12
"ENSO34",2020,28,-0.138064516129032,2020-07-06,2020-07-12
"ENSO4",2020,28,0.100322580645161,2020-07-06,2020-07-12
"DMI",2020,29,0.0766129032258065,2020-07-13,2020-07-19
"ENSO3",2020,29,-0.398709677419355,2020-07-13,2020-07-19
"ENSO34",2020,29,-0.223870967741935,2020-07-13,2020-07-19
"ENSO4",2020,29,0.0393548387096774,2020-07-13,2020-07-19
"DMI",2020,30,-0.0369677419354839,2020-07-20,2020-07-26
"ENSO3",2020,30,-0.416774193548387,2020-07-20,2020-07-26
"ENSO34",2020,30,-0.309677419354839,2020-07-20,2020-07-26
"ENSO4",2020,30,-0.0216129032258064,2020-07-20,2020-07-26
"DMI",2020,31,-0.14826267281106,2020-07-27,2020-08-02
"ENSO3",2020,31,-0.436082949308756,2020-07-27,2020-08-02
"ENSO34",2020,31,-0.394838709677419,2020-07-27,2020-08-02
"ENSO4",2020,31,-0.0821658986175115,2020-07-27,2020-08-02
"DMI",2020,32,-0.184129032258065,2020-08-03,2020-08-09
"ENSO3",2020,32,-0.496451612903226,2020-08-03,2020-08-09
"ENSO34",2020,32,-0.458709677419355,2020-08-03,2020-08-09
"ENSO4",2020,32,-0.129032258064516,2020-08-03,2020-08-09
"DMI",2020,33,-0.185709677419355,2020-08-10,2020-08-16
"ENSO3",2020,33,-0.575483870967742,2020-08-10,2020-08-16
"ENSO34",2020,33,-0.512903225806452,2020-08-10,2020-08-16
"ENSO4",2020,33,-0.169677419354839,2020-08-10,2020-08-16
"DMI",2020,34,-0.187290322580645,2020-08-17,2020-08-23
"ENSO3",2020,34,-0.654516129032258,2020-08-17,2020-08-23
"ENSO34",2020,34,-0.567096774193548,2020-08-17,2020-08-23
"ENSO4",2020,34,-0.210322580645161,2020-08-17,2020-08-23
"DMI",2020,35,-0.188870967741935,2020-08-24,2020-08-30
"ENSO3",2020,35,-0.733548387096774,2020-08-24,2020-08-30
"ENSO34",2020,35,-0.621290322580645,2020-08-24,2020-08-30
"ENSO4",2020,35,-0.250967741935484,2020-08-24,2020-08-30
"DMI",2020,36,-0.171110599078341,2020-08-31,2020-09-06
"ENSO3",2020,36,-0.803387096774194,2020-08-31,2020-09-06
"ENSO34",2020,36,-0.696751152073733,2020-08-31,2020-09-06
"ENSO4",2020,36,-0.3063133640553,2020-08-31,2020-09-06
"DMI",2020,37,-0.1108,2020-09-07,2020-09-13
"ENSO3",2020,37,-0.853,2020-09-07,2020-09-13
"ENSO34",2020,37,-0.819,2020-09-07,2020-09-13
"ENSO4",2020,37,-0.394,2020-09-07,2020-09-13
"DMI",2020,38,-0.0492,2020-09-14,2020-09-20
"ENSO3",2020,38,-0.902,2020-09-14,2020-09-20
"ENSO34",2020,38,-0.942666666666667,2020-09-14,2020-09-20
"ENSO4",2020,38,-0.482666666666667,2020-09-14,2020-09-20
"DMI",2020,39,0.0124,2020-09-21,2020-09-27
"ENSO3",2020,39,-0.951,2020-09-21,2020-09-27
"ENSO34",2020,39,-1.06633333333333,2020-09-21,2020-09-27
"ENSO4",2020,39,-0.571333333333333,2020-09-21,2020-09-27
"DMI",2020,40,0.0649640552995392,2020-09-28,2020-10-04
"ENSO3",2020,40,-0.990958525345622,2020-09-28,2020-10-04
"ENSO34",2020,40,-1.1698801843318,2020-09-28,2020-10-04
"ENSO4",2020,40,-0.644442396313364,2020-09-28,2020-10-04
"DMI",2020,41,0.0618064516129032,2020-10-05,2020-10-11
"ENSO3",2020,41,-0.975161290322581,2020-10-05,2020-10-11
"ENSO34",2020,41,-1.14935483870968,2020-10-05,2020-10-11
"ENSO4",2020,41,-0.621612903225806,2020-10-05,2020-10-11
"DMI",2020,42,0.0496129032258064,2020-10-12,2020-10-18
"ENSO3",2020,42,-0.950322580645161,2020-10-12,2020-10-18
"ENSO34",2020,42,-1.10870967741935,2020-10-12,2020-10-18
"ENSO4",2020,42,-0.583225806451613,2020-10-12,2020-10-18
"DMI",2020,43,0.0374193548387097,2020-10-19,2020-10-25
"ENSO3",2020,43,-0.925483870967742,2020-10-19,2020-10-25
"ENSO34",2020,43,-1.06806451612903,2020-10-19,2020-10-25
"ENSO4",2020,43,-0.544838709677419,2020-10-19,2020-10-25
"DMI",2020,44,0.0252258064516129,2020-10-26,2020-11-01
"ENSO3",2020,44,-0.900645161290323,2020-10-26,2020-11-01
"ENSO34",2020,44,-1.02741935483871,2020-10-26,2020-11-01
"ENSO4",2020,44,-0.506451612903226,2020-10-26,2020-11-01
"DMI",2020,45,0.0213333333333333,2020-11-02,2020-11-08
"ENSO3",2020,45,-0.874,2020-11-02,2020-11-08
"ENSO34",2020,45,-1.006,2020-11-02,2020-11-08
"ENSO4",2020,45,-0.515333333333333,2020-11-02,2020-11-08
"DMI",2020,46,0.0236666666666667,2020-11-09,2020-11-15
"ENSO3",2020,46,-0.846,2020-11-09,2020-11-15
"ENSO34",2020,46,-0.999,2020-11-09,2020-11-15
"ENSO4",2020,46,-0.559666666666667,2020-11-09,2020-11-15
"DMI",2020,47,0.026,2020-11-16,2020-11-22
"ENSO3",2020,47,-0.818,2020-11-16,2020-11-22
"ENSO34",2020,47,-0.992,2020-11-16,2020-11-22
"ENSO4",2020,47,-0.604,2020-11-16,2020-11-22
"DMI",2020,48,0.0283333333333333,2020-11-23,2020-11-29
"ENSO3",2020,48,-0.79,2020-11-23,2020-11-29
"ENSO34",2020,48,-0.985,2020-11-23,2020-11-29
"ENSO4",2020,48,-0.648333333333333,2020-11-23,2020-11-29
"DMI",2020,49,0.0314039938556068,2020-11-30,2020-12-06
"ENSO3",2020,49,-0.772645161290323,2020-11-30,2020-12-06
"ENSO34",2020,49,-0.984290322580645,2020-11-30,2020-12-06
"ENSO4",2020,49,-0.696376344086022,2020-11-30,2020-12-06
"DMI",2020,50,0.0360967741935484,2020-12-07,2020-12-13
"ENSO3",2020,50,-0.778709677419355,2020-12-07,2020-12-13
"ENSO34",2020,50,-0.99741935483871,2020-12-07,2020-12-13
"ENSO4",2020,50,-0.75258064516129,2020-12-07,2020-12-13
"DMI",2020,51,0.0408387096774194,2020-12-14,2020-12-20
"ENSO3",2020,51,-0.785483870967742,2020-12-14,2020-12-20
"ENSO34",2020,51,-1.01096774193548,2020-12-14,2020-12-20
"ENSO4",2020,51,-0.809032258064516,2020-12-14,2020-12-20
"DMI",2020,52,0.0455806451612903,2020-12-21,2020-12-27
"ENSO3",2020,52,-0.792258064516129,2020-12-21,2020-12-27
"ENSO34",2020,52,-1.02451612903226,2020-12-21,2020-12-27
"ENSO4",2020,52,-0.865483870967742,2020-12-21,2020-12-27
"DMI",2020,53,0.0526866359447005,2020-12-28,2021-01-03
"ENSO3",2020,53,-0.798617511520737,2020-12-28,2021-01-03
"ENSO34",2020,53,-1.03585253456221,2020-12-28,2021-01-03
"ENSO4",2020,53,-0.916129032258065,2020-12-28,2021-01-03
"DMI",2021,1,0.0881612903225806,2021-01-04,2021-01-10
"ENSO3",2021,1,-0.8,2021-01-04,2021-01-10
"ENSO34",2021,1,-1.02064516129032,2021-01-04,2021-01-10
"ENSO4",2021,1,-0.897096774193548,2021-01-04,2021-01-10
"DMI",2021,2,0.131516129032258,2021-01-11,2021-01-17
"ENSO3",2021,2,-0.8,2021-01-11,2021-01-17
"ENSO34",2021,2,-0.998064516129032,2021-01-11,2021-01-17
"ENSO4",2021,2,-0.858709677419355,2021-01-11,2021-01-17
"DMI",2021,3,0.174870967741935,2021-01-18,2021-01-24
"ENSO3",2021,3,-0.8,2021-01-18,2021-01-24
"ENSO34",2021,3,-0.975483870967742,2021-01-18,2021-01-24
"ENSO4",2021,3,-0.820322580645161,2021-01-18,2021-01-24
"DMI",2021,4,0.218225806451613,2021-01-25,2021-01-31
"ENSO3",2021,4,-0.8,2021-01-25,2021-01-31
"ENSO34",2021,4,-0.952903225806452,2021-01-25,2021-01-31
"ENSO4",2021,4,-0.781935483870968,2021-01-25,2021-01-31
"DMI",2021,5,0.245464285714286,2021-02-01,2021-02-07
"ENSO3",2021,5,-0.782857142857143,2021-02-01,2021-02-07
"ENSO34",2021,5,-0.916428571428571,2021-02-01,2021-02-07
"ENSO4",2021,5,-0.735357142857143,2021-02-01,2021-02-07
"DMI",2021,6,0.251214285714286,2021-02-08,2021-02-14
"ENSO3",2021,6,-0.742857142857143,2021-02-08,2021-02-14
"ENSO34",2021,6,-0.861428571428571,2021-02-08,2021-02-14
"ENSO4",2021,6,-0.677857142857143,2021-02-08,2021-02-14
"DMI",2021,7,0.256964285714286,2021-02-15,2021-02-21
"ENSO3",2021,7,-0.702857142857143,2021-02-15,2021-02-21
"ENSO34",2021,7,-0.806428571428571,2021-02-15,2021-02-21
"ENSO4",2021,7,-0.620357142857143,2021-02-15,2021-02-21
"DMI",2021,8,0.262714285714286,2021-02-22,2021-02-28
"ENSO3",2021,8,-0.662857142857143,2021-02-22,2021-02-28
"ENSO34",2021,8,-0.751428571428571,2021-02-22,2021-02-28
"ENSO4",2021,8,-0.562857142857143,2021-02-22,2021-02-28
"DMI",2021,9,0.264451612903226,2021-03-01,2021-03-07
"ENSO3",2021,9,-0.642903225806452,2021-03-01,2021-03-07
"ENSO34",2021,9,-0.703548387096774,2021-03-01,2021-03-07
"ENSO4",2021,9,-0.504838709677419,2021-03-01,2021-03-07
"DMI",2021,10,0.260838709677419,2021-03-08,2021-03-14
"ENSO3",2021,10,-0.649677419354839,2021-03-08,2021-03-14
"ENSO34",2021,10,-0.665161290322581,2021-03-08,2021-03-14
"ENSO4",2021,10,-0.446129032258065,2021-03-08,2021-03-14
"DMI",2021,11,0.257225806451613,2021-03-15,2021-03-21
"ENSO3",2021,11,-0.656451612903226,2021-03-15,2021-03-21
"ENSO34",2021,11,-0.626774193548387,2021-03-15,2021-03-21
"ENSO4",2021,11,-0.38741935483871,2021-03-15,2021-03-21
"DMI",2021,12,0.253612903225806,2021-03-22,2021-03-28
"ENSO3",2021,12,-0.663225806451613,2021-03-22,2021-03-28
"ENSO34",2021,12,-0.588387096774194,2021-03-22,2021-03-28
"ENSO4",2021,12,-0.328709677419355,2021-03-22,2021-03-28
"DMI",2021,13,0.24355668202765,2021-03-29,2021-04-04
"ENSO3",2021,13,-0.665170506912442,2021-03-29,2021-04-04
"ENSO34",2021,13,-0.550700460829493,2021-03-29,2021-04-04
"ENSO4",2021,13,-0.273760368663594,2021-03-29,2021-04-04
"DMI",2021,14,0.193766666666667,2021-04-05,2021-04-11
"ENSO3",2021,14,-0.637333333333333,2021-04-05,2021-04-11
"ENSO34",2021,14,-0.517333333333333,2021-04-05,2021-04-11
"ENSO4",2021,14,-0.242,2021-04-05,2021-04-11
"DMI",2021,15,0.137533333333333,2021-04-12,2021-04-18
"ENSO3",2021,15,-0.604666666666667,2021-04-12,2021-04-18
"ENSO34",2021,15,-0.484666666666667,2021-04-12,2021-04-18
"ENSO4",2021,15,-0.214,2021-04-12,2021-04-18
"DMI",2021,16,0.0813,2021-04-19,2021-04-25
"ENSO3",2021,16,-0.572,2021-04-19,2021-04-25
"ENSO34",2021,16,-0.452,2021-04-19,2021-04-25
"ENSO4",2021,16,-0.186,2021-04-19,2021-04-25
"DMI",2021,17,0.0261635944700461,2021-04-26,2021-05-02
"ENSO3",2021,17,-0.537834101382488,2021-04-26,2021-05-02
"ENSO34",2021,17,-0.418387096774194,2021-04-26,2021-05-02
"ENSO4",2021,17,-0.15778801843318,2021-04-26,2021-05-02
"DMI",2021,18,0.0072258064516129,2021-05-03,2021-05-09
"ENSO3",2021,18,-0.454193548387097,2021-05-03,2021-05-09
"ENSO34",2021,18,-0.353548387096774,2021-05-03,2021-05-09
"ENSO4",2021,18,-0.12258064516129,2021-05-03,2021-05-09
"DMI",2021,19,0.00474193548387097,2021-05-10,2021-05-16
"ENSO3",2021,19,-0.348064516129032,2021-05-10,2021-05-16
"ENSO34",2021,19,-0.274516129032258,2021-05-10,2021-05-16
"ENSO4",2021,19,-0.0841935483870968,2021-05-10,2021-05-16
"DMI",2021,20,0.00225806451612903,2021-05-17,2021-05-23
"ENSO3",2021,20,-0.241935483870968,2021-05-17,2021-05-23
"ENSO34",2021,20,-0.195483870967742,2021-05-17,2021-05-23
"ENSO4",2021,20,-0.0458064516129032,2021-05-17,2021-05-23
"DMI",2021,21,-0.000225806451612903,2021-05-24,2021-05-30
"ENSO3",2021,21,-0.135806451612903,2021-05-24,2021-05-30
"ENSO34",2021,21,-0.116451612903226,2021-05-24,2021-05-30
"ENSO4",2021,21,-0.00741935483870968,2021-05-24,2021-05-30
"DMI",2021,22,-0.0180921658986175,2021-05-31,2021-06-06
"ENSO3",2021,22,-0.0700230414746544,2021-05-31,2021-06-06
"ENSO34",2021,22,-0.0716129032258064,2021-05-31,2021-06-06
"ENSO4",2021,22,0.00993087557603686,2021-05-31,2021-06-06
"DMI",2021,23,-0.0698,2021-06-07,2021-06-13
"ENSO3",2021,23,-0.093,2021-06-07,2021-06-13
"ENSO34",2021,23,-0.102,2021-06-07,2021-06-13
"ENSO4",2021,23,-0.019,2021-06-07,2021-06-13
"DMI",2021,24,-0.122533333333333,2021-06-14,2021-06-20
"ENSO3",2021,24,-0.118666666666667,2021-06-14,2021-06-20
"ENSO34",2021,24,-0.134666666666667,2021-06-14,2021-06-20
"ENSO4",2021,24,-0.0493333333333333,2021-06-14,2021-06-20
"DMI",2021,25,-0.175266666666667,2021-06-21,2021-06-27
"ENSO3",2021,25,-0.144333333333333,2021-06-21,2021-06-27
"ENSO34",2021,25,-0.167333333333333,2021-06-21,2021-06-27
"ENSO4",2021,25,-0.0796666666666667,2021-06-21,2021-06-27
"DMI",2021,26,-0.217976036866359,2021-06-28,2021-07-04
"ENSO3",2021,26,-0.169898617511521,2021-06-28,2021-07-04
"ENSO34",2021,26,-0.200976958525346,2021-06-28,2021-07-04
"ENSO4",2021,26,-0.108497695852535,2021-06-28,2021-07-04
"DMI",2021,27,-0.198870967741935,2021-07-05,2021-07-11
"ENSO3",2021,27,-0.194838709677419,2021-07-05,2021-07-11
"ENSO34",2021,27,-0.240645161290323,2021-07-05,2021-07-11
"ENSO4",2021,27,-0.128064516129032,2021-07-05,2021-07-11
"DMI",2021,28,-0.169741935483871,2021-07-12,2021-07-18
"ENSO3",2021,28,-0.219677419354839,2021-07-12,2021-07-18
"ENSO34",2021,28,-0.281290322580645,2021-07-12,2021-07-18
"ENSO4",2021,28,-0.146129032258065,2021-07-12,2021-07-18
"DMI",2021,29,-0.140612903225806,2021-07-19,2021-07-25
"ENSO3",2021,29,-0.244516129032258,2021-07-19,2021-07-25
"ENSO34",2021,29,-0.321935483870968,2021-07-19,2021-07-25
"ENSO4",2021,29,-0.164193548387097,2021-07-19,2021-07-25
"DMI",2021,30,-0.111483870967742,2021-07-26,2021-08-01
"ENSO3",2021,30,-0.269354838709677,2021-07-26,2021-08-01
"ENSO34",2021,30,-0.36258064516129,2021-07-26,2021-08-01
"ENSO4",2021,30,-0.182258064516129,2021-07-26,2021-08-01
"DMI",2021,31,-0.0937096774193548,2021-08-02,2021-08-08
"ENSO3",2021,31,-0.294193548387097,2021-08-02,2021-08-08
"ENSO34",2021,31,-0.395483870967742,2021-08-02,2021-08-08
"ENSO4",2021,31,-0.206774193548387,2021-08-02,2021-08-08
"DMI",2021,32,-0.0844516129032258,2021-08-09,2021-08-15
"ENSO3",2021,32,-0.319032258064516,2021-08-09,2021-08-15
"ENSO34",2021,32,-0.42258064516129,2021-08-09,2021-08-15
"ENSO4",2021,32,-0.236129032258065,2021-08-09,2021-08-15
"DMI",2021,33,-0.0751935483870968,2021-08-16,2021-08-22
"ENSO3",2021,33,-0.343870967741935,2021-08-16,2021-08-22
"ENSO34",2021,33,-0.449677419354839,2021-08-16,2021-08-22
"ENSO4",2021,33,-0.265483870967742,2021-08-16,2021-08-22
"DMI",2021,34,-0.0659354838709677,2021-08-23,2021-08-29
"ENSO3",2021,34,-0.368709677419355,2021-08-23,2021-08-29
"ENSO34",2021,34,-0.476774193548387,2021-08-23,2021-08-29
"ENSO4",2021,34,-0.294838709677419,2021-08-23,2021-08-29
"DMI",2021,35,-0.0601382488479263,2021-08-30,2021-09-05
"ENSO3",2021,35,-0.399907834101383,2021-08-30,2021-09-05
"ENSO34",2021,35,-0.511674347158218,2021-08-30,2021-09-05
"ENSO4",2021,35,-0.324869431643625,2021-08-30,2021-09-05
"DMI",2021,36,-0.0668,2021-09-06,2021-09-12
"ENSO3",2021,36,-0.454,2021-09-06,2021-09-12
"ENSO34",2021,36,-0.574666666666667,2021-09-06,2021-09-12
"ENSO4",2021,36,-0.357333333333333,2021-09-06,2021-09-12
"DMI",2021,37,-0.0745,2021-09-13,2021-09-19
"ENSO3",2021,37,-0.51,2021-09-13,2021-09-19
"ENSO34",2021,37,-0.64,2021-09-13,2021-09-19
"ENSO4",2021,37,-0.39,2021-09-13,2021-09-19
"DMI",2021,38,-0.0822,2021-09-20,2021-09-26
"ENSO3",2021,38,-0.566,2021-09-20,2021-09-26
"ENSO34",2021,38,-0.705333333333333,2021-09-20,2021-09-26
"ENSO4",2021,38,-0.422666666666667,2021-09-20,2021-09-26
"DMI",2021,39,-0.0872165898617512,2021-09-27,2021-10-03
"ENSO3",2021,39,-0.621889400921659,2021-09-27,2021-10-03
"ENSO34",2021,39,-0.768049155145929,2021-09-27,2021-10-03
"ENSO4",2021,39,-0.45347158218126,2021-09-27,2021-10-03
"DMI",2021,40,-0.0600322580645161,2021-10-04,2021-10-10
"ENSO3",2021,40,-0.676451612903226,2021-10-04,2021-10-10
"ENSO34",2021,40,-0.799354838709677,2021-10-04,2021-10-10
"ENSO4",2021,40,-0.461935483870968,2021-10-04,2021-10-10
"DMI",2021,41,-0.0239032258064516,2021-10-11,2021-10-17
"ENSO3",2021,41,-0.730645161290323,2021-10-11,2021-10-17
"ENSO34",2021,41,-0.821935483870968,2021-10-11,2021-10-17
"ENSO4",2021,41,-0.464193548387097,2021-10-11,2021-10-17
"DMI",2021,42,0.0122258064516129,2021-10-18,2021-10-24
"ENSO3",2021,42,-0.784838709677419,2021-10-18,2021-10-24
"ENSO34",2021,42,-0.844516129032258,2021-10-18,2021-10-24
"ENSO4",2021,42,-0.466451612903226,2021-10-18,2021-10-24
"DMI",2021,43,0.0483548387096774,2021-10-25,2021-10-31
"ENSO3",2021,43,-0.839032258064516,2021-10-25,2021-10-31
"ENSO34",2021,43,-0.867096774193548,2021-10-25,2021-10-31
"ENSO4",2021,43,-0.468709677419355,2021-10-25,2021-10-31
"DMI",2021,44,0.0501,2021-11-01,2021-11-07
"ENSO3",2021,44,-0.895,2021-11-01,2021-11-07
"ENSO34",2021,44,-0.899,2021-11-01,2021-11-07
"ENSO4",2021,44,-0.486,2021-11-01,2021-11-07
"DMI",2021,45,0.006,2021-11-08,2021-11-14
"ENSO3",2021,45,-0.953333333333333,2021-11-08,2021-11-14
"ENSO34",2021,45,-0.943333333333333,2021-11-08,2021-11-14
"ENSO4",2021,45,-0.523333333333333,2021-11-08,2021-11-14
"DMI",2021,46,-0.0381,2021-11-15,2021-11-21
"ENSO3",2021,46,-1.01166666666667,2021-11-15,2021-11-21
"ENSO34",2021,46,-0.987666666666667,2021-11-15,2021-11-21
"ENSO4",2021,46,-0.560666666666667,2021-11-15,2021-11-21
"DMI",2021,47,-0.0822,2021-11-22,2021-11-28
"ENSO3",2021,47,-1.07,2021-11-22,2021-11-28
"ENSO34",2021,47,-1.032,2021-11-22,2021-11-28
"ENSO4",2021,47,-0.598,2021-11-22,2021-11-28
"DMI",2021,48,-0.11435069124424,2021-11-29,2021-12-05
"ENSO3",2021,48,-1.10951612903226,2021-11-29,2021-12-05
"ENSO34",2021,48,-1.05346082949309,2021-11-29,2021-12-05
"ENSO4",2021,48,-0.610663594470046,2021-11-29,2021-12-05
"DMI",2021,49,-0.103483870967742,2021-12-06,2021-12-12
"ENSO3",2021,49,-1.08129032258065,2021-12-06,2021-12-12
"ENSO34",2021,49,-0.99258064516129,2021-12-06,2021-12-12
"ENSO4",2021,49,-0.534516129032258,2021-12-06,2021-12-12
"DMI",2021,50,-0.0890322580645161,2021-12-13,2021-12-19
"ENSO3",2021,50,-1.04741935483871,2021-12-13,2021-12-19
"ENSO34",2021,50,-0.924838709677419,2021-12-13,2021-12-19
"ENSO4",2021,50,-0.450967741935484,2021-12-13,2021-12-19
"DMI",2021,51,-0.0745806451612903,2021-12-20,2021-12-26
"ENSO3",2021,51,-1.01354838709677,2021-12-20,2021-12-26
"ENSO34",2021,51,-0.857096774193548,2021-12-20,2021-12-26
"ENSO4",2021,51,-0.36741935483871,2021-12-20,2021-12-26
"DMI",2021,52,-0.0605483870967742,2021-12-27,2022-01-02
"ENSO3",2021,52,-0.980138248847926,2021-12-27,2022-01-02
"ENSO34",2021,52,-0.790322580645161,2021-12-27,2022-01-02
"ENSO4",2021,52,-0.285161290322581,2021-12-27,2022-01-02
"DMI",2022,1,-0.0603548387096774,2022-01-03,2022-01-09
"ENSO3",2022,1,-0.961935483870968,2022-01-03,2022-01-09
"ENSO34",2022,1,-0.755483870967742,2022-01-03,2022-01-09
"ENSO4",2022,1,-0.245483870967742,2022-01-03,2022-01-09
"DMI",2022,2,-0.0664516129032258,2022-01-10,2022-01-16
"ENSO3",2022,2,-0.950645161290323,2022-01-10,2022-01-16
"ENSO34",2022,2,-0.735161290322581,2022-01-10,2022-01-16
"ENSO4",2022,2,-0.225161290322581,2022-01-10,2022-01-16
"DMI",2022,3,-0.0725483870967742,2022-01-17,2022-01-23
"ENSO3",2022,3,-0.939354838709677,2022-01-17,2022-01-23
"ENSO34",2022,3,-0.714838709677419,2022-01-17,2022-01-23
"ENSO4",2022,3,-0.204838709677419,2022-01-17,2022-01-23
"DMI",2022,4,-0.0786451612903226,2022-01-24,2022-01-30
"ENSO3",2022,4,-0.928064516129032,2022-01-24,2022-01-30
"ENSO34",2022,4,-0.694516129032258,2022-01-24,2022-01-30
"ENSO4",2022,4,-0.184516129032258,2022-01-24,2022-01-30
"DMI",2022,5,-0.0836408821593153,2022-01-31,2022-02-06
"ENSO3",2022,5,-0.904924292297564,2022-01-31,2022-02-06
"ENSO34",2022,5,-0.692659644502962,2022-01-31,2022-02-06
"ENSO4",2022,5,-0.200261685319289,2022-01-31,2022-02-06
"DMI",2022,6,-0.0862142857142857,2022-02-07,2022-02-13
"ENSO3",2022,6,-0.855714285714286,2022-02-07,2022-02-13
"ENSO34",2022,6,-0.731428571428571,2022-02-07,2022-02-13
"ENSO4",2022,6,-0.295357142857143,2022-02-07,2022-02-13
"DMI",2022,7,-0.0887142857142857,2022-02-14,2022-02-20
"ENSO3",2022,7,-0.805714285714286,2022-02-14,2022-02-20
"ENSO34",2022,7,-0.771428571428571,2022-02-14,2022-02-20
"ENSO4",2022,7,-0.392857142857143,2022-02-14,2022-02-20
"DMI",2022,8,-0.0912142857142857,2022-02-21,2022-02-27
"ENSO3",2022,8,-0.755714285714286,2022-02-21,2022-02-27
"ENSO34",2022,8,-0.811428571428571,2022-02-21,2022-02-27
"ENSO4",2022,8,-0.490357142857143,2022-02-21,2022-02-27
"DMI",2022,9,-0.0912208689927584,2022-02-28,2022-03-06
"ENSO3",2022,9,-0.734154048716261,2022-02-28,2022-03-06
"ENSO34",2022,9,-0.843331138907176,2022-02-28,2022-03-06
"ENSO4",2022,9,-0.560775181040158,2022-02-28,2022-03-06
"DMI",2022,10,-0.085741935483871,2022-03-07,2022-03-13
"ENSO3",2022,10,-0.775161290322581,2022-03-07,2022-03-13
"ENSO34",2022,10,-0.85741935483871,2022-03-07,2022-03-13
"ENSO4",2022,10,-0.571612903225806,2022-03-07,2022-03-13
"DMI",2022,11,-0.0800967741935484,2022-03-14,2022-03-20
"ENSO3",2022,11,-0.818064516129032,2022-03-14,2022-03-20
"ENSO34",2022,11,-0.870967741935484,2022-03-14,2022-03-20
"ENSO4",2022,11,-0.580645161290323,2022-03-14,2022-03-20
"DMI",2022,12,-0.0744516129032258,2022-03-21,2022-03-27
"ENSO3",2022,12,-0.860967741935484,2022-03-21,2022-03-27
"ENSO34",2022,12,-0.884516129032258,2022-03-21,2022-03-27
"ENSO4",2022,12,-0.589677419354839,2022-03-21,2022-03-27
"DMI",2022,13,-0.0699235023041475,2022-03-28,2022-04-03
"ENSO3",2022,13,-0.902387096774194,2022-03-28,2022-04-03
"ENSO34",2022,13,-0.89894930875576,2022-03-28,2022-04-03
"ENSO4",2022,13,-0.599299539170507,2022-03-28,2022-04-03
"DMI",2022,14,-0.0788,2022-04-04,2022-04-10
"ENSO3",2022,14,-0.926,2022-04-04,2022-04-10
"ENSO34",2022,14,-0.924,2022-04-04,2022-04-10
"ENSO4",2022,14,-0.616,2022-04-04,2022-04-10
"DMI",2022,15,-0.0914,2022-04-11,2022-04-17
"ENSO3",2022,15,-0.944666666666667,2022-04-11,2022-04-17
"ENSO34",2022,15,-0.952,2022-04-11,2022-04-17
"ENSO4",2022,15,-0.634666666666667,2022-04-11,2022-04-17
"DMI",2022,16,-0.104,2022-04-18,2022-04-24
"ENSO3",2022,16,-0.963333333333333,2022-04-18,2022-04-24
"ENSO34",2022,16,-0.98,2022-04-18,2022-04-24
"ENSO4",2022,16,-0.653333333333333,2022-04-18,2022-04-24
"DMI",2022,17,-0.1166,2022-04-25,2022-05-01
"ENSO3",2022,17,-0.982,2022-04-25,2022-05-01
"ENSO34",2022,17,-1.008,2022-04-25,2022-05-01
"ENSO4",2022,17,-0.672,2022-04-25,2022-05-01
"DMI",2022,18,-0.149483870967742,2022-05-02,2022-05-08
"ENSO3",2022,18,-0.953870967741935,2022-05-02,2022-05-08
"ENSO34",2022,18,-0.987741935483871,2022-05-02,2022-05-08
"ENSO4",2022,18,-0.670967741935484,2022-05-02,2022-05-08
"DMI",2022,19,-0.19758064516129,2022-05-09,2022-05-15
"ENSO3",2022,19,-0.890645161290323,2022-05-09,2022-05-15
"ENSO34",2022,19,-0.931290322580645,2022-05-09,2022-05-15
"ENSO4",2022,19,-0.655161290322581,2022-05-09,2022-05-15
"DMI",2022,20,-0.245677419354839,2022-05-16,2022-05-22
"ENSO3",2022,20,-0.82741935483871,2022-05-16,2022-05-22
"ENSO34",2022,20,-0.874838709677419,2022-05-16,2022-05-22
"ENSO4",2022,20,-0.639354838709677,2022-05-16,2022-05-22
"DMI",2022,21,-0.293774193548387,2022-05-23,2022-05-29
"ENSO3",2022,21,-0.764193548387097,2022-05-23,2022-05-29
"ENSO34",2022,21,-0.818387096774194,2022-05-23,2022-05-29
"ENSO4",2022,21,-0.623548387096774,2022-05-23,2022-05-29
"DMI",2022,22,-0.325388632872504,2022-05-30,2022-06-05
"ENSO3",2022,22,-0.69815668202765,2022-05-30,2022-06-05
"ENSO34",2022,22,-0.763456221198157,2022-05-30,2022-06-05
"ENSO4",2022,22,-0.610015360983103,2022-05-30,2022-06-05
"DMI",2022,23,-0.297666666666667,2022-06-06,2022-06-12
"ENSO3",2022,23,-0.622,2022-06-06,2022-06-12
"ENSO34",2022,23,-0.714,2022-06-06,2022-06-12
"ENSO4",2022,23,-0.604666666666667,2022-06-06,2022-06-12
"DMI",2022,24,-0.265,2022-06-13,2022-06-19
"ENSO3",2022,24,-0.545,2022-06-13,2022-06-19
"ENSO34",2022,24,-0.665,2022-06-13,2022-06-19
"ENSO4",2022,24,-0.6,2022-06-13,2022-06-19
"DMI",2022,25,-0.232333333333333,2022-06-20,2022-06-26
"ENSO3",2022,25,-0.468,2022-06-20,2022-06-26
"ENSO34",2022,25,-0.616,2022-06-20,2022-06-26
"ENSO4",2022,25,-0.595333333333333,2022-06-20,2022-06-26
"DMI",2022,26,-0.202371735791091,2022-06-27,2022-07-03
"ENSO3",2022,26,-0.398755760368664,2022-06-27,2022-07-03
"ENSO34",2022,26,-0.575529953917051,2022-06-27,2022-07-03
"ENSO4",2022,26,-0.593717357910906,2022-06-27,2022-07-03
"DMI",2022,27,-0.204870967741936,2022-07-04,2022-07-10
"ENSO3",2022,27,-0.42258064516129,2022-07-04,2022-07-10
"ENSO34",2022,27,-0.63741935483871,2022-07-04,2022-07-10
"ENSO4",2022,27,-0.628709677419355,2022-07-04,2022-07-10
"DMI",2022,28,-0.216387096774194,2022-07-11,2022-07-17
"ENSO3",2022,28,-0.472258064516129,2022-07-11,2022-07-17
"ENSO34",2022,28,-0.727741935483871,2022-07-11,2022-07-17
"ENSO4",2022,28,-0.673870967741935,2022-07-11,2022-07-17
"DMI",2022,29,-0.227903225806452,2022-07-18,2022-07-24
"ENSO3",2022,29,-0.521935483870968,2022-07-18,2022-07-24
"ENSO34",2022,29,-0.818064516129032,2022-07-18,2022-07-24
"ENSO4",2022,29,-0.719032258064516,2022-07-18,2022-07-24
"DMI",2022,30,-0.23941935483871,2022-07-25,2022-07-31
"ENSO3",2022,30,-0.571612903225806,2022-07-25,2022-07-31
"ENSO34",2022,30,-0.908387096774193,2022-07-25,2022-07-31
"ENSO4",2022,30,-0.764193548387097,2022-07-25,2022-07-31
"DMI",2022,31,-0.253354838709677,2022-08-01,2022-08-07
"ENSO3",2022,31,-0.628064516129032,2022-08-01,2022-08-07
"ENSO34",2022,31,-0.969677419354839,2022-08-01,2022-08-07
"ENSO4",2022,31,-0.797741935483871,2022-08-01,2022-08-07
"DMI",2022,32,-0.270516129032258,2022-08-08,2022-08-14
"ENSO3",2022,32,-0.693548387096774,2022-08-08,2022-08-14
"ENSO34",2022,32,-0.992258064516129,2022-08-08,2022-08-14
"ENSO4",2022,32,-0.815806451612903,2022-08-08,2022-08-14
"DMI",2022,33,-0.287677419354839,2022-08-15,2022-08-21
"ENSO3",2022,33,-0.759032258064516,2022-08-15,2022-08-21
"ENSO34",2022,33,-1.01483870967742,2022-08-15,2022-08-21
"ENSO4",2022,33,-0.833870967741935,2022-08-15,2022-08-21
"DMI",2022,34,-0.304838709677419,2022-08-22,2022-08-28
"ENSO3",2022,34,-0.824516129032258,2022-08-22,2022-08-28
"ENSO34",2022,34,-1.03741935483871,2022-08-22,2022-08-28
"ENSO4",2022,34,-0.851935483870968,2022-08-22,2022-08-28
"DMI",2022,35,-0.330441474654378,2022-08-29,2022-09-04
"ENSO3",2022,35,-0.886552995391705,2022-08-29,2022-09-04
"ENSO34",2022,35,-1.05523502304147,2022-08-29,2022-09-04
"ENSO4",2022,35,-0.867502304147465,2022-08-29,2022-09-04
"DMI",2022,36,-0.4081,2022-09-05,2022-09-11
"ENSO3",2022,36,-0.927333333333333,2022-09-05,2022-09-11
"ENSO34",2022,36,-1.04366666666667,2022-09-05,2022-09-11
"ENSO4",2022,36,-0.867666666666667,2022-09-05,2022-09-11
"DMI",2022,37,-0.4942,2022-09-12,2022-09-18
"ENSO3",2022,37,-0.964666666666667,2022-09-12,2022-09-18
"ENSO34",2022,37,-1.02733333333333,2022-09-12,2022-09-18
"ENSO4",2022,37,-0.865333333333333,2022-09-12,2022-09-18
"DMI",2022,38,-0.5803,2022-09-19,2022-09-25
"ENSO3",2022,38,-1.002,2022-09-19,2022-09-25
"ENSO34",2022,38,-1.011,2022-09-19,2022-09-25
"ENSO4",2022,38,-0.863,2022-09-19,2022-09-25
"DMI",2022,39,-0.662698156682028,2022-09-26,2022-10-02
"ENSO3",2022,39,-1.03705069124424,2022-09-26,2022-10-02
"ENSO34",2022,39,-0.993940092165899,2022-09-26,2022-10-02
"ENSO4",2022,39,-0.859377880184332,2022-09-26,2022-10-02
"DMI",2022,40,-0.622935483870968,2022-10-03,2022-10-09
"ENSO3",2022,40,-0.996774193548387,2022-10-03,2022-10-09
"ENSO34",2022,40,-0.952903225806452,2022-10-03,2022-10-09
"ENSO4",2022,40,-0.813225806451613,2022-10-03,2022-10-09
"DMI",2022,41,-0.527645161290323,2022-10-10,2022-10-16
"ENSO3",2022,41,-0.922258064516129,2022-10-10,2022-10-16
"ENSO34",2022,41,-0.900967741935484,2022-10-10,2022-10-16
"ENSO4",2022,41,-0.747741935483871,2022-10-10,2022-10-16
"DMI",2022,42,-0.432354838709677,2022-10-17,2022-10-23
"ENSO3",2022,42,-0.847741935483871,2022-10-17,2022-10-23
"ENSO34",2022,42,-0.849032258064516,2022-10-17,2022-10-23
"ENSO4",2022,42,-0.682258064516129,2022-10-17,2022-10-23
"DMI",2022,43,-0.337064516129032,2022-10-24,2022-10-30
"ENSO3",2022,43,-0.773225806451613,2022-10-24,2022-10-30
"ENSO34",2022,43,-0.797096774193548,2022-10-24,2022-10-30
"ENSO4",2022,43,-0.616774193548387,2022-10-24,2022-10-30
"DMI",2022,44,-0.258301843317972,2022-10-31,2022-11-06
"ENSO3",2022,44,-0.730092165898617,2022-10-31,2022-11-06
"ENSO34",2022,44,-0.768202764976958,2022-10-31,2022-11-06
"ENSO4",2022,44,-0.57205069124424,2022-10-31,2022-11-06
"DMI",2022,45,-0.2159,2022-11-07,2022-11-13
"ENSO3",2022,45,-0.756,2022-11-07,2022-11-13
"ENSO34",2022,45,-0.79,2022-11-07,2022-11-13
"ENSO4",2022,45,-0.573,2022-11-07,2022-11-13
"DMI",2022,46,-0.1746,2022-11-14,2022-11-20
"ENSO3",2022,46,-0.784,2022-11-14,2022-11-20
"ENSO34",2022,46,-0.813333333333333,2022-11-14,2022-11-20
"ENSO4",2022,46,-0.575333333333333,2022-11-14,2022-11-20
"DMI",2022,47,-0.1333,2022-11-21,2022-11-27
"ENSO3",2022,47,-0.812,2022-11-21,2022-11-27
"ENSO34",2022,47,-0.836666666666667,2022-11-21,2022-11-27
"ENSO4",2022,47,-0.577666666666667,2022-11-21,2022-11-27
"DMI",2022,48,-0.0914995391705069,2022-11-28,2022-12-04
"ENSO3",2022,48,-0.831041474654378,2022-11-28,2022-12-04
"ENSO34",2022,48,-0.854930875576037,2022-11-28,2022-12-04
"ENSO4",2022,48,-0.579437788018433,2022-11-28,2022-12-04
"DMI",2022,49,-0.0466129032258064,2022-12-05,2022-12-11
"ENSO3",2022,49,-0.794838709677419,2022-12-05,2022-12-11
"ENSO34",2022,49,-0.841935483870968,2022-12-05,2022-12-11
"ENSO4",2022,49,-0.577741935483871,2022-12-05,2022-12-11
"DMI",2022,50,-0.0012258064516129,2022-12-12,2022-12-18
"ENSO3",2022,50,-0.749677419354839,2022-12-12,2022-12-18
"ENSO34",2022,50,-0.823870967741935,2022-12-12,2022-12-18
"ENSO4",2022,50,-0.575483870967742,2022-12-12,2022-12-18
"DMI",2022,51,0.0441612903225807,2022-12-19,2022-12-25
"ENSO3",2022,51,-0.704516129032258,2022-12-19,2022-12-25
"ENSO34",2022,51,-0.805806451612903,2022-12-19,2022-12-25
"ENSO4",2022,51,-0.573225806451613,2022-12-19,2022-12-25
"DMI",2022,52,0.0895483870967742,2022-12-26,2023-01-01
"ENSO3",2022,52,-0.659354838709677,2022-12-26,2023-01-01
"ENSO34",2022,52,-0.787741935483871,2022-12-26,2023-01-01
"ENSO4",2022,52,-0.570967741935484,2022-12-26,2023-01-01
"DMI",2023,1,0.115193548387097,2023-01-02,2023-01-08
"ENSO3",2023,1,-0.618064516129032,2023-01-02,2023-01-08
"ENSO34",2023,1,-0.759354838709677,2023-01-02,2023-01-08
"ENSO4",2023,1,-0.560967741935484,2023-01-02,2023-01-08
"DMI",2023,2,0.126032258064516,2023-01-09,2023-01-15
"ENSO3",2023,2,-0.579677419354839,2023-01-09,2023-01-15
"ENSO34",2023,2,-0.723225806451613,2023-01-09,2023-01-15
"ENSO4",2023,2,-0.545161290322581,2023-01-09,2023-01-15
"DMI",2023,3,0.136870967741935,2023-01-16,2023-01-22
"ENSO3",2023,3,-0.541290322580645,2023-01-16,2023-01-22
"ENSO34",2023,3,-0.687096774193548,2023-01-16,2023-01-22
"ENSO4",2023,3,-0.529354838709677,2023-01-16,2023-01-22
"DMI",2023,4,0.147709677419355,2023-01-23,2023-01-29
"ENSO3",2023,4,-0.502903225806452,2023-01-23,2023-01-29
"ENSO34",2023,4,-0.650967741935484,2023-01-23,2023-01-29
"ENSO4",2023,4,-0.513548387096774,2023-01-23,2023-01-29
"DMI",2023,5,0.169499670836076,2023-01-30,2023-02-05
"ENSO3",2023,5,-0.436635944700461,2023-01-30,2023-02-05
"ENSO34",2023,5,-0.59721198156682,2023-01-30,2023-02-05
"ENSO4",2023,5,-0.482090190915076,2023-01-30,2023-02-05
"DMI",2023,6,0.230714285714286,2023-02-06,2023-02-12
"ENSO3",2023,6,-0.27,2023-02-06,2023-02-12
"ENSO34",2023,6,-0.48,2023-02-06,2023-02-12
"ENSO4",2023,6,-0.394285714285714,2023-02-06,2023-02-12
"DMI",2023,7,0.295214285714286,2023-02-13,2023-02-19
"ENSO3",2023,7,-0.095,2023-02-13,2023-02-19
"ENSO34",2023,7,-0.3575,2023-02-13,2023-02-19
"ENSO4",2023,7,-0.301785714285714,2023-02-13,2023-02-19
"DMI",2023,8,0.359714285714286,2023-02-20,2023-02-26
"ENSO3",2023,8,0.08,2023-02-20,2023-02-26
"ENSO34",2023,8,-0.235,2023-02-20,2023-02-26
"ENSO4",2023,8,-0.209285714285714,2023-02-20,2023-02-26
"DMI",2023,9,0.417733048057933,2023-02-27,2023-03-05
"ENSO3",2023,9,0.237258064516129,2023-02-27,2023-03-05
"ENSO34",2023,9,-0.12044930875576,2023-02-27,2023-03-05
"ENSO4",2023,9,-0.11907340355497,2023-02-27,2023-03-05
"DMI",2023,10,0.45241935483871,2023-03-06,2023-03-12
"ENSO3",2023,10,0.330645161290323,2023-03-06,2023-03-12
"ENSO34",2023,10,-0.0345161290322581,2023-03-06,2023-03-12
"ENSO4",2023,10,-0.0370967741935484,2023-03-06,2023-03-12
"DMI",2023,11,0.485161290322581,2023-03-13,2023-03-19
"ENSO3",2023,11,0.418709677419355,2023-03-13,2023-03-19
"ENSO34",2023,11,0.0490322580645161,2023-03-13,2023-03-19
"ENSO4",2023,11,0.0441935483870968,2023-03-13,2023-03-19
"DMI",2023,12,0.517903225806452,2023-03-20,2023-03-26
"ENSO3",2023,12,0.506774193548387,2023-03-20,2023-03-26
"ENSO34",2023,12,0.13258064516129,2023-03-20,2023-03-26
"ENSO4",2023,12,0.125483870967742,2023-03-20,2023-03-26
"DMI",2023,13,0.549419815668203,2023-03-27,2023-04-02
"ENSO3",2023,13,0.594374807987711,2023-03-27,2023-04-02
"ENSO34",2023,13,0.215519201228879,2023-03-27,2023-04-02
"ENSO4",2023,13,0.2056866359447,2023-03-27,2023-04-02
"DMI",2023,14,0.5405,2023-04-03,2023-04-09
"ENSO3",2023,14,0.666666666666667,2023-04-03,2023-04-09
"ENSO34",2023,14,0.278333333333333,2023-04-03,2023-04-09
"ENSO4",2023,14,0.25,2023-04-03,2023-04-09
"DMI",2023,15,0.5132,2023-04-10,2023-04-16
"ENSO3",2023,15,0.732,2023-04-10,2023-04-16
"ENSO34",2023,15,0.332,2023-04-10,2023-04-16
"ENSO4",2023,15,0.278,2023-04-10,2023-04-16
"DMI",2023,16,0.4859,2023-04-17,2023-04-23
"ENSO3",2023,16,0.797333333333333,2023-04-17,2023-04-23
"ENSO34",2023,16,0.385666666666667,2023-04-17,2023-04-23
"ENSO4",2023,16,0.306,2023-04-17,2023-04-23
"DMI",2023,17,0.4586,2023-04-24,2023-04-30
"ENSO3",2023,17,0.862666666666667,2023-04-24,2023-04-30
"ENSO34",2023,17,0.439333333333333,2023-04-24,2023-04-30
"ENSO4",2023,17,0.334,2023-04-24,2023-04-30
"DMI",2023,18,0.464483870967742,2023-05-01,2023-05-07
"ENSO3",2023,18,0.943548387096774,2023-05-01,2023-05-07
"ENSO34",2023,18,0.516451612903226,2023-05-01,2023-05-07
"ENSO4",2023,18,0.376129032258064,2023-05-01,2023-05-07
"DMI",2023,19,0.514612903225806,2023-05-08,2023-05-14
"ENSO3",2023,19,1.04516129032258,2023-05-08,2023-05-14
"ENSO34",2023,19,0.624838709677419,2023-05-08,2023-05-14
"ENSO4",2023,19,0.437096774193548,2023-05-08,2023-05-14
"DMI",2023,20,0.564741935483871,2023-05-15,2023-05-21
"ENSO3",2023,20,1.14677419354839,2023-05-15,2023-05-21
"ENSO34",2023,20,0.733225806451613,2023-05-15,2023-05-21
"ENSO4",2023,20,0.498064516129032,2023-05-15,2023-05-21
"DMI",2023,21,0.614870967741936,2023-05-22,2023-05-28
"ENSO3",2023,21,1.24838709677419,2023-05-22,2023-05-28
"ENSO34",2023,21,0.841612903225806,2023-05-22,2023-05-28
"ENSO4",2023,21,0.559032258064516,2023-05-22,2023-05-28
"DMI",2023,22,0.654090322580645,2023-05-29,2023-06-04
"ENSO3",2023,22,1.34812903225806,2023-05-29,2023-06-04
"ENSO34",2023,22,0.943870967741935,2023-05-29,2023-06-04
"ENSO4",2023,22,0.615677419354839,2023-05-29,2023-06-04
"DMI",2023,23,0.626033333333333,2023-06-05,2023-06-11
"ENSO3",2023,23,1.43633333333333,2023-06-05,2023-06-11
"ENSO34",2023,23,1.00833333333333,2023-06-05,2023-06-11
"ENSO4",2023,23,0.645666666666667,2023-06-05,2023-06-11
"DMI",2023,24,0.587066666666667,2023-06-12,2023-06-18
"ENSO3",2023,24,1.52266666666667,2023-06-12,2023-06-18
"ENSO34",2023,24,1.06666666666667,2023-06-12,2023-06-18
"ENSO4",2023,24,0.671333333333333,2023-06-12,2023-06-18
"DMI",2023,25,0.5481,2023-06-19,2023-06-25
"ENSO3",2023,25,1.609,2023-06-19,2023-06-25
"ENSO34",2023,25,1.125,2023-06-19,2023-06-25
"ENSO4",2023,25,0.697,2023-06-19,2023-06-25
"DMI",2023,26,0.511435483870968,2023-06-26,2023-07-02
"ENSO3",2023,26,1.69527649769585,2023-06-26,2023-07-02
"ENSO34",2023,26,1.18380184331797,2023-06-26,2023-07-02
"ENSO4",2023,26,0.72352534562212,2023-06-26,2023-07-02
"DMI",2023,27,0.550741935483871,2023-07-03,2023-07-09
"ENSO3",2023,27,1.77967741935484,2023-07-03,2023-07-09
"ENSO34",2023,27,1.25806451612903,2023-07-03,2023-07-09
"ENSO4",2023,27,0.778387096774193,2023-07-03,2023-07-09
"DMI",2023,28,0.62458064516129,2023-07-10,2023-07-16
"ENSO3",2023,28,1.86322580645161,2023-07-10,2023-07-16
"ENSO34",2023,28,1.33935483870968,2023-07-10,2023-07-16
"ENSO4",2023,28,0.846129032258065,2023-07-10,2023-07-16
"DMI",2023,29,0.69841935483871,2023-07-17,2023-07-23
"ENSO3",2023,29,1.94677419354839,2023-07-17,2023-07-23
"ENSO34",2023,29,1.42064516129032,2023-07-17,2023-07-23
"ENSO4",2023,29,0.913870967741935,2023-07-17,2023-07-23
"DMI",2023,30,0.772258064516129,2023-07-24,2023-07-30
"ENSO3",2023,30,2.03032258064516,2023-07-24,2023-07-30
"ENSO34",2023,30,1.50193548387097,2023-07-24,2023-07-30
"ENSO4",2023,30,0.981612903225807,2023-07-24,2023-07-30
"DMI",2023,31,0.831857142857143,2023-07-31,2023-08-06
"ENSO3",2023,31,2.07930875576037,2023-07-31,2023-08-06
"ENSO34",2023,31,1.56456221198157,2023-07-31,2023-08-06
"ENSO4",2023,31,1.03552995391705,2023-07-31,2023-08-06
"DMI",2023,32,0.860129032258064,2023-08-07,2023-08-13
"ENSO3",2023,32,2.05225806451613,2023-08-07,2023-08-13
"ENSO34",2023,32,1.58612903225806,2023-08-07,2023-08-13
"ENSO4",2023,32,1.05903225806452,2023-08-07,2023-08-13
"DMI",2023,33,0.887451612903226,2023-08-14,2023-08-20
"ENSO3",2023,33,2.02290322580645,2023-08-14,2023-08-20
"ENSO34",2023,33,1.60645161290323,2023-08-14,2023-08-20
"ENSO4",2023,33,1.08161290322581,2023-08-14,2023-08-20
"DMI",2023,34,0.914774193548387,2023-08-21,2023-08-27
"ENSO3",2023,34,1.99354838709677,2023-08-21,2023-08-27
"ENSO34",2023,34,1.62677419354839,2023-08-21,2023-08-27
"ENSO4",2023,34,1.1041935483871,2023-08-21,2023-08-27
"DMI",2023,35,0.938395391705069,2023-08-28,2023-09-03
"ENSO3",2023,35,1.96556221198157,2023-08-28,2023-09-03
"ENSO34",2023,35,1.64499539170507,2023-08-28,2023-09-03
"ENSO4",2023,35,1.12496313364055,2023-08-28,2023-09-03
"DMI",2023,36,0.9176,2023-09-04,2023-09-10
"ENSO3",2023,36,1.954,2023-09-04,2023-09-10
"ENSO34",2023,36,1.638,2023-09-04,2023-09-10
"ENSO4",2023,36,1.124,2023-09-04,2023-09-10
"DMI",2023,37,0.884466666666667,2023-09-11,2023-09-17
"ENSO3",2023,37,1.947,2023-09-11,2023-09-17
"ENSO34",2023,37,1.624,2023-09-11,2023-09-17
"ENSO4",2023,37,1.117,2023-09-11,2023-09-17
"DMI",2023,38,0.851333333333333,2023-09-18,2023-09-24
"ENSO3",2023,38,1.94,2023-09-18,2023-09-24
"ENSO34",2023,38,1.61,2023-09-18,2023-09-24
"ENSO4",2023,38,1.11,2023-09-18,2023-09-24
"DMI",2023,39,0.8182,2023-09-25,2023-10-01
"ENSO3",2023,39,1.933,2023-09-25,2023-10-01
"ENSO34",2023,39,1.596,2023-09-25,2023-10-01
"ENSO4",2023,39,1.103,2023-09-25,2023-10-01
"DMI",2023,40,0.818967741935484,2023-10-02,2023-10-08
"ENSO3",2023,40,1.96612903225806,2023-10-02,2023-10-08
"ENSO34",2023,40,1.6441935483871,2023-10-02,2023-10-08
"ENSO4",2023,40,1.12838709677419,2023-10-02,2023-10-08
"DMI",2023,41,0.845161290322581,2023-10-09,2023-10-15
"ENSO3",2023,41,2.02935483870968,2023-10-09,2023-10-15
"ENSO34",2023,41,1.73903225806452,2023-10-09,2023-10-15
"ENSO4",2023,41,1.17806451612903,2023-10-09,2023-10-15
"DMI",2023,42,0.871354838709677,2023-10-16,2023-10-22
"ENSO3",2023,42,2.09258064516129,2023-10-16,2023-10-22
"ENSO34",2023,42,1.83387096774194,2023-10-16,2023-10-22
"ENSO4",2023,42,1.22774193548387,2023-10-16,2023-10-22
"DMI",2023,43,0.897548387096774,2023-10-23,2023-10-29
"ENSO3",2023,43,2.1558064516129,2023-10-23,2023-10-29
"ENSO34",2023,43,1.92870967741935,2023-10-23,2023-10-29
"ENSO4",2023,43,1.27741935483871,2023-10-23,2023-10-29
"DMI",2023,44,0.915110599078341,2023-10-30,2023-11-05
"ENSO3",2023,44,2.19279569892473,2023-10-30,2023-11-05
"ENSO34",2023,44,1.99466973886329,2023-10-30,2023-11-05
"ENSO4",2023,44,1.31076804915515,2023-10-30,2023-11-05
"DMI",2023,45,0.9016,2023-11-06,2023-11-12
"ENSO3",2023,45,2.13533333333333,2023-11-06,2023-11-12
"ENSO34",2023,45,1.95666666666667,2023-11-06,2023-11-12
"ENSO4",2023,45,1.28533333333333,2023-11-06,2023-11-12
"DMI",2023,46,0.8855,2023-11-13,2023-11-19
"ENSO3",2023,46,2.07,2023-11-13,2023-11-19
"ENSO34",2023,46,1.91,2023-11-13,2023-11-19
"ENSO4",2023,46,1.255,2023-11-13,2023-11-19
"DMI",2023,47,0.8694,2023-11-20,2023-11-26
"ENSO3",2023,47,2.00466666666667,2023-11-20,2023-11-26
"ENSO34",2023,47,1.86333333333333,2023-11-20,2023-11-26
"ENSO4",2023,47,1.22466666666667,2023-11-20,2023-11-26
"DMI",2023,48,0.853096774193548,2023-11-27,2023-12-03
"ENSO3",2023,48,1.94070660522273,2023-11-27,2023-12-03
"ENSO34",2023,48,1.81814132104455,2023-11-27,2023-12-03
"ENSO4",2023,48,1.19909370199693,2023-11-27,2023-12-03
"DMI",2023,49,0.834354838709677,2023-12-04,2023-12-10
"ENSO3",2023,49,1.89322580645161,2023-12-04,2023-12-10
"ENSO34",2023,49,1.79064516129032,2023-12-04,2023-12-10
"ENSO4",2023,49,1.23064516129032,2023-12-04,2023-12-10
"DMI",2023,50,0.814935483870968,2023-12-11,2023-12-17
"ENSO3",2023,50,1.85032258064516,2023-12-11,2023-12-17
"ENSO34",2023,50,1.76806451612903,2023-12-11,2023-12-17
"ENSO4",2023,50,1.27806451612903,2023-12-11,2023-12-17
"DMI",2023,51,0.795516129032258,2023-12-18,2023-12-24
"ENSO3",2023,51,1.80741935483871,2023-12-18,2023-12-24
"ENSO34",2023,51,1.74548387096774,2023-12-18,2023-12-24
"ENSO4",2023,51,1.32548387096774,2023-12-18,2023-12-24
"DMI",2023,52,0.776096774193548,2023-12-25,2023-12-31
"ENSO3",2023,52,1.76451612903226,2023-12-25,2023-12-31
"ENSO34",2023,52,1.72290322580645,2023-12-25,2023-12-31
"ENSO4",2023,52,1.37290322580645,2023-12-25,2023-12-31
"DMI",2024,1,0.755563636363636,2024-01-01,2024-01-07
"ENSO3",2024,1,1.71193548387097,2024-01-01,2024-01-07
"ENSO34",2024,1,1.68677419354839,2024-01-01,2024-01-07
"ENSO4",2024,1,1.38161290322581,2024-01-01,2024-01-07
"DMI",2024,2,0.733545454545455,2024-01-08,2024-01-14
"ENSO3",2024,2,1.64645161290323,2024-01-08,2024-01-14
"ENSO34",2024,2,1.63258064516129,2024-01-08,2024-01-14
"ENSO4",2024,2,1.33870967741935,2024-01-08,2024-01-14
"DMI",2024,3,0.711527272727273,2024-01-15,2024-01-21
"ENSO3",2024,3,1.58096774193548,2024-01-15,2024-01-21
"ENSO34",2024,3,1.57838709677419,2024-01-15,2024-01-21
"ENSO4",2024,3,1.2958064516129,2024-01-15,2024-01-21
"DMI",2024,4,0.689509090909091,2024-01-22,2024-01-28
"ENSO3",2024,4,1.51548387096774,2024-01-22,2024-01-28
"ENSO34",2024,4,1.5241935483871,2024-01-22,2024-01-28
"ENSO4",2024,4,1.25290322580645,2024-01-22,2024-01-28
"DMI",2024,5,0.667490909090909,2024-01-29,2024-02-04
"ENSO3",2024,5,1.43998887652948,2024-01-29,2024-02-04
"ENSO34",2024,5,1.46569998410933,2024-01-29,2024-02-04
"ENSO4",2024,5,1.20875099316701,2024-01-29,2024-02-04
"DMI",2024,6,0.645472727272727,2024-02-05,2024-02-11
"ENSO3",2024,6,1.30275862068966,2024-02-05,2024-02-11
"ENSO34",2024,6,1.38068965517241,2024-02-05,2024-02-11
"ENSO4",2024,6,1.15689655172414,2024-02-05,2024-02-11
"DMI",2024,7,0.623454545454545,2024-02-12,2024-02-18
"ENSO3",2024,7,1.15551724137931,2024-02-12,2024-02-18
"ENSO34",2024,7,1.29137931034483,2024-02-12,2024-02-18
"ENSO4",2024,7,1.10379310344828,2024-02-12,2024-02-18
"DMI",2024,8,0.601436363636364,2024-02-19,2024-02-25
"ENSO3",2024,8,1.00827586206897,2024-02-19,2024-02-25
"ENSO34",2024,8,1.20206896551724,2024-02-19,2024-02-25
"ENSO4",2024,8,1.05068965517241,2024-02-19,2024-02-25
"DMI",2024,9,0.579418181818182,2024-02-26,2024-03-03
"ENSO3",2024,9,0.868113777212776,2024-02-26,2024-03-03
"ENSO34",2024,9,1.11587637057048,2024-02-26,2024-03-03
"ENSO4",2024,9,0.998901954552678,2024-02-26,2024-03-03
"DMI",2024,10,0.5574,2024-03-04,2024-03-10
"ENSO3",2024,10,0.812903225806452,2024-03-04,2024-03-10
"ENSO34",2024,10,1.06709677419355,2024-03-04,2024-03-10
"ENSO4",2024,10,0.962903225806452,2024-03-04,2024-03-10
"DMI",2024,11,0.535381818181818,2024-03-11,2024-03-17
"ENSO3",2024,11,0.781290322580645,2024-03-11,2024-03-17
"ENSO34",2024,11,1.02870967741935,2024-03-11,2024-03-17
"ENSO4",2024,11,0.931290322580645,2024-03-11,2024-03-17
"DMI",2024,12,0.513363636363636,2024-03-18,2024-03-24
"ENSO3",2024,12,0.749677419354839,2024-03-18,2024-03-24
"ENSO34",2024,12,0.990322580645161,2024-03-18,2024-03-24
"ENSO4",2024,12,0.899677419354839,2024-03-18,2024-03-24
"DMI",2024,13,0.491345454545455,2024-03-25,2024-03-31
"ENSO3",2024,13,0.718064516129032,2024-03-25,2024-03-31
"ENSO34",2024,13,0.951935483870968,2024-03-25,2024-03-31
"ENSO4",2024,13,0.868064516129032,2024-03-25,2024-03-31
"DMI",2024,14,0.469327272727273,2024-04-01,2024-04-07
"ENSO3",2024,14,0.636,2024-04-01,2024-04-07
"ENSO34",2024,14,0.878,2024-04-01,2024-04-07
"ENSO4",2024,14,0.832,2024-04-01,2024-04-07
"DMI",2024,15,0.447309090909091,2024-04-08,2024-04-14
"ENSO3",2024,15,0.486666666666667,2024-04-08,2024-04-14
"ENSO34",2024,15,0.756666666666667,2024-04-08,2024-04-14
"ENSO4",2024,15,0.79,2024-04-08,2024-04-14
"DMI",2024,16,0.425290909090909,2024-04-15,2024-04-21
"ENSO3",2024,16,0.337333333333333,2024-04-15,2024-04-21
"ENSO34",2024,16,0.635333333333333,2024-04-15,2024-04-21
"ENSO4",2024,16,0.748,2024-04-15,2024-04-21
"DMI",2024,17,0.403272727272727,2024-04-22,2024-04-28
"ENSO3",2024,17,0.188,2024-04-22,2024-04-28
"ENSO34",2024,17,0.514,2024-04-22,2024-04-28
"ENSO4",2024,17,0.706,2024-04-22,2024-04-28
"DMI",2024,18,0.381254545454545,2024-04-29,2024-05-05
"ENSO3",2024,18,0.0667309833024119,2024-04-29,2024-05-05
"ENSO34",2024,18,0.4099146567718,2024-04-29,2024-05-05
"ENSO4",2024,18,0.667283858998145,2024-04-29,2024-05-05
"DMI",2024,19,0.359236363636364,2024-05-06,2024-05-12
"ENSO3",2024,19,0.0464935064935065,2024-05-06,2024-05-12
"ENSO34",2024,19,0.367922077922078,2024-05-06,2024-05-12
"ENSO4",2024,19,0.64038961038961,2024-05-06,2024-05-12
"DMI",2024,20,0.337218181818182,2024-05-13,2024-05-19
"ENSO3",2024,20,0.0346753246753247,2024-05-13,2024-05-19
"ENSO34",2024,20,0.331103896103896,2024-05-13,2024-05-19
"ENSO4",2024,20,0.61448051948052,2024-05-13,2024-05-19
"DMI",2024,21,0.3152,2024-05-20,2024-05-26
"ENSO3",2024,21,0.0228571428571429,2024-05-20,2024-05-26
"ENSO34",2024,21,0.294285714285714,2024-05-20,2024-05-26
"ENSO4",2024,21,0.588571428571429,2024-05-20,2024-05-26
"DMI",2024,22,0.293181818181818,2024-05-27,2024-06-02
"ENSO3",2024,22,0.011038961038961,2024-05-27,2024-06-02
"ENSO34",2024,22,0.257467532467532,2024-05-27,2024-06-02
"ENSO4",2024,22,0.562662337662338,2024-05-27,2024-06-02
"DMI",2024,23,0.271163636363636,2024-06-03,2024-06-09
"ENSO3",2024,23,-0.000779220779220782,2024-06-03,2024-06-09
"ENSO34",2024,23,0.220649350649351,2024-06-03,2024-06-09
"ENSO4",2024,23,0.536753246753247,2024-06-03,2024-06-09
"DMI",2024,24,0.249145454545455,2024-06-10,2024-06-16
"ENSO3",2024,24,-0.0125974025974026,2024-06-10,2024-06-16
"ENSO34",2024,24,0.183831168831169,2024-06-10,2024-06-16
"ENSO4",2024,24,0.510844155844156,2024-06-10,2024-06-16
"DMI",2024,25,0.227127272727273,2024-06-17,2024-06-23
"ENSO3",2024,25,-0.0244155844155844,2024-06-17,2024-06-23
"ENSO34",2024,25,0.147012987012987,2024-06-17,2024-06-23
"ENSO4",2024,25,0.484935064935065,2024-06-17,2024-06-23
"DMI",2024,26,0.205109090909091,2024-06-24,2024-06-30
"ENSO3",2024,26,-0.0362337662337662,2024-06-24,2024-06-30
"ENSO34",2024,26,0.110194805194805,2024-06-24,2024-06-30
"ENSO4",2024,26,0.459025974025974,2024-06-24,2024-06-30
"DMI",2024,27,0.183090909090909,2024-07-01,2024-07-07
"ENSO3",2024,27,-0.0480519480519481,2024-07-01,2024-07-07
"ENSO34",2024,27,0.0733766233766233,2024-07-01,2024-07-07
"ENSO4",2024,27,0.433116883116883,2024-07-01,2024-07-07
"DMI",2024,28,0.161072727272727,2024-07-08,2024-07-14
"ENSO3",2024,28,-0.0598701298701299,2024-07-08,2024-07-14
"ENSO34",2024,28,0.0365584415584415,2024-07-08,2024-07-14
"ENSO4",2024,28,0.407207792207792,2024-07-08,2024-07-14
"DMI",2024,29,0.139054545454545,2024-07-15,2024-07-21
"ENSO3",2024,29,-0.0716883116883117,2024-07-15,2024-07-21
"ENSO34",2024,29,-0.000259740259740302,2024-07-15,2024-07-21
"ENSO4",2024,29,0.381298701298701,2024-07-15,2024-07-21
"DMI",2024,30,0.117036363636364,2024-07-22,2024-07-28
"ENSO3",2024,30,-0.0835064935064935,2024-07-22,2024-07-28
"ENSO34",2024,30,-0.0370779220779221,2024-07-22,2024-07-28
"ENSO4",2024,30,0.35538961038961,2024-07-22,2024-07-28
"DMI",2024,31,0.0950181818181819,2024-07-29,2024-08-04
"ENSO3",2024,31,-0.0953246753246753,2024-07-29,2024-08-04
"ENSO34",2024,31,-0.073896103896104,2024-07-29,2024-08-04
"ENSO4",2024,31,0.32948051948052,2024-07-29,2024-08-04
"DMI",2024,32,0.073,2024-08-05,2024-08-11
"ENSO3",2024,32,-0.107142857142857,2024-08-05,2024-08-11
"ENSO34",2024,32,-0.110714285714286,2024-08-05,2024-08-11
"ENSO4",2024,32,0.303571428571429,2024-08-05,2024-08-11
"DMI",2024,33,0.0509818181818182,2024-08-12,2024-08-18
"ENSO3",2024,33,-0.118961038961039,2024-08-12,2024-08-18
"ENSO34",2024,33,-0.147532467532468,2024-08-12,2024-08-18
"ENSO4",2024,33,0.277662337662338,2024-08-12,2024-08-18
"DMI",2024,34,0.0289636363636364,2024-08-19,2024-08-25
"ENSO3",2024,34,-0.130779220779221,2024-08-19,2024-08-25
"ENSO34",2024,34,-0.184350649350649,2024-08-19,2024-08-25
"ENSO4",2024,34,0.251753246753247,2024-08-19,2024-08-25
"DMI",2024,35,0.00694545454545455,2024-08-26,2024-09-01
"ENSO3",2024,35,-0.142597402597403,2024-08-26,2024-09-01
"ENSO34",2024,35,-0.221168831168831,2024-08-26,2024-09-01
"ENSO4",2024,35,0.225844155844156,2024-08-26,2024-09-01
"DMI",2024,36,-0.0150727272727272,2024-09-02,2024-09-08
"ENSO3",2024,36,-0.154415584415584,2024-09-02,2024-09-08
"ENSO34",2024,36,-0.257987012987013,2024-09-02,2024-09-08
"ENSO4",2024,36,0.199935064935065,2024-09-02,2024-09-08
"DMI",2024,37,-0.0370909090909091,2024-09-09,2024-09-15
"ENSO3",2024,37,-0.166233766233766,2024-09-09,2024-09-15
"ENSO34",2024,37,-0.294805194805195,2024-09-09,2024-09-15
"ENSO4",2024,37,0.174025974025974,2024-09-09,2024-09-15
"DMI",2024,38,-0.0591090909090909,2024-09-16,2024-09-22
"ENSO3",2024,38,-0.178051948051948,2024-09-16,2024-09-22
"ENSO34",2024,38,-0.331623376623377,2024-09-16,2024-09-22
"ENSO4",2024,38,0.148116883116883,2024-09-16,2024-09-22
"DMI",2024,39,-0.0811272727272727,2024-09-23,2024-09-29
"ENSO3",2024,39,-0.18987012987013,2024-09-23,2024-09-29
"ENSO34",2024,39,-0.368441558441559,2024-09-23,2024-09-29
"ENSO4",2024,39,0.122207792207792,2024-09-23,2024-09-29
"DMI",2024,40,-0.110539204545455,2024-09-30,2024-10-06
"ENSO3",2024,40,-0.199366883116883,2024-09-30,2024-10-06
"ENSO34",2024,40,-0.392168222402597,2024-09-30,2024-10-06
"ENSO4",2024,40,0.101387987012987,2024-09-30,2024-10-06
"DMI",2024,41,-0.15625,2024-10-07,2024-10-13
"ENSO3",2024,41,-0.2,2024-10-07,2024-10-13
"ENSO34",2024,41,-0.371875,2024-10-07,2024-10-13
"ENSO4",2024,41,0.1,2024-10-07,2024-10-13
"DMI",2024,42,-0.2,2024-10-14,2024-10-20
"ENSO3",2024,42,-0.2,2024-10-14,2024-10-20
"ENSO34",2024,42,-0.35,2024-10-14,2024-10-20
"ENSO4",2024,42,0.1,2024-10-14,2024-10-20
"DMI",2024,43,-0.24375,2024-10-21,2024-10-27
"ENSO3",2024,43,-0.2,2024-10-21,2024-10-27
"ENSO34",2024,43,-0.328125,2024-10-21,2024-10-27
"ENSO4",2024,43,0.1,2024-10-21,2024-10-27
"DMI",2024,44,-0.28828125,2024-10-28,2024-11-03
"ENSO3",2024,44,-0.2,2024-10-28,2024-11-03
"ENSO34",2024,44,-0.305859375,2024-10-28,2024-11-03
"ENSO4",2024,44,0.1,2024-10-28,2024-11-03
"DMI",2024,45,-0.3,2024-11-04,2024-11-10
"ENSO3",2024,45,-0.2,2024-11-04,2024-11-10
"ENSO34",2024,45,-0.3,2024-11-04,2024-11-10
"ENSO4",2024,45,0.1,2024-11-04,2024-11-10
"DMI",2024,46,-0.3,2024-11-11,2024-11-17
"ENSO3",2024,46,-0.2,2024-11-11,2024-11-17
"ENSO34",2024,46,-0.3,2024-11-11,2024-11-17
"ENSO4",2024,46,0.1,2024-11-11,2024-11-17
"DMI",2024,47,-0.3,2024-11-18,2024-11-24
"ENSO3",2024,47,-0.2,2024-11-18,2024-11-24
"ENSO34",2024,47,-0.3,2024-11-18,2024-11-24
"ENSO4",2024,47,0.1,2024-11-18,2024-11-24
"DMI",2024,48,-0.3,2024-11-25,2024-12-01
"ENSO3",2024,48,-0.2,2024-11-25,2024-12-01
"ENSO34",2024,48,-0.3,2024-11-25,2024-12-01
"ENSO4",2024,48,0.1,2024-11-25,2024-12-01
"DMI",2024,49,-0.261290322580645,2024-12-02,2024-12-08
"ENSO3",2024,49,-0.174193548387097,2024-12-02,2024-12-08
"ENSO34",2024,49,-0.274193548387097,2024-12-02,2024-12-08
"ENSO4",2024,49,0.112903225806452,2024-12-02,2024-12-08
"DMI",2024,50,-0.193548387096774,2024-12-09,2024-12-15
"ENSO3",2024,50,-0.129032258064516,2024-12-09,2024-12-15
"ENSO34",2024,50,-0.229032258064516,2024-12-09,2024-12-15
"ENSO4",2024,50,0.135483870967742,2024-12-09,2024-12-15
"DMI",2024,51,-0.125806451612903,2024-12-16,2024-12-22
"ENSO3",2024,51,-0.0838709677419355,2024-12-16,2024-12-22
"ENSO34",2024,51,-0.183870967741935,2024-12-16,2024-12-22
"ENSO4",2024,51,0.158064516129032,2024-12-16,2024-12-22
"DMI",2024,52,-0.0580645161290323,2024-12-23,2024-12-29
"ENSO3",2024,52,-0.0387096774193548,2024-12-23,2024-12-29
"ENSO34",2024,52,-0.138709677419355,2024-12-23,2024-12-29
"ENSO4",2024,52,0.180645161290323,2024-12-23,2024-12-29
"DMI",2025,1,-0.00414746543778801,2024-12-30,2025-01-05
"ENSO3",2025,1,0.0110599078341014,2024-12-30,2025-01-05
"ENSO34",2025,1,-0.0935483870967742,2024-12-30,2025-01-05
"ENSO4",2025,1,0.203225806451613,2024-12-30,2025-01-05
"DMI",2025,2,0,2025-01-06,2025-01-12
"ENSO3",2025,2,0.0774193548387097,2025-01-06,2025-01-12
"ENSO34",2025,2,-0.0483870967741936,2025-01-06,2025-01-12
"ENSO4",2025,2,0.225806451612903,2025-01-06,2025-01-12
"DMI",2025,3,0,2025-01-13,2025-01-19
"ENSO3",2025,3,0.145161290322581,2025-01-13,2025-01-19
"ENSO34",2025,3,-0.0032258064516129,2025-01-13,2025-01-19
"ENSO4",2025,3,0.248387096774194,2025-01-13,2025-01-19
"DMI",2025,4,0,2025-01-20,2025-01-26
"ENSO3",2025,4,0.212903225806452,2025-01-20,2025-01-26
"ENSO34",2025,4,0.0419354838709677,2025-01-20,2025-01-26
"ENSO4",2025,4,0.270967741935484,2025-01-20,2025-01-26
"DMI",2025,5,0,2025-01-27,2025-02-02
"ENSO3",2025,5,0.275806451612903,2025-01-27,2025-02-02
"ENSO34",2025,5,0.0838709677419355,2025-01-27,2025-02-02
"ENSO4",2025,5,0.291935483870968,2025-01-27,2025-02-02
