"variable","year","month","value","month_name","date_start","date_stop"
"DMI",1970,1,0.300532258064516,"January",1970-01-01,1970-01-31
"ENSO3",1970,1,0.252039848197344,"January",1970-01-01,1970-01-31
"ENSO34",1970,1,0.288481973434535,"January",1970-01-01,1970-01-31
"ENSO4",1970,1,0.238444022770398,"January",1970-01-01,1970-01-31
"DMI",1970,2,0.201607142857143,"February",1970-02-01,1970-02-28
"ENSO3",1970,2,0.0191071428571429,"February",1970-02-01,1970-02-28
"ENSO34",1970,2,0.311785714285714,"February",1970-02-01,1970-02-28
"ENSO4",1970,2,0.337321428571429,"February",1970-02-01,1970-02-28
"DMI",1970,3,0.141064516129032,"March",1970-03-01,1970-03-31
"ENSO3",1970,3,-0.167741935483871,"March",1970-03-01,1970-03-31
"ENSO34",1970,3,0.221290322580645,"March",1970-03-01,1970-03-31
"ENSO4",1970,3,0.211935483870968,"March",1970-03-01,1970-03-31
"DMI",1970,4,0.201116666666667,"April",1970-04-01,1970-04-30
"ENSO3",1970,4,-0.423666666666667,"April",1970-04-01,1970-04-30
"ENSO34",1970,4,0.0978333333333333,"April",1970-04-01,1970-04-30
"ENSO4",1970,4,0.188666666666667,"April",1970-04-01,1970-04-30
"DMI",1970,5,-0.0923548387096774,"May",1970-05-01,1970-05-31
"ENSO3",1970,5,-0.736129032258064,"May",1970-05-01,1970-05-31
"ENSO34",1970,5,-0.14,"May",1970-05-01,1970-05-31
"ENSO4",1970,5,0.0848387096774193,"May",1970-05-01,1970-05-31
"DMI",1970,6,-0.474416666666667,"June",1970-06-01,1970-06-30
"ENSO3",1970,6,-1.25633333333333,"June",1970-06-01,1970-06-30
"ENSO34",1970,6,-0.628666666666667,"June",1970-06-01,1970-06-30
"ENSO4",1970,6,-0.152166666666667,"June",1970-06-01,1970-06-30
"DMI",1970,7,-0.464032258064516,"July",1970-07-01,1970-07-31
"ENSO3",1970,7,-1.58806451612903,"July",1970-07-01,1970-07-31
"ENSO34",1970,7,-0.965483870967742,"July",1970-07-01,1970-07-31
"ENSO4",1970,7,-0.360967741935484,"July",1970-07-01,1970-07-31
"DMI",1970,8,-0.471483870967742,"August",1970-08-01,1970-08-31
"ENSO3",1970,8,-1.28677419354839,"August",1970-08-01,1970-08-31
"ENSO34",1970,8,-0.867741935483871,"August",1970-08-01,1970-08-31
"ENSO4",1970,8,-0.533548387096774,"August",1970-08-01,1970-08-31
"DMI",1970,9,-0.618366666666667,"September",1970-09-01,1970-09-30
"ENSO3",1970,9,-0.973333333333333,"September",1970-09-01,1970-09-30
"ENSO34",1970,9,-0.717166666666667,"September",1970-09-01,1970-09-30
"ENSO4",1970,9,-0.633166666666667,"September",1970-09-01,1970-09-30
"DMI",1970,10,-0.477838709677419,"October",1970-10-01,1970-10-31
"ENSO3",1970,10,-1.00548387096774,"October",1970-10-01,1970-10-31
"ENSO34",1970,10,-0.746774193548387,"October",1970-10-01,1970-10-31
"ENSO4",1970,10,-0.622258064516129,"October",1970-10-01,1970-10-31
"DMI",1970,11,-0.2722,"November",1970-11-01,1970-11-30
"ENSO3",1970,11,-1.20316666666667,"November",1970-11-01,1970-11-30
"ENSO34",1970,11,-0.975666666666667,"November",1970-11-01,1970-11-30
"ENSO4",1970,11,-0.753,"November",1970-11-01,1970-11-30
"DMI",1970,12,-0.0254838709677419,"December",1970-12-01,1970-12-31
"ENSO3",1970,12,-1.2841935483871,"December",1970-12-01,1970-12-31
"ENSO34",1970,12,-1.2841935483871,"December",1970-12-01,1970-12-31
"ENSO4",1970,12,-1.12,"December",1970-12-01,1970-12-31
"DMI",1971,1,0.102044086021505,"January",1971-01-01,1971-01-31
"ENSO3",1971,1,-1.31504301075269,"January",1971-01-01,1971-01-31
"ENSO34",1971,1,-1.31589247311828,"January",1971-01-01,1971-01-31
"ENSO4",1971,1,-1.08249462365591,"January",1971-01-01,1971-01-31
"DMI",1971,2,0.107017857142857,"February",1971-02-01,1971-02-28
"ENSO3",1971,2,-1.29946428571429,"February",1971-02-01,1971-02-28
"ENSO34",1971,2,-1.28482142857143,"February",1971-02-01,1971-02-28
"ENSO4",1971,2,-1.04821428571429,"February",1971-02-01,1971-02-28
"DMI",1971,3,0.223483870967742,"March",1971-03-01,1971-03-31
"ENSO3",1971,3,-0.981290322580645,"March",1971-03-01,1971-03-31
"ENSO34",1971,3,-1.13516129032258,"March",1971-03-01,1971-03-31
"ENSO4",1971,3,-0.925806451612903,"March",1971-03-01,1971-03-31
"DMI",1971,4,0.0882333333333333,"April",1971-04-01,1971-04-30
"ENSO3",1971,4,-0.8235,"April",1971-04-01,1971-04-30
"ENSO34",1971,4,-0.8975,"April",1971-04-01,1971-04-30
"ENSO4",1971,4,-0.701333333333333,"April",1971-04-01,1971-04-30
"DMI",1971,5,-0.152387096774194,"May",1971-05-01,1971-05-31
"ENSO3",1971,5,-0.840967741935484,"May",1971-05-01,1971-05-31
"ENSO34",1971,5,-0.800645161290323,"May",1971-05-01,1971-05-31
"ENSO4",1971,5,-0.698709677419355,"May",1971-05-01,1971-05-31
"DMI",1971,6,-0.293033333333333,"June",1971-06-01,1971-06-30
"ENSO3",1971,6,-0.718166666666667,"June",1971-06-01,1971-06-30
"ENSO34",1971,6,-0.712333333333333,"June",1971-06-01,1971-06-30
"ENSO4",1971,6,-0.7835,"June",1971-06-01,1971-06-30
"DMI",1971,7,-0.447387096774194,"July",1971-07-01,1971-07-31
"ENSO3",1971,7,-0.711935483870968,"July",1971-07-01,1971-07-31
"ENSO34",1971,7,-0.644838709677419,"July",1971-07-01,1971-07-31
"ENSO4",1971,7,-0.849354838709677,"July",1971-07-01,1971-07-31
"DMI",1971,8,-0.643290322580645,"August",1971-08-01,1971-08-31
"ENSO3",1971,8,-0.785806451612903,"August",1971-08-01,1971-08-31
"ENSO34",1971,8,-0.698387096774194,"August",1971-08-01,1971-08-31
"ENSO4",1971,8,-0.961935483870968,"August",1971-08-01,1971-08-31
"DMI",1971,9,-0.68945,"September",1971-09-01,1971-09-30
"ENSO3",1971,9,-0.914666666666667,"September",1971-09-01,1971-09-30
"ENSO34",1971,9,-0.7645,"September",1971-09-01,1971-09-30
"ENSO4",1971,9,-0.8425,"September",1971-09-01,1971-09-30
"DMI",1971,10,-0.31641935483871,"October",1971-10-01,1971-10-31
"ENSO3",1971,10,-1.08483870967742,"October",1971-10-01,1971-10-31
"ENSO34",1971,10,-0.813870967741935,"October",1971-10-01,1971-10-31
"ENSO4",1971,10,-0.595483870967742,"October",1971-10-01,1971-10-31
"DMI",1971,11,0.1127,"November",1971-11-01,1971-11-30
"ENSO3",1971,11,-1.119,"November",1971-11-01,1971-11-30
"ENSO34",1971,11,-0.869333333333333,"November",1971-11-01,1971-11-30
"ENSO4",1971,11,-0.526833333333333,"November",1971-11-01,1971-11-30
"DMI",1971,12,0.180161290322581,"December",1971-12-01,1971-12-31
"ENSO3",1971,12,-0.869354838709677,"December",1971-12-01,1971-12-31
"ENSO34",1971,12,-0.74,"December",1971-12-01,1971-12-31
"ENSO4",1971,12,-0.440967741935484,"December",1971-12-01,1971-12-31
"DMI",1972,1,-0.0422903225806452,"January",1972-01-01,1972-01-31
"ENSO3",1972,1,-0.440967741935484,"January",1972-01-01,1972-01-31
"ENSO34",1972,1,-0.394193548387097,"January",1972-01-01,1972-01-31
"ENSO4",1972,1,-0.213870967741935,"January",1972-01-01,1972-01-31
"DMI",1972,2,-0.0967586206896552,"February",1972-02-01,1972-02-29
"ENSO3",1972,2,-0.262068965517241,"February",1972-02-01,1972-02-29
"ENSO34",1972,2,-0.23448275862069,"February",1972-02-01,1972-02-29
"ENSO4",1972,2,-0.0203448275862069,"February",1972-02-01,1972-02-29
"DMI",1972,3,0.0793870967741935,"March",1972-03-01,1972-03-31
"ENSO3",1972,3,0.0516129032258065,"March",1972-03-01,1972-03-31
"ENSO34",1972,3,-0.0274193548387097,"March",1972-03-01,1972-03-31
"ENSO4",1972,3,0.154516129032258,"March",1972-03-01,1972-03-31
"DMI",1972,4,0.143566666666667,"April",1972-04-01,1972-04-30
"ENSO3",1972,4,0.402166666666667,"April",1972-04-01,1972-04-30
"ENSO34",1972,4,0.268,"April",1972-04-01,1972-04-30
"ENSO4",1972,4,0.397666666666667,"April",1972-04-01,1972-04-30
"DMI",1972,5,0.438612903225806,"May",1972-05-01,1972-05-31
"ENSO3",1972,5,0.702903225806452,"May",1972-05-01,1972-05-31
"ENSO34",1972,5,0.489677419354839,"May",1972-05-01,1972-05-31
"ENSO4",1972,5,0.411935483870968,"May",1972-05-01,1972-05-31
"DMI",1972,6,0.724016666666667,"June",1972-06-01,1972-06-30
"ENSO3",1972,6,1.12333333333333,"June",1972-06-01,1972-06-30
"ENSO34",1972,6,0.742166666666667,"June",1972-06-01,1972-06-30
"ENSO4",1972,6,0.325833333333333,"June",1972-06-01,1972-06-30
"DMI",1972,7,0.612677419354839,"July",1972-07-01,1972-07-31
"ENSO3",1972,7,1.66387096774194,"July",1972-07-01,1972-07-31
"ENSO34",1972,7,1.05741935483871,"July",1972-07-01,1972-07-31
"ENSO4",1972,7,0.246774193548387,"July",1972-07-01,1972-07-31
"DMI",1972,8,0.439387096774194,"August",1972-08-01,1972-08-31
"ENSO3",1972,8,1.83612903225806,"August",1972-08-01,1972-08-31
"ENSO34",1972,8,1.24677419354839,"August",1972-08-01,1972-08-31
"ENSO4",1972,8,0.209354838709677,"August",1972-08-01,1972-08-31
"DMI",1972,9,0.3456,"September",1972-09-01,1972-09-30
"ENSO3",1972,9,1.77533333333333,"September",1972-09-01,1972-09-30
"ENSO34",1972,9,1.47033333333333,"September",1972-09-01,1972-09-30
"ENSO4",1972,9,0.462,"September",1972-09-01,1972-09-30
"DMI",1972,10,0.493451612903226,"October",1972-10-01,1972-10-31
"ENSO3",1972,10,2.03129032258065,"October",1972-10-01,1972-10-31
"ENSO34",1972,10,1.81838709677419,"October",1972-10-01,1972-10-31
"ENSO4",1972,10,0.661612903225806,"October",1972-10-01,1972-10-31
"DMI",1972,11,0.577233333333333,"November",1972-11-01,1972-11-30
"ENSO3",1972,11,2.29016666666667,"November",1972-11-01,1972-11-30
"ENSO34",1972,11,2.02466666666667,"November",1972-11-01,1972-11-30
"ENSO4",1972,11,0.745333333333333,"November",1972-11-01,1972-11-30
"DMI",1972,12,0.267,"December",1972-12-01,1972-12-31
"ENSO3",1972,12,2.04322580645161,"December",1972-12-01,1972-12-31
"ENSO34",1972,12,1.90451612903226,"December",1972-12-01,1972-12-31
"ENSO4",1972,12,0.870645161290323,"December",1972-12-01,1972-12-31
"DMI",1973,1,-0.0150645161290323,"January",1973-01-01,1973-01-31
"ENSO3",1973,1,1.22806451612903,"January",1973-01-01,1973-01-31
"ENSO34",1973,1,1.34838709677419,"January",1973-01-01,1973-01-31
"ENSO4",1973,1,0.733870967741935,"January",1973-01-01,1973-01-31
"DMI",1973,2,-0.0403571428571429,"February",1973-02-01,1973-02-28
"ENSO3",1973,2,0.568928571428571,"February",1973-02-01,1973-02-28
"ENSO34",1973,2,0.838928571428571,"February",1973-02-01,1973-02-28
"ENSO4",1973,2,0.528035714285714,"February",1973-02-01,1973-02-28
"DMI",1973,3,-0.0571290322580645,"March",1973-03-01,1973-03-31
"ENSO3",1973,3,0.00032258064516128,"March",1973-03-01,1973-03-31
"ENSO34",1973,3,0.265483870967742,"March",1973-03-01,1973-03-31
"ENSO4",1973,3,0.207741935483871,"March",1973-03-01,1973-03-31
"DMI",1973,4,-0.0193666666666667,"April",1973-04-01,1973-04-30
"ENSO3",1973,4,-0.600666666666667,"April",1973-04-01,1973-04-30
"ENSO34",1973,4,-0.306833333333333,"April",1973-04-01,1973-04-30
"ENSO4",1973,4,-0.0593333333333333,"April",1973-04-01,1973-04-30
"DMI",1973,5,-0.065,"May",1973-05-01,1973-05-31
"ENSO3",1973,5,-0.923870967741935,"May",1973-05-01,1973-05-31
"ENSO34",1973,5,-0.705161290322581,"May",1973-05-01,1973-05-31
"ENSO4",1973,5,-0.312258064516129,"May",1973-05-01,1973-05-31
"DMI",1973,6,-0.3555,"June",1973-06-01,1973-06-30
"ENSO3",1973,6,-1.10016666666667,"June",1973-06-01,1973-06-30
"ENSO34",1973,6,-0.995333333333333,"June",1973-06-01,1973-06-30
"ENSO4",1973,6,-0.651833333333333,"June",1973-06-01,1973-06-30
"DMI",1973,7,-0.549193548387097,"July",1973-07-01,1973-07-31
"ENSO3",1973,7,-1.23548387096774,"July",1973-07-01,1973-07-31
"ENSO34",1973,7,-1.17387096774194,"July",1973-07-01,1973-07-31
"ENSO4",1973,7,-0.846774193548387,"July",1973-07-01,1973-07-31
"DMI",1973,8,-0.687322580645161,"August",1973-08-01,1973-08-31
"ENSO3",1973,8,-1.20064516129032,"August",1973-08-01,1973-08-31
"ENSO34",1973,8,-1.30193548387097,"August",1973-08-01,1973-08-31
"ENSO4",1973,8,-1.0758064516129,"August",1973-08-01,1973-08-31
"DMI",1973,9,-0.6164,"September",1973-09-01,1973-09-30
"ENSO3",1973,9,-1.26216666666667,"September",1973-09-01,1973-09-30
"ENSO34",1973,9,-1.487,"September",1973-09-01,1973-09-30
"ENSO4",1973,9,-1.2535,"September",1973-09-01,1973-09-30
"DMI",1973,10,-0.307709677419355,"October",1973-10-01,1973-10-31
"ENSO3",1973,10,-1.46612903225806,"October",1973-10-01,1973-10-31
"ENSO34",1973,10,-1.81709677419355,"October",1973-10-01,1973-10-31
"ENSO4",1973,10,-1.43548387096774,"October",1973-10-01,1973-10-31
"DMI",1973,11,-0.0584,"November",1973-11-01,1973-11-30
"ENSO3",1973,11,-1.59483333333333,"November",1973-11-01,1973-11-30
"ENSO34",1973,11,-2.12316666666667,"November",1973-11-01,1973-11-30
"ENSO4",1973,11,-1.71533333333333,"November",1973-11-01,1973-11-30
"DMI",1973,12,0.155516129032258,"December",1973-12-01,1973-12-31
"ENSO3",1973,12,-1.59064516129032,"December",1973-12-01,1973-12-31
"ENSO34",1973,12,-2.10516129032258,"December",1973-12-01,1973-12-31
"ENSO4",1973,12,-1.79451612903226,"December",1973-12-01,1973-12-31
"DMI",1974,1,0.219483870967742,"January",1974-01-01,1974-01-31
"ENSO3",1974,1,-1.39129032258065,"January",1974-01-01,1974-01-31
"ENSO34",1974,1,-1.76838709677419,"January",1974-01-01,1974-01-31
"ENSO4",1974,1,-1.4441935483871,"January",1974-01-01,1974-01-31
"DMI",1974,2,0.200839285714286,"February",1974-02-01,1974-02-28
"ENSO3",1974,2,-1.06946428571429,"February",1974-02-01,1974-02-28
"ENSO34",1974,2,-1.47107142857143,"February",1974-02-01,1974-02-28
"ENSO4",1974,2,-1.15,"February",1974-02-01,1974-02-28
"DMI",1974,3,0.102870967741935,"March",1974-03-01,1974-03-31
"ENSO3",1974,3,-0.760967741935484,"March",1974-03-01,1974-03-31
"ENSO34",1974,3,-1.22709677419355,"March",1974-03-01,1974-03-31
"ENSO4",1974,3,-1.04838709677419,"March",1974-03-01,1974-03-31
"DMI",1974,4,-0.1429,"April",1974-04-01,1974-04-30
"ENSO3",1974,4,-0.473333333333333,"April",1974-04-01,1974-04-30
"ENSO34",1974,4,-0.8985,"April",1974-04-01,1974-04-30
"ENSO4",1974,4,-0.853,"April",1974-04-01,1974-04-30
"DMI",1974,5,-0.13641935483871,"May",1974-05-01,1974-05-31
"ENSO3",1974,5,-0.29741935483871,"May",1974-05-01,1974-05-31
"ENSO34",1974,5,-0.746451612903226,"May",1974-05-01,1974-05-31
"ENSO4",1974,5,-0.784193548387097,"May",1974-05-01,1974-05-31
"DMI",1974,6,-0.1343,"June",1974-06-01,1974-06-30
"ENSO3",1974,6,-0.22,"June",1974-06-01,1974-06-30
"ENSO34",1974,6,-0.675833333333333,"June",1974-06-01,1974-06-30
"ENSO4",1974,6,-0.8535,"June",1974-06-01,1974-06-30
"DMI",1974,7,-0.369,"July",1974-07-01,1974-07-31
"ENSO3",1974,7,-0.0941935483870968,"July",1974-07-01,1974-07-31
"ENSO34",1974,7,-0.490322580645161,"July",1974-07-01,1974-07-31
"ENSO4",1974,7,-0.817741935483871,"July",1974-07-01,1974-07-31
"DMI",1974,8,-0.576354838709677,"August",1974-08-01,1974-08-31
"ENSO3",1974,8,-0.0906451612903226,"August",1974-08-01,1974-08-31
"ENSO34",1974,8,-0.334516129032258,"August",1974-08-01,1974-08-31
"ENSO4",1974,8,-0.80741935483871,"August",1974-08-01,1974-08-31
"DMI",1974,9,-0.749933333333333,"September",1974-09-01,1974-09-30
"ENSO3",1974,9,-0.423333333333333,"September",1974-09-01,1974-09-30
"ENSO34",1974,9,-0.543333333333333,"September",1974-09-01,1974-09-30
"ENSO4",1974,9,-0.923833333333333,"September",1974-09-01,1974-09-30
"DMI",1974,10,-0.702741935483871,"October",1974-10-01,1974-10-31
"ENSO3",1974,10,-0.688064516129032,"October",1974-10-01,1974-10-31
"ENSO34",1974,10,-0.851612903225806,"October",1974-10-01,1974-10-31
"ENSO4",1974,10,-0.989032258064516,"October",1974-10-01,1974-10-31
"DMI",1974,11,-0.458683333333333,"November",1974-11-01,1974-11-30
"ENSO3",1974,11,-0.745166666666667,"November",1974-11-01,1974-11-30
"ENSO34",1974,11,-0.911666666666667,"November",1974-11-01,1974-11-30
"ENSO4",1974,11,-0.962,"November",1974-11-01,1974-11-30
"DMI",1974,12,-0.342005376344086,"December",1974-12-01,1974-12-31
"ENSO3",1974,12,-0.63705376344086,"December",1974-12-01,1974-12-31
"ENSO34",1974,12,-0.684924731182796,"December",1974-12-01,1974-12-31
"ENSO4",1974,12,-0.840172043010753,"December",1974-12-01,1974-12-31
"DMI",1975,1,-0.309903225806452,"January",1975-01-01,1975-01-31
"ENSO3",1975,1,-0.469032258064516,"January",1975-01-01,1975-01-31
"ENSO34",1975,1,-0.350645161290323,"January",1975-01-01,1975-01-31
"ENSO4",1975,1,-0.530645161290323,"January",1975-01-01,1975-01-31
"DMI",1975,2,-0.352660714285714,"February",1975-02-01,1975-02-28
"ENSO3",1975,2,-0.471071428571429,"February",1975-02-01,1975-02-28
"ENSO34",1975,2,-0.455357142857143,"February",1975-02-01,1975-02-28
"ENSO4",1975,2,-0.470535714285714,"February",1975-02-01,1975-02-28
"DMI",1975,3,-0.197387096774194,"March",1975-03-01,1975-03-31
"ENSO3",1975,3,-0.357741935483871,"March",1975-03-01,1975-03-31
"ENSO34",1975,3,-0.59,"March",1975-03-01,1975-03-31
"ENSO4",1975,3,-0.658064516129032,"March",1975-03-01,1975-03-31
"DMI",1975,4,0.07685,"April",1975-04-01,1975-04-30
"ENSO3",1975,4,-0.589,"April",1975-04-01,1975-04-30
"ENSO34",1975,4,-0.788166666666667,"April",1975-04-01,1975-04-30
"ENSO4",1975,4,-0.797333333333333,"April",1975-04-01,1975-04-30
"DMI",1975,5,0.0606774193548387,"May",1975-05-01,1975-05-31
"ENSO3",1975,5,-1.01225806451613,"May",1975-05-01,1975-05-31
"ENSO34",1975,5,-1.12096774193548,"May",1975-05-01,1975-05-31
"ENSO4",1975,5,-0.947741935483871,"May",1975-05-01,1975-05-31
"DMI",1975,6,0.00956666666666667,"June",1975-06-01,1975-06-30
"ENSO3",1975,6,-0.993666666666667,"June",1975-06-01,1975-06-30
"ENSO34",1975,6,-1.24516666666667,"June",1975-06-01,1975-06-30
"ENSO4",1975,6,-1.20366666666667,"June",1975-06-01,1975-06-30
"DMI",1975,7,-0.18658064516129,"July",1975-07-01,1975-07-31
"ENSO3",1975,7,-0.759032258064516,"July",1975-07-01,1975-07-31
"ENSO34",1975,7,-1.20129032258065,"July",1975-07-01,1975-07-31
"ENSO4",1975,7,-1.50645161290323,"July",1975-07-01,1975-07-31
"DMI",1975,8,-0.592225806451613,"August",1975-08-01,1975-08-31
"ENSO3",1975,8,-0.838064516129032,"August",1975-08-01,1975-08-31
"ENSO34",1975,8,-1.29548387096774,"August",1975-08-01,1975-08-31
"ENSO4",1975,8,-1.76516129032258,"August",1975-08-01,1975-08-31
"DMI",1975,9,-0.953183333333333,"September",1975-09-01,1975-09-30
"ENSO3",1975,9,-1.13733333333333,"September",1975-09-01,1975-09-30
"ENSO34",1975,9,-1.4545,"September",1975-09-01,1975-09-30
"ENSO4",1975,9,-1.92483333333333,"September",1975-09-01,1975-09-30
"DMI",1975,10,-0.703741935483871,"October",1975-10-01,1975-10-31
"ENSO3",1975,10,-1.22,"October",1975-10-01,1975-10-31
"ENSO34",1975,10,-1.46516129032258,"October",1975-10-01,1975-10-31
"ENSO4",1975,10,-1.9058064516129,"October",1975-10-01,1975-10-31
"DMI",1975,11,-0.251633333333333,"November",1975-11-01,1975-11-30
"ENSO3",1975,11,-1.37466666666667,"November",1975-11-01,1975-11-30
"ENSO34",1975,11,-1.547,"November",1975-11-01,1975-11-30
"ENSO4",1975,11,-1.88,"November",1975-11-01,1975-11-30
"DMI",1975,12,-0.111981720430108,"December",1975-12-01,1975-12-31
"ENSO3",1975,12,-1.51234408602151,"December",1975-12-01,1975-12-31
"ENSO34",1975,12,-1.62194623655914,"December",1975-12-01,1975-12-31
"ENSO4",1975,12,-1.61501075268817,"December",1975-12-01,1975-12-31
"DMI",1976,1,0.0369902248289345,"January",1976-01-01,1976-01-31
"ENSO3",1976,1,-1.20639296187683,"January",1976-01-01,1976-01-31
"ENSO34",1976,1,-1.29937438905181,"January",1976-01-01,1976-01-31
"ENSO4",1976,1,-1.12692082111437,"January",1976-01-01,1976-01-31
"DMI",1976,2,0.0494827586206897,"February",1976-02-01,1976-02-29
"ENSO3",1976,2,-0.802758620689655,"February",1976-02-01,1976-02-29
"ENSO34",1976,2,-0.871379310344828,"February",1976-02-01,1976-02-29
"ENSO4",1976,2,-0.786551724137931,"February",1976-02-01,1976-02-29
"DMI",1976,3,0.0693548387096774,"March",1976-03-01,1976-03-31
"ENSO3",1976,3,-0.405483870967742,"March",1976-03-01,1976-03-31
"ENSO34",1976,3,-0.554193548387097,"March",1976-03-01,1976-03-31
"ENSO4",1976,3,-0.551290322580645,"March",1976-03-01,1976-03-31
"DMI",1976,4,0.0611,"April",1976-04-01,1976-04-30
"ENSO3",1976,4,-0.152666666666667,"April",1976-04-01,1976-04-30
"ENSO34",1976,4,-0.453833333333333,"April",1976-04-01,1976-04-30
"ENSO4",1976,4,-0.514833333333333,"April",1976-04-01,1976-04-30
"DMI",1976,5,0.176483870967742,"May",1976-05-01,1976-05-31
"ENSO3",1976,5,0.259032258064516,"May",1976-05-01,1976-05-31
"ENSO34",1976,5,-0.252903225806452,"May",1976-05-01,1976-05-31
"ENSO4",1976,5,-0.490967741935484,"May",1976-05-01,1976-05-31
"DMI",1976,6,0.47775,"June",1976-06-01,1976-06-30
"ENSO3",1976,6,0.726,"June",1976-06-01,1976-06-30
"ENSO34",1976,6,0.0725,"June",1976-06-01,1976-06-30
"ENSO4",1976,6,-0.4745,"June",1976-06-01,1976-06-30
"DMI",1976,7,0.358354838709677,"July",1976-07-01,1976-07-31
"ENSO3",1976,7,0.908064516129032,"July",1976-07-01,1976-07-31
"ENSO34",1976,7,0.22741935483871,"July",1976-07-01,1976-07-31
"ENSO4",1976,7,-0.470645161290323,"July",1976-07-01,1976-07-31
"DMI",1976,8,-0.0454193548387097,"August",1976-08-01,1976-08-31
"ENSO3",1976,8,0.955483870967742,"August",1976-08-01,1976-08-31
"ENSO34",1976,8,0.435806451612903,"August",1976-08-01,1976-08-31
"ENSO4",1976,8,-0.256451612903226,"August",1976-08-01,1976-08-31
"DMI",1976,9,-0.219116666666667,"September",1976-09-01,1976-09-30
"ENSO3",1976,9,1.01733333333333,"September",1976-09-01,1976-09-30
"ENSO34",1976,9,0.710166666666667,"September",1976-09-01,1976-09-30
"ENSO4",1976,9,0.0466666666666667,"September",1976-09-01,1976-09-30
"DMI",1976,10,-0.206806451612903,"October",1976-10-01,1976-10-31
"ENSO3",1976,10,1.0758064516129,"October",1976-10-01,1976-10-31
"ENSO34",1976,10,0.869677419354839,"October",1976-10-01,1976-10-31
"ENSO4",1976,10,0.22741935483871,"October",1976-10-01,1976-10-31
"DMI",1976,11,-0.0799833333333333,"November",1976-11-01,1976-11-30
"ENSO3",1976,11,0.909833333333333,"November",1976-11-01,1976-11-30
"ENSO34",1976,11,0.764,"November",1976-11-01,1976-11-30
"ENSO4",1976,11,0.184333333333333,"November",1976-11-01,1976-11-30
"DMI",1976,12,0.0112979127134725,"December",1976-12-01,1976-12-31
"ENSO3",1976,12,0.63180265654649,"December",1976-12-01,1976-12-31
"ENSO34",1976,12,0.513851992409867,"December",1976-12-01,1976-12-31
"ENSO4",1976,12,-0.0867362428842505,"December",1976-12-01,1976-12-31
"DMI",1977,1,-0.152955913978495,"January",1977-01-01,1977-01-31
"ENSO3",1977,1,0.763365591397849,"January",1977-01-01,1977-01-31
"ENSO34",1977,1,0.691311827956989,"January",1977-01-01,1977-01-31
"ENSO4",1977,1,0.0796129032258065,"January",1977-01-01,1977-01-31
"DMI",1977,2,-0.0512678571428572,"February",1977-02-01,1977-02-28
"ENSO3",1977,2,0.50875,"February",1977-02-01,1977-02-28
"ENSO34",1977,2,0.477678571428571,"February",1977-02-01,1977-02-28
"ENSO4",1977,2,0.0610714285714286,"February",1977-02-01,1977-02-28
"DMI",1977,3,0.0757741935483871,"March",1977-03-01,1977-03-31
"ENSO3",1977,3,-0.0403225806451613,"March",1977-03-01,1977-03-31
"ENSO34",1977,3,0.085483870967742,"March",1977-03-01,1977-03-31
"ENSO4",1977,3,-0.0474193548387097,"March",1977-03-01,1977-03-31
"DMI",1977,4,-0.1798,"April",1977-04-01,1977-04-30
"ENSO3",1977,4,-0.369833333333333,"April",1977-04-01,1977-04-30
"ENSO34",1977,4,-0.143666666666667,"April",1977-04-01,1977-04-30
"ENSO4",1977,4,-0.120333333333333,"April",1977-04-01,1977-04-30
"DMI",1977,5,-0.221967741935484,"May",1977-05-01,1977-05-31
"ENSO3",1977,5,-0.0361290322580645,"May",1977-05-01,1977-05-31
"ENSO34",1977,5,0.158709677419355,"May",1977-05-01,1977-05-31
"ENSO4",1977,5,0.00129032258064515,"May",1977-05-01,1977-05-31
"DMI",1977,6,-0.131733333333333,"June",1977-06-01,1977-06-30
"ENSO3",1977,6,0.155166666666667,"June",1977-06-01,1977-06-30
"ENSO34",1977,6,0.4035,"June",1977-06-01,1977-06-30
"ENSO4",1977,6,0.236,"June",1977-06-01,1977-06-30
"DMI",1977,7,-0.214064516129032,"July",1977-07-01,1977-07-31
"ENSO3",1977,7,-0.0241935483870968,"July",1977-07-01,1977-07-31
"ENSO34",1977,7,0.353225806451613,"July",1977-07-01,1977-07-31
"ENSO4",1977,7,0.374516129032258,"July",1977-07-01,1977-07-31
"DMI",1977,8,-0.259516129032258,"August",1977-08-01,1977-08-31
"ENSO3",1977,8,-0.103548387096774,"August",1977-08-01,1977-08-31
"ENSO34",1977,8,0.341935483870968,"August",1977-08-01,1977-08-31
"ENSO4",1977,8,0.438387096774194,"August",1977-08-01,1977-08-31
"DMI",1977,9,-0.0154,"September",1977-09-01,1977-09-30
"ENSO3",1977,9,0.271,"September",1977-09-01,1977-09-30
"ENSO34",1977,9,0.6575,"September",1977-09-01,1977-09-30
"ENSO4",1977,9,0.485166666666667,"September",1977-09-01,1977-09-30
"DMI",1977,10,0.065,"October",1977-10-01,1977-10-31
"ENSO3",1977,10,0.564516129032258,"October",1977-10-01,1977-10-31
"ENSO34",1977,10,0.957741935483871,"October",1977-10-01,1977-10-31
"ENSO4",1977,10,0.547741935483871,"October",1977-10-01,1977-10-31
"DMI",1977,11,-0.0752833333333333,"November",1977-11-01,1977-11-30
"ENSO3",1977,11,0.555833333333333,"November",1977-11-01,1977-11-30
"ENSO34",1977,11,1.059,"November",1977-11-01,1977-11-30
"ENSO4",1977,11,0.673166666666667,"November",1977-11-01,1977-11-30
"DMI",1977,12,-0.32,"December",1977-12-01,1977-12-31
"ENSO3",1977,12,0.486451612903226,"December",1977-12-01,1977-12-31
"ENSO34",1977,12,0.910967741935484,"December",1977-12-01,1977-12-31
"ENSO4",1977,12,0.609032258064516,"December",1977-12-01,1977-12-31
"DMI",1978,1,-0.585,"January",1978-01-01,1978-01-31
"ENSO3",1978,1,0.335,"January",1978-01-01,1978-01-31
"ENSO34",1978,1,0.615,"January",1978-01-01,1978-01-31
"ENSO4",1978,1,0.43,"January",1978-01-01,1978-01-31
"DMI",1978,2,-0.555071428571429,"February",1978-02-01,1978-02-28
"ENSO3",1978,2,0.0516071428571429,"February",1978-02-01,1978-02-28
"ENSO34",1978,2,0.293035714285714,"February",1978-02-01,1978-02-28
"ENSO4",1978,2,0.21125,"February",1978-02-01,1978-02-28
"DMI",1978,3,-0.403935483870968,"March",1978-03-01,1978-03-31
"ENSO3",1978,3,-0.420645161290323,"March",1978-03-01,1978-03-31
"ENSO34",1978,3,-0.148064516129032,"March",1978-03-01,1978-03-31
"ENSO4",1978,3,-0.0232258064516129,"March",1978-03-01,1978-03-31
"DMI",1978,4,-0.368183333333333,"April",1978-04-01,1978-04-30
"ENSO3",1978,4,-0.7635,"April",1978-04-01,1978-04-30
"ENSO34",1978,4,-0.428,"April",1978-04-01,1978-04-30
"ENSO4",1978,4,-0.0703333333333333,"April",1978-04-01,1978-04-30
"DMI",1978,5,-0.359290322580645,"May",1978-05-01,1978-05-31
"ENSO3",1978,5,-0.756774193548387,"May",1978-05-01,1978-05-31
"ENSO34",1978,5,-0.470645161290323,"May",1978-05-01,1978-05-31
"ENSO4",1978,5,-0.190645161290323,"May",1978-05-01,1978-05-31
"DMI",1978,6,-0.141616666666667,"June",1978-06-01,1978-06-30
"ENSO3",1978,6,-0.709666666666667,"June",1978-06-01,1978-06-30
"ENSO34",1978,6,-0.4645,"June",1978-06-01,1978-06-30
"ENSO4",1978,6,-0.291333333333333,"June",1978-06-01,1978-06-30
"DMI",1978,7,-0.163612903225806,"July",1978-07-01,1978-07-31
"ENSO3",1978,7,-0.72,"July",1978-07-01,1978-07-31
"ENSO34",1978,7,-0.547741935483871,"July",1978-07-01,1978-07-31
"ENSO4",1978,7,-0.308064516129032,"July",1978-07-01,1978-07-31
"DMI",1978,8,-0.241903225806452,"August",1978-08-01,1978-08-31
"ENSO3",1978,8,-0.599032258064516,"August",1978-08-01,1978-08-31
"ENSO34",1978,8,-0.610322580645161,"August",1978-08-01,1978-08-31
"ENSO4",1978,8,-0.408709677419355,"August",1978-08-01,1978-08-31
"DMI",1978,9,-0.377483333333333,"September",1978-09-01,1978-09-30
"ENSO3",1978,9,-0.3105,"September",1978-09-01,1978-09-30
"ENSO34",1978,9,-0.474333333333333,"September",1978-09-01,1978-09-30
"ENSO4",1978,9,-0.382333333333333,"September",1978-09-01,1978-09-30
"DMI",1978,10,-0.480709677419355,"October",1978-10-01,1978-10-31
"ENSO3",1978,10,-0.0819354838709677,"October",1978-10-01,1978-10-31
"ENSO34",1978,10,-0.248064516129032,"October",1978-10-01,1978-10-31
"ENSO4",1978,10,-0.23741935483871,"October",1978-10-01,1978-10-31
"DMI",1978,11,-0.3623,"November",1978-11-01,1978-11-30
"ENSO3",1978,11,0.115333333333333,"November",1978-11-01,1978-11-30
"ENSO34",1978,11,-0.0436666666666667,"November",1978-11-01,1978-11-30
"ENSO4",1978,11,-0.131,"November",1978-11-01,1978-11-30
"DMI",1978,12,0.0191935483870968,"December",1978-12-01,1978-12-31
"ENSO3",1978,12,0.0906451612903226,"December",1978-12-01,1978-12-31
"ENSO34",1978,12,0.0603225806451613,"December",1978-12-01,1978-12-31
"ENSO4",1978,12,0.035483870967742,"December",1978-12-01,1978-12-31
"DMI",1979,1,0.0871612903225807,"January",1979-01-01,1979-01-31
"ENSO3",1979,1,-0.143225806451613,"January",1979-01-01,1979-01-31
"ENSO34",1979,1,0.0693548387096774,"January",1979-01-01,1979-01-31
"ENSO4",1979,1,0.238064516129032,"January",1979-01-01,1979-01-31
"DMI",1979,2,-0.0982142857142857,"February",1979-02-01,1979-02-28
"ENSO3",1979,2,-0.142142857142857,"February",1979-02-01,1979-02-28
"ENSO34",1979,2,0.109285714285714,"February",1979-02-01,1979-02-28
"ENSO4",1979,2,0.261428571428571,"February",1979-02-01,1979-02-28
"DMI",1979,3,-0.117709677419355,"March",1979-03-01,1979-03-31
"ENSO3",1979,3,0.0748387096774194,"March",1979-03-01,1979-03-31
"ENSO34",1979,3,0.149354838709677,"March",1979-03-01,1979-03-31
"ENSO4",1979,3,0.14741935483871,"March",1979-03-01,1979-03-31
"DMI",1979,4,-0.32155,"April",1979-04-01,1979-04-30
"ENSO3",1979,4,0.162666666666667,"April",1979-04-01,1979-04-30
"ENSO34",1979,4,0.0443333333333333,"April",1979-04-01,1979-04-30
"ENSO4",1979,4,-0.0266666666666667,"April",1979-04-01,1979-04-30
"DMI",1979,5,-0.176903225806452,"May",1979-05-01,1979-05-31
"ENSO3",1979,5,0.186451612903226,"May",1979-05-01,1979-05-31
"ENSO34",1979,5,-0.0270967741935484,"May",1979-05-01,1979-05-31
"ENSO4",1979,5,-0.139677419354839,"May",1979-05-01,1979-05-31
"DMI",1979,6,-0.09645,"June",1979-06-01,1979-06-30
"ENSO3",1979,6,0.135666666666667,"June",1979-06-01,1979-06-30
"ENSO34",1979,6,-0.076,"June",1979-06-01,1979-06-30
"ENSO4",1979,6,-0.1065,"June",1979-06-01,1979-06-30
"DMI",1979,7,-0.271935483870968,"July",1979-07-01,1979-07-31
"ENSO3",1979,7,0.206774193548387,"July",1979-07-01,1979-07-31
"ENSO34",1979,7,-0.00161290322580645,"July",1979-07-01,1979-07-31
"ENSO4",1979,7,-0.0938709677419355,"July",1979-07-01,1979-07-31
"DMI",1979,8,-0.252129032258065,"August",1979-08-01,1979-08-31
"ENSO3",1979,8,0.634516129032258,"August",1979-08-01,1979-08-31
"ENSO34",1979,8,0.340645161290323,"August",1979-08-01,1979-08-31
"ENSO4",1979,8,-0.139677419354839,"August",1979-08-01,1979-08-31
"DMI",1979,9,-0.296433333333333,"September",1979-09-01,1979-09-30
"ENSO3",1979,9,0.694,"September",1979-09-01,1979-09-30
"ENSO34",1979,9,0.402666666666667,"September",1979-09-01,1979-09-30
"ENSO4",1979,9,-0.0678333333333333,"September",1979-09-01,1979-09-30
"DMI",1979,10,-0.283516129032258,"October",1979-10-01,1979-10-31
"ENSO3",1979,10,0.545806451612903,"October",1979-10-01,1979-10-31
"ENSO34",1979,10,0.334516129032258,"October",1979-10-01,1979-10-31
"ENSO4",1979,10,0.0393548387096774,"October",1979-10-01,1979-10-31
"DMI",1979,11,-0.1785,"November",1979-11-01,1979-11-30
"ENSO3",1979,11,0.549,"November",1979-11-01,1979-11-30
"ENSO34",1979,11,0.514333333333333,"November",1979-11-01,1979-11-30
"ENSO4",1979,11,0.272666666666667,"November",1979-11-01,1979-11-30
"DMI",1979,12,-0.127661290322581,"December",1979-12-01,1979-12-31
"ENSO3",1979,12,0.505161290322581,"December",1979-12-01,1979-12-31
"ENSO34",1979,12,0.624516129032258,"December",1979-12-01,1979-12-31
"ENSO4",1979,12,0.471935483870968,"December",1979-12-01,1979-12-31
"DMI",1980,1,-0.178322580645161,"January",1980-01-01,1980-01-31
"ENSO3",1980,1,0.226451612903226,"January",1980-01-01,1980-01-31
"ENSO34",1980,1,0.443548387096774,"January",1980-01-01,1980-01-31
"ENSO4",1980,1,0.51741935483871,"January",1980-01-01,1980-01-31
"DMI",1980,2,-0.304758620689655,"February",1980-02-01,1980-02-29
"ENSO3",1980,2,-0.0524137931034483,"February",1980-02-01,1980-02-29
"ENSO34",1980,2,0.214137931034483,"February",1980-02-01,1980-02-29
"ENSO4",1980,2,0.503448275862069,"February",1980-02-01,1980-02-29
"DMI",1980,3,-0.261193548387097,"March",1980-03-01,1980-03-31
"ENSO3",1980,3,-0.047741935483871,"March",1980-03-01,1980-03-31
"ENSO34",1980,3,0.143225806451613,"March",1980-03-01,1980-03-31
"ENSO4",1980,3,0.351612903225806,"March",1980-03-01,1980-03-31
"DMI",1980,4,-0.0809833333333333,"April",1980-04-01,1980-04-30
"ENSO3",1980,4,0.0545,"April",1980-04-01,1980-04-30
"ENSO34",1980,4,0.166166666666667,"April",1980-04-01,1980-04-30
"ENSO4",1980,4,0.324166666666667,"April",1980-04-01,1980-04-30
"DMI",1980,5,-0.218903225806452,"May",1980-05-01,1980-05-31
"ENSO3",1980,5,0.205483870967742,"May",1980-05-01,1980-05-31
"ENSO34",1980,5,0.246129032258065,"May",1980-05-01,1980-05-31
"ENSO4",1980,5,0.296774193548387,"May",1980-05-01,1980-05-31
"DMI",1980,6,-0.51685,"June",1980-06-01,1980-06-30
"ENSO3",1980,6,0.1325,"June",1980-06-01,1980-06-30
"ENSO34",1980,6,0.200833333333333,"June",1980-06-01,1980-06-30
"ENSO4",1980,6,0.206166666666667,"June",1980-06-01,1980-06-30
"DMI",1980,7,-0.738903225806452,"July",1980-07-01,1980-07-31
"ENSO3",1980,7,-0.138709677419355,"July",1980-07-01,1980-07-31
"ENSO34",1980,7,-0.100967741935484,"July",1980-07-01,1980-07-31
"ENSO4",1980,7,0.0441935483870968,"July",1980-07-01,1980-07-31
"DMI",1980,8,-0.784741935483871,"August",1980-08-01,1980-08-31
"ENSO3",1980,8,-0.112258064516129,"August",1980-08-01,1980-08-31
"ENSO34",1980,8,-0.176774193548387,"August",1980-08-01,1980-08-31
"ENSO4",1980,8,-0.0948387096774193,"August",1980-08-01,1980-08-31
"DMI",1980,9,-0.702466666666667,"September",1980-09-01,1980-09-30
"ENSO3",1980,9,-0.146333333333333,"September",1980-09-01,1980-09-30
"ENSO34",1980,9,-0.115166666666667,"September",1980-09-01,1980-09-30
"ENSO4",1980,9,-0.00333333333333333,"September",1980-09-01,1980-09-30
"DMI",1980,10,-0.540870967741935,"October",1980-10-01,1980-10-31
"ENSO3",1980,10,-0.129354838709677,"October",1980-10-01,1980-10-31
"ENSO34",1980,10,-0.00838709677419353,"October",1980-10-01,1980-10-31
"ENSO4",1980,10,0.182258064516129,"October",1980-10-01,1980-10-31
"DMI",1980,11,-0.4489,"November",1980-11-01,1980-11-30
"ENSO3",1980,11,0.101833333333333,"November",1980-11-01,1980-11-30
"ENSO34",1980,11,0.225666666666667,"November",1980-11-01,1980-11-30
"ENSO4",1980,11,0.202333333333333,"November",1980-11-01,1980-11-30
"DMI",1980,12,-0.353157953281424,"December",1980-12-01,1980-12-31
"ENSO3",1980,12,-0.187474972191324,"December",1980-12-01,1980-12-31
"ENSO34",1980,12,0.0261290322580645,"December",1980-12-01,1980-12-31
"ENSO4",1980,12,0.0398442714126808,"December",1980-12-01,1980-12-31
"DMI",1981,1,-0.0924079696394687,"January",1981-01-01,1981-01-31
"ENSO3",1981,1,-0.617893738140417,"January",1981-01-01,1981-01-31
"ENSO34",1981,1,-0.414079696394687,"January",1981-01-01,1981-01-31
"ENSO4",1981,1,-0.0762713472485769,"January",1981-01-01,1981-01-31
"DMI",1981,2,0.000589285714285715,"February",1981-02-01,1981-02-28
"ENSO3",1981,2,-0.452321428571429,"February",1981-02-01,1981-02-28
"ENSO34",1981,2,-0.242678571428571,"February",1981-02-01,1981-02-28
"ENSO4",1981,2,0.07125,"February",1981-02-01,1981-02-28
"DMI",1981,3,0.0584516129032258,"March",1981-03-01,1981-03-31
"ENSO3",1981,3,-0.283548387096774,"March",1981-03-01,1981-03-31
"ENSO34",1981,3,-0.0925806451612903,"March",1981-03-01,1981-03-31
"ENSO4",1981,3,0.0541935483870968,"March",1981-03-01,1981-03-31
"DMI",1981,4,0.0388333333333333,"April",1981-04-01,1981-04-30
"ENSO3",1981,4,-0.272,"April",1981-04-01,1981-04-30
"ENSO34",1981,4,-0.141,"April",1981-04-01,1981-04-30
"ENSO4",1981,4,-0.0655,"April",1981-04-01,1981-04-30
"DMI",1981,5,-0.12541935483871,"May",1981-05-01,1981-05-31
"ENSO3",1981,5,-0.122903225806452,"May",1981-05-01,1981-05-31
"ENSO34",1981,5,-0.129354838709677,"May",1981-05-01,1981-05-31
"ENSO4",1981,5,-0.161290322580645,"May",1981-05-01,1981-05-31
"DMI",1981,6,-0.394666666666667,"June",1981-06-01,1981-06-30
"ENSO3",1981,6,-0.179833333333333,"June",1981-06-01,1981-06-30
"ENSO34",1981,6,-0.285333333333333,"June",1981-06-01,1981-06-30
"ENSO4",1981,6,-0.347666666666667,"June",1981-06-01,1981-06-30
"DMI",1981,7,-0.592903225806452,"July",1981-07-01,1981-07-31
"ENSO3",1981,7,-0.330322580645161,"July",1981-07-01,1981-07-31
"ENSO34",1981,7,-0.309032258064516,"July",1981-07-01,1981-07-31
"ENSO4",1981,7,-0.366774193548387,"July",1981-07-01,1981-07-31
"DMI",1981,8,-0.69041935483871,"August",1981-08-01,1981-08-31
"ENSO3",1981,8,-0.145806451612903,"August",1981-08-01,1981-08-31
"ENSO34",1981,8,-0.126774193548387,"August",1981-08-01,1981-08-31
"ENSO4",1981,8,-0.242258064516129,"August",1981-08-01,1981-08-31
"DMI",1981,9,-0.684016666666667,"September",1981-09-01,1981-09-30
"ENSO3",1981,9,0.0738333333333333,"September",1981-09-01,1981-09-30
"ENSO34",1981,9,-0.0506666666666667,"September",1981-09-01,1981-09-30
"ENSO4",1981,9,-0.150666666666667,"September",1981-09-01,1981-09-30
"DMI",1981,10,-0.471483870967742,"October",1981-10-01,1981-10-31
"ENSO3",1981,10,0.00838709677419353,"October",1981-10-01,1981-10-31
"ENSO34",1981,10,-0.146129032258065,"October",1981-10-01,1981-10-31
"ENSO4",1981,10,-0.120322580645161,"October",1981-10-01,1981-10-31
"DMI",1981,11,-0.17865,"November",1981-11-01,1981-11-30
"ENSO3",1981,11,0.0885,"November",1981-11-01,1981-11-30
"ENSO34",1981,11,-0.105666666666667,"November",1981-11-01,1981-11-30
"ENSO4",1981,11,-0.00849999999999999,"November",1981-11-01,1981-11-30
"DMI",1981,12,0.0352476280834914,"December",1981-12-01,1981-12-31
"ENSO3",1981,12,0.164762808349146,"December",1981-12-01,1981-12-31
"ENSO34",1981,12,-0.0198007590132827,"December",1981-12-01,1981-12-31
"ENSO4",1981,12,-0.0186337760910816,"December",1981-12-01,1981-12-31
"DMI",1982,1,0.113082795698925,"January",1982-01-01,1982-01-31
"ENSO3",1982,1,0.285118279569892,"January",1982-01-01,1982-01-31
"ENSO34",1982,1,0.079731182795699,"January",1982-01-01,1982-01-31
"ENSO4",1982,1,-0.0359247311827957,"January",1982-01-01,1982-01-31
"DMI",1982,2,0.112,"February",1982-02-01,1982-02-28
"ENSO3",1982,2,-0.0478571428571429,"February",1982-02-01,1982-02-28
"ENSO34",1982,2,-0.0769642857142857,"February",1982-02-01,1982-02-28
"ENSO4",1982,2,0.0557142857142857,"February",1982-02-01,1982-02-28
"DMI",1982,3,0.0854516129032258,"March",1982-03-01,1982-03-31
"ENSO3",1982,3,0.04,"March",1982-03-01,1982-03-31
"ENSO34",1982,3,0.105806451612903,"March",1982-03-01,1982-03-31
"ENSO4",1982,3,0.271935483870968,"March",1982-03-01,1982-03-31
"DMI",1982,4,0.169266666666667,"April",1982-04-01,1982-04-30
"ENSO3",1982,4,0.407833333333333,"April",1982-04-01,1982-04-30
"ENSO34",1982,4,0.438166666666667,"April",1982-04-01,1982-04-30
"ENSO4",1982,4,0.4425,"April",1982-04-01,1982-04-30
"DMI",1982,5,0.238483870967742,"May",1982-05-01,1982-05-31
"ENSO3",1982,5,0.755806451612903,"May",1982-05-01,1982-05-31
"ENSO34",1982,5,0.780645161290323,"May",1982-05-01,1982-05-31
"ENSO4",1982,5,0.568387096774194,"May",1982-05-01,1982-05-31
"DMI",1982,6,0.259833333333333,"June",1982-06-01,1982-06-30
"ENSO3",1982,6,0.7595,"June",1982-06-01,1982-06-30
"ENSO34",1982,6,0.784666666666667,"June",1982-06-01,1982-06-30
"ENSO4",1982,6,0.426666666666667,"June",1982-06-01,1982-06-30
"DMI",1982,7,0.260645161290323,"July",1982-07-01,1982-07-31
"ENSO3",1982,7,0.861935483870968,"July",1982-07-01,1982-07-31
"ENSO34",1982,7,0.780322580645161,"July",1982-07-01,1982-07-31
"ENSO4",1982,7,0.239354838709677,"July",1982-07-01,1982-07-31
"DMI",1982,8,0.346,"August",1982-08-01,1982-08-31
"ENSO3",1982,8,1.45387096774194,"August",1982-08-01,1982-08-31
"ENSO34",1982,8,1.15258064516129,"August",1982-08-01,1982-08-31
"ENSO4",1982,8,0.318064516129032,"August",1982-08-01,1982-08-31
"DMI",1982,9,0.529483333333333,"September",1982-09-01,1982-09-30
"ENSO3",1982,9,2.06616666666667,"September",1982-09-01,1982-09-30
"ENSO34",1982,9,1.68483333333333,"September",1982-09-01,1982-09-30
"ENSO4",1982,9,0.607166666666667,"September",1982-09-01,1982-09-30
"DMI",1982,10,0.458967741935484,"October",1982-10-01,1982-10-31
"ENSO3",1982,10,2.50935483870968,"October",1982-10-01,1982-10-31
"ENSO34",1982,10,2.03387096774194,"October",1982-10-01,1982-10-31
"ENSO4",1982,10,0.738709677419355,"October",1982-10-01,1982-10-31
"DMI",1982,11,0.0684333333333333,"November",1982-11-01,1982-11-30
"ENSO3",1982,11,2.87366666666667,"November",1982-11-01,1982-11-30
"ENSO34",1982,11,2.19566666666667,"November",1982-11-01,1982-11-30
"ENSO4",1982,11,0.639333333333333,"November",1982-11-01,1982-11-30
"DMI",1982,12,-0.316838709677419,"December",1982-12-01,1982-12-31
"ENSO3",1982,12,2.98774193548387,"December",1982-12-01,1982-12-31
"ENSO34",1982,12,2.37838709677419,"December",1982-12-01,1982-12-31
"ENSO4",1982,12,0.708387096774194,"December",1982-12-01,1982-12-31
"DMI",1983,1,-0.52575376344086,"January",1983-01-01,1983-01-31
"ENSO3",1983,1,2.55349462365591,"January",1983-01-01,1983-01-31
"ENSO34",1983,1,2.21755913978495,"January",1983-01-01,1983-01-31
"ENSO4",1983,1,0.69636559139785,"January",1983-01-01,1983-01-31
"DMI",1983,2,-0.666553571428571,"February",1983-02-01,1983-02-28
"ENSO3",1983,2,2.23267857142857,"February",1983-02-01,1983-02-28
"ENSO34",1983,2,1.96446428571429,"February",1983-02-01,1983-02-28
"ENSO4",1983,2,0.62875,"February",1983-02-01,1983-02-28
"DMI",1983,3,-0.657161290322581,"March",1983-03-01,1983-03-31
"ENSO3",1983,3,1.87451612903226,"March",1983-03-01,1983-03-31
"ENSO34",1983,3,1.4141935483871,"March",1983-03-01,1983-03-31
"ENSO4",1983,3,0.394193548387097,"March",1983-03-01,1983-03-31
"DMI",1983,4,-0.315783333333333,"April",1983-04-01,1983-04-30
"ENSO3",1983,4,1.84116666666667,"April",1983-04-01,1983-04-30
"ENSO34",1983,4,1.12,"April",1983-04-01,1983-04-30
"ENSO4",1983,4,0.2745,"April",1983-04-01,1983-04-30
"DMI",1983,5,0.149064516129032,"May",1983-05-01,1983-05-31
"ENSO3",1983,5,1.85354838709677,"May",1983-05-01,1983-05-31
"ENSO34",1983,5,0.878064516129032,"May",1983-05-01,1983-05-31
"ENSO4",1983,5,0.164193548387097,"May",1983-05-01,1983-05-31
"DMI",1983,6,0.445433333333333,"June",1983-06-01,1983-06-30
"ENSO3",1983,6,1.39683333333333,"June",1983-06-01,1983-06-30
"ENSO34",1983,6,0.267166666666667,"June",1983-06-01,1983-06-30
"ENSO4",1983,6,-0.148833333333333,"June",1983-06-01,1983-06-30
"DMI",1983,7,0.437903225806452,"July",1983-07-01,1983-07-31
"ENSO3",1983,7,0.933225806451613,"July",1983-07-01,1983-07-31
"ENSO34",1983,7,-0.119677419354839,"July",1983-07-01,1983-07-31
"ENSO4",1983,7,-0.349677419354839,"July",1983-07-01,1983-07-31
"DMI",1983,8,0.144677419354839,"August",1983-08-01,1983-08-31
"ENSO3",1983,8,0.515483870967742,"August",1983-08-01,1983-08-31
"ENSO34",1983,8,-0.309032258064516,"August",1983-08-01,1983-08-31
"ENSO4",1983,8,-0.495483870967742,"August",1983-08-01,1983-08-31
"DMI",1983,9,-0.17485,"September",1983-09-01,1983-09-30
"ENSO3",1983,9,-0.143833333333333,"September",1983-09-01,1983-09-30
"ENSO34",1983,9,-0.756166666666667,"September",1983-09-01,1983-09-30
"ENSO4",1983,9,-0.746333333333333,"September",1983-09-01,1983-09-30
"DMI",1983,10,-0.314612903225806,"October",1983-10-01,1983-10-31
"ENSO3",1983,10,-0.635161290322581,"October",1983-10-01,1983-10-31
"ENSO34",1983,10,-1.07838709677419,"October",1983-10-01,1983-10-31
"ENSO4",1983,10,-0.874516129032258,"October",1983-10-01,1983-10-31
"DMI",1983,11,-0.226033333333333,"November",1983-11-01,1983-11-30
"ENSO3",1983,11,-0.707833333333333,"November",1983-11-01,1983-11-30
"ENSO34",1983,11,-1.043,"November",1983-11-01,1983-11-30
"ENSO4",1983,11,-0.7885,"November",1983-11-01,1983-11-30
"DMI",1983,12,-0.160032258064516,"December",1983-12-01,1983-12-31
"ENSO3",1983,12,-0.615161290322581,"December",1983-12-01,1983-12-31
"ENSO34",1983,12,-0.87741935483871,"December",1983-12-01,1983-12-31
"ENSO4",1983,12,-0.689677419354839,"December",1983-12-01,1983-12-31
"DMI",1984,1,-0.186,"January",1984-01-01,1984-01-31
"ENSO3",1984,1,-0.525,"January",1984-01-01,1984-01-31
"ENSO34",1984,1,-0.665,"January",1984-01-01,1984-01-31
"ENSO4",1984,1,-0.675,"January",1984-01-01,1984-01-31
"DMI",1984,2,-0.135965517241379,"February",1984-02-01,1984-02-29
"ENSO3",1984,2,-0.348275862068966,"February",1984-02-01,1984-02-29
"ENSO34",1984,2,-0.505862068965517,"February",1984-02-01,1984-02-29
"ENSO4",1984,2,-0.703103448275862,"February",1984-02-01,1984-02-29
"DMI",1984,3,-0.0387741935483871,"March",1984-03-01,1984-03-31
"ENSO3",1984,3,-0.337096774193548,"March",1984-03-01,1984-03-31
"ENSO34",1984,3,-0.538064516129032,"March",1984-03-01,1984-03-31
"ENSO4",1984,3,-0.803548387096774,"March",1984-03-01,1984-03-31
"DMI",1984,4,-0.121583333333333,"April",1984-04-01,1984-04-30
"ENSO3",1984,4,-0.594333333333333,"April",1984-04-01,1984-04-30
"ENSO34",1984,4,-0.619333333333333,"April",1984-04-01,1984-04-30
"ENSO4",1984,4,-0.85,"April",1984-04-01,1984-04-30
"DMI",1984,5,-0.330161290322581,"May",1984-05-01,1984-05-31
"ENSO3",1984,5,-0.929677419354839,"May",1984-05-01,1984-05-31
"ENSO34",1984,5,-0.765806451612903,"May",1984-05-01,1984-05-31
"ENSO4",1984,5,-0.816129032258065,"May",1984-05-01,1984-05-31
"DMI",1984,6,-0.36135,"June",1984-06-01,1984-06-30
"ENSO3",1984,6,-0.8535,"June",1984-06-01,1984-06-30
"ENSO34",1984,6,-0.658333333333333,"June",1984-06-01,1984-06-30
"ENSO4",1984,6,-0.6495,"June",1984-06-01,1984-06-30
"DMI",1984,7,-0.429870967741936,"July",1984-07-01,1984-07-31
"ENSO3",1984,7,-0.546451612903226,"July",1984-07-01,1984-07-31
"ENSO34",1984,7,-0.4,"July",1984-07-01,1984-07-31
"ENSO4",1984,7,-0.539032258064516,"July",1984-07-01,1984-07-31
"DMI",1984,8,-0.551225806451613,"August",1984-08-01,1984-08-31
"ENSO3",1984,8,-0.446774193548387,"August",1984-08-01,1984-08-31
"ENSO34",1984,8,-0.375806451612903,"August",1984-08-01,1984-08-31
"ENSO4",1984,8,-0.458709677419355,"August",1984-08-01,1984-08-31
"DMI",1984,9,-0.630233333333333,"September",1984-09-01,1984-09-30
"ENSO3",1984,9,-0.617166666666667,"September",1984-09-01,1984-09-30
"ENSO34",1984,9,-0.582,"September",1984-09-01,1984-09-30
"ENSO4",1984,9,-0.514,"September",1984-09-01,1984-09-30
"DMI",1984,10,-0.539806451612903,"October",1984-10-01,1984-10-31
"ENSO3",1984,10,-0.918064516129032,"October",1984-10-01,1984-10-31
"ENSO34",1984,10,-0.999354838709677,"October",1984-10-01,1984-10-31
"ENSO4",1984,10,-0.801612903225806,"October",1984-10-01,1984-10-31
"DMI",1984,11,-0.350333333333333,"November",1984-11-01,1984-11-30
"ENSO3",1984,11,-1.16366666666667,"November",1984-11-01,1984-11-30
"ENSO34",1984,11,-1.34916666666667,"November",1984-11-01,1984-11-30
"ENSO4",1984,11,-1.00666666666667,"November",1984-11-01,1984-11-30
"DMI",1984,12,-0.365935483870968,"December",1984-12-01,1984-12-31
"ENSO3",1984,12,-1.19629032258065,"December",1984-12-01,1984-12-31
"ENSO34",1984,12,-1.23064516129032,"December",1984-12-01,1984-12-31
"ENSO4",1984,12,-0.838709677419355,"December",1984-12-01,1984-12-31
"DMI",1985,1,-0.543903225806452,"January",1985-01-01,1985-01-31
"ENSO3",1985,1,-1.01483870967742,"January",1985-01-01,1985-01-31
"ENSO34",1985,1,-0.899677419354839,"January",1985-01-01,1985-01-31
"ENSO4",1985,1,-0.563870967741935,"January",1985-01-01,1985-01-31
"DMI",1985,2,-0.585535714285714,"February",1985-02-01,1985-02-28
"ENSO3",1985,2,-0.981428571428571,"February",1985-02-01,1985-02-28
"ENSO34",1985,2,-0.934107142857143,"February",1985-02-01,1985-02-28
"ENSO4",1985,2,-0.686785714285714,"February",1985-02-01,1985-02-28
"DMI",1985,3,-0.376,"March",1985-03-01,1985-03-31
"ENSO3",1985,3,-0.959354838709677,"March",1985-03-01,1985-03-31
"ENSO34",1985,3,-0.969677419354839,"March",1985-03-01,1985-03-31
"ENSO4",1985,3,-0.809032258064516,"March",1985-03-01,1985-03-31
"DMI",1985,4,-0.211116666666667,"April",1985-04-01,1985-04-30
"ENSO3",1985,4,-1.04283333333333,"April",1985-04-01,1985-04-30
"ENSO34",1985,4,-0.941333333333333,"April",1985-04-01,1985-04-30
"ENSO4",1985,4,-0.7965,"April",1985-04-01,1985-04-30
"DMI",1985,5,-0.419451612903226,"May",1985-05-01,1985-05-31
"ENSO3",1985,5,-0.984193548387097,"May",1985-05-01,1985-05-31
"ENSO34",1985,5,-0.832258064516129,"May",1985-05-01,1985-05-31
"ENSO4",1985,5,-0.745161290322581,"May",1985-05-01,1985-05-31
"DMI",1985,6,-0.519766666666667,"June",1985-06-01,1985-06-30
"ENSO3",1985,6,-0.874166666666667,"June",1985-06-01,1985-06-30
"ENSO34",1985,6,-0.6875,"June",1985-06-01,1985-06-30
"ENSO4",1985,6,-0.590166666666667,"June",1985-06-01,1985-06-30
"DMI",1985,7,-0.430096774193548,"July",1985-07-01,1985-07-31
"ENSO3",1985,7,-0.846774193548387,"July",1985-07-01,1985-07-31
"ENSO34",1985,7,-0.551935483870968,"July",1985-07-01,1985-07-31
"ENSO4",1985,7,-0.367096774193548,"July",1985-07-01,1985-07-31
"DMI",1985,8,-0.352064516129032,"August",1985-08-01,1985-08-31
"ENSO3",1985,8,-0.765806451612903,"August",1985-08-01,1985-08-31
"ENSO34",1985,8,-0.528709677419355,"August",1985-08-01,1985-08-31
"ENSO4",1985,8,-0.3,"August",1985-08-01,1985-08-31
"DMI",1985,9,-0.363666666666667,"September",1985-09-01,1985-09-30
"ENSO3",1985,9,-0.788333333333333,"September",1985-09-01,1985-09-30
"ENSO34",1985,9,-0.603833333333333,"September",1985-09-01,1985-09-30
"ENSO4",1985,9,-0.290333333333333,"September",1985-09-01,1985-09-30
"DMI",1985,10,-0.221225806451613,"October",1985-10-01,1985-10-31
"ENSO3",1985,10,-0.76258064516129,"October",1985-10-01,1985-10-31
"ENSO34",1985,10,-0.538387096774193,"October",1985-10-01,1985-10-31
"ENSO4",1985,10,-0.226774193548387,"October",1985-10-01,1985-10-31
"DMI",1985,11,-0.163316666666667,"November",1985-11-01,1985-11-30
"ENSO3",1985,11,-0.675166666666667,"November",1985-11-01,1985-11-30
"ENSO34",1985,11,-0.4155,"November",1985-11-01,1985-11-30
"ENSO4",1985,11,-0.1265,"November",1985-11-01,1985-11-30
"DMI",1985,12,-0.285717204301075,"December",1985-12-01,1985-12-31
"ENSO3",1985,12,-0.747193548387097,"December",1985-12-01,1985-12-31
"ENSO34",1985,12,-0.587279569892473,"December",1985-12-01,1985-12-31
"ENSO4",1985,12,-0.222225806451613,"December",1985-12-01,1985-12-31
"DMI",1986,1,-0.123645161290323,"January",1986-01-01,1986-01-31
"ENSO3",1986,1,-0.684516129032258,"January",1986-01-01,1986-01-31
"ENSO34",1986,1,-0.71741935483871,"January",1986-01-01,1986-01-31
"ENSO4",1986,1,-0.302258064516129,"January",1986-01-01,1986-01-31
"DMI",1986,2,-0.166339285714286,"February",1986-02-01,1986-02-28
"ENSO3",1986,2,-0.50625,"February",1986-02-01,1986-02-28
"ENSO34",1986,2,-0.577321428571429,"February",1986-02-01,1986-02-28
"ENSO4",1986,2,-0.278214285714286,"February",1986-02-01,1986-02-28
"DMI",1986,3,-0.241612903225806,"March",1986-03-01,1986-03-31
"ENSO3",1986,3,-0.460322580645161,"March",1986-03-01,1986-03-31
"ENSO34",1986,3,-0.461612903225806,"March",1986-03-01,1986-03-31
"ENSO4",1986,3,-0.300967741935484,"March",1986-03-01,1986-03-31
"DMI",1986,4,-0.2222,"April",1986-04-01,1986-04-30
"ENSO3",1986,4,-0.537,"April",1986-04-01,1986-04-30
"ENSO34",1986,4,-0.439,"April",1986-04-01,1986-04-30
"ENSO4",1986,4,-0.245833333333333,"April",1986-04-01,1986-04-30
"DMI",1986,5,-0.214,"May",1986-05-01,1986-05-31
"ENSO3",1986,5,-0.455806451612903,"May",1986-05-01,1986-05-31
"ENSO34",1986,5,-0.281290322580645,"May",1986-05-01,1986-05-31
"ENSO4",1986,5,-0.0893548387096774,"May",1986-05-01,1986-05-31
"DMI",1986,6,-0.407533333333333,"June",1986-06-01,1986-06-30
"ENSO3",1986,6,-0.125,"June",1986-06-01,1986-06-30
"ENSO34",1986,6,0.036,"June",1986-06-01,1986-06-30
"ENSO4",1986,6,0.0983333333333333,"June",1986-06-01,1986-06-30
"DMI",1986,7,-0.475838709677419,"July",1986-07-01,1986-07-31
"ENSO3",1986,7,0.000967741935483871,"July",1986-07-01,1986-07-31
"ENSO34",1986,7,0.198709677419355,"July",1986-07-01,1986-07-31
"ENSO4",1986,7,0.232258064516129,"July",1986-07-01,1986-07-31
"DMI",1986,8,-0.275677419354839,"August",1986-08-01,1986-08-31
"ENSO3",1986,8,0.139354838709677,"August",1986-08-01,1986-08-31
"ENSO34",1986,8,0.409354838709677,"August",1986-08-01,1986-08-31
"ENSO4",1986,8,0.402258064516129,"August",1986-08-01,1986-08-31
"DMI",1986,9,-0.0965666666666667,"September",1986-09-01,1986-09-30
"ENSO3",1986,9,0.5375,"September",1986-09-01,1986-09-30
"ENSO34",1986,9,0.739833333333333,"September",1986-09-01,1986-09-30
"ENSO4",1986,9,0.523833333333333,"September",1986-09-01,1986-09-30
"DMI",1986,10,-0.142838709677419,"October",1986-10-01,1986-10-31
"ENSO3",1986,10,0.823225806451613,"October",1986-10-01,1986-10-31
"ENSO34",1986,10,0.967741935483871,"October",1986-10-01,1986-10-31
"ENSO4",1986,10,0.608387096774194,"October",1986-10-01,1986-10-31
"DMI",1986,11,-0.2585,"November",1986-11-01,1986-11-30
"ENSO3",1986,11,0.812333333333333,"November",1986-11-01,1986-11-30
"ENSO34",1986,11,1.011,"November",1986-11-01,1986-11-30
"ENSO4",1986,11,0.621333333333333,"November",1986-11-01,1986-11-30
"DMI",1986,12,-0.185802150537634,"December",1986-12-01,1986-12-31
"ENSO3",1986,12,0.75841935483871,"December",1986-12-01,1986-12-31
"ENSO34",1986,12,0.948612903225806,"December",1986-12-01,1986-12-31
"ENSO4",1986,12,0.525731182795699,"December",1986-12-01,1986-12-31
"DMI",1987,1,0.00967457305502847,"January",1987-01-01,1987-01-31
"ENSO3",1987,1,0.965569259962049,"January",1987-01-01,1987-01-31
"ENSO34",1987,1,1.13609108159393,"January",1987-01-01,1987-01-31
"ENSO4",1987,1,0.693757115749526,"January",1987-01-01,1987-01-31
"DMI",1987,2,-0.0448214285714286,"February",1987-02-01,1987-02-28
"ENSO3",1987,2,1.01375,"February",1987-02-01,1987-02-28
"ENSO34",1987,2,1.20375,"February",1987-02-01,1987-02-28
"ENSO4",1987,2,0.828928571428571,"February",1987-02-01,1987-02-28
"DMI",1987,3,-0.146677419354839,"March",1987-03-01,1987-03-31
"ENSO3",1987,3,1.00161290322581,"March",1987-03-01,1987-03-31
"ENSO34",1987,3,1.07064516129032,"March",1987-03-01,1987-03-31
"ENSO4",1987,3,0.695483870967742,"March",1987-03-01,1987-03-31
"DMI",1987,4,-0.00136666666666666,"April",1987-04-01,1987-04-30
"ENSO3",1987,4,1.008,"April",1987-04-01,1987-04-30
"ENSO34",1987,4,0.899666666666667,"April",1987-04-01,1987-04-30
"ENSO4",1987,4,0.539333333333333,"April",1987-04-01,1987-04-30
"DMI",1987,5,0.137903225806452,"May",1987-05-01,1987-05-31
"ENSO3",1987,5,1.0941935483871,"May",1987-05-01,1987-05-31
"ENSO34",1987,5,1.06967741935484,"May",1987-05-01,1987-05-31
"ENSO4",1987,5,0.656774193548387,"May",1987-05-01,1987-05-31
"DMI",1987,6,0.156366666666667,"June",1987-06-01,1987-06-30
"ENSO3",1987,6,1.22633333333333,"June",1987-06-01,1987-06-30
"ENSO34",1987,6,1.28833333333333,"June",1987-06-01,1987-06-30
"ENSO4",1987,6,0.721333333333333,"June",1987-06-01,1987-06-30
"DMI",1987,7,0.250548387096774,"July",1987-07-01,1987-07-31
"ENSO3",1987,7,1.38354838709677,"July",1987-07-01,1987-07-31
"ENSO34",1987,7,1.40774193548387,"July",1987-07-01,1987-07-31
"ENSO4",1987,7,0.694516129032258,"July",1987-07-01,1987-07-31
"DMI",1987,8,0.343451612903226,"August",1987-08-01,1987-08-31
"ENSO3",1987,8,1.52677419354839,"August",1987-08-01,1987-08-31
"ENSO34",1987,8,1.5041935483871,"August",1987-08-01,1987-08-31
"ENSO4",1987,8,0.768064516129032,"August",1987-08-01,1987-08-31
"DMI",1987,9,0.3263,"September",1987-09-01,1987-09-30
"ENSO3",1987,9,1.43666666666667,"September",1987-09-01,1987-09-30
"ENSO34",1987,9,1.44783333333333,"September",1987-09-01,1987-09-30
"ENSO4",1987,9,0.883166666666667,"September",1987-09-01,1987-09-30
"DMI",1987,10,0.106935483870968,"October",1987-10-01,1987-10-31
"ENSO3",1987,10,1.19612903225806,"October",1987-10-01,1987-10-31
"ENSO34",1987,10,1.32612903225806,"October",1987-10-01,1987-10-31
"ENSO4",1987,10,0.973870967741935,"October",1987-10-01,1987-10-31
"DMI",1987,11,0.0471166666666667,"November",1987-11-01,1987-11-30
"ENSO3",1987,11,1.1165,"November",1987-11-01,1987-11-30
"ENSO34",1987,11,1.174,"November",1987-11-01,1987-11-30
"ENSO4",1987,11,0.976166666666667,"November",1987-11-01,1987-11-30
"DMI",1987,12,0.219018975332068,"December",1987-12-01,1987-12-31
"ENSO3",1987,12,0.818586337760911,"December",1987-12-01,1987-12-31
"ENSO34",1987,12,0.902333965844402,"December",1987-12-01,1987-12-31
"ENSO4",1987,12,0.790768500948767,"December",1987-12-01,1987-12-31
"DMI",1988,1,0.0705884315906563,"January",1988-01-01,1988-01-31
"ENSO3",1988,1,0.228642936596218,"January",1988-01-01,1988-01-31
"ENSO34",1988,1,0.424238042269188,"January",1988-01-01,1988-01-31
"ENSO4",1988,1,0.473181312569522,"January",1988-01-01,1988-01-31
"DMI",1988,2,-0.230758620689655,"February",1988-02-01,1988-02-29
"ENSO3",1988,2,0.0948275862068965,"February",1988-02-01,1988-02-29
"ENSO34",1988,2,0.321034482758621,"February",1988-02-01,1988-02-29
"ENSO4",1988,2,0.377241379310345,"February",1988-02-01,1988-02-29
"DMI",1988,3,-0.223483870967742,"March",1988-03-01,1988-03-31
"ENSO3",1988,3,-0.311290322580645,"March",1988-03-01,1988-03-31
"ENSO34",1988,3,-0.0874193548387097,"March",1988-03-01,1988-03-31
"ENSO4",1988,3,0.0341935483870968,"March",1988-03-01,1988-03-31
"DMI",1988,4,-0.314083333333333,"April",1988-04-01,1988-04-30
"ENSO3",1988,4,-1.01583333333333,"April",1988-04-01,1988-04-30
"ENSO34",1988,4,-0.760666666666667,"April",1988-04-01,1988-04-30
"ENSO4",1988,4,-0.414666666666667,"April",1988-04-01,1988-04-30
"DMI",1988,5,-0.396387096774194,"May",1988-05-01,1988-05-31
"ENSO3",1988,5,-1.56612903225806,"May",1988-05-01,1988-05-31
"ENSO34",1988,5,-1.24838709677419,"May",1988-05-01,1988-05-31
"ENSO4",1988,5,-0.671935483870968,"May",1988-05-01,1988-05-31
"DMI",1988,6,-0.213033333333333,"June",1988-06-01,1988-06-30
"ENSO3",1988,6,-1.81133333333333,"June",1988-06-01,1988-06-30
"ENSO34",1988,6,-1.49866666666667,"June",1988-06-01,1988-06-30
"ENSO4",1988,6,-0.8425,"June",1988-06-01,1988-06-30
"DMI",1988,7,-0.217258064516129,"July",1988-07-01,1988-07-31
"ENSO3",1988,7,-1.66838709677419,"July",1988-07-01,1988-07-31
"ENSO34",1988,7,-1.49161290322581,"July",1988-07-01,1988-07-31
"ENSO4",1988,7,-0.905483870967742,"July",1988-07-01,1988-07-31
"DMI",1988,8,-0.339806451612903,"August",1988-08-01,1988-08-31
"ENSO3",1988,8,-1.48258064516129,"August",1988-08-01,1988-08-31
"ENSO34",1988,8,-1.38677419354839,"August",1988-08-01,1988-08-31
"ENSO4",1988,8,-0.957741935483871,"August",1988-08-01,1988-08-31
"DMI",1988,9,-0.457316666666667,"September",1988-09-01,1988-09-30
"ENSO3",1988,9,-1.62233333333333,"September",1988-09-01,1988-09-30
"ENSO34",1988,9,-1.69733333333333,"September",1988-09-01,1988-09-30
"ENSO4",1988,9,-1.29583333333333,"September",1988-09-01,1988-09-30
"DMI",1988,10,-0.359516129032258,"October",1988-10-01,1988-10-31
"ENSO3",1988,10,-1.85032258064516,"October",1988-10-01,1988-10-31
"ENSO34",1988,10,-2.13354838709677,"October",1988-10-01,1988-10-31
"ENSO4",1988,10,-1.61387096774194,"October",1988-10-01,1988-10-31
"DMI",1988,11,-0.01915,"November",1988-11-01,1988-11-30
"ENSO3",1988,11,-1.80133333333333,"November",1988-11-01,1988-11-30
"ENSO34",1988,11,-2.08333333333333,"November",1988-11-01,1988-11-30
"ENSO4",1988,11,-1.621,"November",1988-11-01,1988-11-30
"DMI",1988,12,-0.0554516129032258,"December",1988-12-01,1988-12-31
"ENSO3",1988,12,-1.58096774193548,"December",1988-12-01,1988-12-31
"ENSO34",1988,12,-1.96548387096774,"December",1988-12-01,1988-12-31
"ENSO4",1988,12,-1.59967741935484,"December",1988-12-01,1988-12-31
"DMI",1989,1,-0.163,"January",1989-01-01,1989-01-31
"ENSO3",1989,1,-1.09,"January",1989-01-01,1989-01-31
"ENSO34",1989,1,-1.66,"January",1989-01-01,1989-01-31
"ENSO4",1989,1,-1.485,"January",1989-01-01,1989-01-31
"DMI",1989,2,-0.177107142857143,"February",1989-02-01,1989-02-28
"ENSO3",1989,2,-0.910535714285714,"February",1989-02-01,1989-02-28
"ENSO34",1989,2,-1.35071428571429,"February",1989-02-01,1989-02-28
"ENSO4",1989,2,-1.30696428571429,"February",1989-02-01,1989-02-28
"DMI",1989,3,-0.396903225806452,"March",1989-03-01,1989-03-31
"ENSO3",1989,3,-0.96258064516129,"March",1989-03-01,1989-03-31
"ENSO34",1989,3,-1.22354838709677,"March",1989-03-01,1989-03-31
"ENSO4",1989,3,-1.11451612903226,"March",1989-03-01,1989-03-31
"DMI",1989,4,-0.5351,"April",1989-04-01,1989-04-30
"ENSO3",1989,4,-0.831666666666667,"April",1989-04-01,1989-04-30
"ENSO34",1989,4,-0.960166666666667,"April",1989-04-01,1989-04-30
"ENSO4",1989,4,-0.858833333333333,"April",1989-04-01,1989-04-30
"DMI",1989,5,-0.684,"May",1989-05-01,1989-05-31
"ENSO3",1989,5,-0.605806451612903,"May",1989-05-01,1989-05-31
"ENSO34",1989,5,-0.72258064516129,"May",1989-05-01,1989-05-31
"ENSO4",1989,5,-0.788387096774193,"May",1989-05-01,1989-05-31
"DMI",1989,6,-0.61905,"June",1989-06-01,1989-06-30
"ENSO3",1989,6,-0.3475,"June",1989-06-01,1989-06-30
"ENSO34",1989,6,-0.557833333333333,"June",1989-06-01,1989-06-30
"ENSO4",1989,6,-0.714333333333333,"June",1989-06-01,1989-06-30
"DMI",1989,7,-0.386032258064516,"July",1989-07-01,1989-07-31
"ENSO3",1989,7,-0.386129032258065,"July",1989-07-01,1989-07-31
"ENSO34",1989,7,-0.523225806451613,"July",1989-07-01,1989-07-31
"ENSO4",1989,7,-0.594516129032258,"July",1989-07-01,1989-07-31
"DMI",1989,8,-0.274548387096774,"August",1989-08-01,1989-08-31
"ENSO3",1989,8,-0.418064516129032,"August",1989-08-01,1989-08-31
"ENSO34",1989,8,-0.483225806451613,"August",1989-08-01,1989-08-31
"ENSO4",1989,8,-0.498709677419355,"August",1989-08-01,1989-08-31
"DMI",1989,9,-0.315383333333333,"September",1989-09-01,1989-09-30
"ENSO3",1989,9,-0.339333333333333,"September",1989-09-01,1989-09-30
"ENSO34",1989,9,-0.389666666666667,"September",1989-09-01,1989-09-30
"ENSO4",1989,9,-0.38,"September",1989-09-01,1989-09-30
"DMI",1989,10,-0.376193548387097,"October",1989-10-01,1989-10-31
"ENSO3",1989,10,-0.350322580645161,"October",1989-10-01,1989-10-31
"ENSO34",1989,10,-0.351612903225806,"October",1989-10-01,1989-10-31
"ENSO4",1989,10,-0.326774193548387,"October",1989-10-01,1989-10-31
"DMI",1989,11,-0.25535,"November",1989-11-01,1989-11-30
"ENSO3",1989,11,-0.349666666666667,"November",1989-11-01,1989-11-30
"ENSO34",1989,11,-0.217833333333333,"November",1989-11-01,1989-11-30
"ENSO4",1989,11,-0.0911666666666667,"November",1989-11-01,1989-11-30
"DMI",1989,12,-0.134096774193548,"December",1989-12-01,1989-12-31
"ENSO3",1989,12,-0.316451612903226,"December",1989-12-01,1989-12-31
"ENSO34",1989,12,-0.0574193548387097,"December",1989-12-01,1989-12-31
"ENSO4",1989,12,0.162903225806452,"December",1989-12-01,1989-12-31
"DMI",1990,1,-0.190935483870968,"January",1990-01-01,1990-01-31
"ENSO3",1990,1,-0.0716129032258065,"January",1990-01-01,1990-01-31
"ENSO34",1990,1,0.184516129032258,"January",1990-01-01,1990-01-31
"ENSO4",1990,1,0.326774193548387,"January",1990-01-01,1990-01-31
"DMI",1990,2,-0.218607142857143,"February",1990-02-01,1990-02-28
"ENSO3",1990,2,0.0146428571428571,"February",1990-02-01,1990-02-28
"ENSO34",1990,2,0.282857142857143,"February",1990-02-01,1990-02-28
"ENSO4",1990,2,0.439642857142857,"February",1990-02-01,1990-02-28
"DMI",1990,3,-0.260096774193548,"March",1990-03-01,1990-03-31
"ENSO3",1990,3,0.00580645161290324,"March",1990-03-01,1990-03-31
"ENSO34",1990,3,0.229032258064516,"March",1990-03-01,1990-03-31
"ENSO4",1990,3,0.37258064516129,"March",1990-03-01,1990-03-31
"DMI",1990,4,-0.367116666666667,"April",1990-04-01,1990-04-30
"ENSO3",1990,4,0.188333333333333,"April",1990-04-01,1990-04-30
"ENSO34",1990,4,0.289,"April",1990-04-01,1990-04-30
"ENSO4",1990,4,0.265833333333333,"April",1990-04-01,1990-04-30
"DMI",1990,5,-0.454451612903226,"May",1990-05-01,1990-05-31
"ENSO3",1990,5,0.128709677419355,"May",1990-05-01,1990-05-31
"ENSO34",1990,5,0.165161290322581,"May",1990-05-01,1990-05-31
"ENSO4",1990,5,0.172258064516129,"May",1990-05-01,1990-05-31
"DMI",1990,6,-0.412366666666667,"June",1990-06-01,1990-06-30
"ENSO3",1990,6,-0.0335,"June",1990-06-01,1990-06-30
"ENSO34",1990,6,0.0725,"June",1990-06-01,1990-06-30
"ENSO4",1990,6,0.182166666666667,"June",1990-06-01,1990-06-30
"DMI",1990,7,-0.316645161290323,"July",1990-07-01,1990-07-31
"ENSO3",1990,7,-0.0412903225806452,"July",1990-07-01,1990-07-31
"ENSO34",1990,7,0.159677419354839,"July",1990-07-01,1990-07-31
"ENSO4",1990,7,0.308709677419355,"July",1990-07-01,1990-07-31
"DMI",1990,8,-0.290870967741935,"August",1990-08-01,1990-08-31
"ENSO3",1990,8,0.0532258064516129,"August",1990-08-01,1990-08-31
"ENSO34",1990,8,0.145806451612903,"August",1990-08-01,1990-08-31
"ENSO4",1990,8,0.306451612903226,"August",1990-08-01,1990-08-31
"DMI",1990,9,-0.2613,"September",1990-09-01,1990-09-30
"ENSO3",1990,9,0.0278333333333333,"September",1990-09-01,1990-09-30
"ENSO34",1990,9,0.124833333333333,"September",1990-09-01,1990-09-30
"ENSO4",1990,9,0.337333333333333,"September",1990-09-01,1990-09-30
"DMI",1990,10,-0.223548387096774,"October",1990-10-01,1990-10-31
"ENSO3",1990,10,-0.0890322580645161,"October",1990-10-01,1990-10-31
"ENSO34",1990,10,0.105806451612903,"October",1990-10-01,1990-10-31
"ENSO4",1990,10,0.395806451612903,"October",1990-10-01,1990-10-31
"DMI",1990,11,-0.0471166666666667,"November",1990-11-01,1990-11-30
"ENSO3",1990,11,-0.0765,"November",1990-11-01,1990-11-30
"ENSO34",1990,11,0.196,"November",1990-11-01,1990-11-30
"ENSO4",1990,11,0.5005,"November",1990-11-01,1990-11-30
"DMI",1990,12,0.032,"December",1990-12-01,1990-12-31
"ENSO3",1990,12,0.0682258064516129,"December",1990-12-01,1990-12-31
"ENSO34",1990,12,0.408870967741935,"December",1990-12-01,1990-12-31
"ENSO4",1990,12,0.649354838709677,"December",1990-12-01,1990-12-31
"DMI",1991,1,-0.0133870967741936,"January",1991-01-01,1991-01-31
"ENSO3",1991,1,0.10741935483871,"January",1991-01-01,1991-01-31
"ENSO34",1991,1,0.418064516129032,"January",1991-01-01,1991-01-31
"ENSO4",1991,1,0.630967741935484,"January",1991-01-01,1991-01-31
"DMI",1991,2,-0.0680714285714286,"February",1991-02-01,1991-02-28
"ENSO3",1991,2,0.0155357142857143,"February",1991-02-01,1991-02-28
"ENSO34",1991,2,0.213928571428571,"February",1991-02-01,1991-02-28
"ENSO4",1991,2,0.518035714285714,"February",1991-02-01,1991-02-28
"DMI",1991,3,0.120741935483871,"March",1991-03-01,1991-03-31
"ENSO3",1991,3,-0.0435483870967742,"March",1991-03-01,1991-03-31
"ENSO34",1991,3,0.153225806451613,"March",1991-03-01,1991-03-31
"ENSO4",1991,3,0.488064516129032,"March",1991-03-01,1991-03-31
"DMI",1991,4,0.3325,"April",1991-04-01,1991-04-30
"ENSO3",1991,4,0.132333333333333,"April",1991-04-01,1991-04-30
"ENSO34",1991,4,0.321166666666667,"April",1991-04-01,1991-04-30
"ENSO4",1991,4,0.554833333333333,"April",1991-04-01,1991-04-30
"DMI",1991,5,0.322870967741935,"May",1991-05-01,1991-05-31
"ENSO3",1991,5,0.52,"May",1991-05-01,1991-05-31
"ENSO34",1991,5,0.541612903225806,"May",1991-05-01,1991-05-31
"ENSO4",1991,5,0.569677419354839,"May",1991-05-01,1991-05-31
"DMI",1991,6,0.266383333333333,"June",1991-06-01,1991-06-30
"ENSO3",1991,6,0.709,"June",1991-06-01,1991-06-30
"ENSO34",1991,6,0.6355,"June",1991-06-01,1991-06-30
"ENSO4",1991,6,0.541333333333333,"June",1991-06-01,1991-06-30
"DMI",1991,7,0.16741935483871,"July",1991-07-01,1991-07-31
"ENSO3",1991,7,0.522258064516129,"July",1991-07-01,1991-07-31
"ENSO34",1991,7,0.528064516129032,"July",1991-07-01,1991-07-31
"ENSO4",1991,7,0.504838709677419,"July",1991-07-01,1991-07-31
"DMI",1991,8,0.0778387096774194,"August",1991-08-01,1991-08-31
"ENSO3",1991,8,0.198064516129032,"August",1991-08-01,1991-08-31
"ENSO34",1991,8,0.328387096774194,"August",1991-08-01,1991-08-31
"ENSO4",1991,8,0.413225806451613,"August",1991-08-01,1991-08-31
"DMI",1991,9,0.03665,"September",1991-09-01,1991-09-30
"ENSO3",1991,9,0.361,"September",1991-09-01,1991-09-30
"ENSO34",1991,9,0.5535,"September",1991-09-01,1991-09-30
"ENSO4",1991,9,0.508166666666667,"September",1991-09-01,1991-09-30
"DMI",1991,10,0.00387096774193549,"October",1991-10-01,1991-10-31
"ENSO3",1991,10,0.828709677419355,"October",1991-10-01,1991-10-31
"ENSO34",1991,10,1.02129032258065,"October",1991-10-01,1991-10-31
"ENSO4",1991,10,0.710322580645161,"October",1991-10-01,1991-10-31
"DMI",1991,11,0.0612666666666667,"November",1991-11-01,1991-11-30
"ENSO3",1991,11,1.17016666666667,"November",1991-11-01,1991-11-30
"ENSO34",1991,11,1.372,"November",1991-11-01,1991-11-30
"ENSO4",1991,11,0.758,"November",1991-11-01,1991-11-30
"DMI",1991,12,-0.0935064516129032,"December",1991-12-01,1991-12-31
"ENSO3",1991,12,1.31233333333333,"December",1991-12-01,1991-12-31
"ENSO34",1991,12,1.57843010752688,"December",1991-12-01,1991-12-31
"ENSO4",1991,12,0.740430107526882,"December",1991-12-01,1991-12-31
"DMI",1992,1,-0.339313092979127,"January",1992-01-01,1992-01-31
"ENSO3",1992,1,1.1835009487666,"January",1992-01-01,1992-01-31
"ENSO34",1992,1,1.49745730550285,"January",1992-01-01,1992-01-31
"ENSO4",1992,1,0.735588235294118,"January",1992-01-01,1992-01-31
"DMI",1992,2,-0.525137931034483,"February",1992-02-01,1992-02-29
"ENSO3",1992,2,1.20034482758621,"February",1992-02-01,1992-02-29
"ENSO34",1992,2,1.56206896551724,"February",1992-02-01,1992-02-29
"ENSO4",1992,2,0.870344827586207,"February",1992-02-01,1992-02-29
"DMI",1992,3,-0.613903225806452,"March",1992-03-01,1992-03-31
"ENSO3",1992,3,1.25290322580645,"March",1992-03-01,1992-03-31
"ENSO34",1992,3,1.45645161290323,"March",1992-03-01,1992-03-31
"ENSO4",1992,3,0.811612903225806,"March",1992-03-01,1992-03-31
"DMI",1992,4,-0.551066666666667,"April",1992-04-01,1992-04-30
"ENSO3",1992,4,1.349,"April",1992-04-01,1992-04-30
"ENSO34",1992,4,1.34233333333333,"April",1992-04-01,1992-04-30
"ENSO4",1992,4,0.740666666666667,"April",1992-04-01,1992-04-30
"DMI",1992,5,-0.699967741935484,"May",1992-05-01,1992-05-31
"ENSO3",1992,5,0.93,"May",1992-05-01,1992-05-31
"ENSO34",1992,5,0.911935483870968,"May",1992-05-01,1992-05-31
"ENSO4",1992,5,0.555483870967742,"May",1992-05-01,1992-05-31
"DMI",1992,6,-0.676366666666667,"June",1992-06-01,1992-06-30
"ENSO3",1992,6,0.227666666666667,"June",1992-06-01,1992-06-30
"ENSO34",1992,6,0.404333333333333,"June",1992-06-01,1992-06-30
"ENSO4",1992,6,0.38,"June",1992-06-01,1992-06-30
"DMI",1992,7,-0.618838709677419,"July",1992-07-01,1992-07-31
"ENSO3",1992,7,-0.174516129032258,"July",1992-07-01,1992-07-31
"ENSO34",1992,7,0.0667741935483871,"July",1992-07-01,1992-07-31
"ENSO4",1992,7,0.268709677419355,"July",1992-07-01,1992-07-31
"DMI",1992,8,-0.799451612903226,"August",1992-08-01,1992-08-31
"ENSO3",1992,8,-0.35,"August",1992-08-01,1992-08-31
"ENSO34",1992,8,-0.145161290322581,"August",1992-08-01,1992-08-31
"ENSO4",1992,8,0.130645161290323,"August",1992-08-01,1992-08-31
"DMI",1992,9,-0.733433333333333,"September",1992-09-01,1992-09-30
"ENSO3",1992,9,-0.345166666666667,"September",1992-09-01,1992-09-30
"ENSO34",1992,9,-0.2415,"September",1992-09-01,1992-09-30
"ENSO4",1992,9,0.0665,"September",1992-09-01,1992-09-30
"DMI",1992,10,-0.516677419354839,"October",1992-10-01,1992-10-31
"ENSO3",1992,10,-0.315806451612903,"October",1992-10-01,1992-10-31
"ENSO34",1992,10,-0.248387096774194,"October",1992-10-01,1992-10-31
"ENSO4",1992,10,0.0635483870967742,"October",1992-10-01,1992-10-31
"DMI",1992,11,-0.359366666666667,"November",1992-11-01,1992-11-30
"ENSO3",1992,11,-0.2755,"November",1992-11-01,1992-11-30
"ENSO34",1992,11,-0.053,"November",1992-11-01,1992-11-30
"ENSO4",1992,11,0.197,"November",1992-11-01,1992-11-30
"DMI",1992,12,-0.261054740957967,"December",1992-12-01,1992-12-31
"ENSO3",1992,12,-0.0692961876832845,"December",1992-12-01,1992-12-31
"ENSO34",1992,12,0.244271749755621,"December",1992-12-01,1992-12-31
"ENSO4",1992,12,0.394134897360704,"December",1992-12-01,1992-12-31
"DMI",1993,1,-0.0666956989247312,"January",1993-01-01,1993-01-31
"ENSO3",1993,1,0.0900967741935484,"January",1993-01-01,1993-01-31
"ENSO34",1993,1,0.332677419354839,"January",1993-01-01,1993-01-31
"ENSO4",1993,1,0.451161290322581,"January",1993-01-01,1993-01-31
"DMI",1993,2,-0.124107142857143,"February",1993-02-01,1993-02-28
"ENSO3",1993,2,0.297857142857143,"February",1993-02-01,1993-02-28
"ENSO34",1993,2,0.444107142857143,"February",1993-02-01,1993-02-28
"ENSO4",1993,2,0.421785714285714,"February",1993-02-01,1993-02-28
"DMI",1993,3,-0.239838709677419,"March",1993-03-01,1993-03-31
"ENSO3",1993,3,0.630967741935484,"March",1993-03-01,1993-03-31
"ENSO34",1993,3,0.687741935483871,"March",1993-03-01,1993-03-31
"ENSO4",1993,3,0.44258064516129,"March",1993-03-01,1993-03-31
"DMI",1993,4,-0.106566666666667,"April",1993-04-01,1993-04-30
"ENSO3",1993,4,0.982833333333333,"April",1993-04-01,1993-04-30
"ENSO34",1993,4,0.924833333333333,"April",1993-04-01,1993-04-30
"ENSO4",1993,4,0.52,"April",1993-04-01,1993-04-30
"DMI",1993,5,-0.0661935483870968,"May",1993-05-01,1993-05-31
"ENSO3",1993,5,0.846774193548387,"May",1993-05-01,1993-05-31
"ENSO34",1993,5,0.789677419354839,"May",1993-05-01,1993-05-31
"ENSO4",1993,5,0.466774193548387,"May",1993-05-01,1993-05-31
"DMI",1993,6,-0.129266666666667,"June",1993-06-01,1993-06-30
"ENSO3",1993,6,0.388333333333333,"June",1993-06-01,1993-06-30
"ENSO34",1993,6,0.490166666666667,"June",1993-06-01,1993-06-30
"ENSO4",1993,6,0.3955,"June",1993-06-01,1993-06-30
"DMI",1993,7,-0.226032258064516,"July",1993-07-01,1993-07-31
"ENSO3",1993,7,0.0719354838709677,"July",1993-07-01,1993-07-31
"ENSO34",1993,7,0.247741935483871,"July",1993-07-01,1993-07-31
"ENSO4",1993,7,0.346129032258065,"July",1993-07-01,1993-07-31
"DMI",1993,8,-0.239677419354839,"August",1993-08-01,1993-08-31
"ENSO3",1993,8,0.0487096774193548,"August",1993-08-01,1993-08-31
"ENSO34",1993,8,0.208387096774194,"August",1993-08-01,1993-08-31
"ENSO4",1993,8,0.343870967741935,"August",1993-08-01,1993-08-31
"DMI",1993,9,-0.163233333333333,"September",1993-09-01,1993-09-30
"ENSO3",1993,9,0.148,"September",1993-09-01,1993-09-30
"ENSO34",1993,9,0.308333333333333,"September",1993-09-01,1993-09-30
"ENSO4",1993,9,0.351,"September",1993-09-01,1993-09-30
"DMI",1993,10,-0.152612903225806,"October",1993-10-01,1993-10-31
"ENSO3",1993,10,0.161612903225806,"October",1993-10-01,1993-10-31
"ENSO34",1993,10,0.321290322580645,"October",1993-10-01,1993-10-31
"ENSO4",1993,10,0.373225806451613,"October",1993-10-01,1993-10-31
"DMI",1993,11,-0.17655,"November",1993-11-01,1993-11-30
"ENSO3",1993,11,0.0568333333333333,"November",1993-11-01,1993-11-30
"ENSO34",1993,11,0.2365,"November",1993-11-01,1993-11-30
"ENSO4",1993,11,0.401,"November",1993-11-01,1993-11-30
"DMI",1993,12,-0.0942258064516129,"December",1993-12-01,1993-12-31
"ENSO3",1993,12,-0.0193548387096774,"December",1993-12-01,1993-12-31
"ENSO34",1993,12,0.11258064516129,"December",1993-12-01,1993-12-31
"ENSO4",1993,12,0.282903225806452,"December",1993-12-01,1993-12-31
"DMI",1994,1,-0.0564827956989247,"January",1994-01-01,1994-01-31
"ENSO3",1994,1,-0.135397849462366,"January",1994-01-01,1994-01-31
"ENSO34",1994,1,-0.0291290322580645,"January",1994-01-01,1994-01-31
"ENSO4",1994,1,0.134172043010753,"January",1994-01-01,1994-01-31
"DMI",1994,2,0.0217857142857143,"February",1994-02-01,1994-02-28
"ENSO3",1994,2,-0.32375,"February",1994-02-01,1994-02-28
"ENSO34",1994,2,-0.111785714285714,"February",1994-02-01,1994-02-28
"ENSO4",1994,2,0.0685714285714286,"February",1994-02-01,1994-02-28
"DMI",1994,3,0.274096774193548,"March",1994-03-01,1994-03-31
"ENSO3",1994,3,-0.393870967741935,"March",1994-03-01,1994-03-31
"ENSO34",1994,3,-0.0164516129032258,"March",1994-03-01,1994-03-31
"ENSO4",1994,3,0.177741935483871,"March",1994-03-01,1994-03-31
"DMI",1994,4,0.444283333333333,"April",1994-04-01,1994-04-30
"ENSO3",1994,4,-0.323666666666667,"April",1994-04-01,1994-04-30
"ENSO34",1994,4,0.0831666666666667,"April",1994-04-01,1994-04-30
"ENSO4",1994,4,0.259666666666667,"April",1994-04-01,1994-04-30
"DMI",1994,5,0.490290322580645,"May",1994-05-01,1994-05-31
"ENSO3",1994,5,-0.118064516129032,"May",1994-05-01,1994-05-31
"ENSO34",1994,5,0.202903225806452,"May",1994-05-01,1994-05-31
"ENSO4",1994,5,0.318387096774194,"May",1994-05-01,1994-05-31
"DMI",1994,6,0.492933333333333,"June",1994-06-01,1994-06-30
"ENSO3",1994,6,-0.194,"June",1994-06-01,1994-06-30
"ENSO34",1994,6,0.216833333333333,"June",1994-06-01,1994-06-30
"ENSO4",1994,6,0.476333333333333,"June",1994-06-01,1994-06-30
"DMI",1994,7,0.679903225806452,"July",1994-07-01,1994-07-31
"ENSO3",1994,7,-0.288064516129032,"July",1994-07-01,1994-07-31
"ENSO34",1994,7,0.334193548387097,"July",1994-07-01,1994-07-31
"ENSO4",1994,7,0.686774193548387,"July",1994-07-01,1994-07-31
"DMI",1994,8,0.674548387096774,"August",1994-08-01,1994-08-31
"ENSO3",1994,8,-0.0932258064516129,"August",1994-08-01,1994-08-31
"ENSO34",1994,8,0.461935483870968,"August",1994-08-01,1994-08-31
"ENSO4",1994,8,0.688387096774194,"August",1994-08-01,1994-08-31
"DMI",1994,9,0.615033333333333,"September",1994-09-01,1994-09-30
"ENSO3",1994,9,0.304833333333333,"September",1994-09-01,1994-09-30
"ENSO34",1994,9,0.641666666666667,"September",1994-09-01,1994-09-30
"ENSO4",1994,9,0.6815,"September",1994-09-01,1994-09-30
"DMI",1994,10,0.503774193548387,"October",1994-10-01,1994-10-31
"ENSO3",1994,10,0.731290322580645,"October",1994-10-01,1994-10-31
"ENSO34",1994,10,1.01612903225806,"October",1994-10-01,1994-10-31
"ENSO4",1994,10,0.86258064516129,"October",1994-10-01,1994-10-31
"DMI",1994,11,0.2754,"November",1994-11-01,1994-11-30
"ENSO3",1994,11,0.8935,"November",1994-11-01,1994-11-30
"ENSO34",1994,11,1.17383333333333,"November",1994-11-01,1994-11-30
"ENSO4",1994,11,0.9255,"November",1994-11-01,1994-11-30
"DMI",1994,12,0.203483870967742,"December",1994-12-01,1994-12-31
"ENSO3",1994,12,0.891612903225806,"December",1994-12-01,1994-12-31
"ENSO34",1994,12,1.15677419354839,"December",1994-12-01,1994-12-31
"ENSO4",1994,12,0.91,"December",1994-12-01,1994-12-31
"DMI",1995,1,0.152,"January",1995-01-01,1995-01-31
"ENSO3",1995,1,0.71,"January",1995-01-01,1995-01-31
"ENSO34",1995,1,0.985,"January",1995-01-01,1995-01-31
"ENSO4",1995,1,0.905,"January",1995-01-01,1995-01-31
"DMI",1995,2,0.0608214285714286,"February",1995-02-01,1995-02-28
"ENSO3",1995,2,0.329285714285714,"February",1995-02-01,1995-02-28
"ENSO34",1995,2,0.686785714285714,"February",1995-02-01,1995-02-28
"ENSO4",1995,2,0.861428571428571,"February",1995-02-01,1995-02-28
"DMI",1995,3,-0.132741935483871,"March",1995-03-01,1995-03-31
"ENSO3",1995,3,-0.0803225806451613,"March",1995-03-01,1995-03-31
"ENSO34",1995,3,0.383548387096774,"March",1995-03-01,1995-03-31
"ENSO4",1995,3,0.689354838709677,"March",1995-03-01,1995-03-31
"DMI",1995,4,-0.2355,"April",1995-04-01,1995-04-30
"ENSO3",1995,4,-0.375,"April",1995-04-01,1995-04-30
"ENSO34",1995,4,0.154,"April",1995-04-01,1995-04-30
"ENSO4",1995,4,0.521,"April",1995-04-01,1995-04-30
"DMI",1995,5,-0.167290322580645,"May",1995-05-01,1995-05-31
"ENSO3",1995,5,-0.384838709677419,"May",1995-05-01,1995-05-31
"ENSO34",1995,5,0.0541935483870968,"May",1995-05-01,1995-05-31
"ENSO4",1995,5,0.460967741935484,"May",1995-05-01,1995-05-31
"DMI",1995,6,-0.121983333333333,"June",1995-06-01,1995-06-30
"ENSO3",1995,6,-0.167166666666667,"June",1995-06-01,1995-06-30
"ENSO34",1995,6,0.0558333333333333,"June",1995-06-01,1995-06-30
"ENSO4",1995,6,0.343,"June",1995-06-01,1995-06-30
"DMI",1995,7,-0.156903225806452,"July",1995-07-01,1995-07-31
"ENSO3",1995,7,-0.332258064516129,"July",1995-07-01,1995-07-31
"ENSO34",1995,7,-0.168387096774194,"July",1995-07-01,1995-07-31
"ENSO4",1995,7,0.148387096774194,"July",1995-07-01,1995-07-31
"DMI",1995,8,-0.16141935483871,"August",1995-08-01,1995-08-31
"ENSO3",1995,8,-0.638064516129032,"August",1995-08-01,1995-08-31
"ENSO34",1995,8,-0.471935483870968,"August",1995-08-01,1995-08-31
"ENSO4",1995,8,-0.0229032258064516,"August",1995-08-01,1995-08-31
"DMI",1995,9,-0.270383333333333,"September",1995-09-01,1995-09-30
"ENSO3",1995,9,-0.7145,"September",1995-09-01,1995-09-30
"ENSO34",1995,9,-0.6425,"September",1995-09-01,1995-09-30
"ENSO4",1995,9,-0.181833333333333,"September",1995-09-01,1995-09-30
"DMI",1995,10,-0.331677419354839,"October",1995-10-01,1995-10-31
"ENSO3",1995,10,-0.739677419354839,"October",1995-10-01,1995-10-31
"ENSO34",1995,10,-0.749032258064516,"October",1995-10-01,1995-10-31
"ENSO4",1995,10,-0.289677419354839,"October",1995-10-01,1995-10-31
"DMI",1995,11,-0.1084,"November",1995-11-01,1995-11-30
"ENSO3",1995,11,-0.745166666666667,"November",1995-11-01,1995-11-30
"ENSO34",1995,11,-0.751,"November",1995-11-01,1995-11-30
"ENSO4",1995,11,-0.271,"November",1995-11-01,1995-11-30
"DMI",1995,12,0.0362903225806452,"December",1995-12-01,1995-12-31
"ENSO3",1995,12,-0.66258064516129,"December",1995-12-01,1995-12-31
"ENSO34",1995,12,-0.686129032258065,"December",1995-12-01,1995-12-31
"ENSO4",1995,12,-0.293225806451613,"December",1995-12-01,1995-12-31
"DMI",1996,1,-0.0268064516129032,"January",1996-01-01,1996-01-31
"ENSO3",1996,1,-0.555806451612903,"January",1996-01-01,1996-01-31
"ENSO34",1996,1,-0.654838709677419,"January",1996-01-01,1996-01-31
"ENSO4",1996,1,-0.330645161290323,"January",1996-01-01,1996-01-31
"DMI",1996,2,-0.0581034482758621,"February",1996-02-01,1996-02-29
"ENSO3",1996,2,-0.414137931034483,"February",1996-02-01,1996-02-29
"ENSO34",1996,2,-0.573103448275862,"February",1996-02-01,1996-02-29
"ENSO4",1996,2,-0.256896551724138,"February",1996-02-01,1996-02-29
"DMI",1996,3,-0.22241935483871,"March",1996-03-01,1996-03-31
"ENSO3",1996,3,-0.415806451612903,"March",1996-03-01,1996-03-31
"ENSO34",1996,3,-0.412258064516129,"March",1996-03-01,1996-03-31
"ENSO4",1996,3,-0.190322580645161,"March",1996-03-01,1996-03-31
"DMI",1996,4,-0.319216666666667,"April",1996-04-01,1996-04-30
"ENSO3",1996,4,-0.540333333333333,"April",1996-04-01,1996-04-30
"ENSO34",1996,4,-0.369,"April",1996-04-01,1996-04-30
"ENSO4",1996,4,-0.199333333333333,"April",1996-04-01,1996-04-30
"DMI",1996,5,-0.327935483870968,"May",1996-05-01,1996-05-31
"ENSO3",1996,5,-0.438064516129032,"May",1996-05-01,1996-05-31
"ENSO34",1996,5,-0.264516129032258,"May",1996-05-01,1996-05-31
"ENSO4",1996,5,-0.132903225806452,"May",1996-05-01,1996-05-31
"DMI",1996,6,-0.51435,"June",1996-06-01,1996-06-30
"ENSO3",1996,6,-0.301333333333333,"June",1996-06-01,1996-06-30
"ENSO34",1996,6,-0.129666666666667,"June",1996-06-01,1996-06-30
"ENSO4",1996,6,-0.107666666666667,"June",1996-06-01,1996-06-30
"DMI",1996,7,-0.661387096774194,"July",1996-07-01,1996-07-31
"ENSO3",1996,7,-0.269677419354839,"July",1996-07-01,1996-07-31
"ENSO34",1996,7,-0.21741935483871,"July",1996-07-01,1996-07-31
"ENSO4",1996,7,-0.228387096774194,"July",1996-07-01,1996-07-31
"DMI",1996,8,-0.696,"August",1996-08-01,1996-08-31
"ENSO3",1996,8,-0.304193548387097,"August",1996-08-01,1996-08-31
"ENSO34",1996,8,-0.319354838709677,"August",1996-08-01,1996-08-31
"ENSO4",1996,8,-0.270322580645161,"August",1996-08-01,1996-08-31
"DMI",1996,9,-0.9034,"September",1996-09-01,1996-09-30
"ENSO3",1996,9,-0.359,"September",1996-09-01,1996-09-30
"ENSO34",1996,9,-0.311,"September",1996-09-01,1996-09-30
"ENSO4",1996,9,-0.226166666666667,"September",1996-09-01,1996-09-30
"DMI",1996,10,-0.957516129032258,"October",1996-10-01,1996-10-31
"ENSO3",1996,10,-0.438387096774194,"October",1996-10-01,1996-10-31
"ENSO34",1996,10,-0.289677419354839,"October",1996-10-01,1996-10-31
"ENSO4",1996,10,-0.136774193548387,"October",1996-10-01,1996-10-31
"DMI",1996,11,-0.6114,"November",1996-11-01,1996-11-30
"ENSO3",1996,11,-0.639833333333333,"November",1996-11-01,1996-11-30
"ENSO34",1996,11,-0.362833333333333,"November",1996-11-01,1996-11-30
"ENSO4",1996,11,-0.0268333333333333,"November",1996-11-01,1996-11-30
"DMI",1996,12,-0.276161290322581,"December",1996-12-01,1996-12-31
"ENSO3",1996,12,-0.754838709677419,"December",1996-12-01,1996-12-31
"ENSO34",1996,12,-0.43,"December",1996-12-01,1996-12-31
"ENSO4",1996,12,0.0616129032258065,"December",1996-12-01,1996-12-31
"DMI",1997,1,-0.0185483870967742,"January",1997-01-01,1997-01-31
"ENSO3",1997,1,-0.55,"January",1997-01-01,1997-01-31
"ENSO34",1997,1,-0.338064516129032,"January",1997-01-01,1997-01-31
"ENSO4",1997,1,0.143548387096774,"January",1997-01-01,1997-01-31
"DMI",1997,2,0.0616428571428571,"February",1997-02-01,1997-02-28
"ENSO3",1997,2,-0.173035714285714,"February",1997-02-01,1997-02-28
"ENSO34",1997,2,-0.153214285714286,"February",1997-02-01,1997-02-28
"ENSO4",1997,2,0.194821428571429,"February",1997-02-01,1997-02-28
"DMI",1997,3,0.0483225806451613,"March",1997-03-01,1997-03-31
"ENSO3",1997,3,0.166451612903226,"March",1997-03-01,1997-03-31
"ENSO34",1997,3,0.133548387096774,"March",1997-03-01,1997-03-31
"ENSO4",1997,3,0.359677419354839,"March",1997-03-01,1997-03-31
"DMI",1997,4,0.0399833333333333,"April",1997-04-01,1997-04-30
"ENSO3",1997,4,0.661833333333333,"April",1997-04-01,1997-04-30
"ENSO34",1997,4,0.596166666666667,"April",1997-04-01,1997-04-30
"ENSO4",1997,4,0.597666666666667,"April",1997-04-01,1997-04-30
"DMI",1997,5,0.0525806451612903,"May",1997-05-01,1997-05-31
"ENSO3",1997,5,1.36516129032258,"May",1997-05-01,1997-05-31
"ENSO34",1997,5,1.00548387096774,"May",1997-05-01,1997-05-31
"ENSO4",1997,5,0.602258064516129,"May",1997-05-01,1997-05-31
"DMI",1997,6,0.258416666666667,"June",1997-06-01,1997-06-30
"ENSO3",1997,6,1.96516666666667,"June",1997-06-01,1997-06-30
"ENSO34",1997,6,1.3675,"June",1997-06-01,1997-06-30
"ENSO4",1997,6,0.617,"June",1997-06-01,1997-06-30
"DMI",1997,7,0.537483870967742,"July",1997-07-01,1997-07-31
"ENSO3",1997,7,2.50225806451613,"July",1997-07-01,1997-07-31
"ENSO34",1997,7,1.76451612903226,"July",1997-07-01,1997-07-31
"ENSO4",1997,7,0.734193548387097,"July",1997-07-01,1997-07-31
"DMI",1997,8,0.700290322580645,"August",1997-08-01,1997-08-31
"ENSO3",1997,8,2.79354838709677,"August",1997-08-01,1997-08-31
"ENSO34",1997,8,2.01741935483871,"August",1997-08-01,1997-08-31
"ENSO4",1997,8,0.808387096774194,"August",1997-08-01,1997-08-31
"DMI",1997,9,0.8203,"September",1997-09-01,1997-09-30
"ENSO3",1997,9,2.9705,"September",1997-09-01,1997-09-30
"ENSO34",1997,9,2.19183333333333,"September",1997-09-01,1997-09-30
"ENSO4",1997,9,0.8455,"September",1997-09-01,1997-09-30
"DMI",1997,10,1.06945161290323,"October",1997-10-01,1997-10-31
"ENSO3",1997,10,3.16322580645161,"October",1997-10-01,1997-10-31
"ENSO34",1997,10,2.35290322580645,"October",1997-10-01,1997-10-31
"ENSO4",1997,10,0.883225806451613,"October",1997-10-01,1997-10-31
"DMI",1997,11,1.07793333333333,"November",1997-11-01,1997-11-30
"ENSO3",1997,11,3.22966666666667,"November",1997-11-01,1997-11-30
"ENSO34",1997,11,2.362,"November",1997-11-01,1997-11-30
"ENSO4",1997,11,0.862666666666667,"November",1997-11-01,1997-11-30
"DMI",1997,12,0.659775268817204,"December",1997-12-01,1997-12-31
"ENSO3",1997,12,2.8916559139785,"December",1997-12-01,1997-12-31
"ENSO34",1997,12,2.16677419354839,"December",1997-12-01,1997-12-31
"ENSO4",1997,12,0.787279569892473,"December",1997-12-01,1997-12-31
"DMI",1998,1,0.422026565464896,"January",1998-01-01,1998-01-31
"ENSO3",1998,1,2.4438045540797,"January",1998-01-01,1998-01-31
"ENSO34",1998,1,1.92181214421252,"January",1998-01-01,1998-01-31
"ENSO4",1998,1,0.671081593927894,"January",1998-01-01,1998-01-31
"DMI",1998,2,0.192017857142857,"February",1998-02-01,1998-02-28
"ENSO3",1998,2,2.27339285714286,"February",1998-02-01,1998-02-28
"ENSO34",1998,2,1.79553571428571,"February",1998-02-01,1998-02-28
"ENSO4",1998,2,0.686071428571429,"February",1998-02-01,1998-02-28
"DMI",1998,3,-0.00564516129032258,"March",1998-03-01,1998-03-31
"ENSO3",1998,3,1.77838709677419,"March",1998-03-01,1998-03-31
"ENSO34",1998,3,1.20451612903226,"March",1998-03-01,1998-03-31
"ENSO4",1998,3,0.374516129032258,"March",1998-03-01,1998-03-31
"DMI",1998,4,0.09195,"April",1998-04-01,1998-04-30
"ENSO3",1998,4,1.38433333333333,"April",1998-04-01,1998-04-30
"ENSO34",1998,4,0.793666666666667,"April",1998-04-01,1998-04-30
"ENSO4",1998,4,0.210666666666667,"April",1998-04-01,1998-04-30
"DMI",1998,5,0.143387096774194,"May",1998-05-01,1998-05-31
"ENSO3",1998,5,0.688709677419355,"May",1998-05-01,1998-05-31
"ENSO34",1998,5,0.162258064516129,"May",1998-05-01,1998-05-31
"ENSO4",1998,5,-0.0325806451612903,"May",1998-05-01,1998-05-31
"DMI",1998,6,-0.110133333333333,"June",1998-06-01,1998-06-30
"ENSO3",1998,6,-0.0356666666666667,"June",1998-06-01,1998-06-30
"ENSO34",1998,6,-0.554333333333333,"June",1998-06-01,1998-06-30
"ENSO4",1998,6,-0.357,"June",1998-06-01,1998-06-30
"DMI",1998,7,-0.479354838709677,"July",1998-07-01,1998-07-31
"ENSO3",1998,7,-0.218387096774194,"July",1998-07-01,1998-07-31
"ENSO34",1998,7,-0.778387096774193,"July",1998-07-01,1998-07-31
"ENSO4",1998,7,-0.541935483870968,"July",1998-07-01,1998-07-31
"DMI",1998,8,-0.539354838709677,"August",1998-08-01,1998-08-31
"ENSO3",1998,8,-0.361935483870968,"August",1998-08-01,1998-08-31
"ENSO34",1998,8,-0.825161290322581,"August",1998-08-01,1998-08-31
"ENSO4",1998,8,-0.669032258064516,"August",1998-08-01,1998-08-31
"DMI",1998,9,-0.615383333333333,"September",1998-09-01,1998-09-30
"ENSO3",1998,9,-0.595333333333333,"September",1998-09-01,1998-09-30
"ENSO34",1998,9,-0.998833333333333,"September",1998-09-01,1998-09-30
"ENSO4",1998,9,-0.854666666666667,"September",1998-09-01,1998-09-30
"DMI",1998,10,-0.699451612903226,"October",1998-10-01,1998-10-31
"ENSO3",1998,10,-0.725483870967742,"October",1998-10-01,1998-10-31
"ENSO34",1998,10,-1.20935483870968,"October",1998-10-01,1998-10-31
"ENSO4",1998,10,-1.05870967741935,"October",1998-10-01,1998-10-31
"DMI",1998,11,-0.499783333333333,"November",1998-11-01,1998-11-30
"ENSO3",1998,11,-0.850166666666667,"November",1998-11-01,1998-11-30
"ENSO34",1998,11,-1.36533333333333,"November",1998-11-01,1998-11-30
"ENSO4",1998,11,-1.16766666666667,"November",1998-11-01,1998-11-30
"DMI",1998,12,-0.167222960151803,"December",1998-12-01,1998-12-31
"ENSO3",1998,12,-0.629981024667932,"December",1998-12-01,1998-12-31
"ENSO34",1998,12,-1.17274193548387,"December",1998-12-01,1998-12-31
"ENSO4",1998,12,-1.16574003795066,"December",1998-12-01,1998-12-31
"DMI",1999,1,-0.0838387096774194,"January",1999-01-01,1999-01-31
"ENSO3",1999,1,-0.919376344086022,"January",1999-01-01,1999-01-31
"ENSO34",1999,1,-1.48744086021505,"January",1999-01-01,1999-01-31
"ENSO4",1999,1,-1.45525806451613,"January",1999-01-01,1999-01-31
"DMI",1999,2,0.0295,"February",1999-02-01,1999-02-28
"ENSO3",1999,2,-0.577142857142857,"February",1999-02-01,1999-02-28
"ENSO34",1999,2,-1.17375,"February",1999-02-01,1999-02-28
"ENSO4",1999,2,-1.23232142857143,"February",1999-02-01,1999-02-28
"DMI",1999,3,0.0516774193548387,"March",1999-03-01,1999-03-31
"ENSO3",1999,3,-0.495806451612903,"March",1999-03-01,1999-03-31
"ENSO34",1999,3,-0.866774193548387,"March",1999-03-01,1999-03-31
"ENSO4",1999,3,-0.952258064516129,"March",1999-03-01,1999-03-31
"DMI",1999,4,-0.0909333333333333,"April",1999-04-01,1999-04-30
"ENSO3",1999,4,-0.610666666666667,"April",1999-04-01,1999-04-30
"ENSO34",1999,4,-0.839,"April",1999-04-01,1999-04-30
"ENSO4",1999,4,-0.860666666666667,"April",1999-04-01,1999-04-30
"DMI",1999,5,-0.166161290322581,"May",1999-05-01,1999-05-31
"ENSO3",1999,5,-0.638387096774193,"May",1999-05-01,1999-05-31
"ENSO34",1999,5,-0.908709677419355,"May",1999-05-01,1999-05-31
"ENSO4",1999,5,-0.810967741935484,"May",1999-05-01,1999-05-31
"DMI",1999,6,-0.0207833333333333,"June",1999-06-01,1999-06-30
"ENSO3",1999,6,-0.665833333333333,"June",1999-06-01,1999-06-30
"ENSO34",1999,6,-0.896833333333333,"June",1999-06-01,1999-06-30
"ENSO4",1999,6,-0.799333333333333,"June",1999-06-01,1999-06-30
"DMI",1999,7,0.0689354838709677,"July",1999-07-01,1999-07-31
"ENSO3",1999,7,-0.688387096774194,"July",1999-07-01,1999-07-31
"ENSO34",1999,7,-0.907741935483871,"July",1999-07-01,1999-07-31
"ENSO4",1999,7,-0.868387096774194,"July",1999-07-01,1999-07-31
"DMI",1999,8,-0.0123225806451613,"August",1999-08-01,1999-08-31
"ENSO3",1999,8,-0.836774193548387,"August",1999-08-01,1999-08-31
"ENSO34",1999,8,-0.912258064516129,"August",1999-08-01,1999-08-31
"ENSO4",1999,8,-0.84258064516129,"August",1999-08-01,1999-08-31
"DMI",1999,9,-0.117666666666667,"September",1999-09-01,1999-09-30
"ENSO3",1999,9,-1.04633333333333,"September",1999-09-01,1999-09-30
"ENSO34",1999,9,-0.931833333333333,"September",1999-09-01,1999-09-30
"ENSO4",1999,9,-0.798666666666667,"September",1999-09-01,1999-09-30
"DMI",1999,10,-0.154193548387097,"October",1999-10-01,1999-10-31
"ENSO3",1999,10,-1.2858064516129,"October",1999-10-01,1999-10-31
"ENSO34",1999,10,-1.21387096774194,"October",1999-10-01,1999-10-31
"ENSO4",1999,10,-0.941612903225806,"October",1999-10-01,1999-10-31
"DMI",1999,11,-0.131466666666667,"November",1999-11-01,1999-11-30
"ENSO3",1999,11,-1.43933333333333,"November",1999-11-01,1999-11-30
"ENSO34",1999,11,-1.47283333333333,"November",1999-11-01,1999-11-30
"ENSO4",1999,11,-1.1225,"November",1999-11-01,1999-11-30
"DMI",1999,12,-0.136870967741935,"December",1999-12-01,1999-12-31
"ENSO3",1999,12,-1.58096774193548,"December",1999-12-01,1999-12-31
"ENSO34",1999,12,-1.66096774193548,"December",1999-12-01,1999-12-31
"ENSO4",1999,12,-1.27258064516129,"December",1999-12-01,1999-12-31
"DMI",2000,1,-0.0651290322580645,"January",2000-01-01,2000-01-31
"ENSO3",2000,1,-1.42096774193548,"January",2000-01-01,2000-01-31
"ENSO34",2000,1,-1.6558064516129,"January",2000-01-01,2000-01-31
"ENSO4",2000,1,-1.36548387096774,"January",2000-01-01,2000-01-31
"DMI",2000,2,0.0629310344827586,"February",2000-02-01,2000-02-29
"ENSO3",2000,2,-0.990689655172414,"February",2000-02-01,2000-02-29
"ENSO34",2000,2,-1.39965517241379,"February",2000-02-01,2000-02-29
"ENSO4",2000,2,-1.36068965517241,"February",2000-02-01,2000-02-29
"DMI",2000,3,0.140483870967742,"March",2000-03-01,2000-03-31
"ENSO3",2000,3,-0.568387096774194,"March",2000-03-01,2000-03-31
"ENSO34",2000,3,-1.03741935483871,"March",2000-03-01,2000-03-31
"ENSO4",2000,3,-1.22387096774194,"March",2000-03-01,2000-03-31
"DMI",2000,4,0.127466666666667,"April",2000-04-01,2000-04-30
"ENSO3",2000,4,-0.396666666666667,"April",2000-04-01,2000-04-30
"ENSO34",2000,4,-0.8,"April",2000-04-01,2000-04-30
"ENSO4",2000,4,-1.013,"April",2000-04-01,2000-04-30
"DMI",2000,5,0.0476774193548387,"May",2000-05-01,2000-05-31
"ENSO3",2000,5,-0.620967741935484,"May",2000-05-01,2000-05-31
"ENSO34",2000,5,-0.775806451612903,"May",2000-05-01,2000-05-31
"ENSO4",2000,5,-0.799032258064516,"May",2000-05-01,2000-05-31
"DMI",2000,6,0.02585,"June",2000-06-01,2000-06-30
"ENSO3",2000,6,-0.667833333333333,"June",2000-06-01,2000-06-30
"ENSO34",2000,6,-0.663,"June",2000-06-01,2000-06-30
"ENSO4",2000,6,-0.6265,"June",2000-06-01,2000-06-30
"DMI",2000,7,0.103129032258065,"July",2000-07-01,2000-07-31
"ENSO3",2000,7,-0.483225806451613,"July",2000-07-01,2000-07-31
"ENSO34",2000,7,-0.468387096774193,"July",2000-07-01,2000-07-31
"ENSO4",2000,7,-0.512258064516129,"July",2000-07-01,2000-07-31
"DMI",2000,8,0.0211612903225806,"August",2000-08-01,2000-08-31
"ENSO3",2000,8,-0.346129032258065,"August",2000-08-01,2000-08-31
"ENSO34",2000,8,-0.374516129032258,"August",2000-08-01,2000-08-31
"ENSO4",2000,8,-0.420645161290323,"August",2000-08-01,2000-08-31
"DMI",2000,9,-0.118233333333333,"September",2000-09-01,2000-09-30
"ENSO3",2000,9,-0.392166666666667,"September",2000-09-01,2000-09-30
"ENSO34",2000,9,-0.467333333333333,"September",2000-09-01,2000-09-30
"ENSO4",2000,9,-0.438666666666667,"September",2000-09-01,2000-09-30
"DMI",2000,10,-0.221354838709677,"October",2000-10-01,2000-10-31
"ENSO3",2000,10,-0.596129032258064,"October",2000-10-01,2000-10-31
"ENSO34",2000,10,-0.646774193548387,"October",2000-10-01,2000-10-31
"ENSO4",2000,10,-0.499354838709677,"October",2000-10-01,2000-10-31
"DMI",2000,11,-0.277966666666667,"November",2000-11-01,2000-11-30
"ENSO3",2000,11,-0.72,"November",2000-11-01,2000-11-30
"ENSO34",2000,11,-0.832166666666667,"November",2000-11-01,2000-11-30
"ENSO4",2000,11,-0.655333333333333,"November",2000-11-01,2000-11-30
"DMI",2000,12,-0.336548387096774,"December",2000-12-01,2000-12-31
"ENSO3",2000,12,-0.715161290322581,"December",2000-12-01,2000-12-31
"ENSO34",2000,12,-0.900645161290323,"December",2000-12-01,2000-12-31
"ENSO4",2000,12,-0.809677419354839,"December",2000-12-01,2000-12-31
"DMI",2001,1,-0.230677419354839,"January",2001-01-01,2001-01-31
"ENSO3",2001,1,-0.56,"January",2001-01-01,2001-01-31
"ENSO34",2001,1,-0.759032258064516,"January",2001-01-01,2001-01-31
"ENSO4",2001,1,-0.795806451612903,"January",2001-01-01,2001-01-31
"DMI",2001,2,-0.013625,"February",2001-02-01,2001-02-28
"ENSO3",2001,2,-0.255357142857143,"February",2001-02-01,2001-02-28
"ENSO34",2001,2,-0.557678571428571,"February",2001-02-01,2001-02-28
"ENSO4",2001,2,-0.692857142857143,"February",2001-02-01,2001-02-28
"DMI",2001,3,0.0606451612903226,"March",2001-03-01,2001-03-31
"ENSO3",2001,3,-0.0661290322580645,"March",2001-03-01,2001-03-31
"ENSO34",2001,3,-0.392903225806452,"March",2001-03-01,2001-03-31
"ENSO4",2001,3,-0.474516129032258,"March",2001-03-01,2001-03-31
"DMI",2001,4,0.136483333333333,"April",2001-04-01,2001-04-30
"ENSO3",2001,4,-0.165333333333333,"April",2001-04-01,2001-04-30
"ENSO34",2001,4,-0.3,"April",2001-04-01,2001-04-30
"ENSO4",2001,4,-0.281666666666667,"April",2001-04-01,2001-04-30
"DMI",2001,5,0.132161290322581,"May",2001-05-01,2001-05-31
"ENSO3",2001,5,-0.276129032258065,"May",2001-05-01,2001-05-31
"ENSO34",2001,5,-0.208064516129032,"May",2001-05-01,2001-05-31
"ENSO4",2001,5,-0.142903225806452,"May",2001-05-01,2001-05-31
"DMI",2001,6,-0.00205,"June",2001-06-01,2001-06-30
"ENSO3",2001,6,-0.206166666666667,"June",2001-06-01,2001-06-30
"ENSO34",2001,6,-0.052,"June",2001-06-01,2001-06-30
"ENSO4",2001,6,0.0563333333333333,"June",2001-06-01,2001-06-30
"DMI",2001,7,-0.217903225806452,"July",2001-07-01,2001-07-31
"ENSO3",2001,7,-0.223225806451613,"July",2001-07-01,2001-07-31
"ENSO34",2001,7,-0.0287096774193548,"July",2001-07-01,2001-07-31
"ENSO4",2001,7,0.189354838709677,"July",2001-07-01,2001-07-31
"DMI",2001,8,-0.263258064516129,"August",2001-08-01,2001-08-31
"ENSO3",2001,8,-0.468709677419355,"August",2001-08-01,2001-08-31
"ENSO34",2001,8,-0.171612903225806,"August",2001-08-01,2001-08-31
"ENSO4",2001,8,0.248709677419355,"August",2001-08-01,2001-08-31
"DMI",2001,9,-0.3332,"September",2001-09-01,2001-09-30
"ENSO3",2001,9,-0.602333333333333,"September",2001-09-01,2001-09-30
"ENSO34",2001,9,-0.270333333333333,"September",2001-09-01,2001-09-30
"ENSO4",2001,9,0.227166666666667,"September",2001-09-01,2001-09-30
"DMI",2001,10,-0.351322580645161,"October",2001-10-01,2001-10-31
"ENSO3",2001,10,-0.559032258064516,"October",2001-10-01,2001-10-31
"ENSO34",2001,10,-0.269677419354839,"October",2001-10-01,2001-10-31
"ENSO4",2001,10,0.16,"October",2001-10-01,2001-10-31
"DMI",2001,11,-0.151233333333333,"November",2001-11-01,2001-11-30
"ENSO3",2001,11,-0.614166666666667,"November",2001-11-01,2001-11-30
"ENSO34",2001,11,-0.367,"November",2001-11-01,2001-11-30
"ENSO4",2001,11,0.0875,"November",2001-11-01,2001-11-30
"DMI",2001,12,-0.0935645161290323,"December",2001-12-01,2001-12-31
"ENSO3",2001,12,-0.569838709677419,"December",2001-12-01,2001-12-31
"ENSO34",2001,12,-0.310322580645161,"December",2001-12-01,2001-12-31
"ENSO4",2001,12,0.131612903225806,"December",2001-12-01,2001-12-31
"DMI",2002,1,-0.120709677419355,"January",2002-01-01,2002-01-31
"ENSO3",2002,1,-0.349677419354839,"January",2002-01-01,2002-01-31
"ENSO34",2002,1,-0.072258064516129,"January",2002-01-01,2002-01-31
"ENSO4",2002,1,0.260322580645161,"January",2002-01-01,2002-01-31
"DMI",2002,2,-0.0468928571428571,"February",2002-02-01,2002-02-28
"ENSO3",2002,2,-0.00714285714285714,"February",2002-02-01,2002-02-28
"ENSO34",2002,2,0.0530357142857143,"February",2002-02-01,2002-02-28
"ENSO4",2002,2,0.254821428571429,"February",2002-02-01,2002-02-28
"DMI",2002,3,-0.166193548387097,"March",2002-03-01,2002-03-31
"ENSO3",2002,3,0.132258064516129,"March",2002-03-01,2002-03-31
"ENSO34",2002,3,0.124516129032258,"March",2002-03-01,2002-03-31
"ENSO4",2002,3,0.313225806451613,"March",2002-03-01,2002-03-31
"DMI",2002,4,-0.340883333333333,"April",2002-04-01,2002-04-30
"ENSO3",2002,4,0.1035,"April",2002-04-01,2002-04-30
"ENSO34",2002,4,0.173833333333333,"April",2002-04-01,2002-04-30
"ENSO4",2002,4,0.37,"April",2002-04-01,2002-04-30
"DMI",2002,5,-0.261741935483871,"May",2002-05-01,2002-05-31
"ENSO3",2002,5,0.280645161290323,"May",2002-05-01,2002-05-31
"ENSO34",2002,5,0.43741935483871,"May",2002-05-01,2002-05-31
"ENSO4",2002,5,0.476451612903226,"May",2002-05-01,2002-05-31
"DMI",2002,6,-0.223833333333333,"June",2002-06-01,2002-06-30
"ENSO3",2002,6,0.3475,"June",2002-06-01,2002-06-30
"ENSO34",2002,6,0.626833333333333,"June",2002-06-01,2002-06-30
"ENSO4",2002,6,0.59,"June",2002-06-01,2002-06-30
"DMI",2002,7,-0.234838709677419,"July",2002-07-01,2002-07-31
"ENSO3",2002,7,0.303870967741936,"July",2002-07-01,2002-07-31
"ENSO34",2002,7,0.632903225806452,"July",2002-07-01,2002-07-31
"ENSO4",2002,7,0.604516129032258,"July",2002-07-01,2002-07-31
"DMI",2002,8,0.0310322580645161,"August",2002-08-01,2002-08-31
"ENSO3",2002,8,0.422258064516129,"August",2002-08-01,2002-08-31
"ENSO34",2002,8,0.758064516129032,"August",2002-08-01,2002-08-31
"ENSO4",2002,8,0.62,"August",2002-08-01,2002-08-31
"DMI",2002,9,0.343516666666667,"September",2002-09-01,2002-09-30
"ENSO3",2002,9,0.713,"September",2002-09-01,2002-09-30
"ENSO34",2002,9,0.984333333333333,"September",2002-09-01,2002-09-30
"ENSO4",2002,9,0.707,"September",2002-09-01,2002-09-30
"DMI",2002,10,0.255483870967742,"October",2002-10-01,2002-10-31
"ENSO3",2002,10,1.08,"October",2002-10-01,2002-10-31
"ENSO34",2002,10,1.28096774193548,"October",2002-10-01,2002-10-31
"ENSO4",2002,10,0.87258064516129,"October",2002-10-01,2002-10-31
"DMI",2002,11,-0.0267666666666667,"November",2002-11-01,2002-11-30
"ENSO3",2002,11,1.24483333333333,"November",2002-11-01,2002-11-30
"ENSO34",2002,11,1.41,"November",2002-11-01,2002-11-30
"ENSO4",2002,11,0.896833333333333,"November",2002-11-01,2002-11-30
"DMI",2002,12,-0.192730107526882,"December",2002-12-01,2002-12-31
"ENSO3",2002,12,0.956096774193548,"December",2002-12-01,2002-12-31
"ENSO34",2002,12,1.1702688172043,"December",2002-12-01,2002-12-31
"ENSO4",2002,12,0.763967741935484,"December",2002-12-01,2002-12-31
"DMI",2003,1,-0.115129032258065,"January",2003-01-01,2003-01-31
"ENSO3",2003,1,0.501935483870968,"January",2003-01-01,2003-01-31
"ENSO34",2003,1,0.815483870967742,"January",2003-01-01,2003-01-31
"ENSO4",2003,1,0.700322580645161,"January",2003-01-01,2003-01-31
"DMI",2003,2,-0.01,"February",2003-02-01,2003-02-28
"ENSO3",2003,2,0.193214285714286,"February",2003-02-01,2003-02-28
"ENSO34",2003,2,0.562857142857143,"February",2003-02-01,2003-02-28
"ENSO4",2003,2,0.670714285714286,"February",2003-02-01,2003-02-28
"DMI",2003,3,-0.0680322580645161,"March",2003-03-01,2003-03-31
"ENSO3",2003,3,-0.151612903225806,"March",2003-03-01,2003-03-31
"ENSO34",2003,3,0.233225806451613,"March",2003-03-01,2003-03-31
"ENSO4",2003,3,0.538709677419355,"March",2003-03-01,2003-03-31
"DMI",2003,4,-0.130416666666667,"April",2003-04-01,2003-04-30
"ENSO3",2003,4,-0.647166666666667,"April",2003-04-01,2003-04-30
"ENSO34",2003,4,-0.266833333333333,"April",2003-04-01,2003-04-30
"ENSO4",2003,4,0.2605,"April",2003-04-01,2003-04-30
"DMI",2003,5,-0.0173870967741935,"May",2003-05-01,2003-05-31
"ENSO3",2003,5,-0.701290322580645,"May",2003-05-01,2003-05-31
"ENSO34",2003,5,-0.360322580645161,"May",2003-05-01,2003-05-31
"ENSO4",2003,5,0.138387096774194,"May",2003-05-01,2003-05-31
"DMI",2003,6,0.135133333333333,"June",2003-06-01,2003-06-30
"ENSO3",2003,6,-0.2535,"June",2003-06-01,2003-06-30
"ENSO34",2003,6,-0.0305,"June",2003-06-01,2003-06-30
"ENSO4",2003,6,0.219,"June",2003-06-01,2003-06-30
"DMI",2003,7,0.119870967741935,"July",2003-07-01,2003-07-31
"ENSO3",2003,7,0.0390322580645161,"July",2003-07-01,2003-07-31
"ENSO34",2003,7,0.0964516129032258,"July",2003-07-01,2003-07-31
"ENSO4",2003,7,0.235483870967742,"July",2003-07-01,2003-07-31
"DMI",2003,8,0.0262258064516129,"August",2003-08-01,2003-08-31
"ENSO3",2003,8,0.0458064516129032,"August",2003-08-01,2003-08-31
"ENSO34",2003,8,0.0983870967741935,"August",2003-08-01,2003-08-31
"ENSO4",2003,8,0.239354838709677,"August",2003-08-01,2003-08-31
"DMI",2003,9,-0.148966666666667,"September",2003-09-01,2003-09-30
"ENSO3",2003,9,0.198833333333333,"September",2003-09-01,2003-09-30
"ENSO34",2003,9,0.299833333333333,"September",2003-09-01,2003-09-30
"ENSO4",2003,9,0.371166666666667,"September",2003-09-01,2003-09-30
"DMI",2003,10,-0.202354838709677,"October",2003-10-01,2003-10-31
"ENSO3",2003,10,0.370645161290323,"October",2003-10-01,2003-10-31
"ENSO34",2003,10,0.426129032258065,"October",2003-10-01,2003-10-31
"ENSO4",2003,10,0.519032258064516,"October",2003-10-01,2003-10-31
"DMI",2003,11,0.00919999999999999,"November",2003-11-01,2003-11-30
"ENSO3",2003,11,0.437,"November",2003-11-01,2003-11-30
"ENSO34",2003,11,0.356166666666667,"November",2003-11-01,2003-11-30
"ENSO4",2003,11,0.482333333333333,"November",2003-11-01,2003-11-30
"DMI",2003,12,0.10179247311828,"December",2003-12-01,2003-12-31
"ENSO3",2003,12,0.503096774193548,"December",2003-12-01,2003-12-31
"ENSO34",2003,12,0.341,"December",2003-12-01,2003-12-31
"ENSO4",2003,12,0.426354838709677,"December",2003-12-01,2003-12-31
"DMI",2004,1,0.0652101661779081,"January",2004-01-01,2004-01-31
"ENSO3",2004,1,0.288709677419355,"January",2004-01-01,2004-01-31
"ENSO34",2004,1,0.236979472140762,"January",2004-01-01,2004-01-31
"ENSO4",2004,1,0.388875855327468,"January",2004-01-01,2004-01-31
"DMI",2004,2,0.0961379310344828,"February",2004-02-01,2004-02-29
"ENSO3",2004,2,0.043448275862069,"February",2004-02-01,2004-02-29
"ENSO34",2004,2,0.0396551724137931,"February",2004-02-01,2004-02-29
"ENSO4",2004,2,0.204137931034483,"February",2004-02-01,2004-02-29
"DMI",2004,3,0.00103225806451612,"March",2004-03-01,2004-03-31
"ENSO3",2004,3,-0.0503225806451613,"March",2004-03-01,2004-03-31
"ENSO34",2004,3,-0.0225806451612903,"March",2004-03-01,2004-03-31
"ENSO4",2004,3,0.15258064516129,"March",2004-03-01,2004-03-31
"DMI",2004,4,-0.314416666666667,"April",2004-04-01,2004-04-30
"ENSO3",2004,4,-0.175333333333333,"April",2004-04-01,2004-04-30
"ENSO34",2004,4,0.0793333333333333,"April",2004-04-01,2004-04-30
"ENSO4",2004,4,0.259,"April",2004-04-01,2004-04-30
"DMI",2004,5,-0.47741935483871,"May",2004-05-01,2004-05-31
"ENSO3",2004,5,-0.257096774193548,"May",2004-05-01,2004-05-31
"ENSO34",2004,5,0.119354838709677,"May",2004-05-01,2004-05-31
"ENSO4",2004,5,0.294838709677419,"May",2004-05-01,2004-05-31
"DMI",2004,6,-0.343883333333333,"June",2004-06-01,2004-06-30
"ENSO3",2004,6,-0.112666666666667,"June",2004-06-01,2004-06-30
"ENSO34",2004,6,0.2705,"June",2004-06-01,2004-06-30
"ENSO4",2004,6,0.391833333333333,"June",2004-06-01,2004-06-30
"DMI",2004,7,-0.219225806451613,"July",2004-07-01,2004-07-31
"ENSO3",2004,7,0.105483870967742,"July",2004-07-01,2004-07-31
"ENSO34",2004,7,0.530967741935484,"July",2004-07-01,2004-07-31
"ENSO4",2004,7,0.519032258064516,"July",2004-07-01,2004-07-31
"DMI",2004,8,-0.11941935483871,"August",2004-08-01,2004-08-31
"ENSO3",2004,8,0.288709677419355,"August",2004-08-01,2004-08-31
"ENSO34",2004,8,0.664838709677419,"August",2004-08-01,2004-08-31
"ENSO4",2004,8,0.632258064516129,"August",2004-08-01,2004-08-31
"DMI",2004,9,-0.0567,"September",2004-09-01,2004-09-30
"ENSO3",2004,9,0.397666666666667,"September",2004-09-01,2004-09-30
"ENSO34",2004,9,0.699,"September",2004-09-01,2004-09-30
"ENSO4",2004,9,0.7345,"September",2004-09-01,2004-09-30
"DMI",2004,10,-0.0760967741935484,"October",2004-10-01,2004-10-31
"ENSO3",2004,10,0.479677419354839,"October",2004-10-01,2004-10-31
"ENSO34",2004,10,0.676774193548387,"October",2004-10-01,2004-10-31
"ENSO4",2004,10,0.740322580645161,"October",2004-10-01,2004-10-31
"DMI",2004,11,-0.14285,"November",2004-11-01,2004-11-30
"ENSO3",2004,11,0.514166666666667,"November",2004-11-01,2004-11-30
"ENSO34",2004,11,0.6635,"November",2004-11-01,2004-11-30
"ENSO4",2004,11,0.739666666666667,"November",2004-11-01,2004-11-30
"DMI",2004,12,-0.112115749525617,"December",2004-12-01,2004-12-31
"ENSO3",2004,12,0.416157495256167,"December",2004-12-01,2004-12-31
"ENSO34",2004,12,0.604459203036053,"December",2004-12-01,2004-12-31
"ENSO4",2004,12,0.750056925996205,"December",2004-12-01,2004-12-31
"DMI",2005,1,-0.341897849462366,"January",2005-01-01,2005-01-31
"ENSO3",2005,1,0.0460860215053764,"January",2005-01-01,2005-01-31
"ENSO34",2005,1,0.358989247311828,"January",2005-01-01,2005-01-31
"ENSO4",2005,1,0.664903225806452,"January",2005-01-01,2005-01-31
"DMI",2005,2,-0.498285714285714,"February",2005-02-01,2005-02-28
"ENSO3",2005,2,-0.134107142857143,"February",2005-02-01,2005-02-28
"ENSO34",2005,2,0.269642857142857,"February",2005-02-01,2005-02-28
"ENSO4",2005,2,0.556607142857143,"February",2005-02-01,2005-02-28
"DMI",2005,3,-0.182322580645161,"March",2005-03-01,2005-03-31
"ENSO3",2005,3,-0.0148387096774193,"March",2005-03-01,2005-03-31
"ENSO34",2005,3,0.28,"March",2005-03-01,2005-03-31
"ENSO4",2005,3,0.442258064516129,"March",2005-03-01,2005-03-31
"DMI",2005,4,0.02745,"April",2005-04-01,2005-04-30
"ENSO3",2005,4,0.193166666666667,"April",2005-04-01,2005-04-30
"ENSO34",2005,4,0.289666666666667,"April",2005-04-01,2005-04-30
"ENSO4",2005,4,0.3265,"April",2005-04-01,2005-04-30
"DMI",2005,5,-0.102193548387097,"May",2005-05-01,2005-05-31
"ENSO3",2005,5,0.216129032258065,"May",2005-05-01,2005-05-31
"ENSO34",2005,5,0.261290322580645,"May",2005-05-01,2005-05-31
"ENSO4",2005,5,0.260645161290323,"May",2005-05-01,2005-05-31
"DMI",2005,6,-0.276533333333333,"June",2005-06-01,2005-06-30
"ENSO3",2005,6,0.151,"June",2005-06-01,2005-06-30
"ENSO34",2005,6,0.108833333333333,"June",2005-06-01,2005-06-30
"ENSO4",2005,6,0.172333333333333,"June",2005-06-01,2005-06-30
"DMI",2005,7,-0.365129032258065,"July",2005-07-01,2005-07-31
"ENSO3",2005,7,0.105483870967742,"July",2005-07-01,2005-07-31
"ENSO34",2005,7,-0.0245161290322581,"July",2005-07-01,2005-07-31
"ENSO4",2005,7,0.1,"July",2005-07-01,2005-07-31
"DMI",2005,8,-0.436451612903226,"August",2005-08-01,2005-08-31
"ENSO3",2005,8,-0.074516129032258,"August",2005-08-01,2005-08-31
"ENSO34",2005,8,-0.0593548387096774,"August",2005-08-01,2005-08-31
"ENSO4",2005,8,0.1,"August",2005-08-01,2005-08-31
"DMI",2005,9,-0.486633333333333,"September",2005-09-01,2005-09-30
"ENSO3",2005,9,-0.337,"September",2005-09-01,2005-09-30
"ENSO34",2005,9,-0.113833333333333,"September",2005-09-01,2005-09-30
"ENSO4",2005,9,0.0951666666666667,"September",2005-09-01,2005-09-30
"DMI",2005,10,-0.356645161290323,"October",2005-10-01,2005-10-31
"ENSO3",2005,10,-0.667096774193548,"October",2005-10-01,2005-10-31
"ENSO34",2005,10,-0.290322580645161,"October",2005-10-01,2005-10-31
"ENSO4",2005,10,0.0270967741935484,"October",2005-10-01,2005-10-31
"DMI",2005,11,-0.285533333333333,"November",2005-11-01,2005-11-30
"ENSO3",2005,11,-1.08916666666667,"November",2005-11-01,2005-11-30
"ENSO34",2005,11,-0.589833333333333,"November",2005-11-01,2005-11-30
"ENSO4",2005,11,-0.1415,"November",2005-11-01,2005-11-30
"DMI",2005,12,-0.220161290322581,"December",2005-12-01,2005-12-31
"ENSO3",2005,12,-1.09096774193548,"December",2005-12-01,2005-12-31
"ENSO34",2005,12,-0.861290322580645,"December",2005-12-01,2005-12-31
"ENSO4",2005,12,-0.390322580645161,"December",2005-12-01,2005-12-31
"DMI",2006,1,-0.22,"January",2006-01-01,2006-01-31
"ENSO3",2006,1,-0.65,"January",2006-01-01,2006-01-31
"ENSO34",2006,1,-0.845,"January",2006-01-01,2006-01-31
"ENSO4",2006,1,-0.6,"January",2006-01-01,2006-01-31
"DMI",2006,2,-0.266910714285714,"February",2006-02-01,2006-02-28
"ENSO3",2006,2,-0.486785714285714,"February",2006-02-01,2006-02-28
"ENSO34",2006,2,-0.719642857142857,"February",2006-02-01,2006-02-28
"ENSO4",2006,2,-0.573214285714286,"February",2006-02-01,2006-02-28
"DMI",2006,3,-0.123903225806452,"March",2006-03-01,2006-03-31
"ENSO3",2006,3,-0.425161290322581,"March",2006-03-01,2006-03-31
"ENSO34",2006,3,-0.521935483870968,"March",2006-03-01,2006-03-31
"ENSO4",2006,3,-0.354193548387097,"March",2006-03-01,2006-03-31
"DMI",2006,4,-0.1078,"April",2006-04-01,2006-04-30
"ENSO3",2006,4,-0.202,"April",2006-04-01,2006-04-30
"ENSO34",2006,4,-0.208166666666667,"April",2006-04-01,2006-04-30
"ENSO4",2006,4,-0.113666666666667,"April",2006-04-01,2006-04-30
"DMI",2006,5,-0.135387096774194,"May",2006-05-01,2006-05-31
"ENSO3",2006,5,-0.0819354838709677,"May",2006-05-01,2006-05-31
"ENSO34",2006,5,-0.0132258064516129,"May",2006-05-01,2006-05-31
"ENSO4",2006,5,0.0774193548387097,"May",2006-05-01,2006-05-31
"DMI",2006,6,-0.01115,"June",2006-06-01,2006-06-30
"ENSO3",2006,6,-0.0151666666666667,"June",2006-06-01,2006-06-30
"ENSO34",2006,6,0.061,"June",2006-06-01,2006-06-30
"ENSO4",2006,6,0.184166666666667,"June",2006-06-01,2006-06-30
"DMI",2006,7,0.131451612903226,"July",2006-07-01,2006-07-31
"ENSO3",2006,7,0.169032258064516,"July",2006-07-01,2006-07-31
"ENSO34",2006,7,0.194516129032258,"July",2006-07-01,2006-07-31
"ENSO4",2006,7,0.326129032258064,"July",2006-07-01,2006-07-31
"DMI",2006,8,0.325290322580645,"August",2006-08-01,2006-08-31
"ENSO3",2006,8,0.529354838709677,"August",2006-08-01,2006-08-31
"ENSO34",2006,8,0.495806451612903,"August",2006-08-01,2006-08-31
"ENSO4",2006,8,0.508064516129032,"August",2006-08-01,2006-08-31
"DMI",2006,9,0.500016666666667,"September",2006-09-01,2006-09-30
"ENSO3",2006,9,0.777666666666667,"September",2006-09-01,2006-09-30
"ENSO34",2006,9,0.692833333333333,"September",2006-09-01,2006-09-30
"ENSO4",2006,9,0.6135,"September",2006-09-01,2006-09-30
"DMI",2006,10,0.540225806451613,"October",2006-10-01,2006-10-31
"ENSO3",2006,10,0.888709677419355,"October",2006-10-01,2006-10-31
"ENSO34",2006,10,0.866451612903226,"October",2006-10-01,2006-10-31
"ENSO4",2006,10,0.708387096774194,"October",2006-10-01,2006-10-31
"DMI",2006,11,0.341983333333333,"November",2006-11-01,2006-11-30
"ENSO3",2006,11,0.992833333333333,"November",2006-11-01,2006-11-30
"ENSO34",2006,11,1.038,"November",2006-11-01,2006-11-30
"ENSO4",2006,11,0.789,"November",2006-11-01,2006-11-30
"DMI",2006,12,0.197161290322581,"December",2006-12-01,2006-12-31
"ENSO3",2006,12,0.851935483870968,"December",2006-12-01,2006-12-31
"ENSO34",2006,12,0.853225806451613,"December",2006-12-01,2006-12-31
"ENSO4",2006,12,0.679677419354839,"December",2006-12-01,2006-12-31
"DMI",2007,1,0.188193548387097,"January",2007-01-01,2007-01-31
"ENSO3",2007,1,0.325161290322581,"January",2007-01-01,2007-01-31
"ENSO34",2007,1,0.36258064516129,"January",2007-01-01,2007-01-31
"ENSO4",2007,1,0.442903225806452,"January",2007-01-01,2007-01-31
"DMI",2007,2,0.133607142857143,"February",2007-02-01,2007-02-28
"ENSO3",2007,2,-0.173571428571429,"February",2007-02-01,2007-02-28
"ENSO34",2007,2,-0.0101785714285714,"February",2007-02-01,2007-02-28
"ENSO4",2007,2,0.253571428571429,"February",2007-02-01,2007-02-28
"DMI",2007,3,0.108258064516129,"March",2007-03-01,2007-03-31
"ENSO3",2007,3,-0.403548387096774,"March",2007-03-01,2007-03-31
"ENSO34",2007,3,-0.154838709677419,"March",2007-03-01,2007-03-31
"ENSO4",2007,3,0.125806451612903,"March",2007-03-01,2007-03-31
"DMI",2007,4,0.182166666666667,"April",2007-04-01,2007-04-30
"ENSO3",2007,4,-0.599833333333333,"April",2007-04-01,2007-04-30
"ENSO34",2007,4,-0.271166666666667,"April",2007-04-01,2007-04-30
"ENSO4",2007,4,0.0275,"April",2007-04-01,2007-04-30
"DMI",2007,5,0.153870967741935,"May",2007-05-01,2007-05-31
"ENSO3",2007,5,-0.639032258064516,"May",2007-05-01,2007-05-31
"ENSO34",2007,5,-0.278709677419355,"May",2007-05-01,2007-05-31
"ENSO4",2007,5,-0.00645161290322581,"May",2007-05-01,2007-05-31
"DMI",2007,6,0.03725,"June",2007-06-01,2007-06-30
"ENSO3",2007,6,-0.568,"June",2007-06-01,2007-06-30
"ENSO34",2007,6,-0.2615,"June",2007-06-01,2007-06-30
"ENSO4",2007,6,-0.0276666666666667,"June",2007-06-01,2007-06-30
"DMI",2007,7,0.13741935483871,"July",2007-07-01,2007-07-31
"ENSO3",2007,7,-0.789677419354839,"July",2007-07-01,2007-07-31
"ENSO34",2007,7,-0.466774193548387,"July",2007-07-01,2007-07-31
"ENSO4",2007,7,-0.133870967741935,"July",2007-07-01,2007-07-31
"DMI",2007,8,0.235516129032258,"August",2007-08-01,2007-08-31
"ENSO3",2007,8,-1.11967741935484,"August",2007-08-01,2007-08-31
"ENSO34",2007,8,-0.79741935483871,"August",2007-08-01,2007-08-31
"ENSO4",2007,8,-0.358709677419355,"August",2007-08-01,2007-08-31
"DMI",2007,9,0.154283333333333,"September",2007-09-01,2007-09-30
"ENSO3",2007,9,-1.38183333333333,"September",2007-09-01,2007-09-30
"ENSO34",2007,9,-1.214,"September",2007-09-01,2007-09-30
"ENSO4",2007,9,-0.6615,"September",2007-09-01,2007-09-30
"DMI",2007,10,0.0239677419354839,"October",2007-10-01,2007-10-31
"ENSO3",2007,10,-1.59129032258065,"October",2007-10-01,2007-10-31
"ENSO34",2007,10,-1.48709677419355,"October",2007-10-01,2007-10-31
"ENSO4",2007,10,-0.934516129032258,"October",2007-10-01,2007-10-31
"DMI",2007,11,-0.1216,"November",2007-11-01,2007-11-30
"ENSO3",2007,11,-1.69066666666667,"November",2007-11-01,2007-11-30
"ENSO34",2007,11,-1.5945,"November",2007-11-01,2007-11-30
"ENSO4",2007,11,-1.0955,"November",2007-11-01,2007-11-30
"DMI",2007,12,-0.0670322580645161,"December",2007-12-01,2007-12-31
"ENSO3",2007,12,-1.63725806451613,"December",2007-12-01,2007-12-31
"ENSO34",2007,12,-1.6941935483871,"December",2007-12-01,2007-12-31
"ENSO4",2007,12,-1.22032258064516,"December",2007-12-01,2007-12-31
"DMI",2008,1,0.0245161290322581,"January",2008-01-01,2008-01-31
"ENSO3",2008,1,-1.43064516129032,"January",2008-01-01,2008-01-31
"ENSO34",2008,1,-1.74645161290323,"January",2008-01-01,2008-01-31
"ENSO4",2008,1,-1.41870967741935,"January",2008-01-01,2008-01-31
"DMI",2008,2,0.00958620689655172,"February",2008-02-01,2008-02-29
"ENSO3",2008,2,-0.998965517241379,"February",2008-02-01,2008-02-29
"ENSO34",2008,2,-1.44413793103448,"February",2008-02-01,2008-02-29
"ENSO4",2008,2,-1.34896551724138,"February",2008-02-01,2008-02-29
"DMI",2008,3,-0.0239677419354839,"March",2008-03-01,2008-03-31
"ENSO3",2008,3,-0.604193548387097,"March",2008-03-01,2008-03-31
"ENSO34",2008,3,-1.03451612903226,"March",2008-03-01,2008-03-31
"ENSO4",2008,3,-1.09451612903226,"March",2008-03-01,2008-03-31
"DMI",2008,4,0.00698333333333331,"April",2008-04-01,2008-04-30
"ENSO3",2008,4,-0.334666666666667,"April",2008-04-01,2008-04-30
"ENSO34",2008,4,-0.769166666666667,"April",2008-04-01,2008-04-30
"ENSO4",2008,4,-0.901666666666667,"April",2008-04-01,2008-04-30
"DMI",2008,5,0.195903225806452,"May",2008-05-01,2008-05-31
"ENSO3",2008,5,-0.11741935483871,"May",2008-05-01,2008-05-31
"ENSO34",2008,5,-0.543225806451613,"May",2008-05-01,2008-05-31
"ENSO4",2008,5,-0.758064516129032,"May",2008-05-01,2008-05-31
"DMI",2008,6,0.229983333333333,"June",2008-06-01,2008-06-30
"ENSO3",2008,6,0.138833333333333,"June",2008-06-01,2008-06-30
"ENSO34",2008,6,-0.246666666666667,"June",2008-06-01,2008-06-30
"ENSO4",2008,6,-0.5585,"June",2008-06-01,2008-06-30
"DMI",2008,7,0.186967741935484,"July",2008-07-01,2008-07-31
"ENSO3",2008,7,0.431612903225806,"July",2008-07-01,2008-07-31
"ENSO34",2008,7,-0.04,"July",2008-07-01,2008-07-31
"ENSO4",2008,7,-0.411290322580645,"July",2008-07-01,2008-07-31
"DMI",2008,8,0.105612903225806,"August",2008-08-01,2008-08-31
"ENSO3",2008,8,0.293225806451613,"August",2008-08-01,2008-08-31
"ENSO34",2008,8,-0.156129032258065,"August",2008-08-01,2008-08-31
"ENSO4",2008,8,-0.408709677419355,"August",2008-08-01,2008-08-31
"DMI",2008,9,0.05845,"September",2008-09-01,2008-09-30
"ENSO3",2008,9,0.00583333333333333,"September",2008-09-01,2008-09-30
"ENSO34",2008,9,-0.289666666666667,"September",2008-09-01,2008-09-30
"ENSO4",2008,9,-0.425833333333333,"September",2008-09-01,2008-09-30
"DMI",2008,10,-0.0469677419354839,"October",2008-10-01,2008-10-31
"ENSO3",2008,10,-0.0829032258064516,"October",2008-10-01,2008-10-31
"ENSO34",2008,10,-0.333870967741935,"October",2008-10-01,2008-10-31
"ENSO4",2008,10,-0.458064516129032,"October",2008-10-01,2008-10-31
"DMI",2008,11,-0.09175,"November",2008-11-01,2008-11-30
"ENSO3",2008,11,-0.382,"November",2008-11-01,2008-11-30
"ENSO34",2008,11,-0.626166666666667,"November",2008-11-01,2008-11-30
"ENSO4",2008,11,-0.616666666666667,"November",2008-11-01,2008-11-30
"DMI",2008,12,-0.0122680756395996,"December",2008-12-01,2008-12-31
"ENSO3",2008,12,-0.659321468298109,"December",2008-12-01,2008-12-31
"ENSO34",2008,12,-0.972536151279199,"December",2008-12-01,2008-12-31
"ENSO4",2008,12,-0.738220244716352,"December",2008-12-01,2008-12-31
"DMI",2009,1,0.111669829222011,"January",2009-01-01,2009-01-31
"ENSO3",2009,1,-0.411764705882353,"January",2009-01-01,2009-01-31
"ENSO34",2009,1,-0.658358633776091,"January",2009-01-01,2009-01-31
"ENSO4",2009,1,-0.457504743833017,"January",2009-01-01,2009-01-31
"DMI",2009,2,0.132625,"February",2009-02-01,2009-02-28
"ENSO3",2009,2,-0.620178571428571,"February",2009-02-01,2009-02-28
"ENSO34",2009,2,-0.714821428571428,"February",2009-02-01,2009-02-28
"ENSO4",2009,2,-0.438035714285714,"February",2009-02-01,2009-02-28
"DMI",2009,3,0.11258064516129,"March",2009-03-01,2009-03-31
"ENSO3",2009,3,-0.426129032258065,"March",2009-03-01,2009-03-31
"ENSO34",2009,3,-0.49258064516129,"March",2009-03-01,2009-03-31
"ENSO4",2009,3,-0.224193548387097,"March",2009-03-01,2009-03-31
"DMI",2009,4,0.188833333333333,"April",2009-04-01,2009-04-30
"ENSO3",2009,4,0.128166666666667,"April",2009-04-01,2009-04-30
"ENSO34",2009,4,-0.047,"April",2009-04-01,2009-04-30
"ENSO4",2009,4,0.0308333333333333,"April",2009-04-01,2009-04-30
"DMI",2009,5,0.180516129032258,"May",2009-05-01,2009-05-31
"ENSO3",2009,5,0.519032258064516,"May",2009-05-01,2009-05-31
"ENSO34",2009,5,0.324838709677419,"May",2009-05-01,2009-05-31
"ENSO4",2009,5,0.247096774193548,"May",2009-05-01,2009-05-31
"DMI",2009,6,-0.0411333333333333,"June",2009-06-01,2009-06-30
"ENSO3",2009,6,0.797,"June",2009-06-01,2009-06-30
"ENSO34",2009,6,0.586666666666667,"June",2009-06-01,2009-06-30
"ENSO4",2009,6,0.398,"June",2009-06-01,2009-06-30
"DMI",2009,7,-0.14941935483871,"July",2009-07-01,2009-07-31
"ENSO3",2009,7,0.807741935483871,"July",2009-07-01,2009-07-31
"ENSO34",2009,7,0.656129032258065,"July",2009-07-01,2009-07-31
"ENSO4",2009,7,0.53741935483871,"July",2009-07-01,2009-07-31
"DMI",2009,8,-0.103516129032258,"August",2009-08-01,2009-08-31
"ENSO3",2009,8,0.739354838709677,"August",2009-08-01,2009-08-31
"ENSO34",2009,8,0.649032258064516,"August",2009-08-01,2009-08-31
"ENSO4",2009,8,0.605483870967742,"August",2009-08-01,2009-08-31
"DMI",2009,9,-0.0595,"September",2009-09-01,2009-09-30
"ENSO3",2009,9,0.769666666666667,"September",2009-09-01,2009-09-30
"ENSO34",2009,9,0.815333333333333,"September",2009-09-01,2009-09-30
"ENSO4",2009,9,0.7495,"September",2009-09-01,2009-09-30
"DMI",2009,10,-0.0391290322580645,"October",2009-10-01,2009-10-31
"ENSO3",2009,10,0.978387096774194,"October",2009-10-01,2009-10-31
"ENSO34",2009,10,1.21645161290323,"October",2009-10-01,2009-10-31
"ENSO4",2009,10,1.06032258064516,"October",2009-10-01,2009-10-31
"DMI",2009,11,0.0427166666666667,"November",2009-11-01,2009-11-30
"ENSO3",2009,11,1.32533333333333,"November",2009-11-01,2009-11-30
"ENSO34",2009,11,1.64466666666667,"November",2009-11-01,2009-11-30
"ENSO4",2009,11,1.25833333333333,"November",2009-11-01,2009-11-30
"DMI",2009,12,0.207257115749526,"December",2009-12-01,2009-12-31
"ENSO3",2009,12,1.12229601518027,"December",2009-12-01,2009-12-31
"ENSO34",2009,12,1.39498102466793,"December",2009-12-01,2009-12-31
"ENSO4",2009,12,1.08759013282732,"December",2009-12-01,2009-12-31
"DMI",2010,1,0.152627956989247,"January",2010-01-01,2010-01-31
"ENSO3",2010,1,0.779279569892473,"January",2010-01-01,2010-01-31
"ENSO34",2010,1,1.09761290322581,"January",2010-01-01,2010-01-31
"ENSO4",2010,1,0.908559139784946,"January",2010-01-01,2010-01-31
"DMI",2010,2,0.232732142857143,"February",2010-02-01,2010-02-28
"ENSO3",2010,2,0.703214285714286,"February",2010-02-01,2010-02-28
"ENSO34",2010,2,1.12696428571429,"February",2010-02-01,2010-02-28
"ENSO4",2010,2,0.925892857142857,"February",2010-02-01,2010-02-28
"DMI",2010,3,0.41541935483871,"March",2010-03-01,2010-03-31
"ENSO3",2010,3,0.571290322580645,"March",2010-03-01,2010-03-31
"ENSO34",2010,3,0.823225806451613,"March",2010-03-01,2010-03-31
"ENSO4",2010,3,0.803225806451613,"March",2010-03-01,2010-03-31
"DMI",2010,4,0.176666666666667,"April",2010-04-01,2010-04-30
"ENSO3",2010,4,0.269,"April",2010-04-01,2010-04-30
"ENSO34",2010,4,0.216833333333333,"April",2010-04-01,2010-04-30
"ENSO4",2010,4,0.41,"April",2010-04-01,2010-04-30
"DMI",2010,5,-0.0832258064516129,"May",2010-05-01,2010-05-31
"ENSO3",2010,5,-0.261612903225806,"May",2010-05-01,2010-05-31
"ENSO34",2010,5,-0.37741935483871,"May",2010-05-01,2010-05-31
"ENSO4",2010,5,-0.0693548387096774,"May",2010-05-01,2010-05-31
"DMI",2010,6,-0.0728166666666667,"June",2010-06-01,2010-06-30
"ENSO3",2010,6,-0.679833333333333,"June",2010-06-01,2010-06-30
"ENSO34",2010,6,-0.7505,"June",2010-06-01,2010-06-30
"ENSO4",2010,6,-0.424,"June",2010-06-01,2010-06-30
"DMI",2010,7,-0.0305161290322581,"July",2010-07-01,2010-07-31
"ENSO3",2010,7,-0.951290322580645,"July",2010-07-01,2010-07-31
"ENSO34",2010,7,-1.10290322580645,"July",2010-07-01,2010-07-31
"ENSO4",2010,7,-0.856774193548387,"July",2010-07-01,2010-07-31
"DMI",2010,8,-0.161677419354839,"August",2010-08-01,2010-08-31
"ENSO3",2010,8,-1.20064516129032,"August",2010-08-01,2010-08-31
"ENSO34",2010,8,-1.44129032258065,"August",2010-08-01,2010-08-31
"ENSO4",2010,8,-1.19741935483871,"August",2010-08-01,2010-08-31
"DMI",2010,9,-0.349683333333333,"September",2010-09-01,2010-09-30
"ENSO3",2010,9,-1.514,"September",2010-09-01,2010-09-30
"ENSO34",2010,9,-1.6035,"September",2010-09-01,2010-09-30
"ENSO4",2010,9,-1.338,"September",2010-09-01,2010-09-30
"DMI",2010,10,-0.465064516129032,"October",2010-10-01,2010-10-31
"ENSO3",2010,10,-1.63225806451613,"October",2010-10-01,2010-10-31
"ENSO34",2010,10,-1.61129032258065,"October",2010-10-01,2010-10-31
"ENSO4",2010,10,-1.40483870967742,"October",2010-10-01,2010-10-31
"DMI",2010,11,-0.358216666666667,"November",2010-11-01,2010-11-30
"ENSO3",2010,11,-1.55516666666667,"November",2010-11-01,2010-11-30
"ENSO34",2010,11,-1.599,"November",2010-11-01,2010-11-30
"ENSO4",2010,11,-1.39066666666667,"November",2010-11-01,2010-11-30
"DMI",2010,12,-0.016516129032258,"December",2010-12-01,2010-12-31
"ENSO3",2010,12,-1.48225806451613,"December",2010-12-01,2010-12-31
"ENSO34",2010,12,-1.66387096774194,"December",2010-12-01,2010-12-31
"ENSO4",2010,12,-1.37483870967742,"December",2010-12-01,2010-12-31
"DMI",2011,1,0.212079569892473,"January",2011-01-01,2011-01-31
"ENSO3",2011,1,-1.10294623655914,"January",2011-01-01,2011-01-31
"ENSO34",2011,1,-1.4548064516129,"January",2011-01-01,2011-01-31
"ENSO4",2011,1,-1.18805376344086,"January",2011-01-01,2011-01-31
"DMI",2011,2,0.302267857142857,"February",2011-02-01,2011-02-28
"ENSO3",2011,2,-0.80625,"February",2011-02-01,2011-02-28
"ENSO34",2011,2,-1.125,"February",2011-02-01,2011-02-28
"ENSO4",2011,2,-0.885,"February",2011-02-01,2011-02-28
"DMI",2011,3,0.263935483870968,"March",2011-03-01,2011-03-31
"ENSO3",2011,3,-0.571612903225806,"March",2011-03-01,2011-03-31
"ENSO34",2011,3,-0.863870967741936,"March",2011-03-01,2011-03-31
"ENSO4",2011,3,-0.715806451612903,"March",2011-03-01,2011-03-31
"DMI",2011,4,0.03655,"April",2011-04-01,2011-04-30
"ENSO3",2011,4,-0.297166666666667,"April",2011-04-01,2011-04-30
"ENSO34",2011,4,-0.6385,"April",2011-04-01,2011-04-30
"ENSO4",2011,4,-0.612666666666667,"April",2011-04-01,2011-04-30
"DMI",2011,5,-0.0193225806451613,"May",2011-05-01,2011-05-31
"ENSO3",2011,5,-0.0751612903225806,"May",2011-05-01,2011-05-31
"ENSO34",2011,5,-0.394516129032258,"May",2011-05-01,2011-05-31
"ENSO4",2011,5,-0.476774193548387,"May",2011-05-01,2011-05-31
"DMI",2011,6,0.1362,"June",2011-06-01,2011-06-30
"ENSO3",2011,6,0.0755,"June",2011-06-01,2011-06-30
"ENSO34",2011,6,-0.240333333333333,"June",2011-06-01,2011-06-30
"ENSO4",2011,6,-0.444166666666667,"June",2011-06-01,2011-06-30
"DMI",2011,7,0.281548387096774,"July",2011-07-01,2011-07-31
"ENSO3",2011,7,-0.16258064516129,"July",2011-07-01,2011-07-31
"ENSO34",2011,7,-0.438064516129032,"July",2011-07-01,2011-07-31
"ENSO4",2011,7,-0.523225806451613,"July",2011-07-01,2011-07-31
"DMI",2011,8,0.275290322580645,"August",2011-08-01,2011-08-31
"ENSO3",2011,8,-0.535483870967742,"August",2011-08-01,2011-08-31
"ENSO34",2011,8,-0.708387096774194,"August",2011-08-01,2011-08-31
"ENSO4",2011,8,-0.628387096774194,"August",2011-08-01,2011-08-31
"DMI",2011,9,0.276433333333333,"September",2011-09-01,2011-09-30
"ENSO3",2011,9,-0.825,"September",2011-09-01,2011-09-30
"ENSO34",2011,9,-0.842166666666667,"September",2011-09-01,2011-09-30
"ENSO4",2011,9,-0.713833333333333,"September",2011-09-01,2011-09-30
"DMI",2011,10,0.346322580645161,"October",2011-10-01,2011-10-31
"ENSO3",2011,10,-1.00903225806452,"October",2011-10-01,2011-10-31
"ENSO34",2011,10,-1.00741935483871,"October",2011-10-01,2011-10-31
"ENSO4",2011,10,-0.745161290322581,"October",2011-10-01,2011-10-31
"DMI",2011,11,0.111733333333333,"November",2011-11-01,2011-11-30
"ENSO3",2011,11,-0.919166666666667,"November",2011-11-01,2011-11-30
"ENSO34",2011,11,-1.07066666666667,"November",2011-11-01,2011-11-30
"ENSO4",2011,11,-0.885,"November",2011-11-01,2011-11-30
"DMI",2011,12,-0.0438064516129032,"December",2011-12-01,2011-12-31
"ENSO3",2011,12,-0.760967741935484,"December",2011-12-01,2011-12-31
"ENSO34",2011,12,-0.991935483870968,"December",2011-12-01,2011-12-31
"ENSO4",2011,12,-1.02548387096774,"December",2011-12-01,2011-12-31
"DMI",2012,1,-0.016,"January",2012-01-01,2012-01-31
"ENSO3",2012,1,-0.435,"January",2012-01-01,2012-01-31
"ENSO34",2012,1,-0.77,"January",2012-01-01,2012-01-31
"ENSO4",2012,1,-0.865,"January",2012-01-01,2012-01-31
"DMI",2012,2,-0.0277931034482759,"February",2012-02-01,2012-02-29
"ENSO3",2012,2,-0.144827586206897,"February",2012-02-01,2012-02-29
"ENSO34",2012,2,-0.547241379310345,"February",2012-02-01,2012-02-29
"ENSO4",2012,2,-0.642758620689655,"February",2012-02-01,2012-02-29
"DMI",2012,3,-0.117709677419355,"March",2012-03-01,2012-03-31
"ENSO3",2012,3,-0.0774193548387097,"March",2012-03-01,2012-03-31
"ENSO34",2012,3,-0.388064516129032,"March",2012-03-01,2012-03-31
"ENSO4",2012,3,-0.443870967741936,"March",2012-03-01,2012-03-31
"DMI",2012,4,-0.31885,"April",2012-04-01,2012-04-30
"ENSO3",2012,4,0.00483333333333333,"April",2012-04-01,2012-04-30
"ENSO34",2012,4,-0.236833333333333,"April",2012-04-01,2012-04-30
"ENSO4",2012,4,-0.300666666666667,"April",2012-04-01,2012-04-30
"DMI",2012,5,-0.190483870967742,"May",2012-05-01,2012-05-31
"ENSO3",2012,5,0.247096774193548,"May",2012-05-01,2012-05-31
"ENSO34",2012,5,-0.0251612903225806,"May",2012-05-01,2012-05-31
"ENSO4",2012,5,-0.221935483870968,"May",2012-05-01,2012-05-31
"DMI",2012,6,0.264416666666667,"June",2012-06-01,2012-06-30
"ENSO3",2012,6,0.6595,"June",2012-06-01,2012-06-30
"ENSO34",2012,6,0.285,"June",2012-06-01,2012-06-30
"ENSO4",2012,6,-0.111666666666667,"June",2012-06-01,2012-06-30
"DMI",2012,7,0.597290322580645,"July",2012-07-01,2012-07-31
"ENSO3",2012,7,0.791290322580645,"July",2012-07-01,2012-07-31
"ENSO34",2012,7,0.546451612903226,"July",2012-07-01,2012-07-31
"ENSO4",2012,7,0.104516129032258,"July",2012-07-01,2012-07-31
"DMI",2012,8,0.555709677419355,"August",2012-08-01,2012-08-31
"ENSO3",2012,8,0.575806451612903,"August",2012-08-01,2012-08-31
"ENSO34",2012,8,0.553548387096774,"August",2012-08-01,2012-08-31
"ENSO4",2012,8,0.28,"August",2012-08-01,2012-08-31
"DMI",2012,9,0.287216666666667,"September",2012-09-01,2012-09-30
"ENSO3",2012,9,0.220833333333333,"September",2012-09-01,2012-09-30
"ENSO34",2012,9,0.3385,"September",2012-09-01,2012-09-30
"ENSO4",2012,9,0.304166666666667,"September",2012-09-01,2012-09-30
"DMI",2012,10,0.00838709677419353,"October",2012-10-01,2012-10-31
"ENSO3",2012,10,0.102903225806452,"October",2012-10-01,2012-10-31
"ENSO34",2012,10,0.278387096774194,"October",2012-10-01,2012-10-31
"ENSO4",2012,10,0.344516129032258,"October",2012-10-01,2012-10-31
"DMI",2012,11,0.0778666666666667,"November",2012-11-01,2012-11-30
"ENSO3",2012,11,-0.0475,"November",2012-11-01,2012-11-30
"ENSO34",2012,11,0.107666666666667,"November",2012-11-01,2012-11-30
"ENSO4",2012,11,0.234333333333333,"November",2012-11-01,2012-11-30
"DMI",2012,12,0.112241935483871,"December",2012-12-01,2012-12-31
"ENSO3",2012,12,-0.425,"December",2012-12-01,2012-12-31
"ENSO34",2012,12,-0.265645161290323,"December",2012-12-01,2012-12-31
"ENSO4",2012,12,0.0251612903225807,"December",2012-12-01,2012-12-31
"DMI",2013,1,0.0579032258064516,"January",2013-01-01,2013-01-31
"ENSO3",2013,1,-0.522258064516129,"January",2013-01-01,2013-01-31
"ENSO34",2013,1,-0.410322580645161,"January",2013-01-01,2013-01-31
"ENSO4",2013,1,-0.103548387096774,"January",2013-01-01,2013-01-31
"DMI",2013,2,0.137892857142857,"February",2013-02-01,2013-02-28
"ENSO3",2013,2,-0.21375,"February",2013-02-01,2013-02-28
"ENSO34",2013,2,-0.274642857142857,"February",2013-02-01,2013-02-28
"ENSO4",2013,2,-0.164464285714286,"February",2013-02-01,2013-02-28
"DMI",2013,3,-0.100870967741935,"March",2013-03-01,2013-03-31
"ENSO3",2013,3,-0.0325806451612903,"March",2013-03-01,2013-03-31
"ENSO34",2013,3,-0.110967741935484,"March",2013-03-01,2013-03-31
"ENSO4",2013,3,-0.121935483870968,"March",2013-03-01,2013-03-31
"DMI",2013,4,-0.398016666666667,"April",2013-04-01,2013-04-30
"ENSO3",2013,4,-0.380666666666667,"April",2013-04-01,2013-04-30
"ENSO34",2013,4,-0.176666666666667,"April",2013-04-01,2013-04-30
"ENSO4",2013,4,-0.06,"April",2013-04-01,2013-04-30
"DMI",2013,5,-0.501645161290323,"May",2013-05-01,2013-05-31
"ENSO3",2013,5,-0.689354838709677,"May",2013-05-01,2013-05-31
"ENSO34",2013,5,-0.304193548387097,"May",2013-05-01,2013-05-31
"ENSO4",2013,5,-0.0890322580645161,"May",2013-05-01,2013-05-31
"DMI",2013,6,-0.343783333333333,"June",2013-06-01,2013-06-30
"ENSO3",2013,6,-0.6375,"June",2013-06-01,2013-06-30
"ENSO34",2013,6,-0.305833333333333,"June",2013-06-01,2013-06-30
"ENSO4",2013,6,-0.115166666666667,"June",2013-06-01,2013-06-30
"DMI",2013,7,-0.186774193548387,"July",2013-07-01,2013-07-31
"ENSO3",2013,7,-0.521290322580645,"July",2013-07-01,2013-07-31
"ENSO34",2013,7,-0.284838709677419,"July",2013-07-01,2013-07-31
"ENSO4",2013,7,-0.0470967741935484,"July",2013-07-01,2013-07-31
"DMI",2013,8,-0.250129032258065,"August",2013-08-01,2013-08-31
"ENSO3",2013,8,-0.354193548387097,"August",2013-08-01,2013-08-31
"ENSO34",2013,8,-0.193225806451613,"August",2013-08-01,2013-08-31
"ENSO4",2013,8,0.0103225806451613,"August",2013-08-01,2013-08-31
"DMI",2013,9,-0.241366666666667,"September",2013-09-01,2013-09-30
"ENSO3",2013,9,-0.162,"September",2013-09-01,2013-09-30
"ENSO34",2013,9,-0.1625,"September",2013-09-01,2013-09-30
"ENSO4",2013,9,-0.0241666666666667,"September",2013-09-01,2013-09-30
"DMI",2013,10,0.0095806451612903,"October",2013-10-01,2013-10-31
"ENSO3",2013,10,-0.104838709677419,"October",2013-10-01,2013-10-31
"ENSO34",2013,10,-0.133548387096774,"October",2013-10-01,2013-10-31
"ENSO4",2013,10,0.0516129032258065,"October",2013-10-01,2013-10-31
"DMI",2013,11,0.170966666666667,"November",2013-11-01,2013-11-30
"ENSO3",2013,11,-0.0665,"November",2013-11-01,2013-11-30
"ENSO34",2013,11,-0.0538333333333333,"November",2013-11-01,2013-11-30
"ENSO4",2013,11,0.044,"November",2013-11-01,2013-11-30
"DMI",2013,12,0.0288440860215054,"December",2013-12-01,2013-12-31
"ENSO3",2013,12,-0.147806451612903,"December",2013-12-01,2013-12-31
"ENSO34",2013,12,-0.244752688172043,"December",2013-12-01,2013-12-31
"ENSO4",2013,12,-0.144645161290323,"December",2013-12-01,2013-12-31
"DMI",2014,1,-0.0951935483870968,"January",2014-01-01,2014-01-31
"ENSO3",2014,1,-0.453870967741936,"January",2014-01-01,2014-01-31
"ENSO34",2014,1,-0.434516129032258,"January",2014-01-01,2014-01-31
"ENSO4",2014,1,-0.08,"January",2014-01-01,2014-01-31
"DMI",2014,2,-0.118892857142857,"February",2014-02-01,2014-02-28
"ENSO3",2014,2,-0.41375,"February",2014-02-01,2014-02-28
"ENSO34",2014,2,-0.266785714285714,"February",2014-02-01,2014-02-28
"ENSO4",2014,2,0.171607142857143,"February",2014-02-01,2014-02-28
"DMI",2014,3,-0.106,"March",2014-03-01,2014-03-31
"ENSO3",2014,3,0.0238709677419355,"March",2014-03-01,2014-03-31
"ENSO34",2014,3,0.0993548387096774,"March",2014-03-01,2014-03-31
"ENSO4",2014,3,0.299032258064516,"March",2014-03-01,2014-03-31
"DMI",2014,4,-0.0744333333333333,"April",2014-04-01,2014-04-30
"ENSO3",2014,4,0.3795,"April",2014-04-01,2014-04-30
"ENSO34",2014,4,0.362166666666667,"April",2014-04-01,2014-04-30
"ENSO4",2014,4,0.368666666666667,"April",2014-04-01,2014-04-30
"DMI",2014,5,-0.0610322580645161,"May",2014-05-01,2014-05-31
"ENSO3",2014,5,0.724193548387097,"May",2014-05-01,2014-05-31
"ENSO34",2014,5,0.464516129032258,"May",2014-05-01,2014-05-31
"ENSO4",2014,5,0.400322580645161,"May",2014-05-01,2014-05-31
"DMI",2014,6,-0.189916666666667,"June",2014-06-01,2014-06-30
"ENSO3",2014,6,0.740833333333333,"June",2014-06-01,2014-06-30
"ENSO34",2014,6,0.310833333333333,"June",2014-06-01,2014-06-30
"ENSO4",2014,6,0.312666666666667,"June",2014-06-01,2014-06-30
"DMI",2014,7,-0.367354838709677,"July",2014-07-01,2014-07-31
"ENSO3",2014,7,0.468064516129032,"July",2014-07-01,2014-07-31
"ENSO34",2014,7,0.134838709677419,"July",2014-07-01,2014-07-31
"ENSO4",2014,7,0.278387096774194,"July",2014-07-01,2014-07-31
"DMI",2014,8,-0.262161290322581,"August",2014-08-01,2014-08-31
"ENSO3",2014,8,0.365161290322581,"August",2014-08-01,2014-08-31
"ENSO34",2014,8,0.251290322580645,"August",2014-08-01,2014-08-31
"ENSO4",2014,8,0.397741935483871,"August",2014-08-01,2014-08-31
"DMI",2014,9,-0.00676666666666667,"September",2014-09-01,2014-09-30
"ENSO3",2014,9,0.4905,"September",2014-09-01,2014-09-30
"ENSO34",2014,9,0.423166666666667,"September",2014-09-01,2014-09-30
"ENSO4",2014,9,0.499,"September",2014-09-01,2014-09-30
"DMI",2014,10,0.0776129032258065,"October",2014-10-01,2014-10-31
"ENSO3",2014,10,0.770322580645161,"October",2014-10-01,2014-10-31
"ENSO34",2014,10,0.678387096774194,"October",2014-10-01,2014-10-31
"ENSO4",2014,10,0.665483870967742,"October",2014-10-01,2014-10-31
"DMI",2014,11,0.0274,"November",2014-11-01,2014-11-30
"ENSO3",2014,11,0.862,"November",2014-11-01,2014-11-30
"ENSO34",2014,11,0.832,"November",2014-11-01,2014-11-30
"ENSO4",2014,11,0.761666666666667,"November",2014-11-01,2014-11-30
"DMI",2014,12,-0.0223612903225807,"December",2014-12-01,2014-12-31
"ENSO3",2014,12,0.562827956989247,"December",2014-12-01,2014-12-31
"ENSO34",2014,12,0.618569892473118,"December",2014-12-01,2014-12-31
"ENSO4",2014,12,0.647817204301075,"December",2014-12-01,2014-12-31
"DMI",2015,1,-0.176864326375712,"January",2015-01-01,2015-01-31
"ENSO3",2015,1,0.484952561669829,"January",2015-01-01,2015-01-31
"ENSO34",2015,1,0.753719165085389,"January",2015-01-01,2015-01-31
"ENSO4",2015,1,0.821973434535104,"January",2015-01-01,2015-01-31
"DMI",2015,2,-0.294857142857143,"February",2015-02-01,2015-02-28
"ENSO3",2015,2,0.121428571428571,"February",2015-02-01,2015-02-28
"ENSO34",2015,2,0.526607142857143,"February",2015-02-01,2015-02-28
"ENSO4",2015,2,0.801428571428571,"February",2015-02-01,2015-02-28
"DMI",2015,3,-0.128258064516129,"March",2015-03-01,2015-03-31
"ENSO3",2015,3,0.404193548387097,"March",2015-03-01,2015-03-31
"ENSO34",2015,3,0.683225806451613,"March",2015-03-01,2015-03-31
"ENSO4",2015,3,0.885806451612903,"March",2015-03-01,2015-03-31
"DMI",2015,4,0.111866666666667,"April",2015-04-01,2015-04-30
"ENSO3",2015,4,0.866,"April",2015-04-01,2015-04-30
"ENSO34",2015,4,0.967666666666667,"April",2015-04-01,2015-04-30
"ENSO4",2015,4,0.995833333333333,"April",2015-04-01,2015-04-30
"DMI",2015,5,0.267096774193548,"May",2015-05-01,2015-05-31
"ENSO3",2015,5,1.25612903225806,"May",2015-05-01,2015-05-31
"ENSO34",2015,5,1.15612903225806,"May",2015-05-01,2015-05-31
"ENSO4",2015,5,1.00870967741935,"May",2015-05-01,2015-05-31
"DMI",2015,6,0.261683333333333,"June",2015-06-01,2015-06-30
"ENSO3",2015,6,1.6995,"June",2015-06-01,2015-06-30
"ENSO34",2015,6,1.41533333333333,"June",2015-06-01,2015-06-30
"ENSO4",2015,6,1.04516666666667,"June",2015-06-01,2015-06-30
"DMI",2015,7,0.390483870967742,"July",2015-07-01,2015-07-31
"ENSO3",2015,7,1.97161290322581,"July",2015-07-01,2015-07-31
"ENSO34",2015,7,1.71,"July",2015-07-01,2015-07-31
"ENSO4",2015,7,1.04483870967742,"July",2015-07-01,2015-07-31
"DMI",2015,8,0.434903225806452,"August",2015-08-01,2015-08-31
"ENSO3",2015,8,2.21548387096774,"August",2015-08-01,2015-08-31
"ENSO34",2015,8,1.93774193548387,"August",2015-08-01,2015-08-31
"ENSO4",2015,8,1.08387096774194,"August",2015-08-01,2015-08-31
"DMI",2015,9,0.38535,"September",2015-09-01,2015-09-30
"ENSO3",2015,9,2.41316666666667,"September",2015-09-01,2015-09-30
"ENSO34",2015,9,2.10666666666667,"September",2015-09-01,2015-09-30
"ENSO4",2015,9,1.15383333333333,"September",2015-09-01,2015-09-30
"DMI",2015,10,0.417193548387097,"October",2015-10-01,2015-10-31
"ENSO3",2015,10,2.54741935483871,"October",2015-10-01,2015-10-31
"ENSO34",2015,10,2.3841935483871,"October",2015-10-01,2015-10-31
"ENSO4",2015,10,1.38354838709677,"October",2015-10-01,2015-10-31
"DMI",2015,11,0.31075,"November",2015-11-01,2015-11-30
"ENSO3",2015,11,2.63966666666667,"November",2015-11-01,2015-11-30
"ENSO34",2015,11,2.56516666666667,"November",2015-11-01,2015-11-30
"ENSO4",2015,11,1.55133333333333,"November",2015-11-01,2015-11-30
"DMI",2015,12,0.237360531309298,"December",2015-12-01,2015-12-31
"ENSO3",2015,12,2.44851043643264,"December",2015-12-01,2015-12-31
"ENSO34",2015,12,2.38720113851992,"December",2015-12-01,2015-12-31
"ENSO4",2015,12,1.36,"December",2015-12-01,2015-12-31
"DMI",2016,1,0.0606340378197998,"January",2016-01-01,2016-01-31
"ENSO3",2016,1,2.16557285873192,"January",2016-01-01,2016-01-31
"ENSO34",2016,1,2.22874304783092,"January",2016-01-01,2016-01-31
"ENSO4",2016,1,1.26423804226919,"January",2016-01-01,2016-01-31
"DMI",2016,2,-0.0612413793103448,"February",2016-02-01,2016-02-29
"ENSO3",2016,2,1.71655172413793,"February",2016-02-01,2016-02-29
"ENSO34",2016,2,1.86379310344828,"February",2016-02-01,2016-02-29
"ENSO4",2016,2,1.22758620689655,"February",2016-02-01,2016-02-29
"DMI",2016,3,0.066,"March",2016-03-01,2016-03-31
"ENSO3",2016,3,1.16193548387097,"March",2016-03-01,2016-03-31
"ENSO34",2016,3,1.33387096774194,"March",2016-03-01,2016-03-31
"ENSO4",2016,3,1.01935483870968,"March",2016-03-01,2016-03-31
"DMI",2016,4,0.0208166666666666,"April",2016-04-01,2016-04-30
"ENSO3",2016,4,0.5045,"April",2016-04-01,2016-04-30
"ENSO34",2016,4,0.76,"April",2016-04-01,2016-04-30
"ENSO4",2016,4,0.759166666666667,"April",2016-04-01,2016-04-30
"DMI",2016,5,-0.272677419354839,"May",2016-05-01,2016-05-31
"ENSO3",2016,5,0.161612903225806,"May",2016-05-01,2016-05-31
"ENSO34",2016,5,0.261290322580645,"May",2016-05-01,2016-05-31
"ENSO4",2016,5,0.542903225806452,"May",2016-05-01,2016-05-31
"DMI",2016,6,-0.59525,"June",2016-06-01,2016-06-30
"ENSO3",2016,6,-0.0591666666666667,"June",2016-06-01,2016-06-30
"ENSO34",2016,6,-0.0898333333333333,"June",2016-06-01,2016-06-30
"ENSO4",2016,6,0.3485,"June",2016-06-01,2016-06-30
"DMI",2016,7,-0.606064516129032,"July",2016-07-01,2016-07-31
"ENSO3",2016,7,-0.365806451612903,"July",2016-07-01,2016-07-31
"ENSO34",2016,7,-0.361290322580645,"July",2016-07-01,2016-07-31
"ENSO4",2016,7,0.133548387096774,"July",2016-07-01,2016-07-31
"DMI",2016,8,-0.440612903225806,"August",2016-08-01,2016-08-31
"ENSO3",2016,8,-0.35,"August",2016-08-01,2016-08-31
"ENSO34",2016,8,-0.470322580645161,"August",2016-08-01,2016-08-31
"ENSO4",2016,8,-0.0670967741935484,"August",2016-08-01,2016-08-31
"DMI",2016,9,-0.405583333333333,"September",2016-09-01,2016-09-30
"ENSO3",2016,9,-0.3495,"September",2016-09-01,2016-09-30
"ENSO34",2016,9,-0.600166666666667,"September",2016-09-01,2016-09-30
"ENSO4",2016,9,-0.266333333333333,"September",2016-09-01,2016-09-30
"DMI",2016,10,-0.376838709677419,"October",2016-10-01,2016-10-31
"ENSO3",2016,10,-0.500645161290323,"October",2016-10-01,2016-10-31
"ENSO34",2016,10,-0.691935483870968,"October",2016-10-01,2016-10-31
"ENSO4",2016,10,-0.336451612903226,"October",2016-10-01,2016-10-31
"DMI",2016,11,-0.3472,"November",2016-11-01,2016-11-30
"ENSO3",2016,11,-0.48,"November",2016-11-01,2016-11-30
"ENSO34",2016,11,-0.572,"November",2016-11-01,2016-11-30
"ENSO4",2016,11,-0.212666666666667,"November",2016-11-01,2016-11-30
"DMI",2016,12,-0.201612903225806,"December",2016-12-01,2016-12-31
"ENSO3",2016,12,-0.291290322580645,"December",2016-12-01,2016-12-31
"ENSO34",2016,12,-0.427741935483871,"December",2016-12-01,2016-12-31
"ENSO4",2016,12,-0.13,"December",2016-12-01,2016-12-31
"DMI",2017,1,0.00750000000000001,"January",2017-01-01,2017-01-31
"ENSO3",2017,1,0.155,"January",2017-01-01,2017-01-31
"ENSO34",2017,1,-0.175,"January",2017-01-01,2017-01-31
"ENSO4",2017,1,-0.035,"January",2017-01-01,2017-01-31
"DMI",2017,2,0.224428571428571,"February",2017-02-01,2017-02-28
"ENSO3",2017,2,0.322857142857143,"February",2017-02-01,2017-02-28
"ENSO34",2017,2,-0.0485714285714286,"February",2017-02-01,2017-02-28
"ENSO4",2017,2,0.00696428571428571,"February",2017-02-01,2017-02-28
"DMI",2017,3,0.425709677419355,"March",2017-03-01,2017-03-31
"ENSO3",2017,3,0.327096774193548,"March",2017-03-01,2017-03-31
"ENSO34",2017,3,0.06,"March",2017-03-01,2017-03-31
"ENSO4",2017,3,0.0661290322580645,"March",2017-03-01,2017-03-31
"DMI",2017,4,0.516883333333333,"April",2017-04-01,2017-04-30
"ENSO3",2017,4,0.366833333333333,"April",2017-04-01,2017-04-30
"ENSO34",2017,4,0.258666666666667,"April",2017-04-01,2017-04-30
"ENSO4",2017,4,0.238333333333333,"April",2017-04-01,2017-04-30
"DMI",2017,5,0.481806451612903,"May",2017-05-01,2017-05-31
"ENSO3",2017,5,0.189032258064516,"May",2017-05-01,2017-05-31
"ENSO34",2017,5,0.261290322580645,"May",2017-05-01,2017-05-31
"ENSO4",2017,5,0.314193548387097,"May",2017-05-01,2017-05-31
"DMI",2017,6,0.4704,"June",2017-06-01,2017-06-30
"ENSO3",2017,6,0.0696666666666667,"June",2017-06-01,2017-06-30
"ENSO34",2017,6,0.22,"June",2017-06-01,2017-06-30
"ENSO4",2017,6,0.315833333333333,"June",2017-06-01,2017-06-30
"DMI",2017,7,0.437258064516129,"July",2017-07-01,2017-07-31
"ENSO3",2017,7,-0.137741935483871,"July",2017-07-01,2017-07-31
"ENSO34",2017,7,0.0264516129032258,"July",2017-07-01,2017-07-31
"ENSO4",2017,7,0.231935483870968,"July",2017-07-01,2017-07-31
"DMI",2017,8,0.19658064516129,"August",2017-08-01,2017-08-31
"ENSO3",2017,8,-0.616774193548387,"August",2017-08-01,2017-08-31
"ENSO34",2017,8,-0.363870967741936,"August",2017-08-01,2017-08-31
"ENSO4",2017,8,0.0393548387096774,"August",2017-08-01,2017-08-31
"DMI",2017,9,0.0253,"September",2017-09-01,2017-09-30
"ENSO3",2017,9,-0.851,"September",2017-09-01,2017-09-30
"ENSO34",2017,9,-0.540666666666667,"September",2017-09-01,2017-09-30
"ENSO4",2017,9,-0.1,"September",2017-09-01,2017-09-30
"DMI",2017,10,0.148096774193548,"October",2017-10-01,2017-10-31
"ENSO3",2017,10,-0.955483870967742,"October",2017-10-01,2017-10-31
"ENSO34",2017,10,-0.674838709677419,"October",2017-10-01,2017-10-31
"ENSO4",2017,10,-0.153225806451613,"October",2017-10-01,2017-10-31
"DMI",2017,11,0.202,"November",2017-11-01,2017-11-30
"ENSO3",2017,11,-1.09516666666667,"November",2017-11-01,2017-11-30
"ENSO34",2017,11,-0.844833333333333,"November",2017-11-01,2017-11-30
"ENSO4",2017,11,-0.258333333333333,"November",2017-11-01,2017-11-30
"DMI",2017,12,-0.0405161290322581,"December",2017-12-01,2017-12-31
"ENSO3",2017,12,-1.12870967741935,"December",2017-12-01,2017-12-31
"ENSO34",2017,12,-0.854838709677419,"December",2017-12-01,2017-12-31
"ENSO4",2017,12,-0.31,"December",2017-12-01,2017-12-31
"DMI",2018,1,0.000806451612903216,"January",2018-01-01,2018-01-31
"ENSO3",2018,1,-0.976451612903226,"January",2018-01-01,2018-01-31
"ENSO34",2018,1,-0.797096774193548,"January",2018-01-01,2018-01-31
"ENSO4",2018,1,-0.256774193548387,"January",2018-01-01,2018-01-31
"DMI",2018,2,0.0534821428571429,"February",2018-02-01,2018-02-28
"ENSO3",2018,2,-0.818214285714286,"February",2018-02-01,2018-02-28
"ENSO34",2018,2,-0.73,"February",2018-02-01,2018-02-28
"ENSO4",2018,2,-0.146964285714286,"February",2018-02-01,2018-02-28
"DMI",2018,3,-0.102096774193548,"March",2018-03-01,2018-03-31
"ENSO3",2018,3,-0.657096774193548,"March",2018-03-01,2018-03-31
"ENSO34",2018,3,-0.550967741935484,"March",2018-03-01,2018-03-31
"ENSO4",2018,3,0.0406451612903226,"March",2018-03-01,2018-03-31
"DMI",2018,4,0.0160833333333333,"April",2018-04-01,2018-04-30
"ENSO3",2018,4,-0.309166666666667,"April",2018-04-01,2018-04-30
"ENSO34",2018,4,-0.244,"April",2018-04-01,2018-04-30
"ENSO4",2018,4,0.233166666666667,"April",2018-04-01,2018-04-30
"DMI",2018,5,0.137967741935484,"May",2018-05-01,2018-05-31
"ENSO3",2018,5,-0.000967741935483865,"May",2018-05-01,2018-05-31
"ENSO34",2018,5,-0.00387096774193548,"May",2018-05-01,2018-05-31
"ENSO4",2018,5,0.29,"May",2018-05-01,2018-05-31
"DMI",2018,6,0.1057,"June",2018-06-01,2018-06-30
"ENSO3",2018,6,0.228666666666667,"June",2018-06-01,2018-06-30
"ENSO34",2018,6,0.1925,"June",2018-06-01,2018-06-30
"ENSO4",2018,6,0.314166666666667,"June",2018-06-01,2018-06-30
"DMI",2018,7,0.0863870967741936,"July",2018-07-01,2018-07-31
"ENSO3",2018,7,0.0812903225806452,"July",2018-07-01,2018-07-31
"ENSO34",2018,7,0.163548387096774,"July",2018-07-01,2018-07-31
"ENSO4",2018,7,0.398064516129032,"July",2018-07-01,2018-07-31
"DMI",2018,8,0.355225806451613,"August",2018-08-01,2018-08-31
"ENSO3",2018,8,0.00580645161290324,"August",2018-08-01,2018-08-31
"ENSO34",2018,8,0.170967741935484,"August",2018-08-01,2018-08-31
"ENSO4",2018,8,0.508387096774194,"August",2018-08-01,2018-08-31
"DMI",2018,9,0.64315,"September",2018-09-01,2018-09-30
"ENSO3",2018,9,0.4155,"September",2018-09-01,2018-09-30
"ENSO34",2018,9,0.561,"September",2018-09-01,2018-09-30
"ENSO4",2018,9,0.695333333333333,"September",2018-09-01,2018-09-30
"DMI",2018,10,0.595483870967742,"October",2018-10-01,2018-10-31
"ENSO3",2018,10,0.850322580645161,"October",2018-10-01,2018-10-31
"ENSO34",2018,10,0.91741935483871,"October",2018-10-01,2018-10-31
"ENSO4",2018,10,0.825483870967742,"October",2018-10-01,2018-10-31
"DMI",2018,11,0.407683333333333,"November",2018-11-01,2018-11-30
"ENSO3",2018,11,0.990333333333333,"November",2018-11-01,2018-11-30
"ENSO34",2018,11,0.9855,"November",2018-11-01,2018-11-30
"ENSO4",2018,11,0.848666666666667,"November",2018-11-01,2018-11-30
"DMI",2018,12,0.345483870967742,"December",2018-12-01,2018-12-31
"ENSO3",2018,12,0.79758064516129,"December",2018-12-01,2018-12-31
"ENSO34",2018,12,0.754838709677419,"December",2018-12-01,2018-12-31
"ENSO4",2018,12,0.70758064516129,"December",2018-12-01,2018-12-31
"DMI",2019,1,0.401032258064516,"January",2019-01-01,2019-01-31
"ENSO3",2019,1,0.59,"January",2019-01-01,2019-01-31
"ENSO34",2019,1,0.563225806451613,"January",2019-01-01,2019-01-31
"ENSO4",2019,1,0.582258064516129,"January",2019-01-01,2019-01-31
"DMI",2019,2,0.323428571428571,"February",2019-02-01,2019-02-28
"ENSO3",2019,2,0.604464285714286,"February",2019-02-01,2019-02-28
"ENSO34",2019,2,0.711607142857143,"February",2019-02-01,2019-02-28
"ENSO4",2019,2,0.674821428571429,"February",2019-02-01,2019-02-28
"DMI",2019,3,0.240451612903226,"March",2019-03-01,2019-03-31
"ENSO3",2019,3,0.629677419354839,"March",2019-03-01,2019-03-31
"ENSO34",2019,3,0.742258064516129,"March",2019-03-01,2019-03-31
"ENSO4",2019,3,0.631612903225806,"March",2019-03-01,2019-03-31
"DMI",2019,4,0.393816666666667,"April",2019-04-01,2019-04-30
"ENSO3",2019,4,0.5965,"April",2019-04-01,2019-04-30
"ENSO34",2019,4,0.641,"April",2019-04-01,2019-04-30
"ENSO4",2019,4,0.613833333333333,"April",2019-04-01,2019-04-30
"DMI",2019,5,0.570935483870968,"May",2019-05-01,2019-05-31
"ENSO3",2019,5,0.501612903225806,"May",2019-05-01,2019-05-31
"ENSO34",2019,5,0.634193548387097,"May",2019-05-01,2019-05-31
"ENSO4",2019,5,0.693548387096774,"May",2019-05-01,2019-05-31
"DMI",2019,6,0.601133333333333,"June",2019-06-01,2019-06-30
"ENSO3",2019,6,0.266333333333333,"June",2019-06-01,2019-06-30
"ENSO34",2019,6,0.539166666666667,"June",2019-06-01,2019-06-30
"ENSO4",2019,6,0.730333333333333,"June",2019-06-01,2019-06-30
"DMI",2019,7,0.519096774193548,"July",2019-07-01,2019-07-31
"ENSO3",2019,7,0.0506451612903226,"July",2019-07-01,2019-07-31
"ENSO34",2019,7,0.303548387096774,"July",2019-07-01,2019-07-31
"ENSO4",2019,7,0.632903225806452,"July",2019-07-01,2019-07-31
"DMI",2019,8,0.657129032258065,"August",2019-08-01,2019-08-31
"ENSO3",2019,8,-0.0909677419354839,"August",2019-08-01,2019-08-31
"ENSO34",2019,8,0.151290322580645,"August",2019-08-01,2019-08-31
"ENSO4",2019,8,0.525483870967742,"August",2019-08-01,2019-08-31
"DMI",2019,9,0.927316666666667,"September",2019-09-01,2019-09-30
"ENSO3",2019,9,-0.0653333333333333,"September",2019-09-01,2019-09-30
"ENSO34",2019,9,0.322666666666667,"September",2019-09-01,2019-09-30
"ENSO4",2019,9,0.679166666666667,"September",2019-09-01,2019-09-30
"DMI",2019,10,0.90158064516129,"October",2019-10-01,2019-10-31
"ENSO3",2019,10,0.264516129032258,"October",2019-10-01,2019-10-31
"ENSO34",2019,10,0.641935483870968,"October",2019-10-01,2019-10-31
"ENSO4",2019,10,0.869677419354839,"October",2019-10-01,2019-10-31
"DMI",2019,11,0.548866666666667,"November",2019-11-01,2019-11-30
"ENSO3",2019,11,0.348166666666667,"November",2019-11-01,2019-11-30
"ENSO34",2019,11,0.628833333333333,"November",2019-11-01,2019-11-30
"ENSO4",2019,11,0.826833333333333,"November",2019-11-01,2019-11-30
"DMI",2019,12,0.217156989247312,"December",2019-12-01,2019-12-31
"ENSO3",2019,12,0.314139784946237,"December",2019-12-01,2019-12-31
"ENSO34",2019,12,0.567247311827957,"December",2019-12-01,2019-12-31
"ENSO4",2019,12,0.809440860215054,"December",2019-12-01,2019-12-31
"DMI",2020,1,0.110281783681214,"January",2020-01-01,2020-01-31
"ENSO3",2020,1,0.191764705882353,"January",2020-01-01,2020-01-31
"ENSO34",2020,1,0.42146110056926,"January",2020-01-01,2020-01-31
"ENSO4",2020,1,0.694307400379507,"January",2020-01-01,2020-01-31
"DMI",2020,2,0.0371034482758621,"February",2020-02-01,2020-02-29
"ENSO3",2020,2,0.0937931034482759,"February",2020-02-01,2020-02-29
"ENSO34",2020,2,0.422068965517241,"February",2020-02-01,2020-02-29
"ENSO4",2020,2,0.762068965517241,"February",2020-02-01,2020-02-29
"DMI",2020,3,0.00448387096774193,"March",2020-03-01,2020-03-31
"ENSO3",2020,3,0.154193548387097,"March",2020-03-01,2020-03-31
"ENSO34",2020,3,0.422903225806452,"March",2020-03-01,2020-03-31
"ENSO4",2020,3,0.656451612903226,"March",2020-03-01,2020-03-31
"DMI",2020,4,0.13835,"April",2020-04-01,2020-04-30
"ENSO3",2020,4,0.0596666666666667,"April",2020-04-01,2020-04-30
"ENSO34",2020,4,0.195166666666667,"April",2020-04-01,2020-04-30
"ENSO4",2020,4,0.402166666666667,"April",2020-04-01,2020-04-30
"DMI",2020,5,0.373483870967742,"May",2020-05-01,2020-05-31
"ENSO3",2020,5,-0.380322580645161,"May",2020-05-01,2020-05-31
"ENSO34",2020,5,-0.163548387096774,"May",2020-05-01,2020-05-31
"ENSO4",2020,5,0.184838709677419,"May",2020-05-01,2020-05-31
"DMI",2020,6,0.389233333333333,"June",2020-06-01,2020-06-30
"ENSO3",2020,6,-0.447833333333333,"June",2020-06-01,2020-06-30
"ENSO34",2020,6,-0.127833333333333,"June",2020-06-01,2020-06-30
"ENSO4",2020,6,0.180333333333333,"June",2020-06-01,2020-06-30
"DMI",2020,7,0.0766129032258065,"July",2020-07-01,2020-07-31
"ENSO3",2020,7,-0.398709677419355,"July",2020-07-01,2020-07-31
"ENSO34",2020,7,-0.223870967741935,"July",2020-07-01,2020-07-31
"ENSO4",2020,7,0.0393548387096774,"July",2020-07-01,2020-07-31
"DMI",2020,8,-0.186387096774194,"August",2020-08-01,2020-08-31
"ENSO3",2020,8,-0.609354838709677,"August",2020-08-01,2020-08-31
"ENSO34",2020,8,-0.536129032258065,"August",2020-08-01,2020-08-31
"ENSO4",2020,8,-0.187096774193548,"August",2020-08-01,2020-08-31
"DMI",2020,9,-0.0624,"September",2020-09-01,2020-09-30
"ENSO3",2020,9,-0.8915,"September",2020-09-01,2020-09-30
"ENSO34",2020,9,-0.916166666666667,"September",2020-09-01,2020-09-30
"ENSO4",2020,9,-0.463666666666667,"September",2020-09-01,2020-09-30
"DMI",2020,10,0.0478709677419355,"October",2020-10-01,2020-10-31
"ENSO3",2020,10,-0.946774193548387,"October",2020-10-01,2020-10-31
"ENSO34",2020,10,-1.10290322580645,"October",2020-10-01,2020-10-31
"ENSO4",2020,10,-0.577741935483871,"October",2020-10-01,2020-10-31
"DMI",2020,11,0.0248333333333333,"November",2020-11-01,2020-11-30
"ENSO3",2020,11,-0.832,"November",2020-11-01,2020-11-30
"ENSO34",2020,11,-0.9955,"November",2020-11-01,2020-11-30
"ENSO4",2020,11,-0.581833333333333,"November",2020-11-01,2020-11-30
"DMI",2020,12,0.0484173998044966,"December",2020-12-01,2020-12-31
"ENSO3",2020,12,-0.714897360703812,"December",2020-12-01,2020-12-31
"ENSO34",2020,12,-0.909472140762463,"December",2020-12-01,2020-12-31
"ENSO4",2020,12,-0.69941348973607,"December",2020-12-01,2020-12-31
"DMI",2021,1,0.139218279569892,"January",2021-01-01,2021-01-31
"ENSO3",2021,1,-0.811279569892473,"January",2021-01-01,2021-01-31
"ENSO34",2021,1,-0.972225806451613,"January",2021-01-01,2021-01-31
"ENSO4",2021,1,-0.800784946236559,"January",2021-01-01,2021-01-31
"DMI",2021,2,0.254089285714286,"February",2021-02-01,2021-02-28
"ENSO3",2021,2,-0.722857142857143,"February",2021-02-01,2021-02-28
"ENSO34",2021,2,-0.833928571428571,"February",2021-02-01,2021-02-28
"ENSO4",2021,2,-0.649107142857143,"February",2021-02-01,2021-02-28
"DMI",2021,3,0.258258064516129,"March",2021-03-01,2021-03-31
"ENSO3",2021,3,-0.654516129032258,"March",2021-03-01,2021-03-31
"ENSO34",2021,3,-0.637741935483871,"March",2021-03-01,2021-03-31
"ENSO4",2021,3,-0.404193548387097,"March",2021-03-01,2021-03-31
"DMI",2021,4,0.133516666666667,"April",2021-04-01,2021-04-30
"ENSO3",2021,4,-0.602333333333333,"April",2021-04-01,2021-04-30
"ENSO34",2021,4,-0.482333333333333,"April",2021-04-01,2021-04-30
"ENSO4",2021,4,-0.212,"April",2021-04-01,2021-04-30
"DMI",2021,5,0.00367741935483871,"May",2021-05-01,2021-05-31
"ENSO3",2021,5,-0.30258064516129,"May",2021-05-01,2021-05-31
"ENSO34",2021,5,-0.240645161290323,"May",2021-05-01,2021-05-31
"ENSO4",2021,5,-0.067741935483871,"May",2021-05-01,2021-05-31
"DMI",2021,6,-0.111233333333333,"June",2021-06-01,2021-06-30
"ENSO3",2021,6,-0.113166666666667,"June",2021-06-01,2021-06-30
"ENSO34",2021,6,-0.127666666666667,"June",2021-06-01,2021-06-30
"ENSO4",2021,6,-0.0428333333333333,"June",2021-06-01,2021-06-30
"DMI",2021,7,-0.16558064516129,"July",2021-07-01,2021-07-31
"ENSO3",2021,7,-0.223225806451613,"July",2021-07-01,2021-07-31
"ENSO34",2021,7,-0.287096774193548,"July",2021-07-01,2021-07-31
"ENSO4",2021,7,-0.148709677419355,"July",2021-07-01,2021-07-31
"DMI",2021,8,-0.0791612903225807,"August",2021-08-01,2021-08-31
"ENSO3",2021,8,-0.333225806451613,"August",2021-08-01,2021-08-31
"ENSO34",2021,8,-0.438064516129032,"August",2021-08-01,2021-08-31
"ENSO4",2021,8,-0.252903225806452,"August",2021-08-01,2021-08-31
"DMI",2021,9,-0.07395,"September",2021-09-01,2021-09-30
"ENSO3",2021,9,-0.506,"September",2021-09-01,2021-09-30
"ENSO34",2021,9,-0.635333333333333,"September",2021-09-01,2021-09-30
"ENSO4",2021,9,-0.387666666666667,"September",2021-09-01,2021-09-30
"DMI",2021,10,-0.0135806451612903,"October",2021-10-01,2021-10-31
"ENSO3",2021,10,-0.746129032258064,"October",2021-10-01,2021-10-31
"ENSO34",2021,10,-0.828387096774194,"October",2021-10-01,2021-10-31
"ENSO4",2021,10,-0.464838709677419,"October",2021-10-01,2021-10-31
"DMI",2021,11,-0.02235,"November",2021-11-01,2021-11-30
"ENSO3",2021,11,-0.990833333333333,"November",2021-11-01,2021-11-30
"ENSO34",2021,11,-0.971833333333333,"November",2021-11-01,2021-11-30
"ENSO4",2021,11,-0.547333333333333,"November",2021-11-01,2021-11-30
"DMI",2021,12,-0.0890322580645161,"December",2021-12-01,2021-12-31
"ENSO3",2021,12,-1.04741935483871,"December",2021-12-01,2021-12-31
"ENSO34",2021,12,-0.924838709677419,"December",2021-12-01,2021-12-31
"ENSO4",2021,12,-0.450967741935484,"December",2021-12-01,2021-12-31
"DMI",2022,1,-0.0639709677419355,"January",2022-01-01,2022-01-31
"ENSO3",2022,1,-0.93405376344086,"January",2022-01-01,2022-01-31
"ENSO34",2022,1,-0.725430107526882,"January",2022-01-01,2022-01-31
"ENSO4",2022,1,-0.225430107526882,"January",2022-01-01,2022-01-31
"DMI",2022,2,-0.0878214285714286,"February",2022-02-01,2022-02-28
"ENSO3",2022,2,-0.823571428571429,"February",2022-02-01,2022-02-28
"ENSO34",2022,2,-0.757142857142857,"February",2022-02-01,2022-02-28
"ENSO4",2022,2,-0.358035714285714,"February",2022-02-01,2022-02-28
"DMI",2022,3,-0.0809032258064516,"March",2022-03-01,2022-03-31
"ENSO3",2022,3,-0.811935483870968,"March",2022-03-01,2022-03-31
"ENSO34",2022,3,-0.869032258064516,"March",2022-03-01,2022-03-31
"ENSO4",2022,3,-0.579354838709677,"March",2022-03-01,2022-03-31
"DMI",2022,4,-0.0941,"April",2022-04-01,2022-04-30
"ENSO3",2022,4,-0.948666666666667,"April",2022-04-01,2022-04-30
"ENSO34",2022,4,-0.958,"April",2022-04-01,2022-04-30
"ENSO4",2022,4,-0.638666666666667,"April",2022-04-01,2022-04-30
"DMI",2022,5,-0.225064516129032,"May",2022-05-01,2022-05-31
"ENSO3",2022,5,-0.854516129032258,"May",2022-05-01,2022-05-31
"ENSO34",2022,5,-0.899032258064516,"May",2022-05-01,2022-05-31
"ENSO4",2022,5,-0.646129032258065,"May",2022-05-01,2022-05-31
"DMI",2022,6,-0.267333333333333,"June",2022-06-01,2022-06-30
"ENSO3",2022,6,-0.5505,"June",2022-06-01,2022-06-30
"ENSO34",2022,6,-0.6685,"June",2022-06-01,2022-06-30
"ENSO4",2022,6,-0.600333333333333,"June",2022-06-01,2022-06-30
"DMI",2022,7,-0.219677419354839,"July",2022-07-01,2022-07-31
"ENSO3",2022,7,-0.486451612903226,"July",2022-07-01,2022-07-31
"ENSO34",2022,7,-0.753548387096774,"July",2022-07-01,2022-07-31
"ENSO4",2022,7,-0.686774193548387,"July",2022-07-01,2022-07-31
"DMI",2022,8,-0.282774193548387,"August",2022-08-01,2022-08-31
"ENSO3",2022,8,-0.740322580645161,"August",2022-08-01,2022-08-31
"ENSO34",2022,8,-1.00838709677419,"August",2022-08-01,2022-08-31
"ENSO4",2022,8,-0.828709677419355,"August",2022-08-01,2022-08-31
"DMI",2022,9,-0.50035,"September",2022-09-01,2022-09-30
"ENSO3",2022,9,-0.967333333333333,"September",2022-09-01,2022-09-30
"ENSO34",2022,9,-1.02616666666667,"September",2022-09-01,2022-09-30
"ENSO4",2022,9,-0.865166666666667,"September",2022-09-01,2022-09-30
"DMI",2022,10,-0.486806451612903,"October",2022-10-01,2022-10-31
"ENSO3",2022,10,-0.890322580645161,"October",2022-10-01,2022-10-31
"ENSO34",2022,10,-0.878709677419355,"October",2022-10-01,2022-10-31
"ENSO4",2022,10,-0.719677419354839,"October",2022-10-01,2022-10-31
"DMI",2022,11,-0.18345,"November",2022-11-01,2022-11-30
"ENSO3",2022,11,-0.778,"November",2022-11-01,2022-11-30
"ENSO34",2022,11,-0.808333333333333,"November",2022-11-01,2022-11-30
"ENSO4",2022,11,-0.574833333333333,"November",2022-11-01,2022-11-30
"DMI",2022,12,0.00525806451612903,"December",2022-12-01,2022-12-31
"ENSO3",2022,12,-0.743225806451613,"December",2022-12-01,2022-12-31
"ENSO34",2022,12,-0.821290322580645,"December",2022-12-01,2022-12-31
"ENSO4",2022,12,-0.575161290322581,"December",2022-12-01,2022-12-31
"DMI",2023,1,0.133,"January",2023-01-01,2023-01-31
"ENSO3",2023,1,-0.555,"January",2023-01-01,2023-01-31
"ENSO34",2023,1,-0.7,"January",2023-01-01,2023-01-31
"ENSO4",2023,1,-0.535,"January",2023-01-01,2023-01-31
"DMI",2023,2,0.281392857142857,"February",2023-02-01,2023-02-28
"ENSO3",2023,2,-0.1325,"February",2023-02-01,2023-02-28
"ENSO34",2023,2,-0.38375,"February",2023-02-01,2023-02-28
"ENSO4",2023,2,-0.321607142857143,"February",2023-02-01,2023-02-28
"DMI",2023,3,0.485161290322581,"March",2023-03-01,2023-03-31
"ENSO3",2023,3,0.418709677419355,"March",2023-03-01,2023-03-31
"ENSO34",2023,3,0.0490322580645161,"March",2023-03-01,2023-03-31
"ENSO4",2023,3,0.0441935483870968,"March",2023-03-01,2023-03-31
"DMI",2023,4,0.50345,"April",2023-04-01,2023-04-30
"ENSO3",2023,4,0.755333333333333,"April",2023-04-01,2023-04-30
"ENSO34",2023,4,0.351166666666667,"April",2023-04-01,2023-04-30
"ENSO4",2023,4,0.288,"April",2023-04-01,2023-04-30
"DMI",2023,5,0.55041935483871,"May",2023-05-01,2023-05-31
"ENSO3",2023,5,1.11774193548387,"May",2023-05-01,2023-05-31
"ENSO34",2023,5,0.702258064516129,"May",2023-05-01,2023-05-31
"ENSO4",2023,5,0.480645161290323,"May",2023-05-01,2023-05-31
"DMI",2023,6,0.584283333333333,"June",2023-06-01,2023-06-30
"ENSO3",2023,6,1.52883333333333,"June",2023-06-01,2023-06-30
"ENSO34",2023,6,1.07083333333333,"June",2023-06-01,2023-06-30
"ENSO4",2023,6,0.673166666666667,"June",2023-06-01,2023-06-30
"DMI",2023,7,0.656225806451613,"July",2023-07-01,2023-07-31
"ENSO3",2023,7,1.89903225806452,"July",2023-07-01,2023-07-31
"ENSO34",2023,7,1.3741935483871,"July",2023-07-01,2023-07-31
"ENSO4",2023,7,0.875161290322581,"July",2023-07-01,2023-07-31
"DMI",2023,8,0.883548387096774,"August",2023-08-01,2023-08-31
"ENSO3",2023,8,2.02709677419355,"August",2023-08-01,2023-08-31
"ENSO34",2023,8,1.60354838709677,"August",2023-08-01,2023-08-31
"ENSO4",2023,8,1.07838709677419,"August",2023-08-01,2023-08-31
"DMI",2023,9,0.877366666666667,"September",2023-09-01,2023-09-30
"ENSO3",2023,9,1.9455,"September",2023-09-01,2023-09-30
"ENSO34",2023,9,1.621,"September",2023-09-01,2023-09-30
"ENSO4",2023,9,1.1155,"September",2023-09-01,2023-09-30
"DMI",2023,10,0.860129032258065,"October",2023-10-01,2023-10-31
"ENSO3",2023,10,2.06548387096774,"October",2023-10-01,2023-10-31
"ENSO34",2023,10,1.79322580645161,"October",2023-10-01,2023-10-31
"ENSO4",2023,10,1.20645161290323,"October",2023-10-01,2023-10-31
"DMI",2023,11,0.88665,"November",2023-11-01,2023-11-30
"ENSO3",2023,11,2.07466666666667,"November",2023-11-01,2023-11-30
"ENSO34",2023,11,1.91333333333333,"November",2023-11-01,2023-11-30
"ENSO4",2023,11,1.25716666666667,"November",2023-11-01,2023-11-30
"DMI",2023,12,0.809387096774194,"December",2023-12-01,2023-12-31
"ENSO3",2023,12,1.83806451612903,"December",2023-12-01,2023-12-31
"ENSO34",2023,12,1.76161290322581,"December",2023-12-01,2023-12-31
"ENSO4",2023,12,1.29161290322581,"December",2023-12-01,2023-12-31
"DMI",2024,1,0.717818181818182,"January",2024-01-01,2024-01-31
"ENSO3",2024,1,1.59967741935484,"January",2024-01-01,2024-01-31
"ENSO34",2024,1,1.59387096774194,"January",2024-01-01,2024-01-31
"ENSO4",2024,1,1.30806451612903,"January",2024-01-01,2024-01-31
"DMI",2024,2,0.623454545454545,"February",2024-02-01,2024-02-29
"ENSO3",2024,2,1.15551724137931,"February",2024-02-01,2024-02-29
"ENSO34",2024,2,1.29137931034483,"February",2024-02-01,2024-02-29
"ENSO4",2024,2,1.10379310344828,"February",2024-02-01,2024-02-29
"DMI",2024,3,0.529090909090909,"March",2024-03-01,2024-03-31
"ENSO3",2024,3,0.772258064516129,"March",2024-03-01,2024-03-31
"ENSO34",2024,3,1.01774193548387,"March",2024-03-01,2024-03-31
"ENSO4",2024,3,0.922258064516129,"March",2024-03-01,2024-03-31
"DMI",2024,4,0.433154545454545,"April",2024-04-01,2024-04-30
"ENSO3",2024,4,0.390666666666667,"April",2024-04-01,2024-04-30
"ENSO34",2024,4,0.678666666666667,"April",2024-04-01,2024-04-30
"ENSO4",2024,4,0.763,"April",2024-04-01,2024-04-30
"DMI",2024,5,0.337218181818182,"May",2024-05-01,2024-05-31
"ENSO3",2024,5,0.0346753246753247,"May",2024-05-01,2024-05-31
"ENSO34",2024,5,0.331103896103896,"May",2024-05-01,2024-05-31
"ENSO4",2024,5,0.61448051948052,"May",2024-05-01,2024-05-31
"DMI",2024,6,0.241281818181818,"June",2024-06-01,2024-06-30
"ENSO3",2024,6,-0.0168181818181818,"June",2024-06-01,2024-06-30
"ENSO34",2024,6,0.170681818181818,"June",2024-06-01,2024-06-30
"ENSO4",2024,6,0.501590909090909,"June",2024-06-01,2024-06-30
"DMI",2024,7,0.145345454545455,"July",2024-07-01,2024-07-31
"ENSO3",2024,7,-0.0683116883116883,"July",2024-07-01,2024-07-31
"ENSO34",2024,7,0.0102597402597402,"July",2024-07-01,2024-07-31
"ENSO4",2024,7,0.388701298701299,"July",2024-07-01,2024-07-31
"DMI",2024,8,0.0478363636363636,"August",2024-08-01,2024-08-31
"ENSO3",2024,8,-0.120649350649351,"August",2024-08-01,2024-08-31
"ENSO34",2024,8,-0.152792207792208,"August",2024-08-01,2024-08-31
"ENSO4",2024,8,0.273961038961039,"August",2024-08-01,2024-08-31
"DMI",2024,9,-0.0481,"September",2024-09-01,2024-09-30
"ENSO3",2024,9,-0.172142857142857,"September",2024-09-01,2024-09-30
"ENSO34",2024,9,-0.313214285714286,"September",2024-09-01,2024-09-30
"ENSO4",2024,9,0.161071428571429,"September",2024-09-01,2024-09-30
"DMI",2024,10,-0.190722017045455,"October",2024-10-01,2024-10-31
"ENSO3",2024,10,-0.19994724025974,"October",2024-10-01,2024-10-31
"ENSO34",2024,10,-0.354425476866883,"October",2024-10-01,2024-10-31
"ENSO4",2024,10,0.100115665584416,"October",2024-10-01,2024-10-31
"DMI",2024,11,-0.299798387096774,"November",2024-11-01,2024-11-30
"ENSO3",2024,11,-0.2,"November",2024-11-01,2024-11-30
"ENSO34",2024,11,-0.300100806451613,"November",2024-11-01,2024-11-30
"ENSO4",2024,11,0.1,"November",2024-11-01,2024-11-30
"DMI",2024,12,-0.169032258064516,"December",2024-12-01,2024-12-31
"ENSO3",2024,12,-0.112688172043011,"December",2024-12-01,2024-12-31
"ENSO34",2024,12,-0.212688172043011,"December",2024-12-01,2024-12-31
"ENSO4",2024,12,0.143655913978495,"December",2024-12-01,2024-12-31
"DMI",2025,1,0,"January",2025-01-01,2025-01-31
"ENSO3",2025,1,0.145161290322581,"January",2025-01-01,2025-01-31
"ENSO34",2025,1,-0.0032258064516129,"January",2025-01-01,2025-01-31
"ENSO4",2025,1,0.248387096774194,"January",2025-01-01,2025-01-31
"DMI",2025,2,0,"February",2025-02-01,2025-02-28
"ENSO3",2025,2,0.3,"February",2025-02-01,2025-02-28
"ENSO34",2025,2,0.1,"February",2025-02-01,2025-02-28
"ENSO4",2025,2,0.3,"February",2025-02-01,2025-02-28
"DMI",2025,12,-0.014516129032258,"December",2025-12-01,2025-12-31
"ENSO3",2025,12,-0.00967741935483871,"December",2025-12-01,2025-12-31
"ENSO34",2025,12,-0.109677419354839,"December",2025-12-01,2025-12-31
"ENSO4",2025,12,0.195161290322581,"December",2025-12-01,2025-12-31
