"country","iso_code","month","week","date","cases","deaths"
"Burundi","BDI","01","1",2023-01-02,0,0
"Burundi","BDI","01","2",2023-01-03,0,0
"Burundi","BDI","01","3",2023-01-04,0,0
"Burundi","BDI","01","4",2023-01-05,0,0
"Burundi","BDI","01","5",2023-01-06,0,0
"Burundi","BDI","01","6",2023-01-07,0,0
"Burundi","BDI","01","0",2023-01-08,0,0
"Burundi","BDI","01","1",2023-01-09,7,0
"Burundi","BDI","01","2",2023-01-10,7,0
"Burundi","BDI","01","3",2023-01-11,7,0
"Burundi","BDI","01","4",2023-01-12,7,1
"Burundi","BDI","01","5",2023-01-13,7,0
"Burundi","BDI","01","6",2023-01-14,7,0
"Burundi","BDI","01","0",2023-01-15,7,0
"Burundi","BDI","01","1",2023-01-16,1,0
"Burundi","BDI","01","2",2023-01-17,2,0
"Burundi","BDI","01","3",2023-01-18,2,0
"Burundi","BDI","01","4",2023-01-19,2,0
"Burundi","BDI","01","5",2023-01-20,2,0
"Burundi","BDI","01","6",2023-01-21,2,0
"Burundi","BDI","01","0",2023-01-22,1,0
"Burundi","BDI","01","1",2023-01-23,2,0
"Burundi","BDI","01","2",2023-01-24,3,0
"Burundi","BDI","01","3",2023-01-25,3,0
"Burundi","BDI","01","4",2023-01-26,3,0
"Burundi","BDI","01","5",2023-01-27,3,0
"Burundi","BDI","01","6",2023-01-28,3,0
"Burundi","BDI","01","0",2023-01-29,3,0
"Burundi","BDI","01","1",2023-01-30,1,0
"Burundi","BDI","01","2",2023-01-31,2,0
"Burundi","BDI","02","3",2023-02-01,2,0
"Burundi","BDI","02","4",2023-02-02,2,0
"Burundi","BDI","02","5",2023-02-03,2,0
"Burundi","BDI","02","6",2023-02-04,2,0
"Burundi","BDI","02","0",2023-02-05,2,0
"Burundi","BDI","02","1",2023-02-06,0,0
"Burundi","BDI","02","2",2023-02-07,0,0
"Burundi","BDI","02","3",2023-02-08,1,0
"Burundi","BDI","02","4",2023-02-09,1,0
"Burundi","BDI","02","5",2023-02-10,1,0
"Burundi","BDI","02","6",2023-02-11,0,0
"Burundi","BDI","02","0",2023-02-12,0,0
"Burundi","BDI","02","1",2023-02-13,0,0
"Burundi","BDI","02","2",2023-02-14,0,0
"Burundi","BDI","02","3",2023-02-15,1,0
"Burundi","BDI","02","4",2023-02-16,1,0
"Burundi","BDI","02","5",2023-02-17,1,0
"Burundi","BDI","02","6",2023-02-18,1,0
"Burundi","BDI","02","0",2023-02-19,0,0
"Burundi","BDI","02","1",2023-02-20,1,0
"Burundi","BDI","02","2",2023-02-21,2,0
"Burundi","BDI","02","3",2023-02-22,2,0
"Burundi","BDI","02","4",2023-02-23,2,0
"Burundi","BDI","02","5",2023-02-24,2,0
"Burundi","BDI","02","6",2023-02-25,2,0
"Burundi","BDI","02","0",2023-02-26,2,0
"Burundi","BDI","02","1",2023-02-27,1,0
"Burundi","BDI","02","2",2023-02-28,1,0
"Burundi","BDI","03","3",2023-03-01,1,0
"Burundi","BDI","03","4",2023-03-02,1,0
"Burundi","BDI","03","5",2023-03-03,1,0
"Burundi","BDI","03","6",2023-03-04,1,0
"Burundi","BDI","03","0",2023-03-05,1,0
"Burundi","BDI","03","1",2023-03-06,3,0
"Burundi","BDI","03","2",2023-03-07,4,0
"Burundi","BDI","03","3",2023-03-08,4,0
"Burundi","BDI","03","4",2023-03-09,4,0
"Burundi","BDI","03","5",2023-03-10,4,0
"Burundi","BDI","03","6",2023-03-11,4,0
"Burundi","BDI","03","0",2023-03-12,4,0
"Burundi","BDI","03","1",2023-03-13,1,0
"Burundi","BDI","03","2",2023-03-14,1,0
"Burundi","BDI","03","3",2023-03-15,2,0
"Burundi","BDI","03","4",2023-03-16,2,0
"Burundi","BDI","03","5",2023-03-17,2,0
"Burundi","BDI","03","6",2023-03-18,2,0
"Burundi","BDI","03","0",2023-03-19,1,0
"Burundi","BDI","03","1",2023-03-20,1,0
"Burundi","BDI","03","2",2023-03-21,2,0
"Burundi","BDI","03","3",2023-03-22,2,0
"Burundi","BDI","03","4",2023-03-23,2,0
"Burundi","BDI","03","5",2023-03-24,2,0
"Burundi","BDI","03","6",2023-03-25,2,0
"Burundi","BDI","03","0",2023-03-26,2,0
"Burundi","BDI","03","1",2023-03-27,1,0
"Burundi","BDI","03","2",2023-03-28,1,0
"Burundi","BDI","03","3",2023-03-29,1,0
"Burundi","BDI","03","4",2023-03-30,2,0
"Burundi","BDI","03","5",2023-03-31,2,0
"Burundi","BDI","04","6",2023-04-01,1,0
"Burundi","BDI","04","0",2023-04-02,1,0
"Burundi","BDI","04","1",2023-04-03,3,0
"Burundi","BDI","04","2",2023-04-04,3,0
"Burundi","BDI","04","3",2023-04-05,3,0
"Burundi","BDI","04","4",2023-04-06,4,0
"Burundi","BDI","04","5",2023-04-07,3,0
"Burundi","BDI","04","6",2023-04-08,3,0
"Burundi","BDI","04","0",2023-04-09,3,0
"Burundi","BDI","04","1",2023-04-10,7,0
"Burundi","BDI","04","2",2023-04-11,8,0
"Burundi","BDI","04","3",2023-04-12,8,0
"Burundi","BDI","04","4",2023-04-13,8,0
"Burundi","BDI","04","5",2023-04-14,8,0
"Burundi","BDI","04","6",2023-04-15,8,0
"Burundi","BDI","04","0",2023-04-16,7,0
"Burundi","BDI","04","1",2023-04-17,5,0
"Burundi","BDI","04","2",2023-04-18,6,0
"Burundi","BDI","04","3",2023-04-19,6,0
"Burundi","BDI","04","4",2023-04-20,6,1
"Burundi","BDI","04","5",2023-04-21,6,1
"Burundi","BDI","04","6",2023-04-22,6,0
"Burundi","BDI","04","0",2023-04-23,5,0
"Burundi","BDI","04","1",2023-04-24,4,0
"Burundi","BDI","04","2",2023-04-25,5,0
"Burundi","BDI","04","3",2023-04-26,5,0
"Burundi","BDI","04","4",2023-04-27,5,0
"Burundi","BDI","04","5",2023-04-28,5,0
"Burundi","BDI","04","6",2023-04-29,5,0
"Burundi","BDI","04","0",2023-04-30,5,0
"Burundi","BDI","05","1",2023-05-01,3,0
"Burundi","BDI","05","2",2023-05-02,3,0
"Burundi","BDI","05","3",2023-05-03,4,0
"Burundi","BDI","05","4",2023-05-04,4,0
"Burundi","BDI","05","5",2023-05-05,4,0
"Burundi","BDI","05","6",2023-05-06,4,0
"Burundi","BDI","05","0",2023-05-07,3,0
"Burundi","BDI","05","1",2023-05-08,4,0
"Burundi","BDI","05","2",2023-05-09,4,0
"Burundi","BDI","05","3",2023-05-10,4,0
"Burundi","BDI","05","4",2023-05-11,4,1
"Burundi","BDI","05","5",2023-05-12,4,1
"Burundi","BDI","05","6",2023-05-13,4,0
"Burundi","BDI","05","0",2023-05-14,4,0
"Burundi","BDI","05","1",2023-05-15,3,0
"Burundi","BDI","05","2",2023-05-16,3,0
"Burundi","BDI","05","3",2023-05-17,4,0
"Burundi","BDI","05","4",2023-05-18,4,0
"Burundi","BDI","05","5",2023-05-19,4,0
"Burundi","BDI","05","6",2023-05-20,3,0
"Burundi","BDI","05","0",2023-05-21,3,0
"Burundi","BDI","05","1",2023-05-22,2,0
"Burundi","BDI","05","2",2023-05-23,2,0
"Burundi","BDI","05","3",2023-05-24,3,0
"Burundi","BDI","05","4",2023-05-25,3,1
"Burundi","BDI","05","5",2023-05-26,3,1
"Burundi","BDI","05","6",2023-05-27,3,0
"Burundi","BDI","05","0",2023-05-28,2,0
"Burundi","BDI","05","1",2023-05-29,6,0
"Burundi","BDI","05","2",2023-05-30,6,0
"Burundi","BDI","05","3",2023-05-31,6,0
"Burundi","BDI","06","4",2023-06-01,6,0
"Burundi","BDI","06","5",2023-06-02,6,0
"Burundi","BDI","06","6",2023-06-03,6,0
"Burundi","BDI","06","0",2023-06-04,6,0
"Burundi","BDI","06","1",2023-06-05,3,0
"Burundi","BDI","06","2",2023-06-06,4,0
"Burundi","BDI","06","3",2023-06-07,4,0
"Burundi","BDI","06","4",2023-06-08,4,1
"Burundi","BDI","06","5",2023-06-09,4,1
"Burundi","BDI","06","6",2023-06-10,4,0
"Burundi","BDI","06","0",2023-06-11,3,0
"Burundi","BDI","06","1",2023-06-12,2,0
"Burundi","BDI","06","2",2023-06-13,2,0
"Burundi","BDI","06","3",2023-06-14,3,0
"Burundi","BDI","06","4",2023-06-15,3,0
"Burundi","BDI","06","5",2023-06-16,3,0
"Burundi","BDI","06","6",2023-06-17,2,0
"Burundi","BDI","06","0",2023-06-18,2,0
"Burundi","BDI","06","1",2023-06-19,1,0
"Burundi","BDI","06","2",2023-06-20,1,0
"Burundi","BDI","06","3",2023-06-21,1,0
"Burundi","BDI","06","4",2023-06-22,1,0
"Burundi","BDI","06","5",2023-06-23,1,0
"Burundi","BDI","06","6",2023-06-24,1,0
"Burundi","BDI","06","0",2023-06-25,1,0
"Burundi","BDI","06","1",2023-06-26,2,0
"Burundi","BDI","06","2",2023-06-27,3,0
"Burundi","BDI","06","3",2023-06-28,3,0
"Burundi","BDI","06","4",2023-06-29,3,0
"Burundi","BDI","06","5",2023-06-30,3,0
"Burundi","BDI","07","6",2023-07-01,3,0
"Burundi","BDI","07","0",2023-07-02,3,0
"Burundi","BDI","07","1",2023-07-03,1,0
"Burundi","BDI","07","2",2023-07-04,1,0
"Burundi","BDI","07","3",2023-07-05,2,0
"Burundi","BDI","07","4",2023-07-06,2,0
"Burundi","BDI","07","5",2023-07-07,2,0
"Burundi","BDI","07","6",2023-07-08,2,0
"Burundi","BDI","07","0",2023-07-09,1,0
"Burundi","BDI","07","1",2023-07-10,1,0
"Burundi","BDI","07","2",2023-07-11,1,0
"Burundi","BDI","07","3",2023-07-12,1,0
"Burundi","BDI","07","4",2023-07-13,2,0
"Burundi","BDI","07","5",2023-07-14,1,0
"Burundi","BDI","07","6",2023-07-15,1,0
"Burundi","BDI","07","0",2023-07-16,1,0
"Burundi","BDI","07","1",2023-07-17,1,0
"Burundi","BDI","07","2",2023-07-18,1,0
"Burundi","BDI","07","3",2023-07-19,2,0
"Burundi","BDI","07","4",2023-07-20,2,0
"Burundi","BDI","07","5",2023-07-21,2,0
"Burundi","BDI","07","6",2023-07-22,1,0
"Burundi","BDI","07","0",2023-07-23,1,0
"Burundi","BDI","07","1",2023-07-24,0,0
"Burundi","BDI","07","2",2023-07-25,1,0
"Burundi","BDI","07","3",2023-07-26,1,0
"Burundi","BDI","07","4",2023-07-27,1,0
"Burundi","BDI","07","5",2023-07-28,1,0
"Burundi","BDI","07","6",2023-07-29,1,0
"Burundi","BDI","07","0",2023-07-30,1,0
"Burundi","BDI","07","1",2023-07-31,0,0
"Burundi","BDI","08","2",2023-08-01,1,0
"Burundi","BDI","08","3",2023-08-02,1,0
"Burundi","BDI","08","4",2023-08-03,1,0
"Burundi","BDI","08","5",2023-08-04,1,0
"Burundi","BDI","08","6",2023-08-05,1,0
"Burundi","BDI","08","0",2023-08-06,1,0
"Burundi","BDI","08","1",2023-08-07,0,0
"Burundi","BDI","08","2",2023-08-08,1,0
"Burundi","BDI","08","3",2023-08-09,1,0
"Burundi","BDI","08","4",2023-08-10,1,0
"Burundi","BDI","08","5",2023-08-11,1,0
"Burundi","BDI","08","6",2023-08-12,1,0
"Burundi","BDI","08","0",2023-08-13,1,0
"Burundi","BDI","08","1",2023-08-14,0,0
"Burundi","BDI","08","2",2023-08-15,1,0
"Burundi","BDI","08","3",2023-08-16,1,0
"Burundi","BDI","08","4",2023-08-17,1,0
"Burundi","BDI","08","5",2023-08-18,1,0
"Burundi","BDI","08","6",2023-08-19,1,0
"Burundi","BDI","08","0",2023-08-20,1,0
"Burundi","BDI","08","1",2023-08-21,7,0
"Burundi","BDI","08","2",2023-08-22,7,0
"Burundi","BDI","08","3",2023-08-23,8,0
"Burundi","BDI","08","4",2023-08-24,8,0
"Burundi","BDI","08","5",2023-08-25,8,0
"Burundi","BDI","08","6",2023-08-26,8,0
"Burundi","BDI","08","0",2023-08-27,7,0
"Burundi","BDI","08","1",2023-08-28,11,0
"Burundi","BDI","08","2",2023-08-29,11,0
"Burundi","BDI","08","3",2023-08-30,11,0
"Burundi","BDI","08","4",2023-08-31,11,0
"Burundi","BDI","09","5",2023-09-01,11,0
"Burundi","BDI","09","6",2023-09-02,11,0
"Burundi","BDI","09","0",2023-09-03,11,0
"Burundi","BDI","09","1",2023-09-04,11,0
"Burundi","BDI","09","2",2023-09-05,11,0
"Burundi","BDI","09","3",2023-09-06,11,0
"Burundi","BDI","09","4",2023-09-07,11,0
"Burundi","BDI","09","5",2023-09-08,11,0
"Burundi","BDI","09","6",2023-09-09,11,0
"Burundi","BDI","09","0",2023-09-10,11,0
"Burundi","BDI","09","1",2023-09-11,13,0
"Burundi","BDI","09","2",2023-09-12,13,0
"Burundi","BDI","09","3",2023-09-13,13,0
"Burundi","BDI","09","4",2023-09-14,14,0
"Burundi","BDI","09","5",2023-09-15,14,0
"Burundi","BDI","09","6",2023-09-16,13,0
"Burundi","BDI","09","0",2023-09-17,13,0
"Burundi","BDI","09","1",2023-09-18,14,0
"Burundi","BDI","09","2",2023-09-19,14,0
"Burundi","BDI","09","3",2023-09-20,14,0
"Burundi","BDI","09","4",2023-09-21,15,0
"Burundi","BDI","09","5",2023-09-22,15,0
"Burundi","BDI","09","6",2023-09-23,14,0
"Burundi","BDI","09","0",2023-09-24,14,0
"Burundi","BDI","09","1",2023-09-25,9,0
"Burundi","BDI","09","2",2023-09-26,9,0
"Burundi","BDI","09","3",2023-09-27,10,0
"Burundi","BDI","09","4",2023-09-28,10,0
"Burundi","BDI","09","5",2023-09-29,10,0
"Burundi","BDI","09","6",2023-09-30,10,0
"Burundi","BDI","10","0",2023-10-01,9,0
"Burundi","BDI","10","1",2023-10-02,9,0
"Burundi","BDI","10","2",2023-10-03,9,0
"Burundi","BDI","10","3",2023-10-04,9,0
"Burundi","BDI","10","4",2023-10-05,10,0
"Burundi","BDI","10","5",2023-10-06,10,0
"Burundi","BDI","10","6",2023-10-07,9,0
"Burundi","BDI","10","0",2023-10-08,9,0
"Burundi","BDI","10","1",2023-10-09,6,0
"Burundi","BDI","10","2",2023-10-10,7,0
"Burundi","BDI","10","3",2023-10-11,7,0
"Burundi","BDI","10","4",2023-10-12,7,0
"Burundi","BDI","10","5",2023-10-13,7,0
"Burundi","BDI","10","6",2023-10-14,7,0
"Burundi","BDI","10","0",2023-10-15,7,0
"Burundi","BDI","10","1",2023-10-16,3,0
"Burundi","BDI","10","2",2023-10-17,3,0
"Burundi","BDI","10","3",2023-10-18,3,0
"Burundi","BDI","10","4",2023-10-19,4,0
"Burundi","BDI","10","5",2023-10-20,4,0
"Burundi","BDI","10","6",2023-10-21,3,0
"Burundi","BDI","10","0",2023-10-22,3,0
"Burundi","BDI","10","1",2023-10-23,4,0
"Burundi","BDI","10","2",2023-10-24,4,0
"Burundi","BDI","10","3",2023-10-25,4,0
"Burundi","BDI","10","4",2023-10-26,4,0
"Burundi","BDI","10","5",2023-10-27,4,0
"Burundi","BDI","10","6",2023-10-28,4,0
"Burundi","BDI","10","0",2023-10-29,4,0
"Burundi","BDI","10","1",2023-10-30,3,0
"Burundi","BDI","10","2",2023-10-31,3,0
"Burundi","BDI","11","3",2023-11-01,3,0
"Burundi","BDI","11","4",2023-11-02,4,0
"Burundi","BDI","11","5",2023-11-03,4,0
"Burundi","BDI","11","6",2023-11-04,3,0
"Burundi","BDI","11","0",2023-11-05,3,0
"Burundi","BDI","11","1",2023-11-06,4,0
"Burundi","BDI","11","2",2023-11-07,4,0
"Burundi","BDI","11","3",2023-11-08,4,0
"Burundi","BDI","11","4",2023-11-09,4,0
"Burundi","BDI","11","5",2023-11-10,4,0
"Burundi","BDI","11","6",2023-11-11,4,0
"Burundi","BDI","11","0",2023-11-12,4,0
"Burundi","BDI","11","1",2023-11-13,2,0
"Burundi","BDI","11","2",2023-11-14,2,0
"Burundi","BDI","11","3",2023-11-15,3,0
"Burundi","BDI","11","4",2023-11-16,3,0
"Burundi","BDI","11","5",2023-11-17,3,0
"Burundi","BDI","11","6",2023-11-18,3,0
"Burundi","BDI","11","0",2023-11-19,2,0
"Burundi","BDI","11","1",2023-11-20,1,0
"Burundi","BDI","11","2",2023-11-21,1,0
"Burundi","BDI","11","3",2023-11-22,2,0
"Burundi","BDI","11","4",2023-11-23,2,0
"Burundi","BDI","11","5",2023-11-24,2,0
"Burundi","BDI","11","6",2023-11-25,1,0
"Burundi","BDI","11","0",2023-11-26,1,0
"Burundi","BDI","11","1",2023-11-27,2,0
"Burundi","BDI","11","2",2023-11-28,2,0
"Burundi","BDI","11","3",2023-11-29,3,0
"Burundi","BDI","11","4",2023-11-30,3,0
"Burundi","BDI","12","5",2023-12-01,3,0
"Burundi","BDI","12","6",2023-12-02,2,0
"Burundi","BDI","12","0",2023-12-03,2,0
"Burundi","BDI","12","1",2023-12-04,1,0
"Burundi","BDI","12","2",2023-12-05,2,0
"Burundi","BDI","12","3",2023-12-06,2,0
"Burundi","BDI","12","4",2023-12-07,2,0
"Burundi","BDI","12","5",2023-12-08,2,0
"Burundi","BDI","12","6",2023-12-09,2,0
"Burundi","BDI","12","0",2023-12-10,1,0
"Burundi","BDI","12","1",2023-12-11,0,0
"Burundi","BDI","12","2",2023-12-12,1,0
"Burundi","BDI","12","3",2023-12-13,1,0
"Burundi","BDI","12","4",2023-12-14,1,0
"Burundi","BDI","12","5",2023-12-15,1,0
"Burundi","BDI","12","6",2023-12-16,1,0
"Burundi","BDI","12","0",2023-12-17,0,0
"Burundi","BDI","12","1",2023-12-18,0,0
"Burundi","BDI","12","2",2023-12-19,0,0
"Burundi","BDI","12","3",2023-12-20,0,0
"Burundi","BDI","12","4",2023-12-21,1,0
"Burundi","BDI","12","5",2023-12-22,1,0
"Burundi","BDI","12","6",2023-12-23,0,0
"Burundi","BDI","12","0",2023-12-24,0,0
"Burundi","BDI","12","1",2023-12-25,1,0
"Burundi","BDI","12","2",2023-12-26,1,0
"Burundi","BDI","12","3",2023-12-27,2,0
"Burundi","BDI","12","4",2023-12-28,2,0
"Burundi","BDI","12","5",2023-12-29,2,0
"Burundi","BDI","12","6",2023-12-30,1,0
"Burundi","BDI","12","0",2023-12-31,1,0
"Burundi","BDI","01","1",2024-01-01,1,0
"Burundi","BDI","01","2",2024-01-02,1,0
"Burundi","BDI","01","3",2024-01-03,2,0
"Burundi","BDI","01","4",2024-01-04,2,0
"Burundi","BDI","01","5",2024-01-05,2,0
"Burundi","BDI","01","6",2024-01-06,2,0
"Burundi","BDI","01","0",2024-01-07,1,0
"Burundi","BDI","01","1",2024-01-08,1,0
"Burundi","BDI","01","2",2024-01-09,2,0
"Burundi","BDI","01","3",2024-01-10,2,0
"Burundi","BDI","01","4",2024-01-11,2,0
"Burundi","BDI","01","5",2024-01-12,2,0
"Burundi","BDI","01","6",2024-01-13,2,0
"Burundi","BDI","01","0",2024-01-14,2,0
"Burundi","BDI","01","1",2024-01-15,1,0
"Burundi","BDI","01","2",2024-01-16,1,0
"Burundi","BDI","01","3",2024-01-17,1,0
"Burundi","BDI","01","4",2024-01-18,2,0
"Burundi","BDI","01","5",2024-01-19,1,0
"Burundi","BDI","01","6",2024-01-20,1,0
"Burundi","BDI","01","0",2024-01-21,1,0
"Burundi","BDI","01","1",2024-01-22,2,0
"Burundi","BDI","01","2",2024-01-23,2,0
"Burundi","BDI","01","3",2024-01-24,2,0
"Burundi","BDI","01","4",2024-01-25,2,0
"Burundi","BDI","01","5",2024-01-26,2,0
"Burundi","BDI","01","6",2024-01-27,2,0
"Burundi","BDI","01","0",2024-01-28,2,0
"Burundi","BDI","01","1",2024-01-29,1,0
"Burundi","BDI","01","2",2024-01-30,1,0
"Burundi","BDI","01","3",2024-01-31,2,0
"Burundi","BDI","02","4",2024-02-01,2,0
"Burundi","BDI","02","5",2024-02-02,2,0
"Burundi","BDI","02","6",2024-02-03,1,0
"Burundi","BDI","02","0",2024-02-04,1,0
"Burundi","BDI","02","1",2024-02-05,1,0
"Burundi","BDI","02","2",2024-02-06,1,0
"Burundi","BDI","02","3",2024-02-07,2,0
"Burundi","BDI","02","4",2024-02-08,2,0
"Burundi","BDI","02","5",2024-02-09,2,0
"Burundi","BDI","02","6",2024-02-10,2,0
"Burundi","BDI","02","0",2024-02-11,1,0
"Burundi","BDI","02","1",2024-02-12,2,0
"Burundi","BDI","02","2",2024-02-13,2,0
"Burundi","BDI","02","3",2024-02-14,2,0
"Burundi","BDI","02","4",2024-02-15,3,0
"Burundi","BDI","02","5",2024-02-16,2,0
"Burundi","BDI","02","6",2024-02-17,2,0
"Burundi","BDI","02","0",2024-02-18,2,0
"Burundi","BDI","02","1",2024-02-19,0,0
"Burundi","BDI","02","2",2024-02-20,0,0
"Burundi","BDI","02","3",2024-02-21,1,0
"Burundi","BDI","02","4",2024-02-22,1,0
"Burundi","BDI","02","5",2024-02-23,1,0
"Burundi","BDI","02","6",2024-02-24,0,0
"Burundi","BDI","02","0",2024-02-25,0,0
"Burundi","BDI","02","1",2024-02-26,0,0
"Burundi","BDI","02","2",2024-02-27,0,0
"Burundi","BDI","02","3",2024-02-28,0,0
"Burundi","BDI","02","4",2024-02-29,1,0
"Burundi","BDI","03","5",2024-03-01,1,0
"Burundi","BDI","03","6",2024-03-02,0,0
"Burundi","BDI","03","0",2024-03-03,0,0
"Burundi","BDI","03","1",2024-03-04,1,0
"Burundi","BDI","03","2",2024-03-05,1,0
"Burundi","BDI","03","3",2024-03-06,2,0
"Burundi","BDI","03","4",2024-03-07,2,0
"Burundi","BDI","03","5",2024-03-08,2,0
"Burundi","BDI","03","6",2024-03-09,1,0
"Burundi","BDI","03","0",2024-03-10,1,0
"Burundi","BDI","03","1",2024-03-11,0,0
"Burundi","BDI","03","2",2024-03-12,0,0
"Burundi","BDI","03","3",2024-03-13,1,0
"Burundi","BDI","03","4",2024-03-14,1,0
"Burundi","BDI","03","5",2024-03-15,1,0
"Burundi","BDI","03","6",2024-03-16,1,0
"Burundi","BDI","03","0",2024-03-17,0,0
"Burundi","BDI","03","1",2024-03-18,1,0
"Burundi","BDI","03","2",2024-03-19,1,0
"Burundi","BDI","03","3",2024-03-20,1,0
"Burundi","BDI","03","4",2024-03-21,2,0
"Burundi","BDI","03","5",2024-03-22,1,0
"Burundi","BDI","03","6",2024-03-23,1,0
"Burundi","BDI","03","0",2024-03-24,1,0
"Burundi","BDI","03","1",2024-03-25,0,0
"Burundi","BDI","03","2",2024-03-26,0,0
"Burundi","BDI","03","3",2024-03-27,0,0
"Burundi","BDI","03","4",2024-03-28,1,0
"Burundi","BDI","03","5",2024-03-29,0,0
"Burundi","BDI","03","6",2024-03-30,0,0
"Burundi","BDI","03","0",2024-03-31,0,0
"Burundi","BDI","04","1",2024-04-01,1,0
"Burundi","BDI","04","2",2024-04-02,1,0
"Burundi","BDI","04","3",2024-04-03,2,0
"Burundi","BDI","04","4",2024-04-04,2,0
"Burundi","BDI","04","5",2024-04-05,2,0
"Burundi","BDI","04","6",2024-04-06,2,0
"Burundi","BDI","04","0",2024-04-07,1,0
"Burundi","BDI","04","1",2024-04-08,1,0
"Burundi","BDI","04","2",2024-04-09,2,0
"Burundi","BDI","04","3",2024-04-10,2,0
"Burundi","BDI","04","4",2024-04-11,2,0
"Burundi","BDI","04","5",2024-04-12,2,0
"Burundi","BDI","04","6",2024-04-13,2,0
"Burundi","BDI","04","0",2024-04-14,2,0
"Burundi","BDI","04","1",2024-04-15,3,0
"Burundi","BDI","04","2",2024-04-16,4,0
"Burundi","BDI","04","3",2024-04-17,4,0
"Burundi","BDI","04","4",2024-04-18,4,0
"Burundi","BDI","04","5",2024-04-19,4,0
"Burundi","BDI","04","6",2024-04-20,4,0
"Burundi","BDI","04","0",2024-04-21,4,0
"Burundi","BDI","04","1",2024-04-22,5,0
"Burundi","BDI","04","2",2024-04-23,5,0
"Burundi","BDI","04","3",2024-04-24,5,0
"Burundi","BDI","04","4",2024-04-25,6,0
"Burundi","BDI","04","5",2024-04-26,5,0
"Burundi","BDI","04","6",2024-04-27,5,0
"Burundi","BDI","04","0",2024-04-28,5,0
"Burundi","BDI","04","1",2024-04-29,7,0
"Burundi","BDI","04","2",2024-04-30,7,0
"Burundi","BDI","05","3",2024-05-01,7,0
"Burundi","BDI","05","4",2024-05-02,7,0
"Burundi","BDI","05","5",2024-05-03,7,0
"Burundi","BDI","05","6",2024-05-04,7,0
"Burundi","BDI","05","0",2024-05-05,7,0
"Burundi","BDI","05","1",2024-05-06,10,0
"Burundi","BDI","05","2",2024-05-07,10,0
"Burundi","BDI","05","3",2024-05-08,10,0
"Burundi","BDI","05","4",2024-05-09,10,1
"Burundi","BDI","05","5",2024-05-10,10,0
"Burundi","BDI","05","6",2024-05-11,10,0
"Burundi","BDI","05","0",2024-05-12,10,0
"Burundi","BDI","05","1",2024-05-13,17,0
"Burundi","BDI","05","2",2024-05-14,17,0
"Burundi","BDI","05","3",2024-05-15,17,0
"Burundi","BDI","05","4",2024-05-16,17,0
"Burundi","BDI","05","5",2024-05-17,17,0
"Burundi","BDI","05","6",2024-05-18,17,0
"Burundi","BDI","05","0",2024-05-19,17,0
"Burundi","BDI","05","1",2024-05-20,8,0
"Burundi","BDI","05","2",2024-05-21,8,0
"Burundi","BDI","05","3",2024-05-22,9,0
"Burundi","BDI","05","4",2024-05-23,9,0
"Burundi","BDI","05","5",2024-05-24,9,0
"Burundi","BDI","05","6",2024-05-25,9,0
"Burundi","BDI","05","0",2024-05-26,8,0
"Burundi","BDI","05","1",2024-05-27,3,0
"Burundi","BDI","05","2",2024-05-28,4,0
"Burundi","BDI","05","3",2024-05-29,4,0
"Burundi","BDI","05","4",2024-05-30,4,1
"Burundi","BDI","05","5",2024-05-31,4,0
"Burundi","BDI","06","6",2024-06-01,4,0
"Burundi","BDI","06","0",2024-06-02,4,0
"Burundi","BDI","06","1",2024-06-03,2,0
"Burundi","BDI","06","2",2024-06-04,3,0
"Burundi","BDI","06","3",2024-06-05,3,0
"Burundi","BDI","06","4",2024-06-06,3,0
"Burundi","BDI","06","5",2024-06-07,3,0
"Burundi","BDI","06","6",2024-06-08,3,0
"Burundi","BDI","06","0",2024-06-09,3,0
"Burundi","BDI","06","1",2024-06-10,3,0
"Burundi","BDI","06","2",2024-06-11,3,0
"Burundi","BDI","06","3",2024-06-12,3,0
"Burundi","BDI","06","4",2024-06-13,3,0
"Burundi","BDI","06","5",2024-06-14,3,0
"Burundi","BDI","06","6",2024-06-15,3,0
"Burundi","BDI","06","0",2024-06-16,3,0
"Burundi","BDI","06","1",2024-06-17,2,0
"Burundi","BDI","06","2",2024-06-18,3,0
"Burundi","BDI","06","3",2024-06-19,3,0
"Burundi","BDI","06","4",2024-06-20,3,0
"Burundi","BDI","06","5",2024-06-21,3,0
"Burundi","BDI","06","6",2024-06-22,3,0
"Burundi","BDI","06","0",2024-06-23,3,0
"Burundi","BDI","06","1",2024-06-24,5,0
"Burundi","BDI","06","2",2024-06-25,5,0
"Burundi","BDI","06","3",2024-06-26,5,0
"Burundi","BDI","06","4",2024-06-27,6,1
"Burundi","BDI","06","5",2024-06-28,6,0
"Burundi","BDI","06","6",2024-06-29,5,0
"Burundi","BDI","06","0",2024-06-30,5,0
"Burundi","BDI","07","1",2024-07-01,6,0
"Burundi","BDI","07","2",2024-07-02,6,0
"Burundi","BDI","07","3",2024-07-03,6,0
"Burundi","BDI","07","4",2024-07-04,7,0
"Burundi","BDI","07","5",2024-07-05,6,0
"Burundi","BDI","07","6",2024-07-06,6,0
"Burundi","BDI","07","0",2024-07-07,6,0
"Burundi","BDI","07","1",2024-07-08,3,0
"Burundi","BDI","07","2",2024-07-09,3,0
"Burundi","BDI","07","3",2024-07-10,4,0
"Burundi","BDI","07","4",2024-07-11,4,0
"Burundi","BDI","07","5",2024-07-12,4,0
"Burundi","BDI","07","6",2024-07-13,3,0
"Burundi","BDI","07","0",2024-07-14,3,0
"Burundi","BDI","07","1",2024-07-15,1,0
"Burundi","BDI","07","2",2024-07-16,2,0
"Burundi","BDI","07","3",2024-07-17,2,0
"Burundi","BDI","07","4",2024-07-18,2,0
"Burundi","BDI","07","5",2024-07-19,2,0
"Burundi","BDI","07","6",2024-07-20,2,0
"Burundi","BDI","07","0",2024-07-21,1,0
"Burundi","BDI","07","1",2024-07-22,2,0
"Burundi","BDI","07","2",2024-07-23,2,0
"Burundi","BDI","07","3",2024-07-24,3,0
"Burundi","BDI","07","4",2024-07-25,3,0
"Burundi","BDI","07","5",2024-07-26,3,0
"Burundi","BDI","07","6",2024-07-27,2,0
"Burundi","BDI","07","0",2024-07-28,2,0
"Burundi","BDI","07","1",2024-07-29,1,0
"Burundi","BDI","07","2",2024-07-30,1,0
"Burundi","BDI","07","3",2024-07-31,1,0
"Burundi","BDI","08","4",2024-08-01,2,0
"Burundi","BDI","08","5",2024-08-02,1,0
"Burundi","BDI","08","6",2024-08-03,1,0
"Burundi","BDI","08","0",2024-08-04,1,0
"Burundi","BDI","08","1",2024-08-05,0,0
"Burundi","BDI","08","2",2024-08-06,0,0
"Burundi","BDI","08","3",2024-08-07,1,0
"Burundi","BDI","08","4",2024-08-08,1,0
"Burundi","BDI","08","5",2024-08-09,1,0
"Burundi","BDI","08","6",2024-08-10,1,0
"Burundi","BDI","08","0",2024-08-11,0,0
"Burundi","BDI","08","1",2024-08-12,1,0
"Burundi","BDI","08","2",2024-08-13,1,0
"Burundi","BDI","08","3",2024-08-14,1,0
"Burundi","BDI","08","4",2024-08-15,2,0
"Burundi","BDI","08","5",2024-08-16,2,0
"Burundi","BDI","08","6",2024-08-17,1,0
"Burundi","BDI","08","0",2024-08-18,1,0
"Burundi","BDI","08","1",2024-08-19,1,0
"Burundi","BDI","08","2",2024-08-20,2,0
"Burundi","BDI","08","3",2024-08-21,2,0
"Burundi","BDI","08","4",2024-08-22,2,0
"Burundi","BDI","08","5",2024-08-23,2,0
"Burundi","BDI","08","6",2024-08-24,2,0
"Burundi","BDI","08","0",2024-08-25,1,0
"Burundi","BDI","08","1",2024-08-26,3,0
"Burundi","BDI","08","2",2024-08-27,3,0
"Burundi","BDI","08","3",2024-08-28,3,0
"Burundi","BDI","08","4",2024-08-29,3,0
"Burundi","BDI","08","5",2024-08-30,3,0
"Burundi","BDI","08","6",2024-08-31,3,0
"Burundi","BDI","09","0",2024-09-01,3,0
"Burundi","BDI","09","1",2024-09-02,2,0
"Burundi","BDI","09","2",2024-09-03,2,0
"Burundi","BDI","09","3",2024-09-04,3,0
"Burundi","BDI","09","4",2024-09-05,3,0
"Burundi","BDI","09","5",2024-09-06,3,0
"Burundi","BDI","09","6",2024-09-07,2,0
"Burundi","BDI","09","0",2024-09-08,2,0
"Burundi","BDI","09","1",2024-09-09,1,0
"Burundi","BDI","09","2",2024-09-10,1,0
"Burundi","BDI","09","3",2024-09-11,2,0
"Burundi","BDI","09","4",2024-09-12,2,0
"Burundi","BDI","09","5",2024-09-13,2,0
"Burundi","BDI","09","6",2024-09-14,2,0
"Burundi","BDI","09","0",2024-09-15,1,0
"Burundi","BDI","09","1",2024-09-16,0,0
"Burundi","BDI","09","2",2024-09-17,0,0
"Burundi","BDI","09","3",2024-09-18,0,0
"Burundi","BDI","09","4",2024-09-19,0,0
"Burundi","BDI","09","5",2024-09-20,0,0
"Burundi","BDI","09","6",2024-09-21,0,0
"Burundi","BDI","09","0",2024-09-22,0,0
"Burundi","BDI","09","1",2024-09-23,2,0
"Burundi","BDI","09","2",2024-09-24,2,0
"Burundi","BDI","09","3",2024-09-25,2,0
"Burundi","BDI","09","4",2024-09-26,3,0
"Burundi","BDI","09","5",2024-09-27,3,0
"Burundi","BDI","09","6",2024-09-28,2,0
"Burundi","BDI","09","0",2024-09-29,2,0
"Burundi","BDI","09","1",2024-09-30,0,0
"Burundi","BDI","10","2",2024-10-01,1,0
"Burundi","BDI","10","3",2024-10-02,1,0
"Burundi","BDI","10","4",2024-10-03,1,0
"Burundi","BDI","10","5",2024-10-04,1,0
"Burundi","BDI","10","6",2024-10-05,1,0
"Burundi","BDI","10","0",2024-10-06,0,0
"Burundi","BDI","10","1",2024-10-07,0,0
"Burundi","BDI","10","2",2024-10-08,0,0
"Burundi","BDI","10","3",2024-10-09,0,0
"Burundi","BDI","10","4",2024-10-10,0,0
"Burundi","BDI","10","5",2024-10-11,0,0
"Burundi","BDI","10","6",2024-10-12,0,0
"Burundi","BDI","10","0",2024-10-13,0,0
"Burundi","BDI","10","1",2024-10-14,0,0
"Burundi","BDI","10","2",2024-10-15,0,0
"Burundi","BDI","10","3",2024-10-16,0,0
"Burundi","BDI","10","4",2024-10-17,0,0
"Burundi","BDI","10","5",2024-10-18,0,0
"Burundi","BDI","10","6",2024-10-19,0,0
"Burundi","BDI","10","0",2024-10-20,0,0
"Burundi","BDI","10","1",2024-10-21,0,0
"Burundi","BDI","10","2",2024-10-22,0,0
"Burundi","BDI","10","3",2024-10-23,1,0
"Burundi","BDI","10","4",2024-10-24,1,0
"Burundi","BDI","10","5",2024-10-25,1,0
"Burundi","BDI","10","6",2024-10-26,1,0
"Burundi","BDI","10","0",2024-10-27,0,0
"Burundi","BDI","10","1",2024-10-28,0,0
"Burundi","BDI","10","2",2024-10-29,0,0
"Burundi","BDI","10","3",2024-10-30,1,0
"Burundi","BDI","10","4",2024-10-31,1,0
"Burundi","BDI","11","5",2024-11-01,1,0
"Burundi","BDI","11","6",2024-11-02,0,0
"Burundi","BDI","11","0",2024-11-03,0,0
"Burundi","BDI","11","1",2024-11-04,0,0
"Burundi","BDI","11","2",2024-11-05,0,0
"Burundi","BDI","11","3",2024-11-06,1,0
"Burundi","BDI","11","4",2024-11-07,1,0
"Burundi","BDI","11","5",2024-11-08,1,0
"Burundi","BDI","11","6",2024-11-09,1,0
"Burundi","BDI","11","0",2024-11-10,0,0
"Burundi","BDI","11","1",2024-11-11,0,0
"Burundi","BDI","11","2",2024-11-12,0,0
"Burundi","BDI","11","3",2024-11-13,1,0
"Burundi","BDI","11","4",2024-11-14,1,0
"Burundi","BDI","11","5",2024-11-15,1,0
"Burundi","BDI","11","6",2024-11-16,0,0
"Burundi","BDI","11","0",2024-11-17,0,0
"Burundi","BDI","11","1",2024-11-18,0,0
"Burundi","BDI","11","2",2024-11-19,0,0
"Burundi","BDI","11","3",2024-11-20,0,0
"Burundi","BDI","11","4",2024-11-21,1,0
"Burundi","BDI","11","5",2024-11-22,1,0
"Burundi","BDI","11","6",2024-11-23,0,0
"Burundi","BDI","11","0",2024-11-24,0,0
"Burundi","BDI","11","1",2024-11-25,1,0
"Burundi","BDI","11","2",2024-11-26,2,0
"Burundi","BDI","11","3",2024-11-27,2,0
"Burundi","BDI","11","4",2024-11-28,2,0
"Burundi","BDI","11","5",2024-11-29,2,0
"Burundi","BDI","11","6",2024-11-30,2,0
"Burundi","BDI","12","0",2024-12-01,2,0
"Burundi","BDI","12","1",2024-12-02,2,0
"Burundi","BDI","12","2",2024-12-03,2,0
"Burundi","BDI","12","3",2024-12-04,3,0
"Burundi","BDI","12","4",2024-12-05,3,0
"Burundi","BDI","12","5",2024-12-06,3,0
"Burundi","BDI","12","6",2024-12-07,3,0
"Burundi","BDI","12","0",2024-12-08,2,0
"Burundi","BDI","12","1",2024-12-09,0,0
"Burundi","BDI","12","2",2024-12-10,0,0
"Burundi","BDI","12","3",2024-12-11,0,0
"Burundi","BDI","12","4",2024-12-12,0,0
"Burundi","BDI","12","5",2024-12-13,0,0
"Burundi","BDI","12","6",2024-12-14,0,0
"Burundi","BDI","12","0",2024-12-15,0,0
"Burundi","BDI","12","1",2024-12-16,3,0
"Burundi","BDI","12","2",2024-12-17,3,0
"Burundi","BDI","12","3",2024-12-18,3,0
"Burundi","BDI","12","4",2024-12-19,4,0
"Burundi","BDI","12","5",2024-12-20,4,0
"Burundi","BDI","12","6",2024-12-21,3,0
"Burundi","BDI","12","0",2024-12-22,3,0
"Burundi","BDI","12","1",2024-12-23,0,0
"Burundi","BDI","12","2",2024-12-24,0,0
"Burundi","BDI","12","3",2024-12-25,1,0
"Burundi","BDI","12","4",2024-12-26,1,0
"Burundi","BDI","12","5",2024-12-27,1,0
"Burundi","BDI","12","6",2024-12-28,0,0
"Burundi","BDI","12","0",2024-12-29,0,0
"Burundi","BDI","12","1",2024-12-30,4,0
"Burundi","BDI","12","2",2024-12-31,4,0
"Burundi","BDI","01","3",2025-01-01,4,0
"Burundi","BDI","01","4",2025-01-02,5,0
"Burundi","BDI","01","5",2025-01-03,5,0
"Burundi","BDI","01","6",2025-01-04,4,0
"Burundi","BDI","01","0",2025-01-05,4,0
"Cameroon","CMR","01","1",2023-01-02,2,0
"Cameroon","CMR","01","2",2023-01-03,2,0
"Cameroon","CMR","01","3",2023-01-04,2,0
"Cameroon","CMR","01","4",2023-01-05,3,0
"Cameroon","CMR","01","5",2023-01-06,3,0
"Cameroon","CMR","01","6",2023-01-07,2,0
"Cameroon","CMR","01","0",2023-01-08,2,0
"Cameroon","CMR","01","1",2023-01-09,2,0
"Cameroon","CMR","01","2",2023-01-10,2,0
"Cameroon","CMR","01","3",2023-01-11,2,0
"Cameroon","CMR","01","4",2023-01-12,2,0
"Cameroon","CMR","01","5",2023-01-13,2,0
"Cameroon","CMR","01","6",2023-01-14,2,0
"Cameroon","CMR","01","0",2023-01-15,2,0
"Cameroon","CMR","01","1",2023-01-16,2,0
"Cameroon","CMR","01","2",2023-01-17,2,0
"Cameroon","CMR","01","3",2023-01-18,2,0
"Cameroon","CMR","01","4",2023-01-19,3,0
"Cameroon","CMR","01","5",2023-01-20,3,0
"Cameroon","CMR","01","6",2023-01-21,2,0
"Cameroon","CMR","01","0",2023-01-22,2,0
"Cameroon","CMR","01","1",2023-01-23,2,0
"Cameroon","CMR","01","2",2023-01-24,3,0
"Cameroon","CMR","01","3",2023-01-25,3,0
"Cameroon","CMR","01","4",2023-01-26,3,1
"Cameroon","CMR","01","5",2023-01-27,3,0
"Cameroon","CMR","01","6",2023-01-28,3,0
"Cameroon","CMR","01","0",2023-01-29,3,0
"Cameroon","CMR","01","1",2023-01-30,5,0
"Cameroon","CMR","01","2",2023-01-31,5,0
"Cameroon","CMR","02","3",2023-02-01,6,1
"Cameroon","CMR","02","4",2023-02-02,6,1
"Cameroon","CMR","02","5",2023-02-03,6,1
"Cameroon","CMR","02","6",2023-02-04,5,0
"Cameroon","CMR","02","0",2023-02-05,5,0
"Cameroon","CMR","02","1",2023-02-06,3,0
"Cameroon","CMR","02","2",2023-02-07,3,0
"Cameroon","CMR","02","3",2023-02-08,3,0
"Cameroon","CMR","02","4",2023-02-09,4,1
"Cameroon","CMR","02","5",2023-02-10,4,0
"Cameroon","CMR","02","6",2023-02-11,3,0
"Cameroon","CMR","02","0",2023-02-12,3,0
"Cameroon","CMR","02","1",2023-02-13,3,0
"Cameroon","CMR","02","2",2023-02-14,4,0
"Cameroon","CMR","02","3",2023-02-15,4,0
"Cameroon","CMR","02","4",2023-02-16,4,1
"Cameroon","CMR","02","5",2023-02-17,4,1
"Cameroon","CMR","02","6",2023-02-18,4,0
"Cameroon","CMR","02","0",2023-02-19,4,0
"Cameroon","CMR","02","1",2023-02-20,2,0
"Cameroon","CMR","02","2",2023-02-21,2,0
"Cameroon","CMR","02","3",2023-02-22,2,0
"Cameroon","CMR","02","4",2023-02-23,3,1
"Cameroon","CMR","02","5",2023-02-24,3,0
"Cameroon","CMR","02","6",2023-02-25,2,0
"Cameroon","CMR","02","0",2023-02-26,2,0
"Cameroon","CMR","02","1",2023-02-27,2,0
"Cameroon","CMR","02","2",2023-02-28,3,0
"Cameroon","CMR","03","3",2023-03-01,3,0
"Cameroon","CMR","03","4",2023-03-02,3,1
"Cameroon","CMR","03","5",2023-03-03,3,0
"Cameroon","CMR","03","6",2023-03-04,3,0
"Cameroon","CMR","03","0",2023-03-05,3,0
"Cameroon","CMR","03","1",2023-03-06,1,0
"Cameroon","CMR","03","2",2023-03-07,1,0
"Cameroon","CMR","03","3",2023-03-08,1,0
"Cameroon","CMR","03","4",2023-03-09,2,0
"Cameroon","CMR","03","5",2023-03-10,1,0
"Cameroon","CMR","03","6",2023-03-11,1,0
"Cameroon","CMR","03","0",2023-03-12,1,0
"Cameroon","CMR","03","1",2023-03-13,1,0
"Cameroon","CMR","03","2",2023-03-14,1,0
"Cameroon","CMR","03","3",2023-03-15,1,0
"Cameroon","CMR","03","4",2023-03-16,2,0
"Cameroon","CMR","03","5",2023-03-17,2,0
"Cameroon","CMR","03","6",2023-03-18,1,0
"Cameroon","CMR","03","0",2023-03-19,1,0
"Cameroon","CMR","03","1",2023-03-20,1,0
"Cameroon","CMR","03","2",2023-03-21,1,0
"Cameroon","CMR","03","3",2023-03-22,2,0
"Cameroon","CMR","03","4",2023-03-23,2,1
"Cameroon","CMR","03","5",2023-03-24,2,0
"Cameroon","CMR","03","6",2023-03-25,1,0
"Cameroon","CMR","03","0",2023-03-26,1,0
"Cameroon","CMR","03","1",2023-03-27,4,0
"Cameroon","CMR","03","2",2023-03-28,5,0
"Cameroon","CMR","03","3",2023-03-29,5,0
"Cameroon","CMR","03","4",2023-03-30,5,1
"Cameroon","CMR","03","5",2023-03-31,5,1
"Cameroon","CMR","04","6",2023-04-01,5,0
"Cameroon","CMR","04","0",2023-04-02,4,0
"Cameroon","CMR","04","1",2023-04-03,11,0
"Cameroon","CMR","04","2",2023-04-04,11,0
"Cameroon","CMR","04","3",2023-04-05,11,1
"Cameroon","CMR","04","4",2023-04-06,12,1
"Cameroon","CMR","04","5",2023-04-07,11,1
"Cameroon","CMR","04","6",2023-04-08,11,0
"Cameroon","CMR","04","0",2023-04-09,11,0
"Cameroon","CMR","04","1",2023-04-10,9,0
"Cameroon","CMR","04","2",2023-04-11,9,0
"Cameroon","CMR","04","3",2023-04-12,10,0
"Cameroon","CMR","04","4",2023-04-13,10,1
"Cameroon","CMR","04","5",2023-04-14,10,0
"Cameroon","CMR","04","6",2023-04-15,10,0
"Cameroon","CMR","04","0",2023-04-16,9,0
"Cameroon","CMR","04","1",2023-04-17,37,2
"Cameroon","CMR","04","2",2023-04-18,37,2
"Cameroon","CMR","04","3",2023-04-19,37,2
"Cameroon","CMR","04","4",2023-04-20,38,2
"Cameroon","CMR","04","5",2023-04-21,38,2
"Cameroon","CMR","04","6",2023-04-22,37,2
"Cameroon","CMR","04","0",2023-04-23,37,2
"Cameroon","CMR","04","1",2023-04-24,69,3
"Cameroon","CMR","04","2",2023-04-25,69,3
"Cameroon","CMR","04","3",2023-04-26,69,3
"Cameroon","CMR","04","4",2023-04-27,69,3
"Cameroon","CMR","04","5",2023-04-28,69,3
"Cameroon","CMR","04","6",2023-04-29,69,3
"Cameroon","CMR","04","0",2023-04-30,69,3
"Cameroon","CMR","05","1",2023-05-01,59,3
"Cameroon","CMR","05","2",2023-05-02,59,3
"Cameroon","CMR","05","3",2023-05-03,59,3
"Cameroon","CMR","05","4",2023-05-04,59,4
"Cameroon","CMR","05","5",2023-05-05,59,4
"Cameroon","CMR","05","6",2023-05-06,59,3
"Cameroon","CMR","05","0",2023-05-07,59,3
"Cameroon","CMR","05","1",2023-05-08,76,2
"Cameroon","CMR","05","2",2023-05-09,76,3
"Cameroon","CMR","05","3",2023-05-10,77,3
"Cameroon","CMR","05","4",2023-05-11,77,3
"Cameroon","CMR","05","5",2023-05-12,77,3
"Cameroon","CMR","05","6",2023-05-13,77,3
"Cameroon","CMR","05","0",2023-05-14,76,2
"Cameroon","CMR","05","1",2023-05-15,82,2
"Cameroon","CMR","05","2",2023-05-16,82,3
"Cameroon","CMR","05","3",2023-05-17,82,3
"Cameroon","CMR","05","4",2023-05-18,82,3
"Cameroon","CMR","05","5",2023-05-19,82,3
"Cameroon","CMR","05","6",2023-05-20,82,3
"Cameroon","CMR","05","0",2023-05-21,82,2
"Cameroon","CMR","05","1",2023-05-22,64,1
"Cameroon","CMR","05","2",2023-05-23,64,2
"Cameroon","CMR","05","3",2023-05-24,65,2
"Cameroon","CMR","05","4",2023-05-25,65,2
"Cameroon","CMR","05","5",2023-05-26,65,2
"Cameroon","CMR","05","6",2023-05-27,65,2
"Cameroon","CMR","05","0",2023-05-28,64,2
"Cameroon","CMR","05","1",2023-05-29,70,1
"Cameroon","CMR","05","2",2023-05-30,70,2
"Cameroon","CMR","05","3",2023-05-31,70,2
"Cameroon","CMR","06","4",2023-06-01,71,2
"Cameroon","CMR","06","5",2023-06-02,71,2
"Cameroon","CMR","06","6",2023-06-03,70,2
"Cameroon","CMR","06","0",2023-06-04,70,1
"Cameroon","CMR","06","1",2023-06-05,51,1
"Cameroon","CMR","06","2",2023-06-06,51,1
"Cameroon","CMR","06","3",2023-06-07,51,2
"Cameroon","CMR","06","4",2023-06-08,51,2
"Cameroon","CMR","06","5",2023-06-09,51,2
"Cameroon","CMR","06","6",2023-06-10,51,2
"Cameroon","CMR","06","0",2023-06-11,51,1
"Cameroon","CMR","06","1",2023-06-12,42,1
"Cameroon","CMR","06","2",2023-06-13,43,1
"Cameroon","CMR","06","3",2023-06-14,43,1
"Cameroon","CMR","06","4",2023-06-15,43,2
"Cameroon","CMR","06","5",2023-06-16,43,1
"Cameroon","CMR","06","6",2023-06-17,43,1
"Cameroon","CMR","06","0",2023-06-18,43,1
"Cameroon","CMR","06","1",2023-06-19,21,0
"Cameroon","CMR","06","2",2023-06-20,21,0
"Cameroon","CMR","06","3",2023-06-21,21,1
"Cameroon","CMR","06","4",2023-06-22,21,1
"Cameroon","CMR","06","5",2023-06-23,21,1
"Cameroon","CMR","06","6",2023-06-24,21,1
"Cameroon","CMR","06","0",2023-06-25,21,0
"Cameroon","CMR","06","1",2023-06-26,13,0
"Cameroon","CMR","06","2",2023-06-27,14,0
"Cameroon","CMR","06","3",2023-06-28,14,0
"Cameroon","CMR","06","4",2023-06-29,14,1
"Cameroon","CMR","06","5",2023-06-30,14,0
"Cameroon","CMR","07","6",2023-07-01,14,0
"Cameroon","CMR","07","0",2023-07-02,14,0
"Cameroon","CMR","07","1",2023-07-03,9,0
"Cameroon","CMR","07","2",2023-07-04,10,0
"Cameroon","CMR","07","3",2023-07-05,10,1
"Cameroon","CMR","07","4",2023-07-06,10,1
"Cameroon","CMR","07","5",2023-07-07,10,1
"Cameroon","CMR","07","6",2023-07-08,10,0
"Cameroon","CMR","07","0",2023-07-09,9,0
"Cameroon","CMR","07","1",2023-07-10,8,0
"Cameroon","CMR","07","2",2023-07-11,8,0
"Cameroon","CMR","07","3",2023-07-12,9,0
"Cameroon","CMR","07","4",2023-07-13,9,0
"Cameroon","CMR","07","5",2023-07-14,9,0
"Cameroon","CMR","07","6",2023-07-15,9,0
"Cameroon","CMR","07","0",2023-07-16,8,0
"Cameroon","CMR","07","1",2023-07-17,10,0
"Cameroon","CMR","07","2",2023-07-18,10,0
"Cameroon","CMR","07","3",2023-07-19,10,1
"Cameroon","CMR","07","4",2023-07-20,11,1
"Cameroon","CMR","07","5",2023-07-21,11,1
"Cameroon","CMR","07","6",2023-07-22,10,1
"Cameroon","CMR","07","0",2023-07-23,10,0
"Cameroon","CMR","07","1",2023-07-24,17,0
"Cameroon","CMR","07","2",2023-07-25,17,1
"Cameroon","CMR","07","3",2023-07-26,18,1
"Cameroon","CMR","07","4",2023-07-27,18,1
"Cameroon","CMR","07","5",2023-07-28,18,1
"Cameroon","CMR","07","6",2023-07-29,17,1
"Cameroon","CMR","07","0",2023-07-30,17,0
"Cameroon","CMR","07","1",2023-07-31,16,0
"Cameroon","CMR","08","2",2023-08-01,16,0
"Cameroon","CMR","08","3",2023-08-02,17,1
"Cameroon","CMR","08","4",2023-08-03,17,1
"Cameroon","CMR","08","5",2023-08-04,17,1
"Cameroon","CMR","08","6",2023-08-05,17,0
"Cameroon","CMR","08","0",2023-08-06,16,0
"Cameroon","CMR","08","1",2023-08-07,13,0
"Cameroon","CMR","08","2",2023-08-08,13,0
"Cameroon","CMR","08","3",2023-08-09,13,0
"Cameroon","CMR","08","4",2023-08-10,14,0
"Cameroon","CMR","08","5",2023-08-11,14,0
"Cameroon","CMR","08","6",2023-08-12,13,0
"Cameroon","CMR","08","0",2023-08-13,13,0
"Cameroon","CMR","08","1",2023-08-14,10,0
"Cameroon","CMR","08","2",2023-08-15,11,0
"Cameroon","CMR","08","3",2023-08-16,11,1
"Cameroon","CMR","08","4",2023-08-17,11,1
"Cameroon","CMR","08","5",2023-08-18,11,1
"Cameroon","CMR","08","6",2023-08-19,11,1
"Cameroon","CMR","08","0",2023-08-20,10,0
"Cameroon","CMR","08","1",2023-08-21,33,0
"Cameroon","CMR","08","2",2023-08-22,34,0
"Cameroon","CMR","08","3",2023-08-23,34,0
"Cameroon","CMR","08","4",2023-08-24,34,1
"Cameroon","CMR","08","5",2023-08-25,34,1
"Cameroon","CMR","08","6",2023-08-26,34,0
"Cameroon","CMR","08","0",2023-08-27,34,0
"Cameroon","CMR","08","1",2023-08-28,21,0
"Cameroon","CMR","08","2",2023-08-29,21,0
"Cameroon","CMR","08","3",2023-08-30,21,0
"Cameroon","CMR","08","4",2023-08-31,22,0
"Cameroon","CMR","09","5",2023-09-01,22,0
"Cameroon","CMR","09","6",2023-09-02,21,0
"Cameroon","CMR","09","0",2023-09-03,21,0
"Cameroon","CMR","09","1",2023-09-04,19,0
"Cameroon","CMR","09","2",2023-09-05,19,0
"Cameroon","CMR","09","3",2023-09-06,19,1
"Cameroon","CMR","09","4",2023-09-07,20,1
"Cameroon","CMR","09","5",2023-09-08,19,1
"Cameroon","CMR","09","6",2023-09-09,19,0
"Cameroon","CMR","09","0",2023-09-10,19,0
"Cameroon","CMR","09","1",2023-09-11,22,0
"Cameroon","CMR","09","2",2023-09-12,23,0
"Cameroon","CMR","09","3",2023-09-13,23,0
"Cameroon","CMR","09","4",2023-09-14,23,1
"Cameroon","CMR","09","5",2023-09-15,23,0
"Cameroon","CMR","09","6",2023-09-16,23,0
"Cameroon","CMR","09","0",2023-09-17,23,0
"Cameroon","CMR","09","1",2023-09-18,21,0
"Cameroon","CMR","09","2",2023-09-19,21,0
"Cameroon","CMR","09","3",2023-09-20,21,1
"Cameroon","CMR","09","4",2023-09-21,22,1
"Cameroon","CMR","09","5",2023-09-22,22,1
"Cameroon","CMR","09","6",2023-09-23,21,1
"Cameroon","CMR","09","0",2023-09-24,21,0
"Cameroon","CMR","09","1",2023-09-25,15,0
"Cameroon","CMR","09","2",2023-09-26,16,0
"Cameroon","CMR","09","3",2023-09-27,16,1
"Cameroon","CMR","09","4",2023-09-28,16,1
"Cameroon","CMR","09","5",2023-09-29,16,1
"Cameroon","CMR","09","6",2023-09-30,16,0
"Cameroon","CMR","10","0",2023-10-01,15,0
"Cameroon","CMR","10","1",2023-10-02,9,0
"Cameroon","CMR","10","2",2023-10-03,9,0
"Cameroon","CMR","10","3",2023-10-04,10,0
"Cameroon","CMR","10","4",2023-10-05,10,0
"Cameroon","CMR","10","5",2023-10-06,10,0
"Cameroon","CMR","10","6",2023-10-07,10,0
"Cameroon","CMR","10","0",2023-10-08,9,0
"Cameroon","CMR","10","1",2023-10-09,10,0
"Cameroon","CMR","10","2",2023-10-10,11,0
"Cameroon","CMR","10","3",2023-10-11,11,0
"Cameroon","CMR","10","4",2023-10-12,11,0
"Cameroon","CMR","10","5",2023-10-13,11,0
"Cameroon","CMR","10","6",2023-10-14,11,0
"Cameroon","CMR","10","0",2023-10-15,10,0
"Cameroon","CMR","10","1",2023-10-16,9,0
"Cameroon","CMR","10","2",2023-10-17,9,1
"Cameroon","CMR","10","3",2023-10-18,9,1
"Cameroon","CMR","10","4",2023-10-19,10,1
"Cameroon","CMR","10","5",2023-10-20,10,1
"Cameroon","CMR","10","6",2023-10-21,9,1
"Cameroon","CMR","10","0",2023-10-22,9,1
"Cameroon","CMR","10","1",2023-10-23,5,0
"Cameroon","CMR","10","2",2023-10-24,6,0
"Cameroon","CMR","10","3",2023-10-25,6,0
"Cameroon","CMR","10","4",2023-10-26,6,1
"Cameroon","CMR","10","5",2023-10-27,6,0
"Cameroon","CMR","10","6",2023-10-28,6,0
"Cameroon","CMR","10","0",2023-10-29,6,0
"Cameroon","CMR","10","1",2023-10-30,5,0
"Cameroon","CMR","10","2",2023-10-31,5,0
"Cameroon","CMR","11","3",2023-11-01,6,0
"Cameroon","CMR","11","4",2023-11-02,6,1
"Cameroon","CMR","11","5",2023-11-03,6,1
"Cameroon","CMR","11","6",2023-11-04,6,0
"Cameroon","CMR","11","0",2023-11-05,5,0
"Cameroon","CMR","11","1",2023-11-06,4,0
"Cameroon","CMR","11","2",2023-11-07,4,1
"Cameroon","CMR","11","3",2023-11-08,4,1
"Cameroon","CMR","11","4",2023-11-09,5,1
"Cameroon","CMR","11","5",2023-11-10,5,1
"Cameroon","CMR","11","6",2023-11-11,4,1
"Cameroon","CMR","11","0",2023-11-12,4,0
"Cameroon","CMR","11","1",2023-11-13,2,0
"Cameroon","CMR","11","2",2023-11-14,2,0
"Cameroon","CMR","11","3",2023-11-15,3,0
"Cameroon","CMR","11","4",2023-11-16,3,1
"Cameroon","CMR","11","5",2023-11-17,3,0
"Cameroon","CMR","11","6",2023-11-18,3,0
"Cameroon","CMR","11","0",2023-11-19,2,0
"Cameroon","CMR","11","1",2023-11-20,2,0
"Cameroon","CMR","11","2",2023-11-21,2,0
"Cameroon","CMR","11","3",2023-11-22,2,0
"Cameroon","CMR","11","4",2023-11-23,3,1
"Cameroon","CMR","11","5",2023-11-24,3,0
"Cameroon","CMR","11","6",2023-11-25,2,0
"Cameroon","CMR","11","0",2023-11-26,2,0
"Cameroon","CMR","11","1",2023-11-27,2,0
"Cameroon","CMR","11","2",2023-11-28,3,0
"Cameroon","CMR","11","3",2023-11-29,3,0
"Cameroon","CMR","11","4",2023-11-30,3,0
"Cameroon","CMR","12","5",2023-12-01,3,0
"Cameroon","CMR","12","6",2023-12-02,3,0
"Cameroon","CMR","12","0",2023-12-03,3,0
"Cameroon","CMR","12","1",2023-12-04,1,0
"Cameroon","CMR","12","2",2023-12-05,1,0
"Cameroon","CMR","12","3",2023-12-06,1,0
"Cameroon","CMR","12","4",2023-12-07,1,0
"Cameroon","CMR","12","5",2023-12-08,1,0
"Cameroon","CMR","12","6",2023-12-09,1,0
"Cameroon","CMR","12","0",2023-12-10,1,0
"Cameroon","CMR","12","1",2023-12-11,0,0
"Cameroon","CMR","12","2",2023-12-12,0,0
"Cameroon","CMR","12","3",2023-12-13,0,0
"Cameroon","CMR","12","4",2023-12-14,0,0
"Cameroon","CMR","12","5",2023-12-15,0,0
"Cameroon","CMR","12","6",2023-12-16,0,0
"Cameroon","CMR","12","0",2023-12-17,0,0
"Cameroon","CMR","12","1",2023-12-18,0,0
"Cameroon","CMR","12","2",2023-12-19,0,0
"Cameroon","CMR","12","3",2023-12-20,0,0
"Cameroon","CMR","12","4",2023-12-21,0,0
"Cameroon","CMR","12","5",2023-12-22,0,0
"Cameroon","CMR","12","6",2023-12-23,0,0
"Cameroon","CMR","12","0",2023-12-24,0,0
"Cameroon","CMR","12","1",2023-12-25,6,0
"Cameroon","CMR","12","2",2023-12-26,7,0
"Cameroon","CMR","12","3",2023-12-27,7,0
"Cameroon","CMR","12","4",2023-12-28,7,0
"Cameroon","CMR","12","5",2023-12-29,7,0
"Cameroon","CMR","12","6",2023-12-30,7,0
"Cameroon","CMR","12","0",2023-12-31,6,0
"Cameroon","CMR","01","1",2024-01-01,1,0
"Cameroon","CMR","01","2",2024-01-02,2,0
"Cameroon","CMR","01","3",2024-01-03,2,0
"Cameroon","CMR","01","4",2024-01-04,2,0
"Cameroon","CMR","01","5",2024-01-05,2,0
"Cameroon","CMR","01","6",2024-01-06,2,0
"Cameroon","CMR","01","0",2024-01-07,1,0
"Cameroon","CMR","01","1",2024-01-08,0,0
"Cameroon","CMR","01","2",2024-01-09,0,0
"Cameroon","CMR","01","3",2024-01-10,1,0
"Cameroon","CMR","01","4",2024-01-11,1,0
"Cameroon","CMR","01","5",2024-01-12,1,0
"Cameroon","CMR","01","6",2024-01-13,0,0
"Cameroon","CMR","01","0",2024-01-14,0,0
"Cameroon","CMR","01","1",2024-01-15,0,0
"Cameroon","CMR","01","2",2024-01-16,1,0
"Cameroon","CMR","01","3",2024-01-17,1,0
"Cameroon","CMR","01","4",2024-01-18,1,0
"Cameroon","CMR","01","5",2024-01-19,1,0
"Cameroon","CMR","01","6",2024-01-20,1,0
"Cameroon","CMR","01","0",2024-01-21,1,0
"Cameroon","CMR","01","1",2024-01-22,0,0
"Cameroon","CMR","01","2",2024-01-23,1,0
"Cameroon","CMR","01","3",2024-01-24,1,0
"Cameroon","CMR","01","4",2024-01-25,1,0
"Cameroon","CMR","01","5",2024-01-26,1,0
"Cameroon","CMR","01","6",2024-01-27,1,0
"Cameroon","CMR","01","0",2024-01-28,0,0
"Cameroon","CMR","01","1",2024-01-29,1,0
"Cameroon","CMR","01","2",2024-01-30,1,0
"Cameroon","CMR","01","3",2024-01-31,1,0
"Cameroon","CMR","02","4",2024-02-01,2,0
"Cameroon","CMR","02","5",2024-02-02,1,0
"Cameroon","CMR","02","6",2024-02-03,1,0
"Cameroon","CMR","02","0",2024-02-04,1,0
"Cameroon","CMR","02","1",2024-02-05,0,0
"Cameroon","CMR","02","2",2024-02-06,1,0
"Cameroon","CMR","02","3",2024-02-07,1,0
"Cameroon","CMR","02","4",2024-02-08,1,0
"Cameroon","CMR","02","5",2024-02-09,1,0
"Cameroon","CMR","02","6",2024-02-10,1,0
"Cameroon","CMR","02","0",2024-02-11,0,0
"Cameroon","CMR","02","1",2024-02-12,0,0
"Cameroon","CMR","02","2",2024-02-13,0,0
"Cameroon","CMR","02","3",2024-02-14,0,0
"Cameroon","CMR","02","4",2024-02-15,1,0
"Cameroon","CMR","02","5",2024-02-16,0,0
"Cameroon","CMR","02","6",2024-02-17,0,0
"Cameroon","CMR","02","0",2024-02-18,0,0
"Cameroon","CMR","02","1",2024-02-19,0,0
"Cameroon","CMR","02","2",2024-02-20,1,0
"Cameroon","CMR","02","3",2024-02-21,1,0
"Cameroon","CMR","02","4",2024-02-22,1,0
"Cameroon","CMR","02","5",2024-02-23,1,0
"Cameroon","CMR","02","6",2024-02-24,1,0
"Cameroon","CMR","02","0",2024-02-25,1,0
"Cameroon","CMR","02","1",2024-02-26,0,0
"Cameroon","CMR","02","2",2024-02-27,0,0
"Cameroon","CMR","02","3",2024-02-28,0,0
"Cameroon","CMR","02","4",2024-02-29,1,0
"Cameroon","CMR","03","5",2024-03-01,1,0
"Cameroon","CMR","03","6",2024-03-02,0,0
"Cameroon","CMR","03","0",2024-03-03,0,0
"Cameroon","CMR","03","1",2024-03-04,0,0
"Cameroon","CMR","03","2",2024-03-05,0,0
"Cameroon","CMR","03","3",2024-03-06,0,0
"Cameroon","CMR","03","4",2024-03-07,0,0
"Cameroon","CMR","03","5",2024-03-08,0,0
"Cameroon","CMR","03","6",2024-03-09,0,0
"Cameroon","CMR","03","0",2024-03-10,0,0
"Cameroon","CMR","03","1",2024-03-11,0,0
"Cameroon","CMR","03","2",2024-03-12,0,0
"Cameroon","CMR","03","3",2024-03-13,0,0
"Cameroon","CMR","03","4",2024-03-14,0,0
"Cameroon","CMR","03","5",2024-03-15,0,0
"Cameroon","CMR","03","6",2024-03-16,0,0
"Cameroon","CMR","03","0",2024-03-17,0,0
"Cameroon","CMR","03","1",2024-03-18,0,0
"Cameroon","CMR","03","2",2024-03-19,0,0
"Cameroon","CMR","03","3",2024-03-20,0,0
"Cameroon","CMR","03","4",2024-03-21,0,0
"Cameroon","CMR","03","5",2024-03-22,0,0
"Cameroon","CMR","03","6",2024-03-23,0,0
"Cameroon","CMR","03","0",2024-03-24,0,0
"Cameroon","CMR","03","1",2024-03-25,0,0
"Cameroon","CMR","03","2",2024-03-26,0,0
"Cameroon","CMR","03","3",2024-03-27,0,0
"Cameroon","CMR","03","4",2024-03-28,0,0
"Cameroon","CMR","03","5",2024-03-29,0,0
"Cameroon","CMR","03","6",2024-03-30,0,0
"Cameroon","CMR","03","0",2024-03-31,0,0
"Cameroon","CMR","04","1",2024-04-01,0,0
"Cameroon","CMR","04","2",2024-04-02,0,0
"Cameroon","CMR","04","3",2024-04-03,0,0
"Cameroon","CMR","04","4",2024-04-04,0,0
"Cameroon","CMR","04","5",2024-04-05,0,0
"Cameroon","CMR","04","6",2024-04-06,0,0
"Cameroon","CMR","04","0",2024-04-07,0,0
"Cameroon","CMR","04","1",2024-04-08,0,0
"Cameroon","CMR","04","2",2024-04-09,0,0
"Cameroon","CMR","04","3",2024-04-10,0,0
"Cameroon","CMR","04","4",2024-04-11,0,0
"Cameroon","CMR","04","5",2024-04-12,0,0
"Cameroon","CMR","04","6",2024-04-13,0,0
"Cameroon","CMR","04","0",2024-04-14,0,0
"Cameroon","CMR","04","1",2024-04-15,0,0
"Cameroon","CMR","04","2",2024-04-16,0,0
"Cameroon","CMR","04","3",2024-04-17,0,0
"Cameroon","CMR","04","4",2024-04-18,0,0
"Cameroon","CMR","04","5",2024-04-19,0,0
"Cameroon","CMR","04","6",2024-04-20,0,0
"Cameroon","CMR","04","0",2024-04-21,0,0
"Cameroon","CMR","04","1",2024-04-22,0,0
"Cameroon","CMR","04","2",2024-04-23,0,0
"Cameroon","CMR","04","3",2024-04-24,0,0
"Cameroon","CMR","04","4",2024-04-25,1,0
"Cameroon","CMR","04","5",2024-04-26,0,0
"Cameroon","CMR","04","6",2024-04-27,0,0
"Cameroon","CMR","04","0",2024-04-28,0,0
"Cameroon","CMR","04","1",2024-04-29,0,0
"Cameroon","CMR","04","2",2024-04-30,0,0
"Cameroon","CMR","05","3",2024-05-01,0,0
"Cameroon","CMR","05","4",2024-05-02,0,0
"Cameroon","CMR","05","5",2024-05-03,0,0
"Cameroon","CMR","05","6",2024-05-04,0,0
"Cameroon","CMR","05","0",2024-05-05,0,0
"Cameroon","CMR","05","1",2024-05-06,0,0
"Cameroon","CMR","05","2",2024-05-07,0,0
"Cameroon","CMR","05","3",2024-05-08,0,0
"Cameroon","CMR","05","4",2024-05-09,0,0
"Cameroon","CMR","05","5",2024-05-10,0,0
"Cameroon","CMR","05","6",2024-05-11,0,0
"Cameroon","CMR","05","0",2024-05-12,0,0
"Cameroon","CMR","05","1",2024-05-13,0,0
"Cameroon","CMR","05","2",2024-05-14,0,0
"Cameroon","CMR","05","3",2024-05-15,0,0
"Cameroon","CMR","05","4",2024-05-16,0,0
"Cameroon","CMR","05","5",2024-05-17,0,0
"Cameroon","CMR","05","6",2024-05-18,0,0
"Cameroon","CMR","05","0",2024-05-19,0,0
"Cameroon","CMR","05","1",2024-05-20,0,0
"Cameroon","CMR","05","2",2024-05-21,0,0
"Cameroon","CMR","05","3",2024-05-22,0,0
"Cameroon","CMR","05","4",2024-05-23,0,0
"Cameroon","CMR","05","5",2024-05-24,0,0
"Cameroon","CMR","05","6",2024-05-25,0,0
"Cameroon","CMR","05","0",2024-05-26,0,0
"Cameroon","CMR","05","1",2024-05-27,0,0
"Cameroon","CMR","05","2",2024-05-28,0,0
"Cameroon","CMR","05","3",2024-05-29,0,0
"Cameroon","CMR","05","4",2024-05-30,0,0
"Cameroon","CMR","05","5",2024-05-31,0,0
"Cameroon","CMR","06","6",2024-06-01,0,0
"Cameroon","CMR","06","0",2024-06-02,0,0
"Cameroon","CMR","06","1",2024-06-03,0,0
"Cameroon","CMR","06","2",2024-06-04,0,0
"Cameroon","CMR","06","3",2024-06-05,0,0
"Cameroon","CMR","06","4",2024-06-06,0,0
"Cameroon","CMR","06","5",2024-06-07,0,0
"Cameroon","CMR","06","6",2024-06-08,0,0
"Cameroon","CMR","06","0",2024-06-09,0,0
"Cameroon","CMR","06","1",2024-06-10,0,0
"Cameroon","CMR","06","2",2024-06-11,0,0
"Cameroon","CMR","06","3",2024-06-12,0,0
"Cameroon","CMR","06","4",2024-06-13,0,0
"Cameroon","CMR","06","5",2024-06-14,0,0
"Cameroon","CMR","06","6",2024-06-15,0,0
"Cameroon","CMR","06","0",2024-06-16,0,0
"Cameroon","CMR","06","1",2024-06-17,0,0
"Cameroon","CMR","06","2",2024-06-18,0,0
"Cameroon","CMR","06","3",2024-06-19,0,0
"Cameroon","CMR","06","4",2024-06-20,0,0
"Cameroon","CMR","06","5",2024-06-21,0,0
"Cameroon","CMR","06","6",2024-06-22,0,0
"Cameroon","CMR","06","0",2024-06-23,0,0
"Cameroon","CMR","06","1",2024-06-24,0,0
"Cameroon","CMR","06","2",2024-06-25,0,0
"Cameroon","CMR","06","3",2024-06-26,0,0
"Cameroon","CMR","06","4",2024-06-27,0,0
"Cameroon","CMR","06","5",2024-06-28,0,0
"Cameroon","CMR","06","6",2024-06-29,0,0
"Cameroon","CMR","06","0",2024-06-30,0,0
"Cameroon","CMR","07","1",2024-07-01,0,0
"Cameroon","CMR","07","2",2024-07-02,0,0
"Cameroon","CMR","07","3",2024-07-03,0,0
"Cameroon","CMR","07","4",2024-07-04,0,0
"Cameroon","CMR","07","5",2024-07-05,0,0
"Cameroon","CMR","07","6",2024-07-06,0,0
"Cameroon","CMR","07","0",2024-07-07,0,0
"Cameroon","CMR","07","1",2024-07-08,0,0
"Cameroon","CMR","07","2",2024-07-09,0,0
"Cameroon","CMR","07","3",2024-07-10,0,0
"Cameroon","CMR","07","4",2024-07-11,0,0
"Cameroon","CMR","07","5",2024-07-12,0,0
"Cameroon","CMR","07","6",2024-07-13,0,0
"Cameroon","CMR","07","0",2024-07-14,0,0
"Cameroon","CMR","07","1",2024-07-15,0,0
"Cameroon","CMR","07","2",2024-07-16,0,0
"Cameroon","CMR","07","3",2024-07-17,0,0
"Cameroon","CMR","07","4",2024-07-18,0,0
"Cameroon","CMR","07","5",2024-07-19,0,0
"Cameroon","CMR","07","6",2024-07-20,0,0
"Cameroon","CMR","07","0",2024-07-21,0,0
"Cameroon","CMR","07","1",2024-07-22,0,0
"Cameroon","CMR","07","2",2024-07-23,0,0
"Cameroon","CMR","07","3",2024-07-24,0,0
"Cameroon","CMR","07","4",2024-07-25,0,0
"Cameroon","CMR","07","5",2024-07-26,0,0
"Cameroon","CMR","07","6",2024-07-27,0,0
"Cameroon","CMR","07","0",2024-07-28,0,0
"Cameroon","CMR","07","1",2024-07-29,0,0
"Cameroon","CMR","07","2",2024-07-30,0,0
"Cameroon","CMR","07","3",2024-07-31,0,0
"Cameroon","CMR","08","4",2024-08-01,0,0
"Cameroon","CMR","08","5",2024-08-02,0,0
"Cameroon","CMR","08","6",2024-08-03,0,0
"Cameroon","CMR","08","0",2024-08-04,0,0
"Cameroon","CMR","08","1",2024-08-05,0,0
"Cameroon","CMR","08","2",2024-08-06,0,0
"Cameroon","CMR","08","3",2024-08-07,0,0
"Cameroon","CMR","08","4",2024-08-08,0,0
"Cameroon","CMR","08","5",2024-08-09,0,0
"Cameroon","CMR","08","6",2024-08-10,0,0
"Cameroon","CMR","08","0",2024-08-11,0,0
"Cameroon","CMR","08","1",2024-08-12,0,0
"Cameroon","CMR","08","2",2024-08-13,0,0
"Cameroon","CMR","08","3",2024-08-14,0,0
"Cameroon","CMR","08","4",2024-08-15,0,0
"Cameroon","CMR","08","5",2024-08-16,0,0
"Cameroon","CMR","08","6",2024-08-17,0,0
"Cameroon","CMR","08","0",2024-08-18,0,0
"Cameroon","CMR","08","1",2024-08-19,0,0
"Cameroon","CMR","08","2",2024-08-20,0,0
"Cameroon","CMR","08","3",2024-08-21,0,0
"Cameroon","CMR","08","4",2024-08-22,0,0
"Cameroon","CMR","08","5",2024-08-23,0,0
"Cameroon","CMR","08","6",2024-08-24,0,0
"Cameroon","CMR","08","0",2024-08-25,0,0
"Cameroon","CMR","08","1",2024-08-26,0,0
"Cameroon","CMR","08","2",2024-08-27,0,0
"Cameroon","CMR","08","3",2024-08-28,0,0
"Cameroon","CMR","08","4",2024-08-29,0,0
"Cameroon","CMR","08","5",2024-08-30,0,0
"Cameroon","CMR","08","6",2024-08-31,0,0
"Cameroon","CMR","09","0",2024-09-01,0,0
"Cameroon","CMR","09","1",2024-09-02,0,0
"Cameroon","CMR","09","2",2024-09-03,0,0
"Cameroon","CMR","09","3",2024-09-04,0,0
"Cameroon","CMR","09","4",2024-09-05,0,0
"Cameroon","CMR","09","5",2024-09-06,0,0
"Cameroon","CMR","09","6",2024-09-07,0,0
"Cameroon","CMR","09","0",2024-09-08,0,0
"Cameroon","CMR","09","1",2024-09-09,0,0
"Cameroon","CMR","09","2",2024-09-10,0,0
"Cameroon","CMR","09","3",2024-09-11,0,0
"Cameroon","CMR","09","4",2024-09-12,0,0
"Cameroon","CMR","09","5",2024-09-13,0,0
"Cameroon","CMR","09","6",2024-09-14,0,0
"Cameroon","CMR","09","0",2024-09-15,0,0
"Cameroon","CMR","09","1",2024-09-16,0,0
"Cameroon","CMR","09","2",2024-09-17,0,0
"Cameroon","CMR","09","3",2024-09-18,0,0
"Cameroon","CMR","09","4",2024-09-19,0,0
"Cameroon","CMR","09","5",2024-09-20,0,0
"Cameroon","CMR","09","6",2024-09-21,0,0
"Cameroon","CMR","09","0",2024-09-22,0,0
"Cameroon","CMR","09","1",2024-09-23,0,0
"Cameroon","CMR","09","2",2024-09-24,0,0
"Cameroon","CMR","09","3",2024-09-25,0,0
"Cameroon","CMR","09","4",2024-09-26,0,0
"Cameroon","CMR","09","5",2024-09-27,0,0
"Cameroon","CMR","09","6",2024-09-28,0,0
"Cameroon","CMR","09","0",2024-09-29,0,0
"Cameroon","CMR","09","1",2024-09-30,0,0
"Cameroon","CMR","10","2",2024-10-01,0,0
"Cameroon","CMR","10","3",2024-10-02,0,0
"Cameroon","CMR","10","4",2024-10-03,0,0
"Cameroon","CMR","10","5",2024-10-04,0,0
"Cameroon","CMR","10","6",2024-10-05,0,0
"Cameroon","CMR","10","0",2024-10-06,0,0
"Cameroon","CMR","10","1",2024-10-07,0,0
"Cameroon","CMR","10","2",2024-10-08,0,0
"Cameroon","CMR","10","3",2024-10-09,0,0
"Cameroon","CMR","10","4",2024-10-10,0,0
"Cameroon","CMR","10","5",2024-10-11,0,0
"Cameroon","CMR","10","6",2024-10-12,0,0
"Cameroon","CMR","10","0",2024-10-13,0,0
"Cameroon","CMR","10","1",2024-10-14,0,0
"Cameroon","CMR","10","2",2024-10-15,0,0
"Cameroon","CMR","10","3",2024-10-16,0,0
"Cameroon","CMR","10","4",2024-10-17,0,0
"Cameroon","CMR","10","5",2024-10-18,0,0
"Cameroon","CMR","10","6",2024-10-19,0,0
"Cameroon","CMR","10","0",2024-10-20,0,0
"Cameroon","CMR","10","1",2024-10-21,0,0
"Cameroon","CMR","10","2",2024-10-22,0,0
"Cameroon","CMR","10","3",2024-10-23,0,0
"Cameroon","CMR","10","4",2024-10-24,0,0
"Cameroon","CMR","10","5",2024-10-25,0,0
"Cameroon","CMR","10","6",2024-10-26,0,0
"Cameroon","CMR","10","0",2024-10-27,0,0
"Cameroon","CMR","10","1",2024-10-28,0,0
"Cameroon","CMR","10","2",2024-10-29,0,0
"Cameroon","CMR","10","3",2024-10-30,0,0
"Cameroon","CMR","10","4",2024-10-31,0,0
"Cameroon","CMR","11","5",2024-11-01,0,0
"Cameroon","CMR","11","6",2024-11-02,0,0
"Cameroon","CMR","11","0",2024-11-03,0,0
"Cameroon","CMR","11","1",2024-11-04,0,0
"Cameroon","CMR","11","2",2024-11-05,0,0
"Cameroon","CMR","11","3",2024-11-06,0,0
"Cameroon","CMR","11","4",2024-11-07,0,0
"Cameroon","CMR","11","5",2024-11-08,0,0
"Cameroon","CMR","11","6",2024-11-09,0,0
"Cameroon","CMR","11","0",2024-11-10,0,0
"Cameroon","CMR","11","1",2024-11-11,4,0
"Cameroon","CMR","11","2",2024-11-12,4,0
"Cameroon","CMR","11","3",2024-11-13,4,0
"Cameroon","CMR","11","4",2024-11-14,4,1
"Cameroon","CMR","11","5",2024-11-15,4,0
"Cameroon","CMR","11","6",2024-11-16,4,0
"Cameroon","CMR","11","0",2024-11-17,4,0
"Cameroon","CMR","11","1",2024-11-18,0,0
"Cameroon","CMR","11","2",2024-11-19,0,0
"Cameroon","CMR","11","3",2024-11-20,1,0
"Cameroon","CMR","11","4",2024-11-21,1,0
"Cameroon","CMR","11","5",2024-11-22,1,0
"Cameroon","CMR","11","6",2024-11-23,1,0
"Cameroon","CMR","11","0",2024-11-24,0,0
"Cameroon","CMR","11","1",2024-11-25,0,0
"Cameroon","CMR","11","2",2024-11-26,0,0
"Cameroon","CMR","11","3",2024-11-27,0,0
"Cameroon","CMR","11","4",2024-11-28,0,0
"Cameroon","CMR","11","5",2024-11-29,0,0
"Cameroon","CMR","11","6",2024-11-30,0,0
"Cameroon","CMR","12","0",2024-12-01,0,0
"Democratic Republic of Congo","COD","01","1",2023-01-02,136,0
"Democratic Republic of Congo","COD","01","2",2023-01-03,136,1
"Democratic Republic of Congo","COD","01","3",2023-01-04,136,1
"Democratic Republic of Congo","COD","01","4",2023-01-05,137,1
"Democratic Republic of Congo","COD","01","5",2023-01-06,137,1
"Democratic Republic of Congo","COD","01","6",2023-01-07,136,1
"Democratic Republic of Congo","COD","01","0",2023-01-08,136,0
"Democratic Republic of Congo","COD","01","1",2023-01-09,193,0
"Democratic Republic of Congo","COD","01","2",2023-01-10,193,1
"Democratic Republic of Congo","COD","01","3",2023-01-11,194,1
"Democratic Republic of Congo","COD","01","4",2023-01-12,194,1
"Democratic Republic of Congo","COD","01","5",2023-01-13,194,1
"Democratic Republic of Congo","COD","01","6",2023-01-14,194,1
"Democratic Republic of Congo","COD","01","0",2023-01-15,193,1
"Democratic Republic of Congo","COD","01","1",2023-01-16,108,0
"Democratic Republic of Congo","COD","01","2",2023-01-17,108,0
"Democratic Republic of Congo","COD","01","3",2023-01-18,109,1
"Democratic Republic of Congo","COD","01","4",2023-01-19,109,1
"Democratic Republic of Congo","COD","01","5",2023-01-20,109,1
"Democratic Republic of Congo","COD","01","6",2023-01-21,108,0
"Democratic Republic of Congo","COD","01","0",2023-01-22,108,0
"Democratic Republic of Congo","COD","01","1",2023-01-23,109,0
"Democratic Republic of Congo","COD","01","2",2023-01-24,109,0
"Democratic Republic of Congo","COD","01","3",2023-01-25,109,1
"Democratic Republic of Congo","COD","01","4",2023-01-26,110,1
"Democratic Republic of Congo","COD","01","5",2023-01-27,109,1
"Democratic Republic of Congo","COD","01","6",2023-01-28,109,0
"Democratic Republic of Congo","COD","01","0",2023-01-29,109,0
"Democratic Republic of Congo","COD","01","1",2023-01-30,86,0
"Democratic Republic of Congo","COD","01","2",2023-01-31,87,0
"Democratic Republic of Congo","COD","02","3",2023-02-01,87,0
"Democratic Republic of Congo","COD","02","4",2023-02-02,87,1
"Democratic Republic of Congo","COD","02","5",2023-02-03,87,0
"Democratic Republic of Congo","COD","02","6",2023-02-04,87,0
"Democratic Republic of Congo","COD","02","0",2023-02-05,86,0
"Democratic Republic of Congo","COD","02","1",2023-02-06,72,0
"Democratic Republic of Congo","COD","02","2",2023-02-07,72,1
"Democratic Republic of Congo","COD","02","3",2023-02-08,73,1
"Democratic Republic of Congo","COD","02","4",2023-02-09,73,1
"Democratic Republic of Congo","COD","02","5",2023-02-10,73,1
"Democratic Republic of Congo","COD","02","6",2023-02-11,73,1
"Democratic Republic of Congo","COD","02","0",2023-02-12,72,1
"Democratic Republic of Congo","COD","02","1",2023-02-13,72,1
"Democratic Republic of Congo","COD","02","2",2023-02-14,72,1
"Democratic Republic of Congo","COD","02","3",2023-02-15,73,2
"Democratic Republic of Congo","COD","02","4",2023-02-16,73,2
"Democratic Republic of Congo","COD","02","5",2023-02-17,73,2
"Democratic Republic of Congo","COD","02","6",2023-02-18,73,2
"Democratic Republic of Congo","COD","02","0",2023-02-19,72,1
"Democratic Republic of Congo","COD","02","1",2023-02-20,90,0
"Democratic Republic of Congo","COD","02","2",2023-02-21,91,0
"Democratic Republic of Congo","COD","02","3",2023-02-22,91,1
"Democratic Republic of Congo","COD","02","4",2023-02-23,91,1
"Democratic Republic of Congo","COD","02","5",2023-02-24,91,1
"Democratic Republic of Congo","COD","02","6",2023-02-25,91,0
"Democratic Republic of Congo","COD","02","0",2023-02-26,90,0
"Democratic Republic of Congo","COD","02","1",2023-02-27,83,1
"Democratic Republic of Congo","COD","02","2",2023-02-28,83,1
"Democratic Republic of Congo","COD","03","3",2023-03-01,83,1
"Democratic Republic of Congo","COD","03","4",2023-03-02,83,1
"Democratic Republic of Congo","COD","03","5",2023-03-03,83,1
"Democratic Republic of Congo","COD","03","6",2023-03-04,83,1
"Democratic Republic of Congo","COD","03","0",2023-03-05,83,1
"Democratic Republic of Congo","COD","03","1",2023-03-06,92,0
"Democratic Republic of Congo","COD","03","2",2023-03-07,93,0
"Democratic Republic of Congo","COD","03","3",2023-03-08,93,1
"Democratic Republic of Congo","COD","03","4",2023-03-09,93,1
"Democratic Republic of Congo","COD","03","5",2023-03-10,93,1
"Democratic Republic of Congo","COD","03","6",2023-03-11,93,1
"Democratic Republic of Congo","COD","03","0",2023-03-12,93,0
"Democratic Republic of Congo","COD","03","1",2023-03-13,193,1
"Democratic Republic of Congo","COD","03","2",2023-03-14,193,1
"Democratic Republic of Congo","COD","03","3",2023-03-15,193,1
"Democratic Republic of Congo","COD","03","4",2023-03-16,193,2
"Democratic Republic of Congo","COD","03","5",2023-03-17,193,2
"Democratic Republic of Congo","COD","03","6",2023-03-18,193,1
"Democratic Republic of Congo","COD","03","0",2023-03-19,193,1
"Democratic Republic of Congo","COD","03","1",2023-03-20,294,1
"Democratic Republic of Congo","COD","03","2",2023-03-21,294,1
"Democratic Republic of Congo","COD","03","3",2023-03-22,295,1
"Democratic Republic of Congo","COD","03","4",2023-03-23,295,2
"Democratic Republic of Congo","COD","03","5",2023-03-24,295,2
"Democratic Republic of Congo","COD","03","6",2023-03-25,294,1
"Democratic Republic of Congo","COD","03","0",2023-03-26,294,1
"Democratic Republic of Congo","COD","03","1",2023-03-27,273,0
"Democratic Republic of Congo","COD","03","2",2023-03-28,274,0
"Democratic Republic of Congo","COD","03","3",2023-03-29,274,1
"Democratic Republic of Congo","COD","03","4",2023-03-30,274,1
"Democratic Republic of Congo","COD","03","5",2023-03-31,274,1
"Democratic Republic of Congo","COD","04","6",2023-04-01,274,1
"Democratic Republic of Congo","COD","04","0",2023-04-02,273,0
"Democratic Republic of Congo","COD","04","1",2023-04-03,213,0
"Democratic Republic of Congo","COD","04","2",2023-04-04,213,0
"Democratic Republic of Congo","COD","04","3",2023-04-05,213,1
"Democratic Republic of Congo","COD","04","4",2023-04-06,213,1
"Democratic Republic of Congo","COD","04","5",2023-04-07,213,1
"Democratic Republic of Congo","COD","04","6",2023-04-08,213,1
"Democratic Republic of Congo","COD","04","0",2023-04-09,213,0
"Democratic Republic of Congo","COD","04","1",2023-04-10,175,0
"Democratic Republic of Congo","COD","04","2",2023-04-11,175,0
"Democratic Republic of Congo","COD","04","3",2023-04-12,176,1
"Democratic Republic of Congo","COD","04","4",2023-04-13,176,1
"Democratic Republic of Congo","COD","04","5",2023-04-14,176,1
"Democratic Republic of Congo","COD","04","6",2023-04-15,176,1
"Democratic Republic of Congo","COD","04","0",2023-04-16,175,0
"Democratic Republic of Congo","COD","04","1",2023-04-17,168,1
"Democratic Republic of Congo","COD","04","2",2023-04-18,168,1
"Democratic Republic of Congo","COD","04","3",2023-04-19,169,2
"Democratic Republic of Congo","COD","04","4",2023-04-20,169,2
"Democratic Republic of Congo","COD","04","5",2023-04-21,169,2
"Democratic Republic of Congo","COD","04","6",2023-04-22,168,1
"Democratic Republic of Congo","COD","04","0",2023-04-23,168,1
"Democratic Republic of Congo","COD","04","1",2023-04-24,170,2
"Democratic Republic of Congo","COD","04","2",2023-04-25,170,2
"Democratic Republic of Congo","COD","04","3",2023-04-26,171,3
"Democratic Republic of Congo","COD","04","4",2023-04-27,171,3
"Democratic Republic of Congo","COD","04","5",2023-04-28,171,3
"Democratic Republic of Congo","COD","04","6",2023-04-29,171,2
"Democratic Republic of Congo","COD","04","0",2023-04-30,170,2
"Democratic Republic of Congo","COD","05","1",2023-05-01,147,0
"Democratic Republic of Congo","COD","05","2",2023-05-02,148,1
"Democratic Republic of Congo","COD","05","3",2023-05-03,148,1
"Democratic Republic of Congo","COD","05","4",2023-05-04,148,1
"Democratic Republic of Congo","COD","05","5",2023-05-05,148,1
"Democratic Republic of Congo","COD","05","6",2023-05-06,148,1
"Democratic Republic of Congo","COD","05","0",2023-05-07,147,1
"Democratic Republic of Congo","COD","05","1",2023-05-08,137,0
"Democratic Republic of Congo","COD","05","2",2023-05-09,137,1
"Democratic Republic of Congo","COD","05","3",2023-05-10,137,1
"Democratic Republic of Congo","COD","05","4",2023-05-11,138,1
"Democratic Republic of Congo","COD","05","5",2023-05-12,138,1
"Democratic Republic of Congo","COD","05","6",2023-05-13,137,1
"Democratic Republic of Congo","COD","05","0",2023-05-14,137,1
"Democratic Republic of Congo","COD","05","1",2023-05-15,141,0
"Democratic Republic of Congo","COD","05","2",2023-05-16,142,0
"Democratic Republic of Congo","COD","05","3",2023-05-17,142,0
"Democratic Republic of Congo","COD","05","4",2023-05-18,142,1
"Democratic Republic of Congo","COD","05","5",2023-05-19,142,1
"Democratic Republic of Congo","COD","05","6",2023-05-20,142,0
"Democratic Republic of Congo","COD","05","0",2023-05-21,142,0
"Democratic Republic of Congo","COD","05","1",2023-05-22,156,0
"Democratic Republic of Congo","COD","05","2",2023-05-23,156,0
"Democratic Republic of Congo","COD","05","3",2023-05-24,156,1
"Democratic Republic of Congo","COD","05","4",2023-05-25,157,1
"Democratic Republic of Congo","COD","05","5",2023-05-26,157,1
"Democratic Republic of Congo","COD","05","6",2023-05-27,156,0
"Democratic Republic of Congo","COD","05","0",2023-05-28,156,0
"Democratic Republic of Congo","COD","05","1",2023-05-29,161,2
"Democratic Republic of Congo","COD","05","2",2023-05-30,161,2
"Democratic Republic of Congo","COD","05","3",2023-05-31,162,3
"Democratic Republic of Congo","COD","06","4",2023-06-01,162,3
"Democratic Republic of Congo","COD","06","5",2023-06-02,162,3
"Democratic Republic of Congo","COD","06","6",2023-06-03,162,2
"Democratic Republic of Congo","COD","06","0",2023-06-04,161,2
"Democratic Republic of Congo","COD","06","1",2023-06-05,160,2
"Democratic Republic of Congo","COD","06","2",2023-06-06,160,2
"Democratic Republic of Congo","COD","06","3",2023-06-07,161,2
"Democratic Republic of Congo","COD","06","4",2023-06-08,161,3
"Democratic Republic of Congo","COD","06","5",2023-06-09,161,2
"Democratic Republic of Congo","COD","06","6",2023-06-10,160,2
"Democratic Republic of Congo","COD","06","0",2023-06-11,160,2
"Democratic Republic of Congo","COD","06","1",2023-06-12,134,1
"Democratic Republic of Congo","COD","06","2",2023-06-13,134,1
"Democratic Republic of Congo","COD","06","3",2023-06-14,134,1
"Democratic Republic of Congo","COD","06","4",2023-06-15,135,2
"Democratic Republic of Congo","COD","06","5",2023-06-16,134,2
"Democratic Republic of Congo","COD","06","6",2023-06-17,134,1
"Democratic Republic of Congo","COD","06","0",2023-06-18,134,1
"Democratic Republic of Congo","COD","06","1",2023-06-19,129,2
"Democratic Republic of Congo","COD","06","2",2023-06-20,130,2
"Democratic Republic of Congo","COD","06","3",2023-06-21,130,2
"Democratic Republic of Congo","COD","06","4",2023-06-22,130,2
"Democratic Republic of Congo","COD","06","5",2023-06-23,130,2
"Democratic Republic of Congo","COD","06","6",2023-06-24,130,2
"Democratic Republic of Congo","COD","06","0",2023-06-25,130,2
"Democratic Republic of Congo","COD","06","1",2023-06-26,135,1
"Democratic Republic of Congo","COD","06","2",2023-06-27,135,1
"Democratic Republic of Congo","COD","06","3",2023-06-28,135,1
"Democratic Republic of Congo","COD","06","4",2023-06-29,136,2
"Democratic Republic of Congo","COD","06","5",2023-06-30,136,1
"Democratic Republic of Congo","COD","07","6",2023-07-01,135,1
"Democratic Republic of Congo","COD","07","0",2023-07-02,135,1
"Democratic Republic of Congo","COD","07","1",2023-07-03,196,2
"Democratic Republic of Congo","COD","07","2",2023-07-04,196,2
"Democratic Republic of Congo","COD","07","3",2023-07-05,196,3
"Democratic Republic of Congo","COD","07","4",2023-07-06,196,3
"Democratic Republic of Congo","COD","07","5",2023-07-07,196,3
"Democratic Republic of Congo","COD","07","6",2023-07-08,196,3
"Democratic Republic of Congo","COD","07","0",2023-07-09,196,2
"Democratic Republic of Congo","COD","07","1",2023-07-10,143,1
"Democratic Republic of Congo","COD","07","2",2023-07-11,144,1
"Democratic Republic of Congo","COD","07","3",2023-07-12,144,1
"Democratic Republic of Congo","COD","07","4",2023-07-13,144,2
"Democratic Republic of Congo","COD","07","5",2023-07-14,144,1
"Democratic Republic of Congo","COD","07","6",2023-07-15,144,1
"Democratic Republic of Congo","COD","07","0",2023-07-16,144,1
"Democratic Republic of Congo","COD","07","1",2023-07-17,127,0
"Democratic Republic of Congo","COD","07","2",2023-07-18,128,1
"Democratic Republic of Congo","COD","07","3",2023-07-19,128,1
"Democratic Republic of Congo","COD","07","4",2023-07-20,128,1
"Democratic Republic of Congo","COD","07","5",2023-07-21,128,1
"Democratic Republic of Congo","COD","07","6",2023-07-22,128,1
"Democratic Republic of Congo","COD","07","0",2023-07-23,127,0
"Democratic Republic of Congo","COD","07","1",2023-07-24,125,0
"Democratic Republic of Congo","COD","07","2",2023-07-25,126,1
"Democratic Republic of Congo","COD","07","3",2023-07-26,126,1
"Democratic Republic of Congo","COD","07","4",2023-07-27,126,1
"Democratic Republic of Congo","COD","07","5",2023-07-28,126,1
"Democratic Republic of Congo","COD","07","6",2023-07-29,126,1
"Democratic Republic of Congo","COD","07","0",2023-07-30,126,0
"Democratic Republic of Congo","COD","07","1",2023-07-31,152,2
"Democratic Republic of Congo","COD","08","2",2023-08-01,153,2
"Democratic Republic of Congo","COD","08","3",2023-08-02,153,2
"Democratic Republic of Congo","COD","08","4",2023-08-03,153,3
"Democratic Republic of Congo","COD","08","5",2023-08-04,153,2
"Democratic Republic of Congo","COD","08","6",2023-08-05,153,2
"Democratic Republic of Congo","COD","08","0",2023-08-06,152,2
"Democratic Republic of Congo","COD","08","1",2023-08-07,143,0
"Democratic Republic of Congo","COD","08","2",2023-08-08,143,1
"Democratic Republic of Congo","COD","08","3",2023-08-09,144,1
"Democratic Republic of Congo","COD","08","4",2023-08-10,144,1
"Democratic Republic of Congo","COD","08","5",2023-08-11,144,1
"Democratic Republic of Congo","COD","08","6",2023-08-12,144,1
"Democratic Republic of Congo","COD","08","0",2023-08-13,143,1
"Democratic Republic of Congo","COD","08","1",2023-08-14,114,0
"Democratic Republic of Congo","COD","08","2",2023-08-15,114,1
"Democratic Republic of Congo","COD","08","3",2023-08-16,114,1
"Democratic Republic of Congo","COD","08","4",2023-08-17,115,1
"Democratic Republic of Congo","COD","08","5",2023-08-18,115,1
"Democratic Republic of Congo","COD","08","6",2023-08-19,114,1
"Democratic Republic of Congo","COD","08","0",2023-08-20,114,0
"Democratic Republic of Congo","COD","08","1",2023-08-21,131,1
"Democratic Republic of Congo","COD","08","2",2023-08-22,131,1
"Democratic Republic of Congo","COD","08","3",2023-08-23,131,2
"Democratic Republic of Congo","COD","08","4",2023-08-24,132,2
"Democratic Republic of Congo","COD","08","5",2023-08-25,131,2
"Democratic Republic of Congo","COD","08","6",2023-08-26,131,1
"Democratic Republic of Congo","COD","08","0",2023-08-27,131,1
"Democratic Republic of Congo","COD","08","1",2023-08-28,151,0
"Democratic Republic of Congo","COD","08","2",2023-08-29,152,1
"Democratic Republic of Congo","COD","08","3",2023-08-30,152,1
"Democratic Republic of Congo","COD","08","4",2023-08-31,152,1
"Democratic Republic of Congo","COD","09","5",2023-09-01,152,1
"Democratic Republic of Congo","COD","09","6",2023-09-02,152,1
"Democratic Republic of Congo","COD","09","0",2023-09-03,152,1
"Democratic Republic of Congo","COD","09","1",2023-09-04,141,2
"Democratic Republic of Congo","COD","09","2",2023-09-05,141,3
"Democratic Republic of Congo","COD","09","3",2023-09-06,141,3
"Democratic Republic of Congo","COD","09","4",2023-09-07,141,3
"Democratic Republic of Congo","COD","09","5",2023-09-08,141,3
"Democratic Republic of Congo","COD","09","6",2023-09-09,141,3
"Democratic Republic of Congo","COD","09","0",2023-09-10,141,2
"Democratic Republic of Congo","COD","09","1",2023-09-11,106,0
"Democratic Republic of Congo","COD","09","2",2023-09-12,106,0
"Democratic Republic of Congo","COD","09","3",2023-09-13,107,0
"Democratic Republic of Congo","COD","09","4",2023-09-14,107,0
"Democratic Republic of Congo","COD","09","5",2023-09-15,107,0
"Democratic Republic of Congo","COD","09","6",2023-09-16,107,0
"Democratic Republic of Congo","COD","09","0",2023-09-17,106,0
"Democratic Republic of Congo","COD","09","1",2023-09-18,131,1
"Democratic Republic of Congo","COD","09","2",2023-09-19,131,2
"Democratic Republic of Congo","COD","09","3",2023-09-20,131,2
"Democratic Republic of Congo","COD","09","4",2023-09-21,132,2
"Democratic Republic of Congo","COD","09","5",2023-09-22,132,2
"Democratic Republic of Congo","COD","09","6",2023-09-23,131,2
"Democratic Republic of Congo","COD","09","0",2023-09-24,131,1
"Democratic Republic of Congo","COD","09","1",2023-09-25,111,1
"Democratic Republic of Congo","COD","09","2",2023-09-26,112,1
"Democratic Republic of Congo","COD","09","3",2023-09-27,112,2
"Democratic Republic of Congo","COD","09","4",2023-09-28,112,2
"Democratic Republic of Congo","COD","09","5",2023-09-29,112,2
"Democratic Republic of Congo","COD","09","6",2023-09-30,112,1
"Democratic Republic of Congo","COD","10","0",2023-10-01,112,1
"Democratic Republic of Congo","COD","10","1",2023-10-02,111,0
"Democratic Republic of Congo","COD","10","2",2023-10-03,111,1
"Democratic Republic of Congo","COD","10","3",2023-10-04,112,1
"Democratic Republic of Congo","COD","10","4",2023-10-05,112,1
"Democratic Republic of Congo","COD","10","5",2023-10-06,112,1
"Democratic Republic of Congo","COD","10","6",2023-10-07,111,1
"Democratic Republic of Congo","COD","10","0",2023-10-08,111,1
"Democratic Republic of Congo","COD","10","1",2023-10-09,158,1
"Democratic Republic of Congo","COD","10","2",2023-10-10,158,1
"Democratic Republic of Congo","COD","10","3",2023-10-11,158,2
"Democratic Republic of Congo","COD","10","4",2023-10-12,158,2
"Democratic Republic of Congo","COD","10","5",2023-10-13,158,2
"Democratic Republic of Congo","COD","10","6",2023-10-14,158,2
"Democratic Republic of Congo","COD","10","0",2023-10-15,158,1
"Democratic Republic of Congo","COD","10","1",2023-10-16,104,0
"Democratic Republic of Congo","COD","10","2",2023-10-17,105,1
"Democratic Republic of Congo","COD","10","3",2023-10-18,105,1
"Democratic Republic of Congo","COD","10","4",2023-10-19,105,1
"Democratic Republic of Congo","COD","10","5",2023-10-20,105,1
"Democratic Republic of Congo","COD","10","6",2023-10-21,105,1
"Democratic Republic of Congo","COD","10","0",2023-10-22,104,1
"Democratic Republic of Congo","COD","10","1",2023-10-23,104,0
"Democratic Republic of Congo","COD","10","2",2023-10-24,104,0
"Democratic Republic of Congo","COD","10","3",2023-10-25,104,0
"Democratic Republic of Congo","COD","10","4",2023-10-26,104,1
"Democratic Republic of Congo","COD","10","5",2023-10-27,104,1
"Democratic Republic of Congo","COD","10","6",2023-10-28,104,0
"Democratic Republic of Congo","COD","10","0",2023-10-29,104,0
"Democratic Republic of Congo","COD","10","1",2023-10-30,116,0
"Democratic Republic of Congo","COD","10","2",2023-10-31,117,1
"Democratic Republic of Congo","COD","11","3",2023-11-01,117,1
"Democratic Republic of Congo","COD","11","4",2023-11-02,117,1
"Democratic Republic of Congo","COD","11","5",2023-11-03,117,1
"Democratic Republic of Congo","COD","11","6",2023-11-04,117,1
"Democratic Republic of Congo","COD","11","0",2023-11-05,117,0
"Democratic Republic of Congo","COD","11","1",2023-11-06,125,2
"Democratic Republic of Congo","COD","11","2",2023-11-07,125,2
"Democratic Republic of Congo","COD","11","3",2023-11-08,125,3
"Democratic Republic of Congo","COD","11","4",2023-11-09,125,3
"Democratic Republic of Congo","COD","11","5",2023-11-10,125,3
"Democratic Republic of Congo","COD","11","6",2023-11-11,125,2
"Democratic Republic of Congo","COD","11","0",2023-11-12,125,2
"Democratic Republic of Congo","COD","11","1",2023-11-13,117,3
"Democratic Republic of Congo","COD","11","2",2023-11-14,117,3
"Democratic Republic of Congo","COD","11","3",2023-11-15,117,3
"Democratic Republic of Congo","COD","11","4",2023-11-16,117,3
"Democratic Republic of Congo","COD","11","5",2023-11-17,117,3
"Democratic Republic of Congo","COD","11","6",2023-11-18,117,3
"Democratic Republic of Congo","COD","11","0",2023-11-19,117,3
"Democratic Republic of Congo","COD","11","1",2023-11-20,128,2
"Democratic Republic of Congo","COD","11","2",2023-11-21,129,2
"Democratic Republic of Congo","COD","11","3",2023-11-22,129,2
"Democratic Republic of Congo","COD","11","4",2023-11-23,129,2
"Democratic Republic of Congo","COD","11","5",2023-11-24,129,2
"Democratic Republic of Congo","COD","11","6",2023-11-25,129,2
"Democratic Republic of Congo","COD","11","0",2023-11-26,128,2
"Democratic Republic of Congo","COD","11","1",2023-11-27,168,4
"Democratic Republic of Congo","COD","11","2",2023-11-28,168,4
"Democratic Republic of Congo","COD","11","3",2023-11-29,168,5
"Democratic Republic of Congo","COD","11","4",2023-11-30,168,5
"Democratic Republic of Congo","COD","12","5",2023-12-01,168,5
"Democratic Republic of Congo","COD","12","6",2023-12-02,168,4
"Democratic Republic of Congo","COD","12","0",2023-12-03,168,4
"Democratic Republic of Congo","COD","12","1",2023-12-04,169,0
"Democratic Republic of Congo","COD","12","2",2023-12-05,169,0
"Democratic Republic of Congo","COD","12","3",2023-12-06,169,1
"Democratic Republic of Congo","COD","12","4",2023-12-07,170,1
"Democratic Republic of Congo","COD","12","5",2023-12-08,169,1
"Democratic Republic of Congo","COD","12","6",2023-12-09,169,1
"Democratic Republic of Congo","COD","12","0",2023-12-10,169,0
"Democratic Republic of Congo","COD","12","1",2023-12-11,199,0
"Democratic Republic of Congo","COD","12","2",2023-12-12,199,1
"Democratic Republic of Congo","COD","12","3",2023-12-13,200,1
"Democratic Republic of Congo","COD","12","4",2023-12-14,200,1
"Democratic Republic of Congo","COD","12","5",2023-12-15,200,1
"Democratic Republic of Congo","COD","12","6",2023-12-16,199,1
"Democratic Republic of Congo","COD","12","0",2023-12-17,199,0
"Democratic Republic of Congo","COD","12","1",2023-12-18,196,0
"Democratic Republic of Congo","COD","12","2",2023-12-19,197,1
"Democratic Republic of Congo","COD","12","3",2023-12-20,197,1
"Democratic Republic of Congo","COD","12","4",2023-12-21,197,1
"Democratic Republic of Congo","COD","12","5",2023-12-22,197,1
"Democratic Republic of Congo","COD","12","6",2023-12-23,197,1
"Democratic Republic of Congo","COD","12","0",2023-12-24,197,0
"Democratic Republic of Congo","COD","12","1",2023-12-25,141,0
"Democratic Republic of Congo","COD","12","2",2023-12-26,141,0
"Democratic Republic of Congo","COD","12","3",2023-12-27,141,1
"Democratic Republic of Congo","COD","12","4",2023-12-28,142,1
"Democratic Republic of Congo","COD","12","5",2023-12-29,142,1
"Democratic Republic of Congo","COD","12","6",2023-12-30,141,0
"Democratic Republic of Congo","COD","12","0",2023-12-31,141,0
"Democratic Republic of Congo","COD","01","1",2024-01-01,103,1
"Democratic Republic of Congo","COD","01","2",2024-01-02,103,1
"Democratic Republic of Congo","COD","01","3",2024-01-03,104,1
"Democratic Republic of Congo","COD","01","4",2024-01-04,104,1
"Democratic Republic of Congo","COD","01","5",2024-01-05,104,1
"Democratic Republic of Congo","COD","01","6",2024-01-06,103,1
"Democratic Republic of Congo","COD","01","0",2024-01-07,103,1
"Democratic Republic of Congo","COD","01","1",2024-01-08,125,2
"Democratic Republic of Congo","COD","01","2",2024-01-09,126,2
"Democratic Republic of Congo","COD","01","3",2024-01-10,126,3
"Democratic Republic of Congo","COD","01","4",2024-01-11,126,3
"Democratic Republic of Congo","COD","01","5",2024-01-12,126,3
"Democratic Republic of Congo","COD","01","6",2024-01-13,126,2
"Democratic Republic of Congo","COD","01","0",2024-01-14,126,2
"Democratic Republic of Congo","COD","01","1",2024-01-15,134,2
"Democratic Republic of Congo","COD","01","2",2024-01-16,135,2
"Democratic Republic of Congo","COD","01","3",2024-01-17,135,3
"Democratic Republic of Congo","COD","01","4",2024-01-18,135,3
"Democratic Republic of Congo","COD","01","5",2024-01-19,135,3
"Democratic Republic of Congo","COD","01","6",2024-01-20,135,3
"Democratic Republic of Congo","COD","01","0",2024-01-21,135,2
"Democratic Republic of Congo","COD","01","1",2024-01-22,120,2
"Democratic Republic of Congo","COD","01","2",2024-01-23,121,3
"Democratic Republic of Congo","COD","01","3",2024-01-24,121,3
"Democratic Republic of Congo","COD","01","4",2024-01-25,121,3
"Democratic Republic of Congo","COD","01","5",2024-01-26,121,3
"Democratic Republic of Congo","COD","01","6",2024-01-27,121,3
"Democratic Republic of Congo","COD","01","0",2024-01-28,121,3
"Democratic Republic of Congo","COD","01","1",2024-01-29,126,2
"Democratic Republic of Congo","COD","01","2",2024-01-30,127,3
"Democratic Republic of Congo","COD","01","3",2024-01-31,127,3
"Democratic Republic of Congo","COD","02","4",2024-02-01,127,3
"Democratic Republic of Congo","COD","02","5",2024-02-02,127,3
"Democratic Republic of Congo","COD","02","6",2024-02-03,127,3
"Democratic Republic of Congo","COD","02","0",2024-02-04,127,2
"Democratic Republic of Congo","COD","02","1",2024-02-05,158,7
"Democratic Republic of Congo","COD","02","2",2024-02-06,158,7
"Democratic Republic of Congo","COD","02","3",2024-02-07,159,7
"Democratic Republic of Congo","COD","02","4",2024-02-08,159,8
"Democratic Republic of Congo","COD","02","5",2024-02-09,159,7
"Democratic Republic of Congo","COD","02","6",2024-02-10,159,7
"Democratic Republic of Congo","COD","02","0",2024-02-11,158,7
"Democratic Republic of Congo","COD","02","1",2024-02-12,164,2
"Democratic Republic of Congo","COD","02","2",2024-02-13,165,2
"Democratic Republic of Congo","COD","02","3",2024-02-14,165,3
"Democratic Republic of Congo","COD","02","4",2024-02-15,165,3
"Democratic Republic of Congo","COD","02","5",2024-02-16,165,3
"Democratic Republic of Congo","COD","02","6",2024-02-17,165,2
"Democratic Republic of Congo","COD","02","0",2024-02-18,164,2
"Democratic Republic of Congo","COD","02","1",2024-02-19,141,2
"Democratic Republic of Congo","COD","02","2",2024-02-20,142,2
"Democratic Republic of Congo","COD","02","3",2024-02-21,142,3
"Democratic Republic of Congo","COD","02","4",2024-02-22,142,3
"Democratic Republic of Congo","COD","02","5",2024-02-23,142,3
"Democratic Republic of Congo","COD","02","6",2024-02-24,142,3
"Democratic Republic of Congo","COD","02","0",2024-02-25,142,2
"Democratic Republic of Congo","COD","02","1",2024-02-26,152,1
"Democratic Republic of Congo","COD","02","2",2024-02-27,152,1
"Democratic Republic of Congo","COD","02","3",2024-02-28,152,1
"Democratic Republic of Congo","COD","02","4",2024-02-29,153,2
"Democratic Republic of Congo","COD","03","5",2024-03-01,153,2
"Democratic Republic of Congo","COD","03","6",2024-03-02,152,1
"Democratic Republic of Congo","COD","03","0",2024-03-03,152,1
"Democratic Republic of Congo","COD","03","1",2024-03-04,131,0
"Democratic Republic of Congo","COD","03","2",2024-03-05,132,0
"Democratic Republic of Congo","COD","03","3",2024-03-06,132,1
"Democratic Republic of Congo","COD","03","4",2024-03-07,132,1
"Democratic Republic of Congo","COD","03","5",2024-03-08,132,1
"Democratic Republic of Congo","COD","03","6",2024-03-09,132,1
"Democratic Republic of Congo","COD","03","0",2024-03-10,131,0
"Democratic Republic of Congo","COD","03","1",2024-03-11,109,1
"Democratic Republic of Congo","COD","03","2",2024-03-12,109,1
"Democratic Republic of Congo","COD","03","3",2024-03-13,109,2
"Democratic Republic of Congo","COD","03","4",2024-03-14,110,2
"Democratic Republic of Congo","COD","03","5",2024-03-15,109,2
"Democratic Republic of Congo","COD","03","6",2024-03-16,109,2
"Democratic Republic of Congo","COD","03","0",2024-03-17,109,1
"Democratic Republic of Congo","COD","03","1",2024-03-18,126,1
"Democratic Republic of Congo","COD","03","2",2024-03-19,126,1
"Democratic Republic of Congo","COD","03","3",2024-03-20,127,1
"Democratic Republic of Congo","COD","03","4",2024-03-21,127,2
"Democratic Republic of Congo","COD","03","5",2024-03-22,127,2
"Democratic Republic of Congo","COD","03","6",2024-03-23,126,1
"Democratic Republic of Congo","COD","03","0",2024-03-24,126,1
"Democratic Republic of Congo","COD","03","1",2024-03-25,128,1
"Democratic Republic of Congo","COD","03","2",2024-03-26,128,1
"Democratic Republic of Congo","COD","03","3",2024-03-27,128,1
"Democratic Republic of Congo","COD","03","4",2024-03-28,129,1
"Democratic Republic of Congo","COD","03","5",2024-03-29,128,1
"Democratic Republic of Congo","COD","03","6",2024-03-30,128,1
"Democratic Republic of Congo","COD","03","0",2024-03-31,128,1
"Democratic Republic of Congo","COD","04","1",2024-04-01,117,1
"Democratic Republic of Congo","COD","04","2",2024-04-02,118,1
"Democratic Republic of Congo","COD","04","3",2024-04-03,118,1
"Democratic Republic of Congo","COD","04","4",2024-04-04,118,1
"Democratic Republic of Congo","COD","04","5",2024-04-05,118,1
"Democratic Republic of Congo","COD","04","6",2024-04-06,118,1
"Democratic Republic of Congo","COD","04","0",2024-04-07,118,1
"Democratic Republic of Congo","COD","04","1",2024-04-08,102,1
"Democratic Republic of Congo","COD","04","2",2024-04-09,102,1
"Democratic Republic of Congo","COD","04","3",2024-04-10,103,1
"Democratic Republic of Congo","COD","04","4",2024-04-11,103,2
"Democratic Republic of Congo","COD","04","5",2024-04-12,103,2
"Democratic Republic of Congo","COD","04","6",2024-04-13,102,1
"Democratic Republic of Congo","COD","04","0",2024-04-14,102,1
"Democratic Republic of Congo","COD","04","1",2024-04-15,127,2
"Democratic Republic of Congo","COD","04","2",2024-04-16,128,2
"Democratic Republic of Congo","COD","04","3",2024-04-17,128,2
"Democratic Republic of Congo","COD","04","4",2024-04-18,128,3
"Democratic Republic of Congo","COD","04","5",2024-04-19,128,2
"Democratic Republic of Congo","COD","04","6",2024-04-20,128,2
"Democratic Republic of Congo","COD","04","0",2024-04-21,128,2
"Democratic Republic of Congo","COD","04","1",2024-04-22,111,1
"Democratic Republic of Congo","COD","04","2",2024-04-23,111,1
"Democratic Republic of Congo","COD","04","3",2024-04-24,111,2
"Democratic Republic of Congo","COD","04","4",2024-04-25,111,2
"Democratic Republic of Congo","COD","04","5",2024-04-26,111,2
"Democratic Republic of Congo","COD","04","6",2024-04-27,111,2
"Democratic Republic of Congo","COD","04","0",2024-04-28,111,1
"Democratic Republic of Congo","COD","04","1",2024-04-29,91,1
"Democratic Republic of Congo","COD","04","2",2024-04-30,92,1
"Democratic Republic of Congo","COD","05","3",2024-05-01,92,2
"Democratic Republic of Congo","COD","05","4",2024-05-02,92,2
"Democratic Republic of Congo","COD","05","5",2024-05-03,92,2
"Democratic Republic of Congo","COD","05","6",2024-05-04,92,1
"Democratic Republic of Congo","COD","05","0",2024-05-05,92,1
"Democratic Republic of Congo","COD","05","1",2024-05-06,92,0
"Democratic Republic of Congo","COD","05","2",2024-05-07,93,1
"Democratic Republic of Congo","COD","05","3",2024-05-08,93,1
"Democratic Republic of Congo","COD","05","4",2024-05-09,93,1
"Democratic Republic of Congo","COD","05","5",2024-05-10,93,1
"Democratic Republic of Congo","COD","05","6",2024-05-11,93,1
"Democratic Republic of Congo","COD","05","0",2024-05-12,93,1
"Democratic Republic of Congo","COD","05","1",2024-05-13,95,0
"Democratic Republic of Congo","COD","05","2",2024-05-14,95,1
"Democratic Republic of Congo","COD","05","3",2024-05-15,96,1
"Democratic Republic of Congo","COD","05","4",2024-05-16,96,1
"Democratic Republic of Congo","COD","05","5",2024-05-17,96,1
"Democratic Republic of Congo","COD","05","6",2024-05-18,95,1
"Democratic Republic of Congo","COD","05","0",2024-05-19,95,0
"Democratic Republic of Congo","COD","05","1",2024-05-20,100,0
"Democratic Republic of Congo","COD","05","2",2024-05-21,101,1
"Democratic Republic of Congo","COD","05","3",2024-05-22,101,1
"Democratic Republic of Congo","COD","05","4",2024-05-23,101,1
"Democratic Republic of Congo","COD","05","5",2024-05-24,101,1
"Democratic Republic of Congo","COD","05","6",2024-05-25,101,1
"Democratic Republic of Congo","COD","05","0",2024-05-26,101,1
"Democratic Republic of Congo","COD","05","1",2024-05-27,115,0
"Democratic Republic of Congo","COD","05","2",2024-05-28,115,1
"Democratic Republic of Congo","COD","05","3",2024-05-29,116,1
"Democratic Republic of Congo","COD","05","4",2024-05-30,116,1
"Democratic Republic of Congo","COD","05","5",2024-05-31,116,1
"Democratic Republic of Congo","COD","06","6",2024-06-01,116,1
"Democratic Republic of Congo","COD","06","0",2024-06-02,115,0
"Democratic Republic of Congo","COD","06","1",2024-06-03,88,0
"Democratic Republic of Congo","COD","06","2",2024-06-04,88,1
"Democratic Republic of Congo","COD","06","3",2024-06-05,89,1
"Democratic Republic of Congo","COD","06","4",2024-06-06,89,1
"Democratic Republic of Congo","COD","06","5",2024-06-07,89,1
"Democratic Republic of Congo","COD","06","6",2024-06-08,88,1
"Democratic Republic of Congo","COD","06","0",2024-06-09,88,1
"Democratic Republic of Congo","COD","06","1",2024-06-10,82,0
"Democratic Republic of Congo","COD","06","2",2024-06-11,83,0
"Democratic Republic of Congo","COD","06","3",2024-06-12,83,0
"Democratic Republic of Congo","COD","06","4",2024-06-13,83,1
"Democratic Republic of Congo","COD","06","5",2024-06-14,83,0
"Democratic Republic of Congo","COD","06","6",2024-06-15,83,0
"Democratic Republic of Congo","COD","06","0",2024-06-16,83,0
"Democratic Republic of Congo","COD","06","1",2024-06-17,70,0
"Democratic Republic of Congo","COD","06","2",2024-06-18,70,0
"Democratic Republic of Congo","COD","06","3",2024-06-19,71,0
"Democratic Republic of Congo","COD","06","4",2024-06-20,71,1
"Democratic Republic of Congo","COD","06","5",2024-06-21,71,1
"Democratic Republic of Congo","COD","06","6",2024-06-22,71,0
"Democratic Republic of Congo","COD","06","0",2024-06-23,70,0
"Democratic Republic of Congo","COD","06","1",2024-06-24,73,0
"Democratic Republic of Congo","COD","06","2",2024-06-25,73,0
"Democratic Republic of Congo","COD","06","3",2024-06-26,73,0
"Democratic Republic of Congo","COD","06","4",2024-06-27,73,1
"Democratic Republic of Congo","COD","06","5",2024-06-28,73,0
"Democratic Republic of Congo","COD","06","6",2024-06-29,73,0
"Democratic Republic of Congo","COD","06","0",2024-06-30,73,0
"Democratic Republic of Congo","COD","07","1",2024-07-01,48,0
"Democratic Republic of Congo","COD","07","2",2024-07-02,48,0
"Democratic Republic of Congo","COD","07","3",2024-07-03,49,1
"Democratic Republic of Congo","COD","07","4",2024-07-04,49,1
"Democratic Republic of Congo","COD","07","5",2024-07-05,49,1
"Democratic Republic of Congo","COD","07","6",2024-07-06,49,1
"Democratic Republic of Congo","COD","07","0",2024-07-07,48,0
"Democratic Republic of Congo","COD","07","1",2024-07-08,65,0
"Democratic Republic of Congo","COD","07","2",2024-07-09,65,0
"Democratic Republic of Congo","COD","07","3",2024-07-10,65,1
"Democratic Republic of Congo","COD","07","4",2024-07-11,66,1
"Democratic Republic of Congo","COD","07","5",2024-07-12,65,1
"Democratic Republic of Congo","COD","07","6",2024-07-13,65,1
"Democratic Republic of Congo","COD","07","0",2024-07-14,65,0
"Democratic Republic of Congo","COD","07","1",2024-07-15,59,1
"Democratic Republic of Congo","COD","07","2",2024-07-16,59,1
"Democratic Republic of Congo","COD","07","3",2024-07-17,59,2
"Democratic Republic of Congo","COD","07","4",2024-07-18,60,2
"Democratic Republic of Congo","COD","07","5",2024-07-19,59,2
"Democratic Republic of Congo","COD","07","6",2024-07-20,59,2
"Democratic Republic of Congo","COD","07","0",2024-07-21,59,1
"Democratic Republic of Congo","COD","07","1",2024-07-22,50,0
"Democratic Republic of Congo","COD","07","2",2024-07-23,50,0
"Democratic Republic of Congo","COD","07","3",2024-07-24,51,0
"Democratic Republic of Congo","COD","07","4",2024-07-25,51,1
"Democratic Republic of Congo","COD","07","5",2024-07-26,51,1
"Democratic Republic of Congo","COD","07","6",2024-07-27,50,0
"Democratic Republic of Congo","COD","07","0",2024-07-28,50,0
"Democratic Republic of Congo","COD","07","1",2024-07-29,51,0
"Democratic Republic of Congo","COD","07","2",2024-07-30,51,0
"Democratic Republic of Congo","COD","07","3",2024-07-31,52,0
"Democratic Republic of Congo","COD","08","4",2024-08-01,52,1
"Democratic Republic of Congo","COD","08","5",2024-08-02,52,1
"Democratic Republic of Congo","COD","08","6",2024-08-03,51,0
"Democratic Republic of Congo","COD","08","0",2024-08-04,51,0
"Democratic Republic of Congo","COD","08","1",2024-08-05,50,0
"Democratic Republic of Congo","COD","08","2",2024-08-06,51,0
"Democratic Republic of Congo","COD","08","3",2024-08-07,51,0
"Democratic Republic of Congo","COD","08","4",2024-08-08,51,1
"Democratic Republic of Congo","COD","08","5",2024-08-09,51,0
"Democratic Republic of Congo","COD","08","6",2024-08-10,51,0
"Democratic Republic of Congo","COD","08","0",2024-08-11,50,0
"Democratic Republic of Congo","COD","08","1",2024-08-12,55,0
"Democratic Republic of Congo","COD","08","2",2024-08-13,56,1
"Democratic Republic of Congo","COD","08","3",2024-08-14,56,1
"Democratic Republic of Congo","COD","08","4",2024-08-15,56,1
"Democratic Republic of Congo","COD","08","5",2024-08-16,56,1
"Democratic Republic of Congo","COD","08","6",2024-08-17,56,1
"Democratic Republic of Congo","COD","08","0",2024-08-18,55,0
"Democratic Republic of Congo","COD","08","1",2024-08-19,54,0
"Democratic Republic of Congo","COD","08","2",2024-08-20,54,0
"Democratic Republic of Congo","COD","08","3",2024-08-21,55,1
"Democratic Republic of Congo","COD","08","4",2024-08-22,55,1
"Democratic Republic of Congo","COD","08","5",2024-08-23,55,1
"Democratic Republic of Congo","COD","08","6",2024-08-24,55,1
"Democratic Republic of Congo","COD","08","0",2024-08-25,54,0
"Democratic Republic of Congo","COD","08","1",2024-08-26,42,0
"Democratic Republic of Congo","COD","08","2",2024-08-27,42,1
"Democratic Republic of Congo","COD","08","3",2024-08-28,43,1
"Democratic Republic of Congo","COD","08","4",2024-08-29,43,1
"Democratic Republic of Congo","COD","08","5",2024-08-30,43,1
"Democratic Republic of Congo","COD","08","6",2024-08-31,43,1
"Democratic Republic of Congo","COD","09","0",2024-09-01,42,1
"Democratic Republic of Congo","COD","09","1",2024-09-02,51,0
"Democratic Republic of Congo","COD","09","2",2024-09-03,52,0
"Democratic Republic of Congo","COD","09","3",2024-09-04,52,0
"Democratic Republic of Congo","COD","09","4",2024-09-05,52,1
"Democratic Republic of Congo","COD","09","5",2024-09-06,52,1
"Democratic Republic of Congo","COD","09","6",2024-09-07,52,0
"Democratic Republic of Congo","COD","09","0",2024-09-08,51,0
"Democratic Republic of Congo","COD","09","1",2024-09-09,53,0
"Democratic Republic of Congo","COD","09","2",2024-09-10,53,1
"Democratic Republic of Congo","COD","09","3",2024-09-11,53,1
"Democratic Republic of Congo","COD","09","4",2024-09-12,54,1
"Democratic Republic of Congo","COD","09","5",2024-09-13,53,1
"Democratic Republic of Congo","COD","09","6",2024-09-14,53,1
"Democratic Republic of Congo","COD","09","0",2024-09-15,53,0
"Democratic Republic of Congo","COD","09","1",2024-09-16,57,1
"Democratic Republic of Congo","COD","09","2",2024-09-17,57,2
"Democratic Republic of Congo","COD","09","3",2024-09-18,58,2
"Democratic Republic of Congo","COD","09","4",2024-09-19,58,2
"Democratic Republic of Congo","COD","09","5",2024-09-20,58,2
"Democratic Republic of Congo","COD","09","6",2024-09-21,57,2
"Democratic Republic of Congo","COD","09","0",2024-09-22,57,1
"Democratic Republic of Congo","COD","09","1",2024-09-23,62,2
"Democratic Republic of Congo","COD","09","2",2024-09-24,62,2
"Democratic Republic of Congo","COD","09","3",2024-09-25,62,2
"Democratic Republic of Congo","COD","09","4",2024-09-26,62,2
"Democratic Republic of Congo","COD","09","5",2024-09-27,62,2
"Democratic Republic of Congo","COD","09","6",2024-09-28,62,2
"Democratic Republic of Congo","COD","09","0",2024-09-29,62,2
"Democratic Republic of Congo","COD","09","1",2024-09-30,75,1
"Democratic Republic of Congo","COD","10","2",2024-10-01,75,1
"Democratic Republic of Congo","COD","10","3",2024-10-02,75,1
"Democratic Republic of Congo","COD","10","4",2024-10-03,76,2
"Democratic Republic of Congo","COD","10","5",2024-10-04,76,1
"Democratic Republic of Congo","COD","10","6",2024-10-05,75,1
"Democratic Republic of Congo","COD","10","0",2024-10-06,75,1
"Democratic Republic of Congo","COD","10","1",2024-10-07,70,1
"Democratic Republic of Congo","COD","10","2",2024-10-08,70,1
"Democratic Republic of Congo","COD","10","3",2024-10-09,71,1
"Democratic Republic of Congo","COD","10","4",2024-10-10,71,1
"Democratic Republic of Congo","COD","10","5",2024-10-11,71,1
"Democratic Republic of Congo","COD","10","6",2024-10-12,70,1
"Democratic Republic of Congo","COD","10","0",2024-10-13,70,1
"Democratic Republic of Congo","COD","10","1",2024-10-14,60,1
"Democratic Republic of Congo","COD","10","2",2024-10-15,61,1
"Democratic Republic of Congo","COD","10","3",2024-10-16,61,2
"Democratic Republic of Congo","COD","10","4",2024-10-17,61,2
"Democratic Republic of Congo","COD","10","5",2024-10-18,61,2
"Democratic Republic of Congo","COD","10","6",2024-10-19,61,1
"Democratic Republic of Congo","COD","10","0",2024-10-20,61,1
"Democratic Republic of Congo","COD","10","1",2024-10-21,68,1
"Democratic Republic of Congo","COD","10","2",2024-10-22,68,1
"Democratic Republic of Congo","COD","10","3",2024-10-23,69,1
"Democratic Republic of Congo","COD","10","4",2024-10-24,69,2
"Democratic Republic of Congo","COD","10","5",2024-10-25,69,1
"Democratic Republic of Congo","COD","10","6",2024-10-26,68,1
"Democratic Republic of Congo","COD","10","0",2024-10-27,68,1
"Democratic Republic of Congo","COD","10","1",2024-10-28,61,0
"Democratic Republic of Congo","COD","10","2",2024-10-29,62,1
"Democratic Republic of Congo","COD","10","3",2024-10-30,62,1
"Democratic Republic of Congo","COD","10","4",2024-10-31,62,1
"Democratic Republic of Congo","COD","11","5",2024-11-01,62,1
"Democratic Republic of Congo","COD","11","6",2024-11-02,62,1
"Democratic Republic of Congo","COD","11","0",2024-11-03,62,1
"Democratic Republic of Congo","COD","11","1",2024-11-04,58,0
"Democratic Republic of Congo","COD","11","2",2024-11-05,59,0
"Democratic Republic of Congo","COD","11","3",2024-11-06,59,1
"Democratic Republic of Congo","COD","11","4",2024-11-07,59,1
"Democratic Republic of Congo","COD","11","5",2024-11-08,59,1
"Democratic Republic of Congo","COD","11","6",2024-11-09,59,0
"Democratic Republic of Congo","COD","11","0",2024-11-10,59,0
"Democratic Republic of Congo","COD","11","1",2024-11-11,57,0
"Democratic Republic of Congo","COD","11","2",2024-11-12,57,0
"Democratic Republic of Congo","COD","11","3",2024-11-13,57,1
"Democratic Republic of Congo","COD","11","4",2024-11-14,58,1
"Democratic Republic of Congo","COD","11","5",2024-11-15,57,1
"Democratic Republic of Congo","COD","11","6",2024-11-16,57,1
"Democratic Republic of Congo","COD","11","0",2024-11-17,57,0
"Democratic Republic of Congo","COD","11","1",2024-11-18,66,1
"Democratic Republic of Congo","COD","11","2",2024-11-19,66,1
"Democratic Republic of Congo","COD","11","3",2024-11-20,66,1
"Democratic Republic of Congo","COD","11","4",2024-11-21,67,2
"Democratic Republic of Congo","COD","11","5",2024-11-22,67,2
"Democratic Republic of Congo","COD","11","6",2024-11-23,66,1
"Democratic Republic of Congo","COD","11","0",2024-11-24,66,1
"Democratic Republic of Congo","COD","11","1",2024-11-25,71,0
"Democratic Republic of Congo","COD","11","2",2024-11-26,71,0
"Democratic Republic of Congo","COD","11","3",2024-11-27,71,1
"Democratic Republic of Congo","COD","11","4",2024-11-28,72,1
"Democratic Republic of Congo","COD","11","5",2024-11-29,71,1
"Democratic Republic of Congo","COD","11","6",2024-11-30,71,1
"Democratic Republic of Congo","COD","12","0",2024-12-01,71,0
"Democratic Republic of Congo","COD","12","1",2024-12-02,71,0
"Democratic Republic of Congo","COD","12","2",2024-12-03,72,0
"Democratic Republic of Congo","COD","12","3",2024-12-04,72,1
"Democratic Republic of Congo","COD","12","4",2024-12-05,72,1
"Democratic Republic of Congo","COD","12","5",2024-12-06,72,1
"Democratic Republic of Congo","COD","12","6",2024-12-07,72,0
"Democratic Republic of Congo","COD","12","0",2024-12-08,71,0
"Democratic Republic of Congo","COD","12","1",2024-12-09,73,0
"Democratic Republic of Congo","COD","12","2",2024-12-10,73,0
"Democratic Republic of Congo","COD","12","3",2024-12-11,73,0
"Democratic Republic of Congo","COD","12","4",2024-12-12,73,1
"Democratic Republic of Congo","COD","12","5",2024-12-13,73,0
"Democratic Republic of Congo","COD","12","6",2024-12-14,73,0
"Democratic Republic of Congo","COD","12","0",2024-12-15,73,0
"Democratic Republic of Congo","COD","12","1",2024-12-16,56,0
"Democratic Republic of Congo","COD","12","2",2024-12-17,56,0
"Democratic Republic of Congo","COD","12","3",2024-12-18,57,1
"Democratic Republic of Congo","COD","12","4",2024-12-19,57,1
"Democratic Republic of Congo","COD","12","5",2024-12-20,57,1
"Democratic Republic of Congo","COD","12","6",2024-12-21,57,1
"Democratic Republic of Congo","COD","12","0",2024-12-22,56,0
"Democratic Republic of Congo","COD","12","1",2024-12-23,61,1
"Democratic Republic of Congo","COD","12","2",2024-12-24,62,1
"Democratic Republic of Congo","COD","12","3",2024-12-25,62,1
"Democratic Republic of Congo","COD","12","4",2024-12-26,62,2
"Democratic Republic of Congo","COD","12","5",2024-12-27,62,1
"Democratic Republic of Congo","COD","12","6",2024-12-28,62,1
"Democratic Republic of Congo","COD","12","0",2024-12-29,62,1
"Democratic Republic of Congo","COD","12","1",2024-12-30,67,1
"Democratic Republic of Congo","COD","12","2",2024-12-31,68,1
"Democratic Republic of Congo","COD","01","3",2025-01-01,68,1
"Democratic Republic of Congo","COD","01","4",2025-01-02,68,1
"Democratic Republic of Congo","COD","01","5",2025-01-03,68,1
"Democratic Republic of Congo","COD","01","6",2025-01-04,68,1
"Democratic Republic of Congo","COD","01","0",2025-01-05,67,1
"Democratic Republic of Congo","COD","01","1",2025-01-06,0,0
"Democratic Republic of Congo","COD","01","2",2025-01-07,0,0
"Democratic Republic of Congo","COD","01","3",2025-01-08,0,0
"Democratic Republic of Congo","COD","01","4",2025-01-09,0,0
"Democratic Republic of Congo","COD","01","5",2025-01-10,0,0
"Democratic Republic of Congo","COD","01","6",2025-01-11,0,0
"Democratic Republic of Congo","COD","01","0",2025-01-12,0,0
"Democratic Republic of Congo","COD","01","1",2025-01-13,56,0
"Democratic Republic of Congo","COD","01","2",2025-01-14,56,1
"Democratic Republic of Congo","COD","01","3",2025-01-15,56,1
"Democratic Republic of Congo","COD","01","4",2025-01-16,57,1
"Democratic Republic of Congo","COD","01","5",2025-01-17,57,1
"Democratic Republic of Congo","COD","01","6",2025-01-18,56,1
"Democratic Republic of Congo","COD","01","0",2025-01-19,56,1
"Comoros","COM","02","1",2024-02-05,2,0
"Comoros","COM","02","2",2024-02-06,2,0
"Comoros","COM","02","3",2024-02-07,2,0
"Comoros","COM","02","4",2024-02-08,3,1
"Comoros","COM","02","5",2024-02-09,3,1
"Comoros","COM","02","6",2024-02-10,2,0
"Comoros","COM","02","0",2024-02-11,2,0
"Comoros","COM","02","1",2024-02-12,10,0
"Comoros","COM","02","2",2024-02-13,10,0
"Comoros","COM","02","3",2024-02-14,11,1
"Comoros","COM","02","4",2024-02-15,11,1
"Comoros","COM","02","5",2024-02-16,11,1
"Comoros","COM","02","6",2024-02-17,11,1
"Comoros","COM","02","0",2024-02-18,10,0
"Comoros","COM","02","1",2024-02-19,4,0
"Comoros","COM","02","2",2024-02-20,4,0
"Comoros","COM","02","3",2024-02-21,4,0
"Comoros","COM","02","4",2024-02-22,5,0
"Comoros","COM","02","5",2024-02-23,4,0
"Comoros","COM","02","6",2024-02-24,4,0
"Comoros","COM","02","0",2024-02-25,4,0
"Comoros","COM","02","1",2024-02-26,3,0
"Comoros","COM","02","2",2024-02-27,3,0
"Comoros","COM","02","3",2024-02-28,3,0
"Comoros","COM","02","4",2024-02-29,4,0
"Comoros","COM","03","5",2024-03-01,4,0
"Comoros","COM","03","6",2024-03-02,3,0
"Comoros","COM","03","0",2024-03-03,3,0
"Comoros","COM","03","1",2024-03-04,6,0
"Comoros","COM","03","2",2024-03-05,6,0
"Comoros","COM","03","3",2024-03-06,6,0
"Comoros","COM","03","4",2024-03-07,7,1
"Comoros","COM","03","5",2024-03-08,6,0
"Comoros","COM","03","6",2024-03-09,6,0
"Comoros","COM","03","0",2024-03-10,6,0
"Comoros","COM","03","1",2024-03-11,19,0
"Comoros","COM","03","2",2024-03-12,19,1
"Comoros","COM","03","3",2024-03-13,19,1
"Comoros","COM","03","4",2024-03-14,20,1
"Comoros","COM","03","5",2024-03-15,19,1
"Comoros","COM","03","6",2024-03-16,19,1
"Comoros","COM","03","0",2024-03-17,19,0
"Comoros","COM","03","1",2024-03-18,23,0
"Comoros","COM","03","2",2024-03-19,23,0
"Comoros","COM","03","3",2024-03-20,23,0
"Comoros","COM","03","4",2024-03-21,23,1
"Comoros","COM","03","5",2024-03-22,23,1
"Comoros","COM","03","6",2024-03-23,23,0
"Comoros","COM","03","0",2024-03-24,23,0
"Comoros","COM","03","1",2024-03-25,28,0
"Comoros","COM","03","2",2024-03-26,28,0
"Comoros","COM","03","3",2024-03-27,28,1
"Comoros","COM","03","4",2024-03-28,29,1
"Comoros","COM","03","5",2024-03-29,29,1
"Comoros","COM","03","6",2024-03-30,28,0
"Comoros","COM","03","0",2024-03-31,28,0
"Comoros","COM","04","1",2024-04-01,27,0
"Comoros","COM","04","2",2024-04-02,28,1
"Comoros","COM","04","3",2024-04-03,28,1
"Comoros","COM","04","4",2024-04-04,28,1
"Comoros","COM","04","5",2024-04-05,28,1
"Comoros","COM","04","6",2024-04-06,28,1
"Comoros","COM","04","0",2024-04-07,28,0
"Comoros","COM","04","1",2024-04-08,87,2
"Comoros","COM","04","2",2024-04-09,87,2
"Comoros","COM","04","3",2024-04-10,87,2
"Comoros","COM","04","4",2024-04-11,88,3
"Comoros","COM","04","5",2024-04-12,88,3
"Comoros","COM","04","6",2024-04-13,87,2
"Comoros","COM","04","0",2024-04-14,87,2
"Comoros","COM","04","1",2024-04-15,119,2
"Comoros","COM","04","2",2024-04-16,119,2
"Comoros","COM","04","3",2024-04-17,119,3
"Comoros","COM","04","4",2024-04-18,120,3
"Comoros","COM","04","5",2024-04-19,120,3
"Comoros","COM","04","6",2024-04-20,119,2
"Comoros","COM","04","0",2024-04-21,119,2
"Comoros","COM","04","1",2024-04-22,132,1
"Comoros","COM","04","2",2024-04-23,132,2
"Comoros","COM","04","3",2024-04-24,132,2
"Comoros","COM","04","4",2024-04-25,133,2
"Comoros","COM","04","5",2024-04-26,132,2
"Comoros","COM","04","6",2024-04-27,132,2
"Comoros","COM","04","0",2024-04-28,132,1
"Comoros","COM","04","1",2024-04-29,188,3
"Comoros","COM","04","2",2024-04-30,189,3
"Comoros","COM","05","3",2024-05-01,189,4
"Comoros","COM","05","4",2024-05-02,189,4
"Comoros","COM","05","5",2024-05-03,189,4
"Comoros","COM","05","6",2024-05-04,189,4
"Comoros","COM","05","0",2024-05-05,189,3
"Comoros","COM","05","1",2024-05-06,158,3
"Comoros","COM","05","2",2024-05-07,159,3
"Comoros","COM","05","3",2024-05-08,159,3
"Comoros","COM","05","4",2024-05-09,159,3
"Comoros","COM","05","5",2024-05-10,159,3
"Comoros","COM","05","6",2024-05-11,159,3
"Comoros","COM","05","0",2024-05-12,158,3
"Comoros","COM","05","1",2024-05-13,135,0
"Comoros","COM","05","2",2024-05-14,136,0
"Comoros","COM","05","3",2024-05-15,136,0
"Comoros","COM","05","4",2024-05-16,136,1
"Comoros","COM","05","5",2024-05-17,136,1
"Comoros","COM","05","6",2024-05-18,136,0
"Comoros","COM","05","0",2024-05-19,136,0
"Comoros","COM","05","1",2024-05-20,101,0
"Comoros","COM","05","2",2024-05-21,101,1
"Comoros","COM","05","3",2024-05-22,101,1
"Comoros","COM","05","4",2024-05-23,101,1
"Comoros","COM","05","5",2024-05-24,101,1
"Comoros","COM","05","6",2024-05-25,101,1
"Comoros","COM","05","0",2024-05-26,101,1
"Comoros","COM","05","1",2024-05-27,37,0
"Comoros","COM","05","2",2024-05-28,38,0
"Comoros","COM","05","3",2024-05-29,38,1
"Comoros","COM","05","4",2024-05-30,38,1
"Comoros","COM","05","5",2024-05-31,38,1
"Comoros","COM","06","6",2024-06-01,38,0
"Comoros","COM","06","0",2024-06-02,38,0
"Comoros","COM","06","1",2024-06-03,193,1
"Comoros","COM","06","2",2024-06-04,194,1
"Comoros","COM","06","3",2024-06-05,194,2
"Comoros","COM","06","4",2024-06-06,194,2
"Comoros","COM","06","5",2024-06-07,194,2
"Comoros","COM","06","6",2024-06-08,194,1
"Comoros","COM","06","0",2024-06-09,194,1
"Comoros","COM","06","1",2024-06-10,0,0
"Comoros","COM","06","2",2024-06-11,0,0
"Comoros","COM","06","3",2024-06-12,0,0
"Comoros","COM","06","4",2024-06-13,0,0
"Comoros","COM","06","5",2024-06-14,0,0
"Comoros","COM","06","6",2024-06-15,0,0
"Comoros","COM","06","0",2024-06-16,0,0
"Comoros","COM","06","1",2024-06-17,130,1
"Comoros","COM","06","2",2024-06-18,130,2
"Comoros","COM","06","3",2024-06-19,131,2
"Comoros","COM","06","4",2024-06-20,131,2
"Comoros","COM","06","5",2024-06-21,131,2
"Comoros","COM","06","6",2024-06-22,131,2
"Comoros","COM","06","0",2024-06-23,130,1
"Comoros","COM","06","1",2024-06-24,38,0
"Comoros","COM","06","2",2024-06-25,39,0
"Comoros","COM","06","3",2024-06-26,39,0
"Comoros","COM","06","4",2024-06-27,39,1
"Comoros","COM","06","5",2024-06-28,39,0
"Comoros","COM","06","6",2024-06-29,39,0
"Comoros","COM","06","0",2024-06-30,38,0
"Comoros","COM","07","1",2024-07-01,0,0
"Comoros","COM","07","2",2024-07-02,0,0
"Comoros","COM","07","3",2024-07-03,0,0
"Comoros","COM","07","4",2024-07-04,0,0
"Comoros","COM","07","5",2024-07-05,0,0
"Comoros","COM","07","6",2024-07-06,0,0
"Comoros","COM","07","0",2024-07-07,0,0
"Comoros","COM","07","1",2024-07-08,20,0
"Comoros","COM","07","2",2024-07-09,21,0
"Comoros","COM","07","3",2024-07-10,21,0
"Comoros","COM","07","4",2024-07-11,21,1
"Comoros","COM","07","5",2024-07-12,21,1
"Comoros","COM","07","6",2024-07-13,21,0
"Comoros","COM","07","0",2024-07-14,21,0
"Comoros","COM","07","1",2024-07-15,0,0
"Comoros","COM","07","2",2024-07-16,0,0
"Comoros","COM","07","3",2024-07-17,1,0
"Comoros","COM","07","4",2024-07-18,1,0
"Comoros","COM","07","5",2024-07-19,1,0
"Comoros","COM","07","6",2024-07-20,1,0
"Comoros","COM","07","0",2024-07-21,0,0
"Comoros","COM","07","1",2024-07-22,7,0
"Comoros","COM","07","2",2024-07-23,7,0
"Comoros","COM","07","3",2024-07-24,7,0
"Comoros","COM","07","4",2024-07-25,8,0
"Comoros","COM","07","5",2024-07-26,7,0
"Comoros","COM","07","6",2024-07-27,7,0
"Comoros","COM","07","0",2024-07-28,7,0
"Comoros","COM","07","1",2024-07-29,0,0
"Comoros","COM","07","2",2024-07-30,0,0
"Comoros","COM","07","3",2024-07-31,0,0
"Comoros","COM","08","4",2024-08-01,0,0
"Comoros","COM","08","5",2024-08-02,0,0
"Comoros","COM","08","6",2024-08-03,0,0
"Comoros","COM","08","0",2024-08-04,0,0
"Comoros","COM","08","1",2024-08-05,0,0
"Comoros","COM","08","2",2024-08-06,0,0
"Comoros","COM","08","3",2024-08-07,0,0
"Comoros","COM","08","4",2024-08-08,0,0
"Comoros","COM","08","5",2024-08-09,0,0
"Comoros","COM","08","6",2024-08-10,0,0
"Comoros","COM","08","0",2024-08-11,0,0
"Comoros","COM","08","1",2024-08-12,0,0
"Comoros","COM","08","2",2024-08-13,0,0
"Comoros","COM","08","3",2024-08-14,0,0
"Comoros","COM","08","4",2024-08-15,0,0
"Comoros","COM","08","5",2024-08-16,0,0
"Comoros","COM","08","6",2024-08-17,0,0
"Comoros","COM","08","0",2024-08-18,0,0
"Comoros","COM","08","1",2024-08-19,0,0
"Comoros","COM","08","2",2024-08-20,0,0
"Comoros","COM","08","3",2024-08-21,0,0
"Comoros","COM","08","4",2024-08-22,0,0
"Comoros","COM","08","5",2024-08-23,0,0
"Comoros","COM","08","6",2024-08-24,0,0
"Comoros","COM","08","0",2024-08-25,0,0
"Comoros","COM","08","1",2024-08-26,0,0
"Comoros","COM","08","2",2024-08-27,0,0
"Comoros","COM","08","3",2024-08-28,0,0
"Comoros","COM","08","4",2024-08-29,0,0
"Comoros","COM","08","5",2024-08-30,0,0
"Comoros","COM","08","6",2024-08-31,0,0
"Comoros","COM","09","0",2024-09-01,0,0
"Comoros","COM","09","1",2024-09-02,0,0
"Comoros","COM","09","2",2024-09-03,0,0
"Comoros","COM","09","3",2024-09-04,0,0
"Comoros","COM","09","4",2024-09-05,0,0
"Comoros","COM","09","5",2024-09-06,0,0
"Comoros","COM","09","6",2024-09-07,0,0
"Comoros","COM","09","0",2024-09-08,0,0
"Comoros","COM","09","1",2024-09-09,0,0
"Comoros","COM","09","2",2024-09-10,0,0
"Comoros","COM","09","3",2024-09-11,0,0
"Comoros","COM","09","4",2024-09-12,0,0
"Comoros","COM","09","5",2024-09-13,0,0
"Comoros","COM","09","6",2024-09-14,0,0
"Comoros","COM","09","0",2024-09-15,0,0
"Comoros","COM","09","1",2024-09-16,0,0
"Comoros","COM","09","2",2024-09-17,0,0
"Comoros","COM","09","3",2024-09-18,0,0
"Comoros","COM","09","4",2024-09-19,0,0
"Comoros","COM","09","5",2024-09-20,0,0
"Comoros","COM","09","6",2024-09-21,0,0
"Comoros","COM","09","0",2024-09-22,0,0
"Comoros","COM","09","1",2024-09-23,13,0
"Comoros","COM","09","2",2024-09-24,13,0
"Comoros","COM","09","3",2024-09-25,13,1
"Comoros","COM","09","4",2024-09-26,13,1
"Comoros","COM","09","5",2024-09-27,13,1
"Comoros","COM","09","6",2024-09-28,13,0
"Comoros","COM","09","0",2024-09-29,13,0
"Comoros","COM","09","1",2024-09-30,0,0
"Comoros","COM","10","2",2024-10-01,0,0
"Comoros","COM","10","3",2024-10-02,0,0
"Comoros","COM","10","4",2024-10-03,0,0
"Comoros","COM","10","5",2024-10-04,0,0
"Comoros","COM","10","6",2024-10-05,0,0
"Comoros","COM","10","0",2024-10-06,0,0
"Comoros","COM","10","1",2024-10-07,16,0
"Comoros","COM","10","2",2024-10-08,16,0
"Comoros","COM","10","3",2024-10-09,17,0
"Comoros","COM","10","4",2024-10-10,17,0
"Comoros","COM","10","5",2024-10-11,17,0
"Comoros","COM","10","6",2024-10-12,17,0
"Comoros","COM","10","0",2024-10-13,16,0
"Comoros","COM","10","1",2024-10-14,0,0
"Comoros","COM","10","2",2024-10-15,0,0
"Comoros","COM","10","3",2024-10-16,0,0
"Comoros","COM","10","4",2024-10-17,0,0
"Comoros","COM","10","5",2024-10-18,0,0
"Comoros","COM","10","6",2024-10-19,0,0
"Comoros","COM","10","0",2024-10-20,0,0
"Comoros","COM","10","1",2024-10-21,0,0
"Comoros","COM","10","2",2024-10-22,0,0
"Comoros","COM","10","3",2024-10-23,0,0
"Comoros","COM","10","4",2024-10-24,0,0
"Comoros","COM","10","5",2024-10-25,0,0
"Comoros","COM","10","6",2024-10-26,0,0
"Comoros","COM","10","0",2024-10-27,0,0
"Comoros","COM","10","1",2024-10-28,0,0
"Comoros","COM","10","2",2024-10-29,0,0
"Comoros","COM","10","3",2024-10-30,0,0
"Comoros","COM","10","4",2024-10-31,0,0
"Comoros","COM","11","5",2024-11-01,0,0
"Comoros","COM","11","6",2024-11-02,0,0
"Comoros","COM","11","0",2024-11-03,0,0
"Comoros","COM","11","1",2024-11-04,0,0
"Comoros","COM","11","2",2024-11-05,0,0
"Comoros","COM","11","3",2024-11-06,0,0
"Comoros","COM","11","4",2024-11-07,0,0
"Comoros","COM","11","5",2024-11-08,0,0
"Comoros","COM","11","6",2024-11-09,0,0
"Comoros","COM","11","0",2024-11-10,0,0
"Comoros","COM","11","1",2024-11-11,0,0
"Comoros","COM","11","2",2024-11-12,0,0
"Comoros","COM","11","3",2024-11-13,0,0
"Comoros","COM","11","4",2024-11-14,0,0
"Comoros","COM","11","5",2024-11-15,0,0
"Comoros","COM","11","6",2024-11-16,0,0
"Comoros","COM","11","0",2024-11-17,0,0
"Comoros","COM","11","1",2024-11-18,0,0
"Comoros","COM","11","2",2024-11-19,0,0
"Comoros","COM","11","3",2024-11-20,0,0
"Comoros","COM","11","4",2024-11-21,0,0
"Comoros","COM","11","5",2024-11-22,0,0
"Comoros","COM","11","6",2024-11-23,0,0
"Comoros","COM","11","0",2024-11-24,0,0
"Comoros","COM","11","1",2024-11-25,0,0
"Comoros","COM","11","2",2024-11-26,0,0
"Comoros","COM","11","3",2024-11-27,0,0
"Comoros","COM","11","4",2024-11-28,0,0
"Comoros","COM","11","5",2024-11-29,0,0
"Comoros","COM","11","6",2024-11-30,0,0
"Comoros","COM","12","0",2024-12-01,0,0
"Comoros","COM","12","1",2024-12-02,0,0
"Comoros","COM","12","2",2024-12-03,0,0
"Comoros","COM","12","3",2024-12-04,0,0
"Comoros","COM","12","4",2024-12-05,0,0
"Comoros","COM","12","5",2024-12-06,0,0
"Comoros","COM","12","6",2024-12-07,0,0
"Comoros","COM","12","0",2024-12-08,0,0
"Comoros","COM","12","1",2024-12-09,0,0
"Comoros","COM","12","2",2024-12-10,0,0
"Comoros","COM","12","3",2024-12-11,0,0
"Comoros","COM","12","4",2024-12-12,0,0
"Comoros","COM","12","5",2024-12-13,0,0
"Comoros","COM","12","6",2024-12-14,0,0
"Comoros","COM","12","0",2024-12-15,0,0
"Comoros","COM","12","1",2024-12-16,0,0
"Comoros","COM","12","2",2024-12-17,0,0
"Comoros","COM","12","3",2024-12-18,0,0
"Comoros","COM","12","4",2024-12-19,0,0
"Comoros","COM","12","5",2024-12-20,0,0
"Comoros","COM","12","6",2024-12-21,0,0
"Comoros","COM","12","0",2024-12-22,0,0
"Comoros","COM","12","1",2024-12-23,88,0
"Comoros","COM","12","2",2024-12-24,89,0
"Comoros","COM","12","3",2024-12-25,89,0
"Comoros","COM","12","4",2024-12-26,89,1
"Comoros","COM","12","5",2024-12-27,89,0
"Comoros","COM","12","6",2024-12-28,89,0
"Comoros","COM","12","0",2024-12-29,89,0
"Ethiopia","ETH","01","1",2023-01-02,5,0
"Ethiopia","ETH","01","2",2023-01-03,5,0
"Ethiopia","ETH","01","3",2023-01-04,5,0
"Ethiopia","ETH","01","4",2023-01-05,5,0
"Ethiopia","ETH","01","5",2023-01-06,5,0
"Ethiopia","ETH","01","6",2023-01-07,5,0
"Ethiopia","ETH","01","0",2023-01-08,5,0
"Ethiopia","ETH","01","1",2023-01-09,8,0
"Ethiopia","ETH","01","2",2023-01-10,8,0
"Ethiopia","ETH","01","3",2023-01-11,8,0
"Ethiopia","ETH","01","4",2023-01-12,9,0
"Ethiopia","ETH","01","5",2023-01-13,9,0
"Ethiopia","ETH","01","6",2023-01-14,8,0
"Ethiopia","ETH","01","0",2023-01-15,8,0
"Ethiopia","ETH","01","1",2023-01-16,10,0
"Ethiopia","ETH","01","2",2023-01-17,10,0
"Ethiopia","ETH","01","3",2023-01-18,11,0
"Ethiopia","ETH","01","4",2023-01-19,11,0
"Ethiopia","ETH","01","5",2023-01-20,11,0
"Ethiopia","ETH","01","6",2023-01-21,11,0
"Ethiopia","ETH","01","0",2023-01-22,10,0
"Ethiopia","ETH","01","1",2023-01-23,8,0
"Ethiopia","ETH","01","2",2023-01-24,8,0
"Ethiopia","ETH","01","3",2023-01-25,8,0
"Ethiopia","ETH","01","4",2023-01-26,8,0
"Ethiopia","ETH","01","5",2023-01-27,8,0
"Ethiopia","ETH","01","6",2023-01-28,8,0
"Ethiopia","ETH","01","0",2023-01-29,8,0
"Ethiopia","ETH","01","1",2023-01-30,8,0
"Ethiopia","ETH","01","2",2023-01-31,8,0
"Ethiopia","ETH","02","3",2023-02-01,8,0
"Ethiopia","ETH","02","4",2023-02-02,8,0
"Ethiopia","ETH","02","5",2023-02-03,8,0
"Ethiopia","ETH","02","6",2023-02-04,8,0
"Ethiopia","ETH","02","0",2023-02-05,8,0
"Ethiopia","ETH","02","1",2023-02-06,17,0
"Ethiopia","ETH","02","2",2023-02-07,17,0
"Ethiopia","ETH","02","3",2023-02-08,18,0
"Ethiopia","ETH","02","4",2023-02-09,18,0
"Ethiopia","ETH","02","5",2023-02-10,18,0
"Ethiopia","ETH","02","6",2023-02-11,18,0
"Ethiopia","ETH","02","0",2023-02-12,17,0
"Ethiopia","ETH","02","1",2023-02-13,18,0
"Ethiopia","ETH","02","2",2023-02-14,18,0
"Ethiopia","ETH","02","3",2023-02-15,18,0
"Ethiopia","ETH","02","4",2023-02-16,18,1
"Ethiopia","ETH","02","5",2023-02-17,18,0
"Ethiopia","ETH","02","6",2023-02-18,18,0
"Ethiopia","ETH","02","0",2023-02-19,18,0
"Ethiopia","ETH","02","1",2023-02-20,21,0
"Ethiopia","ETH","02","2",2023-02-21,21,0
"Ethiopia","ETH","02","3",2023-02-22,22,0
"Ethiopia","ETH","02","4",2023-02-23,22,0
"Ethiopia","ETH","02","5",2023-02-24,22,0
"Ethiopia","ETH","02","6",2023-02-25,21,0
"Ethiopia","ETH","02","0",2023-02-26,21,0
"Ethiopia","ETH","02","1",2023-02-27,22,0
"Ethiopia","ETH","02","2",2023-02-28,23,0
"Ethiopia","ETH","03","3",2023-03-01,23,0
"Ethiopia","ETH","03","4",2023-03-02,23,0
"Ethiopia","ETH","03","5",2023-03-03,23,0
"Ethiopia","ETH","03","6",2023-03-04,23,0
"Ethiopia","ETH","03","0",2023-03-05,23,0
"Ethiopia","ETH","03","1",2023-03-06,21,0
"Ethiopia","ETH","03","2",2023-03-07,21,0
"Ethiopia","ETH","03","3",2023-03-08,22,1
"Ethiopia","ETH","03","4",2023-03-09,22,1
"Ethiopia","ETH","03","5",2023-03-10,22,1
"Ethiopia","ETH","03","6",2023-03-11,22,0
"Ethiopia","ETH","03","0",2023-03-12,21,0
"Ethiopia","ETH","03","1",2023-03-13,54,0
"Ethiopia","ETH","03","2",2023-03-14,54,0
"Ethiopia","ETH","03","3",2023-03-15,54,0
"Ethiopia","ETH","03","4",2023-03-16,55,0
"Ethiopia","ETH","03","5",2023-03-17,54,0
"Ethiopia","ETH","03","6",2023-03-18,54,0
"Ethiopia","ETH","03","0",2023-03-19,54,0
"Ethiopia","ETH","03","1",2023-03-20,46,1
"Ethiopia","ETH","03","2",2023-03-21,46,1
"Ethiopia","ETH","03","3",2023-03-22,47,1
"Ethiopia","ETH","03","4",2023-03-23,47,1
"Ethiopia","ETH","03","5",2023-03-24,47,1
"Ethiopia","ETH","03","6",2023-03-25,47,1
"Ethiopia","ETH","03","0",2023-03-26,46,1
"Ethiopia","ETH","03","1",2023-03-27,77,0
"Ethiopia","ETH","03","2",2023-03-28,77,0
"Ethiopia","ETH","03","3",2023-03-29,78,0
"Ethiopia","ETH","03","4",2023-03-30,78,1
"Ethiopia","ETH","03","5",2023-03-31,78,0
"Ethiopia","ETH","04","6",2023-04-01,77,0
"Ethiopia","ETH","04","0",2023-04-02,77,0
"Ethiopia","ETH","04","1",2023-04-03,88,0
"Ethiopia","ETH","04","2",2023-04-04,88,1
"Ethiopia","ETH","04","3",2023-04-05,88,1
"Ethiopia","ETH","04","4",2023-04-06,88,1
"Ethiopia","ETH","04","5",2023-04-07,88,1
"Ethiopia","ETH","04","6",2023-04-08,88,1
"Ethiopia","ETH","04","0",2023-04-09,88,0
"Ethiopia","ETH","04","1",2023-04-10,98,1
"Ethiopia","ETH","04","2",2023-04-11,98,1
"Ethiopia","ETH","04","3",2023-04-12,98,1
"Ethiopia","ETH","04","4",2023-04-13,99,1
"Ethiopia","ETH","04","5",2023-04-14,99,1
"Ethiopia","ETH","04","6",2023-04-15,98,1
"Ethiopia","ETH","04","0",2023-04-16,98,1
"Ethiopia","ETH","04","1",2023-04-17,133,0
"Ethiopia","ETH","04","2",2023-04-18,134,1
"Ethiopia","ETH","04","3",2023-04-19,134,1
"Ethiopia","ETH","04","4",2023-04-20,134,1
"Ethiopia","ETH","04","5",2023-04-21,134,1
"Ethiopia","ETH","04","6",2023-04-22,134,1
"Ethiopia","ETH","04","0",2023-04-23,134,1
"Ethiopia","ETH","04","1",2023-04-24,107,0
"Ethiopia","ETH","04","2",2023-04-25,107,0
"Ethiopia","ETH","04","3",2023-04-26,107,1
"Ethiopia","ETH","04","4",2023-04-27,108,1
"Ethiopia","ETH","04","5",2023-04-28,108,1
"Ethiopia","ETH","04","6",2023-04-29,107,1
"Ethiopia","ETH","04","0",2023-04-30,107,0
"Ethiopia","ETH","05","1",2023-05-01,79,1
"Ethiopia","ETH","05","2",2023-05-02,79,1
"Ethiopia","ETH","05","3",2023-05-03,79,1
"Ethiopia","ETH","05","4",2023-05-04,79,2
"Ethiopia","ETH","05","5",2023-05-05,79,1
"Ethiopia","ETH","05","6",2023-05-06,79,1
"Ethiopia","ETH","05","0",2023-05-07,79,1
"Ethiopia","ETH","05","1",2023-05-08,93,0
"Ethiopia","ETH","05","2",2023-05-09,93,0
"Ethiopia","ETH","05","3",2023-05-10,93,1
"Ethiopia","ETH","05","4",2023-05-11,94,1
"Ethiopia","ETH","05","5",2023-05-12,94,1
"Ethiopia","ETH","05","6",2023-05-13,93,1
"Ethiopia","ETH","05","0",2023-05-14,93,0
"Ethiopia","ETH","05","1",2023-05-15,125,1
"Ethiopia","ETH","05","2",2023-05-16,125,2
"Ethiopia","ETH","05","3",2023-05-17,126,2
"Ethiopia","ETH","05","4",2023-05-18,126,2
"Ethiopia","ETH","05","5",2023-05-19,126,2
"Ethiopia","ETH","05","6",2023-05-20,126,2
"Ethiopia","ETH","05","0",2023-05-21,125,2
"Ethiopia","ETH","05","1",2023-05-22,145,1
"Ethiopia","ETH","05","2",2023-05-23,145,1
"Ethiopia","ETH","05","3",2023-05-24,146,1
"Ethiopia","ETH","05","4",2023-05-25,146,2
"Ethiopia","ETH","05","5",2023-05-26,146,1
"Ethiopia","ETH","05","6",2023-05-27,145,1
"Ethiopia","ETH","05","0",2023-05-28,145,1
"Ethiopia","ETH","05","1",2023-05-29,143,1
"Ethiopia","ETH","05","2",2023-05-30,144,1
"Ethiopia","ETH","05","3",2023-05-31,144,2
"Ethiopia","ETH","06","4",2023-06-01,144,2
"Ethiopia","ETH","06","5",2023-06-02,144,2
"Ethiopia","ETH","06","6",2023-06-03,144,1
"Ethiopia","ETH","06","0",2023-06-04,144,1
"Ethiopia","ETH","06","1",2023-06-05,139,1
"Ethiopia","ETH","06","2",2023-06-06,139,2
"Ethiopia","ETH","06","3",2023-06-07,139,2
"Ethiopia","ETH","06","4",2023-06-08,140,2
"Ethiopia","ETH","06","5",2023-06-09,140,2
"Ethiopia","ETH","06","6",2023-06-10,139,2
"Ethiopia","ETH","06","0",2023-06-11,139,1
"Ethiopia","ETH","06","1",2023-06-12,103,1
"Ethiopia","ETH","06","2",2023-06-13,103,1
"Ethiopia","ETH","06","3",2023-06-14,104,1
"Ethiopia","ETH","06","4",2023-06-15,104,2
"Ethiopia","ETH","06","5",2023-06-16,104,2
"Ethiopia","ETH","06","6",2023-06-17,104,1
"Ethiopia","ETH","06","0",2023-06-18,103,1
"Ethiopia","ETH","06","1",2023-06-19,79,1
"Ethiopia","ETH","06","2",2023-06-20,79,2
"Ethiopia","ETH","06","3",2023-06-21,79,2
"Ethiopia","ETH","06","4",2023-06-22,80,2
"Ethiopia","ETH","06","5",2023-06-23,79,2
"Ethiopia","ETH","06","6",2023-06-24,79,2
"Ethiopia","ETH","06","0",2023-06-25,79,2
"Ethiopia","ETH","06","1",2023-06-26,63,2
"Ethiopia","ETH","06","2",2023-06-27,63,2
"Ethiopia","ETH","06","3",2023-06-28,64,2
"Ethiopia","ETH","06","4",2023-06-29,64,3
"Ethiopia","ETH","06","5",2023-06-30,64,2
"Ethiopia","ETH","07","6",2023-07-01,64,2
"Ethiopia","ETH","07","0",2023-07-02,63,2
"Ethiopia","ETH","07","1",2023-07-03,73,0
"Ethiopia","ETH","07","2",2023-07-04,73,0
"Ethiopia","ETH","07","3",2023-07-05,73,0
"Ethiopia","ETH","07","4",2023-07-06,74,1
"Ethiopia","ETH","07","5",2023-07-07,74,0
"Ethiopia","ETH","07","6",2023-07-08,73,0
"Ethiopia","ETH","07","0",2023-07-09,73,0
"Ethiopia","ETH","07","1",2023-07-10,262,1
"Ethiopia","ETH","07","2",2023-07-11,262,1
"Ethiopia","ETH","07","3",2023-07-12,262,2
"Ethiopia","ETH","07","4",2023-07-13,263,2
"Ethiopia","ETH","07","5",2023-07-14,263,2
"Ethiopia","ETH","07","6",2023-07-15,262,2
"Ethiopia","ETH","07","0",2023-07-16,262,1
"Ethiopia","ETH","07","1",2023-07-17,171,0
"Ethiopia","ETH","07","2",2023-07-18,171,0
"Ethiopia","ETH","07","3",2023-07-19,172,1
"Ethiopia","ETH","07","4",2023-07-20,172,1
"Ethiopia","ETH","07","5",2023-07-21,172,1
"Ethiopia","ETH","07","6",2023-07-22,171,1
"Ethiopia","ETH","07","0",2023-07-23,171,0
"Ethiopia","ETH","07","1",2023-07-24,77,0
"Ethiopia","ETH","07","2",2023-07-25,77,0
"Ethiopia","ETH","07","3",2023-07-26,78,0
"Ethiopia","ETH","07","4",2023-07-27,78,1
"Ethiopia","ETH","07","5",2023-07-28,78,0
"Ethiopia","ETH","07","6",2023-07-29,77,0
"Ethiopia","ETH","07","0",2023-07-30,77,0
"Ethiopia","ETH","07","1",2023-07-31,111,0
"Ethiopia","ETH","08","2",2023-08-01,112,0
"Ethiopia","ETH","08","3",2023-08-02,112,0
"Ethiopia","ETH","08","4",2023-08-03,112,1
"Ethiopia","ETH","08","5",2023-08-04,112,1
"Ethiopia","ETH","08","6",2023-08-05,112,0
"Ethiopia","ETH","08","0",2023-08-06,112,0
"Ethiopia","ETH","08","1",2023-08-07,141,2
"Ethiopia","ETH","08","2",2023-08-08,141,2
"Ethiopia","ETH","08","3",2023-08-09,142,3
"Ethiopia","ETH","08","4",2023-08-10,142,3
"Ethiopia","ETH","08","5",2023-08-11,142,3
"Ethiopia","ETH","08","6",2023-08-12,141,2
"Ethiopia","ETH","08","0",2023-08-13,141,2
"Ethiopia","ETH","08","1",2023-08-14,119,5
"Ethiopia","ETH","08","2",2023-08-15,120,6
"Ethiopia","ETH","08","3",2023-08-16,120,6
"Ethiopia","ETH","08","4",2023-08-17,120,6
"Ethiopia","ETH","08","5",2023-08-18,120,6
"Ethiopia","ETH","08","6",2023-08-19,120,6
"Ethiopia","ETH","08","0",2023-08-20,119,5
"Ethiopia","ETH","08","1",2023-08-21,122,0
"Ethiopia","ETH","08","2",2023-08-22,122,0
"Ethiopia","ETH","08","3",2023-08-23,123,0
"Ethiopia","ETH","08","4",2023-08-24,123,0
"Ethiopia","ETH","08","5",2023-08-25,123,0
"Ethiopia","ETH","08","6",2023-08-26,122,0
"Ethiopia","ETH","08","0",2023-08-27,122,0
"Ethiopia","ETH","08","1",2023-08-28,118,1
"Ethiopia","ETH","08","2",2023-08-29,118,1
"Ethiopia","ETH","08","3",2023-08-30,119,1
"Ethiopia","ETH","08","4",2023-08-31,119,1
"Ethiopia","ETH","09","5",2023-09-01,119,1
"Ethiopia","ETH","09","6",2023-09-02,119,1
"Ethiopia","ETH","09","0",2023-09-03,118,1
"Ethiopia","ETH","09","1",2023-09-04,128,0
"Ethiopia","ETH","09","2",2023-09-05,128,0
"Ethiopia","ETH","09","3",2023-09-06,128,0
"Ethiopia","ETH","09","4",2023-09-07,128,0
"Ethiopia","ETH","09","5",2023-09-08,128,0
"Ethiopia","ETH","09","6",2023-09-09,128,0
"Ethiopia","ETH","09","0",2023-09-10,128,0
"Ethiopia","ETH","09","1",2023-09-11,156,2
"Ethiopia","ETH","09","2",2023-09-12,156,2
"Ethiopia","ETH","09","3",2023-09-13,157,2
"Ethiopia","ETH","09","4",2023-09-14,157,3
"Ethiopia","ETH","09","5",2023-09-15,157,3
"Ethiopia","ETH","09","6",2023-09-16,156,2
"Ethiopia","ETH","09","0",2023-09-17,156,2
"Ethiopia","ETH","09","1",2023-09-18,122,2
"Ethiopia","ETH","09","2",2023-09-19,122,3
"Ethiopia","ETH","09","3",2023-09-20,122,3
"Ethiopia","ETH","09","4",2023-09-21,123,3
"Ethiopia","ETH","09","5",2023-09-22,123,3
"Ethiopia","ETH","09","6",2023-09-23,122,3
"Ethiopia","ETH","09","0",2023-09-24,122,2
"Ethiopia","ETH","09","1",2023-09-25,86,6
"Ethiopia","ETH","09","2",2023-09-26,86,6
"Ethiopia","ETH","09","3",2023-09-27,86,7
"Ethiopia","ETH","09","4",2023-09-28,87,7
"Ethiopia","ETH","09","5",2023-09-29,87,7
"Ethiopia","ETH","09","6",2023-09-30,86,7
"Ethiopia","ETH","10","0",2023-10-01,86,6
"Ethiopia","ETH","10","1",2023-10-02,84,0
"Ethiopia","ETH","10","2",2023-10-03,85,0
"Ethiopia","ETH","10","3",2023-10-04,85,0
"Ethiopia","ETH","10","4",2023-10-05,85,0
"Ethiopia","ETH","10","5",2023-10-06,85,0
"Ethiopia","ETH","10","6",2023-10-07,85,0
"Ethiopia","ETH","10","0",2023-10-08,84,0
"Ethiopia","ETH","10","1",2023-10-09,64,0
"Ethiopia","ETH","10","2",2023-10-10,65,0
"Ethiopia","ETH","10","3",2023-10-11,65,0
"Ethiopia","ETH","10","4",2023-10-12,65,0
"Ethiopia","ETH","10","5",2023-10-13,65,0
"Ethiopia","ETH","10","6",2023-10-14,65,0
"Ethiopia","ETH","10","0",2023-10-15,65,0
"Ethiopia","ETH","10","1",2023-10-16,72,1
"Ethiopia","ETH","10","2",2023-10-17,72,1
"Ethiopia","ETH","10","3",2023-10-18,73,2
"Ethiopia","ETH","10","4",2023-10-19,73,2
"Ethiopia","ETH","10","5",2023-10-20,73,2
"Ethiopia","ETH","10","6",2023-10-21,73,1
"Ethiopia","ETH","10","0",2023-10-22,72,1
"Ethiopia","ETH","10","1",2023-10-23,58,0
"Ethiopia","ETH","10","2",2023-10-24,58,0
"Ethiopia","ETH","10","3",2023-10-25,58,0
"Ethiopia","ETH","10","4",2023-10-26,59,0
"Ethiopia","ETH","10","5",2023-10-27,58,0
"Ethiopia","ETH","10","6",2023-10-28,58,0
"Ethiopia","ETH","10","0",2023-10-29,58,0
"Ethiopia","ETH","10","1",2023-10-30,107,2
"Ethiopia","ETH","10","2",2023-10-31,107,2
"Ethiopia","ETH","11","3",2023-11-01,107,2
"Ethiopia","ETH","11","4",2023-11-02,108,2
"Ethiopia","ETH","11","5",2023-11-03,107,2
"Ethiopia","ETH","11","6",2023-11-04,107,2
"Ethiopia","ETH","11","0",2023-11-05,107,2
"Ethiopia","ETH","11","1",2023-11-06,59,1
"Ethiopia","ETH","11","2",2023-11-07,59,1
"Ethiopia","ETH","11","3",2023-11-08,60,2
"Ethiopia","ETH","11","4",2023-11-09,60,2
"Ethiopia","ETH","11","5",2023-11-10,60,2
"Ethiopia","ETH","11","6",2023-11-11,59,1
"Ethiopia","ETH","11","0",2023-11-12,59,1
"Ethiopia","ETH","11","1",2023-11-13,65,1
"Ethiopia","ETH","11","2",2023-11-14,65,1
"Ethiopia","ETH","11","3",2023-11-15,66,2
"Ethiopia","ETH","11","4",2023-11-16,66,2
"Ethiopia","ETH","11","5",2023-11-17,66,2
"Ethiopia","ETH","11","6",2023-11-18,65,2
"Ethiopia","ETH","11","0",2023-11-19,65,1
"Ethiopia","ETH","11","1",2023-11-20,103,1
"Ethiopia","ETH","11","2",2023-11-21,103,2
"Ethiopia","ETH","11","3",2023-11-22,103,2
"Ethiopia","ETH","11","4",2023-11-23,104,2
"Ethiopia","ETH","11","5",2023-11-24,104,2
"Ethiopia","ETH","11","6",2023-11-25,103,2
"Ethiopia","ETH","11","0",2023-11-26,103,1
"Ethiopia","ETH","11","1",2023-11-27,56,1
"Ethiopia","ETH","11","2",2023-11-28,56,1
"Ethiopia","ETH","11","3",2023-11-29,56,1
"Ethiopia","ETH","11","4",2023-11-30,57,1
"Ethiopia","ETH","12","5",2023-12-01,56,1
"Ethiopia","ETH","12","6",2023-12-02,56,1
"Ethiopia","ETH","12","0",2023-12-03,56,1
"Ethiopia","ETH","12","1",2023-12-04,50,0
"Ethiopia","ETH","12","2",2023-12-05,50,0
"Ethiopia","ETH","12","3",2023-12-06,50,1
"Ethiopia","ETH","12","4",2023-12-07,51,1
"Ethiopia","ETH","12","5",2023-12-08,51,1
"Ethiopia","ETH","12","6",2023-12-09,50,0
"Ethiopia","ETH","12","0",2023-12-10,50,0
"Ethiopia","ETH","12","1",2023-12-11,80,3
"Ethiopia","ETH","12","2",2023-12-12,80,3
"Ethiopia","ETH","12","3",2023-12-13,81,3
"Ethiopia","ETH","12","4",2023-12-14,81,3
"Ethiopia","ETH","12","5",2023-12-15,81,3
"Ethiopia","ETH","12","6",2023-12-16,81,3
"Ethiopia","ETH","12","0",2023-12-17,80,3
"Ethiopia","ETH","12","1",2023-12-18,52,3
"Ethiopia","ETH","12","2",2023-12-19,52,3
"Ethiopia","ETH","12","3",2023-12-20,53,3
"Ethiopia","ETH","12","4",2023-12-21,53,4
"Ethiopia","ETH","12","5",2023-12-22,53,4
"Ethiopia","ETH","12","6",2023-12-23,52,3
"Ethiopia","ETH","12","0",2023-12-24,52,3
"Ethiopia","ETH","12","1",2023-12-25,NA,6
"Ethiopia","ETH","12","2",2023-12-26,NA,6
"Ethiopia","ETH","12","3",2023-12-27,NA,6
"Ethiopia","ETH","12","4",2023-12-28,NA,7
"Ethiopia","ETH","12","5",2023-12-29,NA,7
"Ethiopia","ETH","12","6",2023-12-30,NA,6
"Ethiopia","ETH","12","0",2023-12-31,NA,6
"Ethiopia","ETH","01","1",2024-01-01,55,0
"Ethiopia","ETH","01","2",2024-01-02,56,0
"Ethiopia","ETH","01","3",2024-01-03,56,0
"Ethiopia","ETH","01","4",2024-01-04,56,0
"Ethiopia","ETH","01","5",2024-01-05,56,0
"Ethiopia","ETH","01","6",2024-01-06,56,0
"Ethiopia","ETH","01","0",2024-01-07,55,0
"Ethiopia","ETH","01","1",2024-01-08,35,0
"Ethiopia","ETH","01","2",2024-01-09,35,0
"Ethiopia","ETH","01","3",2024-01-10,36,0
"Ethiopia","ETH","01","4",2024-01-11,36,0
"Ethiopia","ETH","01","5",2024-01-12,36,0
"Ethiopia","ETH","01","6",2024-01-13,35,0
"Ethiopia","ETH","01","0",2024-01-14,35,0
"Ethiopia","ETH","01","1",2024-01-15,56,2
"Ethiopia","ETH","01","2",2024-01-16,56,2
"Ethiopia","ETH","01","3",2024-01-17,56,2
"Ethiopia","ETH","01","4",2024-01-18,56,2
"Ethiopia","ETH","01","5",2024-01-19,56,2
"Ethiopia","ETH","01","6",2024-01-20,56,2
"Ethiopia","ETH","01","0",2024-01-21,56,2
"Ethiopia","ETH","01","1",2024-01-22,114,0
"Ethiopia","ETH","01","2",2024-01-23,114,0
"Ethiopia","ETH","01","3",2024-01-24,115,0
"Ethiopia","ETH","01","4",2024-01-25,115,1
"Ethiopia","ETH","01","5",2024-01-26,115,1
"Ethiopia","ETH","01","6",2024-01-27,114,0
"Ethiopia","ETH","01","0",2024-01-28,114,0
"Ethiopia","ETH","01","1",2024-01-29,117,0
"Ethiopia","ETH","01","2",2024-01-30,118,0
"Ethiopia","ETH","01","3",2024-01-31,118,1
"Ethiopia","ETH","02","4",2024-02-01,118,1
"Ethiopia","ETH","02","5",2024-02-02,118,1
"Ethiopia","ETH","02","6",2024-02-03,118,1
"Ethiopia","ETH","02","0",2024-02-04,118,0
"Ethiopia","ETH","02","1",2024-02-05,136,1
"Ethiopia","ETH","02","2",2024-02-06,136,2
"Ethiopia","ETH","02","3",2024-02-07,136,2
"Ethiopia","ETH","02","4",2024-02-08,137,2
"Ethiopia","ETH","02","5",2024-02-09,137,2
"Ethiopia","ETH","02","6",2024-02-10,136,2
"Ethiopia","ETH","02","0",2024-02-11,136,1
"Ethiopia","ETH","02","1",2024-02-12,124,1
"Ethiopia","ETH","02","2",2024-02-13,124,1
"Ethiopia","ETH","02","3",2024-02-14,124,1
"Ethiopia","ETH","02","4",2024-02-15,125,2
"Ethiopia","ETH","02","5",2024-02-16,125,1
"Ethiopia","ETH","02","6",2024-02-17,124,1
"Ethiopia","ETH","02","0",2024-02-18,124,1
"Ethiopia","ETH","02","1",2024-02-19,99,0
"Ethiopia","ETH","02","2",2024-02-20,99,0
"Ethiopia","ETH","02","3",2024-02-21,100,1
"Ethiopia","ETH","02","4",2024-02-22,100,1
"Ethiopia","ETH","02","5",2024-02-23,100,1
"Ethiopia","ETH","02","6",2024-02-24,99,0
"Ethiopia","ETH","02","0",2024-02-25,99,0
"Ethiopia","ETH","02","1",2024-02-26,100,0
"Ethiopia","ETH","02","2",2024-02-27,100,1
"Ethiopia","ETH","02","3",2024-02-28,100,1
"Ethiopia","ETH","02","4",2024-02-29,101,1
"Ethiopia","ETH","03","5",2024-03-01,101,1
"Ethiopia","ETH","03","6",2024-03-02,100,1
"Ethiopia","ETH","03","0",2024-03-03,100,0
"Ethiopia","ETH","03","1",2024-03-04,95,0
"Ethiopia","ETH","03","2",2024-03-05,96,1
"Ethiopia","ETH","03","3",2024-03-06,96,1
"Ethiopia","ETH","03","4",2024-03-07,96,1
"Ethiopia","ETH","03","5",2024-03-08,96,1
"Ethiopia","ETH","03","6",2024-03-09,96,1
"Ethiopia","ETH","03","0",2024-03-10,96,0
"Ethiopia","ETH","03","1",2024-03-11,144,0
"Ethiopia","ETH","03","2",2024-03-12,144,0
"Ethiopia","ETH","03","3",2024-03-13,145,0
"Ethiopia","ETH","03","4",2024-03-14,145,1
"Ethiopia","ETH","03","5",2024-03-15,145,0
"Ethiopia","ETH","03","6",2024-03-16,144,0
"Ethiopia","ETH","03","0",2024-03-17,144,0
"Ethiopia","ETH","03","1",2024-03-18,189,0
"Ethiopia","ETH","03","2",2024-03-19,189,0
"Ethiopia","ETH","03","3",2024-03-20,190,0
"Ethiopia","ETH","03","4",2024-03-21,190,1
"Ethiopia","ETH","03","5",2024-03-22,190,1
"Ethiopia","ETH","03","6",2024-03-23,189,0
"Ethiopia","ETH","03","0",2024-03-24,189,0
"Ethiopia","ETH","03","1",2024-03-25,177,2
"Ethiopia","ETH","03","2",2024-03-26,177,2
"Ethiopia","ETH","03","3",2024-03-27,177,2
"Ethiopia","ETH","03","4",2024-03-28,178,3
"Ethiopia","ETH","03","5",2024-03-29,178,3
"Ethiopia","ETH","03","6",2024-03-30,177,2
"Ethiopia","ETH","03","0",2024-03-31,177,2
"Ethiopia","ETH","04","1",2024-04-01,138,0
"Ethiopia","ETH","04","2",2024-04-02,139,0
"Ethiopia","ETH","04","3",2024-04-03,139,0
"Ethiopia","ETH","04","4",2024-04-04,139,0
"Ethiopia","ETH","04","5",2024-04-05,139,0
"Ethiopia","ETH","04","6",2024-04-06,139,0
"Ethiopia","ETH","04","0",2024-04-07,138,0
"Ethiopia","ETH","04","1",2024-04-08,166,0
"Ethiopia","ETH","04","2",2024-04-09,167,0
"Ethiopia","ETH","04","3",2024-04-10,167,1
"Ethiopia","ETH","04","4",2024-04-11,167,1
"Ethiopia","ETH","04","5",2024-04-12,167,1
"Ethiopia","ETH","04","6",2024-04-13,167,0
"Ethiopia","ETH","04","0",2024-04-14,166,0
"Ethiopia","ETH","04","1",2024-04-15,157,0
"Ethiopia","ETH","04","2",2024-04-16,157,0
"Ethiopia","ETH","04","3",2024-04-17,157,1
"Ethiopia","ETH","04","4",2024-04-18,158,1
"Ethiopia","ETH","04","5",2024-04-19,157,1
"Ethiopia","ETH","04","6",2024-04-20,157,1
"Ethiopia","ETH","04","0",2024-04-21,157,0
"Ethiopia","ETH","04","1",2024-04-22,150,2
"Ethiopia","ETH","04","2",2024-04-23,151,3
"Ethiopia","ETH","04","3",2024-04-24,151,3
"Ethiopia","ETH","04","4",2024-04-25,151,3
"Ethiopia","ETH","04","5",2024-04-26,151,3
"Ethiopia","ETH","04","6",2024-04-27,151,3
"Ethiopia","ETH","04","0",2024-04-28,150,3
"Ethiopia","ETH","04","1",2024-04-29,114,0
"Ethiopia","ETH","04","2",2024-04-30,114,0
"Ethiopia","ETH","05","3",2024-05-01,114,1
"Ethiopia","ETH","05","4",2024-05-02,115,1
"Ethiopia","ETH","05","5",2024-05-03,114,1
"Ethiopia","ETH","05","6",2024-05-04,114,0
"Ethiopia","ETH","05","0",2024-05-05,114,0
"Ethiopia","ETH","05","1",2024-05-06,61,3
"Ethiopia","ETH","05","2",2024-05-07,61,3
"Ethiopia","ETH","05","3",2024-05-08,62,3
"Ethiopia","ETH","05","4",2024-05-09,62,4
"Ethiopia","ETH","05","5",2024-05-10,62,4
"Ethiopia","ETH","05","6",2024-05-11,61,3
"Ethiopia","ETH","05","0",2024-05-12,61,3
"Ethiopia","ETH","05","1",2024-05-13,70,0
"Ethiopia","ETH","05","2",2024-05-14,70,0
"Ethiopia","ETH","05","3",2024-05-15,70,1
"Ethiopia","ETH","05","4",2024-05-16,71,1
"Ethiopia","ETH","05","5",2024-05-17,71,1
"Ethiopia","ETH","05","6",2024-05-18,70,0
"Ethiopia","ETH","05","0",2024-05-19,70,0
"Ethiopia","ETH","05","1",2024-05-20,86,0
"Ethiopia","ETH","05","2",2024-05-21,86,0
"Ethiopia","ETH","05","3",2024-05-22,86,0
"Ethiopia","ETH","05","4",2024-05-23,87,0
"Ethiopia","ETH","05","5",2024-05-24,86,0
"Ethiopia","ETH","05","6",2024-05-25,86,0
"Ethiopia","ETH","05","0",2024-05-26,86,0
"Ethiopia","ETH","05","1",2024-05-27,106,NA
"Ethiopia","ETH","05","2",2024-05-28,106,NA
"Ethiopia","ETH","05","3",2024-05-29,107,NA
"Ethiopia","ETH","05","4",2024-05-30,107,NA
"Ethiopia","ETH","05","5",2024-05-31,107,NA
"Ethiopia","ETH","06","6",2024-06-01,106,NA
"Ethiopia","ETH","06","0",2024-06-02,106,NA
"Ethiopia","ETH","06","1",2024-06-03,83,0
"Ethiopia","ETH","06","2",2024-06-04,83,1
"Ethiopia","ETH","06","3",2024-06-05,84,1
"Ethiopia","ETH","06","4",2024-06-06,84,1
"Ethiopia","ETH","06","5",2024-06-07,84,1
"Ethiopia","ETH","06","6",2024-06-08,84,1
"Ethiopia","ETH","06","0",2024-06-09,83,1
"Ethiopia","ETH","06","1",2024-06-10,74,0
"Ethiopia","ETH","06","2",2024-06-11,74,0
"Ethiopia","ETH","06","3",2024-06-12,74,0
"Ethiopia","ETH","06","4",2024-06-13,75,1
"Ethiopia","ETH","06","5",2024-06-14,75,0
"Ethiopia","ETH","06","6",2024-06-15,74,0
"Ethiopia","ETH","06","0",2024-06-16,74,0
"Ethiopia","ETH","06","1",2024-06-17,84,0
"Ethiopia","ETH","06","2",2024-06-18,84,1
"Ethiopia","ETH","06","3",2024-06-19,85,1
"Ethiopia","ETH","06","4",2024-06-20,85,1
"Ethiopia","ETH","06","5",2024-06-21,85,1
"Ethiopia","ETH","06","6",2024-06-22,84,1
"Ethiopia","ETH","06","0",2024-06-23,84,0
"Ethiopia","ETH","06","1",2024-06-24,65,0
"Ethiopia","ETH","06","2",2024-06-25,65,0
"Ethiopia","ETH","06","3",2024-06-26,65,1
"Ethiopia","ETH","06","4",2024-06-27,65,1
"Ethiopia","ETH","06","5",2024-06-28,65,1
"Ethiopia","ETH","06","6",2024-06-29,65,1
"Ethiopia","ETH","06","0",2024-06-30,65,0
"Ethiopia","ETH","07","1",2024-07-01,72,0
"Ethiopia","ETH","07","2",2024-07-02,72,0
"Ethiopia","ETH","07","3",2024-07-03,72,0
"Ethiopia","ETH","07","4",2024-07-04,72,1
"Ethiopia","ETH","07","5",2024-07-05,72,0
"Ethiopia","ETH","07","6",2024-07-06,72,0
"Ethiopia","ETH","07","0",2024-07-07,72,0
"Ethiopia","ETH","07","1",2024-07-08,109,1
"Ethiopia","ETH","07","2",2024-07-09,109,2
"Ethiopia","ETH","07","3",2024-07-10,109,2
"Ethiopia","ETH","07","4",2024-07-11,110,2
"Ethiopia","ETH","07","5",2024-07-12,109,2
"Ethiopia","ETH","07","6",2024-07-13,109,2
"Ethiopia","ETH","07","0",2024-07-14,109,1
"Ethiopia","ETH","07","1",2024-07-15,107,3
"Ethiopia","ETH","07","2",2024-07-16,107,4
"Ethiopia","ETH","07","3",2024-07-17,107,4
"Ethiopia","ETH","07","4",2024-07-18,108,4
"Ethiopia","ETH","07","5",2024-07-19,108,4
"Ethiopia","ETH","07","6",2024-07-20,107,4
"Ethiopia","ETH","07","0",2024-07-21,107,3
"Ethiopia","ETH","07","1",2024-07-22,76,0
"Ethiopia","ETH","07","2",2024-07-23,76,0
"Ethiopia","ETH","07","3",2024-07-24,76,0
"Ethiopia","ETH","07","4",2024-07-25,77,0
"Ethiopia","ETH","07","5",2024-07-26,77,0
"Ethiopia","ETH","07","6",2024-07-27,76,0
"Ethiopia","ETH","07","0",2024-07-28,76,0
"Ethiopia","ETH","07","1",2024-07-29,74,1
"Ethiopia","ETH","07","2",2024-07-30,74,2
"Ethiopia","ETH","07","3",2024-07-31,75,2
"Ethiopia","ETH","08","4",2024-08-01,75,2
"Ethiopia","ETH","08","5",2024-08-02,75,2
"Ethiopia","ETH","08","6",2024-08-03,75,2
"Ethiopia","ETH","08","0",2024-08-04,74,2
"Ethiopia","ETH","08","1",2024-08-05,69,1
"Ethiopia","ETH","08","2",2024-08-06,69,1
"Ethiopia","ETH","08","3",2024-08-07,70,2
"Ethiopia","ETH","08","4",2024-08-08,70,2
"Ethiopia","ETH","08","5",2024-08-09,70,2
"Ethiopia","ETH","08","6",2024-08-10,69,1
"Ethiopia","ETH","08","0",2024-08-11,69,1
"Ethiopia","ETH","08","1",2024-08-12,73,0
"Ethiopia","ETH","08","2",2024-08-13,73,1
"Ethiopia","ETH","08","3",2024-08-14,73,1
"Ethiopia","ETH","08","4",2024-08-15,74,1
"Ethiopia","ETH","08","5",2024-08-16,74,1
"Ethiopia","ETH","08","6",2024-08-17,73,1
"Ethiopia","ETH","08","0",2024-08-18,73,0
"Ethiopia","ETH","08","1",2024-08-19,71,0
"Ethiopia","ETH","08","2",2024-08-20,72,0
"Ethiopia","ETH","08","3",2024-08-21,72,0
"Ethiopia","ETH","08","4",2024-08-22,72,0
"Ethiopia","ETH","08","5",2024-08-23,72,0
"Ethiopia","ETH","08","6",2024-08-24,72,0
"Ethiopia","ETH","08","0",2024-08-25,71,0
"Ethiopia","ETH","08","1",2024-08-26,44,1
"Ethiopia","ETH","08","2",2024-08-27,44,1
"Ethiopia","ETH","08","3",2024-08-28,45,1
"Ethiopia","ETH","08","4",2024-08-29,45,2
"Ethiopia","ETH","08","5",2024-08-30,45,1
"Ethiopia","ETH","08","6",2024-08-31,45,1
"Ethiopia","ETH","09","0",2024-09-01,44,1
"Ethiopia","ETH","09","1",2024-09-02,40,0
"Ethiopia","ETH","09","2",2024-09-03,40,0
"Ethiopia","ETH","09","3",2024-09-04,40,0
"Ethiopia","ETH","09","4",2024-09-05,40,0
"Ethiopia","ETH","09","5",2024-09-06,40,0
"Ethiopia","ETH","09","6",2024-09-07,40,0
"Ethiopia","ETH","09","0",2024-09-08,40,0
"Ethiopia","ETH","09","1",2024-09-09,66,0
"Ethiopia","ETH","09","2",2024-09-10,66,0
"Ethiopia","ETH","09","3",2024-09-11,67,0
"Ethiopia","ETH","09","4",2024-09-12,67,0
"Ethiopia","ETH","09","5",2024-09-13,67,0
"Ethiopia","ETH","09","6",2024-09-14,67,0
"Ethiopia","ETH","09","0",2024-09-15,66,0
"Ethiopia","ETH","09","1",2024-09-16,54,0
"Ethiopia","ETH","09","2",2024-09-17,54,0
"Ethiopia","ETH","09","3",2024-09-18,54,0
"Ethiopia","ETH","09","4",2024-09-19,55,0
"Ethiopia","ETH","09","5",2024-09-20,54,0
"Ethiopia","ETH","09","6",2024-09-21,54,0
"Ethiopia","ETH","09","0",2024-09-22,54,0
"Ethiopia","ETH","09","1",2024-09-23,39,3
"Ethiopia","ETH","09","2",2024-09-24,40,4
"Ethiopia","ETH","09","3",2024-09-25,40,4
"Ethiopia","ETH","09","4",2024-09-26,40,4
"Ethiopia","ETH","09","5",2024-09-27,40,4
"Ethiopia","ETH","09","6",2024-09-28,40,4
"Ethiopia","ETH","09","0",2024-09-29,40,3
"Ethiopia","ETH","09","1",2024-09-30,27,0
"Ethiopia","ETH","10","2",2024-10-01,28,0
"Ethiopia","ETH","10","3",2024-10-02,28,0
"Ethiopia","ETH","10","4",2024-10-03,28,0
"Ethiopia","ETH","10","5",2024-10-04,28,0
"Ethiopia","ETH","10","6",2024-10-05,28,0
"Ethiopia","ETH","10","0",2024-10-06,28,0
"Ethiopia","ETH","10","1",2024-10-07,22,0
"Ethiopia","ETH","10","2",2024-10-08,22,0
"Ethiopia","ETH","10","3",2024-10-09,23,0
"Ethiopia","ETH","10","4",2024-10-10,23,0
"Ethiopia","ETH","10","5",2024-10-11,23,0
"Ethiopia","ETH","10","6",2024-10-12,22,0
"Ethiopia","ETH","10","0",2024-10-13,22,0
"Ethiopia","ETH","10","1",2024-10-14,15,0
"Ethiopia","ETH","10","2",2024-10-15,15,0
"Ethiopia","ETH","10","3",2024-10-16,16,0
"Ethiopia","ETH","10","4",2024-10-17,16,0
"Ethiopia","ETH","10","5",2024-10-18,16,0
"Ethiopia","ETH","10","6",2024-10-19,15,0
"Ethiopia","ETH","10","0",2024-10-20,15,0
"Ethiopia","ETH","10","1",2024-10-21,7,1
"Ethiopia","ETH","10","2",2024-10-22,7,1
"Ethiopia","ETH","10","3",2024-10-23,7,2
"Ethiopia","ETH","10","4",2024-10-24,8,2
"Ethiopia","ETH","10","5",2024-10-25,7,2
"Ethiopia","ETH","10","6",2024-10-26,7,2
"Ethiopia","ETH","10","0",2024-10-27,7,1
"Ethiopia","ETH","10","1",2024-10-28,7,0
"Ethiopia","ETH","10","2",2024-10-29,8,0
"Ethiopia","ETH","10","3",2024-10-30,8,1
"Ethiopia","ETH","10","4",2024-10-31,8,1
"Ethiopia","ETH","11","5",2024-11-01,8,1
"Ethiopia","ETH","11","6",2024-11-02,8,0
"Ethiopia","ETH","11","0",2024-11-03,8,0
"Ethiopia","ETH","11","1",2024-11-04,14,0
"Ethiopia","ETH","11","2",2024-11-05,15,0
"Ethiopia","ETH","11","3",2024-11-06,15,0
"Ethiopia","ETH","11","4",2024-11-07,15,0
"Ethiopia","ETH","11","5",2024-11-08,15,0
"Ethiopia","ETH","11","6",2024-11-09,15,0
"Ethiopia","ETH","11","0",2024-11-10,15,0
"Ethiopia","ETH","11","1",2024-11-11,0,0
"Ethiopia","ETH","11","2",2024-11-12,0,0
"Ethiopia","ETH","11","3",2024-11-13,0,0
"Ethiopia","ETH","11","4",2024-11-14,0,0
"Ethiopia","ETH","11","5",2024-11-15,0,0
"Ethiopia","ETH","11","6",2024-11-16,0,0
"Ethiopia","ETH","11","0",2024-11-17,0,0
"Ethiopia","ETH","11","1",2024-11-18,21,0
"Ethiopia","ETH","11","2",2024-11-19,21,1
"Ethiopia","ETH","11","3",2024-11-20,21,1
"Ethiopia","ETH","11","4",2024-11-21,21,1
"Ethiopia","ETH","11","5",2024-11-22,21,1
"Ethiopia","ETH","11","6",2024-11-23,21,1
"Ethiopia","ETH","11","0",2024-11-24,21,0
"Ethiopia","ETH","11","1",2024-11-25,0,0
"Ethiopia","ETH","11","2",2024-11-26,0,0
"Ethiopia","ETH","11","3",2024-11-27,0,0
"Ethiopia","ETH","11","4",2024-11-28,0,0
"Ethiopia","ETH","11","5",2024-11-29,0,0
"Ethiopia","ETH","11","6",2024-11-30,0,0
"Ethiopia","ETH","12","0",2024-12-01,0,0
"Ghana","GHA","08","1",2024-08-19,0,0
"Ghana","GHA","08","2",2024-08-20,0,0
"Ghana","GHA","08","3",2024-08-21,0,0
"Ghana","GHA","08","4",2024-08-22,1,0
"Ghana","GHA","08","5",2024-08-23,1,0
"Ghana","GHA","08","6",2024-08-24,0,0
"Ghana","GHA","08","0",2024-08-25,0,0
"Ghana","GHA","08","1",2024-08-26,0,0
"Ghana","GHA","08","2",2024-08-27,0,0
"Ghana","GHA","08","3",2024-08-28,0,0
"Ghana","GHA","08","4",2024-08-29,0,0
"Ghana","GHA","08","5",2024-08-30,0,0
"Ghana","GHA","08","6",2024-08-31,0,0
"Ghana","GHA","09","0",2024-09-01,0,0
"Ghana","GHA","09","1",2024-09-02,0,0
"Ghana","GHA","09","2",2024-09-03,0,0
"Ghana","GHA","09","3",2024-09-04,0,0
"Ghana","GHA","09","4",2024-09-05,0,0
"Ghana","GHA","09","5",2024-09-06,0,0
"Ghana","GHA","09","6",2024-09-07,0,0
"Ghana","GHA","09","0",2024-09-08,0,0
"Ghana","GHA","09","1",2024-09-09,0,0
"Ghana","GHA","09","2",2024-09-10,0,0
"Ghana","GHA","09","3",2024-09-11,0,0
"Ghana","GHA","09","4",2024-09-12,0,0
"Ghana","GHA","09","5",2024-09-13,0,0
"Ghana","GHA","09","6",2024-09-14,0,0
"Ghana","GHA","09","0",2024-09-15,0,0
"Ghana","GHA","09","1",2024-09-16,0,0
"Ghana","GHA","09","2",2024-09-17,0,0
"Ghana","GHA","09","3",2024-09-18,0,0
"Ghana","GHA","09","4",2024-09-19,0,0
"Ghana","GHA","09","5",2024-09-20,0,0
"Ghana","GHA","09","6",2024-09-21,0,0
"Ghana","GHA","09","0",2024-09-22,0,0
"Ghana","GHA","09","1",2024-09-23,0,0
"Ghana","GHA","09","2",2024-09-24,0,0
"Ghana","GHA","09","3",2024-09-25,0,0
"Ghana","GHA","09","4",2024-09-26,0,0
"Ghana","GHA","09","5",2024-09-27,0,0
"Ghana","GHA","09","6",2024-09-28,0,0
"Ghana","GHA","09","0",2024-09-29,0,0
"Ghana","GHA","09","1",2024-09-30,0,0
"Ghana","GHA","10","2",2024-10-01,0,0
"Ghana","GHA","10","3",2024-10-02,0,0
"Ghana","GHA","10","4",2024-10-03,0,0
"Ghana","GHA","10","5",2024-10-04,0,0
"Ghana","GHA","10","6",2024-10-05,0,0
"Ghana","GHA","10","0",2024-10-06,0,0
"Ghana","GHA","10","1",2024-10-07,1,0
"Ghana","GHA","10","2",2024-10-08,1,0
"Ghana","GHA","10","3",2024-10-09,1,0
"Ghana","GHA","10","4",2024-10-10,2,0
"Ghana","GHA","10","5",2024-10-11,2,0
"Ghana","GHA","10","6",2024-10-12,1,0
"Ghana","GHA","10","0",2024-10-13,1,0
"Ghana","GHA","10","1",2024-10-14,0,0
"Ghana","GHA","10","2",2024-10-15,0,0
"Ghana","GHA","10","3",2024-10-16,0,0
"Ghana","GHA","10","4",2024-10-17,0,0
"Ghana","GHA","10","5",2024-10-18,0,0
"Ghana","GHA","10","6",2024-10-19,0,0
"Ghana","GHA","10","0",2024-10-20,0,0
"Ghana","GHA","10","1",2024-10-21,0,0
"Ghana","GHA","10","2",2024-10-22,0,0
"Ghana","GHA","10","3",2024-10-23,0,0
"Ghana","GHA","10","4",2024-10-24,0,0
"Ghana","GHA","10","5",2024-10-25,0,0
"Ghana","GHA","10","6",2024-10-26,0,0
"Ghana","GHA","10","0",2024-10-27,0,0
"Ghana","GHA","10","1",2024-10-28,0,0
"Ghana","GHA","10","2",2024-10-29,0,0
"Ghana","GHA","10","3",2024-10-30,0,0
"Ghana","GHA","10","4",2024-10-31,0,0
"Ghana","GHA","11","5",2024-11-01,0,0
"Ghana","GHA","11","6",2024-11-02,0,0
"Ghana","GHA","11","0",2024-11-03,0,0
"Ghana","GHA","11","1",2024-11-04,215,1
"Ghana","GHA","11","2",2024-11-05,215,2
"Ghana","GHA","11","3",2024-11-06,215,2
"Ghana","GHA","11","4",2024-11-07,216,2
"Ghana","GHA","11","5",2024-11-08,215,2
"Ghana","GHA","11","6",2024-11-09,215,2
"Ghana","GHA","11","0",2024-11-10,215,1
"Ghana","GHA","11","1",2024-11-11,29,0
"Ghana","GHA","11","2",2024-11-12,30,0
"Ghana","GHA","11","3",2024-11-13,30,1
"Ghana","GHA","11","4",2024-11-14,30,1
"Ghana","GHA","11","5",2024-11-15,30,1
"Ghana","GHA","11","6",2024-11-16,30,1
"Ghana","GHA","11","0",2024-11-17,30,0
"Ghana","GHA","11","1",2024-11-18,74,0
"Ghana","GHA","11","2",2024-11-19,74,0
"Ghana","GHA","11","3",2024-11-20,74,0
"Ghana","GHA","11","4",2024-11-21,74,1
"Ghana","GHA","11","5",2024-11-22,74,1
"Ghana","GHA","11","6",2024-11-23,74,0
"Ghana","GHA","11","0",2024-11-24,74,0
"Ghana","GHA","11","1",2024-11-25,43,0
"Ghana","GHA","11","2",2024-11-26,43,0
"Ghana","GHA","11","3",2024-11-27,43,1
"Ghana","GHA","11","4",2024-11-28,44,1
"Ghana","GHA","11","5",2024-11-29,44,1
"Ghana","GHA","11","6",2024-11-30,43,1
"Ghana","GHA","12","0",2024-12-01,43,0
"Ghana","GHA","12","1",2024-12-02,60,0
"Ghana","GHA","12","2",2024-12-03,60,0
"Ghana","GHA","12","3",2024-12-04,61,0
"Ghana","GHA","12","4",2024-12-05,61,1
"Ghana","GHA","12","5",2024-12-06,61,0
"Ghana","GHA","12","6",2024-12-07,60,0
"Ghana","GHA","12","0",2024-12-08,60,0
"Ghana","GHA","12","1",2024-12-09,46,0
"Ghana","GHA","12","2",2024-12-10,46,0
"Ghana","GHA","12","3",2024-12-11,46,1
"Ghana","GHA","12","4",2024-12-12,46,1
"Ghana","GHA","12","5",2024-12-13,46,1
"Ghana","GHA","12","6",2024-12-14,46,1
"Ghana","GHA","12","0",2024-12-15,46,0
"Ghana","GHA","12","1",2024-12-16,150,1
"Ghana","GHA","12","2",2024-12-17,150,1
"Ghana","GHA","12","3",2024-12-18,150,1
"Ghana","GHA","12","4",2024-12-19,151,1
"Ghana","GHA","12","5",2024-12-20,151,1
"Ghana","GHA","12","6",2024-12-21,150,1
"Ghana","GHA","12","0",2024-12-22,150,1
"Ghana","GHA","12","1",2024-12-23,39,0
"Ghana","GHA","12","2",2024-12-24,39,0
"Ghana","GHA","12","3",2024-12-25,39,1
"Ghana","GHA","12","4",2024-12-26,40,1
"Ghana","GHA","12","5",2024-12-27,39,1
"Ghana","GHA","12","6",2024-12-28,39,0
"Ghana","GHA","12","0",2024-12-29,39,0
"Ghana","GHA","12","1",2024-12-30,0,0
"Ghana","GHA","12","2",2024-12-31,0,0
"Ghana","GHA","01","3",2025-01-01,0,0
"Ghana","GHA","01","4",2025-01-02,0,0
"Ghana","GHA","01","5",2025-01-03,0,0
"Ghana","GHA","01","6",2025-01-04,0,0
"Ghana","GHA","01","0",2025-01-05,0,0
"Ghana","GHA","01","1",2025-01-06,67,0
"Ghana","GHA","01","2",2025-01-07,68,0
"Ghana","GHA","01","3",2025-01-08,68,0
"Ghana","GHA","01","4",2025-01-09,68,0
"Ghana","GHA","01","5",2025-01-10,68,0
"Ghana","GHA","01","6",2025-01-11,68,0
"Ghana","GHA","01","0",2025-01-12,68,0
"Kenya","KEN","01","1",2023-01-02,0,0
"Kenya","KEN","01","2",2023-01-03,0,0
"Kenya","KEN","01","3",2023-01-04,0,0
"Kenya","KEN","01","4",2023-01-05,0,0
"Kenya","KEN","01","5",2023-01-06,0,0
"Kenya","KEN","01","6",2023-01-07,0,0
"Kenya","KEN","01","0",2023-01-08,0,0
"Kenya","KEN","01","1",2023-01-09,0,0
"Kenya","KEN","01","2",2023-01-10,0,0
"Kenya","KEN","01","3",2023-01-11,0,0
"Kenya","KEN","01","4",2023-01-12,0,0
"Kenya","KEN","01","5",2023-01-13,0,0
"Kenya","KEN","01","6",2023-01-14,0,0
"Kenya","KEN","01","0",2023-01-15,0,0
"Kenya","KEN","01","1",2023-01-16,125,2
"Kenya","KEN","01","2",2023-01-17,126,2
"Kenya","KEN","01","3",2023-01-18,126,3
"Kenya","KEN","01","4",2023-01-19,126,3
"Kenya","KEN","01","5",2023-01-20,126,3
"Kenya","KEN","01","6",2023-01-21,126,3
"Kenya","KEN","01","0",2023-01-22,125,2
"Kenya","KEN","01","1",2023-01-23,15,0
"Kenya","KEN","01","2",2023-01-24,15,0
"Kenya","KEN","01","3",2023-01-25,16,1
"Kenya","KEN","01","4",2023-01-26,16,1
"Kenya","KEN","01","5",2023-01-27,16,1
"Kenya","KEN","01","6",2023-01-28,16,1
"Kenya","KEN","01","0",2023-01-29,15,0
"Kenya","KEN","01","1",2023-01-30,33,0
"Kenya","KEN","01","2",2023-01-31,33,0
"Kenya","KEN","02","3",2023-02-01,33,0
"Kenya","KEN","02","4",2023-02-02,34,1
"Kenya","KEN","02","5",2023-02-03,33,0
"Kenya","KEN","02","6",2023-02-04,33,0
"Kenya","KEN","02","0",2023-02-05,33,0
"Kenya","KEN","02","1",2023-02-06,15,0
"Kenya","KEN","02","2",2023-02-07,15,0
"Kenya","KEN","02","3",2023-02-08,16,0
"Kenya","KEN","02","4",2023-02-09,16,0
"Kenya","KEN","02","5",2023-02-10,16,0
"Kenya","KEN","02","6",2023-02-11,16,0
"Kenya","KEN","02","0",2023-02-12,15,0
"Kenya","KEN","02","1",2023-02-13,26,0
"Kenya","KEN","02","2",2023-02-14,26,0
"Kenya","KEN","02","3",2023-02-15,27,0
"Kenya","KEN","02","4",2023-02-16,27,1
"Kenya","KEN","02","5",2023-02-17,27,1
"Kenya","KEN","02","6",2023-02-18,26,0
"Kenya","KEN","02","0",2023-02-19,26,0
"Kenya","KEN","02","1",2023-02-20,79,0
"Kenya","KEN","02","2",2023-02-21,80,0
"Kenya","KEN","02","3",2023-02-22,80,1
"Kenya","KEN","02","4",2023-02-23,80,1
"Kenya","KEN","02","5",2023-02-24,80,1
"Kenya","KEN","02","6",2023-02-25,80,1
"Kenya","KEN","02","0",2023-02-26,79,0
"Kenya","KEN","02","1",2023-02-27,144,1
"Kenya","KEN","02","2",2023-02-28,144,1
"Kenya","KEN","03","3",2023-03-01,145,2
"Kenya","KEN","03","4",2023-03-02,145,2
"Kenya","KEN","03","5",2023-03-03,145,2
"Kenya","KEN","03","6",2023-03-04,145,1
"Kenya","KEN","03","0",2023-03-05,144,1
"Kenya","KEN","03","1",2023-03-06,76,1
"Kenya","KEN","03","2",2023-03-07,76,1
"Kenya","KEN","03","3",2023-03-08,77,2
"Kenya","KEN","03","4",2023-03-09,77,2
"Kenya","KEN","03","5",2023-03-10,77,2
"Kenya","KEN","03","6",2023-03-11,77,1
"Kenya","KEN","03","0",2023-03-12,76,1
"Kenya","KEN","03","1",2023-03-13,54,0
"Kenya","KEN","03","2",2023-03-14,55,1
"Kenya","KEN","03","3",2023-03-15,55,1
"Kenya","KEN","03","4",2023-03-16,55,1
"Kenya","KEN","03","5",2023-03-17,55,1
"Kenya","KEN","03","6",2023-03-18,55,1
"Kenya","KEN","03","0",2023-03-19,54,0
"Kenya","KEN","03","1",2023-03-20,55,1
"Kenya","KEN","03","2",2023-03-21,55,1
"Kenya","KEN","03","3",2023-03-22,56,1
"Kenya","KEN","03","4",2023-03-23,56,2
"Kenya","KEN","03","5",2023-03-24,56,1
"Kenya","KEN","03","6",2023-03-25,55,1
"Kenya","KEN","03","0",2023-03-26,55,1
"Kenya","KEN","03","1",2023-03-27,72,1
"Kenya","KEN","03","2",2023-03-28,72,1
"Kenya","KEN","03","3",2023-03-29,72,2
"Kenya","KEN","03","4",2023-03-30,72,2
"Kenya","KEN","03","5",2023-03-31,72,2
"Kenya","KEN","04","6",2023-04-01,72,1
"Kenya","KEN","04","0",2023-04-02,72,1
"Kenya","KEN","04","1",2023-04-03,54,0
"Kenya","KEN","04","2",2023-04-04,54,1
"Kenya","KEN","04","3",2023-04-05,55,1
"Kenya","KEN","04","4",2023-04-06,55,1
"Kenya","KEN","04","5",2023-04-07,55,1
"Kenya","KEN","04","6",2023-04-08,55,1
"Kenya","KEN","04","0",2023-04-09,54,0
"Kenya","KEN","04","1",2023-04-10,53,0
"Kenya","KEN","04","2",2023-04-11,54,1
"Kenya","KEN","04","3",2023-04-12,54,1
"Kenya","KEN","04","4",2023-04-13,54,1
"Kenya","KEN","04","5",2023-04-14,54,1
"Kenya","KEN","04","6",2023-04-15,54,1
"Kenya","KEN","04","0",2023-04-16,53,0
"Kenya","KEN","04","1",2023-04-17,0,0
"Kenya","KEN","04","2",2023-04-18,0,0
"Kenya","KEN","04","3",2023-04-19,0,0
"Kenya","KEN","04","4",2023-04-20,0,0
"Kenya","KEN","04","5",2023-04-21,0,0
"Kenya","KEN","04","6",2023-04-22,0,0
"Kenya","KEN","04","0",2023-04-23,0,0
"Kenya","KEN","04","1",2023-04-24,125,2
"Kenya","KEN","04","2",2023-04-25,125,2
"Kenya","KEN","04","3",2023-04-26,126,2
"Kenya","KEN","04","4",2023-04-27,126,3
"Kenya","KEN","04","5",2023-04-28,126,2
"Kenya","KEN","04","6",2023-04-29,125,2
"Kenya","KEN","04","0",2023-04-30,125,2
"Kenya","KEN","05","1",2023-05-01,44,0
"Kenya","KEN","05","2",2023-05-02,44,1
"Kenya","KEN","05","3",2023-05-03,44,1
"Kenya","KEN","05","4",2023-05-04,45,1
"Kenya","KEN","05","5",2023-05-05,45,1
"Kenya","KEN","05","6",2023-05-06,44,1
"Kenya","KEN","05","0",2023-05-07,44,0
"Kenya","KEN","05","1",2023-05-08,21,0
"Kenya","KEN","05","2",2023-05-09,21,0
"Kenya","KEN","05","3",2023-05-10,21,0
"Kenya","KEN","05","4",2023-05-11,22,1
"Kenya","KEN","05","5",2023-05-12,22,1
"Kenya","KEN","05","6",2023-05-13,21,0
"Kenya","KEN","05","0",2023-05-14,21,0
"Kenya","KEN","05","1",2023-05-15,15,0
"Kenya","KEN","05","2",2023-05-16,15,0
"Kenya","KEN","05","3",2023-05-17,16,1
"Kenya","KEN","05","4",2023-05-18,16,1
"Kenya","KEN","05","5",2023-05-19,16,1
"Kenya","KEN","05","6",2023-05-20,16,0
"Kenya","KEN","05","0",2023-05-21,15,0
"Kenya","KEN","05","1",2023-05-22,62,1
"Kenya","KEN","05","2",2023-05-23,62,1
"Kenya","KEN","05","3",2023-05-24,63,2
"Kenya","KEN","05","4",2023-05-25,63,2
"Kenya","KEN","05","5",2023-05-26,63,2
"Kenya","KEN","05","6",2023-05-27,62,1
"Kenya","KEN","05","0",2023-05-28,62,1
"Kenya","KEN","05","1",2023-05-29,34,0
"Kenya","KEN","05","2",2023-05-30,34,1
"Kenya","KEN","05","3",2023-05-31,34,1
"Kenya","KEN","06","4",2023-06-01,35,1
"Kenya","KEN","06","5",2023-06-02,34,1
"Kenya","KEN","06","6",2023-06-03,34,1
"Kenya","KEN","06","0",2023-06-04,34,0
"Kenya","KEN","06","1",2023-06-05,20,0
"Kenya","KEN","06","2",2023-06-06,20,0
"Kenya","KEN","06","3",2023-06-07,21,0
"Kenya","KEN","06","4",2023-06-08,21,0
"Kenya","KEN","06","5",2023-06-09,21,0
"Kenya","KEN","06","6",2023-06-10,21,0
"Kenya","KEN","06","0",2023-06-11,20,0
"Kenya","KEN","06","1",2023-06-12,37,0
"Kenya","KEN","06","2",2023-06-13,37,0
"Kenya","KEN","06","3",2023-06-14,38,1
"Kenya","KEN","06","4",2023-06-15,38,1
"Kenya","KEN","06","5",2023-06-16,38,1
"Kenya","KEN","06","6",2023-06-17,37,1
"Kenya","KEN","06","0",2023-06-18,37,0
"Kenya","KEN","06","1",2023-06-19,18,0
"Kenya","KEN","06","2",2023-06-20,18,0
"Kenya","KEN","06","3",2023-06-21,18,0
"Kenya","KEN","06","4",2023-06-22,18,1
"Kenya","KEN","06","5",2023-06-23,18,1
"Kenya","KEN","06","6",2023-06-24,18,0
"Kenya","KEN","06","0",2023-06-25,18,0
"Kenya","KEN","06","1",2023-06-26,11,0
"Kenya","KEN","06","2",2023-06-27,11,0
"Kenya","KEN","06","3",2023-06-28,12,1
"Kenya","KEN","06","4",2023-06-29,12,1
"Kenya","KEN","06","5",2023-06-30,12,1
"Kenya","KEN","07","6",2023-07-01,11,1
"Kenya","KEN","07","0",2023-07-02,11,0
"Kenya","KEN","07","1",2023-07-03,14,0
"Kenya","KEN","07","2",2023-07-04,14,0
"Kenya","KEN","07","3",2023-07-05,15,0
"Kenya","KEN","07","4",2023-07-06,15,1
"Kenya","KEN","07","5",2023-07-07,15,1
"Kenya","KEN","07","6",2023-07-08,15,0
"Kenya","KEN","07","0",2023-07-09,14,0
"Kenya","KEN","07","1",2023-07-10,6,0
"Kenya","KEN","07","2",2023-07-11,6,0
"Kenya","KEN","07","3",2023-07-12,7,0
"Kenya","KEN","07","4",2023-07-13,7,0
"Kenya","KEN","07","5",2023-07-14,7,0
"Kenya","KEN","07","6",2023-07-15,7,0
"Kenya","KEN","07","0",2023-07-16,6,0
"Kenya","KEN","07","1",2023-07-17,4,0
"Kenya","KEN","07","2",2023-07-18,4,0
"Kenya","KEN","07","3",2023-07-19,4,0
"Kenya","KEN","07","4",2023-07-20,5,0
"Kenya","KEN","07","5",2023-07-21,5,0
"Kenya","KEN","07","6",2023-07-22,4,0
"Kenya","KEN","07","0",2023-07-23,4,0
"Kenya","KEN","07","1",2023-07-24,2,0
"Kenya","KEN","07","2",2023-07-25,3,0
"Kenya","KEN","07","3",2023-07-26,3,0
"Kenya","KEN","07","4",2023-07-27,3,0
"Kenya","KEN","07","5",2023-07-28,3,0
"Kenya","KEN","07","6",2023-07-29,3,0
"Kenya","KEN","07","0",2023-07-30,2,0
"Kenya","KEN","07","1",2023-07-31,0,0
"Kenya","KEN","08","2",2023-08-01,1,0
"Kenya","KEN","08","3",2023-08-02,1,0
"Kenya","KEN","08","4",2023-08-03,1,0
"Kenya","KEN","08","5",2023-08-04,1,0
"Kenya","KEN","08","6",2023-08-05,1,0
"Kenya","KEN","08","0",2023-08-06,1,0
"Kenya","KEN","08","1",2023-08-07,11,0
"Kenya","KEN","08","2",2023-08-08,12,0
"Kenya","KEN","08","3",2023-08-09,12,1
"Kenya","KEN","08","4",2023-08-10,12,1
"Kenya","KEN","08","5",2023-08-11,12,1
"Kenya","KEN","08","6",2023-08-12,12,0
"Kenya","KEN","08","0",2023-08-13,11,0
"Kenya","KEN","08","1",2023-08-14,6,0
"Kenya","KEN","08","2",2023-08-15,6,0
"Kenya","KEN","08","3",2023-08-16,7,0
"Kenya","KEN","08","4",2023-08-17,7,0
"Kenya","KEN","08","5",2023-08-18,7,0
"Kenya","KEN","08","6",2023-08-19,7,0
"Kenya","KEN","08","0",2023-08-20,6,0
"Kenya","KEN","08","1",2023-08-21,0,0
"Kenya","KEN","08","2",2023-08-22,0,0
"Kenya","KEN","08","3",2023-08-23,0,0
"Kenya","KEN","08","4",2023-08-24,0,0
"Kenya","KEN","08","5",2023-08-25,0,0
"Kenya","KEN","08","6",2023-08-26,0,0
"Kenya","KEN","08","0",2023-08-27,0,0
"Kenya","KEN","08","1",2023-08-28,7,0
"Kenya","KEN","08","2",2023-08-29,8,0
"Kenya","KEN","08","3",2023-08-30,8,1
"Kenya","KEN","08","4",2023-08-31,8,1
"Kenya","KEN","09","5",2023-09-01,8,1
"Kenya","KEN","09","6",2023-09-02,8,1
"Kenya","KEN","09","0",2023-09-03,7,0
"Kenya","KEN","09","1",2023-09-04,3,0
"Kenya","KEN","09","2",2023-09-05,3,0
"Kenya","KEN","09","3",2023-09-06,3,0
"Kenya","KEN","09","4",2023-09-07,4,1
"Kenya","KEN","09","5",2023-09-08,4,0
"Kenya","KEN","09","6",2023-09-09,3,0
"Kenya","KEN","09","0",2023-09-10,3,0
"Kenya","KEN","09","1",2023-09-11,0,0
"Kenya","KEN","09","2",2023-09-12,0,0
"Kenya","KEN","09","3",2023-09-13,0,0
"Kenya","KEN","09","4",2023-09-14,0,0
"Kenya","KEN","09","5",2023-09-15,0,0
"Kenya","KEN","09","6",2023-09-16,0,0
"Kenya","KEN","09","0",2023-09-17,0,0
"Kenya","KEN","09","1",2023-09-18,0,0
"Kenya","KEN","09","2",2023-09-19,0,0
"Kenya","KEN","09","3",2023-09-20,0,0
"Kenya","KEN","09","4",2023-09-21,0,0
"Kenya","KEN","09","5",2023-09-22,0,0
"Kenya","KEN","09","6",2023-09-23,0,0
"Kenya","KEN","09","0",2023-09-24,0,0
"Kenya","KEN","09","1",2023-09-25,2,0
"Kenya","KEN","09","2",2023-09-26,2,0
"Kenya","KEN","09","3",2023-09-27,2,0
"Kenya","KEN","09","4",2023-09-28,3,0
"Kenya","KEN","09","5",2023-09-29,2,0
"Kenya","KEN","09","6",2023-09-30,2,0
"Kenya","KEN","10","0",2023-10-01,2,0
"Kenya","KEN","10","1",2023-10-02,0,0
"Kenya","KEN","10","2",2023-10-03,0,0
"Kenya","KEN","10","3",2023-10-04,0,0
"Kenya","KEN","10","4",2023-10-05,0,0
"Kenya","KEN","10","5",2023-10-06,0,0
"Kenya","KEN","10","6",2023-10-07,0,0
"Kenya","KEN","10","0",2023-10-08,0,0
"Kenya","KEN","10","1",2023-10-09,0,0
"Kenya","KEN","10","2",2023-10-10,0,0
"Kenya","KEN","10","3",2023-10-11,1,0
"Kenya","KEN","10","4",2023-10-12,1,0
"Kenya","KEN","10","5",2023-10-13,1,0
"Kenya","KEN","10","6",2023-10-14,0,0
"Kenya","KEN","10","0",2023-10-15,0,0
"Kenya","KEN","10","1",2023-10-16,0,0
"Kenya","KEN","10","2",2023-10-17,0,0
"Kenya","KEN","10","3",2023-10-18,0,0
"Kenya","KEN","10","4",2023-10-19,0,0
"Kenya","KEN","10","5",2023-10-20,0,0
"Kenya","KEN","10","6",2023-10-21,0,0
"Kenya","KEN","10","0",2023-10-22,0,0
"Kenya","KEN","10","1",2023-10-23,0,0
"Kenya","KEN","10","2",2023-10-24,0,0
"Kenya","KEN","10","3",2023-10-25,0,0
"Kenya","KEN","10","4",2023-10-26,1,0
"Kenya","KEN","10","5",2023-10-27,1,0
"Kenya","KEN","10","6",2023-10-28,0,0
"Kenya","KEN","10","0",2023-10-29,0,0
"Kenya","KEN","10","1",2023-10-30,0,0
"Kenya","KEN","10","2",2023-10-31,0,0
"Kenya","KEN","11","3",2023-11-01,0,0
"Kenya","KEN","11","4",2023-11-02,1,0
"Kenya","KEN","11","5",2023-11-03,0,0
"Kenya","KEN","11","6",2023-11-04,0,0
"Kenya","KEN","11","0",2023-11-05,0,0
"Kenya","KEN","11","1",2023-11-06,0,0
"Kenya","KEN","11","2",2023-11-07,0,0
"Kenya","KEN","11","3",2023-11-08,0,0
"Kenya","KEN","11","4",2023-11-09,0,0
"Kenya","KEN","11","5",2023-11-10,0,0
"Kenya","KEN","11","6",2023-11-11,0,0
"Kenya","KEN","11","0",2023-11-12,0,0
"Kenya","KEN","11","1",2023-11-13,0,0
"Kenya","KEN","11","2",2023-11-14,0,0
"Kenya","KEN","11","3",2023-11-15,0,0
"Kenya","KEN","11","4",2023-11-16,0,0
"Kenya","KEN","11","5",2023-11-17,0,0
"Kenya","KEN","11","6",2023-11-18,0,0
"Kenya","KEN","11","0",2023-11-19,0,0
"Kenya","KEN","11","1",2023-11-20,7,0
"Kenya","KEN","11","2",2023-11-21,7,0
"Kenya","KEN","11","3",2023-11-22,7,0
"Kenya","KEN","11","4",2023-11-23,7,1
"Kenya","KEN","11","5",2023-11-24,7,0
"Kenya","KEN","11","6",2023-11-25,7,0
"Kenya","KEN","11","0",2023-11-26,7,0
"Kenya","KEN","11","1",2023-11-27,0,0
"Kenya","KEN","11","2",2023-11-28,0,0
"Kenya","KEN","11","3",2023-11-29,0,0
"Kenya","KEN","11","4",2023-11-30,0,0
"Kenya","KEN","12","5",2023-12-01,0,0
"Kenya","KEN","12","6",2023-12-02,0,0
"Kenya","KEN","12","0",2023-12-03,0,0
"Kenya","KEN","12","1",2023-12-04,8,0
"Kenya","KEN","12","2",2023-12-05,8,0
"Kenya","KEN","12","3",2023-12-06,9,0
"Kenya","KEN","12","4",2023-12-07,9,1
"Kenya","KEN","12","5",2023-12-08,9,1
"Kenya","KEN","12","6",2023-12-09,9,0
"Kenya","KEN","12","0",2023-12-10,8,0
"Kenya","KEN","12","1",2023-12-11,0,0
"Kenya","KEN","12","2",2023-12-12,0,0
"Kenya","KEN","12","3",2023-12-13,0,0
"Kenya","KEN","12","4",2023-12-14,0,0
"Kenya","KEN","12","5",2023-12-15,0,0
"Kenya","KEN","12","6",2023-12-16,0,0
"Kenya","KEN","12","0",2023-12-17,0,0
"Kenya","KEN","12","1",2023-12-18,0,0
"Kenya","KEN","12","2",2023-12-19,0,0
"Kenya","KEN","12","3",2023-12-20,0,0
"Kenya","KEN","12","4",2023-12-21,0,0
"Kenya","KEN","12","5",2023-12-22,0,0
"Kenya","KEN","12","6",2023-12-23,0,0
"Kenya","KEN","12","0",2023-12-24,0,0
"Kenya","KEN","12","1",2023-12-25,0,0
"Kenya","KEN","12","2",2023-12-26,0,0
"Kenya","KEN","12","3",2023-12-27,0,0
"Kenya","KEN","12","4",2023-12-28,0,0
"Kenya","KEN","12","5",2023-12-29,0,0
"Kenya","KEN","12","6",2023-12-30,0,0
"Kenya","KEN","12","0",2023-12-31,0,0
"Kenya","KEN","01","1",2024-01-01,0,0
"Kenya","KEN","01","2",2024-01-02,0,0
"Kenya","KEN","01","3",2024-01-03,0,0
"Kenya","KEN","01","4",2024-01-04,0,0
"Kenya","KEN","01","5",2024-01-05,0,0
"Kenya","KEN","01","6",2024-01-06,0,0
"Kenya","KEN","01","0",2024-01-07,0,0
"Kenya","KEN","01","1",2024-01-08,0,0
"Kenya","KEN","01","2",2024-01-09,0,0
"Kenya","KEN","01","3",2024-01-10,0,0
"Kenya","KEN","01","4",2024-01-11,0,0
"Kenya","KEN","01","5",2024-01-12,0,0
"Kenya","KEN","01","6",2024-01-13,0,0
"Kenya","KEN","01","0",2024-01-14,0,0
"Kenya","KEN","01","1",2024-01-15,28,0
"Kenya","KEN","01","2",2024-01-16,28,0
"Kenya","KEN","01","3",2024-01-17,29,0
"Kenya","KEN","01","4",2024-01-18,29,1
"Kenya","KEN","01","5",2024-01-19,29,0
"Kenya","KEN","01","6",2024-01-20,28,0
"Kenya","KEN","01","0",2024-01-21,28,0
"Kenya","KEN","01","1",2024-01-22,0,0
"Kenya","KEN","01","2",2024-01-23,0,0
"Kenya","KEN","01","3",2024-01-24,0,0
"Kenya","KEN","01","4",2024-01-25,0,0
"Kenya","KEN","01","5",2024-01-26,0,0
"Kenya","KEN","01","6",2024-01-27,0,0
"Kenya","KEN","01","0",2024-01-28,0,0
"Kenya","KEN","01","1",2024-01-29,0,0
"Kenya","KEN","01","2",2024-01-30,0,0
"Kenya","KEN","01","3",2024-01-31,0,0
"Kenya","KEN","02","4",2024-02-01,0,0
"Kenya","KEN","02","5",2024-02-02,0,0
"Kenya","KEN","02","6",2024-02-03,0,0
"Kenya","KEN","02","0",2024-02-04,0,0
"Kenya","KEN","02","1",2024-02-05,0,0
"Kenya","KEN","02","2",2024-02-06,0,0
"Kenya","KEN","02","3",2024-02-07,0,0
"Kenya","KEN","02","4",2024-02-08,0,0
"Kenya","KEN","02","5",2024-02-09,0,0
"Kenya","KEN","02","6",2024-02-10,0,0
"Kenya","KEN","02","0",2024-02-11,0,0
"Kenya","KEN","02","1",2024-02-12,0,0
"Kenya","KEN","02","2",2024-02-13,0,0
"Kenya","KEN","02","3",2024-02-14,0,0
"Kenya","KEN","02","4",2024-02-15,0,0
"Kenya","KEN","02","5",2024-02-16,0,0
"Kenya","KEN","02","6",2024-02-17,0,0
"Kenya","KEN","02","0",2024-02-18,0,0
"Kenya","KEN","02","1",2024-02-19,12,0
"Kenya","KEN","02","2",2024-02-20,13,0
"Kenya","KEN","02","3",2024-02-21,13,0
"Kenya","KEN","02","4",2024-02-22,13,0
"Kenya","KEN","02","5",2024-02-23,13,0
"Kenya","KEN","02","6",2024-02-24,13,0
"Kenya","KEN","02","0",2024-02-25,12,0
"Kenya","KEN","02","1",2024-02-26,0,0
"Kenya","KEN","02","2",2024-02-27,0,0
"Kenya","KEN","02","3",2024-02-28,0,0
"Kenya","KEN","02","4",2024-02-29,0,0
"Kenya","KEN","03","5",2024-03-01,0,0
"Kenya","KEN","03","6",2024-03-02,0,0
"Kenya","KEN","03","0",2024-03-03,0,0
"Kenya","KEN","03","1",2024-03-04,0,0
"Kenya","KEN","03","2",2024-03-05,0,0
"Kenya","KEN","03","3",2024-03-06,0,0
"Kenya","KEN","03","4",2024-03-07,0,0
"Kenya","KEN","03","5",2024-03-08,0,0
"Kenya","KEN","03","6",2024-03-09,0,0
"Kenya","KEN","03","0",2024-03-10,0,0
"Kenya","KEN","03","1",2024-03-11,0,0
"Kenya","KEN","03","2",2024-03-12,0,0
"Kenya","KEN","03","3",2024-03-13,0,0
"Kenya","KEN","03","4",2024-03-14,0,0
"Kenya","KEN","03","5",2024-03-15,0,0
"Kenya","KEN","03","6",2024-03-16,0,0
"Kenya","KEN","03","0",2024-03-17,0,0
"Kenya","KEN","03","1",2024-03-18,0,0
"Kenya","KEN","03","2",2024-03-19,0,0
"Kenya","KEN","03","3",2024-03-20,0,0
"Kenya","KEN","03","4",2024-03-21,0,0
"Kenya","KEN","03","5",2024-03-22,0,0
"Kenya","KEN","03","6",2024-03-23,0,0
"Kenya","KEN","03","0",2024-03-24,0,0
"Kenya","KEN","03","1",2024-03-25,0,0
"Kenya","KEN","03","2",2024-03-26,0,0
"Kenya","KEN","03","3",2024-03-27,0,0
"Kenya","KEN","03","4",2024-03-28,0,0
"Kenya","KEN","03","5",2024-03-29,0,0
"Kenya","KEN","03","6",2024-03-30,0,0
"Kenya","KEN","03","0",2024-03-31,0,0
"Kenya","KEN","04","1",2024-04-01,3,0
"Kenya","KEN","04","2",2024-04-02,3,0
"Kenya","KEN","04","3",2024-04-03,4,0
"Kenya","KEN","04","4",2024-04-04,4,1
"Kenya","KEN","04","5",2024-04-05,4,0
"Kenya","KEN","04","6",2024-04-06,4,0
"Kenya","KEN","04","0",2024-04-07,3,0
"Kenya","KEN","04","1",2024-04-08,0,0
"Kenya","KEN","04","2",2024-04-09,0,0
"Kenya","KEN","04","3",2024-04-10,0,0
"Kenya","KEN","04","4",2024-04-11,0,0
"Kenya","KEN","04","5",2024-04-12,0,0
"Kenya","KEN","04","6",2024-04-13,0,0
"Kenya","KEN","04","0",2024-04-14,0,0
"Kenya","KEN","04","1",2024-04-15,0,0
"Kenya","KEN","04","2",2024-04-16,0,0
"Kenya","KEN","04","3",2024-04-17,0,0
"Kenya","KEN","04","4",2024-04-18,0,0
"Kenya","KEN","04","5",2024-04-19,0,0
"Kenya","KEN","04","6",2024-04-20,0,0
"Kenya","KEN","04","0",2024-04-21,0,0
"Kenya","KEN","04","1",2024-04-22,0,0
"Kenya","KEN","04","2",2024-04-23,0,0
"Kenya","KEN","04","3",2024-04-24,0,0
"Kenya","KEN","04","4",2024-04-25,0,0
"Kenya","KEN","04","5",2024-04-26,0,0
"Kenya","KEN","04","6",2024-04-27,0,0
"Kenya","KEN","04","0",2024-04-28,0,0
"Kenya","KEN","04","1",2024-04-29,0,0
"Kenya","KEN","04","2",2024-04-30,0,0
"Kenya","KEN","05","3",2024-05-01,0,0
"Kenya","KEN","05","4",2024-05-02,0,0
"Kenya","KEN","05","5",2024-05-03,0,0
"Kenya","KEN","05","6",2024-05-04,0,0
"Kenya","KEN","05","0",2024-05-05,0,0
"Kenya","KEN","05","1",2024-05-06,0,0
"Kenya","KEN","05","2",2024-05-07,0,0
"Kenya","KEN","05","3",2024-05-08,0,0
"Kenya","KEN","05","4",2024-05-09,0,0
"Kenya","KEN","05","5",2024-05-10,0,0
"Kenya","KEN","05","6",2024-05-11,0,0
"Kenya","KEN","05","0",2024-05-12,0,0
"Kenya","KEN","05","1",2024-05-13,8,0
"Kenya","KEN","05","2",2024-05-14,8,0
"Kenya","KEN","05","3",2024-05-15,9,0
"Kenya","KEN","05","4",2024-05-16,9,1
"Kenya","KEN","05","5",2024-05-17,9,0
"Kenya","KEN","05","6",2024-05-18,8,0
"Kenya","KEN","05","0",2024-05-19,8,0
"Kenya","KEN","05","1",2024-05-20,1,0
"Kenya","KEN","05","2",2024-05-21,1,0
"Kenya","KEN","05","3",2024-05-22,1,0
"Kenya","KEN","05","4",2024-05-23,2,0
"Kenya","KEN","05","5",2024-05-24,1,0
"Kenya","KEN","05","6",2024-05-25,1,0
"Kenya","KEN","05","0",2024-05-26,1,0
"Kenya","KEN","05","1",2024-05-27,0,0
"Kenya","KEN","05","2",2024-05-28,0,0
"Kenya","KEN","05","3",2024-05-29,0,0
"Kenya","KEN","05","4",2024-05-30,0,0
"Kenya","KEN","05","5",2024-05-31,0,0
"Kenya","KEN","06","6",2024-06-01,0,0
"Kenya","KEN","06","0",2024-06-02,0,0
"Kenya","KEN","06","1",2024-06-03,1,0
"Kenya","KEN","06","2",2024-06-04,2,0
"Kenya","KEN","06","3",2024-06-05,2,0
"Kenya","KEN","06","4",2024-06-06,2,0
"Kenya","KEN","06","5",2024-06-07,2,0
"Kenya","KEN","06","6",2024-06-08,2,0
"Kenya","KEN","06","0",2024-06-09,1,0
"Kenya","KEN","06","1",2024-06-10,0,0
"Kenya","KEN","06","2",2024-06-11,0,0
"Kenya","KEN","06","3",2024-06-12,0,0
"Kenya","KEN","06","4",2024-06-13,0,0
"Kenya","KEN","06","5",2024-06-14,0,0
"Kenya","KEN","06","6",2024-06-15,0,0
"Kenya","KEN","06","0",2024-06-16,0,0
"Kenya","KEN","06","1",2024-06-17,0,0
"Kenya","KEN","06","2",2024-06-18,0,0
"Kenya","KEN","06","3",2024-06-19,0,0
"Kenya","KEN","06","4",2024-06-20,0,0
"Kenya","KEN","06","5",2024-06-21,0,0
"Kenya","KEN","06","6",2024-06-22,0,0
"Kenya","KEN","06","0",2024-06-23,0,0
"Kenya","KEN","06","1",2024-06-24,0,0
"Kenya","KEN","06","2",2024-06-25,0,0
"Kenya","KEN","06","3",2024-06-26,0,0
"Kenya","KEN","06","4",2024-06-27,0,0
"Kenya","KEN","06","5",2024-06-28,0,0
"Kenya","KEN","06","6",2024-06-29,0,0
"Kenya","KEN","06","0",2024-06-30,0,0
"Kenya","KEN","07","1",2024-07-01,0,0
"Kenya","KEN","07","2",2024-07-02,0,0
"Kenya","KEN","07","3",2024-07-03,0,0
"Kenya","KEN","07","4",2024-07-04,0,0
"Kenya","KEN","07","5",2024-07-05,0,0
"Kenya","KEN","07","6",2024-07-06,0,0
"Kenya","KEN","07","0",2024-07-07,0,0
"Kenya","KEN","07","1",2024-07-08,5,0
"Kenya","KEN","07","2",2024-07-09,6,0
"Kenya","KEN","07","3",2024-07-10,6,0
"Kenya","KEN","07","4",2024-07-11,6,1
"Kenya","KEN","07","5",2024-07-12,6,0
"Kenya","KEN","07","6",2024-07-13,6,0
"Kenya","KEN","07","0",2024-07-14,5,0
"Kenya","KEN","07","1",2024-07-15,0,0
"Kenya","KEN","07","2",2024-07-16,0,0
"Kenya","KEN","07","3",2024-07-17,0,0
"Kenya","KEN","07","4",2024-07-18,0,0
"Kenya","KEN","07","5",2024-07-19,0,0
"Kenya","KEN","07","6",2024-07-20,0,0
"Kenya","KEN","07","0",2024-07-21,0,0
"Kenya","KEN","07","1",2024-07-22,0,0
"Kenya","KEN","07","2",2024-07-23,0,0
"Kenya","KEN","07","3",2024-07-24,0,0
"Kenya","KEN","07","4",2024-07-25,0,0
"Kenya","KEN","07","5",2024-07-26,0,0
"Kenya","KEN","07","6",2024-07-27,0,0
"Kenya","KEN","07","0",2024-07-28,0,0
"Kenya","KEN","07","1",2024-07-29,0,0
"Kenya","KEN","07","2",2024-07-30,0,0
"Kenya","KEN","07","3",2024-07-31,0,0
"Kenya","KEN","08","4",2024-08-01,0,0
"Kenya","KEN","08","5",2024-08-02,0,0
"Kenya","KEN","08","6",2024-08-03,0,0
"Kenya","KEN","08","0",2024-08-04,0,0
"Kenya","KEN","08","1",2024-08-05,25,0
"Kenya","KEN","08","2",2024-08-06,26,0
"Kenya","KEN","08","3",2024-08-07,26,0
"Kenya","KEN","08","4",2024-08-08,26,1
"Kenya","KEN","08","5",2024-08-09,26,0
"Kenya","KEN","08","6",2024-08-10,26,0
"Kenya","KEN","08","0",2024-08-11,26,0
"Mozambique","MOZ","01","1",2023-01-02,56,0
"Mozambique","MOZ","01","2",2023-01-03,56,1
"Mozambique","MOZ","01","3",2023-01-04,56,1
"Mozambique","MOZ","01","4",2023-01-05,56,1
"Mozambique","MOZ","01","5",2023-01-06,56,1
"Mozambique","MOZ","01","6",2023-01-07,56,1
"Mozambique","MOZ","01","0",2023-01-08,56,0
"Mozambique","MOZ","01","1",2023-01-09,76,0
"Mozambique","MOZ","01","2",2023-01-10,76,0
"Mozambique","MOZ","01","3",2023-01-11,77,1
"Mozambique","MOZ","01","4",2023-01-12,77,1
"Mozambique","MOZ","01","5",2023-01-13,77,1
"Mozambique","MOZ","01","6",2023-01-14,77,1
"Mozambique","MOZ","01","0",2023-01-15,76,0
"Mozambique","MOZ","01","1",2023-01-16,101,0
"Mozambique","MOZ","01","2",2023-01-17,102,0
"Mozambique","MOZ","01","3",2023-01-18,102,0
"Mozambique","MOZ","01","4",2023-01-19,102,1
"Mozambique","MOZ","01","5",2023-01-20,102,1
"Mozambique","MOZ","01","6",2023-01-21,102,0
"Mozambique","MOZ","01","0",2023-01-22,102,0
"Mozambique","MOZ","01","1",2023-01-23,95,0
"Mozambique","MOZ","01","2",2023-01-24,96,1
"Mozambique","MOZ","01","3",2023-01-25,96,1
"Mozambique","MOZ","01","4",2023-01-26,96,1
"Mozambique","MOZ","01","5",2023-01-27,96,1
"Mozambique","MOZ","01","6",2023-01-28,96,1
"Mozambique","MOZ","01","0",2023-01-29,95,0
"Mozambique","MOZ","01","1",2023-01-30,107,0
"Mozambique","MOZ","01","2",2023-01-31,107,0
"Mozambique","MOZ","02","3",2023-02-01,108,1
"Mozambique","MOZ","02","4",2023-02-02,108,1
"Mozambique","MOZ","02","5",2023-02-03,108,1
"Mozambique","MOZ","02","6",2023-02-04,108,1
"Mozambique","MOZ","02","0",2023-02-05,107,0
"Mozambique","MOZ","02","1",2023-02-06,113,0
"Mozambique","MOZ","02","2",2023-02-07,114,1
"Mozambique","MOZ","02","3",2023-02-08,114,1
"Mozambique","MOZ","02","4",2023-02-09,114,1
"Mozambique","MOZ","02","5",2023-02-10,114,1
"Mozambique","MOZ","02","6",2023-02-11,114,1
"Mozambique","MOZ","02","0",2023-02-12,114,0
"Mozambique","MOZ","02","1",2023-02-13,121,0
"Mozambique","MOZ","02","2",2023-02-14,122,1
"Mozambique","MOZ","02","3",2023-02-15,122,1
"Mozambique","MOZ","02","4",2023-02-16,122,1
"Mozambique","MOZ","02","5",2023-02-17,122,1
"Mozambique","MOZ","02","6",2023-02-18,122,1
"Mozambique","MOZ","02","0",2023-02-19,122,1
"Mozambique","MOZ","02","1",2023-02-20,117,0
"Mozambique","MOZ","02","2",2023-02-21,117,0
"Mozambique","MOZ","02","3",2023-02-22,117,0
"Mozambique","MOZ","02","4",2023-02-23,118,0
"Mozambique","MOZ","02","5",2023-02-24,118,0
"Mozambique","MOZ","02","6",2023-02-25,117,0
"Mozambique","MOZ","02","0",2023-02-26,117,0
"Mozambique","MOZ","02","1",2023-02-27,138,0
"Mozambique","MOZ","02","2",2023-02-28,139,0
"Mozambique","MOZ","03","3",2023-03-01,139,1
"Mozambique","MOZ","03","4",2023-03-02,139,1
"Mozambique","MOZ","03","5",2023-03-03,139,1
"Mozambique","MOZ","03","6",2023-03-04,139,1
"Mozambique","MOZ","03","0",2023-03-05,139,0
"Mozambique","MOZ","03","1",2023-03-06,173,1
"Mozambique","MOZ","03","2",2023-03-07,173,2
"Mozambique","MOZ","03","3",2023-03-08,173,2
"Mozambique","MOZ","03","4",2023-03-09,173,2
"Mozambique","MOZ","03","5",2023-03-10,173,2
"Mozambique","MOZ","03","6",2023-03-11,173,2
"Mozambique","MOZ","03","0",2023-03-12,173,2
"Mozambique","MOZ","03","1",2023-03-13,378,3
"Mozambique","MOZ","03","2",2023-03-14,379,3
"Mozambique","MOZ","03","3",2023-03-15,379,3
"Mozambique","MOZ","03","4",2023-03-16,379,4
"Mozambique","MOZ","03","5",2023-03-17,379,3
"Mozambique","MOZ","03","6",2023-03-18,379,3
"Mozambique","MOZ","03","0",2023-03-19,378,3
"Mozambique","MOZ","03","1",2023-03-20,898,1
"Mozambique","MOZ","03","2",2023-03-21,898,1
"Mozambique","MOZ","03","3",2023-03-22,898,2
"Mozambique","MOZ","03","4",2023-03-23,899,2
"Mozambique","MOZ","03","5",2023-03-24,899,2
"Mozambique","MOZ","03","6",2023-03-25,898,2
"Mozambique","MOZ","03","0",2023-03-26,898,1
"Mozambique","MOZ","03","1",2023-03-27,862,1
"Mozambique","MOZ","03","2",2023-03-28,862,2
"Mozambique","MOZ","03","3",2023-03-29,863,2
"Mozambique","MOZ","03","4",2023-03-30,863,2
"Mozambique","MOZ","03","5",2023-03-31,863,2
"Mozambique","MOZ","04","6",2023-04-01,863,2
"Mozambique","MOZ","04","0",2023-04-02,862,1
"Mozambique","MOZ","04","1",2023-04-03,261,3
"Mozambique","MOZ","04","2",2023-04-04,262,3
"Mozambique","MOZ","04","3",2023-04-05,262,3
"Mozambique","MOZ","04","4",2023-04-06,262,4
"Mozambique","MOZ","04","5",2023-04-07,262,4
"Mozambique","MOZ","04","6",2023-04-08,262,3
"Mozambique","MOZ","04","0",2023-04-09,261,3
"Mozambique","MOZ","04","1",2023-04-10,214,0
"Mozambique","MOZ","04","2",2023-04-11,214,1
"Mozambique","MOZ","04","3",2023-04-12,214,1
"Mozambique","MOZ","04","4",2023-04-13,215,1
"Mozambique","MOZ","04","5",2023-04-14,215,1
"Mozambique","MOZ","04","6",2023-04-15,214,1
"Mozambique","MOZ","04","0",2023-04-16,214,1
"Mozambique","MOZ","04","1",2023-04-17,185,0
"Mozambique","MOZ","04","2",2023-04-18,186,0
"Mozambique","MOZ","04","3",2023-04-19,186,1
"Mozambique","MOZ","04","4",2023-04-20,186,1
"Mozambique","MOZ","04","5",2023-04-21,186,1
"Mozambique","MOZ","04","6",2023-04-22,186,1
"Mozambique","MOZ","04","0",2023-04-23,185,0
"Mozambique","MOZ","04","1",2023-04-24,149,0
"Mozambique","MOZ","04","2",2023-04-25,149,0
"Mozambique","MOZ","04","3",2023-04-26,150,1
"Mozambique","MOZ","04","4",2023-04-27,150,1
"Mozambique","MOZ","04","5",2023-04-28,150,1
"Mozambique","MOZ","04","6",2023-04-29,150,1
"Mozambique","MOZ","04","0",2023-04-30,149,0
"Mozambique","MOZ","05","1",2023-05-01,140,0
"Mozambique","MOZ","05","2",2023-05-02,140,0
"Mozambique","MOZ","05","3",2023-05-03,141,0
"Mozambique","MOZ","05","4",2023-05-04,141,0
"Mozambique","MOZ","05","5",2023-05-05,141,0
"Mozambique","MOZ","05","6",2023-05-06,141,0
"Mozambique","MOZ","05","0",2023-05-07,140,0
"Mozambique","MOZ","05","1",2023-05-08,84,0
"Mozambique","MOZ","05","2",2023-05-09,85,0
"Mozambique","MOZ","05","3",2023-05-10,85,0
"Mozambique","MOZ","05","4",2023-05-11,85,0
"Mozambique","MOZ","05","5",2023-05-12,85,0
"Mozambique","MOZ","05","6",2023-05-13,85,0
"Mozambique","MOZ","05","0",2023-05-14,85,0
"Mozambique","MOZ","05","1",2023-05-15,68,0
"Mozambique","MOZ","05","2",2023-05-16,68,0
"Mozambique","MOZ","05","3",2023-05-17,68,0
"Mozambique","MOZ","05","4",2023-05-18,69,0
"Mozambique","MOZ","05","5",2023-05-19,69,0
"Mozambique","MOZ","05","6",2023-05-20,68,0
"Mozambique","MOZ","05","0",2023-05-21,68,0
"Mozambique","MOZ","05","1",2023-05-22,69,0
"Mozambique","MOZ","05","2",2023-05-23,69,1
"Mozambique","MOZ","05","3",2023-05-24,69,1
"Mozambique","MOZ","05","4",2023-05-25,70,1
"Mozambique","MOZ","05","5",2023-05-26,69,1
"Mozambique","MOZ","05","6",2023-05-27,69,1
"Mozambique","MOZ","05","0",2023-05-28,69,1
"Mozambique","MOZ","05","1",2023-05-29,69,0
"Mozambique","MOZ","05","2",2023-05-30,69,0
"Mozambique","MOZ","05","3",2023-05-31,70,0
"Mozambique","MOZ","06","4",2023-06-01,70,1
"Mozambique","MOZ","06","5",2023-06-02,70,0
"Mozambique","MOZ","06","6",2023-06-03,69,0
"Mozambique","MOZ","06","0",2023-06-04,69,0
"Mozambique","MOZ","06","1",2023-06-05,64,0
"Mozambique","MOZ","06","2",2023-06-06,64,0
"Mozambique","MOZ","06","3",2023-06-07,65,0
"Mozambique","MOZ","06","4",2023-06-08,65,1
"Mozambique","MOZ","06","5",2023-06-09,65,0
"Mozambique","MOZ","06","6",2023-06-10,64,0
"Mozambique","MOZ","06","0",2023-06-11,64,0
"Mozambique","MOZ","06","1",2023-06-12,69,0
"Mozambique","MOZ","06","2",2023-06-13,69,0
"Mozambique","MOZ","06","3",2023-06-14,69,0
"Mozambique","MOZ","06","4",2023-06-15,70,0
"Mozambique","MOZ","06","5",2023-06-16,69,0
"Mozambique","MOZ","06","6",2023-06-17,69,0
"Mozambique","MOZ","06","0",2023-06-18,69,0
"Mozambique","MOZ","06","1",2023-06-19,31,0
"Mozambique","MOZ","06","2",2023-06-20,32,0
"Mozambique","MOZ","06","3",2023-06-21,32,0
"Mozambique","MOZ","06","4",2023-06-22,32,0
"Mozambique","MOZ","06","5",2023-06-23,32,0
"Mozambique","MOZ","06","6",2023-06-24,32,0
"Mozambique","MOZ","06","0",2023-06-25,32,0
"Mozambique","MOZ","06","1",2023-06-26,22,0
"Mozambique","MOZ","06","2",2023-06-27,23,0
"Mozambique","MOZ","06","3",2023-06-28,23,0
"Mozambique","MOZ","06","4",2023-06-29,23,0
"Mozambique","MOZ","06","5",2023-06-30,23,0
"Mozambique","MOZ","07","6",2023-07-01,23,0
"Mozambique","MOZ","07","0",2023-07-02,23,0
"Mozambique","MOZ","07","1",2023-07-03,15,0
"Mozambique","MOZ","07","2",2023-07-04,15,0
"Mozambique","MOZ","07","3",2023-07-05,16,0
"Mozambique","MOZ","07","4",2023-07-06,16,0
"Mozambique","MOZ","07","5",2023-07-07,16,0
"Mozambique","MOZ","07","6",2023-07-08,16,0
"Mozambique","MOZ","07","0",2023-07-09,15,0
"Mozambique","MOZ","07","1",2023-07-10,14,0
"Mozambique","MOZ","07","2",2023-07-11,15,0
"Mozambique","MOZ","07","3",2023-07-12,15,0
"Mozambique","MOZ","07","4",2023-07-13,15,0
"Mozambique","MOZ","07","5",2023-07-14,15,0
"Mozambique","MOZ","07","6",2023-07-15,15,0
"Mozambique","MOZ","07","0",2023-07-16,14,0
"Mozambique","MOZ","07","1",2023-07-17,14,0
"Mozambique","MOZ","07","2",2023-07-18,14,0
"Mozambique","MOZ","07","3",2023-07-19,14,0
"Mozambique","MOZ","07","4",2023-07-20,15,0
"Mozambique","MOZ","07","5",2023-07-21,14,0
"Mozambique","MOZ","07","6",2023-07-22,14,0
"Mozambique","MOZ","07","0",2023-07-23,14,0
"Mozambique","MOZ","07","1",2023-07-24,13,0
"Mozambique","MOZ","07","2",2023-07-25,13,0
"Mozambique","MOZ","07","3",2023-07-26,13,0
"Mozambique","MOZ","07","4",2023-07-27,13,0
"Mozambique","MOZ","07","5",2023-07-28,13,0
"Mozambique","MOZ","07","6",2023-07-29,13,0
"Mozambique","MOZ","07","0",2023-07-30,13,0
"Mozambique","MOZ","07","1",2023-07-31,18,0
"Mozambique","MOZ","08","2",2023-08-01,18,0
"Mozambique","MOZ","08","3",2023-08-02,18,0
"Mozambique","MOZ","08","4",2023-08-03,18,0
"Mozambique","MOZ","08","5",2023-08-04,18,0
"Mozambique","MOZ","08","6",2023-08-05,18,0
"Mozambique","MOZ","08","0",2023-08-06,18,0
"Mozambique","MOZ","08","1",2023-08-07,22,0
"Mozambique","MOZ","08","2",2023-08-08,23,0
"Mozambique","MOZ","08","3",2023-08-09,23,0
"Mozambique","MOZ","08","4",2023-08-10,23,0
"Mozambique","MOZ","08","5",2023-08-11,23,0
"Mozambique","MOZ","08","6",2023-08-12,23,0
"Mozambique","MOZ","08","0",2023-08-13,23,0
"Mozambique","MOZ","08","1",2023-08-14,18,0
"Mozambique","MOZ","08","2",2023-08-15,18,0
"Mozambique","MOZ","08","3",2023-08-16,18,0
"Mozambique","MOZ","08","4",2023-08-17,18,0
"Mozambique","MOZ","08","5",2023-08-18,18,0
"Mozambique","MOZ","08","6",2023-08-19,18,0
"Mozambique","MOZ","08","0",2023-08-20,18,0
"Mozambique","MOZ","08","1",2023-08-21,21,0
"Mozambique","MOZ","08","2",2023-08-22,22,0
"Mozambique","MOZ","08","3",2023-08-23,22,0
"Mozambique","MOZ","08","4",2023-08-24,22,0
"Mozambique","MOZ","08","5",2023-08-25,22,0
"Mozambique","MOZ","08","6",2023-08-26,22,0
"Mozambique","MOZ","08","0",2023-08-27,21,0
"Mozambique","MOZ","08","1",2023-08-28,25,0
"Mozambique","MOZ","08","2",2023-08-29,25,0
"Mozambique","MOZ","08","3",2023-08-30,25,0
"Mozambique","MOZ","08","4",2023-08-31,25,0
"Mozambique","MOZ","09","5",2023-09-01,25,0
"Mozambique","MOZ","09","6",2023-09-02,25,0
"Mozambique","MOZ","09","0",2023-09-03,25,0
"Mozambique","MOZ","09","1",2023-09-04,15,0
"Mozambique","MOZ","09","2",2023-09-05,16,0
"Mozambique","MOZ","09","3",2023-09-06,16,0
"Mozambique","MOZ","09","4",2023-09-07,16,0
"Mozambique","MOZ","09","5",2023-09-08,16,0
"Mozambique","MOZ","09","6",2023-09-09,16,0
"Mozambique","MOZ","09","0",2023-09-10,16,0
"Mozambique","MOZ","09","1",2023-09-11,14,0
"Mozambique","MOZ","09","2",2023-09-12,14,0
"Mozambique","MOZ","09","3",2023-09-13,15,0
"Mozambique","MOZ","09","4",2023-09-14,15,0
"Mozambique","MOZ","09","5",2023-09-15,15,0
"Mozambique","MOZ","09","6",2023-09-16,14,0
"Mozambique","MOZ","09","0",2023-09-17,14,0
"Mozambique","MOZ","09","1",2023-09-18,18,0
"Mozambique","MOZ","09","2",2023-09-19,18,0
"Mozambique","MOZ","09","3",2023-09-20,18,0
"Mozambique","MOZ","09","4",2023-09-21,19,0
"Mozambique","MOZ","09","5",2023-09-22,18,0
"Mozambique","MOZ","09","6",2023-09-23,18,0
"Mozambique","MOZ","09","0",2023-09-24,18,0
"Mozambique","MOZ","09","1",2023-09-25,11,0
"Mozambique","MOZ","09","2",2023-09-26,11,0
"Mozambique","MOZ","09","3",2023-09-27,12,0
"Mozambique","MOZ","09","4",2023-09-28,12,0
"Mozambique","MOZ","09","5",2023-09-29,12,0
"Mozambique","MOZ","09","6",2023-09-30,12,0
"Mozambique","MOZ","10","0",2023-10-01,11,0
"Mozambique","MOZ","10","1",2023-10-02,20,0
"Mozambique","MOZ","10","2",2023-10-03,20,0
"Mozambique","MOZ","10","3",2023-10-04,20,0
"Mozambique","MOZ","10","4",2023-10-05,20,1
"Mozambique","MOZ","10","5",2023-10-06,20,0
"Mozambique","MOZ","10","6",2023-10-07,20,0
"Mozambique","MOZ","10","0",2023-10-08,20,0
"Mozambique","MOZ","10","1",2023-10-09,21,0
"Mozambique","MOZ","10","2",2023-10-10,22,0
"Mozambique","MOZ","10","3",2023-10-11,22,0
"Mozambique","MOZ","10","4",2023-10-12,22,1
"Mozambique","MOZ","10","5",2023-10-13,22,1
"Mozambique","MOZ","10","6",2023-10-14,22,0
"Mozambique","MOZ","10","0",2023-10-15,21,0
"Mozambique","MOZ","10","1",2023-10-16,21,0
"Mozambique","MOZ","10","2",2023-10-17,21,0
"Mozambique","MOZ","10","3",2023-10-18,21,0
"Mozambique","MOZ","10","4",2023-10-19,21,1
"Mozambique","MOZ","10","5",2023-10-20,21,0
"Mozambique","MOZ","10","6",2023-10-21,21,0
"Mozambique","MOZ","10","0",2023-10-22,21,0
"Mozambique","MOZ","10","1",2023-10-23,56,0
"Mozambique","MOZ","10","2",2023-10-24,56,0
"Mozambique","MOZ","10","3",2023-10-25,57,1
"Mozambique","MOZ","10","4",2023-10-26,57,1
"Mozambique","MOZ","10","5",2023-10-27,57,1
"Mozambique","MOZ","10","6",2023-10-28,57,0
"Mozambique","MOZ","10","0",2023-10-29,56,0
"Mozambique","MOZ","10","1",2023-10-30,48,0
"Mozambique","MOZ","10","2",2023-10-31,48,0
"Mozambique","MOZ","11","3",2023-11-01,48,0
"Mozambique","MOZ","11","4",2023-11-02,49,0
"Mozambique","MOZ","11","5",2023-11-03,49,0
"Mozambique","MOZ","11","6",2023-11-04,48,0
"Mozambique","MOZ","11","0",2023-11-05,48,0
"Mozambique","MOZ","11","1",2023-11-06,72,0
"Mozambique","MOZ","11","2",2023-11-07,72,0
"Mozambique","MOZ","11","3",2023-11-08,72,0
"Mozambique","MOZ","11","4",2023-11-09,73,0
"Mozambique","MOZ","11","5",2023-11-10,72,0
"Mozambique","MOZ","11","6",2023-11-11,72,0
"Mozambique","MOZ","11","0",2023-11-12,72,0
"Mozambique","MOZ","11","1",2023-11-13,54,0
"Mozambique","MOZ","11","2",2023-11-14,55,0
"Mozambique","MOZ","11","3",2023-11-15,55,0
"Mozambique","MOZ","11","4",2023-11-16,55,0
"Mozambique","MOZ","11","5",2023-11-17,55,0
"Mozambique","MOZ","11","6",2023-11-18,55,0
"Mozambique","MOZ","11","0",2023-11-19,55,0
"Mozambique","MOZ","11","1",2023-11-20,85,0
"Mozambique","MOZ","11","2",2023-11-21,85,0
"Mozambique","MOZ","11","3",2023-11-22,85,0
"Mozambique","MOZ","11","4",2023-11-23,85,1
"Mozambique","MOZ","11","5",2023-11-24,85,0
"Mozambique","MOZ","11","6",2023-11-25,85,0
"Mozambique","MOZ","11","0",2023-11-26,85,0
"Mozambique","MOZ","11","1",2023-11-27,78,0
"Mozambique","MOZ","11","2",2023-11-28,78,0
"Mozambique","MOZ","11","3",2023-11-29,79,0
"Mozambique","MOZ","11","4",2023-11-30,79,1
"Mozambique","MOZ","12","5",2023-12-01,79,1
"Mozambique","MOZ","12","6",2023-12-02,78,0
"Mozambique","MOZ","12","0",2023-12-03,78,0
"Mozambique","MOZ","12","1",2023-12-04,60,0
"Mozambique","MOZ","12","2",2023-12-05,60,0
"Mozambique","MOZ","12","3",2023-12-06,60,0
"Mozambique","MOZ","12","4",2023-12-07,61,0
"Mozambique","MOZ","12","5",2023-12-08,60,0
"Mozambique","MOZ","12","6",2023-12-09,60,0
"Mozambique","MOZ","12","0",2023-12-10,60,0
"Mozambique","MOZ","12","1",2023-12-11,74,0
"Mozambique","MOZ","12","2",2023-12-12,74,0
"Mozambique","MOZ","12","3",2023-12-13,75,0
"Mozambique","MOZ","12","4",2023-12-14,75,1
"Mozambique","MOZ","12","5",2023-12-15,75,1
"Mozambique","MOZ","12","6",2023-12-16,74,0
"Mozambique","MOZ","12","0",2023-12-17,74,0
"Mozambique","MOZ","12","1",2023-12-18,105,0
"Mozambique","MOZ","12","2",2023-12-19,106,1
"Mozambique","MOZ","12","3",2023-12-20,106,1
"Mozambique","MOZ","12","4",2023-12-21,106,1
"Mozambique","MOZ","12","5",2023-12-22,106,1
"Mozambique","MOZ","12","6",2023-12-23,106,1
"Mozambique","MOZ","12","0",2023-12-24,106,1
"Mozambique","MOZ","12","1",2023-12-25,105,0
"Mozambique","MOZ","12","2",2023-12-26,106,0
"Mozambique","MOZ","12","3",2023-12-27,106,0
"Mozambique","MOZ","12","4",2023-12-28,106,0
"Mozambique","MOZ","12","5",2023-12-29,106,0
"Mozambique","MOZ","12","6",2023-12-30,106,0
"Mozambique","MOZ","12","0",2023-12-31,105,0
"Mozambique","MOZ","01","1",2024-01-01,86,0
"Mozambique","MOZ","01","2",2024-01-02,87,0
"Mozambique","MOZ","01","3",2024-01-03,87,1
"Mozambique","MOZ","01","4",2024-01-04,87,1
"Mozambique","MOZ","01","5",2024-01-05,87,1
"Mozambique","MOZ","01","6",2024-01-06,87,1
"Mozambique","MOZ","01","0",2024-01-07,87,0
"Mozambique","MOZ","01","1",2024-01-08,92,0
"Mozambique","MOZ","01","2",2024-01-09,93,0
"Mozambique","MOZ","01","3",2024-01-10,93,0
"Mozambique","MOZ","01","4",2024-01-11,93,1
"Mozambique","MOZ","01","5",2024-01-12,93,0
"Mozambique","MOZ","01","6",2024-01-13,93,0
"Mozambique","MOZ","01","0",2024-01-14,93,0
"Mozambique","MOZ","01","1",2024-01-15,77,0
"Mozambique","MOZ","01","2",2024-01-16,78,0
"Mozambique","MOZ","01","3",2024-01-17,78,0
"Mozambique","MOZ","01","4",2024-01-18,78,0
"Mozambique","MOZ","01","5",2024-01-19,78,0
"Mozambique","MOZ","01","6",2024-01-20,78,0
"Mozambique","MOZ","01","0",2024-01-21,77,0
"Mozambique","MOZ","01","1",2024-01-22,55,0
"Mozambique","MOZ","01","2",2024-01-23,56,0
"Mozambique","MOZ","01","3",2024-01-24,56,0
"Mozambique","MOZ","01","4",2024-01-25,56,0
"Mozambique","MOZ","01","5",2024-01-26,56,0
"Mozambique","MOZ","01","6",2024-01-27,56,0
"Mozambique","MOZ","01","0",2024-01-28,56,0
"Mozambique","MOZ","01","1",2024-01-29,62,0
"Mozambique","MOZ","01","2",2024-01-30,62,0
"Mozambique","MOZ","01","3",2024-01-31,62,0
"Mozambique","MOZ","02","4",2024-02-01,63,1
"Mozambique","MOZ","02","5",2024-02-02,63,0
"Mozambique","MOZ","02","6",2024-02-03,62,0
"Mozambique","MOZ","02","0",2024-02-04,62,0
"Mozambique","MOZ","02","1",2024-02-05,52,0
"Mozambique","MOZ","02","2",2024-02-06,52,0
"Mozambique","MOZ","02","3",2024-02-07,52,0
"Mozambique","MOZ","02","4",2024-02-08,53,0
"Mozambique","MOZ","02","5",2024-02-09,52,0
"Mozambique","MOZ","02","6",2024-02-10,52,0
"Mozambique","MOZ","02","0",2024-02-11,52,0
"Mozambique","MOZ","02","1",2024-02-12,83,0
"Mozambique","MOZ","02","2",2024-02-13,83,0
"Mozambique","MOZ","02","3",2024-02-14,83,0
"Mozambique","MOZ","02","4",2024-02-15,84,1
"Mozambique","MOZ","02","5",2024-02-16,84,0
"Mozambique","MOZ","02","6",2024-02-17,83,0
"Mozambique","MOZ","02","0",2024-02-18,83,0
"Mozambique","MOZ","02","1",2024-02-19,62,0
"Mozambique","MOZ","02","2",2024-02-20,63,0
"Mozambique","MOZ","02","3",2024-02-21,63,0
"Mozambique","MOZ","02","4",2024-02-22,63,0
"Mozambique","MOZ","02","5",2024-02-23,63,0
"Mozambique","MOZ","02","6",2024-02-24,63,0
"Mozambique","MOZ","02","0",2024-02-25,62,0
"Mozambique","MOZ","02","1",2024-02-26,78,0
"Mozambique","MOZ","02","2",2024-02-27,78,0
"Mozambique","MOZ","02","3",2024-02-28,78,0
"Mozambique","MOZ","02","4",2024-02-29,79,1
"Mozambique","MOZ","03","5",2024-03-01,78,0
"Mozambique","MOZ","03","6",2024-03-02,78,0
"Mozambique","MOZ","03","0",2024-03-03,78,0
"Mozambique","MOZ","03","1",2024-03-04,74,0
"Mozambique","MOZ","03","2",2024-03-05,75,0
"Mozambique","MOZ","03","3",2024-03-06,75,0
"Mozambique","MOZ","03","4",2024-03-07,75,1
"Mozambique","MOZ","03","5",2024-03-08,75,1
"Mozambique","MOZ","03","6",2024-03-09,75,0
"Mozambique","MOZ","03","0",2024-03-10,74,0
"Mozambique","MOZ","03","1",2024-03-11,90,0
"Mozambique","MOZ","03","2",2024-03-12,90,0
"Mozambique","MOZ","03","3",2024-03-13,90,0
"Mozambique","MOZ","03","4",2024-03-14,90,1
"Mozambique","MOZ","03","5",2024-03-15,90,0
"Mozambique","MOZ","03","6",2024-03-16,90,0
"Mozambique","MOZ","03","0",2024-03-17,90,0
"Mozambique","MOZ","03","1",2024-03-18,50,0
"Mozambique","MOZ","03","2",2024-03-19,50,0
"Mozambique","MOZ","03","3",2024-03-20,50,0
"Mozambique","MOZ","03","4",2024-03-21,51,0
"Mozambique","MOZ","03","5",2024-03-22,51,0
"Mozambique","MOZ","03","6",2024-03-23,50,0
"Mozambique","MOZ","03","0",2024-03-24,50,0
"Mozambique","MOZ","03","1",2024-03-25,39,0
"Mozambique","MOZ","03","2",2024-03-26,40,0
"Mozambique","MOZ","03","3",2024-03-27,40,0
"Mozambique","MOZ","03","4",2024-03-28,40,1
"Mozambique","MOZ","03","5",2024-03-29,40,0
"Mozambique","MOZ","03","6",2024-03-30,40,0
"Mozambique","MOZ","03","0",2024-03-31,39,0
"Mozambique","MOZ","04","1",2024-04-01,47,0
"Mozambique","MOZ","04","2",2024-04-02,48,0
"Mozambique","MOZ","04","3",2024-04-03,48,0
"Mozambique","MOZ","04","4",2024-04-04,48,0
"Mozambique","MOZ","04","5",2024-04-05,48,0
"Mozambique","MOZ","04","6",2024-04-06,48,0
"Mozambique","MOZ","04","0",2024-04-07,47,0
"Mozambique","MOZ","04","1",2024-04-08,40,0
"Mozambique","MOZ","04","2",2024-04-09,40,0
"Mozambique","MOZ","04","3",2024-04-10,40,0
"Mozambique","MOZ","04","4",2024-04-11,41,0
"Mozambique","MOZ","04","5",2024-04-12,40,0
"Mozambique","MOZ","04","6",2024-04-13,40,0
"Mozambique","MOZ","04","0",2024-04-14,40,0
"Mozambique","MOZ","04","1",2024-04-15,25,0
"Mozambique","MOZ","04","2",2024-04-16,25,0
"Mozambique","MOZ","04","3",2024-04-17,26,0
"Mozambique","MOZ","04","4",2024-04-18,26,0
"Mozambique","MOZ","04","5",2024-04-19,26,0
"Mozambique","MOZ","04","6",2024-04-20,26,0
"Mozambique","MOZ","04","0",2024-04-21,25,0
"Mozambique","MOZ","04","1",2024-04-22,22,0
"Mozambique","MOZ","04","2",2024-04-23,23,0
"Mozambique","MOZ","04","3",2024-04-24,23,0
"Mozambique","MOZ","04","4",2024-04-25,23,1
"Mozambique","MOZ","04","5",2024-04-26,23,0
"Mozambique","MOZ","04","6",2024-04-27,23,0
"Mozambique","MOZ","04","0",2024-04-28,23,0
"Mozambique","MOZ","04","1",2024-04-29,17,0
"Mozambique","MOZ","04","2",2024-04-30,17,0
"Mozambique","MOZ","05","3",2024-05-01,17,0
"Mozambique","MOZ","05","4",2024-05-02,17,0
"Mozambique","MOZ","05","5",2024-05-03,17,0
"Mozambique","MOZ","05","6",2024-05-04,17,0
"Mozambique","MOZ","05","0",2024-05-05,17,0
"Mozambique","MOZ","05","1",2024-05-06,19,0
"Mozambique","MOZ","05","2",2024-05-07,19,0
"Mozambique","MOZ","05","3",2024-05-08,19,1
"Mozambique","MOZ","05","4",2024-05-09,19,1
"Mozambique","MOZ","05","5",2024-05-10,19,1
"Mozambique","MOZ","05","6",2024-05-11,19,0
"Mozambique","MOZ","05","0",2024-05-12,19,0
"Mozambique","MOZ","05","1",2024-05-13,16,0
"Mozambique","MOZ","05","2",2024-05-14,17,0
"Mozambique","MOZ","05","3",2024-05-15,17,0
"Mozambique","MOZ","05","4",2024-05-16,17,0
"Mozambique","MOZ","05","5",2024-05-17,17,0
"Mozambique","MOZ","05","6",2024-05-18,17,0
"Mozambique","MOZ","05","0",2024-05-19,17,0
"Mozambique","MOZ","05","1",2024-05-20,13,0
"Mozambique","MOZ","05","2",2024-05-21,13,0
"Mozambique","MOZ","05","3",2024-05-22,13,0
"Mozambique","MOZ","05","4",2024-05-23,14,0
"Mozambique","MOZ","05","5",2024-05-24,13,0
"Mozambique","MOZ","05","6",2024-05-25,13,0
"Mozambique","MOZ","05","0",2024-05-26,13,0
"Mozambique","MOZ","05","1",2024-05-27,15,0
"Mozambique","MOZ","05","2",2024-05-28,15,0
"Mozambique","MOZ","05","3",2024-05-29,16,0
"Mozambique","MOZ","05","4",2024-05-30,16,1
"Mozambique","MOZ","05","5",2024-05-31,16,0
"Mozambique","MOZ","06","6",2024-06-01,15,0
"Mozambique","MOZ","06","0",2024-06-02,15,0
"Mozambique","MOZ","06","1",2024-06-03,14,0
"Mozambique","MOZ","06","2",2024-06-04,14,0
"Mozambique","MOZ","06","3",2024-06-05,15,0
"Mozambique","MOZ","06","4",2024-06-06,15,1
"Mozambique","MOZ","06","5",2024-06-07,15,0
"Mozambique","MOZ","06","6",2024-06-08,15,0
"Mozambique","MOZ","06","0",2024-06-09,14,0
"Mozambique","MOZ","06","1",2024-06-10,7,0
"Mozambique","MOZ","06","2",2024-06-11,7,0
"Mozambique","MOZ","06","3",2024-06-12,7,0
"Mozambique","MOZ","06","4",2024-06-13,8,0
"Mozambique","MOZ","06","5",2024-06-14,8,0
"Mozambique","MOZ","06","6",2024-06-15,7,0
"Mozambique","MOZ","06","0",2024-06-16,7,0
"Mozambique","MOZ","06","1",2024-06-17,4,0
"Mozambique","MOZ","06","2",2024-06-18,5,0
"Mozambique","MOZ","06","3",2024-06-19,5,0
"Mozambique","MOZ","06","4",2024-06-20,5,0
"Mozambique","MOZ","06","5",2024-06-21,5,0
"Mozambique","MOZ","06","6",2024-06-22,5,0
"Mozambique","MOZ","06","0",2024-06-23,5,0
"Mozambique","MOZ","06","1",2024-06-24,3,0
"Mozambique","MOZ","06","2",2024-06-25,3,0
"Mozambique","MOZ","06","3",2024-06-26,3,0
"Mozambique","MOZ","06","4",2024-06-27,4,0
"Mozambique","MOZ","06","5",2024-06-28,3,0
"Mozambique","MOZ","06","6",2024-06-29,3,0
"Mozambique","MOZ","06","0",2024-06-30,3,0
"Mozambique","MOZ","07","1",2024-07-01,2,0
"Mozambique","MOZ","07","2",2024-07-02,2,0
"Mozambique","MOZ","07","3",2024-07-03,3,0
"Mozambique","MOZ","07","4",2024-07-04,3,0
"Mozambique","MOZ","07","5",2024-07-05,3,0
"Mozambique","MOZ","07","6",2024-07-06,3,0
"Mozambique","MOZ","07","0",2024-07-07,2,0
"Mozambique","MOZ","07","1",2024-07-08,1,0
"Mozambique","MOZ","07","2",2024-07-09,1,0
"Mozambique","MOZ","07","3",2024-07-10,2,0
"Mozambique","MOZ","07","4",2024-07-11,2,0
"Mozambique","MOZ","07","5",2024-07-12,2,0
"Mozambique","MOZ","07","6",2024-07-13,1,0
"Mozambique","MOZ","07","0",2024-07-14,1,0
"Mozambique","MOZ","07","1",2024-07-15,3,0
"Mozambique","MOZ","07","2",2024-07-16,3,0
"Mozambique","MOZ","07","3",2024-07-17,4,0
"Mozambique","MOZ","07","4",2024-07-18,4,0
"Mozambique","MOZ","07","5",2024-07-19,4,0
"Mozambique","MOZ","07","6",2024-07-20,4,0
"Mozambique","MOZ","07","0",2024-07-21,3,0
"Mozambique","MOZ","07","1",2024-07-22,0,0
"Mozambique","MOZ","07","2",2024-07-23,0,0
"Mozambique","MOZ","07","3",2024-07-24,0,0
"Mozambique","MOZ","07","4",2024-07-25,0,0
"Mozambique","MOZ","07","5",2024-07-26,0,0
"Mozambique","MOZ","07","6",2024-07-27,0,0
"Mozambique","MOZ","07","0",2024-07-28,0,0
"Mozambique","MOZ","07","1",2024-07-29,0,0
"Mozambique","MOZ","07","2",2024-07-30,0,0
"Mozambique","MOZ","07","3",2024-07-31,0,0
"Mozambique","MOZ","08","4",2024-08-01,0,0
"Mozambique","MOZ","08","5",2024-08-02,0,0
"Mozambique","MOZ","08","6",2024-08-03,0,0
"Mozambique","MOZ","08","0",2024-08-04,0,0
"Mozambique","MOZ","08","1",2024-08-05,0,0
"Mozambique","MOZ","08","2",2024-08-06,0,0
"Mozambique","MOZ","08","3",2024-08-07,0,0
"Mozambique","MOZ","08","4",2024-08-08,0,0
"Mozambique","MOZ","08","5",2024-08-09,0,0
"Mozambique","MOZ","08","6",2024-08-10,0,0
"Mozambique","MOZ","08","0",2024-08-11,0,0
"Mozambique","MOZ","08","1",2024-08-12,0,0
"Mozambique","MOZ","08","2",2024-08-13,0,0
"Mozambique","MOZ","08","3",2024-08-14,0,0
"Mozambique","MOZ","08","4",2024-08-15,0,0
"Mozambique","MOZ","08","5",2024-08-16,0,0
"Mozambique","MOZ","08","6",2024-08-17,0,0
"Mozambique","MOZ","08","0",2024-08-18,0,0
"Mozambique","MOZ","08","1",2024-08-19,0,0
"Mozambique","MOZ","08","2",2024-08-20,0,0
"Mozambique","MOZ","08","3",2024-08-21,0,0
"Mozambique","MOZ","08","4",2024-08-22,0,0
"Mozambique","MOZ","08","5",2024-08-23,0,0
"Mozambique","MOZ","08","6",2024-08-24,0,0
"Mozambique","MOZ","08","0",2024-08-25,0,0
"Mozambique","MOZ","08","1",2024-08-26,0,0
"Mozambique","MOZ","08","2",2024-08-27,0,0
"Mozambique","MOZ","08","3",2024-08-28,0,0
"Mozambique","MOZ","08","4",2024-08-29,0,0
"Mozambique","MOZ","08","5",2024-08-30,0,0
"Mozambique","MOZ","08","6",2024-08-31,0,0
"Mozambique","MOZ","09","0",2024-09-01,0,0
"Mozambique","MOZ","09","1",2024-09-02,0,0
"Mozambique","MOZ","09","2",2024-09-03,0,0
"Mozambique","MOZ","09","3",2024-09-04,0,0
"Mozambique","MOZ","09","4",2024-09-05,0,0
"Mozambique","MOZ","09","5",2024-09-06,0,0
"Mozambique","MOZ","09","6",2024-09-07,0,0
"Mozambique","MOZ","09","0",2024-09-08,0,0
"Mozambique","MOZ","09","1",2024-09-09,0,0
"Mozambique","MOZ","09","2",2024-09-10,0,0
"Mozambique","MOZ","09","3",2024-09-11,0,0
"Mozambique","MOZ","09","4",2024-09-12,0,0
"Mozambique","MOZ","09","5",2024-09-13,0,0
"Mozambique","MOZ","09","6",2024-09-14,0,0
"Mozambique","MOZ","09","0",2024-09-15,0,0
"Mozambique","MOZ","09","1",2024-09-16,0,0
"Mozambique","MOZ","09","2",2024-09-17,0,0
"Mozambique","MOZ","09","3",2024-09-18,0,0
"Mozambique","MOZ","09","4",2024-09-19,0,0
"Mozambique","MOZ","09","5",2024-09-20,0,0
"Mozambique","MOZ","09","6",2024-09-21,0,0
"Mozambique","MOZ","09","0",2024-09-22,0,0
"Mozambique","MOZ","09","1",2024-09-23,0,0
"Mozambique","MOZ","09","2",2024-09-24,0,0
"Mozambique","MOZ","09","3",2024-09-25,0,0
"Mozambique","MOZ","09","4",2024-09-26,0,0
"Mozambique","MOZ","09","5",2024-09-27,0,0
"Mozambique","MOZ","09","6",2024-09-28,0,0
"Mozambique","MOZ","09","0",2024-09-29,0,0
"Mozambique","MOZ","09","1",2024-09-30,0,0
"Mozambique","MOZ","10","2",2024-10-01,0,0
"Mozambique","MOZ","10","3",2024-10-02,0,0
"Mozambique","MOZ","10","4",2024-10-03,0,0
"Mozambique","MOZ","10","5",2024-10-04,0,0
"Mozambique","MOZ","10","6",2024-10-05,0,0
"Mozambique","MOZ","10","0",2024-10-06,0,0
"Mozambique","MOZ","10","1",2024-10-07,0,0
"Mozambique","MOZ","10","2",2024-10-08,0,0
"Mozambique","MOZ","10","3",2024-10-09,0,0
"Mozambique","MOZ","10","4",2024-10-10,0,0
"Mozambique","MOZ","10","5",2024-10-11,0,0
"Mozambique","MOZ","10","6",2024-10-12,0,0
"Mozambique","MOZ","10","0",2024-10-13,0,0
"Mozambique","MOZ","10","1",2024-10-14,0,0
"Mozambique","MOZ","10","2",2024-10-15,1,0
"Mozambique","MOZ","10","3",2024-10-16,1,0
"Mozambique","MOZ","10","4",2024-10-17,1,0
"Mozambique","MOZ","10","5",2024-10-18,1,0
"Mozambique","MOZ","10","6",2024-10-19,1,0
"Mozambique","MOZ","10","0",2024-10-20,1,0
"Mozambique","MOZ","10","1",2024-10-21,1,0
"Mozambique","MOZ","10","2",2024-10-22,1,0
"Mozambique","MOZ","10","3",2024-10-23,2,0
"Mozambique","MOZ","10","4",2024-10-24,2,0
"Mozambique","MOZ","10","5",2024-10-25,2,0
"Mozambique","MOZ","10","6",2024-10-26,1,0
"Mozambique","MOZ","10","0",2024-10-27,1,0
"Mozambique","MOZ","10","1",2024-10-28,3,0
"Mozambique","MOZ","10","2",2024-10-29,3,0
"Mozambique","MOZ","10","3",2024-10-30,3,0
"Mozambique","MOZ","10","4",2024-10-31,3,0
"Mozambique","MOZ","11","5",2024-11-01,3,0
"Mozambique","MOZ","11","6",2024-11-02,3,0
"Mozambique","MOZ","11","0",2024-11-03,3,0
"Mozambique","MOZ","11","1",2024-11-04,4,0
"Mozambique","MOZ","11","2",2024-11-05,4,0
"Mozambique","MOZ","11","3",2024-11-06,4,0
"Mozambique","MOZ","11","4",2024-11-07,5,0
"Mozambique","MOZ","11","5",2024-11-08,4,0
"Mozambique","MOZ","11","6",2024-11-09,4,0
"Mozambique","MOZ","11","0",2024-11-10,4,0
"Mozambique","MOZ","11","1",2024-11-11,5,0
"Mozambique","MOZ","11","2",2024-11-12,5,0
"Mozambique","MOZ","11","3",2024-11-13,6,0
"Mozambique","MOZ","11","4",2024-11-14,6,0
"Mozambique","MOZ","11","5",2024-11-15,6,0
"Mozambique","MOZ","11","6",2024-11-16,6,0
"Mozambique","MOZ","11","0",2024-11-17,5,0
"Mozambique","MOZ","11","1",2024-11-18,8,0
"Mozambique","MOZ","11","2",2024-11-19,8,0
"Mozambique","MOZ","11","3",2024-11-20,8,1
"Mozambique","MOZ","11","4",2024-11-21,8,1
"Mozambique","MOZ","11","5",2024-11-22,8,1
"Mozambique","MOZ","11","6",2024-11-23,8,1
"Mozambique","MOZ","11","0",2024-11-24,8,0
"Mozambique","MOZ","11","1",2024-11-25,6,0
"Mozambique","MOZ","11","2",2024-11-26,6,0
"Mozambique","MOZ","11","3",2024-11-27,6,0
"Mozambique","MOZ","11","4",2024-11-28,7,0
"Mozambique","MOZ","11","5",2024-11-29,6,0
"Mozambique","MOZ","11","6",2024-11-30,6,0
"Mozambique","MOZ","12","0",2024-12-01,6,0
"Mozambique","MOZ","12","1",2024-12-02,8,2
"Mozambique","MOZ","12","2",2024-12-03,8,2
"Mozambique","MOZ","12","3",2024-12-04,8,2
"Mozambique","MOZ","12","4",2024-12-05,8,3
"Mozambique","MOZ","12","5",2024-12-06,8,3
"Mozambique","MOZ","12","6",2024-12-07,8,2
"Mozambique","MOZ","12","0",2024-12-08,8,2
"Mozambique","MOZ","12","1",2024-12-09,3,0
"Mozambique","MOZ","12","2",2024-12-10,3,0
"Mozambique","MOZ","12","3",2024-12-11,3,0
"Mozambique","MOZ","12","4",2024-12-12,4,1
"Mozambique","MOZ","12","5",2024-12-13,4,0
"Mozambique","MOZ","12","6",2024-12-14,3,0
"Mozambique","MOZ","12","0",2024-12-15,3,0
"Mozambique","MOZ","12","1",2024-12-16,0,0
"Mozambique","MOZ","12","2",2024-12-17,0,0
"Mozambique","MOZ","12","3",2024-12-18,0,0
"Mozambique","MOZ","12","4",2024-12-19,0,0
"Mozambique","MOZ","12","5",2024-12-20,0,0
"Mozambique","MOZ","12","6",2024-12-21,0,0
"Mozambique","MOZ","12","0",2024-12-22,0,0
"Mozambique","MOZ","12","1",2024-12-23,2,1
"Mozambique","MOZ","12","2",2024-12-24,3,1
"Mozambique","MOZ","12","3",2024-12-25,3,1
"Mozambique","MOZ","12","4",2024-12-26,3,2
"Mozambique","MOZ","12","5",2024-12-27,3,1
"Mozambique","MOZ","12","6",2024-12-28,3,1
"Mozambique","MOZ","12","0",2024-12-29,2,1
"Mozambique","MOZ","12","1",2024-12-30,0,0
"Mozambique","MOZ","12","2",2024-12-31,0,0
"Mozambique","MOZ","01","3",2025-01-01,0,0
"Mozambique","MOZ","01","4",2025-01-02,0,0
"Mozambique","MOZ","01","5",2025-01-03,0,0
"Mozambique","MOZ","01","6",2025-01-04,0,0
"Mozambique","MOZ","01","0",2025-01-05,0,0
"Mozambique","MOZ","01","1",2025-01-06,0,0
"Mozambique","MOZ","01","2",2025-01-07,0,0
"Mozambique","MOZ","01","3",2025-01-08,0,0
"Mozambique","MOZ","01","4",2025-01-09,0,0
"Mozambique","MOZ","01","5",2025-01-10,0,0
"Mozambique","MOZ","01","6",2025-01-11,0,0
"Mozambique","MOZ","01","0",2025-01-12,0,0
"Malawi","MWI","01","1",2023-01-02,525,17
"Malawi","MWI","01","2",2023-01-03,525,18
"Malawi","MWI","01","3",2023-01-04,526,18
"Malawi","MWI","01","4",2023-01-05,526,18
"Malawi","MWI","01","5",2023-01-06,526,18
"Malawi","MWI","01","6",2023-01-07,526,18
"Malawi","MWI","01","0",2023-01-08,525,17
"Malawi","MWI","01","1",2023-01-09,601,19
"Malawi","MWI","01","2",2023-01-10,602,19
"Malawi","MWI","01","3",2023-01-11,602,19
"Malawi","MWI","01","4",2023-01-12,602,20
"Malawi","MWI","01","5",2023-01-13,602,19
"Malawi","MWI","01","6",2023-01-14,602,19
"Malawi","MWI","01","0",2023-01-15,601,19
"Malawi","MWI","01","1",2023-01-16,333,9
"Malawi","MWI","01","2",2023-01-17,334,9
"Malawi","MWI","01","3",2023-01-18,334,10
"Malawi","MWI","01","4",2023-01-19,334,10
"Malawi","MWI","01","5",2023-01-20,334,10
"Malawi","MWI","01","6",2023-01-21,334,9
"Malawi","MWI","01","0",2023-01-22,333,9
"Malawi","MWI","01","1",2023-01-23,782,25
"Malawi","MWI","01","2",2023-01-24,782,25
"Malawi","MWI","01","3",2023-01-25,782,25
"Malawi","MWI","01","4",2023-01-26,783,26
"Malawi","MWI","01","5",2023-01-27,783,26
"Malawi","MWI","01","6",2023-01-28,782,25
"Malawi","MWI","01","0",2023-01-29,782,25
"Malawi","MWI","01","1",2023-01-30,553,19
"Malawi","MWI","01","2",2023-01-31,553,19
"Malawi","MWI","02","3",2023-02-01,553,19
"Malawi","MWI","02","4",2023-02-02,553,19
"Malawi","MWI","02","5",2023-02-03,553,19
"Malawi","MWI","02","6",2023-02-04,553,19
"Malawi","MWI","02","0",2023-02-05,553,19
"Malawi","MWI","02","1",2023-02-06,782,24
"Malawi","MWI","02","2",2023-02-07,782,25
"Malawi","MWI","02","3",2023-02-08,783,25
"Malawi","MWI","02","4",2023-02-09,783,25
"Malawi","MWI","02","5",2023-02-10,783,25
"Malawi","MWI","02","6",2023-02-11,783,25
"Malawi","MWI","02","0",2023-02-12,782,25
"Malawi","MWI","02","1",2023-02-13,403,9
"Malawi","MWI","02","2",2023-02-14,404,10
"Malawi","MWI","02","3",2023-02-15,404,10
"Malawi","MWI","02","4",2023-02-16,404,10
"Malawi","MWI","02","5",2023-02-17,404,10
"Malawi","MWI","02","6",2023-02-18,404,10
"Malawi","MWI","02","0",2023-02-19,404,9
"Malawi","MWI","02","1",2023-02-20,371,11
"Malawi","MWI","02","2",2023-02-21,371,11
"Malawi","MWI","02","3",2023-02-22,372,11
"Malawi","MWI","02","4",2023-02-23,372,12
"Malawi","MWI","02","5",2023-02-24,372,12
"Malawi","MWI","02","6",2023-02-25,372,11
"Malawi","MWI","02","0",2023-02-26,371,11
"Malawi","MWI","02","1",2023-02-27,414,8
"Malawi","MWI","02","2",2023-02-28,414,8
"Malawi","MWI","03","3",2023-03-01,415,8
"Malawi","MWI","03","4",2023-03-02,415,9
"Malawi","MWI","03","5",2023-03-03,415,9
"Malawi","MWI","03","6",2023-03-04,415,8
"Malawi","MWI","03","0",2023-03-05,414,8
"Malawi","MWI","03","1",2023-03-06,277,4
"Malawi","MWI","03","2",2023-03-07,277,4
"Malawi","MWI","03","3",2023-03-08,277,4
"Malawi","MWI","03","4",2023-03-09,277,5
"Malawi","MWI","03","5",2023-03-10,277,4
"Malawi","MWI","03","6",2023-03-11,277,4
"Malawi","MWI","03","0",2023-03-12,277,4
"Malawi","MWI","03","1",2023-03-13,207,6
"Malawi","MWI","03","2",2023-03-14,207,7
"Malawi","MWI","03","3",2023-03-15,207,7
"Malawi","MWI","03","4",2023-03-16,208,7
"Malawi","MWI","03","5",2023-03-17,208,7
"Malawi","MWI","03","6",2023-03-18,207,7
"Malawi","MWI","03","0",2023-03-19,207,7
"Malawi","MWI","03","1",2023-03-20,137,3
"Malawi","MWI","03","2",2023-03-21,137,3
"Malawi","MWI","03","3",2023-03-22,138,3
"Malawi","MWI","03","4",2023-03-23,138,4
"Malawi","MWI","03","5",2023-03-24,138,3
"Malawi","MWI","03","6",2023-03-25,138,3
"Malawi","MWI","03","0",2023-03-26,137,3
"Malawi","MWI","03","1",2023-03-27,130,2
"Malawi","MWI","03","2",2023-03-28,130,2
"Malawi","MWI","03","3",2023-03-29,130,2
"Malawi","MWI","03","4",2023-03-30,131,3
"Malawi","MWI","03","5",2023-03-31,131,2
"Malawi","MWI","04","6",2023-04-01,130,2
"Malawi","MWI","04","0",2023-04-02,130,2
"Malawi","MWI","04","1",2023-04-03,98,1
"Malawi","MWI","04","2",2023-04-04,98,1
"Malawi","MWI","04","3",2023-04-05,99,2
"Malawi","MWI","04","4",2023-04-06,99,2
"Malawi","MWI","04","5",2023-04-07,99,2
"Malawi","MWI","04","6",2023-04-08,98,1
"Malawi","MWI","04","0",2023-04-09,98,1
"Malawi","MWI","04","1",2023-04-10,59,1
"Malawi","MWI","04","2",2023-04-11,59,1
"Malawi","MWI","04","3",2023-04-12,59,1
"Malawi","MWI","04","4",2023-04-13,60,1
"Malawi","MWI","04","5",2023-04-14,60,1
"Malawi","MWI","04","6",2023-04-15,59,1
"Malawi","MWI","04","0",2023-04-16,59,1
"Malawi","MWI","04","1",2023-04-17,73,1
"Malawi","MWI","04","2",2023-04-18,73,1
"Malawi","MWI","04","3",2023-04-19,74,1
"Malawi","MWI","04","4",2023-04-20,74,1
"Malawi","MWI","04","5",2023-04-21,74,1
"Malawi","MWI","04","6",2023-04-22,74,1
"Malawi","MWI","04","0",2023-04-23,73,1
"Malawi","MWI","04","1",2023-04-24,32,1
"Malawi","MWI","04","2",2023-04-25,33,1
"Malawi","MWI","04","3",2023-04-26,33,2
"Malawi","MWI","04","4",2023-04-27,33,2
"Malawi","MWI","04","5",2023-04-28,33,2
"Malawi","MWI","04","6",2023-04-29,33,2
"Malawi","MWI","04","0",2023-04-30,32,1
"Malawi","MWI","05","1",2023-05-01,22,0
"Malawi","MWI","05","2",2023-05-02,22,0
"Malawi","MWI","05","3",2023-05-03,23,0
"Malawi","MWI","05","4",2023-05-04,23,1
"Malawi","MWI","05","5",2023-05-05,23,1
"Malawi","MWI","05","6",2023-05-06,22,0
"Malawi","MWI","05","0",2023-05-07,22,0
"Malawi","MWI","05","1",2023-05-08,16,0
"Malawi","MWI","05","2",2023-05-09,16,0
"Malawi","MWI","05","3",2023-05-10,17,0
"Malawi","MWI","05","4",2023-05-11,17,1
"Malawi","MWI","05","5",2023-05-12,17,1
"Malawi","MWI","05","6",2023-05-13,17,0
"Malawi","MWI","05","0",2023-05-14,16,0
"Malawi","MWI","05","1",2023-05-15,11,0
"Malawi","MWI","05","2",2023-05-16,12,0
"Malawi","MWI","05","3",2023-05-17,12,0
"Malawi","MWI","05","4",2023-05-18,12,1
"Malawi","MWI","05","5",2023-05-19,12,1
"Malawi","MWI","05","6",2023-05-20,12,0
"Malawi","MWI","05","0",2023-05-21,12,0
"Malawi","MWI","05","1",2023-05-22,6,0
"Malawi","MWI","05","2",2023-05-23,7,0
"Malawi","MWI","05","3",2023-05-24,7,0
"Malawi","MWI","05","4",2023-05-25,7,1
"Malawi","MWI","05","5",2023-05-26,7,0
"Malawi","MWI","05","6",2023-05-27,7,0
"Malawi","MWI","05","0",2023-05-28,7,0
"Malawi","MWI","05","1",2023-05-29,2,0
"Malawi","MWI","05","2",2023-05-30,2,0
"Malawi","MWI","05","3",2023-05-31,3,0
"Malawi","MWI","06","4",2023-06-01,3,0
"Malawi","MWI","06","5",2023-06-02,3,0
"Malawi","MWI","06","6",2023-06-03,2,0
"Malawi","MWI","06","0",2023-06-04,2,0
"Malawi","MWI","06","1",2023-06-05,0,0
"Malawi","MWI","06","2",2023-06-06,0,0
"Malawi","MWI","06","3",2023-06-07,0,0
"Malawi","MWI","06","4",2023-06-08,0,0
"Malawi","MWI","06","5",2023-06-09,0,0
"Malawi","MWI","06","6",2023-06-10,0,0
"Malawi","MWI","06","0",2023-06-11,0,0
"Malawi","MWI","06","1",2023-06-12,0,0
"Malawi","MWI","06","2",2023-06-13,0,0
"Malawi","MWI","06","3",2023-06-14,0,0
"Malawi","MWI","06","4",2023-06-15,0,0
"Malawi","MWI","06","5",2023-06-16,0,0
"Malawi","MWI","06","6",2023-06-17,0,0
"Malawi","MWI","06","0",2023-06-18,0,0
"Malawi","MWI","06","1",2023-06-19,7,0
"Malawi","MWI","06","2",2023-06-20,7,0
"Malawi","MWI","06","3",2023-06-21,7,0
"Malawi","MWI","06","4",2023-06-22,8,0
"Malawi","MWI","06","5",2023-06-23,8,0
"Malawi","MWI","06","6",2023-06-24,7,0
"Malawi","MWI","06","0",2023-06-25,7,0
"Malawi","MWI","06","1",2023-06-26,4,0
"Malawi","MWI","06","2",2023-06-27,4,0
"Malawi","MWI","06","3",2023-06-28,5,0
"Malawi","MWI","06","4",2023-06-29,5,1
"Malawi","MWI","06","5",2023-06-30,5,0
"Malawi","MWI","07","6",2023-07-01,5,0
"Malawi","MWI","07","0",2023-07-02,4,0
"Malawi","MWI","07","1",2023-07-03,2,0
"Malawi","MWI","07","2",2023-07-04,2,0
"Malawi","MWI","07","3",2023-07-05,2,0
"Malawi","MWI","07","4",2023-07-06,3,1
"Malawi","MWI","07","5",2023-07-07,2,0
"Malawi","MWI","07","6",2023-07-08,2,0
"Malawi","MWI","07","0",2023-07-09,2,0
"Malawi","MWI","07","1",2023-07-10,2,0
"Malawi","MWI","07","2",2023-07-11,3,0
"Malawi","MWI","07","3",2023-07-12,3,1
"Malawi","MWI","07","4",2023-07-13,3,1
"Malawi","MWI","07","5",2023-07-14,3,1
"Malawi","MWI","07","6",2023-07-15,3,0
"Malawi","MWI","07","0",2023-07-16,2,0
"Malawi","MWI","07","1",2023-07-17,0,0
"Malawi","MWI","07","2",2023-07-18,0,0
"Malawi","MWI","07","3",2023-07-19,1,0
"Malawi","MWI","07","4",2023-07-20,1,0
"Malawi","MWI","07","5",2023-07-21,1,0
"Malawi","MWI","07","6",2023-07-22,0,0
"Malawi","MWI","07","0",2023-07-23,0,0
"Malawi","MWI","07","1",2023-07-24,2,0
"Malawi","MWI","07","2",2023-07-25,2,0
"Malawi","MWI","07","3",2023-07-26,3,0
"Malawi","MWI","07","4",2023-07-27,3,1
"Malawi","MWI","07","5",2023-07-28,3,0
"Malawi","MWI","07","6",2023-07-29,2,0
"Malawi","MWI","07","0",2023-07-30,2,0
"Malawi","MWI","07","1",2023-07-31,2,0
"Malawi","MWI","08","2",2023-08-01,2,0
"Malawi","MWI","08","3",2023-08-02,2,0
"Malawi","MWI","08","4",2023-08-03,3,1
"Malawi","MWI","08","5",2023-08-04,3,0
"Malawi","MWI","08","6",2023-08-05,2,0
"Malawi","MWI","08","0",2023-08-06,2,0
"Malawi","MWI","08","1",2023-08-07,1,0
"Malawi","MWI","08","2",2023-08-08,1,0
"Malawi","MWI","08","3",2023-08-09,1,0
"Malawi","MWI","08","4",2023-08-10,1,0
"Malawi","MWI","08","5",2023-08-11,1,0
"Malawi","MWI","08","6",2023-08-12,1,0
"Malawi","MWI","08","0",2023-08-13,1,0
"Malawi","MWI","08","1",2023-08-14,0,0
"Malawi","MWI","08","2",2023-08-15,0,0
"Malawi","MWI","08","3",2023-08-16,0,0
"Malawi","MWI","08","4",2023-08-17,1,0
"Malawi","MWI","08","5",2023-08-18,0,0
"Malawi","MWI","08","6",2023-08-19,0,0
"Malawi","MWI","08","0",2023-08-20,0,0
"Malawi","MWI","08","1",2023-08-21,0,0
"Malawi","MWI","08","2",2023-08-22,0,0
"Malawi","MWI","08","3",2023-08-23,1,0
"Malawi","MWI","08","4",2023-08-24,1,0
"Malawi","MWI","08","5",2023-08-25,1,0
"Malawi","MWI","08","6",2023-08-26,0,0
"Malawi","MWI","08","0",2023-08-27,0,0
"Malawi","MWI","08","1",2023-08-28,1,0
"Malawi","MWI","08","2",2023-08-29,1,0
"Malawi","MWI","08","3",2023-08-30,2,0
"Malawi","MWI","08","4",2023-08-31,2,0
"Malawi","MWI","09","5",2023-09-01,2,0
"Malawi","MWI","09","6",2023-09-02,1,0
"Malawi","MWI","09","0",2023-09-03,1,0
"Malawi","MWI","09","1",2023-09-04,0,0
"Malawi","MWI","09","2",2023-09-05,0,0
"Malawi","MWI","09","3",2023-09-06,0,0
"Malawi","MWI","09","4",2023-09-07,0,0
"Malawi","MWI","09","5",2023-09-08,0,0
"Malawi","MWI","09","6",2023-09-09,0,0
"Malawi","MWI","09","0",2023-09-10,0,0
"Malawi","MWI","09","1",2023-09-11,0,0
"Malawi","MWI","09","2",2023-09-12,0,0
"Malawi","MWI","09","3",2023-09-13,0,0
"Malawi","MWI","09","4",2023-09-14,1,0
"Malawi","MWI","09","5",2023-09-15,0,0
"Malawi","MWI","09","6",2023-09-16,0,0
"Malawi","MWI","09","0",2023-09-17,0,0
"Malawi","MWI","09","1",2023-09-18,0,0
"Malawi","MWI","09","2",2023-09-19,0,0
"Malawi","MWI","09","3",2023-09-20,0,0
"Malawi","MWI","09","4",2023-09-21,1,0
"Malawi","MWI","09","5",2023-09-22,1,0
"Malawi","MWI","09","6",2023-09-23,0,0
"Malawi","MWI","09","0",2023-09-24,0,0
"Malawi","MWI","09","1",2023-09-25,1,0
"Malawi","MWI","09","2",2023-09-26,1,0
"Malawi","MWI","09","3",2023-09-27,1,0
"Malawi","MWI","09","4",2023-09-28,2,0
"Malawi","MWI","09","5",2023-09-29,1,0
"Malawi","MWI","09","6",2023-09-30,1,0
"Malawi","MWI","10","0",2023-10-01,1,0
"Malawi","MWI","10","1",2023-10-02,1,0
"Malawi","MWI","10","2",2023-10-03,1,0
"Malawi","MWI","10","3",2023-10-04,1,0
"Malawi","MWI","10","4",2023-10-05,1,0
"Malawi","MWI","10","5",2023-10-06,1,0
"Malawi","MWI","10","6",2023-10-07,1,0
"Malawi","MWI","10","0",2023-10-08,1,0
"Malawi","MWI","10","1",2023-10-09,0,0
"Malawi","MWI","10","2",2023-10-10,1,0
"Malawi","MWI","10","3",2023-10-11,1,0
"Malawi","MWI","10","4",2023-10-12,1,0
"Malawi","MWI","10","5",2023-10-13,1,0
"Malawi","MWI","10","6",2023-10-14,1,0
"Malawi","MWI","10","0",2023-10-15,1,0
"Malawi","MWI","10","1",2023-10-16,2,0
"Malawi","MWI","10","2",2023-10-17,3,0
"Malawi","MWI","10","3",2023-10-18,3,0
"Malawi","MWI","10","4",2023-10-19,3,0
"Malawi","MWI","10","5",2023-10-20,3,0
"Malawi","MWI","10","6",2023-10-21,3,0
"Malawi","MWI","10","0",2023-10-22,3,0
"Malawi","MWI","10","1",2023-10-23,3,0
"Malawi","MWI","10","2",2023-10-24,3,0
"Malawi","MWI","10","3",2023-10-25,3,0
"Malawi","MWI","10","4",2023-10-26,3,1
"Malawi","MWI","10","5",2023-10-27,3,0
"Malawi","MWI","10","6",2023-10-28,3,0
"Malawi","MWI","10","0",2023-10-29,3,0
"Malawi","MWI","10","1",2023-10-30,2,0
"Malawi","MWI","10","2",2023-10-31,2,0
"Malawi","MWI","11","3",2023-11-01,3,0
"Malawi","MWI","11","4",2023-11-02,3,0
"Malawi","MWI","11","5",2023-11-03,3,0
"Malawi","MWI","11","6",2023-11-04,2,0
"Malawi","MWI","11","0",2023-11-05,2,0
"Malawi","MWI","11","1",2023-11-06,1,0
"Malawi","MWI","11","2",2023-11-07,1,0
"Malawi","MWI","11","3",2023-11-08,1,0
"Malawi","MWI","11","4",2023-11-09,1,0
"Malawi","MWI","11","5",2023-11-10,1,0
"Malawi","MWI","11","6",2023-11-11,1,0
"Malawi","MWI","11","0",2023-11-12,1,0
"Malawi","MWI","11","1",2023-11-13,0,0
"Malawi","MWI","11","2",2023-11-14,0,0
"Malawi","MWI","11","3",2023-11-15,1,0
"Malawi","MWI","11","4",2023-11-16,1,0
"Malawi","MWI","11","5",2023-11-17,1,0
"Malawi","MWI","11","6",2023-11-18,1,0
"Malawi","MWI","11","0",2023-11-19,0,0
"Malawi","MWI","11","1",2023-11-20,1,0
"Malawi","MWI","11","2",2023-11-21,1,0
"Malawi","MWI","11","3",2023-11-22,1,0
"Malawi","MWI","11","4",2023-11-23,2,1
"Malawi","MWI","11","5",2023-11-24,1,0
"Malawi","MWI","11","6",2023-11-25,1,0
"Malawi","MWI","11","0",2023-11-26,1,0
"Malawi","MWI","11","1",2023-11-27,0,0
"Malawi","MWI","11","2",2023-11-28,0,0
"Malawi","MWI","11","3",2023-11-29,0,0
"Malawi","MWI","11","4",2023-11-30,0,0
"Malawi","MWI","12","5",2023-12-01,0,0
"Malawi","MWI","12","6",2023-12-02,0,0
"Malawi","MWI","12","0",2023-12-03,0,0
"Malawi","MWI","12","1",2023-12-04,0,0
"Malawi","MWI","12","2",2023-12-05,0,0
"Malawi","MWI","12","3",2023-12-06,1,0
"Malawi","MWI","12","4",2023-12-07,1,0
"Malawi","MWI","12","5",2023-12-08,1,0
"Malawi","MWI","12","6",2023-12-09,1,0
"Malawi","MWI","12","0",2023-12-10,0,0
"Malawi","MWI","12","1",2023-12-11,0,0
"Malawi","MWI","12","2",2023-12-12,0,0
"Malawi","MWI","12","3",2023-12-13,0,0
"Malawi","MWI","12","4",2023-12-14,0,0
"Malawi","MWI","12","5",2023-12-15,0,0
"Malawi","MWI","12","6",2023-12-16,0,0
"Malawi","MWI","12","0",2023-12-17,0,0
"Malawi","MWI","12","1",2023-12-18,2,0
"Malawi","MWI","12","2",2023-12-19,3,0
"Malawi","MWI","12","3",2023-12-20,3,0
"Malawi","MWI","12","4",2023-12-21,3,1
"Malawi","MWI","12","5",2023-12-22,3,0
"Malawi","MWI","12","6",2023-12-23,3,0
"Malawi","MWI","12","0",2023-12-24,2,0
"Malawi","MWI","12","1",2023-12-25,0,0
"Malawi","MWI","12","2",2023-12-26,1,0
"Malawi","MWI","12","3",2023-12-27,1,0
"Malawi","MWI","12","4",2023-12-28,1,0
"Malawi","MWI","12","5",2023-12-29,1,0
"Malawi","MWI","12","6",2023-12-30,1,0
"Malawi","MWI","12","0",2023-12-31,0,0
"Malawi","MWI","01","1",2024-01-01,0,0
"Malawi","MWI","01","2",2024-01-02,0,0
"Malawi","MWI","01","3",2024-01-03,0,0
"Malawi","MWI","01","4",2024-01-04,1,0
"Malawi","MWI","01","5",2024-01-05,0,0
"Malawi","MWI","01","6",2024-01-06,0,0
"Malawi","MWI","01","0",2024-01-07,0,0
"Malawi","MWI","01","1",2024-01-08,0,0
"Malawi","MWI","01","2",2024-01-09,0,0
"Malawi","MWI","01","3",2024-01-10,0,0
"Malawi","MWI","01","4",2024-01-11,0,0
"Malawi","MWI","01","5",2024-01-12,0,0
"Malawi","MWI","01","6",2024-01-13,0,0
"Malawi","MWI","01","0",2024-01-14,0,0
"Malawi","MWI","01","1",2024-01-15,0,0
"Malawi","MWI","01","2",2024-01-16,0,0
"Malawi","MWI","01","3",2024-01-17,0,0
"Malawi","MWI","01","4",2024-01-18,1,0
"Malawi","MWI","01","5",2024-01-19,0,0
"Malawi","MWI","01","6",2024-01-20,0,0
"Malawi","MWI","01","0",2024-01-21,0,0
"Malawi","MWI","01","1",2024-01-22,0,0
"Malawi","MWI","01","2",2024-01-23,0,0
"Malawi","MWI","01","3",2024-01-24,0,0
"Malawi","MWI","01","4",2024-01-25,1,0
"Malawi","MWI","01","5",2024-01-26,1,0
"Malawi","MWI","01","6",2024-01-27,0,0
"Malawi","MWI","01","0",2024-01-28,0,0
"Malawi","MWI","01","1",2024-01-29,4,0
"Malawi","MWI","01","2",2024-01-30,4,0
"Malawi","MWI","01","3",2024-01-31,4,0
"Malawi","MWI","02","4",2024-02-01,4,0
"Malawi","MWI","02","5",2024-02-02,4,0
"Malawi","MWI","02","6",2024-02-03,4,0
"Malawi","MWI","02","0",2024-02-04,4,0
"Malawi","MWI","02","1",2024-02-05,0,0
"Malawi","MWI","02","2",2024-02-06,0,0
"Malawi","MWI","02","3",2024-02-07,0,0
"Malawi","MWI","02","4",2024-02-08,0,0
"Malawi","MWI","02","5",2024-02-09,0,0
"Malawi","MWI","02","6",2024-02-10,0,0
"Malawi","MWI","02","0",2024-02-11,0,0
"Malawi","MWI","02","1",2024-02-12,15,0
"Malawi","MWI","02","2",2024-02-13,16,0
"Malawi","MWI","02","3",2024-02-14,16,1
"Malawi","MWI","02","4",2024-02-15,16,1
"Malawi","MWI","02","5",2024-02-16,16,1
"Malawi","MWI","02","6",2024-02-17,16,0
"Malawi","MWI","02","0",2024-02-18,15,0
"Malawi","MWI","02","1",2024-02-19,2,0
"Malawi","MWI","02","2",2024-02-20,2,0
"Malawi","MWI","02","3",2024-02-21,3,0
"Malawi","MWI","02","4",2024-02-22,3,0
"Malawi","MWI","02","5",2024-02-23,3,0
"Malawi","MWI","02","6",2024-02-24,3,0
"Malawi","MWI","02","0",2024-02-25,2,0
"Malawi","MWI","02","1",2024-02-26,0,0
"Malawi","MWI","02","2",2024-02-27,1,0
"Malawi","MWI","02","3",2024-02-28,1,0
"Malawi","MWI","02","4",2024-02-29,1,0
"Malawi","MWI","03","5",2024-03-01,1,0
"Malawi","MWI","03","6",2024-03-02,1,0
"Malawi","MWI","03","0",2024-03-03,1,0
"Malawi","MWI","03","1",2024-03-04,1,0
"Malawi","MWI","03","2",2024-03-05,1,0
"Malawi","MWI","03","3",2024-03-06,2,0
"Malawi","MWI","03","4",2024-03-07,2,0
"Malawi","MWI","03","5",2024-03-08,2,0
"Malawi","MWI","03","6",2024-03-09,2,0
"Malawi","MWI","03","0",2024-03-10,1,0
"Malawi","MWI","03","1",2024-03-11,0,0
"Malawi","MWI","03","2",2024-03-12,0,0
"Malawi","MWI","03","3",2024-03-13,0,0
"Malawi","MWI","03","4",2024-03-14,0,0
"Malawi","MWI","03","5",2024-03-15,0,0
"Malawi","MWI","03","6",2024-03-16,0,0
"Malawi","MWI","03","0",2024-03-17,0,0
"Malawi","MWI","03","1",2024-03-18,1,0
"Malawi","MWI","03","2",2024-03-19,1,0
"Malawi","MWI","03","3",2024-03-20,2,0
"Malawi","MWI","03","4",2024-03-21,2,0
"Malawi","MWI","03","5",2024-03-22,2,0
"Malawi","MWI","03","6",2024-03-23,2,0
"Malawi","MWI","03","0",2024-03-24,1,0
"Malawi","MWI","03","1",2024-03-25,2,0
"Malawi","MWI","03","2",2024-03-26,2,0
"Malawi","MWI","03","3",2024-03-27,3,0
"Malawi","MWI","03","4",2024-03-28,3,0
"Malawi","MWI","03","5",2024-03-29,3,0
"Malawi","MWI","03","6",2024-03-30,2,0
"Malawi","MWI","03","0",2024-03-31,2,0
"Malawi","MWI","04","1",2024-04-01,1,0
"Malawi","MWI","04","2",2024-04-02,1,0
"Malawi","MWI","04","3",2024-04-03,2,0
"Malawi","MWI","04","4",2024-04-04,2,0
"Malawi","MWI","04","5",2024-04-05,2,0
"Malawi","MWI","04","6",2024-04-06,2,0
"Malawi","MWI","04","0",2024-04-07,1,0
"Malawi","MWI","04","1",2024-04-08,1,0
"Malawi","MWI","04","2",2024-04-09,1,0
"Malawi","MWI","04","3",2024-04-10,1,0
"Malawi","MWI","04","4",2024-04-11,2,0
"Malawi","MWI","04","5",2024-04-12,1,0
"Malawi","MWI","04","6",2024-04-13,1,0
"Malawi","MWI","04","0",2024-04-14,1,0
"Malawi","MWI","04","1",2024-04-15,1,NA
"Malawi","MWI","04","2",2024-04-16,1,NA
"Malawi","MWI","04","3",2024-04-17,2,NA
"Malawi","MWI","04","4",2024-04-18,2,NA
"Malawi","MWI","04","5",2024-04-19,2,NA
"Malawi","MWI","04","6",2024-04-20,2,NA
"Malawi","MWI","04","0",2024-04-21,1,NA
"Malawi","MWI","04","1",2024-04-22,0,0
"Malawi","MWI","04","2",2024-04-23,0,0
"Malawi","MWI","04","3",2024-04-24,0,0
"Malawi","MWI","04","4",2024-04-25,1,0
"Malawi","MWI","04","5",2024-04-26,1,0
"Malawi","MWI","04","6",2024-04-27,0,0
"Malawi","MWI","04","0",2024-04-28,0,0
"Malawi","MWI","04","1",2024-04-29,0,0
"Malawi","MWI","04","2",2024-04-30,0,0
"Malawi","MWI","05","3",2024-05-01,0,0
"Malawi","MWI","05","4",2024-05-02,0,0
"Malawi","MWI","05","5",2024-05-03,0,0
"Malawi","MWI","05","6",2024-05-04,0,0
"Malawi","MWI","05","0",2024-05-05,0,0
"Malawi","MWI","05","1",2024-05-06,0,0
"Malawi","MWI","05","2",2024-05-07,0,0
"Malawi","MWI","05","3",2024-05-08,0,0
"Malawi","MWI","05","4",2024-05-09,1,0
"Malawi","MWI","05","5",2024-05-10,0,0
"Malawi","MWI","05","6",2024-05-11,0,0
"Malawi","MWI","05","0",2024-05-12,0,0
"Malawi","MWI","05","1",2024-05-13,0,0
"Malawi","MWI","05","2",2024-05-14,0,0
"Malawi","MWI","05","3",2024-05-15,0,0
"Malawi","MWI","05","4",2024-05-16,1,0
"Malawi","MWI","05","5",2024-05-17,1,0
"Malawi","MWI","05","6",2024-05-18,0,0
"Malawi","MWI","05","0",2024-05-19,0,0
"Malawi","MWI","05","1",2024-05-20,0,0
"Malawi","MWI","05","2",2024-05-21,1,0
"Malawi","MWI","05","3",2024-05-22,1,0
"Malawi","MWI","05","4",2024-05-23,1,0
"Malawi","MWI","05","5",2024-05-24,1,0
"Malawi","MWI","05","6",2024-05-25,1,0
"Malawi","MWI","05","0",2024-05-26,1,0
"Malawi","MWI","05","1",2024-05-27,0,0
"Malawi","MWI","05","2",2024-05-28,0,0
"Malawi","MWI","05","3",2024-05-29,0,0
"Malawi","MWI","05","4",2024-05-30,1,0
"Malawi","MWI","05","5",2024-05-31,1,0
"Malawi","MWI","06","6",2024-06-01,0,0
"Malawi","MWI","06","0",2024-06-02,0,0
"Malawi","MWI","06","1",2024-06-03,0,0
"Malawi","MWI","06","2",2024-06-04,0,0
"Malawi","MWI","06","3",2024-06-05,1,0
"Malawi","MWI","06","4",2024-06-06,1,0
"Malawi","MWI","06","5",2024-06-07,1,0
"Malawi","MWI","06","6",2024-06-08,1,0
"Malawi","MWI","06","0",2024-06-09,0,0
"Malawi","MWI","06","1",2024-06-10,0,0
"Malawi","MWI","06","2",2024-06-11,0,0
"Malawi","MWI","06","3",2024-06-12,0,0
"Malawi","MWI","06","4",2024-06-13,0,0
"Malawi","MWI","06","5",2024-06-14,0,0
"Malawi","MWI","06","6",2024-06-15,0,0
"Malawi","MWI","06","0",2024-06-16,0,0
"Malawi","MWI","06","1",2024-06-17,0,0
"Malawi","MWI","06","2",2024-06-18,0,0
"Malawi","MWI","06","3",2024-06-19,0,0
"Malawi","MWI","06","4",2024-06-20,0,0
"Malawi","MWI","06","5",2024-06-21,0,0
"Malawi","MWI","06","6",2024-06-22,0,0
"Malawi","MWI","06","0",2024-06-23,0,0
"Malawi","MWI","06","1",2024-06-24,0,0
"Malawi","MWI","06","2",2024-06-25,0,0
"Malawi","MWI","06","3",2024-06-26,0,0
"Malawi","MWI","06","4",2024-06-27,0,0
"Malawi","MWI","06","5",2024-06-28,0,0
"Malawi","MWI","06","6",2024-06-29,0,0
"Malawi","MWI","06","0",2024-06-30,0,0
"Malawi","MWI","07","1",2024-07-01,0,0
"Malawi","MWI","07","2",2024-07-02,0,0
"Malawi","MWI","07","3",2024-07-03,0,0
"Malawi","MWI","07","4",2024-07-04,0,0
"Malawi","MWI","07","5",2024-07-05,0,0
"Malawi","MWI","07","6",2024-07-06,0,0
"Malawi","MWI","07","0",2024-07-07,0,0
"Malawi","MWI","07","1",2024-07-08,0,0
"Malawi","MWI","07","2",2024-07-09,0,0
"Malawi","MWI","07","3",2024-07-10,0,0
"Malawi","MWI","07","4",2024-07-11,0,0
"Malawi","MWI","07","5",2024-07-12,0,0
"Malawi","MWI","07","6",2024-07-13,0,0
"Malawi","MWI","07","0",2024-07-14,0,0
"Malawi","MWI","07","1",2024-07-15,0,0
"Malawi","MWI","07","2",2024-07-16,0,0
"Malawi","MWI","07","3",2024-07-17,0,0
"Malawi","MWI","07","4",2024-07-18,0,0
"Malawi","MWI","07","5",2024-07-19,0,0
"Malawi","MWI","07","6",2024-07-20,0,0
"Malawi","MWI","07","0",2024-07-21,0,0
"Malawi","MWI","07","1",2024-07-22,0,0
"Malawi","MWI","07","2",2024-07-23,0,0
"Malawi","MWI","07","3",2024-07-24,0,0
"Malawi","MWI","07","4",2024-07-25,0,0
"Malawi","MWI","07","5",2024-07-26,0,0
"Malawi","MWI","07","6",2024-07-27,0,0
"Malawi","MWI","07","0",2024-07-28,0,0
"Malawi","MWI","07","1",2024-07-29,0,0
"Malawi","MWI","07","2",2024-07-30,0,0
"Malawi","MWI","07","3",2024-07-31,0,0
"Malawi","MWI","08","4",2024-08-01,0,0
"Malawi","MWI","08","5",2024-08-02,0,0
"Malawi","MWI","08","6",2024-08-03,0,0
"Malawi","MWI","08","0",2024-08-04,0,0
"Malawi","MWI","08","1",2024-08-05,0,0
"Malawi","MWI","08","2",2024-08-06,0,0
"Malawi","MWI","08","3",2024-08-07,0,0
"Malawi","MWI","08","4",2024-08-08,0,0
"Malawi","MWI","08","5",2024-08-09,0,0
"Malawi","MWI","08","6",2024-08-10,0,0
"Malawi","MWI","08","0",2024-08-11,0,0
"Malawi","MWI","08","1",2024-08-12,0,0
"Malawi","MWI","08","2",2024-08-13,0,0
"Malawi","MWI","08","3",2024-08-14,0,0
"Malawi","MWI","08","4",2024-08-15,0,0
"Malawi","MWI","08","5",2024-08-16,0,0
"Malawi","MWI","08","6",2024-08-17,0,0
"Malawi","MWI","08","0",2024-08-18,0,0
"Malawi","MWI","08","1",2024-08-19,0,0
"Malawi","MWI","08","2",2024-08-20,0,0
"Malawi","MWI","08","3",2024-08-21,0,0
"Malawi","MWI","08","4",2024-08-22,0,0
"Malawi","MWI","08","5",2024-08-23,0,0
"Malawi","MWI","08","6",2024-08-24,0,0
"Malawi","MWI","08","0",2024-08-25,0,0
"Malawi","MWI","08","1",2024-08-26,0,0
"Malawi","MWI","08","2",2024-08-27,0,0
"Malawi","MWI","08","3",2024-08-28,0,0
"Malawi","MWI","08","4",2024-08-29,1,0
"Malawi","MWI","08","5",2024-08-30,0,0
"Malawi","MWI","08","6",2024-08-31,0,0
"Malawi","MWI","09","0",2024-09-01,0,0
"Malawi","MWI","09","1",2024-09-02,0,0
"Malawi","MWI","09","2",2024-09-03,0,0
"Malawi","MWI","09","3",2024-09-04,1,0
"Malawi","MWI","09","4",2024-09-05,1,0
"Malawi","MWI","09","5",2024-09-06,1,0
"Malawi","MWI","09","6",2024-09-07,0,0
"Malawi","MWI","09","0",2024-09-08,0,0
"Malawi","MWI","09","1",2024-09-09,3,0
"Malawi","MWI","09","2",2024-09-10,3,0
"Malawi","MWI","09","3",2024-09-11,3,0
"Malawi","MWI","09","4",2024-09-12,4,0
"Malawi","MWI","09","5",2024-09-13,4,0
"Malawi","MWI","09","6",2024-09-14,3,0
"Malawi","MWI","09","0",2024-09-15,3,0
"Malawi","MWI","09","1",2024-09-16,2,0
"Malawi","MWI","09","2",2024-09-17,2,0
"Malawi","MWI","09","3",2024-09-18,3,0
"Malawi","MWI","09","4",2024-09-19,3,1
"Malawi","MWI","09","5",2024-09-20,3,0
"Malawi","MWI","09","6",2024-09-21,2,0
"Malawi","MWI","09","0",2024-09-22,2,0
"Malawi","MWI","09","1",2024-09-23,1,0
"Malawi","MWI","09","2",2024-09-24,1,0
"Malawi","MWI","09","3",2024-09-25,1,0
"Malawi","MWI","09","4",2024-09-26,1,0
"Malawi","MWI","09","5",2024-09-27,1,0
"Malawi","MWI","09","6",2024-09-28,1,0
"Malawi","MWI","09","0",2024-09-29,1,0
"Malawi","MWI","09","1",2024-09-30,0,0
"Malawi","MWI","10","2",2024-10-01,1,0
"Malawi","MWI","10","3",2024-10-02,1,0
"Malawi","MWI","10","4",2024-10-03,1,1
"Malawi","MWI","10","5",2024-10-04,1,0
"Malawi","MWI","10","6",2024-10-05,1,0
"Malawi","MWI","10","0",2024-10-06,1,0
"Malawi","MWI","10","1",2024-10-07,1,0
"Malawi","MWI","10","2",2024-10-08,1,0
"Malawi","MWI","10","3",2024-10-09,2,0
"Malawi","MWI","10","4",2024-10-10,2,0
"Malawi","MWI","10","5",2024-10-11,2,0
"Malawi","MWI","10","6",2024-10-12,1,0
"Malawi","MWI","10","0",2024-10-13,1,0
"Malawi","MWI","10","1",2024-10-14,0,0
"Malawi","MWI","10","2",2024-10-15,1,0
"Malawi","MWI","10","3",2024-10-16,1,0
"Malawi","MWI","10","4",2024-10-17,1,0
"Malawi","MWI","10","5",2024-10-18,1,0
"Malawi","MWI","10","6",2024-10-19,1,0
"Malawi","MWI","10","0",2024-10-20,0,0
"Malawi","MWI","10","1",2024-10-21,3,0
"Malawi","MWI","10","2",2024-10-22,3,0
"Malawi","MWI","10","3",2024-10-23,3,0
"Malawi","MWI","10","4",2024-10-24,3,1
"Malawi","MWI","10","5",2024-10-25,3,0
"Malawi","MWI","10","6",2024-10-26,3,0
"Malawi","MWI","10","0",2024-10-27,3,0
"Malawi","MWI","10","1",2024-10-28,0,0
"Malawi","MWI","10","2",2024-10-29,0,0
"Malawi","MWI","10","3",2024-10-30,1,1
"Malawi","MWI","10","4",2024-10-31,1,1
"Malawi","MWI","11","5",2024-11-01,1,1
"Malawi","MWI","11","6",2024-11-02,0,0
"Malawi","MWI","11","0",2024-11-03,0,0
"Malawi","MWI","11","1",2024-11-04,3,0
"Malawi","MWI","11","2",2024-11-05,3,0
"Malawi","MWI","11","3",2024-11-06,3,0
"Malawi","MWI","11","4",2024-11-07,3,1
"Malawi","MWI","11","5",2024-11-08,3,0
"Malawi","MWI","11","6",2024-11-09,3,0
"Malawi","MWI","11","0",2024-11-10,3,0
"Malawi","MWI","11","1",2024-11-11,1,0
"Malawi","MWI","11","2",2024-11-12,1,0
"Malawi","MWI","11","3",2024-11-13,1,1
"Malawi","MWI","11","4",2024-11-14,2,1
"Malawi","MWI","11","5",2024-11-15,2,1
"Malawi","MWI","11","6",2024-11-16,1,0
"Malawi","MWI","11","0",2024-11-17,1,0
"Malawi","MWI","11","1",2024-11-18,1,0
"Malawi","MWI","11","2",2024-11-19,1,0
"Malawi","MWI","11","3",2024-11-20,1,0
"Malawi","MWI","11","4",2024-11-21,2,0
"Malawi","MWI","11","5",2024-11-22,1,0
"Malawi","MWI","11","6",2024-11-23,1,0
"Malawi","MWI","11","0",2024-11-24,1,0
"Malawi","MWI","11","1",2024-11-25,0,0
"Malawi","MWI","11","2",2024-11-26,1,0
"Malawi","MWI","11","3",2024-11-27,1,0
"Malawi","MWI","11","4",2024-11-28,1,0
"Malawi","MWI","11","5",2024-11-29,1,0
"Malawi","MWI","11","6",2024-11-30,1,0
"Malawi","MWI","12","0",2024-12-01,0,0
"Malawi","MWI","12","1",2024-12-02,3,0
"Malawi","MWI","12","2",2024-12-03,4,0
"Malawi","MWI","12","3",2024-12-04,4,0
"Malawi","MWI","12","4",2024-12-05,4,0
"Malawi","MWI","12","5",2024-12-06,4,0
"Malawi","MWI","12","6",2024-12-07,4,0
"Malawi","MWI","12","0",2024-12-08,4,0
"Malawi","MWI","12","1",2024-12-09,0,0
"Malawi","MWI","12","2",2024-12-10,1,0
"Malawi","MWI","12","3",2024-12-11,1,0
"Malawi","MWI","12","4",2024-12-12,1,0
"Malawi","MWI","12","5",2024-12-13,1,0
"Malawi","MWI","12","6",2024-12-14,1,0
"Malawi","MWI","12","0",2024-12-15,0,0
"Malawi","MWI","12","1",2024-12-16,4,0
"Malawi","MWI","12","2",2024-12-17,4,0
"Malawi","MWI","12","3",2024-12-18,5,1
"Malawi","MWI","12","4",2024-12-19,5,1
"Malawi","MWI","12","5",2024-12-20,5,1
"Malawi","MWI","12","6",2024-12-21,4,0
"Malawi","MWI","12","0",2024-12-22,4,0
"Malawi","MWI","12","1",2024-12-23,1,0
"Malawi","MWI","12","2",2024-12-24,1,0
"Malawi","MWI","12","3",2024-12-25,2,0
"Malawi","MWI","12","4",2024-12-26,2,1
"Malawi","MWI","12","5",2024-12-27,2,0
"Malawi","MWI","12","6",2024-12-28,2,0
"Malawi","MWI","12","0",2024-12-29,1,0
"Malawi","MWI","12","1",2024-12-30,4,0
"Malawi","MWI","12","2",2024-12-31,5,0
"Malawi","MWI","01","3",2025-01-01,5,0
"Malawi","MWI","01","4",2025-01-02,5,0
"Malawi","MWI","01","5",2025-01-03,5,0
"Malawi","MWI","01","6",2025-01-04,5,0
"Malawi","MWI","01","0",2025-01-05,5,0
"Malawi","MWI","01","1",2025-01-06,1,0
"Malawi","MWI","01","2",2025-01-07,1,0
"Malawi","MWI","01","3",2025-01-08,2,0
"Malawi","MWI","01","4",2025-01-09,2,0
"Malawi","MWI","01","5",2025-01-10,2,0
"Malawi","MWI","01","6",2025-01-11,2,0
"Malawi","MWI","01","0",2025-01-12,1,0
"Niger","NER","08","1",2024-08-26,0,0
"Niger","NER","08","2",2024-08-27,0,0
"Niger","NER","08","3",2024-08-28,0,0
"Niger","NER","08","4",2024-08-29,1,0
"Niger","NER","08","5",2024-08-30,0,0
"Niger","NER","08","6",2024-08-31,0,0
"Niger","NER","09","0",2024-09-01,0,0
"Niger","NER","09","1",2024-09-02,0,0
"Niger","NER","09","2",2024-09-03,0,0
"Niger","NER","09","3",2024-09-04,0,0
"Niger","NER","09","4",2024-09-05,0,0
"Niger","NER","09","5",2024-09-06,0,0
"Niger","NER","09","6",2024-09-07,0,0
"Niger","NER","09","0",2024-09-08,0,0
"Niger","NER","09","1",2024-09-09,36,1
"Niger","NER","09","2",2024-09-10,36,1
"Niger","NER","09","3",2024-09-11,36,2
"Niger","NER","09","4",2024-09-12,36,2
"Niger","NER","09","5",2024-09-13,36,2
"Niger","NER","09","6",2024-09-14,36,1
"Niger","NER","09","0",2024-09-15,36,1
"Niger","NER","09","1",2024-09-16,9,0
"Niger","NER","09","2",2024-09-17,9,0
"Niger","NER","09","3",2024-09-18,10,0
"Niger","NER","09","4",2024-09-19,10,0
"Niger","NER","09","5",2024-09-20,10,0
"Niger","NER","09","6",2024-09-21,10,0
"Niger","NER","09","0",2024-09-22,9,0
"Niger","NER","09","1",2024-09-23,55,1
"Niger","NER","09","2",2024-09-24,55,1
"Niger","NER","09","3",2024-09-25,55,1
"Niger","NER","09","4",2024-09-26,55,1
"Niger","NER","09","5",2024-09-27,55,1
"Niger","NER","09","6",2024-09-28,55,1
"Niger","NER","09","0",2024-09-29,55,1
"Niger","NER","09","1",2024-09-30,23,0
"Niger","NER","10","2",2024-10-01,23,0
"Niger","NER","10","3",2024-10-02,23,0
"Niger","NER","10","4",2024-10-03,23,1
"Niger","NER","10","5",2024-10-04,23,0
"Niger","NER","10","6",2024-10-05,23,0
"Niger","NER","10","0",2024-10-06,23,0
"Niger","NER","10","1",2024-10-07,10,0
"Niger","NER","10","2",2024-10-08,11,0
"Niger","NER","10","3",2024-10-09,11,0
"Niger","NER","10","4",2024-10-10,11,1
"Niger","NER","10","5",2024-10-11,11,0
"Niger","NER","10","6",2024-10-12,11,0
"Niger","NER","10","0",2024-10-13,11,0
"Niger","NER","10","1",2024-10-14,0,0
"Niger","NER","10","2",2024-10-15,0,0
"Niger","NER","10","3",2024-10-16,0,0
"Niger","NER","10","4",2024-10-17,0,0
"Niger","NER","10","5",2024-10-18,0,0
"Niger","NER","10","6",2024-10-19,0,0
"Niger","NER","10","0",2024-10-20,0,0
"Niger","NER","10","1",2024-10-21,12,0
"Niger","NER","10","2",2024-10-22,12,0
"Niger","NER","10","3",2024-10-23,12,0
"Niger","NER","10","4",2024-10-24,13,1
"Niger","NER","10","5",2024-10-25,12,1
"Niger","NER","10","6",2024-10-26,12,0
"Niger","NER","10","0",2024-10-27,12,0
"Niger","NER","10","1",2024-10-28,0,0
"Niger","NER","10","2",2024-10-29,0,0
"Niger","NER","10","3",2024-10-30,0,0
"Niger","NER","10","4",2024-10-31,0,0
"Niger","NER","11","5",2024-11-01,0,0
"Niger","NER","11","6",2024-11-02,0,0
"Niger","NER","11","0",2024-11-03,0,0
"Niger","NER","11","1",2024-11-04,0,0
"Niger","NER","11","2",2024-11-05,0,0
"Niger","NER","11","3",2024-11-06,0,0
"Niger","NER","11","4",2024-11-07,0,0
"Niger","NER","11","5",2024-11-08,0,0
"Niger","NER","11","6",2024-11-09,0,0
"Niger","NER","11","0",2024-11-10,0,0
"Niger","NER","11","1",2024-11-11,4,0
"Niger","NER","11","2",2024-11-12,5,0
"Niger","NER","11","3",2024-11-13,5,0
"Niger","NER","11","4",2024-11-14,5,1
"Niger","NER","11","5",2024-11-15,5,0
"Niger","NER","11","6",2024-11-16,5,0
"Niger","NER","11","0",2024-11-17,5,0
"Niger","NER","11","1",2024-11-18,0,0
"Niger","NER","11","2",2024-11-19,0,0
"Niger","NER","11","3",2024-11-20,1,0
"Niger","NER","11","4",2024-11-21,1,1
"Niger","NER","11","5",2024-11-22,1,0
"Niger","NER","11","6",2024-11-23,0,0
"Niger","NER","11","0",2024-11-24,0,0
"Niger","NER","11","1",2024-11-25,0,0
"Niger","NER","11","2",2024-11-26,0,0
"Niger","NER","11","3",2024-11-27,0,0
"Niger","NER","11","4",2024-11-28,0,0
"Niger","NER","11","5",2024-11-29,0,0
"Niger","NER","11","6",2024-11-30,0,0
"Niger","NER","12","0",2024-12-01,0,0
"Niger","NER","12","1",2024-12-02,0,0
"Niger","NER","12","2",2024-12-03,0,0
"Niger","NER","12","3",2024-12-04,0,0
"Niger","NER","12","4",2024-12-05,1,0
"Niger","NER","12","5",2024-12-06,0,0
"Niger","NER","12","6",2024-12-07,0,0
"Niger","NER","12","0",2024-12-08,0,0
"Niger","NER","12","1",2024-12-09,0,0
"Niger","NER","12","2",2024-12-10,0,0
"Niger","NER","12","3",2024-12-11,0,0
"Niger","NER","12","4",2024-12-12,0,0
"Niger","NER","12","5",2024-12-13,0,0
"Niger","NER","12","6",2024-12-14,0,0
"Niger","NER","12","0",2024-12-15,0,0
"Niger","NER","12","1",2024-12-16,0,0
"Niger","NER","12","2",2024-12-17,0,0
"Niger","NER","12","3",2024-12-18,0,0
"Niger","NER","12","4",2024-12-19,1,0
"Niger","NER","12","5",2024-12-20,0,0
"Niger","NER","12","6",2024-12-21,0,0
"Niger","NER","12","0",2024-12-22,0,0
"Niger","NER","12","1",2024-12-23,0,0
"Niger","NER","12","2",2024-12-24,0,0
"Niger","NER","12","3",2024-12-25,0,0
"Niger","NER","12","4",2024-12-26,0,0
"Niger","NER","12","5",2024-12-27,0,0
"Niger","NER","12","6",2024-12-28,0,0
"Niger","NER","12","0",2024-12-29,0,0
"Niger","NER","12","1",2024-12-30,0,0
"Niger","NER","12","2",2024-12-31,0,0
"Niger","NER","01","3",2025-01-01,0,0
"Niger","NER","01","4",2025-01-02,0,0
"Niger","NER","01","5",2025-01-03,0,0
"Niger","NER","01","6",2025-01-04,0,0
"Niger","NER","01","0",2025-01-05,0,0
"Nigeria","NGA","01","1",2023-01-02,10,0
"Nigeria","NGA","01","2",2023-01-03,10,0
"Nigeria","NGA","01","3",2023-01-04,10,0
"Nigeria","NGA","01","4",2023-01-05,11,1
"Nigeria","NGA","01","5",2023-01-06,11,0
"Nigeria","NGA","01","6",2023-01-07,10,0
"Nigeria","NGA","01","0",2023-01-08,10,0
"Nigeria","NGA","01","1",2023-01-09,12,0
"Nigeria","NGA","01","2",2023-01-10,12,1
"Nigeria","NGA","01","3",2023-01-11,12,1
"Nigeria","NGA","01","4",2023-01-12,13,1
"Nigeria","NGA","01","5",2023-01-13,12,1
"Nigeria","NGA","01","6",2023-01-14,12,1
"Nigeria","NGA","01","0",2023-01-15,12,1
"Nigeria","NGA","01","1",2023-01-16,32,1
"Nigeria","NGA","01","2",2023-01-17,32,2
"Nigeria","NGA","01","3",2023-01-18,32,2
"Nigeria","NGA","01","4",2023-01-19,32,2
"Nigeria","NGA","01","5",2023-01-20,32,2
"Nigeria","NGA","01","6",2023-01-21,32,2
"Nigeria","NGA","01","0",2023-01-22,32,1
"Nigeria","NGA","01","1",2023-01-23,32,1
"Nigeria","NGA","01","2",2023-01-24,33,1
"Nigeria","NGA","01","3",2023-01-25,33,1
"Nigeria","NGA","01","4",2023-01-26,33,1
"Nigeria","NGA","01","5",2023-01-27,33,1
"Nigeria","NGA","01","6",2023-01-28,33,1
"Nigeria","NGA","01","0",2023-01-29,32,1
"Nigeria","NGA","01","1",2023-01-30,27,1
"Nigeria","NGA","01","2",2023-01-31,27,1
"Nigeria","NGA","02","3",2023-02-01,27,2
"Nigeria","NGA","02","4",2023-02-02,28,2
"Nigeria","NGA","02","5",2023-02-03,28,2
"Nigeria","NGA","02","6",2023-02-04,27,1
"Nigeria","NGA","02","0",2023-02-05,27,1
"Nigeria","NGA","02","1",2023-02-06,35,1
"Nigeria","NGA","02","2",2023-02-07,35,1
"Nigeria","NGA","02","3",2023-02-08,36,1
"Nigeria","NGA","02","4",2023-02-09,36,2
"Nigeria","NGA","02","5",2023-02-10,36,2
"Nigeria","NGA","02","6",2023-02-11,36,1
"Nigeria","NGA","02","0",2023-02-12,35,1
"Nigeria","NGA","02","1",2023-02-13,22,0
"Nigeria","NGA","02","2",2023-02-14,22,1
"Nigeria","NGA","02","3",2023-02-15,22,1
"Nigeria","NGA","02","4",2023-02-16,23,1
"Nigeria","NGA","02","5",2023-02-17,23,1
"Nigeria","NGA","02","6",2023-02-18,22,1
"Nigeria","NGA","02","0",2023-02-19,22,1
"Nigeria","NGA","02","1",2023-02-20,25,1
"Nigeria","NGA","02","2",2023-02-21,26,1
"Nigeria","NGA","02","3",2023-02-22,26,1
"Nigeria","NGA","02","4",2023-02-23,26,2
"Nigeria","NGA","02","5",2023-02-24,26,1
"Nigeria","NGA","02","6",2023-02-25,26,1
"Nigeria","NGA","02","0",2023-02-26,25,1
"Nigeria","NGA","02","1",2023-02-27,24,1
"Nigeria","NGA","02","2",2023-02-28,25,1
"Nigeria","NGA","03","3",2023-03-01,25,1
"Nigeria","NGA","03","4",2023-03-02,25,1
"Nigeria","NGA","03","5",2023-03-03,25,1
"Nigeria","NGA","03","6",2023-03-04,25,1
"Nigeria","NGA","03","0",2023-03-05,24,1
"Nigeria","NGA","03","1",2023-03-06,11,0
"Nigeria","NGA","03","2",2023-03-07,12,0
"Nigeria","NGA","03","3",2023-03-08,12,0
"Nigeria","NGA","03","4",2023-03-09,12,1
"Nigeria","NGA","03","5",2023-03-10,12,1
"Nigeria","NGA","03","6",2023-03-11,12,0
"Nigeria","NGA","03","0",2023-03-12,11,0
"Nigeria","NGA","03","1",2023-03-13,11,0
"Nigeria","NGA","03","2",2023-03-14,11,0
"Nigeria","NGA","03","3",2023-03-15,12,0
"Nigeria","NGA","03","4",2023-03-16,12,0
"Nigeria","NGA","03","5",2023-03-17,12,0
"Nigeria","NGA","03","6",2023-03-18,11,0
"Nigeria","NGA","03","0",2023-03-19,11,0
"Nigeria","NGA","03","1",2023-03-20,8,0
"Nigeria","NGA","03","2",2023-03-21,8,0
"Nigeria","NGA","03","3",2023-03-22,9,0
"Nigeria","NGA","03","4",2023-03-23,9,1
"Nigeria","NGA","03","5",2023-03-24,9,0
"Nigeria","NGA","03","6",2023-03-25,8,0
"Nigeria","NGA","03","0",2023-03-26,8,0
"Nigeria","NGA","03","1",2023-03-27,4,0
"Nigeria","NGA","03","2",2023-03-28,5,0
"Nigeria","NGA","03","3",2023-03-29,5,0
"Nigeria","NGA","03","4",2023-03-30,5,0
"Nigeria","NGA","03","5",2023-03-31,5,0
"Nigeria","NGA","04","6",2023-04-01,5,0
"Nigeria","NGA","04","0",2023-04-02,5,0
"Nigeria","NGA","04","1",2023-04-03,5,0
"Nigeria","NGA","04","2",2023-04-04,5,0
"Nigeria","NGA","04","3",2023-04-05,5,0
"Nigeria","NGA","04","4",2023-04-06,5,1
"Nigeria","NGA","04","5",2023-04-07,5,1
"Nigeria","NGA","04","6",2023-04-08,5,0
"Nigeria","NGA","04","0",2023-04-09,5,0
"Nigeria","NGA","04","1",2023-04-10,3,0
"Nigeria","NGA","04","2",2023-04-11,3,0
"Nigeria","NGA","04","3",2023-04-12,3,0
"Nigeria","NGA","04","4",2023-04-13,4,0
"Nigeria","NGA","04","5",2023-04-14,3,0
"Nigeria","NGA","04","6",2023-04-15,3,0
"Nigeria","NGA","04","0",2023-04-16,3,0
"Nigeria","NGA","04","1",2023-04-17,1,0
"Nigeria","NGA","04","2",2023-04-18,1,0
"Nigeria","NGA","04","3",2023-04-19,1,0
"Nigeria","NGA","04","4",2023-04-20,2,0
"Nigeria","NGA","04","5",2023-04-21,2,0
"Nigeria","NGA","04","6",2023-04-22,1,0
"Nigeria","NGA","04","0",2023-04-23,1,0
"Nigeria","NGA","04","1",2023-04-24,3,0
"Nigeria","NGA","04","2",2023-04-25,3,0
"Nigeria","NGA","04","3",2023-04-26,3,0
"Nigeria","NGA","04","4",2023-04-27,3,0
"Nigeria","NGA","04","5",2023-04-28,3,0
"Nigeria","NGA","04","6",2023-04-29,3,0
"Nigeria","NGA","04","0",2023-04-30,3,0
"Nigeria","NGA","05","1",2023-05-01,2,0
"Nigeria","NGA","05","2",2023-05-02,2,0
"Nigeria","NGA","05","3",2023-05-03,2,0
"Nigeria","NGA","05","4",2023-05-04,2,1
"Nigeria","NGA","05","5",2023-05-05,2,0
"Nigeria","NGA","05","6",2023-05-06,2,0
"Nigeria","NGA","05","0",2023-05-07,2,0
"Nigeria","NGA","05","1",2023-05-08,0,0
"Nigeria","NGA","05","2",2023-05-09,0,0
"Nigeria","NGA","05","3",2023-05-10,0,0
"Nigeria","NGA","05","4",2023-05-11,1,0
"Nigeria","NGA","05","5",2023-05-12,1,0
"Nigeria","NGA","05","6",2023-05-13,0,0
"Nigeria","NGA","05","0",2023-05-14,0,0
"Nigeria","NGA","05","1",2023-05-15,0,0
"Nigeria","NGA","05","2",2023-05-16,0,0
"Nigeria","NGA","05","3",2023-05-17,0,0
"Nigeria","NGA","05","4",2023-05-18,0,0
"Nigeria","NGA","05","5",2023-05-19,0,0
"Nigeria","NGA","05","6",2023-05-20,0,0
"Nigeria","NGA","05","0",2023-05-21,0,0
"Nigeria","NGA","05","1",2023-05-22,NA,NA
"Nigeria","NGA","05","2",2023-05-23,NA,NA
"Nigeria","NGA","05","3",2023-05-24,NA,NA
"Nigeria","NGA","05","4",2023-05-25,NA,NA
"Nigeria","NGA","05","5",2023-05-26,NA,NA
"Nigeria","NGA","05","6",2023-05-27,NA,NA
"Nigeria","NGA","05","0",2023-05-28,NA,NA
"Nigeria","NGA","05","1",2023-05-29,0,0
"Nigeria","NGA","05","2",2023-05-30,0,0
"Nigeria","NGA","05","3",2023-05-31,0,0
"Nigeria","NGA","06","4",2023-06-01,0,0
"Nigeria","NGA","06","5",2023-06-02,0,0
"Nigeria","NGA","06","6",2023-06-03,0,0
"Nigeria","NGA","06","0",2023-06-04,0,0
"Nigeria","NGA","06","1",2023-06-05,0,0
"Nigeria","NGA","06","2",2023-06-06,0,0
"Nigeria","NGA","06","3",2023-06-07,0,0
"Nigeria","NGA","06","4",2023-06-08,0,0
"Nigeria","NGA","06","5",2023-06-09,0,0
"Nigeria","NGA","06","6",2023-06-10,0,0
"Nigeria","NGA","06","0",2023-06-11,0,0
"Nigeria","NGA","06","1",2023-06-12,0,0
"Nigeria","NGA","06","2",2023-06-13,0,0
"Nigeria","NGA","06","3",2023-06-14,0,0
"Nigeria","NGA","06","4",2023-06-15,0,0
"Nigeria","NGA","06","5",2023-06-16,0,0
"Nigeria","NGA","06","6",2023-06-17,0,0
"Nigeria","NGA","06","0",2023-06-18,0,0
"Nigeria","NGA","06","1",2023-06-19,0,0
"Nigeria","NGA","06","2",2023-06-20,0,0
"Nigeria","NGA","06","3",2023-06-21,0,0
"Nigeria","NGA","06","4",2023-06-22,0,0
"Nigeria","NGA","06","5",2023-06-23,0,0
"Nigeria","NGA","06","6",2023-06-24,0,0
"Nigeria","NGA","06","0",2023-06-25,0,0
"Nigeria","NGA","06","1",2023-06-26,28,0
"Nigeria","NGA","06","2",2023-06-27,29,0
"Nigeria","NGA","06","3",2023-06-28,29,1
"Nigeria","NGA","06","4",2023-06-29,29,1
"Nigeria","NGA","06","5",2023-06-30,29,1
"Nigeria","NGA","07","6",2023-07-01,29,0
"Nigeria","NGA","07","0",2023-07-02,28,0
"Nigeria","NGA","07","1",2023-07-03,0,0
"Nigeria","NGA","07","2",2023-07-04,0,0
"Nigeria","NGA","07","3",2023-07-05,0,0
"Nigeria","NGA","07","4",2023-07-06,0,0
"Nigeria","NGA","07","5",2023-07-07,0,0
"Nigeria","NGA","07","6",2023-07-08,0,0
"Nigeria","NGA","07","0",2023-07-09,0,0
"Nigeria","NGA","07","1",2023-07-10,0,0
"Nigeria","NGA","07","2",2023-07-11,0,0
"Nigeria","NGA","07","3",2023-07-12,0,0
"Nigeria","NGA","07","4",2023-07-13,0,0
"Nigeria","NGA","07","5",2023-07-14,0,0
"Nigeria","NGA","07","6",2023-07-15,0,0
"Nigeria","NGA","07","0",2023-07-16,0,0
"Nigeria","NGA","07","1",2023-07-17,0,0
"Nigeria","NGA","07","2",2023-07-18,0,0
"Nigeria","NGA","07","3",2023-07-19,0,0
"Nigeria","NGA","07","4",2023-07-20,0,0
"Nigeria","NGA","07","5",2023-07-21,0,0
"Nigeria","NGA","07","6",2023-07-22,0,0
"Nigeria","NGA","07","0",2023-07-23,0,0
"Nigeria","NGA","07","1",2023-07-24,36,0
"Nigeria","NGA","07","2",2023-07-25,37,0
"Nigeria","NGA","07","3",2023-07-26,37,0
"Nigeria","NGA","07","4",2023-07-27,37,1
"Nigeria","NGA","07","5",2023-07-28,37,1
"Nigeria","NGA","07","6",2023-07-29,37,0
"Nigeria","NGA","07","0",2023-07-30,36,0
"Nigeria","NGA","07","1",2023-07-31,0,0
"Nigeria","NGA","08","2",2023-08-01,0,0
"Nigeria","NGA","08","3",2023-08-02,0,0
"Nigeria","NGA","08","4",2023-08-03,0,0
"Nigeria","NGA","08","5",2023-08-04,0,0
"Nigeria","NGA","08","6",2023-08-05,0,0
"Nigeria","NGA","08","0",2023-08-06,0,0
"Nigeria","NGA","08","1",2023-08-07,0,0
"Nigeria","NGA","08","2",2023-08-08,0,0
"Nigeria","NGA","08","3",2023-08-09,0,0
"Nigeria","NGA","08","4",2023-08-10,0,0
"Nigeria","NGA","08","5",2023-08-11,0,0
"Nigeria","NGA","08","6",2023-08-12,0,0
"Nigeria","NGA","08","0",2023-08-13,0,0
"Nigeria","NGA","08","1",2023-08-14,0,0
"Nigeria","NGA","08","2",2023-08-15,0,0
"Nigeria","NGA","08","3",2023-08-16,0,0
"Nigeria","NGA","08","4",2023-08-17,0,0
"Nigeria","NGA","08","5",2023-08-18,0,0
"Nigeria","NGA","08","6",2023-08-19,0,0
"Nigeria","NGA","08","0",2023-08-20,0,0
"Nigeria","NGA","08","1",2023-08-21,78,3
"Nigeria","NGA","08","2",2023-08-22,79,4
"Nigeria","NGA","08","3",2023-08-23,79,4
"Nigeria","NGA","08","4",2023-08-24,79,4
"Nigeria","NGA","08","5",2023-08-25,79,4
"Nigeria","NGA","08","6",2023-08-26,79,4
"Nigeria","NGA","08","0",2023-08-27,78,4
"Nigeria","NGA","08","1",2023-08-28,0,0
"Nigeria","NGA","08","2",2023-08-29,0,0
"Nigeria","NGA","08","3",2023-08-30,0,0
"Nigeria","NGA","08","4",2023-08-31,0,0
"Nigeria","NGA","09","5",2023-09-01,0,0
"Nigeria","NGA","09","6",2023-09-02,0,0
"Nigeria","NGA","09","0",2023-09-03,0,0
"Nigeria","NGA","09","1",2023-09-04,0,0
"Nigeria","NGA","09","2",2023-09-05,0,0
"Nigeria","NGA","09","3",2023-09-06,0,0
"Nigeria","NGA","09","4",2023-09-07,0,0
"Nigeria","NGA","09","5",2023-09-08,0,0
"Nigeria","NGA","09","6",2023-09-09,0,0
"Nigeria","NGA","09","0",2023-09-10,0,0
"Nigeria","NGA","09","1",2023-09-11,0,0
"Nigeria","NGA","09","2",2023-09-12,0,0
"Nigeria","NGA","09","3",2023-09-13,0,0
"Nigeria","NGA","09","4",2023-09-14,0,0
"Nigeria","NGA","09","5",2023-09-15,0,0
"Nigeria","NGA","09","6",2023-09-16,0,0
"Nigeria","NGA","09","0",2023-09-17,0,0
"Nigeria","NGA","09","1",2023-09-18,0,0
"Nigeria","NGA","09","2",2023-09-19,0,0
"Nigeria","NGA","09","3",2023-09-20,0,0
"Nigeria","NGA","09","4",2023-09-21,0,0
"Nigeria","NGA","09","5",2023-09-22,0,0
"Nigeria","NGA","09","6",2023-09-23,0,0
"Nigeria","NGA","09","0",2023-09-24,0,0
"Nigeria","NGA","09","1",2023-09-25,0,0
"Nigeria","NGA","09","2",2023-09-26,0,0
"Nigeria","NGA","09","3",2023-09-27,0,0
"Nigeria","NGA","09","4",2023-09-28,0,0
"Nigeria","NGA","09","5",2023-09-29,0,0
"Nigeria","NGA","09","6",2023-09-30,0,0
"Nigeria","NGA","10","0",2023-10-01,0,0
"Nigeria","NGA","10","1",2023-10-02,0,0
"Nigeria","NGA","10","2",2023-10-03,0,0
"Nigeria","NGA","10","3",2023-10-04,0,0
"Nigeria","NGA","10","4",2023-10-05,0,0
"Nigeria","NGA","10","5",2023-10-06,0,0
"Nigeria","NGA","10","6",2023-10-07,0,0
"Nigeria","NGA","10","0",2023-10-08,0,0
"Nigeria","NGA","10","1",2023-10-09,0,0
"Nigeria","NGA","10","2",2023-10-10,0,0
"Nigeria","NGA","10","3",2023-10-11,0,0
"Nigeria","NGA","10","4",2023-10-12,0,0
"Nigeria","NGA","10","5",2023-10-13,0,0
"Nigeria","NGA","10","6",2023-10-14,0,0
"Nigeria","NGA","10","0",2023-10-15,0,0
"Nigeria","NGA","10","1",2023-10-16,0,0
"Nigeria","NGA","10","2",2023-10-17,0,0
"Nigeria","NGA","10","3",2023-10-18,0,0
"Nigeria","NGA","10","4",2023-10-19,0,0
"Nigeria","NGA","10","5",2023-10-20,0,0
"Nigeria","NGA","10","6",2023-10-21,0,0
"Nigeria","NGA","10","0",2023-10-22,0,0
"Nigeria","NGA","10","1",2023-10-23,61,2
"Nigeria","NGA","10","2",2023-10-24,62,2
"Nigeria","NGA","10","3",2023-10-25,62,3
"Nigeria","NGA","10","4",2023-10-26,62,3
"Nigeria","NGA","10","5",2023-10-27,62,3
"Nigeria","NGA","10","6",2023-10-28,62,3
"Nigeria","NGA","10","0",2023-10-29,62,2
"Nigeria","NGA","10","1",2023-10-30,0,0
"Nigeria","NGA","10","2",2023-10-31,0,0
"Nigeria","NGA","11","3",2023-11-01,0,0
"Nigeria","NGA","11","4",2023-11-02,0,0
"Nigeria","NGA","11","5",2023-11-03,0,0
"Nigeria","NGA","11","6",2023-11-04,0,0
"Nigeria","NGA","11","0",2023-11-05,0,0
"Nigeria","NGA","11","1",2023-11-06,21,0
"Nigeria","NGA","11","2",2023-11-07,21,1
"Nigeria","NGA","11","3",2023-11-08,21,1
"Nigeria","NGA","11","4",2023-11-09,22,1
"Nigeria","NGA","11","5",2023-11-10,21,1
"Nigeria","NGA","11","6",2023-11-11,21,1
"Nigeria","NGA","11","0",2023-11-12,21,1
"Nigeria","NGA","11","1",2023-11-13,0,0
"Nigeria","NGA","11","2",2023-11-14,0,0
"Nigeria","NGA","11","3",2023-11-15,0,0
"Nigeria","NGA","11","4",2023-11-16,0,0
"Nigeria","NGA","11","5",2023-11-17,0,0
"Nigeria","NGA","11","6",2023-11-18,0,0
"Nigeria","NGA","11","0",2023-11-19,0,0
"Nigeria","NGA","11","1",2023-11-20,0,0
"Nigeria","NGA","11","2",2023-11-21,0,0
"Nigeria","NGA","11","3",2023-11-22,0,0
"Nigeria","NGA","11","4",2023-11-23,0,0
"Nigeria","NGA","11","5",2023-11-24,0,0
"Nigeria","NGA","11","6",2023-11-25,0,0
"Nigeria","NGA","11","0",2023-11-26,0,0
"Nigeria","NGA","11","1",2023-11-27,0,0
"Nigeria","NGA","11","2",2023-11-28,0,0
"Nigeria","NGA","11","3",2023-11-29,0,0
"Nigeria","NGA","11","4",2023-11-30,0,0
"Nigeria","NGA","12","5",2023-12-01,0,0
"Nigeria","NGA","12","6",2023-12-02,0,0
"Nigeria","NGA","12","0",2023-12-03,0,0
"Nigeria","NGA","12","1",2023-12-04,0,0
"Nigeria","NGA","12","2",2023-12-05,0,0
"Nigeria","NGA","12","3",2023-12-06,0,0
"Nigeria","NGA","12","4",2023-12-07,0,0
"Nigeria","NGA","12","5",2023-12-08,0,0
"Nigeria","NGA","12","6",2023-12-09,0,0
"Nigeria","NGA","12","0",2023-12-10,0,0
"Nigeria","NGA","12","1",2023-12-11,0,0
"Nigeria","NGA","12","2",2023-12-12,0,0
"Nigeria","NGA","12","3",2023-12-13,0,0
"Nigeria","NGA","12","4",2023-12-14,0,0
"Nigeria","NGA","12","5",2023-12-15,0,0
"Nigeria","NGA","12","6",2023-12-16,0,0
"Nigeria","NGA","12","0",2023-12-17,0,0
"Nigeria","NGA","12","1",2023-12-18,0,0
"Nigeria","NGA","12","2",2023-12-19,0,0
"Nigeria","NGA","12","3",2023-12-20,0,0
"Nigeria","NGA","12","4",2023-12-21,0,0
"Nigeria","NGA","12","5",2023-12-22,0,0
"Nigeria","NGA","12","6",2023-12-23,0,0
"Nigeria","NGA","12","0",2023-12-24,0,0
"Nigeria","NGA","12","1",2023-12-25,34,2
"Nigeria","NGA","12","2",2023-12-26,34,3
"Nigeria","NGA","12","3",2023-12-27,35,3
"Nigeria","NGA","12","4",2023-12-28,35,3
"Nigeria","NGA","12","5",2023-12-29,35,3
"Nigeria","NGA","12","6",2023-12-30,35,3
"Nigeria","NGA","12","0",2023-12-31,34,3
"Nigeria","NGA","01","1",2024-01-01,13,0
"Nigeria","NGA","01","2",2024-01-02,13,0
"Nigeria","NGA","01","3",2024-01-03,14,0
"Nigeria","NGA","01","4",2024-01-04,14,1
"Nigeria","NGA","01","5",2024-01-05,14,0
"Nigeria","NGA","01","6",2024-01-06,14,0
"Nigeria","NGA","01","0",2024-01-07,13,0
"Nigeria","NGA","01","1",2024-01-08,12,0
"Nigeria","NGA","01","2",2024-01-09,12,0
"Nigeria","NGA","01","3",2024-01-10,13,0
"Nigeria","NGA","01","4",2024-01-11,13,0
"Nigeria","NGA","01","5",2024-01-12,13,0
"Nigeria","NGA","01","6",2024-01-13,13,0
"Nigeria","NGA","01","0",2024-01-14,12,0
"Nigeria","NGA","01","1",2024-01-15,11,0
"Nigeria","NGA","01","2",2024-01-16,12,0
"Nigeria","NGA","01","3",2024-01-17,12,0
"Nigeria","NGA","01","4",2024-01-18,12,1
"Nigeria","NGA","01","5",2024-01-19,12,0
"Nigeria","NGA","01","6",2024-01-20,12,0
"Nigeria","NGA","01","0",2024-01-21,11,0
"Nigeria","NGA","01","1",2024-01-22,11,0
"Nigeria","NGA","01","2",2024-01-23,11,0
"Nigeria","NGA","01","3",2024-01-24,11,0
"Nigeria","NGA","01","4",2024-01-25,11,1
"Nigeria","NGA","01","5",2024-01-26,11,0
"Nigeria","NGA","01","6",2024-01-27,11,0
"Nigeria","NGA","01","0",2024-01-28,11,0
"Nigeria","NGA","01","1",2024-01-29,12,0
"Nigeria","NGA","01","2",2024-01-30,12,0
"Nigeria","NGA","01","3",2024-01-31,13,0
"Nigeria","NGA","02","4",2024-02-01,13,1
"Nigeria","NGA","02","5",2024-02-02,13,0
"Nigeria","NGA","02","6",2024-02-03,12,0
"Nigeria","NGA","02","0",2024-02-04,12,0
"Nigeria","NGA","02","1",2024-02-05,11,0
"Nigeria","NGA","02","2",2024-02-06,11,0
"Nigeria","NGA","02","3",2024-02-07,11,0
"Nigeria","NGA","02","4",2024-02-08,12,1
"Nigeria","NGA","02","5",2024-02-09,12,1
"Nigeria","NGA","02","6",2024-02-10,11,0
"Nigeria","NGA","02","0",2024-02-11,11,0
"Nigeria","NGA","02","1",2024-02-12,15,0
"Nigeria","NGA","02","2",2024-02-13,16,0
"Nigeria","NGA","02","3",2024-02-14,16,1
"Nigeria","NGA","02","4",2024-02-15,16,1
"Nigeria","NGA","02","5",2024-02-16,16,1
"Nigeria","NGA","02","6",2024-02-17,16,1
"Nigeria","NGA","02","0",2024-02-18,15,0
"Nigeria","NGA","02","1",2024-02-19,12,0
"Nigeria","NGA","02","2",2024-02-20,12,0
"Nigeria","NGA","02","3",2024-02-21,12,1
"Nigeria","NGA","02","4",2024-02-22,13,1
"Nigeria","NGA","02","5",2024-02-23,13,1
"Nigeria","NGA","02","6",2024-02-24,12,0
"Nigeria","NGA","02","0",2024-02-25,12,0
"Nigeria","NGA","02","1",2024-02-26,13,0
"Nigeria","NGA","02","2",2024-02-27,13,0
"Nigeria","NGA","02","3",2024-02-28,13,1
"Nigeria","NGA","02","4",2024-02-29,14,1
"Nigeria","NGA","03","5",2024-03-01,13,1
"Nigeria","NGA","03","6",2024-03-02,13,0
"Nigeria","NGA","03","0",2024-03-03,13,0
"Nigeria","NGA","03","1",2024-03-04,9,0
"Nigeria","NGA","03","2",2024-03-05,9,0
"Nigeria","NGA","03","3",2024-03-06,9,0
"Nigeria","NGA","03","4",2024-03-07,10,0
"Nigeria","NGA","03","5",2024-03-08,9,0
"Nigeria","NGA","03","6",2024-03-09,9,0
"Nigeria","NGA","03","0",2024-03-10,9,0
"Nigeria","NGA","03","1",2024-03-11,5,0
"Nigeria","NGA","03","2",2024-03-12,5,0
"Nigeria","NGA","03","3",2024-03-13,6,0
"Nigeria","NGA","03","4",2024-03-14,6,1
"Nigeria","NGA","03","5",2024-03-15,6,0
"Nigeria","NGA","03","6",2024-03-16,6,0
"Nigeria","NGA","03","0",2024-03-17,5,0
"Nigeria","NGA","03","1",2024-03-18,16,0
"Nigeria","NGA","03","2",2024-03-19,16,0
"Nigeria","NGA","03","3",2024-03-20,16,0
"Nigeria","NGA","03","4",2024-03-21,16,1
"Nigeria","NGA","03","5",2024-03-22,16,0
"Nigeria","NGA","03","6",2024-03-23,16,0
"Nigeria","NGA","03","0",2024-03-24,16,0
"Nigeria","NGA","03","1",2024-03-25,3,0
"Nigeria","NGA","03","2",2024-03-26,3,0
"Nigeria","NGA","03","3",2024-03-27,4,0
"Nigeria","NGA","03","4",2024-03-28,4,0
"Nigeria","NGA","03","5",2024-03-29,4,0
"Nigeria","NGA","03","6",2024-03-30,3,0
"Nigeria","NGA","03","0",2024-03-31,3,0
"Nigeria","NGA","04","1",2024-04-01,2,0
"Nigeria","NGA","04","2",2024-04-02,3,0
"Nigeria","NGA","04","3",2024-04-03,3,0
"Nigeria","NGA","04","4",2024-04-04,3,1
"Nigeria","NGA","04","5",2024-04-05,3,1
"Nigeria","NGA","04","6",2024-04-06,3,0
"Nigeria","NGA","04","0",2024-04-07,2,0
"Nigeria","NGA","04","1",2024-04-08,4,0
"Nigeria","NGA","04","2",2024-04-09,4,0
"Nigeria","NGA","04","3",2024-04-10,4,0
"Nigeria","NGA","04","4",2024-04-11,4,1
"Nigeria","NGA","04","5",2024-04-12,4,1
"Nigeria","NGA","04","6",2024-04-13,4,0
"Nigeria","NGA","04","0",2024-04-14,4,0
"Nigeria","NGA","04","1",2024-04-15,9,0
"Nigeria","NGA","04","2",2024-04-16,10,0
"Nigeria","NGA","04","3",2024-04-17,10,0
"Nigeria","NGA","04","4",2024-04-18,10,1
"Nigeria","NGA","04","5",2024-04-19,10,1
"Nigeria","NGA","04","6",2024-04-20,10,0
"Nigeria","NGA","04","0",2024-04-21,9,0
"Nigeria","NGA","04","1",2024-04-22,6,0
"Nigeria","NGA","04","2",2024-04-23,6,0
"Nigeria","NGA","04","3",2024-04-24,7,0
"Nigeria","NGA","04","4",2024-04-25,7,0
"Nigeria","NGA","04","5",2024-04-26,7,0
"Nigeria","NGA","04","6",2024-04-27,6,0
"Nigeria","NGA","04","0",2024-04-28,6,0
"Nigeria","NGA","04","1",2024-04-29,3,0
"Nigeria","NGA","04","2",2024-04-30,3,0
"Nigeria","NGA","05","3",2024-05-01,4,0
"Nigeria","NGA","05","4",2024-05-02,4,1
"Nigeria","NGA","05","5",2024-05-03,4,0
"Nigeria","NGA","05","6",2024-05-04,3,0
"Nigeria","NGA","05","0",2024-05-05,3,0
"Nigeria","NGA","05","1",2024-05-06,2,0
"Nigeria","NGA","05","2",2024-05-07,2,0
"Nigeria","NGA","05","3",2024-05-08,3,0
"Nigeria","NGA","05","4",2024-05-09,3,0
"Nigeria","NGA","05","5",2024-05-10,3,0
"Nigeria","NGA","05","6",2024-05-11,2,0
"Nigeria","NGA","05","0",2024-05-12,2,0
"Nigeria","NGA","05","1",2024-05-13,4,0
"Nigeria","NGA","05","2",2024-05-14,4,0
"Nigeria","NGA","05","3",2024-05-15,4,0
"Nigeria","NGA","05","4",2024-05-16,5,0
"Nigeria","NGA","05","5",2024-05-17,4,0
"Nigeria","NGA","05","6",2024-05-18,4,0
"Nigeria","NGA","05","0",2024-05-19,4,0
"Nigeria","NGA","05","1",2024-05-20,8,0
"Nigeria","NGA","05","2",2024-05-21,8,0
"Nigeria","NGA","05","3",2024-05-22,8,0
"Nigeria","NGA","05","4",2024-05-23,9,0
"Nigeria","NGA","05","5",2024-05-24,8,0
"Nigeria","NGA","05","6",2024-05-25,8,0
"Nigeria","NGA","05","0",2024-05-26,8,0
"Nigeria","NGA","05","1",2024-05-27,3,0
"Nigeria","NGA","05","2",2024-05-28,3,0
"Nigeria","NGA","05","3",2024-05-29,4,0
"Nigeria","NGA","05","4",2024-05-30,4,1
"Nigeria","NGA","05","5",2024-05-31,4,0
"Nigeria","NGA","06","6",2024-06-01,3,0
"Nigeria","NGA","06","0",2024-06-02,3,0
"Nigeria","NGA","06","1",2024-06-03,34,1
"Nigeria","NGA","06","2",2024-06-04,35,1
"Nigeria","NGA","06","3",2024-06-05,35,2
"Nigeria","NGA","06","4",2024-06-06,35,2
"Nigeria","NGA","06","5",2024-06-07,35,2
"Nigeria","NGA","06","6",2024-06-08,35,2
"Nigeria","NGA","06","0",2024-06-09,35,1
"Nigeria","NGA","06","1",2024-06-10,97,5
"Nigeria","NGA","06","2",2024-06-11,97,6
"Nigeria","NGA","06","3",2024-06-12,98,6
"Nigeria","NGA","06","4",2024-06-13,98,6
"Nigeria","NGA","06","5",2024-06-14,98,6
"Nigeria","NGA","06","6",2024-06-15,98,6
"Nigeria","NGA","06","0",2024-06-16,97,5
"Nigeria","NGA","06","1",2024-06-17,105,3
"Nigeria","NGA","06","2",2024-06-18,105,4
"Nigeria","NGA","06","3",2024-06-19,105,4
"Nigeria","NGA","06","4",2024-06-20,105,4
"Nigeria","NGA","06","5",2024-06-21,105,4
"Nigeria","NGA","06","6",2024-06-22,105,4
"Nigeria","NGA","06","0",2024-06-23,105,3
"Nigeria","NGA","06","1",2024-06-24,116,3
"Nigeria","NGA","06","2",2024-06-25,116,4
"Nigeria","NGA","06","3",2024-06-26,116,4
"Nigeria","NGA","06","4",2024-06-27,116,4
"Nigeria","NGA","06","5",2024-06-28,116,4
"Nigeria","NGA","06","6",2024-06-29,116,4
"Nigeria","NGA","06","0",2024-06-30,116,3
"Nigeria","NGA","07","1",2024-07-01,89,2
"Nigeria","NGA","07","2",2024-07-02,90,3
"Nigeria","NGA","07","3",2024-07-03,90,3
"Nigeria","NGA","07","4",2024-07-04,90,3
"Nigeria","NGA","07","5",2024-07-05,90,3
"Nigeria","NGA","07","6",2024-07-06,90,3
"Nigeria","NGA","07","0",2024-07-07,89,3
"Nigeria","NGA","07","1",2024-07-08,90,2
"Nigeria","NGA","07","2",2024-07-09,90,3
"Nigeria","NGA","07","3",2024-07-10,90,3
"Nigeria","NGA","07","4",2024-07-11,91,3
"Nigeria","NGA","07","5",2024-07-12,91,3
"Nigeria","NGA","07","6",2024-07-13,90,3
"Nigeria","NGA","07","0",2024-07-14,90,2
"Nigeria","NGA","07","1",2024-07-15,82,1
"Nigeria","NGA","07","2",2024-07-16,82,1
"Nigeria","NGA","07","3",2024-07-17,82,2
"Nigeria","NGA","07","4",2024-07-18,83,2
"Nigeria","NGA","07","5",2024-07-19,83,2
"Nigeria","NGA","07","6",2024-07-20,82,2
"Nigeria","NGA","07","0",2024-07-21,82,1
"Nigeria","NGA","07","1",2024-07-22,43,0
"Nigeria","NGA","07","2",2024-07-23,43,1
"Nigeria","NGA","07","3",2024-07-24,44,1
"Nigeria","NGA","07","4",2024-07-25,44,1
"Nigeria","NGA","07","5",2024-07-26,44,1
"Nigeria","NGA","07","6",2024-07-27,44,1
"Nigeria","NGA","07","0",2024-07-28,43,1
"Nigeria","NGA","07","1",2024-07-29,48,1
"Nigeria","NGA","07","2",2024-07-30,49,1
"Nigeria","NGA","07","3",2024-07-31,49,1
"Nigeria","NGA","08","4",2024-08-01,49,2
"Nigeria","NGA","08","5",2024-08-02,49,1
"Nigeria","NGA","08","6",2024-08-03,49,1
"Nigeria","NGA","08","0",2024-08-04,49,1
"Nigeria","NGA","08","1",2024-08-05,59,2
"Nigeria","NGA","08","2",2024-08-06,59,2
"Nigeria","NGA","08","3",2024-08-07,59,2
"Nigeria","NGA","08","4",2024-08-08,60,3
"Nigeria","NGA","08","5",2024-08-09,60,3
"Nigeria","NGA","08","6",2024-08-10,59,2
"Nigeria","NGA","08","0",2024-08-11,59,2
"Nigeria","NGA","08","1",2024-08-12,79,4
"Nigeria","NGA","08","2",2024-08-13,79,4
"Nigeria","NGA","08","3",2024-08-14,80,4
"Nigeria","NGA","08","4",2024-08-15,80,5
"Nigeria","NGA","08","5",2024-08-16,80,5
"Nigeria","NGA","08","6",2024-08-17,80,4
"Nigeria","NGA","08","0",2024-08-18,79,4
"Nigeria","NGA","08","1",2024-08-19,78,3
"Nigeria","NGA","08","2",2024-08-20,79,3
"Nigeria","NGA","08","3",2024-08-21,79,4
"Nigeria","NGA","08","4",2024-08-22,79,4
"Nigeria","NGA","08","5",2024-08-23,79,4
"Nigeria","NGA","08","6",2024-08-24,79,3
"Nigeria","NGA","08","0",2024-08-25,78,3
"Nigeria","NGA","08","1",2024-08-26,69,3
"Nigeria","NGA","08","2",2024-08-27,69,4
"Nigeria","NGA","08","3",2024-08-28,69,4
"Nigeria","NGA","08","4",2024-08-29,70,4
"Nigeria","NGA","08","5",2024-08-30,70,4
"Nigeria","NGA","08","6",2024-08-31,69,4
"Nigeria","NGA","09","0",2024-09-01,69,3
"Nigeria","NGA","09","1",2024-09-02,88,4
"Nigeria","NGA","09","2",2024-09-03,88,4
"Nigeria","NGA","09","3",2024-09-04,88,4
"Nigeria","NGA","09","4",2024-09-05,89,5
"Nigeria","NGA","09","5",2024-09-06,89,5
"Nigeria","NGA","09","6",2024-09-07,88,4
"Nigeria","NGA","09","0",2024-09-08,88,4
"Nigeria","NGA","09","1",2024-09-09,171,10
"Nigeria","NGA","09","2",2024-09-10,171,10
"Nigeria","NGA","09","3",2024-09-11,172,11
"Nigeria","NGA","09","4",2024-09-12,172,11
"Nigeria","NGA","09","5",2024-09-13,172,11
"Nigeria","NGA","09","6",2024-09-14,171,10
"Nigeria","NGA","09","0",2024-09-15,171,10
"Nigeria","NGA","09","1",2024-09-16,185,7
"Nigeria","NGA","09","2",2024-09-17,186,7
"Nigeria","NGA","09","3",2024-09-18,186,7
"Nigeria","NGA","09","4",2024-09-19,186,8
"Nigeria","NGA","09","5",2024-09-20,186,8
"Nigeria","NGA","09","6",2024-09-21,186,7
"Nigeria","NGA","09","0",2024-09-22,185,7
"Nigeria","NGA","09","1",2024-09-23,200,10
"Nigeria","NGA","09","2",2024-09-24,200,10
"Nigeria","NGA","09","3",2024-09-25,200,11
"Nigeria","NGA","09","4",2024-09-26,200,11
"Nigeria","NGA","09","5",2024-09-27,200,11
"Nigeria","NGA","09","6",2024-09-28,200,10
"Nigeria","NGA","09","0",2024-09-29,200,10
"Nigeria","NGA","09","1",2024-09-30,176,3
"Nigeria","NGA","10","2",2024-10-01,176,4
"Nigeria","NGA","10","3",2024-10-02,177,4
"Nigeria","NGA","10","4",2024-10-03,177,4
"Nigeria","NGA","10","5",2024-10-04,177,4
"Nigeria","NGA","10","6",2024-10-05,177,4
"Nigeria","NGA","10","0",2024-10-06,176,3
"Nigeria","NGA","10","1",2024-10-07,187,2
"Nigeria","NGA","10","2",2024-10-08,187,3
"Nigeria","NGA","10","3",2024-10-09,188,3
"Nigeria","NGA","10","4",2024-10-10,188,3
"Nigeria","NGA","10","5",2024-10-11,188,3
"Nigeria","NGA","10","6",2024-10-12,187,3
"Nigeria","NGA","10","0",2024-10-13,187,2
"Nigeria","NGA","10","1",2024-10-14,168,4
"Nigeria","NGA","10","2",2024-10-15,168,4
"Nigeria","NGA","10","3",2024-10-16,168,5
"Nigeria","NGA","10","4",2024-10-17,169,5
"Nigeria","NGA","10","5",2024-10-18,169,5
"Nigeria","NGA","10","6",2024-10-19,168,4
"Nigeria","NGA","10","0",2024-10-20,168,4
"Nigeria","NGA","10","1",2024-10-21,83,1
"Nigeria","NGA","10","2",2024-10-22,83,1
"Nigeria","NGA","10","3",2024-10-23,84,2
"Nigeria","NGA","10","4",2024-10-24,84,2
"Nigeria","NGA","10","5",2024-10-25,84,2
"Nigeria","NGA","10","6",2024-10-26,83,2
"Nigeria","NGA","10","0",2024-10-27,83,1
"Nigeria","NGA","10","1",2024-10-28,144,6
"Nigeria","NGA","10","2",2024-10-29,144,6
"Nigeria","NGA","10","3",2024-10-30,144,7
"Nigeria","NGA","10","4",2024-10-31,145,7
"Nigeria","NGA","11","5",2024-11-01,145,7
"Nigeria","NGA","11","6",2024-11-02,144,7
"Nigeria","NGA","11","0",2024-11-03,144,6
"Nigeria","NGA","11","1",2024-11-04,33,1
"Nigeria","NGA","11","2",2024-11-05,34,2
"Nigeria","NGA","11","3",2024-11-06,34,2
"Nigeria","NGA","11","4",2024-11-07,34,2
"Nigeria","NGA","11","5",2024-11-08,34,2
"Nigeria","NGA","11","6",2024-11-09,34,2
"Nigeria","NGA","11","0",2024-11-10,33,1
"Nigeria","NGA","11","1",2024-11-11,4,0
"Nigeria","NGA","11","2",2024-11-12,4,0
"Nigeria","NGA","11","3",2024-11-13,4,0
"Nigeria","NGA","11","4",2024-11-14,5,1
"Nigeria","NGA","11","5",2024-11-15,4,0
"Nigeria","NGA","11","6",2024-11-16,4,0
"Nigeria","NGA","11","0",2024-11-17,4,0
"Nigeria","NGA","11","1",2024-11-18,109,5
"Nigeria","NGA","11","2",2024-11-19,109,6
"Nigeria","NGA","11","3",2024-11-20,109,6
"Nigeria","NGA","11","4",2024-11-21,110,6
"Nigeria","NGA","11","5",2024-11-22,109,6
"Nigeria","NGA","11","6",2024-11-23,109,6
"Nigeria","NGA","11","0",2024-11-24,109,5
"Nigeria","NGA","11","1",2024-11-25,5,0
"Nigeria","NGA","11","2",2024-11-26,5,0
"Nigeria","NGA","11","3",2024-11-27,6,1
"Nigeria","NGA","11","4",2024-11-28,6,1
"Nigeria","NGA","11","5",2024-11-29,6,1
"Nigeria","NGA","11","6",2024-11-30,5,0
"Nigeria","NGA","12","0",2024-12-01,5,0
"Nigeria","NGA","12","1",2024-12-02,30,0
"Nigeria","NGA","12","2",2024-12-03,30,1
"Nigeria","NGA","12","3",2024-12-04,31,1
"Nigeria","NGA","12","4",2024-12-05,31,1
"Nigeria","NGA","12","5",2024-12-06,31,1
"Nigeria","NGA","12","6",2024-12-07,31,1
"Nigeria","NGA","12","0",2024-12-08,30,0
"Nigeria","NGA","12","1",2024-12-09,3,0
"Nigeria","NGA","12","2",2024-12-10,3,0
"Nigeria","NGA","12","3",2024-12-11,3,0
"Nigeria","NGA","12","4",2024-12-12,4,1
"Nigeria","NGA","12","5",2024-12-13,3,0
"Nigeria","NGA","12","6",2024-12-14,3,0
"Nigeria","NGA","12","0",2024-12-15,3,0
"Nigeria","NGA","12","1",2024-12-16,0,0
"Nigeria","NGA","12","2",2024-12-17,0,0
"Nigeria","NGA","12","3",2024-12-18,0,0
"Nigeria","NGA","12","4",2024-12-19,0,0
"Nigeria","NGA","12","5",2024-12-20,0,0
"Nigeria","NGA","12","6",2024-12-21,0,0
"Nigeria","NGA","12","0",2024-12-22,0,0
"Sudan","SDN","06","1",2023-06-26,7,0
"Sudan","SDN","06","2",2023-06-27,7,0
"Sudan","SDN","06","3",2023-06-28,7,0
"Sudan","SDN","06","4",2023-06-29,8,0
"Sudan","SDN","06","5",2023-06-30,8,0
"Sudan","SDN","07","6",2023-07-01,7,0
"Sudan","SDN","07","0",2023-07-02,7,0
"Sudan","SDN","07","1",2023-07-03,24,0
"Sudan","SDN","07","2",2023-07-04,25,0
"Sudan","SDN","07","3",2023-07-05,25,0
"Sudan","SDN","07","4",2023-07-06,25,0
"Sudan","SDN","07","5",2023-07-07,25,0
"Sudan","SDN","07","6",2023-07-08,25,0
"Sudan","SDN","07","0",2023-07-09,24,0
"Sudan","SDN","07","1",2023-07-10,8,0
"Sudan","SDN","07","2",2023-07-11,9,0
"Sudan","SDN","07","3",2023-07-12,9,0
"Sudan","SDN","07","4",2023-07-13,9,1
"Sudan","SDN","07","5",2023-07-14,9,0
"Sudan","SDN","07","6",2023-07-15,9,0
"Sudan","SDN","07","0",2023-07-16,9,0
"Sudan","SDN","07","1",2023-07-17,3,0
"Sudan","SDN","07","2",2023-07-18,3,0
"Sudan","SDN","07","3",2023-07-19,3,0
"Sudan","SDN","07","4",2023-07-20,3,0
"Sudan","SDN","07","5",2023-07-21,3,0
"Sudan","SDN","07","6",2023-07-22,3,0
"Sudan","SDN","07","0",2023-07-23,3,0
"Sudan","SDN","07","1",2023-07-24,4,0
"Sudan","SDN","07","2",2023-07-25,4,1
"Sudan","SDN","07","3",2023-07-26,4,1
"Sudan","SDN","07","4",2023-07-27,5,1
"Sudan","SDN","07","5",2023-07-28,4,1
"Sudan","SDN","07","6",2023-07-29,4,1
"Sudan","SDN","07","0",2023-07-30,4,1
"Sudan","SDN","07","1",2023-07-31,1,0
"Sudan","SDN","08","2",2023-08-01,1,0
"Sudan","SDN","08","3",2023-08-02,2,0
"Sudan","SDN","08","4",2023-08-03,2,0
"Sudan","SDN","08","5",2023-08-04,2,0
"Sudan","SDN","08","6",2023-08-05,1,0
"Sudan","SDN","08","0",2023-08-06,1,0
"Sudan","SDN","08","1",2023-08-07,0,0
"Sudan","SDN","08","2",2023-08-08,0,0
"Sudan","SDN","08","3",2023-08-09,0,0
"Sudan","SDN","08","4",2023-08-10,0,1
"Sudan","SDN","08","5",2023-08-11,0,0
"Sudan","SDN","08","6",2023-08-12,0,0
"Sudan","SDN","08","0",2023-08-13,0,0
"Sudan","SDN","08","1",2023-08-14,0,0
"Sudan","SDN","08","2",2023-08-15,0,0
"Sudan","SDN","08","3",2023-08-16,0,0
"Sudan","SDN","08","4",2023-08-17,0,0
"Sudan","SDN","08","5",2023-08-18,0,0
"Sudan","SDN","08","6",2023-08-19,0,0
"Sudan","SDN","08","0",2023-08-20,0,0
"Sudan","SDN","08","1",2023-08-21,0,0
"Sudan","SDN","08","2",2023-08-22,0,0
"Sudan","SDN","08","3",2023-08-23,0,0
"Sudan","SDN","08","4",2023-08-24,1,0
"Sudan","SDN","08","5",2023-08-25,1,0
"Sudan","SDN","08","6",2023-08-26,0,0
"Sudan","SDN","08","0",2023-08-27,0,0
"Sudan","SDN","08","1",2023-08-28,4,0
"Sudan","SDN","08","2",2023-08-29,4,0
"Sudan","SDN","08","3",2023-08-30,5,1
"Sudan","SDN","08","4",2023-08-31,5,1
"Sudan","SDN","09","5",2023-09-01,5,1
"Sudan","SDN","09","6",2023-09-02,5,1
"Sudan","SDN","09","0",2023-09-03,4,0
"Sudan","SDN","09","1",2023-09-04,9,0
"Sudan","SDN","09","2",2023-09-05,9,0
"Sudan","SDN","09","3",2023-09-06,9,1
"Sudan","SDN","09","4",2023-09-07,10,1
"Sudan","SDN","09","5",2023-09-08,9,1
"Sudan","SDN","09","6",2023-09-09,9,1
"Sudan","SDN","09","0",2023-09-10,9,0
"Sudan","SDN","09","1",2023-09-11,7,0
"Sudan","SDN","09","2",2023-09-12,7,0
"Sudan","SDN","09","3",2023-09-13,8,0
"Sudan","SDN","09","4",2023-09-14,8,1
"Sudan","SDN","09","5",2023-09-15,8,1
"Sudan","SDN","09","6",2023-09-16,7,0
"Sudan","SDN","09","0",2023-09-17,7,0
"Sudan","SDN","09","1",2023-09-18,14,1
"Sudan","SDN","09","2",2023-09-19,14,1
"Sudan","SDN","09","3",2023-09-20,15,1
"Sudan","SDN","09","4",2023-09-21,15,1
"Sudan","SDN","09","5",2023-09-22,15,1
"Sudan","SDN","09","6",2023-09-23,14,1
"Sudan","SDN","09","0",2023-09-24,14,1
"Sudan","SDN","09","1",2023-09-25,24,2
"Sudan","SDN","09","2",2023-09-26,25,2
"Sudan","SDN","09","3",2023-09-27,25,2
"Sudan","SDN","09","4",2023-09-28,25,2
"Sudan","SDN","09","5",2023-09-29,25,2
"Sudan","SDN","09","6",2023-09-30,25,2
"Sudan","SDN","10","0",2023-10-01,25,2
"Sudan","SDN","10","1",2023-10-02,24,1
"Sudan","SDN","10","2",2023-10-03,24,1
"Sudan","SDN","10","3",2023-10-04,25,2
"Sudan","SDN","10","4",2023-10-05,25,2
"Sudan","SDN","10","5",2023-10-06,25,2
"Sudan","SDN","10","6",2023-10-07,25,1
"Sudan","SDN","10","0",2023-10-08,24,1
"Sudan","SDN","10","1",2023-10-09,41,1
"Sudan","SDN","10","2",2023-10-10,41,2
"Sudan","SDN","10","3",2023-10-11,41,2
"Sudan","SDN","10","4",2023-10-12,42,2
"Sudan","SDN","10","5",2023-10-13,41,2
"Sudan","SDN","10","6",2023-10-14,41,2
"Sudan","SDN","10","0",2023-10-15,41,1
"Sudan","SDN","10","1",2023-10-16,55,1
"Sudan","SDN","10","2",2023-10-17,55,1
"Sudan","SDN","10","3",2023-10-18,55,1
"Sudan","SDN","10","4",2023-10-19,56,2
"Sudan","SDN","10","5",2023-10-20,56,1
"Sudan","SDN","10","6",2023-10-21,55,1
"Sudan","SDN","10","0",2023-10-22,55,1
"Sudan","SDN","10","1",2023-10-23,68,1
"Sudan","SDN","10","2",2023-10-24,68,1
"Sudan","SDN","10","3",2023-10-25,68,1
"Sudan","SDN","10","4",2023-10-26,69,1
"Sudan","SDN","10","5",2023-10-27,69,1
"Sudan","SDN","10","6",2023-10-28,68,1
"Sudan","SDN","10","0",2023-10-29,68,1
"Sudan","SDN","10","1",2023-10-30,47,1
"Sudan","SDN","10","2",2023-10-31,47,1
"Sudan","SDN","11","3",2023-11-01,47,1
"Sudan","SDN","11","4",2023-11-02,47,2
"Sudan","SDN","11","5",2023-11-03,47,1
"Sudan","SDN","11","6",2023-11-04,47,1
"Sudan","SDN","11","0",2023-11-05,47,1
"Sudan","SDN","11","1",2023-11-06,76,1
"Sudan","SDN","11","2",2023-11-07,76,2
"Sudan","SDN","11","3",2023-11-08,76,2
"Sudan","SDN","11","4",2023-11-09,76,2
"Sudan","SDN","11","5",2023-11-10,76,2
"Sudan","SDN","11","6",2023-11-11,76,2
"Sudan","SDN","11","0",2023-11-12,76,2
"Sudan","SDN","11","1",2023-11-13,64,2
"Sudan","SDN","11","2",2023-11-14,65,2
"Sudan","SDN","11","3",2023-11-15,65,3
"Sudan","SDN","11","4",2023-11-16,65,3
"Sudan","SDN","11","5",2023-11-17,65,3
"Sudan","SDN","11","6",2023-11-18,65,3
"Sudan","SDN","11","0",2023-11-19,64,2
"Sudan","SDN","11","1",2023-11-20,109,3
"Sudan","SDN","11","2",2023-11-21,110,3
"Sudan","SDN","11","3",2023-11-22,110,3
"Sudan","SDN","11","4",2023-11-23,110,3
"Sudan","SDN","11","5",2023-11-24,110,3
"Sudan","SDN","11","6",2023-11-25,110,3
"Sudan","SDN","11","0",2023-11-26,109,3
"Sudan","SDN","11","1",2023-11-27,156,4
"Sudan","SDN","11","2",2023-11-28,156,4
"Sudan","SDN","11","3",2023-11-29,156,5
"Sudan","SDN","11","4",2023-11-30,156,5
"Sudan","SDN","12","5",2023-12-01,156,5
"Sudan","SDN","12","6",2023-12-02,156,5
"Sudan","SDN","12","0",2023-12-03,156,4
"Sudan","SDN","12","1",2023-12-04,209,4
"Sudan","SDN","12","2",2023-12-05,210,4
"Sudan","SDN","12","3",2023-12-06,210,5
"Sudan","SDN","12","4",2023-12-07,210,5
"Sudan","SDN","12","5",2023-12-08,210,5
"Sudan","SDN","12","6",2023-12-09,210,5
"Sudan","SDN","12","0",2023-12-10,209,4
"Sudan","SDN","12","1",2023-12-11,162,3
"Sudan","SDN","12","2",2023-12-12,163,3
"Sudan","SDN","12","3",2023-12-13,163,3
"Sudan","SDN","12","4",2023-12-14,163,4
"Sudan","SDN","12","5",2023-12-15,163,3
"Sudan","SDN","12","6",2023-12-16,163,3
"Sudan","SDN","12","0",2023-12-17,162,3
"Sudan","SDN","12","1",2023-12-18,71,1
"Sudan","SDN","12","2",2023-12-19,71,1
"Sudan","SDN","12","3",2023-12-20,71,1
"Sudan","SDN","12","4",2023-12-21,72,2
"Sudan","SDN","12","5",2023-12-22,71,2
"Sudan","SDN","12","6",2023-12-23,71,1
"Sudan","SDN","12","0",2023-12-24,71,1
"Sudan","SDN","12","1",2023-12-25,65,2
"Sudan","SDN","12","2",2023-12-26,65,2
"Sudan","SDN","12","3",2023-12-27,66,2
"Sudan","SDN","12","4",2023-12-28,66,3
"Sudan","SDN","12","5",2023-12-29,66,2
"Sudan","SDN","12","6",2023-12-30,65,2
"Sudan","SDN","12","0",2023-12-31,65,2
"Sudan","SDN","01","1",2024-01-01,55,2
"Sudan","SDN","01","2",2024-01-02,56,2
"Sudan","SDN","01","3",2024-01-03,56,2
"Sudan","SDN","01","4",2024-01-04,56,2
"Sudan","SDN","01","5",2024-01-05,56,2
"Sudan","SDN","01","6",2024-01-06,56,2
"Sudan","SDN","01","0",2024-01-07,55,2
"Sudan","SDN","01","1",2024-01-08,56,2
"Sudan","SDN","01","2",2024-01-09,56,2
"Sudan","SDN","01","3",2024-01-10,56,3
"Sudan","SDN","01","4",2024-01-11,57,3
"Sudan","SDN","01","5",2024-01-12,56,3
"Sudan","SDN","01","6",2024-01-13,56,3
"Sudan","SDN","01","0",2024-01-14,56,2
"Sudan","SDN","01","1",2024-01-15,67,1
"Sudan","SDN","01","2",2024-01-16,67,2
"Sudan","SDN","01","3",2024-01-17,68,2
"Sudan","SDN","01","4",2024-01-18,68,2
"Sudan","SDN","01","5",2024-01-19,68,2
"Sudan","SDN","01","6",2024-01-20,67,2
"Sudan","SDN","01","0",2024-01-21,67,2
"Sudan","SDN","01","1",2024-01-22,47,0
"Sudan","SDN","01","2",2024-01-23,47,1
"Sudan","SDN","01","3",2024-01-24,47,1
"Sudan","SDN","01","4",2024-01-25,47,1
"Sudan","SDN","01","5",2024-01-26,47,1
"Sudan","SDN","01","6",2024-01-27,47,1
"Sudan","SDN","01","0",2024-01-28,47,1
"Sudan","SDN","01","1",2024-01-29,29,1
"Sudan","SDN","01","2",2024-01-30,29,1
"Sudan","SDN","01","3",2024-01-31,29,1
"Sudan","SDN","02","4",2024-02-01,30,2
"Sudan","SDN","02","5",2024-02-02,29,1
"Sudan","SDN","02","6",2024-02-03,29,1
"Sudan","SDN","02","0",2024-02-04,29,1
"Sudan","SDN","02","1",2024-02-05,18,0
"Sudan","SDN","02","2",2024-02-06,18,1
"Sudan","SDN","02","3",2024-02-07,18,1
"Sudan","SDN","02","4",2024-02-08,19,1
"Sudan","SDN","02","5",2024-02-09,18,1
"Sudan","SDN","02","6",2024-02-10,18,1
"Sudan","SDN","02","0",2024-02-11,18,1
"Sudan","SDN","02","1",2024-02-12,15,0
"Sudan","SDN","02","2",2024-02-13,16,1
"Sudan","SDN","02","3",2024-02-14,16,1
"Sudan","SDN","02","4",2024-02-15,16,1
"Sudan","SDN","02","5",2024-02-16,16,1
"Sudan","SDN","02","6",2024-02-17,16,1
"Sudan","SDN","02","0",2024-02-18,16,0
"Sudan","SDN","02","1",2024-02-19,10,0
"Sudan","SDN","02","2",2024-02-20,10,0
"Sudan","SDN","02","3",2024-02-21,10,0
"Sudan","SDN","02","4",2024-02-22,11,0
"Sudan","SDN","02","5",2024-02-23,11,0
"Sudan","SDN","02","6",2024-02-24,10,0
"Sudan","SDN","02","0",2024-02-25,10,0
"Sudan","SDN","02","1",2024-02-26,8,0
"Sudan","SDN","02","2",2024-02-27,9,0
"Sudan","SDN","02","3",2024-02-28,9,0
"Sudan","SDN","02","4",2024-02-29,9,0
"Sudan","SDN","03","5",2024-03-01,9,0
"Sudan","SDN","03","6",2024-03-02,9,0
"Sudan","SDN","03","0",2024-03-03,8,0
"Sudan","SDN","03","1",2024-03-04,5,0
"Sudan","SDN","03","2",2024-03-05,5,0
"Sudan","SDN","03","3",2024-03-06,6,0
"Sudan","SDN","03","4",2024-03-07,6,1
"Sudan","SDN","03","5",2024-03-08,6,1
"Sudan","SDN","03","6",2024-03-09,5,0
"Sudan","SDN","03","0",2024-03-10,5,0
"Sudan","SDN","03","1",2024-03-11,4,0
"Sudan","SDN","03","2",2024-03-12,4,0
"Sudan","SDN","03","3",2024-03-13,4,0
"Sudan","SDN","03","4",2024-03-14,4,1
"Sudan","SDN","03","5",2024-03-15,4,1
"Sudan","SDN","03","6",2024-03-16,4,0
"Sudan","SDN","03","0",2024-03-17,4,0
"Sudan","SDN","03","1",2024-03-18,5,0
"Sudan","SDN","03","2",2024-03-19,5,0
"Sudan","SDN","03","3",2024-03-20,6,0
"Sudan","SDN","03","4",2024-03-21,6,1
"Sudan","SDN","03","5",2024-03-22,6,0
"Sudan","SDN","03","6",2024-03-23,6,0
"Sudan","SDN","03","0",2024-03-24,5,0
"Sudan","SDN","03","1",2024-03-25,5,0
"Sudan","SDN","03","2",2024-03-26,6,0
"Sudan","SDN","03","3",2024-03-27,6,0
"Sudan","SDN","03","4",2024-03-28,6,1
"Sudan","SDN","03","5",2024-03-29,6,0
"Sudan","SDN","03","6",2024-03-30,6,0
"Sudan","SDN","03","0",2024-03-31,5,0
"Sudan","SDN","04","1",2024-04-01,2,0
"Sudan","SDN","04","2",2024-04-02,3,0
"Sudan","SDN","04","3",2024-04-03,3,0
"Sudan","SDN","04","4",2024-04-04,3,0
"Sudan","SDN","04","5",2024-04-05,3,0
"Sudan","SDN","04","6",2024-04-06,3,0
"Sudan","SDN","04","0",2024-04-07,2,0
"Sudan","SDN","04","1",2024-04-08,2,0
"Sudan","SDN","04","2",2024-04-09,2,0
"Sudan","SDN","04","3",2024-04-10,3,0
"Sudan","SDN","04","4",2024-04-11,3,0
"Sudan","SDN","04","5",2024-04-12,3,0
"Sudan","SDN","04","6",2024-04-13,3,0
"Sudan","SDN","04","0",2024-04-14,2,0
"Sudan","SDN","04","1",2024-04-15,1,0
"Sudan","SDN","04","2",2024-04-16,2,0
"Sudan","SDN","04","3",2024-04-17,2,0
"Sudan","SDN","04","4",2024-04-18,2,0
"Sudan","SDN","04","5",2024-04-19,2,0
"Sudan","SDN","04","6",2024-04-20,2,0
"Sudan","SDN","04","0",2024-04-21,1,0
"Sudan","SDN","04","1",2024-04-22,2,0
"Sudan","SDN","04","2",2024-04-23,2,0
"Sudan","SDN","04","3",2024-04-24,2,0
"Sudan","SDN","04","4",2024-04-25,2,0
"Sudan","SDN","04","5",2024-04-26,2,0
"Sudan","SDN","04","6",2024-04-27,2,0
"Sudan","SDN","04","0",2024-04-28,2,0
"Sudan","SDN","04","1",2024-04-29,1,0
"Sudan","SDN","04","2",2024-04-30,2,0
"Sudan","SDN","05","3",2024-05-01,2,0
"Sudan","SDN","05","4",2024-05-02,2,0
"Sudan","SDN","05","5",2024-05-03,2,0
"Sudan","SDN","05","6",2024-05-04,2,0
"Sudan","SDN","05","0",2024-05-05,1,0
"Sudan","SDN","05","1",2024-05-06,1,0
"Sudan","SDN","05","2",2024-05-07,2,0
"Sudan","SDN","05","3",2024-05-08,2,0
"Sudan","SDN","05","4",2024-05-09,2,1
"Sudan","SDN","05","5",2024-05-10,2,0
"Sudan","SDN","05","6",2024-05-11,2,0
"Sudan","SDN","05","0",2024-05-12,1,0
"Sudan","SDN","05","1",2024-05-13,0,0
"Sudan","SDN","05","2",2024-05-14,1,0
"Sudan","SDN","05","3",2024-05-15,1,0
"Sudan","SDN","05","4",2024-05-16,1,0
"Sudan","SDN","05","5",2024-05-17,1,0
"Sudan","SDN","05","6",2024-05-18,1,0
"Sudan","SDN","05","0",2024-05-19,1,0
"Sudan","SDN","05","1",2024-05-20,0,0
"Sudan","SDN","05","2",2024-05-21,0,0
"Sudan","SDN","05","3",2024-05-22,1,0
"Sudan","SDN","05","4",2024-05-23,1,0
"Sudan","SDN","05","5",2024-05-24,1,0
"Sudan","SDN","05","6",2024-05-25,1,0
"Sudan","SDN","05","0",2024-05-26,0,0
"Sudan","SDN","05","1",2024-05-27,0,0
"Sudan","SDN","05","2",2024-05-28,0,0
"Sudan","SDN","05","3",2024-05-29,0,0
"Sudan","SDN","05","4",2024-05-30,1,0
"Sudan","SDN","05","5",2024-05-31,1,0
"Sudan","SDN","06","6",2024-06-01,0,0
"Sudan","SDN","06","0",2024-06-02,0,0
"Sudan","SDN","06","1",2024-06-03,0,0
"Sudan","SDN","06","2",2024-06-04,0,0
"Sudan","SDN","06","3",2024-06-05,0,0
"Sudan","SDN","06","4",2024-06-06,1,0
"Sudan","SDN","06","5",2024-06-07,1,0
"Sudan","SDN","06","6",2024-06-08,0,0
"Sudan","SDN","06","0",2024-06-09,0,0
"Sudan","SDN","06","1",2024-06-10,0,0
"Sudan","SDN","06","2",2024-06-11,0,0
"Sudan","SDN","06","3",2024-06-12,0,0
"Sudan","SDN","06","4",2024-06-13,0,0
"Sudan","SDN","06","5",2024-06-14,0,0
"Sudan","SDN","06","6",2024-06-15,0,0
"Sudan","SDN","06","0",2024-06-16,0,0
"Sudan","SDN","06","1",2024-06-17,0,0
"Sudan","SDN","06","2",2024-06-18,0,0
"Sudan","SDN","06","3",2024-06-19,0,0
"Sudan","SDN","06","4",2024-06-20,0,0
"Sudan","SDN","06","5",2024-06-21,0,0
"Sudan","SDN","06","6",2024-06-22,0,0
"Sudan","SDN","06","0",2024-06-23,0,0
"Sudan","SDN","06","1",2024-06-24,0,0
"Sudan","SDN","06","2",2024-06-25,0,0
"Sudan","SDN","06","3",2024-06-26,0,0
"Sudan","SDN","06","4",2024-06-27,1,0
"Sudan","SDN","06","5",2024-06-28,0,0
"Sudan","SDN","06","6",2024-06-29,0,0
"Sudan","SDN","06","0",2024-06-30,0,0
"Sudan","SDN","07","1",2024-07-01,0,0
"Sudan","SDN","07","2",2024-07-02,0,0
"Sudan","SDN","07","3",2024-07-03,0,0
"Sudan","SDN","07","4",2024-07-04,0,0
"Sudan","SDN","07","5",2024-07-05,0,0
"Sudan","SDN","07","6",2024-07-06,0,0
"Sudan","SDN","07","0",2024-07-07,0,0
"Sudan","SDN","07","1",2024-07-08,0,0
"Sudan","SDN","07","2",2024-07-09,0,0
"Sudan","SDN","07","3",2024-07-10,0,0
"Sudan","SDN","07","4",2024-07-11,1,0
"Sudan","SDN","07","5",2024-07-12,1,0
"Sudan","SDN","07","6",2024-07-13,0,0
"Sudan","SDN","07","0",2024-07-14,0,0
"Sudan","SDN","07","1",2024-07-15,0,0
"Sudan","SDN","07","2",2024-07-16,1,0
"Sudan","SDN","07","3",2024-07-17,1,0
"Sudan","SDN","07","4",2024-07-18,1,0
"Sudan","SDN","07","5",2024-07-19,1,0
"Sudan","SDN","07","6",2024-07-20,1,0
"Sudan","SDN","07","0",2024-07-21,0,0
"Sudan","SDN","07","1",2024-07-22,6,0
"Sudan","SDN","07","2",2024-07-23,6,0
"Sudan","SDN","07","3",2024-07-24,6,0
"Sudan","SDN","07","4",2024-07-25,7,1
"Sudan","SDN","07","5",2024-07-26,7,1
"Sudan","SDN","07","6",2024-07-27,6,0
"Sudan","SDN","07","0",2024-07-28,6,0
"Sudan","SDN","07","1",2024-07-29,12,1
"Sudan","SDN","07","2",2024-07-30,12,1
"Sudan","SDN","07","3",2024-07-31,13,1
"Sudan","SDN","08","4",2024-08-01,13,1
"Sudan","SDN","08","5",2024-08-02,13,1
"Sudan","SDN","08","6",2024-08-03,12,1
"Sudan","SDN","08","0",2024-08-04,12,1
"Sudan","SDN","08","1",2024-08-05,18,1
"Sudan","SDN","08","2",2024-08-06,18,1
"Sudan","SDN","08","3",2024-08-07,19,1
"Sudan","SDN","08","4",2024-08-08,19,2
"Sudan","SDN","08","5",2024-08-09,19,1
"Sudan","SDN","08","6",2024-08-10,18,1
"Sudan","SDN","08","0",2024-08-11,18,1
"Sudan","SDN","08","1",2024-08-12,36,1
"Sudan","SDN","08","2",2024-08-13,36,2
"Sudan","SDN","08","3",2024-08-14,37,2
"Sudan","SDN","08","4",2024-08-15,37,2
"Sudan","SDN","08","5",2024-08-16,37,2
"Sudan","SDN","08","6",2024-08-17,37,2
"Sudan","SDN","08","0",2024-08-18,36,1
"Sudan","SDN","08","1",2024-08-19,104,3
"Sudan","SDN","08","2",2024-08-20,104,3
"Sudan","SDN","08","3",2024-08-21,104,3
"Sudan","SDN","08","4",2024-08-22,104,3
"Sudan","SDN","08","5",2024-08-23,104,3
"Sudan","SDN","08","6",2024-08-24,104,3
"Sudan","SDN","08","0",2024-08-25,104,3
"Sudan","SDN","08","1",2024-08-26,290,12
"Sudan","SDN","08","2",2024-08-27,291,12
"Sudan","SDN","08","3",2024-08-28,291,13
"Sudan","SDN","08","4",2024-08-29,291,13
"Sudan","SDN","08","5",2024-08-30,291,13
"Sudan","SDN","08","6",2024-08-31,291,12
"Sudan","SDN","09","0",2024-09-01,290,12
"Sudan","SDN","09","1",2024-09-02,444,16
"Sudan","SDN","09","2",2024-09-03,445,17
"Sudan","SDN","09","3",2024-09-04,445,17
"Sudan","SDN","09","4",2024-09-05,445,17
"Sudan","SDN","09","5",2024-09-06,445,17
"Sudan","SDN","09","6",2024-09-07,445,17
"Sudan","SDN","09","0",2024-09-08,445,17
"Sudan","SDN","09","1",2024-09-09,502,14
"Sudan","SDN","09","2",2024-09-10,502,15
"Sudan","SDN","09","3",2024-09-11,502,15
"Sudan","SDN","09","4",2024-09-12,503,15
"Sudan","SDN","09","5",2024-09-13,502,15
"Sudan","SDN","09","6",2024-09-14,502,15
"Sudan","SDN","09","0",2024-09-15,502,15
"Sudan","SDN","09","1",2024-09-16,626,14
"Sudan","SDN","09","2",2024-09-17,627,14
"Sudan","SDN","09","3",2024-09-18,627,15
"Sudan","SDN","09","4",2024-09-19,627,15
"Sudan","SDN","09","5",2024-09-20,627,15
"Sudan","SDN","09","6",2024-09-21,627,15
"Sudan","SDN","09","0",2024-09-22,626,14
"Sudan","SDN","09","1",2024-09-23,663,13
"Sudan","SDN","09","2",2024-09-24,663,13
"Sudan","SDN","09","3",2024-09-25,664,14
"Sudan","SDN","09","4",2024-09-26,664,14
"Sudan","SDN","09","5",2024-09-27,664,14
"Sudan","SDN","09","6",2024-09-28,664,13
"Sudan","SDN","09","0",2024-09-29,663,13
"Sudan","SDN","09","1",2024-09-30,478,11
"Sudan","SDN","10","2",2024-10-01,478,11
"Sudan","SDN","10","3",2024-10-02,479,12
"Sudan","SDN","10","4",2024-10-03,479,12
"Sudan","SDN","10","5",2024-10-04,479,12
"Sudan","SDN","10","6",2024-10-05,478,11
"Sudan","SDN","10","0",2024-10-06,478,11
"Sudan","SDN","10","1",2024-10-07,400,11
"Sudan","SDN","10","2",2024-10-08,400,11
"Sudan","SDN","10","3",2024-10-09,400,11
"Sudan","SDN","10","4",2024-10-10,401,12
"Sudan","SDN","10","5",2024-10-11,400,12
"Sudan","SDN","10","6",2024-10-12,400,11
"Sudan","SDN","10","0",2024-10-13,400,11
"Sudan","SDN","10","1",2024-10-14,308,7
"Sudan","SDN","10","2",2024-10-15,308,7
"Sudan","SDN","10","3",2024-10-16,308,7
"Sudan","SDN","10","4",2024-10-17,309,7
"Sudan","SDN","10","5",2024-10-18,308,7
"Sudan","SDN","10","6",2024-10-19,308,7
"Sudan","SDN","10","0",2024-10-20,308,7
"Sudan","SDN","10","1",2024-10-21,241,7
"Sudan","SDN","10","2",2024-10-22,241,7
"Sudan","SDN","10","3",2024-10-23,241,7
"Sudan","SDN","10","4",2024-10-24,242,7
"Sudan","SDN","10","5",2024-10-25,241,7
"Sudan","SDN","10","6",2024-10-26,241,7
"Sudan","SDN","10","0",2024-10-27,241,7
"Sudan","SDN","10","1",2024-10-28,365,11
"Sudan","SDN","10","2",2024-10-29,365,12
"Sudan","SDN","10","3",2024-10-30,365,12
"Sudan","SDN","10","4",2024-10-31,365,12
"Sudan","SDN","11","5",2024-11-01,365,12
"Sudan","SDN","11","6",2024-11-02,365,12
"Sudan","SDN","11","0",2024-11-03,365,11
"Sudan","SDN","11","1",2024-11-04,437,9
"Sudan","SDN","11","2",2024-11-05,437,9
"Sudan","SDN","11","3",2024-11-06,437,9
"Sudan","SDN","11","4",2024-11-07,438,10
"Sudan","SDN","11","5",2024-11-08,438,10
"Sudan","SDN","11","6",2024-11-09,437,9
"Sudan","SDN","11","0",2024-11-10,437,9
"Sudan","SDN","11","1",2024-11-11,621,7
"Sudan","SDN","11","2",2024-11-12,622,7
"Sudan","SDN","11","3",2024-11-13,622,8
"Sudan","SDN","11","4",2024-11-14,622,8
"Sudan","SDN","11","5",2024-11-15,622,8
"Sudan","SDN","11","6",2024-11-16,622,7
"Sudan","SDN","11","0",2024-11-17,621,7
"Sudan","SDN","11","1",2024-11-18,462,10
"Sudan","SDN","11","2",2024-11-19,462,10
"Sudan","SDN","11","3",2024-11-20,462,11
"Sudan","SDN","11","4",2024-11-21,462,11
"Sudan","SDN","11","5",2024-11-22,462,11
"Sudan","SDN","11","6",2024-11-23,462,11
"Sudan","SDN","11","0",2024-11-24,462,10
"Sudan","SDN","11","1",2024-11-25,270,4
"Sudan","SDN","11","2",2024-11-26,270,4
"Sudan","SDN","11","3",2024-11-27,270,4
"Sudan","SDN","11","4",2024-11-28,271,5
"Sudan","SDN","11","5",2024-11-29,271,4
"Sudan","SDN","11","6",2024-11-30,270,4
"Sudan","SDN","12","0",2024-12-01,270,4
"Sudan","SDN","12","1",2024-12-02,187,3
"Sudan","SDN","12","2",2024-12-03,188,3
"Sudan","SDN","12","3",2024-12-04,188,3
"Sudan","SDN","12","4",2024-12-05,188,4
"Sudan","SDN","12","5",2024-12-06,188,4
"Sudan","SDN","12","6",2024-12-07,188,3
"Sudan","SDN","12","0",2024-12-08,187,3
"Sudan","SDN","12","1",2024-12-09,205,3
"Sudan","SDN","12","2",2024-12-10,206,4
"Sudan","SDN","12","3",2024-12-11,206,4
"Sudan","SDN","12","4",2024-12-12,206,4
"Sudan","SDN","12","5",2024-12-13,206,4
"Sudan","SDN","12","6",2024-12-14,206,4
"Sudan","SDN","12","0",2024-12-15,205,3
"Sudan","SDN","12","1",2024-12-16,202,5
"Sudan","SDN","12","2",2024-12-17,203,5
"Sudan","SDN","12","3",2024-12-18,203,5
"Sudan","SDN","12","4",2024-12-19,203,6
"Sudan","SDN","12","5",2024-12-20,203,5
"Sudan","SDN","12","6",2024-12-21,203,5
"Sudan","SDN","12","0",2024-12-22,202,5
"Sudan","SDN","12","1",2024-12-23,131,2
"Sudan","SDN","12","2",2024-12-24,131,3
"Sudan","SDN","12","3",2024-12-25,131,3
"Sudan","SDN","12","4",2024-12-26,132,3
"Sudan","SDN","12","5",2024-12-27,132,3
"Sudan","SDN","12","6",2024-12-28,131,3
"Sudan","SDN","12","0",2024-12-29,131,3
"Sudan","SDN","12","1",2024-12-30,84,0
"Sudan","SDN","12","2",2024-12-31,84,1
"Sudan","SDN","01","3",2025-01-01,84,1
"Sudan","SDN","01","4",2025-01-02,85,1
"Sudan","SDN","01","5",2025-01-03,85,1
"Sudan","SDN","01","6",2025-01-04,84,1
"Sudan","SDN","01","0",2025-01-05,84,1
"Sudan","SDN","01","1",2025-01-06,23,0
"Sudan","SDN","01","2",2025-01-07,23,0
"Sudan","SDN","01","3",2025-01-08,23,0
"Sudan","SDN","01","4",2025-01-09,23,1
"Sudan","SDN","01","5",2025-01-10,23,1
"Sudan","SDN","01","6",2025-01-11,23,0
"Sudan","SDN","01","0",2025-01-12,23,0
"Somalia","SOM","01","1",2023-01-02,33,0
"Somalia","SOM","01","2",2023-01-03,33,0
"Somalia","SOM","01","3",2023-01-04,34,0
"Somalia","SOM","01","4",2023-01-05,34,1
"Somalia","SOM","01","5",2023-01-06,34,0
"Somalia","SOM","01","6",2023-01-07,33,0
"Somalia","SOM","01","0",2023-01-08,33,0
"Somalia","SOM","01","1",2023-01-09,34,0
"Somalia","SOM","01","2",2023-01-10,34,0
"Somalia","SOM","01","3",2023-01-11,34,0
"Somalia","SOM","01","4",2023-01-12,34,1
"Somalia","SOM","01","5",2023-01-13,34,0
"Somalia","SOM","01","6",2023-01-14,34,0
"Somalia","SOM","01","0",2023-01-15,34,0
"Somalia","SOM","01","1",2023-01-16,31,NA
"Somalia","SOM","01","2",2023-01-17,31,NA
"Somalia","SOM","01","3",2023-01-18,31,NA
"Somalia","SOM","01","4",2023-01-19,32,NA
"Somalia","SOM","01","5",2023-01-20,31,NA
"Somalia","SOM","01","6",2023-01-21,31,NA
"Somalia","SOM","01","0",2023-01-22,31,NA
"Somalia","SOM","01","1",2023-01-23,28,0
"Somalia","SOM","01","2",2023-01-24,29,0
"Somalia","SOM","01","3",2023-01-25,29,0
"Somalia","SOM","01","4",2023-01-26,29,0
"Somalia","SOM","01","5",2023-01-27,29,0
"Somalia","SOM","01","6",2023-01-28,29,0
"Somalia","SOM","01","0",2023-01-29,29,0
"Somalia","SOM","01","1",2023-01-30,27,0
"Somalia","SOM","01","2",2023-01-31,28,0
"Somalia","SOM","02","3",2023-02-01,28,0
"Somalia","SOM","02","4",2023-02-02,28,0
"Somalia","SOM","02","5",2023-02-03,28,0
"Somalia","SOM","02","6",2023-02-04,28,0
"Somalia","SOM","02","0",2023-02-05,28,0
"Somalia","SOM","02","1",2023-02-06,27,0
"Somalia","SOM","02","2",2023-02-07,28,0
"Somalia","SOM","02","3",2023-02-08,28,0
"Somalia","SOM","02","4",2023-02-09,28,0
"Somalia","SOM","02","5",2023-02-10,28,0
"Somalia","SOM","02","6",2023-02-11,28,0
"Somalia","SOM","02","0",2023-02-12,27,0
"Somalia","SOM","02","1",2023-02-13,31,0
"Somalia","SOM","02","2",2023-02-14,32,0
"Somalia","SOM","02","3",2023-02-15,32,0
"Somalia","SOM","02","4",2023-02-16,32,0
"Somalia","SOM","02","5",2023-02-17,32,0
"Somalia","SOM","02","6",2023-02-18,32,0
"Somalia","SOM","02","0",2023-02-19,32,0
"Somalia","SOM","02","1",2023-02-20,48,0
"Somalia","SOM","02","2",2023-02-21,49,0
"Somalia","SOM","02","3",2023-02-22,49,1
"Somalia","SOM","02","4",2023-02-23,49,1
"Somalia","SOM","02","5",2023-02-24,49,1
"Somalia","SOM","02","6",2023-02-25,49,0
"Somalia","SOM","02","0",2023-02-26,48,0
"Somalia","SOM","02","1",2023-02-27,46,0
"Somalia","SOM","02","2",2023-02-28,47,0
"Somalia","SOM","03","3",2023-03-01,47,0
"Somalia","SOM","03","4",2023-03-02,47,1
"Somalia","SOM","03","5",2023-03-03,47,0
"Somalia","SOM","03","6",2023-03-04,47,0
"Somalia","SOM","03","0",2023-03-05,46,0
"Somalia","SOM","03","1",2023-03-06,57,0
"Somalia","SOM","03","2",2023-03-07,57,0
"Somalia","SOM","03","3",2023-03-08,57,0
"Somalia","SOM","03","4",2023-03-09,58,1
"Somalia","SOM","03","5",2023-03-10,58,1
"Somalia","SOM","03","6",2023-03-11,57,0
"Somalia","SOM","03","0",2023-03-12,57,0
"Somalia","SOM","03","1",2023-03-13,58,0
"Somalia","SOM","03","2",2023-03-14,58,0
"Somalia","SOM","03","3",2023-03-15,58,1
"Somalia","SOM","03","4",2023-03-16,59,1
"Somalia","SOM","03","5",2023-03-17,58,1
"Somalia","SOM","03","6",2023-03-18,58,0
"Somalia","SOM","03","0",2023-03-19,58,0
"Somalia","SOM","03","1",2023-03-20,64,0
"Somalia","SOM","03","2",2023-03-21,64,0
"Somalia","SOM","03","3",2023-03-22,64,1
"Somalia","SOM","03","4",2023-03-23,64,1
"Somalia","SOM","03","5",2023-03-24,64,1
"Somalia","SOM","03","6",2023-03-25,64,1
"Somalia","SOM","03","0",2023-03-26,64,0
"Somalia","SOM","03","1",2023-03-27,86,0
"Somalia","SOM","03","2",2023-03-28,86,0
"Somalia","SOM","03","3",2023-03-29,86,0
"Somalia","SOM","03","4",2023-03-30,87,1
"Somalia","SOM","03","5",2023-03-31,87,0
"Somalia","SOM","04","6",2023-04-01,86,0
"Somalia","SOM","04","0",2023-04-02,86,0
"Somalia","SOM","04","1",2023-04-03,90,0
"Somalia","SOM","04","2",2023-04-04,90,0
"Somalia","SOM","04","3",2023-04-05,90,0
"Somalia","SOM","04","4",2023-04-06,90,0
"Somalia","SOM","04","5",2023-04-07,90,0
"Somalia","SOM","04","6",2023-04-08,90,0
"Somalia","SOM","04","0",2023-04-09,90,0
"Somalia","SOM","04","1",2023-04-10,123,0
"Somalia","SOM","04","2",2023-04-11,124,0
"Somalia","SOM","04","3",2023-04-12,124,0
"Somalia","SOM","04","4",2023-04-13,124,1
"Somalia","SOM","04","5",2023-04-14,124,1
"Somalia","SOM","04","6",2023-04-15,124,0
"Somalia","SOM","04","0",2023-04-16,124,0
"Somalia","SOM","04","1",2023-04-17,110,0
"Somalia","SOM","04","2",2023-04-18,111,0
"Somalia","SOM","04","3",2023-04-19,111,0
"Somalia","SOM","04","4",2023-04-20,111,1
"Somalia","SOM","04","5",2023-04-21,111,1
"Somalia","SOM","04","6",2023-04-22,111,0
"Somalia","SOM","04","0",2023-04-23,111,0
"Somalia","SOM","04","1",2023-04-24,88,0
"Somalia","SOM","04","2",2023-04-25,88,0
"Somalia","SOM","04","3",2023-04-26,88,0
"Somalia","SOM","04","4",2023-04-27,89,1
"Somalia","SOM","04","5",2023-04-28,89,1
"Somalia","SOM","04","6",2023-04-29,88,0
"Somalia","SOM","04","0",2023-04-30,88,0
"Somalia","SOM","05","1",2023-05-01,74,0
"Somalia","SOM","05","2",2023-05-02,74,0
"Somalia","SOM","05","3",2023-05-03,74,1
"Somalia","SOM","05","4",2023-05-04,75,1
"Somalia","SOM","05","5",2023-05-05,74,1
"Somalia","SOM","05","6",2023-05-06,74,0
"Somalia","SOM","05","0",2023-05-07,74,0
"Somalia","SOM","05","1",2023-05-08,75,0
"Somalia","SOM","05","2",2023-05-09,76,0
"Somalia","SOM","05","3",2023-05-10,76,0
"Somalia","SOM","05","4",2023-05-11,76,1
"Somalia","SOM","05","5",2023-05-12,76,1
"Somalia","SOM","05","6",2023-05-13,76,0
"Somalia","SOM","05","0",2023-05-14,76,0
"Somalia","SOM","05","1",2023-05-15,76,0
"Somalia","SOM","05","2",2023-05-16,76,0
"Somalia","SOM","05","3",2023-05-17,77,0
"Somalia","SOM","05","4",2023-05-18,77,0
"Somalia","SOM","05","5",2023-05-19,77,0
"Somalia","SOM","05","6",2023-05-20,76,0
"Somalia","SOM","05","0",2023-05-21,76,0
"Somalia","SOM","05","1",2023-05-22,68,0
"Somalia","SOM","05","2",2023-05-23,68,0
"Somalia","SOM","05","3",2023-05-24,69,0
"Somalia","SOM","05","4",2023-05-25,69,1
"Somalia","SOM","05","5",2023-05-26,69,0
"Somalia","SOM","05","6",2023-05-27,68,0
"Somalia","SOM","05","0",2023-05-28,68,0
"Somalia","SOM","05","1",2023-05-29,57,0
"Somalia","SOM","05","2",2023-05-30,58,0
"Somalia","SOM","05","3",2023-05-31,58,0
"Somalia","SOM","06","4",2023-06-01,58,1
"Somalia","SOM","06","5",2023-06-02,58,0
"Somalia","SOM","06","6",2023-06-03,58,0
"Somalia","SOM","06","0",2023-06-04,57,0
"Somalia","SOM","06","1",2023-06-05,53,0
"Somalia","SOM","06","2",2023-06-06,54,0
"Somalia","SOM","06","3",2023-06-07,54,0
"Somalia","SOM","06","4",2023-06-08,54,0
"Somalia","SOM","06","5",2023-06-09,54,0
"Somalia","SOM","06","6",2023-06-10,54,0
"Somalia","SOM","06","0",2023-06-11,54,0
"Somalia","SOM","06","1",2023-06-12,44,0
"Somalia","SOM","06","2",2023-06-13,44,0
"Somalia","SOM","06","3",2023-06-14,45,0
"Somalia","SOM","06","4",2023-06-15,45,1
"Somalia","SOM","06","5",2023-06-16,45,0
"Somalia","SOM","06","6",2023-06-17,44,0
"Somalia","SOM","06","0",2023-06-18,44,0
"Somalia","SOM","06","1",2023-06-19,52,0
"Somalia","SOM","06","2",2023-06-20,52,0
"Somalia","SOM","06","3",2023-06-21,53,0
"Somalia","SOM","06","4",2023-06-22,53,0
"Somalia","SOM","06","5",2023-06-23,53,0
"Somalia","SOM","06","6",2023-06-24,52,0
"Somalia","SOM","06","0",2023-06-25,52,0
"Somalia","SOM","06","1",2023-06-26,34,0
"Somalia","SOM","06","2",2023-06-27,34,0
"Somalia","SOM","06","3",2023-06-28,34,0
"Somalia","SOM","06","4",2023-06-29,35,1
"Somalia","SOM","06","5",2023-06-30,35,0
"Somalia","SOM","07","6",2023-07-01,34,0
"Somalia","SOM","07","0",2023-07-02,34,0
"Somalia","SOM","07","1",2023-07-03,35,0
"Somalia","SOM","07","2",2023-07-04,35,0
"Somalia","SOM","07","3",2023-07-05,35,0
"Somalia","SOM","07","4",2023-07-06,36,0
"Somalia","SOM","07","5",2023-07-07,36,0
"Somalia","SOM","07","6",2023-07-08,35,0
"Somalia","SOM","07","0",2023-07-09,35,0
"Somalia","SOM","07","1",2023-07-10,32,0
"Somalia","SOM","07","2",2023-07-11,32,0
"Somalia","SOM","07","3",2023-07-12,33,0
"Somalia","SOM","07","4",2023-07-13,33,0
"Somalia","SOM","07","5",2023-07-14,33,0
"Somalia","SOM","07","6",2023-07-15,32,0
"Somalia","SOM","07","0",2023-07-16,32,0
"Somalia","SOM","07","1",2023-07-17,44,0
"Somalia","SOM","07","2",2023-07-18,44,0
"Somalia","SOM","07","3",2023-07-19,44,0
"Somalia","SOM","07","4",2023-07-20,45,0
"Somalia","SOM","07","5",2023-07-21,44,0
"Somalia","SOM","07","6",2023-07-22,44,0
"Somalia","SOM","07","0",2023-07-23,44,0
"Somalia","SOM","07","1",2023-07-24,33,0
"Somalia","SOM","07","2",2023-07-25,33,0
"Somalia","SOM","07","3",2023-07-26,34,0
"Somalia","SOM","07","4",2023-07-27,34,0
"Somalia","SOM","07","5",2023-07-28,34,0
"Somalia","SOM","07","6",2023-07-29,34,0
"Somalia","SOM","07","0",2023-07-30,33,0
"Somalia","SOM","07","1",2023-07-31,32,0
"Somalia","SOM","08","2",2023-08-01,32,0
"Somalia","SOM","08","3",2023-08-02,32,0
"Somalia","SOM","08","4",2023-08-03,32,0
"Somalia","SOM","08","5",2023-08-04,32,0
"Somalia","SOM","08","6",2023-08-05,32,0
"Somalia","SOM","08","0",2023-08-06,32,0
"Somalia","SOM","08","1",2023-08-07,30,0
"Somalia","SOM","08","2",2023-08-08,30,0
"Somalia","SOM","08","3",2023-08-09,31,0
"Somalia","SOM","08","4",2023-08-10,31,0
"Somalia","SOM","08","5",2023-08-11,31,0
"Somalia","SOM","08","6",2023-08-12,31,0
"Somalia","SOM","08","0",2023-08-13,30,0
"Somalia","SOM","08","1",2023-08-14,33,0
"Somalia","SOM","08","2",2023-08-15,33,0
"Somalia","SOM","08","3",2023-08-16,33,0
"Somalia","SOM","08","4",2023-08-17,34,0
"Somalia","SOM","08","5",2023-08-18,33,0
"Somalia","SOM","08","6",2023-08-19,33,0
"Somalia","SOM","08","0",2023-08-20,33,0
"Somalia","SOM","08","1",2023-08-21,31,0
"Somalia","SOM","08","2",2023-08-22,31,0
"Somalia","SOM","08","3",2023-08-23,31,0
"Somalia","SOM","08","4",2023-08-24,32,0
"Somalia","SOM","08","5",2023-08-25,31,0
"Somalia","SOM","08","6",2023-08-26,31,0
"Somalia","SOM","08","0",2023-08-27,31,0
"Somalia","SOM","08","1",2023-08-28,44,0
"Somalia","SOM","08","2",2023-08-29,44,0
"Somalia","SOM","08","3",2023-08-30,44,0
"Somalia","SOM","08","4",2023-08-31,45,1
"Somalia","SOM","09","5",2023-09-01,45,0
"Somalia","SOM","09","6",2023-09-02,44,0
"Somalia","SOM","09","0",2023-09-03,44,0
"Somalia","SOM","09","1",2023-09-04,23,0
"Somalia","SOM","09","2",2023-09-05,24,0
"Somalia","SOM","09","3",2023-09-06,24,0
"Somalia","SOM","09","4",2023-09-07,24,1
"Somalia","SOM","09","5",2023-09-08,24,1
"Somalia","SOM","09","6",2023-09-09,24,0
"Somalia","SOM","09","0",2023-09-10,24,0
"Somalia","SOM","09","1",2023-09-11,24,0
"Somalia","SOM","09","2",2023-09-12,25,0
"Somalia","SOM","09","3",2023-09-13,25,0
"Somalia","SOM","09","4",2023-09-14,25,0
"Somalia","SOM","09","5",2023-09-15,25,0
"Somalia","SOM","09","6",2023-09-16,25,0
"Somalia","SOM","09","0",2023-09-17,25,0
"Somalia","SOM","09","1",2023-09-18,26,0
"Somalia","SOM","09","2",2023-09-19,26,0
"Somalia","SOM","09","3",2023-09-20,27,0
"Somalia","SOM","09","4",2023-09-21,27,0
"Somalia","SOM","09","5",2023-09-22,27,0
"Somalia","SOM","09","6",2023-09-23,27,0
"Somalia","SOM","09","0",2023-09-24,26,0
"Somalia","SOM","09","1",2023-09-25,31,0
"Somalia","SOM","09","2",2023-09-26,32,0
"Somalia","SOM","09","3",2023-09-27,32,0
"Somalia","SOM","09","4",2023-09-28,32,1
"Somalia","SOM","09","5",2023-09-29,32,1
"Somalia","SOM","09","6",2023-09-30,32,0
"Somalia","SOM","10","0",2023-10-01,32,0
"Somalia","SOM","10","1",2023-10-02,33,0
"Somalia","SOM","10","2",2023-10-03,33,0
"Somalia","SOM","10","3",2023-10-04,33,0
"Somalia","SOM","10","4",2023-10-05,33,1
"Somalia","SOM","10","5",2023-10-06,33,1
"Somalia","SOM","10","6",2023-10-07,33,0
"Somalia","SOM","10","0",2023-10-08,33,0
"Somalia","SOM","10","1",2023-10-09,44,0
"Somalia","SOM","10","2",2023-10-10,44,0
"Somalia","SOM","10","3",2023-10-11,44,0
"Somalia","SOM","10","4",2023-10-12,44,1
"Somalia","SOM","10","5",2023-10-13,44,0
"Somalia","SOM","10","6",2023-10-14,44,0
"Somalia","SOM","10","0",2023-10-15,44,0
"Somalia","SOM","10","1",2023-10-16,30,0
"Somalia","SOM","10","2",2023-10-17,31,0
"Somalia","SOM","10","3",2023-10-18,31,0
"Somalia","SOM","10","4",2023-10-19,31,0
"Somalia","SOM","10","5",2023-10-20,31,0
"Somalia","SOM","10","6",2023-10-21,31,0
"Somalia","SOM","10","0",2023-10-22,31,0
"Somalia","SOM","10","1",2023-10-23,31,0
"Somalia","SOM","10","2",2023-10-24,31,0
"Somalia","SOM","10","3",2023-10-25,31,0
"Somalia","SOM","10","4",2023-10-26,32,1
"Somalia","SOM","10","5",2023-10-27,32,0
"Somalia","SOM","10","6",2023-10-28,31,0
"Somalia","SOM","10","0",2023-10-29,31,0
"Somalia","SOM","10","1",2023-10-30,39,0
"Somalia","SOM","10","2",2023-10-31,40,0
"Somalia","SOM","11","3",2023-11-01,40,0
"Somalia","SOM","11","4",2023-11-02,40,1
"Somalia","SOM","11","5",2023-11-03,40,0
"Somalia","SOM","11","6",2023-11-04,40,0
"Somalia","SOM","11","0",2023-11-05,40,0
"Somalia","SOM","11","1",2023-11-06,38,0
"Somalia","SOM","11","2",2023-11-07,38,0
"Somalia","SOM","11","3",2023-11-08,38,0
"Somalia","SOM","11","4",2023-11-09,38,1
"Somalia","SOM","11","5",2023-11-10,38,1
"Somalia","SOM","11","6",2023-11-11,38,0
"Somalia","SOM","11","0",2023-11-12,38,0
"Somalia","SOM","11","1",2023-11-13,54,0
"Somalia","SOM","11","2",2023-11-14,55,0
"Somalia","SOM","11","3",2023-11-15,55,0
"Somalia","SOM","11","4",2023-11-16,55,1
"Somalia","SOM","11","5",2023-11-17,55,0
"Somalia","SOM","11","6",2023-11-18,55,0
"Somalia","SOM","11","0",2023-11-19,54,0
"Somalia","SOM","11","1",2023-11-20,68,0
"Somalia","SOM","11","2",2023-11-21,69,0
"Somalia","SOM","11","3",2023-11-22,69,0
"Somalia","SOM","11","4",2023-11-23,69,0
"Somalia","SOM","11","5",2023-11-24,69,0
"Somalia","SOM","11","6",2023-11-25,69,0
"Somalia","SOM","11","0",2023-11-26,69,0
"Somalia","SOM","11","1",2023-11-27,68,0
"Somalia","SOM","11","2",2023-11-28,68,0
"Somalia","SOM","11","3",2023-11-29,68,0
"Somalia","SOM","11","4",2023-11-30,69,0
"Somalia","SOM","12","5",2023-12-01,69,0
"Somalia","SOM","12","6",2023-12-02,68,0
"Somalia","SOM","12","0",2023-12-03,68,0
"Somalia","SOM","12","1",2023-12-04,67,0
"Somalia","SOM","12","2",2023-12-05,68,0
"Somalia","SOM","12","3",2023-12-06,68,0
"Somalia","SOM","12","4",2023-12-07,68,0
"Somalia","SOM","12","5",2023-12-08,68,0
"Somalia","SOM","12","6",2023-12-09,68,0
"Somalia","SOM","12","0",2023-12-10,68,0
"Somalia","SOM","12","1",2023-12-11,62,0
"Somalia","SOM","12","2",2023-12-12,63,0
"Somalia","SOM","12","3",2023-12-13,63,0
"Somalia","SOM","12","4",2023-12-14,63,0
"Somalia","SOM","12","5",2023-12-15,63,0
"Somalia","SOM","12","6",2023-12-16,63,0
"Somalia","SOM","12","0",2023-12-17,62,0
"Somalia","SOM","12","1",2023-12-18,53,0
"Somalia","SOM","12","2",2023-12-19,54,0
"Somalia","SOM","12","3",2023-12-20,54,0
"Somalia","SOM","12","4",2023-12-21,54,0
"Somalia","SOM","12","5",2023-12-22,54,0
"Somalia","SOM","12","6",2023-12-23,54,0
"Somalia","SOM","12","0",2023-12-24,54,0
"Somalia","SOM","12","1",2023-12-25,71,0
"Somalia","SOM","12","2",2023-12-26,71,0
"Somalia","SOM","12","3",2023-12-27,71,1
"Somalia","SOM","12","4",2023-12-28,72,1
"Somalia","SOM","12","5",2023-12-29,72,1
"Somalia","SOM","12","6",2023-12-30,71,0
"Somalia","SOM","12","0",2023-12-31,71,0
"Somalia","SOM","01","1",2024-01-01,70,0
"Somalia","SOM","01","2",2024-01-02,70,0
"Somalia","SOM","01","3",2024-01-03,71,1
"Somalia","SOM","01","4",2024-01-04,71,1
"Somalia","SOM","01","5",2024-01-05,71,1
"Somalia","SOM","01","6",2024-01-06,71,0
"Somalia","SOM","01","0",2024-01-07,70,0
"Somalia","SOM","01","1",2024-01-08,68,1
"Somalia","SOM","01","2",2024-01-09,69,1
"Somalia","SOM","01","3",2024-01-10,69,1
"Somalia","SOM","01","4",2024-01-11,69,2
"Somalia","SOM","01","5",2024-01-12,69,2
"Somalia","SOM","01","6",2024-01-13,69,1
"Somalia","SOM","01","0",2024-01-14,68,1
"Somalia","SOM","01","1",2024-01-15,60,0
"Somalia","SOM","01","2",2024-01-16,61,1
"Somalia","SOM","01","3",2024-01-17,61,1
"Somalia","SOM","01","4",2024-01-18,61,1
"Somalia","SOM","01","5",2024-01-19,61,1
"Somalia","SOM","01","6",2024-01-20,61,1
"Somalia","SOM","01","0",2024-01-21,61,1
"Somalia","SOM","01","1",2024-01-22,55,0
"Somalia","SOM","01","2",2024-01-23,56,0
"Somalia","SOM","01","3",2024-01-24,56,0
"Somalia","SOM","01","4",2024-01-25,56,1
"Somalia","SOM","01","5",2024-01-26,56,0
"Somalia","SOM","01","6",2024-01-27,56,0
"Somalia","SOM","01","0",2024-01-28,56,0
"Somalia","SOM","01","1",2024-01-29,49,0
"Somalia","SOM","01","2",2024-01-30,49,0
"Somalia","SOM","01","3",2024-01-31,50,0
"Somalia","SOM","02","4",2024-02-01,50,0
"Somalia","SOM","02","5",2024-02-02,50,0
"Somalia","SOM","02","6",2024-02-03,49,0
"Somalia","SOM","02","0",2024-02-04,49,0
"Somalia","SOM","02","1",2024-02-05,61,0
"Somalia","SOM","02","2",2024-02-06,61,0
"Somalia","SOM","02","3",2024-02-07,61,1
"Somalia","SOM","02","4",2024-02-08,62,1
"Somalia","SOM","02","5",2024-02-09,62,1
"Somalia","SOM","02","6",2024-02-10,61,1
"Somalia","SOM","02","0",2024-02-11,61,0
"Somalia","SOM","02","1",2024-02-12,58,1
"Somalia","SOM","02","2",2024-02-13,58,1
"Somalia","SOM","02","3",2024-02-14,58,2
"Somalia","SOM","02","4",2024-02-15,59,2
"Somalia","SOM","02","5",2024-02-16,58,2
"Somalia","SOM","02","6",2024-02-17,58,1
"Somalia","SOM","02","0",2024-02-18,58,1
"Somalia","SOM","02","1",2024-02-19,57,0
"Somalia","SOM","02","2",2024-02-20,57,0
"Somalia","SOM","02","3",2024-02-21,57,1
"Somalia","SOM","02","4",2024-02-22,58,1
"Somalia","SOM","02","5",2024-02-23,58,1
"Somalia","SOM","02","6",2024-02-24,57,1
"Somalia","SOM","02","0",2024-02-25,57,0
"Somalia","SOM","02","1",2024-02-26,61,1
"Somalia","SOM","02","2",2024-02-27,61,1
"Somalia","SOM","02","3",2024-02-28,61,1
"Somalia","SOM","02","4",2024-02-29,62,2
"Somalia","SOM","03","5",2024-03-01,61,1
"Somalia","SOM","03","6",2024-03-02,61,1
"Somalia","SOM","03","0",2024-03-03,61,1
"Somalia","SOM","03","1",2024-03-04,88,1
"Somalia","SOM","03","2",2024-03-05,89,1
"Somalia","SOM","03","3",2024-03-06,89,1
"Somalia","SOM","03","4",2024-03-07,89,2
"Somalia","SOM","03","5",2024-03-08,89,2
"Somalia","SOM","03","6",2024-03-09,89,1
"Somalia","SOM","03","0",2024-03-10,89,1
"Somalia","SOM","03","1",2024-03-11,94,1
"Somalia","SOM","03","2",2024-03-12,94,1
"Somalia","SOM","03","3",2024-03-13,94,1
"Somalia","SOM","03","4",2024-03-14,95,1
"Somalia","SOM","03","5",2024-03-15,94,1
"Somalia","SOM","03","6",2024-03-16,94,1
"Somalia","SOM","03","0",2024-03-17,94,1
"Somalia","SOM","03","1",2024-03-18,135,0
"Somalia","SOM","03","2",2024-03-19,135,1
"Somalia","SOM","03","3",2024-03-20,135,1
"Somalia","SOM","03","4",2024-03-21,136,1
"Somalia","SOM","03","5",2024-03-22,136,1
"Somalia","SOM","03","6",2024-03-23,135,1
"Somalia","SOM","03","0",2024-03-24,135,1
"Somalia","SOM","03","1",2024-03-25,119,1
"Somalia","SOM","03","2",2024-03-26,119,1
"Somalia","SOM","03","3",2024-03-27,120,1
"Somalia","SOM","03","4",2024-03-28,120,2
"Somalia","SOM","03","5",2024-03-29,120,2
"Somalia","SOM","03","6",2024-03-30,119,1
"Somalia","SOM","03","0",2024-03-31,119,1
"Somalia","SOM","04","1",2024-04-01,106,0
"Somalia","SOM","04","2",2024-04-02,106,1
"Somalia","SOM","04","3",2024-04-03,106,1
"Somalia","SOM","04","4",2024-04-04,107,1
"Somalia","SOM","04","5",2024-04-05,106,1
"Somalia","SOM","04","6",2024-04-06,106,1
"Somalia","SOM","04","0",2024-04-07,106,0
"Somalia","SOM","04","1",2024-04-08,133,1
"Somalia","SOM","04","2",2024-04-09,133,2
"Somalia","SOM","04","3",2024-04-10,134,2
"Somalia","SOM","04","4",2024-04-11,134,2
"Somalia","SOM","04","5",2024-04-12,134,2
"Somalia","SOM","04","6",2024-04-13,133,2
"Somalia","SOM","04","0",2024-04-14,133,2
"Somalia","SOM","04","1",2024-04-15,109,1
"Somalia","SOM","04","2",2024-04-16,110,1
"Somalia","SOM","04","3",2024-04-17,110,1
"Somalia","SOM","04","4",2024-04-18,110,1
"Somalia","SOM","04","5",2024-04-19,110,1
"Somalia","SOM","04","6",2024-04-20,110,1
"Somalia","SOM","04","0",2024-04-21,110,1
"Somalia","SOM","04","1",2024-04-22,100,0
"Somalia","SOM","04","2",2024-04-23,100,0
"Somalia","SOM","04","3",2024-04-24,101,0
"Somalia","SOM","04","4",2024-04-25,101,1
"Somalia","SOM","04","5",2024-04-26,101,0
"Somalia","SOM","04","6",2024-04-27,101,0
"Somalia","SOM","04","0",2024-04-28,100,0
"Somalia","SOM","04","1",2024-04-29,90,0
"Somalia","SOM","04","2",2024-04-30,90,0
"Somalia","SOM","05","3",2024-05-01,90,0
"Somalia","SOM","05","4",2024-05-02,90,0
"Somalia","SOM","05","5",2024-05-03,90,0
"Somalia","SOM","05","6",2024-05-04,90,0
"Somalia","SOM","05","0",2024-05-05,90,0
"Somalia","SOM","05","1",2024-05-06,106,0
"Somalia","SOM","05","2",2024-05-07,106,0
"Somalia","SOM","05","3",2024-05-08,107,1
"Somalia","SOM","05","4",2024-05-09,107,1
"Somalia","SOM","05","5",2024-05-10,107,1
"Somalia","SOM","05","6",2024-05-11,107,1
"Somalia","SOM","05","0",2024-05-12,106,0
"Somalia","SOM","05","1",2024-05-13,133,1
"Somalia","SOM","05","2",2024-05-14,133,1
"Somalia","SOM","05","3",2024-05-15,134,1
"Somalia","SOM","05","4",2024-05-16,134,2
"Somalia","SOM","05","5",2024-05-17,134,1
"Somalia","SOM","05","6",2024-05-18,133,1
"Somalia","SOM","05","0",2024-05-19,133,1
"Somalia","SOM","05","1",2024-05-20,107,0
"Somalia","SOM","05","2",2024-05-21,107,1
"Somalia","SOM","05","3",2024-05-22,108,1
"Somalia","SOM","05","4",2024-05-23,108,1
"Somalia","SOM","05","5",2024-05-24,108,1
"Somalia","SOM","05","6",2024-05-25,107,1
"Somalia","SOM","05","0",2024-05-26,107,1
"Somalia","SOM","05","1",2024-05-27,105,0
"Somalia","SOM","05","2",2024-05-28,105,0
"Somalia","SOM","05","3",2024-05-29,105,0
"Somalia","SOM","05","4",2024-05-30,105,1
"Somalia","SOM","05","5",2024-05-31,105,1
"Somalia","SOM","06","6",2024-06-01,105,0
"Somalia","SOM","06","0",2024-06-02,105,0
"Somalia","SOM","06","1",2024-06-03,82,0
"Somalia","SOM","06","2",2024-06-04,82,0
"Somalia","SOM","06","3",2024-06-05,82,0
"Somalia","SOM","06","4",2024-06-06,83,1
"Somalia","SOM","06","5",2024-06-07,82,0
"Somalia","SOM","06","6",2024-06-08,82,0
"Somalia","SOM","06","0",2024-06-09,82,0
"Somalia","SOM","06","1",2024-06-10,74,0
"Somalia","SOM","06","2",2024-06-11,74,0
"Somalia","SOM","06","3",2024-06-12,74,1
"Somalia","SOM","06","4",2024-06-13,75,1
"Somalia","SOM","06","5",2024-06-14,75,1
"Somalia","SOM","06","6",2024-06-15,74,1
"Somalia","SOM","06","0",2024-06-16,74,0
"Somalia","SOM","06","1",2024-06-17,67,0
"Somalia","SOM","06","2",2024-06-18,67,0
"Somalia","SOM","06","3",2024-06-19,67,1
"Somalia","SOM","06","4",2024-06-20,68,1
"Somalia","SOM","06","5",2024-06-21,67,1
"Somalia","SOM","06","6",2024-06-22,67,0
"Somalia","SOM","06","0",2024-06-23,67,0
"Somalia","SOM","06","1",2024-06-24,62,0
"Somalia","SOM","06","2",2024-06-25,63,0
"Somalia","SOM","06","3",2024-06-26,63,0
"Somalia","SOM","06","4",2024-06-27,63,1
"Somalia","SOM","06","5",2024-06-28,63,1
"Somalia","SOM","06","6",2024-06-29,63,0
"Somalia","SOM","06","0",2024-06-30,62,0
"Somalia","SOM","07","1",2024-07-01,59,0
"Somalia","SOM","07","2",2024-07-02,59,0
"Somalia","SOM","07","3",2024-07-03,59,0
"Somalia","SOM","07","4",2024-07-04,59,1
"Somalia","SOM","07","5",2024-07-05,59,1
"Somalia","SOM","07","6",2024-07-06,59,0
"Somalia","SOM","07","0",2024-07-07,59,0
"Somalia","SOM","07","1",2024-07-08,48,0
"Somalia","SOM","07","2",2024-07-09,48,0
"Somalia","SOM","07","3",2024-07-10,48,0
"Somalia","SOM","07","4",2024-07-11,49,0
"Somalia","SOM","07","5",2024-07-12,49,0
"Somalia","SOM","07","6",2024-07-13,48,0
"Somalia","SOM","07","0",2024-07-14,48,0
"Somalia","SOM","07","1",2024-07-15,51,0
"Somalia","SOM","07","2",2024-07-16,51,0
"Somalia","SOM","07","3",2024-07-17,51,0
"Somalia","SOM","07","4",2024-07-18,52,1
"Somalia","SOM","07","5",2024-07-19,51,1
"Somalia","SOM","07","6",2024-07-20,51,0
"Somalia","SOM","07","0",2024-07-21,51,0
"Somalia","SOM","07","1",2024-07-22,45,0
"Somalia","SOM","07","2",2024-07-23,45,0
"Somalia","SOM","07","3",2024-07-24,46,0
"Somalia","SOM","07","4",2024-07-25,46,1
"Somalia","SOM","07","5",2024-07-26,46,0
"Somalia","SOM","07","6",2024-07-27,46,0
"Somalia","SOM","07","0",2024-07-28,45,0
"Somalia","SOM","07","1",2024-07-29,47,0
"Somalia","SOM","07","2",2024-07-30,47,0
"Somalia","SOM","07","3",2024-07-31,47,0
"Somalia","SOM","08","4",2024-08-01,48,1
"Somalia","SOM","08","5",2024-08-02,48,0
"Somalia","SOM","08","6",2024-08-03,47,0
"Somalia","SOM","08","0",2024-08-04,47,0
"Somalia","SOM","08","1",2024-08-05,44,0
"Somalia","SOM","08","2",2024-08-06,45,0
"Somalia","SOM","08","3",2024-08-07,45,0
"Somalia","SOM","08","4",2024-08-08,45,0
"Somalia","SOM","08","5",2024-08-09,45,0
"Somalia","SOM","08","6",2024-08-10,45,0
"Somalia","SOM","08","0",2024-08-11,44,0
"Somalia","SOM","08","1",2024-08-12,46,0
"Somalia","SOM","08","2",2024-08-13,47,0
"Somalia","SOM","08","3",2024-08-14,47,0
"Somalia","SOM","08","4",2024-08-15,47,0
"Somalia","SOM","08","5",2024-08-16,47,0
"Somalia","SOM","08","6",2024-08-17,47,0
"Somalia","SOM","08","0",2024-08-18,47,0
"Somalia","SOM","08","1",2024-08-19,31,0
"Somalia","SOM","08","2",2024-08-20,32,0
"Somalia","SOM","08","3",2024-08-21,32,0
"Somalia","SOM","08","4",2024-08-22,32,0
"Somalia","SOM","08","5",2024-08-23,32,0
"Somalia","SOM","08","6",2024-08-24,32,0
"Somalia","SOM","08","0",2024-08-25,31,0
"Somalia","SOM","08","1",2024-08-26,28,0
"Somalia","SOM","08","2",2024-08-27,28,0
"Somalia","SOM","08","3",2024-08-28,28,0
"Somalia","SOM","08","4",2024-08-29,28,0
"Somalia","SOM","08","5",2024-08-30,28,0
"Somalia","SOM","08","6",2024-08-31,28,0
"Somalia","SOM","09","0",2024-09-01,28,0
"Somalia","SOM","09","1",2024-09-02,25,0
"Somalia","SOM","09","2",2024-09-03,25,0
"Somalia","SOM","09","3",2024-09-04,25,0
"Somalia","SOM","09","4",2024-09-05,25,0
"Somalia","SOM","09","5",2024-09-06,25,0
"Somalia","SOM","09","6",2024-09-07,25,0
"Somalia","SOM","09","0",2024-09-08,25,0
"Somalia","SOM","09","1",2024-09-09,28,0
"Somalia","SOM","09","2",2024-09-10,28,0
"Somalia","SOM","09","3",2024-09-11,29,0
"Somalia","SOM","09","4",2024-09-12,29,0
"Somalia","SOM","09","5",2024-09-13,29,0
"Somalia","SOM","09","6",2024-09-14,28,0
"Somalia","SOM","09","0",2024-09-15,28,0
"Somalia","SOM","09","1",2024-09-16,28,0
"Somalia","SOM","09","2",2024-09-17,28,0
"Somalia","SOM","09","3",2024-09-18,28,0
"Somalia","SOM","09","4",2024-09-19,29,0
"Somalia","SOM","09","5",2024-09-20,29,0
"Somalia","SOM","09","6",2024-09-21,28,0
"Somalia","SOM","09","0",2024-09-22,28,0
"Somalia","SOM","09","1",2024-09-23,31,0
"Somalia","SOM","09","2",2024-09-24,31,0
"Somalia","SOM","09","3",2024-09-25,31,0
"Somalia","SOM","09","4",2024-09-26,32,0
"Somalia","SOM","09","5",2024-09-27,31,0
"Somalia","SOM","09","6",2024-09-28,31,0
"Somalia","SOM","09","0",2024-09-29,31,0
"Somalia","SOM","09","1",2024-09-30,30,0
"Somalia","SOM","10","2",2024-10-01,30,0
"Somalia","SOM","10","3",2024-10-02,31,0
"Somalia","SOM","10","4",2024-10-03,31,0
"Somalia","SOM","10","5",2024-10-04,31,0
"Somalia","SOM","10","6",2024-10-05,31,0
"Somalia","SOM","10","0",2024-10-06,30,0
"Somalia","SOM","10","1",2024-10-07,23,0
"Somalia","SOM","10","2",2024-10-08,23,0
"Somalia","SOM","10","3",2024-10-09,24,0
"Somalia","SOM","10","4",2024-10-10,24,0
"Somalia","SOM","10","5",2024-10-11,24,0
"Somalia","SOM","10","6",2024-10-12,23,0
"Somalia","SOM","10","0",2024-10-13,23,0
"Somalia","SOM","10","1",2024-10-14,26,0
"Somalia","SOM","10","2",2024-10-15,26,0
"Somalia","SOM","10","3",2024-10-16,26,0
"Somalia","SOM","10","4",2024-10-17,27,0
"Somalia","SOM","10","5",2024-10-18,26,0
"Somalia","SOM","10","6",2024-10-19,26,0
"Somalia","SOM","10","0",2024-10-20,26,0
"Somalia","SOM","10","1",2024-10-21,24,0
"Somalia","SOM","10","2",2024-10-22,24,0
"Somalia","SOM","10","3",2024-10-23,25,0
"Somalia","SOM","10","4",2024-10-24,25,0
"Somalia","SOM","10","5",2024-10-25,25,0
"Somalia","SOM","10","6",2024-10-26,25,0
"Somalia","SOM","10","0",2024-10-27,24,0
"Somalia","SOM","10","1",2024-10-28,23,0
"Somalia","SOM","10","2",2024-10-29,23,0
"Somalia","SOM","10","3",2024-10-30,23,0
"Somalia","SOM","10","4",2024-10-31,24,0
"Somalia","SOM","11","5",2024-11-01,23,0
"Somalia","SOM","11","6",2024-11-02,23,0
"Somalia","SOM","11","0",2024-11-03,23,0
"Somalia","SOM","11","1",2024-11-04,27,0
"Somalia","SOM","11","2",2024-11-05,27,0
"Somalia","SOM","11","3",2024-11-06,28,0
"Somalia","SOM","11","4",2024-11-07,28,0
"Somalia","SOM","11","5",2024-11-08,28,0
"Somalia","SOM","11","6",2024-11-09,27,0
"Somalia","SOM","11","0",2024-11-10,27,0
"Somalia","SOM","11","1",2024-11-11,24,0
"Somalia","SOM","11","2",2024-11-12,25,0
"Somalia","SOM","11","3",2024-11-13,25,0
"Somalia","SOM","11","4",2024-11-14,25,0
"Somalia","SOM","11","5",2024-11-15,25,0
"Somalia","SOM","11","6",2024-11-16,25,0
"Somalia","SOM","11","0",2024-11-17,24,0
"Somalia","SOM","11","1",2024-11-18,26,0
"Somalia","SOM","11","2",2024-11-19,26,0
"Somalia","SOM","11","3",2024-11-20,27,0
"Somalia","SOM","11","4",2024-11-21,27,0
"Somalia","SOM","11","5",2024-11-22,27,0
"Somalia","SOM","11","6",2024-11-23,26,0
"Somalia","SOM","11","0",2024-11-24,26,0
"Somalia","SOM","11","1",2024-11-25,30,0
"Somalia","SOM","11","2",2024-11-26,31,0
"Somalia","SOM","11","3",2024-11-27,31,0
"Somalia","SOM","11","4",2024-11-28,31,0
"Somalia","SOM","11","5",2024-11-29,31,0
"Somalia","SOM","11","6",2024-11-30,31,0
"Somalia","SOM","12","0",2024-12-01,30,0
"Somalia","SOM","12","1",2024-12-02,29,0
"Somalia","SOM","12","2",2024-12-03,29,0
"Somalia","SOM","12","3",2024-12-04,29,0
"Somalia","SOM","12","4",2024-12-05,30,0
"Somalia","SOM","12","5",2024-12-06,29,0
"Somalia","SOM","12","6",2024-12-07,29,0
"Somalia","SOM","12","0",2024-12-08,29,0
"Somalia","SOM","12","1",2024-12-09,32,0
"Somalia","SOM","12","2",2024-12-10,32,0
"Somalia","SOM","12","3",2024-12-11,32,0
"Somalia","SOM","12","4",2024-12-12,32,0
"Somalia","SOM","12","5",2024-12-13,32,0
"Somalia","SOM","12","6",2024-12-14,32,0
"Somalia","SOM","12","0",2024-12-15,32,0
"Somalia","SOM","12","1",2024-12-16,32,0
"Somalia","SOM","12","2",2024-12-17,32,0
"Somalia","SOM","12","3",2024-12-18,32,0
"Somalia","SOM","12","4",2024-12-19,33,0
"Somalia","SOM","12","5",2024-12-20,32,0
"Somalia","SOM","12","6",2024-12-21,32,0
"Somalia","SOM","12","0",2024-12-22,32,0
"Somalia","SOM","12","1",2024-12-23,29,0
"Somalia","SOM","12","2",2024-12-24,29,0
"Somalia","SOM","12","3",2024-12-25,30,0
"Somalia","SOM","12","4",2024-12-26,30,0
"Somalia","SOM","12","5",2024-12-27,30,0
"Somalia","SOM","12","6",2024-12-28,29,0
"Somalia","SOM","12","0",2024-12-29,29,0
"South Sudan","SSD","02","1",2023-02-20,14,0
"South Sudan","SSD","02","2",2023-02-21,14,0
"South Sudan","SSD","02","3",2023-02-22,14,0
"South Sudan","SSD","02","4",2023-02-23,15,0
"South Sudan","SSD","02","5",2023-02-24,14,0
"South Sudan","SSD","02","6",2023-02-25,14,0
"South Sudan","SSD","02","0",2023-02-26,14,0
"South Sudan","SSD","02","1",2023-02-27,15,0
"South Sudan","SSD","02","2",2023-02-28,15,0
"South Sudan","SSD","03","3",2023-03-01,16,0
"South Sudan","SSD","03","4",2023-03-02,16,1
"South Sudan","SSD","03","5",2023-03-03,16,0
"South Sudan","SSD","03","6",2023-03-04,15,0
"South Sudan","SSD","03","0",2023-03-05,15,0
"South Sudan","SSD","03","1",2023-03-06,9,0
"South Sudan","SSD","03","2",2023-03-07,9,0
"South Sudan","SSD","03","3",2023-03-08,9,0
"South Sudan","SSD","03","4",2023-03-09,10,0
"South Sudan","SSD","03","5",2023-03-10,9,0
"South Sudan","SSD","03","6",2023-03-11,9,0
"South Sudan","SSD","03","0",2023-03-12,9,0
"South Sudan","SSD","03","1",2023-03-13,14,0
"South Sudan","SSD","03","2",2023-03-14,15,0
"South Sudan","SSD","03","3",2023-03-15,15,0
"South Sudan","SSD","03","4",2023-03-16,15,0
"South Sudan","SSD","03","5",2023-03-17,15,0
"South Sudan","SSD","03","6",2023-03-18,15,0
"South Sudan","SSD","03","0",2023-03-19,14,0
"South Sudan","SSD","03","1",2023-03-20,19,0
"South Sudan","SSD","03","2",2023-03-21,20,0
"South Sudan","SSD","03","3",2023-03-22,20,0
"South Sudan","SSD","03","4",2023-03-23,20,1
"South Sudan","SSD","03","5",2023-03-24,20,0
"South Sudan","SSD","03","6",2023-03-25,20,0
"South Sudan","SSD","03","0",2023-03-26,20,0
"South Sudan","SSD","03","1",2023-03-27,13,0
"South Sudan","SSD","03","2",2023-03-28,14,0
"South Sudan","SSD","03","3",2023-03-29,14,0
"South Sudan","SSD","03","4",2023-03-30,14,0
"South Sudan","SSD","03","5",2023-03-31,14,0
"South Sudan","SSD","04","6",2023-04-01,14,0
"South Sudan","SSD","04","0",2023-04-02,14,0
"South Sudan","SSD","04","1",2023-04-03,14,0
"South Sudan","SSD","04","2",2023-04-04,14,0
"South Sudan","SSD","04","3",2023-04-05,15,0
"South Sudan","SSD","04","4",2023-04-06,15,0
"South Sudan","SSD","04","5",2023-04-07,15,0
"South Sudan","SSD","04","6",2023-04-08,15,0
"South Sudan","SSD","04","0",2023-04-09,14,0
"South Sudan","SSD","04","1",2023-04-10,45,0
"South Sudan","SSD","04","2",2023-04-11,45,0
"South Sudan","SSD","04","3",2023-04-12,45,0
"South Sudan","SSD","04","4",2023-04-13,46,0
"South Sudan","SSD","04","5",2023-04-14,46,0
"South Sudan","SSD","04","6",2023-04-15,45,0
"South Sudan","SSD","04","0",2023-04-16,45,0
"South Sudan","SSD","04","1",2023-04-17,0,0
"South Sudan","SSD","04","2",2023-04-18,0,0
"South Sudan","SSD","04","3",2023-04-19,0,0
"South Sudan","SSD","04","4",2023-04-20,0,0
"South Sudan","SSD","04","5",2023-04-21,0,0
"South Sudan","SSD","04","6",2023-04-22,0,0
"South Sudan","SSD","04","0",2023-04-23,0,0
"South Sudan","SSD","04","1",2023-04-24,0,0
"South Sudan","SSD","04","2",2023-04-25,0,0
"South Sudan","SSD","04","3",2023-04-26,0,0
"South Sudan","SSD","04","4",2023-04-27,0,0
"South Sudan","SSD","04","5",2023-04-28,0,0
"South Sudan","SSD","04","6",2023-04-29,0,0
"South Sudan","SSD","04","0",2023-04-30,0,0
"South Sudan","SSD","05","1",2023-05-01,0,0
"South Sudan","SSD","05","2",2023-05-02,0,0
"South Sudan","SSD","05","3",2023-05-03,0,0
"South Sudan","SSD","05","4",2023-05-04,0,0
"South Sudan","SSD","05","5",2023-05-05,0,0
"South Sudan","SSD","05","6",2023-05-06,0,0
"South Sudan","SSD","05","0",2023-05-07,0,0
"South Sudan","SSD","05","1",2023-05-08,61,0
"South Sudan","SSD","05","2",2023-05-09,61,0
"South Sudan","SSD","05","3",2023-05-10,61,0
"South Sudan","SSD","05","4",2023-05-11,62,0
"South Sudan","SSD","05","5",2023-05-12,61,0
"South Sudan","SSD","05","6",2023-05-13,61,0
"South Sudan","SSD","05","0",2023-05-14,61,0
"South Sudan","SSD","05","1",2023-05-15,0,0
"South Sudan","SSD","05","2",2023-05-16,0,0
"South Sudan","SSD","05","3",2023-05-17,0,0
"South Sudan","SSD","05","4",2023-05-18,0,0
"South Sudan","SSD","05","5",2023-05-19,0,0
"South Sudan","SSD","05","6",2023-05-20,0,0
"South Sudan","SSD","05","0",2023-05-21,0,0
"South Sudan","SSD","05","1",2023-05-22,0,0
"South Sudan","SSD","05","2",2023-05-23,0,0
"South Sudan","SSD","05","3",2023-05-24,0,0
"South Sudan","SSD","05","4",2023-05-25,0,0
"South Sudan","SSD","05","5",2023-05-26,0,0
"South Sudan","SSD","05","6",2023-05-27,0,0
"South Sudan","SSD","05","0",2023-05-28,0,0
"South Sudan","SSD","05","1",2023-05-29,2,0
"South Sudan","SSD","05","2",2023-05-30,2,0
"South Sudan","SSD","05","3",2023-05-31,2,0
"South Sudan","SSD","06","4",2023-06-01,3,0
"South Sudan","SSD","06","5",2023-06-02,3,0
"South Sudan","SSD","06","6",2023-06-03,2,0
"South Sudan","SSD","06","0",2023-06-04,2,0
"South Sudan","SSD","06","1",2023-06-05,NA,NA
"South Sudan","SSD","06","2",2023-06-06,NA,NA
"South Sudan","SSD","06","3",2023-06-07,NA,NA
"South Sudan","SSD","06","4",2023-06-08,NA,NA
"South Sudan","SSD","06","5",2023-06-09,NA,NA
"South Sudan","SSD","06","6",2023-06-10,NA,NA
"South Sudan","SSD","06","0",2023-06-11,NA,NA
"South Sudan","SSD","06","1",2023-06-12,NA,NA
"South Sudan","SSD","06","2",2023-06-13,NA,NA
"South Sudan","SSD","06","3",2023-06-14,NA,NA
"South Sudan","SSD","06","4",2023-06-15,NA,NA
"South Sudan","SSD","06","5",2023-06-16,NA,NA
"South Sudan","SSD","06","6",2023-06-17,NA,NA
"South Sudan","SSD","06","0",2023-06-18,NA,NA
"South Sudan","SSD","06","1",2023-06-19,NA,NA
"South Sudan","SSD","06","2",2023-06-20,NA,NA
"South Sudan","SSD","06","3",2023-06-21,NA,NA
"South Sudan","SSD","06","4",2023-06-22,NA,NA
"South Sudan","SSD","06","5",2023-06-23,NA,NA
"South Sudan","SSD","06","6",2023-06-24,NA,NA
"South Sudan","SSD","06","0",2023-06-25,NA,NA
"South Sudan","SSD","06","1",2023-06-26,NA,NA
"South Sudan","SSD","06","2",2023-06-27,NA,NA
"South Sudan","SSD","06","3",2023-06-28,NA,NA
"South Sudan","SSD","06","4",2023-06-29,NA,NA
"South Sudan","SSD","06","5",2023-06-30,NA,NA
"South Sudan","SSD","07","6",2023-07-01,NA,NA
"South Sudan","SSD","07","0",2023-07-02,NA,NA
"South Sudan","SSD","07","1",2023-07-03,NA,NA
"South Sudan","SSD","07","2",2023-07-04,NA,NA
"South Sudan","SSD","07","3",2023-07-05,NA,NA
"South Sudan","SSD","07","4",2023-07-06,NA,NA
"South Sudan","SSD","07","5",2023-07-07,NA,NA
"South Sudan","SSD","07","6",2023-07-08,NA,NA
"South Sudan","SSD","07","0",2023-07-09,NA,NA
"South Sudan","SSD","07","1",2023-07-10,NA,NA
"South Sudan","SSD","07","2",2023-07-11,NA,NA
"South Sudan","SSD","07","3",2023-07-12,NA,NA
"South Sudan","SSD","07","4",2023-07-13,NA,NA
"South Sudan","SSD","07","5",2023-07-14,NA,NA
"South Sudan","SSD","07","6",2023-07-15,NA,NA
"South Sudan","SSD","07","0",2023-07-16,NA,NA
"South Sudan","SSD","07","1",2023-07-17,NA,NA
"South Sudan","SSD","07","2",2023-07-18,NA,NA
"South Sudan","SSD","07","3",2023-07-19,NA,NA
"South Sudan","SSD","07","4",2023-07-20,NA,NA
"South Sudan","SSD","07","5",2023-07-21,NA,NA
"South Sudan","SSD","07","6",2023-07-22,NA,NA
"South Sudan","SSD","07","0",2023-07-23,NA,NA
"South Sudan","SSD","07","1",2023-07-24,NA,NA
"South Sudan","SSD","07","2",2023-07-25,NA,NA
"South Sudan","SSD","07","3",2023-07-26,NA,NA
"South Sudan","SSD","07","4",2023-07-27,NA,NA
"South Sudan","SSD","07","5",2023-07-28,NA,NA
"South Sudan","SSD","07","6",2023-07-29,NA,NA
"South Sudan","SSD","07","0",2023-07-30,NA,NA
"South Sudan","SSD","07","1",2023-07-31,NA,NA
"South Sudan","SSD","08","2",2023-08-01,NA,NA
"South Sudan","SSD","08","3",2023-08-02,NA,NA
"South Sudan","SSD","08","4",2023-08-03,NA,NA
"South Sudan","SSD","08","5",2023-08-04,NA,NA
"South Sudan","SSD","08","6",2023-08-05,NA,NA
"South Sudan","SSD","08","0",2023-08-06,NA,NA
"South Sudan","SSD","08","1",2023-08-07,NA,NA
"South Sudan","SSD","08","2",2023-08-08,NA,NA
"South Sudan","SSD","08","3",2023-08-09,NA,NA
"South Sudan","SSD","08","4",2023-08-10,NA,NA
"South Sudan","SSD","08","5",2023-08-11,NA,NA
"South Sudan","SSD","08","6",2023-08-12,NA,NA
"South Sudan","SSD","08","0",2023-08-13,NA,NA
"South Sudan","SSD","08","1",2023-08-14,NA,NA
"South Sudan","SSD","08","2",2023-08-15,NA,NA
"South Sudan","SSD","08","3",2023-08-16,NA,NA
"South Sudan","SSD","08","4",2023-08-17,NA,NA
"South Sudan","SSD","08","5",2023-08-18,NA,NA
"South Sudan","SSD","08","6",2023-08-19,NA,NA
"South Sudan","SSD","08","0",2023-08-20,NA,NA
"South Sudan","SSD","08","1",2023-08-21,NA,NA
"South Sudan","SSD","08","2",2023-08-22,NA,NA
"South Sudan","SSD","08","3",2023-08-23,NA,NA
"South Sudan","SSD","08","4",2023-08-24,NA,NA
"South Sudan","SSD","08","5",2023-08-25,NA,NA
"South Sudan","SSD","08","6",2023-08-26,NA,NA
"South Sudan","SSD","08","0",2023-08-27,NA,NA
"South Sudan","SSD","08","1",2023-08-28,NA,NA
"South Sudan","SSD","08","2",2023-08-29,NA,NA
"South Sudan","SSD","08","3",2023-08-30,NA,NA
"South Sudan","SSD","08","4",2023-08-31,NA,NA
"South Sudan","SSD","09","5",2023-09-01,NA,NA
"South Sudan","SSD","09","6",2023-09-02,NA,NA
"South Sudan","SSD","09","0",2023-09-03,NA,NA
"South Sudan","SSD","09","1",2023-09-04,NA,NA
"South Sudan","SSD","09","2",2023-09-05,NA,NA
"South Sudan","SSD","09","3",2023-09-06,NA,NA
"South Sudan","SSD","09","4",2023-09-07,NA,NA
"South Sudan","SSD","09","5",2023-09-08,NA,NA
"South Sudan","SSD","09","6",2023-09-09,NA,NA
"South Sudan","SSD","09","0",2023-09-10,NA,NA
"South Sudan","SSD","09","1",2023-09-11,NA,NA
"South Sudan","SSD","09","2",2023-09-12,NA,NA
"South Sudan","SSD","09","3",2023-09-13,NA,NA
"South Sudan","SSD","09","4",2023-09-14,NA,NA
"South Sudan","SSD","09","5",2023-09-15,NA,NA
"South Sudan","SSD","09","6",2023-09-16,NA,NA
"South Sudan","SSD","09","0",2023-09-17,NA,NA
"South Sudan","SSD","09","1",2023-09-18,NA,NA
"South Sudan","SSD","09","2",2023-09-19,NA,NA
"South Sudan","SSD","09","3",2023-09-20,NA,NA
"South Sudan","SSD","09","4",2023-09-21,NA,NA
"South Sudan","SSD","09","5",2023-09-22,NA,NA
"South Sudan","SSD","09","6",2023-09-23,NA,NA
"South Sudan","SSD","09","0",2023-09-24,NA,NA
"South Sudan","SSD","09","1",2023-09-25,NA,NA
"South Sudan","SSD","09","2",2023-09-26,NA,NA
"South Sudan","SSD","09","3",2023-09-27,NA,NA
"South Sudan","SSD","09","4",2023-09-28,NA,NA
"South Sudan","SSD","09","5",2023-09-29,NA,NA
"South Sudan","SSD","09","6",2023-09-30,NA,NA
"South Sudan","SSD","10","0",2023-10-01,NA,NA
"South Sudan","SSD","10","1",2023-10-02,NA,NA
"South Sudan","SSD","10","2",2023-10-03,NA,NA
"South Sudan","SSD","10","3",2023-10-04,NA,NA
"South Sudan","SSD","10","4",2023-10-05,NA,NA
"South Sudan","SSD","10","5",2023-10-06,NA,NA
"South Sudan","SSD","10","6",2023-10-07,NA,NA
"South Sudan","SSD","10","0",2023-10-08,NA,NA
"South Sudan","SSD","10","1",2023-10-09,NA,NA
"South Sudan","SSD","10","2",2023-10-10,NA,NA
"South Sudan","SSD","10","3",2023-10-11,NA,NA
"South Sudan","SSD","10","4",2023-10-12,NA,NA
"South Sudan","SSD","10","5",2023-10-13,NA,NA
"South Sudan","SSD","10","6",2023-10-14,NA,NA
"South Sudan","SSD","10","0",2023-10-15,NA,NA
"South Sudan","SSD","10","1",2023-10-16,NA,NA
"South Sudan","SSD","10","2",2023-10-17,NA,NA
"South Sudan","SSD","10","3",2023-10-18,NA,NA
"South Sudan","SSD","10","4",2023-10-19,NA,NA
"South Sudan","SSD","10","5",2023-10-20,NA,NA
"South Sudan","SSD","10","6",2023-10-21,NA,NA
"South Sudan","SSD","10","0",2023-10-22,NA,NA
"South Sudan","SSD","10","1",2023-10-23,NA,NA
"South Sudan","SSD","10","2",2023-10-24,NA,NA
"South Sudan","SSD","10","3",2023-10-25,NA,NA
"South Sudan","SSD","10","4",2023-10-26,NA,NA
"South Sudan","SSD","10","5",2023-10-27,NA,NA
"South Sudan","SSD","10","6",2023-10-28,NA,NA
"South Sudan","SSD","10","0",2023-10-29,NA,NA
"South Sudan","SSD","10","1",2023-10-30,NA,NA
"South Sudan","SSD","10","2",2023-10-31,NA,NA
"South Sudan","SSD","11","3",2023-11-01,NA,NA
"South Sudan","SSD","11","4",2023-11-02,NA,NA
"South Sudan","SSD","11","5",2023-11-03,NA,NA
"South Sudan","SSD","11","6",2023-11-04,NA,NA
"South Sudan","SSD","11","0",2023-11-05,NA,NA
"South Sudan","SSD","11","1",2023-11-06,NA,NA
"South Sudan","SSD","11","2",2023-11-07,NA,NA
"South Sudan","SSD","11","3",2023-11-08,NA,NA
"South Sudan","SSD","11","4",2023-11-09,NA,NA
"South Sudan","SSD","11","5",2023-11-10,NA,NA
"South Sudan","SSD","11","6",2023-11-11,NA,NA
"South Sudan","SSD","11","0",2023-11-12,NA,NA
"South Sudan","SSD","11","1",2023-11-13,NA,NA
"South Sudan","SSD","11","2",2023-11-14,NA,NA
"South Sudan","SSD","11","3",2023-11-15,NA,NA
"South Sudan","SSD","11","4",2023-11-16,NA,NA
"South Sudan","SSD","11","5",2023-11-17,NA,NA
"South Sudan","SSD","11","6",2023-11-18,NA,NA
"South Sudan","SSD","11","0",2023-11-19,NA,NA
"South Sudan","SSD","11","1",2023-11-20,NA,NA
"South Sudan","SSD","11","2",2023-11-21,NA,NA
"South Sudan","SSD","11","3",2023-11-22,NA,NA
"South Sudan","SSD","11","4",2023-11-23,NA,NA
"South Sudan","SSD","11","5",2023-11-24,NA,NA
"South Sudan","SSD","11","6",2023-11-25,NA,NA
"South Sudan","SSD","11","0",2023-11-26,NA,NA
"South Sudan","SSD","11","1",2023-11-27,NA,NA
"South Sudan","SSD","11","2",2023-11-28,NA,NA
"South Sudan","SSD","11","3",2023-11-29,NA,NA
"South Sudan","SSD","11","4",2023-11-30,NA,NA
"South Sudan","SSD","12","5",2023-12-01,NA,NA
"South Sudan","SSD","12","6",2023-12-02,NA,NA
"South Sudan","SSD","12","0",2023-12-03,NA,NA
"South Sudan","SSD","12","1",2023-12-04,NA,NA
"South Sudan","SSD","12","2",2023-12-05,NA,NA
"South Sudan","SSD","12","3",2023-12-06,NA,NA
"South Sudan","SSD","12","4",2023-12-07,NA,NA
"South Sudan","SSD","12","5",2023-12-08,NA,NA
"South Sudan","SSD","12","6",2023-12-09,NA,NA
"South Sudan","SSD","12","0",2023-12-10,NA,NA
"South Sudan","SSD","12","1",2023-12-11,NA,NA
"South Sudan","SSD","12","2",2023-12-12,NA,NA
"South Sudan","SSD","12","3",2023-12-13,NA,NA
"South Sudan","SSD","12","4",2023-12-14,NA,NA
"South Sudan","SSD","12","5",2023-12-15,NA,NA
"South Sudan","SSD","12","6",2023-12-16,NA,NA
"South Sudan","SSD","12","0",2023-12-17,NA,NA
"South Sudan","SSD","12","1",2023-12-18,NA,NA
"South Sudan","SSD","12","2",2023-12-19,NA,NA
"South Sudan","SSD","12","3",2023-12-20,NA,NA
"South Sudan","SSD","12","4",2023-12-21,NA,NA
"South Sudan","SSD","12","5",2023-12-22,NA,NA
"South Sudan","SSD","12","6",2023-12-23,NA,NA
"South Sudan","SSD","12","0",2023-12-24,NA,NA
"South Sudan","SSD","12","1",2023-12-25,NA,NA
"South Sudan","SSD","12","2",2023-12-26,NA,NA
"South Sudan","SSD","12","3",2023-12-27,NA,NA
"South Sudan","SSD","12","4",2023-12-28,NA,NA
"South Sudan","SSD","12","5",2023-12-29,NA,NA
"South Sudan","SSD","12","6",2023-12-30,NA,NA
"South Sudan","SSD","12","0",2023-12-31,NA,NA
"South Sudan","SSD","01","1",2024-01-01,NA,NA
"South Sudan","SSD","01","2",2024-01-02,NA,NA
"South Sudan","SSD","01","3",2024-01-03,NA,NA
"South Sudan","SSD","01","4",2024-01-04,NA,NA
"South Sudan","SSD","01","5",2024-01-05,NA,NA
"South Sudan","SSD","01","6",2024-01-06,NA,NA
"South Sudan","SSD","01","0",2024-01-07,NA,NA
"South Sudan","SSD","01","1",2024-01-08,NA,NA
"South Sudan","SSD","01","2",2024-01-09,NA,NA
"South Sudan","SSD","01","3",2024-01-10,NA,NA
"South Sudan","SSD","01","4",2024-01-11,NA,NA
"South Sudan","SSD","01","5",2024-01-12,NA,NA
"South Sudan","SSD","01","6",2024-01-13,NA,NA
"South Sudan","SSD","01","0",2024-01-14,NA,NA
"South Sudan","SSD","01","1",2024-01-15,NA,NA
"South Sudan","SSD","01","2",2024-01-16,NA,NA
"South Sudan","SSD","01","3",2024-01-17,NA,NA
"South Sudan","SSD","01","4",2024-01-18,NA,NA
"South Sudan","SSD","01","5",2024-01-19,NA,NA
"South Sudan","SSD","01","6",2024-01-20,NA,NA
"South Sudan","SSD","01","0",2024-01-21,NA,NA
"South Sudan","SSD","01","1",2024-01-22,NA,NA
"South Sudan","SSD","01","2",2024-01-23,NA,NA
"South Sudan","SSD","01","3",2024-01-24,NA,NA
"South Sudan","SSD","01","4",2024-01-25,NA,NA
"South Sudan","SSD","01","5",2024-01-26,NA,NA
"South Sudan","SSD","01","6",2024-01-27,NA,NA
"South Sudan","SSD","01","0",2024-01-28,NA,NA
"South Sudan","SSD","01","1",2024-01-29,NA,NA
"South Sudan","SSD","01","2",2024-01-30,NA,NA
"South Sudan","SSD","01","3",2024-01-31,NA,NA
"South Sudan","SSD","02","4",2024-02-01,NA,NA
"South Sudan","SSD","02","5",2024-02-02,NA,NA
"South Sudan","SSD","02","6",2024-02-03,NA,NA
"South Sudan","SSD","02","0",2024-02-04,NA,NA
"South Sudan","SSD","02","1",2024-02-05,NA,NA
"South Sudan","SSD","02","2",2024-02-06,NA,NA
"South Sudan","SSD","02","3",2024-02-07,NA,NA
"South Sudan","SSD","02","4",2024-02-08,NA,NA
"South Sudan","SSD","02","5",2024-02-09,NA,NA
"South Sudan","SSD","02","6",2024-02-10,NA,NA
"South Sudan","SSD","02","0",2024-02-11,NA,NA
"South Sudan","SSD","02","1",2024-02-12,NA,NA
"South Sudan","SSD","02","2",2024-02-13,NA,NA
"South Sudan","SSD","02","3",2024-02-14,NA,NA
"South Sudan","SSD","02","4",2024-02-15,NA,NA
"South Sudan","SSD","02","5",2024-02-16,NA,NA
"South Sudan","SSD","02","6",2024-02-17,NA,NA
"South Sudan","SSD","02","0",2024-02-18,NA,NA
"South Sudan","SSD","02","1",2024-02-19,NA,NA
"South Sudan","SSD","02","2",2024-02-20,NA,NA
"South Sudan","SSD","02","3",2024-02-21,NA,NA
"South Sudan","SSD","02","4",2024-02-22,NA,NA
"South Sudan","SSD","02","5",2024-02-23,NA,NA
"South Sudan","SSD","02","6",2024-02-24,NA,NA
"South Sudan","SSD","02","0",2024-02-25,NA,NA
"South Sudan","SSD","02","1",2024-02-26,NA,NA
"South Sudan","SSD","02","2",2024-02-27,NA,NA
"South Sudan","SSD","02","3",2024-02-28,NA,NA
"South Sudan","SSD","02","4",2024-02-29,NA,NA
"South Sudan","SSD","03","5",2024-03-01,NA,NA
"South Sudan","SSD","03","6",2024-03-02,NA,NA
"South Sudan","SSD","03","0",2024-03-03,NA,NA
"South Sudan","SSD","03","1",2024-03-04,NA,NA
"South Sudan","SSD","03","2",2024-03-05,NA,NA
"South Sudan","SSD","03","3",2024-03-06,NA,NA
"South Sudan","SSD","03","4",2024-03-07,NA,NA
"South Sudan","SSD","03","5",2024-03-08,NA,NA
"South Sudan","SSD","03","6",2024-03-09,NA,NA
"South Sudan","SSD","03","0",2024-03-10,NA,NA
"South Sudan","SSD","03","1",2024-03-11,NA,NA
"South Sudan","SSD","03","2",2024-03-12,NA,NA
"South Sudan","SSD","03","3",2024-03-13,NA,NA
"South Sudan","SSD","03","4",2024-03-14,NA,NA
"South Sudan","SSD","03","5",2024-03-15,NA,NA
"South Sudan","SSD","03","6",2024-03-16,NA,NA
"South Sudan","SSD","03","0",2024-03-17,NA,NA
"South Sudan","SSD","03","1",2024-03-18,NA,NA
"South Sudan","SSD","03","2",2024-03-19,NA,NA
"South Sudan","SSD","03","3",2024-03-20,NA,NA
"South Sudan","SSD","03","4",2024-03-21,NA,NA
"South Sudan","SSD","03","5",2024-03-22,NA,NA
"South Sudan","SSD","03","6",2024-03-23,NA,NA
"South Sudan","SSD","03","0",2024-03-24,NA,NA
"South Sudan","SSD","03","1",2024-03-25,NA,NA
"South Sudan","SSD","03","2",2024-03-26,NA,NA
"South Sudan","SSD","03","3",2024-03-27,NA,NA
"South Sudan","SSD","03","4",2024-03-28,NA,NA
"South Sudan","SSD","03","5",2024-03-29,NA,NA
"South Sudan","SSD","03","6",2024-03-30,NA,NA
"South Sudan","SSD","03","0",2024-03-31,NA,NA
"South Sudan","SSD","04","1",2024-04-01,NA,NA
"South Sudan","SSD","04","2",2024-04-02,NA,NA
"South Sudan","SSD","04","3",2024-04-03,NA,NA
"South Sudan","SSD","04","4",2024-04-04,NA,NA
"South Sudan","SSD","04","5",2024-04-05,NA,NA
"South Sudan","SSD","04","6",2024-04-06,NA,NA
"South Sudan","SSD","04","0",2024-04-07,NA,NA
"South Sudan","SSD","04","1",2024-04-08,NA,NA
"South Sudan","SSD","04","2",2024-04-09,NA,NA
"South Sudan","SSD","04","3",2024-04-10,NA,NA
"South Sudan","SSD","04","4",2024-04-11,NA,NA
"South Sudan","SSD","04","5",2024-04-12,NA,NA
"South Sudan","SSD","04","6",2024-04-13,NA,NA
"South Sudan","SSD","04","0",2024-04-14,NA,NA
"South Sudan","SSD","04","1",2024-04-15,NA,NA
"South Sudan","SSD","04","2",2024-04-16,NA,NA
"South Sudan","SSD","04","3",2024-04-17,NA,NA
"South Sudan","SSD","04","4",2024-04-18,NA,NA
"South Sudan","SSD","04","5",2024-04-19,NA,NA
"South Sudan","SSD","04","6",2024-04-20,NA,NA
"South Sudan","SSD","04","0",2024-04-21,NA,NA
"South Sudan","SSD","04","1",2024-04-22,NA,NA
"South Sudan","SSD","04","2",2024-04-23,NA,NA
"South Sudan","SSD","04","3",2024-04-24,NA,NA
"South Sudan","SSD","04","4",2024-04-25,NA,NA
"South Sudan","SSD","04","5",2024-04-26,NA,NA
"South Sudan","SSD","04","6",2024-04-27,NA,NA
"South Sudan","SSD","04","0",2024-04-28,NA,NA
"South Sudan","SSD","04","1",2024-04-29,NA,NA
"South Sudan","SSD","04","2",2024-04-30,NA,NA
"South Sudan","SSD","05","3",2024-05-01,NA,NA
"South Sudan","SSD","05","4",2024-05-02,NA,NA
"South Sudan","SSD","05","5",2024-05-03,NA,NA
"South Sudan","SSD","05","6",2024-05-04,NA,NA
"South Sudan","SSD","05","0",2024-05-05,NA,NA
"South Sudan","SSD","05","1",2024-05-06,NA,NA
"South Sudan","SSD","05","2",2024-05-07,NA,NA
"South Sudan","SSD","05","3",2024-05-08,NA,NA
"South Sudan","SSD","05","4",2024-05-09,NA,NA
"South Sudan","SSD","05","5",2024-05-10,NA,NA
"South Sudan","SSD","05","6",2024-05-11,NA,NA
"South Sudan","SSD","05","0",2024-05-12,NA,NA
"South Sudan","SSD","05","1",2024-05-13,NA,NA
"South Sudan","SSD","05","2",2024-05-14,NA,NA
"South Sudan","SSD","05","3",2024-05-15,NA,NA
"South Sudan","SSD","05","4",2024-05-16,NA,NA
"South Sudan","SSD","05","5",2024-05-17,NA,NA
"South Sudan","SSD","05","6",2024-05-18,NA,NA
"South Sudan","SSD","05","0",2024-05-19,NA,NA
"South Sudan","SSD","05","1",2024-05-20,NA,NA
"South Sudan","SSD","05","2",2024-05-21,NA,NA
"South Sudan","SSD","05","3",2024-05-22,NA,NA
"South Sudan","SSD","05","4",2024-05-23,NA,NA
"South Sudan","SSD","05","5",2024-05-24,NA,NA
"South Sudan","SSD","05","6",2024-05-25,NA,NA
"South Sudan","SSD","05","0",2024-05-26,NA,NA
"South Sudan","SSD","05","1",2024-05-27,NA,NA
"South Sudan","SSD","05","2",2024-05-28,NA,NA
"South Sudan","SSD","05","3",2024-05-29,NA,NA
"South Sudan","SSD","05","4",2024-05-30,NA,NA
"South Sudan","SSD","05","5",2024-05-31,NA,NA
"South Sudan","SSD","06","6",2024-06-01,NA,NA
"South Sudan","SSD","06","0",2024-06-02,NA,NA
"South Sudan","SSD","06","1",2024-06-03,NA,NA
"South Sudan","SSD","06","2",2024-06-04,NA,NA
"South Sudan","SSD","06","3",2024-06-05,NA,NA
"South Sudan","SSD","06","4",2024-06-06,NA,NA
"South Sudan","SSD","06","5",2024-06-07,NA,NA
"South Sudan","SSD","06","6",2024-06-08,NA,NA
"South Sudan","SSD","06","0",2024-06-09,NA,NA
"South Sudan","SSD","06","1",2024-06-10,NA,NA
"South Sudan","SSD","06","2",2024-06-11,NA,NA
"South Sudan","SSD","06","3",2024-06-12,NA,NA
"South Sudan","SSD","06","4",2024-06-13,NA,NA
"South Sudan","SSD","06","5",2024-06-14,NA,NA
"South Sudan","SSD","06","6",2024-06-15,NA,NA
"South Sudan","SSD","06","0",2024-06-16,NA,NA
"South Sudan","SSD","06","1",2024-06-17,NA,NA
"South Sudan","SSD","06","2",2024-06-18,NA,NA
"South Sudan","SSD","06","3",2024-06-19,NA,NA
"South Sudan","SSD","06","4",2024-06-20,NA,NA
"South Sudan","SSD","06","5",2024-06-21,NA,NA
"South Sudan","SSD","06","6",2024-06-22,NA,NA
"South Sudan","SSD","06","0",2024-06-23,NA,NA
"South Sudan","SSD","06","1",2024-06-24,NA,NA
"South Sudan","SSD","06","2",2024-06-25,NA,NA
"South Sudan","SSD","06","3",2024-06-26,NA,NA
"South Sudan","SSD","06","4",2024-06-27,NA,NA
"South Sudan","SSD","06","5",2024-06-28,NA,NA
"South Sudan","SSD","06","6",2024-06-29,NA,NA
"South Sudan","SSD","06","0",2024-06-30,NA,NA
"South Sudan","SSD","07","1",2024-07-01,NA,NA
"South Sudan","SSD","07","2",2024-07-02,NA,NA
"South Sudan","SSD","07","3",2024-07-03,NA,NA
"South Sudan","SSD","07","4",2024-07-04,NA,NA
"South Sudan","SSD","07","5",2024-07-05,NA,NA
"South Sudan","SSD","07","6",2024-07-06,NA,NA
"South Sudan","SSD","07","0",2024-07-07,NA,NA
"South Sudan","SSD","07","1",2024-07-08,NA,NA
"South Sudan","SSD","07","2",2024-07-09,NA,NA
"South Sudan","SSD","07","3",2024-07-10,NA,NA
"South Sudan","SSD","07","4",2024-07-11,NA,NA
"South Sudan","SSD","07","5",2024-07-12,NA,NA
"South Sudan","SSD","07","6",2024-07-13,NA,NA
"South Sudan","SSD","07","0",2024-07-14,NA,NA
"South Sudan","SSD","07","1",2024-07-15,NA,NA
"South Sudan","SSD","07","2",2024-07-16,NA,NA
"South Sudan","SSD","07","3",2024-07-17,NA,NA
"South Sudan","SSD","07","4",2024-07-18,NA,NA
"South Sudan","SSD","07","5",2024-07-19,NA,NA
"South Sudan","SSD","07","6",2024-07-20,NA,NA
"South Sudan","SSD","07","0",2024-07-21,NA,NA
"South Sudan","SSD","07","1",2024-07-22,NA,NA
"South Sudan","SSD","07","2",2024-07-23,NA,NA
"South Sudan","SSD","07","3",2024-07-24,NA,NA
"South Sudan","SSD","07","4",2024-07-25,NA,NA
"South Sudan","SSD","07","5",2024-07-26,NA,NA
"South Sudan","SSD","07","6",2024-07-27,NA,NA
"South Sudan","SSD","07","0",2024-07-28,NA,NA
"South Sudan","SSD","07","1",2024-07-29,NA,NA
"South Sudan","SSD","07","2",2024-07-30,NA,NA
"South Sudan","SSD","07","3",2024-07-31,NA,NA
"South Sudan","SSD","08","4",2024-08-01,NA,NA
"South Sudan","SSD","08","5",2024-08-02,NA,NA
"South Sudan","SSD","08","6",2024-08-03,NA,NA
"South Sudan","SSD","08","0",2024-08-04,NA,NA
"South Sudan","SSD","08","1",2024-08-05,NA,NA
"South Sudan","SSD","08","2",2024-08-06,NA,NA
"South Sudan","SSD","08","3",2024-08-07,NA,NA
"South Sudan","SSD","08","4",2024-08-08,NA,NA
"South Sudan","SSD","08","5",2024-08-09,NA,NA
"South Sudan","SSD","08","6",2024-08-10,NA,NA
"South Sudan","SSD","08","0",2024-08-11,NA,NA
"South Sudan","SSD","08","1",2024-08-12,NA,NA
"South Sudan","SSD","08","2",2024-08-13,NA,NA
"South Sudan","SSD","08","3",2024-08-14,NA,NA
"South Sudan","SSD","08","4",2024-08-15,NA,NA
"South Sudan","SSD","08","5",2024-08-16,NA,NA
"South Sudan","SSD","08","6",2024-08-17,NA,NA
"South Sudan","SSD","08","0",2024-08-18,NA,NA
"South Sudan","SSD","08","1",2024-08-19,NA,NA
"South Sudan","SSD","08","2",2024-08-20,NA,NA
"South Sudan","SSD","08","3",2024-08-21,NA,NA
"South Sudan","SSD","08","4",2024-08-22,NA,NA
"South Sudan","SSD","08","5",2024-08-23,NA,NA
"South Sudan","SSD","08","6",2024-08-24,NA,NA
"South Sudan","SSD","08","0",2024-08-25,NA,NA
"South Sudan","SSD","08","1",2024-08-26,NA,NA
"South Sudan","SSD","08","2",2024-08-27,NA,NA
"South Sudan","SSD","08","3",2024-08-28,NA,NA
"South Sudan","SSD","08","4",2024-08-29,NA,NA
"South Sudan","SSD","08","5",2024-08-30,NA,NA
"South Sudan","SSD","08","6",2024-08-31,NA,NA
"South Sudan","SSD","09","0",2024-09-01,NA,NA
"South Sudan","SSD","09","1",2024-09-02,NA,NA
"South Sudan","SSD","09","2",2024-09-03,NA,NA
"South Sudan","SSD","09","3",2024-09-04,NA,NA
"South Sudan","SSD","09","4",2024-09-05,NA,NA
"South Sudan","SSD","09","5",2024-09-06,NA,NA
"South Sudan","SSD","09","6",2024-09-07,NA,NA
"South Sudan","SSD","09","0",2024-09-08,NA,NA
"South Sudan","SSD","09","1",2024-09-09,NA,NA
"South Sudan","SSD","09","2",2024-09-10,NA,NA
"South Sudan","SSD","09","3",2024-09-11,NA,NA
"South Sudan","SSD","09","4",2024-09-12,NA,NA
"South Sudan","SSD","09","5",2024-09-13,NA,NA
"South Sudan","SSD","09","6",2024-09-14,NA,NA
"South Sudan","SSD","09","0",2024-09-15,NA,NA
"South Sudan","SSD","09","1",2024-09-16,NA,NA
"South Sudan","SSD","09","2",2024-09-17,NA,NA
"South Sudan","SSD","09","3",2024-09-18,NA,NA
"South Sudan","SSD","09","4",2024-09-19,NA,NA
"South Sudan","SSD","09","5",2024-09-20,NA,NA
"South Sudan","SSD","09","6",2024-09-21,NA,NA
"South Sudan","SSD","09","0",2024-09-22,NA,NA
"South Sudan","SSD","09","1",2024-09-23,0,0
"South Sudan","SSD","09","2",2024-09-24,0,0
"South Sudan","SSD","09","3",2024-09-25,1,0
"South Sudan","SSD","09","4",2024-09-26,1,0
"South Sudan","SSD","09","5",2024-09-27,1,0
"South Sudan","SSD","09","6",2024-09-28,1,0
"South Sudan","SSD","09","0",2024-09-29,0,0
"South Sudan","SSD","09","1",2024-09-30,3,0
"South Sudan","SSD","10","2",2024-10-01,3,0
"South Sudan","SSD","10","3",2024-10-02,3,0
"South Sudan","SSD","10","4",2024-10-03,3,0
"South Sudan","SSD","10","5",2024-10-04,3,0
"South Sudan","SSD","10","6",2024-10-05,3,0
"South Sudan","SSD","10","0",2024-10-06,3,0
"South Sudan","SSD","10","1",2024-10-07,1,0
"South Sudan","SSD","10","2",2024-10-08,1,0
"South Sudan","SSD","10","3",2024-10-09,1,0
"South Sudan","SSD","10","4",2024-10-10,2,0
"South Sudan","SSD","10","5",2024-10-11,2,0
"South Sudan","SSD","10","6",2024-10-12,1,0
"South Sudan","SSD","10","0",2024-10-13,1,0
"South Sudan","SSD","10","1",2024-10-14,1,0
"South Sudan","SSD","10","2",2024-10-15,1,0
"South Sudan","SSD","10","3",2024-10-16,1,0
"South Sudan","SSD","10","4",2024-10-17,2,0
"South Sudan","SSD","10","5",2024-10-18,2,0
"South Sudan","SSD","10","6",2024-10-19,1,0
"South Sudan","SSD","10","0",2024-10-20,1,0
"South Sudan","SSD","10","1",2024-10-21,2,0
"South Sudan","SSD","10","2",2024-10-22,2,0
"South Sudan","SSD","10","3",2024-10-23,3,0
"South Sudan","SSD","10","4",2024-10-24,3,1
"South Sudan","SSD","10","5",2024-10-25,3,0
"South Sudan","SSD","10","6",2024-10-26,2,0
"South Sudan","SSD","10","0",2024-10-27,2,0
"South Sudan","SSD","10","1",2024-10-28,4,0
"South Sudan","SSD","10","2",2024-10-29,4,0
"South Sudan","SSD","10","3",2024-10-30,5,1
"South Sudan","SSD","10","4",2024-10-31,5,1
"South Sudan","SSD","11","5",2024-11-01,5,1
"South Sudan","SSD","11","6",2024-11-02,5,0
"South Sudan","SSD","11","0",2024-11-03,4,0
"South Sudan","SSD","11","1",2024-11-04,12,0
"South Sudan","SSD","11","2",2024-11-05,12,0
"South Sudan","SSD","11","3",2024-11-06,13,0
"South Sudan","SSD","11","4",2024-11-07,13,0
"South Sudan","SSD","11","5",2024-11-08,13,0
"South Sudan","SSD","11","6",2024-11-09,13,0
"South Sudan","SSD","11","0",2024-11-10,12,0
"South Sudan","SSD","11","1",2024-11-11,40,1
"South Sudan","SSD","11","2",2024-11-12,40,1
"South Sudan","SSD","11","3",2024-11-13,41,2
"South Sudan","SSD","11","4",2024-11-14,41,2
"South Sudan","SSD","11","5",2024-11-15,41,2
"South Sudan","SSD","11","6",2024-11-16,40,1
"South Sudan","SSD","11","0",2024-11-17,40,1
"South Sudan","SSD","11","1",2024-11-18,62,0
"South Sudan","SSD","11","2",2024-11-19,62,0
"South Sudan","SSD","11","3",2024-11-20,63,0
"South Sudan","SSD","11","4",2024-11-21,63,1
"South Sudan","SSD","11","5",2024-11-22,63,0
"South Sudan","SSD","11","6",2024-11-23,62,0
"South Sudan","SSD","11","0",2024-11-24,62,0
"South Sudan","SSD","11","1",2024-11-25,80,1
"South Sudan","SSD","11","2",2024-11-26,80,2
"South Sudan","SSD","11","3",2024-11-27,81,2
"South Sudan","SSD","11","4",2024-11-28,81,2
"South Sudan","SSD","11","5",2024-11-29,81,2
"South Sudan","SSD","11","6",2024-11-30,81,2
"South Sudan","SSD","12","0",2024-12-01,80,2
"South Sudan","SSD","12","1",2024-12-02,156,1
"South Sudan","SSD","12","2",2024-12-03,156,1
"South Sudan","SSD","12","3",2024-12-04,157,2
"South Sudan","SSD","12","4",2024-12-05,157,2
"South Sudan","SSD","12","5",2024-12-06,157,2
"South Sudan","SSD","12","6",2024-12-07,157,2
"South Sudan","SSD","12","0",2024-12-08,156,1
"South Sudan","SSD","12","1",2024-12-09,480,9
"South Sudan","SSD","12","2",2024-12-10,481,9
"South Sudan","SSD","12","3",2024-12-11,481,9
"South Sudan","SSD","12","4",2024-12-12,481,9
"South Sudan","SSD","12","5",2024-12-13,481,9
"South Sudan","SSD","12","6",2024-12-14,481,9
"South Sudan","SSD","12","0",2024-12-15,481,9
"South Sudan","SSD","12","1",2024-12-16,657,11
"South Sudan","SSD","12","2",2024-12-17,657,11
"South Sudan","SSD","12","3",2024-12-18,658,11
"South Sudan","SSD","12","4",2024-12-19,658,12
"South Sudan","SSD","12","5",2024-12-20,658,11
"South Sudan","SSD","12","6",2024-12-21,658,11
"South Sudan","SSD","12","0",2024-12-22,657,11
"South Sudan","SSD","12","1",2024-12-23,547,12
"South Sudan","SSD","12","2",2024-12-24,547,12
"South Sudan","SSD","12","3",2024-12-25,548,12
"South Sudan","SSD","12","4",2024-12-26,548,13
"South Sudan","SSD","12","5",2024-12-27,548,12
"South Sudan","SSD","12","6",2024-12-28,547,12
"South Sudan","SSD","12","0",2024-12-29,547,12
"South Sudan","SSD","12","1",2024-12-30,475,8
"South Sudan","SSD","12","2",2024-12-31,476,8
"South Sudan","SSD","01","3",2025-01-01,476,8
"South Sudan","SSD","01","4",2025-01-02,476,8
"South Sudan","SSD","01","5",2025-01-03,476,8
"South Sudan","SSD","01","6",2025-01-04,476,8
"South Sudan","SSD","01","0",2025-01-05,475,8
"South Sudan","SSD","01","1",2025-01-06,319,5
"South Sudan","SSD","01","2",2025-01-07,319,5
"South Sudan","SSD","01","3",2025-01-08,320,6
"South Sudan","SSD","01","4",2025-01-09,320,6
"South Sudan","SSD","01","5",2025-01-10,320,6
"South Sudan","SSD","01","6",2025-01-11,319,5
"South Sudan","SSD","01","0",2025-01-12,319,5
"South Sudan","SSD","01","1",2025-01-13,12,0
"South Sudan","SSD","01","2",2025-01-14,12,0
"South Sudan","SSD","01","3",2025-01-15,13,0
"South Sudan","SSD","01","4",2025-01-16,13,0
"South Sudan","SSD","01","5",2025-01-17,13,0
"South Sudan","SSD","01","6",2025-01-18,13,0
"South Sudan","SSD","01","0",2025-01-19,12,0
"Togo","TGO","12","1",2023-12-11,0,0
"Togo","TGO","12","2",2023-12-12,0,0
"Togo","TGO","12","3",2023-12-13,0,0
"Togo","TGO","12","4",2023-12-14,1,0
"Togo","TGO","12","5",2023-12-15,0,0
"Togo","TGO","12","6",2023-12-16,0,0
"Togo","TGO","12","0",2023-12-17,0,0
"Togo","TGO","12","1",2023-12-18,0,0
"Togo","TGO","12","2",2023-12-19,0,0
"Togo","TGO","12","3",2023-12-20,0,0
"Togo","TGO","12","4",2023-12-21,0,0
"Togo","TGO","12","5",2023-12-22,0,0
"Togo","TGO","12","6",2023-12-23,0,0
"Togo","TGO","12","0",2023-12-24,0,0
"Togo","TGO","12","1",2023-12-25,0,0
"Togo","TGO","12","2",2023-12-26,0,0
"Togo","TGO","12","3",2023-12-27,0,0
"Togo","TGO","12","4",2023-12-28,0,0
"Togo","TGO","12","5",2023-12-29,0,0
"Togo","TGO","12","6",2023-12-30,0,0
"Togo","TGO","12","0",2023-12-31,0,0
"Togo","TGO","01","1",2024-01-01,0,0
"Togo","TGO","01","2",2024-01-02,0,0
"Togo","TGO","01","3",2024-01-03,0,0
"Togo","TGO","01","4",2024-01-04,0,0
"Togo","TGO","01","5",2024-01-05,0,0
"Togo","TGO","01","6",2024-01-06,0,0
"Togo","TGO","01","0",2024-01-07,0,0
"Togo","TGO","01","1",2024-01-08,0,0
"Togo","TGO","01","2",2024-01-09,0,0
"Togo","TGO","01","3",2024-01-10,0,0
"Togo","TGO","01","4",2024-01-11,0,0
"Togo","TGO","01","5",2024-01-12,0,0
"Togo","TGO","01","6",2024-01-13,0,0
"Togo","TGO","01","0",2024-01-14,0,0
"Togo","TGO","01","1",2024-01-15,0,0
"Togo","TGO","01","2",2024-01-16,0,0
"Togo","TGO","01","3",2024-01-17,0,0
"Togo","TGO","01","4",2024-01-18,0,0
"Togo","TGO","01","5",2024-01-19,0,0
"Togo","TGO","01","6",2024-01-20,0,0
"Togo","TGO","01","0",2024-01-21,0,0
"Togo","TGO","01","1",2024-01-22,0,0
"Togo","TGO","01","2",2024-01-23,0,0
"Togo","TGO","01","3",2024-01-24,0,0
"Togo","TGO","01","4",2024-01-25,0,0
"Togo","TGO","01","5",2024-01-26,0,0
"Togo","TGO","01","6",2024-01-27,0,0
"Togo","TGO","01","0",2024-01-28,0,0
"Togo","TGO","01","1",2024-01-29,0,0
"Togo","TGO","01","2",2024-01-30,0,0
"Togo","TGO","01","3",2024-01-31,0,0
"Togo","TGO","02","4",2024-02-01,0,0
"Togo","TGO","02","5",2024-02-02,0,0
"Togo","TGO","02","6",2024-02-03,0,0
"Togo","TGO","02","0",2024-02-04,0,0
"Togo","TGO","02","1",2024-02-05,0,0
"Togo","TGO","02","2",2024-02-06,0,0
"Togo","TGO","02","3",2024-02-07,0,0
"Togo","TGO","02","4",2024-02-08,0,0
"Togo","TGO","02","5",2024-02-09,0,0
"Togo","TGO","02","6",2024-02-10,0,0
"Togo","TGO","02","0",2024-02-11,0,0
"Togo","TGO","02","1",2024-02-12,0,0
"Togo","TGO","02","2",2024-02-13,0,0
"Togo","TGO","02","3",2024-02-14,0,0
"Togo","TGO","02","4",2024-02-15,0,0
"Togo","TGO","02","5",2024-02-16,0,0
"Togo","TGO","02","6",2024-02-17,0,0
"Togo","TGO","02","0",2024-02-18,0,0
"Togo","TGO","02","1",2024-02-19,0,0
"Togo","TGO","02","2",2024-02-20,0,0
"Togo","TGO","02","3",2024-02-21,0,0
"Togo","TGO","02","4",2024-02-22,0,0
"Togo","TGO","02","5",2024-02-23,0,0
"Togo","TGO","02","6",2024-02-24,0,0
"Togo","TGO","02","0",2024-02-25,0,0
"Togo","TGO","02","1",2024-02-26,0,0
"Togo","TGO","02","2",2024-02-27,0,0
"Togo","TGO","02","3",2024-02-28,0,0
"Togo","TGO","02","4",2024-02-29,0,0
"Togo","TGO","03","5",2024-03-01,0,0
"Togo","TGO","03","6",2024-03-02,0,0
"Togo","TGO","03","0",2024-03-03,0,0
"Togo","TGO","03","1",2024-03-04,0,0
"Togo","TGO","03","2",2024-03-05,0,0
"Togo","TGO","03","3",2024-03-06,0,0
"Togo","TGO","03","4",2024-03-07,0,0
"Togo","TGO","03","5",2024-03-08,0,0
"Togo","TGO","03","6",2024-03-09,0,0
"Togo","TGO","03","0",2024-03-10,0,0
"Togo","TGO","03","1",2024-03-11,0,0
"Togo","TGO","03","2",2024-03-12,0,0
"Togo","TGO","03","3",2024-03-13,0,0
"Togo","TGO","03","4",2024-03-14,0,0
"Togo","TGO","03","5",2024-03-15,0,0
"Togo","TGO","03","6",2024-03-16,0,0
"Togo","TGO","03","0",2024-03-17,0,0
"Togo","TGO","03","1",2024-03-18,0,0
"Togo","TGO","03","2",2024-03-19,0,0
"Togo","TGO","03","3",2024-03-20,0,0
"Togo","TGO","03","4",2024-03-21,0,0
"Togo","TGO","03","5",2024-03-22,0,0
"Togo","TGO","03","6",2024-03-23,0,0
"Togo","TGO","03","0",2024-03-24,0,0
"Togo","TGO","03","1",2024-03-25,0,0
"Togo","TGO","03","2",2024-03-26,0,0
"Togo","TGO","03","3",2024-03-27,0,0
"Togo","TGO","03","4",2024-03-28,0,0
"Togo","TGO","03","5",2024-03-29,0,0
"Togo","TGO","03","6",2024-03-30,0,0
"Togo","TGO","03","0",2024-03-31,0,0
"Togo","TGO","04","1",2024-04-01,0,0
"Togo","TGO","04","2",2024-04-02,0,0
"Togo","TGO","04","3",2024-04-03,0,0
"Togo","TGO","04","4",2024-04-04,0,0
"Togo","TGO","04","5",2024-04-05,0,0
"Togo","TGO","04","6",2024-04-06,0,0
"Togo","TGO","04","0",2024-04-07,0,0
"Togo","TGO","04","1",2024-04-08,0,0
"Togo","TGO","04","2",2024-04-09,0,0
"Togo","TGO","04","3",2024-04-10,0,0
"Togo","TGO","04","4",2024-04-11,0,0
"Togo","TGO","04","5",2024-04-12,0,0
"Togo","TGO","04","6",2024-04-13,0,0
"Togo","TGO","04","0",2024-04-14,0,0
"Togo","TGO","04","1",2024-04-15,0,0
"Togo","TGO","04","2",2024-04-16,0,0
"Togo","TGO","04","3",2024-04-17,0,0
"Togo","TGO","04","4",2024-04-18,0,0
"Togo","TGO","04","5",2024-04-19,0,0
"Togo","TGO","04","6",2024-04-20,0,0
"Togo","TGO","04","0",2024-04-21,0,0
"Togo","TGO","04","1",2024-04-22,0,0
"Togo","TGO","04","2",2024-04-23,0,0
"Togo","TGO","04","3",2024-04-24,0,0
"Togo","TGO","04","4",2024-04-25,0,0
"Togo","TGO","04","5",2024-04-26,0,0
"Togo","TGO","04","6",2024-04-27,0,0
"Togo","TGO","04","0",2024-04-28,0,0
"Togo","TGO","04","1",2024-04-29,0,0
"Togo","TGO","04","2",2024-04-30,0,0
"Togo","TGO","05","3",2024-05-01,0,0
"Togo","TGO","05","4",2024-05-02,0,0
"Togo","TGO","05","5",2024-05-03,0,0
"Togo","TGO","05","6",2024-05-04,0,0
"Togo","TGO","05","0",2024-05-05,0,0
"Togo","TGO","05","1",2024-05-06,0,0
"Togo","TGO","05","2",2024-05-07,0,0
"Togo","TGO","05","3",2024-05-08,0,0
"Togo","TGO","05","4",2024-05-09,0,0
"Togo","TGO","05","5",2024-05-10,0,0
"Togo","TGO","05","6",2024-05-11,0,0
"Togo","TGO","05","0",2024-05-12,0,0
"Togo","TGO","05","1",2024-05-13,0,0
"Togo","TGO","05","2",2024-05-14,0,0
"Togo","TGO","05","3",2024-05-15,0,0
"Togo","TGO","05","4",2024-05-16,0,0
"Togo","TGO","05","5",2024-05-17,0,0
"Togo","TGO","05","6",2024-05-18,0,0
"Togo","TGO","05","0",2024-05-19,0,0
"Togo","TGO","05","1",2024-05-20,0,0
"Togo","TGO","05","2",2024-05-21,0,0
"Togo","TGO","05","3",2024-05-22,0,0
"Togo","TGO","05","4",2024-05-23,0,0
"Togo","TGO","05","5",2024-05-24,0,0
"Togo","TGO","05","6",2024-05-25,0,0
"Togo","TGO","05","0",2024-05-26,0,0
"Togo","TGO","05","1",2024-05-27,0,0
"Togo","TGO","05","2",2024-05-28,0,0
"Togo","TGO","05","3",2024-05-29,0,0
"Togo","TGO","05","4",2024-05-30,0,0
"Togo","TGO","05","5",2024-05-31,0,0
"Togo","TGO","06","6",2024-06-01,0,0
"Togo","TGO","06","0",2024-06-02,0,0
"Togo","TGO","06","1",2024-06-03,0,0
"Togo","TGO","06","2",2024-06-04,0,0
"Togo","TGO","06","3",2024-06-05,0,0
"Togo","TGO","06","4",2024-06-06,0,0
"Togo","TGO","06","5",2024-06-07,0,0
"Togo","TGO","06","6",2024-06-08,0,0
"Togo","TGO","06","0",2024-06-09,0,0
"Togo","TGO","06","1",2024-06-10,0,0
"Togo","TGO","06","2",2024-06-11,0,0
"Togo","TGO","06","3",2024-06-12,0,0
"Togo","TGO","06","4",2024-06-13,0,0
"Togo","TGO","06","5",2024-06-14,0,0
"Togo","TGO","06","6",2024-06-15,0,0
"Togo","TGO","06","0",2024-06-16,0,0
"Togo","TGO","06","1",2024-06-17,0,0
"Togo","TGO","06","2",2024-06-18,0,0
"Togo","TGO","06","3",2024-06-19,0,0
"Togo","TGO","06","4",2024-06-20,0,0
"Togo","TGO","06","5",2024-06-21,0,0
"Togo","TGO","06","6",2024-06-22,0,0
"Togo","TGO","06","0",2024-06-23,0,0
"Togo","TGO","06","1",2024-06-24,0,0
"Togo","TGO","06","2",2024-06-25,0,0
"Togo","TGO","06","3",2024-06-26,0,0
"Togo","TGO","06","4",2024-06-27,0,0
"Togo","TGO","06","5",2024-06-28,0,0
"Togo","TGO","06","6",2024-06-29,0,0
"Togo","TGO","06","0",2024-06-30,0,0
"Togo","TGO","07","1",2024-07-01,0,0
"Togo","TGO","07","2",2024-07-02,0,0
"Togo","TGO","07","3",2024-07-03,0,0
"Togo","TGO","07","4",2024-07-04,0,0
"Togo","TGO","07","5",2024-07-05,0,0
"Togo","TGO","07","6",2024-07-06,0,0
"Togo","TGO","07","0",2024-07-07,0,0
"Togo","TGO","07","1",2024-07-08,0,0
"Togo","TGO","07","2",2024-07-09,0,0
"Togo","TGO","07","3",2024-07-10,0,0
"Togo","TGO","07","4",2024-07-11,0,0
"Togo","TGO","07","5",2024-07-12,0,0
"Togo","TGO","07","6",2024-07-13,0,0
"Togo","TGO","07","0",2024-07-14,0,0
"Togo","TGO","07","1",2024-07-15,0,0
"Togo","TGO","07","2",2024-07-16,0,0
"Togo","TGO","07","3",2024-07-17,0,0
"Togo","TGO","07","4",2024-07-18,0,0
"Togo","TGO","07","5",2024-07-19,0,0
"Togo","TGO","07","6",2024-07-20,0,0
"Togo","TGO","07","0",2024-07-21,0,0
"Togo","TGO","07","1",2024-07-22,0,0
"Togo","TGO","07","2",2024-07-23,0,0
"Togo","TGO","07","3",2024-07-24,0,0
"Togo","TGO","07","4",2024-07-25,1,0
"Togo","TGO","07","5",2024-07-26,0,0
"Togo","TGO","07","6",2024-07-27,0,0
"Togo","TGO","07","0",2024-07-28,0,0
"Togo","TGO","07","1",2024-07-29,0,0
"Togo","TGO","07","2",2024-07-30,0,0
"Togo","TGO","07","3",2024-07-31,0,0
"Togo","TGO","08","4",2024-08-01,0,0
"Togo","TGO","08","5",2024-08-02,0,0
"Togo","TGO","08","6",2024-08-03,0,0
"Togo","TGO","08","0",2024-08-04,0,0
"Togo","TGO","08","1",2024-08-05,0,0
"Togo","TGO","08","2",2024-08-06,0,0
"Togo","TGO","08","3",2024-08-07,0,0
"Togo","TGO","08","4",2024-08-08,0,0
"Togo","TGO","08","5",2024-08-09,0,0
"Togo","TGO","08","6",2024-08-10,0,0
"Togo","TGO","08","0",2024-08-11,0,0
"Togo","TGO","08","1",2024-08-12,0,0
"Togo","TGO","08","2",2024-08-13,0,0
"Togo","TGO","08","3",2024-08-14,1,0
"Togo","TGO","08","4",2024-08-15,1,1
"Togo","TGO","08","5",2024-08-16,1,0
"Togo","TGO","08","6",2024-08-17,1,0
"Togo","TGO","08","0",2024-08-18,0,0
"Togo","TGO","08","1",2024-08-19,0,0
"Togo","TGO","08","2",2024-08-20,0,0
"Togo","TGO","08","3",2024-08-21,0,0
"Togo","TGO","08","4",2024-08-22,0,0
"Togo","TGO","08","5",2024-08-23,0,0
"Togo","TGO","08","6",2024-08-24,0,0
"Togo","TGO","08","0",2024-08-25,0,0
"Togo","TGO","08","1",2024-08-26,0,0
"Togo","TGO","08","2",2024-08-27,0,0
"Togo","TGO","08","3",2024-08-28,0,0
"Togo","TGO","08","4",2024-08-29,0,0
"Togo","TGO","08","5",2024-08-30,0,0
"Togo","TGO","08","6",2024-08-31,0,0
"Togo","TGO","09","0",2024-09-01,0,0
"Togo","TGO","09","1",2024-09-02,0,0
"Togo","TGO","09","2",2024-09-03,0,0
"Togo","TGO","09","3",2024-09-04,0,0
"Togo","TGO","09","4",2024-09-05,0,0
"Togo","TGO","09","5",2024-09-06,0,0
"Togo","TGO","09","6",2024-09-07,0,0
"Togo","TGO","09","0",2024-09-08,0,0
"Togo","TGO","09","1",2024-09-09,0,0
"Togo","TGO","09","2",2024-09-10,0,0
"Togo","TGO","09","3",2024-09-11,0,0
"Togo","TGO","09","4",2024-09-12,0,0
"Togo","TGO","09","5",2024-09-13,0,0
"Togo","TGO","09","6",2024-09-14,0,0
"Togo","TGO","09","0",2024-09-15,0,0
"Togo","TGO","09","1",2024-09-16,0,0
"Togo","TGO","09","2",2024-09-17,0,0
"Togo","TGO","09","3",2024-09-18,0,0
"Togo","TGO","09","4",2024-09-19,0,0
"Togo","TGO","09","5",2024-09-20,0,0
"Togo","TGO","09","6",2024-09-21,0,0
"Togo","TGO","09","0",2024-09-22,0,0
"Togo","TGO","09","1",2024-09-23,0,0
"Togo","TGO","09","2",2024-09-24,0,0
"Togo","TGO","09","3",2024-09-25,0,0
"Togo","TGO","09","4",2024-09-26,0,0
"Togo","TGO","09","5",2024-09-27,0,0
"Togo","TGO","09","6",2024-09-28,0,0
"Togo","TGO","09","0",2024-09-29,0,0
"Togo","TGO","09","1",2024-09-30,0,0
"Togo","TGO","10","2",2024-10-01,0,0
"Togo","TGO","10","3",2024-10-02,0,0
"Togo","TGO","10","4",2024-10-03,0,0
"Togo","TGO","10","5",2024-10-04,0,0
"Togo","TGO","10","6",2024-10-05,0,0
"Togo","TGO","10","0",2024-10-06,0,0
"Togo","TGO","10","1",2024-10-07,0,0
"Togo","TGO","10","2",2024-10-08,0,0
"Togo","TGO","10","3",2024-10-09,0,0
"Togo","TGO","10","4",2024-10-10,0,0
"Togo","TGO","10","5",2024-10-11,0,0
"Togo","TGO","10","6",2024-10-12,0,0
"Togo","TGO","10","0",2024-10-13,0,0
"Togo","TGO","10","1",2024-10-14,9,1
"Togo","TGO","10","2",2024-10-15,9,1
"Togo","TGO","10","3",2024-10-16,10,1
"Togo","TGO","10","4",2024-10-17,10,1
"Togo","TGO","10","5",2024-10-18,10,1
"Togo","TGO","10","6",2024-10-19,9,1
"Togo","TGO","10","0",2024-10-20,9,1
"Togo","TGO","10","1",2024-10-21,0,0
"Togo","TGO","10","2",2024-10-22,0,0
"Togo","TGO","10","3",2024-10-23,0,0
"Togo","TGO","10","4",2024-10-24,0,0
"Togo","TGO","10","5",2024-10-25,0,0
"Togo","TGO","10","6",2024-10-26,0,0
"Togo","TGO","10","0",2024-10-27,0,0
"Togo","TGO","10","1",2024-10-28,4,0
"Togo","TGO","10","2",2024-10-29,5,0
"Togo","TGO","10","3",2024-10-30,5,0
"Togo","TGO","10","4",2024-10-31,5,1
"Togo","TGO","11","5",2024-11-01,5,1
"Togo","TGO","11","6",2024-11-02,5,0
"Togo","TGO","11","0",2024-11-03,4,0
"Togo","TGO","11","1",2024-11-04,9,0
"Togo","TGO","11","2",2024-11-05,9,0
"Togo","TGO","11","3",2024-11-06,9,0
"Togo","TGO","11","4",2024-11-07,10,1
"Togo","TGO","11","5",2024-11-08,9,1
"Togo","TGO","11","6",2024-11-09,9,0
"Togo","TGO","11","0",2024-11-10,9,0
"Togo","TGO","11","1",2024-11-11,0,0
"Togo","TGO","11","2",2024-11-12,0,0
"Togo","TGO","11","3",2024-11-13,0,0
"Togo","TGO","11","4",2024-11-14,0,0
"Togo","TGO","11","5",2024-11-15,0,0
"Togo","TGO","11","6",2024-11-16,0,0
"Togo","TGO","11","0",2024-11-17,0,0
"Togo","TGO","11","1",2024-11-18,0,0
"Togo","TGO","11","2",2024-11-19,0,0
"Togo","TGO","11","3",2024-11-20,0,0
"Togo","TGO","11","4",2024-11-21,0,0
"Togo","TGO","11","5",2024-11-22,0,0
"Togo","TGO","11","6",2024-11-23,0,0
"Togo","TGO","11","0",2024-11-24,0,0
"Togo","TGO","11","1",2024-11-25,0,0
"Togo","TGO","11","2",2024-11-26,0,0
"Togo","TGO","11","3",2024-11-27,0,0
"Togo","TGO","11","4",2024-11-28,0,0
"Togo","TGO","11","5",2024-11-29,0,0
"Togo","TGO","11","6",2024-11-30,0,0
"Togo","TGO","12","0",2024-12-01,0,0
"Togo","TGO","12","1",2024-12-02,8,0
"Togo","TGO","12","2",2024-12-03,8,0
"Togo","TGO","12","3",2024-12-04,8,1
"Togo","TGO","12","4",2024-12-05,9,1
"Togo","TGO","12","5",2024-12-06,8,1
"Togo","TGO","12","6",2024-12-07,8,0
"Togo","TGO","12","0",2024-12-08,8,0
"Togo","TGO","12","1",2024-12-09,0,0
"Togo","TGO","12","2",2024-12-10,0,0
"Togo","TGO","12","3",2024-12-11,1,0
"Togo","TGO","12","4",2024-12-12,1,0
"Togo","TGO","12","5",2024-12-13,1,0
"Togo","TGO","12","6",2024-12-14,0,0
"Togo","TGO","12","0",2024-12-15,0,0
"Togo","TGO","12","1",2024-12-16,1,0
"Togo","TGO","12","2",2024-12-17,2,0
"Togo","TGO","12","3",2024-12-18,2,0
"Togo","TGO","12","4",2024-12-19,2,1
"Togo","TGO","12","5",2024-12-20,2,1
"Togo","TGO","12","6",2024-12-21,2,0
"Togo","TGO","12","0",2024-12-22,2,0
"Togo","TGO","12","1",2024-12-23,5,0
"Togo","TGO","12","2",2024-12-24,6,0
"Togo","TGO","12","3",2024-12-25,6,0
"Togo","TGO","12","4",2024-12-26,6,0
"Togo","TGO","12","5",2024-12-27,6,0
"Togo","TGO","12","6",2024-12-28,6,0
"Togo","TGO","12","0",2024-12-29,5,0
"Togo","TGO","12","1",2024-12-30,0,0
"Togo","TGO","12","2",2024-12-31,0,0
"Togo","TGO","01","3",2025-01-01,0,0
"Togo","TGO","01","4",2025-01-02,0,0
"Togo","TGO","01","5",2025-01-03,0,0
"Togo","TGO","01","6",2025-01-04,0,0
"Togo","TGO","01","0",2025-01-05,0,0
"Togo","TGO","01","1",2025-01-06,8,0
"Togo","TGO","01","2",2025-01-07,9,0
"Togo","TGO","01","3",2025-01-08,9,0
"Togo","TGO","01","4",2025-01-09,9,1
"Togo","TGO","01","5",2025-01-10,9,1
"Togo","TGO","01","6",2025-01-11,9,0
"Togo","TGO","01","0",2025-01-12,9,0
"Tanzania","TZA","01","1",2023-01-16,0,0
"Tanzania","TZA","01","2",2023-01-17,1,0
"Tanzania","TZA","01","3",2023-01-18,1,0
"Tanzania","TZA","01","4",2023-01-19,1,1
"Tanzania","TZA","01","5",2023-01-20,1,0
"Tanzania","TZA","01","6",2023-01-21,1,0
"Tanzania","TZA","01","0",2023-01-22,0,0
"Tanzania","TZA","01","1",2023-01-23,0,0
"Tanzania","TZA","01","2",2023-01-24,0,0
"Tanzania","TZA","01","3",2023-01-25,0,0
"Tanzania","TZA","01","4",2023-01-26,1,0
"Tanzania","TZA","01","5",2023-01-27,1,0
"Tanzania","TZA","01","6",2023-01-28,0,0
"Tanzania","TZA","01","0",2023-01-29,0,0
"Tanzania","TZA","01","1",2023-01-30,0,0
"Tanzania","TZA","01","2",2023-01-31,0,0
"Tanzania","TZA","02","3",2023-02-01,0,0
"Tanzania","TZA","02","4",2023-02-02,1,1
"Tanzania","TZA","02","5",2023-02-03,1,1
"Tanzania","TZA","02","6",2023-02-04,0,0
"Tanzania","TZA","02","0",2023-02-05,0,0
"Tanzania","TZA","02","1",2023-02-06,2,0
"Tanzania","TZA","02","2",2023-02-07,2,0
"Tanzania","TZA","02","3",2023-02-08,2,0
"Tanzania","TZA","02","4",2023-02-09,3,0
"Tanzania","TZA","02","5",2023-02-10,2,0
"Tanzania","TZA","02","6",2023-02-11,2,0
"Tanzania","TZA","02","0",2023-02-12,2,0
"Tanzania","TZA","02","1",2023-02-13,0,0
"Tanzania","TZA","02","2",2023-02-14,0,0
"Tanzania","TZA","02","3",2023-02-15,1,0
"Tanzania","TZA","02","4",2023-02-16,1,0
"Tanzania","TZA","02","5",2023-02-17,1,0
"Tanzania","TZA","02","6",2023-02-18,0,0
"Tanzania","TZA","02","0",2023-02-19,0,0
"Tanzania","TZA","02","1",2023-02-20,0,0
"Tanzania","TZA","02","2",2023-02-21,0,0
"Tanzania","TZA","02","3",2023-02-22,0,0
"Tanzania","TZA","02","4",2023-02-23,1,0
"Tanzania","TZA","02","5",2023-02-24,1,0
"Tanzania","TZA","02","6",2023-02-25,0,0
"Tanzania","TZA","02","0",2023-02-26,0,0
"Tanzania","TZA","02","1",2023-02-27,0,0
"Tanzania","TZA","02","2",2023-02-28,1,0
"Tanzania","TZA","03","3",2023-03-01,1,0
"Tanzania","TZA","03","4",2023-03-02,1,0
"Tanzania","TZA","03","5",2023-03-03,1,0
"Tanzania","TZA","03","6",2023-03-04,1,0
"Tanzania","TZA","03","0",2023-03-05,1,0
"Tanzania","TZA","03","1",2023-03-06,0,0
"Tanzania","TZA","03","2",2023-03-07,0,0
"Tanzania","TZA","03","3",2023-03-08,1,0
"Tanzania","TZA","03","4",2023-03-09,1,0
"Tanzania","TZA","03","5",2023-03-10,1,0
"Tanzania","TZA","03","6",2023-03-11,1,0
"Tanzania","TZA","03","0",2023-03-12,0,0
"Tanzania","TZA","03","1",2023-03-13,4,0
"Tanzania","TZA","03","2",2023-03-14,5,0
"Tanzania","TZA","03","3",2023-03-15,5,0
"Tanzania","TZA","03","4",2023-03-16,5,0
"Tanzania","TZA","03","5",2023-03-17,5,0
"Tanzania","TZA","03","6",2023-03-18,5,0
"Tanzania","TZA","03","0",2023-03-19,4,0
"Tanzania","TZA","03","1",2023-03-20,0,0
"Tanzania","TZA","03","2",2023-03-21,0,0
"Tanzania","TZA","03","3",2023-03-22,0,0
"Tanzania","TZA","03","4",2023-03-23,0,0
"Tanzania","TZA","03","5",2023-03-24,0,0
"Tanzania","TZA","03","6",2023-03-25,0,0
"Tanzania","TZA","03","0",2023-03-26,0,0
"Tanzania","TZA","03","1",2023-03-27,0,0
"Tanzania","TZA","03","2",2023-03-28,0,0
"Tanzania","TZA","03","3",2023-03-29,0,0
"Tanzania","TZA","03","4",2023-03-30,0,0
"Tanzania","TZA","03","5",2023-03-31,0,0
"Tanzania","TZA","04","6",2023-04-01,0,0
"Tanzania","TZA","04","0",2023-04-02,0,0
"Tanzania","TZA","04","1",2023-04-03,0,0
"Tanzania","TZA","04","2",2023-04-04,0,0
"Tanzania","TZA","04","3",2023-04-05,0,0
"Tanzania","TZA","04","4",2023-04-06,0,0
"Tanzania","TZA","04","5",2023-04-07,0,0
"Tanzania","TZA","04","6",2023-04-08,0,0
"Tanzania","TZA","04","0",2023-04-09,0,0
"Tanzania","TZA","04","1",2023-04-10,0,0
"Tanzania","TZA","04","2",2023-04-11,0,0
"Tanzania","TZA","04","3",2023-04-12,0,0
"Tanzania","TZA","04","4",2023-04-13,0,0
"Tanzania","TZA","04","5",2023-04-14,0,0
"Tanzania","TZA","04","6",2023-04-15,0,0
"Tanzania","TZA","04","0",2023-04-16,0,0
"Tanzania","TZA","04","1",2023-04-17,1,0
"Tanzania","TZA","04","2",2023-04-18,1,0
"Tanzania","TZA","04","3",2023-04-19,2,0
"Tanzania","TZA","04","4",2023-04-20,2,0
"Tanzania","TZA","04","5",2023-04-21,2,0
"Tanzania","TZA","04","6",2023-04-22,1,0
"Tanzania","TZA","04","0",2023-04-23,1,0
"Tanzania","TZA","04","1",2023-04-24,0,0
"Tanzania","TZA","04","2",2023-04-25,0,0
"Tanzania","TZA","04","3",2023-04-26,0,0
"Tanzania","TZA","04","4",2023-04-27,0,0
"Tanzania","TZA","04","5",2023-04-28,0,0
"Tanzania","TZA","04","6",2023-04-29,0,0
"Tanzania","TZA","04","0",2023-04-30,0,0
"Tanzania","TZA","05","1",2023-05-01,0,0
"Tanzania","TZA","05","2",2023-05-02,1,0
"Tanzania","TZA","05","3",2023-05-03,1,0
"Tanzania","TZA","05","4",2023-05-04,1,0
"Tanzania","TZA","05","5",2023-05-05,1,0
"Tanzania","TZA","05","6",2023-05-06,1,0
"Tanzania","TZA","05","0",2023-05-07,0,0
"Tanzania","TZA","05","1",2023-05-08,0,0
"Tanzania","TZA","05","2",2023-05-09,0,0
"Tanzania","TZA","05","3",2023-05-10,0,0
"Tanzania","TZA","05","4",2023-05-11,0,0
"Tanzania","TZA","05","5",2023-05-12,0,0
"Tanzania","TZA","05","6",2023-05-13,0,0
"Tanzania","TZA","05","0",2023-05-14,0,0
"Tanzania","TZA","05","1",2023-05-15,0,0
"Tanzania","TZA","05","2",2023-05-16,0,0
"Tanzania","TZA","05","3",2023-05-17,0,0
"Tanzania","TZA","05","4",2023-05-18,0,0
"Tanzania","TZA","05","5",2023-05-19,0,0
"Tanzania","TZA","05","6",2023-05-20,0,0
"Tanzania","TZA","05","0",2023-05-21,0,0
"Tanzania","TZA","05","1",2023-05-22,0,0
"Tanzania","TZA","05","2",2023-05-23,0,0
"Tanzania","TZA","05","3",2023-05-24,0,0
"Tanzania","TZA","05","4",2023-05-25,0,0
"Tanzania","TZA","05","5",2023-05-26,0,0
"Tanzania","TZA","05","6",2023-05-27,0,0
"Tanzania","TZA","05","0",2023-05-28,0,0
"Tanzania","TZA","05","1",2023-05-29,0,0
"Tanzania","TZA","05","2",2023-05-30,0,0
"Tanzania","TZA","05","3",2023-05-31,0,0
"Tanzania","TZA","06","4",2023-06-01,0,0
"Tanzania","TZA","06","5",2023-06-02,0,0
"Tanzania","TZA","06","6",2023-06-03,0,0
"Tanzania","TZA","06","0",2023-06-04,0,0
"Tanzania","TZA","06","1",2023-06-05,0,0
"Tanzania","TZA","06","2",2023-06-06,0,0
"Tanzania","TZA","06","3",2023-06-07,0,0
"Tanzania","TZA","06","4",2023-06-08,0,0
"Tanzania","TZA","06","5",2023-06-09,0,0
"Tanzania","TZA","06","6",2023-06-10,0,0
"Tanzania","TZA","06","0",2023-06-11,0,0
"Tanzania","TZA","06","1",2023-06-12,0,0
"Tanzania","TZA","06","2",2023-06-13,0,0
"Tanzania","TZA","06","3",2023-06-14,0,0
"Tanzania","TZA","06","4",2023-06-15,0,0
"Tanzania","TZA","06","5",2023-06-16,0,0
"Tanzania","TZA","06","6",2023-06-17,0,0
"Tanzania","TZA","06","0",2023-06-18,0,0
"Tanzania","TZA","06","1",2023-06-19,0,0
"Tanzania","TZA","06","2",2023-06-20,0,0
"Tanzania","TZA","06","3",2023-06-21,0,0
"Tanzania","TZA","06","4",2023-06-22,0,0
"Tanzania","TZA","06","5",2023-06-23,0,0
"Tanzania","TZA","06","6",2023-06-24,0,0
"Tanzania","TZA","06","0",2023-06-25,0,0
"Tanzania","TZA","06","1",2023-06-26,0,0
"Tanzania","TZA","06","2",2023-06-27,0,0
"Tanzania","TZA","06","3",2023-06-28,0,0
"Tanzania","TZA","06","4",2023-06-29,0,0
"Tanzania","TZA","06","5",2023-06-30,0,0
"Tanzania","TZA","07","6",2023-07-01,0,0
"Tanzania","TZA","07","0",2023-07-02,0,0
"Tanzania","TZA","07","1",2023-07-03,0,0
"Tanzania","TZA","07","2",2023-07-04,0,0
"Tanzania","TZA","07","3",2023-07-05,0,0
"Tanzania","TZA","07","4",2023-07-06,0,0
"Tanzania","TZA","07","5",2023-07-07,0,0
"Tanzania","TZA","07","6",2023-07-08,0,0
"Tanzania","TZA","07","0",2023-07-09,0,0
"Tanzania","TZA","07","1",2023-07-10,40,0
"Tanzania","TZA","07","2",2023-07-11,40,0
"Tanzania","TZA","07","3",2023-07-12,41,0
"Tanzania","TZA","07","4",2023-07-13,41,1
"Tanzania","TZA","07","5",2023-07-14,41,0
"Tanzania","TZA","07","6",2023-07-15,41,0
"Tanzania","TZA","07","0",2023-07-16,40,0
"Tanzania","TZA","07","1",2023-07-17,0,0
"Tanzania","TZA","07","2",2023-07-18,0,0
"Tanzania","TZA","07","3",2023-07-19,0,0
"Tanzania","TZA","07","4",2023-07-20,1,0
"Tanzania","TZA","07","5",2023-07-21,1,0
"Tanzania","TZA","07","6",2023-07-22,0,0
"Tanzania","TZA","07","0",2023-07-23,0,0
"Tanzania","TZA","07","1",2023-07-24,0,0
"Tanzania","TZA","07","2",2023-07-25,0,0
"Tanzania","TZA","07","3",2023-07-26,1,0
"Tanzania","TZA","07","4",2023-07-27,1,0
"Tanzania","TZA","07","5",2023-07-28,1,0
"Tanzania","TZA","07","6",2023-07-29,0,0
"Tanzania","TZA","07","0",2023-07-30,0,0
"Tanzania","TZA","07","1",2023-07-31,0,0
"Tanzania","TZA","08","2",2023-08-01,0,0
"Tanzania","TZA","08","3",2023-08-02,0,0
"Tanzania","TZA","08","4",2023-08-03,0,0
"Tanzania","TZA","08","5",2023-08-04,0,0
"Tanzania","TZA","08","6",2023-08-05,0,0
"Tanzania","TZA","08","0",2023-08-06,0,0
"Tanzania","TZA","08","1",2023-08-07,0,0
"Tanzania","TZA","08","2",2023-08-08,0,0
"Tanzania","TZA","08","3",2023-08-09,0,0
"Tanzania","TZA","08","4",2023-08-10,0,0
"Tanzania","TZA","08","5",2023-08-11,0,0
"Tanzania","TZA","08","6",2023-08-12,0,0
"Tanzania","TZA","08","0",2023-08-13,0,0
"Tanzania","TZA","08","1",2023-08-14,0,0
"Tanzania","TZA","08","2",2023-08-15,0,0
"Tanzania","TZA","08","3",2023-08-16,0,0
"Tanzania","TZA","08","4",2023-08-17,0,0
"Tanzania","TZA","08","5",2023-08-18,0,0
"Tanzania","TZA","08","6",2023-08-19,0,0
"Tanzania","TZA","08","0",2023-08-20,0,0
"Tanzania","TZA","08","1",2023-08-21,0,0
"Tanzania","TZA","08","2",2023-08-22,0,0
"Tanzania","TZA","08","3",2023-08-23,0,0
"Tanzania","TZA","08","4",2023-08-24,0,0
"Tanzania","TZA","08","5",2023-08-25,0,0
"Tanzania","TZA","08","6",2023-08-26,0,0
"Tanzania","TZA","08","0",2023-08-27,0,0
"Tanzania","TZA","08","1",2023-08-28,0,0
"Tanzania","TZA","08","2",2023-08-29,0,0
"Tanzania","TZA","08","3",2023-08-30,0,0
"Tanzania","TZA","08","4",2023-08-31,0,0
"Tanzania","TZA","09","5",2023-09-01,0,0
"Tanzania","TZA","09","6",2023-09-02,0,0
"Tanzania","TZA","09","0",2023-09-03,0,0
"Tanzania","TZA","09","1",2023-09-04,0,0
"Tanzania","TZA","09","2",2023-09-05,0,0
"Tanzania","TZA","09","3",2023-09-06,0,0
"Tanzania","TZA","09","4",2023-09-07,0,0
"Tanzania","TZA","09","5",2023-09-08,0,0
"Tanzania","TZA","09","6",2023-09-09,0,0
"Tanzania","TZA","09","0",2023-09-10,0,0
"Tanzania","TZA","09","1",2023-09-11,0,0
"Tanzania","TZA","09","2",2023-09-12,0,0
"Tanzania","TZA","09","3",2023-09-13,0,0
"Tanzania","TZA","09","4",2023-09-14,0,0
"Tanzania","TZA","09","5",2023-09-15,0,0
"Tanzania","TZA","09","6",2023-09-16,0,0
"Tanzania","TZA","09","0",2023-09-17,0,0
"Tanzania","TZA","09","1",2023-09-18,0,0
"Tanzania","TZA","09","2",2023-09-19,0,0
"Tanzania","TZA","09","3",2023-09-20,0,0
"Tanzania","TZA","09","4",2023-09-21,0,0
"Tanzania","TZA","09","5",2023-09-22,0,0
"Tanzania","TZA","09","6",2023-09-23,0,0
"Tanzania","TZA","09","0",2023-09-24,0,0
"Tanzania","TZA","09","1",2023-09-25,0,0
"Tanzania","TZA","09","2",2023-09-26,0,0
"Tanzania","TZA","09","3",2023-09-27,0,0
"Tanzania","TZA","09","4",2023-09-28,0,0
"Tanzania","TZA","09","5",2023-09-29,0,0
"Tanzania","TZA","09","6",2023-09-30,0,0
"Tanzania","TZA","10","0",2023-10-01,0,0
"Tanzania","TZA","10","1",2023-10-02,27,1
"Tanzania","TZA","10","2",2023-10-03,27,1
"Tanzania","TZA","10","3",2023-10-04,27,1
"Tanzania","TZA","10","4",2023-10-05,27,1
"Tanzania","TZA","10","5",2023-10-06,27,1
"Tanzania","TZA","10","6",2023-10-07,27,1
"Tanzania","TZA","10","0",2023-10-08,27,1
"Tanzania","TZA","10","1",2023-10-09,14,0
"Tanzania","TZA","10","2",2023-10-10,15,0
"Tanzania","TZA","10","3",2023-10-11,15,0
"Tanzania","TZA","10","4",2023-10-12,15,1
"Tanzania","TZA","10","5",2023-10-13,15,1
"Tanzania","TZA","10","6",2023-10-14,15,0
"Tanzania","TZA","10","0",2023-10-15,15,0
"Tanzania","TZA","10","1",2023-10-16,9,0
"Tanzania","TZA","10","2",2023-10-17,10,0
"Tanzania","TZA","10","3",2023-10-18,10,0
"Tanzania","TZA","10","4",2023-10-19,10,0
"Tanzania","TZA","10","5",2023-10-20,10,0
"Tanzania","TZA","10","6",2023-10-21,10,0
"Tanzania","TZA","10","0",2023-10-22,10,0
"Tanzania","TZA","10","1",2023-10-23,17,0
"Tanzania","TZA","10","2",2023-10-24,17,0
"Tanzania","TZA","10","3",2023-10-25,18,0
"Tanzania","TZA","10","4",2023-10-26,18,1
"Tanzania","TZA","10","5",2023-10-27,18,1
"Tanzania","TZA","10","6",2023-10-28,17,0
"Tanzania","TZA","10","0",2023-10-29,17,0
"Tanzania","TZA","10","1",2023-10-30,11,0
"Tanzania","TZA","10","2",2023-10-31,11,0
"Tanzania","TZA","11","3",2023-11-01,12,1
"Tanzania","TZA","11","4",2023-11-02,12,1
"Tanzania","TZA","11","5",2023-11-03,12,1
"Tanzania","TZA","11","6",2023-11-04,11,0
"Tanzania","TZA","11","0",2023-11-05,11,0
"Tanzania","TZA","11","1",2023-11-06,11,0
"Tanzania","TZA","11","2",2023-11-07,11,0
"Tanzania","TZA","11","3",2023-11-08,11,0
"Tanzania","TZA","11","4",2023-11-09,11,1
"Tanzania","TZA","11","5",2023-11-10,11,0
"Tanzania","TZA","11","6",2023-11-11,11,0
"Tanzania","TZA","11","0",2023-11-12,11,0
"Tanzania","TZA","11","1",2023-11-13,0,0
"Tanzania","TZA","11","2",2023-11-14,0,0
"Tanzania","TZA","11","3",2023-11-15,0,0
"Tanzania","TZA","11","4",2023-11-16,0,0
"Tanzania","TZA","11","5",2023-11-17,0,0
"Tanzania","TZA","11","6",2023-11-18,0,0
"Tanzania","TZA","11","0",2023-11-19,0,0
"Tanzania","TZA","11","1",2023-11-20,0,0
"Tanzania","TZA","11","2",2023-11-21,0,0
"Tanzania","TZA","11","3",2023-11-22,0,0
"Tanzania","TZA","11","4",2023-11-23,0,0
"Tanzania","TZA","11","5",2023-11-24,0,0
"Tanzania","TZA","11","6",2023-11-25,0,0
"Tanzania","TZA","11","0",2023-11-26,0,0
"Tanzania","TZA","11","1",2023-11-27,1,0
"Tanzania","TZA","11","2",2023-11-28,1,0
"Tanzania","TZA","11","3",2023-11-29,2,1
"Tanzania","TZA","11","4",2023-11-30,2,1
"Tanzania","TZA","12","5",2023-12-01,2,1
"Tanzania","TZA","12","6",2023-12-02,2,1
"Tanzania","TZA","12","0",2023-12-03,1,0
"Tanzania","TZA","12","1",2023-12-04,1,0
"Tanzania","TZA","12","2",2023-12-05,1,0
"Tanzania","TZA","12","3",2023-12-06,1,0
"Tanzania","TZA","12","4",2023-12-07,2,0
"Tanzania","TZA","12","5",2023-12-08,1,0
"Tanzania","TZA","12","6",2023-12-09,1,0
"Tanzania","TZA","12","0",2023-12-10,1,0
"Tanzania","TZA","12","1",2023-12-11,0,0
"Tanzania","TZA","12","2",2023-12-12,0,0
"Tanzania","TZA","12","3",2023-12-13,0,0
"Tanzania","TZA","12","4",2023-12-14,0,0
"Tanzania","TZA","12","5",2023-12-15,0,0
"Tanzania","TZA","12","6",2023-12-16,0,0
"Tanzania","TZA","12","0",2023-12-17,0,0
"Tanzania","TZA","12","1",2023-12-18,2,0
"Tanzania","TZA","12","2",2023-12-19,2,0
"Tanzania","TZA","12","3",2023-12-20,2,0
"Tanzania","TZA","12","4",2023-12-21,3,0
"Tanzania","TZA","12","5",2023-12-22,3,0
"Tanzania","TZA","12","6",2023-12-23,2,0
"Tanzania","TZA","12","0",2023-12-24,2,0
"Tanzania","TZA","12","1",2023-12-25,2,0
"Tanzania","TZA","12","2",2023-12-26,2,0
"Tanzania","TZA","12","3",2023-12-27,2,0
"Tanzania","TZA","12","4",2023-12-28,3,0
"Tanzania","TZA","12","5",2023-12-29,3,0
"Tanzania","TZA","12","6",2023-12-30,2,0
"Tanzania","TZA","12","0",2023-12-31,2,0
"Tanzania","TZA","01","1",2024-01-01,16,0
"Tanzania","TZA","01","2",2024-01-02,16,0
"Tanzania","TZA","01","3",2024-01-03,16,0
"Tanzania","TZA","01","4",2024-01-04,16,0
"Tanzania","TZA","01","5",2024-01-05,16,0
"Tanzania","TZA","01","6",2024-01-06,16,0
"Tanzania","TZA","01","0",2024-01-07,16,0
"Tanzania","TZA","01","1",2024-01-08,26,0
"Tanzania","TZA","01","2",2024-01-09,26,0
"Tanzania","TZA","01","3",2024-01-10,26,1
"Tanzania","TZA","01","4",2024-01-11,27,1
"Tanzania","TZA","01","5",2024-01-12,27,1
"Tanzania","TZA","01","6",2024-01-13,26,1
"Tanzania","TZA","01","0",2024-01-14,26,0
"Tanzania","TZA","01","1",2024-01-15,23,0
"Tanzania","TZA","01","2",2024-01-16,24,0
"Tanzania","TZA","01","3",2024-01-17,24,1
"Tanzania","TZA","01","4",2024-01-18,24,1
"Tanzania","TZA","01","5",2024-01-19,24,1
"Tanzania","TZA","01","6",2024-01-20,24,0
"Tanzania","TZA","01","0",2024-01-21,24,0
"Tanzania","TZA","01","1",2024-01-22,14,0
"Tanzania","TZA","01","2",2024-01-23,15,0
"Tanzania","TZA","01","3",2024-01-24,15,1
"Tanzania","TZA","01","4",2024-01-25,15,1
"Tanzania","TZA","01","5",2024-01-26,15,1
"Tanzania","TZA","01","6",2024-01-27,15,1
"Tanzania","TZA","01","0",2024-01-28,14,0
"Tanzania","TZA","01","1",2024-01-29,28,0
"Tanzania","TZA","01","2",2024-01-30,28,1
"Tanzania","TZA","01","3",2024-01-31,28,1
"Tanzania","TZA","02","4",2024-02-01,29,1
"Tanzania","TZA","02","5",2024-02-02,29,1
"Tanzania","TZA","02","6",2024-02-03,28,1
"Tanzania","TZA","02","0",2024-02-04,28,0
"Tanzania","TZA","02","1",2024-02-05,17,0
"Tanzania","TZA","02","2",2024-02-06,17,0
"Tanzania","TZA","02","3",2024-02-07,17,0
"Tanzania","TZA","02","4",2024-02-08,17,1
"Tanzania","TZA","02","5",2024-02-09,17,1
"Tanzania","TZA","02","6",2024-02-10,17,0
"Tanzania","TZA","02","0",2024-02-11,17,0
"Tanzania","TZA","02","1",2024-02-12,21,0
"Tanzania","TZA","02","2",2024-02-13,22,0
"Tanzania","TZA","02","3",2024-02-14,22,1
"Tanzania","TZA","02","4",2024-02-15,22,1
"Tanzania","TZA","02","5",2024-02-16,22,1
"Tanzania","TZA","02","6",2024-02-17,22,1
"Tanzania","TZA","02","0",2024-02-18,21,0
"Tanzania","TZA","02","1",2024-02-19,20,0
"Tanzania","TZA","02","2",2024-02-20,21,0
"Tanzania","TZA","02","3",2024-02-21,21,1
"Tanzania","TZA","02","4",2024-02-22,21,1
"Tanzania","TZA","02","5",2024-02-23,21,1
"Tanzania","TZA","02","6",2024-02-24,21,0
"Tanzania","TZA","02","0",2024-02-25,20,0
"Tanzania","TZA","02","1",2024-02-26,41,0
"Tanzania","TZA","02","2",2024-02-27,41,0
"Tanzania","TZA","02","3",2024-02-28,42,1
"Tanzania","TZA","02","4",2024-02-29,42,1
"Tanzania","TZA","03","5",2024-03-01,42,1
"Tanzania","TZA","03","6",2024-03-02,41,0
"Tanzania","TZA","03","0",2024-03-03,41,0
"Tanzania","TZA","03","1",2024-03-04,31,0
"Tanzania","TZA","03","2",2024-03-05,32,0
"Tanzania","TZA","03","3",2024-03-06,32,1
"Tanzania","TZA","03","4",2024-03-07,32,1
"Tanzania","TZA","03","5",2024-03-08,32,1
"Tanzania","TZA","03","6",2024-03-09,32,1
"Tanzania","TZA","03","0",2024-03-10,32,0
"Tanzania","TZA","03","1",2024-03-11,31,0
"Tanzania","TZA","03","2",2024-03-12,31,0
"Tanzania","TZA","03","3",2024-03-13,31,1
"Tanzania","TZA","03","4",2024-03-14,32,1
"Tanzania","TZA","03","5",2024-03-15,31,1
"Tanzania","TZA","03","6",2024-03-16,31,0
"Tanzania","TZA","03","0",2024-03-17,31,0
"Tanzania","TZA","03","1",2024-03-18,22,0
"Tanzania","TZA","03","2",2024-03-19,22,0
"Tanzania","TZA","03","3",2024-03-20,22,1
"Tanzania","TZA","03","4",2024-03-21,23,1
"Tanzania","TZA","03","5",2024-03-22,22,1
"Tanzania","TZA","03","6",2024-03-23,22,0
"Tanzania","TZA","03","0",2024-03-24,22,0
"Tanzania","TZA","03","1",2024-03-25,9,0
"Tanzania","TZA","03","2",2024-03-26,9,0
"Tanzania","TZA","03","3",2024-03-27,10,0
"Tanzania","TZA","03","4",2024-03-28,10,0
"Tanzania","TZA","03","5",2024-03-29,10,0
"Tanzania","TZA","03","6",2024-03-30,10,0
"Tanzania","TZA","03","0",2024-03-31,9,0
"Tanzania","TZA","04","1",2024-04-01,25,0
"Tanzania","TZA","04","2",2024-04-02,25,0
"Tanzania","TZA","04","3",2024-04-03,25,0
"Tanzania","TZA","04","4",2024-04-04,26,1
"Tanzania","TZA","04","5",2024-04-05,25,1
"Tanzania","TZA","04","6",2024-04-06,25,0
"Tanzania","TZA","04","0",2024-04-07,25,0
"Tanzania","TZA","04","1",2024-04-08,23,0
"Tanzania","TZA","04","2",2024-04-09,24,0
"Tanzania","TZA","04","3",2024-04-10,24,1
"Tanzania","TZA","04","4",2024-04-11,24,1
"Tanzania","TZA","04","5",2024-04-12,24,1
"Tanzania","TZA","04","6",2024-04-13,24,0
"Tanzania","TZA","04","0",2024-04-14,24,0
"Tanzania","TZA","04","1",2024-04-15,17,0
"Tanzania","TZA","04","2",2024-04-16,18,0
"Tanzania","TZA","04","3",2024-04-17,18,0
"Tanzania","TZA","04","4",2024-04-18,18,1
"Tanzania","TZA","04","5",2024-04-19,18,1
"Tanzania","TZA","04","6",2024-04-20,18,0
"Tanzania","TZA","04","0",2024-04-21,18,0
"Tanzania","TZA","04","1",2024-04-22,9,0
"Tanzania","TZA","04","2",2024-04-23,9,0
"Tanzania","TZA","04","3",2024-04-24,9,0
"Tanzania","TZA","04","4",2024-04-25,10,1
"Tanzania","TZA","04","5",2024-04-26,9,0
"Tanzania","TZA","04","6",2024-04-27,9,0
"Tanzania","TZA","04","0",2024-04-28,9,0
"Tanzania","TZA","04","1",2024-04-29,14,0
"Tanzania","TZA","04","2",2024-04-30,15,0
"Tanzania","TZA","05","3",2024-05-01,15,0
"Tanzania","TZA","05","4",2024-05-02,15,0
"Tanzania","TZA","05","5",2024-05-03,15,0
"Tanzania","TZA","05","6",2024-05-04,15,0
"Tanzania","TZA","05","0",2024-05-05,14,0
"Tanzania","TZA","05","1",2024-05-06,21,0
"Tanzania","TZA","05","2",2024-05-07,21,1
"Tanzania","TZA","05","3",2024-05-08,22,1
"Tanzania","TZA","05","4",2024-05-09,22,1
"Tanzania","TZA","05","5",2024-05-10,22,1
"Tanzania","TZA","05","6",2024-05-11,21,1
"Tanzania","TZA","05","0",2024-05-12,21,0
"Tanzania","TZA","05","1",2024-05-13,10,0
"Tanzania","TZA","05","2",2024-05-14,10,0
"Tanzania","TZA","05","3",2024-05-15,11,0
"Tanzania","TZA","05","4",2024-05-16,11,0
"Tanzania","TZA","05","5",2024-05-17,11,0
"Tanzania","TZA","05","6",2024-05-18,10,0
"Tanzania","TZA","05","0",2024-05-19,10,0
"Tanzania","TZA","05","1",2024-05-20,14,0
"Tanzania","TZA","05","2",2024-05-21,14,0
"Tanzania","TZA","05","3",2024-05-22,14,1
"Tanzania","TZA","05","4",2024-05-23,15,1
"Tanzania","TZA","05","5",2024-05-24,14,1
"Tanzania","TZA","05","6",2024-05-25,14,0
"Tanzania","TZA","05","0",2024-05-26,14,0
"Tanzania","TZA","05","1",2024-05-27,11,0
"Tanzania","TZA","05","2",2024-05-28,11,0
"Tanzania","TZA","05","3",2024-05-29,12,0
"Tanzania","TZA","05","4",2024-05-30,12,1
"Tanzania","TZA","05","5",2024-05-31,12,1
"Tanzania","TZA","06","6",2024-06-01,11,0
"Tanzania","TZA","06","0",2024-06-02,11,0
"Tanzania","TZA","06","1",2024-06-03,8,0
"Tanzania","TZA","06","2",2024-06-04,9,0
"Tanzania","TZA","06","3",2024-06-05,9,0
"Tanzania","TZA","06","4",2024-06-06,9,1
"Tanzania","TZA","06","5",2024-06-07,9,0
"Tanzania","TZA","06","6",2024-06-08,9,0
"Tanzania","TZA","06","0",2024-06-09,8,0
"Tanzania","TZA","06","1",2024-06-10,7,0
"Tanzania","TZA","06","2",2024-06-11,7,0
"Tanzania","TZA","06","3",2024-06-12,7,0
"Tanzania","TZA","06","4",2024-06-13,8,1
"Tanzania","TZA","06","5",2024-06-14,7,1
"Tanzania","TZA","06","6",2024-06-15,7,0
"Tanzania","TZA","06","0",2024-06-16,7,0
"Tanzania","TZA","06","1",2024-06-17,15,0
"Tanzania","TZA","06","2",2024-06-18,15,0
"Tanzania","TZA","06","3",2024-06-19,15,0
"Tanzania","TZA","06","4",2024-06-20,15,1
"Tanzania","TZA","06","5",2024-06-21,15,0
"Tanzania","TZA","06","6",2024-06-22,15,0
"Tanzania","TZA","06","0",2024-06-23,15,0
"Tanzania","TZA","06","1",2024-06-24,17,0
"Tanzania","TZA","06","2",2024-06-25,17,1
"Tanzania","TZA","06","3",2024-06-26,17,1
"Tanzania","TZA","06","4",2024-06-27,18,1
"Tanzania","TZA","06","5",2024-06-28,17,1
"Tanzania","TZA","06","6",2024-06-29,17,1
"Tanzania","TZA","06","0",2024-06-30,17,1
"Tanzania","TZA","07","1",2024-07-01,11,0
"Tanzania","TZA","07","2",2024-07-02,12,0
"Tanzania","TZA","07","3",2024-07-03,12,0
"Tanzania","TZA","07","4",2024-07-04,12,0
"Tanzania","TZA","07","5",2024-07-05,12,0
"Tanzania","TZA","07","6",2024-07-06,12,0
"Tanzania","TZA","07","0",2024-07-07,12,0
"Tanzania","TZA","07","1",2024-07-08,17,0
"Tanzania","TZA","07","2",2024-07-09,18,0
"Tanzania","TZA","07","3",2024-07-10,18,1
"Tanzania","TZA","07","4",2024-07-11,18,1
"Tanzania","TZA","07","5",2024-07-12,18,1
"Tanzania","TZA","07","6",2024-07-13,18,1
"Tanzania","TZA","07","0",2024-07-14,17,0
"Tanzania","TZA","07","1",2024-07-15,18,0
"Tanzania","TZA","07","2",2024-07-16,18,0
"Tanzania","TZA","07","3",2024-07-17,18,0
"Tanzania","TZA","07","4",2024-07-18,19,0
"Tanzania","TZA","07","5",2024-07-19,18,0
"Tanzania","TZA","07","6",2024-07-20,18,0
"Tanzania","TZA","07","0",2024-07-21,18,0
"Tanzania","TZA","07","1",2024-07-22,11,0
"Tanzania","TZA","07","2",2024-07-23,11,0
"Tanzania","TZA","07","3",2024-07-24,11,0
"Tanzania","TZA","07","4",2024-07-25,11,1
"Tanzania","TZA","07","5",2024-07-26,11,0
"Tanzania","TZA","07","6",2024-07-27,11,0
"Tanzania","TZA","07","0",2024-07-28,11,0
"Tanzania","TZA","07","1",2024-07-29,13,0
"Tanzania","TZA","07","2",2024-07-30,14,0
"Tanzania","TZA","07","3",2024-07-31,14,0
"Tanzania","TZA","08","4",2024-08-01,14,1
"Tanzania","TZA","08","5",2024-08-02,14,0
"Tanzania","TZA","08","6",2024-08-03,14,0
"Tanzania","TZA","08","0",2024-08-04,13,0
"Tanzania","TZA","08","1",2024-08-05,38,0
"Tanzania","TZA","08","2",2024-08-06,38,0
"Tanzania","TZA","08","3",2024-08-07,38,1
"Tanzania","TZA","08","4",2024-08-08,39,1
"Tanzania","TZA","08","5",2024-08-09,38,1
"Tanzania","TZA","08","6",2024-08-10,38,0
"Tanzania","TZA","08","0",2024-08-11,38,0
"Tanzania","TZA","08","1",2024-08-12,40,0
"Tanzania","TZA","08","2",2024-08-13,40,0
"Tanzania","TZA","08","3",2024-08-14,40,1
"Tanzania","TZA","08","4",2024-08-15,40,1
"Tanzania","TZA","08","5",2024-08-16,40,1
"Tanzania","TZA","08","6",2024-08-17,40,1
"Tanzania","TZA","08","0",2024-08-18,40,0
"Tanzania","TZA","08","1",2024-08-19,21,0
"Tanzania","TZA","08","2",2024-08-20,21,0
"Tanzania","TZA","08","3",2024-08-21,22,0
"Tanzania","TZA","08","4",2024-08-22,22,1
"Tanzania","TZA","08","5",2024-08-23,22,0
"Tanzania","TZA","08","6",2024-08-24,22,0
"Tanzania","TZA","08","0",2024-08-25,21,0
"Tanzania","TZA","08","1",2024-08-26,33,0
"Tanzania","TZA","08","2",2024-08-27,34,1
"Tanzania","TZA","08","3",2024-08-28,34,1
"Tanzania","TZA","08","4",2024-08-29,34,1
"Tanzania","TZA","08","5",2024-08-30,34,1
"Tanzania","TZA","08","6",2024-08-31,34,1
"Tanzania","TZA","09","0",2024-09-01,33,1
"Tanzania","TZA","09","1",2024-09-02,42,0
"Tanzania","TZA","09","2",2024-09-03,43,0
"Tanzania","TZA","09","3",2024-09-04,43,0
"Tanzania","TZA","09","4",2024-09-05,43,1
"Tanzania","TZA","09","5",2024-09-06,43,0
"Tanzania","TZA","09","6",2024-09-07,43,0
"Tanzania","TZA","09","0",2024-09-08,43,0
"Tanzania","TZA","09","1",2024-09-09,48,1
"Tanzania","TZA","09","2",2024-09-10,49,1
"Tanzania","TZA","09","3",2024-09-11,49,1
"Tanzania","TZA","09","4",2024-09-12,49,1
"Tanzania","TZA","09","5",2024-09-13,49,1
"Tanzania","TZA","09","6",2024-09-14,49,1
"Tanzania","TZA","09","0",2024-09-15,48,1
"Tanzania","TZA","09","1",2024-09-16,41,0
"Tanzania","TZA","09","2",2024-09-17,41,0
"Tanzania","TZA","09","3",2024-09-18,41,1
"Tanzania","TZA","09","4",2024-09-19,42,1
"Tanzania","TZA","09","5",2024-09-20,42,1
"Tanzania","TZA","09","6",2024-09-21,41,1
"Tanzania","TZA","09","0",2024-09-22,41,0
"Tanzania","TZA","09","1",2024-09-23,37,0
"Tanzania","TZA","09","2",2024-09-24,38,0
"Tanzania","TZA","09","3",2024-09-25,38,0
"Tanzania","TZA","09","4",2024-09-26,38,1
"Tanzania","TZA","09","5",2024-09-27,38,1
"Tanzania","TZA","09","6",2024-09-28,38,0
"Tanzania","TZA","09","0",2024-09-29,37,0
"Tanzania","TZA","09","1",2024-09-30,60,0
"Tanzania","TZA","10","2",2024-10-01,61,0
"Tanzania","TZA","10","3",2024-10-02,61,1
"Tanzania","TZA","10","4",2024-10-03,61,1
"Tanzania","TZA","10","5",2024-10-04,61,1
"Tanzania","TZA","10","6",2024-10-05,61,1
"Tanzania","TZA","10","0",2024-10-06,60,0
"Tanzania","TZA","10","1",2024-10-07,32,0
"Tanzania","TZA","10","2",2024-10-08,32,0
"Tanzania","TZA","10","3",2024-10-09,33,0
"Tanzania","TZA","10","4",2024-10-10,33,1
"Tanzania","TZA","10","5",2024-10-11,33,0
"Tanzania","TZA","10","6",2024-10-12,33,0
"Tanzania","TZA","10","0",2024-10-13,32,0
"Tanzania","TZA","10","1",2024-10-14,49,0
"Tanzania","TZA","10","2",2024-10-15,50,0
"Tanzania","TZA","10","3",2024-10-16,50,1
"Tanzania","TZA","10","4",2024-10-17,50,1
"Tanzania","TZA","10","5",2024-10-18,50,1
"Tanzania","TZA","10","6",2024-10-19,50,1
"Tanzania","TZA","10","0",2024-10-20,50,0
"Tanzania","TZA","10","1",2024-10-21,31,0
"Tanzania","TZA","10","2",2024-10-22,32,1
"Tanzania","TZA","10","3",2024-10-23,32,1
"Tanzania","TZA","10","4",2024-10-24,32,1
"Tanzania","TZA","10","5",2024-10-25,32,1
"Tanzania","TZA","10","6",2024-10-26,32,1
"Tanzania","TZA","10","0",2024-10-27,32,1
"Tanzania","TZA","10","1",2024-10-28,109,0
"Tanzania","TZA","10","2",2024-10-29,109,0
"Tanzania","TZA","10","3",2024-10-30,109,1
"Tanzania","TZA","10","4",2024-10-31,109,1
"Tanzania","TZA","11","5",2024-11-01,109,1
"Tanzania","TZA","11","6",2024-11-02,109,0
"Tanzania","TZA","11","0",2024-11-03,109,0
"Tanzania","TZA","11","1",2024-11-04,98,0
"Tanzania","TZA","11","2",2024-11-05,98,0
"Tanzania","TZA","11","3",2024-11-06,99,1
"Tanzania","TZA","11","4",2024-11-07,99,1
"Tanzania","TZA","11","5",2024-11-08,99,1
"Tanzania","TZA","11","6",2024-11-09,99,1
"Tanzania","TZA","11","0",2024-11-10,98,0
"Tanzania","TZA","11","1",2024-11-11,91,0
"Tanzania","TZA","11","2",2024-11-12,91,0
"Tanzania","TZA","11","3",2024-11-13,91,1
"Tanzania","TZA","11","4",2024-11-14,91,1
"Tanzania","TZA","11","5",2024-11-15,91,1
"Tanzania","TZA","11","6",2024-11-16,91,1
"Tanzania","TZA","11","0",2024-11-17,91,0
"Tanzania","TZA","11","1",2024-11-18,86,1
"Tanzania","TZA","11","2",2024-11-19,86,1
"Tanzania","TZA","11","3",2024-11-20,87,1
"Tanzania","TZA","11","4",2024-11-21,87,2
"Tanzania","TZA","11","5",2024-11-22,87,1
"Tanzania","TZA","11","6",2024-11-23,86,1
"Tanzania","TZA","11","0",2024-11-24,86,1
"Tanzania","TZA","11","1",2024-11-25,65,0
"Tanzania","TZA","11","2",2024-11-26,65,0
"Tanzania","TZA","11","3",2024-11-27,65,0
"Tanzania","TZA","11","4",2024-11-28,66,1
"Tanzania","TZA","11","5",2024-11-29,65,1
"Tanzania","TZA","11","6",2024-11-30,65,0
"Tanzania","TZA","12","0",2024-12-01,65,0
"Tanzania","TZA","12","1",2024-12-02,48,0
"Tanzania","TZA","12","2",2024-12-03,48,0
"Tanzania","TZA","12","3",2024-12-04,48,0
"Tanzania","TZA","12","4",2024-12-05,49,1
"Tanzania","TZA","12","5",2024-12-06,48,0
"Tanzania","TZA","12","6",2024-12-07,48,0
"Tanzania","TZA","12","0",2024-12-08,48,0
"Tanzania","TZA","12","1",2024-12-09,60,0
"Tanzania","TZA","12","2",2024-12-10,61,0
"Tanzania","TZA","12","3",2024-12-11,61,1
"Tanzania","TZA","12","4",2024-12-12,61,1
"Tanzania","TZA","12","5",2024-12-13,61,1
"Tanzania","TZA","12","6",2024-12-14,61,0
"Tanzania","TZA","12","0",2024-12-15,60,0
"Tanzania","TZA","12","1",2024-12-16,60,0
"Tanzania","TZA","12","2",2024-12-17,60,1
"Tanzania","TZA","12","3",2024-12-18,61,1
"Tanzania","TZA","12","4",2024-12-19,61,1
"Tanzania","TZA","12","5",2024-12-20,61,1
"Tanzania","TZA","12","6",2024-12-21,61,1
"Tanzania","TZA","12","0",2024-12-22,60,0
"Tanzania","TZA","12","1",2024-12-23,54,0
"Tanzania","TZA","12","2",2024-12-24,54,0
"Tanzania","TZA","12","3",2024-12-25,55,0
"Tanzania","TZA","12","4",2024-12-26,55,0
"Tanzania","TZA","12","5",2024-12-27,55,0
"Tanzania","TZA","12","6",2024-12-28,55,0
"Tanzania","TZA","12","0",2024-12-29,54,0
"Tanzania","TZA","12","1",2024-12-30,9,0
"Tanzania","TZA","12","2",2024-12-31,9,0
"Tanzania","TZA","01","3",2025-01-01,9,0
"Tanzania","TZA","01","4",2025-01-02,9,0
"Tanzania","TZA","01","5",2025-01-03,9,0
"Tanzania","TZA","01","6",2025-01-04,9,0
"Tanzania","TZA","01","0",2025-01-05,9,0
"Uganda","UGA","07","1",2023-07-24,6,1
"Uganda","UGA","07","2",2023-07-25,6,1
"Uganda","UGA","07","3",2023-07-26,6,1
"Uganda","UGA","07","4",2023-07-27,7,2
"Uganda","UGA","07","5",2023-07-28,6,1
"Uganda","UGA","07","6",2023-07-29,6,1
"Uganda","UGA","07","0",2023-07-30,6,1
"Uganda","UGA","07","1",2023-07-31,0,0
"Uganda","UGA","08","2",2023-08-01,0,0
"Uganda","UGA","08","3",2023-08-02,0,0
"Uganda","UGA","08","4",2023-08-03,0,0
"Uganda","UGA","08","5",2023-08-04,0,0
"Uganda","UGA","08","6",2023-08-05,0,0
"Uganda","UGA","08","0",2023-08-06,0,0
"Uganda","UGA","08","1",2023-08-07,0,0
"Uganda","UGA","08","2",2023-08-08,0,0
"Uganda","UGA","08","3",2023-08-09,0,0
"Uganda","UGA","08","4",2023-08-10,0,0
"Uganda","UGA","08","5",2023-08-11,0,0
"Uganda","UGA","08","6",2023-08-12,0,0
"Uganda","UGA","08","0",2023-08-13,0,0
"Uganda","UGA","08","1",2023-08-14,4,0
"Uganda","UGA","08","2",2023-08-15,5,0
"Uganda","UGA","08","3",2023-08-16,5,0
"Uganda","UGA","08","4",2023-08-17,5,1
"Uganda","UGA","08","5",2023-08-18,5,0
"Uganda","UGA","08","6",2023-08-19,5,0
"Uganda","UGA","08","0",2023-08-20,5,0
"Uganda","UGA","08","1",2023-08-21,0,0
"Uganda","UGA","08","2",2023-08-22,0,0
"Uganda","UGA","08","3",2023-08-23,0,0
"Uganda","UGA","08","4",2023-08-24,0,1
"Uganda","UGA","08","5",2023-08-25,0,0
"Uganda","UGA","08","6",2023-08-26,0,0
"Uganda","UGA","08","0",2023-08-27,0,0
"Uganda","UGA","08","1",2023-08-28,0,0
"Uganda","UGA","08","2",2023-08-29,0,0
"Uganda","UGA","08","3",2023-08-30,1,0
"Uganda","UGA","08","4",2023-08-31,1,0
"Uganda","UGA","09","5",2023-09-01,1,0
"Uganda","UGA","09","6",2023-09-02,1,0
"Uganda","UGA","09","0",2023-09-03,0,0
"Uganda","UGA","09","1",2023-09-04,0,0
"Uganda","UGA","09","2",2023-09-05,0,0
"Uganda","UGA","09","3",2023-09-06,0,0
"Uganda","UGA","09","4",2023-09-07,0,0
"Uganda","UGA","09","5",2023-09-08,0,0
"Uganda","UGA","09","6",2023-09-09,0,0
"Uganda","UGA","09","0",2023-09-10,0,0
"Uganda","UGA","09","1",2023-09-11,0,0
"Uganda","UGA","09","2",2023-09-12,0,0
"Uganda","UGA","09","3",2023-09-13,0,0
"Uganda","UGA","09","4",2023-09-14,0,0
"Uganda","UGA","09","5",2023-09-15,0,0
"Uganda","UGA","09","6",2023-09-16,0,0
"Uganda","UGA","09","0",2023-09-17,0,0
"Uganda","UGA","09","1",2023-09-18,0,0
"Uganda","UGA","09","2",2023-09-19,0,0
"Uganda","UGA","09","3",2023-09-20,0,0
"Uganda","UGA","09","4",2023-09-21,0,0
"Uganda","UGA","09","5",2023-09-22,0,0
"Uganda","UGA","09","6",2023-09-23,0,0
"Uganda","UGA","09","0",2023-09-24,0,0
"Uganda","UGA","09","1",2023-09-25,0,0
"Uganda","UGA","09","2",2023-09-26,0,0
"Uganda","UGA","09","3",2023-09-27,0,0
"Uganda","UGA","09","4",2023-09-28,0,0
"Uganda","UGA","09","5",2023-09-29,0,0
"Uganda","UGA","09","6",2023-09-30,0,0
"Uganda","UGA","10","0",2023-10-01,0,0
"Uganda","UGA","10","1",2023-10-02,0,0
"Uganda","UGA","10","2",2023-10-03,0,0
"Uganda","UGA","10","3",2023-10-04,0,0
"Uganda","UGA","10","4",2023-10-05,0,0
"Uganda","UGA","10","5",2023-10-06,0,0
"Uganda","UGA","10","6",2023-10-07,0,0
"Uganda","UGA","10","0",2023-10-08,0,0
"Uganda","UGA","10","1",2023-10-09,0,0
"Uganda","UGA","10","2",2023-10-10,0,0
"Uganda","UGA","10","3",2023-10-11,0,0
"Uganda","UGA","10","4",2023-10-12,0,0
"Uganda","UGA","10","5",2023-10-13,0,0
"Uganda","UGA","10","6",2023-10-14,0,0
"Uganda","UGA","10","0",2023-10-15,0,0
"Uganda","UGA","10","1",2023-10-16,0,0
"Uganda","UGA","10","2",2023-10-17,0,0
"Uganda","UGA","10","3",2023-10-18,0,0
"Uganda","UGA","10","4",2023-10-19,0,0
"Uganda","UGA","10","5",2023-10-20,0,0
"Uganda","UGA","10","6",2023-10-21,0,0
"Uganda","UGA","10","0",2023-10-22,0,0
"Uganda","UGA","10","1",2023-10-23,0,0
"Uganda","UGA","10","2",2023-10-24,0,0
"Uganda","UGA","10","3",2023-10-25,0,0
"Uganda","UGA","10","4",2023-10-26,0,0
"Uganda","UGA","10","5",2023-10-27,0,0
"Uganda","UGA","10","6",2023-10-28,0,0
"Uganda","UGA","10","0",2023-10-29,0,0
"Uganda","UGA","10","1",2023-10-30,0,0
"Uganda","UGA","10","2",2023-10-31,0,0
"Uganda","UGA","11","3",2023-11-01,0,0
"Uganda","UGA","11","4",2023-11-02,0,0
"Uganda","UGA","11","5",2023-11-03,0,0
"Uganda","UGA","11","6",2023-11-04,0,0
"Uganda","UGA","11","0",2023-11-05,0,0
"Uganda","UGA","11","1",2023-11-06,0,0
"Uganda","UGA","11","2",2023-11-07,0,0
"Uganda","UGA","11","3",2023-11-08,0,0
"Uganda","UGA","11","4",2023-11-09,0,0
"Uganda","UGA","11","5",2023-11-10,0,0
"Uganda","UGA","11","6",2023-11-11,0,0
"Uganda","UGA","11","0",2023-11-12,0,0
"Uganda","UGA","11","1",2023-11-13,0,0
"Uganda","UGA","11","2",2023-11-14,0,0
"Uganda","UGA","11","3",2023-11-15,0,0
"Uganda","UGA","11","4",2023-11-16,0,0
"Uganda","UGA","11","5",2023-11-17,0,0
"Uganda","UGA","11","6",2023-11-18,0,0
"Uganda","UGA","11","0",2023-11-19,0,0
"Uganda","UGA","11","1",2023-11-20,0,0
"Uganda","UGA","11","2",2023-11-21,0,0
"Uganda","UGA","11","3",2023-11-22,0,0
"Uganda","UGA","11","4",2023-11-23,0,0
"Uganda","UGA","11","5",2023-11-24,0,0
"Uganda","UGA","11","6",2023-11-25,0,0
"Uganda","UGA","11","0",2023-11-26,0,0
"Uganda","UGA","11","1",2023-11-27,0,0
"Uganda","UGA","11","2",2023-11-28,0,0
"Uganda","UGA","11","3",2023-11-29,0,0
"Uganda","UGA","11","4",2023-11-30,0,0
"Uganda","UGA","12","5",2023-12-01,0,0
"Uganda","UGA","12","6",2023-12-02,0,0
"Uganda","UGA","12","0",2023-12-03,0,0
"Uganda","UGA","12","1",2023-12-04,0,0
"Uganda","UGA","12","2",2023-12-05,0,0
"Uganda","UGA","12","3",2023-12-06,0,0
"Uganda","UGA","12","4",2023-12-07,0,0
"Uganda","UGA","12","5",2023-12-08,0,0
"Uganda","UGA","12","6",2023-12-09,0,0
"Uganda","UGA","12","0",2023-12-10,0,0
"Uganda","UGA","12","1",2023-12-11,0,0
"Uganda","UGA","12","2",2023-12-12,0,0
"Uganda","UGA","12","3",2023-12-13,0,0
"Uganda","UGA","12","4",2023-12-14,0,0
"Uganda","UGA","12","5",2023-12-15,0,0
"Uganda","UGA","12","6",2023-12-16,0,0
"Uganda","UGA","12","0",2023-12-17,0,0
"Uganda","UGA","12","1",2023-12-18,0,0
"Uganda","UGA","12","2",2023-12-19,0,0
"Uganda","UGA","12","3",2023-12-20,0,0
"Uganda","UGA","12","4",2023-12-21,0,0
"Uganda","UGA","12","5",2023-12-22,0,0
"Uganda","UGA","12","6",2023-12-23,0,0
"Uganda","UGA","12","0",2023-12-24,0,0
"Uganda","UGA","12","1",2023-12-25,0,0
"Uganda","UGA","12","2",2023-12-26,0,0
"Uganda","UGA","12","3",2023-12-27,0,0
"Uganda","UGA","12","4",2023-12-28,0,0
"Uganda","UGA","12","5",2023-12-29,0,0
"Uganda","UGA","12","6",2023-12-30,0,0
"Uganda","UGA","12","0",2023-12-31,0,0
"Uganda","UGA","01","1",2024-01-01,0,0
"Uganda","UGA","01","2",2024-01-02,0,0
"Uganda","UGA","01","3",2024-01-03,0,0
"Uganda","UGA","01","4",2024-01-04,0,0
"Uganda","UGA","01","5",2024-01-05,0,0
"Uganda","UGA","01","6",2024-01-06,0,0
"Uganda","UGA","01","0",2024-01-07,0,0
"Uganda","UGA","01","1",2024-01-08,0,0
"Uganda","UGA","01","2",2024-01-09,0,0
"Uganda","UGA","01","3",2024-01-10,0,0
"Uganda","UGA","01","4",2024-01-11,0,0
"Uganda","UGA","01","5",2024-01-12,0,0
"Uganda","UGA","01","6",2024-01-13,0,0
"Uganda","UGA","01","0",2024-01-14,0,0
"Uganda","UGA","01","1",2024-01-15,0,0
"Uganda","UGA","01","2",2024-01-16,0,0
"Uganda","UGA","01","3",2024-01-17,0,0
"Uganda","UGA","01","4",2024-01-18,0,0
"Uganda","UGA","01","5",2024-01-19,0,0
"Uganda","UGA","01","6",2024-01-20,0,0
"Uganda","UGA","01","0",2024-01-21,0,0
"Uganda","UGA","01","1",2024-01-22,0,0
"Uganda","UGA","01","2",2024-01-23,0,0
"Uganda","UGA","01","3",2024-01-24,0,0
"Uganda","UGA","01","4",2024-01-25,0,0
"Uganda","UGA","01","5",2024-01-26,0,0
"Uganda","UGA","01","6",2024-01-27,0,0
"Uganda","UGA","01","0",2024-01-28,0,0
"Uganda","UGA","01","1",2024-01-29,0,0
"Uganda","UGA","01","2",2024-01-30,1,0
"Uganda","UGA","01","3",2024-01-31,1,0
"Uganda","UGA","02","4",2024-02-01,1,1
"Uganda","UGA","02","5",2024-02-02,1,0
"Uganda","UGA","02","6",2024-02-03,1,0
"Uganda","UGA","02","0",2024-02-04,1,0
"Uganda","UGA","02","1",2024-02-05,0,0
"Uganda","UGA","02","2",2024-02-06,0,0
"Uganda","UGA","02","3",2024-02-07,0,0
"Uganda","UGA","02","4",2024-02-08,0,0
"Uganda","UGA","02","5",2024-02-09,0,0
"Uganda","UGA","02","6",2024-02-10,0,0
"Uganda","UGA","02","0",2024-02-11,0,0
"Uganda","UGA","02","1",2024-02-12,0,0
"Uganda","UGA","02","2",2024-02-13,0,0
"Uganda","UGA","02","3",2024-02-14,0,0
"Uganda","UGA","02","4",2024-02-15,0,0
"Uganda","UGA","02","5",2024-02-16,0,0
"Uganda","UGA","02","6",2024-02-17,0,0
"Uganda","UGA","02","0",2024-02-18,0,0
"Uganda","UGA","02","1",2024-02-19,0,0
"Uganda","UGA","02","2",2024-02-20,0,0
"Uganda","UGA","02","3",2024-02-21,0,0
"Uganda","UGA","02","4",2024-02-22,0,0
"Uganda","UGA","02","5",2024-02-23,0,0
"Uganda","UGA","02","6",2024-02-24,0,0
"Uganda","UGA","02","0",2024-02-25,0,0
"Uganda","UGA","02","1",2024-02-26,0,0
"Uganda","UGA","02","2",2024-02-27,0,0
"Uganda","UGA","02","3",2024-02-28,0,0
"Uganda","UGA","02","4",2024-02-29,0,0
"Uganda","UGA","03","5",2024-03-01,0,0
"Uganda","UGA","03","6",2024-03-02,0,0
"Uganda","UGA","03","0",2024-03-03,0,0
"Uganda","UGA","03","1",2024-03-04,0,0
"Uganda","UGA","03","2",2024-03-05,0,0
"Uganda","UGA","03","3",2024-03-06,0,0
"Uganda","UGA","03","4",2024-03-07,0,0
"Uganda","UGA","03","5",2024-03-08,0,0
"Uganda","UGA","03","6",2024-03-09,0,0
"Uganda","UGA","03","0",2024-03-10,0,0
"Uganda","UGA","03","1",2024-03-11,3,0
"Uganda","UGA","03","2",2024-03-12,4,0
"Uganda","UGA","03","3",2024-03-13,4,0
"Uganda","UGA","03","4",2024-03-14,4,0
"Uganda","UGA","03","5",2024-03-15,4,0
"Uganda","UGA","03","6",2024-03-16,4,0
"Uganda","UGA","03","0",2024-03-17,3,0
"Uganda","UGA","03","1",2024-03-18,0,0
"Uganda","UGA","03","2",2024-03-19,0,0
"Uganda","UGA","03","3",2024-03-20,0,0
"Uganda","UGA","03","4",2024-03-21,0,0
"Uganda","UGA","03","5",2024-03-22,0,0
"Uganda","UGA","03","6",2024-03-23,0,0
"Uganda","UGA","03","0",2024-03-24,0,0
"Uganda","UGA","03","1",2024-03-25,0,0
"Uganda","UGA","03","2",2024-03-26,0,0
"Uganda","UGA","03","3",2024-03-27,0,0
"Uganda","UGA","03","4",2024-03-28,0,0
"Uganda","UGA","03","5",2024-03-29,0,0
"Uganda","UGA","03","6",2024-03-30,0,0
"Uganda","UGA","03","0",2024-03-31,0,0
"Uganda","UGA","04","1",2024-04-01,0,0
"Uganda","UGA","04","2",2024-04-02,0,0
"Uganda","UGA","04","3",2024-04-03,0,0
"Uganda","UGA","04","4",2024-04-04,0,0
"Uganda","UGA","04","5",2024-04-05,0,0
"Uganda","UGA","04","6",2024-04-06,0,0
"Uganda","UGA","04","0",2024-04-07,0,0
"Uganda","UGA","04","1",2024-04-08,0,0
"Uganda","UGA","04","2",2024-04-09,0,0
"Uganda","UGA","04","3",2024-04-10,0,0
"Uganda","UGA","04","4",2024-04-11,0,0
"Uganda","UGA","04","5",2024-04-12,0,0
"Uganda","UGA","04","6",2024-04-13,0,0
"Uganda","UGA","04","0",2024-04-14,0,0
"Uganda","UGA","04","1",2024-04-15,0,0
"Uganda","UGA","04","2",2024-04-16,0,0
"Uganda","UGA","04","3",2024-04-17,0,0
"Uganda","UGA","04","4",2024-04-18,0,0
"Uganda","UGA","04","5",2024-04-19,0,0
"Uganda","UGA","04","6",2024-04-20,0,0
"Uganda","UGA","04","0",2024-04-21,0,0
"Uganda","UGA","04","1",2024-04-22,0,0
"Uganda","UGA","04","2",2024-04-23,0,0
"Uganda","UGA","04","3",2024-04-24,0,0
"Uganda","UGA","04","4",2024-04-25,0,0
"Uganda","UGA","04","5",2024-04-26,0,0
"Uganda","UGA","04","6",2024-04-27,0,0
"Uganda","UGA","04","0",2024-04-28,0,0
"Uganda","UGA","04","1",2024-04-29,2,0
"Uganda","UGA","04","2",2024-04-30,2,0
"Uganda","UGA","05","3",2024-05-01,2,0
"Uganda","UGA","05","4",2024-05-02,2,1
"Uganda","UGA","05","5",2024-05-03,2,0
"Uganda","UGA","05","6",2024-05-04,2,0
"Uganda","UGA","05","0",2024-05-05,2,0
"Uganda","UGA","05","1",2024-05-06,0,0
"Uganda","UGA","05","2",2024-05-07,0,0
"Uganda","UGA","05","3",2024-05-08,0,0
"Uganda","UGA","05","4",2024-05-09,0,0
"Uganda","UGA","05","5",2024-05-10,0,0
"Uganda","UGA","05","6",2024-05-11,0,0
"Uganda","UGA","05","0",2024-05-12,0,0
"Uganda","UGA","05","1",2024-05-13,6,0
"Uganda","UGA","05","2",2024-05-14,6,0
"Uganda","UGA","05","3",2024-05-15,6,1
"Uganda","UGA","05","4",2024-05-16,7,1
"Uganda","UGA","05","5",2024-05-17,6,1
"Uganda","UGA","05","6",2024-05-18,6,0
"Uganda","UGA","05","0",2024-05-19,6,0
"Uganda","UGA","05","1",2024-05-20,0,0
"Uganda","UGA","05","2",2024-05-21,0,0
"Uganda","UGA","05","3",2024-05-22,0,0
"Uganda","UGA","05","4",2024-05-23,0,0
"Uganda","UGA","05","5",2024-05-24,0,0
"Uganda","UGA","05","6",2024-05-25,0,0
"Uganda","UGA","05","0",2024-05-26,0,0
"Uganda","UGA","05","1",2024-05-27,0,0
"Uganda","UGA","05","2",2024-05-28,0,0
"Uganda","UGA","05","3",2024-05-29,0,0
"Uganda","UGA","05","4",2024-05-30,0,0
"Uganda","UGA","05","5",2024-05-31,0,0
"Uganda","UGA","06","6",2024-06-01,0,0
"Uganda","UGA","06","0",2024-06-02,0,0
"Uganda","UGA","06","1",2024-06-03,0,0
"Uganda","UGA","06","2",2024-06-04,0,0
"Uganda","UGA","06","3",2024-06-05,0,0
"Uganda","UGA","06","4",2024-06-06,0,0
"Uganda","UGA","06","5",2024-06-07,0,0
"Uganda","UGA","06","6",2024-06-08,0,0
"Uganda","UGA","06","0",2024-06-09,0,0
"Uganda","UGA","06","1",2024-06-10,0,0
"Uganda","UGA","06","2",2024-06-11,0,0
"Uganda","UGA","06","3",2024-06-12,0,0
"Uganda","UGA","06","4",2024-06-13,0,0
"Uganda","UGA","06","5",2024-06-14,0,0
"Uganda","UGA","06","6",2024-06-15,0,0
"Uganda","UGA","06","0",2024-06-16,0,0
"Uganda","UGA","06","1",2024-06-17,0,0
"Uganda","UGA","06","2",2024-06-18,0,0
"Uganda","UGA","06","3",2024-06-19,0,0
"Uganda","UGA","06","4",2024-06-20,0,0
"Uganda","UGA","06","5",2024-06-21,0,0
"Uganda","UGA","06","6",2024-06-22,0,0
"Uganda","UGA","06","0",2024-06-23,0,0
"Uganda","UGA","06","1",2024-06-24,0,0
"Uganda","UGA","06","2",2024-06-25,0,0
"Uganda","UGA","06","3",2024-06-26,0,0
"Uganda","UGA","06","4",2024-06-27,0,0
"Uganda","UGA","06","5",2024-06-28,0,0
"Uganda","UGA","06","6",2024-06-29,0,0
"Uganda","UGA","06","0",2024-06-30,0,0
"Uganda","UGA","07","1",2024-07-01,0,0
"Uganda","UGA","07","2",2024-07-02,0,0
"Uganda","UGA","07","3",2024-07-03,0,0
"Uganda","UGA","07","4",2024-07-04,0,0
"Uganda","UGA","07","5",2024-07-05,0,0
"Uganda","UGA","07","6",2024-07-06,0,0
"Uganda","UGA","07","0",2024-07-07,0,0
"Uganda","UGA","07","1",2024-07-08,0,0
"Uganda","UGA","07","2",2024-07-09,0,0
"Uganda","UGA","07","3",2024-07-10,0,0
"Uganda","UGA","07","4",2024-07-11,0,0
"Uganda","UGA","07","5",2024-07-12,0,0
"Uganda","UGA","07","6",2024-07-13,0,0
"Uganda","UGA","07","0",2024-07-14,0,0
"Uganda","UGA","07","1",2024-07-15,0,0
"Uganda","UGA","07","2",2024-07-16,0,0
"Uganda","UGA","07","3",2024-07-17,0,0
"Uganda","UGA","07","4",2024-07-18,0,0
"Uganda","UGA","07","5",2024-07-19,0,0
"Uganda","UGA","07","6",2024-07-20,0,0
"Uganda","UGA","07","0",2024-07-21,0,0
"Uganda","UGA","07","1",2024-07-22,0,0
"Uganda","UGA","07","2",2024-07-23,0,0
"Uganda","UGA","07","3",2024-07-24,0,0
"Uganda","UGA","07","4",2024-07-25,0,0
"Uganda","UGA","07","5",2024-07-26,0,0
"Uganda","UGA","07","6",2024-07-27,0,0
"Uganda","UGA","07","0",2024-07-28,0,0
"Uganda","UGA","07","1",2024-07-29,0,0
"Uganda","UGA","07","2",2024-07-30,0,0
"Uganda","UGA","07","3",2024-07-31,0,0
"Uganda","UGA","08","4",2024-08-01,0,0
"Uganda","UGA","08","5",2024-08-02,0,0
"Uganda","UGA","08","6",2024-08-03,0,0
"Uganda","UGA","08","0",2024-08-04,0,0
"Uganda","UGA","08","1",2024-08-05,0,0
"Uganda","UGA","08","2",2024-08-06,0,0
"Uganda","UGA","08","3",2024-08-07,0,0
"Uganda","UGA","08","4",2024-08-08,0,0
"Uganda","UGA","08","5",2024-08-09,0,0
"Uganda","UGA","08","6",2024-08-10,0,0
"Uganda","UGA","08","0",2024-08-11,0,0
"Uganda","UGA","08","1",2024-08-12,0,0
"Uganda","UGA","08","2",2024-08-13,0,0
"Uganda","UGA","08","3",2024-08-14,0,0
"Uganda","UGA","08","4",2024-08-15,0,0
"Uganda","UGA","08","5",2024-08-16,0,0
"Uganda","UGA","08","6",2024-08-17,0,0
"Uganda","UGA","08","0",2024-08-18,0,0
"Uganda","UGA","08","1",2024-08-19,0,0
"Uganda","UGA","08","2",2024-08-20,0,0
"Uganda","UGA","08","3",2024-08-21,0,0
"Uganda","UGA","08","4",2024-08-22,0,0
"Uganda","UGA","08","5",2024-08-23,0,0
"Uganda","UGA","08","6",2024-08-24,0,0
"Uganda","UGA","08","0",2024-08-25,0,0
"Uganda","UGA","08","1",2024-08-26,0,0
"Uganda","UGA","08","2",2024-08-27,0,0
"Uganda","UGA","08","3",2024-08-28,0,0
"Uganda","UGA","08","4",2024-08-29,0,0
"Uganda","UGA","08","5",2024-08-30,0,0
"Uganda","UGA","08","6",2024-08-31,0,0
"Uganda","UGA","09","0",2024-09-01,0,0
"Uganda","UGA","09","1",2024-09-02,0,0
"Uganda","UGA","09","2",2024-09-03,0,0
"Uganda","UGA","09","3",2024-09-04,0,0
"Uganda","UGA","09","4",2024-09-05,0,0
"Uganda","UGA","09","5",2024-09-06,0,0
"Uganda","UGA","09","6",2024-09-07,0,0
"Uganda","UGA","09","0",2024-09-08,0,0
"Uganda","UGA","09","1",2024-09-09,0,0
"Uganda","UGA","09","2",2024-09-10,0,0
"Uganda","UGA","09","3",2024-09-11,0,0
"Uganda","UGA","09","4",2024-09-12,0,0
"Uganda","UGA","09","5",2024-09-13,0,0
"Uganda","UGA","09","6",2024-09-14,0,0
"Uganda","UGA","09","0",2024-09-15,0,0
"Uganda","UGA","09","1",2024-09-16,0,0
"Uganda","UGA","09","2",2024-09-17,0,0
"Uganda","UGA","09","3",2024-09-18,0,0
"Uganda","UGA","09","4",2024-09-19,0,0
"Uganda","UGA","09","5",2024-09-20,0,0
"Uganda","UGA","09","6",2024-09-21,0,0
"Uganda","UGA","09","0",2024-09-22,0,0
"Uganda","UGA","09","1",2024-09-23,0,0
"Uganda","UGA","09","2",2024-09-24,0,0
"Uganda","UGA","09","3",2024-09-25,0,0
"Uganda","UGA","09","4",2024-09-26,0,0
"Uganda","UGA","09","5",2024-09-27,0,0
"Uganda","UGA","09","6",2024-09-28,0,0
"Uganda","UGA","09","0",2024-09-29,0,0
"Uganda","UGA","09","1",2024-09-30,0,0
"Uganda","UGA","10","2",2024-10-01,0,0
"Uganda","UGA","10","3",2024-10-02,0,0
"Uganda","UGA","10","4",2024-10-03,0,0
"Uganda","UGA","10","5",2024-10-04,0,0
"Uganda","UGA","10","6",2024-10-05,0,0
"Uganda","UGA","10","0",2024-10-06,0,0
"Uganda","UGA","10","1",2024-10-07,0,0
"Uganda","UGA","10","2",2024-10-08,0,0
"Uganda","UGA","10","3",2024-10-09,0,0
"Uganda","UGA","10","4",2024-10-10,0,0
"Uganda","UGA","10","5",2024-10-11,0,0
"Uganda","UGA","10","6",2024-10-12,0,0
"Uganda","UGA","10","0",2024-10-13,0,0
"Uganda","UGA","10","1",2024-10-14,0,0
"Uganda","UGA","10","2",2024-10-15,0,0
"Uganda","UGA","10","3",2024-10-16,0,0
"Uganda","UGA","10","4",2024-10-17,0,0
"Uganda","UGA","10","5",2024-10-18,0,0
"Uganda","UGA","10","6",2024-10-19,0,0
"Uganda","UGA","10","0",2024-10-20,0,0
"Uganda","UGA","10","1",2024-10-21,0,0
"Uganda","UGA","10","2",2024-10-22,0,0
"Uganda","UGA","10","3",2024-10-23,0,0
"Uganda","UGA","10","4",2024-10-24,0,0
"Uganda","UGA","10","5",2024-10-25,0,0
"Uganda","UGA","10","6",2024-10-26,0,0
"Uganda","UGA","10","0",2024-10-27,0,0
"Uganda","UGA","10","1",2024-10-28,0,0
"Uganda","UGA","10","2",2024-10-29,0,0
"Uganda","UGA","10","3",2024-10-30,0,0
"Uganda","UGA","10","4",2024-10-31,0,0
"Uganda","UGA","11","5",2024-11-01,0,0
"Uganda","UGA","11","6",2024-11-02,0,0
"Uganda","UGA","11","0",2024-11-03,0,0
"Uganda","UGA","11","1",2024-11-04,0,0
"Uganda","UGA","11","2",2024-11-05,0,0
"Uganda","UGA","11","3",2024-11-06,0,0
"Uganda","UGA","11","4",2024-11-07,0,0
"Uganda","UGA","11","5",2024-11-08,0,0
"Uganda","UGA","11","6",2024-11-09,0,0
"Uganda","UGA","11","0",2024-11-10,0,0
"Uganda","UGA","11","1",2024-11-11,0,0
"Uganda","UGA","11","2",2024-11-12,0,0
"Uganda","UGA","11","3",2024-11-13,0,0
"Uganda","UGA","11","4",2024-11-14,0,0
"Uganda","UGA","11","5",2024-11-15,0,0
"Uganda","UGA","11","6",2024-11-16,0,0
"Uganda","UGA","11","0",2024-11-17,0,0
"Uganda","UGA","11","1",2024-11-18,1,0
"Uganda","UGA","11","2",2024-11-19,1,0
"Uganda","UGA","11","3",2024-11-20,1,0
"Uganda","UGA","11","4",2024-11-21,1,0
"Uganda","UGA","11","5",2024-11-22,1,0
"Uganda","UGA","11","6",2024-11-23,1,0
"Uganda","UGA","11","0",2024-11-24,1,0
"Uganda","UGA","11","1",2024-11-25,0,0
"Uganda","UGA","11","2",2024-11-26,0,0
"Uganda","UGA","11","3",2024-11-27,0,0
"Uganda","UGA","11","4",2024-11-28,0,0
"Uganda","UGA","11","5",2024-11-29,0,0
"Uganda","UGA","11","6",2024-11-30,0,0
"Uganda","UGA","12","0",2024-12-01,0,0
"Uganda","UGA","12","1",2024-12-02,0,0
"Uganda","UGA","12","2",2024-12-03,0,0
"Uganda","UGA","12","3",2024-12-04,0,0
"Uganda","UGA","12","4",2024-12-05,0,0
"Uganda","UGA","12","5",2024-12-06,0,0
"Uganda","UGA","12","6",2024-12-07,0,0
"Uganda","UGA","12","0",2024-12-08,0,0
"Uganda","UGA","12","1",2024-12-09,0,0
"Uganda","UGA","12","2",2024-12-10,0,0
"Uganda","UGA","12","3",2024-12-11,0,0
"Uganda","UGA","12","4",2024-12-12,0,0
"Uganda","UGA","12","5",2024-12-13,0,0
"Uganda","UGA","12","6",2024-12-14,0,0
"Uganda","UGA","12","0",2024-12-15,0,0
"Uganda","UGA","12","1",2024-12-16,0,0
"Uganda","UGA","12","2",2024-12-17,0,0
"Uganda","UGA","12","3",2024-12-18,0,0
"Uganda","UGA","12","4",2024-12-19,0,0
"Uganda","UGA","12","5",2024-12-20,0,0
"Uganda","UGA","12","6",2024-12-21,0,0
"Uganda","UGA","12","0",2024-12-22,0,0
"Uganda","UGA","12","1",2024-12-23,0,0
"Uganda","UGA","12","2",2024-12-24,0,0
"Uganda","UGA","12","3",2024-12-25,0,0
"Uganda","UGA","12","4",2024-12-26,0,0
"Uganda","UGA","12","5",2024-12-27,0,0
"Uganda","UGA","12","6",2024-12-28,0,0
"Uganda","UGA","12","0",2024-12-29,0,0
"Uganda","UGA","12","1",2024-12-30,0,0
"Uganda","UGA","12","2",2024-12-31,0,0
"Uganda","UGA","01","3",2025-01-01,0,0
"Uganda","UGA","01","4",2025-01-02,0,0
"Uganda","UGA","01","5",2025-01-03,0,0
"Uganda","UGA","01","6",2025-01-04,0,0
"Uganda","UGA","01","0",2025-01-05,0,0
"Uganda","UGA","01","1",2025-01-06,8,0
"Uganda","UGA","01","2",2025-01-07,8,0
"Uganda","UGA","01","3",2025-01-08,9,0
"Uganda","UGA","01","4",2025-01-09,9,1
"Uganda","UGA","01","5",2025-01-10,9,0
"Uganda","UGA","01","6",2025-01-11,9,0
"Uganda","UGA","01","0",2025-01-12,8,0
"Uganda","UGA","01","1",2025-01-13,2,0
"Uganda","UGA","01","2",2025-01-14,3,0
"Uganda","UGA","01","3",2025-01-15,3,0
"Uganda","UGA","01","4",2025-01-16,3,0
"Uganda","UGA","01","5",2025-01-17,3,0
"Uganda","UGA","01","6",2025-01-18,3,0
"Uganda","UGA","01","0",2025-01-19,3,0
"South Africa","ZAF","08","1",2023-08-28,198,6
"South Africa","ZAF","08","2",2023-08-29,198,7
"South Africa","ZAF","08","3",2023-08-30,199,7
"South Africa","ZAF","08","4",2023-08-31,199,7
"South Africa","ZAF","09","5",2023-09-01,199,7
"South Africa","ZAF","09","6",2023-09-02,199,7
"South Africa","ZAF","09","0",2023-09-03,198,6
"South Africa","ZAF","09","1",2023-09-04,0,0
"South Africa","ZAF","09","2",2023-09-05,0,0
"South Africa","ZAF","09","3",2023-09-06,0,0
"South Africa","ZAF","09","4",2023-09-07,0,0
"South Africa","ZAF","09","5",2023-09-08,0,0
"South Africa","ZAF","09","6",2023-09-09,0,0
"South Africa","ZAF","09","0",2023-09-10,0,0
"South Africa","ZAF","09","1",2023-09-11,0,0
"South Africa","ZAF","09","2",2023-09-12,0,0
"South Africa","ZAF","09","3",2023-09-13,0,0
"South Africa","ZAF","09","4",2023-09-14,0,0
"South Africa","ZAF","09","5",2023-09-15,0,0
"South Africa","ZAF","09","6",2023-09-16,0,0
"South Africa","ZAF","09","0",2023-09-17,0,0
"South Africa","ZAF","09","1",2023-09-18,0,0
"South Africa","ZAF","09","2",2023-09-19,0,0
"South Africa","ZAF","09","3",2023-09-20,0,0
"South Africa","ZAF","09","4",2023-09-21,0,0
"South Africa","ZAF","09","5",2023-09-22,0,0
"South Africa","ZAF","09","6",2023-09-23,0,0
"South Africa","ZAF","09","0",2023-09-24,0,0
"South Africa","ZAF","09","1",2023-09-25,0,0
"South Africa","ZAF","09","2",2023-09-26,0,0
"South Africa","ZAF","09","3",2023-09-27,0,0
"South Africa","ZAF","09","4",2023-09-28,0,0
"South Africa","ZAF","09","5",2023-09-29,0,0
"South Africa","ZAF","09","6",2023-09-30,0,0
"South Africa","ZAF","10","0",2023-10-01,0,0
"South Africa","ZAF","10","1",2023-10-02,0,0
"South Africa","ZAF","10","2",2023-10-03,0,0
"South Africa","ZAF","10","3",2023-10-04,0,0
"South Africa","ZAF","10","4",2023-10-05,0,0
"South Africa","ZAF","10","5",2023-10-06,0,0
"South Africa","ZAF","10","6",2023-10-07,0,0
"South Africa","ZAF","10","0",2023-10-08,0,0
"South Africa","ZAF","10","1",2023-10-09,0,0
"South Africa","ZAF","10","2",2023-10-10,0,0
"South Africa","ZAF","10","3",2023-10-11,0,0
"South Africa","ZAF","10","4",2023-10-12,0,0
"South Africa","ZAF","10","5",2023-10-13,0,0
"South Africa","ZAF","10","6",2023-10-14,0,0
"South Africa","ZAF","10","0",2023-10-15,0,0
"South Africa","ZAF","10","1",2023-10-16,0,0
"South Africa","ZAF","10","2",2023-10-17,0,0
"South Africa","ZAF","10","3",2023-10-18,0,0
"South Africa","ZAF","10","4",2023-10-19,0,0
"South Africa","ZAF","10","5",2023-10-20,0,0
"South Africa","ZAF","10","6",2023-10-21,0,0
"South Africa","ZAF","10","0",2023-10-22,0,0
"South Africa","ZAF","10","1",2023-10-23,0,0
"South Africa","ZAF","10","2",2023-10-24,0,0
"South Africa","ZAF","10","3",2023-10-25,0,0
"South Africa","ZAF","10","4",2023-10-26,0,0
"South Africa","ZAF","10","5",2023-10-27,0,0
"South Africa","ZAF","10","6",2023-10-28,0,0
"South Africa","ZAF","10","0",2023-10-29,0,0
"South Africa","ZAF","10","1",2023-10-30,0,0
"South Africa","ZAF","10","2",2023-10-31,0,0
"South Africa","ZAF","11","3",2023-11-01,0,0
"South Africa","ZAF","11","4",2023-11-02,0,0
"South Africa","ZAF","11","5",2023-11-03,0,0
"South Africa","ZAF","11","6",2023-11-04,0,0
"South Africa","ZAF","11","0",2023-11-05,0,0
"South Africa","ZAF","11","1",2023-11-06,0,0
"South Africa","ZAF","11","2",2023-11-07,0,0
"South Africa","ZAF","11","3",2023-11-08,0,0
"South Africa","ZAF","11","4",2023-11-09,0,0
"South Africa","ZAF","11","5",2023-11-10,0,0
"South Africa","ZAF","11","6",2023-11-11,0,0
"South Africa","ZAF","11","0",2023-11-12,0,0
"South Africa","ZAF","11","1",2023-11-13,0,0
"South Africa","ZAF","11","2",2023-11-14,0,0
"South Africa","ZAF","11","3",2023-11-15,0,0
"South Africa","ZAF","11","4",2023-11-16,0,0
"South Africa","ZAF","11","5",2023-11-17,0,0
"South Africa","ZAF","11","6",2023-11-18,0,0
"South Africa","ZAF","11","0",2023-11-19,0,0
"South Africa","ZAF","11","1",2023-11-20,0,0
"South Africa","ZAF","11","2",2023-11-21,0,0
"South Africa","ZAF","11","3",2023-11-22,0,0
"South Africa","ZAF","11","4",2023-11-23,0,0
"South Africa","ZAF","11","5",2023-11-24,0,0
"South Africa","ZAF","11","6",2023-11-25,0,0
"South Africa","ZAF","11","0",2023-11-26,0,0
"South Africa","ZAF","11","1",2023-11-27,0,0
"South Africa","ZAF","11","2",2023-11-28,0,0
"South Africa","ZAF","11","3",2023-11-29,0,0
"South Africa","ZAF","11","4",2023-11-30,0,0
"South Africa","ZAF","12","5",2023-12-01,0,0
"South Africa","ZAF","12","6",2023-12-02,0,0
"South Africa","ZAF","12","0",2023-12-03,0,0
"South Africa","ZAF","12","1",2023-12-04,0,0
"South Africa","ZAF","12","2",2023-12-05,0,0
"South Africa","ZAF","12","3",2023-12-06,0,0
"South Africa","ZAF","12","4",2023-12-07,1,0
"South Africa","ZAF","12","5",2023-12-08,0,0
"South Africa","ZAF","12","6",2023-12-09,0,0
"South Africa","ZAF","12","0",2023-12-10,0,0
"South Africa","ZAF","12","1",2023-12-11,0,0
"South Africa","ZAF","12","2",2023-12-12,0,0
"South Africa","ZAF","12","3",2023-12-13,0,0
"South Africa","ZAF","12","4",2023-12-14,0,0
"South Africa","ZAF","12","5",2023-12-15,0,0
"South Africa","ZAF","12","6",2023-12-16,0,0
"South Africa","ZAF","12","0",2023-12-17,0,0
"South Africa","ZAF","12","1",2023-12-18,0,0
"South Africa","ZAF","12","2",2023-12-19,0,0
"South Africa","ZAF","12","3",2023-12-20,0,0
"South Africa","ZAF","12","4",2023-12-21,0,0
"South Africa","ZAF","12","5",2023-12-22,0,0
"South Africa","ZAF","12","6",2023-12-23,0,0
"South Africa","ZAF","12","0",2023-12-24,0,0
"South Africa","ZAF","12","1",2023-12-25,0,0
"South Africa","ZAF","12","2",2023-12-26,0,0
"South Africa","ZAF","12","3",2023-12-27,0,0
"South Africa","ZAF","12","4",2023-12-28,0,0
"South Africa","ZAF","12","5",2023-12-29,0,0
"South Africa","ZAF","12","6",2023-12-30,0,0
"South Africa","ZAF","12","0",2023-12-31,0,0
"South Africa","ZAF","01","1",2024-01-01,0,0
"South Africa","ZAF","01","2",2024-01-02,0,0
"South Africa","ZAF","01","3",2024-01-03,0,0
"South Africa","ZAF","01","4",2024-01-04,0,0
"South Africa","ZAF","01","5",2024-01-05,0,0
"South Africa","ZAF","01","6",2024-01-06,0,0
"South Africa","ZAF","01","0",2024-01-07,0,0
"South Africa","ZAF","01","1",2024-01-08,0,0
"South Africa","ZAF","01","2",2024-01-09,0,0
"South Africa","ZAF","01","3",2024-01-10,0,0
"South Africa","ZAF","01","4",2024-01-11,0,0
"South Africa","ZAF","01","5",2024-01-12,0,0
"South Africa","ZAF","01","6",2024-01-13,0,0
"South Africa","ZAF","01","0",2024-01-14,0,0
"South Africa","ZAF","01","1",2024-01-15,0,0
"South Africa","ZAF","01","2",2024-01-16,0,0
"South Africa","ZAF","01","3",2024-01-17,0,0
"South Africa","ZAF","01","4",2024-01-18,0,0
"South Africa","ZAF","01","5",2024-01-19,0,0
"South Africa","ZAF","01","6",2024-01-20,0,0
"South Africa","ZAF","01","0",2024-01-21,0,0
"South Africa","ZAF","01","1",2024-01-22,0,0
"South Africa","ZAF","01","2",2024-01-23,0,0
"South Africa","ZAF","01","3",2024-01-24,0,0
"South Africa","ZAF","01","4",2024-01-25,0,0
"South Africa","ZAF","01","5",2024-01-26,0,0
"South Africa","ZAF","01","6",2024-01-27,0,0
"South Africa","ZAF","01","0",2024-01-28,0,0
"South Africa","ZAF","01","1",2024-01-29,0,0
"South Africa","ZAF","01","2",2024-01-30,1,0
"South Africa","ZAF","01","3",2024-01-31,1,0
"South Africa","ZAF","02","4",2024-02-01,1,0
"South Africa","ZAF","02","5",2024-02-02,1,0
"South Africa","ZAF","02","6",2024-02-03,1,0
"South Africa","ZAF","02","0",2024-02-04,0,0
"South Africa","ZAF","02","1",2024-02-05,0,0
"South Africa","ZAF","02","2",2024-02-06,0,0
"South Africa","ZAF","02","3",2024-02-07,0,0
"South Africa","ZAF","02","4",2024-02-08,0,0
"South Africa","ZAF","02","5",2024-02-09,0,0
"South Africa","ZAF","02","6",2024-02-10,0,0
"South Africa","ZAF","02","0",2024-02-11,0,0
"South Africa","ZAF","02","1",2024-02-12,0,0
"South Africa","ZAF","02","2",2024-02-13,0,0
"South Africa","ZAF","02","3",2024-02-14,0,0
"South Africa","ZAF","02","4",2024-02-15,0,0
"South Africa","ZAF","02","5",2024-02-16,0,0
"South Africa","ZAF","02","6",2024-02-17,0,0
"South Africa","ZAF","02","0",2024-02-18,0,0
"South Africa","ZAF","02","1",2024-02-19,0,0
"South Africa","ZAF","02","2",2024-02-20,0,0
"South Africa","ZAF","02","3",2024-02-21,0,0
"South Africa","ZAF","02","4",2024-02-22,1,0
"South Africa","ZAF","02","5",2024-02-23,0,0
"South Africa","ZAF","02","6",2024-02-24,0,0
"South Africa","ZAF","02","0",2024-02-25,0,0
"South Africa","ZAF","02","1",2024-02-26,0,0
"South Africa","ZAF","02","2",2024-02-27,0,0
"South Africa","ZAF","02","3",2024-02-28,0,0
"South Africa","ZAF","02","4",2024-02-29,0,0
"South Africa","ZAF","03","5",2024-03-01,0,0
"South Africa","ZAF","03","6",2024-03-02,0,0
"South Africa","ZAF","03","0",2024-03-03,0,0
"South Africa","ZAF","03","1",2024-03-04,0,0
"South Africa","ZAF","03","2",2024-03-05,0,0
"South Africa","ZAF","03","3",2024-03-06,0,0
"South Africa","ZAF","03","4",2024-03-07,0,0
"South Africa","ZAF","03","5",2024-03-08,0,0
"South Africa","ZAF","03","6",2024-03-09,0,0
"South Africa","ZAF","03","0",2024-03-10,0,0
"South Africa","ZAF","03","1",2024-03-11,0,0
"South Africa","ZAF","03","2",2024-03-12,0,0
"South Africa","ZAF","03","3",2024-03-13,0,0
"South Africa","ZAF","03","4",2024-03-14,0,0
"South Africa","ZAF","03","5",2024-03-15,0,0
"South Africa","ZAF","03","6",2024-03-16,0,0
"South Africa","ZAF","03","0",2024-03-17,0,0
"South Africa","ZAF","03","1",2024-03-18,0,0
"South Africa","ZAF","03","2",2024-03-19,0,0
"South Africa","ZAF","03","3",2024-03-20,0,0
"South Africa","ZAF","03","4",2024-03-21,0,0
"South Africa","ZAF","03","5",2024-03-22,0,0
"South Africa","ZAF","03","6",2024-03-23,0,0
"South Africa","ZAF","03","0",2024-03-24,0,0
"South Africa","ZAF","03","1",2024-03-25,0,0
"South Africa","ZAF","03","2",2024-03-26,0,0
"South Africa","ZAF","03","3",2024-03-27,0,0
"South Africa","ZAF","03","4",2024-03-28,0,0
"South Africa","ZAF","03","5",2024-03-29,0,0
"South Africa","ZAF","03","6",2024-03-30,0,0
"South Africa","ZAF","03","0",2024-03-31,0,0
"South Africa","ZAF","04","1",2024-04-01,0,0
"South Africa","ZAF","04","2",2024-04-02,1,0
"South Africa","ZAF","04","3",2024-04-03,1,0
"South Africa","ZAF","04","4",2024-04-04,1,0
"South Africa","ZAF","04","5",2024-04-05,1,0
"South Africa","ZAF","04","6",2024-04-06,1,0
"South Africa","ZAF","04","0",2024-04-07,0,0
"Zambia","ZMB","01","1",2023-01-09,0,0
"Zambia","ZMB","01","2",2023-01-10,0,0
"Zambia","ZMB","01","3",2023-01-11,0,0
"Zambia","ZMB","01","4",2023-01-12,1,0
"Zambia","ZMB","01","5",2023-01-13,1,0
"Zambia","ZMB","01","6",2023-01-14,0,0
"Zambia","ZMB","01","0",2023-01-15,0,0
"Zambia","ZMB","01","1",2023-01-16,0,0
"Zambia","ZMB","01","2",2023-01-17,1,0
"Zambia","ZMB","01","3",2023-01-18,1,0
"Zambia","ZMB","01","4",2023-01-19,1,0
"Zambia","ZMB","01","5",2023-01-20,1,0
"Zambia","ZMB","01","6",2023-01-21,1,0
"Zambia","ZMB","01","0",2023-01-22,0,0
"Zambia","ZMB","01","1",2023-01-23,1,0
"Zambia","ZMB","01","2",2023-01-24,2,0
"Zambia","ZMB","01","3",2023-01-25,2,0
"Zambia","ZMB","01","4",2023-01-26,2,1
"Zambia","ZMB","01","5",2023-01-27,2,0
"Zambia","ZMB","01","6",2023-01-28,2,0
"Zambia","ZMB","01","0",2023-01-29,2,0
"Zambia","ZMB","01","1",2023-01-30,6,0
"Zambia","ZMB","01","2",2023-01-31,6,0
"Zambia","ZMB","02","3",2023-02-01,6,0
"Zambia","ZMB","02","4",2023-02-02,7,0
"Zambia","ZMB","02","5",2023-02-03,7,0
"Zambia","ZMB","02","6",2023-02-04,6,0
"Zambia","ZMB","02","0",2023-02-05,6,0
"Zambia","ZMB","02","1",2023-02-06,8,0
"Zambia","ZMB","02","2",2023-02-07,9,0
"Zambia","ZMB","02","3",2023-02-08,9,0
"Zambia","ZMB","02","4",2023-02-09,9,1
"Zambia","ZMB","02","5",2023-02-10,9,0
"Zambia","ZMB","02","6",2023-02-11,9,0
"Zambia","ZMB","02","0",2023-02-12,9,0
"Zambia","ZMB","02","1",2023-02-13,6,0
"Zambia","ZMB","02","2",2023-02-14,6,0
"Zambia","ZMB","02","3",2023-02-15,6,0
"Zambia","ZMB","02","4",2023-02-16,7,1
"Zambia","ZMB","02","5",2023-02-17,6,1
"Zambia","ZMB","02","6",2023-02-18,6,0
"Zambia","ZMB","02","0",2023-02-19,6,0
"Zambia","ZMB","02","1",2023-02-20,3,0
"Zambia","ZMB","02","2",2023-02-21,3,0
"Zambia","ZMB","02","3",2023-02-22,3,0
"Zambia","ZMB","02","4",2023-02-23,4,0
"Zambia","ZMB","02","5",2023-02-24,3,0
"Zambia","ZMB","02","6",2023-02-25,3,0
"Zambia","ZMB","02","0",2023-02-26,3,0
"Zambia","ZMB","02","1",2023-02-27,3,0
"Zambia","ZMB","02","2",2023-02-28,3,0
"Zambia","ZMB","03","3",2023-03-01,4,0
"Zambia","ZMB","03","4",2023-03-02,4,0
"Zambia","ZMB","03","5",2023-03-03,4,0
"Zambia","ZMB","03","6",2023-03-04,3,0
"Zambia","ZMB","03","0",2023-03-05,3,0
"Zambia","ZMB","03","1",2023-03-06,0,0
"Zambia","ZMB","03","2",2023-03-07,1,0
"Zambia","ZMB","03","3",2023-03-08,1,0
"Zambia","ZMB","03","4",2023-03-09,1,0
"Zambia","ZMB","03","5",2023-03-10,1,0
"Zambia","ZMB","03","6",2023-03-11,1,0
"Zambia","ZMB","03","0",2023-03-12,0,0
"Zambia","ZMB","03","1",2023-03-13,0,0
"Zambia","ZMB","03","2",2023-03-14,1,0
"Zambia","ZMB","03","3",2023-03-15,1,0
"Zambia","ZMB","03","4",2023-03-16,1,1
"Zambia","ZMB","03","5",2023-03-17,1,0
"Zambia","ZMB","03","6",2023-03-18,1,0
"Zambia","ZMB","03","0",2023-03-19,0,0
"Zambia","ZMB","03","1",2023-03-20,6,0
"Zambia","ZMB","03","2",2023-03-21,6,0
"Zambia","ZMB","03","3",2023-03-22,6,0
"Zambia","ZMB","03","4",2023-03-23,7,1
"Zambia","ZMB","03","5",2023-03-24,6,1
"Zambia","ZMB","03","6",2023-03-25,6,0
"Zambia","ZMB","03","0",2023-03-26,6,0
"Zambia","ZMB","03","1",2023-03-27,3,0
"Zambia","ZMB","03","2",2023-03-28,3,0
"Zambia","ZMB","03","3",2023-03-29,3,0
"Zambia","ZMB","03","4",2023-03-30,4,0
"Zambia","ZMB","03","5",2023-03-31,4,0
"Zambia","ZMB","04","6",2023-04-01,3,0
"Zambia","ZMB","04","0",2023-04-02,3,0
"Zambia","ZMB","04","1",2023-04-03,3,0
"Zambia","ZMB","04","2",2023-04-04,4,0
"Zambia","ZMB","04","3",2023-04-05,4,0
"Zambia","ZMB","04","4",2023-04-06,4,1
"Zambia","ZMB","04","5",2023-04-07,4,0
"Zambia","ZMB","04","6",2023-04-08,4,0
"Zambia","ZMB","04","0",2023-04-09,3,0
"Zambia","ZMB","04","1",2023-04-10,2,0
"Zambia","ZMB","04","2",2023-04-11,2,0
"Zambia","ZMB","04","3",2023-04-12,3,0
"Zambia","ZMB","04","4",2023-04-13,3,0
"Zambia","ZMB","04","5",2023-04-14,3,0
"Zambia","ZMB","04","6",2023-04-15,2,0
"Zambia","ZMB","04","0",2023-04-16,2,0
"Zambia","ZMB","04","1",2023-04-17,4,0
"Zambia","ZMB","04","2",2023-04-18,4,0
"Zambia","ZMB","04","3",2023-04-19,4,0
"Zambia","ZMB","04","4",2023-04-20,4,0
"Zambia","ZMB","04","5",2023-04-21,4,0
"Zambia","ZMB","04","6",2023-04-22,4,0
"Zambia","ZMB","04","0",2023-04-23,4,0
"Zambia","ZMB","04","1",2023-04-24,13,0
"Zambia","ZMB","04","2",2023-04-25,13,0
"Zambia","ZMB","04","3",2023-04-26,13,1
"Zambia","ZMB","04","4",2023-04-27,13,1
"Zambia","ZMB","04","5",2023-04-28,13,1
"Zambia","ZMB","04","6",2023-04-29,13,0
"Zambia","ZMB","04","0",2023-04-30,13,0
"Zambia","ZMB","05","1",2023-05-01,8,0
"Zambia","ZMB","05","2",2023-05-02,8,0
"Zambia","ZMB","05","3",2023-05-03,8,0
"Zambia","ZMB","05","4",2023-05-04,8,0
"Zambia","ZMB","05","5",2023-05-05,8,0
"Zambia","ZMB","05","6",2023-05-06,8,0
"Zambia","ZMB","05","0",2023-05-07,8,0
"Zambia","ZMB","05","1",2023-05-08,16,0
"Zambia","ZMB","05","2",2023-05-09,16,0
"Zambia","ZMB","05","3",2023-05-10,16,0
"Zambia","ZMB","05","4",2023-05-11,16,1
"Zambia","ZMB","05","5",2023-05-12,16,0
"Zambia","ZMB","05","6",2023-05-13,16,0
"Zambia","ZMB","05","0",2023-05-14,16,0
"Zambia","ZMB","05","1",2023-05-15,4,0
"Zambia","ZMB","05","2",2023-05-16,5,0
"Zambia","ZMB","05","3",2023-05-17,5,0
"Zambia","ZMB","05","4",2023-05-18,5,0
"Zambia","ZMB","05","5",2023-05-19,5,0
"Zambia","ZMB","05","6",2023-05-20,5,0
"Zambia","ZMB","05","0",2023-05-21,4,0
"Zambia","ZMB","05","1",2023-05-22,4,0
"Zambia","ZMB","05","2",2023-05-23,5,0
"Zambia","ZMB","05","3",2023-05-24,5,0
"Zambia","ZMB","05","4",2023-05-25,5,1
"Zambia","ZMB","05","5",2023-05-26,5,0
"Zambia","ZMB","05","6",2023-05-27,5,0
"Zambia","ZMB","05","0",2023-05-28,5,0
"Zambia","ZMB","05","1",2023-05-29,6,0
"Zambia","ZMB","05","2",2023-05-30,6,0
"Zambia","ZMB","05","3",2023-05-31,6,0
"Zambia","ZMB","06","4",2023-06-01,6,0
"Zambia","ZMB","06","5",2023-06-02,6,0
"Zambia","ZMB","06","6",2023-06-03,6,0
"Zambia","ZMB","06","0",2023-06-04,6,0
"Zambia","ZMB","06","1",2023-06-05,3,0
"Zambia","ZMB","06","2",2023-06-06,4,0
"Zambia","ZMB","06","3",2023-06-07,4,0
"Zambia","ZMB","06","4",2023-06-08,4,0
"Zambia","ZMB","06","5",2023-06-09,4,0
"Zambia","ZMB","06","6",2023-06-10,4,0
"Zambia","ZMB","06","0",2023-06-11,3,0
"Zambia","ZMB","06","1",2023-06-12,0,0
"Zambia","ZMB","06","2",2023-06-13,0,0
"Zambia","ZMB","06","3",2023-06-14,0,0
"Zambia","ZMB","06","4",2023-06-15,1,1
"Zambia","ZMB","06","5",2023-06-16,0,0
"Zambia","ZMB","06","6",2023-06-17,0,0
"Zambia","ZMB","06","0",2023-06-18,0,0
"Zambia","ZMB","06","1",2023-06-19,0,0
"Zambia","ZMB","06","2",2023-06-20,0,0
"Zambia","ZMB","06","3",2023-06-21,0,0
"Zambia","ZMB","06","4",2023-06-22,0,0
"Zambia","ZMB","06","5",2023-06-23,0,0
"Zambia","ZMB","06","6",2023-06-24,0,0
"Zambia","ZMB","06","0",2023-06-25,0,0
"Zambia","ZMB","06","1",2023-06-26,0,0
"Zambia","ZMB","06","2",2023-06-27,0,0
"Zambia","ZMB","06","3",2023-06-28,0,0
"Zambia","ZMB","06","4",2023-06-29,0,0
"Zambia","ZMB","06","5",2023-06-30,0,0
"Zambia","ZMB","07","6",2023-07-01,0,0
"Zambia","ZMB","07","0",2023-07-02,0,0
"Zambia","ZMB","07","1",2023-07-03,0,0
"Zambia","ZMB","07","2",2023-07-04,0,0
"Zambia","ZMB","07","3",2023-07-05,0,0
"Zambia","ZMB","07","4",2023-07-06,0,0
"Zambia","ZMB","07","5",2023-07-07,0,0
"Zambia","ZMB","07","6",2023-07-08,0,0
"Zambia","ZMB","07","0",2023-07-09,0,0
"Zambia","ZMB","07","1",2023-07-10,0,0
"Zambia","ZMB","07","2",2023-07-11,0,0
"Zambia","ZMB","07","3",2023-07-12,0,0
"Zambia","ZMB","07","4",2023-07-13,0,0
"Zambia","ZMB","07","5",2023-07-14,0,0
"Zambia","ZMB","07","6",2023-07-15,0,0
"Zambia","ZMB","07","0",2023-07-16,0,0
"Zambia","ZMB","07","1",2023-07-17,0,0
"Zambia","ZMB","07","2",2023-07-18,0,0
"Zambia","ZMB","07","3",2023-07-19,0,0
"Zambia","ZMB","07","4",2023-07-20,0,0
"Zambia","ZMB","07","5",2023-07-21,0,0
"Zambia","ZMB","07","6",2023-07-22,0,0
"Zambia","ZMB","07","0",2023-07-23,0,0
"Zambia","ZMB","07","1",2023-07-24,0,0
"Zambia","ZMB","07","2",2023-07-25,0,0
"Zambia","ZMB","07","3",2023-07-26,0,0
"Zambia","ZMB","07","4",2023-07-27,0,0
"Zambia","ZMB","07","5",2023-07-28,0,0
"Zambia","ZMB","07","6",2023-07-29,0,0
"Zambia","ZMB","07","0",2023-07-30,0,0
"Zambia","ZMB","07","1",2023-07-31,0,0
"Zambia","ZMB","08","2",2023-08-01,0,0
"Zambia","ZMB","08","3",2023-08-02,0,0
"Zambia","ZMB","08","4",2023-08-03,0,0
"Zambia","ZMB","08","5",2023-08-04,0,0
"Zambia","ZMB","08","6",2023-08-05,0,0
"Zambia","ZMB","08","0",2023-08-06,0,0
"Zambia","ZMB","08","1",2023-08-07,1,0
"Zambia","ZMB","08","2",2023-08-08,1,0
"Zambia","ZMB","08","3",2023-08-09,2,0
"Zambia","ZMB","08","4",2023-08-10,2,0
"Zambia","ZMB","08","5",2023-08-11,2,0
"Zambia","ZMB","08","6",2023-08-12,2,0
"Zambia","ZMB","08","0",2023-08-13,1,0
"Zambia","ZMB","08","1",2023-08-14,0,0
"Zambia","ZMB","08","2",2023-08-15,0,0
"Zambia","ZMB","08","3",2023-08-16,0,0
"Zambia","ZMB","08","4",2023-08-17,0,0
"Zambia","ZMB","08","5",2023-08-18,0,0
"Zambia","ZMB","08","6",2023-08-19,0,0
"Zambia","ZMB","08","0",2023-08-20,0,0
"Zambia","ZMB","08","1",2023-08-21,2,0
"Zambia","ZMB","08","2",2023-08-22,2,0
"Zambia","ZMB","08","3",2023-08-23,2,0
"Zambia","ZMB","08","4",2023-08-24,3,0
"Zambia","ZMB","08","5",2023-08-25,2,0
"Zambia","ZMB","08","6",2023-08-26,2,0
"Zambia","ZMB","08","0",2023-08-27,2,0
"Zambia","ZMB","08","1",2023-08-28,0,0
"Zambia","ZMB","08","2",2023-08-29,0,0
"Zambia","ZMB","08","3",2023-08-30,0,0
"Zambia","ZMB","08","4",2023-08-31,0,0
"Zambia","ZMB","09","5",2023-09-01,0,0
"Zambia","ZMB","09","6",2023-09-02,0,0
"Zambia","ZMB","09","0",2023-09-03,0,0
"Zambia","ZMB","09","1",2023-09-04,15,0
"Zambia","ZMB","09","2",2023-09-05,15,1
"Zambia","ZMB","09","3",2023-09-06,15,1
"Zambia","ZMB","09","4",2023-09-07,15,1
"Zambia","ZMB","09","5",2023-09-08,15,1
"Zambia","ZMB","09","6",2023-09-09,15,1
"Zambia","ZMB","09","0",2023-09-10,15,0
"Zambia","ZMB","09","1",2023-09-11,2,0
"Zambia","ZMB","09","2",2023-09-12,3,0
"Zambia","ZMB","09","3",2023-09-13,3,0
"Zambia","ZMB","09","4",2023-09-14,3,0
"Zambia","ZMB","09","5",2023-09-15,3,0
"Zambia","ZMB","09","6",2023-09-16,3,0
"Zambia","ZMB","09","0",2023-09-17,2,0
"Zambia","ZMB","09","1",2023-09-18,1,0
"Zambia","ZMB","09","2",2023-09-19,1,0
"Zambia","ZMB","09","3",2023-09-20,1,0
"Zambia","ZMB","09","4",2023-09-21,2,0
"Zambia","ZMB","09","5",2023-09-22,2,0
"Zambia","ZMB","09","6",2023-09-23,1,0
"Zambia","ZMB","09","0",2023-09-24,1,0
"Zambia","ZMB","09","1",2023-09-25,0,0
"Zambia","ZMB","09","2",2023-09-26,0,0
"Zambia","ZMB","09","3",2023-09-27,0,0
"Zambia","ZMB","09","4",2023-09-28,0,0
"Zambia","ZMB","09","5",2023-09-29,0,0
"Zambia","ZMB","09","6",2023-09-30,0,0
"Zambia","ZMB","10","0",2023-10-01,0,0
"Zambia","ZMB","10","1",2023-10-02,2,0
"Zambia","ZMB","10","2",2023-10-03,2,0
"Zambia","ZMB","10","3",2023-10-04,2,0
"Zambia","ZMB","10","4",2023-10-05,3,0
"Zambia","ZMB","10","5",2023-10-06,3,0
"Zambia","ZMB","10","6",2023-10-07,2,0
"Zambia","ZMB","10","0",2023-10-08,2,0
"Zambia","ZMB","10","1",2023-10-09,0,NA
"Zambia","ZMB","10","2",2023-10-10,0,NA
"Zambia","ZMB","10","3",2023-10-11,0,NA
"Zambia","ZMB","10","4",2023-10-12,1,NA
"Zambia","ZMB","10","5",2023-10-13,0,NA
"Zambia","ZMB","10","6",2023-10-14,0,NA
"Zambia","ZMB","10","0",2023-10-15,0,NA
"Zambia","ZMB","10","1",2023-10-16,12,0
"Zambia","ZMB","10","2",2023-10-17,12,0
"Zambia","ZMB","10","3",2023-10-18,12,0
"Zambia","ZMB","10","4",2023-10-19,13,1
"Zambia","ZMB","10","5",2023-10-20,13,0
"Zambia","ZMB","10","6",2023-10-21,12,0
"Zambia","ZMB","10","0",2023-10-22,12,0
"Zambia","ZMB","10","1",2023-10-23,35,0
"Zambia","ZMB","10","2",2023-10-24,35,0
"Zambia","ZMB","10","3",2023-10-25,36,0
"Zambia","ZMB","10","4",2023-10-26,36,1
"Zambia","ZMB","10","5",2023-10-27,36,0
"Zambia","ZMB","10","6",2023-10-28,36,0
"Zambia","ZMB","10","0",2023-10-29,35,0
"Zambia","ZMB","10","1",2023-10-30,21,0
"Zambia","ZMB","10","2",2023-10-31,21,0
"Zambia","ZMB","11","3",2023-11-01,21,1
"Zambia","ZMB","11","4",2023-11-02,22,1
"Zambia","ZMB","11","5",2023-11-03,22,1
"Zambia","ZMB","11","6",2023-11-04,21,0
"Zambia","ZMB","11","0",2023-11-05,21,0
"Zambia","ZMB","11","1",2023-11-06,19,0
"Zambia","ZMB","11","2",2023-11-07,19,1
"Zambia","ZMB","11","3",2023-11-08,19,1
"Zambia","ZMB","11","4",2023-11-09,19,1
"Zambia","ZMB","11","5",2023-11-10,19,1
"Zambia","ZMB","11","6",2023-11-11,19,1
"Zambia","ZMB","11","0",2023-11-12,19,0
"Zambia","ZMB","11","1",2023-11-13,20,0
"Zambia","ZMB","11","2",2023-11-14,21,0
"Zambia","ZMB","11","3",2023-11-15,21,0
"Zambia","ZMB","11","4",2023-11-16,21,1
"Zambia","ZMB","11","5",2023-11-17,21,1
"Zambia","ZMB","11","6",2023-11-18,21,0
"Zambia","ZMB","11","0",2023-11-19,20,0
"Zambia","ZMB","11","1",2023-11-20,14,0
"Zambia","ZMB","11","2",2023-11-21,14,0
"Zambia","ZMB","11","3",2023-11-22,14,1
"Zambia","ZMB","11","4",2023-11-23,14,1
"Zambia","ZMB","11","5",2023-11-24,14,1
"Zambia","ZMB","11","6",2023-11-25,14,0
"Zambia","ZMB","11","0",2023-11-26,14,0
"Zambia","ZMB","11","1",2023-11-27,21,0
"Zambia","ZMB","11","2",2023-11-28,21,0
"Zambia","ZMB","11","3",2023-11-29,21,0
"Zambia","ZMB","11","4",2023-11-30,21,1
"Zambia","ZMB","12","5",2023-12-01,21,1
"Zambia","ZMB","12","6",2023-12-02,21,0
"Zambia","ZMB","12","0",2023-12-03,21,0
"Zambia","ZMB","12","1",2023-12-04,26,1
"Zambia","ZMB","12","2",2023-12-05,27,2
"Zambia","ZMB","12","3",2023-12-06,27,2
"Zambia","ZMB","12","4",2023-12-07,27,2
"Zambia","ZMB","12","5",2023-12-08,27,2
"Zambia","ZMB","12","6",2023-12-09,27,2
"Zambia","ZMB","12","0",2023-12-10,27,1
"Zambia","ZMB","12","1",2023-12-11,47,1
"Zambia","ZMB","12","2",2023-12-12,47,1
"Zambia","ZMB","12","3",2023-12-13,48,1
"Zambia","ZMB","12","4",2023-12-14,48,2
"Zambia","ZMB","12","5",2023-12-15,48,2
"Zambia","ZMB","12","6",2023-12-16,48,1
"Zambia","ZMB","12","0",2023-12-17,47,1
"Zambia","ZMB","12","1",2023-12-18,89,3
"Zambia","ZMB","12","2",2023-12-19,89,3
"Zambia","ZMB","12","3",2023-12-20,89,3
"Zambia","ZMB","12","4",2023-12-21,89,3
"Zambia","ZMB","12","5",2023-12-22,89,3
"Zambia","ZMB","12","6",2023-12-23,89,3
"Zambia","ZMB","12","0",2023-12-24,89,3
"Zambia","ZMB","12","1",2023-12-25,144,6
"Zambia","ZMB","12","2",2023-12-26,144,6
"Zambia","ZMB","12","3",2023-12-27,145,6
"Zambia","ZMB","12","4",2023-12-28,145,7
"Zambia","ZMB","12","5",2023-12-29,145,6
"Zambia","ZMB","12","6",2023-12-30,144,6
"Zambia","ZMB","12","0",2023-12-31,144,6
"Zambia","ZMB","01","1",2024-01-01,385,19
"Zambia","ZMB","01","2",2024-01-02,385,19
"Zambia","ZMB","01","3",2024-01-03,385,19
"Zambia","ZMB","01","4",2024-01-04,386,19
"Zambia","ZMB","01","5",2024-01-05,385,19
"Zambia","ZMB","01","6",2024-01-06,385,19
"Zambia","ZMB","01","0",2024-01-07,385,19
"Zambia","ZMB","01","1",2024-01-08,496,18
"Zambia","ZMB","01","2",2024-01-09,497,18
"Zambia","ZMB","01","3",2024-01-10,497,18
"Zambia","ZMB","01","4",2024-01-11,497,19
"Zambia","ZMB","01","5",2024-01-12,497,18
"Zambia","ZMB","01","6",2024-01-13,497,18
"Zambia","ZMB","01","0",2024-01-14,497,18
"Zambia","ZMB","01","1",2024-01-15,451,17
"Zambia","ZMB","01","2",2024-01-16,451,18
"Zambia","ZMB","01","3",2024-01-17,452,18
"Zambia","ZMB","01","4",2024-01-18,452,18
"Zambia","ZMB","01","5",2024-01-19,452,18
"Zambia","ZMB","01","6",2024-01-20,451,18
"Zambia","ZMB","01","0",2024-01-21,451,17
"Zambia","ZMB","01","1",2024-01-22,396,12
"Zambia","ZMB","01","2",2024-01-23,396,12
"Zambia","ZMB","01","3",2024-01-24,397,12
"Zambia","ZMB","01","4",2024-01-25,397,13
"Zambia","ZMB","01","5",2024-01-26,397,13
"Zambia","ZMB","01","6",2024-01-27,397,12
"Zambia","ZMB","01","0",2024-01-28,396,12
"Zambia","ZMB","01","1",2024-01-29,300,7
"Zambia","ZMB","01","2",2024-01-30,300,7
"Zambia","ZMB","01","3",2024-01-31,300,8
"Zambia","ZMB","02","4",2024-02-01,300,8
"Zambia","ZMB","02","5",2024-02-02,300,8
"Zambia","ZMB","02","6",2024-02-03,300,8
"Zambia","ZMB","02","0",2024-02-04,300,7
"Zambia","ZMB","02","1",2024-02-05,163,3
"Zambia","ZMB","02","2",2024-02-06,164,4
"Zambia","ZMB","02","3",2024-02-07,164,4
"Zambia","ZMB","02","4",2024-02-08,164,4
"Zambia","ZMB","02","5",2024-02-09,164,4
"Zambia","ZMB","02","6",2024-02-10,164,4
"Zambia","ZMB","02","0",2024-02-11,163,3
"Zambia","ZMB","02","1",2024-02-12,136,3
"Zambia","ZMB","02","2",2024-02-13,136,4
"Zambia","ZMB","02","3",2024-02-14,137,4
"Zambia","ZMB","02","4",2024-02-15,137,4
"Zambia","ZMB","02","5",2024-02-16,137,4
"Zambia","ZMB","02","6",2024-02-17,136,4
"Zambia","ZMB","02","0",2024-02-18,136,4
"Zambia","ZMB","02","1",2024-02-19,100,1
"Zambia","ZMB","02","2",2024-02-20,100,2
"Zambia","ZMB","02","3",2024-02-21,101,2
"Zambia","ZMB","02","4",2024-02-22,101,2
"Zambia","ZMB","02","5",2024-02-23,101,2
"Zambia","ZMB","02","6",2024-02-24,100,2
"Zambia","ZMB","02","0",2024-02-25,100,1
"Zambia","ZMB","02","1",2024-02-26,95,1
"Zambia","ZMB","02","2",2024-02-27,95,2
"Zambia","ZMB","02","3",2024-02-28,95,2
"Zambia","ZMB","02","4",2024-02-29,96,2
"Zambia","ZMB","03","5",2024-03-01,96,2
"Zambia","ZMB","03","6",2024-03-02,95,2
"Zambia","ZMB","03","0",2024-03-03,95,1
"Zambia","ZMB","03","1",2024-03-04,79,0
"Zambia","ZMB","03","2",2024-03-05,79,0
"Zambia","ZMB","03","3",2024-03-06,79,0
"Zambia","ZMB","03","4",2024-03-07,79,1
"Zambia","ZMB","03","5",2024-03-08,79,1
"Zambia","ZMB","03","6",2024-03-09,79,0
"Zambia","ZMB","03","0",2024-03-10,79,0
"Zambia","ZMB","03","1",2024-03-11,64,1
"Zambia","ZMB","03","2",2024-03-12,64,1
"Zambia","ZMB","03","3",2024-03-13,65,1
"Zambia","ZMB","03","4",2024-03-14,65,1
"Zambia","ZMB","03","5",2024-03-15,65,1
"Zambia","ZMB","03","6",2024-03-16,64,1
"Zambia","ZMB","03","0",2024-03-17,64,1
"Zambia","ZMB","03","1",2024-03-18,52,0
"Zambia","ZMB","03","2",2024-03-19,53,1
"Zambia","ZMB","03","3",2024-03-20,53,1
"Zambia","ZMB","03","4",2024-03-21,53,1
"Zambia","ZMB","03","5",2024-03-22,53,1
"Zambia","ZMB","03","6",2024-03-23,53,1
"Zambia","ZMB","03","0",2024-03-24,53,1
"Zambia","ZMB","03","1",2024-03-25,37,0
"Zambia","ZMB","03","2",2024-03-26,38,1
"Zambia","ZMB","03","3",2024-03-27,38,1
"Zambia","ZMB","03","4",2024-03-28,38,1
"Zambia","ZMB","03","5",2024-03-29,38,1
"Zambia","ZMB","03","6",2024-03-30,38,1
"Zambia","ZMB","03","0",2024-03-31,37,1
"Zambia","ZMB","04","1",2024-04-01,28,0
"Zambia","ZMB","04","2",2024-04-02,29,0
"Zambia","ZMB","04","3",2024-04-03,29,1
"Zambia","ZMB","04","4",2024-04-04,29,1
"Zambia","ZMB","04","5",2024-04-05,29,1
"Zambia","ZMB","04","6",2024-04-06,29,1
"Zambia","ZMB","04","0",2024-04-07,28,0
"Zambia","ZMB","04","1",2024-04-08,29,0
"Zambia","ZMB","04","2",2024-04-09,30,1
"Zambia","ZMB","04","3",2024-04-10,30,1
"Zambia","ZMB","04","4",2024-04-11,30,1
"Zambia","ZMB","04","5",2024-04-12,30,1
"Zambia","ZMB","04","6",2024-04-13,30,1
"Zambia","ZMB","04","0",2024-04-14,29,1
"Zambia","ZMB","04","1",2024-04-15,22,0
"Zambia","ZMB","04","2",2024-04-16,22,0
"Zambia","ZMB","04","3",2024-04-17,22,0
"Zambia","ZMB","04","4",2024-04-18,23,1
"Zambia","ZMB","04","5",2024-04-19,22,1
"Zambia","ZMB","04","6",2024-04-20,22,0
"Zambia","ZMB","04","0",2024-04-21,22,0
"Zambia","ZMB","04","1",2024-04-22,16,0
"Zambia","ZMB","04","2",2024-04-23,16,0
"Zambia","ZMB","04","3",2024-04-24,17,1
"Zambia","ZMB","04","4",2024-04-25,17,1
"Zambia","ZMB","04","5",2024-04-26,17,1
"Zambia","ZMB","04","6",2024-04-27,17,0
"Zambia","ZMB","04","0",2024-04-28,16,0
"Zambia","ZMB","04","1",2024-04-29,7,0
"Zambia","ZMB","04","2",2024-04-30,8,0
"Zambia","ZMB","05","3",2024-05-01,8,0
"Zambia","ZMB","05","4",2024-05-02,8,1
"Zambia","ZMB","05","5",2024-05-03,8,0
"Zambia","ZMB","05","6",2024-05-04,8,0
"Zambia","ZMB","05","0",2024-05-05,7,0
"Zambia","ZMB","05","1",2024-05-06,3,0
"Zambia","ZMB","05","2",2024-05-07,3,0
"Zambia","ZMB","05","3",2024-05-08,4,0
"Zambia","ZMB","05","4",2024-05-09,4,0
"Zambia","ZMB","05","5",2024-05-10,4,0
"Zambia","ZMB","05","6",2024-05-11,3,0
"Zambia","ZMB","05","0",2024-05-12,3,0
"Zambia","ZMB","05","1",2024-05-13,2,0
"Zambia","ZMB","05","2",2024-05-14,2,0
"Zambia","ZMB","05","3",2024-05-15,3,0
"Zambia","ZMB","05","4",2024-05-16,3,0
"Zambia","ZMB","05","5",2024-05-17,3,0
"Zambia","ZMB","05","6",2024-05-18,3,0
"Zambia","ZMB","05","0",2024-05-19,2,0
"Zambia","ZMB","05","1",2024-05-20,2,0
"Zambia","ZMB","05","2",2024-05-21,2,0
"Zambia","ZMB","05","3",2024-05-22,3,0
"Zambia","ZMB","05","4",2024-05-23,3,0
"Zambia","ZMB","05","5",2024-05-24,3,0
"Zambia","ZMB","05","6",2024-05-25,3,0
"Zambia","ZMB","05","0",2024-05-26,2,0
"Zambia","ZMB","05","1",2024-05-27,1,0
"Zambia","ZMB","05","2",2024-05-28,1,0
"Zambia","ZMB","05","3",2024-05-29,2,0
"Zambia","ZMB","05","4",2024-05-30,2,0
"Zambia","ZMB","05","5",2024-05-31,2,0
"Zambia","ZMB","06","6",2024-06-01,2,0
"Zambia","ZMB","06","0",2024-06-02,1,0
"Zambia","ZMB","06","1",2024-06-03,7,0
"Zambia","ZMB","06","2",2024-06-04,7,0
"Zambia","ZMB","06","3",2024-06-05,7,0
"Zambia","ZMB","06","4",2024-06-06,7,0
"Zambia","ZMB","06","5",2024-06-07,7,0
"Zambia","ZMB","06","6",2024-06-08,7,0
"Zambia","ZMB","06","0",2024-06-09,7,0
"Zambia","ZMB","06","1",2024-06-10,5,0
"Zambia","ZMB","06","2",2024-06-11,6,0
"Zambia","ZMB","06","3",2024-06-12,6,0
"Zambia","ZMB","06","4",2024-06-13,6,0
"Zambia","ZMB","06","5",2024-06-14,6,0
"Zambia","ZMB","06","6",2024-06-15,6,0
"Zambia","ZMB","06","0",2024-06-16,6,0
"Zambia","ZMB","06","1",2024-06-17,0,0
"Zambia","ZMB","06","2",2024-06-18,0,0
"Zambia","ZMB","06","3",2024-06-19,1,0
"Zambia","ZMB","06","4",2024-06-20,1,0
"Zambia","ZMB","06","5",2024-06-21,1,0
"Zambia","ZMB","06","6",2024-06-22,1,0
"Zambia","ZMB","06","0",2024-06-23,0,0
"Zambia","ZMB","06","1",2024-06-24,0,0
"Zambia","ZMB","06","2",2024-06-25,0,0
"Zambia","ZMB","06","3",2024-06-26,0,0
"Zambia","ZMB","06","4",2024-06-27,1,0
"Zambia","ZMB","06","5",2024-06-28,0,0
"Zambia","ZMB","06","6",2024-06-29,0,0
"Zambia","ZMB","06","0",2024-06-30,0,0
"Zambia","ZMB","07","1",2024-07-01,0,0
"Zambia","ZMB","07","2",2024-07-02,0,0
"Zambia","ZMB","07","3",2024-07-03,0,0
"Zambia","ZMB","07","4",2024-07-04,0,0
"Zambia","ZMB","07","5",2024-07-05,0,0
"Zambia","ZMB","07","6",2024-07-06,0,0
"Zambia","ZMB","07","0",2024-07-07,0,0
"Zambia","ZMB","07","1",2024-07-08,0,0
"Zambia","ZMB","07","2",2024-07-09,0,0
"Zambia","ZMB","07","3",2024-07-10,0,0
"Zambia","ZMB","07","4",2024-07-11,0,0
"Zambia","ZMB","07","5",2024-07-12,0,0
"Zambia","ZMB","07","6",2024-07-13,0,0
"Zambia","ZMB","07","0",2024-07-14,0,0
"Zambia","ZMB","07","1",2024-07-15,0,0
"Zambia","ZMB","07","2",2024-07-16,0,0
"Zambia","ZMB","07","3",2024-07-17,0,0
"Zambia","ZMB","07","4",2024-07-18,0,0
"Zambia","ZMB","07","5",2024-07-19,0,0
"Zambia","ZMB","07","6",2024-07-20,0,0
"Zambia","ZMB","07","0",2024-07-21,0,0
"Zambia","ZMB","07","1",2024-07-22,0,0
"Zambia","ZMB","07","2",2024-07-23,0,0
"Zambia","ZMB","07","3",2024-07-24,0,0
"Zambia","ZMB","07","4",2024-07-25,0,0
"Zambia","ZMB","07","5",2024-07-26,0,0
"Zambia","ZMB","07","6",2024-07-27,0,0
"Zambia","ZMB","07","0",2024-07-28,0,0
"Zambia","ZMB","07","1",2024-07-29,0,0
"Zambia","ZMB","07","2",2024-07-30,0,0
"Zambia","ZMB","07","3",2024-07-31,0,0
"Zambia","ZMB","08","4",2024-08-01,0,0
"Zambia","ZMB","08","5",2024-08-02,0,0
"Zambia","ZMB","08","6",2024-08-03,0,0
"Zambia","ZMB","08","0",2024-08-04,0,0
"Zambia","ZMB","08","1",2024-08-05,0,0
"Zambia","ZMB","08","2",2024-08-06,0,0
"Zambia","ZMB","08","3",2024-08-07,0,0
"Zambia","ZMB","08","4",2024-08-08,0,0
"Zambia","ZMB","08","5",2024-08-09,0,0
"Zambia","ZMB","08","6",2024-08-10,0,0
"Zambia","ZMB","08","0",2024-08-11,0,0
"Zambia","ZMB","08","1",2024-08-12,0,0
"Zambia","ZMB","08","2",2024-08-13,0,0
"Zambia","ZMB","08","3",2024-08-14,0,0
"Zambia","ZMB","08","4",2024-08-15,0,0
"Zambia","ZMB","08","5",2024-08-16,0,0
"Zambia","ZMB","08","6",2024-08-17,0,0
"Zambia","ZMB","08","0",2024-08-18,0,0
"Zambia","ZMB","08","1",2024-08-19,0,0
"Zambia","ZMB","08","2",2024-08-20,0,0
"Zambia","ZMB","08","3",2024-08-21,0,0
"Zambia","ZMB","08","4",2024-08-22,0,0
"Zambia","ZMB","08","5",2024-08-23,0,0
"Zambia","ZMB","08","6",2024-08-24,0,0
"Zambia","ZMB","08","0",2024-08-25,0,0
"Zambia","ZMB","08","1",2024-08-26,0,0
"Zambia","ZMB","08","2",2024-08-27,0,0
"Zambia","ZMB","08","3",2024-08-28,0,0
"Zambia","ZMB","08","4",2024-08-29,0,0
"Zambia","ZMB","08","5",2024-08-30,0,0
"Zambia","ZMB","08","6",2024-08-31,0,0
"Zambia","ZMB","09","0",2024-09-01,0,0
"Zambia","ZMB","09","1",2024-09-02,0,0
"Zambia","ZMB","09","2",2024-09-03,0,0
"Zambia","ZMB","09","3",2024-09-04,0,0
"Zambia","ZMB","09","4",2024-09-05,0,0
"Zambia","ZMB","09","5",2024-09-06,0,0
"Zambia","ZMB","09","6",2024-09-07,0,0
"Zambia","ZMB","09","0",2024-09-08,0,0
"Zambia","ZMB","09","1",2024-09-09,0,0
"Zambia","ZMB","09","2",2024-09-10,0,0
"Zambia","ZMB","09","3",2024-09-11,0,0
"Zambia","ZMB","09","4",2024-09-12,0,0
"Zambia","ZMB","09","5",2024-09-13,0,0
"Zambia","ZMB","09","6",2024-09-14,0,0
"Zambia","ZMB","09","0",2024-09-15,0,0
"Zambia","ZMB","09","1",2024-09-16,0,0
"Zambia","ZMB","09","2",2024-09-17,0,0
"Zambia","ZMB","09","3",2024-09-18,0,0
"Zambia","ZMB","09","4",2024-09-19,0,0
"Zambia","ZMB","09","5",2024-09-20,0,0
"Zambia","ZMB","09","6",2024-09-21,0,0
"Zambia","ZMB","09","0",2024-09-22,0,0
"Zambia","ZMB","09","1",2024-09-23,0,0
"Zambia","ZMB","09","2",2024-09-24,0,0
"Zambia","ZMB","09","3",2024-09-25,0,0
"Zambia","ZMB","09","4",2024-09-26,0,0
"Zambia","ZMB","09","5",2024-09-27,0,0
"Zambia","ZMB","09","6",2024-09-28,0,0
"Zambia","ZMB","09","0",2024-09-29,0,0
"Zambia","ZMB","09","1",2024-09-30,0,0
"Zambia","ZMB","10","2",2024-10-01,0,0
"Zambia","ZMB","10","3",2024-10-02,0,0
"Zambia","ZMB","10","4",2024-10-03,0,0
"Zambia","ZMB","10","5",2024-10-04,0,0
"Zambia","ZMB","10","6",2024-10-05,0,0
"Zambia","ZMB","10","0",2024-10-06,0,0
"Zambia","ZMB","10","1",2024-10-07,0,0
"Zambia","ZMB","10","2",2024-10-08,0,0
"Zambia","ZMB","10","3",2024-10-09,0,0
"Zambia","ZMB","10","4",2024-10-10,0,0
"Zambia","ZMB","10","5",2024-10-11,0,0
"Zambia","ZMB","10","6",2024-10-12,0,0
"Zambia","ZMB","10","0",2024-10-13,0,0
"Zambia","ZMB","10","1",2024-10-14,0,0
"Zambia","ZMB","10","2",2024-10-15,0,0
"Zambia","ZMB","10","3",2024-10-16,0,0
"Zambia","ZMB","10","4",2024-10-17,0,0
"Zambia","ZMB","10","5",2024-10-18,0,0
"Zambia","ZMB","10","6",2024-10-19,0,0
"Zambia","ZMB","10","0",2024-10-20,0,0
"Zambia","ZMB","10","1",2024-10-21,0,0
"Zambia","ZMB","10","2",2024-10-22,0,0
"Zambia","ZMB","10","3",2024-10-23,0,0
"Zambia","ZMB","10","4",2024-10-24,0,0
"Zambia","ZMB","10","5",2024-10-25,0,0
"Zambia","ZMB","10","6",2024-10-26,0,0
"Zambia","ZMB","10","0",2024-10-27,0,0
"Zambia","ZMB","10","1",2024-10-28,0,0
"Zambia","ZMB","10","2",2024-10-29,0,0
"Zambia","ZMB","10","3",2024-10-30,0,0
"Zambia","ZMB","10","4",2024-10-31,0,0
"Zambia","ZMB","11","5",2024-11-01,0,0
"Zambia","ZMB","11","6",2024-11-02,0,0
"Zambia","ZMB","11","0",2024-11-03,0,0
"Zambia","ZMB","11","1",2024-11-04,0,0
"Zambia","ZMB","11","2",2024-11-05,0,0
"Zambia","ZMB","11","3",2024-11-06,0,0
"Zambia","ZMB","11","4",2024-11-07,0,0
"Zambia","ZMB","11","5",2024-11-08,0,0
"Zambia","ZMB","11","6",2024-11-09,0,0
"Zambia","ZMB","11","0",2024-11-10,0,0
"Zambia","ZMB","11","1",2024-11-11,0,0
"Zambia","ZMB","11","2",2024-11-12,0,0
"Zambia","ZMB","11","3",2024-11-13,0,0
"Zambia","ZMB","11","4",2024-11-14,0,0
"Zambia","ZMB","11","5",2024-11-15,0,0
"Zambia","ZMB","11","6",2024-11-16,0,0
"Zambia","ZMB","11","0",2024-11-17,0,0
"Zambia","ZMB","11","1",2024-11-18,0,0
"Zambia","ZMB","11","2",2024-11-19,0,0
"Zambia","ZMB","11","3",2024-11-20,0,0
"Zambia","ZMB","11","4",2024-11-21,0,0
"Zambia","ZMB","11","5",2024-11-22,0,0
"Zambia","ZMB","11","6",2024-11-23,0,0
"Zambia","ZMB","11","0",2024-11-24,0,0
"Zambia","ZMB","11","1",2024-11-25,0,0
"Zambia","ZMB","11","2",2024-11-26,0,0
"Zambia","ZMB","11","3",2024-11-27,0,0
"Zambia","ZMB","11","4",2024-11-28,0,0
"Zambia","ZMB","11","5",2024-11-29,0,0
"Zambia","ZMB","11","6",2024-11-30,0,0
"Zambia","ZMB","12","0",2024-12-01,0,0
"Zambia","ZMB","12","1",2024-12-02,0,0
"Zambia","ZMB","12","2",2024-12-03,0,0
"Zambia","ZMB","12","3",2024-12-04,0,0
"Zambia","ZMB","12","4",2024-12-05,0,0
"Zambia","ZMB","12","5",2024-12-06,0,0
"Zambia","ZMB","12","6",2024-12-07,0,0
"Zambia","ZMB","12","0",2024-12-08,0,0
"Zambia","ZMB","12","1",2024-12-09,0,0
"Zambia","ZMB","12","2",2024-12-10,0,0
"Zambia","ZMB","12","3",2024-12-11,0,0
"Zambia","ZMB","12","4",2024-12-12,0,0
"Zambia","ZMB","12","5",2024-12-13,0,0
"Zambia","ZMB","12","6",2024-12-14,0,0
"Zambia","ZMB","12","0",2024-12-15,0,0
"Zambia","ZMB","12","1",2024-12-16,0,0
"Zambia","ZMB","12","2",2024-12-17,0,0
"Zambia","ZMB","12","3",2024-12-18,0,0
"Zambia","ZMB","12","4",2024-12-19,0,0
"Zambia","ZMB","12","5",2024-12-20,0,0
"Zambia","ZMB","12","6",2024-12-21,0,0
"Zambia","ZMB","12","0",2024-12-22,0,0
"Zambia","ZMB","12","1",2024-12-23,1,0
"Zambia","ZMB","12","2",2024-12-24,2,0
"Zambia","ZMB","12","3",2024-12-25,2,0
"Zambia","ZMB","12","4",2024-12-26,2,0
"Zambia","ZMB","12","5",2024-12-27,2,0
"Zambia","ZMB","12","6",2024-12-28,2,0
"Zambia","ZMB","12","0",2024-12-29,2,0
"Zambia","ZMB","12","1",2024-12-30,0,0
"Zambia","ZMB","12","2",2024-12-31,0,0
"Zambia","ZMB","01","3",2025-01-01,0,0
"Zambia","ZMB","01","4",2025-01-02,1,0
"Zambia","ZMB","01","5",2025-01-03,1,0
"Zambia","ZMB","01","6",2025-01-04,0,0
"Zambia","ZMB","01","0",2025-01-05,0,0
"Zimbabwe","ZWE","02","1",2023-02-13,1,0
"Zimbabwe","ZWE","02","2",2023-02-14,1,0
"Zimbabwe","ZWE","02","3",2023-02-15,1,0
"Zimbabwe","ZWE","02","4",2023-02-16,2,0
"Zimbabwe","ZWE","02","5",2023-02-17,1,0
"Zimbabwe","ZWE","02","6",2023-02-18,1,0
"Zimbabwe","ZWE","02","0",2023-02-19,1,0
"Zimbabwe","ZWE","02","1",2023-02-20,5,0
"Zimbabwe","ZWE","02","2",2023-02-21,5,0
"Zimbabwe","ZWE","02","3",2023-02-22,5,0
"Zimbabwe","ZWE","02","4",2023-02-23,6,0
"Zimbabwe","ZWE","02","5",2023-02-24,6,0
"Zimbabwe","ZWE","02","6",2023-02-25,5,0
"Zimbabwe","ZWE","02","0",2023-02-26,5,0
"Zimbabwe","ZWE","02","1",2023-02-27,1,0
"Zimbabwe","ZWE","02","2",2023-02-28,2,0
"Zimbabwe","ZWE","03","3",2023-03-01,2,0
"Zimbabwe","ZWE","03","4",2023-03-02,2,0
"Zimbabwe","ZWE","03","5",2023-03-03,2,0
"Zimbabwe","ZWE","03","6",2023-03-04,2,0
"Zimbabwe","ZWE","03","0",2023-03-05,1,0
"Zimbabwe","ZWE","03","1",2023-03-06,0,0
"Zimbabwe","ZWE","03","2",2023-03-07,0,0
"Zimbabwe","ZWE","03","3",2023-03-08,0,0
"Zimbabwe","ZWE","03","4",2023-03-09,0,0
"Zimbabwe","ZWE","03","5",2023-03-10,0,0
"Zimbabwe","ZWE","03","6",2023-03-11,0,0
"Zimbabwe","ZWE","03","0",2023-03-12,0,0
"Zimbabwe","ZWE","03","1",2023-03-13,8,0
"Zimbabwe","ZWE","03","2",2023-03-14,8,0
"Zimbabwe","ZWE","03","3",2023-03-15,8,0
"Zimbabwe","ZWE","03","4",2023-03-16,9,1
"Zimbabwe","ZWE","03","5",2023-03-17,8,0
"Zimbabwe","ZWE","03","6",2023-03-18,8,0
"Zimbabwe","ZWE","03","0",2023-03-19,8,0
"Zimbabwe","ZWE","03","1",2023-03-20,8,0
"Zimbabwe","ZWE","03","2",2023-03-21,8,0
"Zimbabwe","ZWE","03","3",2023-03-22,9,1
"Zimbabwe","ZWE","03","4",2023-03-23,9,1
"Zimbabwe","ZWE","03","5",2023-03-24,9,1
"Zimbabwe","ZWE","03","6",2023-03-25,8,1
"Zimbabwe","ZWE","03","0",2023-03-26,8,0
"Zimbabwe","ZWE","03","1",2023-03-27,9,0
"Zimbabwe","ZWE","03","2",2023-03-28,9,0
"Zimbabwe","ZWE","03","3",2023-03-29,9,0
"Zimbabwe","ZWE","03","4",2023-03-30,10,1
"Zimbabwe","ZWE","03","5",2023-03-31,9,0
"Zimbabwe","ZWE","04","6",2023-04-01,9,0
"Zimbabwe","ZWE","04","0",2023-04-02,9,0
"Zimbabwe","ZWE","04","1",2023-04-03,15,0
"Zimbabwe","ZWE","04","2",2023-04-04,16,0
"Zimbabwe","ZWE","04","3",2023-04-05,16,0
"Zimbabwe","ZWE","04","4",2023-04-06,16,1
"Zimbabwe","ZWE","04","5",2023-04-07,16,0
"Zimbabwe","ZWE","04","6",2023-04-08,16,0
"Zimbabwe","ZWE","04","0",2023-04-09,15,0
"Zimbabwe","ZWE","04","1",2023-04-10,18,0
"Zimbabwe","ZWE","04","2",2023-04-11,18,0
"Zimbabwe","ZWE","04","3",2023-04-12,18,0
"Zimbabwe","ZWE","04","4",2023-04-13,19,1
"Zimbabwe","ZWE","04","5",2023-04-14,19,1
"Zimbabwe","ZWE","04","6",2023-04-15,18,0
"Zimbabwe","ZWE","04","0",2023-04-16,18,0
"Zimbabwe","ZWE","04","1",2023-04-17,8,0
"Zimbabwe","ZWE","04","2",2023-04-18,9,1
"Zimbabwe","ZWE","04","3",2023-04-19,9,1
"Zimbabwe","ZWE","04","4",2023-04-20,9,1
"Zimbabwe","ZWE","04","5",2023-04-21,9,1
"Zimbabwe","ZWE","04","6",2023-04-22,9,1
"Zimbabwe","ZWE","04","0",2023-04-23,8,1
"Zimbabwe","ZWE","04","1",2023-04-24,8,0
"Zimbabwe","ZWE","04","2",2023-04-25,8,0
"Zimbabwe","ZWE","04","3",2023-04-26,8,1
"Zimbabwe","ZWE","04","4",2023-04-27,9,1
"Zimbabwe","ZWE","04","5",2023-04-28,8,1
"Zimbabwe","ZWE","04","6",2023-04-29,8,0
"Zimbabwe","ZWE","04","0",2023-04-30,8,0
"Zimbabwe","ZWE","05","1",2023-05-01,18,0
"Zimbabwe","ZWE","05","2",2023-05-02,18,0
"Zimbabwe","ZWE","05","3",2023-05-03,19,1
"Zimbabwe","ZWE","05","4",2023-05-04,19,1
"Zimbabwe","ZWE","05","5",2023-05-05,19,1
"Zimbabwe","ZWE","05","6",2023-05-06,18,0
"Zimbabwe","ZWE","05","0",2023-05-07,18,0
"Zimbabwe","ZWE","05","1",2023-05-08,25,0
"Zimbabwe","ZWE","05","2",2023-05-09,25,0
"Zimbabwe","ZWE","05","3",2023-05-10,26,1
"Zimbabwe","ZWE","05","4",2023-05-11,26,1
"Zimbabwe","ZWE","05","5",2023-05-12,26,1
"Zimbabwe","ZWE","05","6",2023-05-13,25,1
"Zimbabwe","ZWE","05","0",2023-05-14,25,0
"Zimbabwe","ZWE","05","1",2023-05-15,55,1
"Zimbabwe","ZWE","05","2",2023-05-16,55,1
"Zimbabwe","ZWE","05","3",2023-05-17,55,2
"Zimbabwe","ZWE","05","4",2023-05-18,55,2
"Zimbabwe","ZWE","05","5",2023-05-19,55,2
"Zimbabwe","ZWE","05","6",2023-05-20,55,1
"Zimbabwe","ZWE","05","0",2023-05-21,55,1
"Zimbabwe","ZWE","05","1",2023-05-22,52,1
"Zimbabwe","ZWE","05","2",2023-05-23,52,1
"Zimbabwe","ZWE","05","3",2023-05-24,52,1
"Zimbabwe","ZWE","05","4",2023-05-25,52,2
"Zimbabwe","ZWE","05","5",2023-05-26,52,2
"Zimbabwe","ZWE","05","6",2023-05-27,52,1
"Zimbabwe","ZWE","05","0",2023-05-28,52,1
"Zimbabwe","ZWE","05","1",2023-05-29,61,0
"Zimbabwe","ZWE","05","2",2023-05-30,61,0
"Zimbabwe","ZWE","05","3",2023-05-31,61,1
"Zimbabwe","ZWE","06","4",2023-06-01,61,1
"Zimbabwe","ZWE","06","5",2023-06-02,61,1
"Zimbabwe","ZWE","06","6",2023-06-03,61,1
"Zimbabwe","ZWE","06","0",2023-06-04,61,0
"Zimbabwe","ZWE","06","1",2023-06-05,42,1
"Zimbabwe","ZWE","06","2",2023-06-06,42,1
"Zimbabwe","ZWE","06","3",2023-06-07,42,2
"Zimbabwe","ZWE","06","4",2023-06-08,43,2
"Zimbabwe","ZWE","06","5",2023-06-09,42,2
"Zimbabwe","ZWE","06","6",2023-06-10,42,1
"Zimbabwe","ZWE","06","0",2023-06-11,42,1
"Zimbabwe","ZWE","06","1",2023-06-12,45,1
"Zimbabwe","ZWE","06","2",2023-06-13,45,1
"Zimbabwe","ZWE","06","3",2023-06-14,46,2
"Zimbabwe","ZWE","06","4",2023-06-15,46,2
"Zimbabwe","ZWE","06","5",2023-06-16,46,2
"Zimbabwe","ZWE","06","6",2023-06-17,45,2
"Zimbabwe","ZWE","06","0",2023-06-18,45,1
"Zimbabwe","ZWE","06","1",2023-06-19,48,0
"Zimbabwe","ZWE","06","2",2023-06-20,48,0
"Zimbabwe","ZWE","06","3",2023-06-21,48,0
"Zimbabwe","ZWE","06","4",2023-06-22,49,1
"Zimbabwe","ZWE","06","5",2023-06-23,49,1
"Zimbabwe","ZWE","06","6",2023-06-24,48,0
"Zimbabwe","ZWE","06","0",2023-06-25,48,0
"Zimbabwe","ZWE","06","1",2023-06-26,24,0
"Zimbabwe","ZWE","06","2",2023-06-27,24,0
"Zimbabwe","ZWE","06","3",2023-06-28,24,0
"Zimbabwe","ZWE","06","4",2023-06-29,25,1
"Zimbabwe","ZWE","06","5",2023-06-30,25,0
"Zimbabwe","ZWE","07","6",2023-07-01,24,0
"Zimbabwe","ZWE","07","0",2023-07-02,24,0
"Zimbabwe","ZWE","07","1",2023-07-03,37,0
"Zimbabwe","ZWE","07","2",2023-07-04,37,1
"Zimbabwe","ZWE","07","3",2023-07-05,37,1
"Zimbabwe","ZWE","07","4",2023-07-06,38,1
"Zimbabwe","ZWE","07","5",2023-07-07,37,1
"Zimbabwe","ZWE","07","6",2023-07-08,37,1
"Zimbabwe","ZWE","07","0",2023-07-09,37,1
"Zimbabwe","ZWE","07","1",2023-07-10,18,0
"Zimbabwe","ZWE","07","2",2023-07-11,18,0
"Zimbabwe","ZWE","07","3",2023-07-12,18,0
"Zimbabwe","ZWE","07","4",2023-07-13,19,1
"Zimbabwe","ZWE","07","5",2023-07-14,19,0
"Zimbabwe","ZWE","07","6",2023-07-15,18,0
"Zimbabwe","ZWE","07","0",2023-07-16,18,0
"Zimbabwe","ZWE","07","1",2023-07-17,15,0
"Zimbabwe","ZWE","07","2",2023-07-18,15,0
"Zimbabwe","ZWE","07","3",2023-07-19,16,0
"Zimbabwe","ZWE","07","4",2023-07-20,16,1
"Zimbabwe","ZWE","07","5",2023-07-21,16,0
"Zimbabwe","ZWE","07","6",2023-07-22,15,0
"Zimbabwe","ZWE","07","0",2023-07-23,15,0
"Zimbabwe","ZWE","07","1",2023-07-24,15,0
"Zimbabwe","ZWE","07","2",2023-07-25,15,0
"Zimbabwe","ZWE","07","3",2023-07-26,16,0
"Zimbabwe","ZWE","07","4",2023-07-27,16,1
"Zimbabwe","ZWE","07","5",2023-07-28,16,1
"Zimbabwe","ZWE","07","6",2023-07-29,16,0
"Zimbabwe","ZWE","07","0",2023-07-30,15,0
"Zimbabwe","ZWE","07","1",2023-07-31,5,2
"Zimbabwe","ZWE","08","2",2023-08-01,5,2
"Zimbabwe","ZWE","08","3",2023-08-02,6,2
"Zimbabwe","ZWE","08","4",2023-08-03,6,2
"Zimbabwe","ZWE","08","5",2023-08-04,6,2
"Zimbabwe","ZWE","08","6",2023-08-05,6,2
"Zimbabwe","ZWE","08","0",2023-08-06,5,2
"Zimbabwe","ZWE","08","1",2023-08-07,4,0
"Zimbabwe","ZWE","08","2",2023-08-08,4,0
"Zimbabwe","ZWE","08","3",2023-08-09,5,0
"Zimbabwe","ZWE","08","4",2023-08-10,5,0
"Zimbabwe","ZWE","08","5",2023-08-11,5,0
"Zimbabwe","ZWE","08","6",2023-08-12,4,0
"Zimbabwe","ZWE","08","0",2023-08-13,4,0
"Zimbabwe","ZWE","08","1",2023-08-14,2,0
"Zimbabwe","ZWE","08","2",2023-08-15,2,0
"Zimbabwe","ZWE","08","3",2023-08-16,2,0
"Zimbabwe","ZWE","08","4",2023-08-17,3,0
"Zimbabwe","ZWE","08","5",2023-08-18,2,0
"Zimbabwe","ZWE","08","6",2023-08-19,2,0
"Zimbabwe","ZWE","08","0",2023-08-20,2,0
"Zimbabwe","ZWE","08","1",2023-08-21,1,0
"Zimbabwe","ZWE","08","2",2023-08-22,1,0
"Zimbabwe","ZWE","08","3",2023-08-23,1,0
"Zimbabwe","ZWE","08","4",2023-08-24,1,0
"Zimbabwe","ZWE","08","5",2023-08-25,1,0
"Zimbabwe","ZWE","08","6",2023-08-26,1,0
"Zimbabwe","ZWE","08","0",2023-08-27,1,0
"Zimbabwe","ZWE","08","1",2023-08-28,2,0
"Zimbabwe","ZWE","08","2",2023-08-29,3,0
"Zimbabwe","ZWE","08","3",2023-08-30,3,0
"Zimbabwe","ZWE","08","4",2023-08-31,3,0
"Zimbabwe","ZWE","09","5",2023-09-01,3,0
"Zimbabwe","ZWE","09","6",2023-09-02,3,0
"Zimbabwe","ZWE","09","0",2023-09-03,2,0
"Zimbabwe","ZWE","09","1",2023-09-04,5,0
"Zimbabwe","ZWE","09","2",2023-09-05,5,0
"Zimbabwe","ZWE","09","3",2023-09-06,5,0
"Zimbabwe","ZWE","09","4",2023-09-07,5,1
"Zimbabwe","ZWE","09","5",2023-09-08,5,1
"Zimbabwe","ZWE","09","6",2023-09-09,5,0
"Zimbabwe","ZWE","09","0",2023-09-10,5,0
"Zimbabwe","ZWE","09","1",2023-09-11,3,0
"Zimbabwe","ZWE","09","2",2023-09-12,4,0
"Zimbabwe","ZWE","09","3",2023-09-13,4,1
"Zimbabwe","ZWE","09","4",2023-09-14,4,1
"Zimbabwe","ZWE","09","5",2023-09-15,4,1
"Zimbabwe","ZWE","09","6",2023-09-16,4,0
"Zimbabwe","ZWE","09","0",2023-09-17,4,0
"Zimbabwe","ZWE","09","1",2023-09-18,18,1
"Zimbabwe","ZWE","09","2",2023-09-19,19,1
"Zimbabwe","ZWE","09","3",2023-09-20,19,2
"Zimbabwe","ZWE","09","4",2023-09-21,19,2
"Zimbabwe","ZWE","09","5",2023-09-22,19,2
"Zimbabwe","ZWE","09","6",2023-09-23,19,2
"Zimbabwe","ZWE","09","0",2023-09-24,18,1
"Zimbabwe","ZWE","09","1",2023-09-25,52,2
"Zimbabwe","ZWE","09","2",2023-09-26,52,2
"Zimbabwe","ZWE","09","3",2023-09-27,52,2
"Zimbabwe","ZWE","09","4",2023-09-28,53,2
"Zimbabwe","ZWE","09","5",2023-09-29,53,2
"Zimbabwe","ZWE","09","6",2023-09-30,52,2
"Zimbabwe","ZWE","10","0",2023-10-01,52,2
"Zimbabwe","ZWE","10","1",2023-10-02,36,0
"Zimbabwe","ZWE","10","2",2023-10-03,37,0
"Zimbabwe","ZWE","10","3",2023-10-04,37,1
"Zimbabwe","ZWE","10","4",2023-10-05,37,1
"Zimbabwe","ZWE","10","5",2023-10-06,37,1
"Zimbabwe","ZWE","10","6",2023-10-07,37,1
"Zimbabwe","ZWE","10","0",2023-10-08,37,0
"Zimbabwe","ZWE","10","1",2023-10-09,32,2
"Zimbabwe","ZWE","10","2",2023-10-10,32,2
"Zimbabwe","ZWE","10","3",2023-10-11,32,3
"Zimbabwe","ZWE","10","4",2023-10-12,32,3
"Zimbabwe","ZWE","10","5",2023-10-13,32,3
"Zimbabwe","ZWE","10","6",2023-10-14,32,2
"Zimbabwe","ZWE","10","0",2023-10-15,32,2
"Zimbabwe","ZWE","10","1",2023-10-16,61,0
"Zimbabwe","ZWE","10","2",2023-10-17,62,0
"Zimbabwe","ZWE","10","3",2023-10-18,62,1
"Zimbabwe","ZWE","10","4",2023-10-19,62,1
"Zimbabwe","ZWE","10","5",2023-10-20,62,1
"Zimbabwe","ZWE","10","6",2023-10-21,62,1
"Zimbabwe","ZWE","10","0",2023-10-22,62,0
"Zimbabwe","ZWE","10","1",2023-10-23,82,2
"Zimbabwe","ZWE","10","2",2023-10-24,82,2
"Zimbabwe","ZWE","10","3",2023-10-25,83,2
"Zimbabwe","ZWE","10","4",2023-10-26,83,3
"Zimbabwe","ZWE","10","5",2023-10-27,83,2
"Zimbabwe","ZWE","10","6",2023-10-28,82,2
"Zimbabwe","ZWE","10","0",2023-10-29,82,2
"Zimbabwe","ZWE","10","1",2023-10-30,74,1
"Zimbabwe","ZWE","10","2",2023-10-31,74,1
"Zimbabwe","ZWE","11","3",2023-11-01,75,2
"Zimbabwe","ZWE","11","4",2023-11-02,75,2
"Zimbabwe","ZWE","11","5",2023-11-03,75,2
"Zimbabwe","ZWE","11","6",2023-11-04,75,1
"Zimbabwe","ZWE","11","0",2023-11-05,74,1
"Zimbabwe","ZWE","11","1",2023-11-06,90,2
"Zimbabwe","ZWE","11","2",2023-11-07,91,2
"Zimbabwe","ZWE","11","3",2023-11-08,91,2
"Zimbabwe","ZWE","11","4",2023-11-09,91,3
"Zimbabwe","ZWE","11","5",2023-11-10,91,2
"Zimbabwe","ZWE","11","6",2023-11-11,91,2
"Zimbabwe","ZWE","11","0",2023-11-12,91,2
"Zimbabwe","ZWE","11","1",2023-11-13,137,1
"Zimbabwe","ZWE","11","2",2023-11-14,138,2
"Zimbabwe","ZWE","11","3",2023-11-15,138,2
"Zimbabwe","ZWE","11","4",2023-11-16,138,2
"Zimbabwe","ZWE","11","5",2023-11-17,138,2
"Zimbabwe","ZWE","11","6",2023-11-18,138,2
"Zimbabwe","ZWE","11","0",2023-11-19,138,1
"Zimbabwe","ZWE","11","1",2023-11-20,164,1
"Zimbabwe","ZWE","11","2",2023-11-21,164,1
"Zimbabwe","ZWE","11","3",2023-11-22,164,1
"Zimbabwe","ZWE","11","4",2023-11-23,165,2
"Zimbabwe","ZWE","11","5",2023-11-24,165,1
"Zimbabwe","ZWE","11","6",2023-11-25,164,1
"Zimbabwe","ZWE","11","0",2023-11-26,164,1
"Zimbabwe","ZWE","11","1",2023-11-27,146,2
"Zimbabwe","ZWE","11","2",2023-11-28,146,3
"Zimbabwe","ZWE","11","3",2023-11-29,147,3
"Zimbabwe","ZWE","11","4",2023-11-30,147,3
"Zimbabwe","ZWE","12","5",2023-12-01,147,3
"Zimbabwe","ZWE","12","6",2023-12-02,147,3
"Zimbabwe","ZWE","12","0",2023-12-03,146,2
"Zimbabwe","ZWE","12","1",2023-12-04,146,2
"Zimbabwe","ZWE","12","2",2023-12-05,147,3
"Zimbabwe","ZWE","12","3",2023-12-06,147,3
"Zimbabwe","ZWE","12","4",2023-12-07,147,3
"Zimbabwe","ZWE","12","5",2023-12-08,147,3
"Zimbabwe","ZWE","12","6",2023-12-09,147,3
"Zimbabwe","ZWE","12","0",2023-12-10,146,2
"Zimbabwe","ZWE","12","1",2023-12-11,124,2
"Zimbabwe","ZWE","12","2",2023-12-12,124,2
"Zimbabwe","ZWE","12","3",2023-12-13,125,3
"Zimbabwe","ZWE","12","4",2023-12-14,125,3
"Zimbabwe","ZWE","12","5",2023-12-15,125,3
"Zimbabwe","ZWE","12","6",2023-12-16,124,2
"Zimbabwe","ZWE","12","0",2023-12-17,124,2
"Zimbabwe","ZWE","12","1",2023-12-18,124,2
"Zimbabwe","ZWE","12","2",2023-12-19,124,2
"Zimbabwe","ZWE","12","3",2023-12-20,124,3
"Zimbabwe","ZWE","12","4",2023-12-21,125,3
"Zimbabwe","ZWE","12","5",2023-12-22,124,3
"Zimbabwe","ZWE","12","6",2023-12-23,124,2
"Zimbabwe","ZWE","12","0",2023-12-24,124,2
"Zimbabwe","ZWE","12","1",2023-12-25,212,5
"Zimbabwe","ZWE","12","2",2023-12-26,212,5
"Zimbabwe","ZWE","12","3",2023-12-27,213,5
"Zimbabwe","ZWE","12","4",2023-12-28,213,6
"Zimbabwe","ZWE","12","5",2023-12-29,213,6
"Zimbabwe","ZWE","12","6",2023-12-30,212,5
"Zimbabwe","ZWE","12","0",2023-12-31,212,5
"Zimbabwe","ZWE","01","1",2024-01-01,214,5
"Zimbabwe","ZWE","01","2",2024-01-02,214,5
"Zimbabwe","ZWE","01","3",2024-01-03,214,5
"Zimbabwe","ZWE","01","4",2024-01-04,214,6
"Zimbabwe","ZWE","01","5",2024-01-05,214,5
"Zimbabwe","ZWE","01","6",2024-01-06,214,5
"Zimbabwe","ZWE","01","0",2024-01-07,214,5
"Zimbabwe","ZWE","01","1",2024-01-08,297,5
"Zimbabwe","ZWE","01","2",2024-01-09,298,5
"Zimbabwe","ZWE","01","3",2024-01-10,298,6
"Zimbabwe","ZWE","01","4",2024-01-11,298,6
"Zimbabwe","ZWE","01","5",2024-01-12,298,6
"Zimbabwe","ZWE","01","6",2024-01-13,298,5
"Zimbabwe","ZWE","01","0",2024-01-14,298,5
"Zimbabwe","ZWE","01","1",2024-01-15,221,5
"Zimbabwe","ZWE","01","2",2024-01-16,221,5
"Zimbabwe","ZWE","01","3",2024-01-17,221,5
"Zimbabwe","ZWE","01","4",2024-01-18,222,6
"Zimbabwe","ZWE","01","5",2024-01-19,222,5
"Zimbabwe","ZWE","01","6",2024-01-20,221,5
"Zimbabwe","ZWE","01","0",2024-01-21,221,5
"Zimbabwe","ZWE","01","1",2024-01-22,225,6
"Zimbabwe","ZWE","01","2",2024-01-23,226,6
"Zimbabwe","ZWE","01","3",2024-01-24,226,7
"Zimbabwe","ZWE","01","4",2024-01-25,226,7
"Zimbabwe","ZWE","01","5",2024-01-26,226,7
"Zimbabwe","ZWE","01","6",2024-01-27,226,7
"Zimbabwe","ZWE","01","0",2024-01-28,226,6
"Zimbabwe","ZWE","01","1",2024-01-29,200,3
"Zimbabwe","ZWE","01","2",2024-01-30,200,3
"Zimbabwe","ZWE","01","3",2024-01-31,200,3
"Zimbabwe","ZWE","02","4",2024-02-01,201,4
"Zimbabwe","ZWE","02","5",2024-02-02,201,4
"Zimbabwe","ZWE","02","6",2024-02-03,200,3
"Zimbabwe","ZWE","02","0",2024-02-04,200,3
"Zimbabwe","ZWE","02","1",2024-02-05,181,3
"Zimbabwe","ZWE","02","2",2024-02-06,182,4
"Zimbabwe","ZWE","02","3",2024-02-07,182,4
"Zimbabwe","ZWE","02","4",2024-02-08,182,4
"Zimbabwe","ZWE","02","5",2024-02-09,182,4
"Zimbabwe","ZWE","02","6",2024-02-10,182,4
"Zimbabwe","ZWE","02","0",2024-02-11,182,3
"Zimbabwe","ZWE","02","1",2024-02-12,168,1
"Zimbabwe","ZWE","02","2",2024-02-13,169,1
"Zimbabwe","ZWE","02","3",2024-02-14,169,2
"Zimbabwe","ZWE","02","4",2024-02-15,169,2
"Zimbabwe","ZWE","02","5",2024-02-16,169,2
"Zimbabwe","ZWE","02","6",2024-02-17,169,2
"Zimbabwe","ZWE","02","0",2024-02-18,168,1
"Zimbabwe","ZWE","02","1",2024-02-19,132,2
"Zimbabwe","ZWE","02","2",2024-02-20,133,2
"Zimbabwe","ZWE","02","3",2024-02-21,133,2
"Zimbabwe","ZWE","02","4",2024-02-22,133,3
"Zimbabwe","ZWE","02","5",2024-02-23,133,2
"Zimbabwe","ZWE","02","6",2024-02-24,133,2
"Zimbabwe","ZWE","02","0",2024-02-25,132,2
"Zimbabwe","ZWE","02","1",2024-02-26,148,3
"Zimbabwe","ZWE","02","2",2024-02-27,148,3
"Zimbabwe","ZWE","02","3",2024-02-28,149,3
"Zimbabwe","ZWE","02","4",2024-02-29,149,3
"Zimbabwe","ZWE","03","5",2024-03-01,149,3
"Zimbabwe","ZWE","03","6",2024-03-02,149,3
"Zimbabwe","ZWE","03","0",2024-03-03,148,3
"Zimbabwe","ZWE","03","1",2024-03-04,130,1
"Zimbabwe","ZWE","03","2",2024-03-05,130,2
"Zimbabwe","ZWE","03","3",2024-03-06,130,2
"Zimbabwe","ZWE","03","4",2024-03-07,131,2
"Zimbabwe","ZWE","03","5",2024-03-08,131,2
"Zimbabwe","ZWE","03","6",2024-03-09,130,2
"Zimbabwe","ZWE","03","0",2024-03-10,130,2
"Zimbabwe","ZWE","03","1",2024-03-11,143,2
"Zimbabwe","ZWE","03","2",2024-03-12,144,2
"Zimbabwe","ZWE","03","3",2024-03-13,144,3
"Zimbabwe","ZWE","03","4",2024-03-14,144,3
"Zimbabwe","ZWE","03","5",2024-03-15,144,3
"Zimbabwe","ZWE","03","6",2024-03-16,144,3
"Zimbabwe","ZWE","03","0",2024-03-17,144,2
"Zimbabwe","ZWE","03","1",2024-03-18,134,4
"Zimbabwe","ZWE","03","2",2024-03-19,134,4
"Zimbabwe","ZWE","03","3",2024-03-20,134,4
"Zimbabwe","ZWE","03","4",2024-03-21,135,5
"Zimbabwe","ZWE","03","5",2024-03-22,135,5
"Zimbabwe","ZWE","03","6",2024-03-23,134,4
"Zimbabwe","ZWE","03","0",2024-03-24,134,4
"Zimbabwe","ZWE","03","1",2024-03-25,104,1
"Zimbabwe","ZWE","03","2",2024-03-26,104,1
"Zimbabwe","ZWE","03","3",2024-03-27,104,2
"Zimbabwe","ZWE","03","4",2024-03-28,105,2
"Zimbabwe","ZWE","03","5",2024-03-29,104,2
"Zimbabwe","ZWE","03","6",2024-03-30,104,1
"Zimbabwe","ZWE","03","0",2024-03-31,104,1
"Zimbabwe","ZWE","04","1",2024-04-01,91,4
"Zimbabwe","ZWE","04","2",2024-04-02,91,5
"Zimbabwe","ZWE","04","3",2024-04-03,91,5
"Zimbabwe","ZWE","04","4",2024-04-04,92,5
"Zimbabwe","ZWE","04","5",2024-04-05,91,5
"Zimbabwe","ZWE","04","6",2024-04-06,91,5
"Zimbabwe","ZWE","04","0",2024-04-07,91,5
"Zimbabwe","ZWE","04","1",2024-04-08,90,1
"Zimbabwe","ZWE","04","2",2024-04-09,90,1
"Zimbabwe","ZWE","04","3",2024-04-10,90,1
"Zimbabwe","ZWE","04","4",2024-04-11,91,1
"Zimbabwe","ZWE","04","5",2024-04-12,90,1
"Zimbabwe","ZWE","04","6",2024-04-13,90,1
"Zimbabwe","ZWE","04","0",2024-04-14,90,1
"Zimbabwe","ZWE","04","1",2024-04-15,95,2
"Zimbabwe","ZWE","04","2",2024-04-16,95,2
"Zimbabwe","ZWE","04","3",2024-04-17,95,3
"Zimbabwe","ZWE","04","4",2024-04-18,96,3
"Zimbabwe","ZWE","04","5",2024-04-19,96,3
"Zimbabwe","ZWE","04","6",2024-04-20,95,2
"Zimbabwe","ZWE","04","0",2024-04-21,95,2
"Zimbabwe","ZWE","04","1",2024-04-22,77,0
"Zimbabwe","ZWE","04","2",2024-04-23,78,0
"Zimbabwe","ZWE","04","3",2024-04-24,78,0
"Zimbabwe","ZWE","04","4",2024-04-25,78,1
"Zimbabwe","ZWE","04","5",2024-04-26,78,1
"Zimbabwe","ZWE","04","6",2024-04-27,78,0
"Zimbabwe","ZWE","04","0",2024-04-28,77,0
"Zimbabwe","ZWE","04","1",2024-04-29,63,0
"Zimbabwe","ZWE","04","2",2024-04-30,63,1
"Zimbabwe","ZWE","05","3",2024-05-01,64,1
"Zimbabwe","ZWE","05","4",2024-05-02,64,1
"Zimbabwe","ZWE","05","5",2024-05-03,64,1
"Zimbabwe","ZWE","05","6",2024-05-04,63,1
"Zimbabwe","ZWE","05","0",2024-05-05,63,1
"Zimbabwe","ZWE","05","1",2024-05-06,49,0
"Zimbabwe","ZWE","05","2",2024-05-07,49,0
"Zimbabwe","ZWE","05","3",2024-05-08,50,0
"Zimbabwe","ZWE","05","4",2024-05-09,50,1
"Zimbabwe","ZWE","05","5",2024-05-10,50,0
"Zimbabwe","ZWE","05","6",2024-05-11,50,0
"Zimbabwe","ZWE","05","0",2024-05-12,49,0
"Zimbabwe","ZWE","05","1",2024-05-13,29,0
"Zimbabwe","ZWE","05","2",2024-05-14,30,1
"Zimbabwe","ZWE","05","3",2024-05-15,30,1
"Zimbabwe","ZWE","05","4",2024-05-16,30,1
"Zimbabwe","ZWE","05","5",2024-05-17,30,1
"Zimbabwe","ZWE","05","6",2024-05-18,30,1
"Zimbabwe","ZWE","05","0",2024-05-19,30,0
"Zimbabwe","ZWE","05","1",2024-05-20,21,0
"Zimbabwe","ZWE","05","2",2024-05-21,22,0
"Zimbabwe","ZWE","05","3",2024-05-22,22,0
"Zimbabwe","ZWE","05","4",2024-05-23,22,0
"Zimbabwe","ZWE","05","5",2024-05-24,22,0
"Zimbabwe","ZWE","05","6",2024-05-25,22,0
"Zimbabwe","ZWE","05","0",2024-05-26,22,0
"Zimbabwe","ZWE","05","1",2024-05-27,18,0
"Zimbabwe","ZWE","05","2",2024-05-28,18,0
"Zimbabwe","ZWE","05","3",2024-05-29,18,0
"Zimbabwe","ZWE","05","4",2024-05-30,19,1
"Zimbabwe","ZWE","05","5",2024-05-31,19,0
"Zimbabwe","ZWE","06","6",2024-06-01,18,0
"Zimbabwe","ZWE","06","0",2024-06-02,18,0
"Zimbabwe","ZWE","06","1",2024-06-03,16,0
"Zimbabwe","ZWE","06","2",2024-06-04,16,0
"Zimbabwe","ZWE","06","3",2024-06-05,16,0
"Zimbabwe","ZWE","06","4",2024-06-06,17,0
"Zimbabwe","ZWE","06","5",2024-06-07,17,0
"Zimbabwe","ZWE","06","6",2024-06-08,16,0
"Zimbabwe","ZWE","06","0",2024-06-09,16,0
"Zimbabwe","ZWE","06","1",2024-06-10,2,0
"Zimbabwe","ZWE","06","2",2024-06-11,3,0
"Zimbabwe","ZWE","06","3",2024-06-12,3,0
"Zimbabwe","ZWE","06","4",2024-06-13,3,1
"Zimbabwe","ZWE","06","5",2024-06-14,3,0
"Zimbabwe","ZWE","06","6",2024-06-15,3,0
"Zimbabwe","ZWE","06","0",2024-06-16,2,0
"Zimbabwe","ZWE","06","1",2024-06-17,1,0
"Zimbabwe","ZWE","06","2",2024-06-18,1,0
"Zimbabwe","ZWE","06","3",2024-06-19,1,0
"Zimbabwe","ZWE","06","4",2024-06-20,2,1
"Zimbabwe","ZWE","06","5",2024-06-21,2,0
"Zimbabwe","ZWE","06","6",2024-06-22,1,0
"Zimbabwe","ZWE","06","0",2024-06-23,1,0
"Zimbabwe","ZWE","06","1",2024-06-24,0,0
"Zimbabwe","ZWE","06","2",2024-06-25,0,0
"Zimbabwe","ZWE","06","3",2024-06-26,1,0
"Zimbabwe","ZWE","06","4",2024-06-27,1,1
"Zimbabwe","ZWE","06","5",2024-06-28,1,0
"Zimbabwe","ZWE","06","6",2024-06-29,1,0
"Zimbabwe","ZWE","06","0",2024-06-30,0,0
"Zimbabwe","ZWE","07","1",2024-07-01,0,0
"Zimbabwe","ZWE","07","2",2024-07-02,0,0
"Zimbabwe","ZWE","07","3",2024-07-03,0,0
"Zimbabwe","ZWE","07","4",2024-07-04,0,0
"Zimbabwe","ZWE","07","5",2024-07-05,0,0
"Zimbabwe","ZWE","07","6",2024-07-06,0,0
"Zimbabwe","ZWE","07","0",2024-07-07,0,0
"Zimbabwe","ZWE","07","1",2024-07-08,0,0
"Zimbabwe","ZWE","07","2",2024-07-09,0,0
"Zimbabwe","ZWE","07","3",2024-07-10,0,0
"Zimbabwe","ZWE","07","4",2024-07-11,0,0
"Zimbabwe","ZWE","07","5",2024-07-12,0,0
"Zimbabwe","ZWE","07","6",2024-07-13,0,0
"Zimbabwe","ZWE","07","0",2024-07-14,0,0
"Zimbabwe","ZWE","07","1",2024-07-15,0,0
"Zimbabwe","ZWE","07","2",2024-07-16,0,0
"Zimbabwe","ZWE","07","3",2024-07-17,0,0
"Zimbabwe","ZWE","07","4",2024-07-18,0,0
"Zimbabwe","ZWE","07","5",2024-07-19,0,0
"Zimbabwe","ZWE","07","6",2024-07-20,0,0
"Zimbabwe","ZWE","07","0",2024-07-21,0,0
"Zimbabwe","ZWE","07","1",2024-07-22,0,0
"Zimbabwe","ZWE","07","2",2024-07-23,0,0
"Zimbabwe","ZWE","07","3",2024-07-24,0,0
"Zimbabwe","ZWE","07","4",2024-07-25,0,0
"Zimbabwe","ZWE","07","5",2024-07-26,0,0
"Zimbabwe","ZWE","07","6",2024-07-27,0,0
"Zimbabwe","ZWE","07","0",2024-07-28,0,0
"Zimbabwe","ZWE","07","1",2024-07-29,0,0
"Zimbabwe","ZWE","07","2",2024-07-30,0,0
"Zimbabwe","ZWE","07","3",2024-07-31,0,0
"Zimbabwe","ZWE","08","4",2024-08-01,0,0
"Zimbabwe","ZWE","08","5",2024-08-02,0,0
"Zimbabwe","ZWE","08","6",2024-08-03,0,0
"Zimbabwe","ZWE","08","0",2024-08-04,0,0
"Zimbabwe","ZWE","08","1",2024-08-05,0,0
"Zimbabwe","ZWE","08","2",2024-08-06,0,0
"Zimbabwe","ZWE","08","3",2024-08-07,0,0
"Zimbabwe","ZWE","08","4",2024-08-08,0,0
"Zimbabwe","ZWE","08","5",2024-08-09,0,0
"Zimbabwe","ZWE","08","6",2024-08-10,0,0
"Zimbabwe","ZWE","08","0",2024-08-11,0,0
"Zimbabwe","ZWE","08","1",2024-08-12,0,0
"Zimbabwe","ZWE","08","2",2024-08-13,0,0
"Zimbabwe","ZWE","08","3",2024-08-14,0,0
"Zimbabwe","ZWE","08","4",2024-08-15,0,0
"Zimbabwe","ZWE","08","5",2024-08-16,0,0
"Zimbabwe","ZWE","08","6",2024-08-17,0,0
"Zimbabwe","ZWE","08","0",2024-08-18,0,0
"Zimbabwe","ZWE","08","1",2024-08-19,0,0
"Zimbabwe","ZWE","08","2",2024-08-20,0,0
"Zimbabwe","ZWE","08","3",2024-08-21,0,0
"Zimbabwe","ZWE","08","4",2024-08-22,0,0
"Zimbabwe","ZWE","08","5",2024-08-23,0,0
"Zimbabwe","ZWE","08","6",2024-08-24,0,0
"Zimbabwe","ZWE","08","0",2024-08-25,0,0
"Zimbabwe","ZWE","08","1",2024-08-26,0,0
"Zimbabwe","ZWE","08","2",2024-08-27,0,0
"Zimbabwe","ZWE","08","3",2024-08-28,0,0
"Zimbabwe","ZWE","08","4",2024-08-29,0,0
"Zimbabwe","ZWE","08","5",2024-08-30,0,0
"Zimbabwe","ZWE","08","6",2024-08-31,0,0
"Zimbabwe","ZWE","09","0",2024-09-01,0,0
"Zimbabwe","ZWE","09","1",2024-09-02,0,0
"Zimbabwe","ZWE","09","2",2024-09-03,0,0
"Zimbabwe","ZWE","09","3",2024-09-04,0,0
"Zimbabwe","ZWE","09","4",2024-09-05,0,0
"Zimbabwe","ZWE","09","5",2024-09-06,0,0
"Zimbabwe","ZWE","09","6",2024-09-07,0,0
"Zimbabwe","ZWE","09","0",2024-09-08,0,0
"Zimbabwe","ZWE","09","1",2024-09-09,0,0
"Zimbabwe","ZWE","09","2",2024-09-10,0,0
"Zimbabwe","ZWE","09","3",2024-09-11,0,0
"Zimbabwe","ZWE","09","4",2024-09-12,0,0
"Zimbabwe","ZWE","09","5",2024-09-13,0,0
"Zimbabwe","ZWE","09","6",2024-09-14,0,0
"Zimbabwe","ZWE","09","0",2024-09-15,0,0
"Zimbabwe","ZWE","09","1",2024-09-16,0,0
"Zimbabwe","ZWE","09","2",2024-09-17,0,0
"Zimbabwe","ZWE","09","3",2024-09-18,0,0
"Zimbabwe","ZWE","09","4",2024-09-19,0,0
"Zimbabwe","ZWE","09","5",2024-09-20,0,0
"Zimbabwe","ZWE","09","6",2024-09-21,0,0
"Zimbabwe","ZWE","09","0",2024-09-22,0,0
"Zimbabwe","ZWE","09","1",2024-09-23,0,0
"Zimbabwe","ZWE","09","2",2024-09-24,0,0
"Zimbabwe","ZWE","09","3",2024-09-25,0,0
"Zimbabwe","ZWE","09","4",2024-09-26,0,0
"Zimbabwe","ZWE","09","5",2024-09-27,0,0
"Zimbabwe","ZWE","09","6",2024-09-28,0,0
"Zimbabwe","ZWE","09","0",2024-09-29,0,0
"Zimbabwe","ZWE","09","1",2024-09-30,0,0
"Zimbabwe","ZWE","10","2",2024-10-01,0,0
"Zimbabwe","ZWE","10","3",2024-10-02,0,0
"Zimbabwe","ZWE","10","4",2024-10-03,0,0
"Zimbabwe","ZWE","10","5",2024-10-04,0,0
"Zimbabwe","ZWE","10","6",2024-10-05,0,0
"Zimbabwe","ZWE","10","0",2024-10-06,0,0
"Zimbabwe","ZWE","10","1",2024-10-07,0,0
"Zimbabwe","ZWE","10","2",2024-10-08,0,0
"Zimbabwe","ZWE","10","3",2024-10-09,0,0
"Zimbabwe","ZWE","10","4",2024-10-10,0,0
"Zimbabwe","ZWE","10","5",2024-10-11,0,0
"Zimbabwe","ZWE","10","6",2024-10-12,0,0
"Zimbabwe","ZWE","10","0",2024-10-13,0,0
"Zimbabwe","ZWE","10","1",2024-10-14,0,0
"Zimbabwe","ZWE","10","2",2024-10-15,0,0
"Zimbabwe","ZWE","10","3",2024-10-16,0,0
"Zimbabwe","ZWE","10","4",2024-10-17,0,0
"Zimbabwe","ZWE","10","5",2024-10-18,0,0
"Zimbabwe","ZWE","10","6",2024-10-19,0,0
"Zimbabwe","ZWE","10","0",2024-10-20,0,0
"Zimbabwe","ZWE","10","1",2024-10-21,0,0
"Zimbabwe","ZWE","10","2",2024-10-22,0,0
"Zimbabwe","ZWE","10","3",2024-10-23,0,0
"Zimbabwe","ZWE","10","4",2024-10-24,0,0
"Zimbabwe","ZWE","10","5",2024-10-25,0,0
"Zimbabwe","ZWE","10","6",2024-10-26,0,0
"Zimbabwe","ZWE","10","0",2024-10-27,0,0
"Zimbabwe","ZWE","10","1",2024-10-28,0,0
"Zimbabwe","ZWE","10","2",2024-10-29,0,0
"Zimbabwe","ZWE","10","3",2024-10-30,1,0
"Zimbabwe","ZWE","10","4",2024-10-31,1,1
"Zimbabwe","ZWE","11","5",2024-11-01,1,0
"Zimbabwe","ZWE","11","6",2024-11-02,1,0
"Zimbabwe","ZWE","11","0",2024-11-03,0,0
"Zimbabwe","ZWE","11","1",2024-11-04,3,0
"Zimbabwe","ZWE","11","2",2024-11-05,4,0
"Zimbabwe","ZWE","11","3",2024-11-06,4,0
"Zimbabwe","ZWE","11","4",2024-11-07,4,0
"Zimbabwe","ZWE","11","5",2024-11-08,4,0
"Zimbabwe","ZWE","11","6",2024-11-09,4,0
"Zimbabwe","ZWE","11","0",2024-11-10,3,0
"Zimbabwe","ZWE","11","1",2024-11-11,7,0
"Zimbabwe","ZWE","11","2",2024-11-12,7,0
"Zimbabwe","ZWE","11","3",2024-11-13,8,0
"Zimbabwe","ZWE","11","4",2024-11-14,8,0
"Zimbabwe","ZWE","11","5",2024-11-15,8,0
"Zimbabwe","ZWE","11","6",2024-11-16,8,0
"Zimbabwe","ZWE","11","0",2024-11-17,7,0
"Zimbabwe","ZWE","11","1",2024-11-18,2,0
"Zimbabwe","ZWE","11","2",2024-11-19,2,0
"Zimbabwe","ZWE","11","3",2024-11-20,3,0
"Zimbabwe","ZWE","11","4",2024-11-21,3,0
"Zimbabwe","ZWE","11","5",2024-11-22,3,0
"Zimbabwe","ZWE","11","6",2024-11-23,2,0
"Zimbabwe","ZWE","11","0",2024-11-24,2,0
"Zimbabwe","ZWE","11","1",2024-11-25,1,0
"Zimbabwe","ZWE","11","2",2024-11-26,1,0
"Zimbabwe","ZWE","11","3",2024-11-27,2,0
"Zimbabwe","ZWE","11","4",2024-11-28,2,0
"Zimbabwe","ZWE","11","5",2024-11-29,2,0
"Zimbabwe","ZWE","11","6",2024-11-30,1,0
"Zimbabwe","ZWE","12","0",2024-12-01,1,0
"Zimbabwe","ZWE","12","1",2024-12-02,1,0
"Zimbabwe","ZWE","12","2",2024-12-03,1,0
"Zimbabwe","ZWE","12","3",2024-12-04,1,0
"Zimbabwe","ZWE","12","4",2024-12-05,2,0
"Zimbabwe","ZWE","12","5",2024-12-06,1,0
"Zimbabwe","ZWE","12","6",2024-12-07,1,0
"Zimbabwe","ZWE","12","0",2024-12-08,1,0
"Zimbabwe","ZWE","12","1",2024-12-09,3,0
"Zimbabwe","ZWE","12","2",2024-12-10,3,0
"Zimbabwe","ZWE","12","3",2024-12-11,4,0
"Zimbabwe","ZWE","12","4",2024-12-12,4,0
"Zimbabwe","ZWE","12","5",2024-12-13,4,0
"Zimbabwe","ZWE","12","6",2024-12-14,4,0
"Zimbabwe","ZWE","12","0",2024-12-15,3,0
"Zimbabwe","ZWE","12","1",2024-12-16,3,0
"Zimbabwe","ZWE","12","2",2024-12-17,3,0
"Zimbabwe","ZWE","12","3",2024-12-18,3,0
"Zimbabwe","ZWE","12","4",2024-12-19,4,0
"Zimbabwe","ZWE","12","5",2024-12-20,3,0
"Zimbabwe","ZWE","12","6",2024-12-21,3,0
"Zimbabwe","ZWE","12","0",2024-12-22,3,0
"Zimbabwe","ZWE","12","1",2024-12-23,6,0
"Zimbabwe","ZWE","12","2",2024-12-24,6,0
"Zimbabwe","ZWE","12","3",2024-12-25,6,0
"Zimbabwe","ZWE","12","4",2024-12-26,7,1
"Zimbabwe","ZWE","12","5",2024-12-27,7,0
"Zimbabwe","ZWE","12","6",2024-12-28,6,0
"Zimbabwe","ZWE","12","0",2024-12-29,6,0
"Zimbabwe","ZWE","12","1",2024-12-30,6,0
"Zimbabwe","ZWE","12","2",2024-12-31,7,0
"Zimbabwe","ZWE","01","3",2025-01-01,7,0
"Zimbabwe","ZWE","01","4",2025-01-02,7,0
"Zimbabwe","ZWE","01","5",2025-01-03,7,0
"Zimbabwe","ZWE","01","6",2025-01-04,7,0
"Zimbabwe","ZWE","01","0",2025-01-05,6,0
"Zimbabwe","ZWE","01","1",2025-01-06,2,0
"Zimbabwe","ZWE","01","2",2025-01-07,3,0
"Zimbabwe","ZWE","01","3",2025-01-08,3,0
"Zimbabwe","ZWE","01","4",2025-01-09,3,0
"Zimbabwe","ZWE","01","5",2025-01-10,3,0
"Zimbabwe","ZWE","01","6",2025-01-11,3,0
"Zimbabwe","ZWE","01","0",2025-01-12,3,0
